보안등위치명,설치개수,소재지도로명주소,소재지지번주소,위도,경도,설치연도,설치형태,관리기관전화번호,관리기관명,데이터기준일자
구완동001,1,,대전광역시 중구 구완동239,36.27720642,127.4183426,,한전주,042-606-6843,대전광역시 중구청,2022-09-16
구완동002,1,,대전광역시 중구 구완동180-3,36.27754211,127.4216309,,한전주,042-606-6843,대전광역시 중구청,2022-09-16
구완동003,1,대전광역시 중구 운남로252-190,대전광역시 중구 구완동15-3,36.27166748,127.4285736,,한전주,042-606-6843,대전광역시 중구청,2022-09-16
구완동004,1,,대전광역시 중구 구완동209,36.27930832,127.4245605,,한전주,042-606-6843,대전광역시 중구청,2022-09-16
구완동005,1,,대전광역시 중구 구완동209,36.27946472,127.4249496,,한전주,042-606-6843,대전광역시 중구청,2022-09-16
구완동006,1,,대전광역시 중구 구완동226,36.28126907,127.4280701,,한전주,042-606-6843,대전광역시 중구청,2022-09-16
구완동007,1,대전광역시 중구 운남로356,대전광역시 중구 구완동71,36.28324127,127.4281158,,한전주,042-606-6843,대전광역시 중구청,2022-09-16
구완동008,1,대전광역시 중구 운남로363,대전광역시 중구 구완동산 22,36.28353882,127.4274521,,한전주,042-606-6843,대전광역시 중구청,2022-09-16
구완동009,1,대전광역시 중구 운남로359-8,대전광역시 중구 구완동78-3,36.28311157,127.427597,,한전주,042-606-6843,대전광역시 중구청,2022-09-16
구완동010,1,대전광역시 중구 운남로359-21,대전광역시 중구 구완동78-4,36.28293228,127.4268188,,전용주,042-606-6843,대전광역시 중구청,2022-09-16
구완동011,1,,대전광역시 중구 구완동71,36.28292847,127.428215,,한전주,042-606-6843,대전광역시 중구청,2022-09-16
구완동012,1,대전광역시 중구 운남로293번길73,대전광역시 중구 구완동133-3,36.28203201,127.4230728,,한전주,042-606-6843,대전광역시 중구청,2022-09-16
구완동013,1,대전광역시 중구 운남로293번길70-7,대전광역시 중구 구완동130,36.28233719,127.4233093,,한전주,042-606-6843,대전광역시 중구청,2022-09-16
구완동014,1,대전광역시 중구 운남로293번길70-5,대전광역시 중구 구완동128,36.28261566,127.4229889,,한전주,042-606-6843,대전광역시 중구청,2022-09-16
구완동015,1,대전광역시 중구 운남로293번길70-32,대전광역시 중구 구완동100,36.28329086,127.4225693,,한전주,042-606-6843,대전광역시 중구청,2022-09-16
구완동016,1,대전광역시 중구 운남로293번길73,대전광역시 중구 구완동133-7,36.28203964,127.4228516,,한전주,042-606-6843,대전광역시 중구청,2022-09-16
구완동017,1,대전광역시 중구 운남로293번길84,대전광역시 중구 구완동217,36.28231812,127.4224319,,한전주,042-606-6843,대전광역시 중구청,2022-09-16
구완동018,1,대전광역시 중구 운남로293번길94,대전광역시 중구 구완동119-2,36.28236389,127.4217758,,한전주,042-606-6843,대전광역시 중구청,2022-09-16
구완동019,1,대전광역시 중구 운남로293번길81-8,대전광역시 중구 구완동124-1,36.2820282,127.4223022,,전용주,042-606-6843,대전광역시 중구청,2022-09-16
구완동020,1,대전광역시 중구 운남로293번길81-18,대전광역시 중구 구완동121,36.28186798,127.4216385,,한전주,042-606-6843,대전광역시 중구청,2022-09-16
구완동021,1,대전광역시 중구 운남로293번길81-15,대전광역시 중구 구완동139,36.28154755,127.4219666,,한전주,042-606-6843,대전광역시 중구청,2022-09-16
구완동022,1,,대전광역시 중구 구완동산 26-1,36.27269098,127.428402,,한전주,042-606-6843,대전광역시 중구청,2022-09-16
구완동023,1,,대전광역시 중구 구완동39-1,36.28053129,127.423976,,한전주,042-606-6843,대전광역시 중구청,2022-09-16
구완동024,1,,대전광역시 중구 구완동49-4,36.27997626,127.4261017,,한전주,042-606-6843,대전광역시 중구청,2022-09-16
구완동025,1,,대전광역시 중구 구완동36-1,36.27999014,127.4240983,,한전주,042-606-6843,대전광역시 중구청,2022-09-16
구완동026,1,,대전광역시 중구 구완동106,36.28392915,127.4232264,,한전주,042-606-6843,대전광역시 중구청,2022-09-16
금동001,1,,대전광역시 중구 금동568,36.2463913,127.4162521,,한전주,042-606-6843,대전광역시 중구청,2022-09-16
금동002,1,대전광역시 중구 산서로870,대전광역시 중구 금동산 2-2,36.2453537,127.4193344,,한전주,042-606-6843,대전광역시 중구청,2022-09-16
금동003,1,,대전광역시 중구 금동548,36.24465179,127.4219818,,한전주,042-606-6843,대전광역시 중구청,2022-09-16
금동004,1,,대전광역시 중구 금동531-2,36.24383926,127.4218216,,한전주,042-606-6843,대전광역시 중구청,2022-09-16
금동005,1,대전광역시 중구 당골길 46,대전광역시 중구 금동510-3,36.24301529,127.4218369,,한전주,042-606-6843,대전광역시 중구청,2022-09-16
금동006,1,,대전광역시 중구 금동519,36.24224091,127.4219284,,한전주,042-606-6843,대전광역시 중구청,2022-09-16
금동007,1,대전광역시 중구 당골길74,대전광역시 중구 금동490,36.24164581,127.4219513,,한전주,042-606-6843,대전광역시 중구청,2022-09-16
금동008,1,,대전광역시 중구 금동487,36.24101257,127.421936,,한전주,042-606-6843,대전광역시 중구청,2022-09-16
금동009,1,,대전광역시 중구 금동40,36.23959732,127.4203568,,한전주,042-606-6843,대전광역시 중구청,2022-09-16
금동010,1,,대전광역시 중구 금동40,36.2393837,127.419899,,한전주,042-606-6843,대전광역시 중구청,2022-09-16
금동011,1,,대전광역시 중구 금동40,36.23907852,127.4196167,,한전주,042-606-6843,대전광역시 중구청,2022-09-16
금동012,1,,대전광역시 중구 금동40,36.2387352,127.4193115,,한전주,042-606-6843,대전광역시 중구청,2022-09-16
금동013,1,대전광역시 중구 당골길189,대전광역시 중구 금동447,36.23768997,127.4182816,,한전주,042-606-6843,대전광역시 중구청,2022-09-16
금동014,1,,대전광역시 중구 금동445-9,36.2371521,127.4179916,,한전주,042-606-6843,대전광역시 중구청,2022-09-16
금동015,1,,대전광역시 중구 금동445-9,36.23697281,127.4181366,,한전주,042-606-6843,대전광역시 중구청,2022-09-16
금동016,1,대전광역시 중구 당골길207-17,대전광역시 중구 금동440-6,36.23670578,127.4189529,,한전주,042-606-6843,대전광역시 중구청,2022-09-16
금동017,1,,대전광역시 중구 금동117-1,36.24502945,127.424408,,전용주,042-606-6843,대전광역시 중구청,2022-09-16
금동018,1,대전광역시 중구 금동길45,대전광역시 중구 금동190-1,36.24422073,127.4260483,,한전주,042-606-6843,대전광역시 중구청,2022-09-16
금동019,1,대전광역시 중구 금동길79,대전광역시 중구 금동205,36.24331665,127.4277954,,한전주,042-606-6843,대전광역시 중구청,2022-09-16
금동020,1,대전광역시 중구 금동길62-9,대전광역시 중구 금동307-1,36.24323273,127.4269485,,한전주,042-606-6843,대전광역시 중구청,2022-09-16
금동021,1,대전광역시 중구 금동길59,대전광역시 중구 금동194-2,36.24374771,127.4269562,,전용주,042-606-6843,대전광역시 중구청,2022-09-16
금동022,1,대전광역시 중구 금동길54-4,대전광역시 중구 금동194,36.24385834,127.4267044,,한전주,042-606-6843,대전광역시 중구청,2022-09-16
금동023,1,대전광역시 중구 금동길51-4,대전광역시 중구 금동51-4,36.24419785,127.4265671,,한전주,042-606-6843,대전광역시 중구청,2022-09-16
금동024,1,대전광역시 중구 금동길51-18,대전광역시 중구 금동177-2,36.24496078,127.4263611,,한전주,042-606-6843,대전광역시 중구청,2022-09-16
금동025,1,대전광역시 중구 산서로852-10,대전광역시 중구 금동160,36.24530792,127.4279785,,한전주,042-606-6843,대전광역시 중구청,2022-09-16
금동026,1,대전광역시 중구 산서로952,대전광역시 중구 금동166,36.2457428,127.4281616,,한전주,042-606-6843,대전광역시 중구청,2022-09-16
금동027,1,대전광역시 중구 산서로958-9,대전광역시 중구 금동162-1,36.24564362,127.4289627,,한전주,042-606-6843,대전광역시 중구청,2022-09-16
금동028,1,대전광역시 중구 산서로964-5,대전광역시 중구 금동218,36.2461853,127.4294662,,한전주,042-606-6843,대전광역시 중구청,2022-09-16
금동029,1,대전광역시 중구 산서로984,대전광역시 중구 금동61,36.24746704,127.4312592,,한전주,042-606-6843,대전광역시 중구청,2022-09-16
금동030,1,대전광역시 중구 산서로959,대전광역시 중구 금동150,36.24603736,127.4286849,,한전주,042-606-6843,대전광역시 중구청,2022-09-16
금동031,1,대전광역시 중구 산서로955,대전광역시 중구 금동149,36.24587236,127.4282056,,한전주,042-606-6843,대전광역시 중구청,2022-09-16
금동032,1,대전광역시 중구 산서로953-1,대전광역시 중구 금동144,36.2461319,127.428009,,한전주,042-606-6843,대전광역시 중구청,2022-09-16
금동033,1,대전광역시 중구 산서로947,대전광역시 중구 금동142-1,36.24567795,127.4275818,,한전주,042-606-6843,대전광역시 중구청,2022-09-16
금동034,1,대전광역시 중구 산서로941,대전광역시 중구 금동140,36.24571228,127.4269943,,한전주,042-606-6843,대전광역시 중구청,2022-09-16
금동035,1,대전광역시 중구 산서로937,대전광역시 중구 금동138-1,36.24571609,127.4264374,,한전주,042-606-6843,대전광역시 중구청,2022-09-16
금동036,1,대전광역시 중구 산서로935-9,대전광역시 중구 금동132,36.24603271,127.4262009,,한전주,042-606-6843,대전광역시 중구청,2022-09-16
금동037,1,대전광역시 중구 산서로931,대전광역시 중구 금동126,36.24566269,127.4259491,,한전주,042-606-6843,대전광역시 중구청,2022-09-16
금동038,1,,대전광역시 중구 금동119-2,36.24557114,127.4253082,,한전주,042-606-6843,대전광역시 중구청,2022-09-16
금동039,1,,대전광역시 중구 금동542,36.24494171,127.4220505,,한전주,042-606-6843,대전광역시 중구청,2022-09-16
대사동001,1,대전광역시 중구 보문로162길97,대전광역시 중구 대사동58-28,36.31960678,127.4305344,,한전주,042-606-6843,대전광역시 중구청,2022-09-16
대사동002,1,대전광역시 중구 보문로162길94,대전광역시 중구 대사동64-10,36.31945419,127.4304276,,한전주,042-606-6843,대전광역시 중구청,2022-09-16
대사동003,1,대전광역시 중구 보문로162길89,대전광역시 중구 대사동61-25,36.31945038,127.4301224,,한전주,042-606-6843,대전광역시 중구청,2022-09-16
대사동004,1,대전광역시 중구 보문로162길82,대전광역시 중구 대사동62-9,36.31922913,127.4298325,,한전주,042-606-6843,대전광역시 중구청,2022-09-16
대사동005,1,대전광역시 중구 보문로162길72,대전광역시 중구 대사동911-4,36.31921387,127.4294739,,한전주,042-606-6843,대전광역시 중구청,2022-09-16
대사동006,1,대전광역시 중구 보문로162길66,대전광역시 중구 대사동62-11,36.31899261,127.4291611,,한전주,042-606-6843,대전광역시 중구청,2022-09-16
대사동007,1,대전광역시 중구 보문로162길61,대전광역시 중구 대사동911-12,36.31903076,127.4289703,,한전주,042-606-6843,대전광역시 중구청,2022-09-16
대사동008,1,대전광역시 중구 보문로162길60,대전광역시 중구 대사동70-6,36.31887817,127.4288864,,한전주,042-606-6843,대전광역시 중구청,2022-09-16
대사동009,1,대전광역시 중구 보문로162길50,대전광역시 중구 대사동71-8,36.31872177,127.4284592,,한전주,042-606-6843,대전광역시 중구청,2022-09-16
대사동010,1,대전광역시 중구 보문로162길47,대전광역시 중구 대사동378-25,36.31876755,127.4282761,,한전주,042-606-6843,대전광역시 중구청,2022-09-16
대사동011,1,대전광역시 중구 보문로162길48,대전광역시 중구 대사동71-6,36.31858444,127.4281006,,한전주,042-606-6843,대전광역시 중구청,2022-09-16
대사동012,1,대전광역시 중구 보문로162길43-1,대전광역시 중구 대사동378-30,36.31864548,127.4279709,,한전주,042-606-6843,대전광역시 중구청,2022-09-16
대사동013,1,대전광역시 중구 보문로162길38,대전광역시 중구 대사동77-40,36.31840897,127.4276505,,한전주,042-606-6843,대전광역시 중구청,2022-09-16
대사동014,1,대전광역시 중구 보문로162길34,대전광역시 중구 대흥동77-47,36.31846619,127.4273682,,한전주,042-606-6843,대전광역시 중구청,2022-09-16
대사동015,1,,대전광역시 중구 대사동106-48,36.31830597,127.4269333,,한전주,042-606-6843,대전광역시 중구청,2022-09-16
대사동016,1,,대전광역시 중구 대사동78-25,36.3180809,127.4266739,,한전주,042-606-6843,대전광역시 중구청,2022-09-16
대사동017,1,대전광역시 중구 보문로162길12,대전광역시 중구 대사동102-14,36.31783295,127.426384,,한전주,042-606-6843,대전광역시 중구청,2022-09-16
대사동018,1,대전광역시 중구 보문로162길9-5,대전광역시 중구 대사동104-10,36.31803894,127.4261551,,건축물,042-606-6843,대전광역시 중구청,2022-09-16
대사동019,1,대전광역시 중구 보문로168-11,대전광역시 중구 대사동644-77,36.31834793,127.4263382,,한전주,042-606-6843,대전광역시 중구청,2022-09-16
대사동020,1,대전광역시 중구 보문로168-3,대전광역시 중구 대사동109-4,36.3181287,127.4258388,,한전주,042-606-6843,대전광역시 중구청,2022-09-16
대사동021,1,대전광역시 중구 충무로93,대전광역시 중구 대사동78-5,36.31801987,127.4274368,,한전주,042-606-6843,대전광역시 중구청,2022-09-16
대사동022,1,대전광역시 중구 충무로99,대전광역시 중구 대사동77-52,36.31821823,127.4281158,,전용주,042-606-6843,대전광역시 중구청,2022-09-16
대사동023,1,대전광역시 중구 충무로101-1,대전광역시 중구 대사동77-34,36.31836319,127.428154,,한전주,042-606-6843,대전광역시 중구청,2022-09-16
대사동024,1,대전광역시 중구 보문로162길40,대전광역시 중구 대사동77-39,36.31834793,127.4278183,,한전주,042-606-6843,대전광역시 중구청,2022-09-16
대사동025,1,대전광역시 중구 충무로92번길8-3,대전광역시 중구 대사동75-22,36.31723022,127.4273834,,전용주,042-606-6843,대전광역시 중구청,2022-09-16
대사동026,1,대전광역시 중구 충무로92번길,대전광역시 중구 대사동75-22,36.31726456,127.4275742,,전용주,042-606-6843,대전광역시 중구청,2022-09-16
대사동027,1,,대전광역시 중구 대사동75-6,36.31700897,127.4277573,,한전주,042-606-6843,대전광역시 중구청,2022-09-16
대사동028,1,,대전광역시 중구 대사동75-7,36.31671524,127.4279404,,한전주,042-606-6843,대전광역시 중구청,2022-09-16
대사동029,1,대전광역시 중구 충무로86번길30,대전광역시 중구 대사동85-3,36.31617737,127.427475,,한전주,042-606-6843,대전광역시 중구청,2022-09-16
대사동030,1,대전광역시 중구 충무로86번길36,대전광역시 중구 대사동85-22,36.31596375,127.4276199,,한전주,042-606-6843,대전광역시 중구청,2022-09-16
대사동031,1,,대전광역시 중구 대사동95-16,36.31652069,127.4272232,,한전주,042-606-6843,대전광역시 중구청,2022-09-16
대사동032,1,,대전광역시 중구 대사동95-16,36.31671524,127.4270935,,한전주,042-606-6843,대전광역시 중구청,2022-09-16
대사동033,1,대전광역시 중구 충무로86번길9,대전광역시 중구 대사동95-16,36.31694794,127.4269409,,한전주,042-606-6843,대전광역시 중구청,2022-09-16
대사동034,1,대전광역시 중구 보문로144-1,대전광역시 중구 대사동85-7,36.31626129,127.4271393,,한전주,042-606-6843,대전광역시 중구청,2022-09-16
대사동035,1,대전광역시 중구 보문로142-6,대전광역시 중구 대사동85-13,36.31611633,127.4272079,,한전주,042-606-6843,대전광역시 중구청,2022-09-16
대사동036,1,대전광역시 중구 보문로113번길18-3,대전광역시 중구 대사동178-17,36.31294632,127.4280548,,전용주,042-606-6843,대전광역시 중구청,2022-09-16
대사동037,1,대전광역시 중구 보문로113번길37,대전광역시 중구 대사동182-9,36.31202316,127.4283676,,한전주,042-606-6843,대전광역시 중구청,2022-09-16
대사동038,1,대전광역시 중구 보문로113번길45,대전광역시 중구 대사동180-34,36.31196213,127.427948,,전용주,042-606-6843,대전광역시 중구청,2022-09-16
대사동039,1,대전광역시 중구 보문로113번길52,대전광역시 중구 대사동180-123,36.31211853,127.4276581,,한전주,042-606-6843,대전광역시 중구청,2022-09-16
대사동040,1,대전광역시 중구 보문로113번길26-3,대전광역시 중구 대사동180-114,36.31243515,127.4281387,,한전주,042-606-6843,대전광역시 중구청,2022-09-16
대사동041,1,대전광역시 중구 보문로113번길26-8,대전광역시 중구 대사동180-103,36.31258774,127.4278107,,한전주,042-606-6843,대전광역시 중구청,2022-09-16
대사동042,1,대전광역시 중구 보문로115번길24,대전광역시 중구 대사동180-90,36.31280899,127.427269,,한전주,042-606-6843,대전광역시 중구청,2022-09-16
대사동043,1,대전광역시 중구 보문로115번길17-6,대전광역시 중구 대사동178-22,36.31314468,127.4276123,,한전주,042-606-6843,대전광역시 중구청,2022-09-16
대사동044,1,대전광역시 중구 보문로115번길9,대전광역시 중구 대사동178-9,36.31328201,127.4279861,,한전주,042-606-6843,대전광역시 중구청,2022-09-16
대사동045,1,대전광역시 중구 보문로115번길5,대전광역시 중구 대사동179-23,36.31346512,127.4280319,,한전주,042-606-6843,대전광역시 중구청,2022-09-16
대사동046,1,대전광역시 중구 보문로115번길2-8,대전광역시 중구 대사동174-6,36.31370163,127.4277649,,한전주,042-606-6843,대전광역시 중구청,2022-09-16
대사동047,1,대전광역시 중구 보문로115번길2-14,대전광역시 중구 대사동174-5,36.31381989,127.4274826,,한전주,042-606-6843,대전광역시 중구청,2022-09-16
대사동048,1,대전광역시 중구 보문로125번길8-2,대전광역시 중구 대사동170-1,36.31460571,127.4275589,,전용주,042-606-6843,대전광역시 중구청,2022-09-16
대사동049,1,대전광역시 중구 보문로125번길5-4,대전광역시 중구 대사동170-7,36.31441498,127.4274979,,한전주,042-606-6843,대전광역시 중구청,2022-09-16
대사동050,1,대전광역시 중구 보문로125번길8-6,대전광역시 중구 대사동168-31,36.3147049,127.4272842,,전용주,042-606-6843,대전광역시 중구청,2022-09-16
대사동051,1,대전광역시 중구 보문로125번길8-1,대전광역시 중구 대사동170-8,36.31446457,127.4272614,,한전주,042-606-6843,대전광역시 중구청,2022-09-16
대사동052,1,대전광역시 중구 보문로125번길14,대전광역시 중구 대사동168-19,36.31438446,127.4270859,,한전주,042-606-6843,대전광역시 중구청,2022-09-16
대사동053,1,대전광역시 중구 보문로145번길46,대전광역시 중구 대사동168-28,36.31471252,127.426918,,한전주,042-606-6843,대전광역시 중구청,2022-09-16
대사동054,1,대전광역시 중구 보문로145번길44-1,대전광역시 중구 대사동91-23,36.31470871,127.4267578,,한전주,042-606-6843,대전광역시 중구청,2022-09-16
대사동055,1,대전광역시 중구 보문로125번길19-9,대전광역시 중구 대사동166-16,36.31388855,127.4270554,,건축물,042-606-6843,대전광역시 중구청,2022-09-16
대사동056,1,대전광역시 중구 보문로125번길21,대전광역시 중구 대사동172,36.31424713,127.4267578,,한전주,042-606-6843,대전광역시 중구청,2022-09-16
대사동057,1,대전광역시 중구 보문로125번길28,대전광역시 중구 대사동166-1,36.31456757,127.426445,,한전주,042-606-6843,대전광역시 중구청,2022-09-16
대사동058,1,대전광역시 중구 보문로125번길40,대전광역시 중구 대사동156-7,36.31429672,127.4259262,,한전주,042-606-6843,대전광역시 중구청,2022-09-16
대사동059,1,대전광역시 중구 보문로125번길39-13,대전광역시 중구 대사동166-22,36.31385422,127.4265442,,한전주,042-606-6843,대전광역시 중구청,2022-09-16
대사동060,1,대전광역시 중구 보문로125번길39-23,대전광역시 중구 대사동166-25,36.3135376,127.4267807,,건축물,042-606-6843,대전광역시 중구청,2022-09-16
대사동061,1,대전광역시 중구 보문로125번길38-2,대전광역시 중구 대사동156-7,36.31433105,127.4259567,,건축물,042-606-6843,대전광역시 중구청,2022-09-16
대사동062,1,대전광역시 중구 보문로125번길49,대전광역시 중구 대사동166-36,36.31402969,127.4256516,,전용주,042-606-6843,대전광역시 중구청,2022-09-16
대사동063,1,대전광역시 중구 보문로125번길46,대전광역시 중구 대사동156-27,36.31416702,127.4257355,,한전주,042-606-6843,대전광역시 중구청,2022-09-16
대사동064,1,대전광역시 중구 보문로125번길30,대전광역시 중구 대사동152-4,36.3139534,127.4254379,,한전주,042-606-6843,대전광역시 중구청,2022-09-16
대사동065,1,대전광역시 중구 보문로125번길38,대전광역시 중구 대사동155-7,36.313797,127.4257278,,한전주,042-606-6843,대전광역시 중구청,2022-09-16
대사동066,1,,대전광역시 중구 대사동166-55,36.31388092,127.4261475,,전용주,042-606-6843,대전광역시 중구청,2022-09-16
대사동067,1,,대전광역시 중구 대사동179-13,36.3130188,127.4266052,,전용주,042-606-6843,대전광역시 중구청,2022-09-16
대사동068,1,,대전광역시 중구 대사동179-3,36.31292343,127.4267044,,한전주,042-606-6843,대전광역시 중구청,2022-09-16
대사동069,1,대전광역시 중구 보문사공원로530번길77,대전광역시 중구 대사동180-99,36.31261826,127.4270096,,전용주,042-606-6843,대전광역시 중구청,2022-09-16
대사동070,1,대전광역시 중구 보문산공원로530번길77,대전광역시 중구 대사동180-66,36.31254578,127.4269485,,한전주,042-606-6843,대전광역시 중구청,2022-09-16
대사동071,1,대전광역시 중구 보문산공원로530번길86,대전광역시 중구 대사동180-14,36.31212616,127.4268723,,한전주,042-606-6843,대전광역시 중구청,2022-09-16
대사동072,1,대전광역시 중구 보문산공원로530번길99,대전광역시 중구 대사동180-58,36.31167221,127.4269028,,한전주,042-606-6843,대전광역시 중구청,2022-09-16
대사동073,1,,대전광역시 중구 대사동180-58,36.31137466,127.426857,,한전주,042-606-6843,대전광역시 중구청,2022-09-16
대사동074,1,,대전광역시 중구 대사동183,36.3111496,127.4269791,,한전주,042-606-6843,대전광역시 중구청,2022-09-16
대사동075,1,,대전광역시 중구 대사동152-8,36.31087875,127.4270325,,한전주,042-606-6843,대전광역시 중구청,2022-09-16
대사동076,1,,대전광역시 중구 대사동184-3,36.3106041,127.4272232,,한전주,042-606-6843,대전광역시 중구청,2022-09-16
대사동077,1,대전광역시 중구 보문산공원로530번길,대전광역시 중구 대사동152-18,36.31401062,127.4250336,,한전주,042-606-6843,대전광역시 중구청,2022-09-16
대사동078,1,대전광역시 중구 보문산공원로530번길12-16,대전광역시 중구 대사동151-2,36.31396103,127.4249344,,전용주,042-606-6843,대전광역시 중구청,2022-09-16
대사동079,1,대전광역시 중구 보문산공원로530번길12-28,대전광역시 중구 대사동153,36.31349564,127.4253006,,한전주,042-606-6843,대전광역시 중구청,2022-09-16
대사동080,1,대전광역시 중구 보문산공원로530번길12-26,대전광역시 중구 대사동153,36.31359482,127.4249496,,전용주,042-606-6843,대전광역시 중구청,2022-09-16
대사동081,1,대전광역시 중구 보문산공원로530번길21,대전광역시 중구 대사동156-13,36.31436539,127.425354,,한전주,042-606-6843,대전광역시 중구청,2022-09-16
대사동082,1,대전광역시 중구 보문산공원로530번길13,대전광역시 중구 대사동152-8,36.31446075,127.4250565,,한전주,042-606-6843,대전광역시 중구청,2022-09-16
대사동083,1,대전광역시 중구 보문산공원로530번길7-1,대전광역시 중구 대사동161-4,36.31480789,127.4251556,,한전주,042-606-6843,대전광역시 중구청,2022-09-16
대사동084,1,대전광역시 중구 보문산공원로5,대전광역시 중구 대사동160-7,36.31484222,127.4248352,,한전주,042-606-6843,대전광역시 중구청,2022-09-16
대사동085,1,대전광역시 중구 보문산공원로534-5,대전광역시 중구 대사동161-7,36.31504059,127.4252396,,한전주,042-606-6843,대전광역시 중구청,2022-09-16
대사동086,1,대전광역시 중구 보문산공원로534-13,대전광역시 중구 대사동161-22,36.31497574,127.4255524,,한전주,042-606-6843,대전광역시 중구청,2022-09-16
대사동087,1,대전광역시 중구 보문산공원로530번길7-10,대전광역시 중구 대사동158-1,36.31467056,127.4255295,,한전주,042-606-6843,대전광역시 중구청,2022-09-16
대사동088,1,대전광역시 중구 보문로125번길38-7,대전광역시 중구 대사동156-3,36.31470108,127.4259415,,한전주,042-606-6843,대전광역시 중구청,2022-09-16
대사동089,1,대전광역시 중구 보문로125번길38-8,대전광역시 중구 대사동156-5,36.3145752,127.4259567,,건축물,042-606-6843,대전광역시 중구청,2022-09-16
대사동090,1,대전광역시 중구 보문산공원로540번길30-10,대전광역시 중구 대사동163-9,36.31494904,127.4260864,,전용주,042-606-6843,대전광역시 중구청,2022-09-16
대사동091,1,대전광역시 중구 보문산공원로540번길9,대전광역시 중구 대사동163-7,36.31517029,127.4259338,,한전주,042-606-6843,대전광역시 중구청,2022-09-16
대사동092,1,대전광역시 중구 보문산공원길540번길11-1,대전광역시 중구 대사동163-5,36.31533051,127.4259949,,전용주,042-606-6843,대전광역시 중구청,2022-09-16
대사동093,1,대전광역시 중구 보문산공원로536-8,대전광역시 중구 대사동161-1,36.31521988,127.4257126,,한전주,042-606-6843,대전광역시 중구청,2022-09-16
대사동094,1,대전광역시 중구 보문산공원로540번길5,대전광역시 중구 대사동93-11,36.3153801,127.4257965,,한전주,042-606-6843,대전광역시 중구청,2022-09-16
대사동095,1,대전광역시 중구 보문산공원로536,대전광역시 중구 대사동93-7,36.31533813,127.4253082,,한전주,042-606-6843,대전광역시 중구청,2022-09-16
대사동096,1,대전광역시 중구 보문로145번길14,대전광역시 중구 대사동94-22,36.3159256,127.4260483,,한전주,042-606-6843,대전광역시 중구청,2022-09-16
대사동097,1,대전광역시 중구 보문로145번길18,대전광역시 중구 대사동87-22,36.31572723,127.4261856,,건축물,042-606-6843,대전광역시 중구청,2022-09-16
대사동098,1,대전광역시 중구 보문로145번길23,대전광역시 중구 대사동87-28,36.31560135,127.4263229,,한전주,042-606-6843,대전광역시 중구청,2022-09-16
대사동099,1,대전광역시 중구 보문로145번길27,대전광역시 중구 대사동87-37,36.31538391,127.4264755,,한전주,042-606-6843,대전광역시 중구청,2022-09-16
대사동100,1,대전광역시 중구 보문로145번길30-3,대전광역시 중구 대사동91-3,36.31520081,127.4265137,,전용주,042-606-6843,대전광역시 중구청,2022-09-16
대사동101,1,대전광역시 중구 보문로145번길40-13,대전광역시 중구 대사동91-13,36.31497955,127.4265976,,건축물,042-606-6843,대전광역시 중구청,2022-09-16
대사동102,1,대전광역시 중구 보문로145번길30-5,대전광역시 중구 대사동87-35,36.31528473,127.4262619,,건축물,042-606-6843,대전광역시 중구청,2022-09-16
대사동103,1,대전광역시 중구 보문로145번길30-11,대전광역시 중구 대사동163-1,36.31515121,127.4262161,,한전주,042-606-6843,대전광역시 중구청,2022-09-16
대사동104,1,대전광역시 중구 보문로145번길30-14,대전광역시 중구 대사동156-2,36.31484985,127.4263229,,한전주,042-606-6843,대전광역시 중구청,2022-09-16
대사동105,1,대전광역시 중구 보문로125번길38-1,대전광역시 중구 대사동90-6,36.31500626,127.4267426,,한전주,042-606-6843,대전광역시 중구청,2022-09-16
대사동106,1,대전광역시 중구 보문로145번길38,대전광역시 중구 대사동91-17,36.31491852,127.426651,,전용주,042-606-6843,대전광역시 중구청,2022-09-16
대사동107,1,대전광역시 중구 보문로145번길38,대전광역시 중구 대사동91-33,36.31489944,127.4268036,,건축물,042-606-6843,대전광역시 중구청,2022-09-16
대사동108,1,대전광역시 중구 보문로131,대전광역시 중구 대사동89-11,36.31515503,127.4272232,,한전주,042-606-6843,대전광역시 중구청,2022-09-16
대사동109,1,,대전광역시 중구 대사동89-3,36.31545264,127.4269795,,한전주,042-606-6843,대전광역시 중구청,2022-09-16
대사동110,1,대전광역시 중구 보문로135-10,대전광역시 중구 대사동90-8,36.3153038,127.4266663,,한전주,042-606-6843,대전광역시 중구청,2022-09-16
대사동111,1,대전광역시 중구 보문로145번길5,대전광역시 중구 대사동87-10,36.31606293,127.4263916,,전용주,042-606-6843,대전광역시 중구청,2022-09-16
대사동112,1,대전광역시 중구 보문로145번길5-5,대전광역시 중구 대사동87-16,36.31585693,127.4265137,,전용주,042-606-6843,대전광역시 중구청,2022-09-16
대사동113,1,대전광역시 중구 보문산고원로526-7,대전광역시 중구 대사동148-7,36.31451797,127.4246063,,전용주,042-606-6843,대전광역시 중구청,2022-09-16
대사동114,1,대전광역시 중구 보문산공원로524-6,대전광역시 중구 대사동148-34,36.31433868,127.4243546,,한전주,042-606-6843,대전광역시 중구청,2022-09-16
대사동115,1,대전광역시 중구 보문산공원로520,대전광역시 중구 대사동210-15,36.31439972,127.4238129,,한전주,042-606-6843,대전광역시 중구청,2022-09-16
대사동116,1,대전광역시 중구 보문산공원로516,대전광역시 중구 대사동210-17,36.31422806,127.4235382,,한전주,042-606-6843,대전광역시 중구청,2022-09-16
대사동117,1,대전광역시 중구 보문산공원로514,대전광역시 중구 대사동210-5,36.31406021,127.4232712,,한전주,042-606-6843,대전광역시 중구청,2022-09-16
대사동118,1,대전광역시 중구 보문산공원로510,대전광역시 중구 대사동198-156,36.31383896,127.4229584,,한전주,042-606-6843,대전광역시 중구청,2022-09-16
대사동119,1,대전광역시 중구 보문산공원로500,대전광역시 중구 대사동198-132,36.31333923,127.4221344,,한전주,042-606-6843,대전광역시 중구청,2022-09-16
대사동120,1,대전광역시 중구 보문산공원로496-3,대전광역시 중구 대사동198-120,36.31324005,127.4223099,,한전주,042-606-6843,대전광역시 중구청,2022-09-16
대사동121,1,대전광역시 중구 보문산공원로490-1,대전광역시 중구 대사동198-63,36.31237793,127.4216995,,한전주,042-606-6843,대전광역시 중구청,2022-09-16
대사동122,1,대전광역시 중구 보문산공원로487-1,대전광역시 중구 대사동198-63,36.31262589,127.4214325,,전용주,042-606-6843,대전광역시 중구청,2022-09-16
대사동123,1,대전광역시 중구 보문산공원로485,대전광역시 중구 대사동198-90,36.31236649,127.4211884,,한전주,042-606-6843,대전광역시 중구청,2022-09-16
대사동124,1,대전광역시 중구 보문산공원로479,대전광역시 중구 대사동644-111,36.31202698,127.4209137,,한전주,042-606-6843,대전광역시 중구청,2022-09-16
대사동125,1,대전광역시 중구 보문산공원로480,대전광역시 중구 대사동198-2,36.31188583,127.4209976,,한전주,042-606-6843,대전광역시 중구청,2022-09-16
대사동126,1,대전광역시 중구 보문산공원로477-2,대전광역시 중구 대사동198-49,36.31169891,127.4209824,,한전주,042-606-6843,대전광역시 중구청,2022-09-16
대사동127,1,대전광역시 중구 보문산공원로476,대전광역시 중구 대사동198-15,36.31137466,127.4209671,,한전주,042-606-6843,대전광역시 중구청,2022-09-16
대사동128,1,대전광역시 중구 보문산공원로472,대전광역시 중구 대사동198-15,36.31123352,127.4210205,,한전주,042-606-6843,대전광역시 중구청,2022-09-16
대사동129,1,대전광역시 중구 보문산공원로477-6,대전광역시 중구 대사동198-7,36.31154633,127.4208374,,전용주,042-606-6843,대전광역시 중구청,2022-09-16
대사동130,1,대전광역시 중구 보문산공원로477-12,대전광역시 중구 대사동190-108,36.31135559,127.4206314,,한전주,042-606-6843,대전광역시 중구청,2022-09-16
대사동131,1,대전광역시 중구 보문산공원로477-19,대전광역시 중구 대사동198-100,36.31079865,127.4203873,,전용주,042-606-6843,대전광역시 중구청,2022-09-16
대사동132,1,대전광역시 중구 보문산공원로479,대전광역시 중구 대사동198-5,36.31193161,127.4206924,,한전주,042-606-6843,대전광역시 중구청,2022-09-16
대사동133,1,,대전광역시 중구 대사동197,36.31185532,127.4200974,,한전주,042-606-6843,대전광역시 중구청,2022-09-16
대사동134,1,,대전광역시 중구 대사동198-17,36.31159973,127.4203873,,한전주,042-606-6843,대전광역시 중구청,2022-09-16
대사동135,1,대전광역시 중구 보문산공원로497번안길26,대전광역시 중구 대사동198-113,36.311409,127.4202271,,한전주,042-606-6843,대전광역시 중구청,2022-09-16
대사동136,1,대전광역시 중구 보문산공원로497번안길45,대전광역시 중구 대사동197-164,36.31100464,127.4200974,,한전주,042-606-6843,대전광역시 중구청,2022-09-16
대사동137,1,대전광역시 중구 보문산공원로497번안길34,대전광역시 중구 대사동198-164,36.31098938,127.4198599,,한전주,042-606-6843,대전광역시 중구청,2022-09-16
대사동138,1,,대전광역시 중구 대사동197-10,36.31062317,127.4198227,,한전주,042-606-6843,대전광역시 중구청,2022-09-16
대사동139,1,,대전광역시 중구 대사동197-129,36.31033707,127.4196701,,전용주,042-606-6843,대전광역시 중구청,2022-09-16
대사동140,1,,대전광역시 중구 대사동197-173,36.31048965,127.4193192,,전용주,042-606-6843,대전광역시 중구청,2022-09-16
대사동141,1,대전광역시 중구 보문산공원로479번안길50,대전광역시 중구 대사동197-149,36.31033707,127.4199829,,한전주,042-606-6843,대전광역시 중구청,2022-09-16
대사동142,1,,대전광역시 중구 대사동198-190,36.31002808,127.4199066,,한전주,042-606-6843,대전광역시 중구청,2022-09-16
대사동143,1,대전광역시 중구 보문산공원로497번안길63,대전광역시 중구 대사동198-190,36.30973816,127.4198151,,한전주,042-606-6843,대전광역시 중구청,2022-09-16
대사동144,1,대전광역시 중구 보문산공원로497번안길67,대전광역시 중구 대사동197-160,36.30951309,127.419754,,한전주,042-606-6843,대전광역시 중구청,2022-09-16
대사동145,1,대전광역시 중구 보문산공원로497번안길75,대전광역시 중구 대사동197-151,36.30926895,127.4196854,,한전주,042-606-6843,대전광역시 중구청,2022-09-16
대사동146,1,,대전광역시 중구 대사동197-15,36.30952072,127.4192734,,한전주,042-606-6843,대전광역시 중구청,2022-09-16
대사동147,1,대전광역시 중구 보문산공원로499번길35,대전광역시 중구 대사동200-5,36.3127327,127.4205856,,한전주,042-606-6843,대전광역시 중구청,2022-09-16
대사동148,1,대전광역시 중구 보문산공원로499번길36-16,대전광역시 중구 대사동200-59,36.31285858,127.4202957,,한전주,042-606-6843,대전광역시 중구청,2022-09-16
대사동149,1,대전광역시 중구 보문산공원로499번길36-16,대전광역시 중구 대사동200-59,36.31293106,127.4202042,,전용주,042-606-6843,대전광역시 중구청,2022-09-16
대사동150,1,대전광역시 중구 보문산공원로499번길36-8,대전광역시 중구 대사동200-13,36.31259918,127.4202271,,전용주,042-606-6843,대전광역시 중구청,2022-09-16
대사동151,1,대전광역시 중구 보문산공원로499번길36-12,대전광역시 중구 대사동200-9,36.31257248,127.4199753,,전용주,042-606-6843,대전광역시 중구청,2022-09-16
대사동152,1,대전광역시 중구 보문산공원로499번길36-17,대전광역시 중구 대사동200-51,36.3127327,127.419838,,전용주,042-606-6843,대전광역시 중구청,2022-09-16
대사동153,1,대전광역시 중구 보문산공원로499번길36-25,대전광역시 중구 대사동200-51,36.31290817,127.4200821,,한전주,042-606-6843,대전광역시 중구청,2022-09-16
대사동154,1,대전광역시 중구 보문산공원로499번길36-12,대전광역시 중구 대사동200-51,36.31266785,127.4200516,,전용주,042-606-6843,대전광역시 중구청,2022-09-16
대사동155,1,대전광역시 중구 보문산공원로499번길26,대전광역시 중구 대사동200-11,36.31309891,127.4209671,,한전주,042-606-6843,대전광역시 중구청,2022-09-16
대사동156,1,대전광역시 중구 보문산공원로499번길20,대전광역시 중구 대사동201-33,36.31328583,127.4211044,,한전주,042-606-6843,대전광역시 중구청,2022-09-16
대사동157,1,대전광역시 중구 충무로66번길108,대전광역시 중구 대사동201-11,36.31368256,127.4212799,,한전주,042-606-6843,대전광역시 중구청,2022-09-16
대사동158,1,대전광역시 중구 충무로66번길110-7,대전광역시 중구 대사동200-51,36.31379318,127.4210892,,한전주,042-606-6843,대전광역시 중구청,2022-09-16
대사동159,1,대전광역시 중구 충무로66번길108,대전광역시 중구 대사동201-12,36.31362152,127.4214401,,한전주,042-606-6843,대전광역시 중구청,2022-09-16
대사동160,1,대전광역시 중구 보문산공원로499번길3,대전광역시 중구 대사동200-2,36.31341171,127.4217834,,한전주,042-606-6843,대전광역시 중구청,2022-09-16
대사동163,1,대전광역시 중구 보문산공원로505-10,대전광역시 중구 대사동206-11,36.31383896,127.422081,,한전주,042-606-6843,대전광역시 중구청,2022-09-16
대사동164,1,대전광역시 중구 보문산공원로505-14,대전광역시 중구 대사동202-1,36.31391144,127.4219513,,한전주,042-606-6843,대전광역시 중구청,2022-09-16
대사동166,1,대전광역시 중구 충무로68번길82,대전광역시 중구 대사동206-17,36.31428146,127.4225082,,한전주,042-606-6843,대전광역시 중구청,2022-09-16
대사동167,1,대전광역시 중구 충무로68번길78-10,대전광역시 중구 대사동207-18,36.31428909,127.4222412,,한전주,042-606-6843,대전광역시 중구청,2022-09-16
대사동168,1,대전광역시 중구 충무로68번길78-14,대전광역시 중구 대사동206-10,36.3142662,127.4219284,,전용주,042-606-6843,대전광역시 중구청,2022-09-16
대사동169,1,대전광역시 중구 충무로68번길78-22,대전광역시 중구 대사동207-45,36.31402588,127.4215469,,전용주,042-606-6843,대전광역시 중구청,2022-09-16
대사동170,1,대전광역시 중구 충무로68번길76,대전광역시 중구 대사동206-1,36.31444168,127.4225464,,한전주,042-606-6843,대전광역시 중구청,2022-09-16
대사동171,1,대전광역시 중구 충무로68번길76-5,대전광역시 중구 대사동207-16,36.31455994,127.4222641,,전용주,042-606-6843,대전광역시 중구청,2022-09-16
대사동172,1,대전광역시 중구 충무로68번길70,대전광역시 중구 대사동207-35,36.31464386,127.4227219,,한전주,042-606-6843,대전광역시 중구청,2022-09-16
대사동173,1,대전광역시 중구 충무로68번길75,대전광역시 중구 대사동207-13,36.31490326,127.4223557,,전용주,042-606-6843,대전광역시 중구청,2022-09-16
대사동174,1,대전광역시 중구 충무로68번길68-3,대전광역시 중구 대사동207-9,36.3150444,127.4227219,,한전주,042-606-6843,대전광역시 중구청,2022-09-16
대사동175,1,대전광역시 중구 충무로68번길68-5,대전광역시 중구 대사동207-41,36.31518936,127.422493,,전용주,042-606-6843,대전광역시 중구청,2022-09-16
대사동176,1,대전광역시 중구 충무로68번길68-6,대전광역시 중구 대사동207-9,36.31516647,127.4227982,,한전주,042-606-6843,대전광역시 중구청,2022-09-16
대사동177,1,대전광역시 중구 충무로68번길58,대전광역시 중구 대사동207-1,36.31541061,127.4227905,,한전주,042-606-6843,대전광역시 중구청,2022-09-16
대사동178,1,대전광역시 중구 충무로68번길54,대전광역시 중구 대사동207-1,36.31552505,127.4229355,,한전주,042-606-6843,대전광역시 중구청,2022-09-16
대사동179,1,대전광역시 중구 충무로68번길46,대전광역시 중구 대사동135-137,36.31572342,127.4232559,,한전주,042-606-6843,대전광역시 중구청,2022-09-16
대사동180,1,대전광역시 중구 충무로68번길42,대전광역시 중구 대사동135-2,36.31591797,127.4234619,,한전주,042-606-6843,대전광역시 중구청,2022-09-16
대사동181,1,대전광역시 중구 충무로68번길38,대전광역시 중구 대사동135-53,36.31611633,127.4236298,,전용주,042-606-6843,대전광역시 중구청,2022-09-16
대사동182,1,대전광역시 중구 충무로68번길34,대전광역시 중구 대사동135-47,36.31626129,127.4237671,,한전주,042-606-6843,대전광역시 중구청,2022-09-16
대사동183,1,대전광역시 중구 충무로68번길60,대전광역시 중구 대사동208-2,36.31504822,127.4230576,,한전주,042-606-6843,대전광역시 중구청,2022-09-16
대사동184,1,대전광역시 중구 충무로68번길52-8,대전광역시 중구 대사동207-1,36.31537628,127.4230499,,전용주,042-606-6843,대전광역시 중구청,2022-09-16
대사동185,1,대전광역시 중구 충무로68번길52-2,대전광역시 중구 대사동219-8,36.31541061,127.4233627,,한전주,042-606-6843,대전광역시 중구청,2022-09-16
대사동186,1,대전광역시 중구 보문산공원로527-18,대전광역시 중구 대사동220-10,36.3155899,127.4235992,,한전주,042-606-6843,대전광역시 중구청,2022-09-16
대사동187,1,대전광역시 중구 충무로74번길42,대전광역시 중구 대사동141-7,36.31538391,127.4239502,,한전주,042-606-6843,대전광역시 중구청,2022-09-16
대사동188,1,대전광역시 중구 충무로74번길61,대전광역시 중구 대사동211-11,36.31471252,127.4236069,,한전주,042-606-6843,대전광역시 중구청,2022-09-16
대사동189,1,대전광역시 중구 충무로74번길60-6,대전광역시 중구 대사동217-4,36.31501389,127.4234772,,한전주,042-606-6843,대전광역시 중구청,2022-09-16
대사동190,1,대전광역시 중구 보문산공원로521,대전광역시 중구 대사동213-3,36.31473923,127.4237213,,한전주,042-606-6843,대전광역시 중구청,2022-09-16
대사동191,1,대전광역시 중구 보문산공원로574-4,대전광역시 중구 대사동143-3,36.31516647,127.424324,,한전주,042-606-6843,대전광역시 중구청,2022-09-16
대사동192,1,대전광역시 중구 보문산공원로527-6,대전광역시 중구 대사동144-6,36.31528854,127.4241562,,한전주,042-606-6843,대전광역시 중구청,2022-09-16
대사동193,1,대전광역시 중구 보문로113번길14,대전광역시 중구 대사동178-27,36.3129425,127.4282386,,한전주,042-606-6843,대전광역시 중구청,2022-09-16
대사동194,1,대전광역시 중구 보문산공원로531-7,대전광역시 중구 대사동142-1,36.31557846,127.4243011,,한전주,042-606-6843,대전광역시 중구청,2022-09-16
대사동195,1,대전광역시 중구 보문산공원로531-8,대전광역시 중구 대사동123-2,36.31554031,127.424469,,한전주,042-606-6843,대전광역시 중구청,2022-09-16
대사동196,1,대전광역시 중구 보문산공원로531-6,대전광역시 중구 대사동123-8,36.31537247,127.4245834,,한전주,042-606-6843,대전광역시 중구청,2022-09-16
대사동197,1,대전광역시 중구 충무로74번길30,대전광역시 중구 대사동139-11,36.31583023,127.4244156,,한전주,042-606-6843,대전광역시 중구청,2022-09-16
대사동198,1,대전광역시 중구 충무로74번길24,대전광역시 중구 대사동134-2,36.31614304,127.4247055,,한전주,042-606-6843,대전광역시 중구청,2022-09-16
대사동199,1,대전광역시 중구 보문산공원로539-6,대전광역시 중구 대사동121-14,36.31594467,127.4251862,,한전주,042-606-6843,대전광역시 중구청,2022-09-16
대사동200,1,대전광역시 중구 보문산공원로539-22,대전광역시 중구 대사동134-1,36.31634521,127.424469,,한전주,042-606-6843,대전광역시 중구청,2022-09-16
대사동201,1,대전광역시 중구 충무로68번길40,대전광역시 중구 대사동224-5,36.31585312,127.4237442,,한전주,042-606-6843,대전광역시 중구청,2022-09-16
대사동202,1,대전광역시 중구 충무로74번길38-4,대전광역시 중구 대사동137-3,36.3157959,127.4240723,,전용주,042-606-6843,대전광역시 중구청,2022-09-16
대사동203,1,대전광역시 중구 충무로68번길30,대전광역시 중구 대사동137-3,36.31610489,127.4239426,,한전주,042-606-6843,대전광역시 중구청,2022-09-16
대사동204,1,대전광역시 중구 충무로68번길28,대전광역시 중구 대사동135-95,36.31628799,127.4240875,,한전주,042-606-6843,대전광역시 중구청,2022-09-16
대사동205,1,대전광역시 중구 충무로74번길26-8,대전광역시 중구 대사동134-6,36.31615829,127.4243622,,한전주,042-606-6843,대전광역시 중구청,2022-09-16
대사동206,1,대전광역시 중구 충무로68번길26,대전광역시 중구 대사동135-44,36.31641388,127.4240265,,한전주,042-606-6843,대전광역시 중구청,2022-09-16
대사동207,1,대전광역시 중구 충무로68번길20,대전광역시 중구 대사동135-39,36.31658173,127.4241486,,한전주,042-606-6843,대전광역시 중구청,2022-09-16
대사동208,1,대전광역시 중구 충무로68번길22,대전광역시 중구 대사동135-131,36.31650925,127.424263,,한전주,042-606-6843,대전광역시 중구청,2022-09-16
대사동209,1,대전광역시 중구 충무로68번길30,대전광역시 중구 대사동135-130,36.31668854,127.4238358,,한전주,042-606-6843,대전광역시 중구청,2022-09-16
대사동210,1,대전광역시 중구 충무로68번길18,대전광역시 중구 대사동135-37,36.31673813,127.4244385,,한전주,042-606-6843,대전광역시 중구청,2022-09-16
대사동211,1,대전광역시 중구 충무로68번길10,대전광역시 중구 대사동135-80,36.31693268,127.424614,,한전주,042-606-6843,대전광역시 중구청,2022-09-16
대사동212,1,대전광역시 중구 충무로68,대전광역시 중구 대사동135-23,36.31716919,127.4247971,,한전주,042-606-6843,대전광역시 중구청,2022-09-16
대사동214,1,대전광역시 중구 충무로551,대전광역시 중구 대사동119-14,36.3167305,127.4253693,,한전주,042-606-6843,대전광역시 중구청,2022-09-16
대사동215,1,대전광역시 중구 충무로74번길9,대전광역시 중구 대사동119-6,36.31655884,127.4250946,,한전주,042-606-6843,대전광역시 중구청,2022-09-16
대사동216,1,대전광역시 중구 충무로66번길3-2,대전광역시 중구 대사동135-28,36.31707382,127.4242096,,전용주,042-606-6843,대전광역시 중구청,2022-09-16
대사동217,1,대전광역시 중구 충무로66번길6,대전광역시 중구 대사동135-125,36.31719971,127.4243469,,전용주,042-606-6843,대전광역시 중구청,2022-09-16
대사동218,1,대전광역시 중구 충무로68번길9-1,대전광역시 중구 대사동135-170,36.31698608,127.4240341,,한전주,042-606-6843,대전광역시 중구청,2022-09-16
대사동219,1,대전광역시 중구 충무로60번길12,대전광역시 중구 대사동135-94,36.3173027,127.4242325,,전용주,042-606-6843,대전광역시 중구청,2022-09-16
대사동220,1,대전광역시 중구 충무로60번길12,대전광역시 중구 대사동135-100,36.31726456,127.4240952,,전용주,042-606-6843,대전광역시 중구청,2022-09-16
대사동221,1,대전광역시 중구 충무로60번길24,대전광역시 중구 대사동135-163,36.31715393,127.4237061,,한전주,042-606-6843,대전광역시 중구청,2022-09-16
대사동222,1,대전광역시 중구 충무로60번길26,대전광역시 중구 대사동135-101,36.31693649,127.4237137,,한전주,042-606-6843,대전광역시 중구청,2022-09-16
대사동223,1,대전광역시 중구 충무로56-7,대전광역시 중구 대사동산 5-52,36.31757736,127.4237595,,전용주,042-606-6843,대전광역시 중구청,2022-09-16
대사동224,1,대전광역시 중구 충무로68번안길23,대전광역시 중구 대사동226-22,36.31732178,127.4234924,,한전주,042-606-6843,대전광역시 중구청,2022-09-16
대사동225,1,대전광역시 중구 충무로68번안길16,대전광역시 중구 대사동226-38,36.31707382,127.4230347,,한전주,042-606-6843,대전광역시 중구청,2022-09-16
대사동226,1,대전광역시 중구 충무로68번안길24,대전광역시 중구 대사동226-75,36.31687927,127.4228439,,한전주,042-606-6843,대전광역시 중구청,2022-09-16
대사동227,1,대전광역시 중구 충무로68번안길24-4,대전광역시 중구 대사동226-117,36.31681824,127.4225693,,전용주,042-606-6843,대전광역시 중구청,2022-09-16
대사동228,1,대전광역시 중구 충무로54번길7,대전광역시 중구 대사동226-33,36.317379,127.4231186,,전용주,042-606-6843,대전광역시 중구청,2022-09-16
대사동229,1,대전광역시 중구 충무로54번길4,대전광역시 중구 대사동226-5,36.31768036,127.423233,,한전주,042-606-6843,대전광역시 중구청,2022-09-16
대사동230,1,대전광역시 중구 충무로68번안길12-1,대전광역시 중구 대사동226-48,36.31725311,127.4230118,,한전주,042-606-6843,대전광역시 중구청,2022-09-16
대사동231,1,대전광역시 중구 충무로48-6,대전광역시 중구 대사동233-71,36.31744003,127.4226227,,한전주,042-606-6843,대전광역시 중구청,2022-09-16
대사동232,1,대전광역시 중구 충무로48-6,대전광역시 중구 대사동233-13,36.3175087,127.4227066,,전용주,042-606-6843,대전광역시 중구청,2022-09-16
대사동233,1,대전광역시 중구 충무로40,대전광역시 중구 대사동233-64,36.31761169,127.4221344,,전용주,042-606-6843,대전광역시 중구청,2022-09-16
대사동234,1,대전광역시 중구 충무로68번안길49,대전광역시 중구 대사동233-122,36.31748199,127.4221497,,한전주,042-606-6843,대전광역시 중구청,2022-09-16
대사동235,1,대전광역시 중구 충무로68번안길63-1,대전광역시 중구 대사동233-81,36.3170929,127.4217377,,한전주,042-606-6843,대전광역시 중구청,2022-09-16
대사동236,1,대전광역시 중구 솔밭로28번길36,대전광역시 중구 대사동247-1,36.3174057,127.421402,,한전주,042-606-6843,대전광역시 중구청,2022-09-16
대사동237,1,대전광역시 중구 솔밭로30번길24,대전광역시 중구 대사동247-53,36.31730652,127.421051,,한전주,042-606-6843,대전광역시 중구청,2022-09-16
대사동238,1,대전광역시 중구 충무로68번안길72,대전광역시 중구 대사동247-178,36.31710815,127.4210968,,전용주,042-606-6843,대전광역시 중구청,2022-09-16
대사동239,1,대전광역시 중구 솔밭로30번길10,대전광역시 중구 대사동247-64,36.31698227,127.420845,,한전주,042-606-6843,대전광역시 중구청,2022-09-16
대사동240,1,대전광역시 중구 솔밭로30번길16,대전광역시 중구 대사동233-216,36.31676865,127.4211502,,한전주,042-606-6843,대전광역시 중구청,2022-09-16
대사동241,1,대전광역시 중구 솔밭로28번길10,대전광역시 중구 대사동247-74,36.31690598,127.4205399,,전용주,042-606-6843,대전광역시 중구청,2022-09-16
대사동242,1,대전광역시 중구 충무로68번안길89,대전광역시 중구 대사동247-78,36.31670761,127.4204636,,한전주,042-606-6843,대전광역시 중구청,2022-09-16
대사동243,1,대전광역시 중구 솔밭로18-6,대전광역시 중구 대사동247-23,36.31658173,127.4201126,,한전주,042-606-6843,대전광역시 중구청,2022-09-16
대사동244,1,대전광역시 중구 솔밭로18-5,대전광역시 중구 대사동247-24,36.31668472,127.4200363,,한전주,042-606-6843,대전광역시 중구청,2022-09-16
대사동245,1,대전광역시 중구 솔밭로16번길14,대전광역시 중구 대사동233-211,36.31619644,127.4198685,,한전주,042-606-6843,대전광역시 중구청,2022-09-16
대사동246,1,,대전광역시 중구 대사동247-248,36.31588364,127.4200821,,한전주,042-606-6843,대전광역시 중구청,2022-09-16
대사동247,1,대전광역시 중구 솔밭로16번길16-9,대전광역시 중구 대사동247-246,36.31582642,127.4199142,,한전주,042-606-6843,대전광역시 중구청,2022-09-16
대사동248,1,대전광역시 중구 솔밭로16번길16-11,대전광역시 중구 대사동247-245,36.31579971,127.4196854,,한전주,042-606-6843,대전광역시 중구청,2022-09-16
대사동249,1,대전광역시 중구 솔밭로16번길2-36,대전광역시 중구 대사동233-24,36.31599045,127.4197083,,전용주,042-606-6843,대전광역시 중구청,2022-09-16
대사동250,1,대전광역시 중구 솔밭로16번길12,대전광역시 중구 대사동233-97,36.31620789,127.4196243,,전용주,042-606-6843,대전광역시 중구청,2022-09-16
대사동251,1,대전광역시 중구 솔밭로16번길4,대전광역시 중구 대사동233-72,36.31656265,127.4195786,,한전주,042-606-6843,대전광역시 중구청,2022-09-16
대사동252,1,대전광역시 중구 솔밭로16번길1,대전광역시 중구 대사동247-39,36.31671143,127.4196243,,한전주,042-606-6843,대전광역시 중구청,2022-09-16
대사동253,1,대전광역시 중구 솔밭로20,대전광역시 중구 대사동247-94,36.31679535,127.4198303,,한전주,042-606-6843,대전광역시 중구청,2022-09-16
대사동254,1,대전광역시 중구 솔밭로22-1,대전광역시 중구 대사동247-88,36.3170166,127.4202423,,한전주,042-606-6843,대전광역시 중구청,2022-09-16
대사동255,1,대전광역시 중구 솔밭로26,대전광역시 중구 대사동247-66,36.31711197,127.4204102,,한전주,042-606-6843,대전광역시 중구청,2022-09-16
대사동256,1,대전광역시 중구 솔밭로28,대전광역시 중구 대사동247-308,36.31722641,127.420639,,한전주,042-606-6843,대전광역시 중구청,2022-09-16
대사동257,1,대전광역시 중구 솔밭로30번길1,대전광역시 중구 대사동247-140,36.31734085,127.4208221,,한전주,042-606-6843,대전광역시 중구청,2022-09-16
대사동258,1,대전광역시 중구 솔밭로 32-1,대전광역시 중구 대사동247-7,36.31748581,127.4211044,,한전주,042-606-6843,대전광역시 중구청,2022-09-16
대사동259,1,대전광역시 중구 솔밭로29-4,대전광역시 중구 대사동247-49,36.31735992,127.4203262,,한전주,042-606-6843,대전광역시 중구청,2022-09-16
대사동260,1,대전광역시 중구 솔밭로29-2,대전광역시 중구 대사동247-10,36.31742096,127.4205322,,전용주,042-606-6843,대전광역시 중구청,2022-09-16
대사동261,1,대전광역시 중구 보문산로400번길35,대전광역시 중구 대사동655-20,36.31744385,127.4198837,,전용주,042-606-6843,대전광역시 중구청,2022-09-16
대사동262,1,대전광역시 중구 충무로16번길26,대전광역시 중구 대사동264-9,36.31705093,127.4195786,,한전주,042-606-6843,대전광역시 중구청,2022-09-16
대사동263,1,대전광역시 중구 충무로16번길26-2,대전광역시 중구 대사동246-90,36.31701279,127.4193802,,전용주,042-606-6843,대전광역시 중구청,2022-09-16
대사동264,1,대전광역시 중구 충무로16번길18,대전광역시 중구 대사동247-16,36.31736374,127.4195023,,한전주,042-606-6843,대전광역시 중구청,2022-09-16
대사동265,1,대전광역시 중구 보문산로400번길23,대전광역시 중구 대사동246-18,36.31731796,127.4190903,,한전주,042-606-6843,대전광역시 중구청,2022-09-16
대사동266,1,대전광역시 중구 충무로12번길26,대전광역시 중구 대사동250-26,36.31705093,127.4190445,,한전주,042-606-6843,대전광역시 중구청,2022-09-16
대사동267,1,대전광역시 중구 충무로12번길34-4,대전광역시 중구 대사동250-33,36.3167305,127.4190292,,한전주,042-606-6843,대전광역시 중구청,2022-09-16
대사동268,1,대전광역시 중구 보문산로400번길15,대전광역시 중구 대사동246-100,36.31729507,127.4187851,,한전주,042-606-6843,대전광역시 중구청,2022-09-16
대사동269,1,대전광역시 중구 충무로10-14,대전광역시 중구 대사동246-2,36.31758499,127.4187317,,한전주,042-606-6843,대전광역시 중구청,2022-09-16
대사동270,1,대전광역시 중구 보문산로400번길13,대전광역시 중구 대사동246-98,36.31725311,127.4185562,,한전주,042-606-6843,대전광역시 중구청,2022-09-16
대사동271,1,대전광역시 중구 보문산로400번길5,대전광역시 중구 대사동251-4,36.31723404,127.4182892,,한전주,042-606-6843,대전광역시 중구청,2022-09-16
대사동272,1,대전광역시 중구 보문산로400번길8,대전광역시 중구 대사동251-8,36.3170166,127.4183426,,전용주,042-606-6843,대전광역시 중구청,2022-09-16
대사동273,1,대전광역시 중구 보문산로400번길6,대전광역시 중구 대사동251-6,36.31713867,127.4181747,,전용주,042-606-6843,대전광역시 중구청,2022-09-16
대사동274,1,대전광역시 중구 충무로6번길18-5,대전광역시 중구 대사동627-23,36.31742477,127.4181824,,한전주,042-606-6843,대전광역시 중구청,2022-09-16
대사동275,1,대전광역시 중구 충무로6번길13,대전광역시 중구 대사동251-2,36.31745911,127.4185181,,한전주,042-606-6843,대전광역시 중구청,2022-09-16
대사동276,1,대전광역시 중구 충무로6번길14-1,대전광역시 중구 대사동251-9,36.31762314,127.4182663,,건축물,042-606-6843,대전광역시 중구청,2022-09-16
대사동277,1,대전광역시 중구 충무로6번길33,대전광역시 중구 대사동250-16,36.31663513,127.4185257,,한전주,042-606-6843,대전광역시 중구청,2022-09-16
대사동278,1,대전광역시 중구 충무로6번길6,대전광역시 중구 대사동246-253,36.3177948,127.4184036,,한전주,042-606-6843,대전광역시 중구청,2022-09-16
대사동279,1,대전광역시 중구 충무로2,대전광역시 중구 대사동627-27,36.31787872,127.4180145,,한전주,042-606-6843,대전광역시 중구청,2022-09-16
대사동280,1,대전광역시 중구 솔밭로14,대전광역시 중구 대사동247-102,36.31652451,127.4193344,,건축물,042-606-6843,대전광역시 중구청,2022-09-16
대사동281,1,대전광역시 중구 솔밭로2-22,대전광역시 중구 대사동247-37,36.31632614,127.4194183,,전용주,042-606-6843,대전광역시 중구청,2022-09-16
대사동282,1,대전광역시 중구 솔밭로16번길2-16,대전광역시 중구 대사동247-163,36.31625748,127.4191666,,한전주,042-606-6843,대전광역시 중구청,2022-09-16
대사동283,1,대전광역시 중구 솔밭로14,대전광역시 중구 대사동247,36.31655121,127.4191208,,한전주,042-606-6843,대전광역시 중구청,2022-09-16
대사동284,1,대전광역시 중구 솔밭로8,대전광역시 중구 대사동247-108,36.31643295,127.4187775,,한전주,042-606-6843,대전광역시 중구청,2022-09-16
대사동285,1,대전광역시 중구 솔밭로10번길12,대전광역시 중구 대사동247-235,36.3159523,127.4187012,,한전주,042-606-6843,대전광역시 중구청,2022-09-16
대사동286,1,대전광역시 중구 솔밭로10번길11-1,대전광역시 중구 대사동247-188,36.31594849,127.4190369,,한전주,042-606-6843,대전광역시 중구청,2022-09-16
대사동287,1,대전광역시 중구 솔밭로10번길16,대전광역시 중구 대사동248-492,36.31570816,127.4186554,,한전주,042-606-6843,대전광역시 중구청,2022-09-16
대사동288,1,대전광역시 중구 솔밭로10번길23,대전광역시 중구 대사동248-12,36.31538773,127.4188843,,한전주,042-606-6843,대전광역시 중구청,2022-09-16
대사동289,1,대전광역시 중구 솔밭로10번길32,대전광역시 중구 대사동248-420,36.31521225,127.4188995,,한전주,042-606-6843,대전광역시 중구청,2022-09-16
대사동290,1,대전광역시 중구 솔밭로6,대전광역시 중구 대사동247-225,36.31630707,127.4183273,,한전주,042-606-6843,대전광역시 중구청,2022-09-16
대사동291,1,대전광역시 중구 솔밭로6-10,대전광역시 중구 대사동247-130,36.31617737,127.4183426,,건축물,042-606-6843,대전광역시 중구청,2022-09-16
대사동292,1,대전광역시 중구 솔밭로4-11,대전광역시 중구 대사동248-23,36.31587601,127.418335,,한전주,042-606-6843,대전광역시 중구청,2022-09-16
대사동293,1,대전광역시 중구 보문산로388번길11,대전광역시 중구 대사동248-22,36.31563187,127.4180298,,한전주,042-606-6843,대전광역시 중구청,2022-09-16
대사동294,1,대전광역시 중구 보문산로388번길7,대전광역시 중구 대사동248-22,36.31582642,127.4179688,,한전주,042-606-6843,대전광역시 중구청,2022-09-16
대사동295,1,대전광역시 중구 보문산로388번길9-5,대전광역시 중구 대사동248-21,36.31567383,127.4181976,,한전주,042-606-6843,대전광역시 중구청,2022-09-16
대사동296,1,대전광역시 중구 보문산로388번길19,대전광역시 중구 대사동248-571,36.31522751,127.4180756,,한전주,042-606-6843,대전광역시 중구청,2022-09-16
대사동297,1,대전광역시 중구 보문산로388번길27,대전광역시 중구 대사동248-111,36.31501007,127.4180527,,한전주,042-606-6843,대전광역시 중구청,2022-09-16
대사동298,1,대전광역시 중구 보문산로388번길25-4,대전광역시 중구 대사동248-110,36.31493378,127.4181519,,한전주,042-606-6843,대전광역시 중구청,2022-09-16
대사동299,1,대전광역시 중구 보문산로388번길25-12,대전광역시 중구 대사동248-518,36.31481934,127.4183121,,한전주,042-606-6843,대전광역시 중구청,2022-09-16
대사동300,1,대전광역시 중구 보문산로388번길25-15,대전광역시 중구 대사동248-132,36.31475067,127.4185028,,전용주,042-606-6843,대전광역시 중구청,2022-09-16
대사동301,1,대전광역시 중구 보문산로388번길34-34,대전광역시 중구 대사동248-506,36.3145256,127.4181671,,전용주,042-606-6843,대전광역시 중구청,2022-09-16
대사동302,1,대전광역시 중구 보문산로388번길21-5,대전광역시 중구 대사동248-513,36.31496048,127.4183807,,한전주,042-606-6843,대전광역시 중구청,2022-09-16
대사동303,1,,대전광역시 중구 대사동640-1,36.31541061,127.4177628,,전용주,042-606-6843,대전광역시 중구청,2022-09-16
대사동305,1,대전광역시 중구 보문산로388번길33-9,대전광역시 중구 대사동248-142,36.31468964,127.4178467,,한전주,042-606-6843,대전광역시 중구청,2022-09-16
대사동306,1,대전광역시 중구 보문산로388번길33-30,대전광역시 중구 대사동248-534,36.31441116,127.417923,,건축물,042-606-6843,대전광역시 중구청,2022-09-16
대사동307,1,대전광역시 중구 보문산로388번길33-13,대전광역시 중구 대사동248-505,36.31460953,127.4180145,,전용주,042-606-6843,대전광역시 중구청,2022-09-16
대사동308,1,대전광역시 중구 보문산로388번길35-6,대전광역시 중구 대사동248-156,36.31473923,127.4174652,,건축물,042-606-6843,대전광역시 중구청,2022-09-16
대사동309,1,,대전광역시 중구 대사동248-570,36.31488037,127.4172363,,한전주,042-606-6843,대전광역시 중구청,2022-09-16
대사동310,1,대전광역시 중구 보문산로388번길39-22,대전광역시 중구 대사동248-563,36.31441498,127.4174271,,전용주,042-606-6843,대전광역시 중구청,2022-09-16
대사동311,1,,대전광역시 중구 대사동248-557,36.31436157,127.4170151,,한전주,042-606-6843,대전광역시 중구청,2022-09-16
대사동312,1,대전광역시 중구 보문산로388번길39-4,대전광역시 중구 대사동248-159,36.31468201,127.4171066,,한전주,042-606-6843,대전광역시 중구청,2022-09-16
대사동313,1,대전광역시 중구 보문산로388번길39-12,대전광역시 중구 대사동248-8,36.31468201,127.417305,,한전주,042-606-6843,대전광역시 중구청,2022-09-16
대사동314,1,대전광역시 중구 문화동564,대전광역시 중구 대사동640-7,36.3150444,127.4165421,,전용주,042-606-6843,대전광역시 중구청,2022-09-16
대사동315,1,대전광역시 중구 과례로375,대전광역시 중구 대사동640-7,36.31578827,127.4171371,,한전주,042-606-6843,대전광역시 중구청,2022-09-16
대사동316,1,,대전광역시 중구 대사동640-7,36.31564713,127.4164429,,한전주,042-606-6843,대전광역시 중구청,2022-09-16
대사동317,1,대전광역시 중구 과례로104,대전광역시 중구 대사동248-392,36.31558609,127.4160843,,한전주,042-606-6843,대전광역시 중구청,2022-09-16
대사동318,1,대전광역시 중구 보문산로365번길22-12,대전광역시 중구 대사동248-396,36.31526184,127.4160919,,한전주,042-606-6843,대전광역시 중구청,2022-09-16
대사동319,1,대전광역시 중구 과례로102,대전광역시 중구 대사동248-78,36.31557846,127.4157562,,한전주,042-606-6843,대전광역시 중구청,2022-09-16
대사동320,1,대전광역시 중구 과례로99,대전광역시 중구 대사동643-39,36.31558609,127.4155502,,한전주,042-606-6843,대전광역시 중구청,2022-09-16
대사동321,1,대전광역시 중구 과례로95-2,대전광역시 중구 대사동643-37,36.31561661,127.4152451,,한전주,042-606-6843,대전광역시 중구청,2022-09-16
대사동322,1,대전광역시 중구 과례로95-17,대전광역시 중구 대사동643-4,36.31579208,127.4153671,,한전주,042-606-6843,대전광역시 중구청,2022-09-16
대사동323,1,대전광역시 중구 과례로95-17,대전광역시 중구 대사동643-27,36.31587982,127.4154587,,한전주,042-606-6843,대전광역시 중구청,2022-09-16
대사동324,1,대전광역시 중구 과례로93,대전광역시 중구 대사동643-94,36.31540298,127.4149933,,한전주,042-606-6843,대전광역시 중구청,2022-09-16
대사동325,1,대전광역시 중구 문화로270번길53,대전광역시 중구 대사동643-116,36.31546021,127.4148483,,한전주,042-606-6843,대전광역시 중구청,2022-09-16
대사동326,1,대전광역시 중구 문화로270번길49,대전광역시 중구 대사동643-116,36.31557083,127.4146881,,한전주,042-606-6843,대전광역시 중구청,2022-09-16
대사동327,1,대전광역시 중구 문화로270번길48,대전광역시 중구 대사동309-10,36.31563187,127.414505,,한전주,042-606-6843,대전광역시 중구청,2022-09-16
대사동328,1,대전광역시 중구 문화로270번길43,대전광역시 중구 대사동643-126,36.31575012,127.4145889,,한전주,042-606-6843,대전광역시 중구청,2022-09-16
대사동329,1,대전광역시 중구 문화로270번길46,대전광역시 중구 대사동643-81,36.31578445,127.414246,,한전주,042-606-6843,대전광역시 중구청,2022-09-16
대사동330,1,대전광역시 중구 문화로270번길35-4,대전광역시 중구 대사동643-21,36.31613541,127.4143906,,한전주,042-606-6843,대전광역시 중구청,2022-09-16
대사동331,1,대전광역시 중구 문화로270번길47,대전광역시 중구 대사동643-80,36.3158989,127.4141235,,한전주,042-606-6843,대전광역시 중구청,2022-09-16
대사동332,1,,대전광역시 중구 대사동643-79,36.31620026,127.414238,,한전주,042-606-6843,대전광역시 중구청,2022-09-16
대사동333,1,,대전광역시 중구 대사동642,36.31654358,127.4144211,,한전주,042-606-6843,대전광역시 중구청,2022-09-16
대사동334,1,,대전광역시 중구 대사동642,36.31678009,127.4144058,,한전주,042-606-6843,대전광역시 중구청,2022-09-16
대사동335,1,,대전광역시 중구 대사동642,36.31702805,127.4144058,,한전주,042-606-6843,대전광역시 중구청,2022-09-16
대사동336,1,,대전광역시 중구 대사동642,36.3172226,127.4144058,,한전주,042-606-6843,대전광역시 중구청,2022-09-16
대사동337,1,,대전광역시 중구 대사동642,36.31756973,127.4144058,,한전주,042-606-6843,대전광역시 중구청,2022-09-16
대사동338,1,대전광역시 중구 문화로275-10,대전광역시 중구 대사동248-200,36.31834793,127.4148254,,한전주,042-606-6843,대전광역시 중구청,2022-09-16
대사동339,1,대전광역시 중구 계룡로920번안길10,대전광역시 중구 대사동248-200,36.31856918,127.4149475,,한전주,042-606-6843,대전광역시 중구청,2022-09-16
대사동340,1,대전광역시 중구 계룡로920번길3,대전광역시 중구 대사동248-210,36.3184166,127.4154358,,한전주,042-606-6843,대전광역시 중구청,2022-09-16
대사동341,1,대전광역시 중구 계룡로920번길32,대전광역시 중구 대사동248-207,36.31888962,127.4152985,,한전주,042-606-6843,대전광역시 중구청,2022-09-16
대사동342,1,대전광역시 중구 계룡로920번안길74,대전광역시 중구 대사동248-196,36.31917191,127.4152145,,한전주,042-606-6843,대전광역시 중구청,2022-09-16
대사동343,1,대전광역시 중구 계룡로934-15,대전광역시 중구 대사동248-334,36.31907654,127.4158096,,한전주,042-606-6843,대전광역시 중구청,2022-09-16
대사동344,1,대전광역시 중구 계룡로938,대전광역시 중구 대사동248-339,36.31887054,127.4161224,,한전주,042-606-6843,대전광역시 중구청,2022-09-16
대사동345,1,,대전광역시 중구 대사동248-222,36.32008362,127.4158936,,전용주,042-606-6843,대전광역시 중구청,2022-09-16
대사동346,1,,대전광역시 중구 대사동248-222,36.32027054,127.4161301,,전용주,042-606-6843,대전광역시 중구청,2022-09-16
대사동347,1,,대전광역시 중구 대사동248-371,36.32042694,127.4163284,,한전주,042-606-6843,대전광역시 중구청,2022-09-16
대사동348,1,대전광역시 중구 계룡로921번길12,대전광역시 중구 대사동248-347,36.32112122,127.4163589,,한전주,042-606-6843,대전광역시 중구청,2022-09-16
대사동349,1,대전광역시 중구 계룡로921번길22,대전광역시 중구 대사동248-345,36.32133102,127.4167099,,한전주,042-606-6843,대전광역시 중구청,2022-09-16
대사동350,1,대전광역시 중구 대흥로24번길10,대전광역시 중구 대사동248-265,36.32170105,127.4168472,,한전주,042-606-6843,대전광역시 중구청,2022-09-16
대사동351,1,대전광역시 중구 계룡로955번길88,대전광역시 중구 대사동248-459,36.32217789,127.4179993,,한전주,042-606-6843,대전광역시 중구청,2022-09-16
대사동352,1,대전광역시 중구 계룡로921번길48,대전광역시 중구 대사동248-239,36.32202148,127.4178543,,한전주,042-606-6843,대전광역시 중구청,2022-09-16
대사동353,1,대전광역시 중구 계룡로921번길37,대전광역시 중구 대사동248-314,36.32184982,127.4173965,,건축물,042-606-6843,대전광역시 중구청,2022-09-16
대사동354,1,대전광역시 중구 계룡로921번길34,대전광역시 중구 대사동248-216,36.32164001,127.417244,,한전주,042-606-6843,대전광역시 중구청,2022-09-16
대사동355,1,대전광역시 중구 대흥로24번길16,대전광역시 중구 대사동248-218,36.32151031,127.4170303,,한전주,042-606-6843,대전광역시 중구청,2022-09-16
대사동356,1,대전광역시 중구 대흥로24번길20,대전광역시 중구 대사동248-356,36.32126236,127.4172668,,한전주,042-606-6843,대전광역시 중구청,2022-09-16
대사동357,1,대전광역시 중구 대흥로24번길19,대전광역시 중구 대사동248-244,36.32141113,127.4174423,,한전주,042-606-6843,대전광역시 중구청,2022-09-16
대사동358,1,대전광역시 중구 대흥로24번길21-11,대전광역시 중구 대사동248-242,36.32159424,127.4177475,,한전주,042-606-6843,대전광역시 중구청,2022-09-16
대사동359,1,대전광역시 중구 계룡로955번길74,대전광역시 중구 대사동910-29,36.32179642,127.4182205,,한전주,042-606-6843,대전광역시 중구청,2022-09-16
대사동360,1,대전광역시 중구 계룡로955번길79,대전광역시 중구 대사동248-239,36.32197952,127.4181442,,한전주,042-606-6843,대전광역시 중구청,2022-09-16
대사동361,1,대전광역시 중구 계룡로955번길63,대전광역시 중구 대사동248-258,36.32131958,127.4181213,,한전주,042-606-6843,대전광역시 중구청,2022-09-16
대사동362,1,대전광역시 중구 계룡로955번길63,대전광역시 중구 대사동248-259,36.32114792,127.4181137,,한전주,042-606-6843,대전광역시 중구청,2022-09-16
대사동363,1,대전광역시 중구 계룡로955번길55,대전광역시 중구 대사동248-261,36.32081604,127.4180527,,한전주,042-606-6843,대전광역시 중구청,2022-09-16
대사동364,1,대전광역시 중구 계룡로955번길55,대전광역시 중구 대사동248-261,36.32077408,127.4179535,,한전주,042-606-6843,대전광역시 중구청,2022-09-16
대사동365,1,대전광역시 중구 대흥로24번길29-4,대전광역시 중구 대사동248-260,36.32095718,127.4177246,,한전주,042-606-6843,대전광역시 중구청,2022-09-16
대사동366,1,대전광역시 중구 대흥로24번길29-5,대전광역시 중구 대사동248-253,36.32115936,127.4177322,,건축물,042-606-6843,대전광역시 중구청,2022-09-16
대사동367,1,대전광역시 중구 대흥로24번길23,대전광역시 중구 대사동248-254,36.32118988,127.4174496,,한전주,042-606-6843,대전광역시 중구청,2022-09-16
대사동368,1,,대전광역시 중구 대사동248-356,36.32114029,127.4172363,,한전주,042-606-6843,대전광역시 중구청,2022-09-16
대사동369,1,,대전광역시 중구 대사동248-219,36.32098007,127.4170456,,한전주,042-606-6843,대전광역시 중구청,2022-09-16
대사동370,1,,대전광역시 중구 대사동248-353,36.3208046,127.4168243,,한전주,042-606-6843,대전광역시 중구청,2022-09-16
대사동371,1,,대전광역시 중구 대사동248-219,36.32077789,127.4166718,,한전주,042-606-6843,대전광역시 중구청,2022-09-16
대사동372,1,,대전광역시 중구 대사동248-411,36.32034683,127.4162674,,한전주,042-606-6843,대전광역시 중구청,2022-09-16
대사동373,1,대전광역시 중구 대흥로10번길41,대전광역시 중구 대사동248-468,36.31985474,127.4169464,,한전주,042-606-6843,대전광역시 중구청,2022-09-16
대사동374,1,대전광역시 중구 대흥로10번길41,대전광역시 중구 대사동248-282,36.31970215,127.4171448,,한전주,042-606-6843,대전광역시 중구청,2022-09-16
대사동375,1,대전광역시 중구 계룡로941,대전광역시 중구 대사동248-221,36.31938171,127.4167709,,한전주,042-606-6843,대전광역시 중구청,2022-09-16
대사동376,1,대전광역시 중구 대흥로10번길51-9,대전광역시 중구 대사동248-320,36.31986237,127.4175873,,한전주,042-606-6843,대전광역시 중구청,2022-09-16
대사동377,1,대전광역시 중구 계룡로955번길41,대전광역시 중구 대사동248-220,36.32012939,127.4179306,,한전주,042-606-6843,대전광역시 중구청,2022-09-16
대사동378,1,대전광역시 중구 계룡로955번길46,대전광역시 중구 대사동910-9,36.32041931,127.4179916,,한전주,042-606-6843,대전광역시 중구청,2022-09-16
대사동379,1,대전광역시 중구 계룡로955번길29,대전광역시 중구 대사동258-16,36.31973267,127.4178848,,한전주,042-606-6843,대전광역시 중구청,2022-09-16
대사동380,1,대전광역시 중구 계룡로955번길21,대전광역시 중구 대사동248-589,36.31939316,127.4178314,,한전주,042-606-6843,대전광역시 중구청,2022-09-16
대사동381,1,대전광역시 중구 계룡로955번길12,대전광역시 중구 대사동258-31,36.31898499,127.4177628,,한전주,042-606-6843,대전광역시 중구청,2022-09-16
대사동382,1,대전광역시 중구 계룡로947,대전광역시 중구 대사동248-290,36.31916809,127.4175034,,한전주,042-606-6843,대전광역시 중구청,2022-09-16
대사동383,1,대전광역시 중구 계룡로955번길11-9,대전광역시 중구 대사동248-289,36.31925583,127.4173889,,한전주,042-606-6843,대전광역시 중구청,2022-09-16
대사동384,1,대전광역시 중구 충무로55번길6,대전광역시 중구 대사동114-31,36.31819916,127.4238052,,전용주,042-606-6843,대전광역시 중구청,2022-09-16
대사동385,1,대전광역시 중구 충무로71번길23-31,대전광역시 중구 대사동228-4,36.31823349,127.424057,,건축물,042-606-6843,대전광역시 중구청,2022-09-16
대사동386,1,대전광역시 중구 충무로71번길23-11,대전광역시 중구 대사동114-1,36.31826782,127.4242935,,한전주,042-606-6843,대전광역시 중구청,2022-09-16
대사동387,1,대전광역시 중구 충무로71번길23-7,대전광역시 중구 대사동116-19,36.31818771,127.4245911,,한전주,042-606-6843,대전광역시 중구청,2022-09-16
대사동388,1,대전광역시 중구 충무로71번길24,대전광역시 중구 대사동117-1,36.3181839,127.4248886,,건축물,042-606-6843,대전광역시 중구청,2022-09-16
대사동389,1,대전광역시 중구 충무로71번길28,대전광역시 중구 대흥동898-18,36.31825638,127.4250107,,전용주,042-606-6843,대전광역시 중구청,2022-09-16
대사동390,1,대전광역시 중구 보문로169-7,대전광역시 중구 대사동117-20,36.3179245,127.4250488,,한전주,042-606-6843,대전광역시 중구청,2022-09-16
대사동391,1,대전광역시 중구 충무로71번길10,대전광역시 중구 대사동118-18,36.31760406,127.4252625,,한전주,042-606-6843,대전광역시 중구청,2022-09-16
대사동392,1,대전광역시 중구 충무로71,대전광역시 중구 대사동99-1,36.31744385,127.4255753,,한전주,042-606-6843,대전광역시 중구청,2022-09-16
대사동393,1,,대전광역시 중구 대사동120-7,36.31629153,127.4254947,,한전주,042-606-6843,대전광역시 중구청,2022-09-16
대사동394,1,,대전광역시 중구 대사동산 1-27,36.31370442,127.4263297,,전용주,042-606-6843,대전광역시 중구청,2022-09-16
대사동395,1,,대전광역시 중구 대사동248-411,36.32002164,127.4167593,,전용주,042-606-6843,대전광역시 중구청,2022-09-16
대사동396,1,,대전광역시 중구 대사동135-170,36.31681369,127.4237381,,전용주,042-606-6843,대전광역시 중구청,2022-09-16
대사동397,1,,대전광역시 중구 대사동135-172,36.3171665,127.4239934,,전용주,042-606-6843,대전광역시 중구청,2022-09-16
대사동398,1,,대전광역시 중구 대사동247-285,36.31608923,127.4196252,,전용주,042-606-6843,대전광역시 중구청,2022-09-16
대사동399,1,,대전광역시 중구 대사동247-163,36.3159418,127.4192653,,전용주,042-606-6843,대전광역시 중구청,2022-09-16
대사동400,1,,대전광역시 중구 대사동247-335,36.31579624,127.419014,,전용주,042-606-6843,대전광역시 중구청,2022-09-16
대사동401,1,,대전광역시 중구 대사동184-3,36.31010759,127.4272761,,한전주,042-606-6843,대전광역시 중구청,2022-09-16
대사동402,1,,대전광역시 중구 대사동184-3,36.31033077,127.4272383,,,042-606-6843,대전광역시 중구청,2022-09-16
대사동403,1,,대전광역시 중구 대사동127-3,36.31607471,127.4250119,,한전주,042-606-6843,대전광역시 중구청,2022-09-16
대사동404,1,,대전광역시 중구 대사동248-27,36.31543674,127.4180934,,한전주,042-606-6843,대전광역시 중구청,2022-09-16
대사동405,1,,대전광역시 중구 대사동640-1,36.31515152,127.417833,,한전주,042-606-6843,대전광역시 중구청,2022-09-16
대사동406,1,,대전광역시 중구 대사동640-1,36.31503851,127.4172923,,한전주,042-606-6843,대전광역시 중구청,2022-09-16
대사동407,1,,대전광역시 중구 대사동산 1-63,36.31355321,127.426404,,전용주,042-606-6843,대전광역시 중구청,2022-09-16
대사동408,1,,대전광역시 중구 대사동179-13,36.31331191,127.4264695,,전용주,042-606-6843,대전광역시 중구청,2022-09-16
대사동409,1,,대전광역시 중구 대사동640-1,36.31510272,127.4176156,,전용주,042-606-6843,대전광역시 중구청,2022-09-16
대흥동001,1,대전광역시 중구 대종초396번길5,대전광역시 중구 대흥동49-5,36.32053375,127.4309006,,한전주,042-606-6843,대전광역시 중구청,2022-09-16
대흥동002,1,대전광역시 중구 대종로396번길5,대전광역시 중구 대흥동48-12,36.32064438,127.4311981,,한전주,042-606-6843,대전광역시 중구청,2022-09-16
대흥동003,1,대전광역시 중구 인창로6번길,대전광역시 중구 대흥동49-41,36.32078171,127.4311829,,한전주,042-606-6843,대전광역시 중구청,2022-09-16
대흥동004,1,대전광역시 중구 문창로93-16,대전광역시 중구 대흥동47-6,36.32106781,127.4313812,,한전주,042-606-6843,대전광역시 중구청,2022-09-16
대흥동005,1,대전광역시 중구 문창로93-10,대전광역시 중구 대흥동49-1,36.32117081,127.431694,,한전주,042-606-6843,대전광역시 중구청,2022-09-16
대흥동006,1,대전광역시 중구 대종로402번길6,대전광역시 중구 대흥동50-10,36.32117462,127.4308548,,한전주,042-606-6843,대전광역시 중구청,2022-09-16
대흥동007,1,대전광역시 중구 대종로402번길15,대전광역시 중구 대흥동46-33,36.32133484,127.4311371,,한전주,042-606-6843,대전광역시 중구청,2022-09-16
대흥동008,1,대전광역시 중구 대종로402번길23,대전광역시 중구 대흥동46-46,36.32144547,127.4315186,,한전주,042-606-6843,대전광역시 중구청,2022-09-16
대흥동009,1,대전광역시 중구 대종로402번길24,대전광역시 중구 대흥동46-47,36.32144928,127.4316559,,전용주,042-606-6843,대전광역시 중구청,2022-09-16
대흥동010,1,대전광역시 중구 대종로402번길27,대전광역시 중구 대흥동46-39,36.32151031,127.4317169,,한전주,042-606-6843,대전광역시 중구청,2022-09-16
대흥동011,1,대전광역시 중구 문창로101-21,대전광역시 중구 대흥동46-31,36.32159042,127.4308701,,한전주,042-606-6843,대전광역시 중구청,2022-09-16
대흥동012,1,대전광역시 중구 문창로101-11,대전광역시 중구 대흥동45-16,36.32174683,127.4312973,,한전주,042-606-6843,대전광역시 중구청,2022-09-16
대흥동013,1,대전광역시 중구 안창로6번길5,대전광역시 중구 대흥동46-36,36.32167816,127.4306793,,한전주,042-606-6843,대전광역시 중구청,2022-09-16
대흥동014,1,대전광역시 중구 대흥롭58번길9,대전광역시 중구 대흥동38-11,36.3222084,127.4304047,,한전주,042-606-6843,대전광역시 중구청,2022-09-16
대흥동015,1,대전광역시 중구 문창로109-18,대전광역시 중구 대흥동38-3,36.32236862,127.4305878,,한전주,042-606-6843,대전광역시 중구청,2022-09-16
대흥동016,1,대전광역시 중구 문창로109-16,대전광역시 중구 대흥동43-6,36.32244873,127.4308014,,한전주,042-606-6843,대전광역시 중구청,2022-09-16
대흥동017,1,대전광역시 중구 대흥로158번길47,대전광역시 중구 대흥동37-13,36.32257843,127.4301758,,한전주,042-606-6843,대전광역시 중구청,2022-09-16
대흥동018,1,대전광역시 중구 문창로113-17,대전광역시 중구 대흥동38-5,36.32262802,127.4304276,,한전주,042-606-6843,대전광역시 중구청,2022-09-16
대흥동019,1,대전광역시 중구 문창로113-15,대전광역시 중구 대흥동36-10,36.3227005,127.4306335,,한전주,042-606-6843,대전광역시 중구청,2022-09-16
대흥동020,1,대전광역시 중구 대흥로158번길46,대전광역시 중구 대흥동37-12,36.32280731,127.4300385,,한전주,042-606-6843,대전광역시 중구청,2022-09-16
대흥동021,1,대전광역시 중구 대종로422번길17,대전광역시 중구 대흥동36-5,36.32302475,127.4303665,,전용주,042-606-6843,대전광역시 중구청,2022-09-16
대흥동022,1,대전광역시 중구 대종로422번길,대전광역시 중구 대흥동36-42,36.32313919,127.4306641,,한전주,042-606-6843,대전광역시 중구청,2022-09-16
대흥동023,1,대전광역시 중구 대흥로158번길37,대전광역시 중구 대흥동408-2,36.32313156,127.4297714,,한전주,042-606-6843,대전광역시 중구청,2022-09-16
대흥동024,1,대전광역시 중구 문창로119-19,대전광역시 중구 대흥동33-16,36.32324982,127.4301453,,한전주,042-606-6843,대전광역시 중구청,2022-09-16
대흥동025,1,대전광역시 중구 문창로119-9,대전광역시 중구 대흥동35-9,36.32341385,127.4305801,,전용주,042-606-6843,대전광역시 중구청,2022-09-16
대흥동026,1,대전광역시 중구 문창로119-26,대전광역시 중구 대흥동33-4,36.32357407,127.4300003,,한전주,042-606-6843,대전광역시 중구청,2022-09-16
대흥동027,1,대전광역시 중구 문창로123-12,대전광역시 중구 대흥동33-1,36.32368469,127.4303284,,한전주,042-606-6843,대전광역시 중구청,2022-09-16
대흥동028,1,대전광역시 중구 문창로119-14,대전광역시 중구 대흥동35-1,36.32349014,127.430397,,전용주,042-606-6843,대전광역시 중구청,2022-09-16
대흥동029,1,대전광역시 중구 문창로123-6,대전광역시 중구 대흥동34,36.32374573,127.4305115,,전용주,042-606-6843,대전광역시 중구청,2022-09-16
대흥동030,1,대전광역시 중구 대종로432번길17,대전광역시 중구 대흥동31-13,36.32387543,127.4299164,,한전주,042-606-6843,대전광역시 중구청,2022-09-16
대흥동031,1,대전광역시 중구 대종로432번길27,대전광역시 중구 대흥동25-18,36.32400513,127.4302521,,한전주,042-606-6843,대전광역시 중구청,2022-09-16
대흥동032,1,대전광역시 중구 대종로432번길5,대전광역시 중구 대흥동169-10,36.32373047,127.4294205,,한전주,042-606-6843,대전광역시 중구청,2022-09-16
대흥동033,1,대전광역시 중구 문창로131-14,대전광역시 중구 대흥동117-21,36.32422256,127.4296799,,한전주,042-606-6843,대전광역시 중구청,2022-09-16
대흥동034,1,대전광역시 중구 문창로131-10,대전광역시 중구 대흥동30-4,36.32432175,127.4299927,,한전주,042-606-6843,대전광역시 중구청,2022-09-16
대흥동035,1,,대전광역시 중구 대흥동176-31,36.32423401,127.4309769,,한전주,042-606-6843,대전광역시 중구청,2022-09-16
대흥동036,1,대전광역시 중구 대흥로176-30,대전광역시 중구 대흥동115-7,36.32481003,127.4309311,,한전주,042-606-6843,대전광역시 중구청,2022-09-16
대흥동037,1,대전광역시 중구 대흥로176-32,대전광역시 중구 대흥동115-11,36.32467091,127.4309638,,한전주,042-606-6843,대전광역시 중구청,2022-09-16
대흥동038,1,대전광역시 중구 대흥로178,대전광역시 중구 대흥동104-7,36.32504654,127.4316254,,한전주,042-606-6843,대전광역시 중구청,2022-09-16
대흥동039,1,대전광역시 중구 대전천서로409-10,대전광역시 중구 대흥동102-4,36.32581329,127.4314346,,한전주,042-606-6843,대전광역시 중구청,2022-09-16
대흥동040,1,대전광역시 중구 대종로452번길20,대전광역시 중구 대흥동3-27,36.32627487,127.4309464,,건축물,042-606-6843,대전광역시 중구청,2022-09-16
대흥동041,1,대전광역시 중구 대흥롭75번길17,대전광역시 중구 대흥동96-1,36.32607651,127.4306412,,건축물,042-606-6843,대전광역시 중구청,2022-09-16
대흥동042,1,대전광역시 중구 대흥로169번길21,대전광역시 중구 대흥동93-1,36.3260231,127.4302063,,한전주,042-606-6843,대전광역시 중구청,2022-09-16
대흥동043,1,대전광역시 중구 대흥로169번길21,대전광역시 중구 대흥동93-1,36.32600021,127.4301834,,한전주,042-606-6843,대전광역시 중구청,2022-09-16
대흥동044,1,대전광역시 중구 대종로452번길38,대전광역시 중구 대흥동92-1,36.32582855,127.429985,,한전주,042-606-6843,대전광역시 중구청,2022-09-16
대흥동045,1,대전광역시 중구 대흥로460번길37,대전광역시 중구 대흥동90-1,36.32661057,127.4297943,,한전주,042-606-6843,대전광역시 중구청,2022-09-16
대흥동046,1,대전광역시 중구 대흥로175번길36,대전광역시 중구 대흥동3-10,36.32685852,127.4304352,,건축물,042-606-6843,대전광역시 중구청,2022-09-16
대흥동047,1,대전광역시 중구 대종로460번길61,대전광역시 중구 대흥동3-1,36.32698441,127.4306793,,건축물,042-606-6843,대전광역시 중구청,2022-09-16
대흥동048,1,대전광역시 중구 대전천서로427-8,대전광역시 중구 대흥동1-12,36.32720184,127.4302902,,건축물,042-606-6843,대전광역시 중구청,2022-09-16
대흥동049,1,대전광역시 중구 대전천서로439,대전광역시 중구 대흥동1-14,36.32726288,127.4304657,,건축물,042-606-6843,대전광역시 중구청,2022-09-16
대흥동050,1,대전광역시 중구 대흥로175번길33,대전광역시 중구 대흥동4-2,36.32669449,127.430191,,건축물,042-606-6843,대전광역시 중구청,2022-09-16
대흥동051,1,대전광역시 중구 대흥로169번길46,대전광역시 중구 대흥동5-25,36.32699966,127.4296799,,한전주,042-606-6843,대전광역시 중구청,2022-09-16
대흥동052,1,대전광역시 중구 대흥로169번길39,대전광역시 중구 대흥동5-19,36.32679367,127.4298096,,한전주,042-606-6843,대전광역시 중구청,2022-09-16
대흥동053,1,대전광역시 중구 대흥로169번길21,대전광역시 중구 대흥동90-2,36.32626343,127.4300537,,한전주,042-606-6843,대전광역시 중구청,2022-09-16
대흥동054,1,대전광역시 중구 대흥로157번길27,대전광역시 중구 대흥동121-1,36.32574081,127.4294815,,한전주,042-606-6843,대전광역시 중구청,2022-09-16
대흥동055,1,대전광역시 중구 대흥로452번길26,대전광역시 중구 대흥동121-2,36.32555008,127.4294915,,한전주,042-606-6843,대전광역시 중구청,2022-09-16
대흥동056,1,대전광역시 중구 대흥로452번길23,대전광역시 중구 대흥동124-2,36.32558441,127.4290695,,한전주,042-606-6843,대전광역시 중구청,2022-09-16
대흥동057,1,대전광역시 중구 대흥로157,대전광역시 중구 대흥동119-6,36.32497025,127.429245,,한전주,042-606-6843,대전광역시 중구청,2022-09-16
대흥동058,1,대전광역시 중구 대흥로157번길16,대전광역시 중구 대흥동123-1,36.32539368,127.4290009,,한전주,042-606-6843,대전광역시 중구청,2022-09-16
대흥동059,1,대전광역시 중구 대흥로157번길28,대전광역시 중구 대흥동133,36.32595825,127.4290085,,한전주,042-606-6843,대전광역시 중구청,2022-09-16
대흥동060,1,대전광역시 중구 대흥로157번길31,대전광역시 중구 대흥동133,36.32595062,127.4285889,,한전주,042-606-6843,대전광역시 중구청,2022-09-16
대흥동061,1,,대전광역시 중구 대흥동134,36.3261795,127.4286041,,한전주,042-606-6843,대전광역시 중구청,2022-09-16
대흥동062,1,대전광역시 중구 대종로460번길25,대전광역시 중구 대흥동131-1,36.32629013,127.4289093,,한전주,042-606-6843,대전광역시 중구청,2022-09-16
대흥동063,1,,대전광역시 중구 대흥동135,36.32640839,127.4284439,,한전주,042-606-6843,대전광역시 중구청,2022-09-16
대흥동064,1,대전광역시 중구 대흥로157번길40-7,대전광역시 중구 대흥동148-4,36.32660294,127.4287338,,한전주,042-606-6843,대전광역시 중구청,2022-09-16
대흥동065,1,대전광역시 중구 종교로74-9,대전광역시 중구 대흥동153-5,36.32625961,127.427948,,전용주,042-606-6843,대전광역시 중구청,2022-09-16
대흥동066,1,대전광역시 중구 종교6길42,대전광역시 중구 대흥동152-2,36.32604218,127.4281616,,한전주,042-606-6843,대전광역시 중구청,2022-09-16
대흥동067,1,,대전광역시 중구 대흥동161-13,36.32533646,127.4284058,,한전주,042-606-6843,대전광역시 중구청,2022-09-16
대흥동068,1,대전광역시 중구 대종로451-11,대전광역시 중구 대흥동179-1,36.32461929,127.4271851,,한전주,042-606-6843,대전광역시 중구청,2022-09-16
대흥동069,1,,대전광역시 중구 대흥동181-11,36.32532883,127.4273529,,전용주,042-606-6843,대전광역시 중구청,2022-09-16
대흥동070,1,대전광역시 중구 대종로459-10,대전광역시 중구 대흥동184-8,36.32559967,127.4270325,,전용주,042-606-6843,대전광역시 중구청,2022-09-16
대흥동071,1,대전광역시 중구 대흥로127번길29,대전광역시 중구 대흥동409-3,36.3253479,127.4253693,,한전주,042-606-6843,대전광역시 중구청,2022-09-16
대흥동072,1,대전광역시 중구 대흥로127번길29,대전광역시 중구 대흥동409-15,36.3251915,127.4254608,,한전주,042-606-6843,대전광역시 중구청,2022-09-16
대흥동073,1,대전광역시 중구 대흥로127번길30-7,대전광역시 중구 대흥동409-2,36.32501221,127.4255676,,한전주,042-606-6843,대전광역시 중구청,2022-09-16
대흥동074,1,대전광역시 중구 대흥로127번길30-7,대전광역시 중구 대흥동409-2,36.3249321,127.4253693,,전용주,042-606-6843,대전광역시 중구청,2022-09-16
대흥동075,1,대전광역시 중구 대흥로127번길13,대전광역시 중구 대흥동412-5,36.32465744,127.4257584,,한전주,042-606-6843,대전광역시 중구청,2022-09-16
대흥동076,1,대전광역시 중구 대흥로127번길7,대전광역시 중구 대흥동412-8,36.32445908,127.4258881,,한전주,042-606-6843,대전광역시 중구청,2022-09-16
대흥동077,1,대전광역시 중구 대흥로127번길3,대전광역시 중구 대흥동412-9,36.32422638,127.4260254,,한전주,042-606-6843,대전광역시 중구청,2022-09-16
대흥동078,1,대전광역시 중구 보문로230번길76,대전광역시 중구 대흥동440-6,36.32448959,127.4268646,,한전주,042-606-6843,대전광역시 중구청,2022-09-16
대흥동079,1,대전광역시 중구 보문로230번길72,대전광역시 중구 대흥동437-5,36.32439804,127.4266957,,한전주,042-606-6843,대전광역시 중구청,2022-09-16
대흥동080,1,대전광역시 중구 대흥로131-7,대전광역시 중구 대흥동420,36.32429886,127.4262924,,한전주,042-606-6843,대전광역시 중구청,2022-09-16
대흥동081,1,대전광역시 중구 보문로230번길55,대전광역시 중구 대흥동412-13,36.32410049,127.425705,,한전주,042-606-6843,대전광역시 중구청,2022-09-16
대흥동082,1,,대전광역시 중구 대흥동189,36.3264122,127.4262619,,건축물,042-606-6843,대전광역시 중구청,2022-09-16
대흥동083,1,대전광역시 중구 중앙로138번길40,대전광역시 중구 대흥동217-2,36.3266716,127.4261169,,전용주,042-606-6843,대전광역시 중구청,2022-09-16
대흥동084,1,대전광역시 중구 중앙로138번길34,대전광역시 중구 대흥동216-1,36.32685471,127.4260025,,건축물,042-606-6843,대전광역시 중구청,2022-09-16
대흥동085,1,대전광역시 중구 중앙로138번길16,대전광역시 중구 대흥동197,36.32761765,127.4255676,,건축물,042-606-6843,대전광역시 중구청,2022-09-16
대흥동086,1,대전광역시 중구 중앙로138번길16,대전광역시 중구 대흥동대흥동197,36.32772235,127.4256682,,건축물,042-606-6843,대전광역시 중구청,2022-09-16
대흥동087,1,대전광역시 중구 중앙로130번길35,대전광역시 중구 대흥동227,36.32653046,127.4252625,,건축물,042-606-6843,대전광역시 중구청,2022-09-16
대흥동088,1,대전광역시 중구 종교로51,대전광역시 중구 대흥동250-1,36.3260231,127.4253311,,건축물,042-606-6843,대전광역시 중구청,2022-09-16
대흥동089,1,대전광역시 중구 중앙로130번길37-12,대전광역시 중구 대흥동216-7,36.32673645,127.4257278,,전용주,042-606-6843,대전광역시 중구청,2022-09-16
대흥동090,1,대전광역시 중구 중아로130번길37-9,대전광역시 중구 대흥동225-6,36.32663727,127.4254761,,건축물,042-606-6843,대전광역시 중구청,2022-09-16
대흥동091,1,대전광역시 중구 보문로254번길47,대전광역시 중구 대흥동246-5,36.32619476,127.4247208,,건축물,042-606-6843,대전광역시 중구청,2022-09-16
대흥동092,1,대전광역시 중구 보문로254번길45,대전광역시 중구 대흥동292-3,36.32608414,127.4244385,,건축물,042-606-6843,대전광역시 중구청,2022-09-16
대흥동093,1,대전광역시 중구 보문로262번길48,대전광역시 중구 대흥동213-7,36.32701492,127.4244661,,건축물,042-606-6843,대전광역시 중구청,2022-09-16
대흥동094,1,대전광역시 중구 보문로262번길48,대전광역시 중구 대흥동212-1,36.3269577,127.4243774,,건축물,042-606-6843,대전광역시 중구청,2022-09-16
대흥동095,1,대전광역시 중구 보문로262번길44,대전광역시 중구 대흥동212-2,36.32688904,127.4241943,,건축물,042-606-6843,대전광역시 중구청,2022-09-16
대흥동096,1,대전광역시 중구 보문로268번길22,대전광역시 중구 대흥동208-1,36.3272934,127.4239349,,건축물,042-606-6843,대전광역시 중구청,2022-09-16
대흥동097,1,대전광역시 중구 보문로268번길30,대전광역시 중구 대흥동206-4,36.32741928,127.4242783,,건축물,042-606-6843,대전광역시 중구청,2022-09-16
대흥동098,1,대전광역시 중구 중앙로122번길14,대전광역시 중구 대흥동492-1,36.32714844,127.4235382,,건축물,042-606-6843,대전광역시 중구청,2022-09-16
대흥동099,1,대전광역시 중구 중앙로112번길13,대전광역시 중구 대흥동490-10,36.32692719,127.4229202,,건축물,042-606-6843,대전광역시 중구청,2022-09-16
대흥동100,1,대전광역시 중구 중앙로112번길13,대전광역시 중구 대흥동490,36.32685089,127.4228287,,건축물,042-606-6843,대전광역시 중구청,2022-09-16
대흥동101,1,대전광역시 중구 보물로262번길29,대전광역시 중구 대흥동491-6,36.32673264,127.4235764,,건축물,042-606-6843,대전광역시 중구청,2022-09-16
대흥동102,1,대전광역시 중구 보문로262번길26,대전광역시 중구 대흥동479-2,36.32652664,127.4232254,,건축물,042-606-6843,대전광역시 중구청,2022-09-16
대흥동103,1,대전광역시 중구 보문로262번길24,대전광역시 중구 대흥동488,36.32640839,127.4228592,,건축물,042-606-6843,대전광역시 중구청,2022-09-16
대흥동104,1,대전광역시 중구 중앙로112번길19,대전광역시 중구 대흥동489-2,36.3265152,127.4229813,,건축물,042-606-6843,대전광역시 중구청,2022-09-16
대흥동105,1,대전광역시 중구 보문로112번길24,대전광역시 중구 대흥동488-17,36.32633972,127.4229965,,건축물,042-606-6843,대전광역시 중구청,2022-09-16
대흥동106,1,대전광역시 중구 보문로260번길17,대전광역시 중구 대흥동480-3,36.32616806,127.4230881,,건축물,042-606-6843,대전광역시 중구청,2022-09-16
대흥동107,1,대전광역시 중구 중앙로112번길34,대전광역시 중구 대흥동471-1,36.32601929,127.4231567,,건축물,042-606-6843,대전광역시 중구청,2022-09-16
대흥동109,1,대전광역시 중구 중앙로122번길42,대전광역시 중구 대흥동459-1,36.32594681,127.4241867,,건축물,042-606-6843,대전광역시 중구청,2022-09-16
대흥동110,1,대전광역시 중구 보문로254번길27,대전광역시 중구 대흥동474,36.32584381,127.4237213,,전용주,042-606-6843,대전광역시 중구청,2022-09-16
대흥동111,1,대전광역시 중구 중앙로112번길42,대전광역시 중구 대흥동464-1,36.32562637,127.4233704,,건축물,042-606-6843,대전광역시 중구청,2022-09-16
대흥동113,1,대전광역시 중구 보문로254번길16,대전광역시 중구 대흥동466-11,36.32551575,127.4230042,,건축물,042-606-6843,대전광역시 중구청,2022-09-16
대흥동114,1,대전광역시 중구 보문로254,대전광역시 중구 대흥동466-11,36.3253479,127.4224854,,건축물,042-606-6843,대전광역시 중구청,2022-09-16
대흥동115,1,대전광역시 중구 중교로28번길11,대전광역시 중구 대흥동452-32,36.32465363,127.4231873,,한전주,042-606-6843,대전광역시 중구청,2022-09-16
대흥동116,1,대전광역시 중구 중교로28번길16,대전광역시 중구 대흥동452-35,36.32443237,127.423378,,한전주,042-606-6843,대전광역시 중구청,2022-09-16
대흥동117,1,대전광역시 중구 중교로28번길21,대전광역시 중구 대흥동452-37,36.32410431,127.4234772,,한전주,042-606-6843,대전광역시 중구청,2022-09-16
대흥동118,1,대전광역시 중구 중교로28번길31,대전광역시 중구 대흥동452-128,36.32383728,127.4237595,,한전주,042-606-6843,대전광역시 중구청,2022-09-16
대흥동119,1,대전광역시 중구 중교로28번길17,대전광역시 중구 대흥동452-40,36.32389069,127.4239502,,한전주,042-606-6843,대전광역시 중구청,2022-09-16
대흥동120,1,대전광역시 중구 보문로230번길6,대전광역시 중구 대흥동451-2,36.32327271,127.4231949,,한전주,042-606-6843,대전광역시 중구청,2022-09-16
대흥동121,1,대전광역시 중구 보문로230번길14,대전광역시 중구 대흥동451-9,36.32339096,127.4235611,,한전주,042-606-6843,대전광역시 중구청,2022-09-16
대흥동122,1,대전광역시 중구 보문로230번길21,대전광역시 중구 대흥동448,36.32345963,127.4239578,,한전주,042-606-6843,대전광역시 중구청,2022-09-16
대흥동123,1,,대전광역시 중구 대흥동447-2,36.32361984,127.4244232,,한전주,042-606-6843,대전광역시 중구청,2022-09-16
대흥동124,1,대전광역시 중구 보문로230번길37,대전광역시 중구 대흥동452-121,36.32381439,127.4248428,,한전주,042-606-6843,대전광역시 중구청,2022-09-16
대흥동125,1,대전광역시 중구 보문로230번길43,대전광역시 중구 대흥동453-6,36.32395554,127.4252396,,한전주,042-606-6843,대전광역시 중구청,2022-09-16
대흥동126,1,대전광역시 중구 대홍로111번길14,대전광역시 중구 대흥동452-28,36.32387161,127.4243851,,한전주,042-606-6843,대전광역시 중구청,2022-09-16
대흥동127,1,대전광역시 중구 대흥로111번길24,대전광역시 중구 대흥동452-22,36.32418442,127.4242249,,한전주,042-606-6843,대전광역시 중구청,2022-09-16
대흥동128,1,대전광역시 중구 대흥로111번길24,대전광역시 중구 대흥동452-22,36.32439804,127.4241104,,한전주,042-606-6843,대전광역시 중구청,2022-09-16
대흥동129,1,대전광역시 중구 대홍로111번길30-8,대전광역시 중구 대흥동452-21,36.32450485,127.4243469,,한전주,042-606-6843,대전광역시 중구청,2022-09-16
대흥동130,1,대전광역시 중구 대흥로111번길27,대전광역시 중구 대흥동455-1,36.324646,127.4247437,,한전주,042-606-6843,대전광역시 중구청,2022-09-16
대흥동131,1,대전광역시 중구 대흥로111번길30-1,대전광역시 중구 대흥동452-103,36.3245697,127.4240112,,한전주,042-606-6843,대전광역시 중구청,2022-09-16
대흥동132,1,대전광역시 중구 대흥로111번길36,대전광역시 중구 대흥동452-12,36.3248024,127.4238892,,한전주,042-606-6843,대전광역시 중구청,2022-09-16
대흥동133,1,대전광역시 중구 대흥로111번길40-8,대전광역시 중구 대흥동452-9,36.32489777,127.424118,,한전주,042-606-6843,대전광역시 중구청,2022-09-16
대흥동134,1,대전광역시 중구 보문로253-15,대전광역시 중구 대흥동505-3,36.32498169,127.4212723,,한전주,042-606-6843,대전광역시 중구청,2022-09-16
대흥동135,1,대전광역시 중구 중교로7-11,대전광역시 중구 대흥동502-8,36.3247261,127.4206696,,한전주,042-606-6843,대전광역시 중구청,2022-09-16
대흥동136,1,대전광역시 중구 중교로7-7,대전광역시 중구 대흥동502-16,36.32440186,127.420845,,한전주,042-606-6843,대전광역시 중구청,2022-09-16
대흥동137,1,대전광역시 중구 대흥로71번길24,대전광역시 중구 대흥동508-32,36.32423782,127.4221039,,한전주,042-606-6843,대전광역시 중구청,2022-09-16
대흥동138,1,대전광역시 중구 대흥로71번길18,대전광역시 중구 대흥동508-38,36.32408524,127.4216614,,한전주,042-606-6843,대전광역시 중구청,2022-09-16
대흥동139,1,대전광역시 중구 대흥로71번길10,대전광역시 중구 대흥동508-43,36.32395935,127.4213257,,한전주,042-606-6843,대전광역시 중구청,2022-09-16
대흥동140,1,대전광역시 중구 대흥로75번길6,대전광역시 중구 대흥동508-57,36.32362366,127.4215012,,한전주,042-606-6843,대전광역시 중구청,2022-09-16
대흥동141,1,대전광역시 중구 대흥로75번길8,대전광역시 중구 대흥동508-105,36.3237114,127.4217606,,한전주,042-606-6843,대전광역시 중구청,2022-09-16
대흥동142,1,대전광역시 중구 대흥로75번길17,대전광역시 중구 대흥동508-55,36.32382584,127.4220734,,한전주,042-606-6843,대전광역시 중구청,2022-09-16
대흥동143,1,대전광역시 중구 대흥로75번길18,대전광역시 중구 대흥동508-53,36.3238945,127.4222641,,한전주,042-606-6843,대전광역시 중구청,2022-09-16
대흥동144,1,대전광역시 중구 보문로235-5,대전광역시 중구 대흥동508-61,36.32351303,127.4223404,,한전주,042-606-6843,대전광역시 중구청,2022-09-16
대흥동145,1,,대전광역시 중구 대흥동521-3,36.32424164,127.4195023,,전용주,042-606-6843,대전광역시 중구청,2022-09-16
대흥동146,1,대전광역시 중구 대흥로28번길43,대전광역시 중구 대흥동525-2,36.32309341,127.4189072,,한전주,042-606-6843,대전광역시 중구청,2022-09-16
대흥동147,1,대전광역시 중구 대흥로28번길37,대전광역시 중구 대흥동525-9,36.32296753,127.4185333,,한전주,042-606-6843,대전광역시 중구청,2022-09-16
대흥동148,1,대전광역시 중구 대흥로28번길44-1,대전광역시 중구 대흥동525-5,36.32289505,127.4183044,,한전주,042-606-6843,대전광역시 중구청,2022-09-16
대흥동149,1,대전광역시 중구 대흥로28번길42,대전광역시 중구 대흥동528-2,36.32278442,127.4179688,,한전주,042-606-6843,대전광역시 중구청,2022-09-16
대흥동150,1,대전광역시 중구 대흥로28번길21,대전광역시 중구 대흥동530-4,36.32286072,127.4176941,,건축물,042-606-6843,대전광역시 중구청,2022-09-16
대흥동151,1,대전광역시 중구 대흥로28번길19,대전광역시 중구 대흥동533-3,36.3227005,127.4176483,,한전주,042-606-6843,대전광역시 중구청,2022-09-16
대흥동152,1,대전광역시 중구 대흥로28번길15,대전광역시 중구 대흥동533-8,36.32261276,127.4174271,,한전주,042-606-6843,대전광역시 중구청,2022-09-16
대흥동153,1,대전광역시 중구 테미로51-20,대전광역시 중구 대흥동511-2,36.32274246,127.4213562,,한전주,042-606-6843,대전광역시 중구청,2022-09-16
대흥동154,1,대전광역시 중구 테미로51-18,대전광역시 중구 대흥동511-4,36.32273483,127.4215012,,한전주,042-606-6843,대전광역시 중구청,2022-09-16
대흥동155,1,대전광역시 중구 테미로51-8,대전광역시 중구 대흥동513-5,36.32245636,127.4219742,,한전주,042-606-6843,대전광역시 중구청,2022-09-16
대흥동156,1,대전광역시 중구 대흥로66번길36,대전광역시 중구 대흥동519-50,36.32224274,127.4208984,,한전주,042-606-6843,대전광역시 중구청,2022-09-16
대흥동157,1,대전광역시 중구 충무로15번길90,대전광역시 중구 대흥동519-50,36.32204819,127.4207764,,한전주,042-606-6843,대전광역시 중구청,2022-09-16
대흥동158,1,대전광역시 중구 충무로15번길86,대전광역시 중구 대흥동519-48,36.32186127,127.4206543,,한전주,042-606-6843,대전광역시 중구청,2022-09-16
대흥동159,1,대전광역시 중구 충무로15번길56-18,대전광역시 중구 대흥동296-1,36.32143402,127.4203033,,한전주,042-606-6843,대전광역시 중구청,2022-09-16
대흥동160,1,대전광역시 중구 충무로15번길72,대전광역시 중구 대흥동285-9,36.32133102,127.420166,,전용주,042-606-6843,대전광역시 중구청,2022-09-16
대흥동161,1,대전광역시 중구 충무로15번길60,대전광역시 중구 대흥동298-5,36.32094955,127.4199295,,한전주,042-606-6843,대전광역시 중구청,2022-09-16
대흥동162,1,대전광역시 중구 테미로25-5,대전광역시 중구 대흥동298-21,36.32079315,127.419899,,한전주,042-606-6843,대전광역시 중구청,2022-09-16
대흥동163,1,대전광역시 중구 충무로15번길73,대전광역시 중구 대흥동285-11,36.32162857,127.4201813,,한전주,042-606-6843,대전광역시 중구청,2022-09-16
대흥동164,1,대전광역시 중구 충무로15번길71-4,대전광역시 중구 대흥동285-4,36.32156372,127.4200134,,전용주,042-606-6843,대전광역시 중구청,2022-09-16
대흥동165,1,대전광역시 중구 충무로15번길69-23,대전광역시 중구 대흥동272-3,36.32157135,127.4198456,,전용주,042-606-6843,대전광역시 중구청,2022-09-16
대흥동166,1,대전광역시 중구 충무롭5번길69-11,대전광역시 중구 대흥동273-1,36.32144547,127.4196854,,한전주,042-606-6843,대전광역시 중구청,2022-09-16
대흥동167,1,대전광역시 중구 충무로15번길61,대전광역시 중구 대흥동272-6,36.32115936,127.4198761,,한전주,042-606-6843,대전광역시 중구청,2022-09-16
대흥동168,1,대전광역시 중구 충무로15번길55,대전광역시 중구 대흥동271-4,36.32086563,127.4197235,,한전주,042-606-6843,대전광역시 중구청,2022-09-16
대흥동169,1,대전광역시 중구 충무로15번길55-8,대전광역시 중구 대흥동272-8,36.32105255,127.4195557,,한전주,042-606-6843,대전광역시 중구청,2022-09-16
대흥동170,1,대전광역시 중구 충무로15번길55-12,대전광역시 중구 대흥동274-1,36.32131577,127.4192963,,한전주,042-606-6843,대전광역시 중구청,2022-09-16
대흥동171,1,대전광역시 중구 테미로19번길28-6,대전광역시 중구 대흥동277-2,36.32089615,127.4190063,,한전주,042-606-6843,대전광역시 중구청,2022-09-16
대흥동172,1,대전광역시 중구 충무로15번길49,대전광역시 중구 대흥동268-1,36.32057571,127.4196167,,한전주,042-606-6843,대전광역시 중구청,2022-09-16
대흥동173,1,대전광역시 중구 테미로23-6,대전광역시 중구 대흥동300-41,36.32048416,127.4199448,,전용주,042-606-6843,대전광역시 중구청,2022-09-16
대흥동174,1,대전광역시 중구 충무로15번길49-6,대전광역시 중구 대흥동266-2,36.32062912,127.4193039,,전용주,042-606-6843,대전광역시 중구청,2022-09-16
대흥동175,1,대전광역시 중구 테미로3,대전광역시 중구 대흥동300-5,36.3201828,127.4196854,,한전주,042-606-6843,대전광역시 중구청,2022-09-16
대흥동176,1,대전광역시 중구 테미로19번길14,대전광역시 중구 대흥동240-2,36.32038116,127.419426,,한전주,042-606-6843,대전광역시 중구청,2022-09-16
대흥동177,1,대전광역시 중구 테미로19번길19,대전광역시 중구 대흥동266-7,36.32051849,127.419136,,한전주,042-606-6843,대전광역시 중구청,2022-09-16
대흥동178,1,대전광역시 중구 테미로19번길25,대전광역시 중구 대흥동262-8,36.32073212,127.418808,,전용주,042-606-6843,대전광역시 중구청,2022-09-16
대흥동179,1,대전광역시 중구 대흥로24번길45-8,대전광역시 중구 대흥동262-8,36.3206749,127.4186783,,한전주,042-606-6843,대전광역시 중구청,2022-09-16
대흥동180,1,대전광역시 중구 대흥로24번길45-3,대전광역시 중구 대흥동262-9,36.32062149,127.4185181,,한전주,042-606-6843,대전광역시 중구청,2022-09-16
대흥동181,1,대전광역시 중구 테미로19번길33,대전광역시 중구 대흥동590-5,36.32095718,127.4185638,,전용주,042-606-6843,대전광역시 중구청,2022-09-16
대흥동182,1,대전광역시 중구 테미로19번길30-5,대전광역시 중구 대흥동282-15,36.32110596,127.4188004,,전용주,042-606-6843,대전광역시 중구청,2022-09-16
대흥동183,1,대전광역시 중구 테미로19번길38,대전광역시 중구 대흥동279-8,36.32108307,127.4184647,,한전주,042-606-6843,대전광역시 중구청,2022-09-16
대흥동184,1,대전광역시 중구 테미로19번길38,대전광역시 중구 대흥동279-21,36.32107544,127.4184799,,한전주,042-606-6843,대전광역시 중구청,2022-09-16
대흥동185,1,대전광역시 중구 테미로19번길36-7,대전광역시 중구 대흥동279-1,36.32131195,127.4187164,,건축물,042-606-6843,대전광역시 중구청,2022-09-16
대흥동186,1,대전광역시 중구 계룡로955번길68,대전광역시 중구 대흥동910-32,36.3214798,127.4182281,,한전주,042-606-6843,대전광역시 중구청,2022-09-16
대흥동187,1,대전광역시 중구 대흥로24번길46,대전광역시 중구 대흥동594-4,36.32047653,127.4183121,,한전주,042-606-6843,대전광역시 중구청,2022-09-16
대흥동188,1,대전광역시 중구 대흥로24번길51,대전광역시 중구 대흥동260-12,36.32035828,127.4186554,,한전주,042-606-6843,대전광역시 중구청,2022-09-16
대흥동189,1,대전광역시 중구 대흥로10번길69-11,대전광역시 중구 대흥동260-2,36.31993484,127.4185181,,한전주,042-606-6843,대전광역시 중구청,2022-09-16
대흥동190,1,대전광역시 중구 충무로7번길41,대전광역시 중구 대흥동596-4,36.31997299,127.418335,,건축물,042-606-6843,대전광역시 중구청,2022-09-16
대흥동191,1,대전광역시 중구 대흥로10번길73-6,대전광역시 중구 대흥동240-9,36.31965256,127.4187393,,한전주,042-606-6843,대전광역시 중구청,2022-09-16
대흥동192,1,대전광역시 중구 대흥로10번길73-8,대전광역시 중구 대흥동240-5,36.31980133,127.4188232,,한전주,042-606-6843,대전광역시 중구청,2022-09-16
대흥동193,1,대전광역시 중구 충무로11번길43,대전광역시 중구 대흥동240-252,36.32020187,127.4191208,,한전주,042-606-6843,대전광역시 중구청,2022-09-16
대흥동194,1,대전광역시 중구 충무로15번길46,대전광역시 중구 대흥동300-11,36.31971359,127.4194412,,한전주,042-606-6843,대전광역시 중구청,2022-09-16
대흥동195,1,대전광역시 중구 충무로15번길28,대전광역시 중구 대흥동240-27,36.31958771,127.419426,,한전주,042-606-6843,대전광역시 중구청,2022-09-16
대흥동196,1,대전광역시 중구 대흥로10번길88,대전광역시 중구 대흥동240-31,36.31923676,127.4193954,,한전주,042-606-6843,대전광역시 중구청,2022-09-16
대흥동197,1,대전광역시 중구 충무로15번길11,대전광역시 중구 대흥동240-180,36.31881332,127.4193726,,한전주,042-606-6843,대전광역시 중구청,2022-09-16
대흥동198,1,대전광역시 중구 충무로15,대전광역시 중구 대흥동240-44,36.31845856,127.4193726,,한전주,042-606-6843,대전광역시 중구청,2022-09-16
대흥동199,1,대전광역시 중구 충무로11번길29,대전광역시 중구 대흥동240-7,36.31975174,127.4190598,,한전주,042-606-6843,대전광역시 중구청,2022-09-16
대흥동200,1,대전광역시 중구 충무로11번길7,대전광역시 중구 대흥동240-66,36.31867599,127.4189835,,한전주,042-606-6843,대전광역시 중구청,2022-09-16
대흥동201,1,대전광역시 중구 충무로11번길15,대전광역시 중구 대흥동240-61,36.31897736,127.4189987,,한전주,042-606-6843,대전광역시 중구청,2022-09-16
대흥동202,1,대전광역시 중구 충무로11번길21,대전광역시 중구 대흥동240-57,36.31933212,127.4190216,,한전주,042-606-6843,대전광역시 중구청,2022-09-16
대흥동203,1,대전광역시 중구 대흥로10번길75,대전광역시 중구 대흥동904-3,36.31945419,127.4186325,,한전주,042-606-6843,대전광역시 중구청,2022-09-16
대흥동204,1,대전광역시 중구 충무로7번길18,대전광역시 중구 대흥동258-69,36.31906509,127.418602,,한전주,042-606-6843,대전광역시 중구청,2022-09-16
대흥동205,1,대전광역시 중구 충무로7번길12,대전광역시 중구 대흥동240-64,36.31878281,127.4185944,,한전주,042-606-6843,대전광역시 중구청,2022-09-16
대흥동206,1,대전광역시 중구 대흥로10번길69,대전광역시 중구 대흥동258-13,36.31949997,127.4183426,,한전주,042-606-6843,대전광역시 중구청,2022-09-16
대흥동207,1,대전광역시 중구 대흥로10번길69-9,대전광역시 중구 대흥동258-13,36.31966019,127.4183807,,한전주,042-606-6843,대전광역시 중구청,2022-09-16
대흥동208,1,대전광역시 중구 대흥로10번길68-8,대전광역시 중구 대흥동258-23,36.31916809,127.4181442,,한전주,042-606-6843,대전광역시 중구청,2022-09-16
대흥동209,1,대전광역시 중구 충무로10-6,대전광역시 중구 대흥동240-149,36.31788635,127.4186554,,전용주,042-606-6843,대전광역시 중구청,2022-09-16
대흥동210,1,대전광역시 중구 충무로12번길8,대전광역시 중구 대흥동240-142,36.31765747,127.4189835,,한전주,042-606-6843,대전광역시 중구청,2022-09-16
대흥동211,1,대전광역시 중구 충무로16번길12,대전광역시 중구 대흥동240-113,36.31775284,127.4194565,,한전주,042-606-6843,대전광역시 중구청,2022-09-16
대흥동212,1,대전광역시 중구 충무로16번길13,대전광역시 중구 대흥동240-89,36.31756592,127.4195709,,전용주,042-606-6843,대전광역시 중구청,2022-09-16
대흥동213,1,대전광역시 중구 충무로16번길15-5,대전광역시 중구 대흥동240-137,36.31763458,127.4198532,,전용주,042-606-6843,대전광역시 중구청,2022-09-16
대흥동214,1,대전광역시 중구 충무로16번길15-9,대전광역시 중구 대흥동240-138,36.31768799,127.4200363,,전용주,042-606-6843,대전광역시 중구청,2022-09-16
대흥동215,1,대전광역시 중구 충무로24-5,대전광역시 중구 대흥동240-131,36.31791306,127.4199219,,한전주,042-606-6843,대전광역시 중구청,2022-09-16
대흥동216,1,대전광역시 중구 보문산로400번길46,대전광역시 중구 대흥동307-55,36.31763077,127.4203186,,한전주,042-606-6843,대전광역시 중구청,2022-09-16
대흥동217,1,대전광역시 중구 충무로37-7,대전광역시 중구 대흥동326-453,36.31829071,127.4219208,,한전주,042-606-6843,대전광역시 중구청,2022-09-16
대흥동218,1,대전광역시 중구 테미로4-4,대전광역시 중구 대흥동307-26,36.318573,127.4203186,,한전주,042-606-6843,대전광역시 중구청,2022-09-16
대흥동219,1,대전광역시 중구 테미로2-14,대전광역시 중구 대흥동307-32,36.31870651,127.4206085,,한전주,042-606-6843,대전광역시 중구청,2022-09-16
대흥동220,1,대전광역시 중구 충무로33번길31,대전광역시 중구 대흥동326-305,36.31886292,127.4209366,,한전주,042-606-6843,대전광역시 중구청,2022-09-16
대흥동221,1,대전광역시 중구 테미로2-32,대전광역시 중구 대흥동326-91,36.31871414,127.4212341,,한전주,042-606-6843,대전광역시 중구청,2022-09-16
대흥동222,1,대전광역시 중구 충무로37-7,대전광역시 중구 대흥동326-455,36.31838226,127.4217072,,전용주,042-606-6843,대전광역시 중구청,2022-09-16
대흥동223,1,대전광역시 중구 충무로33번길5,대전광역시 중구 대흥동326-352,36.31813812,127.4214935,,전용주,042-606-6843,대전광역시 중구청,2022-09-16
대흥동224,1,대전광역시 중구 테미로4-4,대전광역시 중구 대흥동307-26,36.31871796,127.4203186,,한전주,042-606-6843,대전광역시 중구청,2022-09-16
대흥동225,1,대전광역시 중구 테미로4-11,대전광역시 중구 대흥동307-77,36.31887054,127.4204788,,전용주,042-606-6843,대전광역시 중구청,2022-09-16
대흥동226,1,대전광역시 중구 충무로33번길39,대전광역시 중구 대흥동326-270,36.31914139,127.4207306,,한전주,042-606-6843,대전광역시 중구청,2022-09-16
대흥동227,1,대전광역시 중구 테미로10-31,대전광역시 중구 대흥동306-6,36.31928635,127.4202957,,한전주,042-606-6843,대전광역시 중구청,2022-09-16
대흥동228,1,대전광역시 중구 테미로8-8,대전광역시 중구 대흥동308-2,36.31908798,127.4203796,,한전주,042-606-6843,대전광역시 중구청,2022-09-16
대흥동229,1,,대전광역시 중구 대흥동326-73,36.31975937,127.4209366,,전용주,042-606-6843,대전광역시 중구청,2022-09-16
대흥동230,1,대전광역시 중구 테미로16-12,대전광역시 중구 대흥동326-210,36.31978989,127.4207001,,한전주,042-606-6843,대전광역시 중구청,2022-09-16
대흥동231,1,,대전광역시 중구 대흥동326-188,36.32001877,127.4213562,,한전주,042-606-6843,대전광역시 중구청,2022-09-16
대흥동232,1,대전광역시 중구 보문로199번길55-1,대전광역시 중구 대흥동326-72,36.3200264,127.4208603,,한전주,042-606-6843,대전광역시 중구청,2022-09-16
대흥동233,1,대전광역시 중구 보문로199번길55,대전광역시 중구 대흥동326-72,36.32020569,127.4209747,,한전주,042-606-6843,대전광역시 중구청,2022-09-16
대흥동234,1,대전광역시 중구 보문로199번길67,대전광역시 중구 대흥동311-10,36.32033157,127.4205246,,한전주,042-606-6843,대전광역시 중구청,2022-09-16
대흥동235,1,,대전광역시 중구 대흥동326-44,36.32004166,127.4216843,,전용주,042-606-6843,대전광역시 중구청,2022-09-16
대흥동236,1,대전광역시 중구 보문로199번길37-1,대전광역시 중구 대흥동326-619,36.3201561,127.4218597,,전용주,042-606-6843,대전광역시 중구청,2022-09-16
대흥동237,1,대전광역시 중구 테미로44번안길33,대전광역시 중구 대흥동326-44,36.32033157,127.4218063,,한전주,042-606-6843,대전광역시 중구청,2022-09-16
대흥동238,1,대전광역시 중구 테미로44번안길28,대전광역시 중구 대흥동326-314,36.3204689,127.421402,,한전주,042-606-6843,대전광역시 중구청,2022-09-16
대흥동239,1,대전광역시 중구 테미로44번안길25-4,대전광역시 중구 대흥동326-79,36.3207016,127.4216232,,한전주,042-606-6843,대전광역시 중구청,2022-09-16
대흥동240,1,대전광역시 중구 테미로44번안길20,대전광역시 중구 대흥동326-385,36.32073593,127.4211884,,한전주,042-606-6843,대전광역시 중구청,2022-09-16
대흥동241,1,대전광역시 중구 테미로44번안길13,대전광역시 중구 대흥동326-180,36.32100677,127.4213638,,한전주,042-606-6843,대전광역시 중구청,2022-09-16
대흥동242,1,대전광역시 중구 테미로44번안길7,대전광역시 중구 대흥동326-234,36.32125092,127.4215622,,한전주,042-606-6843,대전광역시 중구청,2022-09-16
대흥동243,1,대전광역시 중구 테미로44번길7,대전광역시 중구 대흥동519-17,36.3216362,127.4216232,,전용주,042-606-6843,대전광역시 중구청,2022-09-16
대흥동244,1,대전광역시 중구 테미로44번길46-2,대전광역시 중구 대흥동519-23,36.32186508,127.4215012,,한전주,042-606-6843,대전광역시 중구청,2022-09-16
대흥동245,1,대전광역시 중구 테미로32-6,대전광역시 중구 대흥동313-7,36.32105255,127.420845,,전용주,042-606-6843,대전광역시 중구청,2022-09-16
대흥동246,1,대전광역시 중구 테미로36-5,대전광역시 중구 대흥동326-324,36.32123184,127.4211197,,전용주,042-606-6843,대전광역시 중구청,2022-09-16
대흥동247,1,대전광역시 중구 테미로36-3,대전광역시 중구 대흥동295-12,36.32137299,127.4209366,,전용주,042-606-6843,대전광역시 중구청,2022-09-16
대흥동248,1,대전광역시 중구 테미로40-6,대전광역시 중구 대흥동313-14,36.32144547,127.4212723,,전용주,042-606-6843,대전광역시 중구청,2022-09-16
대흥동249,1,대전광역시 중구 테미로46-9,대전광역시 중구 대흥동326-4,36.3216629,127.4217758,,전용주,042-606-6843,대전광역시 중구청,2022-09-16
대흥동250,1,대전광역시 중구 테미로50-8,대전광역시 중구 대흥동519-5,36.32184601,127.4221115,,전용주,042-606-6843,대전광역시 중구청,2022-09-16
대흥동259,1,대전광역시 중구 보문로199,대전광역시 중구 대흥동330-13,36.32052994,127.4237823,,전용주,042-606-6843,대전광역시 중구청,2022-09-16
대흥동260,1,대전광역시 중구 보문로199번길11,대전광역시 중구 대흥동328-6,36.32050323,127.4235077,,한전주,042-606-6843,대전광역시 중구청,2022-09-16
대흥동261,1,대전광역시 중구 보문로199번길17,대전광역시 중구 대흥동326-463,36.32035065,127.4230576,,한전주,042-606-6843,대전광역시 중구청,2022-09-16
대흥동262,1,대전광역시 중구 보문로199번길19,대전광역시 중구 대흥동326-463,36.32024765,127.4229355,,전용주,042-606-6843,대전광역시 중구청,2022-09-16
대흥동263,1,대전광역시 중구 충무로55번길46,대전광역시 중구 대흥동326-107,36.31988144,127.4230499,,전용주,042-606-6843,대전광역시 중구청,2022-09-16
대흥동264,1,대전광역시 중구 보문로199번길29,대전광역시 중구 대흥동326-551,36.32006454,127.4223633,,한전주,042-606-6843,대전광역시 중구청,2022-09-16
대흥동265,1,대전광역시 중구 테미로44번길40,대전광역시 중구 대흥동326-639,36.3202858,127.4223938,,한전주,042-606-6843,대전광역시 중구청,2022-09-16
대흥동266,1,대전광역시 중구 테미로44번길38,대전광역시 중구 대흥동326-133,36.3204689,127.4223022,,한전주,042-606-6843,대전광역시 중구청,2022-09-16
대흥동267,1,대전광역시 중구 테미로44번길39,대전광역시 중구 대흥동326-133,36.32047653,127.4223862,,한전주,042-606-6843,대전광역시 중구청,2022-09-16
대흥동268,1,대전광역시 중구 테미로44번길29,대전광역시 중구 대흥동326-135,36.32075119,127.4220734,,한전주,042-606-6843,대전광역시 중구청,2022-09-16
대흥동269,1,대전광역시 중구 테미로44번길31-3,대전광역시 중구 대흥동326-135,36.32079697,127.4222565,,한전주,042-606-6843,대전광역시 중구청,2022-09-16
대흥동270,1,대전광역시 중구 테미로44번길25,대전광역시 중구 대흥동326-2,36.32105255,127.4219742,,한전주,042-606-6843,대전광역시 중구청,2022-09-16
대흥동271,1,대전광역시 중구 테미로44번길15,대전광역시 중구 대흥동519-14,36.32137299,127.4217758,,한전주,042-606-6843,대전광역시 중구청,2022-09-16
대흥동272,1,대전광역시 중구 충무로55번길47,대전광역시 중구 대흥동326-331,36.31998444,127.4227753,,전용주,042-606-6843,대전광역시 중구청,2022-09-16
대흥동273,1,대전광역시 중구 충무로55번길42,대전광역시 중구 대흥동326-381,36.31975937,127.423027,,한전주,042-606-6843,대전광역시 중구청,2022-09-16
대흥동274,1,대전광역시 중구 충무로55번길31,대전광역시 중구 대흥동326-394,36.3193512,127.4233475,,한전주,042-606-6843,대전광역시 중구청,2022-09-16
대흥동275,1,대전광역시 중구 충무로55번길27,대전광역시 중구 대흥동326-124,36.31924057,127.4234314,,한전주,042-606-6843,대전광역시 중구청,2022-09-16
대흥동276,1,대전광역시 중구 보문로187-10,대전광역시 중구 대흥동332-13,36.31943893,127.4239197,,한전주,042-606-6843,대전광역시 중구청,2022-09-16
대흥동277,1,대전광역시 중구 충무로71번길62,대전광역시 중구 대흥동331-34,36.31976318,127.4239197,,한전주,042-606-6843,대전광역시 중구청,2022-09-16
대흥동278,1,대전광역시 중구 충무로71번길15,대전광역시 중구 대흥동332-11,36.31980896,127.4233627,,한전주,042-606-6843,대전광역시 중구청,2022-09-16
대흥동279,1,대전광역시 중구 충무로71번길77-8,대전광역시 중구 대흥동331-16,36.32007217,127.4235992,,한전주,042-606-6843,대전광역시 중구청,2022-09-16
대흥동280,1,,대전광역시 중구 대흥동330-4,36.32029724,127.4235916,,한전주,042-606-6843,대전광역시 중구청,2022-09-16
대흥동281,1,,대전광역시 중구 대흥동338-28,36.31990433,127.4237823,,한전주,042-606-6843,대전광역시 중구청,2022-09-16
대흥동282,1,대전광역시 중구 보문로193-4,대전광역시 중구 대흥동330-23,36.32003403,127.4240494,,건축물,042-606-6843,대전광역시 중구청,2022-09-16
대흥동283,1,대전광역시 중구 보문로195-3,대전광역시 중구 대흥동330-17,36.32024765,127.4238968,,전용주,042-606-6843,대전광역시 중구청,2022-09-16
대흥동284,1,,대전광역시 중구 대흥동335-1,36.31938553,127.4241562,,한전주,042-606-6843,대전광역시 중구청,2022-09-16
대흥동285,1,대전광역시 중구 보문로187,대전광역시 중구 대흥동336-9,36.31942749,127.4243774,,전용주,042-606-6843,대전광역시 중구청,2022-09-16
대흥동286,1,,대전광역시 중구 대흥동333-6,36.31916046,127.4242249,,한전주,042-606-6843,대전광역시 중구청,2022-09-16
대흥동287,1,대전광역시 중구 충무로71번길42,대전광역시 중구 대흥동111-7,36.3188324,127.4244308,,한전주,042-606-6843,대전광역시 중구청,2022-09-16
대흥동288,1,대전광역시 중구 보문로179-12,대전광역시 중구 대흥동112-5,36.31872177,127.4244995,,한전주,042-606-6843,대전광역시 중구청,2022-09-16
대흥동289,1,대전광역시 중구 보문로179-20,대전광역시 중구 대흥동112-17,36.31855774,127.4241409,,한전주,042-606-6843,대전광역시 중구청,2022-09-16
대흥동290,1,대전광역시 중구 보문로179-38,대전광역시 중구 대흥동230-1,36.31887817,127.4238281,,한전주,042-606-6843,대전광역시 중구청,2022-09-16
대흥동291,1,대전광역시 중구 충무로55번길10,대전광역시 중구 대흥동326-124,36.31846619,127.4237061,,한전주,042-606-6843,대전광역시 중구청,2022-09-16
대흥동292,1,대전광역시 중구 충무로55번길28,대전광역시 중구 대흥동326-260,36.31915665,127.4234695,,한전주,042-606-6843,대전광역시 중구청,2022-09-16
대흥동293,1,대전광역시 중구 충무로55번길25-20,대전광역시 중구 대흥동326-485,36.31906509,127.4231796,,한전주,042-606-6843,대전광역시 중구청,2022-09-16
대흥동294,1,대전광역시 중구 충무로55번길21,대전광역시 중구 대흥동326-262,36.3188591,127.423584,,한전주,042-606-6843,대전광역시 중구청,2022-09-16
대흥동295,1,대전광역시 중구 충무로45번길17,대전광역시 중구 대흥동326-266,36.31859589,127.4232941,,전용주,042-606-6843,대전광역시 중구청,2022-09-16
대흥동296,1,대전광역시 중구 충무로45번길15,대전광역시 중구 대흥동231-2,36.31843948,127.4231873,,한전주,042-606-6843,대전광역시 중구청,2022-09-16
대흥동297,1,대전광역시 중구 충무로45번길11-4,대전광역시 중구 대흥동326-337,36.31848907,127.4229355,,전용주,042-606-6843,대전광역시 중구청,2022-09-16
대흥동298,1,대전광역시 중구 충무로45번길11,대전광역시 중구 대흥동231-18,36.31832886,127.4230881,,건축물,042-606-6843,대전광역시 중구청,2022-09-16
대흥동299,1,대전광역시 중구 충무로45번길5,대전광역시 중구 대흥동326-89,36.31818008,127.4228287,,한전주,042-606-6843,대전광역시 중구청,2022-09-16
대흥동300,1,대전광역시 중구 충무로45번길13-8,대전광역시 중구 대흥동326-161,36.31824112,127.4225159,,건축물,042-606-6843,대전광역시 중구청,2022-09-16
대흥동301,1,대전광역시 중구 충무로71번길32,대전광역시 중구 대흥동111-2,36.31842041,127.4247513,,한전주,042-606-6843,대전광역시 중구청,2022-09-16
대흥동302,1,대전광역시 중구 보문로194-15,대전광역시 중구 대흥동340-43,36.31994629,127.4247589,,한전주,042-606-6843,대전광역시 중구청,2022-09-16
대흥동303,1,대전광역시 중구 보문로196-7,대전광역시 중구 대흥동341-15,36.32030487,127.4245529,,한전주,042-606-6843,대전광역시 중구청,2022-09-16
대흥동304,1,대전광역시 중구 수도산로6-6,대전광역시 중구 대흥동365-4,36.31964493,127.4252319,,한전주,042-606-6843,대전광역시 중구청,2022-09-16
대흥동305,1,대전광역시 중구 수도산로18-7,대전광역시 중구 대흥동367-4,36.32007599,127.4264679,,전용주,042-606-6843,대전광역시 중구청,2022-09-16
대흥동306,1,대전광역시 중구 수도산로26-15,대전광역시 중구 대흥동385-12,36.31975174,127.426651,,전용주,042-606-6843,대전광역시 중구청,2022-09-16
대흥동307,1,,대전광역시 중구 대흥동385-14,36.31958771,127.4267883,,전용주,042-606-6843,대전광역시 중구청,2022-09-16
대흥동308,1,대전광역시 중구 보문로162번길43-44,대전광역시 중구 대흥동106-43,36.31939697,127.4271011,,전용주,042-606-6843,대전광역시 중구청,2022-09-16
대흥동309,1,대전광역시 중구 보문로162번길43-36,대전광역시 중구 대흥동376-8,36.31928635,127.4273529,,한전주,042-606-6843,대전광역시 중구청,2022-09-16
대흥동310,1,대전광역시 중구 보문로162번길43-26,대전광역시 중구 대흥동376-12,36.31937408,127.4277344,,한전주,042-606-6843,대전광역시 중구청,2022-09-16
대흥동311,1,대전광역시 중구 보문로162번길43-11,대전광역시 중구 대흥동106-14,36.31904221,127.4276199,,한전주,042-606-6843,대전광역시 중구청,2022-09-16
대흥동312,1,대전광역시 중구 보문로162번길43-8,대전광역시 중구 대흥동106-50,36.31882095,127.4278641,,전용주,042-606-6843,대전광역시 중구청,2022-09-16
대흥동313,1,대전광역시 중구 충무로107번길25-7,대전광역시 중구 대흥동106-23,36.31918716,127.4278717,,한전주,042-606-6843,대전광역시 중구청,2022-09-16
대흥동314,1,대전광역시 중구 충무로107번길29-8,대전광역시 중구 대흥동384-11,36.31964874,127.427742,,한전주,042-606-6843,대전광역시 중구청,2022-09-16
대흥동315,1,대전광역시 중구 충무로107번길29-11,대전광역시 중구 대흥동384-9,36.31957626,127.4275131,,한전주,042-606-6843,대전광역시 중구청,2022-09-16
대흥동316,1,대전광역시 중구 충무로107번길41-2,대전광역시 중구 대흥동383-12,36.32002258,127.4276352,,한전주,042-606-6843,대전광역시 중구청,2022-09-16
대흥동317,1,대전광역시 중구 충무로107번길41-14,대전광역시 중구 대흥동384-24,36.3198967,127.4272919,,한전주,042-606-6843,대전광역시 중구청,2022-09-16
대흥동318,1,대전광역시 중구 충무로107번길49-8,대전광역시 중구 대흥동386-6,36.32028961,127.4272308,,한전주,042-606-6843,대전광역시 중구청,2022-09-16
대흥동319,1,대전광역시 중구 충무로107번길41-36,대전광역시 중구 대흥동385-13,36.31976318,127.4269943,,한전주,042-606-6843,대전광역시 중구청,2022-09-16
대흥동320,1,대전광역시 중구 충무로107번길41-22,대전광역시 중구 대흥동385-6,36.31996155,127.426918,,한전주,042-606-6843,대전광역시 중구청,2022-09-16
대흥동321,1,대전광역시 중구 수도산로26-9,대전광역시 중구 대흥동385-5,36.32017899,127.4269028,,전용주,042-606-6843,대전광역시 중구청,2022-09-16
대흥동322,1,대전광역시 중구 수도산로26-7,대전광역시 중구 대흥동385-4,36.32036591,127.4269791,,전용주,042-606-6843,대전광역시 중구청,2022-09-16
대흥동323,1,대전광역시 중구 대흥로140-5,대전광역시 중구 대흥동173-7,36.32383728,127.4277039,,한전주,042-606-6843,대전광역시 중구청,2022-09-16
대흥동324,1,대전광역시 중구 수도산로47번길52,대전광역시 중구 대흥동172-6,36.32362366,127.4278336,,한전주,042-606-6843,대전광역시 중구청,2022-09-16
대흥동325,1,대전광역시 중구 수도산길47번길50-2,대전광역시 중구 대흥동172-13,36.32366562,127.428093,,전용주,042-606-6843,대전광역시 중구청,2022-09-16
대흥동326,1,대전광역시 중구 충무로107번길56,대전광역시 중구 대흥동382-11,36.32017136,127.4280472,,한전주,042-606-6843,대전광역시 중구청,2022-09-16
대흥동327,1,대전광역시 중구 대흥11길8,대전광역시 중구 대흥동387-40,36.32051849,127.4279785,,한전주,042-606-6843,대전광역시 중구청,2022-09-16
대흥동328,1,대전광역시 중구 대흥11길4,대전광역시 중구 대흥동387-7,36.32073212,127.4279404,,건축물,042-606-6843,대전광역시 중구청,2022-09-16
대흥동329,1,대전광역시 중구 대흥11길13,대전광역시 중구 대흥동389-36,36.32063293,127.4282684,,한전주,042-606-6843,대전광역시 중구청,2022-09-16
대흥동330,1,대전광역시 중구 대흥12길42,대전광역시 중구 대흥동389-23,36.32075119,127.4285736,,한전주,042-606-6843,대전광역시 중구청,2022-09-16
대흥동331,1,대전광역시 중구 대흥12길34,대전광역시 중구 대흥동391-17,36.32043839,127.4287491,,건축물,042-606-6843,대전광역시 중구청,2022-09-16
대흥동332,1,대전광역시 중구 대흥12길26,대전광역시 중구 대흥동390-27,36.32009125,127.428978,,한전주,042-606-6843,대전광역시 중구청,2022-09-16
대흥동333,1,대전광역시 중구 대흥15길11,대전광역시 중구 대흥동390-11,36.32001495,127.4285965,,한전주,042-606-6843,대전광역시 중구청,2022-09-16
대흥동334,1,대전광역시 중구 대흥15길3,대전광역시 중구 대흥동381-26,36.31987762,127.4282379,,한전주,042-606-6843,대전광역시 중구청,2022-09-16
대흥동335,1,대전광역시 중구 대흥12길20,대전광역시 중구 대흥동380-52,36.31980515,127.4291382,,한전주,042-606-6843,대전광역시 중구청,2022-09-16
대흥동336,1,대전광역시 중구 대흥16길28,대전광역시 중구 대흥동381-23,36.31972885,127.4287109,,한전주,042-606-6843,대전광역시 중구청,2022-09-16
대흥동337,1,대전광역시 중구 대흥16길34,대전광역시 중구 대흥동381-16,36.31961441,127.4284058,,한전주,042-606-6843,대전광역시 중구청,2022-09-16
대흥동338,1,대전광역시 중구 보문로162번길73,대전광역시 중구 대흥동911-4,36.31945419,127.4293137,,한전주,042-606-6843,대전광역시 중구청,2022-09-16
대흥동339,1,대전광역시 중구 대흥13길62,대전광역시 중구 대흥동380-21,36.3193512,127.4287949,,한전주,042-606-6843,대전광역시 중구청,2022-09-16
대흥동340,1,대전광역시 중구 대흥13길58,대전광역시 중구 대흥동380-18,36.31947327,127.4288483,,한전주,042-606-6843,대전광역시 중구청,2022-09-16
대흥동341,1,대전광역시 중구 대흥16길31,대전광역시 중구 대흥동61-4,36.31972122,127.4295731,,전용주,042-606-6843,대전광역시 중구청,2022-09-16
대흥동342,1,대전광역시 중구 대흥13길67,대전광역시 중구 대흥동61-28,36.31945419,127.4297028,,전용주,042-606-6843,대전광역시 중구청,2022-09-16
대흥동343,1,대전광역시 중구 수도산로48번길40,대전광역시 중구 대흥동61-26,36.31962967,127.4298553,,한전주,042-606-6843,대전광역시 중구청,2022-09-16
대흥동344,1,대전광역시 중구 수도산로48번길38,대전광역시 중구 대흥동60-2,36.31980896,127.4299088,,한전주,042-606-6843,대전광역시 중구청,2022-09-16
대흥동345,1,대전광역시 중구 수도산로48번길36,대전광역시 중구 대흥동58-2,36.32001495,127.4299698,,한전주,042-606-6843,대전광역시 중구청,2022-09-16
대흥동346,1,대전광역시 중구 수도산로48번길27,대전광역시 중구 대흥동58-17,36.32021332,127.4301605,,한전주,042-606-6843,대전광역시 중구청,2022-09-16
대흥동347,1,대전광역시 중구 보문로162번길93-7,대전광역시 중구 대흥동58-29,36.31991196,127.4302979,,한전주,042-606-6843,대전광역시 중구청,2022-09-16
대흥동348,1,대전광역시 중구 보문로162번길93-7,대전광역시 중구 대흥동58-28,36.31982422,127.4304047,,전용주,042-606-6843,대전광역시 중구청,2022-09-16
대흥동349,1,대전광역시 중구 대흥16길37,대전광역시 중구 대흥동58-15,36.32008743,127.4298248,,한전주,042-606-6843,대전광역시 중구청,2022-09-16
대흥동350,1,대전광역시 중구 대흥16길35,대전광역시 중구 대흥동58-8,36.31991577,127.4297485,,전용주,042-606-6843,대전광역시 중구청,2022-09-16
대흥동351,1,대전광역시 중구 수도산로48번길23,대전광역시 중구 대흥동55-20,36.32047272,127.429924,,한전주,042-606-6843,대전광역시 중구청,2022-09-16
대흥동352,1,대전광역시 중구 대흥15길25,대전광역시 중구 대흥동59-19,36.32034683,127.4295197,,한전주,042-606-6843,대전광역시 중구청,2022-09-16
대흥동353,1,대전광역시 중구 대흥15길19,대전광역시 중구 대흥동391-15,36.32025146,127.4291763,,한전주,042-606-6843,대전광역시 중구청,2022-09-16
대흥동354,1,대전광역시 중구 대종로401-8,대전광역시 중구 대흥동54-6,36.32089233,127.4299088,,전용주,042-606-6843,대전광역시 중구청,2022-09-16
대흥동355,1,대전광역시 중구 수노산로48번길17,대전광역시 중구 대흥동55-3,36.32076263,127.4297791,,한전주,042-606-6843,대전광역시 중구청,2022-09-16
대흥동356,1,대전광역시 중구 대흥14길36,대전광역시 중구 대흥동393-4,36.32068634,127.4292617,,한전주,042-606-6843,대전광역시 중구청,2022-09-16
대흥동357,1,대전광역시 중구 대흥14길15,대전광역시 중구 대흥동392-11,36.32054138,127.4292625,,건축물,042-606-6843,대전광역시 중구청,2022-09-16
대흥동358,1,대전광역시 중구 대흥14길20,대전광역시 중구 대흥동394-3,36.32081985,127.4292984,,한전주,042-606-6843,대전광역시 중구청,2022-09-16
대흥동359,1,대전광역시 중구 대흥14길34,대전광역시 중구 대흥동392-9,36.32079697,127.4290848,,한전주,042-606-6843,대전광역시 중구청,2022-09-16
대흥동360,1,대전광역시 중구 대흥14길30,대전광역시 중구 대흥동392-7,36.32078171,127.428833,,한전주,042-606-6843,대전광역시 중구청,2022-09-16
대흥동361,1,대전광역시 중구 대흥14길42,대전광역시 중구 대흥동392-5,36.32053375,127.428978,,한전주,042-606-6843,대전광역시 중구청,2022-09-16
대흥동362,1,대전광역시 중구 수도산로48번길7,대전광역시 중구 대흥동53-20,36.32113647,127.4295425,,한전주,042-606-6843,대전광역시 중구청,2022-09-16
대흥동363,1,,대전광역시 중구 대흥동408-2,36.32346836,127.4295679,,한전주,042-606-6843,대전광역시 중구청,2022-09-16
대흥동364,1,,대전광역시 중구 대흥동33-5,36.32347593,127.4299689,,전용주,042-606-6843,대전광역시 중구청,2022-09-16
대흥동365,1,,대전광역시 중구 대흥동36-35,36.32334247,127.4307421,,전용주,042-606-6843,대전광역시 중구청,2022-09-16
대흥동366,1,,대전광역시 중구 대흥동230-2,36.3186905,127.4237093,,한전주,042-606-6843,대전광역시 중구청,2022-09-16
대흥동367,1,,대전광역시 중구 대흥동508-21,36.32425772,127.4211029,,한전주,042-606-6843,대전광역시 중구청,2022-09-16
대흥동368,1,,대전광역시 중구 대흥동326-54,36.32002845,127.4218819,,한전주,042-606-6843,대전광역시 중구청,2022-09-16
대흥동369,1,,대전광역시 중구 대흥동326-54,36.32008132,127.4222218,,전용주,042-606-6843,대전광역시 중구청,2022-09-16
대흥동370,1,,대전광역시 중구 대흥동180,36.3247835,127.4272142,,건축물,042-606-6843,대전광역시 중구청,2022-09-16
대흥동371,1,,대전광역시 중구 대흥동24-2,36.3241887,127.4303598,,전용주,042-606-6843,대전광역시 중구청,2022-09-16
대흥동372,1,,대전광역시 중구 대흥동123-4,36.32522951,127.429121,,한전주,042-606-6843,대전광역시 중구청,2022-09-16
대흥동373,1,,대전광역시 중구 대흥동332-26,36.31936226,127.4236016,,전용주,042-606-6843,대전광역시 중구청,2022-09-16
대흥동374,1,,대전광역시 중구 대흥동310-8,36.32008532,127.4204484,,한전주,042-606-6843,대전광역시 중구청,2022-09-16
대흥동375,1,,대전광역시 중구 대흥동31-10,36.32395716,127.4295929,,,042-606-6843,대전광역시 중구청,2022-09-16
대흥동376,1,,대전광역시 중구 대흥동314-2,36.32580595,127.4247947,,전용주,042-606-6843,대전광역시 중구청,2022-09-16
대흥동378,1,,대전광역시 중구 대흥동630,36.32458846,127.4294599,,,042-606-6843,대전광역시 중구청,2022-09-16
대흥동379,1,,대전광역시 중구 대흥동160,36.32558208,127.4281846,,한전주,042-606-6843,대전광역시 중구청,2022-09-16
대흥동380,1,,대전광역시 중구 대흥동326-103,36.32109753,127.4215452,,전용주,042-606-6843,대전광역시 중구청,2022-09-16
목달동001,1,대전광역시 중구 산서로414,대전광역시 중구 목달동463,36.26929092,127.4003754,,한전주,042-606-6843,대전광역시 중구청,2022-09-16
목달동002,1,,대전광역시 중구 목달동456-4,36.27123642,127.4009628,,한전주,042-606-6843,대전광역시 중구청,2022-09-16
목달동003,1,대전광역시 중구 남달미로14,대전광역시 중구 목달동363-3,36.27085876,127.4018478,,한전주,042-606-6843,대전광역시 중구청,2022-09-16
목달동004,1,,대전광역시 중구 목달동356-1,36.270298,127.4028473,,한전주,042-606-6843,대전광역시 중구청,2022-09-16
목달동005,1,대전광역시 중구 남달미로33,대전광역시 중구 목달동산 34-2,36.26972198,127.403511,,한전주,042-606-6843,대전광역시 중구청,2022-09-16
목달동006,1,,대전광역시 중구 목달동322-1,36.26921844,127.4041138,,한전주,042-606-6843,대전광역시 중구청,2022-09-16
목달동007,1,,대전광역시 중구 목달동325-3,36.2688179,127.4048157,,한전주,042-606-6843,대전광역시 중구청,2022-09-16
목달동008,1,,대전광역시 중구 목달동310-1,36.26763535,127.4066162,,한전주,042-606-6843,대전광역시 중구청,2022-09-16
목달동009,1,,대전광역시 중구 목달동121-2,36.26590347,127.4088211,,한전주,042-606-6843,대전광역시 중구청,2022-09-16
목달동010,1,,대전광역시 중구 목달동178,36.26457596,127.4071884,,한전주,042-606-6843,대전광역시 중구청,2022-09-16
목달동011,1,대전광역시 중구 남달미로142,대전광역시 중구 목달동199,36.26209259,127.4090195,,한전주,042-606-6843,대전광역시 중구청,2022-09-16
목달동012,1,,대전광역시 중구 목달동198,36.26174927,127.4095688,,한전주,042-606-6843,대전광역시 중구청,2022-09-16
목달동013,1,대전광역시 중구 남달미로155,대전광역시 중구 목달동196-1,36.26144409,127.4098282,,한전주,042-606-6843,대전광역시 중구청,2022-09-16
목달동014,1,대전광역시 중구 남달미로160-11,대전광역시 중구 목달동268,36.26120758,127.4094849,,한전주,042-606-6843,대전광역시 중구청,2022-09-16
목달동015,1,대전광역시 중구 남달미로178,대전광역시 중구 목달동513,36.2600441,127.4101028,,한전주,042-606-6843,대전광역시 중구청,2022-09-16
목달동016,1,대전광역시 중구 남달미로165,대전광역시 중구 목달동263,36.26074982,127.4106369,,한전주,042-606-6843,대전광역시 중구청,2022-09-16
목달동017,1,,대전광역시 중구 목달동202,36.26348495,127.408699,,한전주,042-606-6843,대전광역시 중구청,2022-09-16
목달동018,1,,대전광역시 중구 목달동167,36.26379013,127.408844,,한전주,042-606-6843,대전광역시 중구청,2022-09-16
목달동019,1,,대전광역시 중구 목달동167,36.26403046,127.4090652,,한전주,042-606-6843,대전광역시 중구청,2022-09-16
목달동020,1,대전광역시 중구 남달미로103번길66,대전광역시 중구 목달동206,36.26330566,127.4113922,,한전주,042-606-6843,대전광역시 중구청,2022-09-16
목달동021,1,,대전광역시 중구 목달동472-12,36.26263809,127.413063,,한전주,042-606-6843,대전광역시 중구청,2022-09-16
목달동022,1,대전광역시 중구 남달미로95번길26-37,대전광역시 중구 목달동153-1,36.26519394,127.4117889,,한전주,042-606-6843,대전광역시 중구청,2022-09-16
목달동023,1,대전광역시 중구 남달미로95번길26-31,대전광역시 중구 목달동153-2,36.26532364,127.4113541,,한전주,042-606-6843,대전광역시 중구청,2022-09-16
목달동024,1,,대전광역시 중구 목달동165-1,36.26470566,127.4096603,,한전주,042-606-6843,대전광역시 중구청,2022-09-16
목달동025,1,,대전광역시 중구 목달동127-3,36.26619339,127.4102325,,한전주,042-606-6843,대전광역시 중구청,2022-09-16
목달동026,1,,대전광역시 중구 목달동146,36.26633453,127.4108582,,한전주,042-606-6843,대전광역시 중구청,2022-09-16
목달동027,1,,대전광역시 중구 목달동144-1,36.26668549,127.4109879,,한전주,042-606-6843,대전광역시 중구청,2022-09-16
목달동028,1,대전광역시 중구 남달미로95번길70-27,대전광역시 중구 목달동23-2,36.26663971,127.412796,,한전주,042-606-6843,대전광역시 중구청,2022-09-16
목달동029,1,대전광역시 중구 남달미로95번길78,대전광역시 중구 목달동131,36.26731873,127.4118195,,한전주,042-606-6843,대전광역시 중구청,2022-09-16
목달동030,1,대전광역시 중구 남달미로95번길85,대전광역시 중구 목달동134,36.26797104,127.4117889,,전용주,042-606-6843,대전광역시 중구청,2022-09-16
목달동031,1,대전광역시 중구 남달미로95번길85,대전광역시 중구 목달동134,36.26812363,127.4122849,,한전주,042-606-6843,대전광역시 중구청,2022-09-16
목달동032,1,대전광역시 중구 남달미로95번길94,대전광역시 중구 목달동137,36.26810074,127.4125519,,전용주,042-606-6843,대전광역시 중구청,2022-09-16
목달동033,1,대전광역시 중구 남달미로95번길94,대전광역시 중구 목달동31,36.26830673,127.4125519,,한전주,042-606-6843,대전광역시 중구청,2022-09-16
목달동034,1,대전광역시 중구 남달미로95번길95-8,대전광역시 중구 목달동35-1,36.26843643,127.412178,,한전주,042-606-6843,대전광역시 중구청,2022-09-16
목달동035,1,대전광역시 중구 남달미로95번길105,대전광역시 중구 목달동35,36.26873016,127.4124832,,한전주,042-606-6843,대전광역시 중구청,2022-09-16
목달동036,1,,대전광역시 중구 목달동37-7,36.26905823,127.4124756,,한전주,042-606-6843,대전광역시 중구청,2022-09-16
목달동037,1,,대전광역시 중구 목달동90-8,36.26668167,127.4085083,,한전주,042-606-6843,대전광역시 중구청,2022-09-16
목달동038,1,대전광역시 중구 남달미로87번길27,대전광역시 중구 목달동83,36.26791382,127.4085846,,한전주,042-606-6843,대전광역시 중구청,2022-09-16
목달동039,1,대전광역시 중구 남달미로87번길28-25,대전광역시 중구 목달동88-1,36.26743698,127.4094315,,한전주,042-606-6843,대전광역시 중구청,2022-09-16
목달동040,1,대전광역시 중구 남달미로87번길30-9,대전광역시 중구 목달동85-1,36.26802826,127.4091187,,한전주,042-606-6843,대전광역시 중구청,2022-09-16
목달동041,1,대전광역시 중구 남달미로87번길55,대전광역시 중구 목달동48-1,36.26886368,127.4084396,,한전주,042-606-6843,대전광역시 중구청,2022-09-16
목달동042,1,대전광역시 중구 남달미로87번길67,대전광역시 중구 목달동60-1,36.26935196,127.4091034,,한전주,042-606-6843,대전광역시 중구청,2022-09-16
목달동043,1,대전광역시 중구 남달미로87번길53-9,대전광역시 중구 목달동77-1,36.2688942,127.4079819,,한전주,042-606-6843,대전광역시 중구청,2022-09-16
목달동044,1,,대전광역시 중구 목달동503,36.2698555,127.4061813,,한전주,042-606-6843,대전광역시 중구청,2022-09-16
목달동045,1,대전광역시 중구 남달미로61번길72,대전광역시 중구 목달동376-5,36.27064133,127.4052429,,한전주,042-606-6843,대전광역시 중구청,2022-09-16
목달동046,1,대전광역시 중구 남달미로61번길98,대전광역시 중구 목달동380,36.27158356,127.4046936,,한전주,042-606-6843,대전광역시 중구청,2022-09-16
목달동047,1,대전광역시 중구 남달미로61번길120,대전광역시 중구 목달동390,36.27251816,127.4039688,,한전주,042-606-6843,대전광역시 중구청,2022-09-16
목달동048,1,대전광역시 중구 남달미로61번길128,대전광역시 중구 목달동400-2,36.27289581,127.4038315,,한전주,042-606-6843,대전광역시 중구청,2022-09-16
목달동049,1,대전광역시 중구 남달미로61번길158,대전광역시 중구 목달동405,36.27424622,127.4034424,,한전주,042-606-6843,대전광역시 중구청,2022-09-16
목달동050,1,,대전광역시 중구 목달동411-2,36.27514267,127.4029541,,한전주,042-606-6843,대전광역시 중구청,2022-09-16
목달동051,1,대전광역시 중구 남달미로7-47,대전광역시 중구 목달동368,36.27162933,127.4031143,,한전주,042-606-6843,대전광역시 중구청,2022-09-16
목달동052,1,,대전광역시 중구 목달동365-1,36.27192307,127.4018784,,한전주,042-606-6843,대전광역시 중구청,2022-09-16
목달동053,1,,대전광역시 중구 목달동310-1,36.26819992,127.4062271,,한전주,042-606-6843,대전광역시 중구청,2022-09-16
목달동054,1,대전광역시 중구 산서로390,대전광역시 중구 목달동455-4,36.27166748,127.4006882,,한전주,042-606-6843,대전광역시 중구청,2022-09-16
목달동055,1,대전광역시 중구 산서로392,대전광역시 중구 목달동455-4,36.271595,127.4003601,,한전주,042-606-6843,대전광역시 중구청,2022-09-16
목달동056,1,,대전광역시 중구 목달동456-9,36.27160263,127.4010239,,한전주,042-606-6843,대전광역시 중구청,2022-09-16
목달동057,1,,대전광역시 중구 목달동472,36.27308273,127.4013596,,한전주,042-606-6843,대전광역시 중구청,2022-09-16
목달동058,1,,대전광역시 중구 목달동472,36.27426529,127.401329,,한전주,042-606-6843,대전광역시 중구청,2022-09-16
목달동059,1,,대전광역시 중구 목달동444,36.27456284,127.4010773,,한전주,042-606-6843,대전광역시 중구청,2022-09-16
목달동060,1,,대전광역시 중구 목달동437-3,36.27587509,127.3998337,,한전주,042-606-6843,대전광역시 중구청,2022-09-16
목달동061,1,,대전광역시 중구 목달동447-1,36.27265676,127.4012436,,한전주,042-606-6843,대전광역시 중구청,2022-09-16
목달동062,1,,대전광역시 중구 목달동455-8,36.27044061,127.4010153,,한전주,042-606-6843,대전광역시 중구청,2022-09-16
목동001,1,대전광역시 중구 동서대로1375-7,대전광역시 중구 목동115-29,36.33218765,127.410141,,건축물,042-606-6843,대전광역시 중구청,2022-09-16
목동002,1,대전광역시 중구 목동로2,대전광역시 중구 목동115-24,36.33201218,127.4103699,,한전주,042-606-6843,대전광역시 중구청,2022-09-16
목동003,1,대전광역시 중구 동서대로1377-7,대전광역시 중구 목동115-23,36.33232117,127.4104767,,한전주,042-606-6843,대전광역시 중구청,2022-09-16
목동004,1,대전광역시 중구 동서대로1377-11,대전광역시 중구 목동108-10,36.3324852,127.4102936,,한전주,042-606-6843,대전광역시 중구청,2022-09-16
목동005,1,대전광역시 중구 동서대로1387-5,대전광역시 중구 목동107-10,36.33304977,127.4110718,,한전주,042-606-6843,대전광역시 중구청,2022-09-16
목동006,1,대전광역시 중구 동서대로1391-5,대전광역시 중구 목동107-1,36.33327866,127.411293,,한전주,042-606-6843,대전광역시 중구청,2022-09-16
목동007,1,대전광역시 중구 동서대로1393-6,대전광역시 중구 목동4-35,36.33349609,127.4115067,,전용주,042-606-6843,대전광역시 중구청,2022-09-16
목동008,1,대전광역시 중구 목동로8번길6,대전광역시 중구 목동1-113,36.33430862,127.4121475,,한전주,042-606-6843,대전광역시 중구청,2022-09-16
목동009,1,,대전광역시 중구 목동1-74,36.33455658,127.4124069,,한전주,042-606-6843,대전광역시 중구청,2022-09-16
목동010,1,대전광역시 중구 목동로8번길77,대전광역시 중구 목동1-74,36.33470917,127.4125623,,한전주,042-606-6843,대전광역시 중구청,2022-09-16
목동011,1,대전광역시 중구 동서대로1403번길44,대전광역시 중구 목동14-1,36.33527756,127.4107361,,한전주,042-606-6843,대전광역시 중구청,2022-09-16
목동012,1,대전광역시 중구 목중로19번길18,대전광역시 중구 목동14-4,36.33550262,127.4109879,,한전주,042-606-6843,대전광역시 중구청,2022-09-16
목동013,1,대전광역시 중구 목중로19번길10,대전광역시 중구 목동10-12,36.33560181,127.411087,,한전주,042-606-6843,대전광역시 중구청,2022-09-16
목동014,1,대전광역시 중구 목동로19번길12-9,대전광역시 중구 목동34-3,36.3355484,127.410614,,건축물,042-606-6843,대전광역시 중구청,2022-09-16
목동015,1,대전광역시 중구 목중로19번길12-10,대전광역시 중구 목동10-74,36.33571243,127.4105148,,한전주,042-606-6843,대전광역시 중구청,2022-09-16
목동016,1,대전광역시 중구 동서대로1403번길51-2,대전광역시 중구 목동30-1,36.33558655,127.4102936,,한전주,042-606-6843,대전광역시 중구청,2022-09-16
목동017,1,대전광역시 중구 동서대로1403번길51-2,대전광역시 중구 목동30-66,36.33565521,127.4101028,,전용주,042-606-6843,대전광역시 중구청,2022-09-16
목동018,1,,대전광역시 중구 목동10-59,36.33580399,127.4099197,,전용주,042-606-6843,대전광역시 중구청,2022-09-16
목동019,1,,대전광역시 중구 목동10-36,36.33615112,127.4096146,,한전주,042-606-6843,대전광역시 중구청,2022-09-16
목동020,1,대전광역시 중구 목중로31-3,대전광역시 중구 목동47-27,36.33634949,127.4101944,,한전주,042-606-6843,대전광역시 중구청,2022-09-16
목동021,1,대전광역시 중구 목중로35번길8,대전광역시 중구 목동47-20,36.33653259,127.4100037,,한전주,042-606-6843,대전광역시 중구청,2022-09-16
목동022,1,대전광역시 중구 목중로35번길14,대전광역시 중구 목동10-35,36.33641052,127.4097061,,한전주,042-606-6843,대전광역시 중구청,2022-09-16
목동023,1,대전광역시 중구 목중로35번길12-2,대전광역시 중구 목동10-35,36.33637619,127.4093246,,한전주,042-606-6843,대전광역시 중구청,2022-09-16
목동024,1,대전광역시 중구 목중로35번길12-3,대전광역시 중구 목동52-177,36.33654785,127.4092102,,한전주,042-606-6843,대전광역시 중구청,2022-09-16
목동025,1,대전광역시 중구 목중로39번길15,대전광역시 중구 목동52-153,36.33671188,127.4094315,,한전주,042-606-6843,대전광역시 중구청,2022-09-16
목동026,1,대전광역시 중구 목중로39번길7,대전광역시 중구 목동47-19,36.3368988,127.4096603,,한전주,042-606-6843,대전광역시 중구청,2022-09-16
목동027,1,대전광역시 중구 목중로39번길6-1,대전광역시 중구 목동47-10,36.33704376,127.4094849,,한전주,042-606-6843,대전광역시 중구청,2022-09-16
목동028,1,대전광역시 중구 목중로45-18,대전광역시 중구 목동52-145,36.33690643,127.4087982,,한전주,042-606-6843,대전광역시 중구청,2022-09-16
목동029,1,대전광역시 중구 목중로45-10,대전광역시 중구 목동52-143,36.3371582,127.4090958,,한전주,042-606-6843,대전광역시 중구청,2022-09-16
목동030,1,대전광역시 중구 목중로45-14,대전광역시 중구 목동52-134,36.33722305,127.4088821,,전용주,042-606-6843,대전광역시 중구청,2022-09-16
목동031,1,대전광역시 중구 목중로49-15,대전광역시 중구 목동52-121,36.33724213,127.4085007,,한전주,042-606-6843,대전광역시 중구청,2022-09-16
목동032,1,대전광역시 중구 목중로45-12,대전광역시 중구 목동52-122,36.33739471,127.4086151,,한전주,042-606-6843,대전광역시 중구청,2022-09-16
목동033,1,대전광역시 중구 목중로49-9,대전광역시 중구 목동52-123,36.33746719,127.4087753,,한전주,042-606-6843,대전광역시 중구청,2022-09-16
목동034,1,대전광역시 중구 목중로49-6,대전광역시 중구 목동52-108,36.33768463,127.4087143,,전용주,042-606-6843,대전광역시 중구청,2022-09-16
목동035,1,대전광역시 중구 목중로55-14,대전광역시 중구 목동52-102,36.33766937,127.408165,,한전주,042-606-6843,대전광역시 중구청,2022-09-16
목동036,1,대전광역시 중구 목중로55-10,대전광역시 중구 목동52-104,36.3379097,127.4084778,,한전주,042-606-6843,대전광역시 중구청,2022-09-16
목동037,1,대전광역시 중구 목중로59-17,대전광역시 중구 목동52-158,36.33788681,127.4077072,,한전주,042-606-6843,대전광역시 중구청,2022-09-16
목동038,1,대전광역시 중구 목중로59-9,대전광역시 중구 목동52-206,36.33807373,127.4079819,,한전주,042-606-6843,대전광역시 중구청,2022-09-16
목동039,1,대전광역시 중구 목중로35번길25,대전광역시 중구 목동10-57,36.3360405,127.4093857,,한전주,042-606-6843,대전광역시 중구청,2022-09-16
목동040,1,대전광역시 중구 목중로35번길30,대전광역시 중구 목동35-114,36.33585739,127.409111,,한전주,042-606-6843,대전광역시 중구청,2022-09-16
목동041,1,대전광역시 중구 동서대로1403번길51-9,대전광역시 중구 목동30-10,36.33546066,127.4095383,,한전주,042-606-6843,대전광역시 중구청,2022-09-16
목동042,1,대전광역시 중구 목동로56번길57,대전광역시 중구 목동30-10,36.33551788,127.4094696,,한전주,042-606-6843,대전광역시 중구청,2022-09-16
목동043,1,대전광역시 중구 목동로56번길60,대전광역시 중구 목동30-56,36.33553314,127.4097748,,건축물,042-606-6843,대전광역시 중구청,2022-09-16
목동044,1,대전광역시 중구 동서대로1403번길51-3,대전광역시 중구 목동34-27,36.335495,127.4101028,,전용주,042-606-6843,대전광역시 중구청,2022-09-16
목동045,1,대전광역시 중구 목중로25번길25,대전광역시 중구 목동30-73,36.33525085,127.4100266,,한전주,042-606-6843,대전광역시 중구청,2022-09-16
목동046,1,대전광역시 중구 목중로25번길24-14,대전광역시 중구 목동26-20,36.33503342,127.4097519,,한전주,042-606-6843,대전광역시 중구청,2022-09-16
목동047,1,대전광역시 중구 목중로22번길39-15,대전광역시 중구 목동26-3,36.33487701,127.4094925,,한전주,042-606-6843,대전광역시 중구청,2022-09-16
목동048,1,대전광역시 중구 목동로22번길39-11,대전광역시 중구 목동30-74,36.33471298,127.409668,,한전주,042-606-6843,대전광역시 중구청,2022-09-16
목동049,1,대전광역시 중구 목동로22번길42,대전광역시 중구 목동20-24,36.33456421,127.409874,,한전주,042-606-6843,대전광역시 중구청,2022-09-16
목동050,1,대전광역시 중구 목중로19번길52,대전광역시 중구 목동19-2,36.33423996,127.4095612,,한전주,042-606-6843,대전광역시 중구청,2022-09-16
목동051,1,대전광역시 중구 목중로19번길55,대전광역시 중구 목동20-18,36.33415985,127.4093933,,한전주,042-606-6843,대전광역시 중구청,2022-09-16
목동052,1,대전광역시 중구 목중로19번길57,대전광역시 중구 목동20-22,36.33409119,127.4092484,,한전주,042-606-6843,대전광역시 중구청,2022-09-16
목동053,1,대전광역시 중구 목중로19번길69,대전광역시 중구 목동21-4,36.33390808,127.4088516,,전용주,042-606-6843,대전광역시 중구청,2022-09-16
목동054,1,대전광역시 중구 목중로19번길69,대전광역시 중구 목동21-15,36.33378601,127.4088821,,한전주,042-606-6843,대전광역시 중구청,2022-09-16
목동055,1,대전광역시 중구 목동로22번길39-4,대전광역시 중구 목동17-1,36.3344841,127.4100189,,한전주,042-606-6843,대전광역시 중구청,2022-09-16
목동056,1,대전광역시 중구 목중로19번길35-1,대전광역시 중구 목동32-7,36.3347702,127.4101334,,한전주,042-606-6843,대전광역시 중구청,2022-09-16
목동057,1,대전광역시 중구 묵중로19번길29-4,대전광역시 중구 목동32-8,36.33486176,127.4105148,,전용주,042-606-6843,대전광역시 중구청,2022-09-16
목동058,1,대전광역시 중구 목중로19번길29-6,대전광역시 중구 목동14-12,36.33478928,127.4104614,,한전주,042-606-6843,대전광역시 중구청,2022-09-16
목동059,1,대전광역시 중구 목중로19번길29-10,대전광역시 중구 목동16-15,36.33472061,127.4103165,,한전주,042-606-6843,대전광역시 중구청,2022-09-16
목동060,1,대전광역시 중구 목중로19번길25,대전광역시 중구 목동33-35,36.33511353,127.4106445,,한전주,042-606-6843,대전광역시 중구청,2022-09-16
목동061,1,대전광역시 중구 목중로19번길24-6,대전광역시 중구 목동34-12,36.33520126,127.4102707,,한전주,042-606-6843,대전광역시 중구청,2022-09-16
목동062,1,대전광역시 중구 목중로19번길24-11,대전광역시 중구 목동32-2,36.33506012,127.4102783,,한전주,042-606-6843,대전광역시 중구청,2022-09-16
목동063,1,대전광역시 중구 목중로19번길24-17,대전광역시 중구 목동30-13,36.33485413,127.4098587,,전용주,042-606-6843,대전광역시 중구청,2022-09-16
목동064,1,대전광역시 중구 목동로5,대전광역시 중구 목동115-6,36.33203888,127.4098206,,한전주,042-606-6843,대전광역시 중구청,2022-09-16
목동065,1,대전광역시 중구 동서대로1365번길8,대전광역시 중구 목동121-2,36.33138275,127.4093933,,한전주,042-606-6843,대전광역시 중구청,2022-09-16
목동066,1,대전광역시 중구 동서대로1365번길16,대전광역시 중구 목동118-3,36.33161545,127.4090195,,한전주,042-606-6843,대전광역시 중구청,2022-09-16
목동067,1,대전광역시 중구 목동로9-11,대전광역시 중구 목동118-8,36.3318367,127.4092026,,한전주,042-606-6843,대전광역시 중구청,2022-09-16
목동068,1,대전광역시 중구 목동로9-18,대전광역시 중구 목동96-14,36.33192825,127.4090347,,한전주,042-606-6843,대전광역시 중구청,2022-09-16
목동069,1,대전광역시 중구 목동로13-2,대전광역시 중구 목동15-250,36.33243942,127.4088941,,한전주,042-606-6843,대전광역시 중구청,2022-09-16
목동070,1,대전광역시 중구 목동로13-17,대전광역시 중구 목동96-16,36.33205795,127.4088974,,전용주,042-606-6843,대전광역시 중구청,2022-09-16
목동071,1,대전광역시 중구 동서대로1365번길24,대전광역시 중구 목동96-40,36.33182907,127.4086609,,한전주,042-606-6843,대전광역시 중구청,2022-09-16
목동072,1,,대전광역시 중구 목동96-15,36.33168793,127.4087753,,한전주,042-606-6843,대전광역시 중구청,2022-09-16
목동073,1,대전광역시 중구 동서대로1365번길30,대전광역시 중구 목동96-33,36.3319397,127.408432,,한전주,042-606-6843,대전광역시 중구청,2022-09-16
목동074,1,대전광역시 중구 동서대로1365번길38,대전광역시 중구 목동95-3,36.33215714,127.4083328,,한전주,042-606-6843,대전광역시 중구청,2022-09-16
목동075,1,대전광역시 중구 목동로17-8,대전광역시 중구 목동94-13,36.33247757,127.4086304,,한전주,042-606-6843,대전광역시 중구청,2022-09-16
목동076,1,대전광역시 중구 동서대로1365번길42,대전광역시 중구 목동94-57,36.33244324,127.4083786,,한전주,042-606-6843,대전광역시 중구청,2022-09-16
목동077,1,대전광역시 중구 동서대로1365번길48,대전광역시 중구 목동94-35,36.33276749,127.4084396,,한전주,042-606-6843,대전광역시 중구청,2022-09-16
목동078,1,대전광역시 중구 목동로25,대전광역시 중구 목동21-23,36.3331337,127.4081421,,한전주,042-606-6843,대전광역시 중구청,2022-09-16
목동079,1,대전광역시 중구 목동로23-10,대전광역시 중구 목동23-4,36.33321381,127.4076614,,한전주,042-606-6843,대전광역시 중구청,2022-09-16
목동080,1,대전광역시 중구 목동로60,대전광역시 중구 목동82-7,36.33588791,127.4062576,,한전주,042-606-6843,대전광역시 중구청,2022-09-16
목동081,1,대전광역시 중구 목동로59-13,대전광역시 중구 목동82-8,36.33573532,127.4060516,,한전주,042-606-6843,대전광역시 중구청,2022-09-16
목동082,1,대전광역시 중구 목동로59-20,대전광역시 중구 목동82-17,36.33591461,127.4056854,,한전주,042-606-6843,대전광역시 중구청,2022-09-16
목동083,1,대전광역시 중구 어덕마을로46-4,대전광역시 중구 목동72-19,36.33530426,127.4037628,,한전주,042-606-6843,대전광역시 중구청,2022-09-16
목동084,1,대전광역시 중구 어덕마을로46-9,대전광역시 중구 목동69-7,36.3354187,127.4039001,,한전주,042-606-6843,대전광역시 중구청,2022-09-16
목동085,1,대전광역시 중구 어덕마을로40,대전광역시 중구 목동70-3,36.33490753,127.4036255,,한전주,042-606-6843,대전광역시 중구청,2022-09-16
목동086,1,대전광역시 중구 어덕마을로37-16,대전광역시 중구 목동66-3,36.33531189,127.4027786,,한전주,042-606-6843,대전광역시 중구청,2022-09-16
목동087,1,대전광역시 중구 어덕마을로 37-18,대전광역시 중구 목동66-15,36.3355751,127.4026794,,한전주,042-606-6843,대전광역시 중구청,2022-09-16
목동088,1,대전광역시 중구 계룡로733번길84,대전광역시 중구 목동64-5,36.33576202,127.4029236,,한전주,042-606-6843,대전광역시 중구청,2022-09-16
목동089,1,대전광역시 중구 동서대로1352번길11,대전광역시 중구 목동128-10,36.32966614,127.4093323,,한전주,042-606-6843,대전광역시 중구청,2022-09-16
목동097,1,대전광역시 중구 동서대로1352번길41-31,대전광역시 중구 용두동53-119,36.32814407,127.4120941,,한전주,042-606-6843,대전광역시 중구청,2022-09-16
목동098,1,대전광역시 중구 동서대로1352번길41-41,대전광역시 중구 목동132-55,36.32807159,127.412735,,전용주,042-606-6843,대전광역시 중구청,2022-09-16
목동105,1,대전광역시 중구 선화로 43번길 29,대전광역시 중구 목동339-119,36.32873535,127.4137344,,한전주,042-606-6843,대전광역시 중구청,2022-09-16
목동106,1,대전광역시 중구 선화로 43번길 29,대전광역시 중구 목동339-12,36.32918549,127.413475,,한전주,042-606-6843,대전광역시 중구청,2022-09-16
목동107,1,대전광역시 중구 선화로 43번길 29,대전광역시 중구 목동338-20,36.3297081,127.4134369,,한전주,042-606-6843,대전광역시 중구청,2022-09-16
목동108,1,,대전광역시 중구 목동132-2,36.3296051,127.4128723,,전용주,042-606-6843,대전광역시 중구청,2022-09-16
목동131,1,,대전광역시 중구 목동10-38,36.33637934,127.4098571,,한전주,042-606-6843,대전광역시 중구청,2022-09-16
목동134,1,,대전광역시 중구 목동354-16,36.33648634,127.4095319,,전용주,042-606-6843,대전광역시 중구청,2022-09-16
무수동001,1,대전광역시 중구 운남로20,대전광역시 중구 무수동261-3,36.2761879,127.4003677,,한전주,042-606-6843,대전광역시 중구청,2022-09-16
무수동002,1,대전광역시 중구 운남로37번길7,대전광역시 중구 무수동284-4,36.27737045,127.4021454,,한전주,042-606-6843,대전광역시 중구청,2022-09-16
무수동003,1,대전광역시 중구 운남로37번길12,대전광역시 중구 무수동289,36.2777977,127.4019775,,한전주,042-606-6843,대전광역시 중구청,2022-09-16
무수동004,1,,대전광역시 중구 무수동413,36.27911758,127.4018478,,한전주,042-606-6843,대전광역시 중구청,2022-09-16
무수동005,1,대전광역시 중구 운남로37번길66,대전광역시 중구 무수동254,36.27995682,127.4013977,,한전주,042-606-6843,대전광역시 중구청,2022-09-16
무수동006,1,대전광역시 중구 운남로37번길75,대전광역시 중구 무수동253-2,36.28023529,127.4013596,,한전주,042-606-6843,대전광역시 중구청,2022-09-16
무수동007,1,대전광역시 중구 운남로39,대전광역시 중구 무수동280-7,36.27735138,127.4026566,,한전주,042-606-6843,대전광역시 중구청,2022-09-16
무수동008,1,대전광역시 중구 운남로51,대전광역시 중구 무수동293-1,36.27769089,127.4038544,,한전주,042-606-6843,대전광역시 중구청,2022-09-16
무수동009,1,,대전광역시 중구 무수동308,36.27729416,127.4045181,,한전주,042-606-6843,대전광역시 중구청,2022-09-16
무수동010,1,대전광역시 중구 운남로65,대전광역시 중구 무수동299-4,36.27762985,127.4053116,,전용주,042-606-6843,대전광역시 중구청,2022-09-16
무수동011,1,,대전광역시 중구 무수동302-1,36.27990723,127.4069138,,한전주,042-606-6843,대전광역시 중구청,2022-09-16
무수동012,1,대전광역시 중구 운남로85번길96,대전광역시 중구 무수동산 4-14,36.28088379,127.4067078,,한전주,042-606-6843,대전광역시 중구청,2022-09-16
무수동013,1,대전광역시 중구 운남로85번길62,대전광역시 중구 무수동143,36.27957535,127.4073715,,한전주,042-606-6843,대전광역시 중구청,2022-09-16
무수동014,1,대전광역시 중구 운남로85번길32-18,대전광역시 중구 무수동95,36.27917099,127.4084702,,한전주,042-606-6843,대전광역시 중구청,2022-09-16
무수동015,1,,대전광역시 중구 무수동236,36.27826309,127.4073868,,한전주,042-606-6843,대전광역시 중구청,2022-09-16
무수동016,1,대전광역시 중구 운남로85번길32-8,대전광역시 중구 무수동96-4,36.27839661,127.4077606,,한전주,042-606-6843,대전광역시 중구청,2022-09-16
무수동017,1,대전광역시 중구 운남로85번길32-18,대전광역시 중구 무수동95,36.27852631,127.4081116,,전용주,042-606-6843,대전광역시 중구청,2022-09-16
무수동018,1,대전광역시 중구 운남로85번길32-20,대전광역시 중구 무수동94,36.27882385,127.4078827,,한전주,042-606-6843,대전광역시 중구청,2022-09-16
무수동019,1,,대전광역시 중구 무수동302-9,36.27697754,127.4070282,,한전주,042-606-6843,대전광역시 중구청,2022-09-16
무수동020,1,대전광역시 중구 운남로86-18,대전광역시 중구 무수동74-5,36.27624893,127.4068909,,한전주,042-606-6843,대전광역시 중구청,2022-09-16
무수동021,1,대전광역시 중구 운남로85번길30-37,대전광역시 중구 무수동101,36.27695847,127.4088821,,한전주,042-606-6843,대전광역시 중구청,2022-09-16
무수동022,1,대전광역시 중구 운남로86-40,대전광역시 중구 무수동산 24-4,36.27557373,127.4072418,,한전주,042-606-6843,대전광역시 중구청,2022-09-16
무수동023,1,,대전광역시 중구 무수동67,36.27561569,127.4081497,,한전주,042-606-6843,대전광역시 중구청,2022-09-16
무수동024,1,대전광역시 중구 운남로103-20,대전광역시 중구 무수동117-3,36.2756691,127.4089127,,한전주,042-606-6843,대전광역시 중구청,2022-09-16
무수동025,1,대전광역시 중구 운남로130,대전광역시 중구 무수동642,36.27425385,127.4105301,,한전주,042-606-6843,대전광역시 중구청,2022-09-16
무수동026,1,,대전광역시 중구 무수동49,36.27448273,127.4110718,,한전주,042-606-6843,대전광역시 중구청,2022-09-16
무수동027,1,,대전광역시 중구 무수동50,36.27491379,127.4113617,,한전주,042-606-6843,대전광역시 중구청,2022-09-16
문창동001,1,대전광역시 중구 대종로264번길31,대전광역시 중구 문창동389-1,36.3124733,127.4397659,,한전주,042-606-6843,대전광역시 중구청,2022-09-16
문창동002,1,대전광역시 중구 대종로264번길27,대전광역시 중구 문창동389-5,36.31230164,127.4396439,,한전주,042-606-6843,대전광역시 중구청,2022-09-16
문창동003,1,대전광역시 중구 대종로264번길19,대전광역시 중구 문창동390-21,36.31199265,127.4393997,,한전주,042-606-6843,대전광역시 중구청,2022-09-16
문창동004,1,대전광역시 중구 대종로264번길13,대전광역시 중구 문창동390-27,36.31171799,127.4392014,,한전주,042-606-6843,대전광역시 중구청,2022-09-16
문창동005,1,대전광역시 중구 보문로47번길2,대전광역시 중구 문창동374-7,36.31331635,127.4357986,,한전주,042-606-6843,대전광역시 중구청,2022-09-16
문창동006,1,대전광역시 중구 보문로47번길10,대전광역시 중구 문창동379-7,36.31302643,127.4363708,,한전주,042-606-6843,대전광역시 중구청,2022-09-16
문창동007,1,대전광역시 중구 보문로길47번길25,대전광역시 중구 문창동379-1,36.31278229,127.4368896,,한전주,042-606-6843,대전광역시 중구청,2022-09-16
문창동008,1,대전광역시 중구 보문로47번길37-22,대전광역시 중구 문창동379-1,36.31266403,127.4371262,,한전주,042-606-6843,대전광역시 중구청,2022-09-16
문창동009,1,대전광역시 중구 보문로47번길32,대전광역시 중구 문창동379-1,36.31259918,127.4371414,,한전주,042-606-6843,대전광역시 중구청,2022-09-16
문창동010,1,대전광역시 중구 보문로47번길38,대전광역시 중구 문창동378-20,36.31247711,127.4374695,,건축물,042-606-6843,대전광역시 중구청,2022-09-16
문창동011,1,대전광역시 중구 보문로47번길44,대전광역시 중구 문창동378-10,36.31235886,127.4377365,,한전주,042-606-6843,대전광역시 중구청,2022-09-16
문창동012,1,대전광역시 중구 보문로47번길50,대전광역시 중구 문창동378-15,36.31219101,127.4380569,,한전주,042-606-6843,대전광역시 중구청,2022-09-16
문창동013,1,대전광역시 중구 보문로47번길56,대전광역시 중구 문창동391-7,36.31206512,127.4383011,,한전주,042-606-6843,대전광역시 중구청,2022-09-16
문창동014,1,대전광역시 중구 보문로47번길60,대전광역시 중구 문창동391-9,36.31197357,127.4384842,,한전주,042-606-6843,대전광역시 중구청,2022-09-16
문창동015,1,대전광역시 중구 보문로47번길66,대전광역시 중구 문창동391-10,36.3118515,127.4387283,,한전주,042-606-6843,대전광역시 중구청,2022-09-16
문창동016,1,대전광역시 중구 보문로47번길70,대전광역시 중구 문창동391-12,36.31170654,127.4390335,,한전주,042-606-6843,대전광역시 중구청,2022-09-16
문창동017,1,대전광역시 중구 보문로47번길67-6,대전광역시 중구 문창동390-13,36.31201172,127.4390182,,한전주,042-606-6843,대전광역시 중구청,2022-09-16
문창동018,1,대전광역시 중구 대종로264번길21-9,대전광역시 중구 문창동390-2,36.31229782,127.4391785,,한전주,042-606-6843,대전광역시 중구청,2022-09-16
문창동019,1,대전광역시 중구 대종로274번길22,대전광역시 중구 문창동390-5,36.31232834,127.4387741,,한전주,042-606-6843,대전광역시 중구청,2022-09-16
문창동020,1,대전광역시 중구 보문로29번길41,대전광역시 중구 문창동385-20,36.31243134,127.438652,,한전주,042-606-6843,대전광역시 중구청,2022-09-16
문창동021,1,대전광역시 중구 대종로280번길14,대전광역시 중구 문창동384-1,36.31256866,127.4382935,,한전주,042-606-6843,대전광역시 중구청,2022-09-16
문창동022,1,대전광역시 중구 대종로280번길7,대전광역시 중구 문창동384-12,36.31246567,127.4380569,,한전주,042-606-6843,대전광역시 중구청,2022-09-16
문창동023,1,대전광역시 중구 보문로29번길30,대전광역시 중구 문창동383-1,36.31293488,127.4381714,,한전주,042-606-6843,대전광역시 중구청,2022-09-16
문창동024,1,대전광역시 중구 대종로286번길22,대전광역시 중구 문창동383-8,36.31277084,127.4376602,,한전주,042-606-6843,대전광역시 중구청,2022-09-16
문창동025,1,대전광역시 중구 대전천서로257번길24,대전광역시 중구 문창동382-1,36.31327438,127.4379578,,한전주,042-606-6843,대전광역시 중구청,2022-09-16
문창동026,1,대전광역시 중구 대전천서로257번길31,대전광역시 중구 문창동382-9,36.31307983,127.4375153,,한전주,042-606-6843,대전광역시 중구청,2022-09-16
문창동027,1,대전광역시 중구 보문로37-20,대전광역시 중구 문창동380-2,36.31293869,127.437088,,전용주,042-606-6843,대전광역시 중구청,2022-09-16
문창동028,1,대전광역시 중구 보문로29번길40,대전광역시 중구 문창동370-20,36.31347275,127.4378662,,한전주,042-606-6843,대전광역시 중구청,2022-09-16
문창동029,1,대전광역시 중구 대종로296번길30,대전광역시 중구 문창동381-16,36.31344223,127.4372864,,한전주,042-606-6843,대전광역시 중구청,2022-09-16
문창동030,1,대전광역시 중구 대종로296번길22,대전광역시 중구 문창동380-1,36.31328201,127.4368668,,한전주,042-606-6843,대전광역시 중구청,2022-09-16
문창동031,1,대전광역시 중구 대종로296번길25,대전광역시 중구 문창동372-16,36.31339645,127.4368973,,한전주,042-606-6843,대전광역시 중구청,2022-09-16
문창동032,1,대전광역시 중구 대종로296번길36,대전광역시 중구 문창동381-17,36.3135376,127.4375229,,한전주,042-606-6843,대전광역시 중구청,2022-09-16
문창동033,1,대전광역시 중구 보문로31-2,대전광역시 중구 문창동372-8,36.31383133,127.4373932,,전용주,042-606-6843,대전광역시 중구청,2022-09-16
문창동034,1,대전광역시 중구 보문로29번길10,대전광역시 중구 문창동372-4,36.31373215,127.4377213,,한전주,042-606-6843,대전광역시 중구청,2022-09-16
문창동035,1,대전광역시 중구 보문로29번길4,대전광역시 중구 문창동372-2,36.31394958,127.4375992,,한전주,042-606-6843,대전광역시 중구청,2022-09-16
문창동036,1,대전광역시 중구 보문로27-4,대전광역시 중구 문창동371-19,36.31401062,127.437912,,건축물,042-606-6843,대전광역시 중구청,2022-09-16
문창동037,1,대전광역시 중구 보문로19번길3,대전광역시 중구 문창동368-18,36.31441498,127.4385529,,한전주,042-606-6843,대전광역시 중구청,2022-09-16
문창동038,1,대전광역시 중구 대종로296번길61,대전광역시 중구 문창동368-5,36.31406784,127.4387741,,한전주,042-606-6843,대전광역시 중구청,2022-09-16
문창동039,1,대전광역시 중구 대천서로259,대전광역시 중구 문창동369-1,36.31410599,127.439003,,전용주,042-606-6843,대전광역시 중구청,2022-09-16
문창동040,1,대전광역시 중구 대종로296번길55,대전광역시 중구 문창동370-30,36.31394577,127.4386139,,한전주,042-606-6843,대전광역시 중구청,2022-09-16
문창동041,1,대전광역시 중구 대종로296번길53-2,대전광역시 중구 문창동371-5,36.31406021,127.4384079,,한전주,042-606-6843,대전광역시 중구청,2022-09-16
문창동042,1,대전광역시 중구 대종로296번길50,대전광역시 중구 문창동370-28,36.31380081,127.4382095,,한전주,042-606-6843,대전광역시 중구청,2022-09-16
문창동043,1,대전광역시 중구 대종로296번길42,대전광역시 중구 문창동370-24,36.31370926,127.4379501,,한전주,042-606-6843,대전광역시 중구청,2022-09-16
문창동044,1,대전광역시 중구 보문로19번길16-8,대전광역시 중구 문창동370-3,36.31370926,127.4385834,,전용주,042-606-6843,대전광역시 중구청,2022-09-16
문창동045,1,대전광역시 중구 보문로19번길17,대전광역시 중구 문창동369-11,36.31368637,127.4390106,,한전주,042-606-6843,대전광역시 중구청,2022-09-16
문창동046,1,대전광역시 중구 대천가로257번길11,대전광역시 중구 문창동387-17,36.31346893,127.4385605,,한전주,042-606-6843,대전광역시 중구청,2022-09-16
문창동047,1,대전광역시 중구 대전천서로257번길14,대전광역시 중구 문창동370-14,36.31337738,127.4382095,,전용주,042-606-6843,대전광역시 중구청,2022-09-16
문창동048,1,대전광역시 중구 대종로286번길42,대전광역시 중구 문창동386-21,36.31322098,127.438858,,전용주,042-606-6843,대전광역시 중구청,2022-09-16
문창동049,1,대전광역시 중구 대종로286번길34,대전광역시 중구 문창동386-16,36.31304169,127.4383926,,한전주,042-606-6843,대전광역시 중구청,2022-09-16
문창동050,1,대전광역시 중구 보문로19번길29,대전광역시 중구 문창동388-13,36.31328964,127.4392319,,한전주,042-606-6843,대전광역시 중구청,2022-09-16
문창동051,1,대전광역시 중구 대종로280번길24,대전광역시 중구 문창동385-19,36.31278229,127.4388657,,한전주,042-606-6843,대전광역시 중구청,2022-09-16
문창동052,1,대전광역시 중구 보문로19번길37,대전광역시 중구 문창동388-10,36.31296539,127.4393997,,한전주,042-606-6843,대전광역시 중구청,2022-09-16
문창동053,1,대전광역시 중구 보문로19번길40,대전광역시 중구 문창동385-2,36.3127861,127.4393133,,전용주,042-606-6843,대전광역시 중구청,2022-09-16
문창동054,1,대전광역시 중구 대종로264번길21-10,대전광역시 중구 문창동389-8,36.31246567,127.4391174,,한전주,042-606-6843,대전광역시 중구청,2022-09-16
문창동055,1,대전광역시 중구 대종로274번길36,대전광역시 중구 문창동389-1,36.31266403,127.4396133,,한전주,042-606-6843,대전광역시 중구청,2022-09-16
문창동056,1,대전광역시 중구 대전천서로269-4,대전광역시 중구 문창동367-29,36.31485367,127.4387054,,건축물,042-606-6843,대전광역시 중구청,2022-09-16
문창동057,1,대전광역시 중구 대전천서로269-10,대전광역시 중구 문창동367-40,36.31479645,127.4385931,,건축물,042-606-6843,대전광역시 중구청,2022-09-16
문창동058,1,대전광역시 중구 대전천서로271-5,대전광역시 중구 문창동367-15,36.31500244,127.4386444,,전용주,042-606-6843,대전광역시 중구청,2022-09-16
문창동059,1,대전광역시 중구 대전천서로285-1,대전광역시 중구 문창동116-3,36.31618881,127.4382324,,전용주,042-606-6843,대전광역시 중구청,2022-09-16
문창동060,1,대전광역시 중구 대전천서로287-7,대전광역시 중구 문창동116-17,36.31635284,127.438118,,전용주,042-606-6843,대전광역시 중구청,2022-09-16
문창동061,1,대전광역시 중구 보문로20번길38,대전광역시 중구 문창동116-15,36.31628036,127.4378357,,한전주,042-606-6843,대전광역시 중구청,2022-09-16
문창동062,1,대전광역시 중구 보문로20번길34,대전광역시 중구 문창동116-14,36.31602478,127.4379272,,한전주,042-606-6843,대전광역시 중구청,2022-09-16
문창동063,1,대전광역시 중구 보문로20번길26,대전광역시 중구 문창동116-11,36.3157196,127.4380417,,한전주,042-606-6843,대전광역시 중구청,2022-09-16
문창동064,1,대전광역시 중구 보문로20번길21,대전광역시 중구 문창동120-4,36.31542587,127.4381561,,한전주,042-606-6843,대전광역시 중구청,2022-09-16
문창동065,1,대전광역시 중구 보문로20번길14-4,대전광역시 중구 문창동166-12,36.31516266,127.4384232,,한전주,042-606-6843,대전광역시 중구청,2022-09-16
문창동066,1,대전광역시 중구 보문로20번길29,대전광역시 중구 문창동120-1,36.31590271,127.4378662,,한전주,042-606-6843,대전광역시 중구청,2022-09-16
문창동067,1,대전광역시 중구 문창로18번길33,대전광역시 중구 문창동120-36,36.31573868,127.4374313,,한전주,042-606-6843,대전광역시 중구청,2022-09-16
문창동068,1,대전광역시 중구 문창로10번길31-6,대전광역시 중구 문창동120-39,36.31541443,127.4375992,,한전주,042-606-6843,대전광역시 중구청,2022-09-16
문창동069,1,대전광역시 중구 문창로10번길31-9,대전광역시 중구 문창동120-35,36.31546021,127.4374924,,한전주,042-606-6843,대전광역시 중구청,2022-09-16
문창동070,1,대전광역시 중구 문창로18번길28,대전광역시 중구 문창동120-33,36.31564331,127.4372253,,한전주,042-606-6843,대전광역시 중구청,2022-09-16
문창동071,1,대전광역시 중구 문창로18번길19,대전광역시 중구 문창동121-1,36.31549072,127.4368668,,한전주,042-606-6843,대전광역시 중구청,2022-09-16
문창동072,1,대전광역시 중구 보문로30번길36,대전광역시 중구 문창동119-12,36.31578064,127.4368515,,한전주,042-606-6843,대전광역시 중구청,2022-09-16
문창동073,1,대전광역시 중구 보문로30번길40-5,대전광역시 중구 문창동119-16,36.31599426,127.4370346,,한전주,042-606-6843,대전광역시 중구청,2022-09-16
문창동074,1,대전광역시 중구 보문로30번길40-31,대전광역시 중구 문창동119-18,36.3161087,127.4372864,,한전주,042-606-6843,대전광역시 중구청,2022-09-16
문창동075,1,대전광역시 중구 보문로30번길40-31,대전광역시 중구 문창동119-20,36.31617737,127.4374542,,전용주,042-606-6843,대전광역시 중구청,2022-09-16
문창동076,1,대전광역시 중구 보문로40-23,대전광역시 중구 문창동118-6,36.31622696,127.4373245,,전용주,042-606-6843,대전광역시 중구청,2022-09-16
문창동077,1,대전광역시 중구 보문로30번길39,대전광역시 중구 문창동122-1,36.31591034,127.4367065,,한전주,042-606-6843,대전광역시 중구청,2022-09-16
문창동078,1,대전광역시 중구 문창로22-35,대전광역시 중구 문창동123-7,36.31589508,127.4364548,,한전주,042-606-6843,대전광역시 중구청,2022-09-16
문창동079,1,대전광역시 중구 문창로22-29,대전광역시 중구 문창동122-22,36.31580353,127.4362335,,한전주,042-606-6843,대전광역시 중구청,2022-09-16
문창동080,1,대전광역시 중구 문창로22-25,대전광역시 중구 문창동123-11,36.31568909,127.4359131,,한전주,042-606-6843,대전광역시 중구청,2022-09-16
문창동081,1,대전광역시 중구 문창로22-21,대전광역시 중구 문창동123-12,36.31586456,127.4358139,,한전주,042-606-6843,대전광역시 중구청,2022-09-16
문창동082,1,대전광역시 중구 문창로22-16,대전광역시 중구 문창동122-20,36.31555557,127.4359741,,한전주,042-606-6843,대전광역시 중구청,2022-09-16
문창동083,1,대전광역시 중구 문창로18번길12,대전광역시 중구 문창동121-12,36.31529236,127.4363403,,한전주,042-606-6843,대전광역시 중구청,2022-09-16
문창동084,1,대전광역시 중구 문창로18번길16,대전광역시 중구 문창동121-13,36.31538391,127.4365997,,한전주,042-606-6843,대전광역시 중구청,2022-09-16
문창동085,1,대전광역시 중구 문창로14-5,대전광역시 중구 문창동363-10,36.31498718,127.4362793,,건축물,042-606-6843,대전광역시 중구청,2022-09-16
문창동086,1,대전광역시 중구 문창로14-16,대전광역시 중구 문창동363-14,36.31513214,127.4367371,,한전주,042-606-6843,대전광역시 중구청,2022-09-16
문창동087,1,대전광역시 중구 문창로6,대전광역시 중구 문창동361-18,36.31421661,127.4364319,,한전주,042-606-6843,대전광역시 중구청,2022-09-16
문창동088,1,대전광역시 중구 보문로32-7,대전광역시 중구 문창동361-11,36.31429672,127.4370804,,전용주,042-606-6843,대전광역시 중구청,2022-09-16
문창동089,1,대전광역시 중구 보문로20번길44,대전광역시 중구 문창동361-8,36.31654358,127.4376907,,한전주,042-606-6843,대전광역시 중구청,2022-09-16
문창동090,1,대전광역시 중구 보문로20번길54,대전광역시 중구 문창동115-51,36.31688309,127.437561,,한전주,042-606-6843,대전광역시 중구청,2022-09-16
문창동091,1,대전광역시 중구 보문로20번길62,대전광역시 중구 문창동115-47,36.31724548,127.4374237,,한전주,042-606-6843,대전광역시 중구청,2022-09-16
문창동092,1,대전광역시 중구 대종로334번길86,대전광역시 중구 문창동115-38,36.31733704,127.4376144,,한전주,042-606-6843,대전광역시 중구청,2022-09-16
문창동093,1,대전광역시 중구 대종로334번길84-5,대전광역시 중구 문창동115-40,36.31720734,127.4376526,,한전주,042-606-6843,대전광역시 중구청,2022-09-16
문창동094,1,대전광역시 중구 대종로334번길88-14,대전광역시 중구 문창동115-42,36.31719208,127.4378052,,전용주,042-606-6843,대전광역시 중구청,2022-09-16
문창동095,1,대전광역시 중구 대종로334번길84-11,대전광역시 중구 문창동115-29,36.31687927,127.4377747,,한전주,042-606-6843,대전광역시 중구청,2022-09-16
문창동096,1,대전광역시 중구 대전천서로289-10,대전광역시 중구 문창동115-16,36.31658554,127.437851,,한전주,042-606-6843,대전광역시 중구청,2022-09-16
문창동097,1,대전광역시 중구 대전천서로293-4,대전광역시 중구 문창동115-8,36.31687546,127.4380646,,전용주,042-606-6843,대전광역시 중구청,2022-09-16
문창동098,1,대전광역시 중구 대전천서로289-4,대전광역시 중구 문창동115-19,36.31666565,127.4381409,,전용주,042-606-6843,대전광역시 중구청,2022-09-16
문창동099,1,대전광역시 중구 대종로334번길88-6,대전광역시 중구 문창동115-2,36.31725693,127.4379501,,전용주,042-606-6843,대전광역시 중구청,2022-09-16
문창동100,1,대전광역시 중구 대종로334번길78-8,대전광역시 중구 문창동117-16,36.31703949,127.4372482,,한전주,042-606-6843,대전광역시 중구청,2022-09-16
문창동101,1,대전광역시 중구 대종로334번길78-13,대전광역시 중구 문창동117-10,36.31675339,127.4373703,,한전주,042-606-6843,대전광역시 중구청,2022-09-16
문창동102,1,대전광역시 중구 보문로30번길46-14,대전광역시 중구 문창동118-18,36.31646347,127.4373627,,한전주,042-606-6843,대전광역시 중구청,2022-09-16
문창동103,1,대전광역시 중구 보문로30번길46-10,대전광역시 중구 문창동118-21,36.31633377,127.4370499,,한전주,042-606-6843,대전광역시 중구청,2022-09-16
문창동104,1,대전광역시 중구 보문로30번길46-9,대전광역시 중구 문창동117-48,36.31646347,127.4368439,,전용주,042-606-6843,대전광역시 중구청,2022-09-16
문창동105,1,대전광역시 중구 보문로30번길46-4,대전광역시 중구 문창동118-11,36.31617355,127.4366989,,한전주,042-606-6843,대전광역시 중구청,2022-09-16
문창동106,1,대전광역시 중구 보문로30번길54,대전광역시 중구 문창동117-36,36.31640625,127.4365692,,한전주,042-606-6843,대전광역시 중구청,2022-09-16
문창동107,1,대전광역시 중구 대종로334번길70-11,대전광역시 중구 문창동117-30,36.31660843,127.436882,,한전주,042-606-6843,대전광역시 중구청,2022-09-16
문창동108,1,대전광역시 중구 대종로334번길70-5,대전광역시 중구 문창동117-55,36.31685638,127.4369965,,전용주,042-606-6843,대전광역시 중구청,2022-09-16
문창동109,1,대전광역시 중구 보문로30번길68,대전광역시 중구 문창동117-43,36.31697464,127.4367981,,한전주,042-606-6843,대전광역시 중구청,2022-09-16
문창동110,1,대전광역시 중구 보문로30번길56,대전광역시 중구 문창동117-33,36.31672287,127.436409,,한전주,042-606-6843,대전광역시 중구청,2022-09-16
문창동111,1,대전광역시 중구 보문로30번길55,대전광역시 중구 문창동123-1,36.31657028,127.4361343,,한전주,042-606-6843,대전광역시 중구청,2022-09-16
문창동112,1,대전광역시 중구 대종로334번길40,대전광역시 중구 문창동123-23,36.31640625,127.4358902,,한전주,042-606-6843,대전광역시 중구청,2022-09-16
문창동113,1,대전광역시 중구 대종로334번길40,대전광역시 중구 문창동123-23,36.31624222,127.4355927,,한전주,042-606-6843,대전광역시 중구청,2022-09-16
문창동114,1,대전광역시 중구 문창로38번길9,대전광역시 중구 문창동107-17,36.31700134,127.4352798,,한전주,042-606-6843,대전광역시 중구청,2022-09-16
문창동115,1,대전광역시 중구 문창로38번길14,대전광역시 중구 문창동107-6,36.31684494,127.4354706,,한전주,042-606-6843,대전광역시 중구청,2022-09-16
문창동116,1,대전광역시 중구 대종로334번길51,대전광역시 중구 문창동107-23,36.31678391,127.4357681,,전용주,042-606-6843,대전광역시 중구청,2022-09-16
문창동117,1,대전광역시 중구 보문로30번길68,대전광역시 중구 문창동108-20,36.31697464,127.4362717,,전용주,042-606-6843,대전광역시 중구청,2022-09-16
문창동118,1,대전광역시 중구 보문로30번길72,대전광역시 중구 문창동108-21,36.31713867,127.4361649,,한전주,042-606-6843,대전광역시 중구청,2022-09-16
문창동119,1,대전광역시 중구 문창로38번길15,대전광역시 중구 문창동107-20,36.31715393,127.4356995,,한전주,042-606-6843,대전광역시 중구청,2022-09-16
문창동120,1,대전광역시 중구 보문로30번길78,대전광역시 중구 문창동109-16,36.31742096,127.4360046,,한전주,042-606-6843,대전광역시 중구청,2022-09-16
문창동121,1,대전광역시 중구 보문로30번길88,대전광역시 중구 문창동110-33,36.31784439,127.4357681,,한전주,042-606-6843,대전광역시 중구청,2022-09-16
문창동122,1,대전광역시 중구 문창로42번길20,대전광역시 중구 문창동106-1,36.31751633,127.4356995,,한전주,042-606-6843,대전광역시 중구청,2022-09-16
문창동123,1,대전광역시 중구 문창로42번길13,대전광역시 중구 문창동105-12,36.31747437,127.435463,,한전주,042-606-6843,대전광역시 중구청,2022-09-16
문창동124,1,대전광역시 중구 문창로42번길11,대전광역시 중구 문창동105-6,36.31735229,127.4351501,,한전주,042-606-6843,대전광역시 중구청,2022-09-16
문창동125,1,대전광역시 중구 문창로44,대전광역시 중구 문창동105-10,36.31758118,127.4348831,,한전주,042-606-6843,대전광역시 중구청,2022-09-16
문창동126,1,대전광역시 중구 문창로46-14,대전광역시 중구 문창동105-13,36.31767273,127.435112,,한전주,042-606-6843,대전광역시 중구청,2022-09-16
문창동127,1,대전광역시 중구 문창로46-19,대전광역시 중구 문창동105-17,36.31785583,127.4355469,,전용주,042-606-6843,대전광역시 중구청,2022-09-16
문창동128,1,대전광역시 중구 문창로50번길22,대전광역시 중구 문창동82-1,36.31819153,127.4355011,,한전주,042-606-6843,대전광역시 중구청,2022-09-16
문창동129,1,대전광역시 중구 문창로50번길21,대전광역시 중구 문창동81-4,36.31832504,127.4354324,,한전주,042-606-6843,대전광역시 중구청,2022-09-16
문창동130,1,대전광역시 중구 문창로50번길22,대전광역시 중구 문창동82-1,36.31816864,127.4353333,,한전주,042-606-6843,대전광역시 중구청,2022-09-16
문창동131,1,대전광역시 중구 문창로50번길16-4,대전광역시 중구 문창동82-18,36.31795502,127.4350967,,전용주,042-606-6843,대전광역시 중구청,2022-09-16
문창동132,1,대전광역시 중구 문창로50번길16-8,대전광역시 중구 문창동82-21,36.31801987,127.4352798,,건축물,042-606-6843,대전광역시 중구청,2022-09-16
문창동133,1,대전광역시 중구 문창로50번길10,대전광역시 중구 문창동82-16,36.31797409,127.434845,,한전주,042-606-6843,대전광역시 중구청,2022-09-16
문창동134,1,대전광역시 중구 문창로50번길8,대전광역시 중구 문창동82-15,36.31792068,127.4347153,,한전주,042-606-6843,대전광역시 중구청,2022-09-16
문창동135,1,대전광역시 중구 문창로54,대전광역시 중구 문창동81-9,36.31829453,127.4345703,,한전주,042-606-6843,대전광역시 중구청,2022-09-16
문창동136,1,대전광역시 중구 문창로45번길14,대전광역시 중구 문창동81-13,36.31840134,127.4348602,,한전주,042-606-6843,대전광역시 중구청,2022-09-16
문창동137,1,대전광역시 중구 문창로54번길22,대전광역시 중구 문창동81-1,36.31855392,127.435257,,한전주,042-606-6843,대전광역시 중구청,2022-09-16
문창동138,1,대전광역시 중구 보문로30번길115,대전광역시 중구 문창동70-1,36.31891632,127.435051,,한전주,042-606-6843,대전광역시 중구청,2022-09-16
문창동139,1,대전광역시 중구 문창로58번길5,대전광역시 중구 문창동69-4,36.31879044,127.4346784,,한전주,042-606-6843,대전광역시 중구청,2022-09-16
문창동140,1,대전광역시 중구 문창로54번길13-9,대전광역시 중구 문창동71-18,36.31870651,127.4345169,,한전주,042-606-6843,대전광역시 중구청,2022-09-16
문창동141,1,대전광역시 중구 문창로60번길8,대전광역시 중구 문창동71-1,36.31880188,127.4340515,,한전주,042-606-6843,대전광역시 중구청,2022-09-16
문창동142,1,대전광역시 중구 문창로60번길13,대전광역시 중구 문창동68-9,36.31900787,127.4343185,,한전주,042-606-6843,대전광역시 중구청,2022-09-16
문창동143,1,대전광역시 중구 문창로60번길20,대전광역시 중구 문창동69-7,36.31907654,127.4345856,,한전주,042-606-6843,대전광역시 중구청,2022-09-16
문창동144,1,대전광역시 중구 문창로60번길117,대전광역시 중구 문창동69-1,36.31919098,127.4348907,,전용주,042-606-6843,대전광역시 중구청,2022-09-16
문창동145,1,대전광역시 중구 보문로30번길121,대전광역시 중구 문창동68-3,36.31930161,127.4348755,,한전주,042-606-6843,대전광역시 중구청,2022-09-16
문창동146,1,대전광역시 중구 보문로30번길131,대전광역시 중구 문창동67-7,36.31960678,127.4346924,,한전주,042-606-6843,대전광역시 중구청,2022-09-16
문창동147,1,대전광역시 중구 문창로66번길17,대전광역시 중구 문창동68-26,36.31947708,127.434433,,한전주,042-606-6843,대전광역시 중구청,2022-09-16
문창동148,1,대전광역시 중구 충무로158-11,대전광역시 중구 문창동67-54,36.31968307,127.4343872,,한전주,042-606-6843,대전광역시 중구청,2022-09-16
문창동149,1,대전광역시 중구 문창로66번길9,대전광역시 중구 문창동68-21,36.31933212,127.4340744,,한전주,042-606-6843,대전광역시 중구청,2022-09-16
문창동150,1,대전광역시 중구 문창로66번길11-18,대전광역시 중구 문창동67-13,36.31958771,127.4341965,,전용주,042-606-6843,대전광역시 중구청,2022-09-16
문창동151,1,대전광역시 중구 문창로66번길11-3,대전광역시 중구 문창동67-15,36.31949615,127.4340134,,한전주,042-606-6843,대전광역시 중구청,2022-09-16
문창동152,1,대전광역시 중구 문창로66번길11-11,대전광역시 중구 문창동67-20,36.31941223,127.4337234,,전용주,042-606-6843,대전광역시 중구청,2022-09-16
문창동153,1,대전광역시 중구 문창로66번길1,대전광역시 중구 문창동68-17,36.31920242,127.4337158,,한전주,042-606-6843,대전광역시 중구청,2022-09-16
문창동154,1,대전광역시 중구 문창로72-2,대전광역시 중구 문창동67-25,36.31957245,127.4335251,,전용주,042-606-6843,대전광역시 중구청,2022-09-16
문창동155,1,대전광역시 중구 문창로66번길11-19,대전광역시 중구 문창동67-29,36.31969833,127.4338989,,한전주,042-606-6843,대전광역시 중구청,2022-09-16
문창동156,1,대전광역시 중구 충무로158-8,대전광역시 중구 문창동67-36,36.31985092,127.434227,,전용주,042-606-6843,대전광역시 중구청,2022-09-16
문창동157,1,대전광역시 중구 충무로158,대전광역시 중구 문창동67-38,36.32003403,127.4340973,,전용주,042-606-6843,대전광역시 중구청,2022-09-16
문창동158,1,대전광역시 중구 충무로160-1,대전광역시 중구 문창동67-3,36.32004547,127.4344482,,한전주,042-606-6843,대전광역시 중구청,2022-09-16
문창동159,1,대전광역시 중구 충무로168-1,대전광역시 중구 문창동66-4,36.32049561,127.4351425,,한전주,042-606-6843,대전광역시 중구청,2022-09-16
문창동160,1,대전광역시 중구 충무로172,대전광역시 중구 문창동2-26,36.32048035,127.435524,,한전주,042-606-6843,대전광역시 중구청,2022-09-16
문창동161,1,대전광역시 중구 보문로20번길140,대전광역시 중구 문창동2-26,36.3203392,127.4356079,,한전주,042-606-6843,대전광역시 중구청,2022-09-16
문창동162,1,대전광역시 중구 보문로20번길140-5,대전광역시 중구 문창동2-8,36.32040024,127.4358139,,한전주,042-606-6843,대전광역시 중구청,2022-09-16
문창동163,1,대전광역시 중구 보문로20번길138,대전광역시 중구 문창동2-19,36.3202095,127.4356842,,한전주,042-606-6843,대전광역시 중구청,2022-09-16
문창동164,1,대전광역시 중구 보문로30번길138-14,대전광역시 중구 문창동64-3,36.32015228,127.4352875,,한전주,042-606-6843,대전광역시 중구청,2022-09-16
문창동165,1,대전광역시 중구 보문로30번길138-6,대전광역시 중구 문창동64-18,36.31998444,127.4348831,,한전주,042-606-6843,대전광역시 중구청,2022-09-16
문창동166,1,대전광역시 중구 문창로66번길27,대전광역시 중구 문창동6-15,36.31965256,127.4348907,,한전주,042-606-6843,대전광역시 중구청,2022-09-16
문창동167,1,대전광역시 중구 문창로66번길33-1,대전광역시 중구 문창동6-19,36.31980515,127.4352951,,한전주,042-606-6843,대전광역시 중구청,2022-09-16
문창동168,1,대전광역시 중구 문창로66번길43,대전광역시 중구 문창동6-22,36.31993484,127.4356155,,한전주,042-606-6843,대전광역시 중구청,2022-09-16
문창동169,1,대전광역시 중구 보문로20번길125,대전광역시 중구 문창동6-2,36.31981277,127.4358368,,한전주,042-606-6843,대전광역시 중구청,2022-09-16
문창동170,1,대전광역시 중구 보문로20번길43,대전광역시 중구 문창동6-3,36.31964493,127.4359207,,한전주,042-606-6843,대전광역시 중구청,2022-09-16
문창동171,1,대전광역시 중구 문창로60번길39,대전광역시 중구 문창동5-6,36.31951141,127.4356155,,한전주,042-606-6843,대전광역시 중구청,2022-09-16
문창동172,1,대전광역시 중구 문창로60번길31,대전광역시 중구 문창동5-5,36.31944275,127.4354248,,한전주,042-606-6843,대전광역시 중구청,2022-09-16
문창동173,1,대전광역시 중구 문창로58번길19,대전광역시 중구 문창동4-4,36.31908798,127.4354401,,한전주,042-606-6843,대전광역시 중구청,2022-09-16
문창동174,1,대전광역시 중구 문창로58번길21,대전광역시 중구 문창동4-5,36.31913757,127.435585,,한전주,042-606-6843,대전광역시 중구청,2022-09-16
문창동175,1,대전광역시 중구 문창로58번길25,대전광역시 중구 문창동5-12,36.31922531,127.4357986,,한전주,042-606-6843,대전광역시 중구청,2022-09-16
문창동176,1,대전광역시 중구 보문로20번길117,대전광역시 중구 문창동5-10,36.3193512,127.4360886,,한전주,042-606-6843,대전광역시 중구청,2022-09-16
문창동177,1,대전광역시 중구 보문로20번길116,대전광역시 중구 문창동3-30,36.31941986,127.4363022,,한전주,042-606-6843,대전광역시 중구청,2022-09-16
문창동178,1,대전광역시 중구 보문로20번길109-1,대전광역시 중구 문창동4-10,36.31913376,127.435997,,한전주,042-606-6843,대전광역시 중구청,2022-09-16
문창동179,1,대전광역시 중구 보문로20번길105,대전광역시 중구 문창동3-27,36.31895828,127.4363403,,한전주,042-606-6843,대전광역시 중구청,2022-09-16
문창동180,1,대전광역시 중구 문창로54번길36,대전광역시 중구 문창동111-3,36.31879807,127.4358978,,한전주,042-606-6843,대전광역시 중구청,2022-09-16
문창동181,1,대전광역시 중구 문창로54번길32,대전광역시 중구 문창동111-5,36.31869507,127.4356308,,한전주,042-606-6843,대전광역시 중구청,2022-09-16
문창동182,1,대전광역시 중구 문창로50번길30,대전광역시 중구 문창동110-10,36.318367,127.4358444,,한전주,042-606-6843,대전광역시 중구청,2022-09-16
문창동183,1,대전광역시 중구 문창로50번길37,대전광역시 중구 문창동111-19,36.31853485,127.4361572,,한전주,042-606-6843,대전광역시 중구청,2022-09-16
문창동184,1,대전광역시 중구 보문로20번길99,대전광역시 중구 문창동111-17,36.31868744,127.4364853,,한전주,042-606-6843,대전광역시 중구청,2022-09-16
문창동185,1,대전광역시 중구 보문로20번길101-2,대전광역시 중구 문창동111-19,36.31865311,127.4361343,,한전주,042-606-6843,대전광역시 중구청,2022-09-16
문창동186,1,대전광역시 중구 보문로20번길89,대전광역시 중구 문창동110-22,36.3184166,127.4366531,,한전주,042-606-6843,대전광역시 중구청,2022-09-16
문창동187,1,대전광역시 중구 보문로30번길92-16,대전광역시 중구 문창동110-20,36.31826401,127.436264,,한전주,042-606-6843,대전광역시 중구청,2022-09-16
문창동188,1,대전광역시 중구 보문로30번길92-3,대전광역시 중구 문창동110-14,36.31813049,127.4358215,,전용주,042-606-6843,대전광역시 중구청,2022-09-16
문창동189,1,대전광역시 중구 문창로42번길28,대전광역시 중구 문창동109-19,36.31768036,127.4360962,,한전주,042-606-6843,대전광역시 중구청,2022-09-16
문창동190,1,대전광역시 중구 문창로42번길31-3,대전광역시 중구 문창동110-17,36.31795502,127.4361649,,전용주,042-606-6843,대전광역시 중구청,2022-09-16
문창동191,1,대전광역시 중구 문창로42번길33,대전광역시 중구 문창동109-23,36.31785583,127.436409,,한전주,042-606-6843,대전광역시 중구청,2022-09-16
문창동192,1,대전광역시 중구 보문로20번길87,대전광역시 중구 문창동110-25,36.31817627,127.4367828,,한전주,042-606-6843,대전광역시 중구청,2022-09-16
문창동193,1,대전광역시 중구 보문로20번길48,대전광역시 중구 문창동113-11,36.31796646,127.4369736,,한전주,042-606-6843,대전광역시 중구청,2022-09-16
문창동194,1,대전광역시 중구 문창로38번길41,대전광역시 중구 문창동109-3,36.31767654,127.4370193,,전용주,042-606-6843,대전광역시 중구청,2022-09-16
문창동195,1,대전광역시 중구 문창로38번길39,대전광역시 중구 문창동109-7,36.3175621,127.4367676,,한전주,042-606-6843,대전광역시 중구청,2022-09-16
문창동196,1,대전광역시 중구 문창로38번길33,대전광역시 중구 문창동109-7,36.31751251,127.4366302,,한전주,042-606-6843,대전광역시 중구청,2022-09-16
문창동197,1,대전광역시 중구 문창로38번길29,대전광역시 중구 문창동109-15,36.31735611,127.4362335,,한전주,042-606-6843,대전광역시 중구청,2022-09-16
문창동198,1,대전광역시 중구 대종로334번길65,대전광역시 중구 문창동108-16,36.31700897,127.4366608,,한전주,042-606-6843,대전광역시 중구청,2022-09-16
문창동199,1,대전광역시 중구 대종로334번길71,대전광역시 중구 문창동108-4,36.317173,127.4369125,,한전주,042-606-6843,대전광역시 중구청,2022-09-16
문창동200,1,대전광역시 중구 대종로334번길75,대전광역시 중구 문창동108-32,36.317276,127.4371719,,한전주,042-606-6843,대전광역시 중구청,2022-09-16
문창동201,1,대전광역시 중구 보문로20번길71,대전광역시 중구 문창동113-17,36.31751251,127.4371185,,건축물,042-606-6843,대전광역시 중구청,2022-09-16
문창동202,1,대전광역시 중구 문창로42번길48,대전광역시 중구 문창동113-16,36.31807709,127.4370956,,한전주,042-606-6843,대전광역시 중구청,2022-09-16
문창동203,1,대전광역시 중구 대전천서로319-19,대전광역시 중구 문창동112-41,36.31825256,127.4370346,,전용주,042-606-6843,대전광역시 중구청,2022-09-16
문창동204,1,대전광역시 중구 대전천서로319-15,대전광역시 중구 문창동112-14,36.3184967,127.4370117,,전용주,042-606-6843,대전광역시 중구청,2022-09-16
문창동205,1,대전광역시 중구 대전천서로319-6,대전광역시 중구 문창동112-9,36.31883621,127.4369812,,전용주,042-606-6843,대전광역시 중구청,2022-09-16
문창동206,1,대전광역시 중구 대전천선로319-1,대전광역시 중구 문창동112-3,36.31899643,127.4367676,,전용주,042-606-6843,대전광역시 중구청,2022-09-16
문창동207,1,대전광역시 중구 문창로54번길50,대전광역시 중구 문창동112-2,36.31909943,127.4366913,,한전주,042-606-6843,대전광역시 중구청,2022-09-16
문창동208,1,대전광역시 중구 대전천서로327,대전광역시 중구 문창동3-14,36.31975555,127.4364777,,전용주,042-606-6843,대전광역시 중구청,2022-09-16
문창동209,1,대전광역시 중구 대전천서로327-9,대전광역시 중구 문창동3-35,36.31986618,127.4361496,,전용주,042-606-6843,대전광역시 중구청,2022-09-16
문창동210,1,대전광역시 중구 문창로66번길45,대전광역시 중구 문창동3-38,36.32003021,127.4358749,,한전주,042-606-6843,대전광역시 중구청,2022-09-16
문창동211,1,대전광역시 중구 충무로167-5,대전광역시 중구 문창동61-9,36.32099915,127.4349976,,건축물,042-606-6843,대전광역시 중구청,2022-09-16
문창동212,1,대전광역시 중구 충무로167-12,대전광역시 중구 문창동9-15,36.32120132,127.4352036,,전용주,042-606-6843,대전광역시 중구청,2022-09-16
문창동213,1,대전광역시 중구 대전천서로349-6,대전광역시 중구 문창동59-5,36.32128906,127.4350891,,한전주,042-606-6843,대전광역시 중구청,2022-09-16
문창동214,1,대전광역시 중구 대전천서로349-14,대전광역시 중구 문창동54-21,36.32112122,127.4346466,,한전주,042-606-6843,대전광역시 중구청,2022-09-16
문창동215,1,대전광역시 중구 대전천서로249-20,대전광역시 중구 문창동54-23,36.32101059,127.4343262,,한전주,042-606-6843,대전광역시 중구청,2022-09-16
문창동216,1,대전광역시 중구 대종로386번길64,대전광역시 중구 문창동54-11,36.32114029,127.4342194,,한전주,042-606-6843,대전광역시 중구청,2022-09-16
문창동217,1,대전광역시 중구 대종로386번길66,대전광역시 중구 문창동54-18,36.32127762,127.434288,,한전주,042-606-6843,대전광역시 중구청,2022-09-16
문창동218,1,대전광역시 중구 대종로386번길84,대전광역시 중구 문창동10-1,36.32188797,127.4343567,,한전주,042-606-6843,대전광역시 중구청,2022-09-16
문창동219,1,대전광역시 중구 문창로90번길44,대전광역시 중구 문창동355-2,36.32183075,127.4345627,,한전주,042-606-6843,대전광역시 중구청,2022-09-16
문창동220,1,대전광역시 중구 대천서로357,대전광역시 중구 문창동10-32,36.32190323,127.4348221,,전용주,042-606-6843,대전광역시 중구청,2022-09-16
문창동221,1,대전광역시 중구 대종로386번길88,대전광역시 중구 문창동10-24,36.32223511,127.4343643,,한전주,042-606-6843,대전광역시 중구청,2022-09-16
문창동222,1,대전광역시 중구 대전천서로365,대전광역시 중구 문창동10-106,36.32260132,127.4343872,,한전주,042-606-6843,대전광역시 중구청,2022-09-16
문창동223,1,대전광역시 중구 인창로28번길6,대전광역시 중구 문창동21-14,36.3225441,127.4327698,,한전주,042-606-6843,대전광역시 중구청,2022-09-16
문창동224,1,대전광역시 중구 문창로102번길30,대전광역시 중구 문창동20-13,36.32249832,127.4332199,,한전주,042-606-6843,대전광역시 중구청,2022-09-16
문창동225,1,대전광역시 중구 인창로36,대전광역시 중구 문창동10-3,36.32299805,127.433403,,한전주,042-606-6843,대전광역시 중구청,2022-09-16
문창동226,1,대전광역시 중구 문창로102번길34,대전광역시 중구 문창동10-49,36.3225708,127.4335327,,한전주,042-606-6843,대전광역시 중구청,2022-09-16
문창동227,1,대전광역시 중구 문창로102번길38,대전광역시 중구 문창동10-48,36.32266998,127.4336777,,전용주,042-606-6843,대전광역시 중구청,2022-09-16
문창동229,1,대전광역시 중구 문창로98번길40,대전광역시 중구 문창동10-5,36.32243729,127.4341965,,한전주,042-606-6843,대전광역시 중구청,2022-09-16
문창동230,1,대전광역시 중구 문창로98번길31,대전광역시 중구 문창동10-127,36.32231522,127.4336929,,한전주,042-606-6843,대전광역시 중구청,2022-09-16
문창동231,1,대전광역시 중구 문창로98번길32,대전광역시 중구 문창동10-127,36.32221222,127.4338226,,한전주,042-606-6843,대전광역시 중구청,2022-09-16
문창동232,1,대전광역시 중구 문창로94번길29,대전광역시 중구 문창동52-10,36.32192612,127.4336319,,한전주,042-606-6843,대전광역시 중구청,2022-09-16
문창동233,1,대전광역시 중구 문창로94번길31,대전광역시 중구 문창동52-52,36.3220253,127.4338531,,한전주,042-606-6843,대전광역시 중구청,2022-09-16
문창동234,1,대전광역시 중구 문창로94번길37,대전광역시 중구 문창동10-60,36.32210541,127.4339828,,한전주,042-606-6843,대전광역시 중구청,2022-09-16
문창동235,1,대전광역시 중구 문창로90번길32,대전광역시 중구 문창동53-9,36.32165909,127.4339447,,한전주,042-606-6843,대전광역시 중구청,2022-09-16
문창동236,1,대전광역시 중구 인창로28번길41,대전광역시 중구 문창동44-7,36.32109451,127.4337387,,한전주,042-606-6843,대전광역시 중구청,2022-09-16
문창동237,1,대전광역시 중구 충무로161-6,대전광역시 중구 문창동356-1,36.32085037,127.4340744,,한전주,042-606-6843,대전광역시 중구청,2022-09-16
문창동238,1,대전광역시 중구 충무로161-5,대전광역시 중구 문창동75-75,36.3208313,127.4339142,,한전주,042-606-6843,대전광역시 중구청,2022-09-16
문창동239,1,대전광역시 중구 대종로386번길44-1,대전광역시 중구 문창동75-110,36.32058716,127.4334641,,한전주,042-606-6843,대전광역시 중구청,2022-09-16
문창동240,1,대전광역시 중구 대종로386번길44,대전광역시 중구 문창동75-110,36.32054138,127.4333267,,한전주,042-606-6843,대전광역시 중구청,2022-09-16
문창동241,1,대전광역시 중구 대종로386번길38,대전광역시 중구 문창동75-125,36.32045746,127.4331055,,한전주,042-606-6843,대전광역시 중구청,2022-09-16
문창동241-1,1,,대전광역시 중구 문창동75-2,36.32047713,127.4331234,,한전주,042-606-6843,대전광역시 중구청,2022-09-16
문창동242,1,대전광역시 중구 문창로80번길9,대전광역시 중구 문창동75-133,36.32034683,127.433342,,한전주,042-606-6843,대전광역시 중구청,2022-09-16
문창동243,1,대전광역시 중구 문창로80번길13-1,대전광역시 중구 문창동75-105,36.32045364,127.4335785,,한전주,042-606-6843,대전광역시 중구청,2022-09-16
문창동244,1,대전광역시 중구 문창로80번길17,대전광역시 중구 문창동75-84,36.32055664,127.4339447,,한전주,042-606-6843,대전광역시 중구청,2022-09-16
문창동245,1,대전광역시 중구 문창로86-15,대전광역시 중구 문창동44-13,36.32101822,127.4334641,,한전주,042-606-6843,대전광역시 중구청,2022-09-16
문창동246,1,대전광역시 중구 문창로86-11,대전광역시 중구 문창동44-14,36.32097626,127.433075,,한전주,042-606-6843,대전광역시 중구청,2022-09-16
문창동247,1,대전광역시 중구 문창로90번길15,대전광역시 중구 문창동43-4,36.32141876,127.4331894,,한전주,042-606-6843,대전광역시 중구청,2022-09-16
문창동248,1,대전광역시 중구 인창로28번길36,대전광역시 중구 문창동46-13,36.32138062,127.433403,,한전주,042-606-6843,대전광역시 중구청,2022-09-16
문창동249,1,대전광역시 중구 인창로28번길22,대전광역시 중구 문창동47-24,36.32176208,127.433197,,한전주,042-606-6843,대전광역시 중구청,2022-09-16
문창동250,1,대전광역시 중구 문창로94번길15,대전광역시 중구 문창동47-29,36.32167053,127.4329529,,전용주,042-606-6843,대전광역시 중구청,2022-09-16
문창동251,1,대전광역시 중구 문창로94번길13,대전광역시 중구 문창동47-16,36.32162094,127.4328156,,한전주,042-606-6843,대전광역시 중구청,2022-09-16
문창동252,1,대전광역시 중구 문창로92,대전광역시 중구 문창동36-15,36.32146835,127.4325256,,건축물,042-606-6843,대전광역시 중구청,2022-09-16
문창동253,1,대전광역시 중구 문창로98번길14,대전광역시 중구 문창동48-7,36.3218689,127.432724,,한전주,042-606-6843,대전광역시 중구청,2022-09-16
문창동254,1,대전광역시 중구 문창로98번길11-8,대전광역시 중구 문창동48-5,36.32213211,127.4325562,,한전주,042-606-6843,대전광역시 중구청,2022-09-16
문창동255,1,대전광역시 중구 문창로98번길18,대전광역시 중구 문창동48-9,36.32194138,127.4328995,,한전주,042-606-6843,대전광역시 중구청,2022-09-16
문창동256,1,대전광역시 중구 문창로98번길14,대전광역시 중구 문창동48-9,36.32201385,127.4330826,,한전주,042-606-6843,대전광역시 중구청,2022-09-16
문창동257,1,대전광역시 중구 인창로28번길14,대전광역시 중구 문창동48-3,36.32213211,127.4330215,,한전주,042-606-6843,대전광역시 중구청,2022-09-16
문창동258,1,대전광역시 중구 문창로102번길18,대전광역시 중구 문창동22-6,36.32232666,127.4327545,,한전주,042-606-6843,대전광역시 중구청,2022-09-16
문창동259,1,대전광역시 중구 문창로98번길11-7,대전광역시 중구 문창동35,36.32219315,127.4324265,,한전주,042-606-6843,대전광역시 중구청,2022-09-16
문창동260,1,대전광역시 중구 문창로102번길11,대전광역시 중구 문창동35-39,36.3222084,127.4323502,,한전주,042-606-6843,대전광역시 중구청,2022-09-16
문창동261,1,대전광역시 중구 문창로98,대전광역시 중구 문창동36-13,36.32180786,127.4320908,,한전주,042-606-6843,대전광역시 중구청,2022-09-16
문창동262,1,대전광역시 중구 문창로98번길,대전광역시 중구 문창동35-6,36.32194901,127.4324036,,전용주,042-606-6843,대전광역시 중구청,2022-09-16
문창동263,1,대전광역시 중구 문창로85-6,대전광역시 중구 문창동40,36.32065964,127.4322357,,한전주,042-606-6843,대전광역시 중구청,2022-09-16
문창동264,1,대전광역시 중구 문창로85-17,대전광역시 중구 문창동40-6,36.32045364,127.4317322,,한전주,042-606-6843,대전광역시 중구청,2022-09-16
문창동265,1,대전광역시 중구 대종로396번길13,대전광역시 중구 문창동38-3,36.32074738,127.4315033,,한전주,042-606-6843,대전광역시 중구청,2022-09-16
문창동266,1,대전광역시 중구 대종로396번길21,대전광역시 중구 문창동38-3,36.32086182,127.4317932,,한전주,042-606-6843,대전광역시 중구청,2022-09-16
문창동267,1,대전광역시 중구 대종로396번길27,대전광역시 중구 문창동38-4,36.32096863,127.4320908,,한전주,042-606-6843,대전광역시 중구청,2022-09-16
문창동268,1,대전광역시 중구 문창로93-6,대전광역시 중구 문창동37-26,36.32129288,127.4320221,,한전주,042-606-6843,대전광역시 중구청,2022-09-16
문창동269,1,대전광역시 중구 문창로99-1,대전광역시 중구 문창동35-26,36.3219223,127.4317398,,한전주,042-606-6843,대전광역시 중구청,2022-09-16
문창동270,1,대전광역시 중구 문창로109-6,대전광역시 중구 문창동33-70,36.32261658,127.4312363,,한전주,042-606-6843,대전광역시 중구청,2022-09-16
문창동271,1,대전광역시 중구 문창로115,대전광역시 중구 문창동33-15,36.32292938,127.4310913,,건축물,042-606-6843,대전광역시 중구청,2022-09-16
문창동272,1,대전광역시 중구 문창로113-7,대전광역시 중구 문창동33-15,36.32284164,127.4309769,,한전주,042-606-6843,대전광역시 중구청,2022-09-16
문창동273,1,대전광역시 중구 문창로115-1,대전광역시 중구 문창동32-9,36.32314682,127.4308395,,한전주,042-606-6843,대전광역시 중구청,2022-09-16
문창동274,1,대전광역시 중구 문창로125,대전광역시 중구 문창동33-1,36.32395554,127.4305801,,전용주,042-606-6843,대전광역시 중구청,2022-09-16
문창동275,1,대전광역시 중구 문창로123,대전광역시 중구 문창동30-4,36.32377243,127.4306412,,전용주,042-606-6843,대전광역시 중구청,2022-09-16
문창동276,1,대전광역시 중구 문창로110번길5,대전광역시 중구 문창동25-3,36.32285309,127.4318161,,한전주,042-606-6843,대전광역시 중구청,2022-09-16
문창동277,1,대전광역시 중구 문창로110번길12,대전광역시 중구 문창동24-3,36.32295609,127.4321747,,한전주,042-606-6843,대전광역시 중구청,2022-09-16
문창동278,1,대전광역시 중구 인창로28-8,대전광역시 중구 문창동18-5,36.32295609,127.4326096,,한전주,042-606-6843,대전광역시 중구청,2022-09-16
문창동279,1,대전광역시 중구 문창로110번길17,대전광역시 중구 문창동16-3,36.32320404,127.4323807,,한전주,042-606-6843,대전광역시 중구청,2022-09-16
문창동280,1,대전광역시 중구 문창로110길32,대전광역시 중구 문창동15-20,36.32341003,127.4328384,,한전주,042-606-6843,대전광역시 중구청,2022-09-16
문창동281,1,대전광역시 중구 문창로110길44,대전광역시 중구 문창동13-3,36.32357788,127.4333038,,한전주,042-606-6843,대전광역시 중구청,2022-09-16
문창동282,1,대전광역시 중구 대전천서로383,대전광역시 중구 문창동15-22,36.32395935,127.4331512,,한전주,042-606-6843,대전광역시 중구청,2022-09-16
문창동283,1,,대전광역시 중구 문창동362-13,36.3145957216,127.4364408292,,한전주,042-606-6843,대전광역시 중구청,2022-09-16
문창동284,1,,대전광역시 중구 문창동71-9,36.31852201,127.4342457,,전용주,042-606-6843,대전광역시 중구청,2022-09-16
문창동285,1,,대전광역시 중구 문창동3-41,36.31987504,127.4363746,,전용주,042-606-6843,대전광역시 중구청,2022-09-16
문창동286,1,,대전광역시 중구 문창동106-2,36.31726777,127.4359257,,한전주,042-606-6843,대전광역시 중구청,2022-09-16
문창동287,1,,대전광역시 중구 문창동120-37,36.31577473,127.4375933,,전용주,042-606-6843,대전광역시 중구청,2022-09-16
문창동289,1,,대전광역시 중구 문창동46-6,36.32153209,127.4335858,,한전주,042-606-6843,대전광역시 중구청,2022-09-16
문화동001,1,,대전광역시 중구 문화동1-4,36.32242203,127.4140066,,한전주,042-606-6843,대전광역시 중구청,2022-09-16
문화동002,1,,대전광역시 중구 문화동1-6,36.32226563,127.4143982,,한전주,042-606-6843,대전광역시 중구청,2022-09-16
문화동003,1,대전광역시 중구 중앙로16번길17,대전광역시 중구 문화동1-173,36.32189178,127.4145203,,한전주,042-606-6843,대전광역시 중구청,2022-09-16
문화동004,1,,대전광역시 중구 문화동1-189,36.32151413,127.4147333,,한전주,042-606-6843,대전광역시 중구청,2022-09-16
문화동005,1,대전광역시 중구 중앙로16번길33,대전광역시 중구 문화동1-190,36.32120514,127.4147491,,한전주,042-606-6843,대전광역시 중구청,2022-09-16
문화동006,1,대전광역시 중구 중앙로16번길19-5,대전광역시 중구 문화동1-167,36.32195663,127.4146271,,전용주,042-606-6843,대전광역시 중구청,2022-09-16
문화동007,1,대전광역시 중구 중앙로16번길19-8,대전광역시 중구 문화동1-171,36.32190704,127.4149628,,한전주,042-606-6843,대전광역시 중구청,2022-09-16
문화동008,1,대전광역시 중구 중앙로16번길11,대전광역시 중구 문화동1-193,36.32160568,127.4152527,,한전주,042-606-6843,대전광역시 중구청,2022-09-16
문화동009,1,대전광역시 중구 중앙로16번길27-18,대전광역시 중구 문화동1-184,36.32188034,127.4154205,,한전주,042-606-6843,대전광역시 중구청,2022-09-16
문화동010,1,,대전광역시 중구 문화동1-217,36.32021713,127.4138641,,한전주,042-606-6843,대전광역시 중구청,2022-09-16
문화동011,1,대전광역시 중구 계룡로904번길18,대전광역시 중구 문화동1-217,36.32047272,127.413559,,한전주,042-606-6843,대전광역시 중구청,2022-09-16
문화동012,1,대전광역시 중구 계룡로904번길14,대전광역시 중구 문화동1-30,36.32069397,127.4133072,,한전주,042-606-6843,대전광역시 중구청,2022-09-16
문화동013,1,대전광역시 중구 계룡로904번길19,대전광역시 중구 문화동1-96,36.32073593,127.4128571,,전용주,042-606-6843,대전광역시 중구청,2022-09-16
문화동014,1,대전광역시 중구 계룡로918번길30-9,대전광역시 중구 문화동1-93,36.32043839,127.4129715,,한전주,042-606-6843,대전광역시 중구청,2022-09-16
문화동015,1,대전광역시 중구 계룡로918번길32,대전광역시 중구 문화동1-90,36.32001877,127.4131241,,한전주,042-606-6843,대전광역시 중구청,2022-09-16
문화동016,1,대전광역시 중구 계룡로918번길27,대전광역시 중구 문화동1-36,36.31997681,127.413414,,한전주,042-606-6843,대전광역시 중구청,2022-09-16
문화동017,1,대전광역시 중구 계룡로918번길40,대전광역시 중구 문화동1-223,36.3198204,127.4128571,,한전주,042-606-6843,대전광역시 중구청,2022-09-16
문화동018,1,대전광역시 중구 계룡로918번길36-13,대전광역시 중구 문화동1-78,36.3204155,127.4125283,,한전주,042-606-6843,대전광역시 중구청,2022-09-16
문화동019,1,대전광역시 중구 계룡로918번길36-19,대전광역시 중구 문화동1-80,36.32062912,127.4124985,,한전주,042-606-6843,대전광역시 중구청,2022-09-16
문화동020,1,대전광역시 중구 계룡로918번길44-12,대전광역시 중구 문화동1-71,36.32018661,127.4123688,,한전주,042-606-6843,대전광역시 중구청,2022-09-16
문화동021,1,대전광역시 중구 계룡로904번길33,대전광역시 중구 문화동1-111,36.31962204,127.4140549,,한전주,042-606-6843,대전광역시 중구청,2022-09-16
문화동022,1,대전광역시 중구 계룡로920번길68,대전광역시 중구 문화동1-128,36.31925201,127.4144974,,한전주,042-606-6843,대전광역시 중구청,2022-09-16
문화동023,1,대전광역시 중구 계룡로920번길68,대전광역시 중구 문화동1-199,36.31907654,127.4148126,,한전주,042-606-6843,대전광역시 중구청,2022-09-16
문화동024,1,대전광역시 중구 문화로275-16,대전광역시 중구 문화동1-203,36.31875229,127.4147339,,한전주,042-606-6843,대전광역시 중구청,2022-09-16
문화동025,1,대전광역시 중구 계룡로920번길275-7,대전광역시 중구 문화동1-116,36.31838608,127.4143677,,한전주,042-606-6843,대전광역시 중구청,2022-09-16
문화동026,1,대전광역시 중구 계룡로920번길26,대전광역시 중구 문화동1-33,36.31832123,127.4139938,,한전주,042-606-6843,대전광역시 중구청,2022-09-16
문화동027,1,대전광역시 중구 계룡로920번안길28-8,대전광역시 중구 문화동1-121,36.31877136,127.4138718,,전용주,042-606-6843,대전광역시 중구청,2022-09-16
문화동028,1,,대전광역시 중구 문화동1-117,36.31908798,127.4137802,,한전주,042-606-6843,대전광역시 중구청,2022-09-16
문화동029,1,,대전광역시 중구 문화동1-34,36.31917191,127.4141235,,한전주,042-606-6843,대전광역시 중구청,2022-09-16
문화동030,1,대전광역시 중구 계룡로904번길72,대전광역시 중구 문화동1-63,36.32012558,127.4099731,,한전주,042-606-6843,대전광역시 중구청,2022-09-16
문화동031,1,대전광역시 중구 계룡로918번길116,대전광역시 중구 문화동1-48,36.31861877,127.407547,,한전주,042-606-6843,대전광역시 중구청,2022-09-16
문화동032,1,대전광역시 중구 서문로116,대전광역시 중구 문화동311-16,36.31843185,127.4070358,,한전주,042-606-6843,대전광역시 중구청,2022-09-16
문화동033,1,,대전광역시 중구 문화동311-18,36.31783676,127.4078903,,한전주,042-606-6843,대전광역시 중구청,2022-09-16
문화동034,1,대전광역시 중구 계백로1660번길24,대전광역시 중구 문화동319-23,36.31895828,127.4046173,,한전주,042-606-6843,대전광역시 중구청,2022-09-16
문화동035,1,대전광역시 중구 계백로1660번길16,대전광역시 중구 문화동315-9,36.31932831,127.4044724,,한전주,042-606-6843,대전광역시 중구청,2022-09-16
문화동036,1,대전광역시 중구 계백로1660번길14,대전광역시 중구 문화동315-7,36.3194809,127.4044113,,한전주,042-606-6843,대전광역시 중구청,2022-09-16
문화동037,1,대전광역시 중구 계백로1658번길9,대전광역시 중구 문화동316-16,36.31960297,127.404068,,전용주,042-606-6843,대전광역시 중구청,2022-09-16
문화동038,1,대전광역시 중구 계백로1658번길11,대전광역시 중구 문화동316-17,36.31945419,127.404129,,전용주,042-606-6843,대전광역시 중구청,2022-09-16
문화동039,1,대전광역시 중구 계백로1658번길19,대전광역시 중구 문화동315-11,36.31906891,127.4043121,,한전주,042-606-6843,대전광역시 중구청,2022-09-16
문화동040,1,대전광역시 중구 계백로1660번길30,대전광역시 중구 문화동319-31,36.31867599,127.4047241,,한전주,042-606-6843,대전광역시 중구청,2022-09-16
문화동041,1,대전광역시 중구 계백로1660번길32-12,대전광역시 중구 문화동319-20,36.31845856,127.4042206,,한전주,042-606-6843,대전광역시 중구청,2022-09-16
문화동042,1,대전광역시 중구 계백로1658번길38,대전광역시 중구 문화동323-16,36.31822586,127.4043884,,한전주,042-606-6843,대전광역시 중구청,2022-09-16
문화동043,1,대전광역시 중구 계백로1658번길47,대전광역시 중구 문화동332-16,36.31794357,127.4044418,,한전주,042-606-6843,대전광역시 중구청,2022-09-16
문화동044,1,대전광역시 중구 계백로1660번길42,대전광역시 중구 문화동319-22,36.31825256,127.4049225,,한전주,042-606-6843,대전광역시 중구청,2022-09-16
문화동045,1,대전광역시 중구 서문로111번길9,대전광역시 중구 문화동311-38,36.31813812,127.4060287,,한전주,042-606-6843,대전광역시 중구청,2022-09-16
문화동046,1,대전광역시 중구 서문로111번길15,대전광역시 중구 문화동311-6,36.31803663,127.4056715,,한전주,042-606-6843,대전광역시 중구청,2022-09-16
문화동047,1,대전광역시 중구 서문로111번길27,대전광역시 중구 문화동332-26,36.31780624,127.4050598,,한전주,042-606-6843,대전광역시 중구청,2022-09-16
문화동048,1,대전광역시 중구 서문로111번길34,대전광역시 중구 문화동332-27,36.31773376,127.4047775,,한전주,042-606-6843,대전광역시 중구청,2022-09-16
문화동049,1,대전광역시 중구 서문로111번길39,대전광역시 중구 문화동329-1,36.31766129,127.4044342,,한전주,042-606-6843,대전광역시 중구청,2022-09-16
문화동050,1,,대전광역시 중구 문화동325-7,36.31758881,127.4038773,,한전주,042-606-6843,대전광역시 중구청,2022-09-16
문화동051,1,,대전광역시 중구 문화동328-6,36.31742477,127.4035416,,건축물,042-606-6843,대전광역시 중구청,2022-09-16
문화동052,1,대전광역시 중구 문화로157번길78,대전광역시 중구 문화동328-6,36.31715393,127.403549,,건축물,042-606-6843,대전광역시 중구청,2022-09-16
문화동053,1,대전광역시 중구 문화로157번길74,대전광역시 중구 문화동342,36.31689072,127.4034653,,전용주,042-606-6843,대전광역시 중구청,2022-09-16
문화동054,1,대전광역시 중구 문화로157번길70,대전광역시 중구 문화동328-14,36.31684494,127.4037552,,한전주,042-606-6843,대전광역시 중구청,2022-09-16
문화동055,1,대전광역시 중구 계백로1658번길55,대전광역시 중구 문화동329-13,36.31751633,127.4043732,,한전주,042-606-6843,대전광역시 중구청,2022-09-16
문화동056,1,대전광역시 중구 계백로1658번길62,대전광역시 중구 문화동326-8,36.31723404,127.4042435,,한전주,042-606-6843,대전광역시 중구청,2022-09-16
문화동057,1,대전광역시 중구 계백로1658번길72,대전광역시 중구 문화동339-8,36.31686401,127.4039993,,한전주,042-606-6843,대전광역시 중구청,2022-09-16
문화동058,1,대전광역시 중구 계백로1658번길79-2,대전광역시 중구 문화동339-37,36.31653214,127.4042587,,한전주,042-606-6843,대전광역시 중구청,2022-09-16
문화동059,1,대전광역시 중구 계백로1660번길78-42,대전광역시 중구 문화동354-9,36.31636429,127.404541,,한전주,042-606-6843,대전광역시 중구청,2022-09-16
문화동060,1,대전광역시 중구 계백로1660번길89,대전광역시 중구 문화동354-9,36.31641006,127.4048538,,한전주,042-606-6843,대전광역시 중구청,2022-09-16
문화동061,1,대전광역시 중구 계백로1660번길78-6,대전광역시 중구 문화동331-4,36.31673813,127.4050598,,한전주,042-606-6843,대전광역시 중구청,2022-09-16
문화동062,1,대전광역시 중구 계백로1660번길78-9,대전광역시 중구 문화동354-8,36.31653214,127.4052353,,한전주,042-606-6843,대전광역시 중구청,2022-09-16
문화동063,1,대전광역시 중구 계백로1160번길54-2,대전광역시 중구 문화동331-1,36.31760025,127.4048615,,한전주,042-606-6843,대전광역시 중구청,2022-09-16
문화동064,1,대전광역시 중구 계백로1660번길56,대전광역시 중구 문화동331-13,36.31765747,127.4052048,,한전주,042-606-6843,대전광역시 중구청,2022-09-16
문화동065,1,대전광역시 중구 서문로105번길7,대전광역시 중구 문화동311-26,36.3175621,127.4064941,,한전주,042-606-6843,대전광역시 중구청,2022-09-16
문화동066,1,대전광역시 중구 서문로105번길15,대전광역시 중구 문화동311-20,36.3174057,127.4059601,,한전주,042-606-6843,대전광역시 중구청,2022-09-16
문화동067,1,대전광역시 중구 계백로1660번길27,대전광역시 중구 문화동336-13,36.31726074,127.405426,,한전주,042-606-6843,대전광역시 중구청,2022-09-16
문화동068,1,대전광역시 중구 서문로105번길33-3,대전광역시 중구 문화동330-2,36.31713486,127.4048157,,한전주,042-606-6843,대전광역시 중구청,2022-09-16
문화동069,1,대전광역시 중구 서문로105번길48,대전광역시 중구 문화동339-1,36.31707764,127.404335,,한전주,042-606-6843,대전광역시 중구청,2022-09-16
문화동070,1,대전광역시 중구 계백로1658번길89,대전광역시 중구 문화동354-15,36.31620407,127.404953,,한전주,042-606-6843,대전광역시 중구청,2022-09-16
문화동071,1,대전광역시 중구 문화로157번길60,대전광역시 중구 문화동344-1,36.3164444,127.4037094,,한전주,042-606-6843,대전광역시 중구청,2022-09-16
문화동072,1,대전광역시 중구 문화로157번길54,대전광역시 중구 문화동344-3,36.31625366,127.4036713,,한전주,042-606-6843,대전광역시 중구청,2022-09-16
문화동073,1,대전광역시 중구 문화로157번길47,대전광역시 중구 문화동344-6,36.31597519,127.4035568,,한전주,042-606-6843,대전광역시 중구청,2022-09-16
문화동074,1,대전광역시 중구 문화로157번길39,대전광역시 중구 문화동350-2,36.31568909,127.4034424,,한전주,042-606-6843,대전광역시 중구청,2022-09-16
문화동075,1,대전광역시 중구 문화로157번길36,대전광역시 중구 문화동348-2,36.31535721,127.4033279,,한전주,042-606-6843,대전광역시 중구청,2022-09-16
문화동076,1,대전광역시 중구 문화로163번길26,대전광역시 중구 문화동372-42,36.3155632,127.4036026,,한전주,042-606-6843,대전광역시 중구청,2022-09-16
문화동077,1,대전광역시 중구 문화로163번길26,대전광역시 중구 문화동372-8,36.31533051,127.403595,,한전주,042-606-6843,대전광역시 중구청,2022-09-16
문화동078,1,대전광역시 중구 문화로163번길15,대전광역시 중구 문화동372-8,36.31490707,127.4035492,,한전주,042-606-6843,대전광역시 중구청,2022-09-16
문화동079,1,대전광역시 중구 문화로167-12,대전광역시 중구 문화동372-57,36.31488037,127.403801,,전용주,042-606-6843,대전광역시 중구청,2022-09-16
문화동080,1,대전광역시 중구 문화로167-7,대전광역시 중구 문화동372-27,36.31463623,127.4037399,,한전주,042-606-6843,대전광역시 중구청,2022-09-16
문화동081,1,대전광역시 중구 문화로163번길11-2,대전광역시 중구 문화동372-52,36.3148613,127.4032059,,건축물,042-606-6843,대전광역시 중구청,2022-09-16
문화동082,1,대전광역시 중구 문화로163번길10,대전광역시 중구 문화동372-39,36.3145256,127.4034882,,한전주,042-606-6843,대전광역시 중구청,2022-09-16
문화동083,1,대전광역시 중구 문화로163번길1,대전광역시 중구 문화동405-3,36.3142662,127.4034653,,한전주,042-606-6843,대전광역시 중구청,2022-09-16
문화동084,1,,대전광역시 중구 문화동405-1,36.31451035,127.402916,,건축물,042-606-6843,대전광역시 중구청,2022-09-16
문화동085,1,대전광역시 중구 문화로157번길28,대전광역시 중구 문화동377-5,36.31526184,127.4030457,,건축물,042-606-6843,대전광역시 중구청,2022-09-16
문화동086,1,,대전광역시 중구 문화동349-8,36.31552887,127.4031143,,전용주,042-606-6843,대전광역시 중구청,2022-09-16
문화동087,1,대전광역시 중구 산성로137,대전광역시 중구 문화동644-1,36.31212616,127.4016418,,전용주,042-606-6843,대전광역시 중구청,2022-09-16
문화동088,1,대전광역시 중구 산성로141-7,대전광역시 중구 문화동714-2,36.31239319,127.4017792,,전용주,042-606-6843,대전광역시 중구청,2022-09-16
문화동089,1,,대전광역시 중구 문화동644-40,36.31130981,127.4004288,,전용주,042-606-6843,대전광역시 중구청,2022-09-16
문화동091,1,대전광역시 중구 당디로36번길143,대전광역시 중구 문화동668-31,36.31165695,127.4005508,,전용주,042-606-6843,대전광역시 중구청,2022-09-16
문화동092,1,대전광역시 중구 딩디로36번길151,대전광역시 중구 문화동668-31,36.31180573,127.4008713,,한전주,042-606-6843,대전광역시 중구청,2022-09-16
문화동093,1,대전광역시 중구 당디로36번길155,대전광역시 중구 문화동668-31,36.31198883,127.4010925,,한전주,042-606-6843,대전광역시 중구청,2022-09-16
문화동094,1,대전광역시 중구 당디로36번길161,대전광역시 중구 문화동668-52,36.31216049,127.4012909,,한전주,042-606-6843,대전광역시 중구청,2022-09-16
문화동095,1,대전광역시 중구 당디로36번길173,대전광역시 중구 문화동667-42,36.31258392,127.4017029,,한전주,042-606-6843,대전광역시 중구청,2022-09-16
문화동096,1,대전광역시 중구 당디로36번길185,대전광역시 중구 문화동656-29,36.31303787,127.4020309,,한전주,042-606-6843,대전광역시 중구청,2022-09-16
문화동097,1,대전광역시 중구 당디로36번길189,대전광역시 중구 문화동656-34,36.31319046,127.4021378,,한전주,042-606-6843,대전광역시 중구청,2022-09-16
문화동098,1,대전광역시 중구 문화로142-27,대전광역시 중구 문화동656-32,36.31277847,127.4014664,,한전주,042-606-6843,대전광역시 중구청,2022-09-16
문화동099,1,대전광역시 중구 당디로36번길165-17,대전광역시 중구 문화동667-23,36.31267548,127.4012146,,전용주,042-606-6843,대전광역시 중구청,2022-09-16
문화동100,1,대전광역시 중구 당디로36번길165-11,대전광역시 중구 문화동667-15,36.31254196,127.4011993,,전용주,042-606-6843,대전광역시 중구청,2022-09-16
문화동101,1,대전광역시 중구 당디로36번길165-13,대전광역시 중구 문화동667-25,36.31243896,127.4011307,,전용주,042-606-6843,대전광역시 중구청,2022-09-16
문화동102,1,대전광역시 중구 문화로142-4,대전광역시 중구 문화동667-6,36.31306839,127.4011765,,한전주,042-606-6843,대전광역시 중구청,2022-09-16
문화동103,1,대전광역시 중구 문화로134번길16,대전광역시 중구 문화동668-16,36.31222534,127.4011307,,한전주,042-606-6843,대전광역시 중구청,2022-09-16
문화동104,1,대전광역시 중구 문화로134번길13,대전광역시 중구 문화동667-17,36.31259918,127.4007111,,한전주,042-606-6843,대전광역시 중구청,2022-09-16
문화동105,1,대전광역시 중구 당디로36번길155-3,대전광역시 중구 문화동668-17,36.31227493,127.4007263,,한전주,042-606-6843,대전광역시 중구청,2022-09-16
문화동106,1,대전광역시 중구 문화로126번길29,대전광역시 중구 문화동668-33,36.31169128,127.4002609,,한전주,042-606-6843,대전광역시 중구청,2022-09-16
문화동107,1,대전광역시 중구 문화로126번길23,대전광역시 중구 문화동668-35,36.31191635,127.400116,,한전주,042-606-6843,대전광역시 중구청,2022-09-16
문화동108,1,대전광역시 중구 문화로130-41,대전광역시 중구 문화동668-35,36.31198502,127.4001923,,한전주,042-606-6843,대전광역시 중구청,2022-09-16
문화동109,1,대전광역시 중구 문화로130-16,대전광역시 중구 문화동668-38,36.31219101,127.4001694,,전용주,042-606-6843,대전광역시 중구청,2022-09-16
문화동110,1,대전광역시 중구 문화로130-13,대전광역시 중구 문화동668-22,36.31236267,127.4001465,,전용주,042-606-6843,대전광역시 중구청,2022-09-16
문화동111,1,대전광역시 중구 문화로130-4,대전광역시 중구 문화동668-49,36.31268311,127.4000473,,전용주,042-606-6843,대전광역시 중구청,2022-09-16
문화동112,1,대전광역시 중구 문화로126번길11,대전광역시 중구 문화동668-48,36.31236649,127.399826,,한전주,042-606-6843,대전광역시 중구청,2022-09-16
문화동113,1,대전광역시 중구 문화로78번안길14,대전광역시 중구 문화동670-2,36.31218338,127.3997345,,한전주,042-606-6843,대전광역시 중구청,2022-09-16
문화동114,1,대전광역시 중구 당디로36번길131-19,대전광역시 중구 문화동670-13,36.31209183,127.3993683,,한전주,042-606-6843,대전광역시 중구청,2022-09-16
문화동115,1,대전광역시 중구 당디로36번길131-14,대전광역시 중구 문화동670-11,36.31184006,127.3996124,,한전주,042-606-6843,대전광역시 중구청,2022-09-16
문화동116,1,대전광역시 중구 당디로36번길131-6,대전광역시 중구 문화동670-8,36.31153488,127.3998108,,한전주,042-606-6843,대전광역시 중구청,2022-09-16
문화동117,1,대전광역시 중구 당디로36번길133,대전광역시 중구 문화동670-7,36.31136322,127.3999811,,한전주,042-606-6843,대전광역시 중구청,2022-09-16
문화동118,1,대전광역시 중구 당디로36번길127,대전광역시 중구 문화동670-22,36.31121063,127.3999634,,한전주,042-606-6843,대전광역시 중구청,2022-09-16
문화동119,1,대전광역시 중구 당디로36번길123,대전광역시 중구 문화동670-18,36.31102371,127.3996429,,한전주,042-606-6843,대전광역시 중구청,2022-09-16
문화동120,1,대전광역시 중구 당디로36번길113,대전광역시 중구 문화동671-10,36.31076431,127.3991776,,한전주,042-606-6843,대전광역시 중구청,2022-09-16
문화동121,1,대전광역시 중구 당디로36번길109-7,대전광역시 중구 문화동671-22,36.3108902,127.3988953,,한전주,042-606-6843,대전광역시 중구청,2022-09-16
문화동122,1,대전광역시 중구 당디로36번길109-11,대전광역시 중구 문화동671-9,36.31103134,127.3991013,,한전주,042-606-6843,대전광역시 중구청,2022-09-16
문화동123,1,대전광역시 중구 당디로36번길125-6,대전광역시 중구 문화동670-18,36.31131363,127.3995667,,한전주,042-606-6843,대전광역시 중구청,2022-09-16
문화동124,1,대전광역시 중구 당디로36번길125-12,대전광역시 중구 문화동670-20,36.31156921,127.3994064,,한전주,042-606-6843,대전광역시 중구청,2022-09-16
문화동125,1,대전광역시 중구 당디로36번길125-18,대전광역시 중구 문화동670-30,36.3117981,127.3992615,,한전주,042-606-6843,대전광역시 중구청,2022-09-16
문화동126,1,대전광역시 중구 당디로36번길125-22,대전광역시 중구 문화동670-25,36.31201935,127.3991623,,한전주,042-606-6843,대전광역시 중구청,2022-09-16
문화동127,1,대전광역시 중구 문화로78번안길83,대전광역시 중구 문화동667-45,36.31193924,127.3988647,,한전주,042-606-6843,대전광역시 중구청,2022-09-16
문화동128,1,대전광역시 중구 문화로78번안길73-1,대전광역시 중구 문화동669-37,36.31183243,127.3984528,,한전주,042-606-6843,대전광역시 중구청,2022-09-16
문화동129,1,대전광역시 중구 문화로78번안길71,대전광역시 중구 문화동669-40,36.31186676,127.3982162,,한전주,042-606-6843,대전광역시 중구청,2022-09-16
문화동130,1,대전광역시 중구 문화로112,대전광역시 중구 문화동669-1,36.31229401,127.3980637,,한전주,042-606-6843,대전광역시 중구청,2022-09-16
문화동131,1,대전광역시 중구 문화로78번안길63,대전광역시 중구 문화동676-37,36.31166458,127.3978577,,한전주,042-606-6843,대전광역시 중구청,2022-09-16
문화동132,1,대전광역시 중구 문화로78번안길53,대전광역시 중구 문화동676-12,36.31154251,127.3974304,,한전주,042-606-6843,대전광역시 중구청,2022-09-16
문화동133,1,대전광역시 중구 문화로78번안길47,대전광역시 중구 문화동676-42,36.31145096,127.3971405,,한전주,042-606-6843,대전광역시 중구청,2022-09-16
문화동134,1,대전광역시 중구 문화로78번안길42,대전광역시 중구 문화동677-2,36.31134415,127.3967209,,한전주,042-606-6843,대전광역시 중구청,2022-09-16
문화동135,1,대전광역시 중구 당디로50번길97,대전광역시 중구 문화동677-34,36.31102753,127.3970413,,한전주,042-606-6843,대전광역시 중구청,2022-09-16
문화동136,1,대전광역시 중구 당디로50번길79,대전광역시 중구 문화동677-10,36.31040573,127.3973846,,한전주,042-606-6843,대전광역시 중구청,2022-09-16
문화동137,1,대전광역시 중구 당디로50번길77,대전광역시 중구 문화동677-11,36.31018066,127.3973999,,한전주,042-606-6843,대전광역시 중구청,2022-09-16
문화동138,1,대전광역시 중구 당디로50번길73,대전광역시 중구 문화동677-5,36.31014252,127.3971634,,한전주,042-606-6843,대전광역시 중구청,2022-09-16
문화동139,1,대전광역시 중구 당디로50번길71-7,대전광역시 중구 문화동677-44,36.31054688,127.3969955,,한전주,042-606-6843,대전광역시 중구청,2022-09-16
문화동140,1,대전광역시 중구 당디로50번길71-15,대전광역시 중구 문화동677-36,36.31082535,127.3968964,,한전주,042-606-6843,대전광역시 중구청,2022-09-16
문화동141,1,대전광역시 중구 당디로50번길71-19,대전광역시 중구 문화동677-46,36.31116104,127.3967667,,전용주,042-606-6843,대전광역시 중구청,2022-09-16
문화동142,1,대전광역시 중구 문화로94번길15,대전광역시 중구 문화동677-1,36.31124878,127.3964233,,한전주,042-606-6843,대전광역시 중구청,2022-09-16
문화동143,1,,대전광역시 중구 문화동793-3,36.30977354,127.3974058,,건축물,042-606-6843,대전광역시 중구청,2022-09-16
문화동144,1,,대전광역시 중구 문화동794-2,36.31002808,127.397934,,건축물,042-606-6843,대전광역시 중구청,2022-09-16
문화동145,1,대전광역시 중구 당디로36번길93,대전광역시 중구 문화동636-3,36.31031036,127.3983917,,건축물,042-606-6843,대전광역시 중구청,2022-09-16
문화동146,1,대전광역시 중구 당디로36번길99,대전광역시 중구 문화동648-6,36.31047821,127.3986969,,건축물,042-606-6843,대전광역시 중구청,2022-09-16
문화동147,1,,대전광역시 중구 문화동570-2,36.30557632,127.4002304,,한전주,042-606-6843,대전광역시 중구청,2022-09-16
문화동148,1,,대전광역시 중구 문화동588-5,36.30497742,127.3997421,,한전주,042-606-6843,대전광역시 중구청,2022-09-16
문화동149,1,,대전광역시 중구 문화동587,36.30451202,127.3996506,,한전주,042-606-6843,대전광역시 중구청,2022-09-16
문화동150,1,,대전광역시 중구 문화동587,36.30428696,127.3996887,,한전주,042-606-6843,대전광역시 중구청,2022-09-16
문화동151,1,,대전광역시 중구 문화동532-2,36.30492401,127.4062576,,한전주,042-606-6843,대전광역시 중구청,2022-09-16
문화동152,1,대전광역시 중구 보문산로228번길24-18,대전광역시 중구 문화동536-1,36.30498123,127.4056015,,한전주,042-606-6843,대전광역시 중구청,2022-09-16
문화동153,1,,대전광역시 중구 문화동525,36.30529785,127.4060364,,한전주,042-606-6843,대전광역시 중구청,2022-09-16
문화동154,1,대전광역시 중구 보문산로228번길8-11,대전광역시 중구 문화동537-1,36.30525208,127.4054871,,한전주,042-606-6843,대전광역시 중구청,2022-09-16
문화동155,1,대전광역시 중구 보문산로228번길8,대전광역시 중구 문화동524,36.30566788,127.4055023,,한전주,042-606-6843,대전광역시 중구청,2022-09-16
문화동156,1,대전광역시 중구 보문산로294번길131,대전광역시 중구 문화동29-24,36.30556488,127.4148102,,전용주,042-606-6843,대전광역시 중구청,2022-09-16
문화동157,1,대전광역시 중구 보문산로294번길115,대전광역시 중구 문화동29-23,36.3059845,127.4140472,,한전주,042-606-6843,대전광역시 중구청,2022-09-16
문화동158,1,대전광역시 중구 보문산로294번길107,대전광역시 중구 문화동29-23,36.30628204,127.4138031,,한전주,042-606-6843,대전광역시 중구청,2022-09-16
문화동159,1,대전광역시 중구 보문산로294번길103,대전광역시 중구 문화동29-25,36.30646896,127.4134445,,한전주,042-606-6843,대전광역시 중구청,2022-09-16
문화동160,1,,대전광역시 중구 문화동29-7,36.3067131,127.4132004,,한전주,042-606-6843,대전광역시 중구청,2022-09-16
문화동161,1,대전광역시 중구 보문산로294번길88,대전광역시 중구 문화동29-4,36.30692673,127.4130173,,한전주,042-606-6843,대전광역시 중구청,2022-09-16
문화동162,1,,대전광역시 중구 문화동산 7-18,36.30731583,127.4127808,,한전주,042-606-6843,대전광역시 중구청,2022-09-16
문화동163,1,대전광역시 중구 보문산로294번길63,대전광역시 중구 문화동63-3,36.30781174,127.4125061,,한전주,042-606-6843,대전광역시 중구청,2022-09-16
문화동164,1,,대전광역시 중구 문화동64,36.30806351,127.4121552,,한전주,042-606-6843,대전광역시 중구청,2022-09-16
문화동165,1,대전광역시 중구 보문산로294번길61,대전광역시 중구 문화동63-2,36.30804825,127.4127197,,한전주,042-606-6843,대전광역시 중구청,2022-09-16
문화동166,1,대전광역시 중구 보문산로294번길51-28,대전광역시 중구 문화동67-21,36.30828857,127.4133682,,전용주,042-606-6843,대전광역시 중구청,2022-09-16
문화동167,1,대전광역시 중구 보문산로294번길51-28,대전광역시 중구 문화동산 7-2,36.30820084,127.4135056,,한전주,042-606-6843,대전광역시 중구청,2022-09-16
문화동168,1,대전광역시 중구 보문산로294번길51-46,대전광역시 중구 문화동67-6,36.30902481,127.4138641,,한전주,042-606-6843,대전광역시 중구청,2022-09-16
문화동169,1,대전광역시 중구 보문산로294번길51-42,대전광역시 중구 문화동67-8,36.30879593,127.4138794,,한전주,042-606-6843,대전광역시 중구청,2022-09-16
문화동170,1,대전광역시 중구 보문산로294번길43-19,대전광역시 중구 문화동67-26,36.30834198,127.4127426,,한전주,042-606-6843,대전광역시 중구청,2022-09-16
문화동171,1,대전광역시 중구 보문산로294번길46,대전광역시 중구 문화동45-17,36.30839539,127.4118195,,한전주,042-606-6843,대전광역시 중구청,2022-09-16
문화동172,1,대전광역시 중구 보문산로294번길47,대전광역시 중구 문화동68-7,36.30856307,127.4122306,,한전주,042-606-6843,대전광역시 중구청,2022-09-16
문화동173,1,대전광역시 중구 보문산로310번길35-17,대전광역시 중구 문화동69-1,36.30868149,127.4118881,,전용주,042-606-6843,대전광역시 중구청,2022-09-16
문화동174,1,대전광역시 중구 보문산로310번길35-9,대전광역시 중구 문화동74-1,36.30892563,127.4119568,,한전주,042-606-6843,대전광역시 중구청,2022-09-16
문화동175,1,대전광역시 중구 보문산로310번길35-4,대전광역시 중구 문화동68-13,36.30916214,127.4121323,,한전주,042-606-6843,대전광역시 중구청,2022-09-16
문화동176,1,대전광역시 중구 보문산로310번길27,대전광역시 중구 문화동82-20,36.30946732,127.4124298,,한전주,042-606-6843,대전광역시 중구청,2022-09-16
문화동177,1,,대전광역시 중구 문화동82-6,36.30980682,127.4123688,,전용주,042-606-6843,대전광역시 중구청,2022-09-16
문화동178,1,대전광역시 중구 보문산로310번길3,대전광역시 중구 문화동88-4,36.31035233,127.412384,,한전주,042-606-6843,대전광역시 중구청,2022-09-16
문화동179,1,대전광역시 중구 보문산로302-7,대전광역시 중구 문화동104-3,36.31015396,127.4116516,,한전주,042-606-6843,대전광역시 중구청,2022-09-16
문화동180,1,대전광역시 중구 보문산로302-9,대전광역시 중구 문화동81-3,36.30995178,127.4117508,,한전주,042-606-6843,대전광역시 중구청,2022-09-16
문화동181,1,대전광역시 중구 부문산로320-20,대전광역시 중구 문화동106-2,36.30973816,127.4114838,,한전주,042-606-6843,대전광역시 중구청,2022-09-16
문화동182,1,대전광역시 중구 보문산로310번길35-4,대전광역시 중구 문화동76-10,36.30921555,127.4120255,,한전주,042-606-6843,대전광역시 중구청,2022-09-16
문화동183,1,대전광역시 중구 보문산로310번길39,대전광역시 중구 문화동73-3,36.30915833,127.4117203,,한전주,042-606-6843,대전광역시 중구청,2022-09-16
문화동184,1,대전광역시 중구 보문산로294번길29,대전광역시 중구 문화동714-143,36.30885315,127.4113617,,한전주,042-606-6843,대전광역시 중구청,2022-09-16
문화동185,1,대전광역시 중구 보문산로294번길44,대전광역시 중구 문화동76-4,36.30932999,127.4115067,,한전주,042-606-6843,대전광역시 중구청,2022-09-16
문화동186,1,대전광역시 중구 보문산로294번길19-8,대전광역시 중구 문화동76-7,36.30938339,127.4118423,,한전주,042-606-6843,대전광역시 중구청,2022-09-16
문화동187,1,대전광역시 중구 보문산로302-27,대전광역시 중구 문화동78-4,36.30959702,127.4113083,,한전주,042-606-6843,대전광역시 중구청,2022-09-16
문화동188,1,,대전광역시 중구 문화동120-1,36.30969238,127.4108124,,한전주,042-606-6843,대전광역시 중구청,2022-09-16
문화동189,1,대전광역시 중구 과례로22번길49,대전광역시 중구 문화동114-1,36.30856705,127.4110336,,한전주,042-606-6843,대전광역시 중구청,2022-09-16
문화동190,1,,대전광역시 중구 문화동116-2,36.30892944,127.4110031,,한전주,042-606-6843,대전광역시 중구청,2022-09-16
문화동191,1,,대전광역시 중구 문화동111-5,36.30929947,127.4106903,,한전주,042-606-6843,대전광역시 중구청,2022-09-16
문화동192,1,,대전광역시 중구 문화동117-2,36.30947876,127.4107666,,전용주,042-606-6843,대전광역시 중구청,2022-09-16
문화동193,1,대전광역시 중구 보문산로274-54,대전광역시 중구 문화동153-7,36.30885696,127.4103622,,한전주,042-606-6843,대전광역시 중구청,2022-09-16
문화동194,1,대전광역시 중구 보문산로274-34,대전광역시 중구 문화동156-6,36.30888367,127.4099197,,한전주,042-606-6843,대전광역시 중구청,2022-09-16
문화동195,1,대전광역시 중구 보문산로274-28,대전광역시 중구 문화동154,36.30866241,127.4098816,,한전주,042-606-6843,대전광역시 중구청,2022-09-16
문화동196,1,대전광역시 중구 과례로22번길56-34,대전광역시 중구 문화동155-1,36.30865479,127.409462,,한전주,042-606-6843,대전광역시 중구청,2022-09-16
문화동197,1,대전광역시 중구 과례로22번길56-24,대전광역시 중구 문화동155-2,36.30838776,127.4096756,,한전주,042-606-6843,대전광역시 중구청,2022-09-16
문화동198,1,대전광역시 중구 과례로22번길56-17,대전광역시 중구 문화동154-5,36.30834579,127.410202,,한전주,042-606-6843,대전광역시 중구청,2022-09-16
문화동199,1,대전광역시 중구 과례로22번길56-11,대전광역시 중구 문화동44-4,36.30837631,127.4105682,,한전주,042-606-6843,대전광역시 중구청,2022-09-16
문화동200,1,대전광역시 중구 과례로79-24,대전광역시 중구 문화동79-24,36.31552124,127.4140015,,한전주,042-606-6843,대전광역시 중구청,2022-09-16
문화동201,1,대전광역시 중구 과례로79-20,대전광역시 중구 문화동8-7,36.31523514,127.4140091,,한전주,042-606-6843,대전광역시 중구청,2022-09-16
문화동202,1,대전광역시 중구 과례로79-10,대전광역시 중구 문화동10-3,36.31496811,127.4140167,,한전주,042-606-6843,대전광역시 중구청,2022-09-16
문화동203,1,대전광역시 중구 과례로82,대전광역시 중구 문화동12-2,36.31452942,127.414032,,한전주,042-606-6843,대전광역시 중구청,2022-09-16
문화동204,1,대전광역시 중구 과례로83,대전광역시 중구 문화동11-133,36.31475067,127.4144211,,한전주,042-606-6843,대전광역시 중구청,2022-09-16
문화동205,1,대전광역시 중구 과례로87,대전광역시 중구 문화동711-8,36.31496811,127.4147263,,한전주,042-606-6843,대전광역시 중구청,2022-09-16
문화동206,1,대전광역시 중구 과례로88-5,대전광역시 중구 문화동11-24,36.31466293,127.4147339,,한전주,042-606-6843,대전광역시 중구청,2022-09-16
문화동207,1,대전광역시 중구 보문산로365번길42-1,대전광역시 중구 문화동7-20,36.31525803,127.4145432,,한전주,042-606-6843,대전광역시 중구청,2022-09-16
문화동208,1,대전광역시 중구 보문산로365번길45,대전광역시 중구 문화동10-1,36.31512451,127.4144592,,전용주,042-606-6843,대전광역시 중구청,2022-09-16
문화동209,1,대전광역시 중구 보문산로365번길90-1,대전광역시 중구 문화동11-47,36.31515121,127.4150391,,한전주,042-606-6843,대전광역시 중구청,2022-09-16
문화동210,1,대전광역시 중구 보문산로365번길28,대전광역시 중구 문화동11-34,36.31528091,127.4153595,,한전주,042-606-6843,대전광역시 중구청,2022-09-16
문화동211,1,대전광역시 중구 보문산로365번길28-15,대전광역시 중구 문화동11-219,36.31510162,127.4158478,,한전주,042-606-6843,대전광역시 중구청,2022-09-16
문화동212,1,대전광역시 중구 보문산로365번길30,대전광역시 중구 문화동11-46,36.31505966,127.4151917,,한전주,042-606-6843,대전광역시 중구청,2022-09-16
문화동213,1,대전광역시 중구 보문산로365번길23,대전광역시 중구 문화동11-44,36.31489563,127.4154968,,한전주,042-606-6843,대전광역시 중구청,2022-09-16
문화동214,1,대전광역시 중구 보문산로369번길11,대전광역시 중구 문화동11-231,36.31499481,127.416153,,전용주,042-606-6843,대전광역시 중구청,2022-09-16
문화동215,1,대전광역시 중구 보문산로369번길19-10,대전광역시 중구 문화동11-5,36.31472015,127.4160995,,한전주,042-606-6843,대전광역시 중구청,2022-09-16
문화동216,1,대전광역시 중구 보문산로365번길15,대전광역시 중구 문화동11-70,36.31465912,127.4157639,,한전주,042-606-6843,대전광역시 중구청,2022-09-16
문화동217,1,대전광역시 중구 보문산로365번길7,대전광역시 중구 문화동11-66,36.31450002,127.4160117,,한전주,042-606-6843,대전광역시 중구청,2022-09-16
문화동218,1,대전광역시 중구 보문산로361-8,대전광역시 중구 문화동11-3,36.31430435,127.4158936,,한전주,042-606-6843,대전광역시 중구청,2022-09-16
문화동219,1,대전광역시 중구 보문산로361-10,대전광역시 중구 문화동11-88,36.31436157,127.4156799,,한전주,042-606-6843,대전광역시 중구청,2022-09-16
문화동220,1,대전광역시 중구 보문산로361-13,대전광역시 중구 문화동11-74,36.31446457,127.4155655,,한전주,042-606-6843,대전광역시 중구청,2022-09-16
문화동221,1,대전광역시 중구 보문산로369번길25-3,대전광역시 중구 문화동11-70,36.31463623,127.4155502,,전용주,042-606-6843,대전광역시 중구청,2022-09-16
문화동222,1,대전광역시 중구 보문산로369번길43,대전광역시 중구 문화동11-213,36.31431198,127.4148865,,한전주,042-606-6843,대전광역시 중구청,2022-09-16
문화동223,1,대전광역시 중구 보문산로369번길25-10,대전광역시 중구 문화동11-77,36.31452179,127.4154129,,전용주,042-606-6843,대전광역시 중구청,2022-09-16
문화동224,1,대전광역시 중구 보문산로369번길25-9,대전광역시 중구 문화동11-114,36.31438828,127.4153442,,전용주,042-606-6843,대전광역시 중구청,2022-09-16
문화동225,1,대전광역시 중구 과례로84-12,대전광역시 중구 문화동23-5,36.3144722,127.4145432,,한전주,042-606-6843,대전광역시 중구청,2022-09-16
문화동226,1,대전광역시 중구 보문산로369번길48,대전광역시 중구 문화동11-195,36.31415939,127.4145889,,한전주,042-606-6843,대전광역시 중구청,2022-09-16
문화동227,1,대전광역시 중구 보문산로345-8,대전광역시 중구 문화동24-30,36.31350327,127.4146879,,한전주,042-606-6843,대전광역시 중구청,2022-09-16
문화동228,1,대전광역시 중구 보문산로333번길,대전광역시 중구 문화동24-23,36.31314468,127.4139557,,한전주,042-606-6843,대전광역시 중구청,2022-09-16
문화동229,1,대전광역시 중구 보문산로333번길12,대전광역시 중구 문화동25-6,36.31303024,127.4133682,,전용주,042-606-6843,대전광역시 중구청,2022-09-16
문화동230,1,,대전광역시 중구 문화동19-1,36.3132515,127.4135056,,전용주,042-606-6843,대전광역시 중구청,2022-09-16
문화동231,1,대전광역시 중구 보문산로369번길69,대전광역시 중구 문화동24-11,36.313591,127.4139786,,전용주,042-606-6843,대전광역시 중구청,2022-09-16
문화동232,1,대전광역시 중구 보문산로345-19,대전광역시 중구 문화동23-34,36.31382751,127.4141159,,한전주,042-606-6843,대전광역시 중구청,2022-09-16
문화동233,1,대전광역시 중구 보문산로369번길52-10,대전광역시 중구 문화동23-14,36.31411743,127.4141693,,전용주,042-606-6843,대전광역시 중구청,2022-09-16
문화동234,1,대전광역시 중구 보문산로345-23,대전광역시 중구 문화동23-18,36.31391144,127.4139557,,한전주,042-606-6843,대전광역시 중구청,2022-09-16
문화동235,1,대전광역시 중구 과례로76,대전광역시 중구 문화동17-2,36.3143158,127.4137573,,한전주,042-606-6843,대전광역시 중구청,2022-09-16
문화동236,1,대전광역시 중구 과례로66,대전광역시 중구 문화동19-1,36.31413651,127.4134064,,한전주,042-606-6843,대전광역시 중구청,2022-09-16
문화동237,1,,대전광역시 중구 문화동19-4,36.31400299,127.4133301,,한전주,042-606-6843,대전광역시 중구청,2022-09-16
문화동238,1,,대전광역시 중구 문화동18-2,36.31393433,127.4130096,,한전주,042-606-6843,대전광역시 중구청,2022-09-16
문화동239,1,대전광역시 중구 과례로63,대전광역시 중구 문화동263-6,36.31365967,127.4126587,,한전주,042-606-6843,대전광역시 중구청,2022-09-16
문화동240,1,대전광역시 중구 과례로59,대전광역시 중구 문화동713-21,36.31343079,127.4124069,,한전주,042-606-6843,대전광역시 중구청,2022-09-16
문화동241,1,,대전광역시 중구 문화동713-30,36.31305313,127.4130249,,한전주,042-606-6843,대전광역시 중구청,2022-09-16
문화동242,1,,대전광역시 중구 문화동27-33,36.31296539,127.4131088,,전용주,042-606-6843,대전광역시 중구청,2022-09-16
문화동243,1,,대전광역시 중구 문화동27-1,36.31268692,127.4129639,,전용주,042-606-6843,대전광역시 중구청,2022-09-16
문화동244,1,,대전광역시 중구 문화동252-1,36.31245041,127.4128418,,전용주,042-606-6843,대전광역시 중구청,2022-09-16
문화동245,1,대전광역시 중구 과례로48-16,대전광역시 중구 문화동251-3,36.31225967,127.4125977,,한전주,042-606-6843,대전광역시 중구청,2022-09-16
문화동246,1,대전광역시 중구 과례로48-12,대전광역시 중구 문화동251-6,36.31235504,127.4123306,,한전주,042-606-6843,대전광역시 중구청,2022-09-16
문화동247,1,대전광역시 중구 과례로33,대전광역시 중구 문화동247-14,36.31325912,127.4124069,,한전주,042-606-6843,대전광역시 중구청,2022-09-16
문화동248,1,대전광역시 중구 과례로29,대전광역시 중구 문화동247-7,36.31301498,127.4122391,,한전주,042-606-6843,대전광역시 중구청,2022-09-16
문화동249,1,대전광역시 중구 과례로49-1,대전광역시 중구 문화동246-6,36.31264496,127.4118652,,한전주,042-606-6843,대전광역시 중구청,2022-09-16
문화동250,1,대전광역시 중구 과례로45,대전광역시 중구 문화동714-51,36.31222534,127.4115601,,한전주,042-606-6843,대전광역시 중구청,2022-09-16
문화동251,1,대전광역시 중구 과례로44,대전광역시 중구 문화동239-2,36.3121109,127.4114914,,한전주,042-606-6843,대전광역시 중구청,2022-09-16
문화동252,1,대전광역시 중구 보문산로321-23,대전광역시 중구 문화동240-1,36.31197357,127.4118805,,한전주,042-606-6843,대전광역시 중구청,2022-09-16
문화동253,1,,대전광역시 중구 문화동243-5,36.31184387,127.4122314,,한전주,042-606-6843,대전광역시 중구청,2022-09-16
문화동254,1,대전광역시 중구 보문산로317,대전광역시 중구 문화동91-2,36.31150436,127.4126663,,한전주,042-606-6843,대전광역시 중구청,2022-09-16
문화동255,1,대전광역시 중구 보문산로369번길121-10,대전광역시 중구 문화동243-2,36.31160355,127.4124298,,한전주,042-606-6843,대전광역시 중구청,2022-09-16
문화동256,1,대전광역시 중구 보문산로369번길121-7,대전광역시 중구 문화동243-8,36.31148529,127.4122925,,한전주,042-606-6843,대전광역시 중구청,2022-09-16
문화동257,1,대전광역시 중구 보문산로369번길311-6,대전광역시 중구 문화동91-11,36.31118011,127.4123993,,한전주,042-606-6843,대전광역시 중구청,2022-09-16
문화동258,1,대전광역시 중구 보문산로311-12,대전광역시 중구 문화동90-2,36.31116867,127.4119644,,한전주,042-606-6843,대전광역시 중구청,2022-09-16
문화동259,1,대전광역시 중구 보문산로369번길146,대전광역시 중구 문화동84-4,36.31064606,127.4116821,,한전주,042-606-6843,대전광역시 중구청,2022-09-16
문화동260,1,대전광역시 중구 보문산로369번길137,대전광역시 중구 문화동85-5,36.3110199,127.4117508,,한전주,042-606-6843,대전광역시 중구청,2022-09-16
문화동261,1,대전광역시 중구 보문산로311-12,대전광역시 중구 문화동83,36.31125259,127.4117432,,한전주,042-606-6843,대전광역시 중구청,2022-09-16
문화동262,1,,대전광역시 중구 문화동96-3,36.31149292,127.4119415,,한전주,042-606-6843,대전광역시 중구청,2022-09-16
문화동263,1,대전광역시 중구 과례로42-9,대전광역시 중구 문화동240-4,36.31184006,127.4117966,,한전주,042-606-6843,대전광역시 중구청,2022-09-16
문화동264,1,대전광역시 중구 과례로42,대전광역시 중구 문화동238-1,36.31190491,127.4113312,,한전주,042-606-6843,대전광역시 중구청,2022-09-16
문화동265,1,대전광역시 중구 과례로42-1,대전광역시 중구 문화동238-5,36.31195831,127.4114532,,전용주,042-606-6843,대전광역시 중구청,2022-09-16
문화동266,1,대전광역시 중구 과례로38,대전광역시 중구 문화동238-4,36.31145859,127.4112015,,한전주,042-606-6843,대전광역시 중구청,2022-09-16
문화동267,1,대전광역시 중구 보문산로311-18,대전광역시 중구 문화동311-19,36.31138229,127.4115372,,한전주,042-606-6843,대전광역시 중구청,2022-09-16
문화동268,1,대전광역시 중구 보문산로293번길29,대전광역시 중구 문화동722-12,36.31121063,127.4111099,,한전주,042-606-6843,대전광역시 중구청,2022-09-16
문화동269,1,대전광역시 중구 과례로23,대전광역시 중구 문화동125-1,36.31089783,127.4109344,,한전주,042-606-6843,대전광역시 중구청,2022-09-16
문화동270,1,대전광역시 중구 보문산로293번길15,대전광역시 중구 문화동129,36.31076813,127.4111252,,한전주,042-606-6843,대전광역시 중구청,2022-09-16
문화동271,1,대전광역시 중구 보문산로293번길22-1,대전광역시 중구 문화동714-9,36.31088638,127.4113235,,전용주,042-606-6843,대전광역시 중구청,2022-09-16
문화동272,1,대전광역시 중구 보문산로293번길16-3,대전광역시 중구 문화동103-9,36.31051636,127.4112854,,전용주,042-606-6843,대전광역시 중구청,2022-09-16
문화동273,1,대전광역시 중구 보문산로293번길13,대전광역시 중구 문화동102-1,36.31048965,127.4109879,,한전주,042-606-6843,대전광역시 중구청,2022-09-16
문화동274,1,대전광역시 중구 보문산로293번길7,대전광역시 중구 문화동109-1,36.31026459,127.4107971,,한전주,042-606-6843,대전광역시 중구청,2022-09-16
문화동275,1,대전광역시 중구 과례로22번길5-9,대전광역시 중구 문화동123-15,36.31035233,127.4106293,,한전주,042-606-6843,대전광역시 중구청,2022-09-16
문화동276,1,대전광역시 중구 과례로22번길5-8,대전광역시 중구 문화동123-3,36.31033325,127.4104462,,전용주,042-606-6843,대전광역시 중구청,2022-09-16
문화동277,1,,대전광역시 중구 문화동124-4,36.31036377,127.4101486,,한전주,042-606-6843,대전광역시 중구청,2022-09-16
문화동278,1,대전광역시 중구 과례로22번길11,대전광역시 중구 문화동124-12,36.31013489,127.4102097,,한전주,042-606-6843,대전광역시 중구청,2022-09-16
문화동279,1,대전광역시 중구 과례로22번길13-5,대전광역시 중구 문화동722-21,36.310009,127.4105225,,전용주,042-606-6843,대전광역시 중구청,2022-09-16
문화동280,1,대전광역시 중구 과례로25,대전광역시 중구 문화동125-6,36.31092453,127.4103928,,한전주,042-606-6843,대전광역시 중구청,2022-09-16
문화동281,1,대전광역시 중구 과례로32,대전광역시 중구 문화동134-1,36.31122971,127.4108124,,한전주,042-606-6843,대전광역시 중구청,2022-09-16
문화동282,1,대전광역시 중구 과례로35-1,대전광역시 중구 문화동136-1,36.31164932,127.4110489,,한전주,042-606-6843,대전광역시 중구청,2022-09-16
문화동283,1,대전광역시 중구 과례로23-27,대전광역시 중구 문화동216-7,36.3116951,127.4107361,,한전주,042-606-6843,대전광역시 중구청,2022-09-16
문화동284,1,대전광역시 중구 과례로23-23,대전광역시 중구 문화동138-8,36.31158066,127.4105072,,한전주,042-606-6843,대전광역시 중구청,2022-09-16
문화동285,1,대전광역시 중구 과례로23-22,대전광역시 중구 문화동138-7,36.31137085,127.4103546,,한전주,042-606-6843,대전광역시 중구청,2022-09-16
문화동286,1,대전광역시 중구 과례로27,대전광역시 중구 문화동138-4,36.31110382,127.4102707,,한전주,042-606-6843,대전광역시 중구청,2022-09-16
문화동287,1,,대전광역시 중구 문화동217,36.31202698,127.4106827,,전용주,042-606-6843,대전광역시 중구청,2022-09-16
문화동288,1,,대전광역시 중구 문화동141,36.31224442,127.4106064,,전용주,042-606-6843,대전광역시 중구청,2022-09-16
문화동289,1,대전광역시 중구 과례로39번길22,대전광역시 중구 문화동221-2,36.31246185,127.4105911,,전용주,042-606-6843,대전광역시 중구청,2022-09-16
문화동290,1,,대전광역시 중구 문화동236-6,36.31234741,127.4110718,,한전주,042-606-6843,대전광역시 중구청,2022-09-16
문화동291,1,,대전광역시 중구 문화동232-1,36.31240845,127.4113998,,한전주,042-606-6843,대전광역시 중구청,2022-09-16
문화동292,1,,대전광역시 중구 문화동217,36.31202316,127.4109726,,한전주,042-606-6843,대전광역시 중구청,2022-09-16
문화동293,1,,대전광역시 중구 문화동231-11,36.31283188,127.4112625,,한전주,042-606-6843,대전광역시 중구청,2022-09-16
문화동294,1,,대전광역시 중구 문화동222-1,36.31276703,127.4107208,,한전주,042-606-6843,대전광역시 중구청,2022-09-16
문화동295,1,대전광역시 중구 과례로39번길38,대전광역시 중구 문화동231-21,36.31308746,127.4106522,,한전주,042-606-6843,대전광역시 중구청,2022-09-16
문화동296,1,대전광역시 중구 과례로39번길48,대전광역시 중구 문화동204-8,36.31349945,127.4106216,,한전주,042-606-6843,대전광역시 중구청,2022-09-16
문화동297,1,대전광역시 중구 과례로67번길37,대전광역시 중구 문화동270-6,36.31386948,127.4109192,,한전주,042-606-6843,대전광역시 중구청,2022-09-16
문화동298,1,,대전광역시 중구 문화동204-1,36.31386185,127.4106216,,한전주,042-606-6843,대전광역시 중구청,2022-09-16
문화동299,1,,대전광역시 중구 문화동204,36.31386948,127.4099884,,전용주,042-606-6843,대전광역시 중구청,2022-09-16
문화동300,1,,대전광역시 중구 문화동204-2,36.31386185,127.4095535,,전용주,042-606-6843,대전광역시 중구청,2022-09-16
문화동301,1,,대전광역시 중구 문화동204,36.31386948,127.4090881,,전용주,042-606-6843,대전광역시 중구청,2022-09-16
문화동302,1,대전광역시 중구 문화로234번길66,대전광역시 중구 문화동714-168,36.31350708,127.4113464,,한전주,042-606-6843,대전광역시 중구청,2022-09-16
문화동303,1,대전광역시 중구 문화로234번길76,대전광역시 중구 문화동720-21,36.31329727,127.4114304,,한전주,042-606-6843,대전광역시 중구청,2022-09-16
문화동304,1,대전광역시 중구 문화로234번길91,대전광역시 중구 문화동718-19,36.31277847,127.4117432,,한전주,042-606-6843,대전광역시 중구청,2022-09-16
문화동305,1,대전광역시 중구 문화로234번길85-3,대전광역시 중구 문화동257-23,36.31287384,127.4114304,,한전주,042-606-6843,대전광역시 중구청,2022-09-16
문화동306,1,대전광역시 중구 문화로234번길79,대전광역시 중구 문화동257-19,36.31300735,127.4115067,,전용주,042-606-6843,대전광역시 중구청,2022-09-16
문화동307,1,,대전광역시 중구 문화동258-1,36.3133316,127.4115448,,한전주,042-606-6843,대전광역시 중구청,2022-09-16
문화동308,1,대전광역시 중구 보문로333번길33,대전광역시 중구 문화동247-6,36.31332779,127.4121552,,한전주,042-606-6843,대전광역시 중구청,2022-09-16
문화동309,1,대전광역시 중구 문화로234번길79-12,대전광역시 중구 문화동257-6,36.31324768,127.4119263,,전용주,042-606-6843,대전광역시 중구청,2022-09-16
문화동310,1,대전광역시 중구 문화로234번길79-8,대전광역시 중구 문화동257-11,36.31309509,127.4117813,,전용주,042-606-6843,대전광역시 중구청,2022-09-16
문화동311,1,,대전광역시 중구 문화동194-11,36.31387329,127.4088593,,한전주,042-606-6843,대전광역시 중구청,2022-09-16
문화동312,1,,대전광역시 중구 문화동263-6,36.31399918,127.4126816,,한전주,042-606-6843,대전광역시 중구청,2022-09-16
문화동313,1,,대전광역시 중구 문화동263-6,36.31401062,127.4122467,,한전주,042-606-6843,대전광역시 중구청,2022-09-16
문화동314,1,대전광역시 중구 과례로67번길24,대전광역시 중구 문화동263-11,36.31398773,127.4115295,,한전주,042-606-6843,대전광역시 중구청,2022-09-16
문화동315,1,,대전광역시 중구 문화동202-1,36.31545639,127.4090118,,한전주,042-606-6843,대전광역시 중구청,2022-09-16
문화동316,1,대전광역시 중구 문화로218번길14,대전광역시 중구 문화동203-6,36.31515884,127.4089432,,한전주,042-606-6843,대전광역시 중구청,2022-09-16
문화동317,1,대전광역시 중구 서문로74-9,대전광역시 중구 문화동284-194,36.31510162,127.4085541,,한전주,042-606-6843,대전광역시 중구청,2022-09-16
문화동318,1,대전광역시 중구 서문로74,대전광역시 중구 문화동284-193,36.31502914,127.4083023,,전용주,042-606-6843,대전광역시 중구청,2022-09-16
문화동319,1,대전광역시 중구 문화로218번길24,대전광역시 중구 문화동203-4,36.31480026,127.4089203,,한전주,042-606-6843,대전광역시 중구청,2022-09-16
문화동320,1,대전광역시 중구 문화로218번길30,대전광역시 중구 문화동202-6,36.31450653,127.4089203,,한전주,042-606-6843,대전광역시 중구청,2022-09-16
문화동321,1,대전광역시 중구 서문로74-16,대전광역시 중구 문화동198-1,36.31468201,127.4086151,,한전주,042-606-6843,대전광역시 중구청,2022-09-16
문화동322,1,대전광역시 중구 서문로74-22,대전광역시 중구 문화동197-2,36.31453705,127.4084473,,한전주,042-606-6843,대전광역시 중구청,2022-09-16
문화동323,1,대전광역시 중구 문화로218번길36,대전광역시 중구 문화동194-1,36.31424332,127.408905,,한전주,042-606-6843,대전광역시 중구청,2022-09-16
문화동324,1,대전광역시 중구 서문로64-5,대전광역시 중구 문화동195-6,36.31392288,127.4085541,,한전주,042-606-6843,대전광역시 중구청,2022-09-16
문화동325,1,대전광역시 중구 서문로62,대전광역시 중구 문화동195-8,36.31399155,127.4084015,,전용주,042-606-6843,대전광역시 중구청,2022-09-16
문화동326,1,대전광역시 중구 서문로50,대전광역시 중구 문화동192-17,36.31361389,127.4086227,,한전주,042-606-6843,대전광역시 중구청,2022-09-16
문화동327,1,대전광역시 중구 서문로43번길74-10,대전광역시 중구 문화동373-2,36.31409073,127.4044647,,한전주,042-606-6843,대전광역시 중구청,2022-09-16
문화동328,1,대전광역시 중구 서문로43번길74-8,대전광역시 중구 문화동284-20,36.31406403,127.4047241,,전용주,042-606-6843,대전광역시 중구청,2022-09-16
문화동329,1,대전광역시 중구 문화로182-14,대전광역시 중구 문화동284-176,36.31414795,127.4049759,,한전주,042-606-6843,대전광역시 중구청,2022-09-16
문화동330,1,대전광역시 중구 문화로182-12,대전광역시 중구 문화동284-43,36.31419373,127.4051361,,한전주,042-606-6843,대전광역시 중구청,2022-09-16
문화동331,1,대전광역시 중구 문화로182-3,대전광역시 중구 문화동284-64,36.31433868,127.4054718,,한전주,042-606-6843,대전광역시 중구청,2022-09-16
문화동332,1,대전광역시 중구 서문로34번길74-2,대전광역시 중구 문화동733-9,36.31384277,127.4048004,,한전주,042-606-6843,대전광역시 중구청,2022-09-16
문화동333,1,대전광역시 중구 서문로43번길62-9,대전광역시 중구 문화동284-80,36.31389236,127.4054413,,한전주,042-606-6843,대전광역시 중구청,2022-09-16
문화동334,1,대전광역시 중구 서문로43번길62-18,대전광역시 중구 문화동284-78,36.31414032,127.4057159,,한전주,042-606-6843,대전광역시 중구청,2022-09-16
문화동335,1,,대전광역시 중구 문화동422-7,36.31306076,127.406189,,한전주,042-606-6843,대전광역시 중구청,2022-09-16
문화동336,1,,대전광역시 중구 문화동420-2,36.31295776,127.406601,,한전주,042-606-6843,대전광역시 중구청,2022-09-16
문화동337,1,대전광역시 중구 서문로43번길23,대전광역시 중구 문화동187-1,36.31277084,127.4069138,,한전주,042-606-6843,대전광역시 중구청,2022-09-16
문화동338,1,대전광역시 중구 서문로43번길21,대전광역시 중구 문화동187-4,36.31266022,127.4071198,,한전주,042-606-6843,대전광역시 중구청,2022-09-16
문화동339,1,대전광역시 중구 서문로43번길17-2,대전광역시 중구 문화동186-11,36.31239319,127.4072113,,한전주,042-606-6843,대전광역시 중구청,2022-09-16
문화동340,1,대전광역시 중구 서문로43번길11,대전광역시 중구 문화동186-24,36.31253433,127.4074936,,한전주,042-606-6843,대전광역시 중구청,2022-09-16
문화동341,1,대전광역시 중구 서문로43번길11,대전광역시 중구 문화동187-19,36.31251907,127.4077682,,한전주,042-606-6843,대전광역시 중구청,2022-09-16
문화동342,1,대전광역시 중구 서문로43번길8,대전광역시 중구 문화동186-10,36.31227875,127.4073563,,한전주,042-606-6843,대전광역시 중구청,2022-09-16
문화동343,1,대전광역시 중구 서문로43번길16,대전광역시 중구 문화동185-13,36.31203842,127.4071579,,한전주,042-606-6843,대전광역시 중구청,2022-09-16
문화동344,1,대전광역시 중구 서문로43번길16-2,대전광역시 중구 문화동185-6,36.31211472,127.4070053,,전용주,042-606-6843,대전광역시 중구청,2022-09-16
문화동345,1,대전광역시 중구 서문로43번길13-6,대전광역시 중구 문화동185-16,36.31189346,127.4073639,,한전주,042-606-6843,대전광역시 중구청,2022-09-16
문화동346,1,대전광역시 중구 서문로43번길22,대전광역시 중구 문화동185-21,36.31177902,127.4069977,,한전주,042-606-6843,대전광역시 중구청,2022-09-16
문화동347,1,대전광역시 중구 서문로43번길27,대전광역시 중구 문화동426-17,36.31151581,127.4069824,,전용주,042-606-6843,대전광역시 중구청,2022-09-16
문화동348,1,,대전광역시 중구 문화동162-8,36.31077957,127.4076843,,한전주,042-606-6843,대전광역시 중구청,2022-09-16
문화동349,1,대전광역시 중구 서문로25번길20-1,대전광역시 중구 문화동426-1,36.31114197,127.4072876,,한전주,042-606-6843,대전광역시 중구청,2022-09-16
문화동350,1,대전광역시 중구 서문로25번길25,대전광역시 중구 문화동412-45,36.31126022,127.4068375,,한전주,042-606-6843,대전광역시 중구청,2022-09-16
문화동351,1,대전광역시 중구 서문로25번길32,대전광역시 중구 문화동412-16,36.31138611,127.4065399,,한전주,042-606-6843,대전광역시 중구청,2022-09-16
문화동352,1,대전광역시 중구 서문로25번길38,대전광역시 중구 문화동412-8,36.31151581,127.4063263,,한전주,042-606-6843,대전광역시 중구청,2022-09-16
문화동353,1,대전광역시 중구 서문로25번길37-8,대전광역시 중구 문화동412-19,36.31119156,127.4060593,,한전주,042-606-6843,대전광역시 중구청,2022-09-16
문화동354,1,대전광역시 중구 서문로25번길45-1,대전광역시 중구 문화동412-7,36.31163788,127.4061508,,한전주,042-606-6843,대전광역시 중구청,2022-09-16
문화동355,1,대전광역시 중구 서문로25번길45-4,대전광역시 중구 문화동412-9,36.31154633,127.4059906,,전용주,042-606-6843,대전광역시 중구청,2022-09-16
문화동356,1,대전광역시 중구 서문로25번길47,대전광역시 중구 문화동412-4,36.31185913,127.4060211,,한전주,042-606-6843,대전광역시 중구청,2022-09-16
문화동357,1,대전광역시 중구 서문로25번길75,대전광역시 중구 문화동413-14,36.31216812,127.4056473,,한전주,042-606-6843,대전광역시 중구청,2022-09-16
문화동358,1,대전광역시 중구 서문로25번길65,대전광역시 중구 문화동418-16,36.31246567,127.405304,,한전주,042-606-6843,대전광역시 중구청,2022-09-16
문화동359,1,,대전광역시 중구 문화동422-3,36.31263351,127.4055862,,한전주,042-606-6843,대전광역시 중구청,2022-09-16
문화동360,1,,대전광역시 중구 문화동422-3,36.31288528,127.4059067,,한전주,042-606-6843,대전광역시 중구청,2022-09-16
문화동361,1,대전광역시 중구 서문로25번길81,대전광역시 중구 문화동418-1,36.3131485,127.4048157,,한전주,042-606-6843,대전광역시 중구청,2022-09-16
문화동362,1,대전광역시 중구 서문로25번길77,대전광역시 중구 문화동410-12,36.31291199,127.4049683,,한전주,042-606-6843,대전광역시 중구청,2022-09-16
문화동363,1,대전광역시 중구 서문로25번길71,대전광역시 중구 문화동418-1,36.31261063,127.4051971,,한전주,042-606-6843,대전광역시 중구청,2022-09-16
문화동364,1,대전광역시 중구 서문로25번길71,대전광역시 중구 문화동418-1,36.31256485,127.4052353,,한전주,042-606-6843,대전광역시 중구청,2022-09-16
문화동365,1,대전광역시 중구 천근로27번길71,대전광역시 중구 문화동413-9,36.31203079,127.4054489,,한전주,042-606-6843,대전광역시 중구청,2022-09-16
문화동366,1,대전광역시 중구 천근로27번길65,대전광역시 중구 문화동395-12,36.31182098,127.4052277,,한전주,042-606-6843,대전광역시 중구청,2022-09-16
문화동367,1,대전광역시 중구 천근로27번길63,대전광역시 중구 문화동714-48,36.31162643,127.4050217,,한전주,042-606-6843,대전광역시 중구청,2022-09-16
문화동368,1,대전광역시 중구 천근로69번길76-4,대전광역시 중구 문화동395-6,36.31191254,127.404953,,한전주,042-606-6843,대전광역시 중구청,2022-09-16
문화동369,1,대전광역시 중구 천근로69번길76-9,대전광역시 중구 문화동412-39,36.31203079,127.4051743,,한전주,042-606-6843,대전광역시 중구청,2022-09-16
문화동370,1,대전광역시 중구 천근로69번길82-8,대전광역시 중구 문화동412-34,36.31220627,127.4049759,,전용주,042-606-6843,대전광역시 중구청,2022-09-16
문화동371,1,대전광역시 중구 천근로69번길60-12,대전광역시 중구 문화동395-18,36.3116684,127.4055099,,한전주,042-606-6843,대전광역시 중구청,2022-09-16
문화동372,1,대전광역시 중구 천근로69번길60-5,대전광역시 중구 문화동395-25,36.3114624,127.4053879,,한전주,042-606-6843,대전광역시 중구청,2022-09-16
문화동373,1,대전광역시 중구 천근로69번길52-7,대전광역시 중구 문화동431-8,36.31136703,127.4057465,,전용주,042-606-6843,대전광역시 중구청,2022-09-16
문화동374,1,대전광역시 중구 서문로43번안길46,대전광역시 중구 문화동412-42,36.31094742,127.4065933,,한전주,042-606-6843,대전광역시 중구청,2022-09-16
문화동375,1,대전광역시 중구 서문로25번안길14,대전광역시 중구 문화동412-48,36.31068802,127.4070358,,한전주,042-606-6843,대전광역시 중구청,2022-09-16
문화동376,1,대전광역시 중구 천근로69번길20-7,대전광역시 중구 문화동164-6,36.31030655,127.4071579,,한전주,042-606-6843,대전광역시 중구청,2022-09-16
문화동377,1,,대전광역시 중구 문화동161-7,36.31027222,127.4076538,,한전주,042-606-6843,대전광역시 중구청,2022-09-16
문화동378,1,대전광역시 중구 천근로69번길9,대전광역시 중구 문화동437-14,36.30949402,127.4072418,,한전주,042-606-6843,대전광역시 중구청,2022-09-16
문화동379,1,대전광역시 중구 천근로65,대전광역시 중구 문화동439-43,36.30947876,127.4069672,,한전주,042-606-6843,대전광역시 중구청,2022-09-16
문화동380,1,대전광역시 중구 천근로59,대전광역시 중구 문화동439-60,36.30947495,127.406456,,한전주,042-606-6843,대전광역시 중구청,2022-09-16
문화동381,1,대전광역시 중구 천근로55,대전광역시 중구 문화동439-54,36.3094635,127.4060287,,한전주,042-606-6843,대전광역시 중구청,2022-09-16
문화동382,1,대전광역시 중구 천근로51,대전광역시 중구 문화동439-58,36.30945206,127.4057236,,한전주,042-606-6843,대전광역시 중구청,2022-09-16
문화동383,1,대전광역시 중구 천근로47,대전광역시 중구 문화동449-3,36.3094635,127.4051361,,한전주,042-606-6843,대전광역시 중구청,2022-09-16
문화동384,1,대전광역시 중구 천근로43,대전광역시 중구 문화동473-6,36.30946732,127.4047775,,한전주,042-606-6843,대전광역시 중구청,2022-09-16
문화동385,1,대전광역시 중구 천근로39,대전광역시 중구 문화동473-9,36.30947495,127.4043579,,한전주,042-606-6843,대전광역시 중구청,2022-09-16
문화동386,1,대전광역시 중구 천근로39,대전광역시 중구 문화동473-9,36.3094635,127.4041595,,한전주,042-606-6843,대전광역시 중구청,2022-09-16
문화동387,1,대전광역시 중구 천근로35,대전광역시 중구 문화동473-36,36.30945587,127.4038086,,한전주,042-606-6843,대전광역시 중구청,2022-09-16
문화동388,1,대전광역시 중구 천근로31,대전광역시 중구 문화동473-19,36.30943298,127.4033966,,한전주,042-606-6843,대전광역시 중구청,2022-09-16
문화동389,1,대전광역시 중구 천근로26,대전광역시 중구 문화동475-34,36.30938721,127.4028702,,한전주,042-606-6843,대전광역시 중구청,2022-09-16
문화동390,1,대전광역시 중구 천근로24,대전광역시 중구 문화동475-2,36.30959702,127.4026184,,한전주,042-606-6843,대전광역시 중구청,2022-09-16
문화동391,1,대전광역시 중구 천근로24,대전광역시 중구 문화동475-27,36.3093605,127.4022675,,건축물,042-606-6843,대전광역시 중구청,2022-09-16
문화동392,1,대전광역시 중구 천근로22-1,대전광역시 중구 문화동475-46,36.30950546,127.402153,,전용주,042-606-6843,대전광역시 중구청,2022-09-16
문화동393,1,대전광역시 중구 천근로22,대전광역시 중구 문화동475-46,36.30965042,127.4022827,,건축물,042-606-6843,대전광역시 중구청,2022-09-16
문화동394,1,대전광역시 중구 천근로22,대전광역시 중구 문화동475-1,36.30979919,127.4024353,,한전주,042-606-6843,대전광역시 중구청,2022-09-16
문화동395,1,대전광역시 중구 천근로16-1,대전광역시 중구 문화동462-6,36.3101387,127.4020615,,한전주,042-606-6843,대전광역시 중구청,2022-09-16
문화동396,1,대전광역시 중구 천근로12,대전광역시 중구 문화동462-33,36.31051254,127.4016724,,한전주,042-606-6843,대전광역시 중구청,2022-09-16
문화동397,1,대전광역시 중구 산성로142-11,대전광역시 중구 문화동388-3,36.31178665,127.4022903,,한전주,042-606-6843,대전광역시 중구청,2022-09-16
문화동398,1,대전광역시 중구 산성로138번길16,대전광역시 중구 문화동470-6,36.31147385,127.4025192,,한전주,042-606-6843,대전광역시 중구청,2022-09-16
문화동399,1,대전광역시 중구 산성로138번길26,대전광역시 중구 문화동470-31,36.31135559,127.402832,,한전주,042-606-6843,대전광역시 중구청,2022-09-16
문화동400,1,대전광역시 중구 산성로138번길12-15,대전광역시 중구 문화동470-8,36.31115723,127.4025879,,한전주,042-606-6843,대전광역시 중구청,2022-09-16
문화동401,1,대전광역시 중구 천근로9번길18,대전광역시 중구 문화동463-21,36.31100845,127.4023743,,한전주,042-606-6843,대전광역시 중구청,2022-09-16
문화동402,1,대전광역시 중구 천근로5-26,대전광역시 중구 문화동461-1,36.311203,127.4021072,,한전주,042-606-6843,대전광역시 중구청,2022-09-16
문화동403,1,대전광역시 중구 천근로5-19,대전광역시 중구 문화동388-3,36.31132889,127.4019852,,한전주,042-606-6843,대전광역시 중구청,2022-09-16
문화동404,1,대전광역시 중구 산성로143-12,대전광역시 중구 문화동388-3,36.31141663,127.4020462,,한전주,042-606-6843,대전광역시 중구청,2022-09-16
문화동405,1,대전광역시 중구 산성로134-8,대전광역시 중구 문화동458-22,36.31156158,127.4018936,,한전주,042-606-6843,대전광역시 중구청,2022-09-16
문화동406,1,대전광역시 중구 천근로5-7,대전광역시 중구 문화동458-36,36.31110382,127.4015884,,한전주,042-606-6843,대전광역시 중구청,2022-09-16
문화동407,1,대전광역시 중구 천근로9번길10,대전광역시 중구 문화동463-28,36.3108139,127.402092,,한전주,042-606-6843,대전광역시 중구청,2022-09-16
문화동408,1,대전광역시 중구 산성로138번길12-19,대전광역시 중구 문화동463-20,36.3109169,127.4027328,,한전주,042-606-6843,대전광역시 중구청,2022-09-16
문화동409,1,대전광역시 중구 천근로13-7,대전광역시 중구 문화동463-18,36.31051636,127.4021683,,한전주,042-606-6843,대전광역시 중구청,2022-09-16
문화동410,1,대전광역시 중구 천근로15번길8,대전광역시 중구 문화동465-13,36.31035233,127.4022903,,한전주,042-606-6843,대전광역시 중구청,2022-09-16
문화동411,1,대전광역시 중구 천근대로15번길16,대전광역시 중구 문화동465-6,36.31059265,127.4026031,,한전주,042-606-6843,대전광역시 중구청,2022-09-16
문화동412,1,대전광역시 중구 천근로15번길20,대전광역시 중구 문화동465-1,36.31080246,127.402916,,한전주,042-606-6843,대전광역시 중구청,2022-09-16
문화동413,1,대전광역시 중구 산성로138번길32,대전광역시 중구 문화동470-39,36.31102753,127.4032593,,한전주,042-606-6843,대전광역시 중구청,2022-09-16
문화동414,1,대전광역시 중구 산성로138번길12-29,대전광역시 중구 문화동469-1,36.31061172,127.4031219,,전용주,042-606-6843,대전광역시 중구청,2022-09-16
문화동415,1,대전광역시 중구 산성로138번길40,대전광역시 중구 문화동469-4,36.31077957,127.4036255,,한전주,042-606-6843,대전광역시 중구청,2022-09-16
문화동416,1,대전광역시 중구 천근로19번길22,대전광역시 중구 문화동466-35,36.31048965,127.4033356,,한전주,042-606-6843,대전광역시 중구청,2022-09-16
문화동417,1,대전광역시 중구 천근로19번길14,대전광역시 중구 문화동466-8,36.31015396,127.4028473,,한전주,042-606-6843,대전광역시 중구청,2022-09-16
문화동418,1,대전광역시 중구 천근로27번길9,대전광역시 중구 문화동473-16,36.30973816,127.4032974,,한전주,042-606-6843,대전광역시 중구청,2022-09-16
문화동419,1,대전광역시 중구 천근로27번길19,대전광역시 중구 문화동466-31,36.31008911,127.4034653,,한전주,042-606-6843,대전광역시 중구청,2022-09-16
문화동420,1,대전광역시 중구 천근로27번길15,대전광역시 중구 문화동473-15,36.30989075,127.4034348,,한전주,042-606-6843,대전광역시 중구청,2022-09-16
문화동421,1,대전광역시 중구 천근로27번길25,대전광역시 중구 문화동466-42,36.31027985,127.4036179,,한전주,042-606-6843,대전광역시 중구청,2022-09-16
문화동422,1,대전광역시 중구 산성로138번길48,대전광역시 중구 문화동466-40,36.31058121,127.4038773,,한전주,042-606-6843,대전광역시 중구청,2022-09-16
문화동423,1,대전광역시 중구 천근로27번길42,대전광역시 중구 문화동395-34,36.31094742,127.404274,,한전주,042-606-6843,대전광역시 중구청,2022-09-16
문화동424,1,대전광역시 중구 천근로27번길50,대전광역시 중구 문화동395-33,36.31124115,127.4046097,,한전주,042-606-6843,대전광역시 중구청,2022-09-16
문화동425,1,대전광역시 중구 천근로69번길61-5,대전광역시 중구 문화동395-48,36.3110733,127.4049072,,한전주,042-606-6843,대전광역시 중구청,2022-09-16
문화동426,1,대전광역시 중구 천근로69번길61-13,대전광역시 중구 문화동395-51,36.31081772,127.4046021,,한전주,042-606-6843,대전광역시 중구청,2022-09-16
문화동427,1,대전광역시 중구 천근로69번길61-21,대전광역시 중구 문화동395-54,36.31059265,127.4043808,,한전주,042-606-6843,대전광역시 중구청,2022-09-16
문화동428,1,대전광역시 중구 천근로69번길55-5,대전광역시 중구 문화동395-70,36.31103516,127.4052124,,한전주,042-606-6843,대전광역시 중구청,2022-09-16
문화동429,1,대전광역시 중구 천근로69번길55-14,대전광역시 중구 문화동395-65,36.31068039,127.4048309,,한전주,042-606-6843,대전광역시 중구청,2022-09-16
문화동430,1,대전광역시 중구 산성로138번길65-35,대전광역시 중구 문화동395-71,36.31074524,127.4052963,,한전주,042-606-6843,대전광역시 중구청,2022-09-16
문화동431,1,대전광역시 중구 산성로138번길65-31,대전광역시 중구 문화동395-74,36.31058502,127.405159,,한전주,042-606-6843,대전광역시 중구청,2022-09-16
문화동432,1,대전광역시 중구 산성로138번길65-10,대전광역시 중구 문화동435-62,36.31032562,127.4049606,,한전주,042-606-6843,대전광역시 중구청,2022-09-16
문화동433,1,대전광역시 중구 산성로138번길65-3,대전광역시 중구 문화동435-58,36.31023788,127.4047852,,한전주,042-606-6843,대전광역시 중구청,2022-09-16
문화동434,1,대전광역시 중구 산성로138번길62,대전광역시 중구 문화동467-6,36.31017303,127.4044342,,한전주,042-606-6843,대전광역시 중구청,2022-09-16
문화동435,1,대전광역시 중구 산성로138번길57,대전광역시 중구 문화동397-22,36.31040573,127.4042511,,전용주,042-606-6843,대전광역시 중구청,2022-09-16
문화동436,1,대전광역시 중구 천근로27번길16-8,대전광역시 중구 문화동473-47,36.30990982,127.4039917,,한전주,042-606-6843,대전광역시 중구청,2022-09-16
문화동437,1,대전광역시 중구 천근로27번길16-14,대전광역시 중구 문화동473-10,36.30990982,127.4043121,,한전주,042-606-6843,대전광역시 중구청,2022-09-16
문화동438,1,대전광역시 중구 천근로27번길16-22,대전광역시 중구 문화동473-2,36.30993271,127.4046021,,한전주,042-606-6843,대전광역시 중구청,2022-09-16
문화동439,1,대전광역시 중구 천근로80,대전광역시 중구 문화동473-34,36.30951691,127.4049911,,한전주,042-606-6843,대전광역시 중구청,2022-09-16
문화동440,1,대전광역시 중구 서문로25번안길52,대전광역시 중구 문화동435-37,36.30984879,127.4050369,,한전주,042-606-6843,대전광역시 중구청,2022-09-16
문화동441,1,대전광역시 중구 서문로25번안길50,대전광역시 중구 문화동49-10,36.30994797,127.4054642,,한전주,042-606-6843,대전광역시 중구청,2022-09-16
문화동442,1,대전광역시 중구 천근로49-5,대전광역시 중구 문화동439-61,36.30966568,127.4053955,,한전주,042-606-6843,대전광역시 중구청,2022-09-16
문화동443,1,대전광역시 중구 서문로25번안길38-10,대전광역시 중구 문화동435-18,36.31010056,127.4053726,,한전주,042-606-6843,대전광역시 중구청,2022-09-16
문화동444,1,대전광역시 중구 서문로25번안길38-8,대전광역시 중구 문화동435-17,36.31008148,127.4056015,,전용주,042-606-6843,대전광역시 중구청,2022-09-16
문화동445,1,대전광역시 중구 천근로53-10,대전광역시 중구 문화동439-73,36.30977631,127.4058533,,건축물,042-606-6843,대전광역시 중구청,2022-09-16
문화동446,1,,대전광역시 중구 문화동436-8,36.31012344,127.4057846,,전용주,042-606-6843,대전광역시 중구청,2022-09-16
문화동447,1,대전광역시 중구 서문로25번안길34,대전광역시 중구 문화동436-11,36.31011963,127.4061508,,한전주,042-606-6843,대전광역시 중구청,2022-09-16
문화동448,1,대전광역시 중구 천근로59-7,대전광역시 중구 문화동439-65,36.30974579,127.4062653,,한전주,042-606-6843,대전광역시 중구청,2022-09-16
문화동449,1,대전광역시 중구 천근로69번길17-8,대전광역시 중구 문화동437-21,36.30989838,127.4065094,,한전주,042-606-6843,대전광역시 중구청,2022-09-16
문화동450,1,대전광역시 중구 천근로70번길14,대전광역시 중구 문화동160-14,36.30900192,127.4076614,,한전주,042-606-6843,대전광역시 중구청,2022-09-16
문화동451,1,대전광역시 중구 천근로70번길15,대전광역시 중구 문화동160-15,36.3087616,127.4076767,,한전주,042-606-6843,대전광역시 중구청,2022-09-16
문화동452,1,대전광역시 중구 천근로70번길25,대전광역시 중구 문화동160-43,36.30848312,127.4073563,,전용주,042-606-6843,대전광역시 중구청,2022-09-16
문화동453,1,대전광역시 중구 천근로70번길35,대전광역시 중구 문화동444,36.30848694,127.406929,,한전주,042-606-6843,대전광역시 중구청,2022-09-16
문화동454,1,대전광역시 중구 천근로70번길38,대전광역시 중구 문화동450-9,36.30855179,127.4067001,,한전주,042-606-6843,대전광역시 중구청,2022-09-16
문화동455,1,대전광역시 중구 천근로62-57,대전광역시 중구 문화동443,36.308918,127.4067688,,한전주,042-606-6843,대전광역시 중구청,2022-09-16
문화동456,1,,대전광역시 중구 문화동439-3,36.3091011,127.4067917,,한전주,042-606-6843,대전광역시 중구청,2022-09-16
문화동457,1,대전광역시 중구 천근로62-51,대전광역시 중구 문화동441-16,36.3088913,127.4071579,,한전주,042-606-6843,대전광역시 중구청,2022-09-16
문화동458,1,,대전광역시 중구 문화동450-25,36.30885315,127.4065247,,한전주,042-606-6843,대전광역시 중구청,2022-09-16
문화동459,1,대전광역시 중구 천근로60번길9,대전광역시 중구 문화동444,36.30906296,127.4065094,,한전주,042-606-6843,대전광역시 중구청,2022-09-16
문화동460,1,대전광역시 중구 천근로60번길23,대전광역시 중구 문화동450-34,36.308815,127.4060516,,한전주,042-606-6843,대전광역시 중구청,2022-09-16
문화동461,1,대전광역시 중구 천근로60번30,대전광역시 중구 문화동448-11,36.30887985,127.4055939,,한전주,042-606-6843,대전광역시 중구청,2022-09-16
문화동462,1,대전광역시 중구 천근로60번길38,대전광역시 중구 문화동500-96,36.30889893,127.4051895,,한전주,042-606-6843,대전광역시 중구청,2022-09-16
문화동463,1,대전광역시 중구 천근로60번길44,대전광역시 중구 문화동480-31,36.30892944,127.4049072,,한전주,042-606-6843,대전광역시 중구청,2022-09-16
문화동464,1,대전광역시 중구 천근로46번길6,대전광역시 중구 문화동480-35,36.30914688,127.4049454,,한전주,042-606-6843,대전광역시 중구청,2022-09-16
문화동465,1,대전광역시 중구 천근로52-1,대전광역시 중구 문화동445-2,36.30926514,127.4057693,,한전주,042-606-6843,대전광역시 중구청,2022-09-16
문화동466,1,대전광역시 중구 천근로60번길50,대전광역시 중구 문화동480-26,36.30891418,127.4046249,,한전주,042-606-6843,대전광역시 중구청,2022-09-16
문화동467,1,대전광역시 중구 천근로60번길54,대전광역시 중구 문화동480-36,36.30891037,127.4042511,,한전주,042-606-6843,대전광역시 중구청,2022-09-16
문화동468,1,대전광역시 중구 천근로60번길55,대전광역시 중구 문화동485-11,36.30884933,127.4040985,,한전주,042-606-6843,대전광역시 중구청,2022-09-16
문화동469,1,,대전광역시 중구 문화동480-28,36.30891418,127.4036484,,한전주,042-606-6843,대전광역시 중구청,2022-09-16
문화동470,1,대전광역시 중구 보문산로215번길75,대전광역시 중구 문화동479-24,36.30900192,127.4032669,,한전주,042-606-6843,대전광역시 중구청,2022-09-16
문화동471,1,대전광역시 중구 보문산로215번길67,대전광역시 중구 문화동483-33,36.30877686,127.403511,,한전주,042-606-6843,대전광역시 중구청,2022-09-16
문화동472,1,대전광역시 중구 송리로20번안길,대전광역시 중구 문화동484-1,36.30856705,127.403717,,한전주,042-606-6843,대전광역시 중구청,2022-09-16
문화동473,1,대전광역시 중구 보문산로215번길60,대전광역시 중구 문화동485-3,36.30850601,127.4039154,,한전주,042-606-6843,대전광역시 중구청,2022-09-16
문화동474,1,대전광역시 중구 보문산로215번길55,대전광역시 중구 문화동484-4,36.30831909,127.4039536,,한전주,042-606-6843,대전광역시 중구청,2022-09-16
문화동475,1,대전광역시 중구 보문산로215번길47,대전광역시 중구 문화동491-4,36.3079464,127.4041272,,한전주,042-606-6843,대전광역시 중구청,2022-09-16
문화동476,1,대전광역시 중구 보문산로215번길41,대전광역시 중구 문화동493-21,36.30773163,127.4040527,,한전주,042-606-6843,대전광역시 중구청,2022-09-16
문화동477,1,대전광역시 중구 보문산로215번길19,대전광역시 중구 문화동548-2,36.3069725,127.4041519,,한전주,042-606-6843,대전광역시 중구청,2022-09-16
문화동478,1,대전광역시 중구 보문산로227번길27,대전광역시 중구 문화동547-3,36.30657959,127.4039917,,한전주,042-606-6843,대전광역시 중구청,2022-09-16
문화동479,1,,대전광역시 중구 문화동543-9,36.30602264,127.4043121,,한전주,042-606-6843,대전광역시 중구청,2022-09-16
문화동480,1,대전광역시 중구 보문산로215번길16,대전광역시 중구 문화동512,36.30662155,127.4042435,,한전주,042-606-6843,대전광역시 중구청,2022-09-16
문화동481,1,,대전광역시 중구 문화동435-16,36.31029129,127.405983,,한전주,042-606-6843,대전광역시 중구청,2022-09-16
문화동482,1,대전광역시 중구 천근로70번길45,대전광역시 중구 문화동500-67,36.30836868,127.4062347,,한전주,042-606-6843,대전광역시 중구청,2022-09-16
문화동483,1,대전광역시 중구 천근로70번길45-3,대전광역시 중구 문화동500-112,36.30811691,127.4064484,,한전주,042-606-6843,대전광역시 중구청,2022-09-16
문화동484,1,대전광역시 중구 천근로70번길46-7,대전광역시 중구 문화동451-8,36.30868149,127.4060593,,전용주,042-606-6843,대전광역시 중구청,2022-09-16
문화동485,1,대전광역시 중구 천근로46번길45-1,대전광역시 중구 문화동485-24,36.30868149,127.4048462,,한전주,042-606-6843,대전광역시 중구청,2022-09-16
문화동486,1,대전광역시 중구 천근로46번길17-11,대전광역시 중구 문화동500-18,36.30860519,127.4055405,,전용주,042-606-6843,대전광역시 중구청,2022-09-16
문화동487,1,대전광역시 중구 천근로70번길50,대전광역시 중구 문화동500-91,36.30838394,127.4059677,,한전주,042-606-6843,대전광역시 중구청,2022-09-16
문화동488,1,대전광역시 중구 보문산로245번길9-1,대전광역시 중구 문화동500-46,36.30803299,127.4061737,,한전주,042-606-6843,대전광역시 중구청,2022-09-16
문화동489,1,대전광역시 중구 보문산로245번길5,대전광역시 중구 문화동500-47,36.30786514,127.406311,,한전주,042-606-6843,대전광역시 중구청,2022-09-16
문화동490,1,대전광역시 중구 보문산로245번길3-10,대전광역시 중구 문화동500-82,36.30775452,127.4060364,,한전주,042-606-6843,대전광역시 중구청,2022-09-16
문화동491,1,대전광역시 중구 보문산로245번길3-15,대전광역시 중구 문화동500-95,36.30754852,127.4059525,,전용주,042-606-6843,대전광역시 중구청,2022-09-16
문화동492,1,대전광역시 중구 보문산로245번길3-25,대전광역시 중구 문화동500-77,36.307827,127.4056854,,한전주,042-606-6843,대전광역시 중구청,2022-09-16
문화동493,1,대전광역시 중구 보문산로245번길9-10,대전광역시 중구 문화동500-36,36.30807877,127.4057236,,한전주,042-606-6843,대전광역시 중구청,2022-09-16
문화동494,1,대전광역시 중구 보문산로245번길9-17,대전광역시 중구 문화동500-42,36.3080864,127.405304,,한전주,042-606-6843,대전광역시 중구청,2022-09-16
문화동495,1,대전광역시 중구 천근로70번길70,대전광역시 중구 문화동500-60,36.30840683,127.405159,,한전주,042-606-6843,대전광역시 중구청,2022-09-16
문화동496,1,대전광역시 중구 천근로46번길28,대전광역시 중구 문화동457-1,36.30821609,127.404541,,전용주,042-606-6843,대전광역시 중구청,2022-09-16
문화동497,1,대전광역시 중구 보문산로227번길53,대전광역시 중구 문화동491-10,36.30821228,127.4043579,,한전주,042-606-6843,대전광역시 중구청,2022-09-16
문화동498,1,,대전광역시 중구 문화동488-9,36.30784607,127.4044189,,전용주,042-606-6843,대전광역시 중구청,2022-09-16
문화동499,1,대전광역시 중구 보문산로227번길44,대전광역시 중구 문화동488-1,36.30798721,127.4046936,,한전주,042-606-6843,대전광역시 중구청,2022-09-16
문화동500,1,대전광역시 중구 보문산로227번길35,대전광역시 중구 문화동488-5,36.30770874,127.4049606,,한전주,042-606-6843,대전광역시 중구청,2022-09-16
문화동501,1,대전광역시 중구 송리로14번길65,대전광역시 중구 문화동488-12,36.30749893,127.4051666,,한전주,042-606-6843,대전광역시 중구청,2022-09-16
문화동502,1,대전광역시 중구 송리로14번길50,대전광역시 중구 문화동490-2,36.30742264,127.4041824,,한전주,042-606-6843,대전광역시 중구청,2022-09-16
문화동503,1,대전광역시 중구 송리로14번길60,대전광역시 중구 문화동488-10,36.30744553,127.4047852,,한전주,042-606-6843,대전광역시 중구청,2022-09-16
문화동504,1,대전광역시 중구 송리로14번길65,대전광역시 중구 문화동488-12,36.30748749,127.4049911,,전용주,042-606-6843,대전광역시 중구청,2022-09-16
문화동505,1,,대전광역시 중구 문화동508-4,36.30737686,127.4053955,,한전주,042-606-6843,대전광역시 중구청,2022-09-16
문화동506,1,대전광역시 중구 보문산로227번길21,대전광역시 중구 문화동509-1,36.30718613,127.4053192,,한전주,042-606-6843,대전광역시 중구청,2022-09-16
문화동507,1,대전광역시 중구 보문산로239,대전광역시 중구 문화동792,36.30719757,127.4058685,,한전주,042-606-6843,대전광역시 중구청,2022-09-16
문화동508,1,대전광역시 중구 보문산로227번길,대전광역시 중구 문화동517-7,36.30695343,127.4054337,,한전주,042-606-6843,대전광역시 중구청,2022-09-16
문화동509,1,대전광역시 중구 보문산로227번길12,대전광역시 중구 문화동517-35,36.30667496,127.4054565,,한전주,042-606-6843,대전광역시 중구청,2022-09-16
문화동510,1,대전광역시 중구 보문산로227번길12,대전광역시 중구 문화동509-10,36.30680084,127.4047318,,한전주,042-606-6843,대전광역시 중구청,2022-09-16
문화동511,1,대전광역시 중구 보문산로223-20,대전광역시 중구 문화동515-4,36.30658722,127.4045029,,한전주,042-606-6843,대전광역시 중구청,2022-09-16
문화동512,1,대전광역시 중구 보문산로223-10,대전광역시 중구 문화동543-1,36.30619812,127.4044571,,한전주,042-606-6843,대전광역시 중구청,2022-09-16
문화동513,1,대전광역시 중구 보문산로223,대전광역시 중구 문화동515-9,36.30607605,127.4047852,,한전주,042-606-6843,대전광역시 중구청,2022-09-16
문화동514,1,대전광역시 중구 보문산로227-15,대전광역시 중구 문화동515-13,36.30635452,127.4048538,,한전주,042-606-6843,대전광역시 중구청,2022-09-16
문화동515,1,대전광역시 중구 보문산로227-7,대전광역시 중구 문화동517-25,36.30632019,127.4051971,,한전주,042-606-6843,대전광역시 중구청,2022-09-16
문화동516,1,대전광역시 중구 보문산로209-6,대전광역시 중구 문화동541-2,36.30619812,127.4035187,,한전주,042-606-6843,대전광역시 중구청,2022-09-16
문화동517,1,대전광역시 중구 보문산로209-21,대전광역시 중구 문화동552-3,36.30682755,127.4035492,,한전주,042-606-6843,대전광역시 중구청,2022-09-16
문화동518,1,대전광역시 중구 보문산로209-25,대전광역시 중구 문화동552,36.30703735,127.4035263,,한전주,042-606-6843,대전광역시 중구청,2022-09-16
문화동519,1,대전광역시 중구 송리로14번길39,대전광역시 중구 문화동497-2,36.30737305,127.4035645,,한전주,042-606-6843,대전광역시 중구청,2022-09-16
문화동520,1,대전광역시 중구 송리로14번길33,대전광역시 중구 문화동493-17,36.30732346,127.4032593,,한전주,042-606-6843,대전광역시 중구청,2022-09-16
문화동521,1,대전광역시 중구 송리로14번길32,대전광역시 중구 문화동585-10,36.30708313,127.4030762,,한전주,042-606-6843,대전광역시 중구청,2022-09-16
문화동522,1,대전광역시 중구 보문산로227번안길41,대전광역시 중구 문화동584-5,36.30656815,127.4031372,,전용주,042-606-6843,대전광역시 중구청,2022-09-16
문화동523,1,대전광역시 중구 보문산로227번길52,대전광역시 중구 문화동585-16,36.30675507,127.4027634,,한전주,042-606-6843,대전광역시 중구청,2022-09-16
문화동524,1,대전광역시 중구 송리로14번길26,대전광역시 중구 문화동498-2,36.30717468,127.4028244,,한전주,042-606-6843,대전광역시 중구청,2022-09-16
문화동525,1,대전광역시 중구 송리로14번길14,대전광역시 중구 문화동498-5,36.30711365,127.4022909,,한전주,042-606-6843,대전광역시 중구청,2022-09-16
문화동526,1,대전광역시 중구 송리로14번길10,대전광역시 중구 문화동498-16,36.3070488,127.4020691,,한전주,042-606-6843,대전광역시 중구청,2022-09-16
문화동527,1,대전광역시 중구 송리로14번길4,대전광역시 중구 문화동498-9,36.30696487,127.4016418,,한전주,042-606-6843,대전광역시 중구청,2022-09-16
문화동528,1,,대전광역시 중구 문화동498-17,36.30671692,127.4021301,,전용주,042-606-6843,대전광역시 중구청,2022-09-16
문화동529,1,대전광역시 중구 송리로2,대전광역시 중구 문화동584-10,36.30613327,127.4016418,,한전주,042-606-6843,대전광역시 중구청,2022-09-16
문화동530,1,대전광역시 중구 송리로7,대전광역시 중구 문화동583-22,36.306427,127.4014511,,한전주,042-606-6843,대전광역시 중구청,2022-09-16
문화동531,1,대전광역시 중구 송리로9,대전광역시 중구 문화동583-2,36.30665207,127.401413,,한전주,042-606-6843,대전광역시 중구청,2022-09-16
문화동532,1,,대전광역시 중구 문화동498-14,36.30703354,127.4013367,,한전주,042-606-6843,대전광역시 중구청,2022-09-16
문화동533,1,대전광역시 중구 송리로17,대전광역시 중구 문화동767,36.30722046,127.4013977,,한전주,042-606-6843,대전광역시 중구청,2022-09-16
문화동534,1,대전광역시 중구 송리로20번길2,대전광역시 중구 문화동496-3,36.30753326,127.4018402,,한전주,042-606-6843,대전광역시 중구청,2022-09-16
문화동535,1,대전광역시 중구 송리로20번길10,대전광역시 중구 문화동496-1,36.30761337,127.4023285,,한전주,042-606-6843,대전광역시 중구청,2022-09-16
문화동536,1,대전광역시 중구 보문산로227번길67,대전광역시 중구 문화동493-34,36.30740356,127.4025726,,한전주,042-606-6843,대전광역시 중구청,2022-09-16
문화동537,1,대전광역시 중구 보문산로227번안길72,대전광역시 중구 문화동493-9,36.30769348,127.4024811,,한전주,042-606-6843,대전광역시 중구청,2022-09-16
문화동538,1,대전광역시 중구 송리로20번길22,대전광역시 중구 문화동493-6,36.30774307,127.4028091,,한전주,042-606-6843,대전광역시 중구청,2022-09-16
문화동539,1,대전광역시 중구 송리로20번길25,대전광역시 중구 문화동493-29,36.30780411,127.4029999,,한전주,042-606-6843,대전광역시 중구청,2022-09-16
문화동540,1,대전광역시 중구 송리로20번길31,대전광역시 중구 문화동484-21,36.30785751,127.4033203,,한전주,042-606-6843,대전광역시 중구청,2022-09-16
문화동541,1,대전광역시 중구 송리로14번길33-7,대전광역시 중구 문화동493-5,36.30759811,127.4033051,,전용주,042-606-6843,대전광역시 중구청,2022-09-16
문화동542,1,대전광역시 중구 송리로20번길34-1,대전광역시 중구 문화동493-36,36.30760574,127.4036255,,한전주,042-606-6843,대전광역시 중구청,2022-09-16
문화동543,1,대전광역시 중구 송리로20번길35,대전광역시 중구 문화동484-36,36.30789948,127.4035721,,한전주,042-606-6843,대전광역시 중구청,2022-09-16
문화동544,1,대전광역시 중구 송리로20번안길24,대전광역시 중구 문화동484-32,36.30835342,127.4034119,,한전주,042-606-6843,대전광역시 중구청,2022-09-16
문화동545,1,대전광역시 중구 송리로20번안길20-1,대전광역시 중구 문화동484-26,36.30823898,127.4032364,,한전주,042-606-6843,대전광역시 중구청,2022-09-16
문화동546,1,대전광역시 중구 송리로20번안길14,대전광역시 중구 문화동484-20,36.30798721,127.4028702,,한전주,042-606-6843,대전광역시 중구청,2022-09-16
문화동547,1,대전광역시 중구 송리로20번안길9,대전광역시 중구 문화동494-2,36.30784988,127.4026718,,한전주,042-606-6843,대전광역시 중구청,2022-09-16
문화동548,1,대전광역시 중구 송리로38번길32,대전광역시 중구 문화동494-15,36.30808258,127.402359,,한전주,042-606-6843,대전광역시 중구청,2022-09-16
문화동549,1,대전광역시 중구 송리로24번길8,대전광역시 중구 문화동494-20,36.30806351,127.4020004,,한전주,042-606-6843,대전광역시 중구청,2022-09-16
문화동550,1,대전광역시 중구 송리로38번길24,대전광역시 중구 문화동476-10,36.3083725,127.4020691,,한전주,042-606-6843,대전광역시 중구청,2022-09-16
문화동551,1,대전광역시 중구 송리로24번길14,대전광역시 중구 문화동483-6,36.30833054,127.4023895,,한전주,042-606-6843,대전광역시 중구청,2022-09-16
문화동552,1,대전광역시 중구 송리로24번길24,대전광역시 중구 문화동483-8,36.30865479,127.4028549,,한전주,042-606-6843,대전광역시 중구청,2022-09-16
문화동553,1,대전광역시 중구 보문산로215번길79-8,대전광역시 중구 문화동479-3,36.30900192,127.4028625,,전용주,042-606-6843,대전광역시 중구청,2022-09-16
문화동554,1,대전광역시 중구 천근로26-6,대전광역시 중구 문화동475-33,36.30938339,127.4026184,,전용주,042-606-6843,대전광역시 중구청,2022-09-16
문화동555,1,대전광역시 중구 천근로26-10,대전광역시 중구 문화동475-31,36.30926514,127.402359,,전용주,042-606-6843,대전광역시 중구청,2022-09-16
문화동556,1,대전광역시 중구 천근로28번길12,대전광역시 중구 문화동479-17,36.30904007,127.4024429,,한전주,042-606-6843,대전광역시 중구청,2022-09-16
문화동557,1,대전광역시 중구 천근로28번길20-13,대전광역시 중구 문화동475-20,36.3091011,127.4019165,,전용주,042-606-6843,대전광역시 중구청,2022-09-16
문화동558,1,대전광역시 중구 천근로28번길24,대전광역시 중구 문화동479-15,36.30878448,127.4020615,,한전주,042-606-6843,대전광역시 중구청,2022-09-16
문화동559,1,대전광역시 중구 송리로38번길16,대전광역시 중구 문화동476-14,36.30858612,127.4018402,,한전주,042-606-6843,대전광역시 중구청,2022-09-16
문화동560,1,대전광역시 중구 송리로38번길10,대전광역시 중구 문화동476-9,36.30877304,127.4016495,,한전주,042-606-6843,대전광역시 중구청,2022-09-16
문화동561,1,대전광역시 중구 천근로20번길19,대전광역시 중구 문화동475-39,36.30931854,127.4016037,,한전주,042-606-6843,대전광역시 중구청,2022-09-16
문화동562,1,대전광역시 중구 천근로20번길21-1,대전광역시 중구 문화동475-41,36.30916214,127.4017181,,전용주,042-606-6843,대전광역시 중구청,2022-09-16
문화동563,1,대전광역시 중구 천근로20번길11,대전광역시 중구 문화동475-9,36.30954742,127.4019547,,한전주,042-606-6843,대전광역시 중구청,2022-09-16
문화동564,1,대전광역시 중구 천근로22,대전광역시 중구 문화동475-1,36.30981064,127.4023438,,한전주,042-606-6843,대전광역시 중구청,2022-09-16
문화동565,1,대전광역시 중구 송리로46-2,대전광역시 중구 문화동462-19,36.30991745,127.4013748,,한전주,042-606-6843,대전광역시 중구청,2022-09-16
문화동566,1,대전광역시 중구 보문산로177번길59,대전광역시 중구 문화동765,36.30736542,127.4009933,,전용주,042-606-6843,대전광역시 중구청,2022-09-16
문화동567,1,대전광역시 중구 송리로23-13,대전광역시 중구 문화동763,36.30764771,127.4011993,,한전주,042-606-6843,대전광역시 중구청,2022-09-16
문화동568,1,,대전광역시 중구 문화동760,36.30772781,127.4007034,,전용주,042-606-6843,대전광역시 중구청,2022-09-16
문화동569,1,,대전광역시 중구 문화동571-8,36.30756378,127.4003448,,한전주,042-606-6843,대전광역시 중구청,2022-09-16
문화동570,1,,대전광역시 중구 문화동571-6,36.30786133,127.4000702,,전용주,042-606-6843,대전광역시 중구청,2022-09-16
문화동571,1,대전광역시 중구 보문산로177번길41-11,대전광역시 중구 문화동768,36.30786514,127.3999252,,전용주,042-606-6843,대전광역시 중구청,2022-09-16
문화동572,1,대전광역시 중구 부문산로171번길40-13,대전광역시 중구 문화동771,36.30770874,127.399704,,한전주,042-606-6843,대전광역시 중구청,2022-09-16
문화동573,1,대전광역시 중구 보문산로171번길39,대전광역시 중구 문화동569-2,36.30754471,127.3989868,,한전주,042-606-6843,대전광역시 중구청,2022-09-16
문화동574,1,대전광역시 중구 보문산로171번길33,대전광역시 중구 문화동569-5,36.3071785,127.3990631,,한전주,042-606-6843,대전광역시 중구청,2022-09-16
문화동575,1,대전광역시 중구 보문산로171번길30-8,대전광역시 중구 문화동571-17,36.30718231,127.3995285,,한전주,042-606-6843,대전광역시 중구청,2022-09-16
문화동576,1,대전광역시 중구 보문산로177번길39,대전광역시 중구 문화동571-9,36.30744553,127.4001465,,한전주,042-606-6843,대전광역시 중구청,2022-09-16
문화동577,1,대전광역시 중구 보문산로177번길31,대전광역시 중구 문화동571-20,36.30718613,127.3999023,,한전주,042-606-6843,대전광역시 중구청,2022-09-16
문화동578,1,대전광역시 중구 보문산로177번안길2,대전광역시 중구 문화동572-1,36.30681992,127.3999252,,한전주,042-606-6843,대전광역시 중구청,2022-09-16
문화동579,1,대전광역시 중구 보문산로177번길11,대전광역시 중구 문화동572-2,36.30642319,127.3998871,,한전주,042-606-6843,대전광역시 중구청,2022-09-16
문화동580,1,,대전광역시 중구 문화동753,36.30618741,127.3999373,,한전주,042-606-6843,대전광역시 중구청,2022-09-16
문화동581,1,대전광역시 중구 보문산로177번안길8,대전광역시 중구 문화동571-23,36.3069458,127.3992157,,전용주,042-606-6843,대전광역시 중구청,2022-09-16
문화동582,1,대전광역시 중구 보문산로171번길27,대전광역시 중구 문화동569-8,36.30690384,127.3991318,,한전주,042-606-6843,대전광역시 중구청,2022-09-16
문화동583,1,대전광역시 중구 보문산로171번길15,대전광역시 중구 문화동563-7,36.30635834,127.3992615,,한전주,042-606-6843,대전광역시 중구청,2022-09-16
문화동584,1,대전광역시 중구 보문산로171번길10,대전광역시 중구 문화동572-6,36.30607986,127.3993378,,한전주,042-606-6843,대전광역시 중구청,2022-09-16
문화동585,1,,대전광역시 중구 문화동563-7,36.3062439,127.3989639,,전용주,042-606-6843,대전광역시 중구청,2022-09-16
문화동586,1,,대전광역시 중구 문화동562-1,36.30619812,127.3986435,,한전주,042-606-6843,대전광역시 중구청,2022-09-16
문화동587,1,대전광역시 중구 보문산로171번안길18,대전광역시 중구 문화동563-8,36.30617142,127.3983688,,한전주,042-606-6843,대전광역시 중구청,2022-09-16
문화동588,1,대전광역시 중구 보문산로161,대전광역시 중구 문화동560-15,36.30582428,127.3982391,,한전주,042-606-6843,대전광역시 중구청,2022-09-16
문화동589,1,대전광역시 중구 보문산로161번길19,대전광역시 중구 문화동559-6,36.30650711,127.3981934,,한전주,042-606-6843,대전광역시 중구청,2022-09-16
문화동590,1,대전광역시 중구 보문산로177번안길24,대전광역시 중구 문화동563-3,36.30664063,127.3987579,,한전주,042-606-6843,대전광역시 중구청,2022-09-16
문화동591,1,대전광역시 중구 보문산로177번안길22-11,대전광역시 중구 문화동569-23,36.30699921,127.3986359,,한전주,042-606-6843,대전광역시 중구청,2022-09-16
문화동592,1,대전광역시 중구 보문산로177번안길22-14,대전광역시 중구 문화동569-21,36.30723572,127.3985977,,한전주,042-606-6843,대전광역시 중구청,2022-09-16
문화동593,1,대전광역시 중구 보문산로161번길27,대전광역시 중구 문화동557-14,36.30681992,127.3981934,,한전주,042-606-6843,대전광역시 중구청,2022-09-16
문화동594,1,대전광역시 중구 보문산로177번안길36,대전광역시 중구 문화동559-5,36.30659866,127.3978882,,한전주,042-606-6843,대전광역시 중구청,2022-09-16
문화동595,1,대전광역시 중구 보문산로177번안길44,대전광역시 중구 문화동557-5,36.30654526,127.3975067,,한전주,042-606-6843,대전광역시 중구청,2022-09-16
문화동596,1,대전광역시 중구 보문산로149,대전광역시 중구 문화동560-13,36.30575943,127.3968735,,한전주,042-606-6843,대전광역시 중구청,2022-09-16
문화동597,1,대전광역시 중구 보문산로171번안길38,대전광역시 중구 문화동559-10,36.30601883,127.3971481,,한전주,042-606-6843,대전광역시 중구청,2022-09-16
문화동598,1,대전광역시 중구 보문산로171번안길32,대전광역시 중구 문화동559-9,36.30607224,127.3976364,,한전주,042-606-6843,대전광역시 중구청,2022-09-16
문화동599,1,대전광역시 중구 보문산로171번안길310,대전광역시 중구 문화동559-13,36.30610657,127.3979034,,한전주,042-606-6843,대전광역시 중구청,2022-09-16
문화동600,1,대전광역시 중구 당디로6번길58,대전광역시 중구 문화동557-3,36.30686569,127.397522,,한전주,042-606-6843,대전광역시 중구청,2022-09-16
문화동601,1,대전광역시 중구 당디로6번길56,대전광역시 중구 문화동557-1,36.30674362,127.397316,,한전주,042-606-6843,대전광역시 중구청,2022-09-16
문화동602,1,,대전광역시 중구 문화동790,36.31260753,127.3995024,,한전주,042-606-6843,대전광역시 중구청,2022-09-16
문화동604,1,,대전광역시 중구 문화동479-3,36.30915745,127.4030979,,전용주,042-606-6843,대전광역시 중구청,2022-09-16
문화동605,1,,대전광역시 중구 문화동24-32,36.31402561,127.4144363,,한전주,042-606-6843,대전광역시 중구청,2022-09-16
문화동606,1,,대전광역시 중구 문화동670-39,36.3120544,127.3998475,,한전주,042-606-6843,대전광역시 중구청,2022-09-16
문화동607,1,,대전광역시 중구 문화동571-23,36.30679791,127.3992807,,전용주,042-606-6843,대전광역시 중구청,2022-09-16
문화동608,1,,대전광역시 중구 문화동571-21,36.30682822,127.3996483,,한전주,042-606-6843,대전광역시 중구청,2022-09-16
문화동609,1,,대전광역시 중구 문화동186-35,36.31230284,127.4076711,,한전주,042-606-6843,대전광역시 중구청,2022-09-16
문화동610,1,,대전광역시 중구 문화동1-76,36.32017543,127.4126927,,한전주,042-606-6843,대전광역시 중구청,2022-09-16
문화동611,1,,대전광역시 중구 문화동1-29,36.32131404,127.4130912,,한전주,042-606-6843,대전광역시 중구청,2022-09-16
문화동612,1,,대전광역시 중구 문화동667-30,36.31232616,127.401444,,한전주,042-606-6843,대전광역시 중구청,2022-09-16
문화동613,1,,대전광역시 중구 문화동311-40,36.31798408,127.4065509,,한전주,042-606-6843,대전광역시 중구청,2022-09-16
문화동614,1,,대전광역시 중구 문화동311-56,36.31817826,127.4064266,,한전주,042-606-6843,대전광역시 중구청,2022-09-16
문화동615,1,,대전광역시 중구 문화동311-7,36.31788425,127.4054313,,전용주,042-606-6843,대전광역시 중구청,2022-09-16
문화동616,1,,대전광역시 중구 문화동1-191,36.32134552,127.4150597,,한전주,042-606-6843,대전광역시 중구청,2022-09-16
문화동617,1,,대전광역시 중구 문화동484-14,36.30809333,127.4039832,,한전주,042-606-6843,대전광역시 중구청,2022-09-16
문화동618,1,,대전광역시 중구 문화동439-73,36.30946802,127.4058637,,전용주,042-606-6843,대전광역시 중구청,2022-09-16
문화동619,1,,대전광역시 중구 문화동247-8,36.3128962,127.412028,,건축물,042-606-6843,대전광역시 중구청,2022-09-16
문화동620,1,,대전광역시 중구 문화동58-2,36.30653495,127.4123675,,한전주,042-606-6843,대전광역시 중구청,2022-09-16
문화동621,1,,대전광역시 중구 문화동677-38,36.31077716,127.397088,,한전주,042-606-6843,대전광역시 중구청,2022-09-16
문화동622,1,,대전광역시 중구 문화동11-32,36.3152493,127.4149884,,한전주,042-606-6843,대전광역시 중구청,2022-09-16
문화동623,1,,대전광역시 중구 문화동11-118,36.31500712,127.4153101,,전용주,042-606-6843,대전광역시 중구청,2022-09-16
문화동625,1,,대전광역시 중구 문화동11-8,36.31444083,127.4161868,,한전주,042-606-6843,대전광역시 중구청,2022-09-16
문화동626,1,,대전광역시 중구 문화동11-136,36.3140317,127.4152771,,전용주,042-606-6843,대전광역시 중구청,2022-09-16
문화동627,1,,대전광역시 중구 문화동25-22,36.31292655,127.4136761,,전용주,042-606-6843,대전광역시 중구청,2022-09-16
문화동628,1,,대전광역시 중구 문화동26-1,36.31282589,127.4134668,,전용주,042-606-6843,대전광역시 중구청,2022-09-16
문화동629,1,,대전광역시 중구 문화동25-13,36.31263135,127.413694,,한전주,042-606-6843,대전광역시 중구청,2022-09-16
문화동630,1,,대전광역시 중구 문화동26-1,36.31233957,127.4120696,,한전주,042-606-6843,대전광역시 중구청,2022-09-16
문화동631,1,,대전광역시 중구 문화동26-1,36.31239004,127.4118082,,한전주,042-606-6843,대전광역시 중구청,2022-09-16
문화동632,1,,대전광역시 중구 문화동100-3,36.31058004,127.4114089,,한전주,042-606-6843,대전광역시 중구청,2022-09-16
문화동633,1,,대전광역시 중구 문화동91-3,36.31124289,127.412576,,한전주,042-606-6843,대전광역시 중구청,2022-09-16
문화동634,1,,대전광역시 중구 문화동27-29,36.31096235,127.4122655,,전용주,042-606-6843,대전광역시 중구청,2022-09-16
문화동635,1,,대전광역시 중구 문화동96-3,36.31140534,127.4118559,,전용주,042-606-6843,대전광역시 중구청,2022-09-16
문화동637,1,,대전광역시 중구 문화동11-141,36.31449857,127.415132,,전용주,042-606-6843,대전광역시 중구청,2022-09-16
문화동638,1,,대전광역시 중구 문화동148-2,36.30982242,127.4102804,,한전주,042-606-6843,대전광역시 중구청,2022-09-16
문화동639,1,,대전광역시 중구 문화동161-4,36.31004599,127.4074923,,한전주,042-606-6843,대전광역시 중구청,2022-09-16
문화동640,1,,대전광역시 중구 문화동388-4,36.312218,127.4021199,,전용주,042-606-6843,대전광역시 중구청,2022-09-16
문화동641,1,,대전광역시 중구 문화동463-8,36.31075695,127.4024576,,전용주,042-606-6843,대전광역시 중구청,2022-09-16
문화동642,1,,대전광역시 중구 문화동547-4,36.30672536,127.4041098,,한전주,042-606-6843,대전광역시 중구청,2022-09-16
문화동643,1,,대전광역시 중구 문화동495-10,36.30743112,127.4039352,,한전주,042-606-6843,대전광역시 중구청,2022-09-16
문화동644,1,,대전광역시 중구 문화동585-10,36.30722675,127.4030769,,한전주,042-606-6843,대전광역시 중구청,2022-09-16
문화동646,1,,대전광역시 중구 문화동714-163,36.3120781,127.411453,,한전주,042-606-6843,대전광역시 중구청,2022-09-16
문화동647,1,,대전광역시 중구 문화동244-2,36.31208249,127.4121406,,,042-606-6843,대전광역시 중구청,2022-09-16
부사동001,1,,대전광역시 중구 부사동261-1,36.3107338,127.4384003,,한전주,042-606-6843,대전광역시 중구청,2022-09-16
부사동002,1,대전광역시 중구 사득로79번길14,대전광역시 중구 부사동261-4,36.31097794,127.4378891,,한전주,042-606-6843,대전광역시 중구청,2022-09-16
부사동003,1,대전광역시 중구 사득로79번길15,대전광역시 중구 부사동239-7,36.31100464,127.4376144,,전용주,042-606-6843,대전광역시 중구청,2022-09-16
부사동004,1,대전광역시 중구 사득로79번길20,대전광역시 중구 부사동261-5,36.31118774,127.4375534,,한전주,042-606-6843,대전광역시 중구청,2022-09-16
부사동005,1,대전광역시 중구 사득로75번길20,대전광역시 중구 부사동239-6,36.31083679,127.437294,,한전주,042-606-6843,대전광역시 중구청,2022-09-16
부사동006,1,대전광역시 중구 사득로75번길16,대전광역시 중구 부사동239-5,36.31075287,127.4374237,,한전주,042-606-6843,대전광역시 중구청,2022-09-16
부사동007,1,대전광역시 중구 사득로75번길12,대전광역시 중구 부사동239-3,36.31062317,127.4376678,,한전주,042-606-6843,대전광역시 중구청,2022-09-16
부사동008,1,대전광역시 중구 사득로75번길8,대전광역시 중구 부사동239-15,36.31050873,127.437912,,한전주,042-606-6843,대전광역시 중구청,2022-09-16
부사동009,1,대전광역시 중구 사득로75번길75,대전광역시 중구 부사동239-2,36.3103981,127.4381332,,한전주,042-606-6843,대전광역시 중구청,2022-09-16
부사동010,1,대전광역시 중구 사득로69-1,대전광역시 중구 부사동242-12,36.31000137,127.4378738,,한전주,042-606-6843,대전광역시 중구청,2022-09-16
부사동011,1,대전광역시 중구 사득로71번길8,대전광역시 중구 부사동241-11,36.31016159,127.4376831,,전용주,042-606-6843,대전광역시 중구청,2022-09-16
부사동012,1,대전광역시 중구 사득로71번길13,대전광역시 중구 부사동242-1,36.31027603,127.4373169,,한전주,042-606-6843,대전광역시 중구청,2022-09-16
부사동013,1,대전광역시 중구 부사로17,대전광역시 중구 부사동242-13,36.31042099,127.4370422,,한전주,042-606-6843,대전광역시 중구청,2022-09-16
부사동014,1,대전광역시 중구 부사로19,대전광역시 중구 부사동254-7,36.31017303,127.4367752,,한전주,042-606-6843,대전광역시 중구청,2022-09-16
부사동015,1,대전광역시 중구 사득로67번길11,대전광역시 중구 부사동254-4,36.31003189,127.4371033,,한전주,042-606-6843,대전광역시 중구청,2022-09-16
부사동016,1,대전광역시 중구 사득로67번길7,대전광역시 중구 부사동254-10,36.30984497,127.4374619,,한전주,042-606-6843,대전광역시 중구청,2022-09-16
부사동017,1,,대전광역시 중구 부사동254-2,36.30952454,127.4374847,,한전주,042-606-6843,대전광역시 중구청,2022-09-16
부사동018,1,대전광역시 중구 사득로59,대전광역시 중구 부사동254-3,36.30968475,127.4371338,,한전주,042-606-6843,대전광역시 중구청,2022-09-16
부사동019,1,대전광역시 중구 사득로57,대전광역시 중구 부사동254-19,36.30974579,127.4370041,,한전주,042-606-6843,대전광역시 중구청,2022-09-16
부사동020,1,,대전광역시 중구 부사동378-72,36.30988312,127.4364929,,한전주,042-606-6843,대전광역시 중구청,2022-09-16
부사동021,1,,대전광역시 중구 부사동379-1,36.3079071,127.4354095,,한전주,042-606-6843,대전광역시 중구청,2022-09-16
부사동022,1,,대전광역시 중구 부사동571-144,36.30807877,127.4355774,,한전주,042-606-6843,대전광역시 중구청,2022-09-16
부사동023,1,,대전광역시 중구 부사동571-143,36.30846405,127.4357605,,한전주,042-606-6843,대전광역시 중구청,2022-09-16
부사동024,1,대전광역시 중구 부사로40번길3,대전광역시 중구 부사동371-10,36.30847931,127.4356918,,한전주,042-606-6843,대전광역시 중구청,2022-09-16
부사동025,1,대전광역시 중구 부사로40번길5,대전광역시 중구 부사동371-8,36.30867767,127.4358368,,한전주,042-606-6843,대전광역시 중구청,2022-09-16
부사동026,1,대전광역시 중구 부사로40번길7,대전광역시 중구 부사동367-22,36.3087616,127.4356689,,한전주,042-606-6843,대전광역시 중구청,2022-09-16
부사동027,1,대전광역시 중구 부사로40번길9-1,대전광역시 중구 부사동367-28,36.30863953,127.4354706,,전용주,042-606-6843,대전광역시 중구청,2022-09-16
부사동028,1,대전광역시 중구 부사로40번길16,대전광역시 중구 부사동367-18,36.30890274,127.4353943,,한전주,042-606-6843,대전광역시 중구청,2022-09-16
부사동029,1,대전광역시 중구 부사로40번길15-1,대전광역시 중구 부사동367-15,36.30882263,127.4352036,,전용주,042-606-6843,대전광역시 중구청,2022-09-16
부사동030,1,대전광역시 중구 부사로40번길19,대전광역시 중구 부사동367-14,36.30906296,127.4351044,,한전주,042-606-6843,대전광역시 중구청,2022-09-16
부사동031,1,대전광역시 중구 부사로40번길34-17,대전광역시 중구 부사동367-4,36.30936432,127.4352722,,한전주,042-606-6843,대전광역시 중구청,2022-09-16
부사동032,1,대전광역시 중구 부사로40번길34-12,대전광역시 중구 부사동369-6,36.30931091,127.4355469,,한전주,042-606-6843,대전광역시 중구청,2022-09-16
부사동033,1,대전광역시 중구 부사로40번길34-6,대전광역시 중구 부사동369-5,36.30916977,127.4357758,,한전주,042-606-6843,대전광역시 중구청,2022-09-16
부사동034,1,대전광역시 중구 부사로34,대전광역시 중구 부사동369-3,36.30922318,127.4360657,,한전주,042-606-6843,대전광역시 중구청,2022-09-16
부사동035,1,대전광역시 중구 부사로23번길11,대전광역시 중구 부사동368-8,36.30944061,127.4356537,,한전주,042-606-6843,대전광역시 중구청,2022-09-16
부사동036,1,대전광역시 중구 부사로32번길16,대전광역시 중구 부사동366-16,36.30953217,127.4353867,,전용주,042-606-6843,대전광역시 중구청,2022-09-16
부사동037,1,대전광역시 중구 사득로48-14,대전광역시 중구 부사동364-8,36.30969238,127.4356766,,한전주,042-606-6843,대전광역시 중구청,2022-09-16
부사동038,1,대전광역시 중구 사득로8-7,대전광역시 중구 부사동364-16,36.30984116,127.4358597,,한전주,042-606-6843,대전광역시 중구청,2022-09-16
부사동039,1,대전광역시 중구 부사로28,대전광역시 중구 부사동364-18,36.30963135,127.4361801,,한전주,042-606-6843,대전광역시 중구청,2022-09-16
부사동040,1,대전광역시 중구 사득로51,대전광역시 중구 부사동364-62,36.31005478,127.4363937,,한전주,042-606-6843,대전광역시 중구청,2022-09-16
부사동041,1,대전광역시 중구 사득로49,대전광역시 중구 부사동364-60,36.31020737,127.4360733,,한전주,042-606-6843,대전광역시 중구청,2022-09-16
부사동042,1,대전광역시 중구 보문로67번길77,대전광역시 중구 부사동364-54,36.31031418,127.4360199,,한전주,042-606-6843,대전광역시 중구청,2022-09-16
부사동043,1,,대전광역시 중구 부사동364-12,36.31012344,127.4357376,,한전주,042-606-6843,대전광역시 중구청,2022-09-16
부사동044,1,대전광역시 중구 사득로44,대전광역시 중구 부사동364-9,36.31042862,127.4356461,,전용주,042-606-6843,대전광역시 중구청,2022-09-16
부사동045,1,,대전광역시 중구 부사동364-24,36.31053162,127.4354172,,한전주,042-606-6843,대전광역시 중구청,2022-09-16
부사동046,1,대전광역시 중구 사득로42-7,대전광역시 중구 부사동364-33,36.31020355,127.435318,,한전주,042-606-6843,대전광역시 중구청,2022-09-16
부사동047,1,,대전광역시 중구 부사동365-1,36.3099556,127.4352036,,한전주,042-606-6843,대전광역시 중구청,2022-09-16
부사동048,1,대전광역시 중구 사득로42-12,대전광역시 중구 부사동365-1,36.30983353,127.4350662,,한전주,042-606-6843,대전광역시 중구청,2022-09-16
부사동049,1,,대전광역시 중구 부사동396-1,36.30994797,127.4345932,,한전주,042-606-6843,대전광역시 중구청,2022-09-16
부사동050,1,대전광역시 중구 부용로41번길78,대전광역시 중구 부사동374,36.30980301,127.4344482,,한전주,042-606-6843,대전광역시 중구청,2022-09-16
부사동051,1,대전광역시 중구 부용로41번길71,대전광역시 중구 부사동376-14,36.30973816,127.4342728,,한전주,042-606-6843,대전광역시 중구청,2022-09-16
부사동052,1,,대전광역시 중구 부사동376-16,36.30957031,127.4339142,,한전주,042-606-6843,대전광역시 중구청,2022-09-16
부사동053,1,,대전광역시 중구 부사동391-7,36.30963898,127.4337387,,한전주,042-606-6843,대전광역시 중구청,2022-09-16
부사동054,1,대전광역시 중구 부용로41번길55,대전광역시 중구 부사동381-6,36.30984879,127.4333649,,한전주,042-606-6843,대전광역시 중구청,2022-09-16
부사동055,1,,대전광역시 중구 부사동422-36,36.31008911,127.4329376,,한전주,042-606-6843,대전광역시 중구청,2022-09-16
부사동056,1,,대전광역시 중구 부사동390,36.31028748,127.433197,,한전주,042-606-6843,대전광역시 중구청,2022-09-16
부사동057,1,대전광역시 중구 부사로32번길52,대전광역시 중구 부사동399-15,36.31044769,127.4336395,,한전주,042-606-6843,대전광역시 중구청,2022-09-16
부사동058,1,,대전광역시 중구 부사동395-1,36.31023788,127.4340515,,전용주,042-606-6843,대전광역시 중구청,2022-09-16
부사동059,1,대전광역시 중구 대종로295번길51,대전광역시 중구 부사동398-14,36.31062317,127.434227,,한전주,042-606-6843,대전광역시 중구청,2022-09-16
부사동060,1,대전광역시 중구 대종로295번길52,대전광역시 중구 부사동401-10,36.31074905,127.4342804,,한전주,042-606-6843,대전광역시 중구청,2022-09-16
부사동061,1,대전광역시 중구 사득로31,대전광역시 중구 부사동401-6,36.31096649,127.4345779,,한전주,042-606-6843,대전광역시 중구청,2022-09-16
부사동062,1,대전광역시 중구 사득로25,대전광역시 중구 부사동399-13,36.31122971,127.4339981,,한전주,042-606-6843,대전광역시 중구청,2022-09-16
부사동063,1,대전광역시 중구 사득로24,대전광역시 중구 부사동411-1,36.31130981,127.4338303,,한전주,042-606-6843,대전광역시 중구청,2022-09-16
부사동064,1,대전광역시 중구 사득로22번길9,대전광역시 중구 부사동412-3,36.31108856,127.4336548,,한전주,042-606-6843,대전광역시 중구청,2022-09-16
부사동065,1,,대전광역시 중구 부사동399-35,36.31085587,127.4335175,,한전주,042-606-6843,대전광역시 중구청,2022-09-16
부사동066,1,대전광역시 중구 사득로22번길16,대전광역시 중구 부사동415-8,36.31070328,127.433403,,한전주,042-606-6843,대전광역시 중구청,2022-09-16
부사동067,1,대전광역시 중구 사득호19,대전광역시 중구 부사동414-12,36.31147003,127.4336777,,한전주,042-606-6843,대전광역시 중구청,2022-09-16
부사동068,1,대전광역시 중구 사득로17,대전광역시 중구 부사동572-26,36.31180191,127.4339218,,한전주,042-606-6843,대전광역시 중구청,2022-09-16
부사동069,1,대전광역시 중구 사득로13,대전광역시 중구 부사동311-1,36.31204987,127.4341049,,한전주,042-606-6843,대전광역시 중구청,2022-09-16
부사동070,1,대전광역시 중구 보문로67번길29,대전광역시 중구 부사동152-8,36.31224442,127.4344635,,한전주,042-606-6843,대전광역시 중구청,2022-09-16
부사동071,1,대전광역시 중구 보문로67번길35,대전광역시 중구 부사동152-22,36.3119545,127.4347382,,한전주,042-606-6843,대전광역시 중구청,2022-09-16
부사동072,1,대전광역시 중구 사득로27-16,대전광역시 중구 부사동407-5,36.31173325,127.4346008,,한전주,042-606-6843,대전광역시 중구청,2022-09-16
부사동073,1,대전광역시 중구 사득로15-2,대전광역시 중구 부사동407-2,36.31160736,127.4344254,,전용주,042-606-6843,대전광역시 중구청,2022-09-16
부사동074,1,대전광역시 중구 사득로17-1,대전광역시 중구 부사동311-8,36.31166458,127.4342422,,한전주,042-606-6843,대전광역시 중구청,2022-09-16
부사동075,1,대전광역시 중구 사득로27-5,대전광역시 중구 부사동572-10,36.31138611,127.4340134,,한전주,042-606-6843,대전광역시 중구청,2022-09-16
부사동076,1,대전광역시 중구 사득로30,대전광역시 중구 부사동401-7,36.31095123,127.4342957,,한전주,042-606-6843,대전광역시 중구청,2022-09-16
부사동077,1,대전광역시 중구 사득로40,대전광역시 중구 부사동403-7,36.31061554,127.4349823,,한전주,042-606-6843,대전광역시 중구청,2022-09-16
부사동078,1,대전광역시 중구 대종로295번길53-4,대전광역시 중구 부사동398-20,36.31045151,127.4344025,,한전주,042-606-6843,대전광역시 중구청,2022-09-16
부사동079,1,대전광역시 중구 대종로295번길53-10,대전광역시 중구 부사동403-10,36.31038284,127.4346695,,한전주,042-606-6843,대전광역시 중구청,2022-09-16
부사동080,1,대전광역시 중구 대종로295번길52-23,대전광역시 중구 부사동397-13,36.31026077,127.4345627,,전용주,042-606-6843,대전광역시 중구청,2022-09-16
부사동081,1,,대전광역시 중구 부사동364-86,36.31072235,127.4354935,,한전주,042-606-6843,대전광역시 중구청,2022-09-16
부사동082,1,,대전광역시 중구 부사동407-46,36.31100464,127.4353485,,전용주,042-606-6843,대전광역시 중구청,2022-09-16
부사동083,1,대전광역시 중구 대종로295번길35-5,대전광역시 중구 부사동407-10,36.31116104,127.4350204,,한전주,042-606-6843,대전광역시 중구청,2022-09-16
부사동084,1,대전광역시 중구 대종로295번길36,대전광역시 중구 부사동407-19,36.31129837,127.4345986,,한전주,042-606-6843,대전광역시 중구청,2022-09-16
부사동085,1,대전광역시 중구 대종로295번길25,대전광역시 중구 부사동156-14,36.31160736,127.4350662,,한전주,042-606-6843,대전광역시 중구청,2022-09-16
부사동086,1,대전광역시 중구 보문로67번길42,대전광역시 중구 부사동407-13,36.3116188,127.434906,,한전주,042-606-6843,대전광역시 중구청,2022-09-16
부사동087,1,대전광역시 중구 대종로295번길20,대전광역시 중구 부사동152-25,36.31189728,127.4351959,,한전주,042-606-6843,대전광역시 중구청,2022-09-16
부사동088,1,대전광역시 중구 대종로295번길18,대전광역시 중구 부사동152-1,36.3120079,127.435257,,전용주,042-606-6843,대전광역시 중구청,2022-09-16
부사동089,1,대전광역시 중구 사득로79번길75,대전광역시 중구 부사동152-13,36.31241608,127.4348373,,한전주,042-606-6843,대전광역시 중구청,2022-09-16
부사동090,1,대전광역시 중구 사득로79번길71,대전광역시 중구 부사동152-14,36.31237411,127.4349289,,건축물,042-606-6843,대전광역시 중구청,2022-09-16
부사동091,1,대전광역시 중구 사득로79번길70,대전광역시 중구 부사동153-2,36.31224442,127.4354172,,건축물,042-606-6843,대전광역시 중구청,2022-09-16
부사동092,1,대전광역시 중구 대종로295번길5,대전광역시 중구 부사동153-1,36.31246567,127.4356003,,건축물,042-606-6843,대전광역시 중구청,2022-09-16
부사동093,1,대전광역시 중구 보문로67번길53,대전광역시 중구 부사동156-11,36.31135178,127.435318,,한전주,042-606-6843,대전광역시 중구청,2022-09-16
부사동094,1,대전광역시 중구 보문로67번길57,대전광역시 중구 부사동156-7,36.31118011,127.4354782,,한전주,042-606-6843,대전광역시 중구청,2022-09-16
부사동095,1,대전광역시 중구 보문로67번길59,대전광역시 중구 부사동407-20,36.31102371,127.4354935,,한전주,042-606-6843,대전광역시 중구청,2022-09-16
부사동096,1,대전광역시 중구 보문로67번길66,대전광역시 중구 부사동364-43,36.31068802,127.4357986,,한전주,042-606-6843,대전광역시 중구청,2022-09-16
부사동097,1,대전광역시 중구 대종로285번길28,대전광역시 중구 부사동166-6,36.3110466,127.4360657,,한전주,042-606-6843,대전광역시 중구청,2022-09-16
부사동098,1,대전광역시 중구 대종로285번길23,대전광역시 중구 부사동166-7,36.31125641,127.4362564,,한전주,042-606-6843,대전광역시 중구청,2022-09-16
부사동099,1,,대전광역시 중구 부사동259-6,36.31145096,127.4363861,,한전주,042-606-6843,대전광역시 중구청,2022-09-16
부사동100,1,대전광역시 중구 사득로75번길44,대전광역시 중구 부사동156-27,36.31137085,127.4360428,,한전주,042-606-6843,대전광역시 중구청,2022-09-16
부사동101,1,대전광역시 중구 사득로75번길53,대전광역시 중구 부사동156-19,36.31154251,127.4356613,,한전주,042-606-6843,대전광역시 중구청,2022-09-16
부사동102,1,대전광역시 중구 사득로75번길62,대전광역시 중구 부사동156-15,36.31174088,127.4353104,,한전주,042-606-6843,대전광역시 중구청,2022-09-16
부사동103,1,대전광역시 중구 사득로79번길59,대전광역시 중구 부사동155-7,36.31204224,127.4355774,,한전주,042-606-6843,대전광역시 중구청,2022-09-16
부사동104,1,대전광역시 중구 사득로79번길53,대전광역시 중구 부사동155-13,36.31188965,127.4358826,,한전주,042-606-6843,대전광역시 중구청,2022-09-16
부사동105,1,대전광역시 중구 사득로79번길46,대전광역시 중구 부사동155-1,36.31170273,127.4362488,,한전주,042-606-6843,대전광역시 중구청,2022-09-16
부사동106,1,대전광역시 중구 사득로79번길44,대전광역시 중구 부사동260-15,36.31168747,127.4365616,,한전주,042-606-6843,대전광역시 중구청,2022-09-16
부사동107,1,,대전광역시 중구 부사동154-1,36.31199646,127.4367065,,전용주,042-606-6843,대전광역시 중구청,2022-09-16
부사동108,1,대전광역시 중구 사득로79번길35,대전광역시 중구 부사동259-11,36.31141281,127.4367905,,한전주,042-606-6843,대전광역시 중구청,2022-09-16
부사동109,1,대전광역시 중구 사득로79번길29,대전광역시 중구 부사동259-8,36.31125641,127.437088,,전용주,042-606-6843,대전광역시 중구청,2022-09-16
부사동110,1,대전광역시 중구 사득로75번길25,대전광역시 중구 부사동259-2,36.31095505,127.4370117,,한전주,042-606-6843,대전광역시 중구청,2022-09-16
부사동111,1,대전광역시 중구 사득로75번길33,대전광역시 중구 부사동166-13,36.31109238,127.4365768,,한전주,042-606-6843,대전광역시 중구청,2022-09-16
부사동112,1,대전광역시 중구 사득로75번길40,대전광역시 중구 부사동259-5,36.31126022,127.4364166,,전용주,042-606-6843,대전광역시 중구청,2022-09-16
부사동113,1,대전광역시 중구 사득로71번길39,대전광역시 중구 부사동159-6,36.31080627,127.4362793,,한전주,042-606-6843,대전광역시 중구청,2022-09-16
부사동114,1,대전광역시 중구 사득로71번길29,대전광역시 중구 부사동159-10,36.31066132,127.4365463,,한전주,042-606-6843,대전광역시 중구청,2022-09-16
부사동115,1,대전광역시 중구 사득로67번길24,대전광역시 중구 부사동364-67,36.31029892,127.436615,,한전주,042-606-6843,대전광역시 중구청,2022-09-16
부사동116,1,대전광역시 중구 사득로67번길33,대전광역시 중구 부사동364-49,36.31048965,127.4362259,,한전주,042-606-6843,대전광역시 중구청,2022-09-16
부사동117,1,대전광역시 중구 부용로41번길37,대전광역시 중구 부사동422-36,36.31020355,127.432785,,전용주,042-606-6843,대전광역시 중구청,2022-09-16
부사동118,1,,대전광역시 중구 부사동422-36,36.31035995,127.4325867,,한전주,042-606-6843,대전광역시 중구청,2022-09-16
부사동119,1,,대전광역시 중구 부사동422-11,36.31045532,127.4323196,,한전주,042-606-6843,대전광역시 중구청,2022-09-16
부사동120,1,대전광역시 중구 부용로41번길23,대전광역시 중구 부사동422-12,36.31048965,127.4319839,,한전주,042-606-6843,대전광역시 중구청,2022-09-16
부사동121,1,,대전광역시 중구 부사동422-21,36.31033707,127.4314957,,전용주,042-606-6843,대전광역시 중구청,2022-09-16
부사동122,1,대전광역시 중구 부용로41번길10,대전광역시 중구 부사동423,36.31014633,127.4311218,,한전주,042-606-6843,대전광역시 중구청,2022-09-16
부사동123,1,대전광역시 중구 부용로41번길2,대전광역시 중구 부사동429-3,36.31008148,127.4308853,,한전주,042-606-6843,대전광역시 중구청,2022-09-16
부사동124,1,대전광역시 중구 부용로41번길41-1,대전광역시 중구 부사동427-18,36.30979156,127.4307175,,한전주,042-606-6843,대전광역시 중구청,2022-09-16
부사동125,1,대전광역시 중구 부용로43-3,대전광역시 중구 부사동423-12,36.30965424,127.4308472,,전용주,042-606-6843,대전광역시 중구청,2022-09-16
부사동126,1,대전광역시 중구 부용로43-13,대전광역시 중구 부사동423-36,36.30939484,127.4311066,,전용주,042-606-6843,대전광역시 중구청,2022-09-16
부사동127,1,대전광역시 중구 부용로49,대전광역시 중구 부사동423-16,36.3093605,127.4305649,,한전주,042-606-6843,대전광역시 중구청,2022-09-16
부사동128,1,대전광역시 중구 부용로47-1,대전광역시 중구 부사동423-18,36.30931854,127.4308167,,한전주,042-606-6843,대전광역시 중구청,2022-09-16
부사동129,1,대전광역시 중구 부용로47-7,대전광역시 중구 부사동423-19,36.3091507,127.4308167,,한전주,042-606-6843,대전광역시 중구청,2022-09-16
부사동130,1,,대전광역시 중구 부사동423-49,36.30901337,127.4311142,,전용주,042-606-6843,대전광역시 중구청,2022-09-16
부사동131,1,,대전광역시 중구 부사동424-236,36.30841064,127.4300613,,한전주,042-606-6843,대전광역시 중구청,2022-09-16
부사동132,1,대전광역시 중구 부용로47-7,대전광역시 중구 부사동423-82,36.30902863,127.430687,,한전주,042-606-6843,대전광역시 중구청,2022-09-16
부사동133,1,대전광역시 중구 부용로51,대전광역시 중구 부사동423-37,36.30909729,127.430542,,한전주,042-606-6843,대전광역시 중구청,2022-09-16
부사동134,1,대전광역시 중구 부용로54,대전광역시 중구 부사동424-119,36.30878067,127.430336,,한전주,042-606-6843,대전광역시 중구청,2022-09-16
부사동135,1,대전광역시 중구 부용로60,대전광역시 중구 부사동424-123,36.30834198,127.4302979,,한전주,042-606-6843,대전광역시 중구청,2022-09-16
부사동136,1,대전광역시 중구 부용로65,대전광역시 중구 부사동424-115,36.30861664,127.430069,,한전주,042-606-6843,대전광역시 중구청,2022-09-16
부사동137,1,,대전광역시 중구 부사동424-104,36.30913544,127.4299088,,한전주,042-606-6843,대전광역시 중구청,2022-09-16
부사동138,1,,대전광역시 중구 부사동424-225,36.30916595,127.4295807,,한전주,042-606-6843,대전광역시 중구청,2022-09-16
부사동139,1,,대전광역시 중구 부사동442-71,36.3093338,127.4292831,,전용주,042-606-6843,대전광역시 중구청,2022-09-16
부사동140,1,,대전광역시 중구 부사동442-87,36.30935669,127.4291077,,한전주,042-606-6843,대전광역시 중구청,2022-09-16
부사동141,1,대전광역시 중구 부용로84,대전광역시 중구 부사동442-24,36.30930328,127.4285278,,한전주,042-606-6843,대전광역시 중구청,2022-09-16
부사동142,1,대전광역시 중구 부용로34번길55,대전광역시 중구 부사동443-53,36.30939102,127.4282074,,한전주,042-606-6843,대전광역시 중구청,2022-09-16
부사동143,1,,대전광역시 중구 부사동443-57,36.30939484,127.4278336,,한전주,042-606-6843,대전광역시 중구청,2022-09-16
부사동144,1,,대전광역시 중구 부사동443-62,36.30965042,127.4276505,,한전주,042-606-6843,대전광역시 중구청,2022-09-16
부사동145,1,,대전광역시 중구 부사동451,36.3098259,127.4275055,,전용주,042-606-6843,대전광역시 중구청,2022-09-16
부사동146,1,대전광역시 중구 부용로96-5,대전광역시 중구 부사동443-50,36.30972672,127.4279861,,한전주,042-606-6843,대전광역시 중구청,2022-09-16
부사동147,1,,대전광역시 중구 부사동443-69,36.31016159,127.4280777,,한전주,042-606-6843,대전광역시 중구청,2022-09-16
부사동148,1,,대전광역시 중구 부사동450-3,36.31027985,127.4283142,,한전주,042-606-6843,대전광역시 중구청,2022-09-16
부사동149,1,대전광역시 중구 부용로110,대전광역시 중구 부사동443-36,36.30979538,127.4284973,,한전주,042-606-6843,대전광역시 중구청,2022-09-16
부사동150,1,대전광역시 중구 부용로34번길52,대전광역시 중구 부사동442-27,36.30952835,127.4283371,,한전주,042-606-6843,대전광역시 중구청,2022-09-16
부사동151,1,대전광역시 중구 부용로34번길48,대전광역시 중구 부사동443-142,36.30963516,127.4285812,,한전주,042-606-6843,대전광역시 중구청,2022-09-16
부사동152,1,대전광역시 중구 부용로34번길43,대전광역시 중구 부사동443-16,36.30970001,127.4287262,,한전주,042-606-6843,대전광역시 중구청,2022-09-16
부사동153,1,대전광역시 중구 사득로6-1,대전광역시 중구 부사동151-23,36.3126297,127.434433,,한전주,042-606-6843,대전광역시 중구청,2022-09-16
부사동154,1,대전광역시 중구 사득로20,대전광역시 중구 부사동314-4,36.31235504,127.4342041,,한전주,042-606-6843,대전광역시 중구청,2022-09-16
부사동155,1,대전광역시 중구 보분로67번길16,대전광역시 중구 부사동151-5,36.31261063,127.4341049,,한전주,042-606-6843,대전광역시 중구청,2022-09-16
부사동156,1,대전광역시 중구 보분로63번길2,대전광역시 중구 부사동147-4,36.31280899,127.4338531,,한전주,042-606-6843,대전광역시 중구청,2022-09-16
부사동157,1,대전광역시 중구 보분로67번길6,대전광역시 중구 부사동147-2,36.31304169,127.4337082,,한전주,042-606-6843,대전광역시 중구청,2022-09-16
부사동158,1,대전광역시 중구 보분로63번길2,대전광역시 중구 부사동147-4,36.31273651,127.4337692,,한전주,042-606-6843,대전광역시 중구청,2022-09-16
부사동159,1,대전광역시 중구 보분로103번길83,대전광역시 중구 부사동147-6,36.3127861,127.4334564,,한전주,042-606-6843,대전광역시 중구청,2022-09-16
부사동160,1,대전광역시 중구 보분로103번길75,대전광역시 중구 부사동147-23,36.31280899,127.4331207,,한전주,042-606-6843,대전광역시 중구청,2022-09-16
부사동161,1,대전광역시 중구 보분로103번길69,대전광역시 중구 부사동147-10,36.31287003,127.4326477,,한전주,042-606-6843,대전광역시 중구청,2022-09-16
부사동162,1,대전광역시 중구 보분로75번길14,대전광역시 중구 부사동288-6,36.31263351,127.4324493,,건축물,042-606-6843,대전광역시 중구청,2022-09-16
부사동163,1,대전광역시 중구 보분로63번길13,대전광역시 중구 부사동577-6,36.31235886,127.4325333,,전용주,042-606-6843,대전광역시 중구청,2022-09-16
부사동164,1,대전광역시 중구 보분로63번길11,대전광역시 중구 부사동303-5,36.31245041,127.4329376,,한전주,042-606-6843,대전광역시 중구청,2022-09-16
부사동165,1,대전광역시 중구 보분로63번길14-1,대전광역시 중구 부사동304-11,36.31243134,127.4331665,,한전주,042-606-6843,대전광역시 중구청,2022-09-16
부사동166,1,대전광역시 중구 보분로63번길14,대전광역시 중구 부사동304-18,36.31241608,127.4333725,,한전주,042-606-6843,대전광역시 중구청,2022-09-16
부사동167,1,대전광역시 중구 사득로16-9,대전광역시 중구 부사동312-8,36.3121376,127.4338531,,한전주,042-606-6843,대전광역시 중구청,2022-09-16
부사동168,1,대전광역시 중구 사득로18,대전광역시 중구 부사동572,36.31190872,127.4338074,,한전주,042-606-6843,대전광역시 중구청,2022-09-16
부사동169,1,대전광역시 중구 보문로75번길47,대전광역시 중구 부사동413-2,36.31172943,127.4335251,,전용주,042-606-6843,대전광역시 중구청,2022-09-16
부사동170,1,대전광역시 중구 보문로75번길44-1,대전광역시 중구 부사동307-6,36.31160736,127.4332428,,전용주,042-606-6843,대전광역시 중구청,2022-09-16
부사동171,1,대전광역시 중구 보문로75번길39,대전광역시 중구 부사동307-5,36.31171799,127.4329758,,한전주,042-606-6843,대전광역시 중구청,2022-09-16
부사동172,1,,대전광역시 중구 부사동420-1,36.31173706,127.4327774,,한전주,042-606-6843,대전광역시 중구청,2022-09-16
부사동173,1,대전광역시 중구 보문로63번길25,대전광역시 중구 부사동307-1,36.31202316,127.4330978,,한전주,042-606-6843,대전광역시 중구청,2022-09-16
부사동174,1,대전광역시 중구 보문로63번길16,대전광역시 중구 부사동304-17,36.31230545,127.4333649,,한전주,042-606-6843,대전광역시 중구청,2022-09-16
부사동175,1,대전광역시 중구 보문로75번길28,대전광역시 중구 부사동300-8,36.31194687,127.4327393,,한전주,042-606-6843,대전광역시 중구청,2022-09-16
부사동176,1,,대전광역시 중구 부사동300-47,36.31214523,127.4324188,,전용주,042-606-6843,대전광역시 중구청,2022-09-16
부사동177,1,대전광역시 중구 부용로25번길37-9,대전광역시 중구 부사동419-1,36.3114357,127.4329224,,한전주,042-606-6843,대전광역시 중구청,2022-09-16
부사동178,1,,대전광역시 중구 부사동417-1,36.31119537,127.4329453,,전용주,042-606-6843,대전광역시 중구청,2022-09-16
부사동179,1,대전광역시 중구 부사로32번길72-7,대전광역시 중구 부사동415-14,36.31086731,127.4329758,,한전주,042-606-6843,대전광역시 중구청,2022-09-16
부사동180,1,대전광역시 중구 부사로32번길74-2,대전광역시 중구 부사동417-6,36.31084442,127.4327011,,전용주,042-606-6843,대전광역시 중구청,2022-09-16
부사동181,1,,대전광역시 중구 부사동422-22,36.31074524,127.4320068,,한전주,042-606-6843,대전광역시 중구청,2022-09-16
부사동182,1,,대전광역시 중구 부사동422-1,36.31082916,127.4321671,,전용주,042-606-6843,대전광역시 중구청,2022-09-16
부사동183,1,,대전광역시 중구 부사동421-11,36.31088257,127.4322662,,전용주,042-606-6843,대전광역시 중구청,2022-09-16
부사동184,1,대전광역시 중구 부용로25번길23,대전광역시 중구 부사동421-15,36.31114197,127.4323654,,한전주,042-606-6843,대전광역시 중구청,2022-09-16
부사동185,1,대전광역시 중구 부용로25번길30,대전광역시 중구 부사동417-2,36.31110764,127.4327927,,한전주,042-606-6843,대전광역시 중구청,2022-09-16
부사동186,1,대전광역시 중구 부용로25번길38,대전광역시 중구 부사동417-18,36.31105804,127.4331131,,한전주,042-606-6843,대전광역시 중구청,2022-09-16
부사동187,1,대전광역시 중구 부용로25번길37,대전광역시 중구 부사동412-4,36.31114578,127.4333649,,한전주,042-606-6843,대전광역시 중구청,2022-09-16
부사동188,1,,대전광역시 중구 부사동414-2,36.31132126,127.4334869,,한전주,042-606-6843,대전광역시 중구청,2022-09-16
부사동189,1,대전광역시 중구 보문로63번길39,대전광역시 중구 부사동571-114,36.31155014,127.4324417,,한전주,042-606-6843,대전광역시 중구청,2022-09-16
부사동190,1,대전광역시 중구 보문로63번길43,대전광역시 중구 부사동421-5,36.31137466,127.4321899,,한전주,042-606-6843,대전광역시 중구청,2022-09-16
부사동191,1,대전광역시 중구 보문로63번길50,대전광역시 중구 부사동298-25,36.31126022,127.4320297,,한전주,042-606-6843,대전광역시 중구청,2022-09-16
부사동192,1,대전광역시 중구 부용로25번길10,대전광역시 중구 부사동432-10,36.31123352,127.4317169,,한전주,042-606-6843,대전광역시 중구청,2022-09-16
부사동193,1,,대전광역시 중구 부사동432-6,36.31127548,127.4312439,,한전주,042-606-6843,대전광역시 중구청,2022-09-16
부사동194,1,대전광역시 중구 부용로25,대전광역시 중구 부사동431-12,36.31116486,127.4310913,,한전주,042-606-6843,대전광역시 중구청,2022-09-16
부사동195,1,대전광역시 중구 부용로30,대전광역시 중구 부사동430-7,36.31096649,127.4309769,,한전주,042-606-6843,대전광역시 중구청,2022-09-16
부사동196,1,대전광역시 중구 보문로63번길62-5,대전광역시 중구 부사동431-23,36.31082153,127.4312592,,한전주,042-606-6843,대전광역시 중구청,2022-09-16
부사동197,1,대전광역시 중구 보문로63번길62-12,대전광역시 중구 부사동429-23,36.31069565,127.4311905,,전용주,042-606-6843,대전광역시 중구청,2022-09-16
부사동198,1,대전광역시 중구 보문로63번길62-16,대전광역시 중구 부사동579-10,36.31050873,127.4312515,,한전주,042-606-6843,대전광역시 중구청,2022-09-16
부사동199,1,대전광역시 중구 보문로63번길62,대전광역시 중구 부사동571-42,36.31085968,127.4316635,,한전주,042-606-6843,대전광역시 중구청,2022-09-16
부사동200,1,대전광역시 중구 보문로63번길68,대전광역시 중구 부사동422-14,36.3106308,127.4316635,,한전주,042-606-6843,대전광역시 중구청,2022-09-16
부사동201,1,대전광역시 중구 보문로63번길53,대전광역시 중구 부사동571-116,36.31099701,127.4320831,,한전주,042-606-6843,대전광역시 중구청,2022-09-16
부사동202,1,대전광역시 중구 부용로31-4,대전광역시 중구 부사동429-25,36.31072235,127.4308472,,한전주,042-606-6843,대전광역시 중구청,2022-09-16
부사동203,1,대전광역시 중구 부용로32,대전광역시 중구 부사동429-6,36.31087494,127.4307175,,전용주,042-606-6843,대전광역시 중구청,2022-09-16
부사동204,1,대전광역시 중구 부용로35,대전광역시 중구 부사동425-9,36.31054688,127.4308243,,한전주,042-606-6843,대전광역시 중구청,2022-09-16
부사동205,1,대전광역시 중구 부용로35-2,대전광역시 중구 부사동425-12,36.31029129,127.4308243,,한전주,042-606-6843,대전광역시 중구청,2022-09-16
부사동206,1,대전광역시 중구 무용로34번길4-2,대전광역시 중구 부사동425-14,36.31043625,127.4305038,,한전주,042-606-6843,대전광역시 중구청,2022-09-16
부사동207,1,대전광역시 중구 무용로42번길8-5,대전광역시 중구 부사동424-1,36.31007385,127.4304504,,한전주,042-606-6843,대전광역시 중구청,2022-09-16
부사동208,1,대전광역시 중구 무용로42번길4,대전광역시 중구 부사동424-103,36.30993271,127.4304733,,한전주,042-606-6843,대전광역시 중구청,2022-09-16
부사동209,1,대전광역시 중구 무용로42번길13,대전광역시 중구 부사동427-1,36.30999374,127.4301376,,한전주,042-606-6843,대전광역시 중구청,2022-09-16
부사동210,1,,대전광역시 중구 부사동582,36.31000519,127.429924,,한전주,042-606-6843,대전광역시 중구청,2022-09-16
부사동211,1,,대전광역시 중구 부사동582,36.31007767,127.429718,,한전주,042-606-6843,대전광역시 중구청,2022-09-16
부사동212,1,대전광역시 중구 부용로34번길16,대전광역시 중구 부사동424-8,36.3102417,127.4300766,,한전주,042-606-6843,대전광역시 중구청,2022-09-16
부사동213,1,대전광역시 중구 부용로34번길11,대전광역시 중구 부사동424-14,36.31030655,127.4302216,,전용주,042-606-6843,대전광역시 중구청,2022-09-16
부사동214,1,대전광역시 중구 부용로42번길12-7,대전광역시 중구 부사동424-17,36.31015015,127.4301834,,전용주,042-606-6843,대전광역시 중구청,2022-09-16
부사동215,1,대전광역시 중구 부용로72번길18,대전광역시 중구 부사동427-26,36.30967712,127.430275,,한전주,042-606-6843,대전광역시 중구청,2022-09-16
부사동216,1,대전광역시 중구 부용로72번길7,대전광역시 중구 부사동424-47,36.30941391,127.4300842,,전용주,042-606-6843,대전광역시 중구청,2022-09-16
부사동217,1,,대전광역시 중구 부사동424-38,36.3090744,127.4303131,,한전주,042-606-6843,대전광역시 중구청,2022-09-16
부사동218,1,대전광역시 중구 부용로48-5,대전광역시 중구 부사동424-43,36.30934906,127.430336,,건축물,042-606-6843,대전광역시 중구청,2022-09-16
부사동219,1,,대전광역시 중구 부사동424-49,36.30926132,127.430336,,한전주,042-606-6843,대전광역시 중구청,2022-09-16
부사동220,1,,대전광역시 중구 부사동424-38,36.3094635,127.4304199,,건축물,042-606-6843,대전광역시 중구청,2022-09-16
부사동221,1,대전광역시 중구 부용로72번길15-6,대전광역시 중구 부사동427-25,36.30973816,127.430069,,전용주,042-606-6843,대전광역시 중구청,2022-09-16
부사동222,1,대전광역시 중구 부용로72번길15-12,대전광역시 중구 부사동424-99,36.30964661,127.4297028,,한전주,042-606-6843,대전광역시 중구청,2022-09-16
부사동223,1,대전광역시 중구 부용로72번길15-20,대전광역시 중구 부사동424-73,36.3097229,127.4295883,,건축물,042-606-6843,대전광역시 중구청,2022-09-16
부사동224,1,대전광역시 중구 부용로72번길15-16,대전광역시 중구 부사동424-66,36.30985641,127.4295731,,전용주,042-606-6843,대전광역시 중구청,2022-09-16
부사동225,1,,대전광역시 중구 부사동442-11,36.30980682,127.4291611,,한전주,042-606-6843,대전광역시 중구청,2022-09-16
부사동226,1,대전광역시 중구 부용로34번길31,대전광역시 중구 부사동442-72,36.30997849,127.4293137,,한전주,042-606-6843,대전광역시 중구청,2022-09-16
부사동227,1,,대전광역시 중구 부사동427-33,36.31039429,127.429924,,한전주,042-606-6843,대전광역시 중구청,2022-09-16
부사동228,1,,대전광역시 중구 부사동427,36.3107605,127.4302139,,한전주,042-606-6843,대전광역시 중구청,2022-09-16
부사동229,1,,대전광역시 중구 부사동575-39,36.31092072,127.4304352,,한전주,042-606-6843,대전광역시 중구청,2022-09-16
부사동230,1,,대전광역시 중구 부사동430-10,36.31123734,127.4305725,,전용주,042-606-6843,대전광역시 중구청,2022-09-16
부사동231,1,,대전광역시 중구 부사동433-1,36.31148529,127.4307251,,전용주,042-606-6843,대전광역시 중구청,2022-09-16
부사동232,1,대전광역시 중구 보문로89번길44,대전광역시 중구 부사동297,36.31171036,127.430687,,한전주,042-606-6843,대전광역시 중구청,2022-09-16
부사동233,1,대전광역시 중구 보문로89번길42,대전광역시 중구 부사동575-8,36.31196976,127.4306259,,한전주,042-606-6843,대전광역시 중구청,2022-09-16
부사동234,1,대전광역시 중구 보문로89번길36,대전광역시 중구 부사동233,36.31212997,127.4304047,,한전주,042-606-6843,대전광역시 중구청,2022-09-16
부사동235,1,대전광역시 중구 보문로89번길21,대전광역시 중구 부사동293,36.3124733,127.4305115,,한전주,042-606-6843,대전광역시 중구청,2022-09-16
부사동236,1,대전광역시 중구 부용로23-4,대전광역시 중구 부사동575-65,36.31233215,127.4306488,,건축물,042-606-6843,대전광역시 중구청,2022-09-16
부사동237,1,대전광역시 중구 부용로14-6,대전광역시 중구 부사동295-41,36.31229401,127.431076,,건축물,042-606-6843,대전광역시 중구청,2022-09-16
부사동238,1,대전광역시 중구 부용로18-9,대전광역시 중구 부사동295-54,36.31215286,127.4309845,,전용주,042-606-6843,대전광역시 중구청,2022-09-16
부사동239,1,대전광역시 중구 부용로18-14,대전광역시 중구 부사동295-1,36.31218338,127.4307709,,한전주,042-606-6843,대전광역시 중구청,2022-09-16
부사동240,1,대전광역시 중구 부용로22-8,대전광역시 중구 부사동295-47,36.31174469,127.4308014,,전용주,042-606-6843,대전광역시 중구청,2022-09-16
부사동241,1,,대전광역시 중구 부사동432-2,36.31147003,127.4311371,,한전주,042-606-6843,대전광역시 중구청,2022-09-16
부사동242,1,대전광역시 중구 부용로21,대전광역시 중구 부사동295-22,36.3116188,127.4312897,,전용주,042-606-6843,대전광역시 중구청,2022-09-16
부사동243,1,대전광역시 중구 부용로17-35,대전광역시 중구 부사동295-35,36.31145477,127.4317017,,한전주,042-606-6843,대전광역시 중구청,2022-09-16
부사동244,1,대전광역시 중구 부용로12-27,대전광역시 중구 부사동295-33,36.31163788,127.4319229,,한전주,042-606-6843,대전광역시 중구청,2022-09-16
부사동245,1,대전광역시 중구 부용로17-12,대전광역시 중구 부사동295-19,36.31181335,127.4315491,,한전주,042-606-6843,대전광역시 중구청,2022-09-16
부사동246,1,대전광역시 중구 부용로18,대전광역시 중구 부사동295-12,36.31195831,127.4313202,,한전주,042-606-6843,대전광역시 중구청,2022-09-16
부사동247,1,대전광역시 중구 부용로11-1263,대전광역시 중구 부사동290-19,36.312397,127.4312897,,한전주,042-606-6843,대전광역시 중구청,2022-09-16
부사동248,1,대전광역시 중구 보문로89번길23-7,대전광역시 중구 부사동292-7,36.31245041,127.4308701,,전용주,042-606-6843,대전광역시 중구청,2022-09-16
부사동249,1,대전광역시 중구 보문로63번안길44,대전광역시 중구 부사동290-3,36.312603,127.4310532,,전용주,042-606-6843,대전광역시 중구청,2022-09-16
부사동250,1,대전광역시 중구 부용로9,대전광역시 중구 부사동577-2,36.31264877,127.4313278,,한전주,042-606-6843,대전광역시 중구청,2022-09-16
부사동251,1,대전광역시 중구 보문로63번안길35,대전광역시 중구 부사동290-1,36.31254578,127.4315338,,한전주,042-606-6843,대전광역시 중구청,2022-09-16
부사동252,1,대전광역시 중구 보문로63번안길31,대전광역시 중구 부사동300-21,36.31252289,127.4317627,,한전주,042-606-6843,대전광역시 중구청,2022-09-16
부사동253,1,,대전광역시 중구 부사동577-4,36.31249619,127.4320221,,한전주,042-606-6843,대전광역시 중구청,2022-09-16
부사동254,1,대전광역시 중구 보문로63번안길24,대전광역시 중구 부사동288-48,36.31246948,127.4322662,,한전주,042-606-6843,대전광역시 중구청,2022-09-16
부사동255,1,대전광역시 중구 보문로75번길4,대전광역시 중구 부사동146-16,36.31317139,127.4325714,,건축물,042-606-6843,대전광역시 중구청,2022-09-16
부사동256,1,대전광역시 중구 보문로103번길57,대전광역시 중구 부사동146-4,36.31289291,127.4321442,,한전주,042-606-6843,대전광역시 중구청,2022-09-16
부사동257,1,대전광역시 중구 보문로103번길7,대전광역시 중구 부사동279-19,36.3128891,127.4316254,,한전주,042-606-6843,대전광역시 중구청,2022-09-16
부사동258,1,대전광역시 중구 부용로6-1,대전광역시 중구 부사동142-22,36.31298447,127.4313736,,한전주,042-606-6843,대전광역시 중구청,2022-09-16
부사동259,1,대전광역시 중구 부용로2,대전광역시 중구 부사동142-1,36.31327057,127.431427,,한전주,042-606-6843,대전광역시 중구청,2022-09-16
부사동260,1,대전광역시 중구 보문로103번길40,대전광역시 중구 부사동288-14,36.31276703,127.4312439,,전용주,042-606-6843,대전광역시 중구청,2022-09-16
부사동261,1,대전광역시 중구 보문로103번길39,대전광역시 중구 부사동142-5,36.31300354,127.4310532,,한전주,042-606-6843,대전광역시 중구청,2022-09-16
부사동262,1,,대전광역시 중구 부사동142-13,36.31303787,127.4308014,,한전주,042-606-6843,대전광역시 중구청,2022-09-16
부사동263,1,대전광역시 중구 보문로89번길9,대전광역시 중구 부사동142-7,36.31311798,127.430954,,한전주,042-606-6843,대전광역시 중구청,2022-09-16
부사동264,1,,대전광역시 중구 부사동575-3,36.31275177,127.4306564,,한전주,042-606-6843,대전광역시 중구청,2022-09-16
부사동265,1,대전광역시 중구 보문로95번길6,대전광역시 중구 부사동142-16,36.31326675,127.4304199,,건축물,042-606-6843,대전광역시 중구청,2022-09-16
부사동266,1,대전광역시 중구 보문로95번길12,대전광역시 중구 부사동236-7,36.31297684,127.4302826,,한전주,042-606-6843,대전광역시 중구청,2022-09-16
부사동267,1,대전광역시 중구 보문로103번길10,대전광역시 중구 부사동244-3,36.31314087,127.429512,,한전주,042-606-6843,대전광역시 중구청,2022-09-16
부사동268,1,대전광역시 중구 보문로95번길21,대전광역시 중구 부사동235-3,36.31253433,127.4302139,,한전주,042-606-6843,대전광역시 중구청,2022-09-16
부사동269,1,대전광역시 중구 보문로95번길29,대전광역시 중구 부사동234-5,36.31229401,127.4301758,,한전주,042-606-6843,대전광역시 중구청,2022-09-16
부사동270,1,대전광역시 중구 보문로95번길33,대전광역시 중구 부사동231-1,36.31197357,127.4301224,,한전주,042-606-6843,대전광역시 중구청,2022-09-16
부사동271,1,대전광역시 중구 보문로95번길37,대전광역시 중구 부사동230-3,36.31175232,127.430069,,한전주,042-606-6843,대전광역시 중구청,2022-09-16
부사동272,1,,대전광역시 중구 부사동230-71,36.31182861,127.429863,,전용주,042-606-6843,대전광역시 중구청,2022-09-16
부사동273,1,,대전광역시 중구 부사동230-96,36.31272125,127.4299545,,전용주,042-606-6843,대전광역시 중구청,2022-09-16
부사동274,1,대전광역시 중구 보문로109번길16,대전광역시 중구 부사동230-14,36.31315231,127.4291992,,한전주,042-606-6843,대전광역시 중구청,2022-09-16
부사동275,1,,대전광역시 중구 부사동230-6,36.31349182,127.4287109,,한전주,042-606-6843,대전광역시 중구청,2022-09-16
부사동276,1,,대전광역시 중구 부사동224-1,36.31325531,127.4286423,,한전주,042-606-6843,대전광역시 중구청,2022-09-16
부사동277,1,대전광역시 중구 보문로111번길15,대전광역시 중구 부사동230-20,36.31294632,127.4287949,,한전주,042-606-6843,대전광역시 중구청,2022-09-16
부사동278,1,대전광역시 중구 보문로111번길17-11,대전광역시 중구 부사동230-16,36.31291199,127.4292374,,한전주,042-606-6843,대전광역시 중구청,2022-09-16
부사동279,1,대전광역시 중구 보문로111번길17-16471,대전광역시 중구 부사동230-27,36.31287003,127.4295197,,한전주,042-606-6843,대전광역시 중구청,2022-09-16
부사동280,1,대전광역시 중구 보문로111번길23-17,대전광역시 중구 부사동230-29,36.31255341,127.4297867,,한전주,042-606-6843,대전광역시 중구청,2022-09-16
부사동281,1,대전광역시 중구 보문로111번길23-15,대전광역시 중구 부사동230-31,36.31258392,127.4295349,,한전주,042-606-6843,대전광역시 중구청,2022-09-16
부사동282,1,대전광역시 중구 보문로111번길23-9,대전광역시 중구 부사동230-34,36.31262589,127.4291687,,한전주,042-606-6843,대전광역시 중구청,2022-09-16
부사동283,1,대전광역시 중구 보문로111번길21,대전광역시 중구 부사동230-37,36.31266403,127.428833,,한전주,042-606-6843,대전광역시 중구청,2022-09-16
부사동284,1,대전광역시 중구 보문로111번길29,대전광역시 중구 부사동230-53,36.31236649,127.4289093,,한전주,042-606-6843,대전광역시 중구청,2022-09-16
부사동285,1,대전광역시 중구 보문로111번길29-9,대전광역시 중구 부사동230-50,36.31233978,127.429245,,한전주,042-606-6843,대전광역시 중구청,2022-09-16
부사동286,1,대전광역시 중구 보문로111번길29-15,대전광역시 중구 부사동230-47,36.31229782,127.4297333,,한전주,042-606-6843,대전광역시 중구청,2022-09-16
부사동287,1,대전광역시 중구 보문로103l9번길52,대전광역시 중구 부사동230-62,36.31201172,127.4296875,,한전주,042-606-6843,대전광역시 중구청,2022-09-16
부사동288,1,대전광역시 중구 보문로109번길57,대전광역시 중구 부사동230-68,36.31204224,127.4292908,,한전주,042-606-6843,대전광역시 중구청,2022-09-16
부사동289,1,대전광역시 중구 보문로109번길64,대전광역시 중구 부사동230-66,36.31202698,127.4290161,,한전주,042-606-6843,대전광역시 중구청,2022-09-16
부사동290,1,,대전광역시 중구 부사동227-1,36.31184387,127.4289017,,한전주,042-606-6843,대전광역시 중구청,2022-09-16
부사동291,1,,대전광역시 중구 부사동580-20,36.31176376,127.4283066,,한전주,042-606-6843,대전광역시 중구청,2022-09-16
부사동292,1,대전광역시 중구 보문로113번길4,대전광역시 중구 부사동223-2,36.3135376,127.4284058,,한전주,042-606-6843,대전광역시 중구청,2022-09-16
부사동293,1,대전광역시 중구 보문로113번길9,대전광역시 중구 부사동224-8,36.31319427,127.4284363,,한전주,042-606-6843,대전광역시 중구청,2022-09-16
부사동294,1,대전광역시 중구 대종로386번길11,대전광역시 중구 부사동86-2,36.31999588,127.4315491,,한전주,042-606-6843,대전광역시 중구청,2022-09-16
부사동295,1,대전광역시 중구 보문로113번길25-1,대전광역시 중구 부사동580-9,36.31245804,127.4283371,,한전주,042-606-6843,대전광역시 중구청,2022-09-16
부사동296,1,대전광역시 중구 충무로86번길36,대전광역시 중구 부사동211-17,36.31585693,127.4276733,,한전주,042-606-6843,대전광역시 중구청,2022-09-16
부사동297,1,대전광역시 중구 충무로86번길42-1,대전광역시 중구 부사동209-6,36.31554794,127.4278717,,한전주,042-606-6843,대전광역시 중구청,2022-09-16
부사동298,1,대전광역시 중구 충무로86번길46,대전광역시 중구 부사동209-70,36.31570816,127.4283371,,한전주,042-606-6843,대전광역시 중구청,2022-09-16
부사동299,1,대전광역시 중구 충무로86번길55-23,대전광역시 중구 부사동209-16,36.31591415,127.4281464,,한전주,042-606-6843,대전광역시 중구청,2022-09-16
부사동300,1,대전광역시 중구 충무로86번길42,대전광역시 중구 부사동162-3,36.31604385,127.4283905,,한전주,042-606-6843,대전광역시 중구청,2022-09-16
부사동301,1,대전광역시 중구 충무로86번길48,대전광역시 중구 부사동209-87,36.31573486,127.4285965,,한전주,042-606-6843,대전광역시 중구청,2022-09-16
부사동302,1,대전광역시 중구 충무로86번길54,대전광역시 중구 부사동209-72,36.31541443,127.4288177,,한전주,042-606-6843,대전광역시 중구청,2022-09-16
부사동303,1,대전광역시 중구 충무로86번길54,대전광역시 중구 부사동209-75,36.31534958,127.4285431,,한전주,042-606-6843,대전광역시 중구청,2022-09-16
부사동304,1,대전광역시 중구 충무로86번길53,대전광역시 중구 부사동209-83,36.31526566,127.4283295,,한전주,042-606-6843,대전광역시 중구청,2022-09-16
부사동305,1,대전광역시 중구 충무로86번길56,대전광역시 중구 부사동209-3,36.31520462,127.4280777,,한전주,042-606-6843,대전광역시 중구청,2022-09-16
부사동306,1,대전광역시 중구 충무로86번길130,대전광역시 중구 부사동211-20,36.31509399,127.4279175,,한전주,042-606-6843,대전광역시 중구청,2022-09-16
부사동307,1,대전광역시 중구 충무로86번길57,대전광역시 중구 부사동209-33,36.31507111,127.4281387,,한전주,042-606-6843,대전광역시 중구청,2022-09-16
부사동308,1,대전광역시 중구 충무로86번길64,대전광역시 중구 부사동209-40,36.31490707,127.4283752,,한전주,042-606-6843,대전광역시 중구청,2022-09-16
부사동309,1,대전광역시 중구 충무로86번길65,대전광역시 중구 부사동209-46,36.31483841,127.4286728,,한전주,042-606-6843,대전광역시 중구청,2022-09-16
부사동310,1,대전광역시 중구 충무로86번길55-14,대전광역시 중구 부사동209-40,36.31502533,127.4285049,,한전주,042-606-6843,대전광역시 중구청,2022-09-16
부사동311,1,대전광역시 중구 충무로86번길64,대전광역시 중구 부사동209-45,36.31493378,127.4288101,,전용주,042-606-6843,대전광역시 중구청,2022-09-16
부사동312,1,대전광역시 중구 충무로92번길64,대전광역시 중구 부사동209-44,36.31502151,127.4290619,,한전주,042-606-6843,대전광역시 중구청,2022-09-16
부사동313,1,대전광역시 중구 충무로86번길81-1,대전광역시 중구 부사동209-56,36.31446075,127.4292221,,한전주,042-606-6843,대전광역시 중구청,2022-09-16
부사동314,1,대전광역시 중구 충무로86번길67-18,대전광역시 중구 부사동209-50,36.31467819,127.4290695,,한전주,042-606-6843,대전광역시 중구청,2022-09-16
부사동315,1,대전광역시 중구 충무로86번길71,대전광역시 중구 부사동209-47,36.31462097,127.4287338,,한전주,042-606-6843,대전광역시 중구청,2022-09-16
부사동316,1,대전광역시 중구 충무로86번길72-4,대전광역시 중구 부사동217-10,36.31439972,127.4285126,,한전주,042-606-6843,대전광역시 중구청,2022-09-16
부사동317,1,대전광역시 중구 보문로116-5,대전광역시 중구 부사동221-13,36.31409836,127.4286346,,한전주,042-606-6843,대전광역시 중구청,2022-09-16
부사동318,1,대전광역시 중구 충무로86번길79,대전광역시 중구 부사동209-54,36.3143425,127.4289246,,한전주,042-606-6843,대전광역시 중구청,2022-09-16
부사동319,1,대전광역시 중구 충무로86번길87,대전광역시 중구 부사동209-31,36.31406784,127.4291153,,한전주,042-606-6843,대전광역시 중구청,2022-09-16
부사동320,1,대전광역시 중구 보문로100-1,대전광역시 중구 부사동140-12,36.31391144,127.4299164,,전용주,042-606-6843,대전광역시 중구청,2022-09-16
부사동321,1,대전광역시 중구 보문로96-4,대전광역시 중구 부사동140-22,36.31383133,127.4305344,,전용주,042-606-6843,대전광역시 중구청,2022-09-16
부사동322,1,대전광역시 중구 보문로90-7,대전광역시 중구 부사동140-3,36.31392288,127.4309921,,한전주,042-606-6843,대전광역시 중구청,2022-09-16
부사동323,1,대전광역시 중구 보문로90-31,대전광역시 중구 부사동140-30,36.31430054,127.4309998,,한전주,042-606-6843,대전광역시 중구청,2022-09-16
부사동324,1,대전광역시 중구 대종로315번길9-20,대전광역시 중구 부사동138-2,36.31441879,127.4313583,,한전주,042-606-6843,대전광역시 중구청,2022-09-16
부사동325,1,대전광역시 중구 보문로86-1,대전광역시 중구 부사동137-6,36.31375504,127.4315872,,한전주,042-606-6843,대전광역시 중구청,2022-09-16
부사동326,1,대전광역시 중구 대종로315번길55,대전광역시 중구 부사동138-16,36.31414032,127.4315186,,한전주,042-606-6843,대전광역시 중구청,2022-09-16
부사동327,1,,대전광역시 중구 부사동137-5,36.31386566,127.4318161,,전용주,042-606-6843,대전광역시 중구청,2022-09-16
부사동328,1,,대전광역시 중구 부사동137-1,36.31382363,127.4326537,,한전주,042-606-6843,대전광역시 중구청,2022-09-16
부사동329,1,대전광역시 중구 보문로78-1,대전광역시 중구 부사동137-2,36.31365585,127.4326248,,한전주,042-606-6843,대전광역시 중구청,2022-09-16
부사동330,1,,대전광역시 중구 부사동130-4,36.31378937,127.4328079,,한전주,042-606-6843,대전광역시 중구청,2022-09-16
부사동331,1,대전광역시 중구 대종로315번길22,대전광역시 중구 부사동130-2,36.31375122,127.4331665,,한전주,042-606-6843,대전광역시 중구청,2022-09-16
부사동332,1,대전광역시 중구 보문로68번길5,대전광역시 중구 부사동130-1,36.31368256,127.4335632,,한전주,042-606-6843,대전광역시 중구청,2022-09-16
부사동333,1,대전광역시 중구 보문로68번길4,대전광역시 중구 부사동129-4,36.31347656,127.4336395,,한전주,042-606-6843,대전광역시 중구청,2022-09-16
부사동334,1,대전광역시 중구 대종로315번길,대전광역시 중구 부사동129-1,36.313694,127.4339752,,한전주,042-606-6843,대전광역시 중구청,2022-09-16
부사동335,1,대전광역시 중구 보문로68번길15,대전광역시 중구 부사동131-10,36.31401062,127.4336243,,한전주,042-606-6843,대전광역시 중구청,2022-09-16
부사동336,1,대전광역시 중구 보문로68번길19,대전광역시 중구 부사동131-1,36.31418991,127.4334259,,건축물,042-606-6843,대전광역시 중구청,2022-09-16
부사동337,1,대전광역시 중구 보문로68번길26-1,대전광역시 중구 부사동131-14,36.31406021,127.433075,,한전주,042-606-6843,대전광역시 중구청,2022-09-16
부사동338,1,,대전광역시 중구 부사동131-16,36.31403351,127.4327621,,한전주,042-606-6843,대전광역시 중구청,2022-09-16
부사동339,1,,대전광역시 중구 부사동128-11,36.31426239,127.4335632,,한전주,042-606-6843,대전광역시 중구청,2022-09-16
부사동340,1,대전광역시 중구 보문로68번길24,대전광역시 중구 부사동133-2,36.31437683,127.4334183,,한전주,042-606-6843,대전광역시 중구청,2022-09-16
부사동341,1,대전광역시 중구 보문로68번길32,대전광역시 중구 부사동128-13,36.31462097,127.4334793,,한전주,042-606-6843,대전광역시 중구청,2022-09-16
부사동342,1,대전광역시 중구 보문로68번길27,대전광역시 중구 부사동133-6,36.31449127,127.4331589,,한전주,042-606-6843,대전광역시 중구청,2022-09-16
부사동343,1,대전광역시 중구 보문로68번길29-8,대전광역시 중구 부사동134-9,36.31449509,127.4329605,,한전주,042-606-6843,대전광역시 중구청,2022-09-16
부사동344,1,대전광역시 중구 보문로68번길31,대전광역시 중구 부사동134-4,36.31466675,127.4332352,,한전주,042-606-6843,대전광역시 중구청,2022-09-16
부사동345,1,,대전광역시 중구 부사동134-2,36.31494522,127.4330673,,한전주,042-606-6843,대전광역시 중구청,2022-09-16
부사동346,1,대전광역시 중구 보문로48번길7,대전광역시 중구 부사동150-16,36.31380463,127.4355392,,한전주,042-606-6843,대전광역시 중구청,2022-09-16
부사동347,1,대전광역시 중구 문창로5-13,대전광역시 중구 부사동149-7,36.31399918,127.4356537,,한전주,042-606-6843,대전광역시 중구청,2022-09-16
부사동348,1,대전광역시 중구 문창로5-9,대전광역시 중구 부사동149-9,36.31409073,127.4359436,,한전주,042-606-6843,대전광역시 중구청,2022-09-16
부사동349,1,대전광역시 중구 대종로316번길21-2,대전광역시 중구 부사동102-19,36.31441498,127.4356766,,한전주,042-606-6843,대전광역시 중구청,2022-09-16
부사동350,1,대전광역시 중구 보문로48번길16,대전광역시 중구 부사동148-5,36.3140564,127.4353256,,한전주,042-606-6843,대전광역시 중구청,2022-09-16
부사동351,1,대전광역시 중구 보문로48번길19번길,대전광역시 중구 부사동150-23,36.31409836,127.4349136,,한전주,042-606-6843,대전광역시 중구청,2022-09-16
부사동352,1,대전광역시 중구 보문로48번길27,대전광역시 중구 부사동127-3,36.3143692,127.4347763,,전용주,042-606-6843,대전광역시 중구청,2022-09-16
부사동353,1,대전광역시 중구 대종로322번길326,대전광역시 중구 부사동126-5,36.31462479,127.4344482,,전용주,042-606-6843,대전광역시 중구청,2022-09-16
부사동354,1,,대전광역시 중구 부사동126-5,36.31472397,127.4346466,,한전주,042-606-6843,대전광역시 중구청,2022-09-16
부사동355,1,대전광역시 중구 보문로48번길42,대전광역시 중구 부사동126-5,36.31508636,127.4346619,,한전주,042-606-6843,대전광역시 중구청,2022-09-16
부사동356,1,대전광역시 중구 보문로48번길52,대전광역시 중구 부사동126-2,36.31537628,127.4346848,,한전주,042-606-6843,대전광역시 중구청,2022-09-16
부사동357,1,대전광역시 중구 보문로48번길56,대전광역시 중구 부사동93-19,36.31566238,127.434967,,한전주,042-606-6843,대전광역시 중구청,2022-09-16
부사동358,1,대전광역시 중구 보문로48번길58,대전광역시 중구 부사동93-10,36.31578445,127.4350586,,한전주,042-606-6843,대전광역시 중구청,2022-09-16
부사동359,1,대전광역시 중구 문창로21-16,대전광역시 중구 부사동93-8,36.31567001,127.4351654,,한전주,042-606-6843,대전광역시 중구청,2022-09-16
부사동360,1,대전광역시 중구 문창로21-6,대전광역시 중구 부사동93-6,36.31545639,127.4352875,,한전주,042-606-6843,대전광역시 중구청,2022-09-16
부사동361,1,대전광역시 중구 문창로21-38,대전광역시 중구 부사동93-14,36.31533051,127.434967,,전용주,042-606-6843,대전광역시 중구청,2022-09-16
부사동362,1,대전광역시 중구 대종로322번길17-7,대전광역시 중구 부사동100-27,36.31510544,127.4350204,,전용주,042-606-6843,대전광역시 중구청,2022-09-16
부사동363,1,대전광역시 중구 문창로19,대전광역시 중구 부사동100-3,36.31515503,127.4354553,,한전주,042-606-6843,대전광역시 중구청,2022-09-16
부사동364,1,대전광역시 중구 대종로322번길26,대전광역시 중구 부사동102-13,36.31496048,127.4354858,,한전주,042-606-6843,대전광역시 중구청,2022-09-16
부사동365,1,대전광역시 중구 대종로316번길23-10,대전광역시 중구 부사동102-20,36.3147316,127.4356155,,한전주,042-606-6843,대전광역시 중구청,2022-09-16
부사동366,1,대전광역시 중구 대종로322번길23,대전광역시 중구 부사동102-14,36.31489182,127.4353333,,한전주,042-606-6843,대전광역시 중구청,2022-09-16
부사동367,1,대전광역시 중구 대종로316번길21-8,대전광역시 중구 부사동102-17,36.31459808,127.435463,,한전주,042-606-6843,대전광역시 중구청,2022-09-16
부사동368,1,대전광역시 중구 대종로322번길19,대전광역시 중구 부사동100-15,36.31488037,127.435112,,한전주,042-606-6843,대전광역시 중구청,2022-09-16
부사동369,1,대전광역시 중구 대종로334번길9-9,대전광역시 중구 부사동98-18,36.31599808,127.4338303,,한전주,042-606-6843,대전광역시 중구청,2022-09-16
부사동370,1,대전광역시 중구 문창로33-16,대전광역시 중구 부사동97-6,36.316185,127.4342194,,한전주,042-606-6843,대전광역시 중구청,2022-09-16
부사동371,1,대전광역시 중구 문창로33-12,대전광역시 중구 부사동96-13,36.31635284,127.4346085,,한전주,042-606-6843,대전광역시 중구청,2022-09-16
부사동372,1,대전광역시 중구 문창로37-6,대전광역시 중구 부사동95-11,36.31672287,127.4345398,,한전주,042-606-6843,대전광역시 중구청,2022-09-16
부사동373,1,대전광역시 중구 문창로37-15,대전광역시 중구 부사동96-17,36.31649399,127.4341583,,건축물,042-606-6843,대전광역시 중구청,2022-09-16
부사동374,1,대전광역시 중구 대종로334번길9-17,대전광역시 중구 부사동98-4,36.31628036,127.4336395,,한전주,042-606-6843,대전광역시 중구청,2022-09-16
부사동375,1,대전광역시 중구 대종로334번길9-15,대전광역시 중구 부사동96-7,36.31618881,127.4338303,,한전주,042-606-6843,대전광역시 중구청,2022-09-16
부사동376,1,,대전광역시 중구 부사동98-1,36.31656265,127.4334793,,한전주,042-606-6843,대전광역시 중구청,2022-09-16
부사동377,1,대전광역시 중구 대종로346번길8,대전광역시 중구 부사동98-1,36.31657791,127.4333038,,전용주,042-606-6843,대전광역시 중구청,2022-09-16
부사동378,1,대전광역시 중구 대종로346번길15,대전광역시 중구 부사동94-19,36.31685638,127.4338303,,한전주,042-606-6843,대전광역시 중구청,2022-09-16
부사동379,1,대전광역시 중구 대종로346번길25,대전광역시 중구 부사동94-54,36.31702423,127.434288,,한전주,042-606-6843,대전광역시 중구청,2022-09-16
부사동380,1,대전광역시 중구 문창로59-1,대전광역시 중구 부사동94-15,36.31834412,127.4334717,,전용주,042-606-6843,대전광역시 중구청,2022-09-16
부사동381,1,대전광역시 중구 문창로69번길50,대전광역시 중구 부사동94-62,36.31865692,127.4334259,,한전주,042-606-6843,대전광역시 중구청,2022-09-16
부사동382,1,대전광역시 중구 문창로69번길46,대전광역시 중구 부사동94-47,36.31855011,127.4331741,,한전주,042-606-6843,대전광역시 중구청,2022-09-16
부사동383,1,대전광역시 중구 문창로69번길33,대전광역시 중구 부사동92-10,36.31843185,127.4326401,,한전주,042-606-6843,대전광역시 중구청,2022-09-16
부사동384,1,대전광역시 중구 문창로69번길34,대전광역시 중구 부사동94-2,36.31848145,127.432457,,한전주,042-606-6843,대전광역시 중구청,2022-09-16
부사동385,1,대전광역시 중구 대종로327번길5,대전광역시 중구 부사동89-5,36.31861115,127.4320755,,한전주,042-606-6843,대전광역시 중구청,2022-09-16
부사동386,1,대전광역시 중구 대종로372번길,대전광역시 중구 부사동90-9,36.31881714,127.4326096,,한전주,042-606-6843,대전광역시 중구청,2022-09-16
부사동387,1,대전광역시 중구 대종로372번길27,대전광역시 중구 부사동90-5,36.3190155,127.4331284,,한전주,042-606-6843,대전광역시 중구청,2022-09-16
부사동388,1,,대전광역시 중구 부사동90-3,36.3191452,127.4334717,,한전주,042-606-6843,대전광역시 중구청,2022-09-16
부사동389,1,대전광역시 중구 문창로69번길6,대전광역시 중구 부사동90-1,36.31937027,127.4331436,,한전주,042-606-6843,대전광역시 중구청,2022-09-16
부사동390,1,대전광역시 중구 문창로69번길9,대전광역시 중구 부사동90-13,36.31925583,127.4328461,,전용주,042-606-6843,대전광역시 중구청,2022-09-16
부사동391,1,대전광역시 중구 문창로69번길13,대전광역시 중구 부사동90-12,36.31916809,127.432579,,한전주,042-606-6843,대전광역시 중구청,2022-09-16
부사동392,1,대전광역시 중구 문창로69번길22,대전광역시 중구 부사동89-3,36.31896973,127.4324341,,한전주,042-606-6843,대전광역시 중구청,2022-09-16
부사동393,1,대전광역시 중구 대종로386번길13,대전광역시 중구 부사동86-9,36.32012558,127.4318619,,한전주,042-606-6843,대전광역시 중구청,2022-09-16
부사동394,1,대전광역시 중구 대종로386번길21,대전광역시 중구 부사동85-8,36.32024002,127.4321823,,한전주,042-606-6843,대전광역시 중구청,2022-09-16
부사동395,1,,대전광역시 중구 부사동84-2,36.32033771,127.4324294,,한전주,042-606-6843,대전광역시 중구청,2022-09-16
부사동396,1,,대전광역시 중구 부사동140-4,36.31377108,127.4309873,,한전주,042-606-6843,대전광역시 중구청,2022-09-16
부사동397,1,,대전광역시 중구 부사동133-2,36.31427855,127.4333257,,한전주,042-606-6843,대전광역시 중구청,2022-09-16
부사동398,1,,대전광역시 중구 부사동443-69,36.31028243,127.4281539,,전용주,042-606-6843,대전광역시 중구청,2022-09-16
부사동399,1,,대전광역시 중구 부사동394-1,36.31056099,127.4333803,,한전주,042-606-6843,대전광역시 중구청,2022-09-16
부사동400,1,,대전광역시 중구 부사동572,36.31229254,127.433646,,한전주,042-606-6843,대전광역시 중구청,2022-09-16
부사동401,1,,대전광역시 중구 부사동420-3,36.31154788,127.4327316,,한전주,042-606-6843,대전광역시 중구청,2022-09-16
부사동402,1,,대전광역시 중구 부사동242-4,36.31031618,127.4368836,,한전주,042-606-6843,대전광역시 중구청,2022-09-16
부사동404,1,,대전광역시 중구 부사동307-6,36.31147238,127.4330485,,전용주,042-606-6843,대전광역시 중구청,2022-09-16
사정동001,1,대전광역시 중구 대둔산로364번길18,대전광역시 중구 사정동448,36.30162048,127.3868942,,한전주,042-606-6843,대전광역시 중구청,2022-09-16
사정동002,1,대전광역시 중구 유등천동로188,대전광역시 중구 사정동359-1,36.30095673,127.3842926,,한전주,042-606-6843,대전광역시 중구청,2022-09-16
사정동003,1,대전광역시 중구 유등천동로190-12,대전광역시 중구 사정동352-1,36.30085373,127.3849335,,한전주,042-606-6843,대전광역시 중구청,2022-09-16
사정동004,1,대전광역시 중구 대둔산로351-1,대전광역시 중구 사정동356-1,36.30085373,127.3852692,,전용주,042-606-6843,대전광역시 중구청,2022-09-16
사정동005,1,대전광역시 중구 대둔산로345-1,대전광역시 중구 사정동356-8,36.30034256,127.3850632,,전용주,042-606-6843,대전광역시 중구청,2022-09-16
사정동006,1,대전광역시 중구 유등천동로184-69,대전광역시 중구 사정동357-4,36.30030441,127.3847504,,한전주,042-606-6843,대전광역시 중구청,2022-09-16
사정동007,1,대전광역시 중구 유등천동로184-27,대전광역시 중구 사정동520,36.30075455,127.3844452,,한전주,042-606-6843,대전광역시 중구청,2022-09-16
사정동008,1,대전광역시 중구 유등천동로184-1,대전광역시 중구 사정동359-3,36.30055618,127.3841019,,한전주,042-606-6843,대전광역시 중구청,2022-09-16
사정동009,1,대전광역시 중구 유등천동로184-1,대전광역시 중구 사정동360,36.30030823,127.3841171,,한전주,042-606-6843,대전광역시 중구청,2022-09-16
사정동010,1,,대전광역시 중구 사정동361-1,36.29983139,127.3841171,,한전주,042-606-6843,대전광역시 중구청,2022-09-16
사정동011,1,,대전광역시 중구 사정동361-1,36.29960251,127.3841095,,한전주,042-606-6843,대전광역시 중구청,2022-09-16
사정동012,1,,대전광역시 중구 사정동469-8,36.29919434,127.3840714,,한전주,042-606-6843,대전광역시 중구청,2022-09-16
사정동013,1,대전광역시 중구 대둔산로331-4,대전광역시 중구 사정동362-15,36.2991333,127.3846283,,전용주,042-606-6843,대전광역시 중구청,2022-09-16
사정동014,1,대전광역시 중구 잔디로10번길52,대전광역시 중구 사정동361-2,36.29938126,127.3845901,,전용주,042-606-6843,대전광역시 중구청,2022-09-16
사정동015,1,대전광역시 중구 유등천동로160,대전광역시 중구 사정동468-3,36.29855347,127.3838806,,한전주,042-606-6843,대전광역시 중구청,2022-09-16
사정동016,1,대전광역시 중구 유등천동로160,대전광역시 중구 사정동465-6,36.2982254,127.3838043,,한전주,042-606-6843,대전광역시 중구청,2022-09-16
사정동017,1,대전광역시 중구 유등천동로156,대전광역시 중구 사정동463-3,36.29788208,127.3836517,,한전주,042-606-6843,대전광역시 중구청,2022-09-16
사정동018,1,,대전광역시 중구 사정동463-5,36.29778671,127.383461,,한전주,042-606-6843,대전광역시 중구청,2022-09-16
사정동019,1,대전광역시 중구 대둔산로323번길35,대전광역시 중구 사정동378-6,36.29741669,127.3836288,,한전주,042-606-6843,대전광역시 중구청,2022-09-16
사정동020,1,대전광역시 중구 대둔산로323번길27입구앞,대전광역시 중구 사정동378-7,36.29777527,127.3837891,,한전주,042-606-6843,대전광역시 중구청,2022-09-16
사정동021,1,대전광역시 중구 대둔산로323번길17,대전광역시 중구 사정동378-4,36.29807281,127.383934,,한전주,042-606-6843,대전광역시 중구청,2022-09-16
사정동022,1,대전광역시 중구 대둔산로323번길15,대전광역시 중구 사정동378-1,36.29832077,127.3840408,,한전주,042-606-6843,대전광역시 중구청,2022-09-16
사정동023,1,대전광역시 중구 대둔산로323번길10-4,대전광역시 중구 사정동376-8,36.29832458,127.3845291,,전용주,042-606-6843,대전광역시 중구청,2022-09-16
사정동024,1,대전광역시 중구 대둔산로323번길89-32,대전광역시 중구 사정동386-2,36.29748917,127.3843613,,전용주,042-606-6843,대전광역시 중구청,2022-09-16
사정동025,1,대전광역시 중구 대둔산로323번길47-16,대전광역시 중구 사정동398-5,36.2969017,127.3841171,,한전주,042-606-6843,대전광역시 중구청,2022-09-16
사정동026,1,대전광역시 중구 대둔산로323번길47-10,대전광역시 중구 사정동398-4,36.29689789,127.3838043,,한전주,042-606-6843,대전광역시 중구청,2022-09-16
사정동027,1,대전광역시 중구 대둔산로323번길51,대전광역시 중구 사정동398-1,36.29687881,127.3832626,,한전주,042-606-6843,대전광역시 중구청,2022-09-16
사정동028,1,대전광역시 중구 대둔산로323번길51,대전광역시 중구 사정동399-1,36.29664612,127.3829498,,한전주,042-606-6843,대전광역시 중구청,2022-09-16
사정동029,1,대전광역시 중구 대둔산로323번길55-8,대전광역시 중구 사정동399-2,36.29652023,127.3834305,,한전주,042-606-6843,대전광역시 중구청,2022-09-16
사정동030,1,대전광역시 중구 대둔산로323번길55-20,대전광역시 중구 사정동399-6,36.2965126,127.3839035,,한전주,042-606-6843,대전광역시 중구청,2022-09-16
사정동031,1,대전광역시 중구 대둔산로323번길67,대전광역시 중구 사정동497-1,36.29637146,127.3827057,,한전주,042-606-6843,대전광역시 중구청,2022-09-16
사정동032,1,대전광역시 중구 안영로79번길29,대전광역시 중구 사정동495-1,36.29493332,127.3815231,,한전주,042-606-6843,대전광역시 중구청,2022-09-16
사정동033,1,,대전광역시 중구 사정동481-12,36.29527283,127.3814468,,한전주,042-606-6843,대전광역시 중구청,2022-09-16
사정동034,1,,대전광역시 중구 사정동516-1,36.29490662,127.3811264,,한전주,042-606-6843,대전광역시 중구청,2022-09-16
사정동035,1,,대전광역시 중구 사정동516-1,36.29489899,127.3811417,,한전주,042-606-6843,대전광역시 중구청,2022-09-16
사정동036,1,,대전광역시 중구 사정동516-3,36.29457855,127.3808746,,한전주,042-606-6843,대전광역시 중구청,2022-09-16
사정동037,1,,대전광역시 중구 사정동516-3,36.29460144,127.380867,,한전주,042-606-6843,대전광역시 중구청,2022-09-16
사정동038,1,대전광역시 중구 유등천동로108,대전광역시 중구 사정동516-5,36.2943573,127.3806686,,한전주,042-606-6843,대전광역시 중구청,2022-09-16
사정동039,1,대전광역시 중구 유등천동로108,대전광역시 중구 사정동516-5,36.29437256,127.380661,,한전주,042-606-6843,대전광역시 중구청,2022-09-16
사정동040,1,,대전광역시 중구 사정동485-13,36.29412842,127.3804855,,한전주,042-606-6843,대전광역시 중구청,2022-09-16
사정동041,1,대전광역시 중구 유등천동로102,대전광역시 중구 사정동485-13,36.29391098,127.3802872,,한전주,042-606-6843,대전광역시 중구청,2022-09-16
사정동042,1,대전광역시 중구 유등천동로102,대전광역시 중구 사정동485-13,36.29393387,127.3802795,,한전주,042-606-6843,대전광역시 중구청,2022-09-16
사정동043,1,,대전광역시 중구 사정동642-1,36.29369354,127.3800735,,한전주,042-606-6843,대전광역시 중구청,2022-09-16
사정동044,1,,대전광역시 중구 사정동547-2,36.29350281,127.3798828,,한전주,042-606-6843,대전광역시 중구청,2022-09-16
사정동045,1,,대전광역시 중구 사정동547-2,36.29349136,127.3798752,,한전주,042-606-6843,대전광역시 중구청,2022-09-16
사정동046,1,,대전광역시 중구 사정동586-55,36.29327011,127.3796463,,한전주,042-606-6843,대전광역시 중구청,2022-09-16
사정동047,1,대전광역시 중구 유등천동로89,대전광역시 중구 사정동586-55,36.29303741,127.379425,,한전주,042-606-6843,대전광역시 중구청,2022-09-16
사정동048,1,대전광역시 중구 유등천동로86,대전광역시 중구 사정동586-55,36.2930603,127.3794098,,한전주,042-606-6843,대전광역시 중구청,2022-09-16
사정동049,1,,대전광역시 중구 사정동648-1,36.29279709,127.3791656,,한전주,042-606-6843,대전광역시 중구청,2022-09-16
사정동050,1,,대전광역시 중구 사정동648-1,36.29282761,127.379158,,한전주,042-606-6843,대전광역시 중구청,2022-09-16
사정동051,1,,대전광역시 중구 사정동439-14,36.30054855,127.385994,,한전주,042-606-6843,대전광역시 중구청,2022-09-16
사정동052,1,,대전광역시 중구 사정동439-16,36.30054474,127.386528,,건축물,042-606-6843,대전광역시 중구청,2022-09-16
사정동053,1,,대전광역시 중구 사정동439-14,36.30048752,127.3869247,,건축물,042-606-6843,대전광역시 중구청,2022-09-16
사정동054,1,,대전광역시 중구 사정동433-74,36.30025101,127.3869476,,건축물,042-606-6843,대전광역시 중구청,2022-09-16
사정동055,1,,대전광역시 중구 사정동439-14,36.29996109,127.3869553,,건축물,042-606-6843,대전광역시 중구청,2022-09-16
사정동056,1,,대전광역시 중구 사정동439-14,36.29967499,127.3869705,,건축물,042-606-6843,대전광역시 중구청,2022-09-16
사정동057,1,대전광역시 중구 대둔산로350번길45,대전광역시 중구 사정동433-15,36.29953384,127.3869705,,전용주,042-606-6843,대전광역시 중구청,2022-09-16
사정동058,1,대전광역시 중구 대둔산로346번길27,대전광역시 중구 사정동433-4,36.29951096,127.386673,,한전주,042-606-6843,대전광역시 중구청,2022-09-16
사정동059,1,대전광역시 중구 대둔산로346번길15,대전광역시 중구 사정동산 17-8,36.2996521,127.3862762,,한전주,042-606-6843,대전광역시 중구청,2022-09-16
사정동060,1,대전광역시 중구 대둔산로346번길4,대전광역시 중구 사정동586-28,36.29986954,127.3857956,,한전주,042-606-6843,대전광역시 중구청,2022-09-16
사정동061,1,대전광역시 중구 대둔산로346번길7,대전광역시 중구 사정동374-2,36.29998398,127.385704,,한전주,042-606-6843,대전광역시 중구청,2022-09-16
사정동062,1,대전광역시 중구 대둔산로346번길36,대전광역시 중구 사정동433-26,36.29924393,127.3869934,,한전주,042-606-6843,대전광역시 중구청,2022-09-16
사정동063,1,대전광역시 중구 대둔산로346번길42,대전광역시 중구 사정동433-62,36.29923248,127.3874741,,한전주,042-606-6843,대전광역시 중구청,2022-09-16
사정동064,1,대전광역시 중구 대둔산로346번길42,대전광역시 중구 사정동433-72,36.29898834,127.3875656,,한전주,042-606-6843,대전광역시 중구청,2022-09-16
사정동065,1,대전광역시 중구 대둔산로346번길47-18,대전광역시 중구 사정동433-82,36.29901123,127.3878174,,한전주,042-606-6843,대전광역시 중구청,2022-09-16
사정동066,1,대전광역시 중구 대둔산로346번길38,대전광역시 중구 사정동433-70,36.29899597,127.3872299,,한전주,042-606-6843,대전광역시 중구청,2022-09-16
사정동067,1,대전광역시 중구 대둔산로346번길54,대전광역시 중구 사정동433-72,36.29861832,127.3876266,,한전주,042-606-6843,대전광역시 중구청,2022-09-16
사정동068,1,대전광역시 중구 대둔산로346번길66,대전광역시 중구 사정동433-70,36.29849625,127.3872223,,전용주,042-606-6843,대전광역시 중구청,2022-09-16
사정동069,1,대전광역시 중구 대둔산로346번길70,대전광역시 중구 사정동433-16,36.29857254,127.3869934,,전용주,042-606-6843,대전광역시 중구청,2022-09-16
사정동070,1,대전광역시 중구 대둔산로346번길62,대전광역시 중구 사정동433-7,36.29879379,127.3869553,,한전주,042-606-6843,대전광역시 중구청,2022-09-16
사정동071,1,대전광역시 중구 대둔산로326번길15,대전광역시 중구 사정동420-1,36.29835892,127.3858948,,한전주,042-606-6843,대전광역시 중구청,2022-09-16
사정동072,1,대전광역시 중구 대둔산로326번길10,대전광역시 중구 사정동413-2,36.2983284,127.3855591,,한전주,042-606-6843,대전광역시 중구청,2022-09-16
사정동073,1,대전광역시 중구 대둔산로326번길6,대전광역시 중구 사정동387-1,36.29837036,127.3852997,,한전주,042-606-6843,대전광역시 중구청,2022-09-16
사정동074,1,대전광역시 중구 대둔산로316번길17-2,대전광역시 중구 사정동422,36.29764175,127.3858109,,한전주,042-606-6843,대전광역시 중구청,2022-09-16
사정동075,1,대전광역시 중구 대둔산로350번길86-13,대전광역시 중구 사정동388-3,36.29771042,127.3861847,,한전주,042-606-6843,대전광역시 중구청,2022-09-16
사정동076,1,대전광역시 중구 대둔산로350번길86-9,대전광역시 중구 사정동388-4,36.29766464,127.3864822,,한전주,042-606-6843,대전광역시 중구청,2022-09-16
사정동077,1,대전광역시 중구 대둔산로350번길81,대전광역시 중구 사정동391-1,36.29780197,127.3869476,,한전주,042-606-6843,대전광역시 중구청,2022-09-16
사정동078,1,대전광역시 중구 산서로53번길41,대전광역시 중구 사정동391-3,36.2977066,127.3873825,,한전주,042-606-6843,대전광역시 중구청,2022-09-16
사정동079,1,대전광역시 중구 산서로53번길46,대전광역시 중구 사정동392-68,36.29761887,127.3871689,,한전주,042-606-6843,대전광역시 중구청,2022-09-16
사정동080,1,대전광역시 중구 산서로53번길29,대전광역시 중구 사정동393-2,36.29728317,127.3872528,,한전주,042-606-6843,대전광역시 중구청,2022-09-16
사정동081,1,대전광역시 중구 산서로53번길29,대전광역시 중구 사정동393-2,36.29722595,127.3873138,,한전주,042-606-6843,대전광역시 중구청,2022-09-16
사정동082,1,대전광역시 중구 산서로53번길25,대전광역시 중구 사정동393-4,36.29688644,127.387146,,한전주,042-606-6843,대전광역시 중구청,2022-09-16
사정동083,1,대전광역시 중구 대둔산로350번길107-9,대전광역시 중구 사정동393-5,36.29669189,127.3870392,,전용주,042-606-6843,대전광역시 중구청,2022-09-16
사정동084,1,대전광역시 중구 대둔산로350번길107-3,대전광역시 중구 사정동393-7,36.29677963,127.3864441,,한전주,042-606-6843,대전광역시 중구청,2022-09-16
사정동085,1,대전광역시 중구 대둔산로350번길100,대전광역시 중구 사정동394-14,36.29702759,127.386467,,한전주,042-606-6843,대전광역시 중구청,2022-09-16
사정동086,1,대전광역시 중구 대둔산로350번길99,대전광역시 중구 사정동393-7,36.29714584,127.3866653,,전용주,042-606-6843,대전광역시 중구청,2022-09-16
사정동087,1,대전광역시 중구 대둔산로316번길38,대전광역시 중구 사정동393-1,36.29730606,127.3867645,,한전주,042-606-6843,대전광역시 중구청,2022-09-16
사정동088,1,대전광역시 중구 대둔산로316번길28,대전광역시 중구 사정동394-7,36.29737091,127.3862839,,한전주,042-606-6843,대전광역시 중구청,2022-09-16
사정동089,1,대전광역시 중구 대둔산로316번길20,대전광역시 중구 사정동394-4,36.29740524,127.3858566,,한전주,042-606-6843,대전광역시 중구청,2022-09-16
사정동090,1,대전광역시 중구 대둔산로316번길18,대전광역시 중구 사정동394-3,36.29743195,127.3856125,,한전주,042-606-6843,대전광역시 중구청,2022-09-16
사정동091,1,대전광역시 중구 대둔산로316번길1,대전광역시 중구 사정동395-1,36.29747391,127.3850708,,전용주,042-606-6843,대전광역시 중구청,2022-09-16
사정동092,1,대전광역시 중구 대둔산로350번길102-22,대전광역시 중구 사정동394-13,36.29730225,127.3852615,,한전주,042-606-6843,대전광역시 중구청,2022-09-16
사정동093,1,대전광역시 중구 대둔산로350번길102-16,대전광역시 중구 사정동394-11,36.29711151,127.3855209,,한전주,042-606-6843,대전광역시 중구청,2022-09-16
사정동094,1,대전광역시 중구 대둔산로350번길102-15,대전광역시 중구 사정동405-2,36.29701233,127.385849,,한전주,042-606-6843,대전광역시 중구청,2022-09-16
사정동095,1,대전광역시 중구 대둔산로310-3,대전광역시 중구 사정동402-1,36.29699326,127.3852539,,한전주,042-606-6843,대전광역시 중구청,2022-09-16
사정동096,1,,대전광역시 중구 사정동403,36.29655075,127.3852234,,한전주,042-606-6843,대전광역시 중구청,2022-09-16
사정동097,1,,대전광역시 중구 사정동403,36.29643631,127.3853607,,한전주,042-606-6843,대전광역시 중구청,2022-09-16
사정동098,1,대전광역시 중구 대둔산로310-53,대전광역시 중구 사정동405-8,36.29642868,127.3856277,,한전주,042-606-6843,대전광역시 중구청,2022-09-16
사정동099,1,,대전광역시 중구 사정동403,36.2963028,127.385025,,전용주,042-606-6843,대전광역시 중구청,2022-09-16
사정동100,1,대전광역시 중구 대둔산로350번길122,대전광역시 중구 사정동406-12,36.29622269,127.3859711,,한전주,042-606-6843,대전광역시 중구청,2022-09-16
사정동101,1,대전광역시 중구 대둔산로350번길115,대전광역시 중구 사정동406-13,36.29648209,127.3862028,,한전주,042-606-6843,대전광역시 중구청,2022-09-16
사정동102,1,대전광역시 중구 대둔산로300번길49,대전광역시 중구 사정동408,36.29628372,127.3870316,,한전주,042-606-6843,대전광역시 중구청,2022-09-16
사정동103,1,대전광역시 중구 산서로53번길7,대전광역시 중구 사정동406-6,36.29613495,127.386879,,한전주,042-606-6843,대전광역시 중구청,2022-09-16
사정동104,1,대전광역시 중구 대둔산로300번길35,대전광역시 중구 사정동442-3,36.29614639,127.3864136,,한전주,042-606-6843,대전광역시 중구청,2022-09-16
사정동105,1,대전광역시 중구 대둔산로300번길69-5,대전광역시 중구 사정동409-4,36.29611969,127.3883362,,한전주,042-606-6843,대전광역시 중구청,2022-09-16
사정동106,1,대전광역시 중구 대둔산로300번길73,대전광역시 중구 사정동428-10,36.29611969,127.3886261,,한전주,042-606-6843,대전광역시 중구청,2022-09-16
사정동107,1,대전광역시 중구 대둔산로300번길79,대전광역시 중구 사정동428-6,36.29611588,127.3889465,,한전주,042-606-6843,대전광역시 중구청,2022-09-16
사정동108,1,대전광역시 중구 대둔산로300번길83-2,대전광역시 중구 사정동429-7,36.2960968,127.389328,,한전주,042-606-6843,대전광역시 중구청,2022-09-16
사정동109,1,대전광역시 중구 대둔산로300번길83-5,대전광역시 중구 사정동428-5,36.29639435,127.3893738,,한전주,042-606-6843,대전광역시 중구청,2022-09-16
사정동110,1,대전광역시 중구 대둔산로300번길83-19,대전광역시 중구 사정동428-3,36.29644394,127.3889618,,한전주,042-606-6843,대전광역시 중구청,2022-09-16
사정동111,1,대전광역시 중구 대둔산로300번길69-9,대전광역시 중구 사정동409-2,36.29658127,127.3884125,,한전주,042-606-6843,대전광역시 중구청,2022-09-16
사정동112,1,대전광역시 중구 산서로71번길49,대전광역시 중구 사정동425-2,36.29680252,127.3886337,,한전주,042-606-6843,대전광역시 중구청,2022-09-16
사정동113,1,대전광역시 중구 산서로71번길40,대전광역시 중구 사정동392-14,36.29697037,127.3890381,,한전주,042-606-6843,대전광역시 중구청,2022-09-16
사정동114,1,대전광역시 중구 산서로71번길37,대전광역시 중구 사정동425-4,36.29682922,127.3892059,,한전주,042-606-6843,대전광역시 중구청,2022-09-16
사정동115,1,,대전광역시 중구 사정동425-6,36.29669571,127.3897324,,한전주,042-606-6843,대전광역시 중구청,2022-09-16
사정동116,1,,대전광역시 중구 사정동639,36.29627609,127.3899155,,한전주,042-606-6843,대전광역시 중구청,2022-09-16
사정동117,1,대전광역시 중구 산서로81-37,대전광역시 중구 사정동344-9,36.29517746,127.3905182,,전용주,042-606-6843,대전광역시 중구청,2022-09-16
사정동118,1,대전광역시 중구 산서로81-68,대전광역시 중구 사정동344-3,36.29473877,127.3899918,,한전주,042-606-6843,대전광역시 중구청,2022-09-16
사정동119,1,,대전광역시 중구 사정동344,36.29445267,127.389595,,전용주,042-606-6843,대전광역시 중구청,2022-09-16
사정동120,1,대전광역시 중구 산서로62번길5,대전광역시 중구 사정동507-1,36.29548645,127.3879089,,한전주,042-606-6843,대전광역시 중구청,2022-09-16
사정동121,1,대전광역시 중구 산서로50번길29-2,대전광역시 중구 사정동507-6,36.29544067,127.3875275,,한전주,042-606-6843,대전광역시 중구청,2022-09-16
사정동122,1,대전광역시 중구 산서로50번길23,대전광역시 중구 사정동509-4,36.29544067,127.3872223,,한전주,042-606-6843,대전광역시 중구청,2022-09-16
사정동123,1,대전광역시 중구 산서로50번길7,대전광역시 중구 사정동509-1,36.29542542,127.3866043,,한전주,042-606-6843,대전광역시 중구청,2022-09-16
사정동124,1,대전광역시 중구 산서로62번길50,대전광역시 중구 사정동511-2,36.29546738,127.3850174,,한전주,042-606-6843,대전광역시 중구청,2022-09-16
사정동125,1,대전광역시 중구 산서로62번길77,대전광역시 중구 사정동511-5,36.29489517,127.3846588,,한전주,042-606-6843,대전광역시 중구청,2022-09-16
사정동126,1,대전광역시 중구 산서로62번길105,대전광역시 중구 사정동531-3,36.29374695,127.3838043,,한전주,042-606-6843,대전광역시 중구청,2022-09-16
사정동127,1,대전광역시 중구 산서로50번길19,대전광역시 중구 사정동509-6,36.29526138,127.3865891,,한전주,042-606-6843,대전광역시 중구청,2022-09-16
사정동128,1,대전광역시 중구 산서로62번길23,대전광역시 중구 사정동508,36.29516983,127.3871918,,전용주,042-606-6843,대전광역시 중구청,2022-09-16
사정동129,1,대전광역시 중구 산서로50번길29-1,대전광역시 중구 사정동507-5,36.29518127,127.3874435,,전용주,042-606-6843,대전광역시 중구청,2022-09-16
사정동130,1,대전광역시 중구 산서로50번길29-3,대전광역시 중구 사정동507-7,36.29518509,127.3877106,,전용주,042-606-6843,대전광역시 중구청,2022-09-16
사정동131,1,대전광역시 중구 산서로50번길39,대전광역시 중구 사정동507-11,36.29521179,127.3881226,,전용주,042-606-6843,대전광역시 중구청,2022-09-16
사정동132,1,대전광역시 중구 산서로130-91,대전광역시 중구 사정동산 65-1,36.28834152,127.3849487,,한전주,042-606-6843,대전광역시 중구청,2022-09-16
사정동133,1,,대전광역시 중구 사정동314,36.28859329,127.3867264,,한전주,042-606-6843,대전광역시 중구청,2022-09-16
사정동134,1,,대전광역시 중구 사정동314,36.28930283,127.3870239,,한전주,042-606-6843,대전광역시 중구청,2022-09-16
사정동135,1,,대전광역시 중구 사정동130-20,36.28986359,127.3872757,,한전주,042-606-6843,대전광역시 중구청,2022-09-16
사정동136,1,,대전광역시 중구 사정동130-20,36.29035568,127.3875122,,한전주,042-606-6843,대전광역시 중구청,2022-09-16
사정동137,1,대전광역시 중구 사정공원로212번길39,대전광역시 중구 사정동194-2,36.29819107,127.3959503,,한전주,042-606-6843,대전광역시 중구청,2022-09-16
사정동138,1,,대전광역시 중구 사정동221-2,36.29846954,127.3956909,,한전주,042-606-6843,대전광역시 중구청,2022-09-16
사정동139,1,대전광역시 중구 사정공원로212번길15,대전광역시 중구 사정동225,36.29885864,127.3952103,,한전주,042-606-6843,대전광역시 중구청,2022-09-16
사정동140,1,,대전광역시 중구 사정동586-59,36.29496945,127.389858,,전용주,042-606-6843,대전광역시 중구청,2022-09-16
사정동141,1,,대전광역시 중구 사정동370-2,36.29538568,127.3886466,,전용주,042-606-6843,대전광역시 중구청,2022-09-16
사정동142,1,,대전광역시 중구 사정동산 53,36.29528278,127.3884207,,전용주,042-606-6843,대전광역시 중구청,2022-09-16
사정동143,1,,대전광역시 중구 사정동407,36.29650609,127.3870463,,한전주,042-606-6843,대전광역시 중구청,2022-09-16
사정동144,1,,대전광역시 중구 사정동408-1,36.29615058,127.3876012,,한전주,042-606-6843,대전광역시 중구청,2022-09-16
사정동145,1,,대전광역시 중구 사정동535,36.29631052,127.3876047,,한전주,042-606-6843,대전광역시 중구청,2022-09-16
사정동146,1,,대전광역시 중구 사정동352-1,36.30096514,127.3848138,,한전주,042-606-6843,대전광역시 중구청,2022-09-16
사정동147,1,,대전광역시 중구 사정동394-9,36.29732988,127.3865939,,한전주,042-606-6843,대전광역시 중구청,2022-09-16
사정동148,1,,대전광역시 중구 사정동388-8,36.29760427,127.3866812,,한전주,042-606-6843,대전광역시 중구청,2022-09-16
사정동149,1,,대전광역시 중구 사정동405-11,36.29697074,127.386183,,한전주,042-606-6843,대전광역시 중구청,2022-09-16
사정동150,1,,대전광역시 중구 사정동406-2,36.29662241,127.3866071,,한전주,042-606-6843,대전광역시 중구청,2022-09-16
사정동152,1,,대전광역시 중구 사정동산 57-3,36.29435391,127.384439,,전용주,042-606-6843,대전광역시 중구청,2022-09-16
사정동153,1,,대전광역시 중구 사정동407,36.29635439,127.3872793,,전용주,042-606-6843,대전광역시 중구청,2022-09-16
사정동155,1,,대전광역시 중구 사정동519,36.30008631,127.384868,,한전주,042-606-6843,대전광역시 중구청,2022-09-16
산성동001,1,대전광역시 중구 유등천동로326-10,대전광역시 중구 산성동143-2,36.31088257,127.3878403,,한전주,042-606-6843,대전광역시 중구청,2022-09-16
산성동002,1,,대전광역시 중구 산성동142-6,36.3111763,127.3876572,,한전주,042-606-6843,대전광역시 중구청,2022-09-16
산성동003,1,대전광역시 중구 유등천동로324번길13,대전광역시 중구 산성동142-6,36.31141663,127.3878479,,한전주,042-606-6843,대전광역시 중구청,2022-09-16
산성동004,1,대전광역시 중구 유등천동로324번길13,대전광역시 중구 산성동142-9,36.31189346,127.3882141,,한전주,042-606-6843,대전광역시 중구청,2022-09-16
산성동005,1,대전광역시 중구 유등천동로324번길28,대전광역시 중구 산성동141-11,36.31231308,127.3885345,,한전주,042-606-6843,대전광역시 중구청,2022-09-16
산성동006,1,대전광역시 중구 대둔산로485,대전광역시 중구 산성동141-8,36.31253815,127.3887329,,전용주,042-606-6843,대전광역시 중구청,2022-09-16
산성동007,1,,대전광역시 중구 산성동141-14,36.31285095,127.3887787,,전용주,042-606-6843,대전광역시 중구청,2022-09-16
산성동008,1,대전광역시 중구 대둔산로490-1,대전광역시 중구 산성동140-35,36.31286621,127.3895569,,한전주,042-606-6843,대전광역시 중구청,2022-09-16
산성동009,1,대전광역시 중구 대둔산로486번길15,대전광역시 중구 산성동140-25,36.31270218,127.3897476,,한전주,042-606-6843,대전광역시 중구청,2022-09-16
산성동010,1,대전광역시 중구 대둔산로486번길22,대전광역시 중구 산성동140-50,36.31251144,127.3899307,,한전주,042-606-6843,대전광역시 중구청,2022-09-16
산성동011,1,대전광역시 중구 대둔산로486번길24,대전광역시 중구 산성동140-23,36.3123436,127.3898621,,한전주,042-606-6843,대전광역시 중구청,2022-09-16
산성동012,1,대전광역시 중구 대둔산로486번길27,대전광역시 중구 산성동140-12,36.31218338,127.3898163,,전용주,042-606-6843,대전광역시 중구청,2022-09-16
산성동013,1,대전광역시 중구 대둔산로486번길36,대전광역시 중구 산성동140-14,36.31201172,127.3893509,,한전주,042-606-6843,대전광역시 중구청,2022-09-16
산성동014,1,대전광역시 중구 대둔산로480번길11,대전광역시 중구 산성동145-14,36.3118782,127.3894424,,한전주,042-606-6843,대전광역시 중구청,2022-09-16
산성동015,1,대전광역시 중구 대둔산로480번길6-1,대전광역시 중구 산성동145-21,36.31159973,127.3891068,,한전주,042-606-6843,대전광역시 중구청,2022-09-16
산성동016,1,대전광역시 중구 대둔산로480,대전광역시 중구 산성동140-17,36.31181717,127.3890686,,한전주,042-606-6843,대전광역시 중구청,2022-09-16
산성동017,1,대전광역시 중구 대둔산로486번길8,대전광역시 중구 산성동140-28,36.31237793,127.3894119,,한전주,042-606-6843,대전광역시 중구청,2022-09-16
산성동018,1,대전광역시 중구 대둔산로494번길20,대전광역시 중구 산성동136-57,36.31336594,127.390358,,한전주,042-606-6843,대전광역시 중구청,2022-09-16
산성동019,1,대전광역시 중구 대둔산로494번길20-1,대전광역시 중구 산성동136-56,36.31313705,127.3904572,,한전주,042-606-6843,대전광역시 중구청,2022-09-16
산성동020,1,대전광역시 중구 대둔산로494번길22-7,대전광역시 중구 산성동136-51,36.31290436,127.3906555,,한전주,042-606-6843,대전광역시 중구청,2022-09-16
산성동021,1,대전광역시 중구 대둔산로494번길26-1,대전광역시 중구 산성동136-103,36.31341553,127.3908386,,전용주,042-606-6843,대전광역시 중구청,2022-09-16
산성동022,1,대전광역시 중구 대둔산로494번길34-1,대전광역시 중구 산성동136-99,36.31348038,127.3911667,,전용주,042-606-6843,대전광역시 중구청,2022-09-16
산성동023,1,대전광역시 중구 당디로95번길2,대전광역시 중구 산성동136-33,36.31334305,127.3915863,,한전주,042-606-6843,대전광역시 중구청,2022-09-16
산성동024,1,대전광역시 중구 당디로95번길10,대전광역시 중구 산성동136-72,36.31309128,127.3914032,,전용주,042-606-6843,대전광역시 중구청,2022-09-16
산성동025,1,대전광역시 중구 당디로95번길18,대전광역시 중구 산성동136-47,36.31310272,127.3911133,,한전주,042-606-6843,대전광역시 중구청,2022-09-16
산성동026,1,대전광역시 중구 당디로95번길21,대전광역시 중구 산성동136-45,36.31283569,127.3910294,,한전주,042-606-6843,대전광역시 중구청,2022-09-16
산성동027,1,대전광역시 중구 당디로95번길30,대전광역시 중구 산성동136-41,36.31249237,127.3909149,,한전주,042-606-6843,대전광역시 중구청,2022-09-16
산성동028,1,대전광역시 중구 당디로95번길35,대전광역시 중구 산성동136-27,36.31253433,127.3905721,,한전주,042-606-6843,대전광역시 중구청,2022-09-16
산성동029,1,대전광역시 중구 문화로45번길48-1,대전광역시 중구 산성동136-113,36.31274033,127.390419,,한전주,042-606-6843,대전광역시 중구청,2022-09-16
산성동030,1,대전광역시 중구 문화로45번길55,대전광역시 중구 산성동140-52,36.3129921,127.3900375,,한전주,042-606-6843,대전광역시 중구청,2022-09-16
산성동031,1,대전광역시 중구 문화로45번길47,대전광역시 중구 산성동140-48,36.31272125,127.3901367,,한전주,042-606-6843,대전광역시 중구청,2022-09-16
산성동032,1,대전광역시 중구 문화로45번길41,대전광역시 중구 산성동140-56,36.3124733,127.3902512,,한전주,042-606-6843,대전광역시 중구청,2022-09-16
산성동033,1,대전광역시 중구 대둔산로480번길37,대전광역시 중구 산성동140-61,36.31216812,127.3903503,,한전주,042-606-6843,대전광역시 중구청,2022-09-16
산성동034,1,대전광역시 중구 대둔산로480번길15,대전광역시 중구 산성동146-2,36.31196976,127.3897705,,한전주,042-606-6843,대전광역시 중구청,2022-09-16
산성동035,1,대전광역시 중구 대둔산로480번길36,대전광역시 중구 산성동136-83,36.31215286,127.390564,,한전주,042-606-6843,대전광역시 중구청,2022-09-16
산성동036,1,대전광역시 중구 대둔산로480번길39,대전광역시 중구 산성동136-40,36.31225204,127.3909149,,한전주,042-606-6843,대전광역시 중구청,2022-09-16
산성동037,1,대전광역시 중구 대둔산로480번길41,대전광역시 중구 산성동135-5,36.31232452,127.3912659,,한전주,042-606-6843,대전광역시 중구청,2022-09-16
산성동038,1,대전광역시 중구 대둔산로480번길51,대전광역시 중구 산성동136-78,36.31240845,127.3916473,,한전주,042-606-6843,대전광역시 중구청,2022-09-16
산성동039,1,대전광역시 중구 당디로85,대전광역시 중구 산성동136-36,36.31248474,127.3918839,,건축물,042-606-6843,대전광역시 중구청,2022-09-16
산성동040,1,대전광역시 중구 당디로79번길6,대전광역시 중구 산성동136-11,36.31192017,127.3918457,,한전주,042-606-6843,대전광역시 중구청,2022-09-16
산성동041,1,대전광역시 중구 당디로75번길30,대전광역시 중구 산성동134-22,36.31169128,127.3917694,,한전주,042-606-6843,대전광역시 중구청,2022-09-16
산성동042,1,대전광역시 중구 당디로79번길16,대전광역시 중구 산성동134-38,36.31181335,127.3913651,,한전주,042-606-6843,대전광역시 중구청,2022-09-16
산성동043,1,대전광역시 중구 문화로51번길17,대전광역시 중구 산성동133-14,36.3115921,127.3912354,,한전주,042-606-6843,대전광역시 중구청,2022-09-16
산성동044,1,대전광역시 중구 문화로51번길12,대전광역시 중구 산성동133-4,36.31130219,127.3914185,,한전주,042-606-6843,대전광역시 중구청,2022-09-16
산성동045,1,대전광역시 중구 문화로53,대전광역시 중구 산성동133-6,36.3109436,127.3915634,,한전주,042-606-6843,대전광역시 중구청,2022-09-16
산성동046,1,대전광역시 중구 문화로51번길10,대전광역시 중구 산성동134-34,36.31125641,127.391571,,한전주,042-606-6843,대전광역시 중구청,2022-09-16
산성동047,1,대전광역시 중구 당디로75번길17,대전광역시 중구 산성동134-46,36.31128693,127.3917313,,한전주,042-606-6843,대전광역시 중구청,2022-09-16
산성동048,1,대전광역시 중구 당디로75번길11,대전광역시 중구 산성동134-41,36.31143188,127.3919983,,한전주,042-606-6843,대전광역시 중구청,2022-09-16
산성동049,1,대전광역시 중구 당디로77,대전광역시 중구 산성동134-14,36.31176758,127.3921661,,전용주,042-606-6843,대전광역시 중구청,2022-09-16
산성동050,1,대전광역시 중구 당디로79번길20,대전광역시 중구 산성동135-42,36.31175613,127.391098,,한전주,042-606-6843,대전광역시 중구청,2022-09-16
산성동051,1,대전광역시 중구 당디로79번길26,대전광역시 중구 산성동133-1,36.31171036,127.3909073,,한전주,042-606-6843,대전광역시 중구청,2022-09-16
산성동052,1,대전광역시 중구 문화로45번길27,대전광역시 중구 산성동146-15,36.31180954,127.3904877,,한전주,042-606-6843,대전광역시 중구청,2022-09-16
산성동053,1,대전광역시 중구 당디로79번길34,대전광역시 중구 산성동146-17,36.31158066,127.3903656,,한전주,042-606-6843,대전광역시 중구청,2022-09-16
산성동054,1,대전광역시 중구 당디로79번길36,대전광역시 중구 산성동146-18,36.31156158,127.3902054,,한전주,042-606-6843,대전광역시 중구청,2022-09-16
산성동055,1,대전광역시 중구 당디로79번길43,대전광역시 중구 산성동147-17,36.31137848,127.3898926,,한전주,042-606-6843,대전광역시 중구청,2022-09-16
산성동056,1,대전광역시 중구 문화로33번길30,대전광역시 중구 산성동146-21,36.3115387,127.3896561,,한전주,042-606-6843,대전광역시 중구청,2022-09-16
산성동057,1,대전광역시 중구 문화로33번길32,대전광역시 중구 산성동146-9,36.3116951,127.389595,,한전주,042-606-6843,대전광역시 중구청,2022-09-16
산성동058,1,대전광역시 중구 문화로33번길21,대전광역시 중구 산성동147-19,36.31125259,127.3895798,,한전주,042-606-6843,대전광역시 중구청,2022-09-16
산성동059,1,대전광역시 중구 문화로33번길15,대전광역시 중구 산성동145-30,36.31098557,127.3894424,,한전주,042-606-6843,대전광역시 중구청,2022-09-16
산성동060,1,대전광역시 중구 대둔산로466번길7-11,대전광역시 중구 산성동145-28,36.31113052,127.3891373,,한전주,042-606-6843,대전광역시 중구청,2022-09-16
산성동061,1,대전광역시 중구 대둔산로466번길7-1,대전광역시 중구 산성동145-36,36.31086349,127.3890228,,한전주,042-606-6843,대전광역시 중구청,2022-09-16
산성동062,1,대전광역시 중구 대둔산로466번길8,대전광역시 중구 산성동144-21,36.31063843,127.3889465,,한전주,042-606-6843,대전광역시 중구청,2022-09-16
산성동063,1,대전광역시 중구 문화로33번길17,대전광역시 중구 산성동145-40,36.31082916,127.3894272,,한전주,042-606-6843,대전광역시 중구청,2022-09-16
산성동064,1,대전광역시 중구 대둔산로466번길25,대전광역시 중구 산성동147-22,36.31097794,127.3899612,,한전주,042-606-6843,대전광역시 중구청,2022-09-16
산성동065,1,대전광역시 중구 대둔산로466번길35,대전광역시 중구 산성동147-25,36.31107712,127.390358,,한전주,042-606-6843,대전광역시 중구청,2022-09-16
산성동066,1,대전광역시 중구 문화로45번길5,대전광역시 중구 산성동152-16,36.31079102,127.3908768,,한전주,042-606-6843,대전광역시 중구청,2022-09-16
산성동067,1,대전광역시 중구 대둔산로466번길39,대전광역시 중구 산성동147-33,36.31121445,127.3907166,,한전주,042-606-6843,대전광역시 중구청,2022-09-16
산성동068,1,대전광역시 중구 문화로66,대전광역시 중구 산성동115-3,36.31101227,127.393158,,한전주,042-606-6843,대전광역시 중구청,2022-09-16
산성동069,1,대전광역시 중구 문화로66-2,대전광역시 중구 산성동115-44,36.31079102,127.3931808,,한전주,042-606-6843,대전광역시 중구청,2022-09-16
산성동070,1,대전광역시 중구 문화로74-2,대전광역시 중구 산성동114-28,36.31108093,127.3940735,,한전주,042-606-6843,대전광역시 중구청,2022-09-16
산성동071,1,대전광역시 중구 문화로86,대전광역시 중구 산성동104-20,36.31153488,127.3951797,,전용주,042-606-6843,대전광역시 중구청,2022-09-16
산성동072,1,대전광역시 중구 문화로88-5,대전광역시 중구 산성동104-36,36.31162643,127.3955307,,한전주,042-606-6843,대전광역시 중구청,2022-09-16
산성동073,1,대전광역시 중구 문화로94번길10,대전광역시 중구 산성동104-8,36.31147003,127.3961105,,전용주,042-606-6843,대전광역시 중구청,2022-09-16
산성동074,1,대전광역시 중구 문화로78번안길29,대전광역시 중구 산성동108-7,36.31123734,127.3961029,,한전주,042-606-6843,대전광역시 중구청,2022-09-16
산성동075,1,대전광역시 중구 문화로78번안길25,대전광역시 중구 산성동108-6,36.3111763,127.3958893,,한전주,042-606-6843,대전광역시 중구청,2022-09-16
산성동076,1,대전광역시 중구 문화로78번안길24,대전광역시 중구 산성동108-18,36.3110466,127.3957367,,한전주,042-606-6843,대전광역시 중구청,2022-09-16
산성동077,1,대전광역시 중구 문화로78번안길19,대전광역시 중구 산성동108-4,36.31107712,127.3955078,,한전주,042-606-6843,대전광역시 중구청,2022-09-16
산성동078,1,대전광역시 중구 문화로78번안길15,대전광역시 중구 산성동104-57,36.31099319,127.3952408,,한전주,042-606-6843,대전광역시 중구청,2022-09-16
산성동079,1,대전광역시 중구 문화로78번안길9,대전광역시 중구 산성동104-48,36.31090546,127.3949509,,한전주,042-606-6843,대전광역시 중구청,2022-09-16
산성동080,1,대전광역시 중구 문화로78번길11,대전광역시 중구 산성동104-45,36.31087112,127.3945999,,한전주,042-606-6843,대전광역시 중구청,2022-09-16
산성동081,1,대전광역시 중구 문화로78번길5,대전광역시 중구 산성동104-42,36.31112671,127.3945084,,한전주,042-606-6843,대전광역시 중구청,2022-09-16
산성동082,1,대전광역시 중구 문화로78번길19,대전광역시 중구 산성동108-24,36.31047821,127.3947525,,한전주,042-606-6843,대전광역시 중구청,2022-09-16
산성동083,1,대전광역시 중구 당디로56번길41,대전광역시 중구 산성동109-3,36.3105278,127.3952408,,한전주,042-606-6843,대전광역시 중구청,2022-09-16
산성동084,1,대전광역시 중구 당디로56번길51,대전광역시 중구 산성동108-40,36.31064606,127.3957062,,한전주,042-606-6843,대전광역시 중구청,2022-09-16
산성동085,1,대전광역시 중구 당디로56번길57,대전광역시 중구 산성동109-62,36.31079102,127.3962631,,한전주,042-606-6843,대전광역시 중구청,2022-09-16
산성동086,1,대전광역시 중구 당디로50번길55,대전광역시 중구 산성동109-43,36.31007385,127.3962708,,한전주,042-606-6843,대전광역시 중구청,2022-09-16
산성동087,1,대전광역시 중구 당디로50번길49,대전광역시 중구 산성동109-41,36.31002045,127.3959579,,전용주,042-606-6843,대전광역시 중구청,2022-09-16
산성동088,1,대전광역시 중구 당디로50번길47,대전광역시 중구 산성동109-29,36.30997086,127.3956833,,한전주,042-606-6843,대전광역시 중구청,2022-09-16
산성동089,1,대전광역시 중구 당디로50번길39,대전광역시 중구 산성동109-58,36.30992126,127.3953857,,한전주,042-606-6843,대전광역시 중구청,2022-09-16
산성동091,1,대전광역시 중구 당디로36번길57,대전광역시 중구 산성동40-15,36.30934525,127.3966675,,한전주,042-606-6843,대전광역시 중구청,2022-09-16
산성동092,1,대전광역시 중구 당디로36번길53,대전광역시 중구 산성동40-13,36.30924225,127.3964844,,전용주,042-606-6843,대전광역시 중구청,2022-09-16
산성동093,1,대전광역시 중구 당디로36번길47,대전광역시 중구 산성동40-6,36.3090477,127.3961487,,전용주,042-606-6843,대전광역시 중구청,2022-09-16
산성동094,1,대전광역시 중구 당디로36번길42-10,대전광역시 중구 산성동40-6,36.30926132,127.3959351,,한전주,042-606-6843,대전광역시 중구청,2022-09-16
산성동095,1,대전광역시 중구 당디로36번길43-14,대전광역시 중구 산성동40-7,36.30943298,127.3958893,,한전주,042-606-6843,대전광역시 중구청,2022-09-16
산성동096,1,,대전광역시 중구 산성동95-2,36.30887985,127.395813,,전용주,042-606-6843,대전광역시 중구청,2022-09-16
산성동097,1,,대전광역시 중구 산성동94-1,36.30873108,127.3954544,,한전주,042-606-6843,대전광역시 중구청,2022-09-16
산성동098,1,,대전광역시 중구 산성동94-1,36.30861664,127.3951187,,전용주,042-606-6843,대전광역시 중구청,2022-09-16
산성동099,1,,대전광역시 중구 산성동93-1,36.30850601,127.3947296,,전용주,042-606-6843,대전광역시 중구청,2022-09-16
산성동100,1,,대전광역시 중구 산성동746-2,36.30841064,127.3943405,,전용주,042-606-6843,대전광역시 중구청,2022-09-16
산성동101,1,,대전광역시 중구 산성동89-1,36.30834198,127.394043,,전용주,042-606-6843,대전광역시 중구청,2022-09-16
산성동102,1,,대전광역시 중구 산성동67-21,36.30827332,127.3937988,,건축물,042-606-6843,대전광역시 중구청,2022-09-16
산성동103,1,,대전광역시 중구 산성동76-22,36.30823898,127.3936005,,건축물,042-606-6843,대전광역시 중구청,2022-09-16
산성동104,1,대전광역시 중구 문화로78번길29,대전광역시 중구 산성동109-14,36.30990601,127.3949356,,한전주,042-606-6843,대전광역시 중구청,2022-09-16
산성동105,1,대전광역시 중구 문화로78번길29,대전광역시 중구 산성동109-1,36.31015778,127.3948517,,한전주,042-606-6843,대전광역시 중구청,2022-09-16
산성동106,1,대전광역시 중구 당디로50번길17,대전광역시 중구 산성동110-24,36.30973816,127.3942128,,한전주,042-606-6843,대전광역시 중구청,2022-09-16
산성동107,1,대전광역시 중구 당디로50번길10,대전광역시 중구 산성동38-1,36.30958939,127.3937607,,전용주,042-606-6843,대전광역시 중구청,2022-09-16
산성동108,1,대전광역시 중구 당디로56번길10,대전광역시 중구 산성동110-5,36.31004715,127.3936005,,한전주,042-606-6843,대전광역시 중구청,2022-09-16
산성동109,1,대전광역시 중구 당디로56번길18,대전광역시 중구 산성동110-9,36.31015015,127.3940125,,한전주,042-606-6843,대전광역시 중구청,2022-09-16
산성동110,1,대전광역시 중구 문화로70-14,대전광역시 중구 산성동115-15,36.31059647,127.3938217,,한전주,042-606-6843,대전광역시 중구청,2022-09-16
산성동111,1,대전광역시 중구 문화로70,대전광역시 중구 산성동115-7,36.31096268,127.3936691,,건축물,042-606-6843,대전광역시 중구청,2022-09-16
산성동112,1,대전광역시 중구 문화로70-17,대전광역시 중구 산성동114-19,36.31046295,127.394104,,한전주,042-606-6843,대전광역시 중구청,2022-09-16
산성동113,1,대전광역시 중구 당디로54-1,대전광역시 중구 산성동110-1,36.30990982,127.3931198,,한전주,042-606-6843,대전광역시 중구청,2022-09-16
산성동114,1,대전광역시 중구 당디로56번길22,대전광역시 중구 산성동110-12,36.31024551,127.3943329,,한전주,042-606-6843,대전광역시 중구청,2022-09-16
산성동115,1,대전광역시 중구 당디로56번길26,대전광역시 중구 산성동110-12,36.31029892,127.3945313,,전용주,042-606-6843,대전광역시 중구청,2022-09-16
산성동116,1,대전광역시 중구 당디로56번길18,대전광역시 중구 산성동110-53,36.31008911,127.3941422,,전용주,042-606-6843,대전광역시 중구청,2022-09-16
산성동117,1,대전광역시 중구 당디로62-1,대전광역시 중구 산성동115-29,36.31055069,127.3930588,,한전주,042-606-6843,대전광역시 중구청,2022-09-16
산성동118,1,대전광역시 중구 당디로62-5,대전광역시 중구 산성동115-53,36.31044388,127.3932648,,한전주,042-606-6843,대전광역시 중구청,2022-09-16
산성동119,1,대전광역시 중구 당디로62-11,대전광역시 중구 산성동115-52,36.31038666,127.3934021,,건축물,042-606-6843,대전광역시 중구청,2022-09-16
산성동120,1,대전광역시 중구 당디로55,대전광역시 중구 산성동116-44,36.30991745,127.3929443,,한전주,042-606-6843,대전광역시 중구청,2022-09-16
산성동121,1,대전광역시 중구 당디로55-7,대전광역시 중구 산성동116-41,36.30981445,127.3925858,,한전주,042-606-6843,대전광역시 중구청,2022-09-16
산성동122,1,대전광역시 중구 당디로55-22,대전광역시 중구 산성동116-25,36.30982208,127.392334,,전용주,042-606-6843,대전광역시 중구청,2022-09-16
산성동123,1,대전광역시 중구 대둔산로446번길87,대전광역시 중구 산성동116-40,36.30941772,127.3926773,,한전주,042-606-6843,대전광역시 중구청,2022-09-16
산성동124,1,대전광역시 중구 대둔산로446번길81,대전광역시 중구 산성동116-49,36.30934906,127.3922195,,한전주,042-606-6843,대전광역시 중구청,2022-09-16
산성동125,1,대전광역시 중구 문화로52번길23,대전광역시 중구 산성동116-23,36.30968094,127.392067,,한전주,042-606-6843,대전광역시 중구청,2022-09-16
산성동126,1,대전광역시 중구 문화로56-17,대전광역시 중구 산성동116-29,36.30998993,127.3921585,,한전주,042-606-6843,대전광역시 중구청,2022-09-16
산성동127,1,대전광역시 중구 문화로56-11,대전광역시 중구 산성동116-37,36.31033707,127.3921814,,한전주,042-606-6843,대전광역시 중구청,2022-09-16
산성동128,1,대전광역시 중구 문화로56-3,대전광역시 중구 산성동116-66,36.3106041,127.392189,,전용주,042-606-6843,대전광역시 중구청,2022-09-16
산성동129,1,대전광역시 중구 문화로52번길9,대전광역시 중구 산성동116-35,36.31024551,127.3918381,,한전주,042-606-6843,대전광역시 중구청,2022-09-16
산성동130,1,대전광역시 중구 대둔산로446번길73,대전광역시 중구 산성동129-21,36.3092804,127.3918228,,한전주,042-606-6843,대전광역시 중구청,2022-09-16
산성동131,1,대전광역시 중구 문화로46번길23,대전광역시 중구 산성동129-13,36.30943298,127.3914413,,전용주,042-606-6843,대전광역시 중구청,2022-09-16
산성동132,1,대전광역시 중구 문화로46번길23,대전광역시 중구 산성동129-13,36.30968857,127.3913498,,한전주,042-606-6843,대전광역시 중구청,2022-09-16
산성동133,1,대전광역시 중구 문화로46번길15,대전광역시 중구 산성동129-52,36.3099556,127.3912659,,한전주,042-606-6843,대전광역시 중구청,2022-09-16
산성동134,1,대전광역시 중구 문화로46번길5,대전광역시 중구 산성동129-30,36.31018448,127.3911819,,한전주,042-606-6843,대전광역시 중구청,2022-09-16
산성동135,1,대전광역시 중구 문화로46,대전광역시 중구 산성동129-1,36.31044006,127.3910751,,한전주,042-606-6843,대전광역시 중구청,2022-09-16
산성동136,1,대전광역시 중구 문화로22번안길41,대전광역시 중구 산성동132-10,36.30988693,127.3908005,,한전주,042-606-6843,대전광역시 중구청,2022-09-16
산성동137,1,대전광역시 중구 문화로22번안길31,대전광역시 중구 산성동131-20,36.30976105,127.3903656,,한전주,042-606-6843,대전광역시 중구청,2022-09-16
산성동138,1,대전광역시 중구 문화로22번안길27,대전광역시 중구 산성동132-26,36.30968475,127.3900986,,한전주,042-606-6843,대전광역시 중구청,2022-09-16
산성동139,1,대전광역시 중구 문화로34-9,대전광역시 중구 산성동132-26,36.30980301,127.3899612,,한전주,042-606-6843,대전광역시 중구청,2022-09-16
산성동140,1,대전광역시 중구 문화로34-19,대전광역시 중구 산성동131-17,36.30929947,127.3901672,,한전주,042-606-6843,대전광역시 중구청,2022-09-16
산성동141,1,대전광역시 중구 대둔산로446번길41,대전광역시 중구 산성동159-25,36.30900955,127.3902359,,전용주,042-606-6843,대전광역시 중구청,2022-09-16
산성동142,1,대전광역시 중구 대둔산로446번길49,대전광역시 중구 산성동131-12,36.30905533,127.3904572,,한전주,042-606-6843,대전광역시 중구청,2022-09-16
산성동143,1,대전광역시 중구 대둔산로446번길51,대전광역시 중구 산성동131-39,36.30911255,127.3907471,,한전주,042-606-6843,대전광역시 중구청,2022-09-16
산성동144,1,대전광역시 중구 문화로22번안길38-9,대전광역시 중구 산성동131-8,36.30951691,127.3909302,,한전주,042-606-6843,대전광역시 중구청,2022-09-16
산성동145,1,,대전광역시 중구 산성동36-2,36.30918503,127.3912888,,한전주,042-606-6843,대전광역시 중구청,2022-09-16
산성동146,1,,대전광역시 중구 산성동37-1,36.30893707,127.3915558,,한전주,042-606-6843,대전광역시 중구청,2022-09-16
산성동147,1,,대전광역시 중구 산성동37-1,36.30852509,127.3917084,,한전주,042-606-6843,대전광역시 중구청,2022-09-16
산성동148,1,,대전광역시 중구 산성동37-1,36.30821228,127.3932571,,전용주,042-606-6843,대전광역시 중구청,2022-09-16
산성동149,1,,대전광역시 중구 산성동76-8,36.30816269,127.3929825,,전용주,042-606-6843,대전광역시 중구청,2022-09-16
산성동150,1,,대전광역시 중구 산성동37-1,36.3081131,127.3926163,,전용주,042-606-6843,대전광역시 중구청,2022-09-16
산성동151,1,,대전광역시 중구 산성동37-1,36.30806351,127.3922958,,전용주,042-606-6843,대전광역시 중구청,2022-09-16
산성동152,1,,대전광역시 중구 산성동37-1,36.30805969,127.3920517,,한전주,042-606-6843,대전광역시 중구청,2022-09-16
산성동153,1,,대전광역시 중구 산성동36-2,36.30799103,127.3915176,,한전주,042-606-6843,대전광역시 중구청,2022-09-16
산성동154,1,,대전광역시 중구 산성동36-2,36.30788803,127.3912048,,전용주,042-606-6843,대전광역시 중구청,2022-09-16
산성동155,1,,대전광역시 중구 산성동36-1,36.307827,127.3908234,,전용주,042-606-6843,대전광역시 중구청,2022-09-16
산성동156,1,,대전광역시 중구 산성동36-1,36.30776215,127.3904343,,전용주,042-606-6843,대전광역시 중구청,2022-09-16
산성동157,1,,대전광역시 중구 산성동786,36.30768967,127.3899765,,건축물,042-606-6843,대전광역시 중구청,2022-09-16
산성동158,1,대전광역시 중구 문화로22번길39-14,대전광역시 중구 산성동31-6,36.30807877,127.3899384,,한전주,042-606-6843,대전광역시 중구청,2022-09-16
산성동159,1,대전광역시 중구 유등천동로292번길89-15,대전광역시 중구 산성동36-1,36.30864334,127.3898849,,한전주,042-606-6843,대전광역시 중구청,2022-09-16
산성동160,1,대전광역시 중구 대둔산로446번길37,대전광역시 중구 산성동159-28,36.30895615,127.3898926,,한전주,042-606-6843,대전광역시 중구청,2022-09-16
산성동161,1,대전광역시 중구 대둔산로446번길30,대전광역시 중구 산성동30-3,36.30887222,127.389389,,한전주,042-606-6843,대전광역시 중구청,2022-09-16
산성동162,1,대전광역시 중구 문화로22번길22,대전광역시 중구 산성동160-23,36.30893326,127.3888779,,한전주,042-606-6843,대전광역시 중구청,2022-09-16
산성동163,1,대전광역시 중구 문화로22번길16,대전광역시 중구 산성동160-26,36.30925751,127.3887634,,한전주,042-606-6843,대전광역시 중구청,2022-09-16
산성동164,1,대전광역시 중구 문화로22번길12,대전광역시 중구 산성동160-38,36.30937195,127.3887024,,한전주,042-606-6843,대전광역시 중구청,2022-09-16
산성동165,1,대전광역시 중구 문화로22번안길9,대전광역시 중구 산성동159-33,36.30944824,127.3891449,,한전주,042-606-6843,대전광역시 중구청,2022-09-16
산성동166,1,대전광역시 중구 문화로22번안길14-1,대전광역시 중구 산성동159-41,36.30926514,127.3894806,,건축물,042-606-6843,대전광역시 중구청,2022-09-16
산성동167,1,대전광역시 중구 문화로22번안길13,대전광역시 중구 산성동159-10,36.30953217,127.3894882,,한전주,042-606-6843,대전광역시 중구청,2022-09-16
산성동168,1,대전광역시 중구 문화로22번안길16-1,대전광역시 중구 산성동159-21,36.30935287,127.3896942,,한전주,042-606-6843,대전광역시 중구청,2022-09-16
산성동169,1,대전광역시 중구 대둔산로446번길20,대전광역시 중구 산성동161-16,36.30877304,127.3889389,,한전주,042-606-6843,대전광역시 중구청,2022-09-16
산성동170,1,대전광역시 중구 문화로22번길38,대전광역시 중구 산성동161-31,36.30830383,127.3890228,,한전주,042-606-6843,대전광역시 중구청,2022-09-16
산성동171,1,대전광역시 중구 문화로22번길39-2,대전광역시 중구 산성동31-1,36.30817032,127.3891678,,한전주,042-606-6843,대전광역시 중구청,2022-09-16
산성동172,1,대전광역시 중구 문화로22번길39-10,대전광역시 중구 산성동31-4,36.3082428,127.3896103,,한전주,042-606-6843,대전광역시 중구청,2022-09-16
산성동173,1,대전광역시 중구 문화로22번길45,대전광역시 중구 산성동161-4,36.30791855,127.3890915,,한전주,042-606-6843,대전광역시 중구청,2022-09-16
산성동174,1,대전광역시 중구 문화로22번길69,대전광역시 중구 산성동161-4,36.30753708,127.3891068,,한전주,042-606-6843,대전광역시 중구청,2022-09-16
산성동175,1,대전광역시 중구 대둔산로446번길25,대전광역시 중구 산성동161-7,36.30751038,127.3886642,,한전주,042-606-6843,대전광역시 중구청,2022-09-16
산성동176,1,대전광역시 중구 대둔산로446번길19,대전광역시 중구 산성동161-24,36.30785751,127.3885269,,한전주,042-606-6843,대전광역시 중구청,2022-09-16
산성동177,1,대전광역시 중구 대둔산로446번길13,대전광역시 중구 산성동161-14,36.30825424,127.3884735,,한전주,042-606-6843,대전광역시 중구청,2022-09-16
산성동178,1,대전광역시 중구 대둔산로446번길3,대전광역시 중구 산성동161-9,36.30863571,127.3883896,,한전주,042-606-6843,대전광역시 중구청,2022-09-16
산성동179,1,대전광역시 중구 대둔산로446번길9,대전광역시 중구 산성동160-24,36.30876541,127.3883743,,한전주,042-606-6843,대전광역시 중구청,2022-09-16
산성동180,1,대전광역시 중구 대둔산로436-1,대전광역시 중구 산성동162-43,36.30815887,127.3879318,,한전주,042-606-6843,대전광역시 중구청,2022-09-16
산성동181,1,대전광역시 중구 유등천동로292번길45,대전광역시 중구 산성동162-14,36.30760574,127.3875732,,한전주,042-606-6843,대전광역시 중구청,2022-09-16
산성동182,1,대전광역시 중구 유등천동로292번길49,대전광역시 중구 산성동162-12,36.30754471,127.3880157,,한전주,042-606-6843,대전광역시 중구청,2022-09-16
산성동183,1,대전광역시 중구 유등천동로292번길33,대전광역시 중구 산성동164-15,36.30778885,127.3868637,,한전주,042-606-6843,대전광역시 중구청,2022-09-16
산성동184,1,대전광역시 중구 유등천동로292번길27,대전광역시 중구 산성동164-16,36.30789566,127.3865967,,한전주,042-606-6843,대전광역시 중구청,2022-09-16
산성동185,1,대전광역시 중구 유등천동로292번길19,대전광역시 중구 산성동168-11,36.30802155,127.3863068,,한전주,042-606-6843,대전광역시 중구청,2022-09-16
산성동186,1,대전광역시 중구 유등천동로292번길5,대전광역시 중구 산성동168-7,36.30825043,127.385788,,한전주,042-606-6843,대전광역시 중구청,2022-09-16
산성동187,1,대전광역시 중구 문화로12번길36-15,대전광역시 중구 산성동168-10,36.30867386,127.3858795,,한전주,042-606-6843,대전광역시 중구청,2022-09-16
산성동188,1,대전광역시 중구 문화로12번길36-8,대전광역시 중구 산성동167-28,36.30863571,127.3862076,,한전주,042-606-6843,대전광역시 중구청,2022-09-16
산성동189,1,대전광역시 중구 문화로12번길36-2,대전광역시 중구 산성동167-33,36.30867386,127.3865433,,한전주,042-606-6843,대전광역시 중구청,2022-09-16
산성동190,1,대전광역시 중구 문화로12번길39-1,대전광역시 중구 산성동164-18,36.30825043,127.3867111,,한전주,042-606-6843,대전광역시 중구청,2022-09-16
산성동191,1,대전광역시 중구 문화로12번길33-1,대전광역시 중구 산성동164-25,36.30849457,127.386795,,한전주,042-606-6843,대전광역시 중구청,2022-09-16
산성동192,1,대전광역시 중구 문화로12번길28,대전광역시 중구 산성동164-30,36.30886078,127.3869324,,한전주,042-606-6843,대전광역시 중구청,2022-09-16
산성동193,1,대전광역시 중구 대둔산로445번길10,대전광역시 중구 산성동165-23,36.30906296,127.3870926,,한전주,042-606-6843,대전광역시 중구청,2022-09-16
산성동194,1,대전광역시 중구 대둔산로445번길10,대전광역시 중구 산성동165-23,36.30912781,127.3870468,,한전주,042-606-6843,대전광역시 중구청,2022-09-16
산성동195,1,대전광역시 중구 대둔산로445번길8,대전광역시 중구 산성동165-7,36.30897522,127.3874283,,한전주,042-606-6843,대전광역시 중구청,2022-09-16
산성동196,1,대전광역시 중구 대둔산로445번길20,대전광역시 중구 산성동166-19,36.30916977,127.3865967,,한전주,042-606-6843,대전광역시 중구청,2022-09-16
산성동197,1,대전광역시 중구 대둔산로445번길19-2,대전광역시 중구 산성동167-37,36.30890274,127.3864975,,한전주,042-606-6843,대전광역시 중구청,2022-09-16
산성동198,1,대전광역시 중구 문화로12번길11,대전광역시 중구 산성동165-8,36.30950928,127.3871841,,한전주,042-606-6843,대전광역시 중구청,2022-09-16
산성동199,1,대전광역시 중구 대둔산로419-4,대전광역시 중구 산성동269-12,36.30744171,127.3868561,,한전주,042-606-6843,대전광역시 중구청,2022-09-16
산성동200,1,대전광역시 중구 산성로57번길159,대전광역시 중구 산성동88-12,36.3074913,127.3865814,,한전주,042-606-6843,대전광역시 중구청,2022-09-16
산성동201,1,대전광역시 중구 산성로57번길167,대전광역시 중구 산성동88-1,36.30758286,127.3862991,,한전주,042-606-6843,대전광역시 중구청,2022-09-16
산성동202,1,대전광역시 중구 산성로57번길173,대전광역시 중구 산성동78-3,36.30771637,127.3859482,,한전주,042-606-6843,대전광역시 중구청,2022-09-16
산성동203,1,,대전광역시 중구 산성동271-16,36.30793762,127.3854752,,한전주,042-606-6843,대전광역시 중구청,2022-09-16
산성동204,1,,대전광역시 중구 산성동271-17,36.30809402,127.3853149,,건축물,042-606-6843,대전광역시 중구청,2022-09-16
산성동205,1,대전광역시 중구 보문산로35번길68,대전광역시 중구 산성동88-5,36.30738831,127.3859253,,한전주,042-606-6843,대전광역시 중구청,2022-09-16
산성동206,1,대전광역시 중구 보문산로35번길62,대전광역시 중구 산성동96-1,36.30720901,127.3858261,,한전주,042-606-6843,대전광역시 중구청,2022-09-16
산성동207,1,대전광역시 중구 대둔산로419-13,대전광역시 중구 산성동96-9,36.30703735,127.3862534,,한전주,042-606-6843,대전광역시 중구청,2022-09-16
산성동208,1,대전광역시 중구 대둔산로419-9,대전광역시 중구 산성동96-3,36.30690765,127.3865814,,한전주,042-606-6843,대전광역시 중구청,2022-09-16
산성동209,1,대전광역시 중구 대둔산로415-10,대전광역시 중구 산성동96-4,36.30651093,127.3863602,,전용주,042-606-6843,대전광역시 중구청,2022-09-16
산성동210,1,대전광역시 중구 대둔산로415-16,대전광역시 중구 산성동96-5,36.306633,127.3860474,,한전주,042-606-6843,대전광역시 중구청,2022-09-16
산성동211,1,대전광역시 중구 보문산로35번길56,대전광역시 중구 산성동96-7,36.30681229,127.3856201,,한전주,042-606-6843,대전광역시 중구청,2022-09-16
산성동212,1,대전광역시 중구 보문산로35번길46,대전광역시 중구 산성동97-10,36.30647278,127.3855209,,한전주,042-606-6843,대전광역시 중구청,2022-09-16
산성동213,1,대전광역시 중구 대둔산로407-20,대전광역시 중구 산성동97-18,36.30620575,127.3855972,,한전주,042-606-6843,대전광역시 중구청,2022-09-16
산성동214,1,대전광역시 중구 대둔산로409,대전광역시 중구 산성동117-1,36.30602646,127.3860092,,한전주,042-606-6843,대전광역시 중구청,2022-09-16
산성동215,1,대전광역시 중구 보문산로41번길29,대전광역시 중구 산성동117-10,36.30574417,127.3858261,,한전주,042-606-6843,대전광역시 중구청,2022-09-16
산성동216,1,대전광역시 중구 보문산로41번길23,대전광역시 중구 산성동117-15,36.30548477,127.3856964,,한전주,042-606-6843,대전광역시 중구청,2022-09-16
산성동217,1,,대전광역시 중구 산성동117-14,36.30514145,127.3855133,,한전주,042-606-6843,대전광역시 중구청,2022-09-16
산성동218,1,대전광역시 중구 보문산로41번길9,대전광역시 중구 산성동117-7,36.30488205,127.3853912,,한전주,042-606-6843,대전광역시 중구청,2022-09-16
산성동219,1,대전광역시 중구 보문산로35번길10,대전광역시 중구 산성동118-14,36.30488968,127.3846588,,한전주,042-606-6843,대전광역시 중구청,2022-09-16
산성동220,1,대전광역시 중구 보문산로35번길16,대전광역시 중구 산성동118-15,36.30518723,127.384819,,한전주,042-606-6843,대전광역시 중구청,2022-09-16
산성동221,1,대전광역시 중구 보문산로35번길28,대전광역시 중구 산성동118-16,36.30559158,127.3850403,,한전주,042-606-6843,대전광역시 중구청,2022-09-16
산성동222,1,대전광역시 중구 보문산로35번길28,대전광역시 중구 산성동118-16,36.30573654,127.3851242,,한전주,042-606-6843,대전광역시 중구청,2022-09-16
산성동223,1,대전광역시 중구 보문산로35번길36,대전광역시 중구 산성동118-21,36.30600739,127.3852692,,한전주,042-606-6843,대전광역시 중구청,2022-09-16
산성동223-1,1,,대전광역시 중구 산성동118-21,36.30596524,127.3852671,,한전주,042-606-6843,대전광역시 중구청,2022-09-16
산성동224,1,대전광역시 중구 보문산로36번길10,대전광역시 중구 산성동120-13,36.30400848,127.3841019,,한전주,042-606-6843,대전광역시 중구청,2022-09-16
산성동225,1,,대전광역시 중구 산성동122-14,36.30367661,127.3838959,,한전주,042-606-6843,대전광역시 중구청,2022-09-16
산성동226,1,대전광역시 중구 보문산로36번길25,대전광역시 중구 산성동122-11,36.30338669,127.3838043,,한전주,042-606-6843,대전광역시 중구청,2022-09-16
산성동227,1,대전광역시 중구 보문산로36번길31,대전광역시 중구 산성동126-1,36.30314636,127.3836441,,한전주,042-606-6843,대전광역시 중구청,2022-09-16
산성동228,1,,대전광역시 중구 산성동126-23,36.30268478,127.3835449,,한전주,042-606-6843,대전광역시 중구청,2022-09-16
산성동229,1,대전광역시 중구 유등천동로204번길8,대전광역시 중구 산성동128-20,36.30215454,127.3841019,,한전주,042-606-6843,대전광역시 중구청,2022-09-16
산성동230,1,대전광역시 중구 유등천동로204번길10,대전광역시 중구 산성동128-21,36.30225754,127.3841629,,한전주,042-606-6843,대전광역시 중구청,2022-09-16
산성동231,1,대전광역시 중구 유등천동로204번길16,대전광역시 중구 산성동128-24,36.3025322,127.3843307,,한전주,042-606-6843,대전광역시 중구청,2022-09-16
산성동232,1,대전광역시 중구 유등천동로204번길21-1,대전광역시 중구 산성동126-5,36.30276871,127.3841947,,한전주,042-606-6843,대전광역시 중구청,2022-09-16
산성동233,1,대전광역시 중구 대둔산로373번길37,대전광역시 중구 산성동126-27,36.30313492,127.3841171,,한전주,042-606-6843,대전광역시 중구청,2022-09-16
산성동234,1,대전광역시 중구 유등천동로204번길32,대전광역시 중구 산성동124-25,36.30308914,127.3846436,,한전주,042-606-6843,대전광역시 중구청,2022-09-16
산성동235,1,대전광역시 중구 유등천동로204번길38,대전광역시 중구 산성동124-29,36.30340576,127.3847351,,한전주,042-606-6843,대전광역시 중구청,2022-09-16
산성동236,1,대전광역시 중구 유등천동로204번길42,대전광역시 중구 산성동124-31,36.30355453,127.3847885,,한전주,042-606-6843,대전광역시 중구청,2022-09-16
산성동237,1,대전광역시 중구 대둔산로385번길28,대전광역시 중구 산성동121-28,36.30413055,127.3846207,,한전주,042-606-6843,대전광역시 중구청,2022-09-16
산성동238,1,대전광역시 중구 대둔산로385번길22,대전광역시 중구 산성동121-24,36.30393982,127.3850784,,한전주,042-606-6843,대전광역시 중구청,2022-09-16
산성동239,1,대전광역시 중구 대둔산로387-12,대전광역시 중구 산성동121-29,36.30414581,127.3853836,,한전주,042-606-6843,대전광역시 중구청,2022-09-16
산성동240,1,대전광역시 중구 대둔산로389,대전광역시 중구 산성동121-10,36.30410767,127.3857803,,한전주,042-606-6843,대전광역시 중구청,2022-09-16
산성동241,1,대전광역시 중구 대둔산로385번길8,대전광역시 중구 산성동125-23,36.30374527,127.3857727,,한전주,042-606-6843,대전광역시 중구청,2022-09-16
산성동242,1,대전광역시 중구 대둔산로385번길8,대전광역시 중구 산성동125-22,36.3037529,127.3855667,,한전주,042-606-6843,대전광역시 중구청,2022-09-16
산성동243,1,대전광역시 중구 잔디로9번길46,대전광역시 중구 산성동125-22,36.30356598,127.3855438,,한전주,042-606-6843,대전광역시 중구청,2022-09-16
산성동244,1,대전광역시 중구 대둔산로373번길20-12,대전광역시 중구 산성동124-12,36.30327225,127.3852234,,한전주,042-606-6843,대전광역시 중구청,2022-09-16
산성동245,1,대전광역시 중구 대둔산로373번길21,대전광역시 중구 산성동128-31,36.30281067,127.3849106,,한전주,042-606-6843,대전광역시 중구청,2022-09-16
산성동246,1,대전광역시 중구 대둔산로373번길16,대전광역시 중구 산성동124-21,36.30274582,127.3852005,,한전주,042-606-6843,대전광역시 중구청,2022-09-16
산성동247,1,대전광역시 중구 대둔산로373번길7,대전광역시 중구 산성동270-22,36.30256653,127.3856125,,한전주,042-606-6843,대전광역시 중구청,2022-09-16
산성동248,1,대전광역시 중구 대둔산로379-9,대전광역시 중구 산성동125-10,36.3028717,127.385788,,한전주,042-606-6843,대전광역시 중구청,2022-09-16
산성동249,1,대전광역시 중구 대둔산로379-4,대전광역시 중구 산성동125-5,36.30316544,127.3859711,,건축물,042-606-6843,대전광역시 중구청,2022-09-16
산성동250,1,대전광역시 중구 잔디로9번길27,대전광역시 중구 산성동124-20,36.30284882,127.3854599,,한전주,042-606-6843,대전광역시 중구청,2022-09-16
산성동251,1,대전광역시 중구 잔디로9번길41,대전광역시 중구 산성동125-19,36.30326462,127.3854752,,한전주,042-606-6843,대전광역시 중구청,2022-09-16
산성동252,1,대전광역시 중구 잔디로9번길17,대전광역시 중구 산성동268-2,36.30237198,127.3854446,,한전주,042-606-6843,대전광역시 중구청,2022-09-16
산성동253,1,대전광역시 중구 잔디로9번길13,대전광역시 중구 산성동268-3,36.30221558,127.3854294,,한전주,042-606-6843,대전광역시 중구청,2022-09-16
산성동254,1,대전광역시 중구 잔디로9번길9,대전광역시 중구 산성동268-5,36.30196381,127.3854218,,한전주,042-606-6843,대전광역시 중구청,2022-09-16
산성동255,1,대전광역시 중구 유등천동로196,대전광역시 중구 산성동246-5,36.30158997,127.3845749,,한전주,042-606-6843,대전광역시 중구청,2022-09-16
산성동256,1,대전광역시 중구 유등천동로198번길7,대전광역시 중구 산성동268-10,36.30202103,127.3847275,,한전주,042-606-6843,대전광역시 중구청,2022-09-16
산성동257,1,대전광역시 중구 유등천동로198번길13,대전광역시 중구 산성동128-8,36.30218124,127.3848267,,한전주,042-606-6843,대전광역시 중구청,2022-09-16
산성동258,1,대전광역시 중구 유등천동로198번길21,대전광역시 중구 산성동268-16,36.30249405,127.3850327,,한전주,042-606-6843,대전광역시 중구청,2022-09-16
산성동259,1,대전광역시 중구 유등천동로198번길7-3,대전광역시 중구 산성동128-13,36.30212402,127.3844528,,전용주,042-606-6843,대전광역시 중구청,2022-09-16
산성동260,1,대전광역시 중구 유등천동로202,대전광역시 중구 산성동128-17,36.30177307,127.3843079,,한전주,042-606-6843,대전광역시 중구청,2022-09-16
산성동261,1,대전광역시 중구 유등천동로204,대전광역시 중구 산성동128-18,36.30187607,127.3840027,,한전주,042-606-6843,대전광역시 중구청,2022-09-16
산성동262,1,대전광역시 중구 유등천동로205,대전광역시 중구 산성동346-4,36.30197906,127.3837433,,한전주,042-606-6843,대전광역시 중구청,2022-09-16
산성동263,1,대전광역시 중구 유등천동로207,대전광역시 중구 산성동346-22,36.3022728,127.3834915,,한전주,042-606-6843,대전광역시 중구청,2022-09-16
산성동264,1,,대전광역시 중구 산성동346-22,36.3024292,127.3833542,,한전주,042-606-6843,대전광역시 중구청,2022-09-16
산성동265,1,,대전광역시 중구 산성동120-15,36.30257797,127.3832474,,전용주,042-606-6843,대전광역시 중구청,2022-09-16
산성동266,1,,대전광역시 중구 산성동120-15,36.30298233,127.3828201,,한전주,042-606-6843,대전광역시 중구청,2022-09-16
산성동267,1,,대전광역시 중구 산성동120-15,36.3033905,127.3823318,,한전주,042-606-6843,대전광역시 중구청,2022-09-16
산성동268,1,대전광역시 중구 유등천동로232,대전광역시 중구 산성동120-18,36.30367661,127.3821411,,한전주,042-606-6843,대전광역시 중구청,2022-09-16
산성동269,1,,대전광역시 중구 산성동120-16,36.304039,127.3821487,,한전주,042-606-6843,대전광역시 중구청,2022-09-16
산성동271,1,,대전광역시 중구 산성동778,36.30190026,127.3868614,,한전주,042-606-6843,대전광역시 중구청,2022-09-16
산성동274,1,,대전광역시 중구 산성동274-19,36.30196453,127.387886,,한전주,042-606-6843,대전광역시 중구청,2022-09-16
산성동279,1,대전광역시 중구 대둔산로374번길64,대전광역시 중구 산성동317-1,36.30198288,127.3894196,,한전주,042-606-6843,대전광역시 중구청,2022-09-16
산성동280,1,대전광역시 중구 대둔산로374번길62,대전광역시 중구 산성동276-3,36.30228806,127.3893433,,한전주,042-606-6843,대전광역시 중구청,2022-09-16
산성동281,1,대전광역시 중구 대둔산로374번길57,대전광역시 중구 산성동276-11,36.30260086,127.3893433,,한전주,042-606-6843,대전광역시 중구청,2022-09-16
산성동282,1,대전광역시 중구 대둔산로374번길53-5,대전광역시 중구 산성동313-1,36.30300522,127.3893814,,한전주,042-606-6843,대전광역시 중구청,2022-09-16
산성동283,1,대전광역시 중구 대둔산로374번길50,대전광역시 중구 산성동276-1,36.3026123,127.3889694,,한전주,042-606-6843,대전광역시 중구청,2022-09-16
산성동284,1,대전광역시 중구 대둔산로374번길41,대전광역시 중구 산성동317-5,36.3026123,127.3886414,,한전주,042-606-6843,대전광역시 중구청,2022-09-16
산성동285,1,대전광역시 중구 대둔산로364번길33-12,대전광역시 중구 산성동275-1,36.30241013,127.3886414,,한전주,042-606-6843,대전광역시 중구청,2022-09-16
산성동286,1,,대전광역시 중구 산성동276-10,36.3021965,127.3886414,,한전주,042-606-6843,대전광역시 중구청,2022-09-16
산성동287,1,대전광역시 중구 대둔산로374번길33,대전광역시 중구 산성동275-1,36.30256271,127.3880844,,한전주,042-606-6843,대전광역시 중구청,2022-09-16
산성동288,1,대전광역시 중구 대둔산로364번길33-25,대전광역시 중구 산성동274-8,36.30233765,127.3879089,,한전주,042-606-6843,대전광역시 중구청,2022-09-16
산성동289,1,대전광역시 중구 대둔산로364번길13-28,대전광역시 중구 산성동274-26,36.30216217,127.3879089,,한전주,042-606-6843,대전광역시 중구청,2022-09-16
산성동290,1,대전광역시 중구 대둔산로374번길27,대전광역시 중구 산성동274-4,36.30262375,127.3876114,,전용주,042-606-6843,대전광역시 중구청,2022-09-16
산성동291,1,대전광역시 중구 대둔산로374번길16,대전광역시 중구 산성동274-2,36.3026123,127.3871384,,한전주,042-606-6843,대전광역시 중구청,2022-09-16
산성동292,1,대전광역시 중구 대둔산로364번길13-54,대전광역시 중구 산성동274-1,36.30263138,127.3869095,,한전주,042-606-6843,대전광역시 중구청,2022-09-16
산성동293,1,대전광역시 중구 대둔산로364번길13-14,대전광역시 중구 산성동274-16,36.30213165,127.386879,,한전주,042-606-6843,대전광역시 중구청,2022-09-16
산성동294,1,대전광역시 중구 대둔산로364번길13-46,대전광역시 중구 산성동274-13,36.30222702,127.3872757,,한전주,042-606-6843,대전광역시 중구청,2022-09-16
산성동295,1,대전광역시 중구 대둔산로364번길13-48,대전광역시 중구 산성동274-14,36.30222702,127.3869324,,한전주,042-606-6843,대전광역시 중구청,2022-09-16
산성동296,1,대전광역시 중구 대둔산로364번길13-27,대전광역시 중구 산성동273-1,36.30263138,127.3865814,,한전주,042-606-6843,대전광역시 중구청,2022-09-16
산성동297,1,대전광역시 중구 대둔산로386번길6,대전광역시 중구 산성동277-9,36.30372238,127.386673,,한전주,042-606-6843,대전광역시 중구청,2022-09-16
산성동298,1,대전광역시 중구 대둔산로386번길11,대전광역시 중구 산성동278-20,36.30384445,127.3868256,,한전주,042-606-6843,대전광역시 중구청,2022-09-16
산성동299,1,대전광역시 중구 대둔산로386번길15-5,대전광역시 중구 산성동278-18,36.30405426,127.387001,,한전주,042-606-6843,대전광역시 중구청,2022-09-16
산성동300,1,대전광역시 중구 가재울로4번길58,대전광역시 중구 산성동279-10,36.30438995,127.3873215,,한전주,042-606-6843,대전광역시 중구청,2022-09-16
산성동301,1,대전광역시 중구 대둔산로386번길15-14,대전광역시 중구 산성동278-11,36.3041687,127.3874435,,한전주,042-606-6843,대전광역시 중구청,2022-09-16
산성동302,1,대전광역시 중구 대둔산로386번길15-10,대전광역시 중구 산성동278-14,36.3039856,127.3873978,,한전주,042-606-6843,대전광역시 중구청,2022-09-16
산성동303,1,대전광역시 중구 대둔산로386번길14,대전광역시 중구 산성동278-8,36.30371094,127.3870773,,한전주,042-606-6843,대전광역시 중구청,2022-09-16
산성동304,1,대전광역시 중구 대둔산로386번길21,대전광역시 중구 산성동278-7,36.30373209,127.3875023,,한전주,042-606-6843,대전광역시 중구청,2022-09-16
산성동305,1,대전광역시 중구 대둔산로386번길29,대전광역시 중구 산성동306-44,36.30368423,127.3879242,,한전주,042-606-6843,대전광역시 중구청,2022-09-16
산성동306,1,대전광역시 중구 대둔산로386번길32,대전광역시 중구 산성동306-63,36.30362701,127.3881454,,한전주,042-606-6843,대전광역시 중구청,2022-09-16
산성동307,1,대전광역시 중구 대둔산로386번길40,대전광역시 중구 산성동306-79,36.3035965,127.3885727,,한전주,042-606-6843,대전광역시 중구청,2022-09-16
산성동308,1,대전광역시 중구 대둔산로386번길42-10,대전광역시 중구 산성동306-128,36.3035965,127.389267,,한전주,042-606-6843,대전광역시 중구청,2022-09-16
산성동309,1,대전광역시 중구 대둔산로386번길45,대전광역시 중구 산성동306-21,36.30383301,127.3885803,,한전주,042-606-6843,대전광역시 중구청,2022-09-16
산성동310,1,대전광역시 중구 대둔산로386번길52,대전광역시 중구 산성동306-17,36.30392075,127.3888931,,한전주,042-606-6843,대전광역시 중구청,2022-09-16
산성동311,1,대전광역시 중구 대둔산로386번길58,대전광역시 중구 산성동306-11,36.30396652,127.3891525,,한전주,042-606-6843,대전광역시 중구청,2022-09-16
산성동312,1,대전광역시 중구 대둔산로386번길64,대전광역시 중구 산성동303-114,36.30391693,127.3895569,,한전주,042-606-6843,대전광역시 중구청,2022-09-16
산성동313,1,대전광역시 중구 대둔산로386번길71,대전광역시 중구 산성동303-164,36.30390167,127.3900146,,한전주,042-606-6843,대전광역시 중구청,2022-09-16
산성동314,1,대전광역시 중구 대둔산로386번길79,대전광역시 중구 산성동306-107,36.3039093,127.3903885,,전용주,042-606-6843,대전광역시 중구청,2022-09-16
산성동315,1,,대전광역시 중구 산성동306-96,36.30391693,127.3911743,,한전주,042-606-6843,대전광역시 중구청,2022-09-16
산성동316,1,대전광역시 중구 대둔산로386번길103,대전광역시 중구 산성동304-18,36.30386734,127.3916626,,한전주,042-606-6843,대전광역시 중구청,2022-09-16
산성동317,1,대전광역시 중구 대둔산로386번길111,대전광역시 중구 산성동304-16,36.30395508,127.3920822,,한전주,042-606-6843,대전광역시 중구청,2022-09-16
산성동318,1,대전광역시 중구 대둔산로386번길121,대전광역시 중구 산성동307-37,36.30386734,127.3925934,,한전주,042-606-6843,대전광역시 중구청,2022-09-16
산성동319,1,대전광역시 중구 대둔산로386번길125,대전광역시 중구 산성동34-66,36.30398941,127.3928909,,한전주,042-606-6843,대전광역시 중구청,2022-09-16
산성동320,1,대전광역시 중구 대둔산로386번길131,대전광역시 중구 산성동307-19,36.3042717,127.3930588,,한전주,042-606-6843,대전광역시 중구청,2022-09-16
산성동321,1,대전광역시 중구 보문산로122번길22,대전광역시 중구 산성동757,36.30436325,127.3940659,,한전주,042-606-6843,대전광역시 중구청,2022-09-16
산성동322,1,대전광역시 중구 보문산로122번길15,대전광역시 중구 산성동748-5,36.30455399,127.3939209,,한전주,042-606-6843,대전광역시 중구청,2022-09-16
산성동323,1,대전광역시 중구 보문산로122번안길6,대전광역시 중구 산성동307-9,36.30457687,127.3936157,,한전주,042-606-6843,대전광역시 중구청,2022-09-16
산성동324,1,대전광역시 중구 보문산로122번안길17,대전광역시 중구 산성동307-3,36.30458069,127.393013,,한전주,042-606-6843,대전광역시 중구청,2022-09-16
산성동325,1,대전광역시 중구 보문산로122번안길25,대전광역시 중구 산성동307-2,36.30463028,127.3925781,,한전주,042-606-6843,대전광역시 중구청,2022-09-16
산성동326,1,대전광역시 중구 보문산로122번길9,대전광역시 중구 산성동309-29,36.30487823,127.3926239,,한전주,042-606-6843,대전광역시 중구청,2022-09-16
산성동327,1,대전광역시 중구 보문산로122번길9-9,대전광역시 중구 산성동309-31,36.30487442,127.3931503,,한전주,042-606-6843,대전광역시 중구청,2022-09-16
산성동328,1,대전광역시 중구 보문산로122번길5,대전광역시 중구 산성동309-21,36.30509949,127.3926392,,한전주,042-606-6843,대전광역시 중구청,2022-09-16
산성동329,1,대전광역시 중구 보문산로118,대전광역시 중구 산성동309-16,36.30505753,127.393364,,한전주,042-606-6843,대전광역시 중구청,2022-09-16
산성동330,1,대전광역시 중구 보문산로122번안길27,대전광역시 중구 산성동307-1,36.30464554,127.3922806,,한전주,042-606-6843,대전광역시 중구청,2022-09-16
산성동331,1,대전광역시 중구 보문산로108번길23-5,대전광역시 중구 산성동307-35,36.30414963,127.3923569,,한전주,042-606-6843,대전광역시 중구청,2022-09-16
산성동332,1,대전광역시 중구 보문산로108번길24,대전광역시 중구 산성동304-14,36.30426407,127.3921432,,한전주,042-606-6843,대전광역시 중구청,2022-09-16
산성동333,1,대전광역시 중구 보문산로108번길22-7,대전광역시 중구 산성동304-13,36.30422211,127.3918381,,한전주,042-606-6843,대전광역시 중구청,2022-09-16
산성동334,1,대전광역시 중구 보문산로122번안길41,대전광역시 중구 산성동304-8,36.30436707,127.3913345,,한전주,042-606-6843,대전광역시 중구청,2022-09-16
산성동335,1,대전광역시 중구 보문산로122번안길44,대전광역시 중구 산성동304-1,36.30471802,127.3913574,,한전주,042-606-6843,대전광역시 중구청,2022-09-16
산성동336,1,,대전광역시 중구 산성동304-1,36.30471039,127.3916626,,한전주,042-606-6843,대전광역시 중구청,2022-09-16
산성동337,1,대전광역시 중구 보문산로108번길6,대전광역시 중구 산성동299-16,36.30505753,127.3922043,,한전주,042-606-6843,대전광역시 중구청,2022-09-16
산성동338,1,대전광역시 중구 보문산로96-21,대전광역시 중구 산성동299-18,36.3050766,127.3918304,,한전주,042-606-6843,대전광역시 중구청,2022-09-16
산성동339,1,대전광역시 중구 보문산로96-15,대전광역시 중구 산성동299-20,36.30509186,127.3915329,,한전주,042-606-6843,대전광역시 중구청,2022-09-16
산성동340,1,대전광역시 중구 보문산류96-8,대전광역시 중구 산성동299-31,36.3050499,127.3911209,,한전주,042-606-6843,대전광역시 중구청,2022-09-16
산성동341,1,대전광역시 중구 가재울로4번길53,대전광역시 중구 산성동278-1,36.30458832,127.3876266,,한전주,042-606-6843,대전광역시 중구청,2022-09-16
산성동342,1,대전광역시 중구 보문산로64번길20,대전광역시 중구 산성동278-4,36.30415344,127.3878174,,한전주,042-606-6843,대전광역시 중구청,2022-09-16
산성동343,1,대전광역시 중구 보문산로64번길24,대전광역시 중구 산성동306-43,36.30396652,127.3878784,,전용주,042-606-6843,대전광역시 중구청,2022-09-16
산성동344,1,대전광역시 중구 보문산로64번길21-2,대전광역시 중구 산성동306-37,36.30401993,127.3881378,,전용주,042-606-6843,대전광역시 중구청,2022-09-16
산성동345,1,대전광역시 중구 가재울로16번길42,대전광역시 중구 산성동306-73,36.30416489,127.3880539,,한전주,042-606-6843,대전광역시 중구청,2022-09-16
산성동346,1,대전광역시 중구 가재울로16번길35,대전광역시 중구 산성동303-103,36.30418777,127.3884583,,한전주,042-606-6843,대전광역시 중구청,2022-09-16
산성동347,1,대전광역시 중구 가재울로16번길22,대전광역시 중구 산성동303-86,36.30423355,127.3891373,,한전주,042-606-6843,대전광역시 중구청,2022-09-16
산성동348,1,대전광역시 중구 가재울로16번길16,대전광역시 중구 산성동303-88,36.30421829,127.389534,,한전주,042-606-6843,대전광역시 중구청,2022-09-16
산성동349,1,대전광역시 중구 가재울로16번길6,대전광역시 중구 산성동303-91,36.30418396,127.3900375,,한전주,042-606-6843,대전광역시 중구청,2022-09-16
산성동350,1,대전광역시 중구 가재울로16번길1,대전광역시 중구 산성동303-95,36.30413055,127.3903122,,건축물,042-606-6843,대전광역시 중구청,2022-09-16
산성동351,1,대전광역시 중구 가재울로11,대전광역시 중구 산성동301-7,36.30438232,127.3903885,,한전주,042-606-6843,대전광역시 중구청,2022-09-16
산성동352,1,대전광역시 중구 가재울로12번길6,대전광역시 중구 산성동303-76,36.30447388,127.3901443,,한전주,042-606-6843,대전광역시 중구청,2022-09-16
산성동353,1,대전광역시 중구 가재울로12번길14,대전광역시 중구 산성동303-73,36.30450821,127.3896561,,한전주,042-606-6843,대전광역시 중구청,2022-09-16
산성동354,1,대전광역시 중구 보문산로78번길17,대전광역시 중구 산성동303-70,36.30451965,127.3891296,,한전주,042-606-6843,대전광역시 중구청,2022-09-16
산성동355,1,대전광역시 중구 가재울로12번길32,대전광역시 중구 산성동303-21,36.30450439,127.3886948,,한전주,042-606-6843,대전광역시 중구청,2022-09-16
산성동356,1,대전광역시 중구 가재울로12번길38,대전광역시 중구 산성동303-23,36.30448914,127.3883743,,한전주,042-606-6843,대전광역시 중구청,2022-09-16
산성동357,1,대전광역시 중구 가재울로12번길42,대전광역시 중구 산성동303-24,36.30446625,127.3880997,,한전주,042-606-6843,대전광역시 중구청,2022-09-16
산성동358,1,대전광역시 중구 보문산로64번길13,대전광역시 중구 산성동303-27,36.30440521,127.3878479,,전용주,042-606-6843,대전광역시 중구청,2022-09-16
산성동359,1,대전광역시 중구 가재울로4번길43,대전광역시 중구 산성동303-9,36.30474472,127.3881683,,한전주,042-606-6843,대전광역시 중구청,2022-09-16
산성동360,1,대전광역시 중구 가재울로4번길37,대전광역시 중구 산성동303-11,36.30479431,127.3883514,,한전주,042-606-6843,대전광역시 중구청,2022-09-16
산성동361,1,대전광역시 중구 가재울로4번길32,대전광역시 중구 산성동280-14,36.30492401,127.3887177,,한전주,042-606-6843,대전광역시 중구청,2022-09-16
산성동362,1,대전광역시 중구 보문산로78번길7,대전광역시 중구 산성동298-14,36.30498505,127.3891449,,한전주,042-606-6843,대전광역시 중구청,2022-09-16
산성동363,1,대전광역시 중구 가재울로4번길16,대전광역시 중구 산성동303-49,36.30504227,127.3896103,,한전주,042-606-6843,대전광역시 중구청,2022-09-16
산성동364,1,대전광역시 중구 가재울로4번길9,대전광역시 중구 산성동298-5,36.30509186,127.389946,,한전주,042-606-6843,대전광역시 중구청,2022-09-16
산성동365,1,대전광역시 중구 보문산로92,대전광역시 중구 산성동299-1,36.30509567,127.3904266,,한전주,042-606-6843,대전광역시 중구청,2022-09-16
산성동366,1,대전광역시 중구 가재울로5-1,대전광역시 중구 산성동299-37,36.30503082,127.3906326,,한전주,042-606-6843,대전광역시 중구청,2022-09-16
산성동367,1,대전광역시 중구 가재울로7,대전광역시 중구 산성동299-35,36.30477524,127.3904266,,한전주,042-606-6843,대전광역시 중구청,2022-09-16
산성동368,1,대전광역시 중구 보문산로122번안길56,대전광역시 중구 산성동299-32,36.30472565,127.3909073,,한전주,042-606-6843,대전광역시 중구청,2022-09-16
산성동369,1,대전광역시 중구 보문산로122번안길72,대전광역시 중구 산성동303-54,36.30477142,127.3898468,,전용주,042-606-6843,대전광역시 중구청,2022-09-16
산성동370,1,대전광역시 중구 보문산로122번안길78,대전광역시 중구 산성동303-67,36.3047905,127.3894958,,전용주,042-606-6843,대전광역시 중구청,2022-09-16
산성동371,1,대전광역시 중구 산성로16번길3,대전광역시 중구 산성동321-26,36.30583191,127.3909454,,한전주,042-606-6843,대전광역시 중구청,2022-09-16
산성동372,1,대전광역시 중구 산성로16번길17,대전광역시 중구 산성동321-24,36.30577087,127.3913345,,한전주,042-606-6843,대전광역시 중구청,2022-09-16
산성동373,1,대전광역시 중구 산성로16번길24,대전광역시 중구 산성동320-6,36.30584717,127.3917999,,한전주,042-606-6843,대전광역시 중구청,2022-09-16
산성동374,1,대전광역시 중구 산성로16번길28,대전광역시 중구 산성동320-9,36.30593109,127.3920746,,한전주,042-606-6843,대전광역시 중구청,2022-09-16
산성동375,1,대전광역시 중구 보문산로113-15,대전광역시 중구 산성동320-14,36.30605698,127.3924942,,한전주,042-606-6843,대전광역시 중구청,2022-09-16
산성동376,1,대전광역시 중구 보문산로113-20,대전광역시 중구 산성동327-23,36.30630875,127.3926086,,한전주,042-606-6843,대전광역시 중구청,2022-09-16
산성동377,1,대전광역시 중구 산성로16번길42,대전광역시 중구 산성동328-31,36.30600357,127.3927155,,한전주,042-606-6843,대전광역시 중구청,2022-09-16
산성동378,1,대전광역시 중구 산성로16번길46,대전광역시 중구 산성동328-2,36.30619812,127.3930054,,한전주,042-606-6843,대전광역시 중구청,2022-09-16
산성동379,1,대전광역시 중구 산성로16번길56,대전광역시 중구 산성동328-7,36.30633163,127.3934631,,한전주,042-606-6843,대전광역시 중구청,2022-09-16
산성동380,1,대전광역시 중구 산성로16번길64,대전광역시 중구 산성동328-10,36.30646515,127.393898,,한전주,042-606-6843,대전광역시 중구청,2022-09-16
산성동381,1,대전광역시 중구 당디로18,대전광역시 중구 산성동334-15,36.3067131,127.3945694,,한전주,042-606-6843,대전광역시 중구청,2022-09-16
산성동382,1,대전광역시 중구 산성로16번길87,대전광역시 중구 산성동334-8,36.30690384,127.3952408,,한전주,042-606-6843,대전광역시 중구청,2022-09-16
산성동383,1,대전광역시 중구 보문산로141번길43,대전광역시 중구 산성동334-7,36.30710602,127.3952332,,한전주,042-606-6843,대전광역시 중구청,2022-09-16
산성동384,1,대전광역시 중구 보문산로141번길23,대전광역시 중구 산성동332-7,36.30654144,127.3957596,,한전주,042-606-6843,대전광역시 중구청,2022-09-16
산성동385,1,대전광역시 중구 보문산로103번길63,대전광역시 중구 산성동333-10,36.30649948,127.3955536,,한전주,042-606-6843,대전광역시 중구청,2022-09-16
산성동386,1,대전광역시 중구 보문산로103번길59,대전광역시 중구 산성동333-13,36.30638885,127.3951721,,한전주,042-606-6843,대전광역시 중구청,2022-09-16
산성동387,1,대전광역시 중구 보문산로103번길41,대전광역시 중구 산성동328-32,36.30609131,127.3941879,,한전주,042-606-6843,대전광역시 중구청,2022-09-16
산성동388,1,대전광역시 중구 보문산로103번길31,대전광역시 중구 산성동328-21,36.30596924,127.3937531,,한전주,042-606-6843,대전광역시 중구청,2022-09-16
산성동389,1,대전광역시 중구 보문산로103번길17,대전광역시 중구 산성동329-3,36.30581284,127.393219,,한전주,042-606-6843,대전광역시 중구청,2022-09-16
산성동390,1,대전광역시 중구 보문산로103번길13,대전광역시 중구 산성동328-29,36.30571365,127.3928833,,한전주,042-606-6843,대전광역시 중구청,2022-09-16
산성동391,1,대전광역시 중구 보문산로103번길7,대전광역시 중구 산성동320-17,36.30561447,127.3925781,,한전주,042-606-6843,대전광역시 중구청,2022-09-16
산성동392,1,대전광역시 중구 당디로6번길9,대전광역시 중구 산성동332-10,36.30593109,127.3951645,,한전주,042-606-6843,대전광역시 중구청,2022-09-16
산성동393,1,대전광역시 중구 보문산로141번길21,대전광역시 중구 산성동332-8,36.30636215,127.3959274,,한전주,042-606-6843,대전광역시 중구청,2022-09-16
산성동394,1,대전광역시 중구 보문산로141번길19,대전광역시 중구 산성동332-17,36.30625153,127.3960037,,전용주,042-606-6843,대전광역시 중구청,2022-09-16
산성동395,1,대전광역시 중구 당디로6번길 40,대전광역시 중구 산성동331-2,36.30636978,127.3964081,,전용주,042-606-6843,대전광역시 중구청,2022-09-16
산성동396,1,대전광역시 중구 당디로6번길 40,대전광역시 중구 산성동331-2,36.30645752,127.3966064,,한전주,042-606-6843,대전광역시 중구청,2022-09-16
산성동397,1,대전광역시 중구 보문산로147-18,대전광역시 중구 산성동559-1,36.3064003,127.396904,,한전주,042-606-6843,대전광역시 중구청,2022-09-16
산성동398,1,대전광역시 중구 보문산로147-11,대전광역시 중구 산성동559-11,36.30607605,127.3968582,,한전주,042-606-6843,대전광역시 중구청,2022-09-16
산성동399,1,대전광역시 중구 산성로55,대전광역시 중구 산성동335-4,36.30762482,127.3948135,,한전주,042-606-6843,대전광역시 중구청,2022-09-16
산성동400,1,대전광역시 중구 산성로57번길15,대전광역시 중구 산성동335-2,36.30792236,127.3945694,,한전주,042-606-6843,대전광역시 중구청,2022-09-16
산성동401,1,대전광역시 중구 신성로57번길16,대전광역시 중구 산성동335-1,36.30807114,127.3945084,,한전주,042-606-6843,대전광역시 중구청,2022-09-16
산성동402,1,대전광역시 중구 산성로57번길25,대전광역시 중구 산성동64-45,36.30803299,127.3939819,,건축물,042-606-6843,대전광역시 중구청,2022-09-16
산성동403,1,대전광역시 중구 신성로57번길19,대전광역시 중구 산성동335-19,36.30804825,127.3942337,,건축물,042-606-6843,대전광역시 중구청,2022-09-16
산성동404,1,대전광역시 중구 신성로57번길33,대전광역시 중구 산성동324-16,36.30787277,127.3935471,,한전주,042-606-6843,대전광역시 중구청,2022-09-16
산성동405,1,대전광역시 중구 신성로57번길41,대전광역시 중구 산성동324-14,36.30781174,127.3931122,,한전주,042-606-6843,대전광역시 중구청,2022-09-16
산성동406,1,대전광역시 중구 신성로57번길45,대전광역시 중구 산성동324-11,36.30777359,127.3928452,,한전주,042-606-6843,대전광역시 중구청,2022-09-16
산성동407,1,대전광역시 중구 신성로57번길51,대전광역시 중구 산성동324-6,36.30773163,127.3926219,,한전주,042-606-6843,대전광역시 중구청,2022-09-16
산성동408,1,대전광역시 중구 신성로57번길57,대전광역시 중구 산성동324-1,36.30772781,127.3921204,,한전주,042-606-6843,대전광역시 중구청,2022-09-16
산성동409,1,대전광역시 중구 신성로57번길73,대전광역시 중구 산성동323-4,36.30753708,127.3912964,,한전주,042-606-6843,대전광역시 중구청,2022-09-16
산성동410,1,대전광역시 중구 신성로57번길81,대전광역시 중구 산성동323-33,36.30748367,127.3909073,,한전주,042-606-6843,대전광역시 중구청,2022-09-16
산성동411,1,대전광역시 중구 신성로57번길89,대전광역시 중구 산성동323-1,36.30740356,127.3904037,,한전주,042-606-6843,대전광역시 중구청,2022-09-16
산성동412,1,대전광역시 중구 신성로57번길99,대전광역시 중구 산성동287-12,36.30732346,127.389946,,한전주,042-606-6843,대전광역시 중구청,2022-09-16
산성동413,1,대전광역시 중구 신성로57번길105,대전광역시 중구 산성동287-8,36.30727005,127.3896561,,한전주,042-606-6843,대전광역시 중구청,2022-09-16
산성동414,1,대전광역시 중구 신성로57번길109,대전광역시 중구 산성동287-4,36.30727005,127.3892746,,한전주,042-606-6843,대전광역시 중구청,2022-09-16
산성동415,1,,대전광역시 중구 산성동287-1,36.3072319,127.3888092,,한전주,042-606-6843,대전광역시 중구청,2022-09-16
산성동416,1,대전광역시 중구 신성로57번길129,대전광역시 중구 산성동286-6,36.30724716,127.3883362,,한전주,042-606-6843,대전광역시 중구청,2022-09-16
산성동417,1,대전광역시 중구 신성로57번길133,대전광역시 중구 산성동286-3,36.30727768,127.3880157,,한전주,042-606-6843,대전광역시 중구청,2022-09-16
산성동418,1,대전광역시 중구 신성로57번길145,대전광역시 중구 산성동266-17,36.30732346,127.3875198,,한전주,042-606-6843,대전광역시 중구청,2022-09-16
산성동419,1,대전광역시 중구 보문산로77번길31-17,대전광역시 중구 산성동286-3,36.3070755,127.3878326,,한전주,042-606-6843,대전광역시 중구청,2022-09-16
산성동420,1,대전광역시 중구 보문산로77번길35,대전광역시 중구 산성동286-7,36.30689621,127.3885727,,한전주,042-606-6843,대전광역시 중구청,2022-09-16
산성동421,1,대전광역시 중구 대둔산로420번길5,대전광역시 중구 산성동286-28,36.30670929,127.3872833,,한전주,042-606-6843,대전광역시 중구청,2022-09-16
산성동422,1,대전광역시 중구 대둔산로420번길10,대전광역시 중구 산성동284-21,36.30662537,127.387764,,한전주,042-606-6843,대전광역시 중구청,2022-09-16
산성동423,1,대전광역시 중구 대둔산로420번길17,대전광역시 중구 산성동286-18,36.30666351,127.3881302,,한전주,042-606-6843,대전광역시 중구청,2022-09-16
산성동424,1,대전광역시 중구 대둔산로420번길27,대전광역시 중구 산성동286-33,36.30663681,127.3885422,,한전주,042-606-6843,대전광역시 중구청,2022-09-16
산성동425,1,대전광역시 중구 대둔산로420번길33,대전광역시 중구 산성동287-21,36.30665207,127.3888397,,한전주,042-606-6843,대전광역시 중구청,2022-09-16
산성동426,1,대전광역시 중구 대둔산로420번길41,대전광역시 중구 산성동287-20,36.30667877,127.3891602,,한전주,042-606-6843,대전광역시 중구청,2022-09-16
산성동427,1,대전광역시 중구 대둔산로420번길41,대전광역시 중구 산성동288-6,36.3067131,127.3895569,,한전주,042-606-6843,대전광역시 중구청,2022-09-16
산성동428,1,대전광역시 중구 대둔산로420번길47,대전광역시 중구 산성동287-19,36.30672455,127.3897858,,한전주,042-606-6843,대전광역시 중구청,2022-09-16
산성동429,1,대전광역시 중구 대둔산로420번길55,대전광역시 중구 산성동287-17,36.30675125,127.3900681,,한전주,042-606-6843,대전광역시 중구청,2022-09-16
산성동430,1,대전광역시 중구 대둔산로420번길59,대전광역시 중구 산성동287-14,36.30677795,127.3903732,,한전주,042-606-6843,대전광역시 중구청,2022-09-16
산성동431,1,대전광역시 중구 신성로15번길18,대전광역시 중구 산성동323-15,36.30683136,127.3905487,,한전주,042-606-6843,대전광역시 중구청,2022-09-16
산성동432,1,대전광역시 중구 신성로15번길26,대전광역시 중구 산성동323-25,36.30713654,127.3904419,,한전주,042-606-6843,대전광역시 중구청,2022-09-16
산성동433,1,대전광역시 중구 대둔산로420번길71,대전광역시 중구 산성동323-13,36.30687714,127.3908768,,한전주,042-606-6843,대전광역시 중구청,2022-09-16
산성동434,1,대전광역시 중구 대둔산로420번길79,대전광역시 중구 산성동323-9,36.30696869,127.391243,,한전주,042-606-6843,대전광역시 중구청,2022-09-16
산성동435,1,대전광역시 중구 대둔산로420번길75-8,대전광역시 중구 산성동323-10,36.30715942,127.3911667,,한전주,042-606-6843,대전광역시 중구청,2022-09-16
산성동436,1,대전광역시 중구 대둔산로420번길83,대전광역시 중구 산성동323-34,36.30702972,127.3915863,,한전주,042-606-6843,대전광역시 중구청,2022-09-16
산성동437,1,대전광역시 중구 대둔산로420번길89,대전광역시 중구 산성동323-36,36.3071022,127.3918991,,한전주,042-606-6843,대전광역시 중구청,2022-09-16
산성동438,1,대전광역시 중구 대둔산로420번길97,대전광역시 중구 산성동324-27,36.30738068,127.3922348,,한전주,042-606-6843,대전광역시 중구청,2022-09-16
산성동439,1,대전광역시 중구 대둔산로420번길98,대전광역시 중구 산성동325-1,36.30709839,127.3923264,,한전주,042-606-6843,대전광역시 중구청,2022-09-16
산성동440,1,대전광역시 중구 대둔산로420번길188,대전광역시 중구 산성동325-3,36.30724716,127.3928604,,한전주,042-606-6843,대전광역시 중구청,2022-09-16
산성동441,1,대전광역시 중구 대둔산로420번길118,대전광역시 중구 산성동325-8,36.30736923,127.3934479,,한전주,042-606-6843,대전광역시 중구청,2022-09-16
산성동442,1,대전광역시 중구 보문산로63번길7,대전광역시 중구 산성동281-3,36.30540848,127.387291,,한전주,042-606-6843,대전광역시 중구청,2022-09-16
산성동443,1,대전광역시 중구 대둔산로408번길11,대전광역시 중구 산성동284-7,36.30553818,127.3873367,,한전주,042-606-6843,대전광역시 중구청,2022-09-16
산성동444,1,대전광역시 중구 보문산로63번길18,대전광역시 중구 산성동283-30,36.30583191,127.3874817,,한전주,042-606-6843,대전광역시 중구청,2022-09-16
산성동445,1,대전광역시 중구 대둔산로408번길22,대전광역시 중구 산성동282-4,36.30554962,127.3877792,,한전주,042-606-6843,대전광역시 중구청,2022-09-16
산성동446,1,대전광역시 중구 대둔산로408번길21-8,대전광역시 중구 산성동283-17,36.30587006,127.3878555,,한전주,042-606-6843,대전광역시 중구청,2022-09-16
산성동447,1,대전광역시 중구 대둔산로408번길27,대전광역시 중구 산성동283-11,36.30569077,127.3880844,,한전주,042-606-6843,대전광역시 중구청,2022-09-16
산성동448,1,대전광역시 중구 대둔산로408번길33,대전광역시 중구 산성동283-7,36.30580521,127.3883972,,한전주,042-606-6843,대전광역시 중구청,2022-09-16
산성동449,1,대전광역시 중구 보문산로75-1,대전광역시 중구 산성동282-11,36.30552673,127.3884659,,전용주,042-606-6843,대전광역시 중구청,2022-09-16
산성동450,1,대전광역시 중구 보문로69-1,대전광역시 중구 산성동282-5,36.30549622,127.3881607,,한전주,042-606-6843,대전광역시 중구청,2022-09-16
산성동451,1,대전광역시 중구 보문산로77번길8,대전광역시 중구 산성동292-29,36.30590439,127.3887787,,한전주,042-606-6843,대전광역시 중구청,2022-09-16
산성동452,1,대전광역시 중구 대둔산로408번길37,대전광역시 중구 산성동283-2,36.30597305,127.3886948,,한전주,042-606-6843,대전광역시 중구청,2022-09-16
산성동453,1,대전광역시 중구 대둔산로414번길40,대전광역시 중구 산성동292-3,36.30617523,127.3891449,,한전주,042-606-6843,대전광역시 중구청,2022-09-16
산성동454,1,대전광역시 중구 대둔산로414번길48,대전광역시 중구 산성동292-7,36.30620956,127.389679,,한전주,042-606-6843,대전광역시 중구청,2022-09-16
산성동455,1,대전광역시 중구 대둔산로414번길62,대전광역시 중구 산성동292-10,36.30625153,127.390213,,한전주,042-606-6843,대전광역시 중구청,2022-09-16
산성동456,1,대전광역시 중구 대둔산로414번길66,대전광역시 중구 산성동292-12,36.30628586,127.3905945,,한전주,042-606-6843,대전광역시 중구청,2022-09-16
산성동457,1,대전광역시 중구 산성로17,대전광역시 중구 산성동322-48,36.30614471,127.3908234,,한전주,042-606-6843,대전광역시 중구청,2022-09-16
산성동458,1,대전광역시 중구 산성로15번길10,대전광역시 중구 산성동322-24,36.30647659,127.3906784,,한전주,042-606-6843,대전광역시 중구청,2022-09-16
산성동459,1,대전광역시 중구 대둔산로414번길76,대전광역시 중구 산성동322-29,36.30655289,127.3910522,,한전주,042-606-6843,대전광역시 중구청,2022-09-16
산성동460,1,대전광역시 중구 대둔산로414번길86,대전광역시 중구 산성동322-32,36.30664063,127.3915939,,한전주,042-606-6843,대전광역시 중구청,2022-09-16
산성동461,1,대전광역시 중구 대둔산로414번길93,대전광역시 중구 산성동322-35,36.30672455,127.3918762,,한전주,042-606-6843,대전광역시 중구청,2022-09-16
산성동462,1,대전광역시 중구 대둔산로414번길95,대전광역시 중구 산성동322-12,36.30678558,127.392189,,한전주,042-606-6843,대전광역시 중구청,2022-09-16
산성동463,1,대전광역시 중구 산성로33,대전광역시 중구 산성동325-23,36.30665588,127.3924866,,한전주,042-606-6843,대전광역시 중구청,2022-09-16
산성동464,1,대전광역시 중구 신성로31-10,대전광역시 중구 산성동325-23,36.3068428,127.3924332,,한전주,042-606-6843,대전광역시 중구청,2022-09-16
산성동465,1,대전광역시 중구 대둔산로414번길109,대전광역시 중구 산성동325-20,36.30690002,127.3927383,,한전주,042-606-6843,대전광역시 중구청,2022-09-16
산성동466,1,대전광역시 중구 대둔산로414번길115,대전광역시 중구 산성동325-15,36.30698776,127.3931122,,한전주,042-606-6843,대전광역시 중구청,2022-09-16
산성동467,1,대전광역시 중구 대둔산로414번길121,대전광역시 중구 산성동325-30,36.30709076,127.3935394,,한전주,042-606-6843,대전광역시 중구청,2022-09-16
산성동468,1,대전광역시 중구 탑골로7,대전광역시 중구 산성동27,36.30364227,127.3949661,,한전주,042-606-6843,대전광역시 중구청,2022-09-16
산성동469,1,대전광역시 중구 탑골로13,대전광역시 중구 산성동757-4,36.30342865,127.3953781,,한전주,042-606-6843,대전광역시 중구청,2022-09-16
산성동470,1,대전광역시 중구 탑골로17,대전광역시 중구 산성동21,36.30323029,127.395874,,한전주,042-606-6843,대전광역시 중구청,2022-09-16
산성동471,1,대전광역시 중구 탑골로19,대전광역시 중구 산성동13-20,36.30324173,127.3962021,,한전주,042-606-6843,대전광역시 중구청,2022-09-16
산성동472,1,대전광역시 중구 탑골로23,대전광역시 중구 산성동13-3,36.30327606,127.3967361,,한전주,042-606-6843,대전광역시 중구청,2022-09-16
산성동473,1,대전광역시 중구 탑골로25-10,대전광역시 중구 산성동산 3-1,36.30362701,127.396843,,한전주,042-606-6843,대전광역시 중구청,2022-09-16
산성동474,1,대전광역시 중구 탑골로28,대전광역시 중구 산성동13-12,36.30329895,127.3970413,,한전주,042-606-6843,대전광역시 중구청,2022-09-16
산성동475,1,대전광역시 중구 탑골로30,대전광역시 중구 산성동13-8,36.30337906,127.3973541,,한전주,042-606-6843,대전광역시 중구청,2022-09-16
산성동476,1,,대전광역시 중구 산성동15,36.30292892,127.3959656,,한전주,042-606-6843,대전광역시 중구청,2022-09-16
산성동477,1,대전광역시 중구 탑골로18번길16,대전광역시 중구 산성동14-1,36.30258179,127.3960571,,한전주,042-606-6843,대전광역시 중구청,2022-09-16
산성동478,1,대전광역시 중구 탑골로18번길28,대전광역시 중구 산성동14-7,36.30222702,127.3965988,,한전주,042-606-6843,대전광역시 중구청,2022-09-16
산성동479,1,대전광역시 중구 탑골로18번안길13,대전광역시 중구 산성동16-3,36.30291367,127.3953171,,한전주,042-606-6843,대전광역시 중구청,2022-09-16
산성동480,1,대전광역시 중구 탑골로18번안길15,대전광역시 중구 산성동16-11,36.30267715,127.3953476,,한전주,042-606-6843,대전광역시 중구청,2022-09-16
산성동481,1,대전광역시 중구 탑골로18번안길28,대전광역시 중구 산성동16-12,36.30242157,127.3950653,,한전주,042-606-6843,대전광역시 중구청,2022-09-16
산성동482,1,대전광역시 중구 탑골로18번안길54,대전광역시 중구 산성동14-22,36.30189514,127.3975754,,한전주,042-606-6843,대전광역시 중구청,2022-09-16
산성동483,1,대전광역시 중구 탑골로32,대전광역시 중구 산성동산 3-28,36.3035965,127.3971863,,한전주,042-606-6843,대전광역시 중구청,2022-09-16
산성동484,1,대전광역시 중구 탑골로18번안길33,대전광역시 중구 산성동산 3-32,36.30212784,127.394722,,한전주,042-606-6843,대전광역시 중구청,2022-09-16
산성동485,1,대전광역시 중구 탑골로18번안길40,대전광역시 중구 산성동17-4,36.30236435,127.3944016,,한전주,042-606-6843,대전광역시 중구청,2022-09-16
산성동486,1,,대전광역시 중구 산성동774,36.30427192,127.3821775,,한전주,042-606-6843,대전광역시 중구청,2022-09-16
산성동487,1,,대전광역시 중구 산성동166-1,36.30973048,127.3871868,,한전주,042-606-6843,대전광역시 중구청,2022-09-16
산성동488,1,,대전광역시 중구 산성동140-22,36.31226594,127.3896852,,한전주,042-606-6843,대전광역시 중구청,2022-09-16
산성동489,1,,대전광역시 중구 산성동160-1,36.30977341,127.3885371,,한전주,042-606-6843,대전광역시 중구청,2022-09-16
산성동490,1,,대전광역시 중구 산성동124-18,36.30297375,127.3851327,,한전주,042-606-6843,대전광역시 중구청,2022-09-16
산성동491,1,,대전광역시 중구 산성동121-28,36.3040582,127.3848903,,한전주,042-606-6843,대전광역시 중구청,2022-09-16
산성동492,1,,대전광역시 중구 산성동134-37,36.31171939,127.3914752,,전용주,042-606-6843,대전광역시 중구청,2022-09-16
산성동493,1,,대전광역시 중구 산성동291-4,36.30724292,127.3886665,,건축물,042-606-6843,대전광역시 중구청,2022-09-16
산성동494,1,,대전광역시 중구 산성동780,36.30725298,127.3890368,,건축물,042-606-6843,대전광역시 중구청,2022-09-16
산성동495,1,,대전광역시 중구 산성동774,36.30269417,127.3830938,,한전주,042-606-6843,대전광역시 중구청,2022-09-16
산성동496,1,,대전광역시 중구 산성동산 7-3,36.30266171,127.388268,,한전주,042-606-6843,대전광역시 중구청,2022-09-16
산성동497,1,,대전광역시 중구 산성동303-161,36.30374927,127.3898432,,한전주,042-606-6843,대전광역시 중구청,2022-09-16
산성동498,1,,대전광역시 중구 산성동303-165,36.30375732,127.3901355,,한전주,042-606-6843,대전광역시 중구청,2022-09-16
산성동499,1,,대전광역시 중구 산성동306-114,36.30355318,127.3898673,,한전주,042-606-6843,대전광역시 중구청,2022-09-16
산성동500,1,,대전광역시 중구 산성동306-113,36.30355453,127.3901429,,한전주,042-606-6843,대전광역시 중구청,2022-09-16
산성동501,1,,대전광역시 중구 산성동120-11,36.30426549,127.3841843,,전용주,042-606-6843,대전광역시 중구청,2022-09-16
산성동502,1,,대전광역시 중구 산성동132-7,36.31008622,127.3907182,,한전주,042-606-6843,대전광역시 중구청,2022-09-16
산성동503,1,,대전광역시 중구 산성동110-24,36.30988533,127.3942636,,한전주,042-606-6843,대전광역시 중구청,2022-09-16
산성동505,1,,대전광역시 중구 산성동14-14,36.30241212,127.3963581,,한전주,042-606-6843,대전광역시 중구청,2022-09-16
산성동506,1,,대전광역시 중구 산성동780,36.30669117,127.3885997,,한전주,042-606-6843,대전광역시 중구청,2022-09-16
산성동507,1,,대전광역시 중구 산성동303-61,36.30473058,127.3901432,,한전주,042-606-6843,대전광역시 중구청,2022-09-16
석교동001,1,대전광역시 중구 보문로47번길,대전광역시 중구 석교동10-7,36.31151199,127.4394073,,한전주,042-606-6843,대전광역시 중구청,2022-09-16
석교동002,1,대전광역시 중구 대전처서로239-16,대전광역시 중구 석교동100-8,36.31179428,127.4397812,,한전주,042-606-6843,대전광역시 중구청,2022-09-16
석교동003,1,대전광역시 중구 대전천서로239-7,대전광역시 중구 석교동99-18,36.31212997,127.440033,,한전주,042-606-6843,대전광역시 중구청,2022-09-16
석교동004,1,대전광역시 중구 대전천서로235-8,대전광역시 중구 석교동100-14,36.31186676,127.4402237,,한전주,042-606-6843,대전광역시 중구청,2022-09-16
석교동005,1,대전광역시 중구 대전천서로235-12,대전광역시 중구 석교동101-17,36.31167603,127.4400864,,한전주,042-606-6843,대전광역시 중구청,2022-09-16
석교동006,1,대전광역시 중구 보문로47번길90,대전광역시 중구 석교동10-1,36.31127167,127.4398804,,한전주,042-606-6843,대전광역시 중구청,2022-09-16
석교동007,1,대전광역시 중구 보문로47번길98,대전광역시 중구 석교동14-6,36.31107712,127.440239,,한전주,042-606-6843,대전광역시 중구청,2022-09-16
석교동008,1,대전광역시 중구 대종로254-15,대전광역시 중구 석교동53-12,36.31137085,127.4404526,,한전주,042-606-6843,대전광역시 중구청,2022-09-16
석교동009,1,대전광역시 중구 대종로254-23,대전광역시 중구 석교동53-6,36.31167603,127.4405975,,전용주,042-606-6843,대전광역시 중구청,2022-09-16
석교동010,1,대전광역시 중구 대전처서로223,대전광역시 중구 석교동53-17,36.31108093,127.4412918,,한전주,042-606-6843,대전광역시 중구청,2022-09-16
석교동011,1,대전광역시 중구 대종로244-15,대전광역시 중구 석교동54-18,36.31087875,127.4411163,,한전주,042-606-6843,대전광역시 중구청,2022-09-16
석교동012,1,대전광역시 중구 보문로47번길105,대전광역시 중구 석교동54-31,36.31095123,127.4407349,,한전주,042-606-6843,대전광역시 중구청,2022-09-16
석교동013,1,대전광역시 중구 보문로47번길121,대전광역시 중구 석교동57-19,36.31061935,127.4414215,,한전주,042-606-6843,대전광역시 중구청,2022-09-16
석교동014,1,대전광역시 중구 보문로47번길127,대전광역시 중구 석교동57-11,36.31043625,127.4417725,,한전주,042-606-6843,대전광역시 중구청,2022-09-16
석교동015,1,대전광역시 중구 보문로47번길135,대전광역시 중구 석교동57-12,36.31026459,127.4421768,,한전주,042-606-6843,대전광역시 중구청,2022-09-16
석교동016,1,대전광역시 중구 대종로234-18,대전광역시 중구 석교동14-5,36.31047821,127.4423141,,한전주,042-606-6843,대전광역시 중구청,2022-09-16
석교동017,1,대전광역시 중구 대전천서로211,대전광역시 중구 석교동13-8,36.31069565,127.442482,,한전주,042-606-6843,대전광역시 중구청,2022-09-16
석교동018,1,대전광역시 중구 대종로254,대전광역시 중구 석교동12-7,36.31080627,127.4400101,,전용주,042-606-6843,대전광역시 중구청,2022-09-16
석교동019,1,대전광역시 중구 대종로116,대전광역시 중구 석교동57-9,36.3105545,127.4410172,,한전주,042-606-6843,대전광역시 중구청,2022-09-16
석교동020,1,대전광역시 중구 대종로234-5,대전광역시 중구 석교동57-5,36.31003189,127.4420013,,한전주,042-606-6843,대전광역시 중구청,2022-09-16
석교동021,1,대전광역시 중구 보문로47번길139,대전광역시 중구 석교동69-5,36.31012344,127.4424057,,한전주,042-606-6843,대전광역시 중구청,2022-09-16
석교동022,1,대전광역시 중구 보문로47번길145-1,대전광역시 중구 석교동71-1,36.30998611,127.4426575,,한전주,042-606-6843,대전광역시 중구청,2022-09-16
석교동023,1,대전광역시 중구 보문로47번길145-8,대전광역시 중구 석교동74-1,36.31018066,127.4427795,,한전주,042-606-6843,대전광역시 중구청,2022-09-16
석교동024,1,대전광역시 중구 대종로224번길13,대전광역시 중구 석교동69-22,36.30990219,127.4428787,,한전주,042-606-6843,대전광역시 중구청,2022-09-16
석교동025,1,대전광역시 중구 대종로224번안길,대전광역시 중구 석교동69-8,36.30979538,127.4434433,,전용주,042-606-6843,대전광역시 중구청,2022-09-16
석교동026,1,대전광역시 중구 대전천서로199번길,대전광역시 중구 석교동70-22,36.31002045,127.4434662,,한전주,042-606-6843,대전광역시 중구청,2022-09-16
석교동027,1,대전광역시 중구 대전천서로199번길17,대전광역시 중구 석교동70-8,36.31033707,127.4435501,,한전주,042-606-6843,대전광역시 중구청,2022-09-16
석교동028,1,대전광역시 중구 대전천서로199번길7,대전광역시 중구 석교동74-22,36.31062317,127.4436798,,한전주,042-606-6843,대전광역시 중구청,2022-09-16
석교동029,1,대전광역시 중구 대전천서로191번길2,대전광역시 중구 석교동72-1,36.31081772,127.4445953,,한전주,042-606-6843,대전광역시 중구청,2022-09-16
석교동030,1,대전광역시 중구 대전천서로163번길56,대전광역시 중구 석교동72-2,36.3104744,127.4444427,,한전주,042-606-6843,대전광역시 중구청,2022-09-16
석교동031,1,대전광역시 중구 대전천서로163번길60,대전광역시 중구 석교동68-10,36.31053543,127.4441681,,한전주,042-606-6843,대전광역시 중구청,2022-09-16
석교동032,1,대전광역시 중구 대전천서로191번길,대전광역시 중구 석교동82-16,36.31009674,127.4440765,,한전주,042-606-6843,대전광역시 중구청,2022-09-16
석교동033,1,대전광역시 중구 대전천서로181번길30-21,대전광역시 중구 석교동85-20,36.30979919,127.4437172,,한전주,042-606-6843,대전광역시 중구청,2022-09-16
석교동034,1,대전광역시 중구 대전천서로181번길,대전광역시 중구 석교동84-9,36.30965042,127.4441452,,한전주,042-606-6843,대전광역시 중구청,2022-09-16
석교동035,1,대전광역시 중구 대전천서로181번길30-7,대전광역시 중구 석교동84-10,36.30950165,127.4444427,,한전주,042-606-6843,대전광역시 중구청,2022-09-16
석교동036,1,대전광역시 중구 대전천서로181번길29,대전광역시 중구 석교동84-30,36.30934525,127.4448395,,한전주,042-606-6843,대전광역시 중구청,2022-09-16
석교동037,1,대전광역시 중구 대전천서로181번길23,대전광역시 중구 석교동94-9,36.30960464,127.4450455,,한전주,042-606-6843,대전광역시 중구청,2022-09-16
석교동038,1,대전광역시 중구 대종로190번안길41,대전광역시 중구 석교동98-2,36.30981064,127.4447479,,한전주,042-606-6843,대전광역시 중구청,2022-09-16
석교동039,1,대전광역시 중구 대종로190번안길49,대전광역시 중구 석교동16-32,36.30995941,127.4444275,,한전주,042-606-6843,대전광역시 중구청,2022-09-16
석교동040,1,대전광역시 중구 대전천서로163번길48,대전광역시 중구 석교동16-20,36.3102951,127.4448013,,한전주,042-606-6843,대전광역시 중구청,2022-09-16
석교동041,1,대전광역시 중구 대전천서로163번길39,대전광역시 중구 석교동72-1,36.30999889,127.4453302,,한전주,042-606-6843,대전광역시 중구청,2022-09-16
석교동042,1,대전광역시 중구 대전천서로163번길21,대전광역시 중구 석교동96-17,36.30965424,127.4459763,,한전주,042-606-6843,대전광역시 중구청,2022-09-16
석교동043,1,대전광역시 중구 대전천서로163번길27,대전광역시 중구 석교동88-26,36.30980682,127.4457932,,한전주,042-606-6843,대전광역시 중구청,2022-09-16
석교동044,1,대전광역시 중구 대전천서로163번길30,대전광역시 중구 석교동88-17,36.30987549,127.4456406,,한전주,042-606-6843,대전광역시 중구청,2022-09-16
석교동045,1,대전광역시 중구 대종로190번길31,대전광역시 중구 석교동64-15,36.3094902,127.4453659,,한전주,042-606-6843,대전광역시 중구청,2022-09-16
석교동046,1,대전광역시 중구 대종로190번안길22,대전광역시 중구 석교동64-8,36.3092804,127.4457703,,한전주,042-606-6843,대전광역시 중구청,2022-09-16
석교동047,1,대전광역시 중구 대던천서로163번길13,대전광역시 중구 석교동64-22,36.30946732,127.4464569,,한전주,042-606-6843,대전광역시 중구청,2022-09-16
석교동048,1,대전광역시 중구 대종로190번길33,대전광역시 중구 석교동16-2,36.30902863,127.4468918,,한전주,042-606-6843,대전광역시 중구청,2022-09-16
석교동049,1,대전광역시 중구 대종로190번길6,대전광역시 중구 석교동16-50,36.30898666,127.4463806,,전용주,042-606-6843,대전광역시 중구청,2022-09-16
석교동050,1,대전광역시 중구 대종로190번길16,대전광역시 중구 석교동19-7,36.3091507,127.4460373,,한전주,042-606-6843,대전광역시 중구청,2022-09-16
석교동051,1,대전광역시 중구 대종로204번길25,대전광역시 중구 석교동20-3,36.30923843,127.4454117,,한전주,042-606-6843,대전광역시 중구청,2022-09-16
석교동052,1,대전광역시 중구 대종로204번길15,대전광역시 중구 석교동26-3,36.30900574,127.4452515,,한전주,042-606-6843,대전광역시 중구청,2022-09-16
석교동053,1,대전광역시 중구 대종로204번길9,대전광역시 중구 석교동23-6,36.30868149,127.4450226,,한전주,042-606-6843,대전광역시 중구청,2022-09-16
석교동054,1,,대전광역시 중구 석교동63-6,36.30845261,127.4448547,,한전주,042-606-6843,대전광역시 중구청,2022-09-16
석교동055,1,대전광역시 중구 대종로204번길5-2,대전광역시 중구 석교동59-6,36.30865097,127.4446793,,한전주,042-606-6843,대전광역시 중구청,2022-09-16
석교동056,1,대전광역시 중구 대종로204번길37,대전광역시 중구 석교동63-15,36.30886841,127.4449997,,한전주,042-606-6843,대전광역시 중구청,2022-09-16
석교동057,1,대전광역시 중구 대종로224번안길33,대전광역시 중구 석교동63-2,36.30904007,127.444664,,한전주,042-606-6843,대전광역시 중구청,2022-09-16
석교동058,1,대전광역시 중구 대종로224번안길212-8,대전광역시 중구 석교동38-4,36.30913162,127.4442062,,한전주,042-606-6843,대전광역시 중구청,2022-09-16
석교동059,1,대전광역시 중구 대종로224번안길13,대전광역시 중구 석교동51-12,36.30945587,127.4437637,,한전주,042-606-6843,대전광역시 중구청,2022-09-16
석교동060,1,대전광역시 중구 대종로224번안길7,대전광역시 중구 석교동40-12,36.30955887,127.4435349,,한전주,042-606-6843,대전광역시 중구청,2022-09-16
석교동061,1,대전광역시 중구 대종로224번안길6,대전광역시 중구 석교동40-3,36.30970001,127.4432755,,한전주,042-606-6843,대전광역시 중구청,2022-09-16
석교동062,1,대전광역시 중구 대종로190번길7,대전광역시 중구 석교동37-8,36.30807495,127.4461746,,한전주,042-606-6843,대전광역시 중구청,2022-09-16
석교동063,1,대전광역시 중구 신기로7번길38,대전광역시 중구 석교동102-4,36.30828974,127.4463142,,한전주,042-606-6843,대전광역시 중구청,2022-09-16
석교동064,1,대전광역시 중구 대종로190번길25,대전광역시 중구 석교동229-16,36.30871964,127.4466476,,한전주,042-606-6843,대전광역시 중구청,2022-09-16
석교동065,1,대전광역시 중구 대전천서로157-19,대전광역시 중구 석교동279-7,36.30844498,127.4470901,,한전주,042-606-6843,대전광역시 중구청,2022-09-16
석교동066,1,대전광역시 중구 대전천서로157-25,대전광역시 중구 석교동280-21,36.30819702,127.4468918,,한전주,042-606-6843,대전광역시 중구청,2022-09-16
석교동067,1,대전광역시 중구 신기로7번길27,대전광역시 중구 석교동282-6,36.30801773,127.4468689,,한전주,042-606-6843,대전광역시 중구청,2022-09-16
석교동068,1,대전광역시 중구 대종로182번길2,대전광역시 중구 석교동320,36.30745316,127.446907,,한전주,042-606-6843,대전광역시 중구청,2022-09-16
석교동069,1,대전광역시 중구 신기로7번길23,대전광역시 중구 석교동산 6-9,36.30772781,127.4471359,,한전주,042-606-6843,대전광역시 중구청,2022-09-16
석교동070,1,대전광역시 중구 대종로182번길21,대전광역시 중구 석교동326,36.3080864,127.4473801,,한전주,042-606-6843,대전광역시 중구청,2022-09-16
석교동071,1,대전광역시 중구 대종로182번길25,대전광역시 중구 석교동325-1,36.30833054,127.4475784,,한전주,042-606-6843,대전광역시 중구청,2022-09-16
석교동072,1,대전광역시 중구 신기로7번길4,대전광역시 중구 석교동328-1,36.3073082,127.4479218,,전용주,042-606-6843,대전광역시 중구청,2022-09-16
석교동073,1,대전광역시 중구 신기로7번길9,대전광역시 중구 석교동329,36.30744171,127.4476089,,한전주,042-606-6843,대전광역시 중구청,2022-09-16
석교동074,1,대전광역시 중구 신기로7번길16,대전광역시 중구 석교동319-5,36.30767059,127.4474487,,전용주,042-606-6843,대전광역시 중구청,2022-09-16
석교동075,1,대전광역시 중구 모암로8번길63,대전광역시 중구 석교동271-4,36.30595779,127.4474106,,한전주,042-606-6843,대전광역시 중구청,2022-09-16
석교동076,1,대전광역시 중구 모암로14번길65,대전광역시 중구 석교동231-3,36.30582047,127.4468155,,한전주,042-606-6843,대전광역시 중구청,2022-09-16
석교동077,1,대전광역시 중구 모암로14번길59,대전광역시 중구 석교동287-13,36.30558395,127.4470215,,한전주,042-606-6843,대전광역시 중구청,2022-09-16
석교동078,1,대전광역시 중구 모암로18번길65,대전광역시 중구 석교동287-9,36.30551147,127.4464493,,한전주,042-606-6843,대전광역시 중구청,2022-09-16
석교동079,1,,대전광역시 중구 석교동273-3,36.3050499,127.4461517,,전용주,042-606-6843,대전광역시 중구청,2022-09-16
석교동080,1,대전광역시 중구 모암로24번길66,대전광역시 중구 석교동222-11,36.30519485,127.4460144,,한전주,042-606-6843,대전광역시 중구청,2022-09-16
석교동081,1,대전광역시 중구 모암로24번길70,대전광역시 중구 석교동225,36.30533981,127.4458923,,한전주,042-606-6843,대전광역시 중구청,2022-09-16
석교동082,1,대전광역시 중구 범골로19-14,대전광역시 중구 석교동229-12,36.30575562,127.4453201,,한전주,042-606-6843,대전광역시 중구청,2022-09-16
석교동083,1,대전광역시 중구 범골로20,대전광역시 중구 석교동47-2,36.30609894,127.4447098,,한전주,042-606-6843,대전광역시 중구청,2022-09-16
석교동084,1,대전광역시 중구 범골로14,대전광역시 중구 석교동47-3,36.30646515,127.4449844,,한전주,042-606-6843,대전광역시 중구청,2022-09-16
석교동085,1,대전광역시 중구 범골로15-9,대전광역시 중구 석교동50-5,36.30626678,127.4453735,,한전주,042-606-6843,대전광역시 중구청,2022-09-16
석교동086,1,대전광역시 중구 범골로15-15,대전광역시 중구 석교동62-12,36.30610275,127.4457245,,한전주,042-606-6843,대전광역시 중구청,2022-09-16
석교동087,1,대전광역시 중구 대종로171번길34,대전광역시 중구 석교동215-6,36.30591965,127.4460983,,한전주,042-606-6843,대전광역시 중구청,2022-09-16
석교동088,1,대전광역시 중구 봉소루로85-1,대전광역시 중구 석교동213,36.30625153,127.4463196,,한전주,042-606-6843,대전광역시 중구청,2022-09-16
석교동089,1,대전광역시 중구 봉소루로84,대전광역시 중구 석교동60-8,36.30641174,127.4460297,,한전주,042-606-6843,대전광역시 중구청,2022-09-16
석교동090,1,대전광역시 중구 봉소루로80,대전광역시 중구 석교동195-1,36.30664063,127.4455414,,한전주,042-606-6843,대전광역시 중구청,2022-09-16
석교동091,1,대전광역시 중구 범골로8,대전광역시 중구 석교동192-9,36.30687714,127.4452896,,한전주,042-606-6843,대전광역시 중구청,2022-09-16
석교동092,1,대전광역시 중구 봉소루로73,대전광역시 중구 석교동194-3,36.30700684,127.4449615,,한전주,042-606-6843,대전광역시 중구청,2022-09-16
석교동093,1,대전광역시 중구 봉소루로58번길,대전광역시 중구 석교동6-11,36.30706406,127.4439697,,한전주,042-606-6843,대전광역시 중구청,2022-09-16
석교동094,1,대전광역시 중구 봉소루로58번길7-11,대전광역시 중구 석교동6-6,36.30717468,127.4440842,,한전주,042-606-6843,대전광역시 중구청,2022-09-16
석교동095,1,대전광역시 중구 봉소루로63-1,대전광역시 중구 석교동7-3,36.30737305,127.4442673,,한전주,042-606-6843,대전광역시 중구청,2022-09-16
석교동096,1,대전광역시 중구 대종로199번길14,대전광역시 중구 석교동4-14,36.30752945,127.4445114,,한전주,042-606-6843,대전광역시 중구청,2022-09-16
석교동097,1,대전광역시 중구 대종로199번길10,대전광역시 중구 석교동5-3,36.30776978,127.4446945,,한전주,042-606-6843,대전광역시 중구청,2022-09-16
석교동098,1,대전광역시 중구 돌다리로7번길53,대전광역시 중구 석교동5-5,36.30745316,127.4447784,,한전주,042-606-6843,대전광역시 중구청,2022-09-16
석교동099,1,대전광역시 중구 돌다리로7번길55,대전광역시 중구 석교동195-39,36.30737305,127.4449539,,한전주,042-606-6843,대전광역시 중구청,2022-09-16
석교동100,1,대전광역시 중구 돌다리로7번길63,대전광역시 중구 석교동195-10,36.30728149,127.4451752,,한전주,042-606-6843,대전광역시 중구청,2022-09-16
석교동101,1,대전광역시 중구 돌다리로7번길71,대전광역시 중구 석교동203-16,36.3070755,127.4456813,,한전주,042-606-6843,대전광역시 중구청,2022-09-16
석교동102,1,대전광역시 중구 범골로3,대전광역시 중구 석교동204-9,36.30730438,127.4457169,,전용주,042-606-6843,대전광역시 중구청,2022-09-16
석교동103,1,대전광역시 중구 돌다리로7번길80,대전광역시 중구 석교동210-6,36.30687332,127.4459991,,한전주,042-606-6843,대전광역시 중구청,2022-09-16
석교동104,1,대전광역시 중구 돌다리로7번길90,대전광역시 중구 석교동246-6,36.3066864,127.4463654,,한전주,042-606-6843,대전광역시 중구청,2022-09-16
석교동105,1,대전광역시 중구 대종로181-8,대전광역시 중구 석교동246-1,36.30691147,127.4465256,,전용주,042-606-6843,대전광역시 중구청,2022-09-16
석교동106,1,대전광역시 중구 돌다리로7번길93,대전광역시 중구 석교동207-2,36.30657959,127.4467316,,한전주,042-606-6843,대전광역시 중구청,2022-09-16
석교동107,1,대전광역시 중구 돌다리로7번길41,대전광역시 중구 석교동207-24,36.30775833,127.4441833,,한전주,042-606-6843,대전광역시 중구청,2022-09-16
석교동108,1,대전광역시 중구 돌다리로7번길32,대전광역시 중구 석교동277,36.30796051,127.4437943,,한전주,042-606-6843,대전광역시 중구청,2022-09-16
석교동109,1,대전광역시 중구 대종로211-7,대전광역시 중구 석교동276-2,36.30841446,127.4435425,,한전주,042-606-6843,대전광역시 중구청,2022-09-16
석교동110,1,대전광역시 중구 돌다리로7번길22,대전광역시 중구 석교동269-11,36.3081398,127.4433441,,한전주,042-606-6843,대전광역시 중구청,2022-09-16
석교동111,1,대전광역시 중구 봉소루로53,대전광역시 중구 석교동235,36.30792236,127.4431686,,한전주,042-606-6843,대전광역시 중구청,2022-09-16
석교동112,1,대전광역시 중구 봉소루로55,대전광역시 중구 석교동227-4,36.30778122,127.4434204,,한전주,042-606-6843,대전광역시 중구청,2022-09-16
석교동113,1,대전광역시 중구 봉소루로57,대전광역시 중구 석교동229-3,36.30767822,127.4436111,,한전주,042-606-6843,대전광역시 중구청,2022-09-16
석교동114,1,대전광역시 중구 봉소루로63,대전광역시 중구 석교동229-12,36.3074913,127.443985,,한전주,042-606-6843,대전광역시 중구청,2022-09-16
석교동115,1,대전광역시 중구 봉소루로58번길,대전광역시 중구 석교동223-2,36.30721283,127.4436646,,한전주,042-606-6843,대전광역시 중구청,2022-09-16
석교동116,1,대전광역시 중구 봉소루로58번길8,대전광역시 중구 석교동43-1,36.30733109,127.4434357,,한전주,042-606-6843,대전광역시 중구청,2022-09-16
석교동117,1,대전광역시 중구 봉소루로58번길11-2,대전광역시 중구 석교동55-7,36.30702209,127.4434662,,전용주,042-606-6843,대전광역시 중구청,2022-09-16
석교동118,1,대전광역시 중구 봉소루로58번길15,대전광역시 중구 석교동55-17,36.30712509,127.4431458,,한전주,042-606-6843,대전광역시 중구청,2022-09-16
석교동119,1,대전광역시 중구 봉소루로58번길21,대전광역시 중구 석교동9-2,36.30684662,127.442955,,한전주,042-606-6843,대전광역시 중구청,2022-09-16
석교동120,1,대전광역시 중구 돌다리로29번길30,대전광역시 중구 석교동60-22,36.30636597,127.4427109,,한전주,042-606-6843,대전광역시 중구청,2022-09-16
석교동121,1,,대전광역시 중구 석교동61-7,36.30612564,127.4425278,,전용주,042-606-6843,대전광역시 중구청,2022-09-16
석교동122,1,대전광역시 중구 돌다리로29번길21,대전광역시 중구 석교동61-7,36.30672073,127.4421692,,한전주,042-606-6843,대전광역시 중구청,2022-09-16
석교동123,1,대전광역시 중구 돌다리로29번길17-6,대전광역시 중구 석교동8-2,36.30685425,127.442421,,전용주,042-606-6843,대전광역시 중구청,2022-09-16
석교동124,1,대전광역시 중구 돌다리로54번길41,대전광역시 중구 석교동6-1,36.306427,127.4419174,,한전주,042-606-6843,대전광역시 중구청,2022-09-16
석교동125,1,대전광역시 중구 돌다리로29번길16-14,대전광역시 중구 석교동192-8,36.30626297,127.441658,,한전주,042-606-6843,대전광역시 중구청,2022-09-16
석교동126,1,대전광역시 중구 봉수루로54번길5,대전광역시 중구 석교동212-9,36.30769348,127.4431686,,한전주,042-606-6843,대전광역시 중구청,2022-09-16
석교동127,1,대전광역시 중구 봉수루로54번길13,대전광역시 중구 석교동212-8,36.3074646,127.4428406,,한전주,042-606-6843,대전광역시 중구청,2022-09-16
석교동128,1,대전광역시 중구 봉수루로54번길13-2,대전광역시 중구 석교동6-13,36.30726624,127.4430618,,한전주,042-606-6843,대전광역시 중구청,2022-09-16
석교동129,1,대전광역시 중구 봉수루로54번길20-1,대전광역시 중구 석교동8-7,36.30727386,127.442543,,한전주,042-606-6843,대전광역시 중구청,2022-09-16
석교동130,1,대전광역시 중구 봉수루로54번길28,대전광역시 중구 석교동195-37,36.30704117,127.4421463,,한전주,042-606-6843,대전광역시 중구청,2022-09-16
석교동131,1,대전광역시 중구 돌다리로29번길8,대전광역시 중구 석교동195-39,36.30686569,127.4418335,,한전주,042-606-6843,대전광역시 중구청,2022-09-16
석교동132,1,대전광역시 중구 봉소루로54번길33-1,대전광역시 중구 석교동203-11,36.30656433,127.4415894,,한전주,042-606-6843,대전광역시 중구청,2022-09-16
석교동133,1,대전광역시 중구 봉소루로54번길 46,대전광역시 중구 석교동248-6,36.30641174,127.4414902,,한전주,042-606-6843,대전광역시 중구청,2022-09-16
석교동134,1,대전광역시 중구 돌다리로29번길53,대전광역시 중구 석교동209-5,36.30606079,127.4410629,,한전주,042-606-6843,대전광역시 중구청,2022-09-16
석교동135,1,대전광역시 중구 돌다리로41-9,대전광역시 중구 석교동378-37,36.30597687,127.4412537,,한전주,042-606-6843,대전광역시 중구청,2022-09-16
석교동136,1,,대전광역시 중구 석교동378-37,36.30595779,127.4418259,,한전주,042-606-6843,대전광역시 중구청,2022-09-16
석교동137,1,대전광역시 중구 돌다리로41-17,대전광역시 중구 석교동42-1,36.30578995,127.4415894,,한전주,042-606-6843,대전광역시 중구청,2022-09-16
석교동138,1,대전광역시 중구 돌다리로29번길16-16,대전광역시 중구 석교동62-12,36.30625916,127.4412918,,전용주,042-606-6843,대전광역시 중구청,2022-09-16
석교동139,1,대전광역시 중구 돌다리로41-32,대전광역시 중구 석교동51-15,36.30581665,127.4410706,,한전주,042-606-6843,대전광역시 중구청,2022-09-16
석교동140,1,대전광역시 중구 돌다리로7번길14,대전광역시 중구 석교동50-4,36.30845642,127.4428787,,한전주,042-606-6843,대전광역시 중구청,2022-09-16
석교동141,1,대전광역시 중구 돌다리로7번길8,대전광역시 중구 석교동214,36.30865479,127.4426804,,한전주,042-606-6843,대전광역시 중구청,2022-09-16
석교동142,1,대전광역시 중구 돌다리로8번길3,대전광역시 중구 석교동215-6,36.30884933,127.442337,,전용주,042-606-6843,대전광역시 중구청,2022-09-16
석교동143,1,대전광역시 중구 봉소루로40,대전광역시 중구 석교동213,36.3083992,127.4420013,,한전주,042-606-6843,대전광역시 중구청,2022-09-16
석교동144,1,대전광역시 중구 봉소루로43,대전광역시 중구 석교동55-2,36.30828094,127.4424057,,한전주,042-606-6843,대전광역시 중구청,2022-09-16
석교동145,1,대전광역시 중구 봉소루로47-1,대전광역시 중구 석교동55-6,36.30810928,127.4427414,,한전주,042-606-6843,대전광역시 중구청,2022-09-16
석교동146,1,대전광역시 중구 봉소루로54-1,대전광역시 중구 석교동60-21,36.30770111,127.4428406,,한전주,042-606-6843,대전광역시 중구청,2022-09-16
석교동147,1,대전광역시 중구 봉소루로54-1,대전광역시 중구 석교동60-8,36.30753326,127.4426193,,한전주,042-606-6843,대전광역시 중구청,2022-09-16
석교동148,1,대전광역시 중구 돌다리로17,대전광역시 중구 석교동60-27,36.30820084,127.4415436,,한전주,042-606-6843,대전광역시 중구청,2022-09-16
석교동149,1,대전광역시 중구 돌다리로17번길5,대전광역시 중구 석교동61-8,36.30796814,127.4417877,,한전주,042-606-6843,대전광역시 중구청,2022-09-16
석교동150,1,대전광역시 중구 돌다리로17번길15,대전광역시 중구 석교동212-28,36.3077507,127.4421997,,한전주,042-606-6843,대전광역시 중구청,2022-09-16
석교동151,1,대전광역시 중구 돌다리로17번길14-1,대전광역시 중구 석교동61-2,36.30752563,127.4420471,,한전주,042-606-6843,대전광역시 중구청,2022-09-16
석교동152,1,대전광역시 중구 돌다리로17번길18-4,대전광역시 중구 석교동212-25,36.30744553,127.4422226,,한전주,042-606-6843,대전광역시 중구청,2022-09-16
석교동153,1,대전광역시 중구 돌다리로17번길19,대전광역시 중구 석교동212-11,36.30720139,127.442009,,한전주,042-606-6843,대전광역시 중구청,2022-09-16
석교동154,1,대전광역시 중구 돌다리로19번길25-1,대전광역시 중구 석교동195-1,36.30747604,127.4417496,,전용주,042-606-6843,대전광역시 중구청,2022-09-16
석교동155,1,대전광역시 중구 돌다리로19번길19,대전광역시 중구 석교동192-9,36.30724716,127.4417801,,한전주,042-606-6843,대전광역시 중구청,2022-09-16
석교동156,1,대전광역시 중구 돌다리로24,대전광역시 중구 석교동194-3,36.30764771,127.4414444,,한전주,042-606-6843,대전광역시 중구청,2022-09-16
석교동157,1,대전광역시 중구 돌다리로29,대전광역시 중구 석교동6-9,36.3070755,127.4413147,,한전주,042-606-6843,대전광역시 중구청,2022-09-16
석교동158,1,대전광역시 중구 돌다리로34,대전광역시 중구 석교동6-11,36.30683899,127.4411621,,한전주,042-606-6843,대전광역시 중구청,2022-09-16
석교동159,1,대전광역시 중구 돌다리로38,대전광역시 중구 석교동6-6,36.306427,127.4408264,,한전주,042-606-6843,대전광역시 중구청,2022-09-16
석교동160,1,대전광역시 중구 돌다리로43,대전광역시 중구 석교동7-3,36.30605316,127.4405823,,한전주,042-606-6843,대전광역시 중구청,2022-09-16
석교동161,1,대전광역시 중구 돌다리로44-10,대전광역시 중구 석교동4-12,36.3061142,127.4403915,,전용주,042-606-6843,대전광역시 중구청,2022-09-16
석교동162,1,대전광역시 중구 돌다리로49,대전광역시 중구 석교동4-4,36.30556107,127.4402695,,한전주,042-606-6843,대전광역시 중구청,2022-09-16
석교동163,1,대전광역시 중구 돌다리로52,대전광역시 중구 석교동4-14,36.30524063,127.4400177,,한전주,042-606-6843,대전광역시 중구청,2022-09-16
석교동164,1,대전광역시 중구 돌다리로51-10,대전광역시 중구 석교동5-3,36.30514145,127.4404907,,한전주,042-606-6843,대전광역시 중구청,2022-09-16
석교동165,1,대전광역시 중구 돌다리로51-12,대전광역시 중구 석교동5-5,36.3050766,127.4407349,,한전주,042-606-6843,대전광역시 중구청,2022-09-16
석교동166,1,대전광역시 중구 돌다리로55-18,대전광역시 중구 석교동195,36.30479431,127.4402008,,한전주,042-606-6843,대전광역시 중구청,2022-09-16
석교동167,1,대전광역시 중구 돌다리로71-18,대전광역시 중구 석교동195-39,36.30449677,127.4400024,,전용주,042-606-6843,대전광역시 중구청,2022-09-16
석교동168,1,대전광역시 중구 돌다리로71-12,대전광역시 중구 석교동195-10,36.30430984,127.4397049,,전용주,042-606-6843,대전광역시 중구청,2022-09-16
석교동169,1,대전광역시 중구 돌다리로71-9,대전광역시 중구 석교동203-16,36.30424881,127.439827,,한전주,042-606-6843,대전광역시 중구청,2022-09-16
석교동170,1,대전광역시 중구 돌다리로72,대전광역시 중구 석교동204-22,36.303936,127.4395905,,한전주,042-606-6843,대전광역시 중구청,2022-09-16
석교동171,1,대전광역시 중구 돌다리로72-6,대전광역시 중구 석교동204-9,36.30374908,127.4395676,,한전주,042-606-6843,대전광역시 중구청,2022-09-16
석교동172,1,대전광역시 중구 돌다리로73-7,대전광역시 중구 석교동204-5,36.30410004,127.4401855,,한전주,042-606-6843,대전광역시 중구청,2022-09-16
석교동173,1,대전광역시 중구 돌다리로73-2,대전광역시 중구 석교동203-1,36.30382156,127.439949,,한전주,042-606-6843,대전광역시 중구청,2022-09-16
석교동174,1,대전광역시 중구 돌다리로76,대전광역시 중구 석교동205-3,36.30360794,127.4397964,,한전주,042-606-6843,대전광역시 중구청,2022-09-16
석교동175,1,대전광역시 중구 돌다리로89,대전광역시 중구 석교동200-2,36.30371475,127.4386215,,한전주,042-606-6843,대전광역시 중구청,2022-09-16
석교동176,1,대전광역시 중구 돌다리로48번길65,대전광역시 중구 석교동207-11,36.30394363,127.4383087,,한전주,042-606-6843,대전광역시 중구청,2022-09-16
석교동177,1,대전광역시 중구 돌다리로48번길72-2,대전광역시 중구 석교동206-15,36.30372238,127.4380188,,한전주,042-606-6843,대전광역시 중구청,2022-09-16
석교동178,1,대전광역시 중구 돌다리로48번길72-3,대전광역시 중구 석교동208-6,36.30356598,127.4380341,,전용주,042-606-6843,대전광역시 중구청,2022-09-16
석교동179,1,대전광역시 중구 돌다리로48번길84,대전광역시 중구 석교동208-11,36.30329514,127.437767,,전용주,042-606-6843,대전광역시 중구청,2022-09-16
석교동180,1,대전광역시 중구 돌다리로48번길90,대전광역시 중구 석교동246-19,36.30303955,127.4376297,,전용주,042-606-6843,대전광역시 중구청,2022-09-16
석교동181,1,,대전광역시 중구 석교동328-1,36.30350064,127.4376027,,전용주,042-606-6843,대전광역시 중구청,2022-09-16
석교동182,1,대전광역시 중구 돌다리로48번길70-5,대전광역시 중구 석교동328,36.30398178,127.4378738,,전용주,042-606-6843,대전광역시 중구청,2022-09-16
석교동183,1,,대전광역시 중구 석교동산 6-1,36.30403224,127.4376279,,전용주,042-606-6843,대전광역시 중구청,2022-09-16
석교동184,1,대전광역시 중구 돌다리로48번길70-18,대전광역시 중구 석교동246-1,36.30411911,127.437439,,한전주,042-606-6843,대전광역시 중구청,2022-09-16
석교동185,1,대전광역시 중구 돌다리로48번길70-35,대전광역시 중구 석교동246-13,36.30406189,127.4369736,,한전주,042-606-6843,대전광역시 중구청,2022-09-16
석교동186,1,대전광역시 중구 돌다리로45,대전광역시 중구 석교동378-53,36.30454254,127.438324,,한전주,042-606-6843,대전광역시 중구청,2022-09-16
석교동187,1,대전광역시 중구 돌다리로66-11,대전광역시 중구 석교동378-55,36.30448151,127.4388046,,한전주,042-606-6843,대전광역시 중구청,2022-09-16
석교동188,1,대전광역시 중구 돌다리로66-11,대전광역시 중구 석교동248-9,36.30438995,127.4389801,,한전주,042-606-6843,대전광역시 중구청,2022-09-16
석교동189,1,대전광역시 중구 돌다리로68,대전광역시 중구 석교동248-33,36.3041153,127.4392166,,한전주,042-606-6843,대전광역시 중구청,2022-09-16
석교동190,1,대전광역시 중구 돌다리로66-4,대전광역시 중구 석교동247-6,36.30439758,127.4391785,,한전주,042-606-6843,대전광역시 중구청,2022-09-16
석교동191,1,대전광역시 중구 돌다리로63,대전광역시 중구 석교동247-4,36.30444336,127.4394455,,한전주,042-606-6843,대전광역시 중구청,2022-09-16
석교동192,1,대전광역시 중구 돌다리로54,대전광역시 중구 석교동207-2,36.30514526,127.4399261,,한전주,042-606-6843,대전광역시 중구청,2022-09-16
석교동193,1,대전광역시 중구 돌다리로46-1,대전광역시 중구 석교동207-24,36.30586243,127.4403839,,한전주,042-606-6843,대전광역시 중구청,2022-09-16
석교동194,1,대전광역시 중구 돌다리로48번길10,대전광역시 중구 석교동231-3,36.30569077,127.440033,,한전주,042-606-6843,대전광역시 중구청,2022-09-16
석교동195,1,대전광역시 중구 돌다리로52번길5,대전광역시 중구 석교동277,36.30545044,127.4398956,,한전주,042-606-6843,대전광역시 중구청,2022-09-16
석교동196,1,대전광역시 중구 돌다리로48번길22,대전광역시 중구 석교동276-2,36.305439,127.4393234,,한전주,042-606-6843,대전광역시 중구청,2022-09-16
석교동197,1,대전광역시 중구 돌다리로28번길25-3,대전광역시 중구 석교동287-13,36.30533218,127.4394531,,전용주,042-606-6843,대전광역시 중구청,2022-09-16
석교동198,1,대전광역시 중구 돌다리로28번길25-14,대전광역시 중구 석교동287-9,36.30491257,127.4393997,,한전주,042-606-6843,대전광역시 중구청,2022-09-16
석교동199,1,대전광역시 중구 돌다리로28번길25-19,대전광역시 중구 석교동273-3,36.30483627,127.4390945,,한전주,042-606-6843,대전광역시 중구청,2022-09-16
석교동200,1,대전광역시 중구 돌다리로28번길34,대전광역시 중구 석교동273-5,36.30509949,127.4389572,,한전주,042-606-6843,대전광역시 중구청,2022-09-16
석교동201,1,대전광역시 중구 돌다리로28번길36-3,대전광역시 중구 석교동275-10,36.30530548,127.4386673,,한전주,042-606-6843,대전광역시 중구청,2022-09-16
석교동202,1,대전광역시 중구 돌다리로28번길40,대전광역시 중구 석교동269-11,36.30481339,127.4385834,,한전주,042-606-6843,대전광역시 중구청,2022-09-16
석교동203,1,대전광역시 중구 돌다리로52번길19,대전광역시 중구 석교동234,36.30578613,127.4394226,,한전주,042-606-6843,대전광역시 중구청,2022-09-16
석교동204,1,대전광역시 중구 돌다리로46번길34,대전광역시 중구 석교동235,36.3061142,127.4388504,,한전주,042-606-6843,대전광역시 중구청,2022-09-16
석교동205,1,대전광역시 중구 돌다리로46번길40-5,대전광역시 중구 석교동266-2,36.30604172,127.4384308,,한전주,042-606-6843,대전광역시 중구청,2022-09-16
석교동206,1,대전광역시 중구 돌다리로46번길43,대전광역시 중구 석교동267-11,36.30573273,127.4382477,,한전주,042-606-6843,대전광역시 중구청,2022-09-16
석교동207,1,대전광역시 중구 돌다리로46번길20-9,대전광역시 중구 석교동239-5,36.30646133,127.4391327,,한전주,042-606-6843,대전광역시 중구청,2022-09-16
석교동208,1,대전광역시 중구 봉소루로36번길48-50,대전광역시 중구 석교동227-4,36.30672073,127.4395676,,한전주,042-606-6843,대전광역시 중구청,2022-09-16
석교동209,1,대전광역시 중구 봉소루로36번길48-38,대전광역시 중구 석교동222-17,36.30687332,127.439476,,전용주,042-606-6843,대전광역시 중구청,2022-09-16
석교동210,1,대전광역시 중구 봉소루로36번길48-26,대전광역시 중구 석교동225,36.30688858,127.4398651,,한전주,042-606-6843,대전광역시 중구청,2022-09-16
석교동211,1,대전광역시 중구 봉소루로36번길48-18,대전광역시 중구 석교동222-11,36.30711746,127.439621,,한전주,042-606-6843,대전광역시 중구청,2022-09-16
석교동212,1,대전광역시 중구 봉소루로36번길46-3,대전광역시 중구 석교동225,36.3070488,127.4400787,,한전주,042-606-6843,대전광역시 중구청,2022-09-16
석교동213,1,대전광역시 중구 봉소루로36번길46-15,대전광역시 중구 석교동222-22,36.30739212,127.4395828,,전용주,042-606-6843,대전광역시 중구청,2022-09-16
석교동214,1,대전광역시 중구 봉소루로36번길46-8,대전광역시 중구 석교동222-12,36.30720139,127.4397583,,한전주,042-606-6843,대전광역시 중구청,2022-09-16
석교동215,1,대전광역시 중구 봉소루로36번길40-21,대전광역시 중구 석교동242,36.30611801,127.4379807,,한전주,042-606-6843,대전광역시 중구청,2022-09-16
석교동217,1,대전광역시 중구 봉소루로36번길62,대전광역시 중구 석교동227-20,36.30651093,127.4397964,,한전주,042-606-6843,대전광역시 중구청,2022-09-16
석교동218,1,대전광역시 중구 돌다리로38번길7,대전광역시 중구 석교동228-3,36.30657196,127.4405289,,한전주,042-606-6843,대전광역시 중구청,2022-09-16
석교동219,1,대전광역시 중구 돌다리로46번길16-24,대전광역시 중구 석교동229-12,36.30660629,127.4401093,,한전주,042-606-6843,대전광역시 중구청,2022-09-16
석교동220,1,대전광역시 중구 돌다리로46번길16-16,대전광역시 중구 석교동229-12,36.30644608,127.4401627,,한전주,042-606-6843,대전광역시 중구청,2022-09-16
석교동221,1,대전광역시 중구 봉소루로36번길38-7,대전광역시 중구 석교동223-2,36.30740738,127.4401321,,한전주,042-606-6843,대전광역시 중구청,2022-09-16
석교동222,1,대전광역시 중구 봉소루로36번길38-20,대전광역시 중구 석교동221-4,36.30760193,127.4400406,,한전주,042-606-6843,대전광역시 중구청,2022-09-16
석교동223,1,대전광역시 중구 봉소루로36번길34,대전광역시 중구 석교동47-2,36.30744171,127.4404984,,한전주,042-606-6843,대전광역시 중구청,2022-09-16
석교동224,1,,대전광역시 중구 석교동47-3,36.30721283,127.4408798,,한전주,042-606-6843,대전광역시 중구청,2022-09-16
석교동225,1,대전광역시 중구 돌다리로30번길14,대전광역시 중구 석교동43-1,36.3074913,127.4410706,,전용주,042-606-6843,대전광역시 중구청,2022-09-16
석교동226,1,대전광역시 중구 돌다리로30번길18,대전광역시 중구 석교동48-2,36.30767822,127.440918,,한전주,042-606-6843,대전광역시 중구청,2022-09-16
석교동227,1,대전광역시 중구 돌다리로30번길20,대전광역시 중구 석교동50-8,36.30783844,127.4408417,,한전주,042-606-6843,대전광역시 중구청,2022-09-16
석교동228,1,대전광역시 중구 돌다리로30번길21,대전광역시 중구 석교동50-5,36.30802155,127.4409256,,한전주,042-606-6843,대전광역시 중구청,2022-09-16
석교동229,1,대전광역시 중구 돌다리로30번길20-11,대전광역시 중구 석교동215-7,36.30810547,127.4403763,,한전주,042-606-6843,대전광역시 중구청,2022-09-16
석교동230,1,대전광역시 중구 돌다리로30번길20-8,대전광역시 중구 석교동215-18,36.30811691,127.4405823,,전용주,042-606-6843,대전광역시 중구청,2022-09-16
석교동231,1,대전광역시 중구 돌다리로32-12,대전광역시 중구 석교동227-1,36.30705643,127.4407501,,전용주,042-606-6843,대전광역시 중구청,2022-09-16
석교동232,1,대전광역시 중구 봉수루로33,대전광역시 중구 석교동62-34,36.30876541,127.441452,,한전주,042-606-6843,대전광역시 중구청,2022-09-16
석교동233,1,대전광역시 중구 봉소루로35,대전광역시 중구 석교동62-12,36.30880737,127.4416046,,한전주,042-606-6843,대전광역시 중구청,2022-09-16
석교동234,1,대전광역시 중구 봉소루로36번길8,대전광역시 중구 석교동55-7,36.30845261,127.4412384,,한전주,042-606-6843,대전광역시 중구청,2022-09-16
석교동235,1,대전광역시 중구 봉소루로36번길,대전광역시 중구 석교동51-15,36.30830002,127.4411316,,한전주,042-606-6843,대전광역시 중구청,2022-09-16
석교동236,1,대전광역시 중구 봉소루로36번길11-8,대전광역시 중구 석교동50-4,36.30804443,127.4413376,,전용주,042-606-6843,대전광역시 중구청,2022-09-16
석교동237,1,대전광역시 중구 봉소루로36번긴12-10,대전광역시 중구 석교동214,36.30840302,127.4405212,,한전주,042-606-6843,대전광역시 중구청,2022-09-16
석교동238,1,,대전광역시 중구 석교동215-6,36.30831909,127.4403076,,전용주,042-606-6843,대전광역시 중구청,2022-09-16
석교동239,1,대전광역시 중구 봉소루로28-14,대전광역시 중구 석교동213,36.30865097,127.4403076,,전용주,042-606-6843,대전광역시 중구청,2022-09-16
석교동240,1,,대전광역시 중구 석교동55-17,36.30891037,127.4404678,,한전주,042-606-6843,대전광역시 중구청,2022-09-16
석교동241,1,대전광역시 중구 봉소루로36번길10-11,대전광역시 중구 석교동55-2,36.30883408,127.4408188,,한전주,042-606-6843,대전광역시 중구청,2022-09-16
석교동242,1,대전광역시 중구 봉소루로36번길10-9,대전광역시 중구 석교동55-6,36.30867004,127.4409866,,한전주,042-606-6843,대전광역시 중구청,2022-09-16
석교동243,1,대전광역시 중구 대종로233-8,대전광역시 중구 석교동9-2,36.30945206,127.441452,,한전주,042-606-6843,대전광역시 중구청,2022-09-16
석교동244,1,대전광역시 중구 둘다리로8번길24,대전광역시 중구 석교동60-22,36.30924606,127.4413834,,한전주,042-606-6843,대전광역시 중구청,2022-09-16
석교동245,1,대전광역시 중구 둘다리로8번길18,대전광역시 중구 석교동60-21,36.3091507,127.4416046,,한전주,042-606-6843,대전광역시 중구청,2022-09-16
석교동246,1,,대전광역시 중구 석교동60-8,36.30934143,127.4417496,,한전주,042-606-6843,대전광역시 중구청,2022-09-16
석교동247,1,대전광역시 중구 둘다리로8번길14,대전광역시 중구 석교동60-27,36.30902481,127.4418564,,한전주,042-606-6843,대전광역시 중구청,2022-09-16
석교동248,1,대전광역시 중구 둘다리로8번길30,대전광역시 중구 석교동61-8,36.30934525,127.4409714,,한전주,042-606-6843,대전광역시 중구청,2022-09-16
석교동249,1,대전광역시 중구 둘다리로8번길33,대전광역시 중구 석교동61-7,36.3094902,127.440712,,한전주,042-606-6843,대전광역시 중구청,2022-09-16
석교동250,1,대전광역시 중구 둘다리로8번길36,대전광역시 중구 석교동61-7,36.3095665,127.440567,,한전주,042-606-6843,대전광역시 중구청,2022-09-16
석교동251,1,대전광역시 중구 대종로243,대전광역시 중구 석교동8-2,36.3099556,127.4404221,,한전주,042-606-6843,대전광역시 중구청,2022-09-16
석교동252,1,대전광역시 중구 둘다리로8번길45,대전광역시 중구 석교동6-1,36.3097229,127.4402161,,한전주,042-606-6843,대전광역시 중구청,2022-09-16
석교동253,1,대전광역시 중구 봉소루로21,대전광역시 중구 석교동192-8,36.30940247,127.4400558,,한전주,042-606-6843,대전광역시 중구청,2022-09-16
석교동254,1,,대전광역시 중구 석교동212-28,36.30924606,127.4402847,,한전주,042-606-6843,대전광역시 중구청,2022-09-16
석교동255,1,,대전광역시 중구 석교동212-9,36.30913925,127.4405518,,한전주,042-606-6843,대전광역시 중구청,2022-09-16
석교동256,1,대전광역시 중구 봉소루로32,대전광역시 중구 석교동61-2,36.30900192,127.4409561,,한전주,042-606-6843,대전광역시 중구청,2022-09-16
석교동258,1,대전광역시 중구 봉소로라24번길18,대전광역시 중구 석교동212-25,36.30919647,127.4396362,,전용주,042-606-6843,대전광역시 중구청,2022-09-16
석교동259,1,대전광역시 중구 봉서로라24번길25,대전광역시 중구 석교동212-11,36.30930328,127.4392395,,한전주,042-606-6843,대전광역시 중구청,2022-09-16
석교동260,1,대전광역시 중구 대종로253번길35,대전광역시 중구 석교동195-1,36.30936432,127.4386368,,한전주,042-606-6843,대전광역시 중구청,2022-09-16
석교동261,1,대전광역시 중구 봉수루로24번길32,대전광역시 중구 석교동192-9,36.30950546,127.4390335,,한전주,042-606-6843,대전광역시 중구청,2022-09-16
석교동262,1,대전광역시 중구 대동로253번길23,대전광역시 중구 석교동194-3,36.30972672,127.4391861,,전용주,042-606-6843,대전광역시 중구청,2022-09-16
석교동263,1,대전광역시 중구 봉수루로14,대전광역시 중구 석교동6-13,36.30979156,127.4394684,,한전주,042-606-6843,대전광역시 중구청,2022-09-16
석교동264,1,대전광역시 중구 봉소로라17-1,대전광역시 중구 석교동6-9,36.30961227,127.4398346,,한전주,042-606-6843,대전광역시 중구청,2022-09-16
석교동265,1,대전광역시 중구 돌다리로8번길52,대전광역시 중구 석교동6-11,36.30993652,127.4398117,,한전주,042-606-6843,대전광역시 중구청,2022-09-16
석교동266,1,대전광역시 중구 돌다리로8번길58,대전광역시 중구 석교동6-6,36.31008911,127.4394836,,한전주,042-606-6843,대전광역시 중구청,2022-09-16
석교동267,1,대전광역시 중구 대종로253번길7,대전광역시 중구 석교동8-7,36.31037903,127.4395905,,전용주,042-606-6843,대전광역시 중구청,2022-09-16
석교동268,1,대전광역시 중구 돌다리로68번길68,대전광역시 중구 석교동7-3,36.31030273,127.4392929,,전용주,042-606-6843,대전광역시 중구청,2022-09-16
석교동269,1,대전광역시 중구 돌다리로68번길73,대전광역시 중구 석교동4-12,36.31042862,127.4388046,,전용주,042-606-6843,대전광역시 중구청,2022-09-16
석교동270,1,대전광역시 중구 봉소루로6,대전광역시 중구 석교동4-4,36.31020737,127.4385147,,한전주,042-606-6843,대전광역시 중구청,2022-09-16
석교동271,1,대전광역시 중구 봉소루로10,대전광역시 중구 석교동4-14,36.30996323,127.4390488,,한전주,042-606-6843,대전광역시 중구청,2022-09-16
석교동272,1,대전광역시 중구 봉소루로24번길38,대전광역시 중구 석교동5-3,36.30970001,127.4386597,,한전주,042-606-6843,대전광역시 중구청,2022-09-16
석교동273,1,대전광역시 중구 봉소루로24번길48,대전광역시 중구 석교동5-5,36.30991364,127.4382172,,한전주,042-606-6843,대전광역시 중구청,2022-09-16
석교동274,1,대전광역시 중구 사득로66,대전광역시 중구 석교동195,36.3096962,127.4377747,,한전주,042-606-6843,대전광역시 중구청,2022-09-16
석교동275,1,대전광역시 중구 사득로66-1,대전광역시 중구 석교동195-37,36.30944824,127.4377518,,전용주,042-606-6843,대전광역시 중구청,2022-09-16
석교동276,1,대전광역시 중구 사득로66번길10,대전광역시 중구 석교동195-39,36.30926132,127.4378967,,전용주,042-606-6843,대전광역시 중구청,2022-09-16
석교동277,1,,대전광역시 중구 석교동195-10,36.30899429,127.4379578,,한전주,042-606-6843,대전광역시 중구청,2022-09-16
석교동278,1,,대전광역시 중구 석교동195-39,36.30900574,127.4377518,,한전주,042-606-6843,대전광역시 중구청,2022-09-16
석교동279,1,대전광역시 중구 사득로66번길21,대전광역시 중구 석교동203-16,36.30900955,127.4374466,,한전주,042-606-6843,대전광역시 중구청,2022-09-16
석교동280,1,대전광역시 중구 사득로54번길20,대전광역시 중구 석교동203-11,36.30905533,127.4370651,,한전주,042-606-6843,대전광역시 중구청,2022-09-16
석교동281,1,대전광역시 중구 사득로54번길16-7,대전광역시 중구 석교동204-22,36.30888748,127.4369049,,한전주,042-606-6843,대전광역시 중구청,2022-09-16
석교동282,1,대전광역시 중구 사득로54번길16-4,대전광역시 중구 석교동204-9,36.30908203,127.4368134,,한전주,042-606-6843,대전광역시 중구청,2022-09-16
석교동283,1,대전광역시 중구 사득로54번길16-1,대전광역시 중구 석교동204-5,36.30934906,127.4366837,,한전주,042-606-6843,대전광역시 중구청,2022-09-16
석교동284,1,대전광역시 중구 사득로54번길12,대전광역시 중구 석교동203-1,36.30941772,127.4369278,,한전주,042-606-6843,대전광역시 중구청,2022-09-16
석교동285,1,대전광역시 중구 사득로54번길6-2,대전광역시 중구 석교동205-3,36.30955887,127.4365311,,건축물,042-606-6843,대전광역시 중구청,2022-09-16
석교동286,1,대전광역시 중구 사득로54번길6,대전광역시 중구 석교동200-2,36.30971146,127.4367371,,한전주,042-606-6843,대전광역시 중구청,2022-09-16
석교동287,1,대전광역시 중구 부사로31-8040,대전광역시 중구 석교동207-11,36.30887985,127.4364471,,한전주,042-606-6843,대전광역시 중구청,2022-09-16
석교동288,1,대전광역시 중구 부사로31-1,대전광역시 중구 석교동206-15,36.30910492,127.436264,,한전주,042-606-6843,대전광역시 중구청,2022-09-16
석교동289,1,대전광역시 중구 부사로31-18,대전광역시 중구 석교동208-6,36.30852127,127.4367981,,전용주,042-606-6843,대전광역시 중구청,2022-09-16
석교동290,1,대전광역시 중구 부사로31-22,대전광역시 중구 석교동208-11,36.30841064,127.4367294,,전용주,042-606-6843,대전광역시 중구청,2022-09-16
석교동291,1,대전광역시 중구 사득로54번길33,대전광역시 중구 석교동246-19,36.30849075,127.437149,,한전주,042-606-6843,대전광역시 중구청,2022-09-16
석교동292,1,대전광역시 중구 사득도54번길35-1,대전광역시 중구 석교동246-23,36.30830765,127.4372101,,전용주,042-606-6843,대전광역시 중구청,2022-09-16
석교동293,1,대전광역시 중구 사득로54번길38,대전광역시 중구 석교동210-6,36.30831909,127.4369965,,한전주,042-606-6843,대전광역시 중구청,2022-09-16
석교동294,1,대전광역시 중구 부사로39번길74,대전광역시 중구 석교동246-6,36.30802917,127.4370575,,한전주,042-606-6843,대전광역시 중구청,2022-09-16
석교동295,1,,대전광역시 중구 석교동246-1,36.3078804,127.4372635,,한전주,042-606-6843,대전광역시 중구청,2022-09-16
석교동296,1,대전광역시 중구 사득로54번길55,대전광역시 중구 석교동246-13,36.3077507,127.4368973,,전용주,042-606-6843,대전광역시 중구청,2022-09-16
석교동297,1,대전광역시 중구 사득로54번길60,대전광역시 중구 석교동378-53,36.30738449,127.4369507,,한전주,042-606-6843,대전광역시 중구청,2022-09-16
석교동298,1,대전광역시 중구 사득로54번길64,대전광역시 중구 석교동378-55,36.30710983,127.4367294,,한전주,042-606-6843,대전광역시 중구청,2022-09-16
석교동299,1,대전광역시 중구 사득로54번길74,대전광역시 중구 석교동248-9,36.30684662,127.4363098,,한전주,042-606-6843,대전광역시 중구청,2022-09-16
석교동300,1,대전광역시 중구 사득로54번길84,대전광역시 중구 석교동248-33,36.30665588,127.4360352,,전용주,042-606-6843,대전광역시 중구청,2022-09-16
석교동301,1,,대전광역시 중구 석교동247-6,36.30736542,127.4364243,,전용주,042-606-6843,대전광역시 중구청,2022-09-16
석교동302,1,,대전광역시 중구 석교동247-4,36.30797577,127.436348,,한전주,042-606-6843,대전광역시 중구청,2022-09-16
석교동303,1,대전광역시 중구 부사로39번길80,대전광역시 중구 석교동248-6,36.30802536,127.4365387,,전용주,042-606-6843,대전광역시 중구청,2022-09-16
석교동304,1,대전광역시 중구 부사로39번길78,대전광역시 중구 석교동209-5,36.30801392,127.4366379,,한전주,042-606-6843,대전광역시 중구청,2022-09-16
석교동305,1,,대전광역시 중구 석교동207-2,36.30846405,127.4361725,,한전주,042-606-6843,대전광역시 중구청,2022-09-16
석교동306,1,대전광역시 중구 부사로36,대전광역시 중구 석교동378-37,36.309021,127.4360352,,한전주,042-606-6843,대전광역시 중구청,2022-09-16
석교동307,1,대전광역시 중구 부사로38,대전광역시 중구 석교동378-37,36.308918,127.4360275,,한전주,042-606-6843,대전광역시 중구청,2022-09-16
석교동308,1,,대전광역시 중구 석교동379-7,36.30773544,127.4352417,,한전주,042-606-6843,대전광역시 중구청,2022-09-16
석교동309,1,,대전광역시 중구 석교동42-1,36.30807557,127.4414974,,한전주,042-606-6843,대전광역시 중구청,2022-09-16
석교동310,1,,대전광역시 중구 석교동211-3,36.30804544,127.437436,,한전주,042-606-6843,대전광역시 중구청,2022-09-16
석교동311,1,,대전광역시 중구 석교동237-3,36.30629521,127.4385814,,전용주,042-606-6843,대전광역시 중구청,2022-09-16
석교동312,1,,대전광역시 중구 석교동286-14,36.30366976,127.4394045,,전용주,042-606-6843,대전광역시 중구청,2022-09-16
석교동313,1,,대전광역시 중구 석교동69-17,36.30934366,127.4440182,,한전주,042-606-6843,대전광역시 중구청,2022-09-16
석교동314,1,,대전광역시 중구 석교동368-29,36.30626262,127.440705,,한전주,042-606-6843,대전광역시 중구청,2022-09-16
석교동315,1,,대전광역시 중구 석교동85-1,36.30771416,127.4472072,,한전주,042-606-6843,대전광역시 중구청,2022-09-16
석교동316,1,,대전광역시 중구 석교동78-4,36.31022211,127.4458882,,한전주,042-606-6843,대전광역시 중구청,2022-09-16
석교동317,1,,대전광역시 중구 석교동85-5,36.30706505,127.4478771,,한전주,042-606-6843,대전광역시 중구청,2022-09-16
석교동318,1,,대전광역시 중구 석교동227-16,36.30625982,127.4396306,,한전주,042-606-6843,대전광역시 중구청,2022-09-16
석교동319,1,,대전광역시 중구 석교동212-28,36.30901986,127.4401944,,전용주,042-606-6843,대전광역시 중구청,2022-09-16
석교동320,1,,대전광역시 중구 석교동37-1,36.30738401,127.4426904,,전용주,042-606-6843,대전광역시 중구청,2022-09-16
석교동321,1,,대전광역시 중구 석교동212-39,36.30899193,127.4398241,,한전주,042-606-6843,대전광역시 중구청,2022-09-16
석교동322,1,,대전광역시 중구 석교동47-7,36.30741557,127.4408562,,한전주,042-606-6843,대전광역시 중구청,2022-09-16
석교동323,1,,대전광역시 중구 석교동63-1,36.3082913,127.4428654,,한전주,042-606-6843,대전광역시 중구청,2022-09-16
석교동324,1,,대전광역시 중구 석교동375-5,36.30774617,127.4404044,,한전주,042-606-6843,대전광역시 중구청,2022-09-16
석교동325,1,,대전광역시 중구 석교동218-1,36.30781893,127.4402239,,건축물,042-606-6843,대전광역시 중구청,2022-09-16
석교동326,1,,대전광역시 중구 석교동287-5,36.30477063,127.4396278,,한전주,042-606-6843,대전광역시 중구청,2022-09-16
석교동327,1,,대전광역시 중구 석교동287-49,36.30514976,127.4394545,,한전주,042-606-6843,대전광역시 중구청,2022-09-16
석교동328,1,,대전광역시 중구 석교동289-3,36.30338069,127.4395921,,한전주,042-606-6843,대전광역시 중구청,2022-09-16
선화동001,1,대전광역시 중구 선화서로130번길8,대전광역시 중구 선화동157-9,36.33444595,127.4139938,,한전주,042-606-6843,대전광역시 중구청,2022-09-16
선화동002,1,대전광역시 중구 선화서로130번길14,대전광역시 중구 선화동157-22,36.33465958,127.4142838,,한전주,042-606-6843,대전광역시 중구청,2022-09-16
선화동003,1,대전광역시 중구 선화서로130번길20,대전광역시 중구 선화동157-12,36.33482742,127.4145355,,한전주,042-606-6843,대전광역시 중구청,2022-09-16
선화동004,1,,대전광역시 중구 선화동156-34,36.33503342,127.4146576,,한전주,042-606-6843,대전광역시 중구청,2022-09-16
선화동005,1,대전광역시 중구 선화서로130번길27,대전광역시 중구 선화동158-12,36.33508301,127.4148712,,한전주,042-606-6843,대전광역시 중구청,2022-09-16
선화동006,1,대전광역시 중구 선화서로130번길36,대전광역시 중구 선화동158-16,36.33533478,127.4152527,,한전주,042-606-6843,대전광역시 중구청,2022-09-16
선화동007,1,대전광역시 중구 선화서로130번길40,대전광역시 중구 선화동158-17,36.33546829,127.4154587,,건축물,042-606-6843,대전광역시 중구청,2022-09-16
선화동008,1,대전광역시 중구 선화서로130번길46,대전광역시 중구 선화동158-1,36.33568954,127.4157639,,한전주,042-606-6843,대전광역시 중구청,2022-09-16
선화동009,1,,대전광역시 중구 선화동159-5,36.33584213,127.4157715,,한전주,042-606-6843,대전광역시 중구청,2022-09-16
선화동010,1,대전광역시 중구 동서대로1440번길13,대전광역시 중구 선화동159-10,36.33563232,127.4160461,,한전주,042-606-6843,대전광역시 중구청,2022-09-16
선화동011,1,,대전광역시 중구 선화동159-10,36.33562469,127.4162521,,한전주,042-606-6843,대전광역시 중구청,2022-09-16
선화동012,1,대전광역시 중구 동서대로1440번길,대전광역시 중구 선화동161-3,36.33562088,127.4165039,,전용주,042-606-6843,대전광역시 중구청,2022-09-16
선화동013,1,대전광역시 중구 선화서로126번길45,대전광역시 중구 선화동160-1,36.33548355,127.4160461,,한전주,042-606-6843,대전광역시 중구청,2022-09-16
선화동014,1,대전광역시 중구 선화서로126번길40,대전광역시 중구 선화동160-5,36.33525848,127.415741,,한전주,042-606-6843,대전광역시 중구청,2022-09-16
선화동015,1,대전광역시 중구 선화서로126번길33,대전광역시 중구 선화동163-103,36.3350296,127.4154434,,전용주,042-606-6843,대전광역시 중구청,2022-09-16
선화동016,1,대전광역시 중구 선화서로126번길28,대전광역시 중구 선화동163-104,36.33488846,127.4152145,,한전주,042-606-6843,대전광역시 중구청,2022-09-16
선화동017,1,대전광역시 중구 선화서로130번길24,대전광역시 중구 선화동157-16,36.33491135,127.4148865,,한전주,042-606-6843,대전광역시 중구청,2022-09-16
선화동018,1,대전광역시 중구 선화서로126번길19,대전광역시 중구 선화동163-19,36.33464813,127.4148636,,건축물,042-606-6843,대전광역시 중구청,2022-09-16
선화동019,1,대전광역시 중구 선화서로126번길16-2,대전광역시 중구 선화동163-23,36.33452988,127.4147644,,전용주,042-606-6843,대전광역시 중구청,2022-09-16
선화동020,1,대전광역시 중구 선화서로126번길9,대전광역시 중구 선화동163-116,36.33441925,127.4144516,,한전주,042-606-6843,대전광역시 중구청,2022-09-16
선화동021,1,대전광역시 중구 선화서로126번길5,대전광역시 중구 선화동157-5,36.33430862,127.4142914,,한전주,042-606-6843,대전광역시 중구청,2022-09-16
선화동022,1,대전광역시 중구 동서대로1440번길24-7,대전광역시 중구 선화동162-1,36.33517838,127.4163132,,한전주,042-606-6843,대전광역시 중구청,2022-09-16
선화동023,1,대전광역시 중구 동서대로1440번길24-12,대전광역시 중구 선화동160-11,36.33514404,127.4161072,,한전주,042-606-6843,대전광역시 중구청,2022-09-16
선화동024,1,대전광역시 중구 동서대로1440번길24-18,대전광역시 중구 선화동160-13,36.33492661,127.4158554,,한전주,042-606-6843,대전광역시 중구청,2022-09-16
선화동025,1,대전광역시 중구 동서대로1440번길24-15,대전광역시 중구 선화동162-9,36.33485031,127.4160385,,한전주,042-606-6843,대전광역시 중구청,2022-09-16
선화동026,1,대전광역시 중구 대종로601번길30-12,대전광역시 중구 선화동162-9,36.33480835,127.4158859,,한전주,042-606-6843,대전광역시 중구청,2022-09-16
선화동027,1,대전광역시 중구 선화서로126번길16-18,대전광역시 중구 선화동163-109,36.33472443,127.4157028,,전용주,042-606-6843,대전광역시 중구청,2022-09-16
선화동028,1,대전광역시 중구 선화서로126번길16-15,대전광역시 중구 선화동163-124,36.3347168,127.4154271,,한전주,042-606-6843,대전광역시 중구청,2022-09-16
선화동029,1,대전광역시 중구 선화서로126번길10-22,대전광역시 중구 선화동163-16,36.33444595,127.4155045,,한전주,042-606-6843,대전광역시 중구청,2022-09-16
선화동030,1,대전광역시 중구 선화서로126번길10-14,대전광역시 중구 선화동163-120,36.33432007,127.4150085,,한전주,042-606-6843,대전광역시 중구청,2022-09-16
선화동031,1,대전광역시 중구 선화서로126번길10-8,대전광역시 중구 선화동163-115,36.33431244,127.4146881,,한전주,042-606-6843,대전광역시 중구청,2022-09-16
선화동032,1,대전광역시 중구 대종로601번길28,대전광역시 중구 선화동162-15,36.33451843,127.4162521,,한전주,042-606-6843,대전광역시 중구청,2022-09-16
선화동033,1,대전광역시 중구 대종로601번길40,대전광역시 중구 선화동164-1,36.33494949,127.4169998,,한전주,042-606-6843,대전광역시 중구청,2022-09-16
선화동034,1,대전광역시 중구 동서대로1440번길42,대전광역시 중구 선화동143-1,36.33494568,127.4172211,,전용주,042-606-6843,대전광역시 중구청,2022-09-16
선화동035,1,대전광역시 중구 대종로601번길15,대전광역시 중구 선화동164-29,36.33483124,127.4168167,,한전주,042-606-6843,대전광역시 중구청,2022-09-16
선화동036,1,대전광역시 중구 대종로601번길23-2,대전광역시 중구 선화동164-11,36.33456421,127.4168243,,전용주,042-606-6843,대전광역시 중구청,2022-09-16
선화동037,1,대전광역시 중구 대종로601번길27,대전광역시 중구 선화동164-5,36.33444595,127.4163589,,한전주,042-606-6843,대전광역시 중구청,2022-09-16
선화동038,1,대전광역시 중구 대종로601번길36,대전광역시 중구 선화동163-70,36.33414841,127.4159927,,한전주,042-606-6843,대전광역시 중구청,2022-09-16
선화동039,1,대전광역시 중구 대종로601번길45,대전광역시 중구 선화동163-131,36.33393097,127.415741,,한전주,042-606-6843,대전광역시 중구청,2022-09-16
선화동040,1,대전광역시 중구 대종로601번길44-3,대전광역시 중구 선화동163-65,36.33407211,127.4155502,,한전주,042-606-6843,대전광역시 중구청,2022-09-16
선화동041,1,대전광역시 중구 대종로601번길52-2,대전광역시 중구 선화동163-63,36.33378601,127.4154205,,한전주,042-606-6843,대전광역시 중구청,2022-09-16
선화동042,1,대전광역시 중구 대종로601번길52-8,대전광역시 중구 선화동163-61,36.33395386,127.4152222,,한전주,042-606-6843,대전광역시 중구청,2022-09-16
선화동043,1,대전광역시 중구 대종로601번길52-9,대전광역시 중구 선화동163-58,36.33409882,127.4150085,,전용주,042-606-6843,대전광역시 중구청,2022-09-16
선화동044,1,대전광역시 중구 대종로601번길56,대전광역시 중구 선화동163-79,36.33364487,127.4152527,,한전주,042-606-6843,대전광역시 중구청,2022-09-16
선화동045,1,대전광역시 중구 대종로601번길51-6,대전광역시 중구 선화동92,36.33354187,127.4155884,,전용주,042-606-6843,대전광역시 중구청,2022-09-16
선화동046,1,대전광역시 중구 대종로601번길51-10,대전광역시 중구 선화동163-100,36.33328247,127.4158554,,한전주,042-606-6843,대전광역시 중구청,2022-09-16
선화동047,1,대전광역시 중구 동서대로1440번길46-4,대전광역시 중구 선화동164-8,36.33467865,127.417244,,한전주,042-606-6843,대전광역시 중구청,2022-09-16
선화동048,1,대전광역시 중구 동서대로1440번길46-12,대전광역시 중구 선화동164-15,36.33443832,127.4169617,,한전주,042-606-6843,대전광역시 중구청,2022-09-16
선화동049,1,대전광역시 중구 동서대로1440번길46-26,대전광역시 중구 선화동144-11,36.334198,127.4166794,,한전주,042-606-6843,대전광역시 중구청,2022-09-16
선화동050,1,대전광역시 중구 동서대로533번길38-11,대전광역시 중구 선화동144-30,36.33401108,127.4164581,,한전주,042-606-6843,대전광역시 중구청,2022-09-16
선화동051,1,대전광역시 중구 동서대로595번길38-16,대전광역시 중구 선화동164-25,36.334095,127.4162216,,한전주,042-606-6843,대전광역시 중구청,2022-09-16
선화동052,1,,대전광역시 중구 선화동144-5,36.33370209,127.4167404,,한전주,042-606-6843,대전광역시 중구청,2022-09-16
선화동053,1,대전광역시 중구 동서대로1440번길50,대전광역시 중구 선화동143-19,36.33466721,127.4175873,,전용주,042-606-6843,대전광역시 중구청,2022-09-16
선화동054,1,대전광역시 중구 동서대로1404번길77,대전광역시 중구 선화동245-1,36.33203506,127.4157639,,한전주,042-606-6843,대전광역시 중구청,2022-09-16
선화동066,1,대전광역시 중구 동서대로1404번길62-2,대전광역시 중구 선화동317-27,36.33168411,127.4147186,,전용주,042-606-6843,대전광역시 중구청,2022-09-16
선화동067,1,대전광역시 중구 선화로67번길85,대전광역시 중구 선화동259-14,36.33175278,127.4150009,,한전주,042-606-6843,대전광역시 중구청,2022-09-16
선화동068,1,대전광역시 중구 선화로67번길75,대전광역시 중구 선화동259-13,36.3313942,127.4151764,,한전주,042-606-6843,대전광역시 중구청,2022-09-16
선화동069,1,대전광역시 중구 선화로67번길68,대전광역시 중구 선화동209-9,36.33105469,127.4153748,,한전주,042-606-6843,대전광역시 중구청,2022-09-16
선화동070,1,대전광역시 중구 선화로67번길64,대전광역시 중구 선화동208-14,36.33081055,127.4155121,,한전주,042-606-6843,대전광역시 중구청,2022-09-16
선화동071,1,대전광역시 중구 선화로67번길57,대전광역시 중구 선화동259-16,36.33053207,127.4154358,,한전주,042-606-6843,대전광역시 중구청,2022-09-16
선화동072,1,대전광역시 중구 선화로67번길49,대전광역시 중구 선화동259-11,36.33029556,127.4154434,,한전주,042-606-6843,대전광역시 중구청,2022-09-16
선화동073,1,대전광역시 중구 선화로67번길46,대전광역시 중구 선화동208-9,36.33006287,127.4155197,,전용주,042-606-6843,대전광역시 중구청,2022-09-16
선화동074,1,대전광역시 중구 선화로67번길41,대전광역시 중구 선화동339-184,36.32980728,127.4154816,,한전주,042-606-6843,대전광역시 중구청,2022-09-16
선화동075,1,대전광역시 중구 선화로67번길33,대전광역시 중구 선화동338-31,36.32943726,127.4154892,,한전주,042-606-6843,대전광역시 중구청,2022-09-16
선화동076,1,대전광역시 중구 선화로67번길25,대전광역시 중구 선화동345-32,36.32923126,127.4154816,,한전주,042-606-6843,대전광역시 중구청,2022-09-16
선화동077,1,대전광역시 중구 선화로67번길19,대전광역시 중구 선화동345-22,36.32889557,127.4155045,,한전주,042-606-6843,대전광역시 중구청,2022-09-16
선화동078,1,대전광역시 중구 선화로67번길19,대전광역시 중구 선화동345-22,36.32887268,127.4155045,,한전주,042-606-6843,대전광역시 중구청,2022-09-16
선화동079,1,대전광역시 중구 선화로67번길15,대전광역시 중구 선화동347-2,36.32868195,127.4154968,,한전주,042-606-6843,대전광역시 중구청,2022-09-16
선화동080,1,대전광역시 중구 선화로67번길11,대전광역시 중구 선화동347-57,36.32845306,127.4154968,,한전주,042-606-6843,대전광역시 중구청,2022-09-16
선화동081,1,대전광역시 중구 선화로67-10,대전광역시 중구 선화동347-75,36.32810974,127.4150772,,한전주,042-606-6843,대전광역시 중구청,2022-09-16
선화동082,1,대전광역시 중구 선화로67번길5-12,대전광역시 중구 선화동347-60,36.32830048,127.4149323,,한전주,042-606-6843,대전광역시 중구청,2022-09-16
선화동083,1,대전광역시 중구 선화로57번길14,대전광역시 중구 선화동347-26,36.32798004,127.4148636,,한전주,042-606-6843,대전광역시 중구청,2022-09-16
선화동084,1,대전광역시 중구 선화로57번길8,대전광역시 중구 선화동347-97,36.32772446,127.4147949,,한전주,042-606-6843,대전광역시 중구청,2022-09-16
선화동085,1,대전광역시 중구 선화로53번길,대전광역시 중구 선화동347-50,36.32805634,127.4147415,,전용주,042-606-6843,대전광역시 중구청,2022-09-16
선화동086,1,대전광역시 중구 선화로53번길18-6,대전광역시 중구 선화동347-31,36.32806778,127.4144211,,한전주,042-606-6843,대전광역시 중구청,2022-09-16
선화동087,1,대전광역시 중구 선화로53번길10-5,대전광역시 중구 선화동347-99,36.32771683,127.4145203,,한전주,042-606-6843,대전광역시 중구청,2022-09-16
선화동088,1,대전광역시 중구 선화로53번길11,대전광역시 중구 선화동347-100,36.32773209,127.4142609,,한전주,042-606-6843,대전광역시 중구청,2022-09-16
선화동089,1,대전광역시 중구 선화로53번길14,대전광역시 중구 선화동347-90,36.32796478,127.4142532,,한전주,042-606-6843,대전광역시 중구청,2022-09-16
선화동090,1,대전광역시 중구 선화로53번길13,대전광역시 중구 선화동347-82,36.32798767,127.4140167,,한전주,042-606-6843,대전광역시 중구청,2022-09-16
선화동091,1,,대전광역시 중구 선화동339-54,36.32824707,127.4142075,,전용주,042-606-6843,대전광역시 중구청,2022-09-16
선화동092,1,,대전광역시 중구 선화동339-55,36.32846069,127.4143524,,전용주,042-606-6843,대전광역시 중구청,2022-09-16
선화동093,1,,대전광역시 중구 선화동339-55,36.32852173,127.4147568,,건축물,042-606-6843,대전광역시 중구청,2022-09-16
선화동094,1,대전광역시 중구 선화로57번길26,대전광역시 중구 선화동339-175,36.32858658,127.4149475,,한전주,042-606-6843,대전광역시 중구청,2022-09-16
선화동095,1,대전광역시 중구 선화로57번길28,대전광역시 중구 선화동339-170,36.32881165,127.4149857,,한전주,042-606-6843,대전광역시 중구청,2022-09-16
선화동096,1,대전광역시 중구 선화로53번길34-5,대전광역시 중구 선화동339-78,36.32888412,127.4147491,,한전주,042-606-6843,대전광역시 중구청,2022-09-16
선화동097,1,대전광역시 중구 선화로53번길33-6,대전광역시 중구 선화동339-117,36.32865906,127.4140701,,전용주,042-606-6843,대전광역시 중구청,2022-09-16
선화동098,1,대전광역시 중구 선화로53번길,대전광역시 중구 선화동339-124,36.32876587,127.4143982,,한전주,042-606-6843,대전광역시 중구청,2022-09-16
선화동099,1,대전광역시 중구 선화로57번길34,대전광역시 중구 선화동339-43,36.3289299,127.4149933,,전용주,042-606-6843,대전광역시 중구청,2022-09-16
선화동100,1,대전광역시 중구 선화로53번길44-11,대전광역시 중구 선화동339-161,36.32926178,127.4149094,,한전주,042-606-6843,대전광역시 중구청,2022-09-16
선화동101,1,대전광역시 중구 선화로53번길25,대전광역시 중구 선화동345-32,36.32924652,127.4152908,,전용주,042-606-6843,대전광역시 중구청,2022-09-16
선화동102,1,대전광역시 중구 선화로57번길32-5,대전광역시 중구 선화동339-46,36.32893372,127.4152298,,전용주,042-606-6843,대전광역시 중구청,2022-09-16
선화동103,1,대전광역시 중구 선화로43번길108-11,대전광역시 중구 선화동345-26,36.32943726,127.4150238,,한전주,042-606-6843,대전광역시 중구청,2022-09-16
선화동104,1,대전광역시 중구 선화로43번길108-9,대전광역시 중구 선화동339-57,36.32964325,127.4149933,,한전주,042-606-6843,대전광역시 중구청,2022-09-16
선화동105,1,대전광역시 중구 선화로43번길108-4,대전광역시 중구 선화동339-62,36.32978439,127.4149857,,한전주,042-606-6843,대전광역시 중구청,2022-09-16
선화동106,1,대전광역시 중구 선화로43번길108,대전광역시 중구 선화동339-28,36.32997894,127.4149857,,한전주,042-606-6843,대전광역시 중구청,2022-09-16
선화동107,1,대전광역시 중구 선화로43번길102,대전광역시 중구 선화동338,36.32997894,127.4146652,,한전주,042-606-6843,대전광역시 중구청,2022-09-16
선화동108,1,대전광역시 중구 선화로43번길96,대전광역시 중구 선화동339-156,36.3298912,127.4141922,,한전주,042-606-6843,대전광역시 중구청,2022-09-16
선화동109,1,대전광역시 중구 선화로43번길 99,대전광역시 중구 선화동338-4,36.32982635,127.4134445,,한전주,042-606-6843,대전광역시 중구청,2022-09-16
선화동110,1,대전광역시 중구 선화로53번길54,대전광역시 중구 선화동339-128,36.32962036,127.4142761,,한전주,042-606-6843,대전광역시 중구청,2022-09-16
선화동111,1,대전광역시 중구 선화로53번길50,대전광역시 중구 선화동339-58,36.32942963,127.4142838,,전용주,042-606-6843,대전광역시 중구청,2022-09-16
선화동112,1,대전광역시 중구 선화로53번길45-1,대전광역시 중구 선화동339-81,36.32927322,127.414093,,한전주,042-606-6843,대전광역시 중구청,2022-09-16
선화동113,1,대전광역시 중구 선화로53번길43,대전광역시 중구 선화동339-166,36.32915115,127.414299,,한전주,042-606-6843,대전광역시 중구청,2022-09-16
선화동114,1,대전광역시 중구 선화로53번길40,대전광역시 중구 선화동339-223,36.32907867,127.4142532,,전용주,042-606-6843,대전광역시 중구청,2022-09-16
선화동115,1,대전광역시 중구 선화로43번길43,대전광역시 중구 선화동338,36.32989065,127.4138437,,한전주,042-606-6843,대전광역시 중구청,2022-09-16
선화동116,1,대전광역시 중구 선화로67번길16-9,대전광역시 중구 선화동202-3,36.32878494,127.4160538,,한전주,042-606-6843,대전광역시 중구청,2022-09-16
선화동117,1,대전광역시 중구 선화로67번길16-51,대전광역시 중구 선화동204-7,36.32906342,127.4160309,,한전주,042-606-6843,대전광역시 중구청,2022-09-16
선화동118,1,대전광역시 중구 선화로67번길16-21,대전광역시 중구 선화동203-36,36.32933044,127.4158859,,한전주,042-606-6843,대전광역시 중구청,2022-09-16
선화동119,1,대전광역시 중구 선화로67번길16-39,대전광역시 중구 선화동203-2,36.32958984,127.4158783,,전용주,042-606-6843,대전광역시 중구청,2022-09-16
선화동120,1,대전광역시 중구 선화로67번길40-6,대전광역시 중구 선화동208-8,36.32983398,127.4157791,,전용주,042-606-6843,대전광역시 중구청,2022-09-16
선화동121,1,대전광역시 중구 선화로67번길16-63,대전광역시 중구 선화동205-10,36.32912445,127.4165878,,한전주,042-606-6843,대전광역시 중구청,2022-09-16
선화동122,1,대전광역시 중구 선화로81번길11,대전광역시 중구 선화동205-3,36.32937622,127.4164581,,한전주,042-606-6843,대전광역시 중구청,2022-09-16
선화동123,1,대전광역시 중구 선화로81번길19,대전광역시 중구 선화동205-1,36.32964706,127.4162979,,한전주,042-606-6843,대전광역시 중구청,2022-09-16
선화동124,1,대전광역시 중구 선화로67번길23,대전광역시 중구 선화동208-16,36.32987976,127.4160309,,한전주,042-606-6843,대전광역시 중구청,2022-09-16
선화동125,1,대전광역시 중구 선화로81번길26-25,대전광역시 중구 선화동207-11,36.33003616,127.4164734,,한전주,042-606-6843,대전광역시 중구청,2022-09-16
선화동126,1,대전광역시 중구 선화로81번길26-13,대전광역시 중구 선화동207-12,36.33029175,127.4164047,,전용주,042-606-6843,대전광역시 중구청,2022-09-16
선화동127,1,,대전광역시 중구 선화동207-15,36.32995605,127.4161224,,한전주,042-606-6843,대전광역시 중구청,2022-09-16
선화동128,1,대전광역시 중구 선화로81번길37,대전광역시 중구 선화동208-4,36.33036423,127.4159164,,한전주,042-606-6843,대전광역시 중구청,2022-09-16
선화동129,1,대전광역시 중구 선화로81번길39,대전광역시 중구 선화동208-3,36.33060074,127.4158401,,한전주,042-606-6843,대전광역시 중구청,2022-09-16
선화동130,1,대전광역시 중구 선화로81번길47,대전광역시 중구 선화동208-1,36.33083344,127.4157639,,한전주,042-606-6843,대전광역시 중구청,2022-09-16
선화동131,1,대전광역시 중구 선화서로85-2,대전광역시 중구 선화동245-11,36.33109283,127.4162903,,한전주,042-606-6843,대전광역시 중구청,2022-09-16
선화동132,1,대전광역시 중구 선화로81번길59,대전광역시 중구 선화동209-27,36.33136368,127.4155807,,한전주,042-606-6843,대전광역시 중구청,2022-09-16
선화동133,1,대전광역시 중구 선화로81번길60-1,대전광역시 중구 선화동245-18,36.33141327,127.4157867,,전용주,042-606-6843,대전광역시 중구청,2022-09-16
선화동134,1,대전광역시 중구 선화로81번길70,대전광역시 중구 선화동209-25,36.33174133,127.415451,,한전주,042-606-6843,대전광역시 중구청,2022-09-16
선화동135,1,대전광역시 중구 보문로323번길38,대전광역시 중구 선화동190-34,36.33036804,127.4173965,,한전주,042-606-6843,대전광역시 중구청,2022-09-16
선화동136,1,대전광역시 중구 선화로97번길21,대전광역시 중구 선화동186-2,36.33018112,127.4176483,,한전주,042-606-6843,대전광역시 중구청,2022-09-16
선화동137,1,대전광역시 중구 선화로97번길13,대전광역시 중구 선화동186-4,36.32997513,127.417778,,한전주,042-606-6843,대전광역시 중구청,2022-09-16
선화동138,1,대전광역시 중구 선화로97번길14-7,대전광역시 중구 선화동187-7,36.3301506,127.4182434,,한전주,042-606-6843,대전광역시 중구청,2022-09-16
선화동139,1,대전광역시 중구 선화로97번길14-17,대전광역시 중구 선화동187-5,36.33033371,127.4187851,,한전주,042-606-6843,대전광역시 중구청,2022-09-16
선화동140,1,대전광역시 중구 선화로107,대전광역시 중구 선화동185-5,36.33009338,127.4191055,,한전주,042-606-6843,대전광역시 중구청,2022-09-16
선화동141,1,대전광역시 중구 선화로107-15,대전광역시 중구 선화동185-43,36.32999802,127.4187622,,한전주,042-606-6843,대전광역시 중구청,2022-09-16
선화동142,1,대전광역시 중구 선화로97번길7,대전광역시 중구 선화동186-16,36.32972336,127.4179306,,한전주,042-606-6843,대전광역시 중구청,2022-09-16
선화동143,1,대전광역시 중구 선화로97번길14-13,대전광역시 중구 선화동187-26,36.33027267,127.4185791,,한전주,042-606-6843,대전광역시 중구청,2022-09-16
선화동144,1,,대전광역시 중구 선화동184-14,36.33041763,127.4190292,,전용주,042-606-6843,대전광역시 중구청,2022-09-16
선화동145,1,,대전광역시 중구 선화동187-13,36.33085251,127.4187164,,한전주,042-606-6843,대전광역시 중구청,2022-09-16
선화동146,1,,대전광역시 중구 선화동184-1,36.3310051,127.4191055,,한전주,042-606-6843,대전광역시 중구청,2022-09-16
선화동147,1,,대전광역시 중구 선화동187-16,36.33078766,127.4184952,,한전주,042-606-6843,대전광역시 중구청,2022-09-16
선화동148,1,대전광역시 중구 보문로323번길17-2,대전광역시 중구 선화동187-20,36.33071899,127.4183044,,한전주,042-606-6843,대전광역시 중구청,2022-09-16
선화동149,1,대전광역시 중구 보문로323번길23,대전광역시 중구 선화동187-12,36.3306427,127.4180679,,한전주,042-606-6843,대전광역시 중구청,2022-09-16
선화동150,1,대전광역시 중구 보문로323번길29,대전광역시 중구 선화동187-15,36.33044434,127.4177856,,전용주,042-606-6843,대전광역시 중구청,2022-09-16
선화동151,1,대전광역시 중구 선화로97번길27,대전광역시 중구 선화동190-39,36.33059311,127.4174271,,한전주,042-606-6843,대전광역시 중구청,2022-09-16
선화동152,1,대전광역시 중구 선화로97번길29-3,대전광역시 중구 선화동190-40,36.33054352,127.4172592,,한전주,042-606-6843,대전광역시 중구청,2022-09-16
선화동153,1,대전광역시 중구 선화로97번길33-2,대전광역시 중구 선화동190-50,36.33083725,127.4172897,,한전주,042-606-6843,대전광역시 중구청,2022-09-16
선화동154,1,대전광역시 중구 선화로97번길33-7,대전광역시 중구 선화동190-11,36.33070374,127.4169922,,한전주,042-606-6843,대전광역시 중구청,2022-09-16
선화동155,1,대전광역시 중구 선화로97번길41,대전광역시 중구 선화동190-3,36.33117294,127.4171066,,한전주,042-606-6843,대전광역시 중구청,2022-09-16
선화동156,1,대전광역시 중구 보문로335번길37,대전광역시 중구 선화동190-1,36.33129883,127.4168701,,한전주,042-606-6843,대전광역시 중구청,2022-09-16
선화동157,1,대전광역시 중구 보문로335번길43,대전광역시 중구 선화동190-21,36.33119965,127.4166718,,한전주,042-606-6843,대전광역시 중구청,2022-09-16
선화동158,1,대전광역시 중구 선화로97번길51,대전광역시 중구 선화동193-12,36.33150101,127.4169235,,한전주,042-606-6843,대전광역시 중구청,2022-09-16
선화동159,1,대전광역시 중구 선화로97번길57,대전광역시 중구 선화동193-8,36.33177185,127.4167557,,한전주,042-606-6843,대전광역시 중구청,2022-09-16
선화동160,1,대전광역시 중구 선화로97번길61,대전광역시 중구 선화동193-7,36.33190536,127.416687,,한전주,042-606-6843,대전광역시 중구청,2022-09-16
선화동161,1,대전광역시 중구 선화로97번길65,대전광역시 중구 선화동193-3,36.33203888,127.4165955,,한전주,042-606-6843,대전광역시 중구청,2022-09-16
선화동162,1,대전광역시 중구 선화로97번길74,대전광역시 중구 선화동201-7,36.33234406,127.4163895,,한전주,042-606-6843,대전광역시 중구청,2022-09-16
선화동163,1,대전광역시 중구 선화로97번길100,대전광역시 중구 선화동201-13,36.33227539,127.4160461,,전용주,042-606-6843,대전광역시 중구청,2022-09-16
선화동164,1,대전광역시 중구 보문로337번길27-8,대전광역시 중구 선화동194-4,36.33207703,127.4169693,,한전주,042-606-6843,대전광역시 중구청,2022-09-16
선화동165,1,대전광역시 중구 보문로335번길14-17,대전광역시 중구 선화동191-2,36.33198547,127.4172058,,한전주,042-606-6843,대전광역시 중구청,2022-09-16
선화동166,1,대전광역시 중구 보문로335번길14-9,대전광역시 중구 선화동191-5,36.33190536,127.417511,,한전주,042-606-6843,대전광역시 중구청,2022-09-16
선화동167,1,대전광역시 중구 보문로335번길14-6,대전광역시 중구 선화동192-6,36.33189774,127.4177856,,한전주,042-606-6843,대전광역시 중구청,2022-09-16
선화동168,1,대전광역시 중구 보문로335번길30,대전광역시 중구 선화동189-18,36.33145142,127.4171295,,한전주,042-606-6843,대전광역시 중구청,2022-09-16
선화동169,1,대전광역시 중구 보문로335번길24,대전광역시 중구 선화동191-8,36.33161926,127.4173965,,한전주,042-606-6843,대전광역시 중구청,2022-09-16
선화동170,1,대전광역시 중구 보문로335번길24,대전광역시 중구 선화동189-1,36.33158493,127.4175415,,한전주,042-606-6843,대전광역시 중구청,2022-09-16
선화동171,1,대전광역시 중구 보문로335번길24-17,대전광역시 중구 선화동189-3,36.33138657,127.4176331,,한전주,042-606-6843,대전광역시 중구청,2022-09-16
선화동172,1,대전광역시 중구 보문로335번길24-11,대전광역시 중구 선화동189-5,36.3311615,127.4177704,,한전주,042-606-6843,대전광역시 중구청,2022-09-16
선화동173,1,대전광역시 중구 보문로335번길24-9,대전광역시 중구 선화동188-5,36.33093262,127.4179077,,한전주,042-606-6843,대전광역시 중구청,2022-09-16
선화동174,1,대전광역시 중구 보문로335번길22,대전광역시 중구 선화동191-6,36.33172226,127.4176712,,한전주,042-606-6843,대전광역시 중구청,2022-09-16
선화동175,1,대전광역시 중구 보문로335번길14-2,대전광역시 중구 선화동192-13,36.33181381,127.4180756,,한전주,042-606-6843,대전광역시 중구청,2022-09-16
선화동176,1,대전광역시 중구 보문로337번길20-1,대전광역시 중구 선화동151-18,36.33255005,127.4175949,,한전주,042-606-6843,대전광역시 중구청,2022-09-16
선화동177,1,대전광역시 중구 보문로337번길20-2,대전광역시 중구 선화동151-28,36.33284378,127.4175873,,전용주,042-606-6843,대전광역시 중구청,2022-09-16
선화동178,1,,대전광역시 중구 선화동151-3,36.33256912,127.4172974,,한전주,042-606-6843,대전광역시 중구청,2022-09-16
선화동179,1,대전광역시 중구 대종로583번길40,대전광역시 중구 선화동151-5,36.33288574,127.4174347,,한전주,042-606-6843,대전광역시 중구청,2022-09-16
선화동180,1,대전광역시 중구 대종로583번길34,대전광역시 중구 선화동151-1,36.33315659,127.4176102,,한전주,042-606-6843,대전광역시 중구청,2022-09-16
선화동181,1,대전광역시 중구 대종로583번길26,대전광역시 중구 선화동148-8,36.33337784,127.4178467,,한전주,042-606-6843,대전광역시 중구청,2022-09-16
선화동182,1,대전광역시 중구 대종로583번길18,대전광역시 중구 선화동148-25,36.33366013,127.4182053,,한전주,042-606-6843,대전광역시 중구청,2022-09-16
선화동183,1,대전광역시 중구 대종로583번길14,대전광역시 중구 선화동148-2,36.33383179,127.4184418,,한전주,042-606-6843,대전광역시 중구청,2022-09-16
선화동184,1,,대전광역시 중구 선화동151-1,36.33377075,127.4185791,,전용주,042-606-6843,대전광역시 중구청,2022-09-16
선화동185,1,,대전광역시 중구 선화동151-1,36.33359909,127.4188309,,전용주,042-606-6843,대전광역시 중구청,2022-09-16
선화동186,1,,대전광역시 중구 선화동151-1,36.33345032,127.4190369,,전용주,042-606-6843,대전광역시 중구청,2022-09-16
선화동187,1,대전광역시 중구 대종로587번길6,대전광역시 중구 선화동146-27,36.33404541,127.4179535,,한전주,042-606-6843,대전광역시 중구청,2022-09-16
선화동188,1,대전광역시 중구 대종로587번길14,대전광역시 중구 선화동146-26,36.33380508,127.4176712,,한전주,042-606-6843,대전광역시 중구청,2022-09-16
선화동189,1,대전광역시 중구 대종로587번길20,대전광역시 중구 선화동146-9,36.33358002,127.4173889,,한전주,042-606-6843,대전광역시 중구청,2022-09-16
선화동190,1,대전광역시 중구 대종로593번길37-7,대전광역시 중구 선화동146-10,36.33337784,127.4171448,,한전주,042-606-6843,대전광역시 중구청,2022-09-16
선화동191,1,대전광역시 중구 대종로587번길32,대전광역시 중구 선화동145-4,36.33315659,127.4169388,,한전주,042-606-6843,대전광역시 중구청,2022-09-16
선화동192,1,대전광역시 중구 대종로587번길36,대전광역시 중구 선화동145-5,36.33296967,127.4167786,,한전주,042-606-6843,대전광역시 중구청,2022-09-16
선화동193,1,대전광역시 중구 대종로593번길49-4,대전광역시 중구 선화동145-9,36.33292007,127.4164734,,한전주,042-606-6843,대전광역시 중구청,2022-09-16
선화동194,1,대전광역시 중구 대종로593번길37-2,대전광역시 중구 선화동146-11,36.33351517,127.4168777,,한전주,042-606-6843,대전광역시 중구청,2022-09-16
선화동195,1,대전광역시 중구 대종로593번길43-2,대전광역시 중구 선화동145-18,36.33314514,127.4167252,,한전주,042-606-6843,대전광역시 중구청,2022-09-16
선화동196,1,대전광역시 중구 동서대로1440번길61,대전광역시 중구 선화동147-6,36.33435059,127.4179916,,전용주,042-606-6843,대전광역시 중구청,2022-09-16
선화동197,1,대전광역시 중구 대종로610번길5,대전광역시 중구 선화동115-1,36.33611298,127.4170609,,전용주,042-606-6843,대전광역시 중구청,2022-09-16
선화동198,1,대전광역시 중구 동서대로1456번길16,대전광역시 중구 선화동104-16,36.33633423,127.4172287,,한전주,042-606-6843,대전광역시 중구청,2022-09-16
선화동199,1,대전광역시 중구 대종로610번길9-11,대전광역시 중구 선화동104-27,36.33657074,127.416832,,한전주,042-606-6843,대전광역시 중구청,2022-09-16
선화동200,1,대전광역시 중구 대종로610번길9-15,대전광역시 중구 선화동104-11,36.33676529,127.4171371,,한전주,042-606-6843,대전광역시 중구청,2022-09-16
선화동201,1,대전광역시 중구 동서대로1456번길7-1,대전광역시 중구 선화동105-4,36.33697891,127.4173584,,한전주,042-606-6843,대전광역시 중구청,2022-09-16
선화동202,1,대전광역시 중구 동서대로1456번길7-13,대전광역시 중구 선화동108-1,36.33720398,127.4176331,,한전주,042-606-6843,대전광역시 중구청,2022-09-16
선화동203,1,대전광역시 중구 동서대로1466번길7,대전광역시 중구 선화동106-10,36.3373909,127.4180374,,한전주,042-606-6843,대전광역시 중구청,2022-09-16
선화동206,1,대전광역시 중구 대종로610번길39,대전광역시 중구 선화동111-50,36.33716202,127.4183731,,한전주,042-606-6843,대전광역시 중구청,2022-09-16
선화동207,1,대전광역시 중구 대종로610번길12,대전광역시 중구 선화동108-7,36.33705521,127.4180908,,한전주,042-606-6843,대전광역시 중구청,2022-09-16
선화동208,1,대전광역시 중구 대종로610번길23,대전광역시 중구 선화동108-14,36.33683014,127.4178314,,한전주,042-606-6843,대전광역시 중구청,2022-09-16
선화동209,1,대전광역시 중구 대종로610번길21,대전광역시 중구 선화동108-17,36.3366394,127.4175644,,한전주,042-606-6843,대전광역시 중구청,2022-09-16
선화동210,1,대전광역시 중구 동서대로1456번길24,대전광역시 중구 선화동115-11,36.3361702,127.4173737,,한전주,042-606-6843,대전광역시 중구청,2022-09-16
선화동211,1,,대전광역시 중구 선화동116-30,36.3361702,127.4176407,,한전주,042-606-6843,대전광역시 중구청,2022-09-16
선화동212,1,대전광역시 중구 대종로606번길10,대전광역시 중구 선화동114-2,36.33641052,127.4179306,,한전주,042-606-6843,대전광역시 중구청,2022-09-16
선화동213,1,대전광역시 중구 대종로606번길18,대전광역시 중구 선화동116-5,36.33662415,127.4182281,,한전주,042-606-6843,대전광역시 중구청,2022-09-16
선화동214,1,,대전광역시 중구 선화동111-3,36.3369751,127.4185867,,한전주,042-606-6843,대전광역시 중구청,2022-09-16
선화동220,1,대전광역시 중구 대종로602번길37,대전광역시 중구 선화동117-22,36.33669662,127.4189301,,한전주,042-606-6843,대전광역시 중구청,2022-09-16
선화동221,1,대전광역시 중구 대종로602번길31,대전광역시 중구 선화동116-9,36.33653641,127.4187775,,한전주,042-606-6843,대전광역시 중구청,2022-09-16
선화동222,1,대전광역시 중구 대종로602번길23,대전광역시 중구 선화동116-13,36.33629227,127.4184723,,한전주,042-606-6843,대전광역시 중구청,2022-09-16
선화동223,1,대전광역시 중구 대종로602번길13,대전광역시 중구 선화동116-2,36.33603668,127.4181442,,한전주,042-606-6843,대전광역시 중구청,2022-09-16
선화동224,1,대전광역시 중구 동서대로1456번길32,대전광역시 중구 선화동115-3,36.33594513,127.4176712,,한전주,042-606-6843,대전광역시 중구청,2022-09-16
선화동225,1,대전광역시 중구 대종로602번길6,대전광역시 중구 선화동120-12,36.33562851,127.4177628,,한전주,042-606-6843,대전광역시 중구청,2022-09-16
선화동226,1,대전광역시 중구 동서대로1456번길40,대전광역시 중구 선화동120-2,36.33562088,127.4180679,,한전주,042-606-6843,대전광역시 중구청,2022-09-16
선화동227,1,대전광역시 중구 동서대로1456번길46,대전광역시 중구 선화동120-14,36.33548737,127.4182358,,한전주,042-606-6843,대전광역시 중구청,2022-09-16
선화동228,1,대전광역시 중구 동서대로1456번길52,대전광역시 중구 선화동120-4,36.33526611,127.4185104,,한전주,042-606-6843,대전광역시 중구청,2022-09-16
선화동229,1,대전광역시 중구 대종로598번길9,대전광역시 중구 선화동119-4,36.33585358,127.4186249,,한전주,042-606-6843,대전광역시 중구청,2022-09-16
선화동230,1,대전광역시 중구 대종로598번길19,대전광역시 중구 선화동85-9,36.33607101,127.4190063,,한전주,042-606-6843,대전광역시 중구청,2022-09-16
선화동231,1,대전광역시 중구 대종로598번길23,대전광역시 중구 선화동85-1,36.33623886,127.4192276,,한전주,042-606-6843,대전광역시 중구청,2022-09-16
선화동232,1,,대전광역시 중구 선화동86-5,36.33612442,127.4196243,,한전주,042-606-6843,대전광역시 중구청,2022-09-16
선화동235,1,대전광역시 중구 대종로588번길49,대전광역시 중구 선화동87-15,36.336483,127.4208908,,한전주,042-606-6843,대전광역시 중구청,2022-09-16
선화동236,1,대전광역시 중구 대종로588번길41,대전광역시 중구 선화동91-13,36.33629608,127.4206772,,한전주,042-606-6843,대전광역시 중구청,2022-09-16
선화동237,1,대전광역시 중구 대종로588번길37,대전광역시 중구 선화동87-6,36.33613586,127.4204407,,한전주,042-606-6843,대전광역시 중구청,2022-09-16
선화동238,1,,대전광역시 중구 선화동87-6,36.33581924,127.4200821,,한전주,042-606-6843,대전광역시 중구청,2022-09-16
선화동239,1,,대전광역시 중구 선화동88-1,36.33589554,127.4199295,,한전주,042-606-6843,대전광역시 중구청,2022-09-16
선화동240,1,대전광역시 중구 대종로588번길21,대전광역시 중구 선화동90-9,36.33564377,127.419899,,한전주,042-606-6843,대전광역시 중구청,2022-09-16
선화동241,1,대전광역시 중구 대종로588번길17,대전광역시 중구 선화동88-14,36.33547974,127.4196854,,한전주,042-606-6843,대전광역시 중구청,2022-09-16
선화동242,1,대전광역시 중구 대종로588번길9,대전광역시 중구 선화동88-4,36.33522034,127.4193573,,한전주,042-606-6843,대전광역시 중구청,2022-09-16
선화동243,1,대전광역시 중구 동서대로1456번길58,대전광역시 중구 선화동89-6,36.33502579,127.4187622,,한전주,042-606-6843,대전광역시 중구청,2022-09-16
선화동244,1,대전광역시 중구 동서대로1456번길62,대전광역시 중구 선화동89-8,36.33486938,127.4189682,,한전주,042-606-6843,대전광역시 중구청,2022-09-16
선화동245,1,대전광역시 중구 동서대로1456번길64,대전광역시 중구 선화동89-10,36.33470154,127.4189377,,한전주,042-606-6843,대전광역시 중구청,2022-09-16
선화동246,1,,대전광역시 중구 선화동74-25,36.33437729,127.4190826,,전용주,042-606-6843,대전광역시 중구청,2022-09-16
선화동247,1,대전광역시 중구 동서대로1456번길69,대전광역시 중구 선화동74-5,36.33459854,127.4194183,,한전주,042-606-6843,대전광역시 중구청,2022-09-16
선화동248,1,대전광역시 중구 대종로584번길17,대전광역시 중구 선화동95-3,36.33482361,127.4196548,,한전주,042-606-6843,대전광역시 중구청,2022-09-16
선화동249,1,대전광역시 중구 대종로584번길23,대전광역시 중구 선화동95-17,36.33502579,127.4199219,,한전주,042-606-6843,대전광역시 중구청,2022-09-16
선화동250,1,대전광역시 중구 대종로584번길30,대전광역시 중구 선화동95-14,36.33519363,127.4201508,,한전주,042-606-6843,대전광역시 중구청,2022-09-16
선화동251,1,대전광역시 중구 동서대로1466번길72,대전광역시 중구 선화동94-26,36.33542252,127.420517,,한전주,042-606-6843,대전광역시 중구청,2022-09-16
선화동252,1,대전광역시 중구 대종로584번길50,대전광역시 중구 선화동94-10,36.33585358,127.4210358,,한전주,042-606-6843,대전광역시 중구청,2022-09-16
선화동253,1,대전광역시 중구 대종로584번길55,대전광역시 중구 선화동91-2,36.33612442,127.4212036,,한전주,042-606-6843,대전광역시 중구청,2022-09-16
선화동254,1,,대전광역시 중구 선화동103-16,36.33552551,127.4213791,,한전주,042-606-6843,대전광역시 중구청,2022-09-16
선화동255,1,대전광역시 중구 대종로582번길31,대전광역시 중구 선화동103-18,36.33538818,127.4211197,,한전주,042-606-6843,대전광역시 중구청,2022-09-16
선화동256,1,,대전광역시 중구 선화동102-1,36.33510971,127.4206619,,한전주,042-606-6843,대전광역시 중구청,2022-09-16
선화동257,1,대전광역시 중구 대종로582번길14,대전광역시 중구 선화동102-6,36.33494949,127.4204025,,한전주,042-606-6843,대전광역시 중구청,2022-09-16
선화동258,1,대전광역시 중구 대종로582번길10,대전광역시 중구 선화동102-9,36.33483505,127.4201813,,한전주,042-606-6843,대전광역시 중구청,2022-09-16
선화동259,1,대전광역시 중구 대종로582번길6,대전광역시 중구 선화동102-5,36.33473206,127.4200211,,전용주,042-606-6843,대전광역시 중구청,2022-09-16
선화동260,1,대전광역시 중구 동서대로1456번길80,대전광역시 중구 선화동74-14,36.33454895,127.4197235,,전용주,042-606-6843,대전광역시 중구청,2022-09-16
선화동261,1,대전광역시 중구 동서대로1456번길78-3,대전광역시 중구 선화동74-12,36.33433151,127.4196625,,한전주,042-606-6843,대전광역시 중구청,2022-09-16
선화동262,1,대전광역시 중구 동서대로1456번길91,대전광역시 중구 선화동73-26,36.33430481,127.4203644,,한전주,042-606-6843,대전광역시 중구청,2022-09-16
선화동263,1,대전광역시 중구 동서대로1456번길83,대전광역시 중구 선화동102-12,36.33452606,127.4201355,,한전주,042-606-6843,대전광역시 중구청,2022-09-16
선화동264,1,대전광역시 중구 대종로580번길11,대전광역시 중구 선화동102-13,36.33476639,127.4206238,,한전주,042-606-6843,대전광역시 중구청,2022-09-16
선화동265,1,대전광역시 중구 동서대로1466번길84,대전광역시 중구 선화동103-9,36.33506012,127.4209366,,한전주,042-606-6843,대전광역시 중구청,2022-09-16
선화동266,1,대전광역시 중구 동서대로1466번길83,대전광역시 중구 선화동68-13,36.33495331,127.4210815,,한전주,042-606-6843,대전광역시 중구청,2022-09-16
선화동267,1,대전광역시 중구 동서대로1466번길88,대전광역시 중구 선화동68-27,36.33477783,127.4212112,,한전주,042-606-6843,대전광역시 중구청,2022-09-16
선화동268,1,대전광역시 중구 대종로566번길37,대전광역시 중구 선화동78-16,36.33420944,127.4220428,,한전주,042-606-6843,대전광역시 중구청,2022-09-16
선화동269,1,대전광역시 중구 대종로566번길29,대전광역시 중구 선화동78-8,36.33407211,127.4217148,,한전주,042-606-6843,대전광역시 중구청,2022-09-16
선화동270,1,대전광역시 중구 우암로18-1,대전광역시 중구 선화동78-15,36.33416367,127.4215927,,전용주,042-606-6843,대전광역시 중구청,2022-09-16
선화동271,1,대전광역시 중구 대종로566번길21,대전광역시 중구 선화동77-20,36.33385086,127.4213104,,한전주,042-606-6843,대전광역시 중구청,2022-09-16
선화동272,1,대전광역시 중구 대종로566번길17,대전광역시 중구 선화동77-10,36.3337326,127.4210434,,한전주,042-606-6843,대전광역시 중구청,2022-09-16
선화동273,1,대전광역시 중구 대종로566번길9,대전광역시 중구 선화동79-1,36.33348465,127.4208984,,전용주,042-606-6843,대전광역시 중구청,2022-09-16
선화동274,1,대전광역시 중구 우암로10번길26,대전광역시 중구 선화동79-5,36.33306885,127.421524,,한전주,042-606-6843,대전광역시 중구청,2022-09-16
선화동275,1,대전광역시 중구 우암로10번길34,대전광역시 중구 선화동80-7,36.33287048,127.421814,,한전주,042-606-6843,대전광역시 중구청,2022-09-16
선화동276,1,,대전광역시 중구 선화동83-1,36.3319397,127.422905,,한전주,042-606-6843,대전광역시 중구청,2022-09-16
선화동277,1,,대전광역시 중구 선화동84,36.33167648,127.4232635,,한전주,042-606-6843,대전광역시 중구청,2022-09-16
선화동278,1,대전광역시 중구 보문로346번길7,대전광역시 중구 선화동153-18,36.3326683,127.4195404,,한전주,042-606-6843,대전광역시 중구청,2022-09-16
선화동279,1,대전광역시 중구 대종로565번길7,대전광역시 중구 선화동135-13,36.3327713,127.4200897,,전용주,042-606-6843,대전광역시 중구청,2022-09-16
선화동280,1,대전광역시 중구 대종로565번길16,대전광역시 중구 선화동135-6,36.3325119,127.4197998,,한전주,042-606-6843,대전광역시 중구청,2022-09-16
선화동281,1,대전광역시 중구 대종로565번길8-1,대전광역시 중구 선화동153-19,36.33301926,127.4199066,,전용주,042-606-6843,대전광역시 중구청,2022-09-16
선화동282,1,대전광역시 중구 대종로565번길21,대전광역시 중구 선화동134-13,36.33226013,127.4195328,,한전주,042-606-6843,대전광역시 중구청,2022-09-16
선화동283,1,대전광역시 중구 대종로336번길9,대전광역시 중구 선화동134-11,36.33196259,127.4193268,,한전주,042-606-6843,대전광역시 중구청,2022-09-16
선화동284,1,대전광역시 중구 대종로336번길15,대전광역시 중구 선화동134-5,36.33184433,127.4196014,,한전주,042-606-6843,대전광역시 중구청,2022-09-16
선화동285,1,대전광역시 중구 대종로561번길22,대전광역시 중구 선화동137-18,36.33204651,127.4200058,,한전주,042-606-6843,대전광역시 중구청,2022-09-16
선화동286,1,대전광역시 중구 대종로346번길22,대전광역시 중구 선화동137-19,36.33216858,127.4201355,,한전주,042-606-6843,대전광역시 중구청,2022-09-16
선화동287,1,대전광역시 중구 대종로561번길8,대전광역시 중구 선화동135-9,36.33249283,127.420372,,한전주,042-606-6843,대전광역시 중구청,2022-09-16
선화동288,1,대전광역시 중구 보문로346번길30,대전광역시 중구 선화동137-3,36.33206177,127.4203873,,한전주,042-606-6843,대전광역시 중구청,2022-09-16
선화동289,1,대전광역시 중구 보문로346번길33,대전광역시 중구 선화동136-8,36.33197021,127.4207764,,한전주,042-606-6843,대전광역시 중구청,2022-09-16
선화동290,1,대전광역시 중구 보문로336번길28,대전광역시 중구 선화동137-13,36.33162689,127.4202271,,한전주,042-606-6843,대전광역시 중구청,2022-09-16
선화동291,1,대전광역시 중구 보문로336번길25,대전광역시 중구 선화동137-14,36.33170319,127.4200134,,한전주,042-606-6843,대전광역시 중구청,2022-09-16
선화동292,1,대전광역시 중구 선화로119번길29,대전광역시 중구 선화동138-10,36.33148575,127.4197617,,한전주,042-606-6843,대전광역시 중구청,2022-09-16
선화동293,1,대전광역시 중구 선화로119번길17,대전광역시 중구 선화동140-3,36.33087158,127.4200363,,한전주,042-606-6843,대전광역시 중구청,2022-09-16
선화동294,1,대전광역시 중구 선화로119번길8,대전광역시 중구 선화동140-33,36.33055496,127.4202194,,한전주,042-606-6843,대전광역시 중구청,2022-09-16
선화동295,1,대전광역시 중구 선화로117,대전광역시 중구 선화동140-9,36.33034134,127.4203415,,한전주,042-606-6843,대전광역시 중구청,2022-09-16
선화동296,1,,대전광역시 중구 선화동122-7,36.33092499,127.4212189,,전용주,042-606-6843,대전광역시 중구청,2022-09-16
선화동297,1,대전광역시 중구 보문로336번길43,대전광역시 중구 선화동121-6,36.33137512,127.4210815,,한전주,042-606-6843,대전광역시 중구청,2022-09-16
선화동298,1,대전광역시 중구 대종로543-15,대전광역시 중구 선화동123-6,36.33122253,127.4216156,,한전주,042-606-6843,대전광역시 중구청,2022-09-16
선화동299,1,대전광역시 중구 대종로545,대전광역시 중구 선화동142-2,36.33166122,127.4218674,,전용주,042-606-6843,대전광역시 중구청,2022-09-16
선화동300,1,대전광역시 중구 보문로336번길59,대전광역시 중구 선화동122-12,36.33110428,127.4219666,,한전주,042-606-6843,대전광역시 중구청,2022-09-16
선화동301,1,대전광역시 중구 중앙로137번길70,대전광역시 중구 선화동15-4,36.33069229,127.4224777,,한전주,042-606-6843,대전광역시 중구청,2022-09-16
선화동302,1,대전광역시 중구 중앙로137번길60,대전광역시 중구 선화동12-6,36.33042526,127.4228058,,한전주,042-606-6843,대전광역시 중구청,2022-09-16
선화동303,1,대전광역시 중구 대종로529번길8,대전광역시 중구 선화동13-3,36.33057022,127.4228592,,전용주,042-606-6843,대전광역시 중구청,2022-09-16
선화동304,1,대전광역시 중구 대종로529번길15,대전광역시 중구 선화동17-3,36.33041382,127.4225311,,한전주,042-606-6843,대전광역시 중구청,2022-09-16
선화동305,1,대전광역시 중구 대종로529번길53,대전광역시 중구 선화동238-3,36.33016205,127.4218903,,전용주,042-606-6843,대전광역시 중구청,2022-09-16
선화동306,1,,대전광역시 중구 선화동235-33,36.32996368,127.4214706,,한전주,042-606-6843,대전광역시 중구청,2022-09-16
선화동307,1,대전광역시 중구 중앙로109번길68,대전광역시 중구 선화동280-2,36.3299942,127.420517,,한전주,042-606-6843,대전광역시 중구청,2022-09-16
선화동308,1,대전광역시 중구 중앙로109번길55,대전광역시 중구 선화동281-4,36.32961655,127.4207535,,한전주,042-606-6843,대전광역시 중구청,2022-09-16
선화동309,1,대전광역시 중구 중앙로109번길53,대전광역시 중구 선화동282-2,36.329422,127.4208527,,한전주,042-606-6843,대전광역시 중구청,2022-09-16
선화동310,1,대전광역시 중구 중앙로109번길52-8,대전광역시 중구 선화동235-27,36.32938385,127.4213333,,한전주,042-606-6843,대전광역시 중구청,2022-09-16
선화동311,1,대전광역시 중구 중앙로109번길43,대전광역시 중구 선화동282-6,36.3290329,127.4210587,,한전주,042-606-6843,대전광역시 중구청,2022-09-16
선화동312,1,대전광역시 중구 대종로521번길36,대전광역시 중구 선화동235-28,36.3291893,127.421608,,한전주,042-606-6843,대전광역시 중구청,2022-09-16
선화동313,1,대전광역시 중구 대종로521번길30,대전광역시 중구 선화동237-6,36.32930374,127.4219055,,한전주,042-606-6843,대전광역시 중구청,2022-09-16
선화동314,1,대전광역시 중구 대종로521번길32-13,대전광역시 중구 선화동235-29,36.32964325,127.4213638,,한전주,042-606-6843,대전광역시 중구청,2022-09-16
선화동315,1,대전광역시 중구 대종로521번길32-35,대전광역시 중구 선화동235-39,36.32977295,127.4215622,,한전주,042-606-6843,대전광역시 중구청,2022-09-16
선화동316,1,대전광역시 중구 대종로521번길32-31,대전광역시 중구 선화동237-3,36.32973099,127.421669,,전용주,042-606-6843,대전광역시 중구청,2022-09-16
선화동317,1,대전광역시 중구 중앙로121번길49-7,대전광역시 중구 선화동237-1,36.32977676,127.4219742,,한전주,042-606-6843,대전광역시 중구청,2022-09-16
선화동318,1,,대전광역시 중구 선화동20,36.32987213,127.4222565,,한전주,042-606-6843,대전광역시 중구청,2022-09-16
선화동319,1,대전광역시 중구 중앙로121번길50-5,대전광역시 중구 선화동19,36.32999802,127.422554,,한전주,042-606-6843,대전광역시 중구청,2022-09-16
선화동320,1,대전광역시 중구 중앙로121번길50-11,대전광역시 중구 선화동19-2,36.33008194,127.4228287,,한전주,042-606-6843,대전광역시 중구청,2022-09-16
선화동321,1,대전광역시 중구 중앙로137번길54,대전광역시 중구 선화동11-1,36.3302536,127.423027,,한전주,042-606-6843,대전광역시 중구청,2022-09-16
선화동322,1,대전광역시 중구 중앙로137번길46,대전광역시 중구 선화동11-2,36.33003616,127.4233093,,한전주,042-606-6843,대전광역시 중구청,2022-09-16
선화동323,1,대전광역시 중구 중앙로137번길44,대전광역시 중구 선화동7-2,36.32989883,127.4234619,,한전주,042-606-6843,대전광역시 중구청,2022-09-16
선화동324,1,대전광역시 중구 대종로521번길5-1,대전광역시 중구 선화동21-11,36.32979584,127.4231339,,전용주,042-606-6843,대전광역시 중구청,2022-09-16
선화동325,1,대전광역시 중구 대종로521번길5-6,대전광역시 중구 선화동21-12,36.32957458,127.4232788,,전용주,042-606-6843,대전광역시 중구청,2022-09-16
선화동326,1,대전광역시 중구 대종로521번길38-2,대전광역시 중구 선화동22-1,36.32971191,127.4228897,,전용주,042-606-6843,대전광역시 중구청,2022-09-16
선화동327,1,대전광역시 중구 대종로521번길19,대전광역시 중구 선화동22-5,36.32961273,127.4226074,,전용주,042-606-6843,대전광역시 중구청,2022-09-16
선화동328,1,대전광역시 중구 중앙로137번길39,대전광역시 중구 선화동8,36.32985103,127.4238644,,한전주,042-606-6843,대전광역시 중구청,2022-09-16
선화동329,1,대전광역시 중구 대종로517번길27,대전광역시 중구 선화동24,36.329216,127.4228439,,한전주,042-606-6843,대전광역시 중구청,2022-09-16
선화동330,1,대전광역시 중구 대종로517번길36,대전광역시 중구 선화동236-5,36.32912064,127.422554,,한전주,042-606-6843,대전광역시 중구청,2022-09-16
선화동331,1,대전광역시 중구 대종로517번길41,대전광역시 중구 선화동236-7,36.32897186,127.4221497,,한전주,042-606-6843,대전광역시 중구청,2022-09-16
선화동332,1,대전광역시 중구 대종로517번길49,대전광역시 중구 선화동236-22,36.32884216,127.4217682,,한전주,042-606-6843,대전광역시 중구청,2022-09-16
선화동333,1,대전광역시 중구 중앙로109번길36,대전광역시 중구 선화동236-20,36.32876205,127.421463,,한전주,042-606-6843,대전광역시 중구청,2022-09-16
선화동334,1,대전광역시 중구 중앙로109번길35,대전광역시 중구 선화동282-12,36.32868576,127.4213409,,한전주,042-606-6843,대전광역시 중구청,2022-09-16
선화동335,1,대전광역시 중구 대종로517번길62,대전광역시 중구 선화동282-11,36.32860565,127.4210739,,한전주,042-606-6843,대전광역시 중구청,2022-09-16
선화동336,1,대전광역시 중구 대종로517번길68,대전광역시 중구 선화동282-10,36.32852554,127.4208755,,한전주,042-606-6843,대전광역시 중구청,2022-09-16
선화동337,1,대전광역시 중구 중앙로109번길24,대전광역시 중구 선화동229-4,36.32838058,127.4217224,,한전주,042-606-6843,대전광역시 중구청,2022-09-16
선화동338,1,대전광역시 중구 중앙로109번길24,대전광역시 중구 선화동229-4,36.32843781,127.4217911,,전용주,042-606-6843,대전광역시 중구청,2022-09-16
선화동339,1,대전광역시 중구 보문로288번길6,대전광역시 중구 선화동229-8,36.32856369,127.4221497,,전용주,042-606-6843,대전광역시 중구청,2022-09-16
선화동340,1,대전광역시 중구 보문로288번길15,대전광역시 중구 선화동230-2,36.32867813,127.4225311,,한전주,042-606-6843,대전광역시 중구청,2022-09-16
선화동341,1,대전광역시 중구 보문로288번길26,대전광역시 중구 선화동25,36.32891846,127.4229889,,전용주,042-606-6843,대전광역시 중구청,2022-09-16
선화동342,1,대전광역시 중구 중앙로129번길30,대전광역시 중구 선화동32-2,36.32923889,127.4235535,,한전주,042-606-6843,대전광역시 중구청,2022-09-16
선화동343,1,대전광역시 중구 중앙로137번길31,대전광역시 중구 선화동6-3,36.32945251,127.4240494,,한전주,042-606-6843,대전광역시 중구청,2022-09-16
선화동344,1,대전광역시 중구 중앙로137번길21,대전광역시 중구 선화동6-6,36.32916641,127.4243698,,한전주,042-606-6843,대전광역시 중구청,2022-09-16
선화동345,1,,대전광역시 중구 선화동33-6,36.32898331,127.4244537,,한전주,042-606-6843,대전광역시 중구청,2022-09-16
선화동346,1,,대전광역시 중구 선화동62-1,36.32872391,127.4247665,,한전주,042-606-6843,대전광역시 중구청,2022-09-16
선화동347,1,대전광역시 중구 대종로501번길5,대전광역시 중구 선화동61-6,36.3286705,127.4246216,,한전주,042-606-6843,대전광역시 중구청,2022-09-16
선화동348,1,대전광역시 중구 대종로501번길9,대전광역시 중구 선화동62-7,36.32860184,127.4244537,,한전주,042-606-6843,대전광역시 중구청,2022-09-16
선화동349,1,대전광역시 중구 중앙로129번길9,대전광역시 중구 선화동58-2,36.3284874,127.4240112,,한전주,042-606-6843,대전광역시 중구청,2022-09-16
선화동350,1,,대전광역시 중구 선화동33-6,36.3289566,127.4243393,,한전주,042-606-6843,대전광역시 중구청,2022-09-16
선화동351,1,대전광역시 중구 대종로505번길27,대전광역시 중구 선화동57,36.32872009,127.4236679,,한전주,042-606-6843,대전광역시 중구청,2022-09-16
선화동352,1,대전광역시 중구 대종로501번길25,대전광역시 중구 선화동96-2,36.32830429,127.4235535,,한전주,042-606-6843,대전광역시 중구청,2022-09-16
선화동353,1,,대전광역시 중구 선화동110,36.32813644,127.4232407,,한전주,042-606-6843,대전광역시 중구청,2022-09-16
선화동354,1,대전광역시 중구 대종로505번길35,대전광역시 중구 선화동43-1,36.3285408,127.4232712,,건축물,042-606-6843,대전광역시 중구청,2022-09-16
선화동355,1,대전광역시 중구 대종로505번길47,대전광역시 중구 선화동228-11,36.3283844,127.4227196,,전용주,042-606-6843,대전광역시 중구청,2022-09-16
선화동356,1,대전광역시 중구 대종로505번길54,대전광역시 중구 선화동229-2,36.32830429,127.4223328,,건축물,042-606-6843,대전광역시 중구청,2022-09-16
선화동357,1,대전광역시 중구 중앙로109번길10-2,대전광역시 중구 선화동228,36.32797241,127.422287,,한전주,042-606-6843,대전광역시 중구청,2022-09-16
선화동358,1,대전광역시 중구 중앙로109번길14,대전광역시 중구 선화동228-5,36.32794952,127.4219742,,한전주,042-606-6843,대전광역시 중구청,2022-09-16
선화동359,1,대전광역시 중구 중앙로109번길5,대전광역시 중구 선화동286-9,36.32758713,127.4220734,,건축물,042-606-6843,대전광역시 중구청,2022-09-16
선화동360,1,대전광역시 중구 중앙로109번길16,대전광역시 중구 선화동228-4,36.32808304,127.4219589,,건축물,042-606-6843,대전광역시 중구청,2022-09-16
선화동361,1,,대전광역시 중구 선화동361-3,36.32963181,127.4194641,,한전주,042-606-6843,대전광역시 중구청,2022-09-16
선화동362,1,,대전광역시 중구 선화동366-11,36.32920837,127.417984,,한전주,042-606-6843,대전광역시 중구청,2022-09-16
선화동363,1,대전광역시 중구 선화로92-11,대전광역시 중구 선화동366-33,36.32881165,127.4179306,,전용주,042-606-6843,대전광역시 중구청,2022-09-16
선화동364,1,대전광역시 중구 선화로92-9,대전광역시 중구 선화동366-30,36.32901382,127.4178391,,전용주,042-606-6843,대전광역시 중구청,2022-09-16
선화동365,1,대전광역시 중구 선화서로52번길3,대전광역시 중구 선화동367-11,36.32843399,127.4181137,,한전주,042-606-6843,대전광역시 중구청,2022-09-16
선화동366,1,대전광역시 중구 선화서로34-7,대전광역시 중구 선화동372-2,36.32683563,127.4190598,,한전주,042-606-6843,대전광역시 중구청,2022-09-16
선화동367,1,,대전광역시 중구 선화동383,36.32585769,127.4197138,,한전주,042-606-6843,대전광역시 중구청,2022-09-16
선화동368,1,대전광역시 중구 보문로291번길30,대전광역시 중구 선화동288-3,36.32793427,127.4192581,,한전주,042-606-6843,대전광역시 중구청,2022-09-16
선화동369,1,대전광역시 중구 보문로291번길22,대전광역시 중구 선화동290-14,36.32806396,127.4196091,,한전주,042-606-6843,대전광역시 중구청,2022-09-16
선화동370,1,대전광역시 중구 보문로291번길12,대전광역시 중구 선화동290-3,36.32818985,127.4200164,,한전주,042-606-6843,대전광역시 중구청,2022-09-16
선화동371,1,대전광역시 중구 보문로291번길12,대전광역시 중구 선화동348-10,36.32830811,127.4202118,,한전주,042-606-6843,대전광역시 중구청,2022-09-16
선화동372,1,,대전광역시 중구 선화동348-10,36.32844925,127.4205856,,한전주,042-606-6843,대전광역시 중구청,2022-09-16
선화동373,1,대전광역시 중구 선화로108번길30,대전광역시 중구 선화동348-9,36.32857513,127.4200363,,한전주,042-606-6843,대전광역시 중구청,2022-09-16
선화동374,1,대전광역시 중구 선화로108번길30,대전광역시 중구 선화동290-1,36.32858658,127.4199371,,한전주,042-606-6843,대전광역시 중구청,2022-09-16
선화동375,1,대전광역시 중구 중앙로79번길68-16,대전광역시 중구 선화동290-4,36.32844543,127.4195328,,한전주,042-606-6843,대전광역시 중구청,2022-09-16
선화동376,1,대전광역시 중구 중앙로79번길68-10,대전광역시 중구 선화동290-6,36.32832718,127.4191818,,전용주,042-606-6843,대전광역시 중구청,2022-09-16
선화동377,1,대전광역시 중구 중앙로79번길68-5,대전광역시 중구 선화동289-1,36.3282814,127.4190063,,한전주,042-606-6843,대전광역시 중구청,2022-09-16
선화동378,1,대전광역시 중구 선화서로52번길26,대전광역시 중구 선화동357-1,36.32870102,127.4190674,,한전주,042-606-6843,대전광역시 중구청,2022-09-16
선화동379,1,대전광역시 중구 선화서로52번길27,대전광역시 중구 선화동355-6,36.32887268,127.4193192,,한전주,042-606-6843,대전광역시 중구청,2022-09-16
선화동380,1,,대전광역시 중구 선화동354-5,36.32902527,127.4197998,,한전주,042-606-6843,대전광역시 중구청,2022-09-16
선화동381,1,,대전광역시 중구 선화동411-4,36.32858658,127.4170074,,한전주,042-606-6843,대전광역시 중구청,2022-09-16
선화동382,1,,대전광역시 중구 선화동412-2,36.32835007,127.4171906,,한전주,042-606-6843,대전광역시 중구청,2022-09-16
선화동383,1,,대전광역시 중구 선화동414-2,36.32847977,127.4169693,,한전주,042-606-6843,대전광역시 중구청,2022-09-16
선화동384,1,,대전광역시 중구 선화동414-2,36.32834625,127.4167786,,한전주,042-606-6843,대전광역시 중구청,2022-09-16
선화동385,1,대전광역시 중구 선화서로57번길12ㅡ060,대전광역시 중구 선화동413-7,36.32811737,127.4164886,,한전주,042-606-6843,대전광역시 중구청,2022-09-16
선화동386,1,대전광역시 중구 선화서로57번길22,대전광역시 중구 선화동414-14,36.32787323,127.4161606,,한전주,042-606-6843,대전광역시 중구청,2022-09-16
선화동387,1,대전광역시 중구 중앙로59번길72,대전광역시 중구 선화동414-17,36.32810593,127.4158401,,한전주,042-606-6843,대전광역시 중구청,2022-09-16
선화동388,1,대전광역시 중구 선화서로57번길32,대전광역시 중구 선화동422-13,36.32760239,127.415863,,한전주,042-606-6843,대전광역시 중구청,2022-09-16
선화동389,1,대전광역시 중구 선화서로57번길34,대전광역시 중구 선화동422-1,36.32746887,127.4156494,,한전주,042-606-6843,대전광역시 중구청,2022-09-16
선화동390,1,대전광역시 중구 선화서로57번길43,대전광역시 중구 선화동421-1,36.32727814,127.4153976,,한전주,042-606-6843,대전광역시 중구청,2022-09-16
선화동391,1,대전광역시 중구 선화서로57번길48,대전광역시 중구 선화동420-3,36.32709122,127.4151535,,전용주,042-606-6843,대전광역시 중구청,2022-09-16
선화동392,1,대전광역시 중구 선화서로58번길7,대전광역시 중구 선화동419-22,36.32726669,127.4148254,,한전주,042-606-6843,대전광역시 중구청,2022-09-16
선화동393,1,대전광역시 중구 선화서로58번길15,대전광역시 중구 선화동420-5,36.326931,127.4152527,,한전주,042-606-6843,대전광역시 중구청,2022-09-16
선화동394,1,대전광역시 중구 선화서로58번길29-3,대전광역시 중구 선화동423-21,36.32660675,127.4156113,,한전주,042-606-6843,대전광역시 중구청,2022-09-16
선화동395,1,대전광역시 중구 선화서로56번길56,대전광역시 중구 선화동421-4,36.32677841,127.4155731,,한전주,042-606-6843,대전광역시 중구청,2022-09-16
선화동396,1,대전광역시 중구 선화서로56번길29-7,대전광역시 중구 선화동423-3,36.32683563,127.4157639,,건축물,042-606-6843,대전광역시 중구청,2022-09-16
선화동397,1,대전광역시 중구 선화서로56번길46,대전광역시 중구 선화동423-5,36.32701874,127.4159927,,한전주,042-606-6843,대전광역시 중구청,2022-09-16
선화동398,1,대전광역시 중구 선화서로56번길37,대전광역시 중구 선화동423-9,36.32726669,127.4163132,,한전주,042-606-6843,대전광역시 중구청,2022-09-16
선화동399,1,대전광역시 중구 중앙로59번길89,대전광역시 중구 선화동423-1,36.32741547,127.4164886,,한전주,042-606-6843,대전광역시 중구청,2022-09-16
선화동400,1,대전광역시 중구 중앙로59번길90,대전광역시 중구 선화동413-10,36.32767105,127.4163589,,한전주,042-606-6843,대전광역시 중구청,2022-09-16
선화동401,1,대전광역시 중구 선화서로56번길23,대전광역시 중구 선화동404-10,36.32764816,127.4167709,,한전주,042-606-6843,대전광역시 중구청,2022-09-16
선화동402,1,대전광역시 중구 선화서로56번길18,대전광역시 중구 선화동413-3,36.3278656,127.4169159,,한전주,042-606-6843,대전광역시 중구청,2022-09-16
선화동403,1,대전광역시 중구 선화서로51번길19-16,대전광역시 중구 선화동404-19,36.32756424,127.416954,,한전주,042-606-6843,대전광역시 중구청,2022-09-16
선화동404,1,대전광역시 중구 선화서로51번길19-11,대전광역시 중구 선화동404-26,36.32770538,127.417038,,전용주,042-606-6843,대전광역시 중구청,2022-09-16
선화동405,1,대전광역시 중구 선화서로82번길23,대전광역시 중구 선화동406,36.32806396,127.4173355,,한전주,042-606-6843,대전광역시 중구청,2022-09-16
선화동406,1,대전광역시 중구 선화서로51번길6,대전광역시 중구 선화동406-2,36.32823944,127.4175339,,한전주,042-606-6843,대전광역시 중구청,2022-09-16
선화동407,1,대전광역시 중구 선화서로51번길53,대전광역시 중구 선화동407-1,36.32830429,127.4177399,,한전주,042-606-6843,대전광역시 중구청,2022-09-16
선화동408,1,대전광역시 중구 선화서로82번길31,대전광역시 중구 선화동405-15,36.32774353,127.4175262,,한전주,042-606-6843,대전광역시 중구청,2022-09-16
선화동409,1,대전광역시 중구 선화서로43번길10,대전광역시 중구 선화동405-18,36.3273735,127.4177322,,한전주,042-606-6843,대전광역시 중구청,2022-09-16
선화동410,1,대전광역시 중구 선화서로43번길10,대전광역시 중구 선화동405-17,36.32742691,127.4178543,,한전주,042-606-6843,대전광역시 중구청,2022-09-16
선화동411,1,대전광역시 중구 선화서로43번길6-1,대전광역시 중구 선화동405-10,36.32770157,127.4179382,,전용주,042-606-6843,대전광역시 중구청,2022-09-16
선화동412,1,대전광역시 중구 선화서로82번길45,대전광역시 중구 선화동402-7,36.327034,127.4178772,,한전주,042-606-6843,대전광역시 중구청,2022-09-16
선화동413,1,대전광역시 중구 선화서로82번길51,대전광역시 중구 선화동402-8,36.32684326,127.417984,,한전주,042-606-6843,대전광역시 중구청,2022-09-16
선화동414,1,대전광역시 중구 선화서로82번길52-2,대전광역시 중구 선화동403-4,36.32678604,127.4176407,,한전주,042-606-6843,대전광역시 중구청,2022-09-16
선화동415,1,대전광역시 중구 선화서로82번길59,대전광역시 중구 선화동403-24,36.32653809,127.4180756,,한전주,042-606-6843,대전광역시 중구청,2022-09-16
선화동416,1,대전광역시 중구 선화서로29번길10,대전광역시 중구 선화동402-10,36.3264389,127.4184341,,전용주,042-606-6843,대전광역시 중구청,2022-09-16
선화동417,1,대전광역시 중구 선화서로82번길60,대전광역시 중구 선화동403-24,36.32640076,127.4181442,,건축물,042-606-6843,대전광역시 중구청,2022-09-16
선화동418,1,대전광역시 중구 선화서로29번길19,대전광역시 중구 선화동393-2,36.32624435,127.4178391,,한전주,042-606-6843,대전광역시 중구청,2022-09-16
선화동419,1,대전광역시 중구 선화서로29번길26,대전광역시 중구 선화동393-2,36.32618332,127.4174881,,한전주,042-606-6843,대전광역시 중구청,2022-09-16
선화동420,1,대전광역시 중구 선화서로29번길28,대전광역시 중구 선화동425-18,36.32642746,127.4172363,,전용주,042-606-6843,대전광역시 중구청,2022-09-16
선화동421,1,대전광역시 중구 선화서로29번길31,대전광역시 중구 선화동426-7,36.32613373,127.4170837,,한전주,042-606-6843,대전광역시 중구청,2022-09-16
선화동422,1,대전광역시 중구 선화서로29번길34-16,대전광역시 중구 선화동425-43,36.32645035,127.416954,,한전주,042-606-6843,대전광역시 중구청,2022-09-16
선화동423,1,대전광역시 중구 선화서로29번길36,대전광역시 중구 선화동425-29,36.3261528,127.4168015,,한전주,042-606-6843,대전광역시 중구청,2022-09-16
선화동424,1,대전광역시 중구 선화서로29번길42,대전광역시 중구 선화동425-30,36.32611847,127.4165649,,한전주,042-606-6843,대전광역시 중구청,2022-09-16
선화동425,1,대전광역시 중구 선화서로29번길41,대전광역시 중구 선화동428-6,36.32601166,127.4163055,,한전주,042-606-6843,대전광역시 중구청,2022-09-16
선화동427,1,대전광역시 중구 선화서로58번길29-14,대전광역시 중구 선화동423-17,36.32684326,127.416214,,전용주,042-606-6843,대전광역시 중구청,2022-09-16
선화동428,1,대전광역시 중구 선화서로58번길29-22,대전광역시 중구 선화동423-11,36.32709885,127.4164886,,전용주,042-606-6843,대전광역시 중구청,2022-09-16
선화동429,1,대전광역시 중구 중앙로59번길81,대전광역시 중구 선화동423-12,36.32722855,127.4167557,,한전주,042-606-6843,대전광역시 중구청,2022-09-16
선화동430,1,대전광역시 중구 중앙로59번길78,대전광역시 중구 선화동404-25,36.32722092,127.4168854,,전용주,042-606-6843,대전광역시 중구청,2022-09-16
선화동431,1,대전광역시 중구 선화서로43번길20,대전광역시 중구 선화동404-22,36.32723999,127.4173508,,한전주,042-606-6843,대전광역시 중구청,2022-09-16
선화동432,1,대전광역시 중구 중앙로59번길75,대전광역시 중구 선화동423-13,36.32707977,127.4169464,,한전주,042-606-6843,대전광역시 중구청,2022-09-16
선화동433,1,대전광역시 중구 중앙로59번길67,대전광역시 중구 선화동424-2,36.32679749,127.4171295,,한전주,042-606-6843,대전광역시 중구청,2022-09-16
선화동434,1,대전광역시 중구 중앙로59번길59,대전광역시 중구 선화동425-16,36.3263588,127.4174194,,한전주,042-606-6843,대전광역시 중구청,2022-09-16
선화동435,1,대전광역시 중구 선화서로43번길17-2,대전광역시 중구 선화동403-7,36.32698822,127.4175368,,전용주,042-606-6843,대전광역시 중구청,2022-09-16
선화동436,1,대전광역시 중구 선화서로43번길33,대전광역시 중구 선화동424-3,36.32681274,127.4167023,,전용주,042-606-6843,대전광역시 중구청,2022-09-16
선화동437,1,대전광역시 중구 선화서로43번길40,대전광역시 중구 선화동423-25,36.32668304,127.4163895,,한전주,042-606-6843,대전광역시 중구청,2022-09-16
선화동438,1,대전광역시 중구 선화서로43번길48,대전광역시 중구 선화동424-10,36.32649231,127.4161148,,한전주,042-606-6843,대전광역시 중구청,2022-09-16
선화동440,1,대전광역시 중구 선화서로58번길55,대전광역시 중구 선화동430-10,36.32556915,127.4165115,,한전주,042-606-6843,대전광역시 중구청,2022-09-16
선화동441,1,대전광역시 중구 선화서로23번길40-2,대전광역시 중구 선화동427-13,36.32585526,127.416893,,한전주,042-606-6843,대전광역시 중구청,2022-09-16
선화동442,1,대전광역시 중구 선화서로23번길40,대전광역시 중구 선화동430-14,36.32565689,127.4169693,,한전주,042-606-6843,대전광역시 중구청,2022-09-16
선화동443,1,대전광역시 중구 선화서로23번길36-5,대전광역시 중구 선화동427-9,36.32590103,127.4170914,,전용주,042-606-6843,대전광역시 중구청,2022-09-16
선화동444,1,대전광역시 중구 중앙로59번길39,대전광역시 중구 선화동432-1,36.32572937,127.417572,,한전주,042-606-6843,대전광역시 중구청,2022-09-16
선화동445,1,대전광역시 중구 선화서로23번길17,대전광역시 중구 선화동387-1,36.32581711,127.4181671,,한전주,042-606-6843,대전광역시 중구청,2022-09-16
선화동446,1,대전광역시 중구 선화서로19번길18-8,대전광역시 중구 선화동385-3,36.3257637,127.4183655,,건축물,042-606-6843,대전광역시 중구청,2022-09-16
선화동447,1,대전광역시 중구 선화서로19번길18-4,대전광역시 중구 선화동386-10,36.32563782,127.4183578,,전용주,042-606-6843,대전광역시 중구청,2022-09-16
선화동448,1,대전광역시 중구 선화서로23번길9,대전광역시 중구 선화동384,36.32590103,127.4186325,,한전주,042-606-6843,대전광역시 중구청,2022-09-16
선화동449,1,대전광역시 중구 선화서로23,대전광역시 중구 선화동383-1,36.32595062,127.4189911,,한전주,042-606-6843,대전광역시 중구청,2022-09-16
선화동450,1,대전광역시 중구 선화서로19번길14,대전광역시 중구 선화동382-1,36.32546234,127.4185944,,한전주,042-606-6843,대전광역시 중구청,2022-09-16
선화동451,1,대전광역시 중구 선화서로19번길19,대전광역시 중구 선화동382-95,36.32539749,127.4181595,,한전주,042-606-6843,대전광역시 중구청,2022-09-16
선화동452,1,대전광역시 중구 중앙로59번길39,대전광역시 중구 선화동430-16,36.32554626,127.4176407,,한전주,042-606-6843,대전광역시 중구청,2022-09-16
선화동453,1,대전광역시 중구 선화서로19번길38,대전광역시 중구 선화동430-15,36.32546616,127.4172974,,전용주,042-606-6843,대전광역시 중구청,2022-09-16
선화동454,1,대전광역시 중구 선화서로19번길37,대전광역시 중구 선화동434-1,36.32526016,127.4172134,,한전주,042-606-6843,대전광역시 중구청,2022-09-16
선화동455,1,대전광역시 중구 선화서로19번길41,대전광역시 중구 선화동381-197,36.32501602,127.4170685,,한전주,042-606-6843,대전광역시 중구청,2022-09-16
선화동456,1,대전광역시 중구 선화서로19번길48,대전광역시 중구 선화동435-6,36.32516861,127.4167175,,한전주,042-606-6843,대전광역시 중구청,2022-09-16
선화동457,1,대전광역시 중구 선화서로19번길45-1,대전광역시 중구 선화동435-6,36.32502365,127.4168015,,한전주,042-606-6843,대전광역시 중구청,2022-09-16
선화동458,1,,대전광역시 중구 선화동363-20,36.32508079,127.4175851,,한전주,042-606-6843,대전광역시 중구청,2022-09-16
선화동459,1,대전광역시 중구 중앙로65-10,대전광역시 중구 선화동382-63,36.32475662,127.4189072,,한전주,042-606-6843,대전광역시 중구청,2022-09-16
선화동460,1,대전광역시 중구 중앙로65-13,대전광역시 중구 선화동382-46,36.32453918,127.4186172,,한전주,042-606-6843,대전광역시 중구청,2022-09-16
선화동461,1,,대전광역시 중구 선화동260-1,36.33577697,127.4179041,,한전주,042-606-6843,대전광역시 중구청,2022-09-16
선화동462,1,,대전광역시 중구 선화동235-31,36.32932099,127.4214837,,한전주,042-606-6843,대전광역시 중구청,2022-09-16
선화동463,1,,대전광역시 중구 선화동209-15,36.33188173,127.4152938,,한전주,042-606-6843,대전광역시 중구청,2022-09-16
선화동464,1,,대전광역시 중구 선화동402-1,36.32742926,127.4180656,,한전주,042-606-6843,대전광역시 중구청,2022-09-16
선화동465,1,,대전광역시 중구 선화동382-95,36.32544319,127.4184169,,전용주,042-606-6843,대전광역시 중구청,2022-09-16
선화동466,1,,대전광역시 중구 선화동434-5,36.32519563,127.4176973,,한전주,042-606-6843,대전광역시 중구청,2022-09-16
선화동467,1,,대전광역시 중구 선화동389-2,36.32543594,127.4179129,,전용주,042-606-6843,대전광역시 중구청,2022-09-16
선화동468,1,,대전광역시 중구 선화동427-10,36.3258601,127.4170939,,전용주,042-606-6843,대전광역시 중구청,2022-09-16
선화동469,1,,대전광역시 중구 선화동229-5,36.32819095,127.4218591,,한전주,042-606-6843,대전광역시 중구청,2022-09-16
선화동471,1,,대전광역시 중구 선화동79-1,36.33313359,127.4213093,,건축물,042-606-6843,대전광역시 중구청,2022-09-16
선화동472,1,,대전광역시 중구 선화동362-22,36.32563671,127.4152523,,건축물,042-606-6843,대전광역시 중구청,2022-09-16
선화동473,1,,대전광역시 중구 선화동164-4,36.3346639,127.4166479,,한전주,042-606-6843,대전광역시 중구청,2022-09-16
선화동474,1,,대전광역시 중구 선화동364,36.32927139,127.4182898,,한전주,042-606-6843,대전광역시 중구청,2022-09-16
선화동475,1,,대전광역시 중구 선화동425-26,36.32633363,127.4169767,,한전주,042-606-6843,대전광역시 중구청,2022-09-16
선화동476,1,,대전광역시 중구 선화동383,36.32976169,127.423644,,한전주,042-606-6843,대전광역시 중구청,2022-09-16
선화동477,1,,대전광역시 중구 선화동21-13,36.329436,127.4233666,,한전주,042-606-6843,대전광역시 중구청,2022-09-16
선화동478,1,,대전광역시 중구 선화동20,36.33014702,127.4229862,,전용주,042-606-6843,대전광역시 중구청,2022-09-16
선화동479,1,,대전광역시 중구 선화동191-14,36.33179261,127.4169473,,한전주,042-606-6843,대전광역시 중구청,2022-09-16
선화동480,1,,대전광역시 중구 선화동73-12,36.33456288,127.4204065,,한전주,042-606-6843,대전광역시 중구청,2022-09-16
선화동482,1,,대전광역시 중구 선화동260-1,36.33550916,127.4203921,,한전주,042-606-6843,대전광역시 중구청,2022-09-16
선화동483,1,,대전광역시 중구 선화동260-1,36.33526464,127.4207333,,한전주,042-606-6843,대전광역시 중구청,2022-09-16
선화동484,1,,대전광역시 중구 선화동260-1,36.33569942,127.4201035,,한전주,042-606-6843,대전광역시 중구청,2022-09-16
안영동001,1,대전광역시 중구 성산로4번길39,대전광역시 중구 안영동645-3,36.29221344,127.3816452,,한전주,042-606-6843,대전광역시 중구청,2022-09-16
안영동002,1,,대전광역시 중구 안영동644-6,36.29179764,127.3814163,,한전주,042-606-6843,대전광역시 중구청,2022-09-16
안영동003,1,대전광역시 중구 성산로4번길21,대전광역시 중구 안영동654-1,36.29152298,127.3812637,,한전주,042-606-6843,대전광역시 중구청,2022-09-16
안영동004,1,대전광역시 중구 성산로4번길21,대전광역시 중구 안영동652-2,36.29132462,127.3811493,,한전주,042-606-6843,대전광역시 중구청,2022-09-16
안영동005,1,대전광역시 중구 성산로4번길35,대전광역시 중구 안영동653-2,36.29098511,127.3809586,,한전주,042-606-6843,대전광역시 중구청,2022-09-16
안영동006,1,,대전광역시 중구 안영동653-2,36.29110718,127.3804245,,전용주,042-606-6843,대전광역시 중구청,2022-09-16
안영동007,1,대전광역시 중구 선산로16,대전광역시 중구 안영동656-5,36.29117203,127.3799438,,한전주,042-606-6843,대전광역시 중구청,2022-09-16
안영동008,1,대전광역시 중구 성산로14번길26,대전광역시 중구 안영동645-6,36.29170609,127.381134,,한전주,042-606-6843,대전광역시 중구청,2022-09-16
안영동009,1,대전광역시 중구 성산로4번길13-16,대전광역시 중구 안영동652-5,36.29151917,127.3809891,,한전주,042-606-6843,대전광역시 중구청,2022-09-16
안영동010,1,,대전광역시 중구 안영동646-7,36.29198456,127.3807526,,한전주,042-606-6843,대전광역시 중구청,2022-09-16
안영동011,1,대전광역시 중구 성산로14번길33,대전광역시 중구 안영동646-6,36.29217148,127.381012,,한전주,042-606-6843,대전광역시 중구청,2022-09-16
안영동012,1,대전광역시 중구 성산로14번길37,대전광역시 중구 안영동646-3,36.29234695,127.3812027,,한전주,042-606-6843,대전광역시 중구청,2022-09-16
안영동013,1,대전광역시 중구 안영로46번길15,대전광역시 중구 안영동643-6,36.29264832,127.381546,,한전주,042-606-6843,대전광역시 중구청,2022-09-16
안영동014,1,대전광역시 중구 성산로20번길36,대전광역시 중구 안영동643-3,36.29282761,127.3811569,,한전주,042-606-6843,대전광역시 중구청,2022-09-16
안영동015,1,대전광역시 중구 성산로20번길28,대전광역시 중구 안영동646-11,36.29254532,127.3808136,,한전주,042-606-6843,대전광역시 중구청,2022-09-16
안영동016,1,대전광역시 중구 성산로20번길19,대전광역시 중구 안영동647-6,36.29225922,127.3803329,,한전주,042-606-6843,대전광역시 중구청,2022-09-16
안영동017,1,대전광역시 중구 성산로20번길7,대전광역시 중구 안영동650,36.29157257,127.3798065,,한전주,042-606-6843,대전광역시 중구청,2022-09-16
안영동018,1,대전광역시 중구 안영로79번길77,대전광역시 중구 안영동642-12,36.29317093,127.3801117,,한전주,042-606-6843,대전광역시 중구청,2022-09-16
안영동019,1,대전광역시 중구 안영로79번길83,대전광역시 중구 안영동642-9,36.29298401,127.3799362,,한전주,042-606-6843,대전광역시 중구청,2022-09-16
안영동020,1,대전광역시 중구 안영로79번길35,대전광역시 중구 안영동642-8,36.29272079,127.3796692,,한전주,042-606-6843,대전광역시 중구청,2022-09-16
안영동021,1,대전광역시 중구 안영로79번길123,대전광역시 중구 안영동657-12,36.29160309,127.3782959,,한전주,042-606-6843,대전광역시 중구청,2022-09-16
안영동022,1,대전광역시 중구 안영로79번길133,대전광역시 중구 안영동657-11,36.2914238,127.378067,,한전주,042-606-6843,대전광역시 중구청,2022-09-16
안영동023,1,대전광역시 중구 안영로79번길141,대전광역시 중구 안영동667-11,36.29122543,127.3776627,,한전주,042-606-6843,대전광역시 중구청,2022-09-16
안영동024,1,대전광역시 중구 안영로79번길147,대전광역시 중구 안영동667-8,36.29093933,127.3774338,,한전주,042-606-6843,대전광역시 중구청,2022-09-16
안영동025,1,대전광역시 중구 안영로79번길155,대전광역시 중구 안영동667-7,36.29072571,127.3772354,,한전주,042-606-6843,대전광역시 중구청,2022-09-16
안영동026,1,대전광역시 중구 안영로79번길159,대전광역시 중구 안영동667-10,36.29045868,127.3770905,,한전주,042-606-6843,대전광역시 중구청,2022-09-16
안영동027,1,대전광역시 중구 안영로6번길12,대전광역시 중구 안영동677-4,36.28996277,127.3779526,,전용주,042-606-6843,대전광역시 중구청,2022-09-16
안영동028,1,대전광역시 중구 성산로19번길26,대전광역시 중구 안영동668-4,36.29022217,127.378067,,한전주,042-606-6843,대전광역시 중구청,2022-09-16
안영동029,1,대전광역시 중구 성산로19번길20,대전광역시 중구 안영동668-2,36.29045868,127.3783646,,한전주,042-606-6843,대전광역시 중구청,2022-09-16
안영동030,1,대전광역시 중구 성산로19번길10,대전광역시 중구 안영동666-5,36.290802,127.3787766,,한전주,042-606-6843,대전광역시 중구청,2022-09-16
안영동031,1,대전광역시 중구 안영로22번길14,대전광역시 중구 안영동665-1,36.29102325,127.3792496,,한전주,042-606-6843,대전광역시 중구청,2022-09-16
안영동032,1,대전광역시 중구 성산로13번길8,대전광역시 중구 안영동663,36.29071808,127.3795853,,한전주,042-606-6843,대전광역시 중구청,2022-09-16
안영동033,1,대전광역시 중구 성산로13번길27,대전광역시 중구 안영동670-10,36.29004288,127.3787766,,한전주,042-606-6843,대전광역시 중구청,2022-09-16
안영동034,1,대전광역시 중구 성산로13번길31,대전광역시 중구 안영동670-8,36.28989029,127.3786011,,한전주,042-606-6843,대전광역시 중구청,2022-09-16
안영동035,1,대전광역시 중구 소리대장간,대전광역시 중구 안영동680,36.28956223,127.3781967,,전용주,042-606-6843,대전광역시 중구청,2022-09-16
안영동036,1,대전광역시 중구 안영로6번길28,대전광역시 중구 안영동676-3,36.28944397,127.3786621,,한전주,042-606-6843,대전광역시 중구청,2022-09-16
안영동037,1,대전광역시 중구 안영로6번길38,대전광역시 중구 안영동675-3,36.28922272,127.3789063,,한전주,042-606-6843,대전광역시 중구청,2022-09-16
안영동038,1,대전광역시 중구 성산로3번길44,대전광역시 중구 안영동674-3,36.28870392,127.3797226,,한전주,042-606-6843,대전광역시 중구청,2022-09-16
안영동039,1,대전광역시 중구 성산로3번길31,대전광역시 중구 안영동673-3,36.28904724,127.379921,,한전주,042-606-6843,대전광역시 중구청,2022-09-16
안영동040,1,대전광역시 중구 성산로3번길24,대전광역시 중구 안영동673-1,36.28937149,127.380127,,한전주,042-606-6843,대전광역시 중구청,2022-09-16
안영동041,1,대전광역시 중구 성산로3번길18,대전광역시 중구 안영동660-4,36.28970718,127.3803177,,한전주,042-606-6843,대전광역시 중구청,2022-09-16
안영동042,1,,대전광역시 중구 안영동660-5,36.29008484,127.3805237,,한전주,042-606-6843,대전광역시 중구청,2022-09-16
안영동043,1,대전광역시 중구 안영로22번길40,대전광역시 중구 안영동661-3,36.29024506,127.380249,,한전주,042-606-6843,대전광역시 중구청,2022-09-16
안영동044,1,대전광역시 중구 성산로9번길3,대전광역시 중구 안영동661-1,36.29042053,127.3800125,,한전주,042-606-6843,대전광역시 중구청,2022-09-16
안영동045,1,대전광역시 중구 성산로3번길14-2,대전광역시 중구 안영동661-4,36.28992844,127.3800964,,한전주,042-606-6843,대전광역시 중구청,2022-09-16
안영동046,1,대전광역시 중구 성산로9번길22,대전광역시 중구 안영동670-2,36.2899704,127.3792572,,한전주,042-606-6843,대전광역시 중구청,2022-09-16
안영동047,1,대전광역시 중구 성산로9번길23,대전광역시 중구 안영동671-1,36.28985214,127.3794174,,한전주,042-606-6843,대전광역시 중구청,2022-09-16
안영동048,1,대전광역시 중구 성산로3번길24-11,대전광역시 중구 안영동671-4,36.28963852,127.379715,,한전주,042-606-6843,대전광역시 중구청,2022-09-16
안영동049,1,대전광역시 중구 성산로9번길28,대전광역시 중구 안영동670-5,36.28970718,127.3789825,,한전주,042-606-6843,대전광역시 중구청,2022-09-16
안영동050,1,대전광역시 중구 성산로3번길32-15,대전광역시 중구 안영동672-3,36.28946686,127.3792725,,한전주,042-606-6843,대전광역시 중구청,2022-09-16
안영동051,1,대전광역시 중구 성산로3번길32-11,대전광역시 중구 안영동672-5,36.28927231,127.3795319,,한전주,042-606-6843,대전광역시 중구청,2022-09-16
안영동052,1,,대전광역시 중구 안영동502-1,36.29250336,127.3788452,,한전주,042-606-6843,대전광역시 중구청,2022-09-16
안영동053,1,,대전광역시 중구 안영동601-6,36.29221725,127.3786163,,한전주,042-606-6843,대전광역시 중구청,2022-09-16
안영동054,1,대전광역시 중구 유등천동로74,대전광역시 중구 안영동503-1,36.29202271,127.3783112,,한전주,042-606-6843,대전광역시 중구청,2022-09-16
안영동055,1,,대전광역시 중구 안영동503-2,36.29179764,127.3780365,,한전주,042-606-6843,대전광역시 중구청,2022-09-16
안영동056,1,,대전광역시 중구 안영동508-3,36.29159546,127.3777466,,한전주,042-606-6843,대전광역시 중구청,2022-09-16
안영동057,1,,대전광역시 중구 안영동508-3,36.29133606,127.377388,,한전주,042-606-6843,대전광역시 중구청,2022-09-16
안영동058,1,,대전광역시 중구 안영동507-4,36.29109573,127.3770447,,한전주,042-606-6843,대전광역시 중구청,2022-09-16
안영동059,1,대전광역시 중구 유등천동로50,대전광역시 중구 안영동508-8,36.29072952,127.376503,,한전주,042-606-6843,대전광역시 중구청,2022-09-16
안영동060,1,,대전광역시 중구 안영동508-10,36.29045105,127.376297,,한전주,042-606-6843,대전광역시 중구청,2022-09-16
안영동061,1,,대전광역시 중구 안영동508-17,36.29011917,127.3761444,,한전주,042-606-6843,대전광역시 중구청,2022-09-16
안영동062,1,,대전광역시 중구 안영동508-16,36.28978729,127.3760834,,한전주,042-606-6843,대전광역시 중구청,2022-09-16
안영동063,1,,대전광역시 중구 안영동508-6,36.28956223,127.376091,,한전주,042-606-6843,대전광역시 중구청,2022-09-16
안영동064,1,,대전광역시 중구 안영동453-1,36.28926086,127.3761444,,한전주,042-606-6843,대전광역시 중구청,2022-09-16
안영동065,1,,대전광역시 중구 안영동453-1,36.28886414,127.376297,,한전주,042-606-6843,대전광역시 중구청,2022-09-16
안영동066,1,,대전광역시 중구 안영동456,36.28868484,127.3764572,,한전주,042-606-6843,대전광역시 중구청,2022-09-16
안영동067,1,,대전광역시 중구 안영동456,36.28839874,127.3766403,,한전주,042-606-6843,대전광역시 중구청,2022-09-16
안영동068,1,,대전광역시 중구 안영동456,36.2882309,127.3767471,,한전주,042-606-6843,대전광역시 중구청,2022-09-16
안영동069,1,,대전광역시 중구 안영동456,36.28793335,127.3769608,,한전주,042-606-6843,대전광역시 중구청,2022-09-16
안영동070,1,대전광역시 중구 유등천동로10,대전광역시 중구 안영동458-3,36.2873764,127.3773651,,한전주,042-606-6843,대전광역시 중구청,2022-09-16
안영동071,1,,대전광역시 중구 안영동458-2,36.2876358,127.3770752,,한전주,042-606-6843,대전광역시 중구청,2022-09-16
안영동072,1,대전광역시 중구 대둔산로200번길7,대전광역시 중구 안영동690-1,36.28783035,127.3800507,,한전주,042-606-6843,대전광역시 중구청,2022-09-16
안영동073,1,,대전광역시 중구 안영동690-2,36.28766632,127.3802414,,한전주,042-606-6843,대전광역시 중구청,2022-09-16
안영동074,1,대전광역시 중구 대둔산로200번길23-5,대전광역시 중구 안영동688,36.28736496,127.3806686,,한전주,042-606-6843,대전광역시 중구청,2022-09-16
안영동075,1,대전광역시 중구 대둔산로200번길31,대전광역시 중구 안영동687-3,36.28718948,127.3810501,,한전주,042-606-6843,대전광역시 중구청,2022-09-16
안영동076,1,대전광역시 중구 대둔산로200번길42,대전광역시 중구 안영동687-1,36.2876091,127.3815765,,한전주,042-606-6843,대전광역시 중구청,2022-09-16
안영동077,1,,대전광역시 중구 안영동686-1,36.28789139,127.381279,,한전주,042-606-6843,대전광역시 중구청,2022-09-16
안영동078,1,대전광역시 중구 대둔산로200번길23-11,대전광역시 중구 안영동685-3,36.28778076,127.3810425,,한전주,042-606-6843,대전광역시 중구청,2022-09-16
안영동079,1,대전광역시 중구 대둔산로200번길23-5,대전광역시 중구 안영동686-4,36.28757858,127.3808365,,한전주,042-606-6843,대전광역시 중구청,2022-09-16
안영동080,1,대전광역시 중구 대둔산로200번길54,대전광역시 중구 안영동685-1,36.28822708,127.3810272,,전용주,042-606-6843,대전광역시 중구청,2022-09-16
안영동081,1,대전광역시 중구 뿌리공원로3번길50,대전광역시 중구 안영동684-1,36.28850174,127.3806305,,전용주,042-606-6843,대전광역시 중구청,2022-09-16
안영동082,1,대전광역시 중구 뿌리공원로3번길45,대전광역시 중구 안영동684-5,36.28816223,127.3803711,,한전주,042-606-6843,대전광역시 중구청,2022-09-16
안영동083,1,대전광역시 중구 뿌리공원로3번길32,대전광역시 중구 안영동690-9,36.28765488,127.3797913,,한전주,042-606-6843,대전광역시 중구청,2022-09-16
안영동084,1,대전광역시 중구 뿌리공원로3번길24,대전광역시 중구 안영동690-7,36.28741837,127.3795395,,한전주,042-606-6843,대전광역시 중구청,2022-09-16
안영동085,1,대전광역시 중구 뿌리공원로3번길16,대전광역시 중구 안영동693-10,36.28716278,127.3792343,,한전주,042-606-6843,대전광역시 중구청,2022-09-16
안영동086,1,대전광역시 중구 뿌리공원로3번길8,대전광역시 중구 안영동693-9,36.28694916,127.3790131,,한전주,042-606-6843,대전광역시 중구청,2022-09-16
안영동087,1,대전광역시 중구 뿌리공원로7번길22,대전광역시 중구 안영동689-5,36.28705978,127.3797226,,한전주,042-606-6843,대전광역시 중구청,2022-09-16
안영동088,1,대전광역시 중구 뿌리공원로7번길33,대전광역시 중구 안영동689-2,36.28742218,127.3801041,,한전주,042-606-6843,대전광역시 중구청,2022-09-16
안영동089,1,대전광역시 중구 대둔산로184번길27,대전광역시 중구 안영동695-1,36.28615952,127.3796692,,한전주,042-606-6843,대전광역시 중구청,2022-09-16
안영동090,1,,대전광역시 중구 안영동700-4,36.28579712,127.3803024,,한전주,042-606-6843,대전광역시 중구청,2022-09-16
안영동091,1,,대전광역시 중구 안영동696-13,36.28570938,127.3807678,,전용주,042-606-6843,대전광역시 중구청,2022-09-16
안영동092,1,대전광역시 중구 대둔산로184번길55,대전광역시 중구 안영동696-11,36.28559113,127.3810654,,전용주,042-606-6843,대전광역시 중구청,2022-09-16
안영동093,1,,대전광역시 중구 안영동696-9,36.28547668,127.3813553,,전용주,042-606-6843,대전광역시 중구청,2022-09-16
안영동094,1,대전광역시 중구 대둔산로184번길71,대전광역시 중구 안영동696-7,36.28538513,127.3817139,,전용주,042-606-6843,대전광역시 중구청,2022-09-16
안영동095,1,,대전광역시 중구 안영동698-5,36.28501511,127.3822327,,한전주,042-606-6843,대전광역시 중구청,2022-09-16
안영동096,1,대전광역시 중구 뿌리공원로23번길54,대전광역시 중구 안영동696-6,36.28527832,127.3822861,,한전주,042-606-6843,대전광역시 중구청,2022-09-16
안영동097,1,대전광역시 중구 뿌리공원로23번길46,대전광역시 중구 안영동696-5,36.28563309,127.3823776,,전용주,042-606-6843,대전광역시 중구청,2022-09-16
안영동098,1,대전광역시 중구 뿌리공원로23번길40,대전광역시 중구 안영동696-4,36.2857933,127.3820648,,전용주,042-606-6843,대전광역시 중구청,2022-09-16
안영동099,1,대전광역시 중구 뿌리공원로23번길36,대전광역시 중구 안영동696-2,36.28600311,127.3816833,,전용주,042-606-6843,대전광역시 중구청,2022-09-16
안영동100,1,대전광역시 중구 뿌리공원로23번길22,대전광역시 중구 안영동696-14,36.28613281,127.3813629,,전용주,042-606-6843,대전광역시 중구청,2022-09-16
안영동101,1,대전광역시 중구 뿌리공원로23번길22,대전광역시 중구 안영동696-1,36.28607941,127.3810654,,한전주,042-606-6843,대전광역시 중구청,2022-09-16
안영동102,1,대전광역시 중구 뿌리공원로23번길16,대전광역시 중구 안영동696-16,36.28598785,127.3808975,,한전주,042-606-6843,대전광역시 중구청,2022-09-16
안영동103,1,대전광역시 중구 뿌리공원로23번길10,대전광역시 중구 안영동696-13,36.28587341,127.3806458,,한전주,042-606-6843,대전광역시 중구청,2022-09-16
안영동104,1,,대전광역시 중구 안영동417-5,36.28578568,127.3766174,,한전주,042-606-6843,대전광역시 중구청,2022-09-16
안영동105,1,대전광역시 중구 대둔산로159번길50,대전광역시 중구 안영동437-2,36.28763199,127.3750305,,한전주,042-606-6843,대전광역시 중구청,2022-09-16
안영동106,1,대전광역시 중구 대둔산로159번길60,대전광역시 중구 안영동441-5,36.28811646,127.3747787,,한전주,042-606-6843,대전광역시 중구청,2022-09-16
안영동107,1,대전광역시 중구 대둔산로159번길68,대전광역시 중구 안영동447-2,36.28855515,127.374588,,한전주,042-606-6843,대전광역시 중구청,2022-09-16
안영동108,1,대전광역시 중구 대둔산로159번길11,대전광역시 중구 안영동413-2,36.2858963,127.3758774,,한전주,042-606-6843,대전광역시 중구청,2022-09-16
안영동110,1,대전광역시 중구 대둔산로159번길35,대전광역시 중구 안영동426,36.2867775,127.3746567,,한전주,042-606-6843,대전광역시 중구청,2022-09-16
안영동112,1,대전광역시 중구 대둔산로159번길59,대전광역시 중구 안영동441-6,36.28775024,127.3738327,,한전주,042-606-6843,대전광역시 중구청,2022-09-16
안영동113,1,대전광역시 중구 대둔산로159번길90,대전광역시 중구 안영동516-1,36.2886467,127.3731689,,한전주,042-606-6843,대전광역시 중구청,2022-09-16
안영동114,1,대전광역시 중구 대둔산로159번길91-12,대전광역시 중구 안영동518,36.28878403,127.3726273,,한전주,042-606-6843,대전광역시 중구청,2022-09-16
안영동115,1,대전광역시 중구 대둔산로159번길99,대전광역시 중구 안영동519-4,36.28922653,127.3729782,,한전주,042-606-6843,대전광역시 중구청,2022-09-16
안영동116,1,대전광역시 중구 대둔산로159번길107-4,대전광역시 중구 안영동519-7,36.28931808,127.3726807,,한전주,042-606-6843,대전광역시 중구청,2022-09-16
안영동117,1,대전광역시 중구 대둔산로159번길113,대전광역시 중구 안영동522,36.28946686,127.3724747,,전용주,042-606-6843,대전광역시 중구청,2022-09-16
안영동118,1,대전광역시 중구 대둔산로159번길106-14,대전광역시 중구 안영동520-9,36.28978729,127.3726273,,전용주,042-606-6843,대전광역시 중구청,2022-09-16
안영동119,1,대전광역시 중구 대둔산로159번길106-5,대전광역시 중구 안영동520-4,36.28959274,127.3728561,,한전주,042-606-6843,대전광역시 중구청,2022-09-16
안영동120,1,대전광역시 중구 대둔산로159번길11,대전광역시 중구 안영동416-4,36.28577042,127.3762589,,한전주,042-606-6843,대전광역시 중구청,2022-09-16
안영동121,1,대전광역시 중구 대둔산로159번길18,대전광역시 중구 안영동372-4,36.28560638,127.3759918,,한전주,042-606-6843,대전광역시 중구청,2022-09-16
안영동122,1,대전광역시 중구 대둔산로159번길32,대전광역시 중구 안영동372-3,36.28535461,127.3755493,,한전주,042-606-6843,대전광역시 중구청,2022-09-16
안영동123,1,대전광역시 중구 대둔산로159번길32,대전광역시 중구 안영동401-1,36.28517151,127.3754425,,한전주,042-606-6843,대전광역시 중구청,2022-09-16
안영동124,1,대전광역시 중구 대둔산로159번길46,대전광역시 중구 안영동619-7,36.28458405,127.3752747,,한전주,042-606-6843,대전광역시 중구청,2022-09-16
안영동125,1,대전광역시 중구 대둔산로159번길60,대전광역시 중구 안영동392-7,36.28465652,127.3744965,,한전주,042-606-6843,대전광역시 중구청,2022-09-16
안영동126,1,,대전광역시 중구 안영동395-1,36.28479767,127.3739166,,한전주,042-606-6843,대전광역시 중구청,2022-09-16
안영동127,1,,대전광역시 중구 안영동561-2,36.28513336,127.3728638,,한전주,042-606-6843,대전광역시 중구청,2022-09-16
안영동128,1,,대전광역시 중구 안영동553,36.28534698,127.3722763,,한전주,042-606-6843,대전광역시 중구청,2022-09-16
안영동129,1,대전광역시 중구 대둔산로159번길125,대전광역시 중구 안영동548,36.28627396,127.3717194,,한전주,042-606-6843,대전광역시 중구청,2022-09-16
안영동130,1,대전광역시 중구 대둔산로137번길67,대전광역시 중구 안영동570-2,36.2845192,127.3724594,,한전주,042-606-6843,대전광역시 중구청,2022-09-16
안영동131,1,대전광역시 중구 대둔산로137번길17,대전광역시 중구 안영동377-1,36.28368378,127.3752365,,한전주,042-606-6843,대전광역시 중구청,2022-09-16
안영동132,1,대전광역시 중구 대둔산로17,대전광역시 중구 안영동243-1,36.28343582,127.3751526,,한전주,042-606-6843,대전광역시 중구청,2022-09-16
안영동133,1,대전광역시 중구 대둔산로137번길25-16,대전광역시 중구 안영동384-3,36.28338242,127.3740158,,한전주,042-606-6843,대전광역시 중구청,2022-09-16
안영동134,1,대전광역시 중구 대둔산로137번길25-21,대전광역시 중구 안영동382,36.28335571,127.3737564,,한전주,042-606-6843,대전광역시 중구청,2022-09-16
안영동135,1,대전광역시 중구 대둔산로137번길25-25,대전광역시 중구 안영동588,36.28333664,127.3734131,,한전주,042-606-6843,대전광역시 중구청,2022-09-16
안영동136,1,대전광역시 중구 대둔산로125,대전광역시 중구 안영동243-11,36.2826767,127.3756561,,한전주,042-606-6843,대전광역시 중구청,2022-09-16
안영동137,1,,대전광역시 중구 안영동247-3,36.28196335,127.3753815,,한전주,042-606-6843,대전광역시 중구청,2022-09-16
안영동138,1,대전광역시 중구 대둔산로119-36,대전광역시 중구 안영동240-2,36.28201675,127.3752136,,한전주,042-606-6843,대전광역시 중구청,2022-09-16
안영동139,1,,대전광역시 중구 안영동232,36.28170013,127.3748169,,한전주,042-606-6843,대전광역시 중구청,2022-09-16
안영동140,1,,대전광역시 중구 안영동산 32-2,36.27284622,127.3773041,,한전주,042-606-6843,대전광역시 중구청,2022-09-16
안영동141,1,,대전광역시 중구 안영동167-1,36.2727356,127.3781815,,한전주,042-606-6843,대전광역시 중구청,2022-09-16
안영동142,1,,대전광역시 중구 안영동167-1,36.27249908,127.3785858,,한전주,042-606-6843,대전광역시 중구청,2022-09-16
안영동143,1,,대전광역시 중구 안영동산 31-2,36.27191925,127.3790665,,한전주,042-606-6843,대전광역시 중구청,2022-09-16
안영동144,1,대전광역시 중구 복수로1572,대전광역시 중구 안영동산 31-2,36.27161407,127.379097,,한전주,042-606-6843,대전광역시 중구청,2022-09-16
안영동145,1,대전광역시 중구 복수로1568,대전광역시 중구 안영동산 30-10,36.27114868,127.3789291,,한전주,042-606-6843,대전광역시 중구청,2022-09-16
안영동146,1,,대전광역시 중구 안영동166-9,36.27366257,127.3773346,,한전주,042-606-6843,대전광역시 중구청,2022-09-16
안영동147,1,,대전광역시 중구 안영동166-9,36.27365112,127.3778152,,전용주,042-606-6843,대전광역시 중구청,2022-09-16
안영동148,1,대전광역시 중구 대둔산로31번길61,대전광역시 중구 안영동634,36.27365494,127.3788071,,한전주,042-606-6843,대전광역시 중구청,2022-09-16
안영동149,1,대전광역시 중구 대둔산로31번길78-1,대전광역시 중구 안영동152,36.27373505,127.3797661,,한전주,042-606-6843,대전광역시 중구청,2022-09-16
안영동150,1,대전광역시 중구 대둔산로31번길78-10,대전광역시 중구 안영동154,36.27339935,127.3797607,,한전주,042-606-6843,대전광역시 중구청,2022-09-16
안영동151,1,대전광역시 중구 대둔산로31번길90-15,대전광역시 중구 안영동145-6,36.27381134,127.3806076,,한전주,042-606-6843,대전광역시 중구청,2022-09-16
안영동152,1,대전광역시 중구 대둔산로31번길91,대전광역시 중구 안영동산 30-18,36.27438736,127.3802414,,한전주,042-606-6843,대전광역시 중구청,2022-09-16
안영동153,1,대전광역시 중구 대둔산로31번길108,대전광역시 중구 안영동134,36.27445221,127.3806915,,한전주,042-606-6843,대전광역시 중구청,2022-09-16
안영동154,1,대전광역시 중구 대둔산로31번길104-14,대전광역시 중구 안영동133-2,36.27409744,127.3814087,,한전주,042-606-6843,대전광역시 중구청,2022-09-16
안영동155,1,대전광역시 중구 대둔산로31번길118,대전광역시 중구 안영동136-1,36.2750206,127.3812256,,한전주,042-606-6843,대전광역시 중구청,2022-09-16
안영동156,1,,대전광역시 중구 안영동124-1,36.2753334,127.3813553,,한전주,042-606-6843,대전광역시 중구청,2022-09-16
안영동157,1,대전광역시 중구 대둔산로31번길132-8,대전광역시 중구 안영동120-2,36.27571106,127.3812637,,한전주,042-606-6843,대전광역시 중구청,2022-09-16
안영동158,1,대전광역시 중구 대둔산로31번길132-16,대전광역시 중구 안영동119-3,36.27578735,127.3808517,,한전주,042-606-6843,대전광역시 중구청,2022-09-16
안영동159,1,대전광역시 중구 대둔산로31번길142,대전광역시 중구 안영동121,36.27536011,127.3806839,,한전주,042-606-6843,대전광역시 중구청,2022-09-16
안영동160,1,대전광역시 중구 대둔산로128번길80,대전광역시 중구 안영동114,36.28224945,127.379776,,한전주,042-606-6843,대전광역시 중구청,2022-09-16
안영동161,1,대전광역시 중구 대둔산로128번길120-33,대전광역시 중구 안영동93-2,36.28057861,127.3822937,,한전주,042-606-6843,대전광역시 중구청,2022-09-16
안영동162,1,대전광역시 중구 대둔산로128번길120-26,대전광역시 중구 안영동93-6,36.28115845,127.3822174,,한전주,042-606-6843,대전광역시 중구청,2022-09-16
안영동163,1,,대전광역시 중구 안영동93-2,36.28144455,127.3816833,,한전주,042-606-6843,대전광역시 중구청,2022-09-16
안영동164,1,대전광역시 중구 대둔산로128번길122,대전광역시 중구 안영동90,36.2816391,127.3814774,,한전주,042-606-6843,대전광역시 중구청,2022-09-16
안영동165,1,대전광역시 중구 대둔산로128번길124,대전광역시 중구 안영동90,36.28189468,127.381218,,한전주,042-606-6843,대전광역시 중구청,2022-09-16
안영동166,1,,대전광역시 중구 안영동90-2,36.28207016,127.3808289,,한전주,042-606-6843,대전광역시 중구청,2022-09-16
안영동167,1,대전광역시 중구 대둔산로128번길138,대전광역시 중구 안영동89-5,36.28237915,127.3810501,,한전주,042-606-6843,대전광역시 중구청,2022-09-16
안영동168,1,,대전광역시 중구 안영동85,36.28255463,127.380394,,한전주,042-606-6843,대전광역시 중구청,2022-09-16
안영동169,1,대전광역시 중구 대둔산로128번길160,대전광역시 중구 안영동81,36.2831192,127.3800278,,한전주,042-606-6843,대전광역시 중구청,2022-09-16
안영동170,1,대전광역시 중구 대둔산로128번길190,대전광역시 중구 안영동산 11,36.28445053,127.3800201,,한전주,042-606-6843,대전광역시 중구청,2022-09-16
안영동171,1,,대전광역시 중구 안영동328-4,36.28483582,127.3789597,,한전주,042-606-6843,대전광역시 중구청,2022-09-16
안영동172,1,,대전광역시 중구 안영동330-1,36.2850647,127.3783798,,한전주,042-606-6843,대전광역시 중구청,2022-09-16
안영동173,1,,대전광역시 중구 안영동334-2,36.2851275576,127.3776662980,,한전주,042-606-6843,대전광역시 중구청,2022-09-16
안영동174,1,,대전광역시 중구 안영동653-3,36.29082608,127.3808261,,전용주,042-606-6843,대전광역시 중구청,2022-09-16
안영동175,1,,대전광역시 중구 안영동429-3,36.28654983,127.3758826,,한전주,042-606-6843,대전광역시 중구청,2022-09-16
안영동176,1,,대전광역시 중구 안영동617-1,36.28941502,127.3746301,,한전주,042-606-6843,대전광역시 중구청,2022-09-16
안영동177,1,,대전광역시 중구 안영동708,36.28804928,127.3811855,,전용주,042-606-6843,대전광역시 중구청,2022-09-16
안영동178,1,,대전광역시 중구 안영동708,36.28682922,127.3794403,,한전주,042-606-6843,대전광역시 중구청,2022-09-16
안영동179,1,,대전광역시 중구 안영동694,36.28648757,127.3791882,,한전주,042-606-6843,대전광역시 중구청,2022-09-16
안영동180,1,,대전광역시 중구 안영동695-5,36.28606174,127.3799041,,전용주,042-606-6843,대전광역시 중구청,2022-09-16
안영동181,1,,대전광역시 중구 안영동707,36.28898808,127.3792755,,한전주,042-606-6843,대전광역시 중구청,2022-09-16
안영동182,1,,대전광역시 중구 안영동685-8,36.2879157,127.380684,,한전주,042-606-6843,대전광역시 중구청,2022-09-16
안영동183,1,,대전광역시 중구 안영동166-9,36.27394024,127.3772328,,전용주,042-606-6843,대전광역시 중구청,2022-09-16
어남동001,1,,대전광역시 중구 어남동216-1,36.23680878,127.4063263,,한전주,042-606-6843,대전광역시 중구청,2022-09-16
어남동002,1,,대전광역시 중구 어남동220,36.23451233,127.4075317,,한전주,042-606-6843,대전광역시 중구청,2022-09-16
어남동003,1,,대전광역시 중구 어남동382,36.23330307,127.4072647,,한전주,042-606-6843,대전광역시 중구청,2022-09-16
어남동004,1,,대전광역시 중구 어남동229-2,36.23288727,127.4075699,,한전주,042-606-6843,대전광역시 중구청,2022-09-16
어남동005,1,,대전광역시 중구 어남동273,36.2322464,127.4074478,,한전주,042-606-6843,대전광역시 중구청,2022-09-16
어남동006,1,대전광역시 중구 단재로214-12,대전광역시 중구 어남동363,36.23194885,127.4067917,,한전주,042-606-6843,대전광역시 중구청,2022-09-16
어남동007,1,대전광역시 중구 단재로216,대전광역시 중구 어남동228,36.23265076,127.4078369,,한전주,042-606-6843,대전광역시 중구청,2022-09-16
어남동008,1,대전광역시 중구 단재로299번길1,대전광역시 중구 어남동263-4,36.23186493,127.408493,,한전주,042-606-6843,대전광역시 중구청,2022-09-16
어남동009,1,대전광역시 중구 단재로226-5,대전광역시 중구 어남동268,36.23187256,127.4080048,,한전주,042-606-6843,대전광역시 중구청,2022-09-16
어남동010,1,,대전광역시 중구 어남동246-10,36.23178101,127.4094849,,한전주,042-606-6843,대전광역시 중구청,2022-09-16
어남동011,1,대전광역시 중구 단재로229번길27,대전광역시 중구 어남동246-7,36.23207474,127.4101257,,한전주,042-606-6843,대전광역시 중구청,2022-09-16
어남동012,1,대전광역시 중구 단재로229번길38,대전광역시 중구 어남동245-3,36.23208237,127.4106522,,한전주,042-606-6843,대전광역시 중구청,2022-09-16
어남동013,1,,대전광역시 중구 어남동245-1,36.2322368422,127.4106338490,,한전주,042-606-6843,대전광역시 중구청,2022-09-16
어남동014,1,,대전광역시 중구 어남동244,36.23221588,127.411026,,한전주,042-606-6843,대전광역시 중구청,2022-09-16
어남동015,1,대전광역시 중구 단재로229번길1,대전광역시 중구 어남동262-1,36.23162079,127.4088287,,한전주,042-606-6843,대전광역시 중구청,2022-09-16
어남동016,1,대전광역시 중구 단재로236,대전광역시 중구 어남동261-3,36.23139191,127.4093475,,한전주,042-606-6843,대전광역시 중구청,2022-09-16
어남동017,1,,대전광역시 중구 어남동256-1,36.22971344,127.4119034,,한전주,042-606-6843,대전광역시 중구청,2022-09-16
어남동018,1,,대전광역시 중구 어남동256-3,36.22923279,127.4122849,,한전주,042-606-6843,대전광역시 중구청,2022-09-16
어남동019,1,대전광역시 중구 단재로289,대전광역시 중구 어남동196-1,36.22794342,127.413681,,한전주,042-606-6843,대전광역시 중구청,2022-09-16
어남동020,1,,대전광역시 중구 어남동190-7,36.22483444,127.4152069,,한전주,042-606-6843,대전광역시 중구청,2022-09-16
어남동021,1,,대전광역시 중구 어남동179,36.22387695,127.4152222,,한전주,042-606-6843,대전광역시 중구청,2022-09-16
어남동022,1,대전광역시 중구 단재로349,대전광역시 중구 어남동179-3,36.22351837,127.4158325,,한전주,042-606-6843,대전광역시 중구청,2022-09-16
어남동023,1,,대전광역시 중구 어남동346,36.22187042,127.4169769,,한전주,042-606-6843,대전광역시 중구청,2022-09-16
어남동024,1,대전광역시 중구 단재로365-16,대전광역시 중구 어남동165-2,36.22201538,127.4172668,,한전주,042-606-6843,대전광역시 중구청,2022-09-16
어남동025,1,대전광역시 중구 단재로365-23,대전광역시 중구 어남동174-1,36.22231674,127.417244,,한전주,042-606-6843,대전광역시 중구청,2022-09-16
어남동026,1,대전광역시 중구 단재로365-36,대전광역시 중구 어남동169-3,36.22171021,127.4175873,,한전주,042-606-6843,대전광역시 중구청,2022-09-16
어남동027,1,,대전광역시 중구 어남동165-1,36.22102356,127.4175873,,한전주,042-606-6843,대전광역시 중구청,2022-09-16
어남동028,1,대전광역시 중구 단재로378-10,대전광역시 중구 어남동141-1,36.22073746,127.4168854,,한전주,042-606-6843,대전광역시 중구청,2022-09-16
어남동029,1,대전광역시 중구 단재로387-6,대전광역시 중구 어남동158-2,36.21989059,127.4176788,,한전주,042-606-6843,대전광역시 중구청,2022-09-16
어남동030,1,,대전광역시 중구 어남동151,36.21855545,127.4173584,,한전주,042-606-6843,대전광역시 중구청,2022-09-16
어남동031,1,,대전광역시 중구 어남동49,36.21801758,127.4175491,,한전주,042-606-6843,대전광역시 중구청,2022-09-16
어남동032,1,대전광역시 중구 단재로410-32,대전광역시 중구 어남동54-1,36.21769714,127.4159317,,한전주,042-606-6843,대전광역시 중구청,2022-09-16
어남동033,1,,대전광역시 중구 어남동46,36.21656036,127.4173889,,한전주,042-606-6843,대전광역시 중구청,2022-09-16
어남동034,1,대전광역시 중구 단재로426-29,대전광역시 중구 어남동44-3,36.21600723,127.4162598,,한전주,042-606-6843,대전광역시 중구청,2022-09-16
어남동035,1,대전광역시 중구 단재로482-15,대전광역시 중구 어남동76,36.21398544,127.4135513,,한전주,042-606-6843,대전광역시 중구청,2022-09-16
어남동036,1,대전광역시 중구 단재로482-19,대전광역시 중구 어남동73,36.21424484,127.4131851,,한전주,042-606-6843,대전광역시 중구청,2022-09-16
어남동037,1,대전광역시 중구 단재로480,대전광역시 중구 어남동354,36.21361923,127.4132767,,한전주,042-606-6843,대전광역시 중구청,2022-09-16
어남동038,1,대전광역시 중구 단재로490-6,대전광역시 중구 어남동101-1,36.21294785,127.4124298,,한전주,042-606-6843,대전광역시 중구청,2022-09-16
어남동039,1,대전광역시 중구 단재로490-15,대전광역시 중구 어남동101-3,36.21295547,127.4119415,,한전주,042-606-6843,대전광역시 중구청,2022-09-16
어남동040,1,대전광역시 중구 단재로488-18,대전광역시 중구 어남동102,36.21334839,127.4119034,,한전주,042-606-6843,대전광역시 중구청,2022-09-16
어남동041,1,,대전광역시 중구 어남동373,36.21382523,127.4121017,,한전주,042-606-6843,대전광역시 중구청,2022-09-16
어남동042,1,,대전광역시 중구 어남동77,36.21391296,127.4141541,,한전주,042-606-6843,대전광역시 중구청,2022-09-16
어남동043,1,,대전광역시 중구 어남동37-2,36.21482468,127.4161911,,한전주,042-606-6843,대전광역시 중구청,2022-09-16
어남동044,1,대전광역시 중구 단재로445,대전광역시 중구 어남동34-1,36.21514511,127.4167633,,한전주,042-606-6843,대전광역시 중구청,2022-09-16
어남동045,1,,대전광역시 중구 어남동242,36.23212433,127.4114685,,한전주,042-606-6843,대전광역시 중구청,2022-09-16
어남동046,1,,대전광역시 중구 어남동30-2,36.21785419,127.4186913,,전용주,042-606-6843,대전광역시 중구청,2022-09-16
어남동047,1,,대전광역시 중구 어남동191-1,36.22615625,127.4148621,,한전주,042-606-6843,대전광역시 중구청,2022-09-16
어남동048,1,,대전광역시 중구 어남동277,36.23146771,127.4073039,,한전주,042-606-6843,대전광역시 중구청,2022-09-16
어남동049,1,,대전광역시 중구 어남동216,36.23609903,127.4068802,,한전주,042-606-6843,대전광역시 중구청,2022-09-16
오류동,1,,대전광역시 중구 오류동153-36,36.32265518,127.4096349,,전용주,042-606-6843,대전광역시 중구청,2022-09-16
오류동001,1,대전광역시 중구 동서대로1278,대전광역시 중구 오류동183-16,36.32712173,127.4016342,,한전주,042-606-6843,대전광역시 중구청,2022-09-16
오류동002,1,,대전광역시 중구 오류동183-87,36.32681656,127.401741,,한전주,042-606-6843,대전광역시 중구청,2022-09-16
오류동003,1,대전광역시 중구 동서대로1278번길23,대전광역시 중구 오류동183-63,36.32647324,127.4018631,,한전주,042-606-6843,대전광역시 중구청,2022-09-16
오류동004,1,대전광역시 중구 동서대로1278번길31,대전광역시 중구 오류동183-61,36.32619095,127.4019699,,건축물,042-606-6843,대전광역시 중구청,2022-09-16
오류동005,1,대전광역시 중구 오류로71-6,대전광역시 중구 오류동183-21,36.32669067,127.4027252,,한전주,042-606-6843,대전광역시 중구청,2022-09-16
오류동006,1,대전광역시 중구 오류로75-5,대전광역시 중구 오류동183-39,36.32703018,127.402626,,한전주,042-606-6843,대전광역시 중구청,2022-09-16
오류동007,1,대전광역시 중구 오류로75-5,대전광역시 중구 오류동183-55,36.3271904,127.4024277,,건축물,042-606-6843,대전광역시 중구청,2022-09-16
오류동008,1,대전광역시 중구 오류로63,대전광역시 중구 오류동183-9,36.32617188,127.4030533,,한전주,042-606-6843,대전광역시 중구청,2022-09-16
오류동009,1,대전광역시 중구 오류로61-14,대전광역시 중구 오류동183-7,36.32605743,127.4025879,,한전주,042-606-6843,대전광역시 중구청,2022-09-16
오류동010,1,대전광역시 중구 계룡로816번길82,대전광역시 중구 오류동183-36,36.32599258,127.4023361,,한전주,042-606-6843,대전광역시 중구청,2022-09-16
오류동011,1,대전광역시 중구 동서대로1278번길33,대전광역시 중구 오류동183-12,36.32593155,127.4020996,,한전주,042-606-6843,대전광역시 중구청,2022-09-16
오류동012,1,대전광역시 중구 오류로61-14,대전광역시 중구 오류동182-17,36.32567215,127.4022064,,전용주,042-606-6843,대전광역시 중구청,2022-09-16
오류동013,1,대전광역시 중구 오류로61-14,대전광역시 중구 오류동181-1,36.32553101,127.4022827,,전용주,042-606-6843,대전광역시 중구청,2022-09-16
오류동014,1,대전광역시 중구 오류로61-14,대전광역시 중구 오류동199-4,36.32564545,127.402771,,한전주,042-606-6843,대전광역시 중구청,2022-09-16
오류동015,1,대전광역시 중구 오류로57-9,대전광역시 중구 오류동180-22,36.32537842,127.4030228,,한전주,042-606-6843,대전광역시 중구청,2022-09-16
오류동016,1,대전광역시 중구 오류로57-17,대전광역시 중구 오류동180-26,36.32529831,127.4026526,,한전주,042-606-6843,대전광역시 중구청,2022-09-16
오류동017,1,대전광역시 중구 오류로57-18,대전광역시 중구 오류동199-8,36.32525253,127.4023819,,전용주,042-606-6843,대전광역시 중구청,2022-09-16
오류동018,1,대전광역시 중구 오류로53-16,대전광역시 중구 오류동180-45,36.32505798,127.4026413,,건축물,042-606-6843,대전광역시 중구청,2022-09-16
오류동019,1,대전광역시 중구 오류로45번길29,대전광역시 중구 오류동180-47,36.32479477,127.4027481,,건축물,042-606-6843,대전광역시 중구청,2022-09-16
오류동020,1,대전광역시 중구 오루로45번길18,대전광역시 중구 오류동106-5,36.32446671,127.4027786,,전용주,042-606-6843,대전광역시 중구청,2022-09-16
오류동021,1,대전광역시 중구 오류로45번길10,대전광역시 중구 오류동180-39,36.324646,127.4033966,,한전주,042-606-6843,대전광역시 중구청,2022-09-16
오류동022,1,대전광역시 중구 오류로45번길2,대전광역시 중구 오류동180-24,36.32462692,127.4037933,,한전주,042-606-6843,대전광역시 중구청,2022-09-16
오류동023,1,대전광역시 중구 오류로53,대전광역시 중구 오류동180-7,36.32515335,127.403488,,한전주,042-606-6843,대전광역시 중구청,2022-09-16
오류동024,1,대전광역시 중구 오루로53-16,대전광역시 중구 오류동180-46,36.32494736,127.4026947,,전용주,042-606-6843,대전광역시 중구청,2022-09-16
오류동025,1,대전광역시 중구 오류로17-10,대전광역시 중구 오류동170-30,36.32187271,127.4043121,,한전주,042-606-6843,대전광역시 중구청,2022-09-16
오류동026,1,대전광역시 중구 오루로17-14,대전광역시 중구 오류동170-28,36.32190704,127.4040833,,전용주,042-606-6843,대전광역시 중구청,2022-09-16
오류동027,1,,대전광역시 중구 오류동169-23,36.32145691,127.4041672,,한전주,042-606-6843,대전광역시 중구청,2022-09-16
오류동028,1,대전광역시 중구 오류로5,대전광역시 중구 오류동169-23,36.32141876,127.4042435,,한전주,042-606-6843,대전광역시 중구청,2022-09-16
오류동029,1,대전광역시 중구 오류로11-1,대전광역시 중구 오류동169-1,36.3216095,127.4048996,,한전주,042-606-6843,대전광역시 중구청,2022-09-16
오류동030,1,,대전광역시 중구 오류동169-22,36.32107544,127.404213,,한전주,042-606-6843,대전광역시 중구청,2022-09-16
오류동031,1,,대전광역시 중구 오류동169-21,36.32075119,127.4041901,,한전주,042-606-6843,대전광역시 중구청,2022-09-16
오류동032,1,대전광역시 중구 계백로1659번길7,대전광역시 중구 오류동169-24,36.32040405,127.4041519,,한전주,042-606-6843,대전광역시 중구청,2022-09-16
오류동033,1,대전광역시 중구 계룡로882번길112,대전광역시 중구 오류동168-7,36.32126236,127.4058533,,한전주,042-606-6843,대전광역시 중구청,2022-09-16
오류동034,1,대전광역시 중구 계백로1683,대전광역시 중구 오류동314-3,36.32107925,127.4066086,,한전주,042-606-6843,대전광역시 중구청,2022-09-16
오류동035,1,대전광역시 중구 계백로1685번길15,대전광역시 중구 오류동315-9,36.3214798,127.4064255,,한전주,042-606-6843,대전광역시 중구청,2022-09-16
오류동036,1,대전광역시 중구 계백로1701-7,대전광역시 중구 오류동315-7,36.32161713,127.4084549,,전용주,042-606-6843,대전광역시 중구청,2022-09-16
오류동037,1,대전광역시 중구 계백로882번길59,대전광역시 중구 오류동194,36.32191849,127.4083786,,전용주,042-606-6843,대전광역시 중구청,2022-09-16
오류동038,1,대전광역시 중구 계백로882번길49,대전광역시 중구 오류동194,36.32210159,127.4088135,,전용주,042-606-6843,대전광역시 중구청,2022-09-16
오류동039,1,대전광역시 중구 계룡로882번길50,대전광역시 중구 오류동158-14,36.32222366,127.4090042,,건축물,042-606-6843,대전광역시 중구청,2022-09-16
오류동040,1,대전광역시 중구 계룡로882번길44,대전광역시 중구 오류동319-27,36.32230759,127.4093323,,건축물,042-606-6843,대전광역시 중구청,2022-09-16
오류동041,1,대전광역시 중구 계백로1727,대전광역시 중구 오류동323-10,36.32234955,127.4108963,,전용주,042-606-6843,대전광역시 중구청,2022-09-16
오류동042,1,대전광역시 중구 계룡로882번길17,대전광역시 중구 오류동323-16,36.32252121,127.4108276,,전용주,042-606-6843,대전광역시 중구청,2022-09-16
오류동043,1,대전광역시 중구 계룡로882번길14,대전광역시 중구 오류동332-16,36.32276154,127.4109421,,건축물,042-606-6843,대전광역시 중구청,2022-09-16
오류동044,1,대전광역시 중구 계룡로884번길48,대전광역시 중구 오류동155-7,36.32232121,127.409132,,건축물,042-606-6843,대전광역시 중구청,2022-09-16
오류동045,1,대전광역시 중구 계백로1697-9,대전광역시 중구 오류동311-38,36.32171934,127.4079094,,전용주,042-606-6843,대전광역시 중구청,2022-09-16
오류동046,1,대전광역시 중구 계룡로674번길10,대전광역시 중구 오류동149-21,36.32344437,127.410553,,전용주,042-606-6843,대전광역시 중구청,2022-09-16
오류동048,1,대전광역시 중구 계룡로1691-10,대전광역시 중구 오류동165-5,36.32154337,127.4073211,,전용주,042-606-6843,대전광역시 중구청,2022-09-16
오류동049,1,대전광역시 중구 계룡로874번길18,대전광역시 중구 오류동149-39,36.32332993,127.4101563,,건축물,042-606-6843,대전광역시 중구청,2022-09-16
오류동050,1,대전광역시 중구 계룡로860-19,대전광역시 중구 오류동149-31,36.32340622,127.4102325,,전용주,042-606-6843,대전광역시 중구청,2022-09-16
오류동051,1,대전광역시 중구 계룡로860-9,대전광역시 중구 오류동149-4,36.32373047,127.4101486,,건축물,042-606-6843,대전광역시 중구청,2022-09-16
오류동053,1,대전광역시 중구 계룡로874번길21,대전광역시 중구 오류동153-18,36.3229599,127.4099808,,건축물,042-606-6843,대전광역시 중구청,2022-09-16
오류동054,1,대전광역시 중구 계룡로882번길30-6,대전광역시 중구 오류동153-16,36.3227272,127.4100723,,전용주,042-606-6843,대전광역시 중구청,2022-09-16
오류동055,1,대전광역시 중구 계룡로874번길25,대전광역시 중구 오류동153-23,36.32288361,127.4097672,,건축물,042-606-6843,대전광역시 중구청,2022-09-16
오류동058,1,대전광역시 중구 계룡로874번길27-10,대전광역시 중구 오류동153-34,36.3226738,127.4097672,,건축물,042-606-6843,대전광역시 중구청,2022-09-16
오류동060,1,대전광역시 중구 계룡로874번길43,대전광역시 중구 오류동158-1,36.32262802,127.4089279,,건축물,042-606-6843,대전광역시 중구청,2022-09-16
오류동062,1,대전광역시 중구 계백로1705-38,대전광역시 중구 오류동158-7,36.32249832,127.4085846,,전용주,042-606-6843,대전광역시 중구청,2022-09-16
오류동063,1,대전광역시 중구 계룡로882번길56,대전광역시 중구 오류동158-16,36.32220459,127.4087296,,건축물,042-606-6843,대전광역시 중구청,2022-09-16
오류동064,1,대전광역시 중구 계백로1705-34,대전광역시 중구 오류동158-9,36.32242203,127.4087677,,전용주,042-606-6843,대전광역시 중구청,2022-09-16
오류동066,1,대전광역시 중구 계룡로882번길62,대전광역시 중구 오류동159-10,36.32210922,127.4083023,,전용주,042-606-6843,대전광역시 중구청,2022-09-16
오류동067,1,대전광역시 중구 계룡로874번길59,대전광역시 중구 오류동162-1,36.32237244,127.4081039,,건축물,042-606-6843,대전광역시 중구청,2022-09-16
오류동073,1,대전광역시 중구 계백로1691-21,대전광역시 중구 오류동194,36.32199097,127.4071426,,전용주,042-606-6843,대전광역시 중구청,2022-09-16
오류동075,1,대전광역시 중구 계룡로874번길83,대전광역시 중구 오류동166-5,36.32197571,127.4068146,,전용주,042-606-6843,대전광역시 중구청,2022-09-16
오류동076,1,대전광역시 중구 계룡로874번길83-9,대전광역시 중구 오류동166-26,36.32184982,127.4068756,,전용주,042-606-6843,대전광역시 중구청,2022-09-16
오류동079,1,대전광역시 중구 계백로1685번길17,대전광역시 중구 오류동167-5,36.32169724,127.4062653,,한전주,042-606-6843,대전광역시 중구청,2022-09-16
오류동080,1,대전광역시 중구 계룡로874번길97,대전광역시 중구 오류동167-1,36.32183456,127.4061356,,한전주,042-606-6843,대전광역시 중구청,2022-09-16
오류동082,1,대전광역시 중구 오류로10-8,대전광역시 중구 오류동167-12,36.32151413,127.4057388,,한전주,042-606-6843,대전광역시 중구청,2022-09-16
오류동085,1,대전광역시 중구 계백로1685번길55,대전광역시 중구 오류동171-1,36.32307434,127.4050217,,한전주,042-606-6843,대전광역시 중구청,2022-09-16
오류동086,1,대전광역시 중구 계룡로830번길54,대전광역시 중구 오류동179-14,36.3251915,127.4038849,,한전주,042-606-6843,대전광역시 중구청,2022-09-16
오류동087,1,대전광역시 중구 계룡로830번길66,대전광역시 중구 오류동179-24,36.32532883,127.4043655,,한전주,042-606-6843,대전광역시 중구청,2022-09-16
오류동088,1,대전광역시 중구 계룡로830번길56,대전광역시 중구 오류동178-41,36.32543182,127.4047318,,한전주,042-606-6843,대전광역시 중구청,2022-09-16
오류동089,1,대전광역시 중구 계룡로830번길54-3,대전광역시 중구 오류동178-11,36.32584381,127.4048233,,한전주,042-606-6843,대전광역시 중구청,2022-09-16
오류동090,1,대전광역시 중구 계룡로830번길50,대전광역시 중구 오류동178-10,36.32552719,127.4051361,,한전주,042-606-6843,대전광역시 중구청,2022-09-16
오류동091,1,대전광역시 중구 계룡로830번길38,대전광역시 중구 오류동177-14,36.32567978,127.4056625,,한전주,042-606-6843,대전광역시 중구청,2022-09-16
오류동092,1,,대전광역시 중구 오류동177-36,36.32577133,127.4059753,,한전주,042-606-6843,대전광역시 중구청,2022-09-16
오류동093,1,,대전광역시 중구 오류동177-31,36.32592773,127.4064941,,한전주,042-606-6843,대전광역시 중구청,2022-09-16
오류동094,1,대전광역시 중구 계룡로830번길16,대전광역시 중구 오류동177-10,36.32610703,127.407074,,한전주,042-606-6843,대전광역시 중구청,2022-09-16
오류동095,1,대전광역시 중구 동서대로1304번길60,대전광역시 중구 오류동177-10,36.32625961,127.4068756,,한전주,042-606-6843,대전광역시 중구청,2022-09-16
오류동096,1,대전광역시 중구 동서대로1304번길52,대전광역시 중구 오류동177-22,36.32654572,127.406517,,한전주,042-606-6843,대전광역시 중구청,2022-09-16
오류동097,1,대전광역시 중구 동서대로1304번길43,대전광역시 중구 오류동176-3,36.3269043,127.4061584,,한전주,042-606-6843,대전광역시 중구청,2022-09-16
오류동098,1,대전광역시 중구 계룡로816번길11,대전광역시 중구 오류동177-1,36.32692719,127.4059906,,한전주,042-606-6843,대전광역시 중구청,2022-09-16
오류동099,1,대전광역시 중구 계룡로816번길25,대전광역시 중구 오류동177-4,36.32677078,127.4054337,,한전주,042-606-6843,대전광역시 중구청,2022-09-16
오류동100,1,대전광역시 중구 계룡로830번길42-19,대전광역시 중구 오류동178-2,36.32647324,127.4051297,,한전주,042-606-6843,대전광역시 중구청,2022-09-16
오류동101,1,대전광역시 중구 계룡로830번길42-9,대전광역시 중구 오류동178-48,36.32611465,127.4054489,,한전주,042-606-6843,대전광역시 중구청,2022-09-16
오류동102,1,대전광역시 중구 계룡로830번길42-5,대전광역시 중구 오류동177-14,36.32590866,127.4055252,,한전주,042-606-6843,대전광역시 중구청,2022-09-16
오류동103,1,대전광역시 중구 계룡로816번길32-4,대전광역시 중구 오류동178-35,36.3266716,127.4049988,,한전주,042-606-6843,대전광역시 중구청,2022-09-16
오류동104,1,대전광역시 중구 계룡로816번길32-27,대전광역시 중구 오류동186-10,36.32701492,127.4049377,,한전주,042-606-6843,대전광역시 중구청,2022-09-16
오류동105,1,대전광역시 중구 계룡로816번길32-35,대전광역시 중구 오류동186-13,36.32707214,127.4053726,,한전주,042-606-6843,대전광역시 중구청,2022-09-16
오류동106,1,대전광역시 중구 계룡로816번길35,대전광역시 중구 오류동178-1,36.32657623,127.4046707,,한전주,042-606-6843,대전광역시 중구청,2022-09-16
오류동107,1,대전광역시 중구 계룡로816번길41-3,대전광역시 중구 오류동178-22,36.32651138,127.4043961,,한전주,042-606-6843,대전광역시 중구청,2022-09-16
오류동108,1,대전광역시 중구 계룡로816번길41-5,대전광역시 중구 오류동178-22,36.32638168,127.4044342,,전용주,042-606-6843,대전광역시 중구청,2022-09-16
오류동109,1,대전광역시 중구 계룡로816번길41-11,대전광역시 중구 오류동178-64,36.32611084,127.4045334,,한전주,042-606-6843,대전광역시 중구청,2022-09-16
오류동110,1,대전광역시 중구 계룡로830번안길3,대전광역시 중구 오류동179-23,36.32554245,127.4042587,,한전주,042-606-6843,대전광역시 중구청,2022-09-16
오류동111,1,대전광역시 중구 계룡로830번안길12,대전광역시 중구 오류동178-67,36.32580185,127.4042587,,전용주,042-606-6843,대전광역시 중구청,2022-09-16
오류동112,1,대전광역시 중구 계룡로830번안길15,대전광역시 중구 오류동179-16,36.32600403,127.4040756,,한전주,042-606-6843,대전광역시 중구청,2022-09-16
오류동113,1,대전광역시 중구 계룡로830번안길23,대전광역시 중구 오류동179-1,36.32637405,127.4038696,,한전주,042-606-6843,대전광역시 중구청,2022-09-16
오류동114,1,대전광역시 중구 오류로66,대전광역시 중구 오류동179-2,36.32629013,127.4034958,,한전주,042-606-6843,대전광역시 중구청,2022-09-16
오류동115,1,대전광역시 중구 오류로74번길6,대전광역시 중구 오류동185-14,36.32690048,127.4033279,,전용주,042-606-6843,대전광역시 중구청,2022-09-16
오류동116,1,대전광역시 중구 오류로74번길10,대전광역시 중구 오류동185-11,36.32699203,127.4037018,,한전주,042-606-6843,대전광역시 중구청,2022-09-16
오류동117,1,대전광역시 중구 오류로74번길11-3,대전광역시 중구 오류동184-55,36.3273468,127.4036255,,한전주,042-606-6843,대전광역시 중구청,2022-09-16
오류동118,1,대전광역시 중구 오류로74번길17,대전광역시 중구 오류동186-7,36.32708359,127.4040909,,한전주,042-606-6843,대전광역시 중구청,2022-09-16
오류동119,1,대전광역시 중구 계룡로816번길42-6,대전광역시 중구 오류동186-37,36.32673645,127.404274,,한전주,042-606-6843,대전광역시 중구청,2022-09-16
오류동120,1,대전광역시 중구 오류로74번길21-2,대전광역시 중구 오류동184-38,36.32738876,127.4042206,,전용주,042-606-6843,대전광역시 중구청,2022-09-16
오류동121,1,대전광역시 중구 세류로74번길25-2,대전광역시 중구 오류동184-107,36.32722473,127.4044724,,한전주,042-606-6843,대전광역시 중구청,2022-09-16
오류동122,1,대전광역시 중구 오류로74번길25-9,대전광역시 중구 오류동184-96,36.32745361,127.4043808,,전용주,042-606-6843,대전광역시 중구청,2022-09-16
오류동123,1,대전광역시 중구 오류로74번길25-16,대전광역시 중구 오류동184-112,36.32754517,127.4048843,,한전주,042-606-6843,대전광역시 중구청,2022-09-16
오류동124,1,대전광역시 중구 오류로74번길35,대전광역시 중구 오류동184-112,36.32732773,127.4049225,,한전주,042-606-6843,대전광역시 중구청,2022-09-16
오류동125,1,대전광역시 중구 오류로74번길37,대전광역시 중구 오류동184-21,36.32739258,127.4052048,,한전주,042-606-6843,대전광역시 중구청,2022-09-16
오류동126,1,대전광역시 중구 계룡로814,대전광역시 중구 오류동187-11,36.32708359,127.4059601,,한전주,042-606-6843,대전광역시 중구청,2022-09-16
오류동127,1,대전광역시 중구 계룡로806,대전광역시 중구 오류동186-3,36.32745743,127.4054871,,한전주,042-606-6843,대전광역시 중구청,2022-09-16
오류동128,1,대전광역시 중구 동서대로1304번길12,대전광역시 중구 오류동184-113,36.32778931,127.4049759,,전용주,042-606-6843,대전광역시 중구청,2022-09-16
오류동129,1,대전광역시 중구 동서대로1304,대전광역시 중구 오류동184-74,36.32807159,127.4042053,,한전주,042-606-6843,대전광역시 중구청,2022-09-16
오류동130,1,대전광역시 중구 동서대로1298-7,대전광역시 중구 오류동184-66,36.3277092,127.4038925,,한전주,042-606-6843,대전광역시 중구청,2022-09-16
오류동131,1,대전광역시 중구 동서대로1296-4,대전광역시 중구 오류동184-70,36.32778168,127.4036102,,전용주,042-606-6843,대전광역시 중구청,2022-09-16
오류동132,1,대전광역시 중구 동서대로1277번길4-4,대전광역시 중구 오류동190-81,36.32794189,127.4013367,,한전주,042-606-6843,대전광역시 중구청,2022-09-16
오류동133,1,대전광역시 중구 동서대로1277번길4-2,대전광역시 중구 오류동190-79,36.32801437,127.4016266,,전용주,042-606-6843,대전광역시 중구청,2022-09-16
오류동134,1,대전광역시 중구 동서대로1277번길10-4,대전광역시 중구 오류동190-76,36.32816696,127.4012604,,한전주,042-606-6843,대전광역시 중구청,2022-09-16
오류동135,1,대전광역시 중구 동서대로1277번길10-3,대전광역시 중구 오류동190-77,36.32820892,127.401474,,한전주,042-606-6843,대전광역시 중구청,2022-09-16
오류동136,1,대전광역시 중구 동서대로1277번길16-4,대전광역시 중구 오류동190-67,36.32843781,127.4011612,,한전주,042-606-6843,대전광역시 중구청,2022-09-16
오류동137,1,대전광역시 중구 동서대로1277번길16-3,대전광역시 중구 오류동190-66,36.32847977,127.401413,,한전주,042-606-6843,대전광역시 중구청,2022-09-16
오류동138,1,,대전광역시 중구 오류동190-18,36.32889938,127.4020538,,한전주,042-606-6843,대전광역시 중구청,2022-09-16
오류동139,1,대전광역시 중구 오류로89-7,대전광역시 중구 오류동190-57,36.32819748,127.4019165,,한전주,042-606-6843,대전광역시 중구청,2022-09-16
오류동140,1,대전광역시 중구 오류로97-12,대전광역시 중구 오류동190-49,36.32885742,127.4015656,,한전주,042-606-6843,대전광역시 중구청,2022-09-16
오류동141,1,대전광역시 중구 동서대로1277번길30,대전광역시 중구 오류동190-16,36.3287468,127.4010239,,한전주,042-606-6843,대전광역시 중구청,2022-09-16
오류동142,1,대전광역시 중구 동서대로1277번길30,대전광역시 중구 오류동190-122,36.32891083,127.4009476,,한전주,042-606-6843,대전광역시 중구청,2022-09-16
오류동143,1,대전광역시 중구 동서대로1277번길40,대전광역시 중구 오류동190-119,36.32934189,127.400795,,한전주,042-606-6843,대전광역시 중구청,2022-09-16
오류동144,1,대전광역시 중구 동서대로1277번길44,대전광역시 중구 오류동190-98,36.32963562,127.4006882,,한전주,042-606-6843,대전광역시 중구청,2022-09-16
오류동145,1,대전광역시 중구 동서대로1277번길52-3,대전광역시 중구 오류동190-8,36.33000183,127.4005508,,한전주,042-606-6843,대전광역시 중구청,2022-09-16
오류동146,1,대전광역시 중구 동서대로1277번길58,대전광역시 중구 오류동190-96,36.33023834,127.4004745,,한전주,042-606-6843,대전광역시 중구청,2022-09-16
오류동147,1,대전광역시 중구 오류로119-15,대전광역시 중구 오류동190-28,36.33036041,127.4003677,,건축물,042-606-6843,대전광역시 중구청,2022-09-16
오류동148,1,대전광역시 중구 동서대로1277번길66,대전광역시 중구 오류동192-14,36.33073807,127.4002228,,건축물,042-606-6843,대전광역시 중구청,2022-09-16
오류동149,1,대전광역시 중구 동서대로1277번길66,대전광역시 중구 오류동190-4,36.33052063,127.4003677,,한전주,042-606-6843,대전광역시 중구청,2022-09-16
오류동150,1,대전광역시 중구 오류로119-15,대전광역시 중구 오류동190-4,36.33057022,127.4006119,,한전주,042-606-6843,대전광역시 중구청,2022-09-16
오류동151,1,대전광역시 중구 오류로119-11,대전광역시 중구 오류동190-2,36.33067322,127.4010239,,한전주,042-606-6843,대전광역시 중구청,2022-09-16
오류동152,1,대전광역시 중구 동서대로1303번길47,대전광역시 중구 오류동189-1,36.32994843,127.402153,,한전주,042-606-6843,대전광역시 중구청,2022-09-16
오류동153,1,대전광역시 중구 계룡로764,대전광역시 중구 오류동188-5,36.33019638,127.402359,,한전주,042-606-6843,대전광역시 중구청,2022-09-16
오류동154,1,대전광역시 중구 계룡로768,대전광역시 중구 오류동188-27,36.32982635,127.4025879,,한전주,042-606-6843,대전광역시 중구청,2022-09-16
오류동155,1,대전광역시 중구 동서대로1303번길26,대전광역시 중구 오류동188-10,36.32937241,127.4031448,,한전주,042-606-6843,대전광역시 중구청,2022-09-16
오류동156,1,대전광역시 중구 동서대로1303번길20,대전광역시 중구 오류동188-20,36.32909393,127.4034729,,한전주,042-606-6843,대전광역시 중구청,2022-09-16
오류동157,1,대전광역시 중구 동서대로1303번길14,대전광역시 중구 오류동188-23,36.32887268,127.4037476,,한전주,042-606-6843,대전광역시 중구청,2022-09-16
오류동158,1,대전광역시 중구 동서대로1307,대전광역시 중구 오류동188-25,36.32855988,127.4041214,,한전주,042-606-6843,대전광역시 중구청,2022-09-16
오류동159,1,,대전광역시 중구 오류동186-12,36.32708609,127.4051921,,한전주,042-606-6843,대전광역시 중구청,2022-09-16
오류동160,1,,대전광역시 중구 오류동163-10,36.32204714,127.4075826,,전용주,042-606-6843,대전광역시 중구청,2022-09-16
오류동161,1,,대전광역시 중구 오류동171-28,36.32181841,127.405279,,전용주,042-606-6843,대전광역시 중구청,2022-09-16
오류동162,1,,대전광역시 중구 오류동171-21,36.32194522,127.405753,,전용주,042-606-6843,대전광역시 중구청,2022-09-16
오류동163,1,,대전광역시 중구 오류동171-27,36.32187397,127.4055048,,,042-606-6843,대전광역시 중구청,2022-09-16
옥계동001,1,대전광역시 중구 모암로55-5,대전광역시 중구 옥계동75-2,36.29997253,127.4475479,,한전주,042-606-6843,대전광역시 중구청,2022-09-16
옥계동002,1,대전광역시 중구 모암로55-9,대전광역시 중구 옥계동75-3,36.30013657,127.4477386,,한전주,042-606-6843,대전광역시 중구청,2022-09-16
옥계동003,1,대전광역시 중구 모암로55-17,대전광역시 중구 옥계동74,36.30034256,127.4479904,,전용주,042-606-6843,대전광역시 중구청,2022-09-16
옥계동004,1,대전광역시 중구 모암로43-20,대전광역시 중구 옥계동74-11,36.30062103,127.448288,,한전주,042-606-6843,대전광역시 중구청,2022-09-16
옥계동005,1,대전광역시 중구 모암로43-20,대전광역시 중구 옥계동61-9,36.30057907,127.4484482,,전용주,042-606-6843,대전광역시 중구청,2022-09-16
옥계동006,1,,대전광역시 중구 옥계동38-4,36.30189896,127.4488297,,한전주,042-606-6843,대전광역시 중구청,2022-09-16
옥계동007,1,,대전광역시 중구 옥계동25-9,36.30158234,127.4491348,,한전주,042-606-6843,대전광역시 중구청,2022-09-16
옥계동008,1,대전광역시 중구 대종로71번길117,대전광역시 중구 옥계동26-10,36.30120087,127.4494781,,한전주,042-606-6843,대전광역시 중구청,2022-09-16
옥계동009,1,대전광역시 중구 대종로121번길39,대전광역시 중구 옥계동25-11,36.30205154,127.4490814,,한전주,042-606-6843,대전광역시 중구청,2022-09-16
옥계동010,1,대전광역시 중구 모암로17번길35,대전광역시 중구 옥계동24-6,36.30172348,127.4497681,,한전주,042-606-6843,대전광역시 중구청,2022-09-16
옥계동011,1,대전광역시 중구 모암로17번길23,대전광역시 중구 옥계동24-8,36.30221939,127.449379,,한전주,042-606-6843,대전광역시 중구청,2022-09-16
옥계동012,1,대전광역시 중구 모암로13번길26,대전광역시 중구 옥계동24-1,36.30239487,127.4497452,,한전주,042-606-6843,대전광역시 중구청,2022-09-16
옥계동013,1,대전광역시 중구 모암로13번길31,대전광역시 중구 옥계동20-16,36.30207443,127.4501343,,한전주,042-606-6843,대전광역시 중구청,2022-09-16
옥계동014,1,대전광역시 중구 모암로7번길33,대전광역시 중구 옥계동17-14,36.30239868,127.4506302,,한전주,042-606-6843,대전광역시 중구청,2022-09-16
옥계동015,1,,대전광역시 중구 옥계동17-8,36.30272675,127.4503784,,한전주,042-606-6843,대전광역시 중구청,2022-09-16
옥계동016,1,대전광역시 중구 대종로121번길15,대전광역시 중구 옥계동20-1,36.30257416,127.4500275,,한전주,042-606-6843,대전광역시 중구청,2022-09-16
옥계동017,1,대전광역시 중구 대종로111번길7,대전광역시 중구 옥계동16-13,36.30211639,127.4511185,,한전주,042-606-6843,대전광역시 중구청,2022-09-16
옥계동018,1,대전광역시 중구 대종로111번길9,대전광역시 중구 옥계동16-8,36.30202866,127.4509811,,한전주,042-606-6843,대전광역시 중구청,2022-09-16
옥계동019,1,대전광역시 중구 모암로7번길51,대전광역시 중구 옥계동16-12,36.30166245,127.4512558,,한전주,042-606-6843,대전광역시 중구청,2022-09-16
옥계동020,1,대전광역시 중구 대종로101번길7,대전광역시 중구 옥계동14-1,36.30144119,127.4518204,,한전주,042-606-6843,대전광역시 중구청,2022-09-16
옥계동021,1,대전광역시 중구 대종로101번길15,대전광역시 중구 옥계동22-1,36.30119705,127.4514008,,한전주,042-606-6843,대전광역시 중구청,2022-09-16
옥계동022,1,대전광역시 중구 모암로13번길47,대전광역시 중구 옥계동21-10,36.30150223,127.4506454,,한전주,042-606-6843,대전광역시 중구청,2022-09-16
옥계동023,1,대전광역시 중구 모암로13번길43,대전광역시 중구 옥계동21-9,36.30172729,127.4504547,,한전주,042-606-6843,대전광역시 중구청,2022-09-16
옥계동024,1,대전광역시 중구 모암로17번길45,대전광역시 중구 옥계동23-20,36.30134964,127.4500961,,한전주,042-606-6843,대전광역시 중구청,2022-09-16
옥계동025,1,대전광역시 중구 모암로17번길57,대전광역시 중구 옥계동23-24,36.30087662,127.4505081,,한전주,042-606-6843,대전광역시 중구청,2022-09-16
옥계동026,1,대전광역시 중구 대종로101번길29,대전광역시 중구 옥계동28-13,36.3008461,127.450798,,건축물,042-606-6843,대전광역시 중구청,2022-09-16
옥계동027,1,,대전광역시 중구 옥계동28-1,36.30097198,127.4509811,,한전주,042-606-6843,대전광역시 중구청,2022-09-16
옥계동028,1,대전광역시 중구 모암로17번길71,대전광역시 중구 옥계동28-6,36.30036163,127.4509659,,한전주,042-606-6843,대전광역시 중구청,2022-09-16
옥계동029,1,대전광역시 중구 대종로71번길95,대전광역시 중구 옥계동92-1,36.30017853,127.450325,,한전주,042-606-6843,대전광역시 중구청,2022-09-16
옥계동030,1,,대전광역시 중구 옥계동61-6,36.30049515,127.4499969,,한전주,042-606-6843,대전광역시 중구청,2022-09-16
옥계동031,1,,대전광역시 중구 옥계동61-2,36.30091476,127.4496918,,한전주,042-606-6843,대전광역시 중구청,2022-09-16
옥계동032,1,대전광역시 중구 대종로101번길37,대전광역시 중구 옥계동27-1,36.30065918,127.4504242,,한전주,042-606-6843,대전광역시 중구청,2022-09-16
옥계동033,1,대전광역시 중구 모암로17번길65,대전광역시 중구 옥계동28-8,36.30063248,127.4507141,,한전주,042-606-6843,대전광역시 중구청,2022-09-16
옥계동034,1,대전광역시 중구 대종로71번길88,대전광역시 중구 옥계동27-5,36.29998016,127.4505386,,한전주,042-606-6843,대전광역시 중구청,2022-09-16
옥계동035,1,대전광역시 중구 대종로91번길41,대전광역시 중구 옥계동29-10,36.29972076,127.4506836,,한전주,042-606-6843,대전광역시 중구청,2022-09-16
옥계동036,1,대전광역시 중구 대종로91번길31,대전광역시 중구 옥계동30-10,36.30005646,127.4512329,,한전주,042-606-6843,대전광역시 중구청,2022-09-16
옥계동037,1,대전광역시 중구 대종로91번길84,대전광역시 중구 옥계동30-1,36.30026245,127.4515839,,한전주,042-606-6843,대전광역시 중구청,2022-09-16
옥계동038,1,대전광역시 중구 모암로17번길86,대전광역시 중구 옥계동29-3,36.29982758,127.4513168,,한전주,042-606-6843,대전광역시 중구청,2022-09-16
옥계동039,1,대전광역시 중구 모암로17번길82-2,대전광역시 중구 옥계동29-2,36.29976273,127.4511642,,한전주,042-606-6843,대전광역시 중구청,2022-09-16
옥계동040,1,대전광역시 중구 모암로17번길92,대전광역시 중구 옥계동29-11,36.29957199,127.4515228,,한전주,042-606-6843,대전광역시 중구청,2022-09-16
옥계동041,1,대전광역시 중구 대종로71번길70,대전광역시 중구 옥계동29-8,36.29933167,127.451004,,한전주,042-606-6843,대전광역시 중구청,2022-09-16
옥계동042,1,대전광역시 중구 대종로81번길42,대전광역시 중구 옥계동31-12,36.29905701,127.4512711,,한전주,042-606-6843,대전광역시 중구청,2022-09-16
옥계동043,1,대전광역시 중구 대종로71번길55-10,대전광역시 중구 옥계동산 4-9,36.2985611,127.4515457,,한전주,042-606-6843,대전광역시 중구청,2022-09-16
옥계동044,1,대전광역시 중구 대종로71번길55-15,대전광역시 중구 옥계동84,36.29841232,127.4512329,,전용주,042-606-6843,대전광역시 중구청,2022-09-16
옥계동045,1,대전광역시 중구 대종로71번길50,대전광역시 중구 옥계동102-7,36.29855728,127.4517059,,전용주,042-606-6843,대전광역시 중구청,2022-09-16
옥계동046,1,대전광역시 중구 대종로71번길50,대전광역시 중구 옥계동산 4-8,36.29842377,127.4518204,,전용주,042-606-6843,대전광역시 중구청,2022-09-16
옥계동047,1,대전광역시 중구 대종로71번길36,대전광역시 중구 옥계동103-9,36.29854965,127.4523544,,한전주,042-606-6843,대전광역시 중구청,2022-09-16
옥계동048,1,대전광역시 중구 대종로71번길30,대전광역시 중구 옥계동34-4,36.29876709,127.4525909,,한전주,042-606-6843,대전광역시 중구청,2022-09-16
옥계동049,1,대전광역시 중구 모암로17번길112,대전광역시 중구 옥계동31-13,36.29880524,127.4521942,,한전주,042-606-6843,대전광역시 중구청,2022-09-16
옥계동050,1,대전광역시 중구 모암로17번길110,대전광역시 중구 옥계동31-21,36.29896927,127.452034,,한전주,042-606-6843,대전광역시 중구청,2022-09-16
옥계동051,1,대전광역시 중구 모암로17번길104,대전광역시 중구 옥계동31-9,36.29891205,127.4518051,,한전주,042-606-6843,대전광역시 중구청,2022-09-16
옥계동052,1,대전광역시 중구 모암로17번길100,대전광역시 중구 옥계동31-18,36.2992897,127.451767,,한전주,042-606-6843,대전광역시 중구청,2022-09-16
옥계동053,1,대전광역시 중구 대종로81번길29,대전광역시 중구 옥계동34-1,36.29944229,127.4520493,,한전주,042-606-6843,대전광역시 중구청,2022-09-16
옥계동054,1,대전광역시 중구 모암로13번길91,대전광역시 중구 옥계동30-17,36.2998085,127.4519882,,한전주,042-606-6843,대전광역시 중구청,2022-09-16
옥계동055,1,대전광역시 중구 모암로13번길88,대전광역시 중구 옥계동30-2,36.30003357,127.4518127,,한전주,042-606-6843,대전광역시 중구청,2022-09-16
옥계동056,1,대전광역시 중구 모암로13번길70,대전광역시 중구 옥계동28-11,36.30063248,127.4512787,,한전주,042-606-6843,대전광역시 중구청,2022-09-16
옥계동057,1,대전광역시 중구 모암로7번길67,대전광역시 중구 옥계동14-9,36.3012085,127.4516449,,한전주,042-606-6843,대전광역시 중구청,2022-09-16
옥계동058,1,대전광역시 중구 모암로7번길72,대전광역시 중구 옥계동22-3,36.30083466,127.4518509,,한전주,042-606-6843,대전광역시 중구청,2022-09-16
옥계동059,1,대전광역시 중구 모암로7번길84,대전광역시 중구 옥계동36-1,36.30053329,127.4520874,,한전주,042-606-6843,대전광역시 중구청,2022-09-16
옥계동060,1,대전광역시 중구 대종로91번길83,대전광역시 중구 옥계동39-1,36.30069733,127.4523544,,한전주,042-606-6843,대전광역시 중구청,2022-09-16
옥계동061,1,대전광역시 중구 모암로7번길94,대전광역시 중구 옥계동36-21,36.30015945,127.4524384,,한전주,042-606-6843,대전광역시 중구청,2022-09-16
옥계동062,1,대전광역시 중구 대종로81번길18,대전광역시 중구 옥계동36-5,36.29987335,127.4526749,,한전주,042-606-6843,대전광역시 중구청,2022-09-16
옥계동063,1,대전광역시 중구 대종로81번길8,대전광역시 중구 옥계동39-20,36.30009079,127.4530258,,한전주,042-606-6843,대전광역시 중구청,2022-09-16
옥계동064,1,대전광역시 중구 대종로81번길20,대전광역시 중구 옥계동36-5,36.29975891,127.4524536,,전용주,042-606-6843,대전광역시 중구청,2022-09-16
옥계동065,1,대전광역시 중구 모암로13번길104,대전광역시 중구 옥계동34-14,36.29943848,127.4523163,,한전주,042-606-6843,대전광역시 중구청,2022-09-16
옥계동066,1,대전광역시 중구 모암로13번길112,대전광역시 중구 옥계동34-4,36.29904938,127.4526367,,한전주,042-606-6843,대전광역시 중구청,2022-09-16
옥계동067,1,대전광역시 중구 대종로71번길20,대전광역시 중구 옥계동35-30,36.29901505,127.4530334,,한전주,042-606-6843,대전광역시 중구청,2022-09-16
옥계동068,1,,대전광역시 중구 옥계동46-1,36.29915619,127.4534378,,한전주,042-606-6843,대전광역시 중구청,2022-09-16
옥계동069,1,대전광역시 중구 모암로7번길112,대전광역시 중구 옥계동35-19,36.29941177,127.4530792,,한전주,042-606-6843,대전광역시 중구청,2022-09-16
옥계동070,1,대전광역시 중구 모암로7번길108,대전광역시 중구 옥계동35-18,36.29961014,127.452919,,한전주,042-606-6843,대전광역시 중구청,2022-09-16
옥계동071,1,대전광역시 중구 모암로7번길124,대전광역시 중구 옥계동47-2,36.29899979,127.4534149,,한전주,042-606-6843,대전광역시 중구청,2022-09-16
옥계동072,1,대전광역시 중구 모암로7번길130,대전광역시 중구 옥계동47-5,36.29878235,127.4536209,,한전주,042-606-6843,대전광역시 중구청,2022-09-16
옥계동073,1,대전광역시 중구 모암로7번길138,대전광역시 중구 옥계동47-7,36.29851913,127.4538269,,한전주,042-606-6843,대전광역시 중구청,2022-09-16
옥계동074,1,대전광역시 중구 모암로7번길140,대전광역시 중구 옥계동47-18,36.29837418,127.4539795,,한전주,042-606-6843,대전광역시 중구청,2022-09-16
옥계동075,1,대전광역시 중구 대종로61-5,대전광역시 중구 옥계동49-21,36.29843903,127.4542999,,한전주,042-606-6843,대전광역시 중구청,2022-09-16
옥계동076,1,대전광역시 중구 대종로61-6,대전광역시 중구 옥계동46-16,36.2986908,127.4541702,,한전주,042-606-6843,대전광역시 중구청,2022-09-16
옥계동077,1,대전광역시 중구 대종로61-13,대전광역시 중구 옥계동48-1,36.29823685,127.4539108,,건축물,042-606-6843,대전광역시 중구청,2022-09-16
옥계동078,1,대전광역시 중구 모암로13번길136,대전광역시 중구 옥계동117-1,36.29821396,127.4533997,,한전주,042-606-6843,대전광역시 중구청,2022-09-16
옥계동079,1,대전광역시 중구 모암로13번길126,대전광역시 중구 옥계동115-4,36.29861069,127.4530487,,한전주,042-606-6843,대전광역시 중구청,2022-09-16
옥계동080,1,대전광역시 중구 모암로7번길150,대전광역시 중구 옥계동48-25,36.29803085,127.4542694,,한전주,042-606-6843,대전광역시 중구청,2022-09-16
옥계동081,1,대전광역시 중구 모암로7번길160,대전광역시 중구 옥계동48-30,36.29769897,127.454567,,한전주,042-606-6843,대전광역시 중구청,2022-09-16
옥계동082,1,대전광역시 중구 모암로7번길160-2,대전광역시 중구 옥계동48-17,36.2975769,127.4546585,,한전주,042-606-6843,대전광역시 중구청,2022-09-16
옥계동083,1,,대전광역시 중구 옥계동152-1,36.29749298,127.4549179,,한전주,042-606-6843,대전광역시 중구청,2022-09-16
옥계동084,1,대전광역시 중구 학고개로9,대전광역시 중구 옥계동197-2,36.29738235,127.454689,,한전주,042-606-6843,대전광역시 중구청,2022-09-16
옥계동085,1,대전광역시 중구 모암로13번길157,대전광역시 중구 옥계동48-10,36.29745102,127.4540482,,한전주,042-606-6843,대전광역시 중구청,2022-09-16
옥계동086,1,대전광역시 중구 모암로13번길130,대전광역시 중구 옥계동123-5,36.2977066,127.4538345,,한전주,042-606-6843,대전광역시 중구청,2022-09-16
옥계동087,1,대전광역시 중구 학고개로34번길55,대전광역시 중구 옥계동124,36.29751587,127.4535065,,한전주,042-606-6843,대전광역시 중구청,2022-09-16
옥계동088,1,대전광역시 중구 학고개로34번길58,대전광역시 중구 옥계동197-3,36.29754639,127.4537506,,전용주,042-606-6843,대전광역시 중구청,2022-09-16
옥계동089,1,대전광역시 중구 학고개로34번길56,대전광역시 중구 옥계동125-3,36.2972908,127.4534378,,전용주,042-606-6843,대전광역시 중구청,2022-09-16
옥계동090,1,대전광역시 중구 학고개로34번길49,대전광역시 중구 옥계동210-1,36.29711914,127.4531479,,한전주,042-606-6843,대전광역시 중구청,2022-09-16
옥계동091,1,대전광역시 중구 학고개로34번길43,대전광역시 중구 옥계동176-8,36.29690933,127.4529877,,한전주,042-606-6843,대전광역시 중구청,2022-09-16
옥계동092,1,,대전광역시 중구 옥계동178,36.29690552,127.4526215,,한전주,042-606-6843,대전광역시 중구청,2022-09-16
옥계동093,1,,대전광역시 중구 옥계동124-11,36.29707718,127.4521484,,한전주,042-606-6843,대전광역시 중구청,2022-09-16
옥계동094,1,대전광역시 중구 학고개로34번길26,대전광역시 중구 옥계동178-1,36.2966156,127.4523697,,전용주,042-606-6843,대전광역시 중구청,2022-09-16
옥계동095,1,대전광역시 중구 학고개로34번길19,대전광역시 중구 옥계동173-1,36.29637909,127.4523087,,한전주,042-606-6843,대전광역시 중구청,2022-09-16
옥계동096,1,대전광역시 중구 학고개로34번길15-5,대전광역시 중구 옥계동173-89,36.29607773,127.4523315,,한전주,042-606-6843,대전광역시 중구청,2022-09-16
옥계동097,1,대전광역시 중구 학고개로34번길16-6,대전광역시 중구 옥계동173-103,36.29631805,127.452774,,전용주,042-606-6843,대전광역시 중구청,2022-09-16
옥계동098,1,대전광역시 중구 학고개로34번길40-3,대전광역시 중구 옥계동176-12,36.29659271,127.452858,,한전주,042-606-6843,대전광역시 중구청,2022-09-16
옥계동099,1,대전광역시 중구 학고개로34번길26-3,대전광역시 중구 옥계동173-87,36.29637909,127.4530563,,전용주,042-606-6843,대전광역시 중구청,2022-09-16
옥계동100,1,대전광역시 중구 학고개로34번길13,대전광역시 중구 옥계동173-62,36.29607773,127.4526443,,한전주,042-606-6843,대전광역시 중구청,2022-09-16
옥계동101,1,대전광역시 중구 학고개로34번길9-1,대전광역시 중구 옥계동173-175,36.29595566,127.4527588,,한전주,042-606-6843,대전광역시 중구청,2022-09-16
옥계동102,1,대전광역시 중구 학고개로34번길19-14,대전광역시 중구 옥계동173-67,36.29569244,127.4523468,,한전주,042-606-6843,대전광역시 중구청,2022-09-16
옥계동103,1,대전광역시 중구 학고개로34번길9-20,대전광역시 중구 옥계동173-76,36.29534912,127.4519882,,한전주,042-606-6843,대전광역시 중구청,2022-09-16
옥계동104,1,대전광역시 중구 학고개로34번길6,대전광역시 중구 옥계동173-177,36.29588699,127.452919,,한전주,042-606-6843,대전광역시 중구청,2022-09-16
옥계동105,1,대전광역시 중구 학고개로14,대전광역시 중구 옥계동48-19,36.29722595,127.454216,,한전주,042-606-6843,대전광역시 중구청,2022-09-16
옥계동106,1,,대전광역시 중구 옥계동156-3,36.29703522,127.453804,,한전주,042-606-6843,대전광역시 중구청,2022-09-16
옥계동107,1,,대전광역시 중구 옥계동156-19,36.29681396,127.4534988,,한전주,042-606-6843,대전광역시 중구청,2022-09-16
옥계동108,1,대전광역시 중구 학고개로26,대전광역시 중구 옥계동173-19,36.29643631,127.453331,,한전주,042-606-6843,대전광역시 중구청,2022-09-16
옥계동109,1,대전광역시 중구 학고개로30,대전광역시 중구 옥계동173-28,36.29600143,127.4531937,,한전주,042-606-6843,대전광역시 중구청,2022-09-16
옥계동110,1,대전광역시 중구 학고개로36-2,대전광역시 중구 옥계동170-310,36.29564667,127.4531021,,한전주,042-606-6843,대전광역시 중구청,2022-09-16
옥계동111,1,대전광역시 중구 학고개로36-8,대전광역시 중구 옥계동170-309,36.29573059,127.4527054,,한전주,042-606-6843,대전광역시 중구청,2022-09-16
옥계동112,1,대전광역시 중구 학고개로38-4,대전광역시 중구 옥계동170-315,36.29538727,127.4529953,,한전주,042-606-6843,대전광역시 중구청,2022-09-16
옥계동113,1,대전광역시 중구 학고개로38-10,대전광역시 중구 옥계동170-314,36.29547501,127.4526291,,한전주,042-606-6843,대전광역시 중구청,2022-09-16
옥계동114,1,대전광역시 중구 학고개로41번길2,대전광역시 중구 옥계동170-78,36.2952652,127.4530258,,한전주,042-606-6843,대전광역시 중구청,2022-09-16
옥계동115,1,대전광역시 중구 학고개로42-9,대전광역시 중구 옥계동173-15,36.29511261,127.4524231,,한전주,042-606-6843,대전광역시 중구청,2022-09-16
옥계동116,1,대전광역시 중구 학고개로42-11,대전광역시 중구 옥계동173-59,36.2951622,127.4522171,,한전주,042-606-6843,대전광역시 중구청,2022-09-16
옥계동117,1,대전광역시 중구 학고개로44-1,대전광역시 중구 옥계동173-31,36.29482269,127.4528198,,한전주,042-606-6843,대전광역시 중구청,2022-09-16
옥계동118,1,대전광역시 중구 학고개로46-2,대전광역시 중구 옥계동173-91,36.29470444,127.452774,,한전주,042-606-6843,대전광역시 중구청,2022-09-16
옥계동119,1,대전광역시 중구 학고개로46-8,대전광역시 중구 옥계동173-116,36.29478073,127.4523926,,한전주,042-606-6843,대전광역시 중구청,2022-09-16
옥계동120,1,대전광역시 중구 학고개로46-14,대전광역시 중구 옥계동173-34,36.29484558,127.4520569,,한전주,042-606-6843,대전광역시 중구청,2022-09-16
옥계동121,1,대전광역시 중구 학고개로52,대전광역시 중구 옥계동173-130,36.2942543,127.4526291,,한전주,042-606-6843,대전광역시 중구청,2022-09-16
옥계동122,1,대전광역시 중구 학고개로50-12,대전광역시 중구 옥계동173-178,36.294384,127.4521484,,한전주,042-606-6843,대전광역시 중구청,2022-09-16
옥계동123,1,대전광역시 중구 학고개로56번길,대전광역시 중구 옥계동170-155,36.2939415,127.4525223,,한전주,042-606-6843,대전광역시 중구청,2022-09-16
옥계동124,1,대전광역시 중구 학고개로56번길7,대전광역시 중구 옥계동173-156,36.29381561,127.4522095,,한전주,042-606-6843,대전광역시 중구청,2022-09-16
옥계동125,1,대전광역시 중구 학고개로56번길15,대전광역시 중구 옥계동173-152,36.29388809,127.451889,,전용주,042-606-6843,대전광역시 중구청,2022-09-16
옥계동126,1,대전광역시 중구 학고개로56번길17-1,대전광역시 중구 옥계동173-146,36.29410934,127.4519196,,한전주,042-606-6843,대전광역시 중구청,2022-09-16
옥계동127,1,대전광역시 중구 학고개로56번길25,대전광역시 중구 옥계동173-143,36.29438782,127.4517975,,한전주,042-606-6843,대전광역시 중구청,2022-09-16
옥계동128,1,대전광역시 중구 학고개로56번길32,대전광역시 중구 옥계동173-139,36.29461288,127.4517593,,한전주,042-606-6843,대전광역시 중구청,2022-09-16
옥계동129,1,대전광역시 중구 학고개로57번길7,대전광역시 중구 옥계동170-158,36.29358673,127.4529495,,한전주,042-606-6843,대전광역시 중구청,2022-09-16
옥계동130,1,대전광역시 중구 학고개로57번길13,대전광역시 중구 옥계동170-336,36.29348373,127.4532928,,한전주,042-606-6843,대전광역시 중구청,2022-09-16
옥계동131,1,대전광역시 중구 학고개로53번길15,대전광역시 중구 옥계동170-151,36.29374695,127.4533615,,한전주,042-606-6843,대전광역시 중구청,2022-09-16
옥계동132,1,대전광역시 중구 학고개로53번길7,대전광역시 중구 옥계동170-364,36.29391098,127.4529648,,한전주,042-606-6843,대전광역시 중구청,2022-09-16
옥계동133,1,대전광역시 중구 학고개로53번길25,대전광역시 중구 옥계동170-292,36.29361725,127.4539108,,한전주,042-606-6843,대전광역시 중구청,2022-09-16
옥계동134,1,대전광역시 중구 학고개로49번길3,대전광역시 중구 옥계동170-128,36.29423523,127.4528961,,한전주,042-606-6843,대전광역시 중구청,2022-09-16
옥계동135,1,대전광역시 중구 학고개로49번길15,대전광역시 중구 옥계동170-279,36.2940979,127.453392,,한전주,042-606-6843,대전광역시 중구청,2022-09-16
옥계동136,1,대전광역시 중구 학고개로49번길16,대전광역시 중구 옥계동170-138,36.29401016,127.4535217,,한전주,042-606-6843,대전광역시 중구청,2022-09-16
옥계동137,1,대전광역시 중구 학고개로49번길21,대전광역시 중구 옥계동170-363,36.2939949,127.4537659,,한전주,042-606-6843,대전광역시 중구청,2022-09-16
옥계동138,1,대전광역시 중구 학고개로49번길27,대전광역시 중구 옥계동170-282,36.29393005,127.4540176,,한전주,042-606-6843,대전광역시 중구청,2022-09-16
옥계동139,1,대전광역시 중구 학고개로47번길9,대전광역시 중구 옥계동170-113,36.2944603,127.4531708,,전용주,042-606-6843,대전광역시 중구청,2022-09-16
옥계동140,1,대전광역시 중구 학고개로47번길33,대전광역시 중구 옥계동170-261,36.29436111,127.4535675,,한전주,042-606-6843,대전광역시 중구청,2022-09-16
옥계동141,1,대전광역시 중구 학고개로47번길31,대전광역시 중구 옥계동170-265,36.29417419,127.4542923,,전용주,042-606-6843,대전광역시 중구청,2022-09-16
옥계동142,1,대전광역시 중구 학고개로47번길33,대전광역시 중구 옥계동170-266,36.2940979,127.4545898,,전용주,042-606-6843,대전광역시 중구청,2022-09-16
옥계동143,1,대전광역시 중구 학고개로43번길9,대전광역시 중구 옥계동170-108,36.29470825,127.4533145,,한전주,042-606-6843,대전광역시 중구청,2022-09-16
옥계동144,1,대전광역시 중구 학고개로57번길41,대전광역시 중구 옥계동170-243,36.29462051,127.4536285,,한전주,042-606-6843,대전광역시 중구청,2022-09-16
옥계동145,1,대전광역시 중구 학고개로43번길29,대전광역시 중구 옥계동170-102,36.29443741,127.454361,,한전주,042-606-6843,대전광역시 중구청,2022-09-16
옥계동146,1,대전광역시 중구 학고개로43번길21,대전광역시 중구 옥계동170-100,36.29455566,127.4539185,,한전주,042-606-6843,대전광역시 중구청,2022-09-16
옥계동147,1,대전광역시 중구 학고개로41번길9,대전광역시 중구 옥계동170-81,36.29496384,127.4534149,,한전주,042-606-6843,대전광역시 중구청,2022-09-16
옥계동148,1,대전광역시 중구 학고개로57번길47,대전광역시 중구 옥계동170-225,36.29489517,127.4537354,,한전주,042-606-6843,대전광역시 중구청,2022-09-16
옥계동149,1,대전광역시 중구 학고개로41번길29,대전광역시 중구 옥계동170-85,36.29470825,127.4544067,,한전주,042-606-6843,대전광역시 중구청,2022-09-16
옥계동150,1,대전광역시 중구 학고개로42번길34,대전광역시 중구 옥계동170-232,36.29460144,127.4546585,,전용주,042-606-6843,대전광역시 중구청,2022-09-16
옥계동151,1,대전광역시 중구 학고개로37번길33,대전광역시 중구 옥계동170-248,36.29487228,127.4548492,,한전주,042-606-6843,대전광역시 중구청,2022-09-16
옥계동152,1,대전광역시 중구 학고개로37번길25,대전광역시 중구 옥계동170-210,36.29500961,127.4543533,,한전주,042-606-6843,대전광역시 중구청,2022-09-16
옥계동153,1,대전광역시 중구 학고개로37번길19,대전광역시 중구 옥계동170-208,36.29509735,127.4540558,,한전주,042-606-6843,대전광역시 중구청,2022-09-16
옥계동154,1,대전광역시 중구 학고개로57번길53,대전광역시 중구 옥계동170-207,36.29517746,127.4538116,,한전주,042-606-6843,대전광역시 중구청,2022-09-16
옥계동155,1,대전광역시 중구 학고개로37번길9,대전광역시 중구 옥계동170-65,36.29525757,127.4534683,,한전주,042-606-6843,대전광역시 중구청,2022-09-16
옥계동156,1,대전광역시 중구 학고개로35번길6,대전광역시 중구 옥계동170-61,36.29553223,127.4533615,,한전주,042-606-6843,대전광역시 중구청,2022-09-16
옥계동157,1,대전광역시 중구 학고개로35번길9,대전광역시 중구 옥계동170-188,36.29552078,127.4535675,,전용주,042-606-6843,대전광역시 중구청,2022-09-16
옥계동158,1,대전광역시 중구 학고개로35번길16,대전광역시 중구 옥계동170-200,36.29536819,127.4538879,,한전주,042-606-6843,대전광역시 중구청,2022-09-16
옥계동159,1,대전광역시 중구 학고개로35번길22,대전광역시 중구 옥계동170-198,36.2952919,127.4542465,,한전주,042-606-6843,대전광역시 중구청,2022-09-16
옥계동160,1,대전광역시 중구 학고개로3번길32,대전광역시 중구 옥계동170-195,36.2951889,127.4546509,,한전주,042-606-6843,대전광역시 중구청,2022-09-16
옥계동161,1,대전광역시 중구 학고개로35번길34,대전광역시 중구 옥계동170-196,36.29511642,127.4548874,,전용주,042-606-6843,대전광역시 중구청,2022-09-16
옥계동162,1,대전광역시 중구 학고개로31번길27,대전광역시 중구 옥계동170-32,36.29555511,127.454567,,한전주,042-606-6843,대전광역시 중구청,2022-09-16
옥계동163,1,대전광역시 중구 학고개로57번길65,대전광역시 중구 옥계동170-168,36.2957077,127.4539948,,한전주,042-606-6843,대전광역시 중구청,2022-09-16
옥계동164,1,대전광역시 중구 학고개로31번길5,대전광역시 중구 옥계동170-23,36.29584503,127.4534683,,한전주,042-606-6843,대전광역시 중구청,2022-09-16
옥계동165,1,대전광역시 중구 학고개로27번길5,대전광역시 중구 옥계동170-15,36.29612732,127.4535294,,한전주,042-606-6843,대전광역시 중구청,2022-09-16
옥계동166,1,대전광역시 중구 학고개로57번길71,대전광역시 중구 옥계동170-17,36.29598236,127.4541092,,전용주,042-606-6843,대전광역시 중구청,2022-09-16
옥계동167,1,대전광역시 중구 학고개로27번길30,대전광역시 중구 옥계동170-35,36.29576874,127.4547348,,한전주,042-606-6843,대전광역시 중구청,2022-09-16
옥계동168,1,,대전광역시 중구 옥계동201,36.29628754,127.454277,,한전주,042-606-6843,대전광역시 중구청,2022-09-16
옥계동169,1,,대전광역시 중구 옥계동201,36.29655075,127.4543533,,한전주,042-606-6843,대전광역시 중구청,2022-09-16
옥계동170,1,대전광역시 중구 학고개로57번길82,대전광역시 중구 옥계동201,36.29665756,127.4543915,,한전주,042-606-6843,대전광역시 중구청,2022-09-16
옥계동171,1,대전광역시 중구 모암로7번길174-1,대전광역시 중구 옥계동155,36.29715729,127.4550781,,한전주,042-606-6843,대전광역시 중구청,2022-09-16
옥계동172,1,대전광역시 중구 모암로7번길186,대전광역시 중구 옥계동166-1,36.29681778,127.4554443,,한전주,042-606-6843,대전광역시 중구청,2022-09-16
옥계동173,1,대전광역시 중구 모암로13번길177-1,대전광역시 중구 옥계동166-3,36.29671097,127.4552002,,한전주,042-606-6843,대전광역시 중구청,2022-09-16
옥계동174,1,대전광역시 중구 모암로13번길171,대전광역시 중구 옥계동156-27,36.29695129,127.4544754,,한전주,042-606-6843,대전광역시 중구청,2022-09-16
옥계동175,1,대전광역시 중구 모암로13번길173,대전광역시 중구 옥계동156-1,36.29680252,127.4546585,,한전주,042-606-6843,대전광역시 중구청,2022-09-16
옥계동176,1,대전광역시 중구 모암로13번길173,대전광역시 중구 옥계동156-26,36.29684067,127.4547501,,전용주,042-606-6843,대전광역시 중구청,2022-09-16
옥계동177,1,대전광역시 중구 모암로13번길181,대전광역시 중구 옥계동167-1,36.29659653,127.4549637,,전용주,042-606-6843,대전광역시 중구청,2022-09-16
옥계동178,1,대전광역시 중구 모암로7번길186-2,대전광역시 중구 옥계동165-2,36.29658127,127.4553375,,전용주,042-606-6843,대전광역시 중구청,2022-09-16
옥계동179,1,대전광역시 중구 모암로7번길188,대전광역시 중구 옥계동158-10,36.29667664,127.4556961,,한전주,042-606-6843,대전광역시 중구청,2022-09-16
옥계동180,1,대전광역시 중구 대종로37-5,대전광역시 중구 옥계동159-16,36.29685974,127.456192,,한전주,042-606-6843,대전광역시 중구청,2022-09-16
옥계동181,1,대전광역시 중구 대종로39,대전광역시 중구 옥계동196-5,36.29682922,127.4559708,,전용주,042-606-6843,대전광역시 중구청,2022-09-16
옥계동182,1,대전광역시 중구 대종로37-23,대전광역시 중구 옥계동165-4,36.2964592,127.4555359,,한전주,042-606-6843,대전광역시 중구청,2022-09-16
옥계동183,1,대전광역시 중구 모암로13번길191,대전광역시 중구 옥계동168-8,36.29630661,127.4552383,,한전주,042-606-6843,대전광역시 중구청,2022-09-16
옥계동184,1,대전광역시 중구 모암로13번길202,대전광역시 중구 옥계동163-6,36.29588318,127.4555893,,한전주,042-606-6843,대전광역시 중구청,2022-09-16
옥계동185,1,대전광역시 중구 모암로13번길210,대전광역시 중구 옥계동162-10,36.2957077,127.4558868,,한전주,042-606-6843,대전광역시 중구청,2022-09-16
옥계동186,1,대전광역시 중구 모암로13번길220,대전광역시 중구 옥계동162-12,36.29541779,127.4562454,,한전주,042-606-6843,대전광역시 중구청,2022-09-16
옥계동187,1,대전광역시 중구 모암로7번길201,대전광역시 중구 옥계동158-19,36.29612732,127.4561844,,한전주,042-606-6843,대전광역시 중구청,2022-09-16
옥계동188,1,대전광역시 중구 모암로7번길193,대전광역시 중구 옥계동158-17,36.29639816,127.455925,,한전주,042-606-6843,대전광역시 중구청,2022-09-16
옥계동189,1,대전광역시 중구 대종로35번길6,대전광역시 중구 옥계동159-7,36.29669952,127.4565582,,한전주,042-606-6843,대전광역시 중구청,2022-09-16
옥계동190,1,대전광역시 중구 대종로35번길14,대전광역시 중구 옥계동149-43,36.2965126,127.4565659,,전용주,042-606-6843,대전광역시 중구청,2022-09-16
옥계동191,1,대전광역시 중구 대종로35번길14,대전광역시 중구 옥계동149-43,36.29624939,127.456604,,한전주,042-606-6843,대전광역시 중구청,2022-09-16
옥계동192,1,대전광역시 중구 대종로35번길28,대전광역시 중구 옥계동158-1,36.29579544,127.456604,,한전주,042-606-6843,대전광역시 중구청,2022-09-16
옥계동193,1,대전광역시 중구 대종로35번길34,대전광역시 중구 옥계동161-2,36.29541016,127.456543,,한전주,042-606-6843,대전광역시 중구청,2022-09-16
옥계동194,1,대전광역시 중구 대종로35번길44,대전광역시 중구 옥계동161-10,36.29521179,127.4564285,,한전주,042-606-6843,대전광역시 중구청,2022-09-16
옥계동195,1,대전광역시 중구 대종로35번길52,대전광역시 중구 옥계동161-4,36.29487228,127.456749,,한전주,042-606-6843,대전광역시 중구청,2022-09-16
옥계동196,1,대전광역시 중구 대종로35번길52,대전광역시 중구 옥계동162-3,36.29478455,127.4569855,,한전주,042-606-6843,대전광역시 중구청,2022-09-16
옥계동197,1,대전광역시 중구 대종로50-11,대전광역시 중구 옥계동50-4,36.29816437,127.4559326,,한전주,042-606-6843,대전광역시 중구청,2022-09-16
옥계동198,1,대전광역시 중구 대종로62번길9,대전광역시 중구 옥계동50-11,36.29905319,127.4552612,,한전주,042-606-6843,대전광역시 중구청,2022-09-16
옥계동199,1,대전광역시 중구 대종로52번길10-1,대전광역시 중구 옥계동50-29,36.29883957,127.4552994,,한전주,042-606-6843,대전광역시 중구청,2022-09-16
옥계동200,1,대전광역시 중구 대종로62번길22,대전광역시 중구 옥계동44-16,36.29927063,127.4550781,,한전주,042-606-6843,대전광역시 중구청,2022-09-16
옥계동201,1,대전광역시 중구 대종로62번길27,대전광역시 중구 옥계동45-13,36.29957581,127.454834,,한전주,042-606-6843,대전광역시 중구청,2022-09-16
옥계동202,1,대전광역시 중구 대종로72-8,대전광역시 중구 옥계동45-9,36.29965973,127.454361,,한전주,042-606-6843,대전광역시 중구청,2022-09-16
옥계동203,1,,대전광역시 중구 옥계동42-10,36.29990005,127.4545441,,한전주,042-606-6843,대전광역시 중구청,2022-09-16
옥계동204,1,대전광역시 중구 대종로72-17,대전광역시 중구 옥계동43-7,36.30001831,127.4548416,,전용주,042-606-6843,대전광역시 중구청,2022-09-16
옥계동205,1,대전광역시 중구 대종로62번길43,대전광역시 중구 옥계동42-3,36.30023193,127.4542542,,한전주,042-606-6843,대전광역시 중구청,2022-09-16
옥계동206,1,대전광역시 중구 대종로82-10,대전광역시 중구 옥계동42-17,36.30042267,127.453804,,한전주,042-606-6843,대전광역시 중구청,2022-09-16
옥계동207,1,대전광역시 중구 대종로62번길52,대전광역시 중구 옥계동43-11,36.30057144,127.4541168,,한전주,042-606-6843,대전광역시 중구청,2022-09-16
옥계동208,1,대전광역시 중구 대종로82-18,대전광역시 중구 옥계동43-12,36.30070877,127.4543457,,한전주,042-606-6843,대전광역시 중구청,2022-09-16
옥계동209,1,대전광역시 중구 대종로62번길56,대전광역시 중구 옥계동12-34,36.30077362,127.4538879,,한전주,042-606-6843,대전광역시 중구청,2022-09-16
옥계동210,1,대전광역시 중구 대종로62번길62,대전광역시 중구 옥계동12-36,36.30090714,127.4537659,,한전주,042-606-6843,대전광역시 중구청,2022-09-16
옥계동211,1,대전광역시 중구 대종로62번길66,대전광역시 중구 옥계동12-28,36.30105209,127.4536362,,한전주,042-606-6843,대전광역시 중구청,2022-09-16
옥계동212,1,대전광역시 중구 대종로92-6,대전광역시 중구 옥계동13-1,36.30117035,127.4531784,,한전주,042-606-6843,대전광역시 중구청,2022-09-16
옥계동213,1,대전광역시 중구 대종로92-15,대전광역시 중구 옥계동92-15,36.30137634,127.453392,,한전주,042-606-6843,대전광역시 중구청,2022-09-16
옥계동214,1,대전광역시 중구 대종로92-21,대전광역시 중구 옥계동9-24,36.30155182,127.453743,,한전주,042-606-6843,대전광역시 중구청,2022-09-16
옥계동215,1,대전광역시 중구 대종로62번길80,대전광역시 중구 옥계동9-5,36.30150604,127.4532547,,전용주,042-606-6843,대전광역시 중구청,2022-09-16
옥계동216,1,대전광역시 중구 대종로62번길82,대전광역시 중구 옥계동9-30,36.30163193,127.4531555,,한전주,042-606-6843,대전광역시 중구청,2022-09-16
옥계동217,1,대전광역시 중구 대종로62번길86,대전광역시 중구 옥계동9-28,36.30180359,127.4530029,,한전주,042-606-6843,대전광역시 중구청,2022-09-16
옥계동218,1,대전광역시 중구 대전천서로63-3,대전광역시 중구 옥계동9-8,36.30188751,127.4531937,,전용주,042-606-6843,대전광역시 중구청,2022-09-16
옥계동219,1,대전광역시 중구 대중로102-8,대전광역시 중구 옥계동8-20,36.30186462,127.4525604,,한전주,042-606-6843,대전광역시 중구청,2022-09-16
옥계동220,1,대전광역시 중구 대종로62번길92,대전광역시 중구 옥계동9-9,36.30200958,127.4528503,,한전주,042-606-6843,대전광역시 중구청,2022-09-16
옥계동221,1,대전광역시 중구 대종로62번길100,대전광역시 중구 옥계동5-4,36.30229187,127.4525986,,한전주,042-606-6843,대전광역시 중구청,2022-09-16
옥계동222,1,대전광역시 중구 대종로62번길108,대전광역시 중구 옥계동5-10,36.30257416,127.4523468,,한전주,042-606-6843,대전광역시 중구청,2022-09-16
옥계동223,1,대전광역시 중구 대종로62번길117,대전광역시 중구 옥계동6-13,36.30258179,127.4519501,,한전주,042-606-6843,대전광역시 중구청,2022-09-16
옥계동224,1,,대전광역시 중구 옥계동51-4,36.29924706,127.4515398,,한전주,042-606-6843,대전광역시 중구청,2022-09-16
옥계동225,1,,대전광역시 중구 옥계동51-4,36.30147659,127.4499828,,한전주,042-606-6843,대전광역시 중구청,2022-09-16
옥계동226,1,,대전광역시 중구 옥계동4-6,36.30281557,127.4521782,,한전주,042-606-6843,대전광역시 중구청,2022-09-16
옥계동227,1,,대전광역시 중구 옥계동29-10,36.29982863,127.4508612,,한전주,042-606-6843,대전광역시 중구청,2022-09-16
옥계동228,1,,대전광역시 중구 옥계동51-4,36.29804544,127.4535367,,전용주,042-606-6843,대전광역시 중구청,2022-09-16
옥계동229,1,,대전광역시 중구 옥계동26-4,36.30109391,127.4501963,,전용주,042-606-6843,대전광역시 중구청,2022-09-16
옥계동230,1,,대전광역시 중구 옥계동201,36.29614579,127.4542382,,한전주,042-606-6843,대전광역시 중구청,2022-09-16
옥계동231,1,,대전광역시 중구 옥계동14-21,36.30127321,127.4519383,,전용주,042-606-6843,대전광역시 중구청,2022-09-16
옥계동232,1,,대전광역시 중구 옥계동51-2,36.3018884,127.453687,,한전주,042-606-6843,대전광역시 중구청,2022-09-16
옥계동233,1,,대전광역시 중구 옥계동34-18,36.299187,127.4525275,,한전주,042-606-6843,대전광역시 중구청,2022-09-16
옥계동234,1,,대전광역시 중구 옥계동산 4-8,36.29838002,127.4520441,,전용주,042-606-6843,대전광역시 중구청,2022-09-16
용두동001,1,대전광역시 중구 계룡로881번길55,대전광역시 중구 용두동12-2,36.32335663,127.4146347,,전용주,042-606-6843,대전광역시 중구청,2022-09-16
용두동002,1,대전광역시 중구 계룡로881번길48,대전광역시 중구 용두동13-23,36.32324219,127.4143829,,한전주,042-606-6843,대전광역시 중구청,2022-09-16
용두동003,1,대전광역시 중구 계룡로881번길34,대전광역시 중구 용두동14-8,36.32309341,127.4134064,,전용주,042-606-6843,대전광역시 중구청,2022-09-16
용두동004,1,대전광역시 중구 계룡로881번길25,대전광역시 중구 용두동15-8,36.32320023,127.4132156,,한전주,042-606-6843,대전광역시 중구청,2022-09-16
용두동005,1,대전광역시 중구 중앙로1-9,대전광역시 중구 용두동14-22,36.32294464,127.4127502,,한전주,042-606-6843,대전광역시 중구청,2022-09-16
용두동006,1,대전광역시 중구 계룡로881번길20,대전광역시 중구 용두동18-9,36.32314301,127.4127731,,한전주,042-606-6843,대전광역시 중구청,2022-09-16
용두동007,1,대전광역시 중구 계룡로881번길21-7,대전광역시 중구 용두동17-10,36.32343674,127.4130936,,전용주,042-606-6843,대전광역시 중구청,2022-09-16
용두동008,1,대전광역시 중구 계룡로881번길9-10,대전광역시 중구 용두동17-4,36.32357025,127.4126282,,한전주,042-606-6843,대전광역시 중구청,2022-09-16
용두동009,1,대전광역시 중구 계룡로881번길9-4,대전광역시 중구 용두동17-5,36.32338715,127.4124222,,한전주,042-606-6843,대전광역시 중구청,2022-09-16
용두동010,1,대전광역시 중구 계룡로881번길14,대전광역시 중구 용두동18-9,36.32321548,127.4125366,,전용주,042-606-6843,대전광역시 중구청,2022-09-16
용두동011,1,대전광역시 중구 계룡로881번길5,대전광역시 중구 용두동19-18,36.32321167,127.4120331,,한전주,042-606-6843,대전광역시 중구청,2022-09-16
용두동012,1,대전광역시 중구 선화로12번길,대전광역시 중구 용두동20-20,36.32378387,127.4125137,,한전주,042-606-6843,대전광역시 중구청,2022-09-16
용두동013,1,대전광역시 중구 선화로12번길27,대전광역시 중구 용두동20-9,36.32406235,127.4121628,,한전주,042-606-6843,대전광역시 중구청,2022-09-16
용두동014,1,대전광역시 중구 계룡로873-11,대전광역시 중구 용두동19-8,36.32380295,127.4119186,,전용주,042-606-6843,대전광역시 중구청,2022-09-16
용두동015,1,대전광역시 중구 선화로12번길23,대전광역시 중구 용두동20-9,36.32417297,127.4120178,,한전주,042-606-6843,대전광역시 중구청,2022-09-16
용두동016,1,대전광역시 중구 계룡로869번길8,대전광역시 중구 용두동22-5,36.32394791,127.4113617,,한전주,042-606-6843,대전광역시 중구청,2022-09-16
용두동017,1,대전광역시 중구 계룡로869번길12,대전광역시 중구 용두동22-8,36.32419586,127.4116592,,한전주,042-606-6843,대전광역시 중구청,2022-09-16
용두동018,1,대전광역시 중구 계룡로869번길22,대전광역시 중구 용두동20-7,36.32442474,127.4119415,,한전주,042-606-6843,대전광역시 중구청,2022-09-16
용두동019,1,대전광역시 중구 선화롭2번길5,대전광역시 중구 용두동25-5,36.3248024,127.411293,,한전주,042-606-6843,대전광역시 중구청,2022-09-16
용두동020,1,대전광역시 중구 선화롭2번길15,대전광역시 중구 용두동25-16,36.32449722,127.4116592,,한전주,042-606-6843,대전광역시 중구청,2022-09-16
용두동021,1,대전광역시 중구 계룡로869번길11,대전광역시 중구 용두동23-9,36.3241272,127.4113922,,한전주,042-606-6843,대전광역시 중구청,2022-09-16
용두동022,1,대전광역시 중구 선화로8-9,대전광역시 중구 용두동23-6,36.32443619,127.4109955,,한전주,042-606-6843,대전광역시 중구청,2022-09-16
용두동023,1,대전광역시 중구 중앙로13번길48-1,대전광역시 중구 용두동21-24,36.32464218,127.4126282,,전용주,042-606-6843,대전광역시 중구청,2022-09-16
용두동024,1,대전광역시 중구 중앙로13번길48,대전광역시 중구 용두동21-25,36.32449722,127.4125748,,건축물,042-606-6843,대전광역시 중구청,2022-09-16
용두동025,1,대전광역시 중구 중앙로13번길48-1,대전광역시 중구 용두동21-7,36.32458115,127.4126968,,건축물,042-606-6843,대전광역시 중구청,2022-09-16
용두동026,1,대전광역시 중구 중앙로13번길48-1,대전광역시 중구 용두동21-7,36.324646,127.4128189,,건축물,042-606-6843,대전광역시 중구청,2022-09-16
용두동027,1,대전광역시 중구 중앙로13번길44-11,대전광역시 중구 용두동21-28,36.32447815,127.4128723,,전용주,042-606-6843,대전광역시 중구청,2022-09-16
용두동028,1,대전광역시 중구 중앙로13번길36-2,대전광역시 중구 용두동21-19,36.32421875,127.4131622,,건축물,042-606-6843,대전광역시 중구청,2022-09-16
용두동029,1,,대전광역시 중구 용두동39-237,36.32416153,127.4156799,,한전주,042-606-6843,대전광역시 중구청,2022-09-16
용두동030,1,,대전광역시 중구 용두동39-237,36.32433701,127.4155426,,한전주,042-606-6843,대전광역시 중구청,2022-09-16
용두동031,1,,대전광역시 중구 용두동1-47,36.324543,127.4153976,,한전주,042-606-6843,대전광역시 중구청,2022-09-16
용두동032,1,,대전광역시 중구 용두동6-20,36.32510376,127.4149704,,한전주,042-606-6843,대전광역시 중구청,2022-09-16
용두동033,1,,대전광역시 중구 용두동6-125,36.32559586,127.4146194,,한전주,042-606-6843,대전광역시 중구청,2022-09-16
용두동035,1,대전광역시 중구 선화로43번길4-7,대전광역시 중구 용두동52-76,36.32752609,127.4133301,,한전주,042-606-6843,대전광역시 중구청,2022-09-16
용두동036,1,대전광역시 중구 선화로43번길4-11,대전광역시 중구 용두동52-58,36.32765579,127.4135361,,전용주,042-606-6843,대전광역시 중구청,2022-09-16
용두동038,1,대전광역시 중구 선화로35번길18-14,대전광역시 중구 용두동53-158,36.32779694,127.4125443,,한전주,042-606-6843,대전광역시 중구청,2022-09-16
용두동039,1,대전광역시 중구 선화로35번길18-6,대전광역시 중구 용두동53-152,36.32775116,127.4123764,,한전주,042-606-6843,대전광역시 중구청,2022-09-16
용두동040,1,대전광역시 중구 선화로32번길20,대전광역시 중구 용두동53-57,36.32771683,127.4119186,,한전주,042-606-6843,대전광역시 중구청,2022-09-16
용두동041,1,대전광역시 중구 선화로35번길26,대전광역시 중구 용두동53-169,36.32788849,127.4118271,,한전주,042-606-6843,대전광역시 중구청,2022-09-16
용두동042,1,대전광역시 중구 동서대로1352번길59-11,대전광역시 중구 용두동53-138,36.32820511,127.4116898,,한전주,042-606-6843,대전광역시 중구청,2022-09-16
용두동043,1,대전광역시 중구 동서대로1352번길59-9,대전광역시 중구 용두동53-140,36.32810211,127.4113922,,전용주,042-606-6843,대전광역시 중구청,2022-09-16
용두동044,1,대전광역시 중구 용두로28번길50,대전광역시 중구 용두동56-26,36.32825089,127.4106979,,한전주,042-606-6843,대전광역시 중구청,2022-09-16
용두동045,1,대전광역시 중구 동서대로1352번길44,대전광역시 중구 용두동56-120,36.3285141,127.4105377,,건축물,042-606-6843,대전광역시 중구청,2022-09-16
용두동046,1,대전광역시 중구 동서대로1352번길60,대전광역시 중구 용두동56-21,36.32780838,127.4110031,,한전주,042-606-6843,대전광역시 중구청,2022-09-16
용두동047,1,대전광역시 중구 동서대로1352번길64,대전광역시 중구 용두동56-24,36.32765579,127.4111176,,한전주,042-606-6843,대전광역시 중구청,2022-09-16
용두동048,1,대전광역시 중구 동서대로1352번길65-3,대전광역시 중구 용두동53-129,36.32778168,127.4113846,,한전주,042-606-6843,대전광역시 중구청,2022-09-16
용두동049,1,대전광역시 중구 동서대로1352번길72,대전광역시 중구 용두동27-3,36.32740402,127.411293,,한전주,042-606-6843,대전광역시 중구청,2022-09-16
용두동050,1,대전광역시 중구 동서대로1352번길71-3,대전광역시 중구 용두동53-71,36.32762146,127.4117432,,전용주,042-606-6843,대전광역시 중구청,2022-09-16
용두동051,1,대전광역시 중구 선화로35번길13,대전광역시 중구 용두동53-47,36.32747269,127.4119873,,한전주,042-606-6843,대전광역시 중구청,2022-09-16
용두동052,1,대전광역시 중구 선화로35번길5,대전광역시 중구 용두동53-178,36.32712173,127.4122238,,전용주,042-606-6843,대전광역시 중구청,2022-09-16
용두동053,1,대전광역시 중구 동서대로1352번길82,대전광역시 중구 용두동27-10,36.32696915,127.4115753,,한전주,042-606-6843,대전광역시 중구청,2022-09-16
용두동054,1,대전광역시 중구 동서대로1352번길78,대전광역시 중구 용두동27-6,36.32717133,127.4114456,,한전주,042-606-6843,대전광역시 중구청,2022-09-16
용두동055,1,대전광역시 중구 동서대로1352번길79,대전광역시 중구 용두동27-8,36.32712173,127.4113922,,건축물,042-606-6843,대전광역시 중구청,2022-09-16
용두동056,1,대전광역시 중구 동서대로1352번길75-2,대전광역시 중구 용두동53-67,36.32732391,127.4115677,,건축물,042-606-6843,대전광역시 중구청,2022-09-16
용두동057,1,대전광역시 중구 동서대로1352번길75-7,대전광역시 중구 용두동53-73,36.32736206,127.4117126,,한전주,042-606-6843,대전광역시 중구청,2022-09-16
용두동058,1,대전광역시 중구 용두로24번길36,대전광역시 중구 용두동27-5,36.32741928,127.4110947,,한전주,042-606-6843,대전광역시 중구청,2022-09-16
용두동059,1,대전광역시 중구 용두로24번길34-1,대전광역시 중구 용두동27-17,36.32722092,127.4110565,,전용주,042-606-6843,대전광역시 중구청,2022-09-16
용두동060,1,대전광역시 중구 용두로24번길32,대전광역시 중구 용두동27-25,36.32730865,127.4107895,,한전주,042-606-6843,대전광역시 중구청,2022-09-16
용두동061,1,대전광역시 중구 용두로24번길31-9,대전광역시 중구 용두동56-38,36.32772064,127.4107132,,한전주,042-606-6843,대전광역시 중구청,2022-09-16
용두동062,1,대전광역시 중구 용두로24번길31-27,대전광역시 중구 용두동58-1,36.32787323,127.4106674,,한전주,042-606-6843,대전광역시 중구청,2022-09-16
용두동063,1,대전광역시 중구 용두로28번길50,대전광역시 중구 용두동56-25,36.32821274,127.4106445,,한전주,042-606-6843,대전광역시 중구청,2022-09-16
용두동064,1,대전광역시 중구 용두로28번길39-7,대전광역시 중구 용두동56-116,36.32827377,127.4102936,,전용주,042-606-6843,대전광역시 중구청,2022-09-16
용두동065,1,대전광역시 중구 용두로28번길34,대전광역시 중구 용두동56-155,36.328022,127.4104156,,한전주,042-606-6843,대전광역시 중구청,2022-09-16
용두동066,1,대전광역시 중구 용두로28번길30,대전광역시 중구 용두동56-35,36.3276825,127.4100266,,한전주,042-606-6843,대전광역시 중구청,2022-09-16
용두동067,1,대전광역시 중구 용두로28번길32,대전광역시 중구 용두동56-157,36.32780457,127.4101791,,한전주,042-606-6843,대전광역시 중구청,2022-09-16
용두동068,1,대전광역시 중구 용두로24번길23-12,대전광역시 중구 용두동56-179,36.32752609,127.4101563,,한전주,042-606-6843,대전광역시 중구청,2022-09-16
용두동069,1,대전광역시 중구 용두로24번길23-10,대전광역시 중구 용두동56-202,36.32740784,127.4103165,,전용주,042-606-6843,대전광역시 중구청,2022-09-16
용두동070,1,대전광역시 중구 용두로24번길19,대전광역시 중구 용두동60-4,36.32713699,127.4104462,,한전주,042-606-6843,대전광역시 중구청,2022-09-16
용두동071,1,대전광역시 중구 용두로24번길17,대전광역시 중구 용두동60-5,36.32700729,127.4102097,,한전주,042-606-6843,대전광역시 중구청,2022-09-16
용두동072,1,대전광역시 중구 용두로24번길9,대전광역시 중구 용두동60-6,36.3268013,127.4098206,,한전주,042-606-6843,대전광역시 중구청,2022-09-16
용두동073,1,대전광역시 중구 용두로24-8,대전광역시 중구 용두동71-20,36.326931,127.4093933,,전용주,042-606-6843,대전광역시 중구청,2022-09-16
용두동074,1,대전광역시 중구 용두로24-18,대전광역시 중구 용두동56-166,36.32718658,127.4096985,,한전주,042-606-6843,대전광역시 중구청,2022-09-16
용두동075,1,대전광역시 중구 용두로28번길23,대전광역시 중구 용두동56-143,36.32757568,127.4097595,,한전주,042-606-6843,대전광역시 중구청,2022-09-16
용두동076,1,대전광역시 중구 용두로28번길15,대전광역시 중구 용두동56-135,36.3273735,127.4095154,,전용주,042-606-6843,대전광역시 중구청,2022-09-16
용두동077,1,대전광역시 중구 동서대로1332번길53,대전광역시 중구 용두동56-215,36.3272438,127.4093399,,한전주,042-606-6843,대전광역시 중구청,2022-09-16
용두동078,1,대전광역시 중구 용두로28번길3,대전광역시 중구 용두동71-15,36.32706833,127.4091339,,한전주,042-606-6843,대전광역시 중구청,2022-09-16
용두동079,1,대전광역시 중구 동서대로1332번길47,대전광역시 중구 용두동56-133,36.32736969,127.4091568,,한전주,042-606-6843,대전광역시 중구청,2022-09-16
용두동080,1,대전광역시 중구 동서대로1332번길47-1,대전광역시 중구 용두동56-132,36.32748413,127.4091949,,전용주,042-606-6843,대전광역시 중구청,2022-09-16
용두동081,1,대전광역시 중구 용두로38번길6,대전광역시 중구 용두동92-9,36.3275032,127.4082642,,한전주,042-606-6843,대전광역시 중구청,2022-09-16
용두동082,1,대전광역시 중구 용두로38번길9,대전광역시 중구 용두동93-26,36.32765579,127.408493,,한전주,042-606-6843,대전광역시 중구청,2022-09-16
용두동083,1,대전광역시 중구 용두로38번길16,대전광역시 중구 용두동93-42,36.32766724,127.4087601,,한전주,042-606-6843,대전광역시 중구청,2022-09-16
용두동084,1,대전광역시 중구 용두로28번길21-20,대전광역시 중구 용두동56-130,36.32774353,127.4091034,,한전주,042-606-6843,대전광역시 중구청,2022-09-16
용두동085,1,대전광역시 중구 용두로28번길21-10,대전광역시 중구 용두동56-137,36.32765198,127.4093628,,한전주,042-606-6843,대전광역시 중구청,2022-09-16
용두동086,1,대전광역시 중구 용두로38번길22,대전광역시 중구 용두동56-181,36.3278923,127.4091053,,한전주,042-606-6843,대전광역시 중구청,2022-09-16
용두동087,1,대전광역시 중구 용두로38번길26,대전광역시 중구 용두동56-126,36.32810593,127.4093246,,한전주,042-606-6843,대전광역시 중구청,2022-09-16
용두동088,1,대전광역시 중구 용두로38번길26-4,대전광역시 중구 용두동56-126,36.32795715,127.4094849,,한전주,042-606-6843,대전광역시 중구청,2022-09-16
용두동089,1,대전광역시 중구 용두로38번길27-5,대전광역시 중구 용두동56-101,36.32836533,127.4089966,,한전주,042-606-6843,대전광역시 중구청,2022-09-16
용두동090,1,대전광역시 중구 용두로38번길33-4,대전광역시 중구 용두동56-100,36.32839966,127.4091644,,한전주,042-606-6843,대전광역시 중구청,2022-09-16
용두동091,1,대전광역시 중구 용두로38번길34,대전광역시 중구 용두동56-123,36.32827377,127.4095383,,한전주,042-606-6843,대전광역시 중구청,2022-09-16
용두동092,1,대전광역시 중구 동서대로1340번길38,대전광역시 중구 용두동56-110,36.32839966,127.4097443,,한전주,042-606-6843,대전광역시 중구청,2022-09-16
용두동093,1,대전광역시 중구 동서대로1340번길45,대전광역시 중구 용두동56-114,36.32817078,127.4101028,,한전주,042-606-6843,대전광역시 중구청,2022-09-16
용두동094,1,대전광역시 중구 용두로38번길42,대전광역시 중구 용두동56-109,36.32855988,127.4098892,,한전주,042-606-6843,대전광역시 중구청,2022-09-16
용두동095,1,대전광역시 중구 동서대로1352번길34,대전광역시 중구 용두동56-32,36.32872391,127.4100952,,한전주,042-606-6843,대전광역시 중구청,2022-09-16
용두동096,1,,대전광역시 중구 용두동56-89,36.3286972,127.4097137,,한전주,042-606-6843,대전광역시 중구청,2022-09-16
용두동097,1,,대전광역시 중구 용두동56-98,36.32859421,127.4094238,,한전주,042-606-6843,대전광역시 중구청,2022-09-16
용두동098,1,대전광역시 중구 동서대로1340번길24-1,대전광역시 중구 용두동56-31,36.32863617,127.408989,,전용주,042-606-6843,대전광역시 중구청,2022-09-16
용두동099,1,대전광역시 중구 동서대로1340번길24-5,대전광역시 중구 용두동56-97,36.32849121,127.4090729,,전용주,042-606-6843,대전광역시 중구청,2022-09-16
용두동100,1,,대전광역시 중구 용두동56-103,36.3283577,127.408844,,한전주,042-606-6843,대전광역시 중구청,2022-09-16
용두동101,1,,대전광역시 중구 용두동56-96,36.32884979,127.4090652,,한전주,042-606-6843,대전광역시 중구청,2022-09-16
용두동102,1,대전광역시 중구 동서대로1340번길15,대전광역시 중구 용두동95-17,36.32904434,127.4087677,,한전주,042-606-6843,대전광역시 중구청,2022-09-16
용두동103,1,대전광역시 중구 동서대로1340번길15,대전광역시 중구 용두동56-206,36.32920074,127.4085159,,한전주,042-606-6843,대전광역시 중구청,2022-09-16
용두동104,1,대전광역시 중구 동서대로1332번길9-16,대전광역시 중구 용두동95-32,36.32902145,127.4083176,,전용주,042-606-6843,대전광역시 중구청,2022-09-16
용두동105,1,대전광역시 중구 동서대로1332번길9-6,대전광역시 중구 용두동97-28,36.32870483,127.4077454,,전용주,042-606-6843,대전광역시 중구청,2022-09-16
용두동106,1,대전광역시 중구 동서대로1332번길6,대전광역시 중구 용두동98-12,36.32875443,127.4075241,,한전주,042-606-6843,대전광역시 중구청,2022-09-16
용두동107,1,대전광역시 중구 동서대로1332번길17,대전광역시 중구 용두동96-2,36.32846069,127.4078445,,한전주,042-606-6843,대전광역시 중구청,2022-09-16
용두동108,1,대전광역시 중구 동서대로1332번길15-6,대전광역시 중구 용두동97-12,36.32856369,127.4080124,,한전주,042-606-6843,대전광역시 중구청,2022-09-16
용두동109,1,대전광역시 중구 동서대로1332번길15-13,대전광역시 중구 용두동97-1,36.32870865,127.408287,,전용주,042-606-6843,대전광역시 중구청,2022-09-16
용두동110,1,대전광역시 중구 동서대로1332번길15-18,대전광역시 중구 용두동95-4,36.32888031,127.4084625,,전용주,042-606-6843,대전광역시 중구청,2022-09-16
용두동111,1,대전광역시 중구 계룡로815번길47,대전광역시 중구 용두동95-18,36.32881165,127.4087448,,한전주,042-606-6843,대전광역시 중구청,2022-09-16
용두동112,1,대전광역시 중구 계룡로815번길39,대전광역시 중구 용두동95-20,36.32857895,127.4084625,,한전주,042-606-6843,대전광역시 중구청,2022-09-16
용두동113,1,대전광역시 중구 계룡로815번길40-1,대전광역시 중구 용두동93-54,36.3283844,127.4085846,,한전주,042-606-6843,대전광역시 중구청,2022-09-16
용두동114,1,대전광역시 중구 계룡로815번길33,대전광역시 중구 용두동95-54,36.32826614,127.4081039,,한전주,042-606-6843,대전광역시 중구청,2022-09-16
용두동115,1,,대전광역시 중구 용두동96-11,36.32823563,127.4078903,,한전주,042-606-6843,대전광역시 중구청,2022-09-16
용두동116,1,대전광역시 중구 계룡로815번길24,대전광역시 중구 용두동89-8,36.32806778,127.4078827,,한전주,042-606-6843,대전광역시 중구청,2022-09-16
용두동117,1,대전광역시 중구 동서대로1332번길29,대전광역시 중구 용두동93-1,36.32801437,127.4082565,,한전주,042-606-6843,대전광역시 중구청,2022-09-16
용두동118,1,대전광역시 중구 동서대로1332번길29,대전광역시 중구 용두동93-64,36.32794189,127.408371,,한전주,042-606-6843,대전광역시 중구청,2022-09-16
용두동119,1,대전광역시 중구 계룡로805-22,대전광역시 중구 용두동111-3,36.32858276,127.4069977,,한전주,042-606-6843,대전광역시 중구청,2022-09-16
용두동120,1,대전광역시 중구 계룡로805-18,대전광역시 중구 용두동111-4,36.32842255,127.4067154,,한전주,042-606-6843,대전광역시 중구청,2022-09-16
용두동121,1,대전광역시 중구 계룡로805-9,대전광역시 중구 용두동112-1,36.32818604,127.4064178,,한전주,042-606-6843,대전광역시 중구청,2022-09-16
용두동122,1,대전광역시 중구 동서대로1322번길15,대전광역시 중구 용두동111-9,36.32815933,127.4066086,,한전주,042-606-6843,대전광역시 중구청,2022-09-16
용두동123,1,대전광역시 중구 동서대로1322번길23,대전광역시 중구 용두동111-18,36.32798004,127.4068298,,한전주,042-606-6843,대전광역시 중구청,2022-09-16
용두동124,1,대전광역시 중구 동서대로322번길21-5,대전광역시 중구 용두동111-13,36.32804871,127.4069595,,전용주,042-606-6843,대전광역시 중구청,2022-09-16
용두동125,1,대전광역시 중구 동서대로1322번길27,대전광역시 중구 용두동111-19,36.32783127,127.4070129,,한전주,042-606-6843,대전광역시 중구청,2022-09-16
용두동126,1,대전광역시 중구 동서대로1322번길21-6,대전광역시 중구 용두동111-15,36.32808304,127.407074,,전용주,042-606-6843,대전광역시 중구청,2022-09-16
용두동127,1,대전광역시 중구 동서대로1322번길21-9,대전광역시 중구 용두동111-11,36.3282547,127.4069595,,전용주,042-606-6843,대전광역시 중구청,2022-09-16
용두동128,1,대전광역시 중구 용두로47,대전광역시 중구 용두동111-15,36.32823944,127.4072571,,한전주,042-606-6843,대전광역시 중구청,2022-09-16
용두동130,1,대전광역시 중구 용두로45,대전광역시 중구 용두동111-26,36.32793427,127.4074631,,한전주,042-606-6843,대전광역시 중구청,2022-09-16
용두동131,1,대전광역시 중구 동서대로1352,대전광역시 중구 용두동56-44,36.32984161,127.4091568,,한전주,042-606-6843,대전광역시 중구청,2022-09-16
용두동132,1,대전광역시 중구 용두로43,대전광역시 중구 용두동34-1,36.32772827,127.4076309,,한전주,042-606-6843,대전광역시 중구청,2022-09-16
용두동133,1,대전광역시 중구 동서대로1322번길35,대전광역시 중구 용두동34-33,36.32753754,127.4073715,,한전주,042-606-6843,대전광역시 중구청,2022-09-16
용두동134,1,,대전광역시 중구 용두동35-2,36.32732391,127.4071045,,한전주,042-606-6843,대전광역시 중구청,2022-09-16
용두동135,1,대전광역시 중구 동서대로1322번길43,대전광역시 중구 용두동34-12,36.32726288,127.4075546,,한전주,042-606-6843,대전광역시 중구청,2022-09-16
용두동136,1,대전광역시 중구 동서대로1322번길53,대전광역시 중구 용두동35-9,36.32696915,127.4079056,,한전주,042-606-6843,대전광역시 중구청,2022-09-16
용두동137,1,,대전광역시 중구 용두동34-13,36.32676697,127.4081497,,한전주,042-606-6843,대전광역시 중구청,2022-09-16
용두동138,1,대전광역시 중구 동서대로1322번길57,대전광역시 중구 용두동34-13,36.32684326,127.4082642,,한전주,042-606-6843,대전광역시 중구청,2022-09-16
용두동139,1,대전광역시 중구 용두로37-1,대전광역시 중구 용두동34-17,36.32741165,127.4080505,,한전주,042-606-6843,대전광역시 중구청,2022-09-16
용두동140,1,대전광역시 중구 용두로35,대전광역시 중구 용두동34-19,36.32725143,127.4082718,,한전주,042-606-6843,대전광역시 중구청,2022-09-16
용두동141,1,대전광역시 중구 용두로34,대전광역시 중구 용두동92-18,36.32722855,127.4085159,,한전주,042-606-6843,대전광역시 중구청,2022-09-16
용두동142,1,대전광역시 중구 용두로32,대전광역시 중구 용두동71-17,36.32714462,127.408638,,한전주,042-606-6843,대전광역시 중구청,2022-09-16
용두동143,1,대전광역시 중구 용두로27-1,대전광역시 중구 용두동32-2,36.32687378,127.4088516,,한전주,042-606-6843,대전광역시 중구청,2022-09-16
용두동144,1,대전광역시 중구 용두로23,대전광역시 중구 용두동32-14,36.32662201,127.4092331,,한전주,042-606-6843,대전광역시 중구청,2022-09-16
용두동145,1,대전광역시 중구 용두로21-6,대전광역시 중구 용두동32-11,36.32633588,127.4091558,,전용주,042-606-6843,대전광역시 중구청,2022-09-16
용두동146,1,,대전광역시 중구 용두동31-1,36.32616043,127.4091339,,한전주,042-606-6843,대전광역시 중구청,2022-09-16
용두동147,1,대전광역시 중구 용두로21-15,대전광역시 중구 용두동30-6,36.32597351,127.4088974,,한전주,042-606-6843,대전광역시 중구청,2022-09-16
용두동148,1,대전광역시 중구 동서대로1322번길74,대전광역시 중구 용두동33-5,36.32631302,127.4087524,,한전주,042-606-6843,대전광역시 중구청,2022-09-16
용두동149,1,대전광역시 중구 동서대로1322번길91,대전광역시 중구 용두동31-6,36.32584763,127.4094467,,한전주,042-606-6843,대전광역시 중구청,2022-09-16
용두동150,1,대전광역시 중구 계룡로847-8,대전광역시 중구 용두동29-3,36.32533264,127.4096451,,한전주,042-606-6843,대전광역시 중구청,2022-09-16
용두동151,1,대전광역시 중구 동서대로1322번길103,대전광역시 중구 용두동28-2,36.32549286,127.4099337,,한전주,042-606-6843,대전광역시 중구청,2022-09-16
용두동152,1,대전광역시 중구 동서대로1322번길107,대전광역시 중구 용두동28-10,36.32522202,127.4101944,,한전주,042-606-6843,대전광역시 중구청,2022-09-16
용두동153,1,대전광역시 중구 동서대로1322번길117,대전광역시 중구 용두동28-16,36.32501779,127.410502,,한전주,042-606-6843,대전광역시 중구청,2022-09-16
용두동154,1,대전광역시 중구 용두로6,대전광역시 중구 용두동27-30,36.32538858,127.4107768,,한전주,042-606-6843,대전광역시 중구청,2022-09-16
용두동155,1,대전광역시 중구 용두로7-2,대전광역시 중구 용두동28-6,36.32549667,127.4104614,,한전주,042-606-6843,대전광역시 중구청,2022-09-16
용두동156,1,대전광역시 중구 계룡로847-19,대전광역시 중구 용두동28-1,36.32574463,127.4100342,,한전주,042-606-6843,대전광역시 중구청,2022-09-16
용두동157,1,,대전광역시 중구 용두동28-1,36.32584381,127.4102554,,한전주,042-606-6843,대전광역시 중구청,2022-09-16
용두동158,1,대전광역시 중구 용두로15,대전광역시 중구 용두동31-8,36.32601929,127.4098969,,한전주,042-606-6843,대전광역시 중구청,2022-09-16
용두동159,1,대전광역시 중구 용두로17-2,대전광역시 중구 용두동31-13,36.32627487,127.4096375,,한전주,042-606-6843,대전광역시 중구청,2022-09-16
용두동160,1,대전광역시 중구 동서대로1352번길40-3,대전광역시 중구 용두동56-118,36.32856369,127.4102478,,한전주,042-606-6843,대전광역시 중구청,2022-09-16
용두동161,1,대전광역시 중구 동서대로1352,대전광역시 중구 용두동56-114,36.32839203,127.4103165,,전용주,042-606-6843,대전광역시 중구청,2022-09-16
용두동162,1,대전광역시 중구 동서대로1340번길41-4,대전광역시 중구 용두동56-112,36.32846069,127.4100952,,전용주,042-606-6843,대전광역시 중구청,2022-09-16
용두동163,1,대전광역시 중구 동서대로1340번길41-1,대전광역시 중구 용두동56-112,36.32832336,127.4100113,,전용주,042-606-6843,대전광역시 중구청,2022-09-16
용두동164,1,대전광역시 중구 동서대로1331번길5,대전광역시 중구 용두동100-16,36.32954788,127.4070511,,한전주,042-606-6843,대전광역시 중구청,2022-09-16
용두동165,1,대전광역시 중구 동서대로1331번길16,대전광역시 중구 용두동100-34,36.32995987,127.4072037,,전용주,042-606-6843,대전광역시 중구청,2022-09-16
용두동166,1,대전광역시 중구 동서대로1331번길18,대전광역시 중구 용두동100-48,36.33007813,127.4071121,,한전주,042-606-6843,대전광역시 중구청,2022-09-16
용두동167,1,대전광역시 중구 동서대로1331번길24,대전광역시 중구 용두동100-31,36.33036423,127.4070892,,한전주,042-606-6843,대전광역시 중구청,2022-09-16
용두동168,1,대전광역시 중구 동서대로1331번길31,대전광역시 중구 용두동100-29,36.33065414,127.4071579,,한전주,042-606-6843,대전광역시 중구청,2022-09-16
용두동169,1,대전광역시 중구 동서대로1331번길38,대전광역시 중구 용두동100-27,36.33081818,127.4073029,,한전주,042-606-6843,대전광역시 중구청,2022-09-16
용두동170,1,대전광역시 중구 동서대로1327번길8,대전광역시 중구 용두동100,36.32956314,127.4065475,,한전주,042-606-6843,대전광역시 중구청,2022-09-16
용두동171,1,대전광역시 중구 동서대로1327번길18,대전광역시 중구 용두동125-6,36.33001709,127.4062729,,한전주,042-606-6843,대전광역시 중구청,2022-09-16
용두동172,1,대전광역시 중구 동서대로1327번길24,대전광역시 중구 용두동125-8,36.33016205,127.406189,,한전주,042-606-6843,대전광역시 중구청,2022-09-16
용두동173,1,대전광역시 중구 동서대로1327번길28-1,대전광역시 중구 용두동128-2,36.33041382,127.4060593,,한전주,042-606-6843,대전광역시 중구청,2022-09-16
용두동174,1,대전광역시 중구 동서대로1327번길26,대전광역시 중구 용두동128-8,36.33047104,127.4062805,,한전주,042-606-6843,대전광역시 중구청,2022-09-16
용두동175,1,대전광역시 중구 동서대로1327번길36,대전광역시 중구 용두동128-6,36.33062744,127.4058838,,한전주,042-606-6843,대전광역시 중구청,2022-09-16
용두동176,1,대전광역시 중구 동서대로1321번길24,대전광역시 중구 용두동116-2,36.33014297,127.405571,,한전주,042-606-6843,대전광역시 중구청,2022-09-16
용두동177,1,대전광역시 중구 동서대로1321번길20,대전광역시 중구 용두동117-3,36.32986832,127.4057159,,한전주,042-606-6843,대전광역시 중구청,2022-09-16
용두동178,1,대전광역시 중구 어덕마을로10번길95-6,대전광역시 중구 용두동118-9,36.32954407,127.4053192,,한전주,042-606-6843,대전광역시 중구청,2022-09-16
용두동179,1,대전광역시 중구 어덕마을로10번길95-5,대전광역시 중구 용두동119-4,36.32933044,127.4049911,,한전주,042-606-6843,대전광역시 중구청,2022-09-16
용두동180,1,대전광역시 중구 어덕마을로10번길90,대전광역시 중구 용두동119-1,36.32953262,127.4047546,,한전주,042-606-6843,대전광역시 중구청,2022-09-16
용두동181,1,대전광역시 중구 계룡로783번길13,대전광역시 중구 용두동121-6,36.32973862,127.4048157,,한전주,042-606-6843,대전광역시 중구청,2022-09-16
용두동182,1,대전광역시 중구 계룡로783번길21,대전광역시 중구 용두동121-16,36.32995605,127.4050674,,한전주,042-606-6843,대전광역시 중구청,2022-09-16
용두동183,1,대전광역시 중구 계룡로789,대전광역시 중구 용두동119-6,36.32904053,127.4051895,,전용주,042-606-6843,대전광역시 중구청,2022-09-16
용두동184,1,대전광역시 중구 계룡로791-10,대전광역시 중구 용두동115-8,36.32910156,127.4053955,,한전주,042-606-6843,대전광역시 중구청,2022-09-16
용두동185,1,대전광역시 중구 계룡로791-13,대전광역시 중구 용두동118-2,36.32934189,127.4055176,,한전주,042-606-6843,대전광역시 중구청,2022-09-16
용두동186,1,대전광역시 중구 동서대로1321번길7,대전광역시 중구 용두동115-1,36.32945251,127.405838,,한전주,042-606-6843,대전광역시 중구청,2022-09-16
용두동187,1,대전광역시 중구 동서대로1321번길32,대전광역시 중구 용두동124-9,36.33030701,127.4054718,,한전주,042-606-6843,대전광역시 중구청,2022-09-16
용두동188,1,대전광역시 중구 어덕마을로10번길79-18,대전광역시 중구 용두동121-1,36.3303299,127.4050598,,한전주,042-606-6843,대전광역시 중구청,2022-09-16
용두동189,1,대전광역시 중구 어덕마을로10번길79-8,대전광역시 중구 용두동121-14,36.3300705,127.4047318,,한전주,042-606-6843,대전광역시 중구청,2022-09-16
용두동190,1,대전광역시 중구 어덕마을로10번길79-4,대전광역시 중구 용두동121-5,36.32988358,127.4045029,,한전주,042-606-6843,대전광역시 중구청,2022-09-16
용두동191,1,대전광역시 중구 어덕마을로10번길86,대전광역시 중구 용두동120-5,36.32976532,127.4045366,,한전주,042-606-6843,대전광역시 중구청,2022-09-16
용두동192,1,대전광역시 중구 어덕마을로10번길79-3,대전광역시 중구 용두동120-3,36.32991791,127.4043121,,한전주,042-606-6843,대전광역시 중구청,2022-09-16
용두동193,1,대전광역시 중구 어덕마을로10번길71-8,대전광역시 중구 용두동122-10,36.33029175,127.4044189,,한전주,042-606-6843,대전광역시 중구청,2022-09-16
용두동194,1,대전광역시 중구 어덕마을로10번길71-16,대전광역시 중구 용두동122-3,36.33050537,127.4046783,,한전주,042-606-6843,대전광역시 중구청,2022-09-16
용두동195,1,대전광역시 중구 동서대로1321번길39,대전광역시 중구 용두동122-1,36.33065796,127.4048615,,한전주,042-606-6843,대전광역시 중구청,2022-09-16
용두동196,1,대전광역시 중구 동서대로1321번길40,대전광역시 중구 용두동124-6,36.33060837,127.4051208,,한전주,042-606-6843,대전광역시 중구청,2022-09-16
용두동197,1,대전광역시 중구 동서대로1321번길44,대전광역시 중구 용두동124-17,36.33088303,127.4048157,,한전주,042-606-6843,대전광역시 중구청,2022-09-16
용두동198,1,대전광역시 중구 계룡로771번길8,대전광역시 중구 용두동120-10,36.33021164,127.4036713,,한전주,042-606-6843,대전광역시 중구청,2022-09-16
용두동199,1,,대전광역시 중구 용두동120-2,36.33013153,127.4040222,,한전주,042-606-6843,대전광역시 중구청,2022-09-16
용두동200,1,대전광역시 중구 계룡로771번길8,대전광역시 중구 용두동120-1,36.33029938,127.4038391,,한전주,042-606-6843,대전광역시 중구청,2022-09-16
용두동201,1,대전광역시 중구 계룡로771번길14,대전광역시 중구 용두동123-6,36.33048248,127.4040451,,한전주,042-606-6843,대전광역시 중구청,2022-09-16
용두동202,1,대전광역시 중구 계룡로771번길26,대전광역시 중구 용두동123-9,36.33082581,127.4044571,,한전주,042-606-6843,대전광역시 중구청,2022-09-16
용두동203,1,대전광역시 중구 계룡로771번길53,대전광역시 중구 용두동124-1,36.33115768,127.4048615,,한전주,042-606-6843,대전광역시 중구청,2022-09-16
용두동204,1,대전광역시 중구 동서대로1327번길54,대전광역시 중구 용두동141-4,36.33131027,127.4050674,,한전주,042-606-6843,대전광역시 중구청,2022-09-16
용두동205,1,대전광역시 중구 동서대로1327번길48,대전광역시 중구 용두동141-10,36.33115387,127.4052353,,한전주,042-606-6843,대전광역시 중구청,2022-09-16
용두동206,1,대전광역시 중구 동서대로1327번길46,대전광역시 중구 용두동715-7,36.33096313,127.4054871,,한전주,042-606-6843,대전광역시 중구청,2022-09-16
용두동207,1,대전광역시 중구 동서대로1327번길41,대전광역시 중구 용두동124-7,36.33077621,127.4055252,,전용주,042-606-6843,대전광역시 중구청,2022-09-16
용두동208,1,,대전광역시 중구 용두동143,36.33139038,127.4049606,,한전주,042-606-6843,대전광역시 중구청,2022-09-16
용두동209,1,대전광역시 중구 동서대로1327번길68,대전광역시 중구 용두동144-3,36.33172989,127.4045868,,한전주,042-606-6843,대전광역시 중구청,2022-09-16
용두동210,1,대전광역시 중구 동서대로1327번길59,대전광역시 중구 용두동148-1,36.33188629,127.4043884,,한전주,042-606-6843,대전광역시 중구청,2022-09-16
용두동211,1,대전광역시 중구 계룡로765번길33,대전광역시 중구 용두동134-2,36.33168411,127.4041595,,한전주,042-606-6843,대전광역시 중구청,2022-09-16
용두동212,1,대전광역시 중구 동서대로1321번길56,대전광역시 중구 용두동126-12,36.33129883,127.4043427,,한전주,042-606-6843,대전광역시 중구청,2022-09-16
용두동213,1,대전광역시 중구 어덕마을로10번길55-16,대전광역시 중구 용두동130-3,36.33109283,127.4041595,,한전주,042-606-6843,대전광역시 중구청,2022-09-16
용두동214,1,대전광역시 중구 어덕마을로10번길55-8,대전광역시 중구 용두동130-7,36.33081436,127.4037933,,한전주,042-606-6843,대전광역시 중구청,2022-09-16
용두동215,1,대전광역시 중구 어덕마을로10번길62,대전광역시 중구 용두동131-11,36.33046722,127.4036331,,한전주,042-606-6843,대전광역시 중구청,2022-09-16
용두동216,1,대전광역시 중구 어덕마을로10번길46,대전광역시 중구 용두동132-4,36.33076859,127.4030228,,한전주,042-606-6843,대전광역시 중구청,2022-09-16
용두동217,1,대전광역시 중구 계룡로765번길27,대전광역시 중구 용두동133-2,36.33137512,127.4037628,,한전주,042-606-6843,대전광역시 중구청,2022-09-16
용두동218,1,대전광역시 중구 동서대로1327번길80,대전광역시 중구 용두동149-18,36.33211136,127.4041519,,한전주,042-606-6843,대전광역시 중구청,2022-09-16
용두동219,1,대전광역시 중구 동서대로1327번길84,대전광역시 중구 용두동149-8,36.33234406,127.4039078,,한전주,042-606-6843,대전광역시 중구청,2022-09-16
용두동220,1,대전광역시 중구 계룡로755번길37,대전광역시 중구 용두동134-16,36.33210373,127.4036255,,한전주,042-606-6843,대전광역시 중구청,2022-09-16
용두동221,1,대전광역시 중구 동서대로1321번길30,대전광역시 중구 용두동135-15,36.33184814,127.4035873,,한전주,042-606-6843,대전광역시 중구청,2022-09-16
용두동222,1,대전광역시 중구 동서대로1321번길70,대전광역시 중구 용두동134-2,36.33164978,127.4039307,,한전주,042-606-6843,대전광역시 중구청,2022-09-16
용두동223,1,대전광역시 중구 어덕마을로10번길41-16,대전광역시 중구 용두동133-7,36.33155441,127.4035568,,한전주,042-606-6843,대전광역시 중구청,2022-09-16
용두동224,1,대전광역시 중구 어덕마을로10번길41,대전광역시 중구 용두동133-6,36.33110046,127.4030304,,한전주,042-606-6843,대전광역시 중구청,2022-09-16
용두동225,1,대전광역시 중구 어덕마을로10번길40,대전광역시 중구 용두동132-2,36.33115768,127.4028091,,한전주,042-606-6843,대전광역시 중구청,2022-09-16
용두동226,1,대전광역시 중구 계룡로755번길7,대전광역시 중구 용두동138-9,36.33119202,127.4024462,,전용주,042-606-6843,대전광역시 중구청,2022-09-16
용두동227,1,대전광역시 중구 계룡로755번길17,대전광역시 중구 용두동162-6,36.33148956,127.4028168,,한전주,042-606-6843,대전광역시 중구청,2022-09-16
용두동228,1,대전광역시 중구 계룡로755번길19,대전광역시 중구 용두동135-9,36.33158112,127.4029541,,한전주,042-606-6843,대전광역시 중구청,2022-09-16
용두동229,1,대전광역시 중구 계룡로755번길30,대전광역시 중구 용두동135-1,36.33193588,127.4034042,,한전주,042-606-6843,대전광역시 중구청,2022-09-16
용두동230,1,대전광역시 중구 동서대로1327번길92,대전광역시 중구 용두동152-8,36.33259964,127.4035797,,한전주,042-606-6843,대전광역시 중구청,2022-09-16
용두동231,1,대전광역시 중구 동서대로1327번길98,대전광역시 중구 용두동152-5,36.33275986,127.4033966,,한전주,042-606-6843,대전광역시 중구청,2022-09-16
용두동232,1,대전광역시 중구 동서대로1327번길102,대전광역시 중구 용두동167-9,36.33291626,127.4034271,,한전주,042-606-6843,대전광역시 중구청,2022-09-16
용두동233,1,대전광역시 중구 동서대로1327번길104,대전광역시 중구 용두동167-9,36.33293152,127.4032364,,한전주,042-606-6843,대전광역시 중구청,2022-09-16
용두동234,1,대전광역시 중구 계룡로747번길36,대전광역시 중구 용두동136-1,36.3326149,127.4032059,,한전주,042-606-6843,대전광역시 중구청,2022-09-16
용두동235,1,대전광역시 중구 계룡로747번길32,대전광역시 중구 용두동137-1,36.33232117,127.4030228,,한전주,042-606-6843,대전광역시 중구청,2022-09-16
용두동236,1,대전광역시 중구 동서대로1321번길88,대전광역시 중구 용두동162-1,36.33214951,127.4031754,,한전주,042-606-6843,대전광역시 중구청,2022-09-16
용두동237,1,대전광역시 중구 어덕마을로10번길27-9,대전광역시 중구 용두동137-7,36.3319931,127.4029388,,한전주,042-606-6843,대전광역시 중구청,2022-09-16
용두동238,1,대전광역시 중구 계룡로765번길17,대전광역시 중구 용두동133-4,36.33104324,127.4033737,,한전주,042-606-6843,대전광역시 중구청,2022-09-16
용두동239,1,대전광역시 중구 어덕마을로10번길27-4,대전광역시 중구 용두동162-2,36.33169937,127.4026108,,전용주,042-606-6843,대전광역시 중구청,2022-09-16
용두동240,1,대전광역시 중구 어덕마을로10번길32,대전광역시 중구 용두동138-7,36.33148575,127.402504,,한전주,042-606-6843,대전광역시 중구청,2022-09-16
용두동241,1,대전광역시 중구 계룡로747번길8,대전광역시 중구 용두동138-4,36.33172989,127.4018173,,한전주,042-606-6843,대전광역시 중구청,2022-09-16
용두동242,1,대전광역시 중구 어덕마을로10번길21,대전광역시 중구 용두동137-5,36.33194733,127.4023972,,한전주,042-606-6843,대전광역시 중구청,2022-09-16
용두동243,1,대전광역시 중구 어덕마을로10번길8,대전광역시 중구 용두동140-5,36.33222198,127.4021301,,한전주,042-606-6843,대전광역시 중구청,2022-09-16
용두동244,1,대전광역시 중구 어덕마을로10번길8,대전광역시 중구 용두동139-9,36.33243561,127.4019547,,한전주,042-606-6843,대전광역시 중구청,2022-09-16
용두동245,1,대전광역시 중구 어덕마을로10번길11-11,대전광역시 중구 용두동146-18,36.33258438,127.4023438,,한전주,042-606-6843,대전광역시 중구청,2022-09-16
용두동246,1,대전광역시 중구 어덕마을로10번길11-13,대전광역시 중구 용두동146-14,36.33279037,127.4024887,,한전주,042-606-6843,대전광역시 중구청,2022-09-16
용두동247,1,대전광역시 중구 동서대로1321번길98,대전광역시 중구 용두동145-4,36.33259201,127.4028549,,한전주,042-606-6843,대전광역시 중구청,2022-09-16
용두동248,1,대전광역시 중구 계룡로747번길24,대전광역시 중구 용두동137-10,36.33220291,127.4027072,,한전주,042-606-6843,대전광역시 중구청,2022-09-16
용두동249,1,대전광역시 중구 계룡로747번길27,대전광역시 중구 용두동137-1,36.33236313,127.4028931,,한전주,042-606-6843,대전광역시 중구청,2022-09-16
용두동250,1,대전광역시 중구 동서대로1327번길117,대전광역시 중구 용두동146-17,36.33327103,127.4025879,,한전주,042-606-6843,대전광역시 중구청,2022-09-16
용두동251,1,대전광역시 중구 동서대로1327번길110,대전광역시 중구 용두동169-11,36.33317947,127.402916,,한전주,042-606-6843,대전광역시 중구청,2022-09-16
용두동252,1,대전광역시 중구 어덕마을로34번길55,대전광역시 중구 용두동149-7,36.3321991,127.4043121,,전용주,042-606-6843,대전광역시 중구청,2022-09-16
용두동253,1,대전광역시 중구 어덕마을로34번길46,대전광역시 중구 용두동150,36.33254242,127.4041138,,전용주,042-606-6843,대전광역시 중구청,2022-09-16
용두동254,1,대전광역시 중구 어덕망을로34번길41,대전광역시 중구 용두동151-7,36.33286667,127.4040146,,한전주,042-606-6843,대전광역시 중구청,2022-09-16
용두동255,1,대전광역시 중구 어덕마을로34번길36,대전광역시 중구 용두동152-1,36.33303833,127.4038467,,한전주,042-606-6843,대전광역시 중구청,2022-09-16
용두동256,1,대전광역시 중구 어덕마을로34번길29,대전광역시 중구 용두동177-10,36.33327866,127.403717,,한전주,042-606-6843,대전광역시 중구청,2022-09-16
용두동257,1,대전광역시 중구 어덕마을로28-22,대전광역시 중구 용두동173-18,36.33328247,127.4036407,,한전주,042-606-6843,대전광역시 중구청,2022-09-16
용두동258,1,대전광역시 중구 어덕마을로34번길23,대전광역시 중구 용두동177-9,36.33358383,127.4036484,,한전주,042-606-6843,대전광역시 중구청,2022-09-16
용두동259,1,대전광역시 중구 어덕마을로34번길15,대전광역시 중구 용두동177-7,36.33390427,127.4035873,,한전주,042-606-6843,대전광역시 중구청,2022-09-16
용두동260,1,대전광역시 중구 어덕마을로34번길11,대전광역시 중구 용두동177-5,36.33412552,127.4033966,,한전주,042-606-6843,대전광역시 중구청,2022-09-16
용두동261,1,대전광역시 중구 어덕마을로34번길5,대전광역시 중구 용두동178-1,36.33431244,127.4032288,,한전주,042-606-6843,대전광역시 중구청,2022-09-16
용두동262,1,대전광역시 중구 어덕마을로32-8,대전광역시 중구 용두동175-10,36.33397675,127.4031601,,건축물,042-606-6843,대전광역시 중구청,2022-09-16
용두동263,1,대전광역시 중구 어덕마을로32-12,대전광역시 중구 용두동175-16,36.3338356,127.4033356,,건축물,042-606-6843,대전광역시 중구청,2022-09-16
용두동264,1,대전광역시 중구 어덕마을로28-13,대전광역시 중구 용두동175-25,36.33360291,127.4032364,,한전주,042-606-6843,대전광역시 중구청,2022-09-16
용두동265,1,대전광역시 중구 어덕마을로28-8,대전광역시 중구 용두동175-13,36.33380127,127.4029617,,한전주,042-606-6843,대전광역시 중구청,2022-09-16
용두동266,1,대전광역시 중구 어덕마을로26-6,대전광역시 중구 용두동156-14,36.33362579,127.4027786,,한전주,042-606-6843,대전광역시 중구청,2022-09-16
용두동267,1,대전광역시 중구 어덕마을로26-14,대전광역시 중구 용두동169-9,36.33336258,127.4030914,,한전주,042-606-6843,대전광역시 중구청,2022-09-16
용두동268,1,대전광역시 중구 어덕마을로26-22,대전광역시 중구 용두동173-17,36.33311462,127.4034348,,전용주,042-606-6843,대전광역시 중구청,2022-09-16
용두동269,1,대전광역시 중구 어덕마을로31-1,대전광역시 중구 용두동179-17,36.3347435,127.4027634,,한전주,042-606-6843,대전광역시 중구청,2022-09-16
용두동270,1,대전광역시 중구 어덕마을로37-9,대전광역시 중구 용두동182-1,36.33503723,127.4028931,,한전주,042-606-6843,대전광역시 중구청,2022-09-16
용두동271,1,대전광역시 중구 계룡로733번길75-11,대전광역시 중구 용두동186-8,36.33580017,127.402298,,한전주,042-606-6843,대전광역시 중구청,2022-09-16
용두동272,1,대전광역시 중구 계룡로733번길72,대전광역시 중구 용두동183-3,36.33534622,127.4024582,,한전주,042-606-6843,대전광역시 중구청,2022-09-16
용두동273,1,대전광역시 중구 계룡로733번길65-1,대전광역시 중구 용두동182-137,36.33533478,127.4021988,,전용주,042-606-6843,대전광역시 중구청,2022-09-16
용두동274,1,대전광역시 중구 계룡로733번길63-1,대전광역시 중구 용두동182-102,36.33508301,127.4021988,,한전주,042-606-6843,대전광역시 중구청,2022-09-16
용두동275,1,대전광역시 중구 계룡로733번길63-9,대전광역시 중구 용두동182-105,36.33532715,127.4017944,,한전주,042-606-6843,대전광역시 중구청,2022-09-16
용두동276,1,대전광역시 중구 계룡로733번길59-3,대전광역시 중구 용두동182-135,36.33499146,127.4018021,,전용주,042-606-6843,대전광역시 중구청,2022-09-16
용두동277,1,대전광역시 중구 계룡로733번길59-9,대전광역시 중구 용두동182-107,36.33508301,127.4018631,,전용주,042-606-6843,대전광역시 중구청,2022-09-16
용두동278,1,대전광역시 중구 계룡로733번길58,대전광역시 중구 용두동182-78,36.33483887,127.4020844,,한전주,042-606-6843,대전광역시 중구청,2022-09-16
용두동279,1,,대전광역시 중구 용두동182-34,36.33502197,127.4015884,,전용주,042-606-6843,대전광역시 중구청,2022-09-16
용두동280,1,대전광역시 중구 계룡로733번길48,대전광역시 중구 용두동315-6,36.33452225,127.4018097,,한전주,042-606-6843,대전광역시 중구청,2022-09-16
용두동281,1,대전광역시 중구 계룡로733번길49-10,대전광역시 중구 용두동182-43,36.33475876,127.4014435,,한전주,042-606-6843,대전광역시 중구청,2022-09-16
용두동282,1,대전광역시 중구 계룡로733번길43-23,대전광역시 중구 용두동182-45,36.33493423,127.401123,,한전주,042-606-6843,대전광역시 중구청,2022-09-16
용두동283,1,대전광역시 중구 계룡로733번길43-27,대전광역시 중구 용두동182-139,36.33517075,127.4012756,,전용주,042-606-6843,대전광역시 중구청,2022-09-16
용두동284,1,대전광역시 중구 계룡로733번길43-9,대전광역시 중구 용두동182-63,36.33451462,127.4012222,,전용주,042-606-6843,대전광역시 중구청,2022-09-16
용두동285,1,대전광역시 중구 계룡로733번길43-15,대전광역시 중구 용두동182-60,36.33478165,127.4007492,,전용주,042-606-6843,대전광역시 중구청,2022-09-16
용두동286,1,대전광역시 중구 계룡로733번길42,대전광역시 중구 용두동315-6,36.33427811,127.401619,,한전주,042-606-6843,대전광역시 중구청,2022-09-16
용두동287,1,대전광역시 중구 계룡로729번길48,대전광역시 중구 용두동161-17,36.33418655,127.4011307,,한전주,042-606-6843,대전광역시 중구청,2022-09-16
용두동288,1,대전광역시 중구 계룡로729번길42,대전광역시 중구 용두동163-10,36.3343544,127.400795,,한전주,042-606-6843,대전광역시 중구청,2022-09-16
용두동289,1,대전광역시 중구 계룡로729번길37,대전광역시 중구 용두동311-1,36.33457565,127.4006119,,한전주,042-606-6843,대전광역시 중구청,2022-09-16
용두동290,1,,대전광역시 중구 용두동163-4,36.33416367,127.4003983,,한전주,042-606-6843,대전광역시 중구청,2022-09-16
용두동291,1,,대전광역시 중구 용두동163-5,36.33383942,127.4002762,,한전주,042-606-6843,대전광역시 중구청,2022-09-16
용두동292,1,대전광역시 중구 계룡로733번길6,대전광역시 중구 용두동165-10,36.33290482,127.4005508,,한전주,042-606-6843,대전광역시 중구청,2022-09-16
용두동293,1,대전광역시 중구 계룡로733번길10,대전광역시 중구 용두동165-8,36.33304596,127.4007187,,한전주,042-606-6843,대전광역시 중구청,2022-09-16
용두동294,1,대전광역시 중구 어덕마을로9-21,대전광역시 중구 용두동164-3,36.33325577,127.4005661,,한전주,042-606-6843,대전광역시 중구청,2022-09-16
용두동295,1,,대전광역시 중구 용두동164-1,36.33342361,127.4002609,,한전주,042-606-6843,대전광역시 중구청,2022-09-16
용두동296,1,대전광역시 중구 계룡로729번길46-22,대전광역시 중구 용두동163-7,36.33359146,127.4004669,,한전주,042-606-6843,대전광역시 중구청,2022-09-16
용두동297,1,대전광역시 중구 계룡로729번길46-11,대전광역시 중구 용두동161-12,36.3338089,127.4007263,,전용주,042-606-6843,대전광역시 중구청,2022-09-16
용두동298,1,대전광역시 중구 계룡로733번길33,대전광역시 중구 용두동161-2,36.33399963,127.4014206,,한전주,042-606-6843,대전광역시 중구청,2022-09-16
용두동299,1,,대전광역시 중구 용두동161-4,36.3338623,127.4013062,,한전주,042-606-6843,대전광역시 중구청,2022-09-16
용두동300,1,대전광역시 중구 계룡로733번길23,대전광역시 중구 용두동161-10,36.33356476,127.4010773,,한전주,042-606-6843,대전광역시 중구청,2022-09-16
용두동301,1,대전광역시 중구 계룡로733번길20,대전광역시 중구 용두동160-5,36.33336258,127.4009399,,한전주,042-606-6843,대전광역시 중구청,2022-09-16
용두동302,1,대전광역시 중구 계룡로737번길13,대전광역시 중구 용두동165-2,36.33295822,127.4010544,,한전주,042-606-6843,대전광역시 중구청,2022-09-16
용두동303,1,대전광역시 중구 계룡로737번길9,대전광역시 중구 용두동165-5,36.3327179,127.4008865,,한전주,042-606-6843,대전광역시 중구청,2022-09-16
용두동304,1,,대전광역시 중구 용두동166-2,36.332798,127.4013138,,한전주,042-606-6843,대전광역시 중구청,2022-09-16
용두동305,1,대전광역시 중구 계룡로737번길22,대전광역시 중구 용두동160-7,36.3331604,127.4012299,,한전주,042-606-6843,대전광역시 중구청,2022-09-16
용두동306,1,,대전광역시 중구 용두동147-1,36.33378601,127.4018097,,한전주,042-606-6843,대전광역시 중구청,2022-09-16
용두동307,1,대전광역시 중구 계룡로729번길61-1,대전광역시 중구 용두동156-20,36.3341217,127.4019928,,한전주,042-606-6843,대전광역시 중구청,2022-09-16
용두동308,1,,대전광역시 중구 용두동317-1,36.33362579,127.4021301,,한전주,042-606-6843,대전광역시 중구청,2022-09-16
용두동309,1,,대전광역시 중구 용두동168,36.32493451,127.4124421,,전용주,042-606-6843,대전광역시 중구청,2022-09-16
용두동310,1,,대전광역시 중구 목동132-30,36.32812655,127.4125536,,한전주,042-606-6843,대전광역시 중구청,2022-09-16
용두동311,1,,대전광역시 중구 용두동168,36.32323659,127.4141677,,전용주,042-606-6843,대전광역시 중구청,2022-09-16
용두동312,1,,대전광역시 중구 용두동24-17,36.32431884,127.4113141,,한전주,042-606-6843,대전광역시 중구청,2022-09-16
용두동313,1,,대전광역시 중구 용두동146-20,36.33299743,127.4026388,,한전주,042-606-6843,대전광역시 중구청,2022-09-16
용두동314,1,,대전광역시 중구 용두동99-18,36.32893287,127.4073679,,전용주,042-606-6843,대전광역시 중구청,2022-09-16
용두동315,1,,대전광역시 중구 용두동182-108,36.33531277,127.4015034,,한전주,042-606-6843,대전광역시 중구청,2022-09-16
유천동001,1,대전광역시 중구 유등천동로324번길58-8,대전광역시 중구 유천동341-48,36.31365585,127.3888779,,한전주,042-606-6843,대전광역시 중구청,2022-09-16
유천동002,1,대전광역시 중구 유등천동로324번길60,대전광역시 중구 유천동341-67,36.31358719,127.3885117,,한전주,042-606-6843,대전광역시 중구청,2022-09-16
유천동003,1,대전광역시 중구 유등천동로324번길60,대전광역시 중구 유천동341-55,36.31373215,127.3883972,,한전주,042-606-6843,대전광역시 중구청,2022-09-16
유천동004,1,대전광역시 중구 계백로1522번길47,대전광역시 중구 유천동341-7,36.31428146,127.3888931,,한전주,042-606-6843,대전광역시 중구청,2022-09-16
유천동005,1,대전광역시 중구 대둔산로509번길14,대전광역시 중구 유천동341-7,36.31440353,127.3889542,,한전주,042-606-6843,대전광역시 중구청,2022-09-16
유천동006,1,,대전광역시 중구 유천동341-25,36.31441116,127.3894196,,한전주,042-606-6843,대전광역시 중구청,2022-09-16
유천동007,1,대전광역시 중구 계백로1522번길32,대전광역시 중구 유천동340-36,36.31481934,127.3892288,,한전주,042-606-6843,대전광역시 중구청,2022-09-16
유천동008,1,대전광역시 중구 계백로1522번길23,대전광역시 중구 유천동340-26,36.31526184,127.3895264,,한전주,042-606-6843,대전광역시 중구청,2022-09-16
유천동009,1,대전광역시 중구 계백로1522번길17,대전광역시 중구 유천동340-29,36.31552505,127.3895035,,한전주,042-606-6843,대전광역시 중구청,2022-09-16
유천동010,1,대전광역시 중구 계백로1522번길39,대전광역시 중구 유천동337-19,36.31596375,127.3894501,,한전주,042-606-6843,대전광역시 중구청,2022-09-16
유천동011,1,대전광역시 중구 계백로1498번길52,대전광역시 중구 유천동340-4,36.31569672,127.3901062,,한전주,042-606-6843,대전광역시 중구청,2022-09-16
유천동012,1,대전광역시 중구 계백로1498번길42,대전광역시 중구 유천동340-3,36.31568527,127.389801,,한전주,042-606-6843,대전광역시 중구청,2022-09-16
유천동013,1,대전광역시 중구 계백로1498번길40,대전광역시 중구 유천동340-1,36.31567001,127.3895035,,한전주,042-606-6843,대전광역시 중구청,2022-09-16
유천동014,1,대전광역시 중구 계백로1498번길36,대전광역시 중구 유천동340-62,36.31567001,127.389328,,한전주,042-606-6843,대전광역시 중구청,2022-09-16
유천동015,1,대전광역시 중구 계백로1498번길23,대전광역시 중구 유천동339-1,36.31565475,127.3887939,,한전주,042-606-6843,대전광역시 중구청,2022-09-16
유천동016,1,대전광역시 중구 계백로1498번길21,대전광역시 중구 유천동339-3,36.3156395,127.3885574,,한전주,042-606-6843,대전광역시 중구청,2022-09-16
유천동017,1,대전광역시 중구 계백로1498번길16,대전광역시 중구 유천동339-19,36.31562042,127.3882599,,한전주,042-606-6843,대전광역시 중구청,2022-09-16
유천동018,1,대전광역시 중구 계백로1498번길14,대전광역시 중구 유천동339-19,36.31560898,127.3881302,,한전주,042-606-6843,대전광역시 중구청,2022-09-16
유천동019,1,대전광역시 중구 계백로1498번길8,대전광역시 중구 유천동339-51,36.31560898,127.3878632,,한전주,042-606-6843,대전광역시 중구청,2022-09-16
유천동020,1,대전광역시 중구 계백로1498번길2,대전광역시 중구 유천동339-78,36.31560898,127.3876343,,한전주,042-606-6843,대전광역시 중구청,2022-09-16
유천동021,1,대전광역시 중구 계백로1498번길2,대전광역시 중구 유천동339-78,36.31561661,127.3875122,,전용주,042-606-6843,대전광역시 중구청,2022-09-16
유천동022,1,대전광역시 중구 계백로1508번길3,대전광역시 중구 유천동339-22,36.31551743,127.3880768,,한전주,042-606-6843,대전광역시 중구청,2022-09-16
유천동023,1,대전광역시 중구 계백로1508번길11-1,대전광역시 중구 유천동339-24,36.31523132,127.3878555,,한전주,042-606-6843,대전광역시 중구청,2022-09-16
유천동024,1,대전광역시 중구 계백로1498번길2-12,대전광역시 중구 유천동339-72,36.31520844,127.3874512,,한전주,042-606-6843,대전광역시 중구청,2022-09-16
유천동025,1,대전광역시 중구 계백로1508번길18,대전광역시 중구 유천동339-29,36.31492615,127.3878632,,한전주,042-606-6843,대전광역시 중구청,2022-09-16
유천동026,1,대전광역시 중구 계백로1508번길21,대전광역시 중구 유천동339-48,36.31472397,127.3877869,,한전주,042-606-6843,대전광역시 중구청,2022-09-16
유천동027,1,대전광역시 중구 서부터미널3길25,대전광역시 중구 유천동339-48,36.31452179,127.3876495,,한전주,042-606-6843,대전광역시 중구청,2022-09-16
유천동028,1,대전광역시 중구 계백로1508번길21-12,대전광역시 중구 유천동339-43,36.31472397,127.3880234,,전용주,042-606-6843,대전광역시 중구청,2022-09-16
유천동029,1,대전광역시 중구 계백로1508번길21-5,대전광역시 중구 유천동339-13,36.3148613,127.3881302,,전용주,042-606-6843,대전광역시 중구청,2022-09-16
유천동030,1,대전광역시 중구 계백로1508번길21-11,대전광역시 중구 유천동339-12,36.31482697,127.3884354,,한전주,042-606-6843,대전광역시 중구청,2022-09-16
유천동031,1,대전광역시 중구 계백로1498번길141,대전광역시 중구 유천동339-95,36.31525803,127.3885651,,한전주,042-606-6843,대전광역시 중구청,2022-09-16
유천동032,1,대전광역시 중구 계백로1516번길9,대전광역시 중구 유천동339-5,36.31529236,127.3888474,,한전주,042-606-6843,대전광역시 중구청,2022-09-16
유천동033,1,대전광역시 중구 계백로1516번길18,대전광역시 중구 유천동339-10,36.31482697,127.3888779,,한전주,042-606-6843,대전광역시 중구청,2022-09-16
유천동034,1,대전광역시 중구 계백로1508번길21-40,대전광역시 중구 유천동339-34,36.31479263,127.3886404,,한전주,042-606-6843,대전광역시 중구청,2022-09-16
유천동035,1,대전광역시 중구 계백로1516번길24,대전광역시 중구 유천동339-32,36.31454086,127.3888702,,한전주,042-606-6843,대전광역시 중구청,2022-09-16
유천동036,1,대전광역시 중구 대둔산로509번길20,대전광역시 중구 유천동339-32,36.3144455,127.3887482,,전용주,042-606-6843,대전광역시 중구청,2022-09-16
유천동037,1,대전광역시 중구 대둔산로509번길22,대전광역시 중구 유천동341-5,36.31438828,127.3886032,,한전주,042-606-6843,대전광역시 중구청,2022-09-16
유천동038,1,대전광역시 중구 대둔산로509번길27,대전광역시 중구 유천동341-3,36.31438446,127.3881531,,한전주,042-606-6843,대전광역시 중구청,2022-09-16
유천동039,1,대전광역시 중구 유등천동로324번길74,대전광역시 중구 유천동341-19,36.31411362,127.388031,,한전주,042-606-6843,대전광역시 중구청,2022-09-16
유천동040,1,대전광역시 중구 유등천동로324번길66-1,대전광역시 중구 유천동341-12,36.31410599,127.3883591,,한전주,042-606-6843,대전광역시 중구청,2022-09-16
유천동041,1,대전광역시 중구 대둔산로494번길9,대전광역시 중구 유천동335-43,36.3132782,127.3898773,,한전주,042-606-6843,대전광역시 중구청,2022-09-16
유천동042,1,대전광역시 중구 대둔산로494번길19,대전광역시 중구 유천동335-118,36.31356049,127.3906097,,한전주,042-606-6843,대전광역시 중구청,2022-09-16
유천동043,1,대전광역시 중구 대둔산로494번길31,대전광역시 중구 유천동335-104,36.31370163,127.3909607,,한전주,042-606-6843,대전광역시 중구청,2022-09-16
유천동044,1,대전광역시 중구 대둔산로494번길37,대전광역시 중구 유천동335-26,36.31383896,127.3913498,,한전주,042-606-6843,대전광역시 중구청,2022-09-16
유천동045,1,대전광역시 중구 대둔산로510-22,대전광역시 중구 유천동335-11,36.31450653,127.3909836,,한전주,042-606-6843,대전광역시 중구청,2022-09-16
유천동046,1,대전광역시 중구 대둔산로494번길25-20,대전광역시 중구 유천동335-34,36.31418991,127.3909378,,한전주,042-606-6843,대전광역시 중구청,2022-09-16
유천동047,1,대전광역시 중구 대둔산로494번길25-15,대전광역시 중구 유천동335-111,36.31409836,127.3908691,,전용주,042-606-6843,대전광역시 중구청,2022-09-16
유천동048,1,대전광역시 중구 대둔산로494번길25-7,대전광역시 중구 유천동335-115,36.31378555,127.3905182,,한전주,042-606-6843,대전광역시 중구청,2022-09-16
유천동049,1,대전광역시 중구 대둔산로498번길21,대전광역시 중구 유천동335-51,36.31387329,127.3903961,,한전주,042-606-6843,대전광역시 중구청,2022-09-16
유천동050,1,대전광역시 중구 대둔산로498번길15,대전광역시 중구 유천동335-71,36.31370544,127.3902893,,전용주,042-606-6843,대전광역시 중구청,2022-09-16
유천동051,1,대전광역시 중구 대둔산로498번길6,대전광역시 중구 유천동335-45,36.31349182,127.3898544,,한전주,042-606-6843,대전광역시 중구청,2022-09-16
유천동052,1,대전광역시 중구 대둔산로498번길9,대전광역시 중구 유천동335-73,36.31362915,127.390007,,한전주,042-606-6843,대전광역시 중구청,2022-09-16
유천동053,1,대전광역시 중구 대둔산로498번길9-9,대전광역시 중구 유천동335-69,36.31391525,127.3900528,,전용주,042-606-6843,대전광역시 중구청,2022-09-16
유천동054,1,대전광역시 중구 대둔산로498번길23-10,대전광역시 중구 유천동335-60,36.31443787,127.3903656,,한전주,042-606-6843,대전광역시 중구청,2022-09-16
유천동055,1,대전광역시 중구 대둔산로498번길23-8,대전광역시 중구 유천동335-62,36.31418991,127.3903275,,전용주,042-606-6843,대전광역시 중구청,2022-09-16
유천동056,1,대전광역시 중구 대둔산로498번길22,대전광역시 중구 유천동335-51,36.31402206,127.3904114,,한전주,042-606-6843,대전광역시 중구청,2022-09-16
유천동057,1,대전광역시 중구 대둔산로498번길32,대전광역시 중구 유천동335-56,36.31435394,127.3906555,,한전주,042-606-6843,대전광역시 중구청,2022-09-16
유천동058,1,대전광역시 중구 대둔산로524-6,대전광역시 중구 유천동335-3,36.3157692,127.3906937,,한전주,042-606-6843,대전광역시 중구청,2022-09-16
유천동059,1,대전광역시 중구 계백로1559-1,대전광역시 중구 유천동307-22,36.31778336,127.3933868,,한전주,042-606-6843,대전광역시 중구청,2022-09-16
유천동060,1,대전광역시 중구 계백로1553-13,대전광역시 중구 유천동307-11,36.31781006,127.392662,,한전주,042-606-6843,대전광역시 중구청,2022-09-16
유천동061,1,대전광역시 중구 태평로14번길12,대전광역시 중구 유천동326-5,36.31801224,127.3924713,,한전주,042-606-6843,대전광역시 중구청,2022-09-16
유천동062,1,대전광역시 중구 태평로12-1,대전광역시 중구 유천동327-16,36.31801987,127.3921356,,한전주,042-606-6843,대전광역시 중구청,2022-09-16
유천동063,1,대전광역시 중구 태평로14번길24,대전광역시 중구 유천동307-13,36.3180542,127.3931198,,한전주,042-606-6843,대전광역시 중구청,2022-09-16
유천동064,1,대전광역시 중구 태평로14번길11,대전광역시 중구 유천동307-1,36.3181076,127.3933563,,한전주,042-606-6843,대전광역시 중구청,2022-09-16
유천동065,1,대전광역시 중구 태평로14번길21-5,대전광역시 중구 유천동326-24,36.31827164,127.3929977,,한전주,042-606-6843,대전광역시 중구청,2022-09-16
유천동066,1,대전광역시 중구 태평로14번길21-14,대전광역시 중구 유천동325-16,36.31861496,127.3929596,,한전주,042-606-6843,대전광역시 중구청,2022-09-16
유천동067,1,대전광역시 중구 태평로14번길21-21,대전광역시 중구 유천동326-2,36.31865692,127.392662,,한전주,042-606-6843,대전광역시 중구청,2022-09-16
유천동068,1,대전광역시 중구 태평로14번길21-26,대전광역시 중구 유천동325-20,36.31904221,127.3927994,,한전주,042-606-6843,대전광역시 중구청,2022-09-16
유천동069,1,대전광역시 중구 태평로26번길2,대전광역시 중구 유천동324-24,36.31931305,127.3927078,,한전주,042-606-6843,대전광역시 중구청,2022-09-16
유천동070,1,대전광역시 중구 태평로26번길7,대전광역시 중구 유천동324-24,36.31935501,127.3928833,,한전주,042-606-6843,대전광역시 중구청,2022-09-16
유천동071,1,대전광역시 중구 태평로26번길13,대전광역시 중구 유천동324-5,36.31942749,127.3931885,,한전주,042-606-6843,대전광역시 중구청,2022-09-16
유천동072,1,대전광역시 중구 태평로14번길21-24,대전광역시 중구 유천동325-18,36.31887817,127.3930283,,한전주,042-606-6843,대전광역시 중구청,2022-09-16
유천동073,1,대전광역시 중구 태평로14번길50,대전광역시 중구 유천동308-18,36.31840897,127.3944778,,한전주,042-606-6843,대전광역시 중구청,2022-09-16
유천동074,1,대전광역시 중구 태평로14번길56,대전광역시 중구 유천동308-16,36.31850815,127.3948669,,한전주,042-606-6843,대전광역시 중구청,2022-09-16
유천동075,1,대전광역시 중구 태평로14번길55,대전광역시 중구 유천동310-33,36.31861496,127.3949203,,한전주,042-606-6843,대전광역시 중구청,2022-09-16
유천동076,1,대전광역시 중구 태평로14번길57,대전광역시 중구 유천동310-36,36.31866074,127.3949524,,전용주,042-606-6843,대전광역시 중구청,2022-09-16
유천동077,1,대전광역시 중구 태평로14번길66,대전광역시 중구 유천동310-26,36.31870651,127.3953094,,한전주,042-606-6843,대전광역시 중구청,2022-09-16
유천동078,1,,대전광역시 중구 유천동308-45,36.31827927,127.3957977,,전용주,042-606-6843,대전광역시 중구청,2022-09-16
유천동079,1,대전광역시 중구 계백로1583번길6,대전광역시 중구 유천동209-24,36.31842041,127.3958664,,한전주,042-606-6843,대전광역시 중구청,2022-09-16
유천동080,1,대전광역시 중구 계백로1583번길6-2,대전광역시 중구 유천동209-23,36.31850052,127.3961411,,한전주,042-606-6843,대전광역시 중구청,2022-09-16
유천동081,1,대전광역시 중구 계백로1583번길9-2,대전광역시 중구 유천동308-33,36.31840515,127.3953629,,전용주,042-606-6843,대전광역시 중구청,2022-09-16
유천동082,1,대전광역시 중구 계백로1583번길14,대전광역시 중구 유천동209-26,36.31869125,127.3957672,,한전주,042-606-6843,대전광역시 중구청,2022-09-16
유천동083,1,대전광역시 중구 계백로1583번길26,대전광역시 중구 유천동209-29,36.3191452,127.3955994,,한전주,042-606-6843,대전광역시 중구청,2022-09-16
유천동084,1,대전광역시 중구 계백로1583번길30,대전광역시 중구 유천동209-31,36.31936264,127.3955078,,한전주,042-606-6843,대전광역시 중구청,2022-09-16
유천동085,1,대전광역시 중구 계백로1583번길36,대전광역시 중구 유천동209-33,36.31955719,127.3954468,,한전주,042-606-6843,대전광역시 중구청,2022-09-16
유천동086,1,대전광역시 중구 계백로1583번길42,대전광역시 중구 유천동317-37,36.31999588,127.3952866,,한전주,042-606-6843,대전광역시 중구청,2022-09-16
유천동087,1,대전광역시 중구 계백로1583번길46-1,대전광역시 중구 유천동317-39,36.32014084,127.3954315,,한전주,042-606-6843,대전광역시 중구청,2022-09-16
유천동088,1,대전광역시 중구 계백로1583번길52,대전광역시 중구 유천동317-32,36.32032776,127.3951797,,한전주,042-606-6843,대전광역시 중구청,2022-09-16
유천동089,1,대전광역시 중구 계백로1583번길50-1,대전광역시 중구 유천동317-41,36.32034683,127.3953629,,전용주,042-606-6843,대전광역시 중구청,2022-09-16
유천동090,1,대전광역시 중구 계백로1583번길64,대전광역시 중구 유천동317-9,36.32082748,127.394989,,한전주,042-606-6843,대전광역시 중구청,2022-09-16
유천동091,1,,대전광역시 중구 유천동317-56,36.32126999,127.3948212,,한전주,042-606-6843,대전광역시 중구청,2022-09-16
유천동092,1,,대전광역시 중구 유천동319-1,36.3215332,127.3947525,,한전주,042-606-6843,대전광역시 중구청,2022-09-16
유천동093,1,대전광역시 중구 태평로44번길28,대전광역시 중구 유천동316-1,36.3210907,127.3943558,,한전주,042-606-6843,대전광역시 중구청,2022-09-16
유천동094,1,대전광역시 중구 태평로44번길18,대전광역시 중구 유천동316-8,36.32097244,127.3939362,,한전주,042-606-6843,대전광역시 중구청,2022-09-16
유천동095,1,대전광역시 중구 태평로44번길13,대전광역시 중구 유천동322-9,36.32087326,127.3935394,,한전주,042-606-6843,대전광역시 중구청,2022-09-16
유천동096,1,대전광역시 중구 계백로1571번길51,대전광역시 중구 유천동323-29,36.32061005,127.3936157,,한전주,042-606-6843,대전광역시 중구청,2022-09-16
유천동097,1,대전광역시 중구 계백로1571번길45,대전광역시 중구 유천동323-3,36.32037735,127.3937225,,한전주,042-606-6843,대전광역시 중구청,2022-09-16
유천동098,1,대전광역시 중구 계백로1571번길48,대전광역시 중구 유천동315-5,36.32045364,127.3938522,,한전주,042-606-6843,대전광역시 중구청,2022-09-16
유천동099,1,대전광역시 중구 계백로1571번길46-13,대전광역시 중구 유천동316-18,36.32059097,127.3943024,,한전주,042-606-6843,대전광역시 중구청,2022-09-16
유천동100,1,대전광역시 중구 계백로1571번길38-18,대전광역시 중구 유천동313-17,36.32019806,127.3946915,,한전주,042-606-6843,대전광역시 중구청,2022-09-16
유천동101,1,대전광역시 중구 계백로1571번길38-4,대전광역시 중구 유천동313-8,36.32010651,127.394249,,한전주,042-606-6843,대전광역시 중구청,2022-09-16
유천동102,1,대전광역시 중구 계백로1571번길39,대전광역시 중구 유천동323-20,36.32003784,127.393837,,한전주,042-606-6843,대전광역시 중구청,2022-09-16
유천동103,1,대전광역시 중구 계백로1571번길41,대전광역시 중구 유천동323-5,36.32015228,127.3935852,,한전주,042-606-6843,대전광역시 중구청,2022-09-16
유천동104,1,대전광역시 중구 계백로1571번길34,대전광역시 중구 유천동313-5,36.31983185,127.3940201,,한전주,042-606-6843,대전광역시 중구청,2022-09-16
유천동105,1,대전광역시 중구 태평로26번길27,대전광역시 중구 유천동323-27,36.31958389,127.3938522,,한전주,042-606-6843,대전광역시 중구청,2022-09-16
유천동106,1,대전광역시 중구 태평로26번길26-2,대전광역시 중구 유천동309-25,36.31928635,127.3938828,,전용주,042-606-6843,대전광역시 중구청,2022-09-16
유천동107,1,대전광역시 중구 계백로1571번길26,대전광역시 중구 유천동311-32,36.3194046,127.3941727,,한전주,042-606-6843,대전광역시 중구청,2022-09-16
유천동109,1,대전광역시 중구 태평로26번길43,대전광역시 중구 유천동313-27,36.31978607,127.3947144,,한전주,042-606-6843,대전광역시 중구청,2022-09-16
유천동110,1,대전광역시 중구 태평로26번길50,대전광역시 중구 유천동311-12,36.319767,127.3950195,,한전주,042-606-6843,대전광역시 중구청,2022-09-16
유천동111,1,대전광역시 중구 계백로1571번길14-17,대전광역시 중구 유천동311-34,36.31920242,127.3950729,,한전주,042-606-6843,대전광역시 중구청,2022-09-16
유천동112,1,대전광역시 중구 계백로1571번길14-7,대전광역시 중구 유천동310-19,36.31908417,127.3946228,,한전주,042-606-6843,대전광역시 중구청,2022-09-16
유천동113,1,대전광역시 중구 계백로1571번길14,대전광역시 중구 유천동310-7,36.31902313,127.3943863,,한전주,042-606-6843,대전광역시 중구청,2022-09-16
유천동114,1,대전광역시 중구 계백로1571번길19,대전광역시 중구 유천동309-2,36.31916428,127.3941498,,한전주,042-606-6843,대전광역시 중구청,2022-09-16
유천동115,1,대전광역시 중구 계백로1571번길5,대전광역시 중구 유천동309-6,36.31864166,127.3943481,,한전주,042-606-6843,대전광역시 중구청,2022-09-16
유천동116,1,대전광역시 중구 계백로1593번길6,대전광역시 중구 유천동209-121,36.31851578,127.3968506,,한전주,042-606-6843,대전광역시 중구청,2022-09-16
유천동117,1,대전광역시 중구 계백로1593번길9,대전광역시 중구 유천동209-20,36.31868744,127.3965454,,한전주,042-606-6843,대전광역시 중구청,2022-09-16
유천동118,1,대전광역시 중구 계백로1593번길14,대전광역시 중구 유천동209-49,36.31883621,127.396637,,전용주,042-606-6843,대전광역시 중구청,2022-09-16
유천동119,1,대전광역시 중구 계백로1593번길15,대전광역시 중구 유천동209-90,36.31886673,127.3962631,,한전주,042-606-6843,대전광역시 중구청,2022-09-16
유천동120,1,대전광역시 중구 계백로1593번길20,대전광역시 중구 유천동209-75,36.31900024,127.3961411,,한전주,042-606-6843,대전광역시 중구청,2022-09-16
유천동121,1,대전광역시 중구 계백로1593번길24-3,대전광역시 중구 유천동209-74,36.31902313,127.3964157,,한전주,042-606-6843,대전광역시 중구청,2022-09-16
유천동122,1,대전광역시 중구 계백로1593번길28-1,대전광역시 중구 유천동209-30,36.31920242,127.3957596,,한전주,042-606-6843,대전광역시 중구청,2022-09-16
유천동123,1,대전광역시 중구 계백로1593번길28-5,대전광역시 중구 유천동209-7,36.31929779,127.3961563,,한전주,042-606-6843,대전광역시 중구청,2022-09-16
유천동124,1,대전광역시 중구 계백로1593번길39,대전광역시 중구 유천동209-59,36.31964874,127.395813,,한전주,042-606-6843,대전광역시 중구청,2022-09-16
유천동125,1,대전광역시 중구 계백로1593번길44,대전광역시 중구 유천동209-61,36.31978607,127.3959045,,전용주,042-606-6843,대전광역시 중구청,2022-09-16
유천동126,1,대전광역시 중구 태평로26번길63,대전광역시 중구 유천동317-49,36.32000732,127.3956528,,한전주,042-606-6843,대전광역시 중구청,2022-09-16
유천동127,1,대전광역시 중구 태평로26번길71,대전광역시 중구 유천동318-18,36.32011414,127.3961105,,한전주,042-606-6843,대전광역시 중구청,2022-09-16
유천동128,1,대전광역시 중구 태평로26번길74,대전광역시 중구 유천동318-16,36.32019043,127.3964691,,한전주,042-606-6843,대전광역시 중구청,2022-09-16
유천동129,1,대전광역시 중구 평촌로76번길28,대전광역시 중구 유천동317-49,36.32014465,127.3958969,,한전주,042-606-6843,대전광역시 중구청,2022-09-16
유천동130,1,대전광역시 중구 평촌로76번길26-5,대전광역시 중구 유천동317-46,36.32027054,127.3957214,,한전주,042-606-6843,대전광역시 중구청,2022-09-16
유천동131,1,대전광역시 중구 평촌로76번길22,대전광역시 중구 유천동317-45,36.32044983,127.3958054,,한전주,042-606-6843,대전광역시 중구청,2022-09-16
유천동132,1,대전광역시 중구 평촌로76번길17-9,대전광역시 중구 유천동318-37,36.32089996,127.3959732,,전용주,042-606-6843,대전광역시 중구청,2022-09-16
유천동133,1,대전광역시 중구 평촌로76번길12,대전광역시 중구 유천동317-18,36.32082367,127.3956604,,한전주,042-606-6843,대전광역시 중구청,2022-09-16
유천동134,1,대전광역시 중구 평촌로76번길16,대전광역시 중구 유천동317-20,36.32064438,127.3954239,,한전주,042-606-6843,대전광역시 중구청,2022-09-16
유천동135,1,대전광역시 중구 평촌로76번길10,대전광역시 중구 유천동317-17,36.3209877,127.3955994,,한전주,042-606-6843,대전광역시 중구청,2022-09-16
유천동136,1,대전광역시 중구 평촌로76번길8-4,대전광역시 중구 유천동317-16,36.32095337,127.3953781,,한전주,042-606-6843,대전광역시 중구청,2022-09-16
유천동137,1,대전광역시 중구 태평로44번길38,대전광역시 중구 유천동317-56,36.32123947,127.3949432,,한전주,042-606-6843,대전광역시 중구청,2022-09-16
유천동138,1,,대전광역시 중구 유천동317-10,36.3213768,127.3954086,,한전주,042-606-6843,대전광역시 중구청,2022-09-16
유천동139,1,대전광역시 중구 계백로1603번길67,대전광역시 중구 유천동202-2,36.32157135,127.3971176,,한전주,042-606-6843,대전광역시 중구청,2022-09-16
유천동140,1,대전광역시 중구 계백로1603번길61,대전광역시 중구 유천동202-5,36.32130814,127.3972015,,한전주,042-606-6843,대전광역시 중구청,2022-09-16
유천동141,1,대전광역시 중구 계백로1603번길51,대전광역시 중구 유천동202-37,36.32083511,127.397377,,한전주,042-606-6843,대전광역시 중구청,2022-09-16
유천동142,1,대전광역시 중구 유천로86번길9,대전광역시 중구 유천동202-40,36.32047272,127.397522,,한전주,042-606-6843,대전광역시 중구청,2022-09-16
유천동143,1,대전광역시 중구 유천로86번길5,대전광역시 중구 유천동202-45,36.32036972,127.3971481,,한전주,042-606-6843,대전광역시 중구청,2022-09-16
유천동144,1,대전광역시 중구 유천로86번길10,대전광역시 중구 유천동208-30,36.32031631,127.3975677,,한전주,042-606-6843,대전광역시 중구청,2022-09-16
유천동145,1,대전광역시 중구 계백로1603번길29,대전광역시 중구 유천동208-5,36.31981659,127.3977509,,한전주,042-606-6843,대전광역시 중구청,2022-09-16
유천동146,1,대전광역시 중구 유천로21,대전광역시 중구 유천동208-5,36.31954956,127.3978424,,한전주,042-606-6843,대전광역시 중구청,2022-09-16
유천동147,1,대전광역시 중구 유천로76-5,대전광역시 중구 유천동208-23,36.31946945,127.3975143,,한전주,042-606-6843,대전광역시 중구청,2022-09-16
유천동148,1,대전광역시 중구 유천로80-9,대전광역시 중구 유천동208-8,36.3197937,127.3975754,,한전주,042-606-6843,대전광역시 중구청,2022-09-16
유천동149,1,대전광역시 중구 유천로80-5,대전광역시 중구 유천동208-19,36.31978989,127.3973083,,건축물,042-606-6843,대전광역시 중구청,2022-09-16
유천동150,1,대전광역시 중구 유천로82-5,대전광역시 중구 유천동208-20,36.31990433,127.3973389,,한전주,042-606-6843,대전광역시 중구청,2022-09-16
유천동151,1,대전광역시 중구 유천로76-23,대전광역시 중구 유천동208-3,36.32003403,127.3975372,,한전주,042-606-6843,대전광역시 중구청,2022-09-16
유천동152,1,대전광역시 중구 계백로1603번길18,대전광역시 중구 유천동207-9,36.31935883,127.3979111,,한전주,042-606-6843,대전광역시 중구청,2022-09-16
유천동153,1,대전광역시 중구 계백로1603번길11,대전광역시 중구 유천동207-4,36.31908417,127.3980179,,한전주,042-606-6843,대전광역시 중구청,2022-09-16
유천동154,1,대전광역시 중구 계백로1603번길16-7,대전광역시 중구 유천동206-26,36.31938934,127.3983459,,한전주,042-606-6843,대전광역시 중구청,2022-09-16
유천동155,1,대전광역시 중구 계백로1603번길16-9,대전광역시 중구 유천동206-8,36.31945038,127.3985596,,한전주,042-606-6843,대전광역시 중구청,2022-09-16
유천동156,1,대전광역시 중구 계백로1603번길16-30,대전광역시 중구 유천동206-14,36.319561,127.3990631,,한전주,042-606-6843,대전광역시 중구청,2022-09-16
유천동157,1,대전광역시 중구 계백로1603번길28-52,대전광역시 중구 유천동205-9,36.32006836,127.3988266,,한전주,042-606-6843,대전광역시 중구청,2022-09-16
유천동158,1,대전광역시 중구 계백로1603번길28-25,대전광역시 중구 유천동205-11,36.32001114,127.3985519,,한전주,042-606-6843,대전광역시 중구청,2022-09-16
유천동159,1,대전광역시 중구 계백로1603번길28-6,대전광역시 중구 유천동205-17,36.31991959,127.3981552,,한전주,042-606-6843,대전광역시 중구청,2022-09-16
유천동160,1,대전광역시 중구 유천로86번길17,대전광역시 중구 유천동203-23,36.32050705,127.3977585,,한전주,042-606-6843,대전광역시 중구청,2022-09-16
유천동161,1,대전광역시 중구 유천로86번길23,대전광역시 중구 유천동203-18,36.32058334,127.3980656,,한전주,042-606-6843,대전광역시 중구청,2022-09-16
유천동162,1,대전광역시 중구 유천로86번길31,대전광역시 중구 유천동203-11,36.32067871,127.3985825,,한전주,042-606-6843,대전광역시 중구청,2022-09-16
유천동163,1,대전광역시 중구 계백로1603번길50-15,대전광역시 중구 유천동201-29,36.32107925,127.3983002,,한전주,042-606-6843,대전광역시 중구청,2022-09-16
유천동164,1,대전광역시 중구 계백로1603번길50-11,대전광역시 중구 유천동201-16,36.32098389,127.3978729,,한전주,042-606-6843,대전광역시 중구청,2022-09-16
유천동165,1,대전광역시 중구 계백로1603번길60-8,대전광역시 중구 유천동201-7,36.32131958,127.3976669,,한전주,042-606-6843,대전광역시 중구청,2022-09-16
유천동166,1,대전광역시 중구 계백로1603번길60-28,대전광역시 중구 유천동201-2,36.32146835,127.3982468,,한전주,042-606-6843,대전광역시 중구청,2022-09-16
유천동167,1,대전광역시 중구 계백로1603번길60-16,대전광역시 중구 유천동201-12,36.32141876,127.3980408,,한전주,042-606-6843,대전광역시 중구청,2022-09-16
유천동168,1,대전광역시 중구 유천로102번길31,대전광역시 중구 유천동200-25,36.32199478,127.3980789,,한전주,042-606-6843,대전광역시 중구청,2022-09-16
유천동169,1,대전광역시 중구 유천로102번길22,대전광역시 중구 유천동200-26,36.32186508,127.3975754,,한전주,042-606-6843,대전광역시 중구청,2022-09-16
유천동170,1,대전광역시 중구 유천로102번길19-1,대전광역시 중구 유천동196-15,36.32208252,127.3974686,,한전주,042-606-6843,대전광역시 중구청,2022-09-16
유천동171,1,대전광역시 중구 계백로1615번길47,대전광역시 중구 유천동188-16,36.32103348,127.3987885,,한전주,042-606-6843,대전광역시 중구청,2022-09-16
유천동172,1,대전광역시 중구 계백로1615번길56,대전광역시 중구 유천동10-3,36.32136536,127.3986816,,한전주,042-606-6843,대전광역시 중구청,2022-09-16
유천동173,1,대전광역시 중구 계백로1615번길62,대전광역시 중구 유천동188-14,36.32154465,127.398613,,한전주,042-606-6843,대전광역시 중구청,2022-09-16
유천동174,1,대전광역시 중구 계백로1615번길66,대전광역시 중구 유천동188-3,36.32185364,127.3985138,,한전주,042-606-6843,대전광역시 중구청,2022-09-16
유천동175,1,대전광역시 중구 유천로102번길39,대전광역시 중구 유천동188-1,36.32211304,127.3984909,,한전주,042-606-6843,대전광역시 중구청,2022-09-16
유천동176,1,대전광역시 중구 유천로102번길43,대전광역시 중구 유천동189-4,36.3223877,127.3987198,,한전주,042-606-6843,대전광역시 중구청,2022-09-16
유천동177,1,대전광역시 중구 유천로102번길47,대전광역시 중구 유천동10-10,36.32217789,127.3987732,,한전주,042-606-6843,대전광역시 중구청,2022-09-16
유천동178,1,대전광역시 중구 평촌로100,대전광역시 중구 유천동198-8,36.32236099,127.3983078,,건축물,042-606-6843,대전광역시 중구청,2022-09-16
유천동179,1,대전광역시 중구 평촌로100,대전광역시 중구 유천동198-1,36.3222847,127.397995,,건축물,042-606-6843,대전광역시 중구청,2022-09-16
유천동180,1,대전광역시 중구 평촌로100,대전광역시 중구 유천동198-1,36.32223129,127.3977737,,건축물,042-606-6843,대전광역시 중구청,2022-09-16
유천동181,1,대전광역시 중구 유천로102번길53,대전광역시 중구 유천동155-16,36.32231903,127.3993225,,한전주,042-606-6843,대전광역시 중구청,2022-09-16
유천동182,1,대전광역시 중구 장미9동,대전광역시 중구 유천동155-16,36.32243729,127.3997345,,한전주,042-606-6843,대전광역시 중구청,2022-09-16
유천동183,1,대전광역시 중구 장미8동,대전광역시 중구 유천동155-16,36.32254791,127.4001465,,한전주,042-606-6843,대전광역시 중구청,2022-09-16
유천동184,1,,대전광역시 중구 유천동155-16,36.32265472,127.4005585,,한전주,042-606-6843,대전광역시 중구청,2022-09-16
유천동185,1,대전광역시 중구 장미7동,대전광역시 중구 유천동10-16,36.32278824,127.4010162,,한전주,042-606-6843,대전광역시 중구청,2022-09-16
유천동186,1,대전광역시 중구 계백로1650,대전광역시 중구 유천동126-6,36.31967545,127.403038,,한전주,042-606-6843,대전광역시 중구청,2022-09-16
유천동187,1,대전광역시 중구 계백로1654번길4,대전광역시 중구 유천동126-12,36.31946182,127.4036179,,한전주,042-606-6843,대전광역시 중구청,2022-09-16
유천동188,1,대전광역시 중구 계백로1654번길12,대전광역시 중구 유천동126-14,36.31924057,127.403595,,한전주,042-606-6843,대전광역시 중구청,2022-09-16
유천동189,1,대전광역시 중구 계백로1654번길20,대전광역시 중구 유천동126-16,36.31894684,127.4034958,,한전주,042-606-6843,대전광역시 중구청,2022-09-16
유천동190,1,대전광역시 중구 계백로1654번길22-3,대전광역시 중구 유천동126-23,36.31884384,127.4032822,,전용주,042-606-6843,대전광역시 중구청,2022-09-16
유천동191,1,대전광역시 중구 계백로1654번길24,대전광역시 중구 유천동126-26,36.31864929,127.4035034,,한전주,042-606-6843,대전광역시 중구청,2022-09-16
유천동192,1,대전광역시 중구 계백로1654번길26-9,대전광역시 중구 유천동126-56,36.31864166,127.403244,,한전주,042-606-6843,대전광역시 중구청,2022-09-16
유천동193,1,대전광역시 중구 계백로1654번길34,대전광역시 중구 유천동135-6,36.3182373,127.4033356,,한전주,042-606-6843,대전광역시 중구청,2022-09-16
유천동194,1,대전광역시 중구 유천로48번길90,대전광역시 중구 유천동135-2,36.31812668,127.4028702,,한전주,042-606-6843,대전광역시 중구청,2022-09-16
유천동195,1,대전광역시 중구 계백로1654번길15-22,대전광역시 중구 유천동126-43,36.31885147,127.4028625,,건축물,042-606-6843,대전광역시 중구청,2022-09-16
유천동196,1,대전광역시 중구 계백로1654번길1648-8,대전광역시 중구 유천동126-52,36.31938553,127.4030228,,전용주,042-606-6843,대전광역시 중구청,2022-09-16
유천동197,1,대전광역시 중구 계백로1654번길1648-9,대전광역시 중구 유천동126-3,36.31934738,127.4032974,,전용주,042-606-6843,대전광역시 중구청,2022-09-16
유천동198,1,대전광역시 중구 계백로1654번길40-1,대전광역시 중구 유천동135-33,36.31794739,127.4032898,,전용주,042-606-6843,대전광역시 중구청,2022-09-16
유천동199,1,대전광역시 중구 계백로1654번길40-11,대전광역시 중구 유천동135-36,36.31775665,127.402977,,한전주,042-606-6843,대전광역시 중구청,2022-09-16
유천동200,1,대전광역시 중구 계백로1654번길40-16,대전광역시 중구 유천동135-40,36.3175087,127.402916,,한전주,042-606-6843,대전광역시 중구청,2022-09-16
유천동201,1,대전광역시 중구 계백로1654번길46,대전광역시 중구 유천동135-35,36.31775284,127.4032516,,건축물,042-606-6843,대전광역시 중구청,2022-09-16
유천동202,1,대전광역시 중구 계백로1654번길54,대전광역시 중구 유천동135-39,36.31746674,127.4032669,,한전주,042-606-6843,대전광역시 중구청,2022-09-16
유천동203,1,대전광역시 중구 계백로1654번길60,대전광역시 중구 유천동136-60,36.317173,127.4032211,,한전주,042-606-6843,대전광역시 중구청,2022-09-16
유천동204,1,대전광역시 중구 계백로1654번길64,대전광역시 중구 유천동135-15,36.31693649,127.4031906,,건축물,042-606-6843,대전광역시 중구청,2022-09-16
유천동205,1,대전광역시 중구 계백로1654번길64,대전광역시 중구 유천동137-57,36.31677246,127.4031296,,한전주,042-606-6843,대전광역시 중구청,2022-09-16
유천동206,1,대전광역시 중구 유천로34번길79,대전광역시 중구 유천동135-47,36.31672668,127.4027634,,한전주,042-606-6843,대전광역시 중구청,2022-09-16
유천동207,1,대전광역시 중구 계백로1646번길47-7,대전광역시 중구 유천동135-22,36.31733704,127.4028015,,건축물,042-606-6843,대전광역시 중구청,2022-09-16
유천동208,1,대전광역시 중구 계백로1654번길76,대전광역시 중구 유천동137-3,36.31641388,127.4030609,,한전주,042-606-6843,대전광역시 중구청,2022-09-16
유천동209,1,대전광역시 중구 계백로1654번길84,대전광역시 중구 유천동137-11,36.315979,127.4029846,,한전주,042-606-6843,대전광역시 중구청,2022-09-16
유천동210,1,대전광역시 중구 계백로1646번길81-3,대전광역시 중구 유천동137-6,36.31592941,127.4026184,,한전주,042-606-6843,대전광역시 중구청,2022-09-16
유천동211,1,대전광역시 중구 계백로1654번길94,대전광역시 중구 유천동140-18,36.31564331,127.4029083,,한전주,042-606-6843,대전광역시 중구청,2022-09-16
유천동212,1,대전광역시 중구 계백로1654번길102,대전광역시 중구 유천동140-25,36.31516266,127.4028397,,한전주,042-606-6843,대전광역시 중구청,2022-09-16
유천동213,1,대전광역시 중구 유천로18번길68,대전광역시 중구 유천동141-1,36.31504059,127.4025345,,한전주,042-606-6843,대전광역시 중구청,2022-09-16
유천동214,1,대전광역시 중구 계백로1654번길114,대전광역시 중구 유천동141-3,36.31472015,127.4027252,,한전주,042-606-6843,대전광역시 중구청,2022-09-16
유천동215,1,대전광역시 중구 계백로1654번길126,대전광역시 중구 유천동141-21,36.31423569,127.4025879,,한전주,042-606-6843,대전광역시 중구청,2022-09-16
유천동216,1,대전광역시 중구 계백로1618번길116,대전광역시 중구 유천동163-26,36.31378174,127.4014511,,한전주,042-606-6843,대전광역시 중구청,2022-09-16
유천동217,1,대전광역시 중구 계백로1618번길110,대전광역시 중구 유천동167-15,36.31416702,127.4013138,,한전주,042-606-6843,대전광역시 중구청,2022-09-16
유천동218,1,대전광역시 중구 계백로1618번길98,대전광역시 중구 유천동169-5,36.3146553,127.4011536,,한전주,042-606-6843,대전광역시 중구청,2022-09-16
유천동219,1,대전광역시 중구 유천로18번길48,대전광역시 중구 유천동142-27,36.31479263,127.401535,,한전주,042-606-6843,대전광역시 중구청,2022-09-16
유천동220,1,대전광역시 중구 계백로1646번길112-6,대전광역시 중구 유천동142-3,36.31458282,127.4019241,,한전주,042-606-6843,대전광역시 중구청,2022-09-16
유천동221,1,대전광역시 중구 계백로1646번길112-10,대전광역시 중구 유천동142-36,36.31451416,127.4015427,,한전주,042-606-6843,대전광역시 중구청,2022-09-16
유천동222,1,대전광역시 중구 유천로18번길36,대전광역시 중구 유천동169-4,36.31464767,127.4009247,,한전주,042-606-6843,대전광역시 중구청,2022-09-16
유천동223,1,대전광역시 중구 유천로18번길26,대전광역시 중구 유천동169-11,36.31452942,127.4004974,,한전주,042-606-6843,대전광역시 중구청,2022-09-16
유천동224,1,대전광역시 중구 유천로18번길20,대전광역시 중구 유천동169-2,36.31443787,127.4000626,,한전주,042-606-6843,대전광역시 중구청,2022-09-16
유천동225,1,대전광역시 중구 유천로18번길16,대전광역시 중구 유천동169-1,36.31440735,127.3999329,,한전주,042-606-6843,대전광역시 중구청,2022-09-16
유천동226,1,대전광역시 중구 문화로133번길28,대전광역시 중구 유천동169-14,36.31428528,127.3998489,,한전주,042-606-6843,대전광역시 중구청,2022-09-16
유천동227,1,대전광역시 중구 문화로133번길22-1,대전광역시 중구 유천동169-9,36.31413269,127.3999252,,한전주,042-606-6843,대전광역시 중구청,2022-09-16
유천동228,1,대전광역시 중구 문화로133번길20,대전광역시 중구 유천동167-12,36.31383133,127.4000015,,한전주,042-606-6843,대전광역시 중구청,2022-09-16
유천동229,1,대전광역시 중구 문화로133번길22-6,대전광역시 중구 유천동167-22,36.31409454,127.4002686,,한전주,042-606-6843,대전광역시 중구청,2022-09-16
유천동230,1,대전광역시 중구 문화로133번길22-12,대전광역시 중구 유천동167-23,36.31417084,127.400589,,한전주,042-606-6843,대전광역시 중구청,2022-09-16
유천동231,1,대전광역시 중구 문화로133번길22-20,대전광역시 중구 유천동167-26,36.31425095,127.4009628,,한전주,042-606-6843,대전광역시 중구청,2022-09-16
유천동232,1,대전광역시 중구 문화로133번길12-19,대전광역시 중구 유천동167-18,36.31394958,127.4009857,,한전주,042-606-6843,대전광역시 중구청,2022-09-16
유천동233,1,대전광역시 중구 문화로133번길21-13,대전광역시 중구 유천동167-8,36.31383514,127.4006729,,한전주,042-606-6843,대전광역시 중구청,2022-09-16
유천동234,1,대전광역시 중구 문화로133번길12-9,대전광역시 중구 유천동167-11,36.31376266,127.4004135,,한전주,042-606-6843,대전광역시 중구청,2022-09-16
유천동235,1,대전광역시 중구 문화로133번길8,대전광역시 중구 유천동163-9,36.31348419,127.4001465,,한전주,042-606-6843,대전광역시 중구청,2022-09-16
유천동236,1,대전광역시 중구 유천로14-8,대전광역시 중구 유천동168-67,36.3139801,127.3995819,,한전주,042-606-6843,대전광역시 중구청,2022-09-16
유천동237,1,대전광역시 중구 유천로14-13,대전광역시 중구 유천동168-47,36.31426239,127.3994217,,한전주,042-606-6843,대전광역시 중구청,2022-09-16
유천동238,1,대전광역시 중구 문화로133번길36-8,대전광역시 중구 유천동170-29,36.31476974,127.4000778,,건축물,042-606-6843,대전광역시 중구청,2022-09-16
유천동239,1,대전광역시 중구 문화로133번길38,대전광역시 중구 유천동170-26,36.31469345,127.3997192,,한전주,042-606-6843,대전광역시 중구청,2022-09-16
유천동240,1,대전광역시 중구 문화로133번길46,대전광역시 중구 유천동172-14,36.3151207,127.3995514,,한전주,042-606-6843,대전광역시 중구청,2022-09-16
유천동241,1,대전광역시 중구 문화로133번길56,대전광역시 중구 유천동173-14,36.31549835,127.399437,,건축물,042-606-6843,대전광역시 중구청,2022-09-16
유천동242,1,대전광역시 중구 유천로34번길5,대전광역시 중구 유천동214-42,36.31571198,127.398735,,한전주,042-606-6843,대전광역시 중구청,2022-09-16
유천동243,1,대전광역시 중구 유천로34번길5,대전광역시 중구 유천동214-10,36.31576157,127.3989334,,한전주,042-606-6843,대전광역시 중구청,2022-09-16
유천동244,1,대전광역시 중구 유천로34번길17,대전광역시 중구 유천동176-38,36.31587219,127.3993225,,한전주,042-606-6843,대전광역시 중구청,2022-09-16
유천동245,1,대전광역시 중구 유천로34번길21-1,대전광역시 중구 유천동176-37,36.3159256,127.399559,,한전주,042-606-6843,대전광역시 중구청,2022-09-16
유천동246,1,대전광역시 중구 유천로34번길25,대전광역시 중구 유천동176-23,36.31599808,127.3998566,,한전주,042-606-6843,대전광역시 중구청,2022-09-16
유천동247,1,대전광역시 중구 유천로34번길33,대전광역시 중구 유천동176-41,36.3161087,127.400322,,한전주,042-606-6843,대전광역시 중구청,2022-09-16
유천동248,1,대전광역시 중구 유천로34번길32-1,대전광역시 중구 유천동173-27,36.31579208,127.4003143,,전용주,042-606-6843,대전광역시 중구청,2022-09-16
유천동249,1,대전광역시 중구 계백로1618번길59,대전광역시 중구 유천동175-30,36.3162117,127.4007263,,한전주,042-606-6843,대전광역시 중구청,2022-09-16
유천동250,1,대전광역시 중구 계백로1618번길66,대전광역시 중구 유천동173-46,36.31597137,127.4006805,,한전주,042-606-6843,대전광역시 중구청,2022-09-16
유천동251,1,대전광역시 중구 계백로1618번길72,대전광역시 중구 유천동173-45,36.31568909,127.4007797,,한전주,042-606-6843,대전광역시 중구청,2022-09-16
유천동252,1,대전광역시 중구 문화로133번길52-23,대전광역시 중구 유천동173-43,36.31558228,127.4003677,,한전주,042-606-6843,대전광역시 중구청,2022-09-16
유천동253,1,대전광역시 중구 문화로133번길52-7,대전광역시 중구 유천동173-38,36.31547165,127.3998947,,한전주,042-606-6843,대전광역시 중구청,2022-09-16
유천동254,1,대전광역시 중구 문화로133번길42-5,대전광역시 중구 유천동172-22,36.31499863,127.3999023,,한전주,042-606-6843,대전광역시 중구청,2022-09-16
유천동255,1,대전광역시 중구 문화러133번길42-17,대전광역시 중구 유천동172-16,36.31515503,127.400528,,한전주,042-606-6843,대전광역시 중구청,2022-09-16
유천동256,1,대전광역시 중구 유천로18번길29-3,대전광역시 중구 유천동170-12,36.31473923,127.4005432,,한전주,042-606-6843,대전광역시 중구청,2022-09-16
유천동257,1,대전광역시 중구 계백로1618번길80,대전광역시 중구 유천동172-17,36.31546402,127.4008636,,한전주,042-606-6843,대전광역시 중구청,2022-09-16
유천동258,1,대전광역시 중구 계백로1618번길82,대전광역시 중구 유천동170-18,36.31525421,127.4009323,,한전주,042-606-6843,대전광역시 중구청,2022-09-16
유천동259,1,대전광역시 중구 계백로1618번길87-1,대전광역시 중구 유천동139-44,36.31519699,127.4012299,,전용주,042-606-6843,대전광역시 중구청,2022-09-16
유천동260,1,대전광역시 중구 계백로1646번길84-18,대전광역시 중구 유천동174-24,36.31564713,127.4012909,,한전주,042-606-6843,대전광역시 중구청,2022-09-16
유천동261,1,대전광역시 중구 계백로1646번길84-39,대전광역시 중구 유천동139-42,36.3156395,127.4015121,,한전주,042-606-6843,대전광역시 중구청,2022-09-16
유천동262,1,대전광역시 중구 계백로1646번길84-12,대전광역시 중구 유천동138-23,36.31574631,127.4017105,,한전주,042-606-6843,대전광역시 중구청,2022-09-16
유천동263,1,대전광역시 중구 계백로1646번길84-3,대전광역시 중구 유천동139-47,36.3156395,127.4019241,,전용주,042-606-6843,대전광역시 중구청,2022-09-16
유천동264,1,대전광역시 중구 계백로1646번길84-25,대전광역시 중구 유천동139-21,36.31533432,127.4017258,,전용주,042-606-6843,대전광역시 중구청,2022-09-16
유천동265,1,대전광역시 중구 계백로1646번길84-21,대전광역시 중구 유천동139-33,36.31515503,127.4016571,,한전주,042-606-6843,대전광역시 중구청,2022-09-16
유천동266,1,대전광역시 중구 유천로34번길56-8,대전광역시 중구 유천동138-20,36.31602859,127.4016037,,한전주,042-606-6843,대전광역시 중구청,2022-09-16
유천동267,1,대전광역시 중구 유천로34번길50,대전광역시 중구 유천동175-32,36.31628799,127.4010544,,한전주,042-606-6843,대전광역시 중구청,2022-09-16
유천동268,1,대전광역시 중구 유천로34번길55,대전광역시 중구 유천동175-11,36.31641388,127.4015274,,한전주,042-606-6843,대전광역시 중구청,2022-09-16
유천동269,1,,대전광역시 중구 유천동175-14,36.31650925,127.4018707,,한전주,042-606-6843,대전광역시 중구청,2022-09-16
유천동270,1,대전광역시 중구 계백로1646번길72-7,대전광역시 중구 유천동138-24,36.31627655,127.4019394,,한전주,042-606-6843,대전광역시 중구청,2022-09-16
유천동271,1,대전광역시 중구 계백로1646번길66-7,대전광역시 중구 유천동128-38,36.31673813,127.4020844,,전용주,042-606-6843,대전광역시 중구청,2022-09-16
유천동272,1,대전광역시 중구 계백로1646번길66-11,대전광역시 중구 유천동128-34,36.31699371,127.402092,,건축물,042-606-6843,대전광역시 중구청,2022-09-16
유천동273,1,대전광역시 중구 계백로1646번길56-5,대전광역시 중구 유천동128-53,36.31712341,127.4021835,,한전주,042-606-6843,대전광역시 중구청,2022-09-16
유천동274,1,대전광역시 중구 계백로1646번길56-11,대전광역시 중구 유천동128-14,36.31734085,127.4021149,,전용주,042-606-6843,대전광역시 중구청,2022-09-16
유천동275,1,대전광역시 중구 계백로1646번길42-8,대전광역시 중구 유천동128-23,36.3176651,127.402092,,한전주,042-606-6843,대전광역시 중구청,2022-09-16
유천동276,1,대전광역시 중구 유천로48번길79,대전광역시 중구 유천동127-30,36.31804276,127.4021683,,한전주,042-606-6843,대전광역시 중구청,2022-09-16
유천동277,1,대전광역시 중구 유천로48번길77,대전광역시 중구 유천동127-31,36.31821823,127.4021683,,건축물,042-606-6843,대전광역시 중구청,2022-09-16
유천동278,1,대전광역시 중구 유천로48번길71,대전광역시 중구 유천동127-59,36.31796265,127.4017792,,한전주,042-606-6843,대전광역시 중구청,2022-09-16
유천동279,1,대전광역시 중구 유천로48번길61,대전광역시 중구 유천동182-7,36.31786346,127.4013443,,한전주,042-606-6843,대전광역시 중구청,2022-09-16
유천동280,1,대전광역시 중구 유천로48번길55,대전광역시 중구 유천동182-13,36.31775284,127.4009247,,한전주,042-606-6843,대전광역시 중구청,2022-09-16
유천동281,1,대전광역시 중구 유천로48번길49,대전광역시 중구 유천동182-17,36.31770706,127.4007187,,한전주,042-606-6843,대전광역시 중구청,2022-09-16
유천동282,1,대전광역시 중구 유천로48번길42ㅡ460,대전광역시 중구 유천동179-1,36.31758499,127.4002686,,한전주,042-606-6843,대전광역시 중구청,2022-09-16
유천동283,1,대전광역시 중구 유천로48번길31,대전광역시 중구 유천동181-12,36.31745529,127.3997574,,한전주,042-606-6843,대전광역시 중구청,2022-09-16
유천동284,1,대전광역시 중구 유천로48번길45,대전광역시 중구 유천동181-6,36.317379,127.3994217,,한전주,042-606-6843,대전광역시 중구청,2022-09-16
유천동285,1,대전광역시 중구 유천로48번길17,대전광역시 중구 유천동181-8,36.31726456,127.3989868,,한전주,042-606-6843,대전광역시 중구청,2022-09-16
유천동286,1,대전광역시 중구 유천로48번길9,대전광역시 중구 유천동213-7,36.31716156,127.3985596,,한전주,042-606-6843,대전광역시 중구청,2022-09-16
유천동287,1,대전광역시 중구 문화로133번길91,대전광역시 중구 유천동180-1,36.31707001,127.3988571,,한전주,042-606-6843,대전광역시 중구청,2022-09-16
유천동288,1,대전광역시 중구 문화로133번길82,대전광역시 중구 유천동177-1,36.31665039,127.3990326,,한전주,042-606-6843,대전광역시 중구청,2022-09-16
유천동289,1,대전광역시 중구 유천로42번길6,대전광역시 중구 유천동177-2,36.31671143,127.3992004,,한전주,042-606-6843,대전광역시 중구청,2022-09-16
유천동290,1,대전광역시 중구 유천로42번길11,대전광역시 중구 유천동180-13,36.31686401,127.3994598,,전용주,042-606-6843,대전광역시 중구청,2022-09-16
유천동291,1,대전광역시 중구 유천로42번길14,대전광역시 중구 유천동177-18,36.31687927,127.399826,,한전주,042-606-6843,대전광역시 중구청,2022-09-16
유천동292,1,대전광역시 중구 유천로42번길20,대전광역시 중구 유천동177-19,36.31694412,127.4000931,,한전주,042-606-6843,대전광역시 중구청,2022-09-16
유천동293,1,대전광역시 중구 계백로1618번길45,대전광역시 중구 유천동178-1,36.31697464,127.400444,,한전주,042-606-6843,대전광역시 중구청,2022-09-16
유천동294,1,대전광역시 중구 계백로1618번길45,대전광역시 중구 유천동179-17,36.31706619,127.4005356,,한전주,042-606-6843,대전광역시 중구청,2022-09-16
유천동295,1,대전광역시 중구 유천로42번길36,대전광역시 중구 유천동178-3,36.3171196,127.4007568,,한전주,042-606-6843,대전광역시 중구청,2022-09-16
유천동296,1,대전광역시 중구 유천로42번길44,대전광역시 중구 유천동178-5,36.31721878,127.4011612,,한전주,042-606-6843,대전광역시 중구청,2022-09-16
유천동297,1,대전광역시 중구 계백로1630번길33,대전광역시 중구 유천동179-4,36.3176918,127.4014359,,한전주,042-606-6843,대전광역시 중구청,2022-09-16
유천동298,1,대전광역시 중구 계백로1630번길44,대전광역시 중구 유천동178-23,36.3173027,127.4015732,,한전주,042-606-6843,대전광역시 중구청,2022-09-16
유천동299,1,대전광역시 중구 계백로1630번길52,대전광역시 중구 유천동178-9,36.3169632,127.4017029,,한전주,042-606-6843,대전광역시 중구청,2022-09-16
유천동300,1,대전광역시 중구 계백로1630번길54,대전광역시 중구 유천동128-51,36.31682968,127.4017715,,한전주,042-606-6843,대전광역시 중구청,2022-09-16
유천동301,1,대전광역시 중구 계백로1630번길54,대전광역시 중구 유천동175-6,36.3168602,127.4015656,,한전주,042-606-6843,대전광역시 중구청,2022-09-16
유천동302,1,대전광역시 중구 유천로38번길55,대전광역시 중구 유천동175-17,36.31678772,127.4013214,,한전주,042-606-6843,대전광역시 중구청,2022-09-16
유천동303,1,대전광역시 중구 유천로38번길51,대전광역시 중구 유천동175-33,36.31672287,127.4010086,,한전주,042-606-6843,대전광역시 중구청,2022-09-16
유천동304,1,대전광역시 중구 유천로38번길45,대전광역시 중구 유천동175-31,36.31665421,127.4007645,,한전주,042-606-6843,대전광역시 중구청,2022-09-16
유천동305,1,대전광역시 중구 유천로38번길29,대전광역시 중구 유천동178-14,36.31664276,127.4004364,,한전주,042-606-6843,대전광역시 중구청,2022-09-16
유천동306,1,대전광역시 중구 계백로1618번길59,대전광역시 중구 유천동175-1,36.31641006,127.4006424,,한전주,042-606-6843,대전광역시 중구청,2022-09-16
유천동307,1,대전광역시 중구 유천로38번길32,대전광역시 중구 유천동176-28,36.31644821,127.3999863,,한전주,042-606-6843,대전광역시 중구청,2022-09-16
유천동308,1,대전광역시 중구 유천로38번길26,대전광역시 중구 유천동176-27,36.31645966,127.399765,,한전주,042-606-6843,대전광역시 중구청,2022-09-16
유천동309,1,대전광역시 중구 유천로38번길21-10,대전광역시 중구 유천동176-26,36.31637573,127.3994675,,한전주,042-606-6843,대전광역시 중구청,2022-09-16
유천동310,1,대전광역시 중구 문화로133번길70,대전광역시 중구 유천동214-28,36.316185,127.399086,,전용주,042-606-6843,대전광역시 중구청,2022-09-16
유천동311,1,대전광역시 중구 유천로38번길6,대전광역시 중구 유천동214-37,36.31618118,127.3987579,,한전주,042-606-6843,대전광역시 중구청,2022-09-16
유천동312,1,대전광역시 중구 계백로1642번길36,대전광역시 중구 유천동127-59,36.31806946,127.4019623,,전용주,042-606-6843,대전광역시 중구청,2022-09-16
유천동313,1,대전광역시 중구 계백로1642번길30,대전광역시 중구 유천동127-56,36.31835556,127.4019547,,전용주,042-606-6843,대전광역시 중구청,2022-09-16
유천동314,1,대전광역시 중구 계백로1642번길22,대전광역시 중구 유천동127-52,36.31866837,127.4019089,,전용주,042-606-6843,대전광역시 중구청,2022-09-16
유천동315,1,대전광역시 중구 계백로1642번길17,대전광역시 중구 유천동127-41,36.31889725,127.4019012,,전용주,042-606-6843,대전광역시 중구청,2022-09-16
유천동316,1,대전광역시 중구 계백로1642번길11,대전광역시 중구 유천동127-49,36.31906128,127.4018097,,전용주,042-606-6843,대전광역시 중구청,2022-09-16
유천동317,1,대전광역시 중구 계백로1642번길7-11,대전광역시 중구 유천동127-27,36.318573,127.4021606,,한전주,042-606-6843,대전광역시 중구청,2022-09-16
유천동318,1,대전광역시 중구 계백로1642번길7-7,대전광역시 중구 유천동127-84,36.31880188,127.4021606,,한전주,042-606-6843,대전광역시 중구청,2022-09-16
유천동319,1,대전광역시 중구 계백로1642번길7-4,대전광역시 중구 유천동127-10,36.31907654,127.402153,,한전주,042-606-6843,대전광역시 중구청,2022-09-16
유천동320,1,,대전광역시 중구 유천동127-10,36.31929016,127.4021683,,전용주,042-606-6843,대전광역시 중구청,2022-09-16
유천동321,1,,대전광역시 중구 유천동186-8,36.31877899,127.4007339,,전용주,042-606-6843,대전광역시 중구청,2022-09-16
유천동322,1,,대전광역시 중구 유천동186-8,36.31887436,127.4010315,,한전주,042-606-6843,대전광역시 중구청,2022-09-16
유천동323,1,대전광역시 중구 계백로1630번길8,대전광역시 중구 유천동127-71,36.31886673,127.4013824,,한전주,042-606-6843,대전광역시 중구청,2022-09-16
유천동324,1,대전광역시 중구 계백로1630번길11,대전광역시 중구 유천동127-50,36.31893539,127.4016724,,전용주,042-606-6843,대전광역시 중구청,2022-09-16
유천동325,1,대전광역시 중구 계백로1630번길19,대전광역시 중구 유천동127-55,36.3184967,127.4017487,,한전주,042-606-6843,대전광역시 중구청,2022-09-16
유천동326,1,대전광역시 중구 계백로1630번길30,대전광역시 중구 유천동127-58,36.31817627,127.4017792,,한전주,042-606-6843,대전광역시 중구청,2022-09-16
유천동327,1,대전광역시 중구 계백로1630번길21,대전광역시 중구 유천동127-63,36.31823349,127.401329,,한전주,042-606-6843,대전광역시 중구청,2022-09-16
유천동328,1,대전광역시 중구 계백로1630번길11,대전광역시 중구 유천동127-69,36.31864548,127.4011917,,한전주,042-606-6843,대전광역시 중구청,2022-09-16
유천동329,1,,대전광역시 중구 유천동183-3,36.31853104,127.4009094,,한전주,042-606-6843,대전광역시 중구청,2022-09-16
유천동330,1,대전광역시 중구 유천로58번길55,대전광역시 중구 유천동183-3,36.31848526,127.4006805,,한전주,042-606-6843,대전광역시 중구청,2022-09-16
유천동331,1,대전광역시 중구 유천로58번길49,대전광역시 중구 유천동186-12,36.31844711,127.4002457,,한전주,042-606-6843,대전광역시 중구청,2022-09-16
유천동332,1,,대전광역시 중구 유천동183-31,36.31838226,127.4000015,,한전주,042-606-6843,대전광역시 중구청,2022-09-16
유천동333,1,,대전광역시 중구 유천동186-1,36.31871033,127.3998413,,한전주,042-606-6843,대전광역시 중구청,2022-09-16
유천동334,1,대전광역시 중구 계백로1618번길6-7,대전광역시 중구 유천동185-15,36.31858444,127.3994904,,한전주,042-606-6843,대전광역시 중구청,2022-09-16
유천동335,1,대전광역시 중구 계백로1618번길6-13,대전광역시 중구 유천동185-19,36.3184433,127.3990402,,한전주,042-606-6843,대전광역시 중구청,2022-09-16
유천동336,1,대전광역시 중구 유천로58번길37,대전광역시 중구 유천동185-56,36.31836319,127.399826,,한전주,042-606-6843,대전광역시 중구청,2022-09-16
유천동337,1,대전광역시 중구 유천로58번길33,대전광역시 중구 유천동185-16,36.31825256,127.3993607,,한전주,042-606-6843,대전광역시 중구청,2022-09-16
유천동338,1,대전광역시 중구 유천로58번길21,대전광역시 중구 유천동185-43,36.31814575,127.398941,,한전주,042-606-6843,대전광역시 중구청,2022-09-16
유천동339,1,대전광역시 중구 유천로58번길13,대전광역시 중구 유천동185-47,36.31802368,127.3984375,,한전주,042-606-6843,대전광역시 중구청,2022-09-16
유천동340,1,대전광역시 중구 유천로58번길5,대전광역시 중구 유천동185-51,36.31792831,127.3980942,,한전주,042-606-6843,대전광역시 중구청,2022-09-16
유천동341,1,,대전광역시 중구 유천동185-32,36.31784439,127.3978271,,한전주,042-606-6843,대전광역시 중구청,2022-09-16
유천동342,1,대전광역시 중구 유천로52-1,대전광역시 중구 유천동213-23,36.31739426,127.3982086,,전용주,042-606-6843,대전광역시 중구청,2022-09-16
유천동343,1,대전광역시 중구 문화로133번길103,대전광역시 중구 유천동213-3,36.31759262,127.3985901,,전용주,042-606-6843,대전광역시 중구청,2022-09-16
유천동344,1,대전광역시 중구 유천로54번길11,대전광역시 중구 유천동184-7,36.31772232,127.3990631,,한전주,042-606-6843,대전광역시 중구청,2022-09-16
유천동345,1,대전광역시 중구 유천로54번길18,대전광역시 중구 유천동184-5,36.31780243,127.3993988,,한전주,042-606-6843,대전광역시 중구청,2022-09-16
유천동346,1,,대전광역시 중구 유천동182-1,36.31783676,127.4001312,,한전주,042-606-6843,대전광역시 중구청,2022-09-16
유천동347,1,대전광역시 중구 유천로54번길38,대전광역시 중구 유천동182-3,36.31807327,127.4005203,,한전주,042-606-6843,대전광역시 중구청,2022-09-16
유천동348,1,대전광역시 중구 유천로54번길44,대전광역시 중구 유천동182-15,36.31816101,127.4008713,,한전주,042-606-6843,대전광역시 중구청,2022-09-16
유천동349,1,,대전광역시 중구 유천동10-18,36.32233047,127.4026947,,전용주,042-606-6843,대전광역시 중구청,2022-09-16
유천동350,1,,대전광역시 중구 유천동10-18,36.32262421,127.4025879,,전용주,042-606-6843,대전광역시 중구청,2022-09-16
유천동351,1,,대전광역시 중구 유천동10,36.32299423,127.4024506,,한전주,042-606-6843,대전광역시 중구청,2022-09-16
유천동352,1,,대전광역시 중구 유천동10,36.3230896,127.4021149,,전용주,042-606-6843,대전광역시 중구청,2022-09-16
유천동353,1,,대전광역시 중구 유천동10,36.32299042,127.4017487,,전용주,042-606-6843,대전광역시 중구청,2022-09-16
유천동354,1,대전광역시 중구 유천로57-12,대전광역시 중구 유천동212-1,36.31767273,127.3970795,,한전주,042-606-6843,대전광역시 중구청,2022-09-16
유천동355,1,대전광역시 중구 유천로57-21,대전광역시 중구 유천동211-19,36.31747437,127.3965683,,한전주,042-606-6843,대전광역시 중구청,2022-09-16
유천동356,1,대전광역시 중구 계백로1584번길9,대전광역시 중구 유천동210-20,36.31753922,127.3961639,,한전주,042-606-6843,대전광역시 중구청,2022-09-16
유천동357,1,대전광역시 중구 계백로1584번길5,대전광역시 중구 유천동210-21,36.31770325,127.3963623,,전용주,042-606-6843,대전광역시 중구청,2022-09-16
유천동358,1,대전광역시 중구 계백로1584번길13,대전광역시 중구 유천동211-12,36.317276,127.3962708,,한전주,042-606-6843,대전광역시 중구청,2022-09-16
유천동359,1,대전광역시 중구 계백로1584번길12-1,대전광역시 중구 유천동304-2,36.31729507,127.3959427,,전용주,042-606-6843,대전광역시 중구청,2022-09-16
유천동360,1,대전광역시 중구 계백로1584번길21,대전광역시 중구 유천동211-9,36.31690216,127.3964081,,한전주,042-606-6843,대전광역시 중구청,2022-09-16
유천동361,1,대전광역시 중구 계백로1584번길35,대전광역시 중구 유천동217-1,36.31641006,127.3965836,,한전주,042-606-6843,대전광역시 중구청,2022-09-16
유천동362,1,대전광역시 중구 계백로1584번길46-2,대전광역시 중구 유천동249-24,36.31584167,127.3965149,,한전주,042-606-6843,대전광역시 중구청,2022-09-16
유천동363,1,대전광역시 중구 계백로1584번길49,대전광역시 중구 유천동217-25,36.31584167,127.3967896,,한전주,042-606-6843,대전광역시 중구청,2022-09-16
유천동364,1,대전광역시 중구 계백로1584번길49-1,대전광역시 중구 유천동217-25,36.31589127,127.3970261,,전용주,042-606-6843,대전광역시 중구청,2022-09-16
유천동365,1,대전광역시 중구 계백로1584번길53,대전광역시 중구 유천동217-20,36.31561279,127.3968506,,한전주,042-606-6843,대전광역시 중구청,2022-09-16
유천동366,1,대전광역시 중구 계백로1584번길53-1,대전광역시 중구 유천동217-21,36.31563187,127.3971405,,건축물,042-606-6843,대전광역시 중구청,2022-09-16
유천동367,1,대전광역시 중구 계백로1584번길51-2,대전광역시 중구 유천동217-26,36.31577301,127.3970702,,전용주,042-606-6843,대전광역시 중구청,2022-09-16
유천동368,1,대전광역시 중구 계백로1584번길55-2,대전광역시 중구 유천동217-15,36.31549072,127.3972092,,건축물,042-606-6843,대전광역시 중구청,2022-09-16
유천동369,1,대전광역시 중구 계백로1584번길59,대전광역시 중구 유천동217-16,36.31529617,127.3969727,,한전주,042-606-6843,대전광역시 중구청,2022-09-16
유천동370,1,대전광역시 중구 유천로27-24,대전광역시 중구 유천동267-14,36.31500244,127.3971641,,한전주,042-606-6843,대전광역시 중구청,2022-09-16
유천동371,1,대전광역시 중구 계백로1584번길75-5,대전광역시 중구 유천동267-28,36.31475449,127.3974915,,한전주,042-606-6843,대전광역시 중구청,2022-09-16
유천동372,1,대전광역시 중구 계백로1584번길75-21,대전광역시 중구 유천동267-63,36.3148613,127.3978348,,한전주,042-606-6843,대전광역시 중구청,2022-09-16
유천동373,1,대전광역시 중구 계백로1584번길74-1,대전광역시 중구 유천동266-7,36.31465149,127.3971024,,한전주,042-606-6843,대전광역시 중구청,2022-09-16
유천동374,1,대전광역시 중구 계백로1584번길80,대전광역시 중구 유천동266-45,36.3143692,127.3972168,,한전주,042-606-6843,대전광역시 중구청,2022-09-16
유천동375,1,대전광역시 중구 계백로1584번길85,대전광역시 중구 유천동268-1,36.3143158,127.3973312,,한전주,042-606-6843,대전광역시 중구청,2022-09-16
유천동376,1,대전광역시 중구 계백로1584번길89,대전광역시 중구 유천동268-24,36.31406021,127.3974075,,한전주,042-606-6843,대전광역시 중구청,2022-09-16
유천동377,1,대전광역시 중구 유천로17번길23,대전광역시 중구 유천동269-1,36.31373596,127.3975296,,한전주,042-606-6843,대전광역시 중구청,2022-09-16
유천동378,1,대전광역시 중구 계백로1584번길101,대전광역시 중구 유천동269-10,36.3134613,127.3976517,,한전주,042-606-6843,대전광역시 중구청,2022-09-16
유천동379,1,대전광역시 중구 유천로7-24,대전광역시 중구 유천동270-17,36.31307602,127.397789,,한전주,042-606-6843,대전광역시 중구청,2022-09-16
유천동380,1,대전광역시 중구 계백로1584번길119,대전광역시 중구 유천동271-9,36.31272125,127.3979034,,한전주,042-606-6843,대전광역시 중구청,2022-09-16
유천동381,1,대전광역시 중구 계백로1584번길120-5,대전광역시 중구 유천동272-15,36.31267929,127.3975754,,한전주,042-606-6843,대전광역시 중구청,2022-09-16
유천동382,1,대전광역시 중구 유천로7-21,대전광역시 중구 유천동271-2,36.31302643,127.3980865,,한전주,042-606-6843,대전광역시 중구청,2022-09-16
유천동383,1,대전광역시 중구 유천로7-17,대전광역시 중구 유천동271-31,36.31296921,127.3983154,,전용주,042-606-6843,대전광역시 중구청,2022-09-16
유천동384,1,대전광역시 중구 유천로7-11,대전광역시 중구 유천동271-36,36.31316757,127.3985901,,한전주,042-606-6843,대전광역시 중구청,2022-09-16
유천동385,1,대전광역시 중구 유천로7-5,대전광역시 중구 유천동271-39,36.31322479,127.3988571,,전용주,042-606-6843,대전광역시 중구청,2022-09-16
유천동386,1,대전광역시 중구 유천로11-6,대전광역시 중구 유천동270-22,36.31365967,127.3986359,,한전주,042-606-6843,대전광역시 중구청,2022-09-16
유천동387,1,대전광역시 중구 유천로11-16,대전광역시 중구 유천동269-31,36.31358719,127.398262,,한전주,042-606-6843,대전광역시 중구청,2022-09-16
유천동388,1,대전광역시 중구 유천로11-18,대전광역시 중구 유천동269-29,36.31352997,127.3979874,,한전주,042-606-6843,대전광역시 중구청,2022-09-16
유천동389,1,대전광역시 중구 유천로17번길17,대전광역시 중구 유천동269-20,36.31389236,127.3978653,,한전주,042-606-6843,대전광역시 중구청,2022-09-16
유천동390,1,대전광역시 중구 유천로17번길12,대전광역시 중구 유천동269-4,36.31400681,127.3983078,,한전주,042-606-6843,대전광역시 중구청,2022-09-16
유천동391,1,대전광역시 중구 유천로17번길6,대전광역시 중구 유천동268-37,36.31412506,127.398468,,건축물,042-606-6843,대전광역시 중구청,2022-09-16
유천동392,1,대전광역시 중구 유천로17번길5,대전광역시 중구 유천동269-12,36.31408691,127.398674,,한전주,042-606-6843,대전광역시 중구청,2022-09-16
유천동393,1,대전광역시 중구 유천로23-10,대전광역시 중구 유천동267-42,36.31460571,127.3980942,,한전주,042-606-6843,대전광역시 중구청,2022-09-16
유천동394,1,대전광역시 중구 유천로23-18,대전광역시 중구 유천동267-65,36.31455612,127.3978043,,한전주,042-606-6843,대전광역시 중구청,2022-09-16
유천동395,1,대전광역시 중구 유천로27-19,대전광역시 중구 유천동267-11,36.31507874,127.3974533,,전용주,042-606-6843,대전광역시 중구청,2022-09-16
유천동396,1,대전광역시 중구 유천로27-15,대전광역시 중구 유천동267-18,36.31510925,127.3976669,,한전주,042-606-6843,대전광역시 중구청,2022-09-16
유천동397,1,대전광역시 중구 유천로27-6,대전광역시 중구 유천동267-20,36.31512451,127.3980865,,건축물,042-606-6843,대전광역시 중구청,2022-09-16
유천동398,1,대전광역시 중구 유천로27-7,대전광역시 중구 유천동267-70,36.31507111,127.3981552,,한전주,042-606-6843,대전광역시 중구청,2022-09-16
유천동399,1,대전광역시 중구 유천로33번길10,대전광역시 중구 유천동215-28,36.31551743,127.3979187,,한전주,042-606-6843,대전광역시 중구청,2022-09-16
유천동400,1,대전광역시 중구 유천로33번길16,대전광역시 중구 유천동217-13,36.3154068,127.3974991,,한전주,042-606-6843,대전광역시 중구청,2022-09-16
유천동401,1,대전광역시 중구 계백로1590번길46,대전광역시 중구 유천동217-11,36.31564331,127.3974762,,전용주,042-606-6843,대전광역시 중구청,2022-09-16
유천동402,1,대전광역시 중구 계백로1590번길40,대전광역시 중구 유천동217-53,36.31594467,127.3973923,,한전주,042-606-6843,대전광역시 중구청,2022-09-16
유천동403,1,대전광역시 중구 계백로1590번길32,대전광역시 중구 유천동217-43,36.3162117,127.3972778,,한전주,042-606-6843,대전광역시 중구청,2022-09-16
유천동404,1,대전광역시 중구 유천로47번길17,대전광역시 중구 유천동217-2,36.31663513,127.3971481,,한전주,042-606-6843,대전광역시 중구청,2022-09-16
유천동405,1,대전광역시 중구 유천로47번길6,대전광역시 중구 유천동212-25,36.31689835,127.3975754,,한전주,042-606-6843,대전광역시 중구청,2022-09-16
유천동406,1,대전광역시 중구 유천로47번길5,대전광역시 중구 유천동215-3,36.31680679,127.3975754,,한전주,042-606-6843,대전광역시 중구청,2022-09-16
유천동407,1,대전광역시 중구 유천로47번길17,대전광역시 중구 유천동217-2,36.31676865,127.397049,,한전주,042-606-6843,대전광역시 중구청,2022-09-16
유천동408,1,대전광역시 중구 유천로47번길23,대전광역시 중구 유천동217-1,36.31666183,127.3966064,,한전주,042-606-6843,대전광역시 중구청,2022-09-16
유천동409,1,대전광역시 중구 유천로47번길14,대전광역시 중구 유천동211-5,36.3168335,127.3970795,,한전주,042-606-6843,대전광역시 중구청,2022-09-16
유천동410,1,대전광역시 중구 계백로1590번길10,대전광역시 중구 유천동211-4,36.31717682,127.3969498,,한전주,042-606-6843,대전광역시 중구청,2022-09-16
유천동411,1,대전광역시 중구 유천로57-21,대전광역시 중구 유천동211-2,36.31746292,127.3968353,,한전주,042-606-6843,대전광역시 중구청,2022-09-16
유천동412,1,대전광역시 중구 당디로124번길84-3,대전광역시 중구 유천동303-9,36.31715012,127.3953323,,건축물,042-606-6843,대전광역시 중구청,2022-09-16
유천동413,1,대전광역시 중구 당디로124번길84-16,대전광역시 중구 유천동303-29,36.31660461,127.3950882,,전용주,042-606-6843,대전광역시 중구청,2022-09-16
유천동414,1,대전광역시 중구 당디로124번길78-5,대전광역시 중구 유천동303-12,36.31689453,127.3951797,,한전주,042-606-6843,대전광역시 중구청,2022-09-16
유천동415,1,대전광역시 중구 당디로124번길80,대전광역시 중구 유천동303-6,36.31705093,127.3950882,,건축물,042-606-6843,대전광역시 중구청,2022-09-16
유천동416,1,대전광역시 중구 당디로124번길74,대전광역시 중구 유천동303-3,36.31696701,127.3949661,,전용주,042-606-6843,대전광역시 중구청,2022-09-16
유천동417,1,대전광역시 중구 유천로47번길56,대전광역시 중구 유천동303-43,36.31625366,127.3949127,,한전주,042-606-6843,대전광역시 중구청,2022-09-16
유천동418,1,대전광역시 중구 유천로47번길50,대전광역시 중구 유천동303-21,36.31632996,127.395256,,한전주,042-606-6843,대전광역시 중구청,2022-09-16
유천동419,1,대전광역시 중구 유천로47번길42,대전광역시 중구 유천동303-20,36.31641769,127.3956299,,한전주,042-606-6843,대전광역시 중구청,2022-09-16
유천동420,1,대전광역시 중구 유천로47번길33,대전광역시 중구 유천동249-37,36.31651306,127.3960342,,한전주,042-606-6843,대전광역시 중구청,2022-09-16
유천동421,1,대전광역시 중구 유천로33번길32,대전광역시 중구 유천동249-11,36.31520462,127.3967133,,한전주,042-606-6843,대전광역시 중구청,2022-09-16
유천동422,1,대전광역시 중구 문화로105번길90,대전광역시 중구 유천동249-15,36.3162384,127.3959579,,한전주,042-606-6843,대전광역시 중구청,2022-09-16
유천동423,1,대전광역시 중구 문화로105번길88,대전광역시 중구 유천동249-19,36.3160553,127.3960342,,한전주,042-606-6843,대전광역시 중구청,2022-09-16
유천동424,1,대전광역시 중구 문화로105번길80,대전광역시 중구 유천동249-25,36.31581116,127.3961182,,한전주,042-606-6843,대전광역시 중구청,2022-09-16
유천동425,1,대전광역시 중구 문화로105번길72,대전광역시 중구 유천동249-29,36.31548309,127.3962555,,한전주,042-606-6843,대전광역시 중구청,2022-09-16
유천동426,1,대전광역시 중구 문화로105번길70,대전광역시 중구 유천동249-12,36.31526566,127.3963318,,한전주,042-606-6843,대전광역시 중구청,2022-09-16
유천동427,1,대전광역시 중구 문화로105번길54,대전광역시 중구 유천동266-29,36.31462097,127.3965607,,한전주,042-606-6843,대전광역시 중구청,2022-09-16
유천동428,1,대전광역시 중구 문화로105번길42,대전광역시 중구 유천동266-23,36.31405258,127.396759,,한전주,042-606-6843,대전광역시 중구청,2022-09-16
유천동429,1,대전광역시 중구 유천로17번길34,대전광역시 중구 유천동272-1,36.31365967,127.3969498,,한전주,042-606-6843,대전광역시 중구청,2022-09-16
유천동430,1,대전광역시 중구 유천로17번길31,대전광역시 중구 유천동272-2,36.31373978,127.3972855,,한전주,042-606-6843,대전광역시 중구청,2022-09-16
유천동431,1,대전광역시 중구 문화로105번길26,대전광역시 중구 유천동272-30,36.31346893,127.3969574,,한전주,042-606-6843,대전광역시 중구청,2022-09-16
유천동432,1,대전광역시 중구 문화로105번길20,대전광역시 중구 유천동272-27,36.31324768,127.3970413,,한전주,042-606-6843,대전광역시 중구청,2022-09-16
유천동433,1,대전광역시 중구 문화로105번길10,대전광역시 중구 유천동272-19,36.31279373,127.3972092,,한전주,042-606-6843,대전광역시 중구청,2022-09-16
유천동434,1,대전광역시 중구 문화로105번길6,대전광역시 중구 유천동272-17,36.31252289,127.3973083,,한전주,042-606-6843,대전광역시 중구청,2022-09-16
유천동435,1,대전광역시 중구 문화로105번길5,대전광역시 중구 유천동273-4,36.31275177,127.3970184,,한전주,042-606-6843,대전광역시 중구청,2022-09-16
유천동436,1,대전광역시 중구 문화로105번길11,대전광역시 중구 유천동273-20,36.3126297,127.3965683,,한전주,042-606-6843,대전광역시 중구청,2022-09-16
유천동437,1,대전광역시 중구 문화로99번길11,대전광역시 중구 유천동275-4,36.31319046,127.396347,,한전주,042-606-6843,대전광역시 중구청,2022-09-16
유천동438,1,대전광역시 중구 유천로17번길49,대전광역시 중구 유천동275-2,36.31344986,127.3962555,,한전주,042-606-6843,대전광역시 중구청,2022-09-16
유천동439,1,대전광역시 중구 유촌로17번길41,대전광역시 중구 유천동274-9,36.31357574,127.3966293,,한전주,042-606-6843,대전광역시 중구청,2022-09-16
유천동440,1,대전광역시 중구 유천로17번길56,대전광역시 중구 유천동296-28,36.31348038,127.3957977,,건축물,042-606-6843,대전광역시 중구청,2022-09-16
유천동441,1,대전광역시 중구 문화로99번길29,대전광역시 중구 유천동296-5,36.31392288,127.3961029,,한전주,042-606-6843,대전광역시 중구청,2022-09-16
유천동442,1,대전광역시 중구 문화로99번길37,대전광역시 중구 유천동296-54,36.31427383,127.3959656,,한전주,042-606-6843,대전광역시 중구청,2022-09-16
유천동443,1,대전광역시 중구 문화로99번길39,대전광역시 중구 유천동296-52,36.31440735,127.3957291,,건축물,042-606-6843,대전광역시 중구청,2022-09-16
유천동444,1,대전광역시 중구 문화로99번길43,대전광역시 중구 유천동296-36,36.31463242,127.3958206,,한전주,042-606-6843,대전광역시 중구청,2022-09-16
유천동445,1,대전광역시 중구 유천로33번길44,대전광역시 중구 유천동256-23,36.31504059,127.3960571,,한전주,042-606-6843,대전광역시 중구청,2022-09-16
유천동446,1,대전광역시 중구 유천로33번길50,대전광역시 중구 유천동297-36,36.31492615,127.3956757,,한전주,042-606-6843,대전광역시 중구청,2022-09-16
유천동447,1,대전광역시 중구 유천로33번길54,대전광역시 중구 유천동297-6,36.3148697,127.3953716,,한전주,042-606-6843,대전광역시 중구청,2022-09-16
유천동448,1,대전광역시 중구 문화로99번길57-1,대전광역시 중구 유천동297-31,36.31512833,127.3954926,,한전주,042-606-6843,대전광역시 중구청,2022-09-16
유천동449,1,대전광역시 중구 문화로99번길61,대전광역시 중구 유천동297-29,36.31529999,127.3955994,,한전주,042-606-6843,대전광역시 중구청,2022-09-16
유천동450,1,대전광역시 중구 문화로99번길65-1,대전광역시 중구 유천동297-5,36.3154068,127.3953934,,전용주,042-606-6843,대전광역시 중구청,2022-09-16
유천동451,1,대전광역시 중구 문화로99번길69,대전광역시 중구 유천동297-43,36.31568146,127.3954697,,한전주,042-606-6843,대전광역시 중구청,2022-09-16
유천동452,1,대전광역시 중구 문화로99번길75,대전광역시 중구 유천동297-14,36.31594849,127.3953781,,한전주,042-606-6843,대전광역시 중구청,2022-09-16
유천동453,1,대전광역시 중구 당디로124번길59,대전광역시 중구 유천동306-5,36.31679916,127.3940277,,전용주,042-606-6843,대전광역시 중구청,2022-09-16
유천동454,1,대전광역시 중구 당디로124번길52,대전광역시 중구 유천동301-9,36.31661606,127.3937378,,한전주,042-606-6843,대전광역시 중구청,2022-09-16
유천동455,1,대전광역시 중구 당디로124번길54-1,대전광역시 중구 유천동301-50,36.31656265,127.3939285,,전용주,042-606-6843,대전광역시 중구청,2022-09-16
유천동456,1,대전광역시 중구 당디로124번길54-4,대전광역시 중구 유천동301-48,36.31619263,127.3940735,,전용주,042-606-6843,대전광역시 중구청,2022-09-16
유천동457,1,대전광역시 중구 유천로47번길74,대전광역시 중구 유천동301-16,36.31611633,127.3940506,,건축물,042-606-6843,대전광역시 중구청,2022-09-16
유천동458,1,대전광역시 중구 당디로124번길52-2,대전광역시 중구 유천동301-44,36.31639862,127.3939667,,전용주,042-606-6843,대전광역시 중구청,2022-09-16
유천동459,1,대전광역시 중구 당디로124번길40,대전광역시 중구 유천동301-6,36.31644058,127.3932648,,한전주,042-606-6843,대전광역시 중구청,2022-09-16
유천동460,1,대전광역시 중구 당디로124번길38,대전광역시 중구 유천동301-3,36.31634521,127.3929901,,한전주,042-606-6843,대전광역시 중구청,2022-09-16
유천동461,1,대전광역시 중구 계백로1550번길19,대전광역시 중구 유천동301-1,36.31623077,127.3927383,,한전주,042-606-6843,대전광역시 중구청,2022-09-16
유천동462,1,대전광역시 중구 계백로1550번길8,대전광역시 중구 유천동328-13,36.31678009,127.3924255,,한전주,042-606-6843,대전광역시 중구청,2022-09-16
유천동463,1,대전광역시 중구 계백로1550번길12,대전광역시 중구 유천동328-16,36.31658936,127.3924713,,한전주,042-606-6843,대전광역시 중구청,2022-09-16
유천동464,1,대전광역시 중구 계백로1550번길12-3,대전광역시 중구 유천동328-38,36.31636047,127.3921432,,전용주,042-606-6843,대전광역시 중구청,2022-09-16
유천동465,1,대전광역시 중구 계백로1550번길16,대전광역시 중구 유천동328-40,36.31630707,127.3925858,,한전주,042-606-6843,대전광역시 중구청,2022-09-16
유천동466,1,,대전광역시 중구 유천동329-9,36.31604767,127.3923187,,한전주,042-606-6843,대전광역시 중구청,2022-09-16
유천동467,1,대전광역시 중구 당디로124번길22,대전광역시 중구 유천동329-8,36.31598663,127.3921661,,한전주,042-606-6843,대전광역시 중구청,2022-09-16
유천동468,1,대전광역시 중구 당디로124번길13-1,대전광역시 중구 유천동328-47,36.31617355,127.3917542,,전용주,042-606-6843,대전광역시 중구청,2022-09-16
유천동469,1,대전광역시 중구 당디로124번길14,대전광역시 중구 유천동329-30,36.31591034,127.3917847,,한전주,042-606-6843,대전광역시 중구청,2022-09-16
유천동470,1,대전광역시 중구 당디로124번길19,대전광역시 중구 유천동328-20,36.31600952,127.3919754,,한전주,042-606-6843,대전광역시 중구청,2022-09-16
유천동471,1,대전광역시 중구 당디로124번길14-1,대전광역시 중구 유천동329-5,36.31579971,127.3917618,,전용주,042-606-6843,대전광역시 중구청,2022-09-16
유천동472,1,대전광역시 중구 당디로124번길7,대전광역시 중구 유천동328-35,36.31592941,127.3913193,,한전주,042-606-6843,대전광역시 중구청,2022-09-16
유천동473,1,대전광역시 중구 계백로1540-11,대전광역시 중구 유천동328-30,36.31616211,127.3913269,,한전주,042-606-6843,대전광역시 중구청,2022-09-16
유천동474,1,대전광역시 중구 유천로47번길117,대전광역시 중구 유천동332-4,36.31532288,127.3915558,,한전주,042-606-6843,대전광역시 중구청,2022-09-16
유천동475,1,대전광역시 중구 유천로47번길115,대전광역시 중구 유천동332-38,36.31535339,127.3917236,,한전주,042-606-6843,대전광역시 중구청,2022-09-16
유천동476,1,대전광역시 중구 유천로47번길118,대전광역시 중구 유천동329-32,36.31563187,127.3916092,,한전주,042-606-6843,대전광역시 중구청,2022-09-16
유천동477,1,대전광역시 중구 유천로47번길113,대전광역시 중구 유천동330-1,36.31538391,127.3918915,,한전주,042-606-6843,대전광역시 중구청,2022-09-16
유천동478,1,대전광역시 중구 유천로17번길14,대전광역시 중구 유천동330-15,36.31529617,127.3924561,,전용주,042-606-6843,대전광역시 중구청,2022-09-16
유천동479,1,대전광역시 중구 유천로17번길56-10,대전광역시 중구 유천동330-13,36.31503677,127.3924255,,한전주,042-606-6843,대전광역시 중구청,2022-09-16
유천동480,1,대전광역시 중구 유천로47번길101,대전광역시 중구 유천동330-5,36.31551743,127.3923645,,한전주,042-606-6843,대전광역시 중구청,2022-09-16
유천동481,1,대전광역시 중구 계백로1550번길25,대전광역시 중구 유천동301-33,36.31595612,127.3928223,,전용주,042-606-6843,대전광역시 중구청,2022-09-16
유천동482,1,대전광역시 중구 유천로47번길91,대전광역시 중구 유천동300-1,36.31563187,127.3929596,,한전주,042-606-6843,대전광역시 중구청,2022-09-16
유천동483,1,대전광역시 중구 유천로47번길91,대전광역시 중구 유천동301-31,36.31572723,127.3931885,,한전주,042-606-6843,대전광역시 중구청,2022-09-16
유천동484,1,대전광역시 중구 유천로47번길83,대전광역시 중구 유천동301-28,36.31578064,127.3934021,,한전주,042-606-6843,대전광역시 중구청,2022-09-16
유천동485,1,대전광역시 중구 유천로47번길79,대전광역시 중구 유천동300-28,36.31583786,127.3936844,,한전주,042-606-6843,대전광역시 중구청,2022-09-16
유천동486,1,대전광역시 중구 유천로47번길78,대전광역시 중구 유천동301-24,36.31605148,127.393631,,한전주,042-606-6843,대전광역시 중구청,2022-09-16
유천동487,1,대전광역시 중구 유천로47번길84,대전광역시 중구 유천동298-1,36.31600189,127.3934559,,한전주,042-606-6843,대전광역시 중구청,2022-09-16
유천동488,1,대전광역시 중구 문화로87번길82,대전광역시 중구 유천동298-28,36.31583786,127.3942261,,전용주,042-606-6843,대전광역시 중구청,2022-09-16
유천동489,1,대전광역시 중구 문화로87번길72,대전광역시 중구 유천동298-25,36.31550217,127.3943481,,한전주,042-606-6843,대전광역시 중구청,2022-09-16
유천동490,1,대전광역시 중구 문화로87번길61,대전광역시 중구 유천동299-27,36.31504822,127.3944244,,한전주,042-606-6843,대전광역시 중구청,2022-09-16
유천동491,1,대전광역시 중구 문화로87번길55,대전광역시 중구 유천동298-14,36.31473541,127.3944397,,한전주,042-606-6843,대전광역시 중구청,2022-09-16
유천동492,1,대전광역시 중구 문화로87번길50,대전광역시 중구 유천동295-1,36.31454849,127.3944778,,전용주,042-606-6843,대전광역시 중구청,2022-09-16
유천동493,1,대전광역시 중구 문화로87번길49,대전광역시 중구 유천동294-24,36.31445313,127.3943558,,한전주,042-606-6843,대전광역시 중구청,2022-09-16
유천동494,1,대전광역시 중구 문화로87번길43,대전광역시 중구 유천동294-10,36.31417847,127.3944626,,한전주,042-606-6843,대전광역시 중구청,2022-09-16
유천동495,1,대전광역시 중구 문화로87번길39,대전광역시 중구 유천동293-4,36.31404114,127.3944778,,전용주,042-606-6843,대전광역시 중구청,2022-09-16
유천동496,1,대전광역시 중구 문화로87번길37,대전광역시 중구 유천동293-12,36.31388092,127.3945618,,한전주,042-606-6843,대전광역시 중구청,2022-09-16
유천동497,1,대전광역시 중구 문화로87번길27,대전광역시 중구 유천동290-27,36.31350708,127.3946915,,한전주,042-606-6843,대전광역시 중구청,2022-09-16
유천동498,1,대전광역시 중구 문화로87번길25,대전광역시 중구 유천동290-19,36.31335068,127.3947525,,한전주,042-606-6843,대전광역시 중구청,2022-09-16
유천동499,1,대전광역시 중구 유천로17번길69,대전광역시 중구 유천동276-22,36.31320572,127.3951492,,한전주,042-606-6843,대전광역시 중구청,2022-09-16
유천동500,1,대전광역시 중구 문화로87번길17,대전광역시 중구 유천동289-3,36.31311798,127.394783,,한전주,042-606-6843,대전광역시 중구청,2022-09-16
유천동501,1,대전광역시 중구 문화로87번길12,대전광역시 중구 유천동276-19,36.31281662,127.3952099,,한전주,042-606-6843,대전광역시 중구청,2022-09-16
유천동502,1,대전광역시 중구 문화로87번길4,대전광역시 중구 유천동276-8,36.31249237,127.3951492,,한전주,042-606-6843,대전광역시 중구청,2022-09-16
유천동503,1,대전광역시 중구 문화로87번길4,대전광역시 중구 유천동278-15,36.31239319,127.3953247,,한전주,042-606-6843,대전광역시 중구청,2022-09-16
유천동504,1,대전광역시 중구 문화로105번안길34,대전광역시 중구 유천동276-7,36.31245422,127.3955002,,한전주,042-606-6843,대전광역시 중구청,2022-09-16
유천동505,1,대전광역시 중구 문화로105번안길44,대전광역시 중구 유천동288-16,36.31229401,127.3949814,,한전주,042-606-6843,대전광역시 중구청,2022-09-16
유천동506,1,대전광역시 중구 문화로83-8,대전광역시 중구 유천동278-26,36.31201935,127.3948593,,전용주,042-606-6843,대전광역시 중구청,2022-09-16
유천동507,1,대전광역시 중구 문화로105번안길50,대전광역시 중구 유천동288-22,36.3122139,127.3945847,,한전주,042-606-6843,대전광역시 중구청,2022-09-16
유천동508,1,대전광역시 중구 계백로1550번길113,대전광역시 중구 유천동288-20,36.31210709,127.3942261,,한전주,042-606-6843,대전광역시 중구청,2022-09-16
유천동509,1,대전광역시 중구 계백로1550번길122-2,대전광역시 중구 유천동285-13,36.31169891,127.3939667,,전용주,042-606-6843,대전광역시 중구청,2022-09-16
유천동510,1,대전광역시 중구 계백로1550번길105,대전광역시 중구 유천동288-1,36.31250763,127.394104,,한전주,042-606-6843,대전광역시 중구청,2022-09-16
유천동511,1,대전광역시 중구 계백로1550번길103-12,대전광역시 중구 유천동288-19,36.31256104,127.394371,,한전주,042-606-6843,대전광역시 중구청,2022-09-16
유천동512,1,대전광역시 중구 계백로1550번길103-26,대전광역시 중구 유천동288-14,36.31267166,127.3948746,,한전주,042-606-6843,대전광역시 중구청,2022-09-16
유천동513,1,대전광역시 중구 유천로17번길85,대전광역시 중구 유천동289-2,36.31297302,127.3942413,,한전주,042-606-6843,대전광역시 중구청,2022-09-16
유천동514,1,대전광역시 중구 계백로1550번길98,대전광역시 중구 유천동286-12,36.31284714,127.3937531,,한전주,042-606-6843,대전광역시 중구청,2022-09-16
유천동515,1,대전광역시 중구 유천로17번길105,대전광역시 중구 유천동286-8,36.31271362,127.3932343,,한전주,042-606-6843,대전광역시 중구청,2022-09-16
유천동516,1,대전광역시 중구 유천로17번길113,대전광역시 중구 유천동286-4,36.31261444,127.3928452,,한전주,042-606-6843,대전광역시 중구청,2022-09-16
유천동517,1,대전광역시 중구 유천로17번길121,대전광역시 중구 유천동286-2,36.31252289,127.3924789,,한전주,042-606-6843,대전광역시 중구청,2022-09-16
유천동518,1,대전광역시 중구 당디로78,대전광역시 중구 유천동285-44,36.31184006,127.3926239,,건축물,042-606-6843,대전광역시 중구청,2022-09-16
유천동519,1,대전광역시 중구 문화로69-73,대전광역시 중구 유천동285-4,36.31185913,127.3929901,,한전주,042-606-6843,대전광역시 중구청,2022-09-16
유천동520,1,대전광역시 중구 문화로65-13,대전광역시 중구 유천동285-23,36.31165314,127.3929596,,전용주,042-606-6843,대전광역시 중구청,2022-09-16
유천동521,1,대전광역시 중구 문화로65-16,대전광역시 중구 유천동285-26,36.3114357,127.393013,,한전주,042-606-6843,대전광역시 중구청,2022-09-16
유천동522,1,대전광역시 중구 문화로69,대전광역시 중구 유천동285-20,36.31139755,127.3935089,,건축물,042-606-6843,대전광역시 중구청,2022-09-16
유천동523,1,대전광역시 중구 문화로69-12,대전광역시 중구 유천동285-71,36.31170273,127.393631,,한전주,042-606-6843,대전광역시 중구청,2022-09-16
유천동524,1,대전광역시 중구 문화로69-22,대전광역시 중구 유천동285-37,36.31173706,127.3933258,,전용주,042-606-6843,대전광역시 중구청,2022-09-16
유천동526,1,대전광역시 중구 당디로76번길18,대전광역시 중구 유천동285-5,36.3119812,127.3933411,,한전주,042-606-6843,대전광역시 중구청,2022-09-16
유천동527,1,대전광역시 중구 당디로76번길24,대전광역시 중구 유천동285-6,36.31208038,127.3937759,,한전주,042-606-6843,대전광역시 중구청,2022-09-16
유천동528,1,대전광역시 중구 당디로76번길28,대전광역시 중구 유천동285-9,36.31213379,127.3939972,,한전주,042-606-6843,대전광역시 중구청,2022-09-16
유천동529,1,대전광역시 중구 계백로1550번길140-12,대전광역시 중구 유천동286-27,36.3124512,127.393653,,한전주,042-606-6843,대전광역시 중구청,2022-09-16
유천동530,1,대전광역시 중구 계백로1550번길140-27,대전광역시 중구 유천동286-23,36.31235504,127.3932343,,한전주,042-606-6843,대전광역시 중구청,2022-09-16
유천동531,1,대전광역시 중구 유천로17번길10,대전광역시 중구 유천동291-1,36.31309891,127.3927002,,한전주,042-606-6843,대전광역시 중구청,2022-09-16
유천동532,1,대전광역시 중구 당디로90번길5,대전광역시 중구 유천동291-1,36.31317902,127.3929062,,한전주,042-606-6843,대전광역시 중구청,2022-09-16
유천동533,1,대전광역시 중구 당디로90번길10,대전광역시 중구 유천동291-20,36.31322479,127.3930511,,한전주,042-606-6843,대전광역시 중구청,2022-09-16
유천동534,1,대전광역시 중구 당디로90번길16,대전광역시 중구 유천동291-25,36.31329346,127.3933258,,한전주,042-606-6843,대전광역시 중구청,2022-09-16
유천동535,1,대전광역시 중구 계백로1550번길89-1,대전광역시 중구 유천동290-8,36.31309509,127.3937988,,한전주,042-606-6843,대전광역시 중구청,2022-09-16
유천동536,1,대전광역시 중구 계백로1550번길81,대전광역시 중구 유천동293-9,36.31348038,127.3936844,,한전주,042-606-6843,대전광역시 중구청,2022-09-16
유천동537,1,대전광역시 중구 계백로1550번길81,대전광역시 중구 유천동290-1,36.31341553,127.3937912,,한전주,042-606-6843,대전광역시 중구청,2022-09-16
유천동538,1,대전광역시 중구 당디로90번길27,대전광역시 중구 유천동290-22,36.31352234,127.3941727,,한전주,042-606-6843,대전광역시 중구청,2022-09-16
유천동539,1,대전광역시 중구 당디로90번길36,대전광역시 중구 유천동290-4,36.31359863,127.3945389,,한전주,042-606-6843,대전광역시 중구청,2022-09-16
유천동540,1,대전광역시 중구 당디로96번길31,대전광역시 중구 유천동294-7,36.31404114,127.3941574,,한전주,042-606-6843,대전광역시 중구청,2022-09-16
유천동541,1,대전광역시 중구 당디로96번길25,대전광역시 중구 유천동293-21,36.31396103,127.393898,,한전주,042-606-6843,대전광역시 중구청,2022-09-16
유천동542,1,대전광역시 중구 당디로96번길17,대전광역시 중구 유천동294-21,36.31392288,127.3935318,,한전주,042-606-6843,대전광역시 중구청,2022-09-16
유천동543,1,대전광역시 중구 당디로96번길14,대전광역시 중구 유천동292-10,36.31373215,127.3931961,,한전주,042-606-6843,대전광역시 중구청,2022-09-16
유천동544,1,대전광역시 중구 당디로96번길12,대전광역시 중구 유천동292-3,36.31368637,127.3929901,,한전주,042-606-6843,대전광역시 중구청,2022-09-16
유천동545,1,대전광역시 중구 당디로96번길6,대전광역시 중구 유천동292-25,36.31362152,127.3927307,,한전주,042-606-6843,대전광역시 중구청,2022-09-16
유천동546,1,대전광역시 중구 유천로17번길15,대전광역시 중구 유천동334-29,36.31337357,127.3925018,,한전주,042-606-6843,대전광역시 중구청,2022-09-16
유천동547,1,대전광역시 중구 유천로17번길23,대전광역시 중구 유천동334-43,36.31357956,127.3924408,,한전주,042-606-6843,대전광역시 중구청,2022-09-16
유천동548,1,대전광역시 중구 유천로33번길120,대전광역시 중구 유천동332-34,36.31402969,127.3920822,,한전주,042-606-6843,대전광역시 중구청,2022-09-16
유천동549,1,,대전광역시 중구 유천동332-33,36.31411743,127.3922577,,한전주,042-606-6843,대전광역시 중구청,2022-09-16
유천동550,1,대전광역시 중구 유천로33번길36,대전광역시 중구 유천동331-10,36.31414032,127.3925323,,한전주,042-606-6843,대전광역시 중구청,2022-09-16
유천동551,1,대전광역시 중구 유천로33번길103,대전광역시 중구 유천동333-17,36.31399536,127.3929749,,전용주,042-606-6843,대전광역시 중구청,2022-09-16
유천동552,1,대전광역시 중구 유천로33번길106,대전광역시 중구 유천동331-15,36.31427383,127.3930511,,한전주,042-606-6843,대전광역시 중구청,2022-09-16
유천동553,1,,대전광역시 중구 유천동299-42,36.3143959,127.3933716,,한전주,042-606-6843,대전광역시 중구청,2022-09-16
유천동554,1,대전광역시 중구 유천로33번길92,대전광역시 중구 유천동299-43,36.31441879,127.3936386,,한전주,042-606-6843,대전광역시 중구청,2022-09-16
유천동555,1,대전광역시 중구 유천로33번길86,대전광역시 중구 유천동299-33,36.31452942,127.3940201,,한전주,042-606-6843,대전광역시 중구청,2022-09-16
유천동556,1,대전광역시 중구 유천로33번길80-26,대전광역시 중구 유천동299-33,36.31470108,127.3938828,,한전주,042-606-6843,대전광역시 중구청,2022-09-16
유천동557,1,대전광역시 중구 유천로33번길80-22,대전광역시 중구 유천동299-38,36.31482315,127.3940964,,한전주,042-606-6843,대전광역시 중구청,2022-09-16
유천동558,1,대전광역시 중구 유천로33번길88-28,대전광역시 중구 유천동299-43,36.31462097,127.3936768,,한전주,042-606-6843,대전광역시 중구청,2022-09-16
유천동559,1,대전광역시 중구 계백로1550번길53,대전광역시 중구 유천동299-35,36.31468582,127.3932495,,한전주,042-606-6843,대전광역시 중구청,2022-09-16
유천동560,1,대전광역시 중구 계백로1550번길45-14,대전광역시 중구 유천동299-3,36.3151207,127.3933182,,한전주,042-606-6843,대전광역시 중구청,2022-09-16
유천동561,1,대전광역시 중구 계백로1550번길45-24,대전광역시 중구 유천동299-46,36.31534576,127.3937759,,한전주,042-606-6843,대전광역시 중구청,2022-09-16
유천동562,1,대전광역시 중구 유천로47번길77-5,대전광역시 중구 유천동300-27,36.31562805,127.3938293,,한전주,042-606-6843,대전광역시 중구청,2022-09-16
유천동563,1,대전광역시 중구 계백로1550번길37,대전광역시 중구 유천동300-17,36.31533432,127.3930206,,한전주,042-606-6843,대전광역시 중구청,2022-09-16
유천동564,1,대전광역시 중구 유천로17번안길50-20,대전광역시 중구 유천동331-19,36.31473541,127.3927994,,건축물,042-606-6843,대전광역시 중구청,2022-09-16
유천동565,1,대전광역시 중구 유천로17번안길50-11,대전광역시 중구 유천동330-30,36.31489944,127.3925934,,한전주,042-606-6843,대전광역시 중구청,2022-09-16
유천동566,1,대전광역시 중구 유천로17번안길50-9,대전광역시 중구 유천동330-30,36.31484222,127.3924103,,한전주,042-606-6843,대전광역시 중구청,2022-09-16
유천동567,1,대전광역시 중구 유천로17번안길45,대전광역시 중구 유천동332-6,36.31459808,127.3920898,,한전주,042-606-6843,대전광역시 중구청,2022-09-16
유천동568,1,,대전광역시 중구 유천동332-28,36.31502533,127.3919144,,한전주,042-606-6843,대전광역시 중구청,2022-09-16
유천동569,1,,대전광역시 중구 유천동466,36.31488696,127.3996671,,한전주,042-606-6843,대전광역시 중구청,2022-09-16
유천동570,1,,대전광역시 중구 유천동469,36.31527689,127.3935029,,한전주,042-606-6843,대전광역시 중구청,2022-09-16
유천동571,1,,대전광역시 중구 유천동341-20,36.3136501,127.3887317,,한전주,042-606-6843,대전광역시 중구청,2022-09-16
유천동572,1,,대전광역시 중구 유천동126-15,36.31929448,127.4034675,,전용주,042-606-6843,대전광역시 중구청,2022-09-16
유천동573,1,,대전광역시 중구 유천동269-25,36.31375853,127.3982277,,전용주,042-606-6843,대전광역시 중구청,2022-09-16
유천동574,1,,대전광역시 중구 유천동331-10,36.31423155,127.3928101,,한전주,042-606-6843,대전광역시 중구청,2022-09-16
유천동576,1,,대전광역시 중구 유천동289-8,36.31260542,127.3940268,,한전주,042-606-6843,대전광역시 중구청,2022-09-16
유천동577,1,,대전광역시 중구 유천동278-1,36.31199858,127.3942687,,한전주,042-606-6843,대전광역시 중구청,2022-09-16
유천동578,1,,대전광역시 중구 유천동275-15,36.31338882,127.3959732,,건축물,042-606-6843,대전광역시 중구청,2022-09-16
유천동579,1,대전광역시 중구 당디로76번길13-4,대전광역시 중구 유천동286-58,36.31214523,127.3931885,,전용주,042-606-6843,대전광역시 중구청,2022-09-16
유천동580,1,대전광역시 중구 태평로26번길35,대전광역시 중구 유천동313-34,36.3196907,127.3943024,,한전주,042-606-6843,대전광역시 중구청,2022-09-16
유천동581,1,,대전광역시 중구 유천동266-42,36.31477577,127.3965236,,한전주,042-606-6843,대전광역시 중구청,2022-09-16
유천동582,1,,대전광역시 중구 유천동266-32,36.3143133,127.3967106,,한전주,042-606-6843,대전광역시 중구청,2022-09-16
유천동583,1,,대전광역시 중구 유천동128-35,36.31661967,127.4022956,,한전주,042-606-6843,대전광역시 중구청,2022-09-16
유천동584,1,,대전광역시 중구 유천동266-1,36.31501037,127.3964357,,한전주,042-606-6843,대전광역시 중구청,2022-09-16
유천동585,1,,대전광역시 중구 유천동289-21,36.3130343,127.3944632,,한전주,042-606-6843,대전광역시 중구청,2022-09-16
유천동586,1,,대전광역시 중구 유천동289-2,36.31291383,127.3941007,,한전주,042-606-6843,대전광역시 중구청,2022-09-16
유천동587,1,,대전광역시 중구 유천동295-7,36.31364925,127.3951761,,한전주,042-606-6843,대전광역시 중구청,2022-09-16
유천동588,1,,대전광역시 중구 유천동171-18,36.31477128,127.3992267,,한전주,042-606-6843,대전광역시 중구청,2022-09-16
유천동589,1,,대전광역시 중구 유천동168-10,36.31375863,127.3995597,,한전주,042-606-6843,대전광역시 중구청,2022-09-16
유천동590,1,,대전광역시 중구 유천동200-12,36.32180232,127.3973221,,한전주,042-606-6843,대전광역시 중구청,2022-09-16
유천동591,1,,대전광역시 중구 유천동461,36.32057513,127.3950803,,한전주,042-606-6843,대전광역시 중구청,2022-09-16
은행동001,1,,대전광역시 중구 은행동138,36.32947922,127.4253769,,건축물,042-606-6843,대전광역시 중구청,2022-09-16
은행동002,1,,대전광역시 중구 은행동137-24,36.32969666,127.4257507,,한전주,042-606-6843,대전광역시 중구청,2022-09-16
은행동003,1,대전광역시 중구 목척8길42,대전광역시 중구 은행동132-13,36.32966232,127.4260101,,한전주,042-606-6843,대전광역시 중구청,2022-09-16
은행동004,1,대전광역시 중구 목척8길31,대전광역시 중구 은행동137-29,36.32945633,127.4265366,,한전주,042-606-6843,대전광역시 중구청,2022-09-16
은행동005,1,대전광역시 중구 목척8길23,대전광역시 중구 은행동136-2,36.32947159,127.4268188,,한전주,042-606-6843,대전광역시 중구청,2022-09-16
은행동006,1,대전광역시 중구 목척8길24,대전광역시 중구 은행동13-1,36.32952881,127.4270401,,한전주,042-606-6843,대전광역시 중구청,2022-09-16
은행동007,1,대전광역시 중구 목척8길18,대전광역시 중구 은행동13-2,36.32963562,127.4273834,,한전주,042-606-6843,대전광역시 중구청,2022-09-16
은행동008,1,대전광역시 중구 목척8길11,대전광역시 중구 은행동9-15,36.3297081,127.4276352,,한전주,042-606-6843,대전광역시 중구청,2022-09-16
은행동009,1,대전광역시 중구 목척8길7,대전광역시 중구 은행동9-10,36.32978821,127.4278793,,한전주,042-606-6843,대전광역시 중구청,2022-09-16
은행동010,1,대전광역시 중구 목척8길6,대전광역시 중구 은행동9-6,36.32991028,127.4281998,,한전주,042-606-6843,대전광역시 중구청,2022-09-16
은행동011,1,대전광역시 중구 목척7길3,대전광역시 중구 은행동18-15,36.33021164,127.4276352,,한전주,042-606-6843,대전광역시 중구청,2022-09-16
은행동012,1,대전광역시 중구 목척7길6,대전광역시 중구 은행동114-54,36.33031464,127.4273224,,한전주,042-606-6843,대전광역시 중구청,2022-09-16
은행동013,1,대전광역시 중구 목척7길14,대전광역시 중구 은행동114-36,36.33044626,127.4268494,,한전주,042-606-6843,대전광역시 중구청,2022-09-16
은행동014,1,대전광역시 중구 목척3길42,대전광역시 중구 은행동114-25,36.33080292,127.4267502,,한전주,042-606-6843,대전광역시 중구청,2022-09-16
은행동015,1,대전광역시 중구 대전천서로485,대전광역시 중구 은행동216-11,36.33115387,127.4265671,,한전주,042-606-6843,대전광역시 중구청,2022-09-16
은행동016,1,대전광역시 중구 목척3길8,대전광역시 중구 은행동112-5,36.33084869,127.4265137,,건축물,042-606-6843,대전광역시 중구청,2022-09-16
은행동017,1,대전광역시 중구 목척9길13,대전광역시 중구 은행동7-15,36.33034134,127.4267197,,한전주,042-606-6843,대전광역시 중구청,2022-09-16
은행동018,1,대전광역시 중구 목척1길10,대전광역시 중구 은행동18-13,36.32998657,127.4275589,,전용주,042-606-6843,대전광역시 중구청,2022-09-16
은행동019,1,대전광역시 중구 목척1길18,대전광역시 중구 은행동7-17,36.3298645,127.4273529,,건축물,042-606-6843,대전광역시 중구청,2022-09-16
은행동020,1,대전광역시 중구 목척1길17,대전광역시 중구 은행동10-1,36.32986832,127.4269867,,한전주,042-606-6843,대전광역시 중구청,2022-09-16
은행동021,1,대전광역시 중구 목척1길40,대전광역시 중구 은행동7-20,36.32998276,127.4266968,,건축물,042-606-6843,대전광역시 중구청,2022-09-16
은행동022,1,대전광역시 중구 목척9길25,대전광역시 중구 은행동135,36.32990676,127.4265628,,전용주,042-606-6843,대전광역시 중구청,2022-09-16
은행동023,1,대전광역시 중구 허브모텔,대전광역시 중구 은행동133-1,36.33005905,127.4262619,,한전주,042-606-6843,대전광역시 중구청,2022-09-16
은행동024,1,대전광역시 중구 목척1길58,대전광역시 중구 은행동118-4,36.33014679,127.4258881,,한전주,042-606-6843,대전광역시 중구청,2022-09-16
은행동025,1,대전광역시 중구 목척2길39,대전광역시 중구 은행동130,36.32986832,127.4256973,,한전주,042-606-6843,대전광역시 중구청,2022-09-16
은행동026,1,대전광역시 중구 목척2길51,대전광역시 중구 은행동123-2,36.33017731,127.4254948,,한전주,042-606-6843,대전광역시 중구청,2022-09-16
은행동027,1,대전광역시 중구 목척2길47,대전광역시 중구 은행동122-5,36.33021164,127.425354,,한전주,042-606-6843,대전광역시 중구청,2022-09-16
은행동028,1,대전광역시 중구 목척2길55,대전광역시 중구 은행동121-2,36.33044815,127.4255142,,한전주,042-606-6843,대전광역시 중구청,2022-09-16
은행동029,1,대전광역시 중구 목척7길32,대전광역시 중구 은행동116-4,36.33039474,127.4258804,,한전주,042-606-6843,대전광역시 중구청,2022-09-16
은행동030,1,대전광역시 중구 목척7길24,대전광역시 중구 은행동116-2,36.33039474,127.4263243,,한전주,042-606-6843,대전광역시 중구청,2022-09-16
은행동031,1,대전광역시 중구 목척3길35,대전광역시 중구 은행동115-6,36.33073807,127.4262238,,한전주,042-606-6843,대전광역시 중구청,2022-09-16
은행동032,1,대전광역시 중구 목척3길26,대전광역시 중구 은행동115-11,36.33072281,127.4257965,,한전주,042-606-6843,대전광역시 중구청,2022-09-16
은행동034,1,대전광역시 중구 목척2길22,대전광역시 중구 은행동119-1,36.33065033,127.4254913,,한전주,042-606-6843,대전광역시 중구청,2022-09-16
은행동035,1,대전광역시 중구 목척2길65,대전광역시 중구 은행동109-6,36.33099747,127.4254303,,한전주,042-606-6843,대전광역시 중구청,2022-09-16
은행동036,1,대전광역시 중구 목척5길75,대전광역시 중구 은행동109-12,36.33102798,127.4251633,,한전주,042-606-6843,대전광역시 중구청,2022-09-16
은행동037,1,대전광역시 중구 목척6길10,대전광역시 중구 은행동112-9,36.3310585,127.4257584,,한전주,042-606-6843,대전광역시 중구청,2022-09-16
은행동038,1,대전광역시 중구 목척6길12,대전광역시 중구 은행동112-7,36.33109283,127.425972,,전용주,042-606-6843,대전광역시 중구청,2022-09-16
은행동039,1,대전광역시 중구 목척6길14,대전광역시 중구 은행동112-2,36.33110809,127.4261551,,한전주,042-606-6843,대전광역시 중구청,2022-09-16
은행동040,1,대전광역시 중구 목척6길13,대전광역시 중구 은행동111-5,36.33117676,127.4262772,,한전주,042-606-6843,대전광역시 중구청,2022-09-16
은행동041,1,대전광역시 중구 목척6길9,대전광역시 중구 은행동111-25,36.3312912,127.4261093,,전용주,042-606-6843,대전광역시 중구청,2022-09-16
은행동042,1,대전광역시 중구 목척2길489,대전광역시 중구 은행동111-1,36.33143616,127.4261246,,전용주,042-606-6843,대전광역시 중구청,2022-09-16
은행동043,1,대전광역시 중구 목척2길54,대전광역시 중구 은행동111-6,36.33145905,127.4257813,,한전주,042-606-6843,대전광역시 중구청,2022-09-16
은행동044,1,대전광역시 중구 목척2길40,대전광역시 중구 은행동111-8,36.33128357,127.4254074,,한전주,042-606-6843,대전광역시 중구청,2022-09-16
은행동045,1,대전광역시 중구 목척2길77,대전광역시 중구 은행동3-12,36.33155823,127.4253616,,한전주,042-606-6843,대전광역시 중구청,2022-09-16
은행동046,1,대전광역시 중구 목척2길83,대전광역시 중구 은행동3-32,36.33181381,127.4253387,,한전주,042-606-6843,대전광역시 중구청,2022-09-16
은행동047,1,대전광역시 중구 목척2길87,대전광역시 중구 은행동216-8,36.33204651,127.4253082,,한전주,042-606-6843,대전광역시 중구청,2022-09-16
은행동048,1,대전광역시 중구 목척5길25,대전광역시 중구 은행동216-4,36.33197635,127.4249089,,한전주,042-606-6843,대전광역시 중구청,2022-09-16
은행동049,1,대전광역시 중구 목척5길29,대전광역시 중구 은행동3-15,36.33166504,127.4247894,,건축물,042-606-6843,대전광역시 중구청,2022-09-16
은행동050,1,대전광역시 중구 목척5길37,대전광역시 중구 은행동3-16,36.33155823,127.4249115,,한전주,042-606-6843,대전광역시 중구청,2022-09-16
은행동051,1,대전광역시 중구 목척5길53,대전광역시 중구 은행동109-1,36.3313942,127.4251633,,전용주,042-606-6843,대전광역시 중구청,2022-09-16
은행동052,1,대전광역시 중구 목척5길49,대전광역시 중구 은행동108-7,36.33134079,127.4249268,,한전주,042-606-6843,대전광역시 중구청,2022-09-16
은행동053,1,대전광역시 중구 목척5길65,대전광역시 중구 은행동108-12,36.33102417,127.4249954,,한전주,042-606-6843,대전광역시 중구청,2022-09-16
은행동054,1,대전광역시 중구 목척3길17,대전광역시 중구 은행동108-13,36.33073807,127.4250717,,한전주,042-606-6843,대전광역시 중구청,2022-09-16
은행동055,1,대전광역시 중구 목척3길16,대전광역시 중구 은행동120-1,36.33065033,127.4251022,,한전주,042-606-6843,대전광역시 중구청,2022-09-16
은행동056,1,대전광역시 중구 목척3길13,대전광역시 중구 은행동107-45,36.33059311,127.4248123,,한전주,042-606-6843,대전광역시 중구청,2022-09-16
은행동057,1,대전광역시 중구 목척5길220,대전광역시 중구 은행동107-51,36.33076859,127.4245377,,건축물,042-606-6843,대전광역시 중구청,2022-09-16
은행동058,1,대전광역시 중구 목척5길228,대전광역시 중구 은행동107-46,36.33070374,127.4246445,,전용주,042-606-6843,대전광역시 중구청,2022-09-16
은행동059,1,대전광역시 중구 목척2길39,대전광역시 중구 은행동122-11,36.32985687,127.4255142,,한전주,042-606-6843,대전광역시 중구청,2022-09-16
은행동060,1,대전광역시 중구 목척4길47,대전광역시 중구 은행동122-9,36.33001709,127.4253082,,한전주,042-606-6843,대전광역시 중구청,2022-09-16
은행동061,1,대전광역시 중구 목척4길43,대전광역시 중구 은행동122-6,36.33020401,127.425087,,한전주,042-606-6843,대전광역시 중구청,2022-09-16
은행동062,1,,대전광역시 중구 은행동120-6,36.33040619,127.4248123,,한전주,042-606-6843,대전광역시 중구청,2022-09-16
은행동063,1,대전광역시 중구 목척3길7,대전광역시 중구 은행동106-5,36.33038712,127.4245758,,건축물,042-606-6843,대전광역시 중구청,2022-09-16
은행동064,1,대전광역시 중구 목척3길8,대전광역시 중구 은행동124-6,36.33032227,127.4246826,,건축물,042-606-6843,대전광역시 중구청,2022-09-16
은행동065,1,,대전광역시 중구 은행동124-1,36.32999802,127.4248428,,한전주,042-606-6843,대전광역시 중구청,2022-09-16
은행동066,1,대전광역시 중구 목척2길27,대전광역시 중구 은행동126-9,36.32987213,127.4249039,,건축물,042-606-6843,대전광역시 중구청,2022-09-16
은행동067,1,,대전광역시 중구 은행동128-3,36.32973099,127.4251862,,전용주,042-606-6843,대전광역시 중구청,2022-09-16
은행동068,1,대전광역시 중구 목척4길36,대전광역시 중구 은행동105-1,36.33065796,127.4244003,,한전주,042-606-6843,대전광역시 중구청,2022-09-16
은행동069,1,대전광역시 중구 목척5길218,대전광역시 중구 은행동107-52,36.33082962,127.424469,,건축물,042-606-6843,대전광역시 중구청,2022-09-16
은행동070,1,대전광역시 중구 목척3길23,대전광역시 중구 은행동27-1,36.33079147,127.4242172,,한전주,042-606-6843,대전광역시 중구청,2022-09-16
은행동071,1,대전광역시 중구 목척4길11,대전광역시 중구 은행동4-85,36.33110809,127.4239578,,건축물,042-606-6843,대전광역시 중구청,2022-09-16
은행동072,1,,대전광역시 중구 은행동24-1,36.33109665,127.4237137,,한전주,042-606-6843,대전광역시 중구청,2022-09-16
은행동073,1,대전광역시 중구 목척4길3,대전광역시 중구 은행동216-2,36.33132935,127.4235687,,전용주,042-606-6843,대전광역시 중구청,2022-09-16
은행동074,1,대전광역시 중구 목척5길36,대전광역시 중구 은행동4-79,36.33135986,127.4239731,,한전주,042-606-6843,대전광역시 중구청,2022-09-16
은행동075,1,대전광역시 중구 목척4길76,대전광역시 중구 은행동4-72,36.3312645,127.4240799,,건축물,042-606-6843,대전광역시 중구청,2022-09-16
은행동076,1,대전광역시 중구 목척5길126,대전광역시 중구 은행동4-93,36.33112335,127.424202,,한전주,042-606-6843,대전광역시 중구청,2022-09-16
은행동077,1,대전광역시 중구 목척5길176,대전광역시 중구 은행동4-96,36.33104706,127.4242935,,건축물,042-606-6843,대전광역시 중구청,2022-09-16
은행동078,1,대전광역시 중구 목척5길266,대전광역시 중구 은행동107-59,36.33089066,127.4244003,,한전주,042-606-6843,대전광역시 중구청,2022-09-16
은행동079,1,대전광역시 중구 목척5길186,대전광역시 중구 은행동108-18,36.33104324,127.424614,,한전주,042-606-6843,대전광역시 중구청,2022-09-16
은행동080,1,대전광역시 중구 목척5길172,대전광역시 중구 은행동4-49,36.3311882,127.4244843,,건축물,042-606-6843,대전광역시 중구청,2022-09-16
은행동081,1,대전광역시 중구 목척5길188,대전광역시 중구 은행동4-62,36.33123779,127.4243698,,건축물,042-606-6843,대전광역시 중구청,2022-09-16
은행동082,1,대전광역시 중구 목척5길114,대전광역시 중구 은행동4-70,36.33134842,127.4242477,,한전주,042-606-6843,대전광역시 중구청,2022-09-16
은행동083,1,대전광역시 중구 목척5길26,대전광역시 중구 은행동19-20,36.33151245,127.4241791,,한전주,042-606-6843,대전광역시 중구청,2022-09-16
은행동084,1,대전광역시 중구 선화로156,대전광역시 중구 은행동17-1,36.33175278,127.423996,,전용주,042-606-6843,대전광역시 중구청,2022-09-16
은행동085,1,대전광역시 중구 목척5길20,대전광역시 중구 은행동16-12,36.33167267,127.4240417,,전용주,042-606-6843,대전광역시 중구청,2022-09-16
은행동086,1,대전광역시 중구 목척5길16,대전광역시 중구 은행동19-24,36.33164978,127.4241333,,건축물,042-606-6843,대전광역시 중구청,2022-09-16
은행동087,1,대전광역시 중구 목척5길90,대전광역시 중구 은행동4-21,36.33147812,127.4244919,,한전주,042-606-6843,대전광역시 중구청,2022-09-16
은행동088,1,대전광역시 중구 목척5길150,대전광역시 중구 은행동4-41,36.33138657,127.4245453,,건축물,042-606-6843,대전광역시 중구청,2022-09-16
은행동089,1,대전광역시 중구 목척5길166,대전광역시 중구 은행동4-39,36.33132553,127.424675,,건축물,042-606-6843,대전광역시 중구청,2022-09-16
은행동090,1,대전광역시 중구 목척5길94,대전광역시 중구 은행동4-26,36.33159637,127.4246063,,한전주,042-606-6843,대전광역시 중구청,2022-09-16
은행동091,1,대전광역시 중구 목척5길7,대전광역시 중구 은행동4-1,36.33169174,127.4244614,,한전주,042-606-6843,대전광역시 중구청,2022-09-16
은행동092,1,대전광역시 중구 목척5길4,대전광역시 중구 은행동6-4,36.33182526,127.4243088,,한전주,042-606-6843,대전광역시 중구청,2022-09-16
은행동093,1,대전광역시 중구 대종로488번길54,대전광역시 중구 은행동65-11,36.32907486,127.4289398,,건축물,042-606-6843,대전광역시 중구청,2022-09-16
은행동094,1,대전광역시 중구 대종로488번길13,대전광역시 중구 은행동65-10,36.32898331,127.4288025,,건축물,042-606-6843,대전광역시 중구청,2022-09-16
은행동095,1,대전광역시 중구 중앙로170번길17,대전광역시 중구 은행동65-30,36.32886887,127.4288788,,건축물,042-606-6843,대전광역시 중구청,2022-09-16
은행동096,1,대전광역시 중구 중앙로170번길23,대전광역시 중구 은행동65-8,36.32862854,127.4290695,,건축물,042-606-6843,대전광역시 중구청,2022-09-16
은행동097,1,대전광역시 중구 중앙로170번길29,대전광역시 중구 은행동65-6,36.32842636,127.4292068,,건축물,042-606-6843,대전광역시 중구청,2022-09-16
은행동098,1,대전광역시 중구 중앙로170번길43,대전광역시 중구 은행동66-27,36.32787704,127.4295883,,건축물,042-606-6843,대전광역시 중구청,2022-09-16
은행동099,1,대전광역시 중구 중알로170번길47,대전광역시 중구 은행동66-23,36.32769775,127.4297409,,건축물,042-606-6843,대전광역시 중구청,2022-09-16
은행동100,1,대전광역시 중구 종교로91,대전광역시 중구 은행동72-17,36.32741928,127.4294434,,건축물,042-606-6843,대전광역시 중구청,2022-09-16
은행동101,1,,대전광역시 중구 은행동72-14,36.32767105,127.4292831,,전용주,042-606-6843,대전광역시 중구청,2022-09-16
은행동102,1,,대전광역시 중구 은행동72-4,36.32778931,127.4291992,,전용주,042-606-6843,대전광역시 중구청,2022-09-16
은행동103,1,대전광역시 중구 중교로97-15,대전광역시 중구 은행동76-2,36.32790756,127.4290237,,건축물,042-606-6843,대전광역시 중구청,2022-09-16
은행동104,1,대전광역시 중구 중앙로170번길24,대전광역시 중구 은행동53-1,36.32857132,127.4289093,,건축물,042-606-6843,대전광역시 중구청,2022-09-16
은행동105,1,대전광역시 중구 중앙로164번길21-7,대전광역시 중구 은행동53-27,36.32853699,127.4286041,,건축물,042-606-6843,대전광역시 중구청,2022-09-16
은행동106,1,,대전광역시 중구 은행동170-45,36.32757568,127.4284058,,건축물,042-606-6843,대전광역시 중구청,2022-09-16
은행동107,1,대전광역시 중구 중앙로156번길41-10,대전광역시 중구 은행동170-46,36.32744598,127.4282608,,건축물,042-606-6843,대전광역시 중구청,2022-09-16
은행동108,1,대전광역시 중구 중앙로156번길41-7,대전광역시 중구 은행동169-9,36.32744598,127.4280548,,건축물,042-606-6843,대전광역시 중구청,2022-09-16
은행동109,1,대전광역시 중구 중교로73번길6,대전광역시 중구 은행동163-4,36.326931,127.4276581,,전용주,042-606-6843,대전광역시 중구청,2022-09-16
은행동110,1,대전광역시 중구 중교로73번길12,대전광역시 중구 은행동158-1,36.32709885,127.4274826,,전용주,042-606-6843,대전광역시 중구청,2022-09-16
은행동111,1,,대전광역시 중구 은행동152,36.32771683,127.4270706,,전용주,042-606-6843,대전광역시 중구청,2022-09-16
은행동112,1,대전광역시 중구 종교로73번길33,대전광역시 중구 은행동149-2,36.32803345,127.426857,,전용주,042-606-6843,대전광역시 중구청,2022-09-16
은행동113,1,,대전광역시 중구 은행동112-19,36.33080907,127.4256126,,한전주,042-606-6843,대전광역시 중구청,2022-09-16
은행동114,1,,대전광역시 중구 은행동3-23,36.33187303,127.4248193,,한전주,042-606-6843,대전광역시 중구청,2022-09-16
정생동001,1,,대전광역시 중구 정생동569,36.24634933,127.4146042,,한전주,042-606-6843,대전광역시 중구청,2022-09-16
정생동002,1,,대전광역시 중구 정생동58-1,36.24608994,127.4137192,,한전주,042-606-6843,대전광역시 중구청,2022-09-16
정생동003,1,,대전광역시 중구 정생동49-3,36.24792862,127.4110641,,한전주,042-606-6843,대전광역시 중구청,2022-09-16
정생동004,1,,대전광역시 중구 정생동48-5,36.24807739,127.4106598,,한전주,042-606-6843,대전광역시 중구청,2022-09-16
정생동005,1,대전광역시 중구 산서로775,대전광역시 중구 정생동10-1,36.24834061,127.4105225,,한전주,042-606-6843,대전광역시 중구청,2022-09-16
정생동006,1,대전광역시 중구 산서로773-8,대전광역시 중구 정생동10-3,36.2484436,127.409996,,한전주,042-606-6843,대전광역시 중구청,2022-09-16
정생동007,1,대전광역시 중구 산서로773-20,대전광역시 중구 정생동9-2,36.24874878,127.4093628,,한전주,042-606-6843,대전광역시 중구청,2022-09-16
정생동008,1,대전광역시 중구 산서로741-27,대전광역시 중구 정생동14-3,36.24993515,127.4088211,,한전주,042-606-6843,대전광역시 중구청,2022-09-16
정생동009,1,대전광역시 중구 산서로741-8,대전광역시 중구 정생동674-7,36.24966049,127.4077377,,한전주,042-606-6843,대전광역시 중구청,2022-09-16
정생동010,1,,대전광역시 중구 정생동674-9,36.25030518,127.4069977,,한전주,042-606-6843,대전광역시 중구청,2022-09-16
정생동011,1,대전광역시 중구 산서로739,대전광역시 중구 정생동674-3,36.24979401,127.4072266,,한전주,042-606-6843,대전광역시 중구청,2022-09-16
정생동012,1,,대전광역시 중구 정생동34-2,36.24788284,127.409874,,한전주,042-606-6843,대전광역시 중구청,2022-09-16
정생동013,1,대전광역시 중구 단재로65-22,대전광역시 중구 정생동101-2,36.24523163,127.4069366,,한전주,042-606-6843,대전광역시 중구청,2022-09-16
정생동014,1,대전광역시 중구 단재로63,대전광역시 중구 정생동145-1,36.24531174,127.4061127,,한전주,042-606-6843,대전광역시 중구청,2022-09-16
정생동015,1,,대전광역시 중구 정생동196,36.24930954,127.406044,,한전주,042-606-6843,대전광역시 중구청,2022-09-16
정생동016,1,대전광역시 중구 단재로10,대전광역시 중구 정생동219,36.25012207,127.4063568,,한전주,042-606-6843,대전광역시 중구청,2022-09-16
정생동017,1,대전광역시 중구 단재로24-26,대전광역시 중구 정생동198-12,36.24798203,127.4048615,,한전주,042-606-6843,대전광역시 중구청,2022-09-16
정생동018,1,,대전광역시 중구 정생동198-1,36.24794006,127.405426,,한전주,042-606-6843,대전광역시 중구청,2022-09-16
정생동019,1,대전광역시 중구 단재로44-13,대전광역시 중구 정생동202-1,36.24705887,127.4046478,,한전주,042-606-6843,대전광역시 중구청,2022-09-16
정생동020,1,,대전광역시 중구 정생동157,36.24685287,127.4053955,,한전주,042-606-6843,대전광역시 중구청,2022-09-16
정생동021,1,대전광역시 중구 단재로54,대전광역시 중구 정생동155-2,36.2462574,127.4056395,,한전주,042-606-6843,대전광역시 중구청,2022-09-16
정생동022,1,,대전광역시 중구 정생동162-2,36.24578476,127.4057617,,한전주,042-606-6843,대전광역시 중구청,2022-09-16
정생동023,1,대전광역시 중구 단재로54-28,대전광역시 중구 정생동132,36.24514389,127.4053116,,한전주,042-606-6843,대전광역시 중구청,2022-09-16
정생동024,1,대전광역시 중구 단재로54-28,대전광역시 중구 정생동131,36.24481583,127.4051056,,한전주,042-606-6843,대전광역시 중구청,2022-09-16
정생동025,1,대전광역시 중구 단재로54-38,대전광역시 중구 정생동129,36.24448776,127.4049149,,한전주,042-606-6843,대전광역시 중구청,2022-09-16
정생동026,1,대전광역시 중구 단재로54-48,대전광역시 중구 정생동127,36.24406052,127.4048233,,한전주,042-606-6843,대전광역시 중구청,2022-09-16
정생동027,1,,대전광역시 중구 정생동120-2,36.24364853,127.4046249,,한전주,042-606-6843,대전광역시 중구청,2022-09-16
정생동028,1,,대전광역시 중구 정생동115,36.24107361,127.4049072,,한전주,042-606-6843,대전광역시 중구청,2022-09-16
정생동029,1,대전광역시 중구 단재로137,대전광역시 중구 정생동113,36.23928833,127.4065192,,한전주,042-606-6843,대전광역시 중구청,2022-09-16
정생동030,1,,대전광역시 중구 정생동695-1,36.24342728,127.4055557,,한전주,042-606-6843,대전광역시 중구청,2022-09-16
정생동031,1,,대전광역시 중구 정생동690,36.24433136,127.4056625,,한전주,042-606-6843,대전광역시 중구청,2022-09-16
정생동032,1,대전광역시 중구 단재로75-20,대전광역시 중구 정생동139,36.24395752,127.4067383,,한전주,042-606-6843,대전광역시 중구청,2022-09-16
정생동033,1,대전광역시 중구 산서로518,대전광역시 중구 정생동740-3,36.26553726,127.3996887,,한전주,042-606-6843,대전광역시 중구청,2022-09-16
정생동034,1,,대전광역시 중구 정생동742,36.26328278,127.3982239,,한전주,042-606-6843,대전광역시 중구청,2022-09-16
정생동035,1,,대전광역시 중구 정생동358-4,36.26168442,127.3974075,,한전주,042-606-6843,대전광역시 중구청,2022-09-16
정생동036,1,,대전광역시 중구 정생동366,36.26033401,127.3972015,,한전주,042-606-6843,대전광역시 중구청,2022-09-16
정생동037,1,대전광역시 중구 산서로605,대전광역시 중구 정생동357-6,36.25851822,127.3983231,,한전주,042-606-6843,대전광역시 중구청,2022-09-16
정생동038,1,대전광역시 중구 산서로614,대전광역시 중구 정생동275-4,36.25761032,127.398819,,한전주,042-606-6843,대전광역시 중구청,2022-09-16
정생동039,1,대전광역시 중구 산서로625,대전광역시 중구 정생동275-3,36.25701904,127.3990479,,한전주,042-606-6843,대전광역시 중구청,2022-09-16
정생동040,1,대전광역시 중구 산서로634,대전광역시 중구 정생동278-8,36.2560463,127.3993759,,한전주,042-606-6843,대전광역시 중구청,2022-09-16
정생동041,1,대전광역시 중구 정생로3,대전광역시 중구 정생동278-2,36.25617981,127.3990097,,한전주,042-606-6843,대전광역시 중구청,2022-09-16
정생동042,1,대전광역시 중구 정생로13,대전광역시 중구 정생동338-3,36.25585175,127.3983536,,한전주,042-606-6843,대전광역시 중구청,2022-09-16
정생동043,1,대전광역시 중구 정생로13,대전광역시 중구 정생동280-1,36.25557327,127.3983231,,전용주,042-606-6843,대전광역시 중구청,2022-09-16
정생동044,1,,대전광역시 중구 정생동297-5,36.2551651,127.3977661,,한전주,042-606-6843,대전광역시 중구청,2022-09-16
정생동045,1,대전광역시 중구 정생로20-11,대전광역시 중구 정생동336-12,36.25534439,127.3974915,,한전주,042-606-6843,대전광역시 중구청,2022-09-16
정생동046,1,대전광역시 중구 정생로14,대전광역시 중구 정생동299-1,36.25489426,127.3972778,,한전주,042-606-6843,대전광역시 중구청,2022-09-16
정생동047,1,대전광역시 중구 정생로32번길39,대전광역시 중구 정생동327-1,36.2550087,127.3968277,,한전주,042-606-6843,대전광역시 중구청,2022-09-16
정생동048,1,대전광역시 중구 정생로32번길41,대전광역시 중구 정생동325-1,36.25528336,127.396553,,한전주,042-606-6843,대전광역시 중구청,2022-09-16
정생동049,1,대전광역시 중구 정생로32번길53,대전광역시 중구 정생동324-2,36.25519562,127.3962326,,한전주,042-606-6843,대전광역시 중구청,2022-09-16
정생동050,1,대전광역시 중구 정생로22번길28,대전광역시 중구 정생동312-1,36.25450516,127.3967896,,한전주,042-606-6843,대전광역시 중구청,2022-09-16
정생동051,1,대전광역시 중구 정생로22번길34,대전광역시 중구 정생동313,36.25429153,127.3969803,,한전주,042-606-6843,대전광역시 중구청,2022-09-16
정생동052,1,대전광역시 중구 정생로22번길37,대전광역시 중구 정생동310-2,36.25419998,127.3973389,,한전주,042-606-6843,대전광역시 중구청,2022-09-16
정생동053,1,대전광역시 중구 정생로22번길53,대전광역시 중구 정생동307,36.25402451,127.397934,,한전주,042-606-6843,대전광역시 중구청,2022-09-16
정생동054,1,,대전광역시 중구 정생동477,36.25361633,127.3981018,,한전주,042-606-6843,대전광역시 중구청,2022-09-16
정생동055,1,,대전광역시 중구 정생동478-1,36.25327682,127.3977966,,한전주,042-606-6843,대전광역시 중구청,2022-09-16
정생동056,1,,대전광역시 중구 정생동469,36.25287247,127.3973312,,한전주,042-606-6843,대전광역시 중구청,2022-09-16
정생동057,1,,대전광역시 중구 정생동455,36.25228882,127.3963165,,한전주,042-606-6843,대전광역시 중구청,2022-09-16
정생동058,1,대전광역시 중구 정생로34,대전광역시 중구 정생동305-8,36.25415421,127.3987045,,한전주,042-606-6843,대전광역시 중구청,2022-09-16
정생동059,1,대전광역시 중구 정생로32,대전광역시 중구 정생동305-5,36.25435638,127.3986435,,한전주,042-606-6843,대전광역시 중구청,2022-09-16
정생동060,1,대전광역시 중구 정생로32번길7,대전광역시 중구 정생동305-10,36.25435638,127.3981781,,한전주,042-606-6843,대전광역시 중구청,2022-09-16
정생동061,1,대전광역시 중구 정생로32번길17,대전광역시 중구 정생동311-2,36.25444412,127.3976822,,한전주,042-606-6843,대전광역시 중구청,2022-09-16
정생동062,1,대전광역시 중구 정생로32번길27,대전광역시 중구 정생동299-2,36.25472641,127.3971481,,한전주,042-606-6843,대전광역시 중구청,2022-09-16
정생동063,1,,대전광역시 중구 정생동296-3,36.25496674,127.3980408,,한전주,042-606-6843,대전광역시 중구청,2022-09-16
정생동064,1,대전광역시 중구 정생로22,대전광역시 중구 정생동298-8,36.25482178,127.3979492,,한전주,042-606-6843,대전광역시 중구청,2022-09-16
정생동065,1,,대전광역시 중구 정생동293,36.25474167,127.3984528,,한전주,042-606-6843,대전광역시 중구청,2022-09-16
정생동066,1,대전광역시 중구 정생로47,대전광역시 중구 정생동488-2,36.25314713,127.3987961,,한전주,042-606-6843,대전광역시 중구청,2022-09-16
정생동067,1,대전광역시 중구 정생로56,대전광역시 중구 정생동498,36.25227737,127.3989029,,한전주,042-606-6843,대전광역시 중구청,2022-09-16
정생동068,1,대전광역시 중구 정생로59,대전광역시 중구 정생동499,36.25206757,127.3992691,,한전주,042-606-6843,대전광역시 중구청,2022-09-16
정생동069,1,대전광역시 중구 정생로68,대전광역시 중구 정생동504-2,36.25152588,127.3997574,,한전주,042-606-6843,대전광역시 중구청,2022-09-16
정생동070,1,,대전광역시 중구 정생동509-2,36.25120163,127.4002304,,한전주,042-606-6843,대전광역시 중구청,2022-09-16
정생동071,1,,대전광역시 중구 정생동512,36.25049591,127.3999329,,한전주,042-606-6843,대전광역시 중구청,2022-09-16
정생동072,1,,대전광역시 중구 정생동516-1,36.24980545,127.4004364,,한전주,042-606-6843,대전광역시 중구청,2022-09-16
정생동073,1,대전광역시 중구 정생로92-40,대전광역시 중구 정생동713,36.24834442,127.3998642,,한전주,042-606-6843,대전광역시 중구청,2022-09-16
정생동074,1,대전광역시 중구 정생로125,대전광역시 중구 정생동588-2,36.2466507,127.400322,,한전주,042-606-6843,대전광역시 중구청,2022-09-16
정생동075,1,,대전광역시 중구 정생동227-1,36.25065994,127.4019547,,한전주,042-606-6843,대전광역시 중구청,2022-09-16
정생동076,1,대전광역시 중구 단재로20-86,대전광역시 중구 정생동228-2,36.25068665,127.4022446,,한전주,042-606-6843,대전광역시 중구청,2022-09-16
정생동077,1,,대전광역시 중구 정생동224-2,36.25022507,127.4028397,,한전주,042-606-6843,대전광역시 중구청,2022-09-16
정생동078,1,대전광역시 중구 단재로20-57,대전광역시 중구 정생동224-1,36.25011063,127.4033585,,한전주,042-606-6843,대전광역시 중구청,2022-09-16
정생동079,1,대전광역시 중구 단재로20-57,대전광역시 중구 정생동224-7,36.24973679,127.4042053,,한전주,042-606-6843,대전광역시 중구청,2022-09-16
정생동080,1,,대전광역시 중구 정생동15-1,36.25073624,127.4068069,,한전주,042-606-6843,대전광역시 중구청,2022-09-16
정생동081,1,,대전광역시 중구 정생동263-1,36.25397491,127.4013977,,한전주,042-606-6843,대전광역시 중구청,2022-09-16
정생동082,1,대전광역시 중구 산서로665,대전광역시 중구 정생동264-1,36.25422287,127.4016571,,한전주,042-606-6843,대전광역시 중구청,2022-09-16
정생동083,1,,대전광역시 중구 정생동280-5,36.25531006,127.3997498,,한전주,042-606-6843,대전광역시 중구청,2022-09-16
정생동084,1,,대전광역시 중구 정생동631-1,36.24052122,127.3976195,,한전주,042-606-6843,대전광역시 중구청,2022-09-16
정생동085,1,,대전광역시 중구 정생동685-24,36.25372926,127.3999924,,한전주,042-606-6843,대전광역시 중구청,2022-09-16
중촌동001,1,대전광역시 중구 동서대로1421,대전광역시 중구 중촌동408-2,36.3352356,127.4137192,,건축물,042-606-6843,대전광역시 중구청,2022-09-16
중촌동002,1,대전광역시 중구 동서대로1421번길5,대전광역시 중구 중촌동408-1,36.33528519,127.4134445,,건축물,042-606-6843,대전광역시 중구청,2022-09-16
중촌동003,1,대전광역시 중구 동서대로1421번길7,대전광역시 중구 중촌동409-19,36.33541107,127.4134445,,건축물,042-606-6843,대전광역시 중구청,2022-09-16
중촌동004,1,대전광역시 중구 목중로4번길8,대전광역시 중구 중촌동408-8,36.33511353,127.4132156,,건축물,042-606-6843,대전광역시 중구청,2022-09-16
중촌동005,1,대전광역시 중구 목중로6,대전광역시 중구 중촌동409-5,36.33506012,127.413002,,건축물,042-606-6843,대전광역시 중구청,2022-09-16
중촌동006,1,대전광역시 중구 목중로10번길1,대전광역시 중구 중촌동409-7,36.33538437,127.4125443,,건축물,042-606-6843,대전광역시 중구청,2022-09-16
중촌동007,1,대전광역시 중구 목중로10번길,대전광역시 중구 중촌동409-9,36.33546066,127.4127884,,건축물,042-606-6843,대전광역시 중구청,2022-09-16
중촌동008,1,대전광역시 중구 목중로10번길9-7,대전광역시 중구 중촌동410-5,36.33570099,127.4125977,,한전주,042-606-6843,대전광역시 중구청,2022-09-16
중촌동009,1,대전광역시 중구 목중로10번길14,대전광역시 중구 중촌동409-14,36.33559799,127.4129333,,건축물,042-606-6843,대전광역시 중구청,2022-09-16
중촌동010,1,대전광역시 중구 동서대로1421번길13,대전광역시 중구 중촌동409-15,36.33559799,127.4132462,,건축물,042-606-6843,대전광역시 중구청,2022-09-16
중촌동011,1,대전광역시 중구 동서대로1421번길11,대전광역시 중구 중촌동409-18,36.33549118,127.4133606,,건축물,042-606-6843,대전광역시 중구청,2022-09-16
중촌동012,1,대전광역시 중구 목중로4번길22,대전광역시 중구 중촌동407-9,36.33551788,127.4137878,,건축물,042-606-6843,대전광역시 중구청,2022-09-16
중촌동013,1,대전광역시 중구 목중로4번길28,대전광역시 중구 중촌동407-8,36.33567429,127.4139709,,한전주,042-606-6843,대전광역시 중구청,2022-09-16
중촌동014,1,대전광역시 중구 목중로4번길32,대전광역시 중구 중촌동407-6,36.33582687,127.4141846,,한전주,042-606-6843,대전광역시 중구청,2022-09-16
중촌동015,1,대전광역시 중구 목중로4번길33,대전광역시 중구 중촌동406-2,36.33601379,127.4142838,,한전주,042-606-6843,대전광역시 중구청,2022-09-16
중촌동016,1,대전광역시 중구 목중로4번길42,대전광역시 중구 중촌동398-4,36.33610535,127.414566,,한전주,042-606-6843,대전광역시 중구청,2022-09-16
중촌동017,1,대전광역시 중구 목중로4번길44,대전광역시 중구 중촌동398-13,36.33623123,127.4147415,,한전주,042-606-6843,대전광역시 중구청,2022-09-16
중촌동018,1,대전광역시 중구 동서대로1439번길9,대전광역시 중구 중촌동396-2,36.33644485,127.4150009,,한전주,042-606-6843,대전광역시 중구청,2022-09-16
중촌동019,1,대전광역시 중구 동서대로1439번길12,대전광역시 중구 중촌동296-6,36.33677292,127.4148941,,한전주,042-606-6843,대전광역시 중구청,2022-09-16
중촌동020,1,대전광역시 중구 동서대로1439번길18,대전광역시 중구 중촌동395-12,36.33691788,127.4147034,,한전주,042-606-6843,대전광역시 중구청,2022-09-16
중촌동021,1,대전광역시 중구 동서대로1439번길26,대전광역시 중구 중촌동395-20,36.3371315,127.414444,,한전주,042-606-6843,대전광역시 중구청,2022-09-16
중촌동022,1,대전광역시 중구 목중로16번길60,대전광역시 중구 중촌동395-16,36.33730316,127.4142456,,한전주,042-606-6843,대전광역시 중구청,2022-09-16
중촌동023,1,대전광역시 중구 대종로637,대전광역시 중구 중촌동395-1,36.33757019,127.414566,,한전주,042-606-6843,대전광역시 중구청,2022-09-16
중촌동024,1,대전광역시 중구 목중로16번길51,대전광역시 중구 중촌동401-20,36.33710098,127.4139481,,한전주,042-606-6843,대전광역시 중구청,2022-09-16
중촌동025,1,대전광역시 중구 목중로16번길46,대전광역시 중구 중촌동400-4,36.33696747,127.4137802,,한전주,042-606-6843,대전광역시 중구청,2022-09-16
중촌동026,1,대전광역시 중구 목중로16번길44,대전광역시 중구 중촌동400-7,36.33689117,127.413681,,한전주,042-606-6843,대전광역시 중구청,2022-09-16
중촌동027,1,대전광역시 중구 동서대로1431번길28,대전광역시 중구 중촌동400-20,36.33679581,127.413559,,한전주,042-606-6843,대전광역시 중구청,2022-09-16
중촌동028,1,대전광역시 중구 동서대로1431번길23,대전광역시 중구 중촌동405-12,36.336483,127.4137344,,한전주,042-606-6843,대전광역시 중구청,2022-09-16
중촌동029,1,대전광역시 중구 목중로10번길43,대전광역시 중구 중촌동399-18,36.33663177,127.4142227,,한전주,042-606-6843,대전광역시 중구청,2022-09-16
중촌동030,1,대전광역시 중구 동서대로1431번길16,대전광역시 중구 중촌동406-20,36.33625412,127.4140015,,한전주,042-606-6843,대전광역시 중구청,2022-09-16
중촌동031,1,대전광역시 중구 목중로16번길32,대전광역시 중구 중촌동405-8,36.33648682,127.4131622,,한전주,042-606-6843,대전광역시 중구청,2022-09-16
중촌동032,1,대전광역시 중구 목중로16번길24,대전광역시 중구 중촌동405-17,36.3363266,127.412941,,한전주,042-606-6843,대전광역시 중구청,2022-09-16
중촌동033,1,대전광역시 중구 동서대로1421번길27,대전광역시 중구 중촌동410-1,36.33603668,127.4125748,,한전주,042-606-6843,대전광역시 중구청,2022-09-16
중촌동034,1,대전광역시 중구 목중로14,대전광역시 중구 중촌동410-12,36.33569717,127.4121552,,한전주,042-606-6843,대전광역시 중구청,2022-09-16
중촌동035,1,대전광역시 중구 목중로16번길19,대전광역시 중구 중촌동404-19,36.33621216,127.4125748,,건축물,042-606-6843,대전광역시 중구청,2022-09-16
중촌동036,1,대전광역시 중구 동서대로1421번길26,대전광역시 중구 중촌동405-20,36.33599854,127.4128571,,건축물,042-606-6843,대전광역시 중구청,2022-09-16
중촌동037,1,대전광역시 중구 동서대로1421번길21,대전광역시 중구 중촌동410-3,36.33581924,127.4129486,,건축물,042-606-6843,대전광역시 중구청,2022-09-16
중촌동038,1,대전광역시 중구 동서대로1421번길21,대전광역시 중구 중촌동410-18,36.33574677,127.4129868,,건축물,042-606-6843,대전광역시 중구청,2022-09-16
중촌동039,1,대전광역시 중구 목중로10번길22,대전광역시 중구 중촌동406-5,36.3358078,127.413208,,건축물,042-606-6843,대전광역시 중구청,2022-09-16
중촌동040,1,대전광역시 중구 목중로10번길24,대전광역시 중구 중촌동406-6,36.3359108,127.4133682,,건축물,042-606-6843,대전광역시 중구청,2022-09-16
중촌동041,1,대전광역시 중구 목중로10번길25,대전광역시 중구 중촌동405-28,36.33603668,127.413414,,전용주,042-606-6843,대전광역시 중구청,2022-09-16
중촌동042,1,대전광역시 중구 목중로10번길29,대전광역시 중구 중촌동405-24,36.33620453,127.4136047,,한전주,042-606-6843,대전광역시 중구청,2022-09-16
중촌동043,1,대전광역시 중구 목중로20번길7,대전광역시 중구 중촌동411-14,36.33603287,127.4117508,,한전주,042-606-6843,대전광역시 중구청,2022-09-16
중촌동044,1,대전광역시 중구 목중로20번길15,대전광역시 중구 중촌동411-6,36.33628464,127.4120865,,한전주,042-606-6843,대전광역시 중구청,2022-09-16
중촌동045,1,대전광역시 중구 동서대로1421번길35,대전광역시 중구 중촌동411-12,36.33628082,127.4123764,,한전주,042-606-6843,대전광역시 중구청,2022-09-16
중촌동046,1,대전광역시 중구 동서대로1421번길42,대전광역시 중구 중촌동404-21,36.3364563,127.4123383,,한전주,042-606-6843,대전광역시 중구청,2022-09-16
중촌동047,1,대전광역시 중구 동서대로1421번길43,대전광역시 중구 중촌동412-3,36.33647537,127.412117,,한전주,042-606-6843,대전광역시 중구청,2022-09-16
중촌동048,1,대전광역시 중구 목중로26번길14,대전광역시 중구 중촌동412-8,36.33654022,127.4115524,,한전주,042-606-6843,대전광역시 중구청,2022-09-16
중촌동049,1,대전광역시 중구 목중로26번길16,대전광역시 중구 중촌동403-3,36.33673859,127.4118423,,한전주,042-606-6843,대전광역시 중구청,2022-09-16
중촌동050,1,대전광역시 중구 목중로20번길23,대전광역시 중구 중촌동403-17,36.336586,127.412468,,한전주,042-606-6843,대전광역시 중구청,2022-09-16
중촌동051,1,대전광역시 중구 목중로20번길29,대전광역시 중구 중촌동403-8,36.33683014,127.4128113,,한전주,042-606-6843,대전광역시 중구청,2022-09-16
중촌동052,1,대전광역시 중구 목중로26번길38,대전광역시 중구 중촌동403-1,36.33722687,127.4128723,,한전주,042-606-6843,대전광역시 중구청,2022-09-16
중촌동053,1,대전광역시 중구 목중로20번길43,대전광역시 중구 중촌동401-11,36.33713913,127.4132385,,전용주,042-606-6843,대전광역시 중구청,2022-09-16
중촌동054,1,대전광역시 중구 목중로20번길49,대전광역시 중구 중촌동401-19,36.33733749,127.4134903,,전용주,042-606-6843,대전광역시 중구청,2022-09-16
중촌동055,1,대전광역시 중구 목중로20번길52,대전광역시 중구 중촌동401-15,36.33742142,127.4136887,,한전주,042-606-6843,대전광역시 중구청,2022-09-16
중촌동056,1,대전광역시 중구 동서대로1439번길36,대전광역시 중구 중촌동394-12,36.33745575,127.414032,,한전주,042-606-6843,대전광역시 중구청,2022-09-16
중촌동057,1,,대전광역시 중구 중촌동394-6,36.33758545,127.4138641,,한전주,042-606-6843,대전광역시 중구청,2022-09-16
중촌동058,1,대전광역시 중구 동서대로1439번길46,대전광역시 중구 중촌동402-1,36.33779144,127.4135895,,한전주,042-606-6843,대전광역시 중구청,2022-09-16
중촌동059,1,대전광역시 중구 목중로26번길51,대전광역시 중구 중촌동12-6,36.33765793,127.4131317,,한전주,042-606-6843,대전광역시 중구청,2022-09-16
중촌동060,1,대전광역시 중구 목중로26번길35,대전광역시 중구 중촌동17-2,36.33733368,127.4126663,,한전주,042-606-6843,대전광역시 중구청,2022-09-16
중촌동061,1,,대전광역시 중구 중촌동403-20,36.33709717,127.412323,,한전주,042-606-6843,대전광역시 중구청,2022-09-16
중촌동062,1,대전광역시 중구 목중로26번길59,대전광역시 중구 중촌동103-3,36.33805084,127.4132614,,한전주,042-606-6843,대전광역시 중구청,2022-09-16
중촌동063,1,대전광역시 중구 목중로26번길59,대전광역시 중구 중촌동103-1,36.33823395,127.4132919,,한전주,042-606-6843,대전광역시 중구청,2022-09-16
중촌동064,1,대전광역시 중구 중촌로24번길52,대전광역시 중구 중촌동19-4,36.33808899,127.4129105,,한전주,042-606-6843,대전광역시 중구청,2022-09-16
중촌동065,1,대전광역시 중구 중촌로24번길41,대전광역시 중구 중촌동19-10,36.33816528,127.4124374,,한전주,042-606-6843,대전광역시 중구청,2022-09-16
중촌동066,1,대전광역시 중구 중촌로24번길35,대전광역시 중구 중촌동101-18,36.33839417,127.4121399,,한전주,042-606-6843,대전광역시 중구청,2022-09-16
중촌동067,1,대전광역시 중구 중촌로24번길23,대전광역시 중구 중촌동100-11,36.33868027,127.4117813,,한전주,042-606-6843,대전광역시 중구청,2022-09-16
중촌동068,1,대전광역시 중구 중촌로24번길19,대전광역시 중구 중촌동100-13,36.338871,127.4115219,,한전주,042-606-6843,대전광역시 중구청,2022-09-16
중촌동069,1,대전광역시 중구 중촌로24번길11,대전광역시 중구 중촌동100-15,36.33899689,127.4113617,,한전주,042-606-6843,대전광역시 중구청,2022-09-16
중촌동070,1,대전광역시 중구 중촌로24번길9,대전광역시 중구 중촌동100-17,36.33912659,127.4111938,,한전주,042-606-6843,대전광역시 중구청,2022-09-16
중촌동071,1,대전광역시 중구 중촌로26,대전광역시 중구 중촌동100-20,36.33935165,127.4109039,,한전주,042-606-6843,대전광역시 중구청,2022-09-16
중촌동072,1,대전광역시 중구 중촌로28,대전광역시 중구 중촌동100-20,36.33953476,127.411087,,한전주,042-606-6843,대전광역시 중구청,2022-09-16
중촌동073,1,대전광역시 중구 중촌로28번길6,대전광역시 중구 중촌동100-2,36.33956909,127.4113312,,한전주,042-606-6843,대전광역시 중구청,2022-09-16
중촌동074,1,대전광역시 중구 중촌로28번길10,대전광역시 중구 중촌동100-5,36.3393631,127.4115906,,한전주,042-606-6843,대전광역시 중구청,2022-09-16
중촌동075,1,대전광역시 중구 중촌로28번길20,대전광역시 중구 중촌동100-9,36.33906937,127.4119644,,한전주,042-606-6843,대전광역시 중구청,2022-09-16
중촌동076,1,대전광역시 중구 준촌로28번길23,대전광역시 중구 중촌동102-1,36.33899307,127.4122467,,한전주,042-606-6843,대전광역시 중구청,2022-09-16
중촌동077,1,대전광역시 중구 대종로663-7,대전광역시 중구 중촌동102-4,36.33903122,127.4124069,,한전주,042-606-6843,대전광역시 중구청,2022-09-16
중촌동078,1,대전광역시 중구 대종로663-7,대전광역시 중구 중촌동102-1,36.33882523,127.4123993,,건축물,042-606-6843,대전광역시 중구청,2022-09-16
중촌동079,1,대전광역시 중구 중촌로28번길40,대전광역시 중구 중촌동101-7,36.33852768,127.4127426,,한전주,042-606-6843,대전광역시 중구청,2022-09-16
중촌동080,1,대전광역시 중구 대종로675,대전광역시 중구 중촌동99-1,36.33998871,127.4114685,,한전주,042-606-6843,대전광역시 중구청,2022-09-16
중촌동081,1,대전광역시 중구 중촌로31,대전광역시 중구 중촌동88,36.33969879,127.4111099,,한전주,042-606-6843,대전광역시 중구청,2022-09-16
중촌동082,1,,대전광역시 중구 중촌동21-20,36.33940125,127.4107361,,한전주,042-606-6843,대전광역시 중구청,2022-09-16
중촌동083,1,,대전광역시 중구 중촌동21,36.3391037,127.4103622,,한전주,042-606-6843,대전광역시 중구청,2022-09-16
중촌동084,1,,대전광역시 중구 중촌동21,36.33880615,127.4100037,,한전주,042-606-6843,대전광역시 중구청,2022-09-16
중촌동085,1,,대전광역시 중구 중촌동21,36.33855438,127.4096756,,한전주,042-606-6843,대전광역시 중구청,2022-09-16
중촌동086,1,,대전광역시 중구 중촌동21-18,36.33824921,127.4092941,,한전주,042-606-6843,대전광역시 중구청,2022-09-16
중촌동087,1,대전광역시 중구 목중로59-12,대전광역시 중구 중촌동52-37,36.3382225,127.4080734,,한전주,042-606-6843,대전광역시 중구청,2022-09-16
중촌동088,1,대전광역시 중구 목동로76번길58-1,대전광역시 중구 중촌동61-66,36.33830643,127.4076691,,전용주,042-606-6843,대전광역시 중구청,2022-09-16
중촌동089,1,대전광역시 중구 어덕마을로84-12,대전광역시 중구 중촌동285,36.33818436,127.4055252,,한전주,042-606-6843,대전광역시 중구청,2022-09-16
중촌동090,1,대전광역시 중구 억덕마을로84-12,대전광역시 중구 중촌동284,36.33832932,127.4053345,,한전주,042-606-6843,대전광역시 중구청,2022-09-16
중촌동091,1,대전광역시 중구 어덕마을로93-29,대전광역시 중구 중촌동302-7,36.33908844,127.4050446,,한전주,042-606-6843,대전광역시 중구청,2022-09-16
중촌동092,1,대전광역시 중구 어덕마을로93-5,대전광역시 중구 중촌동302,36.33943176,127.4051743,,한전주,042-606-6843,대전광역시 중구청,2022-09-16
중촌동093,1,대전광역시 중구 어덕마을로93-9,대전광역시 중구 중촌동304,36.33966446,127.4052582,,한전주,042-606-6843,대전광역시 중구청,2022-09-16
중촌동094,1,대전광역시 중구 목동로75번길56,대전광역시 중구 중촌동61-6,36.33853531,127.4077606,,한전주,042-606-6843,대전광역시 중구청,2022-09-16
중촌동095,1,,대전광역시 중구 중촌동10-2,36.34015274,127.4067078,,한전주,042-606-6843,대전광역시 중구청,2022-09-16
중촌동096,1,,대전광역시 중구 중촌동10-2,36.34029007,127.4071274,,한전주,042-606-6843,대전광역시 중구청,2022-09-16
중촌동097,1,,대전광역시 중구 중촌동10-2,36.34035492,127.4076233,,한전주,042-606-6843,대전광역시 중구청,2022-09-16
중촌동098,1,대전광역시 중구 어덕마을로104번길34,대전광역시 중구 중촌동92-1,36.34038162,127.408165,,한전주,042-606-6843,대전광역시 중구청,2022-09-16
중촌동099,1,대전광역시 중구 어덕마을로104번길30,대전광역시 중구 중촌동92-1,36.34029007,127.4079971,,한전주,042-606-6843,대전광역시 중구청,2022-09-16
중촌동100,1,대전광역시 중구 어덕마을로104번길24,대전광역시 중구 중촌동65-9,36.34022903,127.4077072,,한전주,042-606-6843,대전광역시 중구청,2022-09-16
중촌동101,1,대전광역시 중구 어덕마을로104번길20,대전광역시 중구 중촌동65-7,36.34017563,127.4074249,,한전주,042-606-6843,대전광역시 중구청,2022-09-16
중촌동102,1,대전광역시 중구 어덕마을로104번길10,대전광역시 중구 중촌동275-6,36.34008026,127.4069595,,전용주,042-606-6843,대전광역시 중구청,2022-09-16
중촌동103,1,대전광역시 중구 목중로70번길28,대전광역시 중구 중촌동56-6,36.33998108,127.4079742,,한전주,042-606-6843,대전광역시 중구청,2022-09-16
중촌동104,1,대전광역시 중구 목중로70번길26,대전광역시 중구 중촌동56-8,36.33976746,127.4079742,,한전주,042-606-6843,대전광역시 중구청,2022-09-16
중촌동105,1,대전광역시 중구 목중로70번길3,대전광역시 중구 중촌동63-4,36.33959198,127.4074707,,전용주,042-606-6843,대전광역시 중구청,2022-09-16
중촌동106,1,대전광역시 중구 목중로70번길3,대전광역시 중구 중촌동63-3,36.33967972,127.407753,,전용주,042-606-6843,대전광역시 중구청,2022-09-16
중촌동107,1,대전광역시 중구 목중로54번길27-10,대전광역시 중구 중촌동58-19,36.33938599,127.4080582,,한전주,042-606-6843,대전광역시 중구청,2022-09-16
중촌동108,1,대전광역시 중구 목중로54번길27-9,대전광역시 중구 중촌동58-4,36.33919144,127.4081039,,한전주,042-606-6843,대전광역시 중구청,2022-09-16
중촌동109,1,대전광역시 중구 목중로70번길8,대전광역시 중구 중촌동62-3,36.33913803,127.4078369,,한전주,042-606-6843,대전광역시 중구청,2022-09-16
중촌동111,1,대전광역시 중구 목중로80,대전광역시 중구 중촌동275-20,36.33981705,127.4069214,,한전주,042-606-6843,대전광역시 중구청,2022-09-16
중촌동112,1,대전광역시 중구 목중로54번길27-10,대전광역시 중구 중촌동58-13,36.33927536,127.4083023,,한전주,042-606-6843,대전광역시 중구청,2022-09-16
중촌동113,1,대전광역시 중구 목중로54번길29-11,대전광역시 중구 중촌동56-14,36.33997726,127.4084244,,한전주,042-606-6843,대전광역시 중구청,2022-09-16
중촌동114,1,대전광역시 중구 목중로54번길29-5,대전광역시 중구 중촌동56-7,36.33977509,127.4084702,,전용주,042-606-6843,대전광역시 중구청,2022-09-16
중촌동115,1,대전광역시 중구 목중로68-7,대전광역시 중구 중촌동61,36.33893204,127.408165,,한전주,042-606-6843,대전광역시 중구청,2022-09-16
중촌동116,1,대전광역시 중구 목중로70번길8,대전광역시 중구 중촌동61-55,36.33892059,127.4078827,,전용주,042-606-6843,대전광역시 중구청,2022-09-16
중촌동117,1,대전광역시 중구 목중로54번길15,대전광역시 중구 중촌동61-46,36.33877945,127.4084167,,전용주,042-606-6843,대전광역시 중구청,2022-09-16
중촌동118,1,,대전광역시 중구 중촌동10-3,36.3405571,127.4090576,,한전주,042-606-6843,대전광역시 중구청,2022-09-16
중촌동119,1,,대전광역시 중구 중촌동10-3,36.34064865,127.4094849,,한전주,042-606-6843,대전광역시 중구청,2022-09-16
중촌동120,1,,대전광역시 중구 중촌동469,36.34072113,127.4100571,,한전주,042-606-6843,대전광역시 중구청,2022-09-16
중촌동121,1,대전광역시 중구 대종로626,대전광역시 중구 중촌동391-8,36.33753586,127.4157562,,한전주,042-606-6843,대전광역시 중구청,2022-09-16
중촌동122,1,대전광역시 중구 동서대로1455-18,대전광역시 중구 중촌동391-16,36.33747482,127.4159622,,한전주,042-606-6843,대전광역시 중구청,2022-09-16
중촌동123,1,대전광역시 중구 동서대로1455-13,대전광역시 중구 중촌동391-18,36.33724213,127.4161758,,한전주,042-606-6843,대전광역시 중구청,2022-09-16
중촌동124,1,대전광역시 중구 대전천서로605-16,대전광역시 중구 중촌동390-5,36.33752823,127.4164429,,한전주,042-606-6843,대전광역시 중구청,2022-09-16
중촌동125,1,대전광역시 중구 대전천서로605-12,대전광역시 중구 중촌동390-3,36.3376503,127.4164886,,전용주,042-606-6843,대전광역시 중구청,2022-09-16
중촌동126,1,대전광역시 중구 대전천서로605-6,대전광역시 중구 중촌동390-2,36.33785248,127.4168396,,한전주,042-606-6843,대전광역시 중구청,2022-09-16
중촌동127,1,대전광역시 중구 대종로630번길28,대전광역시 중구 중촌동389-3,36.33806992,127.4164276,,한전주,042-606-6843,대전광역시 중구청,2022-09-16
중촌동128,1,대전광역시 중구 대종로630번길18,대전광역시 중구 중촌동389-16,36.33780289,127.4161072,,한전주,042-606-6843,대전광역시 중구청,2022-09-16
중촌동129,1,대전광역시 중구 대전천서로627,대전광역시 중구 중촌동13-1,36.33873367,127.4147644,,한전주,042-606-6843,대전광역시 중구청,2022-09-16
중촌동130,1,대전광역시 중구 목중로26번길83,대전광역시 중구 중촌동117-7,36.33852386,127.4144745,,한전주,042-606-6843,대전광역시 중구청,2022-09-16
중촌동131,1,대전광역시 중구 대종로648,대전광역시 중구 중촌동117-9,36.33831787,127.4141998,,한전주,042-606-6843,대전광역시 중구청,2022-09-16
중촌동132,1,대전광역시 중구 중촌로40번길55,대전광역시 중구 중촌동116-9,36.33874893,127.4142456,,한전주,042-606-6843,대전광역시 중구청,2022-09-16
중촌동133,1,대전광역시 중구 중촌로40번길50,대전광역시 중구 중촌동117-4,36.33888245,127.4139938,,한전주,042-606-6843,대전광역시 중구청,2022-09-16
중촌동134,1,대전광역시 중구 중촌로40번길44,대전광역시 중구 중촌동117-1,36.33897781,127.4135513,,전용주,042-606-6843,대전광역시 중구청,2022-09-16
중촌동135,1,대전광역시 중구 중촌로40번길41,대전광역시 중구 중촌동116-14,36.33917618,127.4137573,,전용주,042-606-6843,대전광역시 중구청,2022-09-16
중촌동136,1,대전광역시 중구 중촌로40번길38,대전광역시 중구 중촌동105-7,36.33917999,127.4136047,,한전주,042-606-6843,대전광역시 중구청,2022-09-16
중촌동137,1,대전광역시 중구 중촌류40번길34,대전광역시 중구 중촌동105-5,36.33933258,127.413414,,한전주,042-606-6843,대전광역시 중구청,2022-09-16
중촌동138,1,대전광역시 중구 중촌로40번길30,대전광역시 중구 중촌동105-2,36.3395195,127.4131775,,한전주,042-606-6843,대전광역시 중구청,2022-09-16
중촌동139,1,대전광역시 중구 대종로664-3,대전광역시 중구 중촌동105-14,36.33947372,127.4128189,,한전주,042-606-6843,대전광역시 중구청,2022-09-16
중촌동140,1,대전광역시 중구 중촌로40번길23,대전광역시 중구 중촌동115-14,36.33971786,127.4131165,,한전주,042-606-6843,대전광역시 중구청,2022-09-16
중촌동141,1,대전광역시 중구 대전천서로645,대전광역시 중구 중촌동115-1,36.3399353,127.4133606,,한전주,042-606-6843,대전광역시 중구청,2022-09-16
중촌동142,1,대전광역시 중구 대전천서로653-24,대전광역시 중구 중촌동97-4,36.34004974,127.4129791,,한전주,042-606-6843,대전광역시 중구청,2022-09-16
중촌동143,1,대전광역시 중구 대전천서로653-10,대전광역시 중구 중촌동96-4,36.34044266,127.4126816,,한전주,042-606-6843,대전광역시 중구청,2022-09-16
중촌동144,1,대전광역시 중구 대전천서로653-12,대전광역시 중구 중촌동97-1,36.34024048,127.4125519,,한전주,042-606-6843,대전광역시 중구청,2022-09-16
중촌동145,1,대전광역시 중구 중촌로40번길22,대전광역시 중구 중촌동98-9,36.33978653,127.4128342,,한전주,042-606-6843,대전광역시 중구청,2022-09-16
중촌동146,1,대전광역시 중구 중촌로40번길13,대전광역시 중구 중촌동97-3,36.33996201,127.4127121,,한전주,042-606-6843,대전광역시 중구청,2022-09-16
중촌동147,1,대전광역시 중구 중촌로40번길10,대전광역시 중구 중촌동98-4,36.34012604,127.4124222,,한전주,042-606-6843,대전광역시 중구청,2022-09-16
중촌동148,1,대전광역시 중구 중촌로40,대전광역시 중구 중촌동98-1,36.34031296,127.4121628,,한전주,042-606-6843,대전광역시 중구청,2022-09-16
중촌동149,1,대전광역시 중구 중촌로37,대전광역시 중구 중촌동89-3,36.34026718,127.4118423,,한전주,042-606-6843,대전광역시 중구청,2022-09-16
중촌동150,1,대전광역시 중구 중촌로41,대전광역시 중구 중촌동90-8,36.34051132,127.4121094,,한전주,042-606-6843,대전광역시 중구청,2022-09-16
중촌동151,1,대전광역시 중구 중촌로43-1,대전광역시 중구 중촌동90-5,36.34075546,127.4124069,,한전주,042-606-6843,대전광역시 중구청,2022-09-16
중촌동152,1,대전광역시 중구 대전천서로647-3,대전광역시 중구 중촌동118-11,36.34028244,127.4130096,,한전주,042-606-6843,대전광역시 중구청,2022-09-16
중촌동153,1,대전광역시 중구 대종로680번길10,대전광역시 중구 중촌동89-1,36.34057617,127.4118195,,한전주,042-606-6843,대전광역시 중구청,2022-09-16
중촌동154,1,대전광역시 중구 대종로680번길10,대전광역시 중구 중촌동89-1,36.34070206,127.4116974,,한전주,042-606-6843,대전광역시 중구청,2022-09-16
중촌동155,1,대전광역시 중구 대종로680번길6,대전광역시 중구 중촌동453,36.34056091,127.4115143,,전용주,042-606-6843,대전광역시 중구청,2022-09-16
중촌동156,1,대전광역시 중구 대종로680번길18,대전광역시 중구 중촌동90-11,36.34094238,127.4119949,,한전주,042-606-6843,대전광역시 중구청,2022-09-16
중촌동157,1,대전광역시 중구 중촌로680번길22,대전광역시 중구 중촌동90-13,36.34107208,127.4122086,,한전주,042-606-6843,대전광역시 중구청,2022-09-16
중촌동158,1,대전광역시 중구 대전천서로661,대전광역시 중구 중촌동90-1,36.34127808,127.412384,,전용주,042-606-6843,대전광역시 중구청,2022-09-16
중촌동159,1,대전광역시 중구 대종로704번길61,대전광역시 중구 중촌동71-9,36.34130478,127.4120941,,한전주,042-606-6843,대전광역시 중구청,2022-09-16
중촌동160,1,대전광역시 중구 대종로704번길59,대전광역시 중구 중촌동71-10,36.34149551,127.4118652,,한전주,042-606-6843,대전광역시 중구청,2022-09-16
중촌동161,1,대전광역시 중구 대종로704번길51,대전광역시 중구 중촌동72-4,36.3416481,127.4116669,,한전주,042-606-6843,대전광역시 중구청,2022-09-16
중촌동162,1,대전광역시 중구 대종로704번길55,대전광역시 중구 중촌동72-3,36.34164429,127.4119568,,한전주,042-606-6843,대전광역시 중구청,2022-09-16
중촌동163,1,대전광역시 중구 대종로692번길32-5,대전광역시 중구 중촌동71-14,36.3420372,127.4118423,,전용주,042-606-6843,대전광역시 중구청,2022-09-16
중촌동164,1,대전광역시 중구 대종로692번길37,대전광역시 중구 중촌동70-3,36.34233856,127.4119263,,한전주,042-606-6843,대전광역시 중구청,2022-09-16
중촌동165,1,대전광역시 중구 대종로692번길32-4,대전광역시 중구 중촌동72-1,36.34202957,127.4116669,,한전주,042-606-6843,대전광역시 중구청,2022-09-16
중촌동166,1,대전광역시 중구 대종로692번길21,대전광역시 중구 중촌동84-2,36.3418045,127.4113922,,한전주,042-606-6843,대전광역시 중구청,2022-09-16
중촌동167,1,대전광역시 중구 대종로692번길17,대전광역시 중구 중촌동84-5,36.34158325,127.4111176,,한전주,042-606-6843,대전광역시 중구청,2022-09-16
중촌동168,1,대전광역시 중구 대종로692번길9,대전광역시 중구 중촌동84-7,36.34136963,127.4108505,,한전주,042-606-6843,대전광역시 중구청,2022-09-16
중촌동169,1,,대전광역시 중구 중촌동67-8,36.34214401,127.4110184,,한전주,042-606-6843,대전광역시 중구청,2022-09-16
중촌동170,1,대전광역시 중구 대종로696번길18,대전광역시 중구 중촌동84-17,36.34189987,127.4107971,,한전주,042-606-6843,대전광역시 중구청,2022-09-16
중촌동171,1,대전광역시 중구 대종로696번길15-9,대전광역시 중구 중촌동86-3,36.34212494,127.4104233,,한전주,042-606-6843,대전광역시 중구청,2022-09-16
중촌동172,1,대전광역시 중구 대종로704번길19,대전광역시 중구 중촌동86-1,36.34236526,127.4101944,,한전주,042-606-6843,대전광역시 중구청,2022-09-16
중촌동173,1,대전광역시 중구 대종로704번길13,대전광역시 중구 중촌동25-12,36.34225845,127.409874,,한전주,042-606-6843,대전광역시 중구청,2022-09-16
중촌동174,1,대전광역시 중구 대종로704번길10,대전광역시 중구 중촌동86-12,36.34208298,127.4098816,,한전주,042-606-6843,대전광역시 중구청,2022-09-16
중촌동175,1,대전광역시 중구 어덕마을로150번길25,대전광역시 중구 중촌동86-9,36.3418808,127.4101639,,한전주,042-606-6843,대전광역시 중구청,2022-09-16
중촌동176,1,대전광역시 중구 어덕마을로150번길31,대전광역시 중구 중촌동86-7,36.34170532,127.4103775,,한전주,042-606-6843,대전광역시 중구청,2022-09-16
중촌동177,1,대전광역시 중구 대종로696번길8,대전광역시 중구 중촌동84-13,36.34155655,127.4104843,,한전주,042-606-6843,대전광역시 중구청,2022-09-16
중촌동178,1,대전광역시 중구 어덕마을로150번길14,대전광역시 중구 중촌동20-6,36.34228134,127.409523,,한전주,042-606-6843,대전광역시 중구청,2022-09-16
중촌동179,1,대전광역시 중구 어덕마을로150번길8,대전광역시 중구 중촌동20-4,36.34246445,127.409317,,한전주,042-606-6843,대전광역시 중구청,2022-09-16
중촌동180,1,대전광역시 중구 어덕마을로150번길9-5,대전광역시 중구 중촌동23-11,36.34260178,127.4096527,,한전주,042-606-6843,대전광역시 중구청,2022-09-16
중촌동181,1,대전광역시 중구 어덕마을러160-3,대전광역시 중구 중촌동26-7,36.34277725,127.4104156,,한전주,042-606-6843,대전광역시 중구청,2022-09-16
중촌동182,1,대전광역시 중구 대종로704번길25,대전광역시 중구 중촌동25-7,36.34241867,127.4104843,,한전주,042-606-6843,대전광역시 중구청,2022-09-16
중촌동183,1,대전광역시 중구 대종로704번길27,대전광역시 중구 중촌동67-9,36.34234238,127.410759,,한전주,042-606-6843,대전광역시 중구청,2022-09-16
중촌동184,1,대전광역시 중구 어덕마을로164-10,대전광역시 중구 중촌동26-4,36.3426857,127.4107666,,한전주,042-606-6843,대전광역시 중구청,2022-09-16
중촌동185,1,대전광역시 중구 대종로696번길26,대전광역시 중구 중촌동70-8,36.34218597,127.4112473,,한전주,042-606-6843,대전광역시 중구청,2022-09-16
중촌동186,1,대전광역시 중구 어덕마을로168-12,대전광역시 중구 중촌동68-6,36.34260559,127.4113007,,한전주,042-606-6843,대전광역시 중구청,2022-09-16
중촌동187,1,대전광역시 중구 어덕마을로168-10,대전광역시 중구 중촌동68-8,36.3428154,127.4112091,,한전주,042-606-6843,대전광역시 중구청,2022-09-16
중촌동188,1,대전광역시 중구 대종로696번길39,대전광역시 중구 중촌동70-12,36.34253693,127.4116669,,한전주,042-606-6843,대전광역시 중구청,2022-09-16
중촌동189,1,대전광역시 중구 대종로696번길43,대전광역시 중구 중촌동69-6,36.34274673,127.4116058,,한전주,042-606-6843,대전광역시 중구청,2022-09-16
중촌동190,1,대전광역시 중구 대종로696번길44,대전광역시 중구 중촌동69-7,36.34285355,127.4115906,,한전주,042-606-6843,대전광역시 중구청,2022-09-16
중촌동191,1,대전광역시 중구 대전천서로689-7,대전광역시 중구 중촌동140,36.34365845,127.4114685,,전용주,042-606-6843,대전광역시 중구청,2022-09-16
중촌동192,1,대전광역시 중구 어덕마을로165-13,대전광역시 중구 중촌동429-15,36.34344101,127.4111862,,전용주,042-606-6843,대전광역시 중구청,2022-09-16
중촌동193,1,대전광역시 중구 어덕마을로165-5,대전광역시 중구 중촌동429-16,36.34334183,127.4107971,,전용주,042-606-6843,대전광역시 중구청,2022-09-16
중촌동194,1,,대전광역시 중구 중촌동429-12,36.34352493,127.4110031,,전용주,042-606-6843,대전광역시 중구청,2022-09-16
중촌동195,1,대전광역시 중구 대전천서로165-3,대전광역시 중구 중촌동429-19,36.34346008,127.4106064,,전용주,042-606-6843,대전광역시 중구청,2022-09-16
중촌동196,1,,대전광역시 중구 중촌동130-1,36.3434639,127.4097366,,한전주,042-606-6843,대전광역시 중구청,2022-09-16
중촌동197,1,,대전광역시 중구 중촌동141-1,36.34319687,127.4084473,,한전주,042-606-6843,대전광역시 중구청,2022-09-16
중촌동203,1,,대전광역시 중구 중촌동418-1,36.33674895,127.4143952,,한전주,042-606-6843,대전광역시 중구청,2022-09-16
중촌동204,1,,대전광역시 중구 중촌동141-1,36.34310337,127.4081741,,한전주,042-606-6843,대전광역시 중구청,2022-09-16
중촌동205,1,,대전광역시 중구 중촌동69-6,36.34264267,127.411778,,한전주,042-606-6843,대전광역시 중구청,2022-09-16
중촌동206,1,,대전광역시 중구 중촌동399-17,36.33650319,127.4144495,,한전주,042-606-6843,대전광역시 중구청,2022-09-16
중촌동207,1,,대전광역시 중구 중촌동103-2,36.33807415,127.4136086,,한전주,042-606-6843,대전광역시 중구청,2022-09-16
중촌동208,1,,대전광역시 중구 중촌동63-6,36.33991386,127.407322,,한전주,042-606-6843,대전광역시 중구청,2022-09-16
중촌동209,1,,대전광역시 중구 중촌동418-1,36.33727262,127.415406,,전용주,042-606-6843,대전광역시 중구청,2022-09-16
중촌동210,1,,대전광역시 중구 중촌동418-1,36.33739377,127.4155542,,전용주,042-606-6843,대전광역시 중구청,2022-09-16
중촌동211,1,,대전광역시 중구 중촌동429-35,36.34341592,127.4109801,,전용주,042-606-6843,대전광역시 중구청,2022-09-16
침산동001,1,,대전광역시 중구 침산동산 17-1,36.26718521,127.395668,,한전주,042-606-6843,대전광역시 중구청,2022-09-16
침산동002,1,,대전광역시 중구 침산동산 17-1,36.26770401,127.395874,,한전주,042-606-6843,대전광역시 중구청,2022-09-16
침산동003,1,,대전광역시 중구 침산동산 17-1,36.26847458,127.3963852,,한전주,042-606-6843,대전광역시 중구청,2022-09-16
침산동004,1,,대전광역시 중구 침산동산 17-1,36.26888657,127.3971558,,한전주,042-606-6843,대전광역시 중구청,2022-09-16
침산동005,1,대전광역시 중구 운남로4,대전광역시 중구 침산동산 15,36.27655411,127.3993759,,한전주,042-606-6843,대전광역시 중구청,2022-09-16
침산동006,1,대전광역시 중구 산서로321,대전광역시 중구 침산동4-1,36.2771225,127.3987579,,한전주,042-606-6843,대전광역시 중구청,2022-09-16
침산동007,1,,대전광역시 중구 침산동산 15-1,36.2774353,127.3984375,,한전주,042-606-6843,대전광역시 중구청,2022-09-16
침산동008,1,,대전광역시 중구 침산동266,36.27322006,127.3914566,,한전주,042-606-6843,대전광역시 중구청,2022-09-16
침산동009,1,대전광역시 중구 방아미로66번길13,대전광역시 중구 침산동258,36.27207135,127.3923066,,한전주,042-606-6843,대전광역시 중구청,2022-09-16
침산동010,1,대전광역시 중구 방아미로66번길68-10,대전광역시 중구 침산동253,36.27138901,127.3919449,,한전주,042-606-6843,대전광역시 중구청,2022-09-16
침산동011,1,대전광역시 중구 방아미로66번길72,대전광역시 중구 침산동224-1,36.27138161,127.3924089,,한전주,042-606-6843,대전광역시 중구청,2022-09-16
침산동012,1,대전광역시 중구 방아미로66번길77,대전광역시 중구 침산동228,36.27080154,127.3924713,,한전주,042-606-6843,대전광역시 중구청,2022-09-16
침산동013,1,대전광역시 중구 방아미로66번길82-1,대전광역시 중구 침산동230-1,36.27097702,127.392128,,전용주,042-606-6843,대전광역시 중구청,2022-09-16
침산동014,1,대전광역시 중구 방아미로66번길100,대전광역시 중구 침산동233-1,36.27056873,127.3915869,,한전주,042-606-6843,대전광역시 중구청,2022-09-16
침산동015,1,대전광역시 중구 방아미로66번길104,대전광역시 중구 침산동237-6,36.27043152,127.3911285,,한전주,042-606-6843,대전광역시 중구청,2022-09-16
침산동016,1,대전광역시 중구 방아미로66번길126,대전광역시 중구 침산동140-1,36.27058029,127.3899612,,한전주,042-606-6843,대전광역시 중구청,2022-09-16
침산동017,1,대전광역시 중구 방아미로66번길148,대전광역시 중구 침산동138-3,36.27061081,127.3891754,,한전주,042-606-6843,대전광역시 중구청,2022-09-16
침산동018,1,대전광역시 중구 방아미로66번길147,대전광역시 중구 침산동138-7,36.27058029,127.3888245,,한전주,042-606-6843,대전광역시 중구청,2022-09-16
침산동019,1,대전광역시 중구 방아미로66번길150,대전광역시 중구 침산동138-2,36.27054977,127.3885803,,전용주,042-606-6843,대전광역시 중구청,2022-09-16
침산동020,1,대전광역시 중구 방아미로66번길154,대전광역시 중구 침산동137,36.27074432,127.3881454,,한전주,042-606-6843,대전광역시 중구청,2022-09-16
침산동021,1,,대전광역시 중구 침산동132,36.26969528,127.3871689,,한전주,042-606-6843,대전광역시 중구청,2022-09-16
침산동022,1,대전광역시 중구 방아미로66번길222,대전광역시 중구 침산동127-2,36.26913834,127.3857346,,한전주,042-606-6843,대전광역시 중구청,2022-09-16
침산동023,1,대전광역시 중구 방아미로66번길236,대전광역시 중구 침산동106,36.26858902,127.3855896,,한전주,042-606-6843,대전광역시 중구청,2022-09-16
침산동024,1,,대전광역시 중구 침산동104,36.26830292,127.3855133,,한전주,042-606-6843,대전광역시 중구청,2022-09-16
침산동025,1,대전광역시 중구 방아미로66번길244,대전광역시 중구 침산동101,36.2681427,127.3857803,,한전주,042-606-6843,대전광역시 중구청,2022-09-16
침산동026,1,대전광역시 중구 방아미로66번길257,대전광역시 중구 침산동95,36.26820755,127.3864365,,한전주,042-606-6843,대전광역시 중구청,2022-09-16
침산동027,1,대전광역시 중구 방아미로101,대전광역시 중구 침산동232-3,36.27025668,127.3926203,,한전주,042-606-6843,대전광역시 중구청,2022-09-16
침산동028,1,,대전광역시 중구 침산동209-8,36.27086258,127.3933105,,한전주,042-606-6843,대전광역시 중구청,2022-09-16
침산동029,1,대전광역시 중구 방아미로79,대전광역시 중구 침산동290-4,36.27190018,127.3946228,,한전주,042-606-6843,대전광역시 중구청,2022-09-16
침산동030,1,,대전광역시 중구 침산동290-5,36.27278519,127.3955002,,한전주,042-606-6843,대전광역시 중구청,2022-09-16
침산동031,1,대전광역시 중구 방아미로61,대전광역시 중구 침산동18,36.2733078,127.3960876,,한전주,042-606-6843,대전광역시 중구청,2022-09-16
침산동032,1,대전광역시 중구 방아미로50,대전광역시 중구 침산동29-1,36.27390671,127.3969421,,한전주,042-606-6843,대전광역시 중구청,2022-09-16
침산동033,1,,대전광역시 중구 침산동375-2,36.27419281,127.3974075,,한전주,042-606-6843,대전광역시 중구청,2022-09-16
침산동034,1,,대전광역시 중구 침산동12-7,36.27470016,127.3975296,,한전주,042-606-6843,대전광역시 중구청,2022-09-16
침산동035,1,,대전광역시 중구 침산동375-1,36.27523422,127.3974915,,한전주,042-606-6843,대전광역시 중구청,2022-09-16
침산동036,1,,대전광역시 중구 침산동8-1,36.27694321,127.3965607,,한전주,042-606-6843,대전광역시 중구청,2022-09-16
침산동037,1,대전광역시 중구 방아미로16번길40,대전광역시 중구 침산동316-5,36.27736664,127.3956299,,한전주,042-606-6843,대전광역시 중구청,2022-09-16
침산동038,1,대전광역시 중구 방아미로16번길54,대전광역시 중구 침산동314-1,36.27667618,127.3956985,,한전주,042-606-6843,대전광역시 중구청,2022-09-16
침산동039,1,,대전광역시 중구 침산동314-2,36.27635193,127.3951797,,한전주,042-606-6843,대전광역시 중구청,2022-09-16
침산동040,1,대전광역시 중구 방아미로52,대전광역시 중구 침산동295-4,36.2737236,127.3962936,,한전주,042-606-6843,대전광역시 중구청,2022-09-16
침산동041,1,대전광역시 중구 방아미로66번길11,대전광역시 중구 침산동288-5,36.27255249,127.3949051,,한전주,042-606-6843,대전광역시 중구청,2022-09-16
침산동042,1,대전광역시 중구 방아미로66번길38,대전광역시 중구 침산동206-2,36.27191162,127.394043,,한전주,042-606-6843,대전광역시 중구청,2022-09-16
침산동043,1,대전광역시 중구 방아미로66번길45,대전광역시 중구 침산동206-1,36.27177429,127.3934326,,한전주,042-606-6843,대전광역시 중구청,2022-09-16
침산동044,1,,대전광역시 중구 침산동256-1,36.27152634,127.3928833,,한전주,042-606-6843,대전광역시 중구청,2022-09-16
침산동045,1,대전광역시 중구 방아미로66번길14,대전광역시 중구 침산동257-2,36.27198063,127.3924898,,한전주,042-606-6843,대전광역시 중구청,2022-09-16
침산동046,1,대전광역시 중구 방아미로66번길41,대전광역시 중구 침산동257-5,36.27212143,127.3930435,,한전주,042-606-6843,대전광역시 중구청,2022-09-16
침산동047,1,대전광역시 중구 방아미로66번길27-1,대전광역시 중구 침산동274,36.2725563,127.3925934,,한전주,042-606-6843,대전광역시 중구청,2022-09-16
침산동048,1,대전광역시 중구 방아미로66번길19,대전광역시 중구 침산동257-7,36.27229309,127.3922958,,한전주,042-606-6843,대전광역시 중구청,2022-09-16
침산동049,1,,대전광역시 중구 침산동261,36.27206421,127.392067,,한전주,042-606-6843,대전광역시 중구청,2022-09-16
침산동050,1,,대전광역시 중구 침산동266-9,36.2727979222,127.3914691440,,한전주,042-606-6843,대전광역시 중구청,2022-09-16
침산동051,1,,대전광역시 중구 침산동266-10,36.27232865,127.3914788,,한전주,042-606-6843,대전광역시 중구청,2022-09-16
침산동052,1,,대전광역시 중구 침산동266-10,36.27264023,127.391449,,한전주,042-606-6843,대전광역시 중구청,2022-09-16
침산동053,1,,대전광역시 중구 침산동399,36.27574539,127.3974228,,한전주,042-606-6843,대전광역시 중구청,2022-09-16
침산동054,1,,대전광역시 중구 침산동12-6,36.27615356,127.3973923,,한전주,042-606-6843,대전광역시 중구청,2022-09-16
침산동055,1,,대전광역시 중구 침산동10-1,36.27648544,127.3973846,,한전주,042-606-6843,대전광역시 중구청,2022-09-16
침산동056,1,,대전광역시 중구 침산동158-7,36.26995834,127.3922237,,한전주,042-606-6843,대전광역시 중구청,2022-09-16
침산동057,1,,대전광역시 중구 침산동144-2,36.27014952,127.3895649,,전용주,042-606-6843,대전광역시 중구청,2022-09-16
침산동060,1,,대전광역시 중구 침산동62-2,36.26915791,127.3998958,,한전주,042-606-6843,대전광역시 중구청,2022-09-16
침산동061,1,,대전광역시 중구 침산동산 17-1,36.26926126,127.3993093,,한전주,042-606-6843,대전광역시 중구청,2022-09-16
침산동062,1,,대전광역시 중구 침산동산 17-1,36.26909651,127.3987186,,한전주,042-606-6843,대전광역시 중구청,2022-09-16
침산동063,1,,대전광역시 중구 침산동산 17-1,36.26906736,127.3980007,,한전주,042-606-6843,대전광역시 중구청,2022-09-16
침산동064,1,,대전광역시 중구 침산동산 17-1,36.26810942,127.3960928,,한전주,042-606-6843,대전광역시 중구청,2022-09-16
침산동065,1,,대전광역시 중구 침산동77-2,36.26660912,127.3960407,,한전주,042-606-6843,대전광역시 중구청,2022-09-16
침산동066,1,,대전광역시 중구 침산동77-2,36.2665219,127.3965244,,한전주,042-606-6843,대전광역시 중구청,2022-09-16
태평동001,1,대전광역시 중구 태평로95,대전광역시 중구 태평동408-10,36.3250885,127.394249,,한전주,042-606-6843,대전광역시 중구청,2022-09-16
태평동002,1,대전광역시 중구 태평로12,대전광역시 중구 태평동379-42,36.32518005,127.3938599,,한전주,042-606-6843,대전광역시 중구청,2022-09-16
태평동003,1,대전광역시 중구 태평로18,대전광역시 중구 태평동379-9,36.32524872,127.3935394,,한전주,042-606-6843,대전광역시 중구청,2022-09-16
태평동004,1,대전광역시 중구 동서대로1210-16,대전광역시 중구 태평동379-43,36.32540131,127.3936081,,한전주,042-606-6843,대전광역시 중구청,2022-09-16
태평동005,1,대전광역시 중구 동서대로1210-8,대전광역시 중구 태평동379-63,36.32564163,127.3939285,,한전주,042-606-6843,대전광역시 중구청,2022-09-16
태평동006,1,대전광역시 중구 동서대로1208-9,대전광역시 중구 태평동379-29,36.32588959,127.393631,,한전주,042-606-6843,대전광역시 중구청,2022-09-16
태평동007,1,대전광역시 중구 동서대로1194번길7-18,대전광역시 중구 태평동409-2,36.32592392,127.3932148,,한전주,042-606-6843,대전광역시 중구청,2022-09-16
태평동008,1,대전광역시 중구 동서대로1200-8,대전광역시 중구 태평동409-3,36.32569885,127.3932343,,한전주,042-606-6843,대전광역시 중구청,2022-09-16
태평동009,1,대전광역시 중구 태평로93번길20,대전광역시 중구 태평동379-40,36.32530975,127.3933482,,한전주,042-606-6843,대전광역시 중구청,2022-09-16
태평동010,1,대전광역시 중구 태평로93번길32,대전광역시 중구 태평동409-11,36.32534027,127.3927155,,한전주,042-606-6843,대전광역시 중구청,2022-09-16
태평동011,1,대전광역시 중구 태평로93번길34-2,대전광역시 중구 태평동409-28,36.32567978,127.3927307,,한전주,042-606-6843,대전광역시 중구청,2022-09-16
태평동012,1,대전광역시 중구 태평로93번길38,대전광역시 중구 태평동409-45,36.32534409,127.3924103,,한전주,042-606-6843,대전광역시 중구청,2022-09-16
태평동013,1,대전광역시 중구 태평로93번길38-1,대전광역시 중구 태평동409-45,36.32553101,127.3924561,,전용주,042-606-6843,대전광역시 중구청,2022-09-16
태평동014,1,대전광역시 중구 태평로93번길46,대전광역시 중구 태평동413-9,36.32535172,127.3919754,,한전주,042-606-6843,대전광역시 중구청,2022-09-16
태평동015,1,대전광역시 중구 태평로93번길52,대전광역시 중구 태평동413-10,36.32536316,127.3917236,,한전주,042-606-6843,대전광역시 중구청,2022-09-16
태평동016,1,대전광역시 중구 동서대로1188번길21,대전광역시 중구 태평동413-30,36.32555771,127.3918152,,한전주,042-606-6843,대전광역시 중구청,2022-09-16
태평동017,1,대전광역시 중구 동서대로1188번길15,대전광역시 중구 태평동413-29,36.3258934,127.391861,,전용주,042-606-6843,대전광역시 중구청,2022-09-16
태평동018,1,대전광역시 중구 동서대로1194번길13,대전광역시 중구 태평동409-12,36.3257103,127.3922653,,한전주,042-606-6843,대전광역시 중구청,2022-09-16
태평동019,1,대전광역시 중구 동서대로1194번길13-2,대전광역시 중구 태평동409-41,36.32579422,127.3925795,,한전주,042-606-6843,대전광역시 중구청,2022-09-16
태평동020,1,대전광역시 중구 동서대로1194번길5,대전광역시 중구 태평동409-15,36.32603836,127.3924484,,한전주,042-606-6843,대전광역시 중구청,2022-09-16
태평동021,1,대전광역시 중구 동서대로1194번길7-6,대전광역시 중구 태평동409-56,36.3259964,127.3926163,,한전주,042-606-6843,대전광역시 중구청,2022-09-16
태평동022,1,대전광역시 중구 동서대로1194번길7-14,대전광역시 중구 태평동409-23,36.32599258,127.3930435,,한전주,042-606-6843,대전광역시 중구청,2022-09-16
태평동023,1,대전광역시 중구 동서대로1194번길8-2,대전광역시 중구 태평동413-38,36.32608414,127.3921051,,한전주,042-606-6843,대전광역시 중구청,2022-09-16
태평동024,1,대전광역시 중구 동서대로1188번길10,대전광역시 중구 태평동413-26,36.3260994,127.3918533,,한전주,042-606-6843,대전광역시 중구청,2022-09-16
태평동025,1,대전광역시 중구 동서대류1186,대전광역시 중구 태평동413-17,36.32646179,127.3916931,,한전주,042-606-6843,대전광역시 중구청,2022-09-16
태평동026,1,대전광역시 중구 동서대로1186번길6-4,대전광역시 중구 태평동414-6,36.3263855,127.3912888,,건축물,042-606-6843,대전광역시 중구청,2022-09-16
태평동027,1,대전광역시 중구 동서대로1182-8,대전광역시 중구 태평동414-76,36.32651138,127.3911362,,한전주,042-606-6843,대전광역시 중구청,2022-09-16
태평동028,1,대전광역시 중구 동서대로1186번길9,대전광역시 중구 태평동413-46,36.3261528,127.3916245,,한전주,042-606-6843,대전광역시 중구청,2022-09-16
태평동029,1,대전광역시 중구 동서대로1186번길19,대전광역시 중구 태평동413-15,36.32572812,127.3915063,,한전주,042-606-6843,대전광역시 중구청,2022-09-16
태평동030,1,대전광역시 중구 태평로93번길60-11,대전광역시 중구 태평동414-94,36.32588577,127.3911591,,전용주,042-606-6843,대전광역시 중구청,2022-09-16
태평동031,1,대전광역시 중구 태평로93번길60-18,대전광역시 중구 태평동414-44,36.32613754,127.391098,,한전주,042-606-6843,대전광역시 중구청,2022-09-16
태평동032,1,대전광역시 중구 태평로93번길58,대전광역시 중구 태평동413-11,36.32538223,127.3914032,,한전주,042-606-6843,대전광역시 중구청,2022-09-16
태평동033,1,대전광역시 중구 태평로93번길60,대전광역시 중구 태평동414-12,36.32538605,127.3912048,,한전주,042-606-6843,대전광역시 중구청,2022-09-16
태평동034,1,대전광역시 중구 태평로93번길68,대전광역시 중구 태평동414-92,36.32540512,127.3908005,,한전주,042-606-6843,대전광역시 중구청,2022-09-16
태평동035,1,대전광역시 중구 유등천동로514번길28,대전광역시 중구 태평동414-90,36.32572174,127.3908234,,한전주,042-606-6843,대전광역시 중구청,2022-09-16
태평동036,1,대전광역시 중구 유등천동로514번길19,대전광역시 중구 태평동414-98,36.32594681,127.3908463,,한전주,042-606-6843,대전광역시 중구청,2022-09-16
태평동037,1,대전광역시 중구 유등천동로514번길14,대전광역시 중구 태평동414-72,36.32626343,127.3908539,,한전주,042-606-6843,대전광역시 중구청,2022-09-16
태평동038,1,대전광역시 중구 유등천동로512-1,대전광역시 중구 태평동414-70,36.32651901,127.390892,,전용주,042-606-6843,대전광역시 중구청,2022-09-16
태평동039,1,대전광역시 중구 태평로93번길70,대전광역시 중구 태평동414-18,36.32541656,127.3905716,,한전주,042-606-6843,대전광역시 중구청,2022-09-16
태평동040,1,대전광역시 중구 태평로93번길70-5,대전광역시 중구 태평동414-58,36.32572174,127.3905106,,한전주,042-606-6843,대전광역시 중구청,2022-09-16
태평동041,1,대전광역시 중구 유등천동로500,대전광역시 중구 태평동414-22,36.32542419,127.3902969,,한전주,042-606-6843,대전광역시 중구청,2022-09-16
태평동042,1,대전광역시 중구 유등천동로524,대전광역시 중구 태평동412-18,36.32735443,127.3913727,,한전주,042-606-6843,대전광역시 중구청,2022-09-16
태평동043,1,대전광역시 중구 유등천동로524,대전광역시 중구 태평동412-19,36.32749939,127.3914948,,한전주,042-606-6843,대전광역시 중구청,2022-09-16
태평동044,1,대전광역시 중구 유등춘동로536-1,대전광역시 중구 태평동371-18,36.32817078,127.3921432,,한전주,042-606-6843,대전광역시 중구청,2022-09-16
태평동045,1,대전광역시 중구 태평로113번길56,대전광역시 중구 태평동371-6,36.32793427,127.3924637,,한전주,042-606-6843,대전광역시 중구청,2022-09-16
태평동046,1,대전광역시 중구 동서대로1185번길20,대전광역시 중구 태평동411-18,36.32767487,127.3923264,,한전주,042-606-6843,대전광역시 중구청,2022-09-16
태평동047,1,대전광역시 중구 동서대로1185번길14,대전광역시 중구 태평동411-15,36.3274498,127.3921967,,한전주,042-606-6843,대전광역시 중구청,2022-09-16
태평동048,1,대전광역시 중구 동서대로1185번길10,대전광역시 중구 태평동411-12,36.32720566,127.3920593,,한전주,042-606-6843,대전광역시 중구청,2022-09-16
태평동049,1,대전광역시 중구 동서대로1185번길8-1,대전광역시 중구 태평동411-27,36.32718277,127.3922958,,한전주,042-606-6843,대전광역시 중구청,2022-09-16
태평동050,1,대전광역시 중구 동서대로1185번길8-7,대전광역시 중구 태평동411-59,36.32745361,127.3925018,,한전주,042-606-6843,대전광역시 중구청,2022-09-16
태평동051,1,대전광역시 중구 동서대로1185번길8-12,대전광역시 중구 태평동411-30,36.32717133,127.3925095,,한전주,042-606-6843,대전광역시 중구청,2022-09-16
태평동052,1,대전광역시 중구 동서대로1189-5,대전광역시 중구 태평동411-31,36.32696915,127.3924561,,한전주,042-606-6843,대전광역시 중구청,2022-09-16
태평동053,1,대전광역시 중구 동서대로1185번길8-17,대전광역시 중구 태평동411-61,36.32736206,127.3925781,,전용주,042-606-6843,대전광역시 중구청,2022-09-16
태평동054,1,대전광역시 중구 동서대로1193번길6,대전광역시 중구 태평동410-11,36.32685089,127.3927994,,한전주,042-606-6843,대전광역시 중구청,2022-09-16
태평동055,1,대전광역시 중구 동서대로1193번길20,대전광역시 중구 태평동410-15,36.32725906,127.3929901,,한전주,042-606-6843,대전광역시 중구청,2022-09-16
태평동056,1,대전광역시 중구 동서대로1193번길20,대전광역시 중구 태평동410-16,36.3275032,127.3931046,,한전주,042-606-6843,대전광역시 중구청,2022-09-16
태평동057,1,대전광역시 중구 태평로113번길50,대전광역시 중구 태평동371-33,36.32782364,127.3927841,,한전주,042-606-6843,대전광역시 중구청,2022-09-16
태평동058,1,대전광역시 중구 태평로113번길49-2,대전광역시 중구 태평동411-52,36.32760239,127.3927002,,전용주,042-606-6843,대전광역시 중구청,2022-09-16
태평동059,1,대전광역시 중구 동서대롭193번길40,대전광역시 중구 태평동373-36,36.32769394,127.3932037,,한전주,042-606-6843,대전광역시 중구청,2022-09-16
태평동060,1,대전광역시 중구 태평로113번길34,대전광역시 중구 태평동333-47,36.3275032,127.3935852,,한전주,042-606-6843,대전광역시 중구청,2022-09-16
태평동061,1,대전광역시 중구 동서대로1193번길14-7,대전광역시 중구 태평동410-4,36.32728195,127.393364,,한전주,042-606-6843,대전광역시 중구청,2022-09-16
태평동062,1,대전광역시 중구 동서대로1199번길13,대전광역시 중구 태평동410-36,36.32702637,127.3936005,,한전주,042-606-6843,대전광역시 중구청,2022-09-16
태평동063,1,대전광역시 중구 동서대로1199번길3,대전광역시 중구 태평동410-40,36.32659531,127.3934174,,한전주,042-606-6843,대전광역시 중구청,2022-09-16
태평동064,1,대전광역시 중구 동서대로1197-6,대전광역시 중구 태평동410-25,36.32674789,127.3931656,,한전주,042-606-6843,대전광역시 중구청,2022-09-16
태평동065,1,대전광역시 중구 태평로113번길28-5,대전광역시 중구 태평동373-48,36.32758331,127.3937988,,한전주,042-606-6843,대전광역시 중구청,2022-09-16
태평동066,1,대전광역시 중구 태평로113번길28-11,대전광역시 중구 태평동373-25,36.32761765,127.3941956,,한전주,042-606-6843,대전광역시 중구청,2022-09-16
태평동067,1,대전광역시 중구 동서대로1203-16,대전광역시 중구 태평동378-52,36.32697678,127.3938293,,한전주,042-606-6843,대전광역시 중구청,2022-09-16
태평동068,1,대전광역시 중구 동서대로1203-5,대전광역시 중구 태평동378-40,36.32655716,127.3937378,,한전주,042-606-6843,대전광역시 중구청,2022-09-16
태평동069,1,대전광역시 중구 태평로113번길22,대전광역시 중구 태평동373-4,36.3272934,127.394043,,한전주,042-606-6843,대전광역시 중구청,2022-09-16
태평동070,1,대전광역시 중구 태평로113번길17,대전광역시 중구 태평동378-2,36.32714081,127.3942566,,한전주,042-606-6843,대전광역시 중구청,2022-09-16
태평동071,1,대전광역시 중구 태평로113번길19-1,대전광역시 중구 태평동378-28,36.32702255,127.3941574,,건축물,042-606-6843,대전광역시 중구청,2022-09-16
태평동072,1,대전광역시 중구 동서대로1207번길16,대전광역시 중구 태평동377-13,36.32679367,127.3943558,,한전주,042-606-6843,대전광역시 중구청,2022-09-16
태평동073,1,대전광역시 중구 동서대로1213-18,대전광역시 중구 태평동377-19,36.3267746,127.3944931,,한전주,042-606-6843,대전광역시 중구청,2022-09-16
태평동074,1,대전광역시 중구 동서대로1213-7,대전광역시 중구 태평동377-24,36.3264122,127.3945999,,한전주,042-606-6843,대전광역시 중구청,2022-09-16
태평동075,1,대전광역시 중구 동서대로1207번길6,대전광역시 중구 태평동377-28,36.32647705,127.3942108,,한전주,042-606-6843,대전광역시 중구청,2022-09-16
태평동076,1,대전광역시 중구 태평로113번길8,대전광역시 중구 태평동374-13,36.32702255,127.3947678,,한전주,042-606-6843,대전광역시 중구청,2022-09-16
태평동077,1,대전광역시 중구 태평로119-4,대전광역시 중구 태평동374-7,36.32730103,127.3951874,,건축물,042-606-6843,대전광역시 중구청,2022-09-16
태평동078,1,대전광역시 중구 태평로127번길4,대전광역시 중구 태평동374-40,36.328022,127.3956604,,한전주,042-606-6843,대전광역시 중구청,2022-09-16
태평동079,1,대전광역시 중구 태평로127번길061,대전광역시 중구 태평동366-6,36.328125,127.3953094,,한전주,042-606-6843,대전광역시 중구청,2022-09-16
태평동080,1,대전광역시 중구 동서대로1207번길27,대전광역시 중구 태평동374-16,36.32749557,127.3945541,,한전주,042-606-6843,대전광역시 중구청,2022-09-16
태평동081,1,대전광역시 중구 동서대로1207번길36,대전광역시 중구 태평동374-20,36.32776642,127.3948593,,전용주,042-606-6843,대전광역시 중구청,2022-09-16
태평동082,1,대전광역시 중구 동서대로1207번길38-6,대전광역시 중구 태평동374-46,36.32764435,127.3949814,,한전주,042-606-6843,대전광역시 중구청,2022-09-16
태평동083,1,대전광역시 중구 동서대로1207번길41,대전광역시 중구 태평동374-23,36.32798767,127.3947906,,한전주,042-606-6843,대전광역시 중구청,2022-09-16
태평동084,1,대전광역시 중구 동서대로1207번길50,대전광역시 중구 태평동366-7,36.32829285,127.3949203,,한전주,042-606-6843,대전광역시 중구청,2022-09-16
태평동085,1,,대전광역시 중구 태평동372-1,36.32828522,127.394783,,한전주,042-606-6843,대전광역시 중구청,2022-09-16
태평동086,1,대전광역시 중구 태평로127번길44,대전광역시 중구 태평동369-12,36.32866669,127.3934784,,한전주,042-606-6843,대전광역시 중구청,2022-09-16
태평동087,1,대전광역시 중구 동서대로1193번길40,대전광역시 중구 태평동372-19,36.32826614,127.3934555,,한전주,042-606-6843,대전광역시 중구청,2022-09-16
태평동088,1,대전광역시 중구 태평로123번길19,대전광역시 중구 태평동373-52,36.32788086,127.3936462,,한전주,042-606-6843,대전광역시 중구청,2022-09-16
태평동089,1,대전광역시 중구 태평로123번길18,대전광역시 중구 태평동372-35,36.32803726,127.3937912,,한전주,042-606-6843,대전광역시 중구청,2022-09-16
태평동090,1,대전광역시 중구 태평로123번길12,대전광역시 중구 태평동372-5,36.32793808,127.3941498,,한전주,042-606-6843,대전광역시 중구청,2022-09-16
태평동091,1,대전광역시 중구 태평로123번길10,대전광역시 중구 태평동372-30,36.32786942,127.3943558,,한전주,042-606-6843,대전광역시 중구청,2022-09-16
태평동092,1,대전광역시 중구 동서대로1193번길34,대전광역시 중구 태평동373-11,36.3279953,127.3933334,,한전주,042-606-6843,대전광역시 중구청,2022-09-16
태평동093,1,대전광역시 중구 태평로123번길32,대전광역시 중구 태평동370-27,36.32824707,127.3931122,,한전주,042-606-6843,대전광역시 중구청,2022-09-16
태평동094,1,대전광역시 중구 태평로123번길40,대전광역시 중구 태평동370-17,36.32837677,127.3926926,,한전주,042-606-6843,대전광역시 중구청,2022-09-16
태평동095,1,대전광역시 중구 태평로123번길43,대전광역시 중구 태평동371-9,36.32843781,127.3922729,,한전주,042-606-6843,대전광역시 중구청,2022-09-16
태평동096,1,대전광역시 중구 유등천동로540-2,대전광역시 중구 태평동370-12,36.32863617,127.3926086,,한전주,042-606-6843,대전광역시 중구청,2022-09-16
태평동097,1,대전광역시 중구 태평로127번길52,대전광역시 중구 태평동369-30,36.32878113,127.3930969,,한전주,042-606-6843,대전광역시 중구청,2022-09-16
태평동098,1,대전광역시 중구 태평로127번길54,대전광역시 중구 태평동369-11,36.32886887,127.3928375,,한전주,042-606-6843,대전광역시 중구청,2022-09-16
태평동099,1,대전광역시 중구 유등천동로546,대전광역시 중구 태평동369-5,36.32907486,127.3930359,,한전주,042-606-6843,대전광역시 중구청,2022-09-16
태평동100,1,대전광역시 중구 유등천동로550,대전광역시 중구 태평동369-7,36.32928085,127.3932571,,전용주,042-606-6843,대전광역시 중구청,2022-09-16
태평동101,1,대전광역시 중구 유등천동로552-1,대전광역시 중구 태평동369-8,36.32949448,127.3934708,,한전주,042-606-6843,대전광역시 중구청,2022-09-16
태평동102,1,대전광역시 중구 동서대로1193번길63,대전광역시 중구 태평동369-34,36.32941055,127.3938293,,한전주,042-606-6843,대전광역시 중구청,2022-09-16
태평동103,1,대전광역시 중구 동서대로1193번길59,대전광역시 중구 태평동369-35,36.32910919,127.3937531,,한전주,042-606-6843,대전광역시 중구청,2022-09-16
태평동104,1,대전광역시 중구 동서대로1207번길57,대전광역시 중구 태평동368,36.32860184,127.394989,,한전주,042-606-6843,대전광역시 중구청,2022-09-16
태평동105,1,대전광역시 중구 동서대로1207번길61,대전광역시 중구 태평동367-16,36.32879639,127.3951645,,한전주,042-606-6843,대전광역시 중구청,2022-09-16
태평동106,1,대전광역시 중구 태평로131-3,대전광역시 중구 태평동366-35,36.32862091,127.3958206,,한전주,042-606-6843,대전광역시 중구청,2022-09-16
태평동107,1,대전광역시 중구 유등천동로582번길54,대전광역시 중구 태평동365-79,36.32893753,127.395668,,한전주,042-606-6843,대전광역시 중구청,2022-09-16
태평동108,1,대전광역시 중구 동서대로1207번길63,대전광역시 중구 태평동367-14,36.32899094,127.3952179,,한전주,042-606-6843,대전광역시 중구청,2022-09-16
태평동109,1,대전광역시 중구 동서대로1207번길58-5,대전광역시 중구 태평동366-22,36.32854843,127.3954391,,한전주,042-606-6843,대전광역시 중구청,2022-09-16
태평동110,1,대전광역시 중구 태평로137번길21,대전광역시 중구 태평동367-24,36.32906723,127.3949661,,한전주,042-606-6843,대전광역시 중구청,2022-09-16
태평동111,1,대전광역시 중구 태평로137번길20-1,대전광역시 중구 태평동365-57,36.32932281,127.3951416,,전용주,042-606-6843,대전광역시 중구청,2022-09-16
태평동112,1,대전광역시 중구 태평로137번길29,대전광역시 중구 태평동367-10,36.32917404,127.3946228,,한전주,042-606-6843,대전광역시 중구청,2022-09-16
태평동113,1,대전광역시 중구 태평로137번길31,대전광역시 중구 태평동367-31,36.32922745,127.3944473,,한전주,042-606-6843,대전광역시 중구청,2022-09-16
태평동114,1,대전광역시 중구 태평로137번길35,대전광역시 중구 태평동367-9,36.32931137,127.394165,,한전주,042-606-6843,대전광역시 중구청,2022-09-16
태평동115,1,대전광역시 중구 유등천동로558-1,대전광역시 중구 태평동364-9,36.32981873,127.3938751,,한전주,042-606-6843,대전광역시 중구청,2022-09-16
태평동116,1,대전광역시 중구 유등천동로560,대전광역시 중구 태평동364-40,36.32995987,127.3940582,,한전주,042-606-6843,대전광역시 중구청,2022-09-16
태평동117,1,대전광역시 중구 유등천동로562-1,대전광역시 중구 태평동364-36,36.32989502,127.3942566,,한전주,042-606-6843,대전광역시 중구청,2022-09-16
태평동118,1,대전광역시 중구 유등천동로566,대전광역시 중구 태평동364-51,36.33017349,127.3943176,,한전주,042-606-6843,대전광역시 중구청,2022-09-16
태평동119,1,대전광역시 중구 유등천동로568-1,대전광역시 중구 태평동355-9,36.33047485,127.3946838,,한전주,042-606-6843,대전광역시 중구청,2022-09-16
태평동120,1,대전광역시 중구 유등천동로572,대전광역시 중구 태평동355-58,36.33065414,127.3949051,,한전주,042-606-6843,대전광역시 중구청,2022-09-16
태평동121,1,대전광역시 중구 유등천동로576,대전광역시 중구 태평동355-40,36.33090973,127.3952179,,한전주,042-606-6843,대전광역시 중구청,2022-09-16
태평동122,1,대전광역시 중구 유등천동로576-1,대전광역시 중구 태평동355-12,36.33104324,127.395401,,한전주,042-606-6843,대전광역시 중구청,2022-09-16
태평동123,1,대전광역시 중구 유등천동로582번길6,대전광역시 중구 태평동355-43,36.33120346,127.3955917,,한전주,042-606-6843,대전광역시 중구청,2022-09-16
태평동124,1,대전광역시 중구 유등천동로580번길12,대전광역시 중구 태평동355-49,36.33063507,127.3955688,,한전주,042-606-6843,대전광역시 중구청,2022-09-16
태평동125,1,대전광역시 중구 유등천동로582번길28,대전광역시 중구 태평동355-52,36.3301506,127.3956223,,한전주,042-606-6843,대전광역시 중구청,2022-09-16
태평동126,1,대전광역시 중구 태평로151번길24,대전광역시 중구 태평동355-30,36.3301506,127.395256,,한전주,042-606-6843,대전광역시 중구청,2022-09-16
태평동127,1,대전광역시 중구 태평로151번길28,대전광역시 중구 태평동355-30,36.3301506,127.3950806,,한전주,042-606-6843,대전광역시 중구청,2022-09-16
태평동128,1,대전광역시 중구 태평로151번길31,대전광역시 중구 태평동365-15,36.3299408,127.3951906,,한전주,042-606-6843,대전광역시 중구청,2022-09-16
태평동129,1,대전광역시 중구 태평로151번길37,대전광역시 중구 태평동365-28,36.32980347,127.3949966,,한전주,042-606-6843,대전광역시 중구청,2022-09-16
태평동130,1,대전광역시 중구 태평로151번길41,대전광역시 중구 태평동365-32,36.3296051,127.3948975,,한전주,042-606-6843,대전광역시 중구청,2022-09-16
태평동131,1,대전광역시 중구 태평로151번길39-3,대전광역시 중구 태평동365-33,36.3295784,127.3950729,,한전주,042-606-6843,대전광역시 중구청,2022-09-16
태평동132,1,대전광역시 중구 유등천동로580번길42,대전광역시 중구 태평동365-77,36.32932281,127.3956528,,한전주,042-606-6843,대전광역시 중구청,2022-09-16
태평동133,1,대전광역시 중구 유등천동로580번길38,대전광역시 중구 태평동365-75,36.32955551,127.3956451,,한전주,042-606-6843,대전광역시 중구청,2022-09-16
태평동134,1,대전광역시 중구 유등천동로580번길32,대전광역시 중구 태평동365-73,36.32975769,127.3956451,,한전주,042-606-6843,대전광역시 중구청,2022-09-16
태평동135,1,대전광역시 중구 태평로141,대전광역시 중구 태평동365-81,36.32902145,127.3959732,,전용주,042-606-6843,대전광역시 중구청,2022-09-16
태평동136,1,대전광역시 중구 태평로143,대전광역시 중구 태평동365-4,36.32932281,127.3959579,,한전주,042-606-6843,대전광역시 중구청,2022-09-16
태평동137,1,대전광역시 중구 유등천동로582번길37,대전광역시 중구 태평동365-50,36.32969666,127.3959579,,한전주,042-606-6843,대전광역시 중구청,2022-09-16
태평동138,1,대전광역시 중구 유등천동로582번길,대전광역시 중구 태평동365-20,36.32993317,127.3959503,,한전주,042-606-6843,대전광역시 중구청,2022-09-16
태평동139,1,대전광역시 중구 태평로151번길8,대전광역시 중구 태평동348-5,36.33010101,127.3963318,,한전주,042-606-6843,대전광역시 중구청,2022-09-16
태평동140,1,대전광역시 중구 태평로151번길9,대전광역시 중구 태평동365-67,36.33010483,127.3961105,,한전주,042-606-6843,대전광역시 중구청,2022-09-16
태평동141,1,대전광역시 중구 태평로173번길53,대전광역시 중구 태평동348-6,36.33039856,127.3962326,,한전주,042-606-6843,대전광역시 중구청,2022-09-16
태평동142,1,대전광역시 중구 태평로173번길45,대전광역시 중구 태평동348-22,36.33074951,127.3964005,,한전주,042-606-6843,대전광역시 중구청,2022-09-16
태평동143,1,대전광역시 중구 태평로173번길37,대전광역시 중구 태평동348-22,36.33111954,127.3965683,,한전주,042-606-6843,대전광역시 중구청,2022-09-16
태평동144,1,대전광역시 중구 태평로165,대전광역시 중구 태평동348-25,36.33105087,127.3969574,,전용주,042-606-6843,대전광역시 중구청,2022-09-16
태평동145,1,대전광역시 중구 태평로173번길37,대전광역시 중구 태평동348-11,36.33113098,127.3966827,,한전주,042-606-6843,대전광역시 중구청,2022-09-16
태평동146,1,대전광역시 중구 태평로163-8,대전광역시 중구 태평동349-23,36.33127213,127.3966446,,한전주,042-606-6843,대전광역시 중구청,2022-09-16
태평동147,1,대전광역시 중구 태평로173번길29,대전광역시 중구 태평동349-21,36.33140182,127.3967056,,한전주,042-606-6843,대전광역시 중구청,2022-09-16
태평동148,1,대전광역시 중구 태평로173번길23,대전광역시 중구 태평동349-6,36.33163834,127.3968201,,한전주,042-606-6843,대전광역시 중구청,2022-09-16
태평동149,1,대전광역시 중구 태평로173번길14,대전광역시 중구 태평동354-20,36.33217621,127.3970184,,한전주,042-606-6843,대전광역시 중구청,2022-09-16
태평동150,1,대전광역시 중구 태평로173번길7,대전광역시 중구 태평동349-12,36.33207321,127.3972397,,한전주,042-606-6843,대전광역시 중구청,2022-09-16
태평동151,1,대전광역시 중구 태평로173번길13,대전광역시 중구 태평동349-10,36.33209229,127.3970337,,한전주,042-606-6843,대전광역시 중구청,2022-09-16
태평동152,1,대전광역시 중구 유등천동로582번길21,대전광역시 중구 태평동355-21,36.33044815,127.3959274,,한전주,042-606-6843,대전광역시 중구청,2022-09-16
태평동153,1,,대전광역시 중구 태평동355-19,36.33072281,127.3959122,,한전주,042-606-6843,대전광역시 중구청,2022-09-16
태평동154,1,대전광역시 중구 유등천동로582번길7,대전광역시 중구 태평동355-15,36.33103561,127.3958893,,한전주,042-606-6843,대전광역시 중구청,2022-09-16
태평동155,1,대전광역시 중구 유등천동로582번길1,대전광역시 중구 태평동355-43,36.33141708,127.395668,,한전주,042-606-6843,대전광역시 중구청,2022-09-16
태평동156,1,대전광역시 중구 태평로163-17,대전광역시 중구 태평동355-53,36.33128738,127.3961716,,전용주,042-606-6843,대전광역시 중구청,2022-09-16
태평동157,1,대전광역시 중구 유등천동로584,대전광역시 중구 태평동354-8,36.33150482,127.3959351,,한전주,042-606-6843,대전광역시 중구청,2022-09-16
태평동158,1,대전광역시 중구 유등천동로586,대전광역시 중구 태평동354-9,36.33162308,127.3960876,,한전주,042-606-6843,대전광역시 중구청,2022-09-16
태평동159,1,대전광역시 중구 유등천동로590-1,대전광역시 중구 태평동354-14,36.33185577,127.3963852,,한전주,042-606-6843,대전광역시 중구청,2022-09-16
태평동160,1,대전광역시 중구 유등천동로594,대전광역시 중구 태평동354-18,36.3320961,127.3966827,,한전주,042-606-6843,대전광역시 중구청,2022-09-16
태평동161,1,대전광역시 중구 유등천동로596,대전광역시 중구 태평동354-1,36.33228302,127.396904,,한전주,042-606-6843,대전광역시 중구청,2022-09-16
태평동162,1,대전광역시 중구 태평로177-9,대전광역시 중구 태평동350-21,36.33252335,127.3972168,,한전주,042-606-6843,대전광역시 중구청,2022-09-16
태평동163,1,대전광역시 중구 태평로177-6,대전광역시 중구 태평동350-15,36.33236313,127.3975525,,한전주,042-606-6843,대전광역시 중구청,2022-09-16
태평동164,1,대전광역시 중구 유등천동로604,대전광역시 중구 태평동350-18,36.33268738,127.3974304,,한전주,042-606-6843,대전광역시 중구청,2022-09-16
태평동165,1,대전광역시 중구 태평로152번길,대전광역시 중구 태평동346-2,36.3296051,127.3970032,,한전주,042-606-6843,대전광역시 중구청,2022-09-16
태평동166,1,대전광역시 중구 태평로152번길14,대전광역시 중구 태평동346-25,36.32933807,127.3971176,,한전주,042-606-6843,대전광역시 중구청,2022-09-16
태평동167,1,대전광역시 중구 태평로152번길16,대전광역시 중구 태평동346-4,36.32918549,127.3971786,,한전주,042-606-6843,대전광역시 중구청,2022-09-16
태평동168,1,대전광역시 중구 수침로111번길32,대전광역시 중구 태평동346-15,36.32891464,127.3968735,,한전주,042-606-6843,대전광역시 중구청,2022-09-16
태평동169,1,대전광역시 중구 수침로111번길36,대전광역시 중구 태평동346-16,36.32886124,127.396698,,한전주,042-606-6843,대전광역시 중구청,2022-09-16
태평동170,1,대전광역시 중구 수침로111번길40,대전광역시 중구 태평동346-12,36.3287735,127.3963623,,한전주,042-606-6843,대전광역시 중구청,2022-09-16
태평동171,1,대전광역시 중구 수침로111번길25,대전광역시 중구 태평동342-10,36.32904053,127.3973694,,한전주,042-606-6843,대전광역시 중구청,2022-09-16
태평동172,1,대전광역시 중구 수침로111번길17,대전광역시 중구 태평동342-11,36.32913208,127.3977051,,한전주,042-606-6843,대전광역시 중구청,2022-09-16
태평동173,1,대전광역시 중구 수침로111번길17-1,대전광역시 중구 태평동342-18,36.32893753,127.3977814,,한전주,042-606-6843,대전광역시 중구청,2022-09-16
태평동174,1,대전광역시 중구 수침로111번길9,대전광역시 중구 태평동342-13,36.32924271,127.3981247,,한전주,042-606-6843,대전광역시 중구청,2022-09-16
태평동175,1,대전광역시 중구 태평로152번길33,대전광역시 중구 태평동342-6,36.32852936,127.3975067,,한전주,042-606-6843,대전광역시 중구청,2022-09-16
태평동176,1,대전광역시 중구 수침로105번길22,대전광역시 중구 태평동342-51,36.3285141,127.3977585,,한전주,042-606-6843,대전광역시 중구청,2022-09-16
태평동177,1,대전광역시 중구 수침로105번길16,대전광역시 중구 태평동342-48,36.32859421,127.3980865,,한전주,042-606-6843,대전광역시 중구청,2022-09-16
태평동178,1,대전광역시 중구 수침로105번길6,대전광역시 중구 태평동339-100,36.32832718,127.398201,,한전주,042-606-6843,대전광역시 중구청,2022-09-16
태평동179,1,대전광역시 중구 수침로10번안길13,대전광역시 중구 태평동339-38,36.32803345,127.3983688,,전용주,042-606-6843,대전광역시 중구청,2022-09-16
태평동180,1,대전광역시 중구 수침로105번안길18,대전광역시 중구 태평동339-58,36.32789612,127.3982697,,전용주,042-606-6843,대전광역시 중구청,2022-09-16
태평동181,1,대전광역시 중구 수침로105번안길17-6,대전광역시 중구 태평동339-60,36.32778168,127.3985596,,전용주,042-606-6843,대전광역시 중구청,2022-09-16
태평동182,1,대전광역시 중구 수침로105번안길24,대전광역시 중구 태평동339-68,36.3277359,127.3981857,,한전주,042-606-6843,대전광역시 중구청,2022-09-16
태평동183,1,대전광역시 중구 수침로105안길29,대전광역시 중구 태평동339-86,36.32752228,127.3984985,,한전주,042-606-6843,대전광역시 중구청,2022-09-16
태평동184,1,대전광역시 중구 수침류91번길11,대전광역시 중구 태평동259-15,36.32735443,127.3987579,,한전주,042-606-6843,대전광역시 중구청,2022-09-16
태평동185,1,대전광역시 중구 수침로91번길8,대전광역시 중구 태평동339-10,36.32748413,127.3989868,,한전주,042-606-6843,대전광역시 중구청,2022-09-16
태평동186,1,대전광역시 중구 수침로91번길8-1,대전광역시 중구 태평동339-42,36.32768631,127.3989182,,건축물,042-606-6843,대전광역시 중구청,2022-09-16
태평동187,1,대전광역시 중구 동서대로1253-1,대전광역시 중구 태평동259-7,36.32722092,127.3990097,,전용주,042-606-6843,대전광역시 중구청,2022-09-16
태평동188,1,대전광역시 중구 수침로101-15,대전광역시 중구 태평동339-3,36.32813644,127.3987198,,한전주,042-606-6843,대전광역시 중구청,2022-09-16
태평동189,1,대전광역시 중구 수침로101-4,대전광역시 중구 태평동339-33,36.32844162,127.3984985,,한전주,042-606-6843,대전광역시 중구청,2022-09-16
태평동190,1,대전광역시 중구 수침로101-3,대전광역시 중구 태평동339-31,36.32847595,127.3987198,,전용주,042-606-6843,대전광역시 중구청,2022-09-16
태평동191,1,대전광역시 중구 수침로105번길8,대전광역시 중구 태평동339-29,36.32871246,127.3985062,,한전주,042-606-6843,대전광역시 중구청,2022-09-16
태평동192,1,대전광역시 중구 수침로91번길17,대전광역시 중구 태평동259-13,36.32725906,127.3984299,,한전주,042-606-6843,대전광역시 중구청,2022-09-16
태평동193,1,대전광역시 중구 동서대로1249-4,대전광역시 중구 태평동259-12,36.32714844,127.3984604,,한전주,042-606-6843,대전광역시 중구청,2022-09-16
태평동194,1,대전광역시 중구 수침로91번길25,대전광역시 중구 태평동335-20,36.32716751,127.3980637,,한전주,042-606-6843,대전광역시 중구청,2022-09-16
태평동195,1,대전광역시 중구 수침로91번길29,대전광역시 중구 태평동335-18,36.32707214,127.397728,,한전주,042-606-6843,대전광역시 중구청,2022-09-16
태평동196,1,대전광역시 중구 수침로91번길37,대전광역시 중구 태평동335-34,36.32697678,127.3973999,,한전주,042-606-6843,대전광역시 중구청,2022-09-16
태평동197,1,대전광역시 중구 동서대로1235번길6,대전광역시 중구 태평동335-15,36.32690048,127.3970718,,한전주,042-606-6843,대전광역시 중구청,2022-09-16
태평동198,1,대전광역시 중구 동서대로1235번길4,대전광역시 중구 태평동335-14,36.32657242,127.3971252,,한전주,042-606-6843,대전광역시 중구청,2022-09-16
태평동199,1,대전광역시 중구 수침로91번길50,대전광역시 중구 태평동336-35,36.32679749,127.3967285,,한전주,042-606-6843,대전광역시 중구청,2022-09-16
태평동200,1,대전광역시 중구 수침로91번길62,대전광역시 중구 태평동336-7,36.32670212,127.3961258,,한전주,042-606-6843,대전광역시 중구청,2022-09-16
태평동201,1,대전광역시 중구 수침로91번길66-2,대전광역시 중구 태평동375-15,36.32682037,127.3958054,,한전주,042-606-6843,대전광역시 중구청,2022-09-16
태평동202,1,대전광역시 중구 태평로1227-13,대전광역시 중구 태평동376-16,36.32650375,127.3956299,,한전주,042-606-6843,대전광역시 중구청,2022-09-16
태평동203,1,대전광역시 중구 태평로124-17,대전광역시 중구 태평동337-35,36.32686615,127.3961716,,한전주,042-606-6843,대전광역시 중구청,2022-09-16
태평동204,1,대전광역시 중구 태평로124-13,대전광역시 중구 태평동337-42,36.32713318,127.3960648,,한전주,042-606-6843,대전광역시 중구청,2022-09-16
태평동205,1,대전광역시 중구 태평로124-5,대전광역시 중구 태평동337-18,36.3274231,127.3959274,,한전주,042-606-6843,대전광역시 중구청,2022-09-16
태평동206,1,대전광역시 중구 동서대로1233번길27-6,대전광역시 중구 태평동337-25,36.32756424,127.3961792,,전용주,042-606-6843,대전광역시 중구청,2022-09-16
태평동207,1,대전광역시 중구 동서대로1233번길35,대전광역시 중구 태평동337-48,36.32806396,127.3961792,,한전주,042-606-6843,대전광역시 중구청,2022-09-16
태평동208,1,대전광역시 중구 동서대로1233번길27-2,대전광역시 중구 태평동337-7,36.32767487,127.3964462,,한전주,042-606-6843,대전광역시 중구청,2022-09-16
태평동209,1,대전광역시 중구 동서대로1233번길21,대전광역시 중구 태평동337-11,36.32738113,127.3965454,,한전주,042-606-6843,대전광역시 중구청,2022-09-16
태평동210,1,대전광역시 중구 동서대로1233번길15-4,대전광역시 중구 태평동337-14,36.32712936,127.3965912,,한전주,042-606-6843,대전광역시 중구청,2022-09-16
태평동211,1,대전광역시 중구 동서대로1233번길15-9,대전광역시 중구 태평동337-11,36.32735825,127.3963776,,한전주,042-606-6843,대전광역시 중구청,2022-09-16
태평동212,1,대전광역시 중구 동서대로1235번길16,대전광역시 중구 태평동338-38,36.32718658,127.3969727,,한전주,042-606-6843,대전광역시 중구청,2022-09-16
태평동213,1,대전광역시 중구 동서대로1235번길20,대전광역시 중구 태평동338-33,36.32748795,127.396904,,한전주,042-606-6843,대전광역시 중구청,2022-09-16
태평동214,1,대전광역시 중구 동서대로1235번길28,대전광역시 중구 태평동340-16,36.32778931,127.3967743,,한전주,042-606-6843,대전광역시 중구청,2022-09-16
태평동215,1,대전광역시 중구 동서대로1235번길32,대전광역시 중구 태평동340-3,36.32798386,127.3966522,,한전주,042-606-6843,대전광역시 중구청,2022-09-16
태평동216,1,대전광역시 중구 동서대로1235번길40,대전광역시 중구 태평동341-6,36.32825851,127.3964691,,한전주,042-606-6843,대전광역시 중구청,2022-09-16
태평동217,1,대전광역시 중구 동서대로1235번길48,대전광역시 중구 태평동337-47,36.32846451,127.3961868,,한전주,042-606-6843,대전광역시 중구청,2022-09-16
태평동218,1,대전광역시 중구 수침로105번길38,대전광역시 중구 태평동340-5,36.32823563,127.3967361,,한전주,042-606-6843,대전광역시 중구청,2022-09-16
태평동219,1,대전광역시 중구 수침로105번길37-4,대전광역시 중구 태평동340-8,36.32807922,127.3969269,,한전주,042-606-6843,대전광역시 중구청,2022-09-16
태평동220,1,대전광역시 중구 수침로105번길34,대전광역시 중구 태평동341-24,36.32832336,127.3970642,,한전주,042-606-6843,대전광역시 중구청,2022-09-16
태평동221,1,대전광역시 중구 태평로105번길37-5,대전광역시 중구 태평동340-7,36.32810211,127.3970947,,한전주,042-606-6843,대전광역시 중구청,2022-09-16
태평동222,1,대전광역시 중구 동서대로1235번길24-10,대전광역시 중구 태평동338-13,36.32778168,127.397316,,한전주,042-606-6843,대전광역시 중구청,2022-09-16
태평동223,1,대전광역시 중구 동서대로1235번길24-6,대전광역시 중구 태평동338-32,36.32761765,127.3970413,,건축물,042-606-6843,대전광역시 중구청,2022-09-16
태평동224,1,대전광역시 중구 태평로152번길49,대전광역시 중구 태평동339-20,36.32785797,127.3977966,,한전주,042-606-6843,대전광역시 중구청,2022-09-16
태평동225,1,대전광역시 중구 태평로152번길43,대전광역시 중구 태평동339-23,36.32820892,127.397644,,한전주,042-606-6843,대전광역시 중구청,2022-09-16
태평동226,1,대전광역시 중구 태평로152번길57,대전광역시 중구 태평동339-63,36.3274765,127.3979492,,한전주,042-606-6843,대전광역시 중구청,2022-09-16
태평동227,1,대전광역시 중구 태평로152번길54,대전광역시 중구 태평동338-2,36.32761765,127.3976746,,한전주,042-606-6843,대전광역시 중구청,2022-09-16
태평동228,1,대전광역시 중구 수침로91번길38-7,대전광역시 중구 태평동338-6,36.32730865,127.3974915,,한전주,042-606-6843,대전광역시 중구청,2022-09-16
태평동229,1,대전광역시 중구 수침로91번길38-1,대전광역시 중구 태평동338-28,36.32719421,127.3974228,,한전주,042-606-6843,대전광역시 중구청,2022-09-16
태평동230,1,대전광역시 중구 수침로106번길6,대전광역시 중구 태평동256-17,36.3289566,127.3992157,,전용주,042-606-6843,대전광역시 중구청,2022-09-16
태평동231,1,대전광역시 중구 수침로92번길9-22,대전광역시 중구 태평동255-23,36.32865143,127.3997116,,한전주,042-606-6843,대전광역시 중구청,2022-09-16
태평동232,1,대전광역시 중구 수침로92번길9-12,대전광역시 중구 태평동255-64,36.32827759,127.3998718,,한전주,042-606-6843,대전광역시 중구청,2022-09-16
태평동233,1,대전광역시 중구 수침로92번길11,대전광역시 중구 태평동255-19,36.32780457,127.4000626,,한전주,042-606-6843,대전광역시 중구청,2022-09-16
태평동234,1,대전광역시 중구 수침로92번길9,대전광역시 중구 태평동258-9,36.32765961,127.3998718,,한전주,042-606-6843,대전광역시 중구청,2022-09-16
태평동235,1,대전광역시 중구 수침로92번길20,대전광역시 중구 태평동258-17,36.3278389,127.4005661,,한전주,042-606-6843,대전광역시 중구청,2022-09-16
태평동236,1,대전광역시 중구 동서대로1273번길5,대전광역시 중구 태평동258-1,36.32791519,127.4008789,,한전주,042-606-6843,대전광역시 중구청,2022-09-16
태평동237,1,대전광역시 중구 동서대로1273번길15,대전광역시 중구 태평동255-11,36.32833099,127.4007568,,한전주,042-606-6843,대전광역시 중구청,2022-09-16
태평동238,1,대전광역시 중구 동서대로1273번길27,대전광역시 중구 태평동255-7,36.3287468,127.4005966,,한전주,042-606-6843,대전광역시 중구청,2022-09-16
태평동239,1,대전광역시 중구 수침로106번길14-28,대전광역시 중구 태평동255-8,36.32859421,127.4005737,,한전주,042-606-6843,대전광역시 중구청,2022-09-16
태평동240,1,대전광역시 중구 수침로106번길14-32,대전광역시 중구 태평동255-46,36.32836533,127.4004059,,한전주,042-606-6843,대전광역시 중구청,2022-09-16
태평동241,1,대전광역시 중구 수침로106번길14-38,대전광역시 중구 태평동255-11,36.32824326,127.4005966,,한전주,042-606-6843,대전광역시 중구청,2022-09-16
태평동242,1,대전광역시 중구 수침로106번길14-20,대전광역시 중구 태평동255-43,36.32854462,127.4001465,,전용주,042-606-6843,대전광역시 중구청,2022-09-16
태평동243,1,대전광역시 중구 수침로106번길14-13,대전광역시 중구 태평동255-53,36.32874298,127.4003143,,한전주,042-606-6843,대전광역시 중구청,2022-09-16
태평동244,1,대전광역시 중구 수침로106번길14-8,대전광역시 중구 태평동255-42,36.32865524,127.3999405,,전용주,042-606-6843,대전광역시 중구청,2022-09-16
태평동245,1,대전광역시 중구 수침로106번길14-2,대전광역시 중구 태평동255-75,36.32893753,127.3998871,,전용주,042-606-6843,대전광역시 중구청,2022-09-16
태평동246,1,대전광역시 중구 수침로106번길14-11,대전광역시 중구 태평동255-5,36.32907104,127.4004822,,한전주,042-606-6843,대전광역시 중구청,2022-09-16
태평동247,1,,대전광역시 중구 태평동255-66,36.32937241,127.4004288,,건축물,042-606-6843,대전광역시 중구청,2022-09-16
태평동248,1,,대전광역시 중구 태평동353-1,36.32968521,127.4003525,,건축물,042-606-6843,대전광역시 중구청,2022-09-16
태평동249,1,,대전광역시 중구 태평동253-6,36.33000565,127.4002457,,건축물,042-606-6843,대전광역시 중구청,2022-09-16
태평동250,1,,대전광역시 중구 태평동253-6,36.3303299,127.4001312,,건축물,042-606-6843,대전광역시 중구청,2022-09-16
태평동251,1,,대전광역시 중구 태평동252-4,36.33069611,127.3999863,,건축물,042-606-6843,대전광역시 중구청,2022-09-16
태평동252,1,,대전광역시 중구 태평동253-3,36.33101654,127.3998642,,건축물,042-606-6843,대전광역시 중구청,2022-09-16
태평동253,1,,대전광역시 중구 태평동253-3,36.3313179,127.3997726,,건축물,042-606-6843,대전광역시 중구청,2022-09-16
태평동254,1,,대전광역시 중구 태평동253-3,36.33160782,127.3997116,,건축물,042-606-6843,대전광역시 중구청,2022-09-16
태평동255,1,,대전광역시 중구 태평동253-3,36.3319664,127.3996506,,건축물,042-606-6843,대전광역시 중구청,2022-09-16
태평동256,1,,대전광역시 중구 태평동253-3,36.33227921,127.3996277,,건축물,042-606-6843,대전광역시 중구청,2022-09-16
태평동257,1,,대전광역시 중구 태평동253-3,36.33262634,127.3996353,,건축물,042-606-6843,대전광역시 중구청,2022-09-16
태평동258,1,대전광역시 중구 동서대로1272,대전광역시 중구 태평동262-2,36.3269621,127.4012072,,한전주,042-606-6843,대전광역시 중구청,2022-09-16
태평동259,1,대전광역시 중구 동서대로1268번길17-9,대전광역시 중구 태평동262-7,36.32662201,127.4013519,,한전주,042-606-6843,대전광역시 중구청,2022-09-16
태평동260,1,대전광역시 중구 동서대로1268번길17-7,대전광역시 중구 태평동262-30,36.32653046,127.4011536,,한전주,042-606-6843,대전광역시 중구청,2022-09-16
태평동261,1,대전광역시 중구 동서대로1274번길20,대전광역시 중구 태평동262-9,36.32645416,127.4014053,,한전주,042-606-6843,대전광역시 중구청,2022-09-16
태평동262,1,대전광역시 중구 동서대로1274번길26,대전광역시 중구 태평동263-2,36.32613754,127.401535,,한전주,042-606-6843,대전광역시 중구청,2022-09-16
태평동263,1,대전광역시 중구 동서대로1274번길24,대전광역시 중구 태평동263-1,36.32621384,127.4014053,,한전주,042-606-6843,대전광역시 중구청,2022-09-16
태평동264,1,대전광역시 중구 수침로72-15,대전광역시 중구 태평동263-18,36.32613373,127.4010468,,한전주,042-606-6843,대전광역시 중구청,2022-09-16
태평동265,1,대전광역시 중구 수침로72-10,대전광역시 중구 태평동263-17,36.32601547,127.4007034,,한전주,042-606-6843,대전광역시 중구청,2022-09-16
태평동266,1,대전광역시 중구 수침로72-3,대전광역시 중구 태평동263-15,36.32598114,127.4004135,,한전주,042-606-6843,대전광역시 중구청,2022-09-16
태평동267,1,대전광역시 중구 동서대로1268번길23,대전광역시 중구 태평동262-24,36.32629776,127.4005356,,한전주,042-606-6843,대전광역시 중구청,2022-09-16
태평동268,1,대전광역시 중구 동서대로1268번길17-1,대전광역시 중구 태평동262-27,36.32643509,127.4008636,,한전주,042-606-6843,대전광역시 중구청,2022-09-16
태평동269,1,대전광역시 중구 동서대로1268번길9,대전광역시 중구 태평동262-39,36.32670975,127.4007721,,한전주,042-606-6843,대전광역시 중구청,2022-09-16
태평동270,1,대전광역시 중구 동서대로1268번길8,대전광역시 중구 태평동262-42,36.32690811,127.4006653,,한전주,042-606-6843,대전광역시 중구청,2022-09-16
태평동271,1,대전광역시 중구 동서대로1268번길4-1,대전광역시 중구 태평동261-2,36.32684708,127.4004898,,한전주,042-606-6843,대전광역시 중구청,2022-09-16
태평동272,1,대전광역시 중구 수침로68,대전광역시 중구 태평동263-27,36.32556152,127.4006424,,한전주,042-606-6843,대전광역시 중구청,2022-09-16
태평동273,1,대전광역시 중구 계룡류816번길104,대전광역시 중구 태평동263-7,36.32569122,127.4011383,,한전주,042-606-6843,대전광역시 중구청,2022-09-16
태평동274,1,대전광역시 중구 계룡로102-6,대전광역시 중구 태평동263-6,36.32582855,127.4009933,,전용주,042-606-6843,대전광역시 중구청,2022-09-16
태평동275,1,대전광역시 중구 계룡로816번길101,대전광역시 중구 태평동278-43,36.32557678,127.4012604,,한전주,042-606-6843,대전광역시 중구청,2022-09-16
태평동276,1,대전광역시 중구 계룡로816번길96,대전광역시 중구 태평동263-3,36.32584763,127.4015656,,한전주,042-606-6843,대전광역시 중구청,2022-09-16
태평동277,1,대전광역시 중구 계백로1653번길127,대전광역시 중구 태평동278-78,36.32546616,127.4018021,,건축물,042-606-6843,대전광역시 중구청,2022-09-16
태평동278,1,대전광역시 중구 계백로1653번길117,대전광역시 중구 태평동278-7,36.32501221,127.4017868,,한전주,042-606-6843,대전광역시 중구청,2022-09-16
태평동279,1,대전광역시 중구 수침로66번길38,대전광역시 중구 태평동278-12,36.32445145,127.4020844,,전용주,042-606-6843,대전광역시 중구청,2022-09-16
태평동280,1,대전광역시 중구 수침로66번길32,대전광역시 중구 태평동278-7,36.32465744,127.401741,,한전주,042-606-6843,대전광역시 중구청,2022-09-16
태평동281,1,대전광역시 중구 수침로66번길26,대전광역시 중구 태평동278-64,36.32486725,127.4015579,,한전주,042-606-6843,대전광역시 중구청,2022-09-16
태평동282,1,대전광역시 중구 수침로66번길17,대전광역시 중구 태평동278-61,36.32508087,127.4012985,,한전주,042-606-6843,대전광역시 중구청,2022-09-16
태평동283,1,대전광역시 중구 수침로66번길12-1,대전광역시 중구 태평동278-91,36.32497025,127.4007111,,한전주,042-606-6843,대전광역시 중구청,2022-09-16
태평동284,1,대전광역시 중구 수침로66번길12,대전광역시 중구 태평동278-37,36.32516479,127.4008179,,한전주,042-606-6843,대전광역시 중구청,2022-09-16
태평동285,1,대전광역시 중구 수침로66번길14-4,대전광역시 중구 태평동278-90,36.32492065,127.4009933,,전용주,042-606-6843,대전광역시 중구청,2022-09-16
태평동286,1,대전광역시 중구 수침로66번길14-8,대전광역시 중구 태평동278-30,36.32471466,127.401001,,한전주,042-606-6843,대전광역시 중구청,2022-09-16
태평동287,1,대전광역시 중구 수침로54-3,대전광역시 중구 태평동278-14,36.32440186,127.4009857,,전용주,042-606-6843,대전광역시 중구청,2022-09-16
태평동288,1,대전광역시 중구 수침로50,대전광역시 중구 태평동281-5,36.32412338,127.4009552,,한전주,042-606-6843,대전광역시 중구청,2022-09-16
태평동289,1,대전광역시 중구 수침로54-8,대전광역시 중구 태평동281-11,36.32410431,127.4012604,,한전주,042-606-6843,대전광역시 중구청,2022-09-16
태평동290,1,대전광역시 중구 수침로54-15,대전광역시 중구 태평동278-66,36.32422256,127.4015808,,한전주,042-606-6843,대전광역시 중구청,2022-09-16
태평동291,1,대전광역시 중구 수침로54-22,대전광역시 중구 태평동281-12,36.32410431,127.4019394,,한전주,042-606-6843,대전광역시 중구청,2022-09-16
태평동292,1,대전광역시 중구 계백로1653번길81,대전광역시 중구 태평동312-1,36.32367706,127.4022369,,한전주,042-606-6843,대전광역시 중구청,2022-09-16
태평동293,1,대전광역시 중구 계백로1653번길81,대전광역시 중구 태평동312-1,36.32347107,127.4023056,,한전주,042-606-6843,대전광역시 중구청,2022-09-16
태평동294,1,대전광역시 중구 수침로36-17,대전광역시 중구 태평동312-4,36.32320404,127.4023819,,한전주,042-606-6843,대전광역시 중구청,2022-09-16
태평동295,1,대전광역시 중구 수침로42,대전광역시 중구 태평동312-2,36.32347488,127.401413,,한전주,042-606-6843,대전광역시 중구청,2022-09-16
태평동296,1,대전광역시 중구 계백로1653번길85,대전광역시 중구 태평동312-1,36.32361221,127.4019547,,한전주,042-606-6843,대전광역시 중구청,2022-09-16
태평동297,1,대전광역시 중구 수침로41,대전광역시 중구 태평동312-2,36.32351685,127.4015961,,한전주,042-606-6843,대전광역시 중구청,2022-09-16
태평동298,1,대전광역시 중구 수침로55번길10,대전광역시 중구 태평동265-28,36.32470703,127.4002533,,한전주,042-606-6843,대전광역시 중구청,2022-09-16
태평동299,1,대전광역시 중구 수침로55번길14,대전광역시 중구 태평동265-8,36.32481003,127.3999786,,한전주,042-606-6843,대전광역시 중구청,2022-09-16
태평동300,1,대전광역시 중구 수침로55번길16,대전광역시 중구 태평동265-24,36.3249054,127.3997574,,한전주,042-606-6843,대전광역시 중구청,2022-09-16
태평동301,1,대전광역시 중구 수침로55번길22,대전광역시 중구 태평동265-10,36.32496262,127.3995972,,한전주,042-606-6843,대전광역시 중구청,2022-09-16
태평동302,1,대전광역시 중구 수침로55번길24,대전광역시 중구 태평동265-11,36.32505798,127.3993301,,한전주,042-606-6843,대전광역시 중구청,2022-09-16
태평동303,1,대전광역시 중구 유천로132번길84-4,대전광역시 중구 태평동265-22,36.32510376,127.399971,,전용주,042-606-6843,대전광역시 중구청,2022-09-16
태평동304,1,대전광역시 중구 유천로132번길83,대전광역시 중구 태평동264-6,36.32533646,127.3998337,,한전주,042-606-6843,대전광역시 중구청,2022-09-16
태평동305,1,대전광역시 중구 유천로132번길73,대전광역시 중구 태평동264-9,36.32518387,127.3992844,,한전주,042-606-6843,대전광역시 중구청,2022-09-16
태평동306,1,대전광역시 중구 동서대로1250번길26-1,대전광역시 중구 태평동332-4,36.32549667,127.3990631,,한전주,042-606-6843,대전광역시 중구청,2022-09-16
태평동307,1,대전광역시 중구 동서대로1250번길24,대전광역시 중구 태평동332-17,36.32566071,127.3990021,,한전주,042-606-6843,대전광역시 중구청,2022-09-16
태평동308,1,대전광역시 중구 동서대로1250번길22-5,대전광역시 중구 태평동332-2,36.32567215,127.3985901,,전용주,042-606-6843,대전광역시 중구청,2022-09-16
태평동309,1,대전광역시 중구 수침로67-10,대전광역시 중구 태평동264-18,36.32577515,127.3997116,,한전주,042-606-6843,대전광역시 중구청,2022-09-16
태평동310,1,대전광역시 중구 수침로75번길5,대전광역시 중구 태평동264-1,36.32606888,127.3996887,,한전주,042-606-6843,대전광역시 중구청,2022-09-16
태평동311,1,대전광역시 중구 수침로75번길6-1,대전광역시 중구 태평동260-8,36.32631683,127.3996201,,전용주,042-606-6843,대전광역시 중구청,2022-09-16
태평동312,1,대전광역시 중구 수침로67-4,대전광역시 중구 태평동264-16,36.32599258,127.3993988,,한전주,042-606-6843,대전광역시 중구청,2022-09-16
태평동313,1,대전광역시 중구 동서대로1250번길19,대전광역시 중구 태평동264-15,36.3258934,127.3989944,,한전주,042-606-6843,대전광역시 중구청,2022-09-16
태평동314,1,대전광역시 중구 동서대로1250번길13,대전광역시 중구 태평동260-13,36.3260994,127.3988876,,한전주,042-606-6843,대전광역시 중구청,2022-09-16
태평동315,1,대전광역시 중구 동서대로1250번길9,대전광역시 중구 태평동260-43,36.3262825,127.3988113,,한전주,042-606-6843,대전광역시 중구청,2022-09-16
태평동316,1,대전광역시 중구 동서대로1250번길2,대전광역시 중구 태평동334-25,36.32651138,127.3986664,,한전주,042-606-6843,대전광역시 중구청,2022-09-16
태평동317,1,대전광역시 중구 수침로81-11,대전광역시 중구 태평동260-35,36.32651138,127.3991394,,한전주,042-606-6843,대전광역시 중구청,2022-09-16
태평동318,1,대전광역시 중구 수침로81,대전광역시 중구 태평동260-2,36.32668686,127.3995209,,한전주,042-606-6843,대전광역시 중구청,2022-09-16
태평동319,1,대전광역시 중구 동서대로1250번길8-3,대전광역시 중구 태평동333-1,36.32621765,127.3985443,,한전주,042-606-6843,대전광역시 중구청,2022-09-16
태평동320,1,대전광역시 중구 동서대로1250번길8-11,대전광역시 중구 태평동333-8,36.32608795,127.3980789,,한전주,042-606-6843,대전광역시 중구청,2022-09-16
태평동321,1,대전광역시 중구 동서대로1250번길8-22,대전광역시 중구 태평동333-8,36.32598495,127.3976288,,한전주,042-606-6843,대전광역시 중구청,2022-09-16
태평동322,1,대전광역시 중구 평촌로105번길73,대전광역시 중구 태평동331-35,36.32603073,127.3972092,,전용주,042-606-6843,대전광역시 중구청,2022-09-16
태평동323,1,대전광역시 중구 동서대로1234,대전광역시 중구 태평동331-27,36.32600021,127.3970184,,한전주,042-606-6843,대전광역시 중구청,2022-09-16
태평동324,1,,대전광역시 중구 태평동333-8,36.32567215,127.3978577,,한전주,042-606-6843,대전광역시 중구청,2022-09-16
태평동325,1,대전광역시 중구 수침로55번길48,대전광역시 중구 태평동332-19,36.32569885,127.3982391,,한전주,042-606-6843,대전광역시 중구청,2022-09-16
태평동326,1,대전광역시 중구 수침로75번길23,대전광역시 중구 태평동332-14,36.32580185,127.3986282,,한전주,042-606-6843,대전광역시 중구청,2022-09-16
태평동327,1,대전광역시 중구 수침로55번길50,대전광역시 중구 태평동332-19,36.32552719,127.3981857,,한전주,042-606-6843,대전광역시 중구청,2022-09-16
태평동328,1,대전광역시 중구 수침로55번길42,대전광역시 중구 태평동332-9,36.32537079,127.3985977,,한전주,042-606-6843,대전광역시 중구청,2022-09-16
태평동329,1,대전광역시 중구 수침로55번길36,대전광역시 중구 태평동332-7,36.32524109,127.3988953,,한전주,042-606-6843,대전광역시 중구청,2022-09-16
태평동330,1,대전광역시 중구 유천로132번길59,대전광역시 중구 태평동327-23,36.32500076,127.3986053,,한전주,042-606-6843,대전광역시 중구청,2022-09-16
태평동331,1,대전광역시 중구 유천로132번길55,대전광역시 중구 태평동256-3,36.32488251,127.3985138,,한전주,042-606-6843,대전광역시 중구청,2022-09-16
태평동332,1,대전광역시 중구 유천로132번길51,대전광역시 중구 태평동317,36.32480621,127.3981857,,한전주,042-606-6843,대전광역시 중구청,2022-09-16
태평동333,1,대전광역시 중구 수침로55번길45,대전광역시 중구 태평동327-31,36.32526016,127.3983688,,전용주,042-606-6843,대전광역시 중구청,2022-09-16
태평동334,1,대전광역시 중구 평촌로105번길52-8,대전광역시 중구 태평동327-15,36.32516479,127.3981094,,한전주,042-606-6843,대전광역시 중구청,2022-09-16
태평동335,1,대전광역시 중구 유천로132번길31-6,대전광역시 중구 태평동328-17,36.32486343,127.3970947,,한전주,042-606-6843,대전광역시 중구청,2022-09-16
태평동336,1,대전광역시 중구 유천로132번길23,대전광역시 중구 태평동329-7,36.32452011,127.3966217,,한전주,042-606-6843,대전광역시 중구청,2022-09-16
태평동337,1,대전광역시 중구 유천로132번길15-6,대전광역시 중구 태평동330-19,36.32452774,127.3963013,,전용주,042-606-6843,대전광역시 중구청,2022-09-16
태평동338,1,대전광역시 중구 유천로132번길11-10,대전광역시 중구 태평동330-11,36.32471085,127.3961105,,한전주,042-606-6843,대전광역시 중구청,2022-09-16
태평동339,1,대전광역시 중구 유천로132번길21-9,대전광역시 중구 태평동330-14,36.32479095,127.396431,,한전주,042-606-6843,대전광역시 중구청,2022-09-16
태평동340,1,대전광역시 중구 유천로132번길21-24,대전광역시 중구 태평동329-8,36.32476807,127.3966675,,건축물,042-606-6843,대전광역시 중구청,2022-09-16
태평동341,1,대전광역시 중구 유천로132번길21-28,대전광역시 중구 태평동329-2,36.32494354,127.3965912,,건축물,042-606-6843,대전광역시 중구청,2022-09-16
태평동342,1,대전광역시 중구 유천로132번길23,대전광역시 중구 태평동329-7,36.32461166,127.3966675,,건축물,042-606-6843,대전광역시 중구청,2022-09-16
태평동343,1,대전광역시 중구 유천로132번길29,대전광역시 중구 태평동329-5,36.32469177,127.3969345,,건축물,042-606-6843,대전광역시 중구청,2022-09-16
태평동344,1,대전광역시 중구 유천로132번길31-13,대전광역시 중구 태평동329-2,36.32501984,127.3968658,,건축물,042-606-6843,대전광역시 중구청,2022-09-16
태평동345,1,대전광역시 중구 유천로132번길11-8,대전광역시 중구 태평동330-12,36.32462692,127.3960037,,한전주,042-606-6843,대전광역시 중구청,2022-09-16
태평동346,1,대전광역시 중구 동서대로1228-7,대전광역시 중구 태평동331-9,36.325737,127.3963852,,한전주,042-606-6843,대전광역시 중구청,2022-09-16
태평동347,1,대전광역시 중구 동서대로1228-15,대전광역시 중구 태평동331-33,36.32543182,127.3965302,,한전주,042-606-6843,대전광역시 중구청,2022-09-16
태평동348,1,,대전광역시 중구 태평동254-4,36.3290674,127.3995502,,전용주,042-606-6843,대전광역시 중구청,2022-09-16
태평동349,1,,대전광역시 중구 태평동337-6,36.3276655,127.3963356,,전용주,042-606-6843,대전광역시 중구청,2022-09-16
태평동350,1,,대전광역시 중구 태평동337-2,36.32712235,127.3963941,,한전주,042-606-6843,대전광역시 중구청,2022-09-16
태평동351,1,,대전광역시 중구 태평동262-33,36.32649636,127.4010239,,전용주,042-606-6843,대전광역시 중구청,2022-09-16
태평동352,1,,대전광역시 중구 태평동378-16,36.32682671,127.3938199,,전용주,042-606-6843,대전광역시 중구청,2022-09-16
태평동353,1,,대전광역시 중구 태평동341-2,36.32885408,127.3973105,,한전주,042-606-6843,대전광역시 중구청,2022-09-16
태평동354,1,,대전광역시 중구 태평동368,36.32888165,127.393744,,한전주,042-606-6843,대전광역시 중구청,2022-09-16
태평동355,1,,대전광역시 중구 태평동368,36.32893752,127.3938807,,한전주,042-606-6843,대전광역시 중구청,2022-09-16
태평동356,1,,대전광역시 중구 태평동368,36.32885783,127.3941364,,한전주,042-606-6843,대전광역시 중구청,2022-09-16
태평동357,1,,대전광역시 중구 태평동380-3,36.32503431,127.3948995,,한전주,042-606-6843,대전광역시 중구청,2022-09-16
태평동358,1,,대전광역시 중구 태평동380-2,36.3250844,127.3947411,,한전주,042-606-6843,대전광역시 중구청,2022-09-16
태평동359,1,,대전광역시 중구 태평동333-17,36.32603645,127.398421,,전용주,042-606-6843,대전광역시 중구청,2022-09-16
태평동360,1,,대전광역시 중구 태평동531,36.32330763,127.4012665,,한전주,042-606-6843,대전광역시 중구청,2022-09-16
태평동361,1,,대전광역시 중구 태평동335-15,36.32683175,127.3970636,,한전주,042-606-6843,대전광역시 중구청,2022-09-16
태평동362,1,,대전광역시 중구 태평동410-5,36.3265473,127.3931503,,건축물,042-606-6843,대전광역시 중구청,2022-09-16
태평동363,1,,대전광역시 중구 태평동253-3,36.33273032,127.399658,,건축물,042-606-6843,대전광역시 중구청,2022-09-16
태평동364,1,,대전광역시 중구 태평동339-67,36.32769513,127.398268,,건축물,042-606-6843,대전광역시 중구청,2022-09-16
태평동365,1,,대전광역시 중구 태평동393-2,36.32129127,127.3928232,,건축물,042-606-6843,대전광역시 중구청,2022-09-16
태평동366,1,,대전광역시 중구 태평동534,36.32857881,127.3994614,,전용주,042-606-6843,대전광역시 중구청,2022-09-16
태평동367,1,,대전광역시 중구 태평동547,36.33175491,127.3962421,,한전주,042-606-6843,대전광역시 중구청,2022-09-16
호동001,1,대전광역시 중구 대종로164-9,대전광역시 중구 호동16-1,36.3064003,127.4486847,,한전주,042-606-6843,대전광역시 중구청,2022-09-16
호동002,1,대전광역시 중구 대종로154,대전광역시 중구 호동16-6,36.30574799,127.4493942,,한전주,042-606-6843,대전광역시 중구청,2022-09-16
호동003,1,대전광역시 중구 대종로142-5,대전광역시 중구 호동7-25,36.30490112,127.4499054,,한전주,042-606-6843,대전광역시 중구청,2022-09-16
호동004,1,대전광역시 중구 대종로134-10,대전광역시 중구 호동26-1,36.30436325,127.4507141,,한전주,042-606-6843,대전광역시 중구청,2022-09-16
호동005,1,대전광역시 중구 대종로134-8,대전광역시 중구 호동26-23,36.30421448,127.4504852,,한전주,042-606-6843,대전광역시 중구청,2022-09-16
호동006,1,대전광역시 중구 대종로134-13,대전광역시 중구 호동8-3,36.30456161,127.4503021,,한전주,042-606-6843,대전광역시 중구청,2022-09-16
호동007,1,대전광역시 중구 대종로122-12,대전광역시 중구 호동26-18,36.30339813,127.4514923,,한전주,042-606-6843,대전광역시 중구청,2022-09-16
호동008,1,대전광역시 중구 모암로7번길15,대전광역시 중구 호동25-7,36.30304718,127.450058,,한전주,042-606-6843,대전광역시 중구청,2022-09-16
호동009,1,대전광역시 중구 모암로7번길5,대전광역시 중구 호동25-14,36.30343628,127.4496994,,한전주,042-606-6843,대전광역시 중구청,2022-09-16
호동010,1,대전광역시 중구 모암로13번길11,대전광역시 중구 호동24-7,36.30280304,127.4495163,,한전주,042-606-6843,대전광역시 중구청,2022-09-16
호동011,1,대전광역시 중구 모암로13번길5,대전광역시 중구 호동24-9,36.30309677,127.4492569,,한전주,042-606-6843,대전광역시 중구청,2022-09-16
호동012,1,대전광역시 중구 모암로17번길5,대전광역시 중구 호동23-8,36.3028717,127.4487762,,한전주,042-606-6843,대전광역시 중구청,2022-09-16
호동013,1,대전광역시 중구 모암로17번길9,대전광역시 중구 호동23-19,36.30261993,127.4490051,,한전주,042-606-6843,대전광역시 중구청,2022-09-16
호동014,1,대전광역시 중구 대종로71번길146,대전광역시 중구 호동22-16,36.30212402,127.4487457,,한전주,042-606-6843,대전광역시 중구청,2022-09-16
호동015,1,대전광역시 중구 대종로71번길150,대전광역시 중구 호동22-19,36.30230713,127.4485931,,한전주,042-606-6843,대전광역시 중구청,2022-09-16
호동016,1,대전광역시 중구 모암로10,대전광역시 중구 호동18-4,36.30371857,127.449379,,한전주,042-606-6843,대전광역시 중구청,2022-09-16
호동017,1,대전광역시 중구 모암로8번길10,대전광역시 중구 호동9-5,36.30404282,127.4491882,,한전주,042-606-6843,대전광역시 중구청,2022-09-16
호동018,1,대전광역시 중구 대종로141번길7,대전광역시 중구 호동9-8,36.30443954,127.4491196,,한전주,042-606-6843,대전광역시 중구청,2022-09-16
호동019,1,대전광역시 중구 대종로141번길20,대전광역시 중구 호동9-6,36.30435181,127.4489822,,한전주,042-606-6843,대전광역시 중구청,2022-09-16
호동020,1,대전광역시 중구 대종로141번길18,대전광역시 중구 호동17-21,36.3041954,127.4486771,,한전주,042-606-6843,대전광역시 중구청,2022-09-16
호동021,1,대전광역시 중구 모암로14번길19,대전광역시 중구 호동17-12,36.30399704,127.4482956,,한전주,042-606-6843,대전광역시 중구청,2022-09-16
호동022,1,대전광역시 중구 모암로14번길11,대전광역시 중구 호동19-9,36.30382538,127.4485474,,전용주,042-606-6843,대전광역시 중구청,2022-09-16
호동023,1,대전광역시 중구 모암로14번길7,대전광역시 중구 호동19-1,36.30354691,127.4487762,,한전주,042-606-6843,대전광역시 중구청,2022-09-16
호동024,1,대전광역시 중구 모암로18번길5,대전광역시 중구 호동19-4,36.30324936,127.4484482,,한전주,042-606-6843,대전광역시 중구청,2022-09-16
호동025,1,대전광역시 중구 모암로18번길11,대전광역시 중구 호동19-6,36.30353546,127.4482117,,한전주,042-606-6843,대전광역시 중구청,2022-09-16
호동026,1,대전광역시 중구 대종로141번길34,대전광역시 중구 호동15-12,36.30378342,127.4478912,,한전주,042-606-6843,대전광역시 중구청,2022-09-16
호동027,1,대전광역시 중구 대종로141번길40,대전광역시 중구 호동15-6,36.30356598,127.4475555,,한전주,042-606-6843,대전광역시 중구청,2022-09-16
호동028,1,대전광역시 중구 모암로24번길30,대전광역시 중구 호동73-1,36.30382538,127.4471893,,한전주,042-606-6843,대전광역시 중구청,2022-09-16
호동029,1,대전광역시 중구 대종로141번길40-1,대전광역시 중구 호동73-2,36.30366135,127.4470444,,전용주,042-606-6843,대전광역시 중구청,2022-09-16
호동030,1,대전광역시 중구 대종길141번길50-1,대전광역시 중구 호동73-3,36.30360413,127.4469147,,전용주,042-606-6843,대전광역시 중구청,2022-09-16
호동031,1,대전광역시 중구 대종로141번길48,대전광역시 중구 호동73-1,36.30347061,127.4473648,,한전주,042-606-6843,대전광역시 중구청,2022-09-16
호동032,1,대전광역시 중구 대종로141번길50,대전광역시 중구 호동73-3,36.30338669,127.447197,,한전주,042-606-6843,대전광역시 중구청,2022-09-16
호동033,1,대전광역시 중구 대종로141번길52,대전광역시 중구 호동73-4,36.30329514,127.4470596,,한전주,042-606-6843,대전광역시 중구청,2022-09-16
호동034,1,대전광역시 중구 모암로30번길23,대전광역시 중구 호동83-6,36.30303955,127.4475403,,한전주,042-606-6843,대전광역시 중구청,2022-09-16
호동035,1,대전광역시 중구 모암로28,대전광역시 중구 호동80-9,36.30244827,127.4477615,,한전주,042-606-6843,대전광역시 중구청,2022-09-16
호동036,1,대전광역시 중구 모암로30번길7-9,대전광역시 중구 호동90,36.3024025,127.4473953,,한전주,042-606-6843,대전광역시 중구청,2022-09-16
호동037,1,대전광역시 중구 모암로30번길7-8,대전광역시 중구 호동87-1,36.30247879,127.4472427,,전용주,042-606-6843,대전광역시 중구청,2022-09-16
호동038,1,대전광역시 중구 모암로30번길7-24,대전광역시 중구 호동85-1,36.30267715,127.4468765,,한전주,042-606-6843,대전광역시 중구청,2022-09-16
호동039,1,대전광역시 중구 모암로30번길7-25,대전광역시 중구 호동86,36.30281067,127.4465256,,한전주,042-606-6843,대전광역시 중구청,2022-09-16
호동040,1,대전광역시 중구 모암로30번길7-37,대전광역시 중구 호동86-2,36.30270386,127.4459686,,전용주,042-606-6843,대전광역시 중구청,2022-09-16
호동041,1,대전광역시 중구 모암로32번길6,대전광역시 중구 호동91-7,36.30211639,127.4476776,,한전주,042-606-6843,대전광역시 중구청,2022-09-16
호동042,1,대전광역시 중구 모암로30,대전광역시 중구 호동95-1,36.30215073,127.4478378,,한전주,042-606-6843,대전광역시 중구청,2022-09-16
호동043,1,대전광역시 중구 모암로24번길5,대전광역시 중구 호동21-3,36.30294037,127.4480515,,한전주,042-606-6843,대전광역시 중구청,2022-09-16
호동044,1,대전광역시 중구 모암로24번길12,대전광역시 중구 호동21-18,36.30319977,127.4478302,,한전주,042-606-6843,대전광역시 중구청,2022-09-16
호동045,1,대전광역시 중구 모암로40-1,대전광역시 중구 호동98-5,36.30143356,127.4474411,,전용주,042-606-6843,대전광역시 중구청,2022-09-16
호동046,1,대전광역시 중구 모암로32번길22,대전광역시 중구 호동93,36.30186844,127.447464,,한전주,042-606-6843,대전광역시 중구청,2022-09-16
호동047,1,대전광역시 중구 모암로42,대전광역시 중구 호동354-5,36.30095291,127.4472733,,한전주,042-606-6843,대전광역시 중구청,2022-09-16
호동048,1,대전광역시 중구 모암로42번길18,대전광역시 중구 호동106,36.30093765,127.4467087,,한전주,042-606-6843,대전광역시 중구청,2022-09-16
호동049,1,대전광역시 중구 모암로42번길24,대전광역시 중구 호동164,36.30075073,127.4461899,,한전주,042-606-6843,대전광역시 중구청,2022-09-16
호동050,1,대전광역시 중구 모암로42번길27,대전광역시 중구 호동164,36.30075073,127.4459534,,한전주,042-606-6843,대전광역시 중구청,2022-09-16
호동051,1,대전광역시 중구 모암로42번길29-22,대전광역시 중구 호동162,36.30037689,127.4454498,,한전주,042-606-6843,대전광역시 중구청,2022-09-16
호동052,1,대전광역시 중구 모암로42번길37,대전광역시 중구 호동166,36.30095673,127.4455566,,한전주,042-606-6843,대전광역시 중구청,2022-09-16
호동053,1,대전광역시 중구 모암로42번길51,대전광역시 중구 호동169,36.30128098,127.4448318,,한전주,042-606-6843,대전광역시 중구청,2022-09-16
호동054,1,,대전광역시 중구 호동106-7,36.30070114,127.4469223,,한전주,042-606-6843,대전광역시 중구청,2022-09-16
호동055,1,대전광역시 중구 모암로42번길9-9,대전광역시 중구 호동106-6,36.30044937,127.4468536,,한전주,042-606-6843,대전광역시 중구청,2022-09-16
호동056,1,대전광역시 중구 모암로42번길9-17,대전광역시 중구 호동106-4,36.30006027,127.4467316,,한전주,042-606-6843,대전광역시 중구청,2022-09-16
호동057,1,대전광역시 중구 모암로42번길62-1,대전광역시 중구 호동110,36.29973221,127.4468002,,한전주,042-606-6843,대전광역시 중구청,2022-09-16
호동058,1,,대전광역시 중구 호동103-4,36.30041122,127.4473038,,한전주,042-606-6843,대전광역시 중구청,2022-09-16
호동059,1,대전광역시 중구 모암로57,대전광역시 중구 호동356,36.29973984,127.4474106,,한전주,042-606-6843,대전광역시 중구청,2022-09-16
호동060,1,대전광역시 중구 모암로59,대전광역시 중구 호동109-5,36.29951096,127.4473114,,한전주,042-606-6843,대전광역시 중구청,2022-09-16
호동061,1,대전광역시 중구 모암로63,대전광역시 중구 호동107-33,36.29912186,127.4470978,,한전주,042-606-6843,대전광역시 중구청,2022-09-16
호동062,1,대전광역시 중구 모암로68,대전광역시 중구 호동112-8,36.29890442,127.4468994,,한전주,042-606-6843,대전광역시 중구청,2022-09-16
호동063,1,대전광역시 중구 모암로72,대전광역시 중구 호동112-9,36.29866028,127.4467697,,한전주,042-606-6843,대전광역시 중구청,2022-09-16
호동064,1,대전광역시 중구 모암로74,대전광역시 중구 호동112-5,36.29851532,127.4463272,,한전주,042-606-6843,대전광역시 중구청,2022-09-16
호동065,1,대전광역시 중구 모암로76,대전광역시 중구 호동116-2,36.29815674,127.4465408,,한전주,042-606-6843,대전광역시 중구청,2022-09-16
호동066,1,대전광역시 중구 모암로81,대전광역시 중구 호동117,36.29781723,127.4464798,,한전주,042-606-6843,대전광역시 중구청,2022-09-16
호동067,1,대전광역시 중구 모암로81,대전광역시 중구 호동118,36.2973671,127.4463501,,한전주,042-606-6843,대전광역시 중구청,2022-09-16
호동068,1,대전광역시 중구 모암로89,대전광역시 중구 호동119-2,36.29701996,127.446167,,한전주,042-606-6843,대전광역시 중구청,2022-09-16
호동069,1,,대전광역시 중구 호동122,36.29637909,127.445076,,한전주,042-606-6843,대전광역시 중구청,2022-09-16
호동070,1,대전광역시 중구 모암로100-24,대전광역시 중구 호동123,36.29624557,127.4446182,,한전주,042-606-6843,대전광역시 중구청,2022-09-16
호동071,1,대전광역시 중구 모암로100-32,대전광역시 중구 호동374,36.29621506,127.4441757,,한전주,042-606-6843,대전광역시 중구청,2022-09-16
호동072,1,대전광역시 중구 모암로90-13,대전광역시 중구 호동127,36.29718781,127.4455719,,한전주,042-606-6843,대전광역시 중구청,2022-09-16
호동073,1,대전광역시 중구 모암로90-13,대전광역시 중구 호동128,36.29751968,127.4449539,,한전주,042-606-6843,대전광역시 중구청,2022-09-16
호동074,1,대전광역시 중구 모암로90-34,대전광역시 중구 호동132-1,36.29769897,127.4445801,,한전주,042-606-6843,대전광역시 중구청,2022-09-16
호동075,1,대전광역시 중구 모암로18번길27,대전광역시 중구 호동15-16,36.30407333,127.4476318,,한전주,042-606-6843,대전광역시 중구청,2022-09-16
호동076,1,대전광역시 중구 모암로18번길37,대전광역시 중구 호동15-17,36.30445099,127.4473267,,한전주,042-606-6843,대전광역시 중구청,2022-09-16
호동077,1,대전광역시 중구 대중로151번길42,대전광역시 중구 호동15-10,36.30429459,127.4469147,,전용주,042-606-6843,대전광역시 중구청,2022-09-16
호동078,1,대전광역시 중구 모암로14번길35,대전광역시 중구 호동17-10,36.30470657,127.4477463,,한전주,042-606-6843,대전광역시 중구청,2022-09-16
호동079,1,대전광역시 중구 모암로14번길29,대전광역시 중구 호동17-36,36.30438614,127.4480438,,한전주,042-606-6843,대전광역시 중구청,2022-09-16
호동080,1,대전광역시 중구 모암로14번길21,대전광역시 중구 호동17-12,36.30416489,127.4482498,,한전주,042-606-6843,대전광역시 중구청,2022-09-16
호동081,1,대전광역시 중구 대종로151번길17,대전광역시 중구 호동17-40,36.30488586,127.4480362,,한전주,042-606-6843,대전광역시 중구청,2022-09-16
호동082,1,대전광역시 중구 대종롭51번길13,대전광역시 중구 호동17-1,36.30497742,127.4482117,,건축물,042-606-6843,대전광역시 중구청,2022-09-16
호동083,1,대전광역시 중구 모암로8번길32,대전광역시 중구 호동10-21,36.30488205,127.4484558,,한전주,042-606-6843,대전광역시 중구청,2022-09-16
호동084,1,대전광역시 중구 모암로8번길26,대전광역시 중구 호동10-15,36.30473328,127.4485703,,한전주,042-606-6843,대전광역시 중구청,2022-09-16
호동085,1,대전광역시 중구 대종로151번길1,대전광역시 중구 호동10-10,36.30524445,127.4486542,,전용주,042-606-6843,대전광역시 중구청,2022-09-16
호동086,1,대전광역시 중구 모암로8번길45,대전광역시 중구 호동12-14,36.30528508,127.4479143,,한전주,042-606-6843,대전광역시 중구청,2022-09-16
호동087,1,대전광역시 중구 모암로8번길47,대전광역시 중구 호동12-10,36.30550003,127.4478149,,한전주,042-606-6843,대전광역시 중구청,2022-09-16
호동088,1,대전광역시 중구 모암로8번길55,대전광역시 중구 호동12-1,36.30567932,127.4476471,,한전주,042-606-6843,대전광역시 중구청,2022-09-16
호동089,1,대전광역시 중구 대종로163번길7,대전광역시 중구 호동11-16,36.30591965,127.4478226,,한전주,042-606-6843,대전광역시 중구청,2022-09-16
호동090,1,대전광역시 중구 모암로8번길55,대전광역시 중구 호동12-1,36.30577087,127.4475403,,한전주,042-606-6843,대전광역시 중구청,2022-09-16
호동091,1,대전광역시 중구 대종로163번길17,대전광역시 중구 호동12-9,36.30561829,127.4472961,,한전주,042-606-6843,대전광역시 중구청,2022-09-16
호동092,1,대전광역시 중구 모암로14번길53,대전광역시 중구 호동13-24,36.30531693,127.4472656,,한전주,042-606-6843,대전광역시 중구청,2022-09-16
호동093,1,대전광역시 중구 모암로14번길47,대전광역시 중구 호동12-14,36.30507278,127.4474564,,한전주,042-606-6843,대전광역시 중구청,2022-09-16
호동094,1,대전광역시 중구 대종로163번길27,대전광역시 중구 호동13-1,36.30544662,127.4469681,,한전주,042-606-6843,대전광역시 중구청,2022-09-16
호동095,1,대전광역시 중구 대종로163번길31,대전광역시 중구 호동13-21,36.30530548,127.4467163,,한전주,042-606-6843,대전광역시 중구청,2022-09-16
호동096,1,대전광역시 중구 모암로18번길56,대전광역시 중구 호동14-1,36.3051033,127.4467545,,한전주,042-606-6843,대전광역시 중구청,2022-09-16
호동097,1,대전광역시 중구 모암로18번길49,대전광역시 중구 호동14-11,36.3048172,127.4469986,,한전주,042-606-6843,대전광역시 중구청,2022-09-16
호동098,1,대전광역시 중구 모암로18번길43,대전광역시 중구 호동14-4,36.30468369,127.447113,,한전주,042-606-6843,대전광역시 중구청,2022-09-16
호동099,1,대전광역시 중구 모암로24번길46,대전광역시 중구 호동14-6,36.30446243,127.4466934,,전용주,042-606-6843,대전광역시 중구청,2022-09-16
호동100,1,,대전광역시 중구 호동14-7,36.30483246,127.4463425,,한전주,042-606-6843,대전광역시 중구청,2022-09-16
호동101,1,대전광역시 중구 대종로171번길87-8,대전광역시 중구 호동156-1,36.30023956,127.441597,,한전주,042-606-6843,대전광역시 중구청,2022-09-16
호동102,1,대전광역시 중구 대종로171번길187-20,대전광역시 중구 호동384,36.30023193,127.4419479,,전용주,042-606-6843,대전광역시 중구청,2022-09-16
호동103,1,대전광역시 중구 대종로171번길199-1,대전광역시 중구 호동150-2,36.29963303,127.4412689,,한전주,042-606-6843,대전광역시 중구청,2022-09-16
호동104,1,대전광역시 중구 범골로108,대전광역시 중구 호동307,36.29948425,127.4404144,,전용주,042-606-6843,대전광역시 중구청,2022-09-16
호동105,1,대전광역시 중구 범골로100-1,대전광역시 중구 호동147-3,36.30010986,127.4407501,,한전주,042-606-6843,대전광역시 중구청,2022-09-16
호동106,1,대전광역시 중구 범골로98,대전광역시 중구 호동144-1,36.30042648,127.4408569,,한전주,042-606-6843,대전광역시 중구청,2022-09-16
호동107,1,대전광역시 중구 범골로92,대전광역시 중구 호동183-6,36.30072784,127.4410172,,한전주,042-606-6843,대전광역시 중구청,2022-09-16
호동108,1,대전광역시 중구 범골로92,대전광역시 중구 호동183-3,36.30096054,127.4411774,,전용주,042-606-6843,대전광역시 중구청,2022-09-16
호동109,1,대전광역시 중구 범골로90번길6,대전광역시 중구 호동186-3,36.30108261,127.4408951,,한전주,042-606-6843,대전광역시 중구청,2022-09-16
호동110,1,대전광역시 중구 범골로90번길21,대전광역시 중구 호동277,36.30054474,127.4402771,,한전주,042-606-6843,대전광역시 중구청,2022-09-16
호동111,1,,대전광역시 중구 호동278,36.30033875,127.439827,,한전주,042-606-6843,대전광역시 중구청,2022-09-16
호동112,1,,대전광역시 중구 호동282,36.30005646,127.4391327,,한전주,042-606-6843,대전광역시 중구청,2022-09-16
호동113,1,대전광역시 중구 범골로90번길59,대전광역시 중구 호동287,36.30003357,127.4386826,,전용주,042-606-6843,대전광역시 중구청,2022-09-16
호동114,1,대전광역시 중구 범골로90번길65,대전광역시 중구 호동291,36.30016327,127.4381332,,한전주,042-606-6843,대전광역시 중구청,2022-09-16
호동115,1,대전광역시 중구 범골로90번길83,대전광역시 중구 호동292,36.30013275,127.437706,,한전주,042-606-6843,대전광역시 중구청,2022-09-16
호동116,1,대전광역시 중구 범골로88,대전광역시 중구 호동182-8,36.30107498,127.4413834,,한전주,042-606-6843,대전광역시 중구청,2022-09-16
호동117,1,대전광역시 중구 범골로80,대전광역시 중구 호동182-3,36.30167389,127.4417343,,한전주,042-606-6843,대전광역시 중구청,2022-09-16
호동118,1,대전광역시 중구 범골로76,대전광역시 중구 호동182-1,36.3019371,127.4420319,,한전주,042-606-6843,대전광역시 중구청,2022-09-16
호동119,1,대전광역시 중구 범골로72,대전광역시 중구 호동190-1,36.30246353,127.4422913,,한전주,042-606-6843,대전광역시 중구청,2022-09-16
호동120,1,대전광역시 중구 범골로66-1,대전광역시 중구 호동193-2,36.30273056,127.4423141,,전용주,042-606-6843,대전광역시 중구청,2022-09-16
호동121,1,대전광역시 중구 범골로60,대전광역시 중구 호동199-3,36.3033371,127.4426651,,한전주,042-606-6843,대전광역시 중구청,2022-09-16
호동122,1,대전광역시 중구 범골로54,대전광역시 중구 호동208-1,36.30389786,127.4428177,,한전주,042-606-6843,대전광역시 중구청,2022-09-16
호동123,1,대전광역시 중구 범골로92,대전광역시 중구 호동210-3,36.3038826,127.4432602,,한전주,042-606-6843,대전광역시 중구청,2022-09-16
호동124,1,대전광역시 중구 범골로44,대전광역시 중구 호동266-1,36.30424881,127.4435883,,한전주,042-606-6843,대전광역시 중구청,2022-09-16
호동125,1,대전광역시 중구 범골2길76,대전광역시 중구 호동263-3,36.30472565,127.4439621,,한전주,042-606-6843,대전광역시 중구청,2022-09-16
호동126,1,대전광역시 중구 범골로38-5,대전광역시 중구 호동267,36.30473328,127.4436264,,한전주,042-606-6843,대전광역시 중구청,2022-09-16
호동127,1,대전광역시 중구 범골로38-16,대전광역시 중구 호동272,36.30481339,127.4431381,,전용주,042-606-6843,대전광역시 중구청,2022-09-16
호동128,1,대전광역시 중구 범골로30,대전광역시 중구 호동253-5,36.30541992,127.4442139,,한전주,042-606-6843,대전광역시 중구청,2022-09-16
호동129,1,대전광역시 중구 범골로34번길5,대전광역시 중구 호동262-1,36.30513382,127.4439087,,한전주,042-606-6843,대전광역시 중구청,2022-09-16
호동130,1,대전광역시 중구 법골로34번길15,대전광역시 중구 호동253-1,36.30554581,127.4439087,,한전주,042-606-6843,대전광역시 중구청,2022-09-16
호동131,1,대전광역시 중구 범골로34번길25,대전광역시 중구 호동237-7,36.30589294,127.4438553,,한전주,042-606-6843,대전광역시 중구청,2022-09-16
호동132,1,대전광역시 중구 범골로34번길29,대전광역시 중구 호동237-7,36.30618286,127.4440079,,한전주,042-606-6843,대전광역시 중구청,2022-09-16
호동133,1,대전광역시 중구 범골로21-12,대전광역시 중구 호동246-4,36.30561066,127.4451447,,한전주,042-606-6843,대전광역시 중구청,2022-09-16
호동134,1,,대전광역시 중구 호동243,36.30590057,127.4445343,,한전주,042-606-6843,대전광역시 중구청,2022-09-16
호동135,1,대전광역시 중구 범골로34번길39,대전광역시 중구 호동239-5,36.30656815,127.4442596,,한전주,042-606-6843,대전광역시 중구청,2022-09-16
호동136,1,대전광역시 중구 범골로18-5,대전광역시 중구 호동237-8,36.30636215,127.4446564,,한전주,042-606-6843,대전광역시 중구청,2022-09-16
호동137,1,대전광역시 중구 범골로34번길45,대전광역시 중구 호동239-3,36.30667114,127.4443665,,한전주,042-606-6843,대전광역시 중구청,2022-09-16
호동138,1,대전광역시 중구 범골로16-6,대전광역시 중구 호동238-7,36.30656433,127.444809,,한전주,042-606-6843,대전광역시 중구청,2022-09-16
호동139,1,대전광역시 중구 범골로34번길49,대전광역시 중구 호동239-1,36.3068924,127.4445877,,한전주,042-606-6843,대전광역시 중구청,2022-09-16
호동140,1,대전광역시 중구 대종로199번길32,대전광역시 중구 호동240-24,36.30694199,127.4438705,,한전주,042-606-6843,대전광역시 중구청,2022-09-16
호동141,1,대전광역시 중구 대종로199번길40,대전광역시 중구 호동240-7,36.30662918,127.4436493,,한전주,042-606-6843,대전광역시 중구청,2022-09-16
호동142,1,대전광역시 중구 대종로199번길42,대전광역시 중구 호동240-7,36.30650711,127.4435272,,한전주,042-606-6843,대전광역시 중구청,2022-09-16
호동143,1,대전광역시 중구 대종로199번길46,대전광역시 중구 호동240-11,36.3062973,127.4433746,,한전주,042-606-6843,대전광역시 중구청,2022-09-16
호동144,1,대전광역시 중구 범골로22번길19-1,대전광역시 중구 호동240-12,36.30634689,127.4436646,,한전주,042-606-6843,대전광역시 중구청,2022-09-16
호동145,1,,대전광역시 중구 호동199-1,36.30361022,127.4427192,,한전주,042-606-6843,대전광역시 중구청,2022-09-16
호동146,1,,대전광역시 중구 호동9-14,36.30427198,127.4495229,,전용주,042-606-6843,대전광역시 중구청,2022-09-16
호동147,1,,대전광역시 중구 호동237-16,36.30613212,127.4443117,,한전주,042-606-6843,대전광역시 중구청,2022-09-16
호동148,1,,대전광역시 중구 호동22-5,36.30237428,127.449114,,한전주,042-606-6843,대전광역시 중구청,2022-09-16
호동149,1,,대전광역시 중구 호동239-7,36.30674604,127.444009,,전용주,042-606-6843,대전광역시 중구청,2022-09-16
호동150,1,,대전광역시 중구 호동27-4,36.30435891,127.4467678,,한전주,042-606-6843,대전광역시 중구청,2022-09-16
