보안등위치명,설치개수,소재지도로명주소,소재지지번주소,위도,경도,설치연도,설치형태,관리기관전화번호,관리기관명,데이터기준일자
가수원동001,1,대전광역시 서구 계백로1158번길 3,대전광역시 서구 가수원동 763-2,36.30449225,127.3521601,2016,한전주,042-288-3950,대전광역시 서구청,2025-06-26
가수원동002,1,대전광역시 서구 계백로1158번길 11,대전광역시 서구 가수원동 765-10,36.30415821,127.3522731,2016,한전주,042-288-3950,대전광역시 서구청,2025-06-26
가수원동003,1,대전광역시 서구 벌곡로1379번길 21,대전광역시 서구 가수원동 768-1,36.3039698,127.3523567,2016,한전주,042-288-3950,대전광역시 서구청,2025-06-26
가수원동004,1,대전광역시 서구 벌곡로1379번길 16,대전광역시 서구 가수원동 765-8,36.304254,127.3526027,2016,한전주,042-288-3950,대전광역시 서구청,2025-06-26
가수원동005,1,대전광역시 서구 계백로 1166-18,대전광역시 서구 가수원동 767-2,36.304173,127.3529401,2016,전용주,042-288-3950,대전광역시 서구청,2025-06-26
가수원동006,1,대전광역시 서구 벌곡로1379번길 5,대전광역시 서구 가수원동 766-1,36.304150,127.3531828,2016,한전주,042-288-3950,대전광역시 서구청,2025-06-26
가수원동007,1,대전광역시 서구 벌곡로1379번길 6,대전광역시 서구 가수원동 764-7,36.304352,127.3531191,2016,한전주,042-288-3950,대전광역시 서구청,2025-06-26
가수원동008,1,대전광역시 서구 계백로 1166-7,대전광역시 서구 가수원동 764-10,36.30461669,127.3530215,2016,한전주,042-288-3950,대전광역시 서구청,2025-06-26
가수원동009,1,대전광역시 서구 계백로 1166-3,대전광역시 서구 가수원동 764-11,36.304738,127.3529606,2016,전용주,042-288-3950,대전광역시 서구청,2025-06-26
가수원동010,1,대전광역시 서구 계백로1158번길 7-11,대전광역시 서구 가수원동 763-5,36.30460827,127.3526086,2016,한전주,042-288-3950,대전광역시 서구청,2025-06-26
가수원동011,1,대전광역시 서구 계백로1158번길 7-5,대전광역시 서구 가수원동 763-3,36.30453279,127.3523193,2016,한전주,042-288-3950,대전광역시 서구청,2025-06-26
가수원동012,1,대전광역시 서구 벌곡로1379번길 33,대전광역시 서구 가수원동 769-1,36.30380426,127.3516802,2016,한전주,042-288-3950,대전광역시 서구청,2025-06-26
가수원동013,1,대전광역시 서구 계백로1158번길 19,대전광역시 서구 가수원동 768-16,36.30385263,127.352303,2016,한전주,042-288-3950,대전광역시 서구청,2025-06-26
가수원동014,1,대전광역시 서구 계백로1158번길 21,대전광역시 서구 가수원동 768-15,36.30374662,127.352434,2016,한전주,042-288-3950,대전광역시 서구청,2025-06-26
가수원동015,1,대전광역시 서구 계백로1158번길 23,대전광역시 서구 가수원동 768-14,36.30363604,127.352410,2016,전용주,042-288-3950,대전광역시 서구청,2025-06-26
가수원동016,1,대전광역시 서구 계백로1158번길 29,대전광역시 서구 가수원동 768-12,36.30341973,127.3525369,2016,한전주,042-288-3950,대전광역시 서구청,2025-06-26
가수원동017,1,대전광역시 서구 계백로1158번길 31,대전광역시 서구 가수원동 768-11,36.30330847,127.352523,2016,전용주,042-288-3950,대전광역시 서구청,2025-06-26
가수원동018,1,대전광역시 서구 가수원동 벌곡로 1359,대전광역시 서구 가수원동 732-7,36.30239371,127.3530021,2016,한전주,042-288-3950,대전광역시 서구청,2025-06-26
가수원동019,1,대전광역시 서구 가수원동 벌곡로 1359,대전광역시 서구 가수원동 732-6,36.30239371,127.3530021,2016,한전주,042-288-3950,대전광역시 서구청,2025-06-26
가수원동020,1,,대전광역시 서구 가수원동 167-11,36.303449,127.352911,2016,전용주,042-288-3950,대전광역시 서구청,2025-06-26
가수원동021,1,,대전광역시 서구 가수원동 767-6,36.30379661,127.352850,2016,한전주,042-288-3950,대전광역시 서구청,2025-06-26
가수원동022,1,,대전광역시 서구 가수원동 767-6,36.30379661,127.3528597,2016,한전주,042-288-3950,대전광역시 서구청,2025-06-26
가수원동023,1,대전광역시 서구 계백로 1166-19,대전광역시 서구 가수원동 766-16,36.3040543,127.3532209,2016,한전주,042-288-3950,대전광역시 서구청,2025-06-26
가수원동024,1,대전광역시 서구 계백로 1166-27,대전광역시 서구 가수원동 766-13,36.303786,127.3533572,2016,한전주,042-288-3950,대전광역시 서구청,2025-06-26
가수원동025,1,대전광역시 서구 계백로 1166-29,대전광역시 서구 가수원동 766-12,36.30362626,127.3533681,2016,한전주,042-288-3950,대전광역시 서구청,2025-06-26
가수원동026,1,대전광역시 서구 계백로 1166-34,대전광역시 서구 가수원동 767-9,36.30334393,127.3532114,2016,한전주,042-288-3950,대전광역시 서구청,2025-06-26
가수원동027,1,대전광역시 서구 벌곡로 1369-4,대전광역시 서구 가수원동 766-9,36.30346695,127.353681,2016,전용주,042-288-3950,대전광역시 서구청,2025-06-26
가수원동028,1,대전광역시 서구 벌곡로 1369-22,대전광역시 서구 가수원동 768-10,36.3031985,127.3526249,2016,한전주,042-288-3950,대전광역시 서구청,2025-06-26
가수원동029,1,대전광역시 서구 가수원동 벌곡로 1359,대전광역시 서구 가수원동 459,36.30239371,127.3530021,2016,한전주,042-288-3950,대전광역시 서구청,2025-06-26
가수원동030,1,대전광역시 서구 가수원동 벌곡로 1359,대전광역시 서구 가수원동 459,36.30239371,127.3530021,2016,한전주,042-288-3950,대전광역시 서구청,2025-06-26
가수원동031,1,대전광역시 서구 가수원동 벌곡로 1359,대전광역시 서구 가수원동 459,36.30239371,127.3530021,2016,한전주,042-288-3950,대전광역시 서구청,2025-06-26
가수원동032,1,대전광역시 서구 가수원동 벌곡로 1359,대전광역시 서구 가수원동 459,36.30239371,127.353007,2016,전용주,042-288-3950,대전광역시 서구청,2025-06-26
가수원동033,1,대전광역시 서구 계백로1158번길 69,대전광역시 서구 가수원동 772-1,36.30173494,127.3531254,2016,한전주,042-288-3950,대전광역시 서구청,2025-06-26
가수원동034,1,대전광역시 서구 벌곡로1349번길 22,대전광역시 서구 가수원동 772-12,36.30160822,127.353197,2016,한전주,042-288-3950,대전광역시 서구청,2025-06-26
가수원동035,1,대전광역시 서구 계백로1158번길 79,대전광역시 서구 가수원동 790-4,36.301357,127.3534629,2016,전용주,042-288-3950,대전광역시 서구청,2025-06-26
가수원동036,1,대전광역시 서구 계백로1158번길 83,대전광역시 서구 가수원동 790-5,36.30123509,127.3536002,2016,한전주,042-288-3950,대전광역시 서구청,2025-06-26
가수원동037,1,대전광역시 서구 계백로1158번길 87-2,대전광역시 서구 가수원동 791-11,36.300966,127.3538115,2016,한전주,042-288-3950,대전광역시 서구청,2025-06-26
가수원동038,1,대전광역시 서구 가수원동 계백로1158번길 113,대전광역시 서구 가수원동 825,36.29985892,127.3547423,2016,한전주,042-288-3950,대전광역시 서구청,2025-06-26
가수원동039,1,대전광역시 서구 계백로1158번길 87-4,대전광역시 서구 가수원동 791-12,36.30103999,127.3539344,2016,한전주,042-288-3950,대전광역시 서구청,2025-06-26
가수원동040,1,,대전광역시 서구 가수원동 790-3,36.301365,127.353581,2016,한전주,042-288-3950,대전광역시 서구청,2025-06-26
가수원동041,1,대전광역시 서구 벌곡로1349번길 16,대전광역시 서구 가수원동 772-9,36.30172311,127.353565,2016,한전주,042-288-3950,대전광역시 서구청,2025-06-26
가수원동042,1,대전광역시 서구 벌곡로1341번길 8-16,대전광역시 서구 가수원동 792-1,36.301668,127.3541391,2016,한전주,042-288-3950,대전광역시 서구청,2025-06-26
가수원동043,1,대전광역시 서구 벌곡로1341번길 8-8,대전광역시 서구 가수원동 792-10,36.30129536,127.3542765,2016,한전주,042-288-3950,대전광역시 서구청,2025-06-26
가수원동044,1,대전광역시 서구 계백로1158번길 113,대전광역시 서구 가수원동 793-1,36.30033093,127.3550331,2016,한전주,042-288-3950,대전광역시 서구청,2025-06-26
가수원동045,1,대전광역시 서구 가수원동 계백로1158번길 102,대전광역시 서구 가수원동 825,36.29985892,127.3547423,2016,한전주,042-288-3950,대전광역시 서구청,2025-06-26
가수원동046,1,대전광역시 서구 계백로1158번길 110,대전광역시 서구 가수원동 794-6,36.30018291,127.3542566,2016,한전주,042-288-3950,대전광역시 서구청,2025-06-26
가수원동047,1,대전광역시 서구 계백로1158번길 116,대전광역시 서구 가수원동 794-9,36.29995634,127.3545038,2016,한전주,042-288-3950,대전광역시 서구청,2025-06-26
가수원동048,1,대전광역시 서구 계백로1158번길 122,대전광역시 서구 가수원동 794-12,36.299798,127.3547109,2016,한전주,042-288-3950,대전광역시 서구청,2025-06-26
가수원동049,1,대전광역시 서구 계백로1158번길 128,대전광역시 서구 가수원동 794-14,36.299554,127.3548488,2016,한전주,042-288-3950,대전광역시 서구청,2025-06-26
가수원동050,1,대전광역시 서구 벌곡로 1321-6,대전광역시 서구 가수원동 793-3,36.29945237,127.3553654,2016,한전주,042-288-3950,대전광역시 서구청,2025-06-26
가수원동051,1,대전광역시 서구 가수원중로 4-30,대전광역시 서구 가수원동 806-1,36.299209,127.3549214,2016,한전주,042-288-3950,대전광역시 서구청,2025-06-26
가수원동052,1,대전광역시 서구 가수원중로 4-24,대전광역시 서구 가수원동 806-4,36.298839,127.3550158,2016,한전주,042-288-3950,대전광역시 서구청,2025-06-26
가수원동053,1,대전광역시 서구 가수원로 6,대전광역시 서구 가수원동 808,36.29857822,127.3556995,2016,한전주,042-288-3950,대전광역시 서구청,2025-06-26
가수원동054,1,대전광역시 서구 가수원로 6,대전광역시 서구 가수원동 808,36.29857822,127.3556995,2016,한전주,042-288-3950,대전광역시 서구청,2025-06-26
가수원동055,1,대전광역시 서구 가수원로7번길 2,대전광역시 서구 가수원동 810-8,36.29747118,127.3554044,2016,한전주,042-288-3950,대전광역시 서구청,2025-06-26
가수원동056,1,,대전광역시 서구 가수원동 798-6,36.299149,127.3538978,2016,한전주,042-288-3950,대전광역시 서구청,2025-06-26
가수원동057,1,대전광역시 서구 가수원중로 6,대전광역시 서구 가수원동 807-1,36.29901988,127.354129,2016,한전주,042-288-3950,대전광역시 서구청,2025-06-26
가수원동058,1,대전광역시 서구 가수원중로 4-10,대전광역시 서구 가수원동 806-11,36.29863419,127.3542092,2016,한전주,042-288-3950,대전광역시 서구청,2025-06-26
가수원동059,1,대전광역시 서구 가수원중로 4-16,대전광역시 서구 가수원동 806-8,36.29871201,127.3545867,2016,한전주,042-288-3950,대전광역시 서구청,2025-06-26
가수원동060,1,대전광역시 서구 가수원중로 4-26,대전광역시 서구 가수원동 806-3,36.29898073,127.3549868,2016,전용주,042-288-3950,대전광역시 서구청,2025-06-26
가수원동061,1,대전광역시 서구 가수원중로 4-30,대전광역시 서구 가수원동 806-1,36.29920325,127.3549214,2016,한전주,042-288-3950,대전광역시 서구청,2025-06-26
가수원동062,1,대전광역시 서구 계백로1158번길 132,대전광역시 서구 가수원동 794-16,36.29935247,127.354895,2016,한전주,042-288-3950,대전광역시 서구청,2025-06-26
가수원동063,1,대전광역시 서구 가수원중로 9,대전광역시 서구 가수원동 796-9,36.299243,127.354420,2016,한전주,042-288-3950,대전광역시 서구청,2025-06-26
가수원동064,1,대전광역시 서구 가수원중로49번길 40,대전광역시 서구 가수원동 798-5,36.2993222,127.353850,2016,한전주,042-288-3950,대전광역시 서구청,2025-06-26
가수원동065,1,대전광역시 서구 가수원중로49번길 32,대전광역시 서구 가수원동 798-2,36.299651,127.3534997,2016,한전주,042-288-3950,대전광역시 서구청,2025-06-26
가수원동066,1,대전광역시 서구 가수원중로49번길 26,대전광역시 서구 가수원동 785-9,36.299845,127.3533298,2016,한전주,042-288-3950,대전광역시 서구청,2025-06-26
가수원동067,1,대전광역시 서구 가수원중로49번길 25,대전광역시 서구 가수원동 786-11,36.299921,127.3535298,2016,한전주,042-288-3950,대전광역시 서구청,2025-06-26
가수원동068,1,대전광역시 서구 가수원중로47번길 34,대전광역시 서구 가수원동 797-2,36.299846,127.3537995,2016,한전주,042-288-3950,대전광역시 서구청,2025-06-26
가수원동069,1,대전광역시 서구 가수원중로47번길 46,대전광역시 서구 가수원동 797-6,36.299462,127.3541885,2016,한전주,042-288-3950,대전광역시 서구청,2025-06-26
가수원동070,1,대전광역시 서구 계백로1158번길 126,대전광역시 서구 가수원동 794-13,36.299602,127.3547847,2016,한전주,042-288-3950,대전광역시 서구청,2025-06-26
가수원동071,1,대전광역시 서구 계백로1158번길 116,대전광역시 서구 가수원동 794-9,36.29995634,127.3545038,2016,한전주,042-288-3950,대전광역시 서구청,2025-06-26
가수원동072,1,대전광역시 서구 계백로1158번길 110,대전광역시 서구 가수원동 794-6,36.300192,127.3542566,2016,한전주,042-288-3950,대전광역시 서구청,2025-06-26
가수원동073,1,대전광역시 서구 가수원로 46-15,대전광역시 서구 가수원동 795-3,36.30013737,127.353806,2016,한전주,042-288-3950,대전광역시 서구청,2025-06-26
가수원동074,1,대전광역시 서구 계백로1158번길 100,대전광역시 서구 가수원동 794-2,36.30050968,127.353913,2016,한전주,042-288-3950,대전광역시 서구청,2025-06-26
가수원동075,1,대전광역시 서구 벌곡로1341번길 20,대전광역시 서구 가수원동 789-21,36.30071772,127.3537554,2016,한전주,042-288-3950,대전광역시 서구청,2025-06-26
가수원동076,1,,대전광역시 서구 가수원동 189-17,36.300965,127.353378,2016,한전주,042-288-3950,대전광역시 서구청,2025-06-26
가수원동077,1,대전광역시 서구 가수원중로 37,대전광역시 서구 가수원동 788-3,36.30101185,127.352937,2016,한전주,042-288-3950,대전광역시 서구청,2025-06-26
가수원동078,1,,대전광역시 서구 가수원동 189-4,36.301051,127.352499,2016,한전주,042-288-3950,대전광역시 서구청,2025-06-26
가수원동079,1,대전광역시 서구 벌곡로1349번길 49,대전광역시 서구 가수원동 775-1,36.300966,127.3521346,2016,한전주,042-288-3950,대전광역시 서구청,2025-06-26
가수원동080,1,대전광역시 서구 벌곡로1349번길 40,대전광역시 서구 가수원동 773-16,36.30140386,127.3522956,2016,한전주,042-288-3950,대전광역시 서구청,2025-06-26
가수원동081,1,대전광역시 서구 벌곡로1349번길 30,대전광역시 서구 가수원동 773-12,36.3015297,127.3528324,2016,한전주,042-288-3950,대전광역시 서구청,2025-06-26
가수원동082,1,대전광역시 서구 벌곡로1349번길 52,대전광역시 서구 가수원동 774-3,36.300935,127.3518368,2016,한전주,042-288-3950,대전광역시 서구청,2025-06-26
가수원동083,1,대전광역시 서구 벌곡로1349번길 56,대전광역시 서구 가수원동 774-5,36.30069368,127.3516995,2016,한전주,042-288-3950,대전광역시 서구청,2025-06-26
가수원동084,1,대전광역시 서구 벌곡로1349번길 60,대전광역시 서구 가수원동 774-7,36.30045595,127.3515769,2016,한전주,042-288-3950,대전광역시 서구청,2025-06-26
가수원동085,1,대전광역시 서구 가수원중로 54,대전광역시 서구 가수원동 774-11,36.30019114,127.3519286,2016,한전주,042-288-3950,대전광역시 서구청,2025-06-26
가수원동086,1,대전광역시 서구 가수원중로 48-1,대전광역시 서구 가수원동 775-5,36.300511,127.352185,2016,한전주,042-288-3950,대전광역시 서구청,2025-06-26
가수원동087,1,대전광역시 서구 가수원중로 46,대전광역시 서구 가수원동 775-2,36.300803,127.352342,2016,한전주,042-288-3950,대전광역시 서구청,2025-06-26
가수원동088,1,대전광역시 서구 가수원중로 43-4,대전광역시 서구 가수원동 787-1,36.300886,127.3525001,2016,한전주,042-288-3950,대전광역시 서구청,2025-06-26
가수원동089,1,대전광역시 서구 가수원중로 43-8,대전광역시 서구 가수원동 787-3,36.30069635,127.3527514,2016,한전주,042-288-3950,대전광역시 서구청,2025-06-26
가수원동090,1,대전광역시 서구 가수원중로47번길 7,대전광역시 서구 가수원동 787-9,36.300509,127.352717,2016,한전주,042-288-3950,대전광역시 서구청,2025-06-26
가수원동091,1,,대전광역시 서구 가수원동 787-6,36.30046328,127.3532639,2016,한전주,042-288-3950,대전광역시 서구청,2025-06-26
가수원동092,1,대전광역시 서구 가수원중로47번길 20,대전광역시 서구 가수원동 786-7,36.300298,127.353249,2016,한전주,042-288-3950,대전광역시 서구청,2025-06-26
가수원동093,1,대전광역시 서구 가수원중로49번길 16,대전광역시 서구 가수원동 785-6,36.300060,127.3528706,2016,한전주,042-288-3950,대전광역시 서구청,2025-06-26
가수원동094,1,대전광역시 서구 가수원중로49번길 10,대전광역시 서구 가수원동 785-4,36.300151,127.3525909,2016,한전주,042-288-3950,대전광역시 서구청,2025-06-26
가수원동095,1,대전광역시 서구 가수원중로49번길 6,대전광역시 서구 가수원동 785-2,36.300249,127.352395,2016,한전주,042-288-3950,대전광역시 서구청,2025-06-26
가수원동096,1,대전광역시 서구 가수원로65번길 3,대전광역시 서구 가수원동 777-19,36.30005069,127.3511468,2016,한전주,042-288-3950,대전광역시 서구청,2025-06-26
가수원동097,1,대전광역시 서구 가수원로65번길 9,대전광역시 서구 가수원동 777-17,36.299830,127.3510151,2016,한전주,042-288-3950,대전광역시 서구청,2025-06-26
가수원동098,1,대전광역시 서구 가수원동 가수원로 71-2,대전광역시 서구 가수원동 641-18,36.29988253,127.3505621,2016,한전주,042-288-3950,대전광역시 서구청,2025-06-26
가수원동099,1,대전광역시 서구 가수원로 71-5,대전광역시 서구 가수원동 776-7,36.30018766,127.3507202,2016,한전주,042-288-3950,대전광역시 서구청,2025-06-26
가수원동100,1,대전광역시 서구 가수원로 71-16,대전광역시 서구 가수원동 641-27,36.299790,127.3504839,2016,한전주,042-288-3950,대전광역시 서구청,2025-06-26
가수원동101,1,,대전광역시 서구 가수원동 641-40,36.299420,127.3504931,2016,한전주,042-288-3950,대전광역시 서구청,2025-06-26
가수원동102,1,대전광역시 서구 가수원로65번길 26,대전광역시 서구 가수원동 641-41,36.299209,127.3502705,2016,한전주,042-288-3950,대전광역시 서구청,2025-06-26
가수원동103,1,,대전광역시 서구 가수원동 641-22,36.29913555,127.3503186,2016,한전주,042-288-3950,대전광역시 서구청,2025-06-26
가수원동104,1,대전광역시 서구 가수원로65번길 38,대전광역시 서구 가수원동 520-105,36.29811263,127.3509858,2016,한전주,042-288-3950,대전광역시 서구청,2025-06-26
가수원동105,1,대전광역시 서구 가수원로65번길 38,대전광역시 서구 가수원동 520-105,36.29811263,127.3509858,2016,한전주,042-288-3950,대전광역시 서구청,2025-06-26
가수원동106,1,대전광역시 서구 가수원로65번길 44,대전광역시 서구 가수원동 641-35,36.29848127,127.3509035,2016,전용주,042-288-3950,대전광역시 서구청,2025-06-26
가수원동107,1,대전광역시 서구 가수원로65번길 51,대전광역시 서구 가수원동 780-5,36.29866408,127.3513769,2016,전용주,042-288-3950,대전광역시 서구청,2025-06-26
가수원동108,1,대전광역시 서구 가수원로65번길 59,대전광역시 서구 가수원동 779-12,36.29873194,127.351829,2016,한전주,042-288-3950,대전광역시 서구청,2025-06-26
가수원동109,1,대전광역시 서구 가수원로65번길 29-11,대전광역시 서구 가수원동 779-17,36.2989443,127.351190,2016,한전주,042-288-3950,대전광역시 서구청,2025-06-26
가수원동110,1,대전광역시 서구 가수원로65번길 29-3,대전광역시 서구 가수원동 779-20,36.29906789,127.3507979,2016,한전주,042-288-3950,대전광역시 서구청,2025-06-26
가수원동111,1,대전광역시 서구 가수원로65번길 21-9,대전광역시 서구 가수원동 778-9,36.29930292,127.3512282,2016,한전주,042-288-3950,대전광역시 서구청,2025-06-26
가수원동112,1,대전광역시 서구 가수원중로65번길 3,대전광역시 서구 가수원동 781-1,36.299134,127.3516397,2016,한전주,042-288-3950,대전광역시 서구청,2025-06-26
가수원동113,1,대전광역시 서구 가수원중로 64,대전광역시 서구 가수원동 778-7,36.29934223,127.3514362,2016,한전주,042-288-3950,대전광역시 서구청,2025-06-26
가수원동114,1,대전광역시 서구 가수원중로 64,대전광역시 서구 가수원동 778-7,36.29934223,127.3514362,2016,한전주,042-288-3950,대전광역시 서구청,2025-06-26
가수원동115,1,대전광역시 서구 가수원로 59,대전광역시 서구 가수원동 777-6,36.29996783,127.351815,2016,한전주,042-288-3950,대전광역시 서구청,2025-06-26
가수원동116,1,대전광역시 서구 가수원중로58번길 3,대전광역시 서구 가수원동 778-2,36.299884,127.3517094,2016,한전주,042-288-3950,대전광역시 서구청,2025-06-26
가수원동117,1,대전광역시 서구 가수원중로58번길 17,대전광역시 서구 가수원동 778-12,36.299583,127.351332,2016,한전주,042-288-3950,대전광역시 서구청,2025-06-26
가수원동118,1,대전광역시 서구 가수원중로65번길 8,대전광역시 서구 가수원동 779-9,36.29887948,127.351769,2016,전용주,042-288-3950,대전광역시 서구청,2025-06-26
가수원동119,1,대전광역시 서구 가수원중로65번길 19,대전광역시 서구 가수원동 801-4,36.29883239,127.3524893,2016,한전주,042-288-3950,대전광역시 서구청,2025-06-26
가수원동120,1,대전광역시 서구 가수원로65번길 69,대전광역시 서구 가수원동 781-5,36.298967,127.3522715,2016,한전주,042-288-3950,대전광역시 서구청,2025-06-26
가수원동121,1,대전광역시 서구 가수원로65번길 69,대전광역시 서구 가수원동 781-5,36.29896182,127.352251,2016,전용주,042-288-3950,대전광역시 서구청,2025-06-26
가수원동122,1,대전광역시 서구 가수원중로65번길 9,대전광역시 서구 가수원동 781-3,36.29909031,127.351904,2016,한전주,042-288-3950,대전광역시 서구청,2025-06-26
가수원동123,1,대전광역시 서구 가수원중로59번길 10,대전광역시 서구 가수원동 782-3,36.29934867,127.3520947,2016,한전주,042-288-3950,대전광역시 서구청,2025-06-26
가수원동124,1,대전광역시 서구 가수원로65번길 81,대전광역시 서구 가수원동 783-8,36.299305,127.3526942,2016,전용주,042-288-3950,대전광역시 서구청,2025-06-26
가수원동125,1,대전광역시 서구 가수원로65번길 77,대전광역시 서구 가수원동 782-6,36.299192,127.3525291,2016,한전주,042-288-3950,대전광역시 서구청,2025-06-26
가수원동126,1,대전광역시 서구 가수원로 47,대전광역시 서구 가수원동 784-5,36.29954995,127.3528742,2016,한전주,042-288-3950,대전광역시 서구청,2025-06-26
가수원동127,1,대전광역시 서구 가수원로 47,대전광역시 서구 가수원동 784-5,36.299514,127.3528742,2016,전용주,042-288-3950,대전광역시 서구청,2025-06-26
가수원동128,1,대전광역시 서구 가수원중로57번길 8,대전광역시 서구 가수원동 783-3,36.299670,127.3521574,2016,한전주,042-288-3950,대전광역시 서구청,2025-06-26
가수원동129,1,대전광역시 서구 가수원중로 57,대전광역시 서구 가수원동 783-1,36.299773,127.3519124,2016,한전주,042-288-3950,대전광역시 서구청,2025-06-26
가수원동130,1,대전광역시 서구 가수원로 39,대전광역시 서구 가수원동 799-2,36.29915009,127.3533632,2016,한전주,042-288-3950,대전광역시 서구청,2025-06-26
가수원동131,1,대전광역시 서구 가수원로 37,대전광역시 서구 가수원동 805-2,36.29894761,127.353539,2016,한전주,042-288-3950,대전광역시 서구청,2025-06-26
가수원동132,1,대전광역시 서구 가수원중로57번길 36,대전광역시 서구 가수원동 804-2,36.298978,127.353170,2016,한전주,042-288-3950,대전광역시 서구청,2025-06-26
가수원동133,1,대전광역시 서구 가수원중로57번길 39,대전광역시 서구 가수원동 805-14,36.29878448,127.353425,2016,한전주,042-288-3950,대전광역시 서구청,2025-06-26
가수원동134,1,대전광역시 서구 가수원중로57번길 53,대전광역시 서구 가수원동 805-10,36.298153,127.353519,2016,한전주,042-288-3950,대전광역시 서구청,2025-06-26
가수원동135,1,대전광역시 서구 가수원중로57번길 55,대전광역시 서구 가수원동 805-9,36.29802042,127.353629,2016,한전주,042-288-3950,대전광역시 서구청,2025-06-26
가수원동136,1,대전광역시 서구 가수원중로57번길 61,대전광역시 서구 가수원동 815-1,36.297837,127.353615,2016,한전주,042-288-3950,대전광역시 서구청,2025-06-26
가수원동137,1,,대전광역시 서구 가수원동 884-10,36.297903,127.353264,2016,한전주,042-288-3950,대전광역시 서구청,2025-06-26
가수원동138,1,대전광역시 서구 가수원중로59번길 41,대전광역시 서구 가수원동 804-13,36.29836483,127.353113,2016,한전주,042-288-3950,대전광역시 서구청,2025-06-26
가수원동139,1,대전광역시 서구 가수원중로59번길 33,대전광역시 서구 가수원동 804-16,36.29875264,127.353009,2016,한전주,042-288-3950,대전광역시 서구청,2025-06-26
가수원동140,1,대전광역시 서구 가수원중로59번길 30,대전광역시 서구 가수원동 803-2,36.298891,127.3527873,2016,한전주,042-288-3950,대전광역시 서구청,2025-06-26
가수원동141,1,,대전광역시 서구 가수원동 803-1,36.29870532,127.352687,2016,전용주,042-288-3950,대전광역시 서구청,2025-06-26
가수원동142,1,대전광역시 서구 가수원중로65번길 25,대전광역시 서구 가수원동 803-15,36.298520,127.3527331,2016,한전주,042-288-3950,대전광역시 서구청,2025-06-26
가수원동143,1,대전광역시 서구 가수원중로65번길 33,대전광역시 서구 가수원동 803-12,36.298135,127.352858,2016,한전주,042-288-3950,대전광역시 서구청,2025-06-26
가수원동144,1,대전광역시 서구 벌곡로1287번길 80-16,대전광역시 서구 가수원동 818-1,36.2979465,127.3525293,2016,한전주,042-288-3950,대전광역시 서구청,2025-06-26
가수원동145,1,대전광역시 서구 벌곡로1287번길 98,대전광역시 서구 가수원동 819-1,36.29777866,127.352147,2016,한전주,042-288-3950,대전광역시 서구청,2025-06-26
가수원동146,1,대전광역시 서구 벌곡로1287번길 86,대전광역시 서구 가수원동 819-7,36.297450,127.3522503,2016,한전주,042-288-3950,대전광역시 서구청,2025-06-26
가수원동147,1,대전광역시 서구 벌곡로1287번길 82,대전광역시 서구 가수원동 819-6,36.29740921,127.352452,2016,한전주,042-288-3950,대전광역시 서구청,2025-06-26
가수원동148,1,대전광역시 서구 벌곡로1287번길 80-8,대전광역시 서구 가수원동 818-10,36.297518,127.3526285,2016,한전주,042-288-3950,대전광역시 서구청,2025-06-26
가수원동149,1,대전광역시 서구 벌곡로1287번길 80-14,대전광역시 서구 가수원동 818-12,36.29783685,127.352554,2016,한전주,042-288-3950,대전광역시 서구청,2025-06-26
가수원동150,1,대전광역시 서구 가수원중로65번길 39,대전광역시 서구 가수원동 803-10,36.29791138,127.3529169,2016,한전주,042-288-3950,대전광역시 서구청,2025-06-26
가수원동151,1,대전광역시 서구 가수원중로59번길 55,대전광역시 서구 가수원동 816-1,36.29776454,127.353326,2016,한전주,042-288-3950,대전광역시 서구청,2025-06-26
가수원동152,1,대전광역시 서구 가수원중로59번길 65,대전광역시 서구 가수원동 816-11,36.29733545,127.3534325,2016,한전주,042-288-3950,대전광역시 서구청,2025-06-26
가수원동153,1,대전광역시 서구 가수원중로65번길 56,대전광역시 서구 가수원동 818-7,36.29726555,127.352810,2016,한전주,042-288-3950,대전광역시 서구청,2025-06-26
가수원동154,1,대전광역시 서구 가수원중로65번길 48,대전광역시 서구 가수원동 818-5,36.297501,127.3527662,2016,한전주,042-288-3950,대전광역시 서구청,2025-06-26
가수원동155,1,대전광역시 서구 가수원중로59번길 69,대전광역시 서구 가수원동 816-9,36.29703727,127.3534863,2016,한전주,042-288-3950,대전광역시 서구청,2025-06-26
가수원동156,1,대전광역시 서구 벌곡로1287번길 56,대전광역시 서구 가수원동 816-8,36.29697476,127.353638,2016,전용주,042-288-3950,대전광역시 서구청,2025-06-26
가수원동157,1,대전광역시 서구 가수원중로57번길 68,대전광역시 서구 가수원동 816-4,36.297449,127.3535306,2016,한전주,042-288-3950,대전광역시 서구청,2025-06-26
가수원동158,1,대전광역시 서구 가수원중로57번길 73,대전광역시 서구 가수원동 815-7,36.297291,127.3538561,2016,전용주,042-288-3950,대전광역시 서구청,2025-06-26
가수원동159,1,대전광역시 서구 가수원로 15-1,대전광역시 서구 가수원동 810-1,36.29733054,127.3545713,2016,한전주,042-288-3950,대전광역시 서구청,2025-06-26
가수원동160,1,대전광역시 서구 가수원중로57번길 80,대전광역시 서구 가수원동 814-2,36.29696968,127.3540323,2016,한전주,042-288-3950,대전광역시 서구청,2025-06-26
가수원동161,1,,대전광역시 서구 가수원동 815-6,36.297242,127.3541815,2016,전용주,042-288-3950,대전광역시 서구청,2025-06-26
가수원동162,1,대전광역시 서구 가수원로 17-11,대전광역시 서구 가수원동 813-1,36.296904,127.354618,2016,한전주,042-288-3950,대전광역시 서구청,2025-06-26
가수원동163,1,대전광역시 서구 가수원로 17-17,대전광역시 서구 가수원동 813-8,36.296667,127.354603,2016,한전주,042-288-3950,대전광역시 서구청,2025-06-26
가수원동164,1,대전광역시 서구 벌곡로1287번길 44,대전광역시 서구 가수원동 814-8,36.29670996,127.354339,2016,한전주,042-288-3950,대전광역시 서구청,2025-06-26
가수원동165,1,대전광역시 서구 가수원로 17-19,대전광역시 서구 가수원동 813-7,36.29655615,127.3546025,2016,한전주,042-288-3950,대전광역시 서구청,2025-06-26
가수원동166,1,대전광역시 서구 벌곡로1287번길 26,대전광역시 서구 가수원동 812-6,36.29666043,127.3551144,2016,한전주,042-288-3950,대전광역시 서구청,2025-06-26
가수원동167,1,대전광역시 서구 벌곡로1287번길 28-8,대전광역시 서구 가수원동 812-8,36.29692271,127.3550423,2016,한전주,042-288-3950,대전광역시 서구청,2025-06-26
가수원동168,1,대전광역시 서구 가수원중로57번길 95,대전광역시 서구 가수원동 810-14,36.29720091,127.354858,2016,한전주,042-288-3950,대전광역시 서구청,2025-06-26
가수원동169,1,대전광역시 서구 가수원중로57번길 101,대전광역시 서구 가수원동 810-11,36.29729164,127.3551989,2016,한전주,042-288-3950,대전광역시 서구청,2025-06-26
가수원동170,1,대전광역시 서구 벌곡로1287번길 22-10,대전광역시 서구 가수원동 811-10,36.29697656,127.355309,2016,한전주,042-288-3950,대전광역시 서구청,2025-06-26
가수원동171,1,대전광역시 서구 벌곡로1287번길 22-8,대전광역시 서구 가수원동 811-9,36.29684662,127.3554182,2016,한전주,042-288-3950,대전광역시 서구청,2025-06-26
가수원동172,1,대전광역시 서구 벌곡로1287번길 20,대전광역시 서구 가수원동 811-7,36.29660562,127.3554871,2016,한전주,042-288-3950,대전광역시 서구청,2025-06-26
가수원동173,1,대전광역시 서구 가수원로7번길 22,대전광역시 서구 가수원동 811-6,36.29656082,127.3556412,2016,한전주,042-288-3950,대전광역시 서구청,2025-06-26
가수원동174,1,대전광역시 서구 가수원로 5,대전광역시 서구 가수원동 809,36.29676545,127.3561655,2016,전용주,042-288-3950,대전광역시 서구청,2025-06-26
가수원동175,1,대전광역시 서구 가수원로 5,대전광역시 서구 가수원동 809,36.29676545,127.3561655,2016,한전주,042-288-3950,대전광역시 서구청,2025-06-26
가수원동176,1,대전광역시 서구 가수원로7번길 18,대전광역시 서구 가수원동 811-5,36.29670385,127.355605,2016,전용주,042-288-3950,대전광역시 서구청,2025-06-26
가수원동177,1,대전광역시 서구 가수원로 5,대전광역시 서구 가수원동 809,36.29676545,127.3561655,2016,한전주,042-288-3950,대전광역시 서구청,2025-06-26
가수원동178,1,대전광역시 서구 가수원로 106,대전광역시 서구 가수원동 762,36.30374257,127.3504687,2016,한전주,042-288-3950,대전광역시 서구청,2025-06-26
가수원동179,1,대전광역시 서구 벌곡로1379번길 33,대전광역시 서구 가수원동 769-1,36.303811,127.3516802,2016,한전주,042-288-3950,대전광역시 서구청,2025-06-26
가수원동180,1,대전광역시 서구 가수원로 106,대전광역시 서구 가수원동 762,36.30374257,127.3504687,2016,한전주,042-288-3950,대전광역시 서구청,2025-06-26
가수원동181,1,대전광역시 서구 가수원로 106,대전광역시 서구 가수원동 762,36.30374257,127.3504687,2016,한전주,042-288-3950,대전광역시 서구청,2025-06-26
가수원동182,1,대전광역시 서구 가수원로 106,대전광역시 서구 가수원동 762,36.30374257,127.3504687,2016,한전주,042-288-3950,대전광역시 서구청,2025-06-26
가수원동183,1,,대전광역시 서구 가수원동 761-2,36.30378244,127.349319,2016,한전주,042-288-3950,대전광역시 서구청,2025-06-26
가수원동184,1,대전광역시 서구 가수원로 105,대전광역시 서구 가수원동 761-3,36.303547,127.3493657,2016,전용주,042-288-3950,대전광역시 서구청,2025-06-26
가수원동185,1,대전광역시 서구 가수원로 103-5,대전광역시 서구 가수원동 655-41,36.30322115,127.349314,2016,전용주,042-288-3950,대전광역시 서구청,2025-06-26
가수원동186,1,,대전광역시 서구 가수원동 566-20,36.303341,127.348950,2016,전용주,042-288-3950,대전광역시 서구청,2025-06-26
가수원동187,1,,대전광역시 서구 가수원동 656-28,36.302209,127.349395,2016,한전주,042-288-3950,대전광역시 서구청,2025-06-26
가수원동188,1,대전광역시 서구 가수원로 91-11,대전광역시 서구 가수원동 656-48,36.30169402,127.3489227,2016,한전주,042-288-3950,대전광역시 서구청,2025-06-26
가수원동189,1,대전광역시 서구 가수원로 91-11,대전광역시 서구 가수원동 656-48,36.30169402,127.3489227,2016,한전주,042-288-3950,대전광역시 서구청,2025-06-26
가수원동190,1,,대전광역시 서구 가수원동 산16-179,36.30152695,127.3493826,2016,전용주,042-288-3950,대전광역시 서구청,2025-06-26
가수원동191,1,대전광역시 서구 벌곡로 1384,대전광역시 서구 가수원동 211-1,36.30482708,127.3538879,2016,전용주,042-288-3950,대전광역시 서구청,2025-06-26
가수원동192,1,대전광역시 서구 계백로 1172,대전광역시 서구 가수원동 211-14,36.30486835,127.3540104,2016,한전주,042-288-3950,대전광역시 서구청,2025-06-26
가수원동193,1,대전광역시 서구 계백로 1186,대전광역시 서구 가수원동 191-1,36.30487277,127.3552243,2016,전용주,042-288-3950,대전광역시 서구청,2025-06-26
가수원동194,1,대전광역시 서구 벌곡로1384번길 17,대전광역시 서구 가수원동 211-9,36.30472635,127.3544585,2016,한전주,042-288-3950,대전광역시 서구청,2025-06-26
가수원동195,1,대전광역시 서구 계백로 1186,대전광역시 서구 가수원동 191-1,36.30487277,127.3552243,2016,한전주,042-288-3950,대전광역시 서구청,2025-06-26
가수원동196,1,대전광역시 서구 가수원동 벌곡로1384번길 37,대전광역시 서구 가수원동 188-2,36.305245,127.3561281,2016,전용주,042-288-3950,대전광역시 서구청,2025-06-26
가수원동197,1,대전광역시 서구 계백로 1186,대전광역시 서구 가수원동 191-1,36.30487277,127.3552243,2016,전용주,042-288-3950,대전광역시 서구청,2025-06-26
가수원동198,1,대전광역시 서구 계백로 1186,대전광역시 서구 가수원동 191-1,36.30487277,127.3552243,2016,한전주,042-288-3950,대전광역시 서구청,2025-06-26
가수원동199,1,,대전광역시 서구 가수원동 38-1,36.304116,127.355457,2016,한전주,042-288-3950,대전광역시 서구청,2025-06-26
가수원동200,1,,대전광역시 서구 가수원동 38-3,36.304120,127.355816,2016,전용주,042-288-3950,대전광역시 서구청,2025-06-26
가수원동201,1,,대전광역시 서구 가수원동 38-6,36.304100,127.356056,2016,전용주,042-288-3950,대전광역시 서구청,2025-06-26
가수원동202,1,대전광역시 서구 가수원동 도안동로 156-13,대전광역시 서구 가수원동 189,36.30522866,127.3561281,2016,한전주,042-288-3950,대전광역시 서구청,2025-06-26
가수원동203,1,대전광역시 서구 벌곡로1384번길 53,대전광역시 서구 가수원동 179-4,36.30496557,127.3566542,2016,한전주,042-288-3950,대전광역시 서구청,2025-06-26
가수원동204,1,,대전광역시 서구 가수원동 99-4,36.30428165,127.356743,2016,한전주,042-288-3950,대전광역시 서구청,2025-06-26
가수원동205,1,대전광역시 서구 벌곡로1384번길 65,대전광역시 서구 가수원동 179-3,36.304500,127.3572116,2016,한전주,042-288-3950,대전광역시 서구청,2025-06-26
가수원동206,1,대전광역시 서구 벌곡로1384번길 58,대전광역시 서구 가수원동 99-1,36.3042603,127.3571378,2016,한전주,042-288-3950,대전광역시 서구청,2025-06-26
가수원동207,1,대전광역시 서구 벌곡로1384번길 78,대전광역시 서구 가수원동 179-15,36.30430388,127.3579644,2016,한전주,042-288-3950,대전광역시 서구청,2025-06-26
가수원동208,1,대전광역시 서구 계백로 1210,대전광역시 서구 가수원동 175-1,36.30516732,127.3580203,2016,한전주,042-288-3950,대전광역시 서구청,2025-06-26
가수원동209,1,대전광역시 서구 가수원동 벌곡로1384번길 89,대전광역시 서구 가수원동 174-11,36.30493952,127.358414,2016,한전주,042-288-3950,대전광역시 서구청,2025-06-26
가수원동210,1,대전광역시 서구 가수원동 벌곡로1384번길 97,대전광역시 서구 가수원동 174-16,36.30505916,127.3587157,2016,한전주,042-288-3950,대전광역시 서구청,2025-06-26
가수원동211,1,,대전광역시 서구 가수원동 174-15,36.305268,127.3589283,2016,한전주,042-288-3950,대전광역시 서구청,2025-06-26
가수원동212,1,대전광역시 서구 가수원동 벌곡로1384번길 104,대전광역시 서구 가수원동 710,36.30518611,127.3590369,2016,한전주,042-288-3950,대전광역시 서구청,2025-06-26
가수원동213,1,대전광역시 서구 가수원동 벌곡로1328번길 118,대전광역시 서구 가수원동 709-1,36.3028501,127.3573759,2016,전용주,042-288-3950,대전광역시 서구청,2025-06-26
가수원동214,1,,대전광역시 서구 가수원동 706-9,36.304902,127.359589,2016,전용주,042-288-3950,대전광역시 서구청,2025-06-26
가수원동215,1,,대전광역시 서구 가수원동 157-7,36.30453874,127.3595309,2016,한전주,042-288-3950,대전광역시 서구청,2025-06-26
가수원동216,1,,대전광역시 서구 가수원동 157-7,36.30453874,127.3595309,2016,한전주,042-288-3950,대전광역시 서구청,2025-06-26
가수원동217,1,,대전광역시 서구 가수원동 139-1,36.30334259,127.3609191,2016,한전주,042-288-3950,대전광역시 서구청,2025-06-26
가수원동218,1,,대전광역시 서구 가수원동 139-1,36.30334259,127.3609191,2016,한전주,042-288-3950,대전광역시 서구청,2025-06-26
가수원동219,1,,대전광역시 서구 가수원동 135-3,36.30303234,127.361084,2016,한전주,042-288-3950,대전광역시 서구청,2025-06-26
가수원동220,1,,대전광역시 서구 가수원동 134-1,36.302749,127.361290,2016,한전주,042-288-3950,대전광역시 서구청,2025-06-26
가수원동221,1,,대전광역시 서구 가수원동 134-1,36.302749,127.3612742,2016,한전주,042-288-3950,대전광역시 서구청,2025-06-26
가수원동222,1,,대전광역시 서구 가수원동 145-1,36.30206924,127.361398,2016,한전주,042-288-3950,대전광역시 서구청,2025-06-26
가수원동223,1,,대전광역시 서구 가수원동 118-1,36.30103452,127.361384,2016,한전주,042-288-3950,대전광역시 서구청,2025-06-26
가수원동224,1,,대전광역시 서구 가수원동 118-1,36.30103452,127.3613814,2016,한전주,042-288-3950,대전광역시 서구청,2025-06-26
가수원동225,1,,대전광역시 서구 가수원동 118-1,36.30103452,127.3613814,2016,한전주,042-288-3950,대전광역시 서구청,2025-06-26
가수원동226,1,,대전광역시 서구 가수원동 30-2,36.29910253,127.3607278,2016,한전주,042-288-3950,대전광역시 서구청,2025-06-26
가수원동227,1,대전광역시 서구 벌곡로1328번안길 77-41,대전광역시 서구 가수원동 30-3,36.299232,127.360493,2016,한전주,042-288-3950,대전광역시 서구청,2025-06-26
가수원동228,1,,대전광역시 서구 가수원동 31-6,36.29857507,127.360260,2016,한전주,042-288-3950,대전광역시 서구청,2025-06-26
가수원동229,1,,대전광역시 서구 가수원동 31-6,36.29857507,127.360260,2016,한전주,042-288-3950,대전광역시 서구청,2025-06-26
가수원동230,1,,대전광역시 서구 가수원동 31-2,36.29852978,127.3604819,2016,한전주,042-288-3950,대전광역시 서구청,2025-06-26
가수원동231,1,대전광역시 서구 벌곡로1328번안길 163,대전광역시 서구 가수원동 563-5,36.29581092,127.3589066,2016,전용주,042-288-3950,대전광역시 서구청,2025-06-26
가수원동232,1,,대전광역시 서구 가수원동 563-6,36.295632,127.3588087,2016,한전주,042-288-3950,대전광역시 서구청,2025-06-26
가수원동233,1,대전광역시 서구 벌곡로1328번안길 162,대전광역시 서구 가수원동 550-1,36.29593261,127.3586569,2016,전용주,042-288-3950,대전광역시 서구청,2025-06-26
가수원동234,1,,대전광역시 서구 가수원동 553-7,36.29655766,127.3586912,2016,한전주,042-288-3950,대전광역시 서구청,2025-06-26
가수원동235,1,대전광역시 서구 벌곡로1328번안길 124-5,대전광역시 서구 가수원동 553-1,36.29715151,127.3580684,2016,한전주,042-288-3950,대전광역시 서구청,2025-06-26
가수원동236,1,대전광역시 서구 벌곡로1328번안길 124-6,대전광역시 서구 가수원동 57-3,36.29747714,127.357837,2016,한전주,042-288-3950,대전광역시 서구청,2025-06-26
가수원동237,1,대전광역시 서구 벌곡로1328번안길 124-17,대전광역시 서구 가수원동 547-54,36.297728,127.3575211,2016,한전주,042-288-3950,대전광역시 서구청,2025-06-26
가수원동238,1,대전광역시 서구 벌곡로1328번안길 124-24,대전광역시 서구 가수원동 58-12,36.298072,127.3577256,2016,한전주,042-288-3950,대전광역시 서구청,2025-06-26
가수원동239,1,대전광역시 서구 벌곡로1328번안길 124-33,대전광역시 서구 가수원동 547-52,36.29842266,127.3573959,2016,한전주,042-288-3950,대전광역시 서구청,2025-06-26
가수원동240,1,,대전광역시 서구 가수원동 124-42,36.298763,127.357404,2016,한전주,042-288-3950,대전광역시 서구청,2025-06-26
가수원동241,1,대전광역시 서구 벌곡로1328번안길 124-50,대전광역시 서구 가수원동 58-1,36.299180,127.3573876,2016,한전주,042-288-3950,대전광역시 서구청,2025-06-26
가수원동242,1,,대전광역시 서구 가수원동 69-1,36.2995997,127.3574226,2016,한전주,042-288-3950,대전광역시 서구청,2025-06-26
가수원동243,1,대전광역시 서구 가수원동 벌곡로1328번안길 80-11,대전광역시 서구 가수원동 67-1,36.299299,127.357603,2016,한전주,042-288-3950,대전광역시 서구청,2025-06-26
가수원동244,1,,대전광역시 서구 가수원동 63-3,36.29892588,127.3577259,2016,전용주,042-288-3950,대전광역시 서구청,2025-06-26
가수원동245,1,대전광역시 서구 벌곡로1328번안길 78,대전광역시 서구 가수원동 72,36.29942859,127.357876,2016,한전주,042-288-3950,대전광역시 서구청,2025-06-26
가수원동246,1,,대전광역시 서구 가수원동 56-2,36.297832,127.358386,2016,한전주,042-288-3950,대전광역시 서구청,2025-06-26
가수원동247,1,대전광역시 서구 가수원동 벌곡로1328번안길 108,대전광역시 서구 가수원동 60-7,36.29807171,127.3581578,2016,한전주,042-288-3950,대전광역시 서구청,2025-06-26
가수원동248,1,대전광역시 서구 벌곡로1328번안길 96,대전광역시 서구 가수원동 60-1,36.29874656,127.358275,2016,한전주,042-288-3950,대전광역시 서구청,2025-06-26
가수원동249,1,대전광역시 서구 벌곡로1328번안길 92,대전광역시 서구 가수원동 63-4,36.298809,127.3578931,2016,전용주,042-288-3950,대전광역시 서구청,2025-06-26
가수원동250,1,대전광역시 서구 벌곡로1328번안길 86,대전광역시 서구 가수원동 64,36.299074,127.3580535,2016,한전주,042-288-3950,대전광역시 서구청,2025-06-26
가수원동251,1,,대전광역시 서구 가수원동 47-2,36.299412,127.3585569,2016,한전주,042-288-3950,대전광역시 서구청,2025-06-26
가수원동252,1,,대전광역시 서구 가수원동 714-2,36.30231679,127.3593802,2016,한전주,042-288-3950,대전광역시 서구청,2025-06-26
가수원동253,1,대전광역시 서구 벌곡로1328번안길 77-18,대전광역시 서구 가수원동 48-1,36.29938902,127.3590745,2016,한전주,042-288-3950,대전광역시 서구청,2025-06-26
가수원동254,1,대전광역시 서구 벌곡로1328번안길 77-10,대전광역시 서구 가수원동 48,36.29940029,127.3588013,2016,한전주,042-288-3950,대전광역시 서구청,2025-06-26
가수원동255,1,대전광역시 서구 벌곡로1328번안길 73,대전광역시 서구 가수원동 44-3,36.29972558,127.3582124,2016,전용주,042-288-3950,대전광역시 서구청,2025-06-26
가수원동256,1,대전광역시 서구 벌곡로1328번안길 67,대전광역시 서구 가수원동 44-2,36.29993338,127.3581578,2016,한전주,042-288-3950,대전광역시 서구청,2025-06-26
가수원동257,1,대전광역시 서구 벌곡로1328번안길 58,대전광역시 서구 가수원동 75-2,36.30040659,127.3577644,2016,한전주,042-288-3950,대전광역시 서구청,2025-06-26
가수원동258,1,,대전광역시 서구 가수원동 547-49,36.29993302,127.3569879,2016,한전주,042-288-3950,대전광역시 서구청,2025-06-26
가수원동259,1,,대전광역시 서구 가수원동 77-3,36.30040221,127.3569319,2016,전용주,042-288-3950,대전광역시 서구청,2025-06-26
가수원동260,1,,대전광역시 서구 가수원동 546-1,36.30089346,127.3570438,2016,전용주,042-288-3950,대전광역시 서구청,2025-06-26
가수원동261,1,,대전광역시 서구 가수원동 546-1,36.30089346,127.3570438,2016,전용주,042-288-3950,대전광역시 서구청,2025-06-26
가수원동262,1,,대전광역시 서구 가수원동 79-2,36.30151283,127.357008,2016,전용주,042-288-3950,대전광역시 서구청,2025-06-26
가수원동263,1,대전광역시 서구 벌곡로1328번안길 7,대전광역시 서구 가수원동 85-1,36.30238238,127.3575428,2016,한전주,042-288-3950,대전광역시 서구청,2025-06-26
가수원동264,1,대전광역시 서구 벌곡로1328번길 107,대전광역시 서구 가수원동 175-7,36.30435861,127.358225,2016,전용주,042-288-3950,대전광역시 서구청,2025-06-26
가수원동265,1,,대전광역시 서구 가수원동 129,36.3024953,127.3624396,2016,전용주,042-288-3950,대전광역시 서구청,2025-06-26
가수원동266,1,대전광역시 서구 벌곡로1328번길 130,대전광역시 서구 가수원동 172-6,36.3050154,127.3590055,2016,전용주,042-288-3950,대전광역시 서구청,2025-06-26
가수원동267,1,대전광역시 서구 벌곡로1328번길 128,대전광역시 서구 가수원동 172-7,36.30484188,127.3588995,2016,전용주,042-288-3950,대전광역시 서구청,2025-06-26
가수원동268,1,대전광역시 서구 벌곡로1328번길 99,대전광역시 서구 가수원동 93-2,36.30396673,127.3581516,2016,전용주,042-288-3950,대전광역시 서구청,2025-06-26
가수원동269,1,대전광역시 서구 벌곡로1328번길 99,대전광역시 서구 가수원동 93-2,36.30396673,127.3581516,2016,전용주,042-288-3950,대전광역시 서구청,2025-06-26
가수원동270,1,대전광역시 서구 벌곡로1328번길 69,대전광역시 서구 가수원동 502-1,36.30301606,127.3569184,2016,전용주,042-288-3950,대전광역시 서구청,2025-06-26
가수원동271,1,,대전광역시 서구 가수원동 502-3,36.302475,127.356959,2016,전용주,042-288-3950,대전광역시 서구청,2025-06-26
가수원동272,1,,대전광역시 서구 가수원동 505-1,36.30282332,127.3556414,2016,전용주,042-288-3950,대전광역시 서구청,2025-06-26
가수원동273,1,대전광역시 서구 벌곡로 1346,대전광역시 서구 가수원동 512-1,36.30068294,127.3556651,2016,전용주,042-288-3950,대전광역시 서구청,2025-06-26
가수원동274,1,대전광역시 서구 벌곡로 1346,대전광역시 서구 가수원동 512-1,36.30068294,127.3556651,2016,전용주,042-288-3950,대전광역시 서구청,2025-06-26
가수원동275,1,대전광역시 서구 벌곡로 1346,대전광역시 서구 가수원동 512-1,36.30068294,127.3556651,2016,전용주,042-288-3950,대전광역시 서구청,2025-06-26
가수원동276,1,대전광역시 서구 벌곡로 1346,대전광역시 서구 가수원동 512-1,36.30068294,127.3556651,2016,전용주,042-288-3950,대전광역시 서구청,2025-06-26
가수원동277,1,대전광역시 서구 벌곡로 1346,대전광역시 서구 가수원동 512-1,36.30068294,127.3556651,2016,전용주,042-288-3950,대전광역시 서구청,2025-06-26
가수원동278,1,,대전광역시 서구 가수원동 593-4,36.296584,127.354079,2016,한전주,042-288-3950,대전광역시 서구청,2025-06-26
가수원동280,1,,대전광역시 서구 가수원동 609,36.295443,127.352087,2016,한전주,042-288-3950,대전광역시 서구청,2025-06-26
가수원동285,1,대전광역시 서구 벌곡로1285번길 182,대전광역시 서구 가수원동 618-4,36.292395,127.3498144,2016,한전주,042-288-3950,대전광역시 서구청,2025-06-26
가수원동286,1,,대전광역시 서구 가수원동 19-9,36.292043,127.349665,2016,한전주,042-288-3950,대전광역시 서구청,2025-06-26
가수원동287,1,,대전광역시 서구 가수원동 619,36.29142459,127.3478767,2016,한전주,042-288-3950,대전광역시 서구청,2025-06-26
가수원동288,1,,대전광역시 서구 가수원동 19-46,36.291215,127.347677,2016,한전주,042-288-3950,대전광역시 서구청,2025-06-26
가수원동290,1,대전광역시 서구 가수원동 도안동로 220-26,대전광역시 서구 가수원동 632-1,36.29629316,127.351264,2016,한전주,042-288-3950,대전광역시 서구청,2025-06-26
가수원동291,1,,대전광역시 서구 가수원동 456,36.296856,127.351050,2016,한전주,042-288-3950,대전광역시 서구청,2025-06-26
가수원동292,1,,대전광역시 서구 가수원동 88-29,36.296656,127.350846,2016,전용주,042-288-3950,대전광역시 서구청,2025-06-26
가수원동293,1,,대전광역시 서구 가수원동 604-1,36.297285,127.350651,2016,한전주,042-288-3950,대전광역시 서구청,2025-06-26
가수원동294,1,,대전광역시 서구 가수원동 577-2,36.295604,127.356739,2016,한전주,042-288-3950,대전광역시 서구청,2025-06-26
가수원동295,1,,대전광역시 서구 가수원동 579-2,36.295626,127.356161,2016,한전주,042-288-3950,대전광역시 서구청,2025-06-26
가수원동296,1,,대전광역시 서구 가수원동 706-47,36.306014,127.3580545,2016,한전주,042-288-3950,대전광역시 서구청,2025-06-26
가수원동297,1,,대전광역시 서구 가수원동 505-3,36.30248341,127.356844,2016,전용주,042-288-3950,대전광역시 서구청,2025-06-26
가수원동297-2,1,,대전광역시 서구 가수원동 505-3,36.30248341,127.356844,2016,전용주,042-288-3950,대전광역시 서구청,2025-06-26
가수원동298,1,,대전광역시 서구 가수원동 643-11,36.30192638,127.3500861,2017,한전주,042-288-3950,대전광역시 서구청,2025-06-26
가수원동299,1,,대전광역시 서구 가수원동 777-12,36.29949058,127.3510321,2017,한전주,042-288-3950,대전광역시 서구청,2025-06-26
가수원동300,1,,대전광역시 서구 가수원동 656-34,36.30333034,127.347731,2017,한전주,042-288-3950,대전광역시 서구청,2025-06-26
가수원동301,1,,대전광역시 서구 가수원동 656-34,36.30333034,127.347749,2017,전용주,042-288-3950,대전광역시 서구청,2025-06-26
가수원동302,1,대전광역시 서구 가수원로65번길 38,대전광역시 서구 가수원동 520-105,36.298177,127.3509858,2023,전용주,042-288-3950,대전광역시 서구청,2025-06-26
가수원동303,1,대전광역시 서구 가수원로65번길 38,대전광역시 서구 가수원동 520-105,36.29811263,127.3509858,2023,전용주,042-288-3950,대전광역시 서구청,2025-06-26
가수원동304,1,대전광역시 서구 가수원로65번길 38,대전광역시 서구 가수원동 520-105,36.29811263,127.350963,2023,전용주,042-288-3950,대전광역시 서구청,2025-06-26
가수원동305,1,대전광역시 서구 가수원로65번길 38,대전광역시 서구 가수원동 520-105,36.29811263,127.3509858,2023,전용주,042-288-3950,대전광역시 서구청,2025-06-26
가수원동306,1,,대전광역시 서구 가수원동 520-103,36.298468,127.351115,2017,전용주,042-288-3950,대전광역시 서구청,2025-06-26
가수원동307,1,,대전광역시 서구 가수원동 520-104,36.298225,127.351178,2022,전용주,042-288-3950,대전광역시 서구청,2025-06-26
가수원동308,1,,대전광역시 서구 가수원동 520-104,36.29823557,127.351195,2017,전용주,042-288-3950,대전광역시 서구청,2025-06-26
가수원동309,1,,대전광역시 서구 가수원동 592-5,36.2976247,127.3507169,2022,전용주,042-288-3950,대전광역시 서구청,2025-06-26
가수원동310,1,,대전광역시 서구 가수원동 592-5,36.2976247,127.3507169,2017,전용주,042-288-3950,대전광역시 서구청,2025-06-26
가수원동311,1,,대전광역시 서구 가수원동 592-5,36.2976247,127.3507169,2022,한전주,042-288-3950,대전광역시 서구청,2025-06-26
가수원동312,1,,대전광역시 서구 가수원동 793-3,36.29945237,127.355320,2018,전용주,042-288-3950,대전광역시 서구청,2025-06-26
가수원동313,1,,대전광역시 서구 가수원동 785-9,36.29983068,127.353353,2022,전용주,042-288-3950,대전광역시 서구청,2025-06-26
가수원동314,1,,대전광역시 서구 가수원동 774-10,36.30031508,127.3520095,2018,한전주,042-288-3950,대전광역시 서구청,2025-06-26
가수원동315,1,,대전광역시 서구 가수원동 773-1,36.30120997,127.351854,2022,한전주,042-288-3950,대전광역시 서구청,2025-06-26
가수원동316,1,대전광역시 서구 가수원중로47번길 2,대전광역시 서구 가수원동 786-1,36.300567,127.352308,2022,한전주,042-288-3950,대전광역시 서구청,2025-06-26
가수원동317,1,,대전광역시 서구 가수원동 706-47,36.3060001,127.3580545,2022,한전주,042-288-3950,대전광역시 서구청,2025-06-26
가수원동318,1,,대전광역시 서구 가수원동 706-47,36.306018,127.358052,2022,한전주,042-288-3950,대전광역시 서구청,2025-06-26
가수원동319,1,,대전광역시 서구 가수원동 706-47,36.3060001,127.358030,2022,한전주,042-288-3950,대전광역시 서구청,2025-06-26
가수원동320,1,,대전광역시 서구 가수원동 706-47,36.3060001,127.358047,2022,한전주,042-288-3950,대전광역시 서구청,2025-06-26
가수원동321,1,,대전광역시 서구 도안동 2139,36.306514,127.3564975,2023,한전주,042-288-3950,대전광역시 서구청,2025-06-26
가수원동322,1,,대전광역시 서구 도안동 2146,36.3068496,127.356397,2023,한전주,042-288-3950,대전광역시 서구청,2025-06-26
가수원동323,1,,대전광역시 서구 도안동 2146,36.3068496,127.3563651,2023,전용주,042-288-3950,대전광역시 서구청,2025-06-26
가수원동324,1,,대전광역시 서구 도안동 2168,36.30783915,127.3558935,2023,전용주,042-288-3950,대전광역시 서구청,2025-06-26
가수원동325,1,,대전광역시 서구 도안동 2168,36.30783915,127.3558935,2023,한전주,042-288-3950,대전광역시 서구청,2025-06-26
가수원동326,1,,대전광역시 서구 도안동 2210,36.30843604,127.355644,2023,한전주,042-288-3950,대전광역시 서구청,2025-06-26
가수원동327,1,,대전광역시 서구 도안동 2210,36.30843604,127.3556374,2023,한전주,042-288-3950,대전광역시 서구청,2025-06-26
가수원동328,1,,대전광역시 서구 도안동 2207,36.30810359,127.3559053,2023,한전주,042-288-3950,대전광역시 서구청,2025-06-26
가수원동329,1,,대전광역시 서구 도안동 2207,36.30810359,127.3559053,2023,한전주,042-288-3950,대전광역시 서구청,2025-06-26
가수원동330,1,,대전광역시 서구 도안동 2228,36.30962555,127.3551086,2023,한전주,042-288-3950,대전광역시 서구청,2025-06-26
가수원동331,1,,대전광역시 서구 도안동 2228,36.30962555,127.355162,2023,한전주,042-288-3950,대전광역시 서구청,2025-06-26
가수원동332,1,,대전광역시 서구 도안동 2228,36.30962555,127.3551086,2023,한전주,042-288-3950,대전광역시 서구청,2025-06-26
가수원동333,1,,대전광역시 서구 도안동 2228,36.30962555,127.3551086,2023,한전주,042-288-3950,대전광역시 서구청,2025-06-26
가수원동334,1,,대전광역시 서구 도안동 2228,36.30962555,127.3551086,2023,한전주,042-288-3950,대전광역시 서구청,2025-06-26
가수원동335,1,,대전광역시 서구 도안동 2229,36.31082422,127.3545574,2023,한전주,042-288-3950,대전광역시 서구청,2025-06-26
가수원동336,1,,대전광역시 서구 도안동 2229,36.31082422,127.3545574,2023,한전주,042-288-3950,대전광역시 서구청,2025-06-26
가수원동337,1,,대전광역시 서구 도안동 2229,36.310841,127.354525,2023,한전주,042-288-3950,대전광역시 서구청,2025-06-26
가수원동338,1,,대전광역시 서구 도안동 2229,36.31082422,127.3545574,2023,한전주,042-288-3950,대전광역시 서구청,2025-06-26
가수원동339,1,,대전광역시 서구 도안동 2276,36.31186419,127.3539965,2023,한전주,042-288-3950,대전광역시 서구청,2025-06-26
가수원동340,1,,대전광역시 서구 도안동 2276,36.31186419,127.3539965,2023,한전주,042-288-3950,대전광역시 서구청,2025-06-26
가수원동341,1,,대전광역시 서구 도안동 2276,36.31186419,127.3539965,2023,한전주,042-288-3950,대전광역시 서구청,2025-06-26
가수원동342,1,,대전광역시 서구 도안동 2124,36.30629203,127.3565348,2023,한전주,042-288-3950,대전광역시 서구청,2025-06-26
가수원동343,1,,대전광역시 서구 가수원동 604-3,36.29695924,127.351538,2023,전용주,042-288-3950,대전광역시 서구청,2025-06-26
가수원동344,1,,대전광역시 서구 가수원동 118-1,36.30103452,127.361342,2023,한전주,042-288-3950,대전광역시 서구청,2025-06-26
가수원동345,1,,대전광역시 서구 가수원동 557-1,36.29774142,127.359777,2023,한전주,042-288-3950,대전광역시 서구청,2025-06-26
가수원동346,1,,대전광역시 서구 가수원동 558,36.29705676,127.3598958,2023,전용주,042-288-3950,대전광역시 서구청,2025-06-26
가수원동347,1,,대전광역시 서구 가수원동 558,36.297070,127.359857,2023,한전주,042-288-3950,대전광역시 서구청,2025-06-26
가수원동348,1,,대전광역시 서구 가수원동 714-12,36.29936384,127.3593384,2023,한전주,042-288-3950,대전광역시 서구청,2025-06-26
가수원동349,1,,대전광역시 서구 가수원동 560,36.2963625,127.3596371,2023,한전주,042-288-3950,대전광역시 서구청,2025-06-26
가수원동350,1,,대전광역시 서구 가수원동 562-1,36.29596859,127.3593162,2023,전용주,042-288-3950,대전광역시 서구청,2025-06-26
가수원동351,1,,대전광역시 서구 가수원동 561,36.29586154,127.359393,2023,전용주,042-288-3950,대전광역시 서구청,2025-06-26
가수원동352,1,,대전광역시 서구 가수원동 562-1,36.29596859,127.3593162,2023,전용주,042-288-3950,대전광역시 서구청,2025-06-26
가수원동353,1,,대전광역시 서구 가수원동 706-26,36.29675219,127.3603944,2023,전용주,042-288-3950,대전광역시 서구청,2025-06-26
가수원동354,1,,대전광역시 서구 가수원동 706-26,36.29675219,127.3603944,2023,전용주,042-288-3950,대전광역시 서구청,2025-06-26
가수원동355,1,,대전광역시 서구 가수원동 706-26,36.29675219,127.3603944,2023,전용주,042-288-3950,대전광역시 서구청,2025-06-26
가수원동356,1,,대전광역시 서구 가수원동 706-26,36.29675219,127.3603944,2023,전용주,042-288-3950,대전광역시 서구청,2025-06-26
가수원동357,1,,대전광역시 서구 가수원동 706-26,36.29675219,127.3603944,2023,전용주,042-288-3950,대전광역시 서구청,2025-06-26
가수원동358,1,,대전광역시 서구 가수원동 706-26,36.29675219,127.3603944,2023,전용주,042-288-3950,대전광역시 서구청,2025-06-26
가수원동359,1,,대전광역시 서구 가수원동 706-26,36.29675219,127.3603944,2023,전용주,042-288-3950,대전광역시 서구청,2025-06-26
가수원동360,1,,대전광역시 서구 가수원동 571-1,36.293610,127.358266,2023,전용주,042-288-3950,대전광역시 서구청,2025-06-26
가수원동361,1,,대전광역시 서구 가수원동 571-1,36.29361451,127.3582417,2023,전용주,042-288-3950,대전광역시 서구청,2025-06-26
가수원동362,1,,대전광역시 서구 가수원동 706-26,36.29675219,127.3603944,2023,전용주,042-288-3950,대전광역시 서구청,2025-06-26
가수원동363,1,,대전광역시 서구 가수원동 706-26,36.29675219,127.3603944,2023,전용주,042-288-3950,대전광역시 서구청,2025-06-26
가수원동364,1,,대전광역시 서구 가수원동 706-26,36.29675219,127.3603944,2023,전용주,042-288-3950,대전광역시 서구청,2025-06-26
가수원동365,1,,대전광역시 서구 가수원동 960-14,36.292508,127.357735,2023,전용주,042-288-3950,대전광역시 서구청,2025-06-26
가수원동366,1,,대전광역시 서구 가수원동 960-14,36.292242,127.357614,2023,전용주,042-288-3950,대전광역시 서구청,2025-06-26
가수원동367,1,대전광역시 서구 가수원중로 4-30,대전광역시 서구 가수원동 806-1,36.299250,127.354988,2023,전용주,042-288-3950,대전광역시 서구청,2025-06-26
가수원동368,1,,대전광역시 서구 가수원동 711-1,36.30420799,127.3583875,2023,한전주,042-288-3950,대전광역시 서구청,2025-06-26
가수원동369,1,,대전광역시 서구 가수원동 814-5,36.29692888,127.354496,2024,한전주,042-288-3950,대전광역시 서구청,2025-06-26
가수원동370,1,,대전광역시 서구 가수원동 825,36.29985892,127.3547423,2023,한전주,042-288-3950,대전광역시 서구청,2025-06-26
가수원동371,1,,대전광역시 서구 가수원동 824,36.30037262,127.3530497,2023,전용주,042-288-3950,대전광역시 서구청,2025-06-26
가장동001,1,대전광역시 서구 괴정로134번길 5,대전광역시 서구 가장동 56-32,36.336188,127.386662,2016,한전주,042-288-3950,대전광역시 서구청,2025-06-26
가장동002,1,대전광역시 서구 괴정로134번길 7,대전광역시 서구 가장동 56-9,36.336042,127.3865699,2016,한전주,042-288-3950,대전광역시 서구청,2025-06-26
가장동003,1,대전광역시 서구 도산로321번길 29,대전광역시 서구 가장동 57-26,36.335851,127.3863284,2016,한전주,042-288-3950,대전광역시 서구청,2025-06-26
가장동004,1,대전광역시 서구 괴정로134번길 23,대전광역시 서구 가장동 57-51,36.3355171,127.385952,2016,한전주,042-288-3950,대전광역시 서구청,2025-06-26
가장동005,1,대전광역시 서구 괴정로134번길 31-1,대전광역시 서구 가장동 58-22,36.33523024,127.3857091,2016,전용주,042-288-3950,대전광역시 서구청,2025-06-26
가장동006,1,대전광역시 서구 도솔로328번길 56,대전광역시 서구 가장동 58-1,36.335356,127.3857597,2016,한전주,042-288-3950,대전광역시 서구청,2025-06-26
가장동007,1,대전광역시 서구 도솔로328번길 63,대전광역시 서구 가장동 57-21,36.33526768,127.3862547,2016,한전주,042-288-3950,대전광역시 서구청,2025-06-26
가장동008,1,대전광역시 서구 도솔로328번길 63-1,대전광역시 서구 가장동 57-41,36.33537106,127.3863874,2016,전용주,042-288-3950,대전광역시 서구청,2025-06-26
가장동009,1,대전광역시 서구 도솔로328번길 69,대전광역시 서구 가장동 57-19,36.33515413,127.3865043,2016,한전주,042-288-3950,대전광역시 서구청,2025-06-26
가장동010,1,대전광역시 서구 도솔로328번길 75,대전광역시 서구 가장동 57-8,36.334911,127.3867214,2016,전용주,042-288-3950,대전광역시 서구청,2025-06-26
가장동011,1,대전광역시 서구 도솔로328번길 87,대전광역시 서구 가장동 57-38,36.33461781,127.386990,2016,한전주,042-288-3950,대전광역시 서구청,2025-06-26
가장동012,1,대전광역시 서구 도솔로328번길 91,대전광역시 서구 가장동 57-7,36.334799,127.3871304,2016,한전주,042-288-3950,대전광역시 서구청,2025-06-26
가장동013,1,대전광역시 서구 도솔로328번길 101,대전광역시 서구 가장동 56-22,36.33506083,127.387544,2016,한전주,042-288-3950,대전광역시 서구청,2025-06-26
가장동014,1,대전광역시 서구 도솔로328번길 109,대전광역시 서구 가장동 56-41,36.335302,127.387974,2016,한전주,042-288-3950,대전광역시 서구청,2025-06-26
가장동015,1,대전광역시 서구 도산로321번길 7,대전광역시 서구 가장동 57-5,36.33501911,127.387153,2016,한전주,042-288-3950,대전광역시 서구청,2025-06-26
가장동016,1,대전광역시 서구 도산로321번길 10-1,대전광역시 서구 가장동 56-27,36.33531433,127.3872388,2016,한전주,042-288-3950,대전광역시 서구청,2025-06-26
가장동017,1,대전광역시 서구 도산로321번길 22,대전광역시 서구 가장동 56-21,36.33564533,127.3868213,2016,한전주,042-288-3950,대전광역시 서구청,2025-06-26
가장동018,1,대전광역시 서구 도산로321번길 28,대전광역시 서구 가장동 56-8,36.335884,127.3866412,2016,한전주,042-288-3950,대전광역시 서구청,2025-06-26
가장동019,1,대전광역시 서구 도산로 320-3,대전광역시 서구 가장동 54-30,36.33412269,127.3884915,2016,전용주,042-288-3950,대전광역시 서구청,2025-06-26
가장동020,1,대전광역시 서구 도산로314번길 5,대전광역시 서구 가장동 54-13,36.33376762,127.387991,2016,전용주,042-288-3950,대전광역시 서구청,2025-06-26
가장동021,1,대전광역시 서구 도산로314번길 9-1,대전광역시 서구 가장동 54-11,36.33380578,127.3882876,2016,전용주,042-288-3950,대전광역시 서구청,2025-06-26
가장동022,1,대전광역시 서구 도산로314번길 8,대전광역시 서구 가장동 49-1,36.333556,127.387974,2016,한전주,042-288-3950,대전광역시 서구청,2025-06-26
가장동023,1,대전광역시 서구 도산로314번길 10-10,대전광역시 서구 가장동 49-9,36.333307,127.3876481,2016,한전주,042-288-3950,대전광역시 서구청,2025-06-26
가장동024,1,대전광역시 서구 도산로314번길 13,대전광역시 서구 가장동 54-43,36.33353583,127.3883008,2016,한전주,042-288-3950,대전광역시 서구청,2025-06-26
가장동025,1,대전광역시 서구 괴정로166번길 20,대전광역시 서구 가장동 54-42,36.33360867,127.388492,2016,한전주,042-288-3950,대전광역시 서구청,2025-06-26
가장동026,1,대전광역시 서구 괴정로166번길 18,대전광역시 서구 가장동 54-35,36.33373233,127.3886481,2016,한전주,042-288-3950,대전광역시 서구청,2025-06-26
가장동027,1,대전광역시 서구 괴정로166번길 8,대전광역시 서구 가장동 54-34,36.3340038,127.3889991,2016,한전주,042-288-3950,대전광역시 서구청,2025-06-26
가장동028,1,대전광역시 서구 괴정로166번길 2,대전광역시 서구 가장동 54-41,36.33424601,127.3892006,2016,한전주,042-288-3950,대전광역시 서구청,2025-06-26
가장동029,1,대전광역시 서구 괴정로166번길 9,대전광역시 서구 가장동 53-11,36.33383829,127.3891256,2016,한전주,042-288-3950,대전광역시 서구청,2025-06-26
가장동030,1,대전광역시 서구 유등로465번길 78,대전광역시 서구 가장동 53-25,36.333548,127.3892961,2016,한전주,042-288-3950,대전광역시 서구청,2025-06-26
가장동031,1,대전광역시 서구 유등로465번길 68-1,대전광역시 서구 가장동 53-30,36.33332097,127.3896381,2016,한전주,042-288-3950,대전광역시 서구청,2025-06-26
가장동032,1,대전광역시 서구 유등로465번길 62,대전광역시 서구 가장동 53-10,36.33312637,127.389896,2016,한전주,042-288-3950,대전광역시 서구청,2025-06-26
가장동033,1,대전광역시 서구 유등로465번길 56,대전광역시 서구 가장동 53-38,36.33292969,127.3901046,2016,한전주,042-288-3950,대전광역시 서구청,2025-06-26
가장동034,1,대전광역시 서구 유등로465번길 47,대전광역시 서구 가장동 19-1,36.3325371,127.3902252,2016,한전주,042-288-3950,대전광역시 서구청,2025-06-26
가장동035,1,대전광역시 서구 유등로465번길 40,대전광역시 서구 가장동 18-35,36.332462,127.3907388,2016,한전주,042-288-3950,대전광역시 서구청,2025-06-26
가장동036,1,대전광역시 서구 유등로465번길 34,대전광역시 서구 가장동 18-41,36.332159,127.391014,2016,한전주,042-288-3950,대전광역시 서구청,2025-06-26
가장동037,1,대전광역시 서구 유등로465번길 32,대전광역시 서구 가장동 18-34,36.33210957,127.391055,2016,한전주,042-288-3950,대전광역시 서구청,2025-06-26
가장동038,1,대전광역시 서구 괴정로198번길 9,대전광역시 서구 가장동 17-15,36.33184673,127.3914024,2016,한전주,042-288-3950,대전광역시 서구청,2025-06-26
가장동039,1,대전광역시 서구 유등로465번길 16,대전광역시 서구 가장동 17-12,36.3316065,127.3917257,2016,한전주,042-288-3950,대전광역시 서구청,2025-06-26
가장동040,1,대전광역시 서구 유등로465번길 8,대전광역시 서구 가장동 17-25,36.331304,127.392002,2016,한전주,042-288-3950,대전광역시 서구청,2025-06-26
가장동041,1,,대전광역시 서구 가장동 17-13,36.331755,127.3916901,2016,한전주,042-288-3950,대전광역시 서구청,2025-06-26
가장동042,1,대전광역시 서구 괴정로198번길 8,대전광역시 서구 가장동 18-26,36.332013,127.3912911,2016,한전주,042-288-3950,대전광역시 서구청,2025-06-26
가장동043,1,대전광역시 서구 괴정로 198,대전광역시 서구 가장동 17-1,36.33201308,127.391774,2016,한전주,042-288-3950,대전광역시 서구청,2025-06-26
가장동044,1,대전광역시 서구 괴정로 192,대전광역시 서구 가장동 18-7,36.3325569,127.391109,2016,한전주,042-288-3950,대전광역시 서구청,2025-06-26
가장동045,1,,대전광역시 서구 가장동 18-32,36.33274693,127.3905735,2016,한전주,042-288-3950,대전광역시 서구청,2025-06-26
가장동046,1,대전광역시 서구 유등로 459,대전광역시 서구 가장동 20-18,36.33074878,127.391607,2016,한전주,042-288-3950,대전광역시 서구청,2025-06-26
가장동047,1,대전광역시 서구 도산로314번길 93,대전광역시 서구 가장동 20-6,36.33095163,127.3914748,2016,전용주,042-288-3950,대전광역시 서구청,2025-06-26
가장동048,1,대전광역시 서구 도산로314번길 91,대전광역시 서구 가장동 20-14,36.33098823,127.3913044,2016,한전주,042-288-3950,대전광역시 서구청,2025-06-26
가장동049,1,대전광역시 서구 도산로314번길 83,대전광역시 서구 가장동 20-21,36.33131965,127.390924,2016,한전주,042-288-3950,대전광역시 서구청,2025-06-26
가장동050,1,대전광역시 서구 괴정로198번길 20,대전광역시 서구 가장동 19-33,36.33178624,127.3908581,2016,한전주,042-288-3950,대전광역시 서구청,2025-06-26
가장동051,1,대전광역시 서구 가장로 165,대전광역시 서구 가장동 21-1,36.33090821,127.3907819,2016,한전주,042-288-3950,대전광역시 서구청,2025-06-26
가장동052,1,대전광역시 서구 도산로314번길 71,대전광역시 서구 가장동 19-25,36.33166139,127.390525,2016,한전주,042-288-3950,대전광역시 서구청,2025-06-26
가장동053,1,대전광역시 서구 도산로314번길 69-1,대전광역시 서구 가장동 19-22,36.33183916,127.390554,2016,전용주,042-288-3950,대전광역시 서구청,2025-06-26
가장동054,1,대전광역시 서구 괴정로184번길 21-15,대전광역시 서구 가장동 19-47,36.3319324,127.3905026,2016,한전주,042-288-3950,대전광역시 서구청,2025-06-26
가장동055,1,대전광역시 서구 괴정로184번길 21-3,대전광역시 서구 가장동 19-42,36.33235554,127.390147,2016,전용주,042-288-3950,대전광역시 서구청,2025-06-26
가장동056,1,대전광역시 서구 도산로314번길 64,대전광역시 서구 가장동 22-22,36.331787,127.3900653,2016,한전주,042-288-3950,대전광역시 서구청,2025-06-26
가장동057,1,대전광역시 서구 도산로308번길 47-10,대전광역시 서구 가장동 22-23,36.331686,127.389947,2016,한전주,042-288-3950,대전광역시 서구청,2025-06-26
가장동058,1,대전광역시 서구 도산로314번길 58,대전광역시 서구 가장동 22-2,36.332011,127.3897598,2016,한전주,042-288-3950,대전광역시 서구청,2025-06-26
가장동059,1,대전광역시 서구 괴정로184번길 29,대전광역시 서구 가장동 22-18,36.33209514,127.3896529,2016,한전주,042-288-3950,대전광역시 서구청,2025-06-26
가장동060,1,대전광역시 서구 괴정로184번길 21-4,대전광역시 서구 가장동 19-7,36.332382,127.389958,2016,한전주,042-288-3950,대전광역시 서구청,2025-06-26
가장동061,1,대전광역시 서구 괴정로184번길 14,대전광역시 서구 가장동 52-24,36.332605,127.3900927,2016,한전주,042-288-3950,대전광역시 서구청,2025-06-26
가장동062,1,대전광역시 서구 괴정로184번길 31,대전광역시 서구 가장동 22-17,36.33198584,127.389571,2016,한전주,042-288-3950,대전광역시 서구청,2025-06-26
가장동063,1,대전광역시 서구 도산로314번길 48,대전광역시 서구 가장동 51-6,36.3322897,127.3893488,2016,한전주,042-288-3950,대전광역시 서구청,2025-06-26
가장동064,1,대전광역시 서구 도산로314번길 42,대전광역시 서구 가장동 51-56,36.33250853,127.3892024,2016,한전주,042-288-3950,대전광역시 서구청,2025-06-26
가장동065,1,대전광역시 서구 도산로314번길 32-3,대전광역시 서구 가장동 51-41,36.332762,127.3888565,2016,한전주,042-288-3950,대전광역시 서구청,2025-06-26
가장동066,1,대전광역시 서구 도산로314번길 30,대전광역시 서구 가장동 51-39,36.332966,127.388723,2016,한전주,042-288-3950,대전광역시 서구청,2025-06-26
가장동067,1,대전광역시 서구 도산로314번길 20,대전광역시 서구 가장동 51-1,36.33321191,127.3883407,2016,전용주,042-288-3950,대전광역시 서구청,2025-06-26
가장동068,1,대전광역시 서구 가장로 138-2,대전광역시 서구 가장동 48-3,36.33186231,127.387869,2016,한전주,042-288-3950,대전광역시 서구청,2025-06-26
가장동069,1,대전광역시 서구 괴정로166번길 35,대전광역시 서구 가장동 51-10,36.33302569,127.388085,2016,한전주,042-288-3950,대전광역시 서구청,2025-06-26
가장동070,1,대전광역시 서구 괴정로166번길 38,대전광역시 서구 가장동 49-46,36.33305894,127.387778,2016,한전주,042-288-3950,대전광역시 서구청,2025-06-26
가장동071,1,대전광역시 서구 도산로308번길 6-1,대전광역시 서구 가장동 50-20,36.33262906,127.3878047,2016,한전주,042-288-3950,대전광역시 서구청,2025-06-26
가장동072,1,대전광역시 서구 도산로308번길 16,대전광역시 서구 가장동 50-34,36.33242738,127.388222,2016,한전주,042-288-3950,대전광역시 서구청,2025-06-26
가장동073,1,대전광역시 서구 도산로308번길 16-1,대전광역시 서구 가장동 50-17,36.33233497,127.3881492,2016,한전주,042-288-3950,대전광역시 서구청,2025-06-26
가장동074,1,대전광역시 서구 도산로308번길 20,대전광역시 서구 가장동 50-26,36.33224462,127.3884698,2016,한전주,042-288-3950,대전광역시 서구청,2025-06-26
가장동075,1,대전광역시 서구 도산로308번길 24-1,대전광역시 서구 가장동 50-24,36.33205617,127.3885002,2016,한전주,042-288-3950,대전광역시 서구청,2025-06-26
가장동076,1,대전광역시 서구 도산로308번길 29,대전광역시 서구 가장동 51-51,36.33208922,127.3889523,2016,한전주,042-288-3950,대전광역시 서구청,2025-06-26
가장동077,1,대전광역시 서구 괴정로184번길 42,대전광역시 서구 가장동 50-32,36.331842,127.3889762,2016,한전주,042-288-3950,대전광역시 서구청,2025-06-26
가장동078,1,대전광역시 서구 괴정로184번길 37,대전광역시 서구 가장동 22-1,36.33179784,127.3893205,2016,한전주,042-288-3950,대전광역시 서구청,2025-06-26
가장동079,1,대전광역시 서구 도산로308번길 40,대전광역시 서구 가장동 23-10,36.331621,127.3892072,2016,한전주,042-288-3950,대전광역시 서구청,2025-06-26
가장동080,1,대전광역시 서구 도산로308번길 50,대전광역시 서구 가장동 23-25,36.33129987,127.389578,2016,한전주,042-288-3950,대전광역시 서구청,2025-06-26
가장동081,1,대전광역시 서구 괴정로198번길 46,대전광역시 서구 가장동 23-1,36.33115863,127.3895997,2016,한전주,042-288-3950,대전광역시 서구청,2025-06-26
가장동082,1,대전광역시 서구 괴정로198번길 43,대전광역시 서구 가장동 21-2,36.33075948,127.3901855,2016,전용주,042-288-3950,대전광역시 서구청,2025-06-26
가장동083,1,대전광역시 서구 괴정로198번길 46,대전광역시 서구 가장동 23-1,36.33115863,127.3895997,2016,한전주,042-288-3950,대전광역시 서구청,2025-06-26
가장동084,1,대전광역시 서구 괴정로198번길 46,대전광역시 서구 가장동 23-1,36.33115863,127.3895997,2016,한전주,042-288-3950,대전광역시 서구청,2025-06-26
가장동085,1,대전광역시 서구 유등로465번길 5-1,대전광역시 서구 가장동 20-30,36.33106644,127.3917202,2016,한전주,042-288-3950,대전광역시 서구청,2025-06-26
가장동086,1,대전광역시 서구 가장로 151-3,대전광역시 서구 가장동 23-22,36.331112,127.3891845,2016,한전주,042-288-3950,대전광역시 서구청,2025-06-26
가장동088,1,대전광역시 서구 괴정로184번길 45,대전광역시 서구 가장동 23-6,36.33156325,127.3890759,2016,한전주,042-288-3950,대전광역시 서구청,2025-06-26
가장동089,1,,대전광역시 서구 가장동 50-11,36.33221971,127.3881196,2016,전용주,042-288-3950,대전광역시 서구청,2025-06-26
가장동090,1,대전광역시 서구 괴정로166번길 47,대전광역시 서구 가장동 50-10,36.33266708,127.387599,2016,한전주,042-288-3950,대전광역시 서구청,2025-06-26
가장동091,1,대전광역시 서구 갈마로295번길 49,대전광역시 서구 가장동 47-30,36.33246273,127.3870164,2016,한전주,042-288-3950,대전광역시 서구청,2025-06-26
가장동092,1,대전광역시 서구 갈마로295번길 41-6,대전광역시 서구 가장동 47-3,36.33235573,127.386539,2016,전용주,042-288-3950,대전광역시 서구청,2025-06-26
가장동093,1,대전광역시 서구 갈마로295번길 41,대전광역시 서구 가장동 47-32,36.332134,127.3866147,2016,한전주,042-288-3950,대전광역시 서구청,2025-06-26
가장동094,1,대전광역시 서구 갈마로313번길 41-54,대전광역시 서구 가장동 48-48,36.332016,127.3870178,2016,한전주,042-288-3950,대전광역시 서구청,2025-06-26
가장동095,1,대전광역시 서구 갈마로313번길 41-42,대전광역시 서구 가장동 48-38,36.33182723,127.3872366,2016,한전주,042-288-3950,대전광역시 서구청,2025-06-26
가장동096,1,대전광역시 서구 갈마로313번길 41-34,대전광역시 서구 가장동 48-31,36.33170258,127.3873814,2016,한전주,042-288-3950,대전광역시 서구청,2025-06-26
가장동097,1,대전광역시 서구 갈마로313번길 41-32,대전광역시 서구 가장동 48-35,36.331764,127.3874681,2016,전용주,042-288-3950,대전광역시 서구청,2025-06-26
가장동098,1,대전광역시 서구 갈마로313번길 41-20,대전광역시 서구 가장동 48-7,36.33146736,127.3878293,2016,한전주,042-288-3950,대전광역시 서구청,2025-06-26
가장동099,1,대전광역시 서구 갈마로313번길 43,대전광역시 서구 가장동 48-6,36.33116129,127.388117,2016,한전주,042-288-3950,대전광역시 서구청,2025-06-26
가장동100,1,대전광역시 서구 도산로282번길 33-20,대전광역시 서구 가장동 44-27,36.331285,127.3872066,2016,한전주,042-288-3950,대전광역시 서구청,2025-06-26
가장동101,1,대전광역시 서구 유등로431번길 55,대전광역시 서구 가장동 43-48,36.330660,127.3872795,2016,한전주,042-288-3950,대전광역시 서구청,2025-06-26
가장동102,1,대전광역시 서구 유등로431번길 63,대전광역시 서구 가장동 43-4,36.330868,127.3869882,2016,한전주,042-288-3950,대전광역시 서구청,2025-06-26
가장동103,1,대전광역시 서구 유등로431번길 68,대전광역시 서구 가장동 44-29,36.331104,127.3870379,2016,한전주,042-288-3950,대전광역시 서구청,2025-06-26
가장동104,1,대전광역시 서구 유등로431번길 75,대전광역시 서구 가장동 43-33,36.33126842,127.3865641,2016,한전주,042-288-3950,대전광역시 서구청,2025-06-26
가장동105,1,대전광역시 서구 유등로431번길 82,대전광역시 서구 가장동 44-50,36.331602,127.386422,2016,한전주,042-288-3950,대전광역시 서구청,2025-06-26
가장동106,1,대전광역시 서구 도산로 298-6,대전광역시 서구 가장동 47-15,36.33247814,127.3865174,2016,전용주,042-288-3950,대전광역시 서구청,2025-06-26
가장동107,1,대전광역시 서구 도산로 298-4,대전광역시 서구 가장동 47-14,36.3325923,127.386340,2016,전용주,042-288-3950,대전광역시 서구청,2025-06-26
가장동108,1,대전광역시 서구 도산로 292-2,대전광역시 서구 가장동 45-1,36.332266,127.3858995,2016,전용주,042-288-3950,대전광역시 서구청,2025-06-26
가장동109,1,대전광역시 서구 도산로 292-7,대전광역시 서구 가장동 47-25,36.33224023,127.3862654,2016,한전주,042-288-3950,대전광역시 서구청,2025-06-26
가장동111,1,대전광역시 서구 가장동 갈마로295번길 36,대전광역시 서구 가장동 44-9,36.331890,127.3865738,2016,한전주,042-288-3950,대전광역시 서구청,2025-06-26
가장동112,1,,대전광역시 서구 가장동 45-57,36.331758,127.386345,2016,한전주,042-288-3950,대전광역시 서구청,2025-06-26
가장동113,1,대전광역시 서구 갈마로295번길 26,대전광역시 서구 가장동 43-9,36.33157891,127.3862465,2016,한전주,042-288-3950,대전광역시 서구청,2025-06-26
가장동114,1,대전광역시 서구 갈마로295번길 21,대전광역시 서구 가장동 45-5,36.33156818,127.385893,2016,전용주,042-288-3950,대전광역시 서구청,2025-06-26
가장동115,1,대전광역시 서구 도산로282번길 10,대전광역시 서구 가장동 42-5,36.33133906,127.385270,2016,한전주,042-288-3950,대전광역시 서구청,2025-06-26
가장동116,1,대전광역시 서구 갈마로295번길 11,대전광역시 서구 가장동 42-15,36.33125172,127.385502,2016,한전주,042-288-3950,대전광역시 서구청,2025-06-26
가장동117,1,대전광역시 서구 갈마로295번길 12,대전광역시 서구 가장동 41-1,36.331190,127.385674,2016,한전주,042-288-3950,대전광역시 서구청,2025-06-26
가장동118,1,대전광역시 서구 도산로282번길 24,대전광역시 서구 가장동 41-35,36.33091079,127.385857,2016,한전주,042-288-3950,대전광역시 서구청,2025-06-26
가장동119,1,대전광역시 서구 도산로282번길 25-6,대전광역시 서구 가장동 43-31,36.331086,127.3863475,2016,전용주,042-288-3950,대전광역시 서구청,2025-06-26
가장동120,1,대전광역시 서구 도산로282번길 25-9,대전광역시 서구 가장동 43-26,36.331289,127.3863241,2016,전용주,042-288-3950,대전광역시 서구청,2025-06-26
가장동121,1,대전광역시 서구 유등로431번길 76-7,대전광역시 서구 가장동 44-39,36.33162513,127.3868352,2016,한전주,042-288-3950,대전광역시 서구청,2025-06-26
가장동122,1,대전광역시 서구 도산로282번길 43,대전광역시 서구 가장동 43-12,36.33048826,127.3867908,2016,전용주,042-288-3950,대전광역시 서구청,2025-06-26
가장동123,1,대전광역시 서구 도산로282번길 40,대전광역시 서구 가장동 41-2,36.330429,127.3865299,2016,한전주,042-288-3950,대전광역시 서구청,2025-06-26
가장동124,1,대전광역시 서구 도산로282번길 33-9,대전광역시 서구 가장동 43-38,36.33111632,127.386587,2016,전용주,042-288-3950,대전광역시 서구청,2025-06-26
가장동125,1,대전광역시 서구 도산로282번길 33-5,대전광역시 서구 가장동 43-40,36.33096886,127.3864002,2016,한전주,042-288-3950,대전광역시 서구청,2025-06-26
가장동126,1,대전광역시 서구 도산로282번길 32,대전광역시 서구 가장동 41-29,36.33077407,127.386182,2016,한전주,042-288-3950,대전광역시 서구청,2025-06-26
가장동127,1,대전광역시 서구 도산로282번길 28,대전광역시 서구 가장동 41-26,36.330875,127.386096,2016,한전주,042-288-3950,대전광역시 서구청,2025-06-26
가장동128,1,대전광역시 서구 갈마로 297,대전광역시 서구 가장동 41-10,36.33094579,127.3855065,2016,한전주,042-288-3950,대전광역시 서구청,2025-06-26
가장동129,1,대전광역시 서구 갈마로 311,대전광역시 서구 가장동 41-39,36.329845,127.3865138,2016,한전주,042-288-3950,대전광역시 서구청,2025-06-26
가장동130,1,대전광역시 서구 갈마로313번길 11,대전광역시 서구 가장동 41-4,36.33013594,127.3868351,2016,한전주,042-288-3950,대전광역시 서구청,2025-06-26
가장동131,1,대전광역시 서구 갈마로313번길 18,대전광역시 서구 가장동 29-29,36.33017331,127.3872887,2016,한전주,042-288-3950,대전광역시 서구청,2025-06-26
가장동132,1,대전광역시 서구 도산로282번길 49,대전광역시 서구 가장동 43-24,36.330249,127.3870334,2016,한전주,042-288-3950,대전광역시 서구청,2025-06-26
가장동133,1,대전광역시 서구 유등로431번길 47,대전광역시 서구 가장동 29-2,36.330486,127.387563,2016,한전주,042-288-3950,대전광역시 서구청,2025-06-26
가장동134,1,대전광역시 서구 갈마로313번길 33,대전광역시 서구 가장동 44-7,36.33085338,127.3876662,2016,한전주,042-288-3950,대전광역시 서구청,2025-06-26
가장동135,1,대전광역시 서구 갈마로313번길 37,대전광역시 서구 가장동 44-34,36.33092573,127.387808,2016,한전주,042-288-3950,대전광역시 서구청,2025-06-26
가장동136,1,대전광역시 서구 갈마로313번길 43,대전광역시 서구 가장동 48-6,36.33116129,127.388117,2016,한전주,042-288-3950,대전광역시 서구청,2025-06-26
가장동137,1,대전광역시 서구 갈마로313번길 47,대전광역시 서구 가장동 48-53,36.331204,127.3882986,2016,한전주,042-288-3950,대전광역시 서구청,2025-06-26
가장동138,1,대전광역시 서구 가장로 144,대전광역시 서구 가장동 48-5,36.33142547,127.3883814,2016,한전주,042-288-3950,대전광역시 서구청,2025-06-26
가장동139,1,대전광역시 서구 가장로 140-1,대전광역시 서구 가장동 48-43,36.331550,127.387951,2016,전용주,042-288-3950,대전광역시 서구청,2025-06-26
가장동140,1,대전광역시 서구 가장로 134,대전광역시 서구 가장동 48-28,36.332052,127.387687,2016,한전주,042-288-3950,대전광역시 서구청,2025-06-26
가장동141,1,대전광역시 서구 가장로 138-3,대전광역시 서구 가장동 48-15,36.3316783,127.3879202,2016,한전주,042-288-3950,대전광역시 서구청,2025-06-26
가장동142,1,대전광역시 서구 가장로 162,대전광역시 서구 가장동 26-1,36.32998703,127.3895354,2016,한전주,042-288-3950,대전광역시 서구청,2025-06-26
가장동143,1,대전광역시 서구 유등로431번길 18-12,대전광역시 서구 가장동 27-24,36.32978644,127.3894234,2016,한전주,042-288-3950,대전광역시 서구청,2025-06-26
가장동144,1,대전광역시 서구 가장동 유등로 437-19,대전광역시 서구 가장동 27-32,36.329650,127.389655,2016,한전주,042-288-3950,대전광역시 서구청,2025-06-26
가장동145,1,대전광역시 서구 유등로 437-11,대전광역시 서구 가장동 27-11,36.329392,127.389669,2016,한전주,042-288-3950,대전광역시 서구청,2025-06-26
가장동146,1,대전광역시 서구 유등로 437,대전광역시 서구 가장동 27-18,36.329363,127.3899082,2016,한전주,042-288-3950,대전광역시 서구청,2025-06-26
가장동147,1,대전광역시 서구 유등로431번길 1,대전광역시 서구 가장동 28-23,36.328923,127.3893719,2016,한전주,042-288-3950,대전광역시 서구청,2025-06-26
가장동148,1,대전광역시 서구 유등로431번길 7,대전광역시 서구 가장동 28-10,36.329075,127.389279,2016,한전주,042-288-3950,대전광역시 서구청,2025-06-26
가장동149,1,대전광역시 서구 유등로431번길 10-1,대전광역시 서구 가장동 27-6,36.329336,127.389434,2016,전용주,042-288-3950,대전광역시 서구청,2025-06-26
가장동150,1,대전광역시 서구 유등로431번길 10,대전광역시 서구 가장동 27-5,36.329294,127.3892817,2016,한전주,042-288-3950,대전광역시 서구청,2025-06-26
가장동151,1,대전광역시 서구 유등로431번길 12-7,대전광역시 서구 가장동 27-29,36.329532,127.389443,2016,한전주,042-288-3950,대전광역시 서구청,2025-06-26
가장동152,1,대전광역시 서구 가장동 유등로431번길 16,대전광역시 서구 가장동 27-28,36.329459,127.388980,2016,한전주,042-288-3950,대전광역시 서구청,2025-06-26
가장동153,1,대전광역시 서구 유등로431번길 18-8,대전광역시 서구 가장동 27-26,36.329666,127.3892342,2016,전용주,042-288-3950,대전광역시 서구청,2025-06-26
가장동154,1,,대전광역시 서구 가장동 27-22,36.329635,127.388772,2016,전용주,042-288-3950,대전광역시 서구청,2025-06-26
가장동155,1,,대전광역시 서구 가장동 27-1,36.32987087,127.3889614,2016,한전주,042-288-3950,대전광역시 서구청,2025-06-26
가장동156,1,대전광역시 서구 괴정로198번길 72,대전광역시 서구 가장동 25-10,36.330088,127.3887789,2016,전용주,042-288-3950,대전광역시 서구청,2025-06-26
가장동157,1,대전광역시 서구 유등로431번길 33,대전광역시 서구 가장동 29-11,36.32988316,127.388196,2016,전용주,042-288-3950,대전광역시 서구청,2025-06-26
가장동158,1,대전광역시 서구 유등로431번길 33,대전광역시 서구 가장동 29-11,36.32988316,127.388196,2016,한전주,042-288-3950,대전광역시 서구청,2025-06-26
가장동159,1,대전광역시 서구 유등로431번길 39,대전광역시 서구 가장동 29-25,36.330089,127.3879984,2016,한전주,042-288-3950,대전광역시 서구청,2025-06-26
가장동160,1,대전광역시 서구 유등로431번길 41-1,대전광역시 서구 가장동 29-27,36.330046,127.3877625,2016,전용주,042-288-3950,대전광역시 서구청,2025-06-26
가장동161,1,대전광역시 서구 유등로431번길 41,대전광역시 서구 가장동 29-23,36.330186,127.387972,2016,전용주,042-288-3950,대전광역시 서구청,2025-06-26
가장동162,1,대전광역시 서구 유등로431번길 43,대전광역시 서구 가장동 29-22,36.33018153,127.3877564,2016,전용주,042-288-3950,대전광역시 서구청,2025-06-26
가장동163,1,대전광역시 서구 가장동 유등로431번길 45,대전광역시 서구 가장동 29-20,36.330375,127.387729,2016,한전주,042-288-3950,대전광역시 서구청,2025-06-26
가장동164,1,대전광역시 서구 도산로282번길 53,대전광역시 서구 가장동 29-30,36.33011948,127.3872132,2016,한전주,042-288-3950,대전광역시 서구청,2025-06-26
가장동165,1,대전광역시 서구 도산로282번길 63,대전광역시 서구 가장동 29-9,36.32991875,127.3876707,2016,한전주,042-288-3950,대전광역시 서구청,2025-06-26
가장동166,1,대전광역시 서구 도산로282번길 69,대전광역시 서구 가장동 29-38,36.329614,127.3878045,2016,한전주,042-288-3950,대전광역시 서구청,2025-06-26
가장동167,1,대전광역시 서구 도산로282번길 76,대전광역시 서구 가장동 30-5,36.3292799,127.3878945,2016,한전주,042-288-3950,대전광역시 서구청,2025-06-26
가장동168,1,대전광역시 서구 괴정로198번길 86,대전광역시 서구 가장동 29-15,36.32960997,127.3882657,2016,한전주,042-288-3950,대전광역시 서구청,2025-06-26
가장동169,1,대전광역시 서구 괴정로184번길 21-4,대전광역시 서구 가장동 19-7,36.33230706,127.3899664,2016,한전주,042-288-3950,대전광역시 서구청,2025-06-26
가장동170,1,대전광역시 서구 도산로282번길 84,대전광역시 서구 가장동 30-7,36.329044,127.3882064,2016,한전주,042-288-3950,대전광역시 서구청,2025-06-26
가장동171,1,대전광역시 서구 도산로282번길 88-18,대전광역시 서구 가장동 30-16,36.32918632,127.387703,2016,한전주,042-288-3950,대전광역시 서구청,2025-06-26
가장동172,1,대전광역시 서구 도산로282번길 88-10,대전광역시 서구 가장동 30-24,36.32891435,127.388158,2016,전용주,042-288-3950,대전광역시 서구청,2025-06-26
가장동173,1,대전광역시 서구 도산로282번길 92,대전광역시 서구 가장동 31-13,36.3288379,127.3885257,2016,한전주,042-288-3950,대전광역시 서구청,2025-06-26
가장동174,1,대전광역시 서구 가장동 유등로 423,대전광역시 서구 가장동 31-3,36.328542,127.3888238,2016,한전주,042-288-3950,대전광역시 서구청,2025-06-26
가장동235,1,대전광역시 서구 가장로 98-4,대전광역시 서구 가장동 61-22,36.334288,127.3846636,2016,전용주,042-288-3950,대전광역시 서구청,2025-06-26
가장동237,1,대전광역시 서구 유등로465번길 11,대전광역시 서구 가장동 20-4,36.331370,127.3915799,2016,한전주,042-288-3950,대전광역시 서구청,2025-06-26
가장동238,1,대전광역시 서구 괴정로 200-3,대전광역시 서구 가장동 17-19,36.33179466,127.391912,2022,한전주,042-288-3950,대전광역시 서구청,2025-06-26
가장동239,1,대전광역시 서구 도솔로328번길 77,대전광역시 서구 가장동 57-50,36.33481008,127.3868892,2022,한전주,042-288-3950,대전광역시 서구청,2025-06-26
가장동240,1,,대전광역시 서구 가장동 193,36.33238325,127.3898761,2023,전용주,042-288-3950,대전광역시 서구청,2025-06-26
갈마동001,1,대전광역시 서구 월평동로26번길 5,대전광역시 서구 갈마동 725,36.35742662,127.3687609,2016,전용주,042-288-3950,대전광역시 서구청,2025-06-26
갈마동002,1,대전광역시 서구 월평동로26번길 13,대전광역시 서구 갈마동 722,36.35742439,127.369295,2016,한전주,042-288-3950,대전광역시 서구청,2025-06-26
갈마동003,1,대전광역시 서구 월평동로26번길 9,대전광역시 서구 갈마동 723,36.35743034,127.369073,2016,전용주,042-288-3950,대전광역시 서구청,2025-06-26
갈마동004,1,대전광역시 서구 월평동로26번길 22,대전광역시 서구 갈마동 736,36.357289,127.369693,2016,한전주,042-288-3950,대전광역시 서구청,2025-06-26
갈마동005,1,대전광역시 서구 월평동로26번길 17,대전광역시 서구 갈마동 720,36.357474,127.3695353,2016,전용주,042-288-3950,대전광역시 서구청,2025-06-26
갈마동006,1,대전광역시 서구 신갈마로 261-17,대전광역시 서구 갈마동 741,36.35708571,127.3702433,2016,한전주,042-288-3950,대전광역시 서구청,2025-06-26
갈마동007,1,대전광역시 서구 월평동로26번길 25,대전광역시 서구 갈마동 718,36.35742148,127.369978,2016,전용주,042-288-3950,대전광역시 서구청,2025-06-26
갈마동008,1,대전광역시 서구 신갈마로 261-12,대전광역시 서구 갈마동 753,36.356705,127.3705216,2016,한전주,042-288-3950,대전광역시 서구청,2025-06-26
갈마동009,1,대전광역시 서구 월평동로26번길 31,대전광역시 서구 갈마동 716,36.35742911,127.370298,2016,전용주,042-288-3950,대전광역시 서구청,2025-06-26
갈마동011,1,대전광역시 서구 월평동로26번길 37,대전광역시 서구 갈마동 714,36.35741597,127.3705419,2016,전용주,042-288-3950,대전광역시 서구청,2025-06-26
갈마동012,1,대전광역시 서구 신갈마로 133,대전광역시 서구 갈마동 386-7,36.345542,127.3682346,2022,전용주,042-288-3950,대전광역시 서구청,2025-06-26
갈마동013,1,대전광역시 서구 계룡로367번길 109,대전광역시 서구 갈마동 711,36.35743008,127.3712498,2016,전용주,042-288-3950,대전광역시 서구청,2025-06-26
갈마동014,1,대전광역시 서구 신갈마로86번길 81,대전광역시 서구 갈마동 407-2,36.34234881,127.370905,2022,전용주,042-288-3950,대전광역시 서구청,2025-06-26
갈마동015,1,대전광역시 서구 계룡로367번길 99,대전광역시 서구 갈마동 768,36.35691041,127.371262,2016,전용주,042-288-3950,대전광역시 서구청,2025-06-26
갈마동016,1,대전광역시 서구 신갈마로209번길 76,대전광역시 서구 갈마동 297-24,36.35232265,127.364269,2022,한전주,042-288-3950,대전광역시 서구청,2025-06-26
갈마동017,1,대전광역시 서구 계룡로367번길 95,대전광역시 서구 갈마동 769,36.356705,127.3711596,2016,전용주,042-288-3950,대전광역시 서구청,2025-06-26
갈마동018,1,대전광역시 서구 계룡로342번길 189-2,대전광역시 서구 갈마동 388-24,36.345440,127.367044,2022,전용주,042-288-3950,대전광역시 서구청,2025-06-26
갈마동019,1,대전광역시 서구 계룡로367번길 88,대전광역시 서구 갈마동 788,36.35632596,127.371176,2016,전용주,042-288-3950,대전광역시 서구청,2025-06-26
갈마동020,1,대전광역시 서구 신갈마로240번길 7,대전광역시 서구 갈마동 262-13,36.355103,127.369864,2022,전용주,042-288-3950,대전광역시 서구청,2025-06-26
갈마동021,1,대전광역시 서구 계룡로367번길 86,대전광역시 서구 갈마동 787,36.356160,127.3711072,2016,전용주,042-288-3950,대전광역시 서구청,2025-06-26
갈마동022,1,,대전광역시 서구 갈마동 319-29,36.35062135,127.366813,2023,한전주,042-288-3950,대전광역시 서구청,2025-06-26
갈마동023,1,대전광역시 서구 계룡로367번길 69,대전광역시 서구 갈마동 805,36.355732,127.3703325,2016,전용주,042-288-3950,대전광역시 서구청,2025-06-26
갈마동024,1,대전광역시 서구 갈마동 계룡로 342번길 217,대전광역시 서구 갈마동 319-23,36.3506709,127.366598,2023,한전주,042-288-3950,대전광역시 서구청,2025-06-26
갈마동025,1,대전광역시 서구 계룡로367번길 63,대전광역시 서구 갈마동 803,36.355548,127.370094,2016,전용주,042-288-3950,대전광역시 서구청,2025-06-26
갈마동026,1,대전광역시 서구 계룡로342번길 68,대전광역시 서구 갈마동 320-2,36.3509945,127.366268,2023,전용주,042-288-3950,대전광역시 서구청,2025-06-26
갈마동027,1,,대전광역시 서구 갈마동 701,36.34490806,127.3666998,2016,전용주,042-288-3950,대전광역시 서구청,2025-06-26
갈마동028,1,대전광역시 서구 갈마동 신갈마로 86번길 14,대전광역시 서구 갈마동 410-1,36.3416072,127.3671517,2023,전용주,042-288-3950,대전광역시 서구청,2025-06-26
갈마동029,1,대전광역시 서구 한밭대로656번길 59,대전광역시 서구 갈마동 813,36.35529965,127.3703983,2016,전용주,042-288-3950,대전광역시 서구청,2025-06-26
갈마동030,1,대전광역시 서구 갈마동 신갈마로 86번길 14,대전광역시 서구 갈마동 410-1,36.3416072,127.3671517,2023,전용주,042-288-3950,대전광역시 서구청,2025-06-26
갈마동031,1,대전광역시 서구 한밭대로656번길 55,대전광역시 서구 갈마동 814,36.3552994,127.3705637,2016,전용주,042-288-3950,대전광역시 서구청,2025-06-26
갈마동032,1,대전광역시 서구 계룡로354번길 43-1,대전광역시 서구 갈마동 306-16,36.351530,127.367519,2023,한전주,042-288-3950,대전광역시 서구청,2025-06-26
갈마동033,1,대전광역시 서구 한밭대로656번길 52,대전광역시 서구 갈마동 816,36.35563241,127.3707017,2016,전용주,042-288-3950,대전광역시 서구청,2025-06-26
갈마동034,1,대전광역시 서구 신갈마로127번길 20,대전광역시 서구 갈마동 388-29,36.34502779,127.367240,2023,전용주,042-288-3950,대전광역시 서구청,2025-06-26
갈마동035,1,대전광역시 서구 한밭대로656번길 48,대전광역시 서구 갈마동 817,36.3557221,127.3708102,2016,전용주,042-288-3950,대전광역시 서구청,2025-06-26
갈마동036,1,대전광역시 서구 계룡로 383-35,대전광역시 서구 갈마동 273-11,36.351407,127.372506,2023,한전주,042-288-3950,대전광역시 서구청,2025-06-26
갈마동037,1,대전광역시 서구 한밭대로656번길 42,대전광역시 서구 갈마동 784,36.35587532,127.3710059,2016,전용주,042-288-3950,대전광역시 서구청,2025-06-26
갈마동038,1,대전광역시 서구 계룡로314번길 19-6,대전광역시 서구 갈마동 298-10,36.35269496,127.363449,2023,전용주,042-288-3950,대전광역시 서구청,2025-06-26
갈마동039,1,대전광역시 서구 한밭대로656번길 40,대전광역시 서구 갈마동 783,36.35599777,127.3711297,2016,전용주,042-288-3950,대전광역시 서구청,2025-06-26
갈마동040,1,대전광역시 서구 갈마동 신갈마로113번길 61,대전광역시 서구 갈마동 428-13,36.34363587,127.365439,2023,전용주,042-288-3950,대전광역시 서구청,2025-06-26
갈마동041,1,대전광역시 서구 한밭대로656번길 40,대전광역시 서구 갈마동 783,36.355959,127.3711297,2016,전용주,042-288-3950,대전광역시 서구청,2025-06-26
갈마동042,1,대전광역시 서구 계룡로367번길 53,대전광역시 서구 갈마동 262-55,36.355168,127.369995,2023,전용주,042-288-3950,대전광역시 서구청,2025-06-26
갈마동043,1,대전광역시 서구 한밭대로656번길 32,대전광역시 서구 갈마동 781,36.35628231,127.3713502,2016,전용주,042-288-3950,대전광역시 서구청,2025-06-26
갈마동045,1,대전광역시 서구 한밭대로656번길 28,대전광역시 서구 갈마동 780,36.35643865,127.3714105,2016,전용주,042-288-3950,대전광역시 서구청,2025-06-26
갈마동047,1,대전광역시 서구 한밭대로656번길 22,대전광역시 서구 갈마동 779,36.35663654,127.3715022,2016,전용주,042-288-3950,대전광역시 서구청,2025-06-26
갈마동048,1,대전광역시 서구 신갈마로 231-8,대전광역시 서구 갈마동 263-14,36.354568,127.3687702,2023,전용주,042-288-3950,대전광역시 서구청,2025-06-26
갈마동049,1,대전광역시 서구 한밭대로656번길 20,대전광역시 서구 갈마동 778,36.35678716,127.3715494,2016,전용주,042-288-3950,대전광역시 서구청,2025-06-26
갈마동050,1,대전광역시 서구 갈마역로25번길 27-9,대전광역시 서구 갈마동 870,36.35238648,127.372653,2023,한전주,042-288-3950,대전광역시 서구청,2025-06-26
갈마동051,1,대전광역시 서구 계룡로326번길 138,대전광역시 서구 갈마동 370-1,36.34848881,127.3648403,2023,전용주,042-288-3950,대전광역시 서구청,2025-06-26
갈마동052,1,대전광역시 서구 계룡로342번길 179,대전광역시 서구 갈마동 388-1,36.34597613,127.3668795,2023,한전주,042-288-3950,대전광역시 서구청,2025-06-26
갈마동053,1,대전광역시 서구 신갈마로240번길 7,대전광역시 서구 갈마동 262-13,36.35513605,127.3698286,2016,한전주,042-288-3950,대전광역시 서구청,2025-06-26
갈마동054,1,대전광역시 서구 계룡로367번길 50,대전광역시 서구 갈마동 264-1,36.35494904,127.3704136,2016,한전주,042-288-3950,대전광역시 서구청,2025-06-26
갈마동055,1,,대전광역시 서구 갈마동 264-4,36.354981,127.370504,2016,한전주,042-288-3950,대전광역시 서구청,2025-06-26
갈마동056,1,대전광역시 서구 신갈마로240번길 26,대전광역시 서구 갈마동 264-5,36.35489689,127.370782,2016,한전주,042-288-3950,대전광역시 서구청,2025-06-26
갈마동057,1,대전광역시 서구 신갈마로240번길 34,대전광역시 서구 갈마동 264-7,36.354984,127.3713507,2016,한전주,042-288-3950,대전광역시 서구청,2025-06-26
갈마동058,1,대전광역시 서구 신갈마로240번길 31,대전광역시 서구 갈마동 264-34,36.355170,127.3711843,2016,전용주,042-288-3950,대전광역시 서구청,2025-06-26
갈마동059,1,대전광역시 서구 신갈마로240번길 31,대전광역시 서구 갈마동 264-34,36.3551432,127.3711843,2016,전용주,042-288-3950,대전광역시 서구청,2025-06-26
갈마동060,1,대전광역시 서구 신갈마로240번길 31,대전광역시 서구 갈마동 264-34,36.3551432,127.3711843,2016,전용주,042-288-3950,대전광역시 서구청,2025-06-26
갈마동061,1,대전광역시 서구 신갈마로240번길 46,대전광역시 서구 갈마동 264-8,36.35473052,127.371427,2016,한전주,042-288-3950,대전광역시 서구청,2025-06-26
갈마동062,1,대전광역시 서구 신갈마로240번길 46-5,대전광역시 서구 갈마동 264-16,36.35456452,127.371207,2016,전용주,042-288-3950,대전광역시 서구청,2025-06-26
갈마동063,1,대전광역시 서구 신갈마로240번길 50-9,대전광역시 서구 갈마동 264-21,36.354470,127.3711238,2016,전용주,042-288-3950,대전광역시 서구청,2025-06-26
갈마동064,1,대전광역시 서구 신갈마로240번길 52,대전광역시 서구 갈마동 264-23,36.354480,127.3714346,2016,한전주,042-288-3950,대전광역시 서구청,2025-06-26
갈마동065,1,대전광역시 서구 신갈마로230번길 41,대전광역시 서구 갈마동 264-24,36.354241,127.371441,2016,한전주,042-288-3950,대전광역시 서구청,2025-06-26
갈마동066,1,대전광역시 서구 신갈마로230번길 37,대전광역시 서구 갈마동 264-50,36.35422178,127.3712894,2016,한전주,042-288-3950,대전광역시 서구청,2025-06-26
갈마동067,1,대전광역시 서구 신갈마로230번길 33,대전광역시 서구 갈마동 264-27,36.354126,127.3709658,2016,한전주,042-288-3950,대전광역시 서구청,2025-06-26
갈마동068,1,대전광역시 서구 신갈마로230번길 31-8,대전광역시 서구 갈마동 264-20,36.35440345,127.3709712,2016,한전주,042-288-3950,대전광역시 서구청,2025-06-26
갈마동069,1,대전광역시 서구 신갈마로230번길 31-12,대전광역시 서구 갈마동 264-14,36.35456367,127.370914,2016,한전주,042-288-3950,대전광역시 서구청,2025-06-26
갈마동070,1,대전광역시 서구 신갈마로240번길 28,대전광역시 서구 갈마동 264-6,36.354807,127.370904,2016,한전주,042-288-3950,대전광역시 서구청,2025-06-26
갈마동071,1,대전광역시 서구 계룡로367번길 49,대전광역시 서구 갈마동 262-11,36.354974,127.3697136,2016,한전주,042-288-3950,대전광역시 서구청,2025-06-26
갈마동072,1,,대전광역시 서구 갈마동 262-48,36.354690,127.370026,2016,한전주,042-288-3950,대전광역시 서구청,2025-06-26
갈마동073,1,대전광역시 서구 계룡로367번길 44,대전광역시 서구 갈마동 264-2,36.354604,127.3703049,2016,한전주,042-288-3950,대전광역시 서구청,2025-06-26
갈마동074,1,대전광역시 서구 계룡로367번길 44,대전광역시 서구 갈마동 264-2,36.354601,127.3703049,2016,한전주,042-288-3950,대전광역시 서구청,2025-06-26
갈마동075,1,대전광역시 서구 계룡로367번길 45-1,대전광역시 서구 갈마동 262-3,36.354682,127.369697,2016,한전주,042-288-3950,대전광역시 서구청,2025-06-26
갈마동076,1,대전광역시 서구 계룡로367번길 39-1,대전광역시 서구 갈마동 262-18,36.35451585,127.369669,2016,한전주,042-288-3950,대전광역시 서구청,2025-06-26
갈마동077,1,대전광역시 서구 계룡로367번길 35,대전광역시 서구 갈마동 262-42,36.35432278,127.3699313,2016,한전주,042-288-3950,대전광역시 서구청,2025-06-26
갈마동078,1,대전광역시 서구 신갈마로230번길 19,대전광역시 서구 갈마동 264-31,36.354121,127.3702985,2016,한전주,042-288-3950,대전광역시 서구청,2025-06-26
갈마동079,1,대전광역시 서구 신갈마로230번길 19,대전광역시 서구 갈마동 264-31,36.354122,127.3702985,2016,한전주,042-288-3950,대전광역시 서구청,2025-06-26
갈마동080,1,대전광역시 서구 신갈마로230번길 9,대전광역시 서구 갈마동 262-9,36.354121,127.369739,2016,한전주,042-288-3950,대전광역시 서구청,2025-06-26
갈마동081,1,대전광역시 서구 월평동로 5-7,대전광역시 서구 갈마동 1466,36.35529864,127.3686551,2016,전용주,042-288-3950,대전광역시 서구청,2025-06-26
갈마동082,1,대전광역시 서구 계룡로349번길 26,대전광역시 서구 갈마동 263-41,36.35514847,127.368131,2016,한전주,042-288-3950,대전광역시 서구청,2025-06-26
갈마동083,1,대전광역시 서구 신갈마로 239-16,대전광역시 서구 갈마동 263-42,36.35513596,127.3683406,2016,한전주,042-288-3950,대전광역시 서구청,2025-06-26
갈마동084,1,대전광역시 서구 신갈마로 239-8,대전광역시 서구 갈마동 263-45,36.35512595,127.3687496,2016,한전주,042-288-3950,대전광역시 서구청,2025-06-26
갈마동085,1,대전광역시 서구 계룡로349번길 18,대전광역시 서구 갈마동 263-37,36.35474265,127.3680875,2016,전용주,042-288-3950,대전광역시 서구청,2025-06-26
갈마동086,1,대전광역시 서구 계룡로349번길 14,대전광역시 서구 갈마동 263-30,36.35456981,127.3680571,2016,전용주,042-288-3950,대전광역시 서구청,2025-06-26
갈마동087,1,대전광역시 서구 월평중로4번길 78,대전광역시 서구 갈마동 261-3,36.354193,127.3682144,2016,전용주,042-288-3950,대전광역시 서구청,2025-06-26
갈마동088,1,대전광역시 서구 월평중로4번길 80,대전광역시 서구 갈마동 261-4,36.354175,127.368394,2016,한전주,042-288-3950,대전광역시 서구청,2025-06-26
갈마동089,1,대전광역시 서구 월평중로4번길 82-8,대전광역시 서구 갈마동 261-27,36.3539265,127.368376,2016,전용주,042-288-3950,대전광역시 서구청,2025-06-26
갈마동090,1,대전광역시 서구 신갈마로 223,대전광역시 서구 갈마동 261-8,36.35368576,127.368730,2016,전용주,042-288-3950,대전광역시 서구청,2025-06-26
갈마동091,1,대전광역시 서구 신갈마로 229,대전광역시 서구 갈마동 261-28,36.354133,127.368890,2016,한전주,042-288-3950,대전광역시 서구청,2025-06-26
갈마동092,1,대전광역시 서구 신갈마로 233,대전광역시 서구 갈마동 263-12,36.354451,127.3689002,2016,한전주,042-288-3950,대전광역시 서구청,2025-06-26
갈마동093,1,대전광역시 서구 신갈마로 231-18,대전광역시 서구 갈마동 263-17,36.35481846,127.368458,2016,한전주,042-288-3950,대전광역시 서구청,2025-06-26
갈마동094,1,대전광역시 서구 신갈마로 231-13,대전광역시 서구 갈마동 263-32,36.354638,127.3684171,2016,한전주,042-288-3950,대전광역시 서구청,2025-06-26
갈마동095,1,대전광역시 서구 신갈마로 233,대전광역시 서구 갈마동 263-12,36.35448214,127.3689002,2016,한전주,042-288-3950,대전광역시 서구청,2025-06-26
갈마동096,1,대전광역시 서구 계룡로367번길 23-2,대전광역시 서구 갈마동 265-10,36.3538246,127.3696135,2016,한전주,042-288-3950,대전광역시 서구청,2025-06-26
갈마동097,1,,대전광역시 서구 갈마동 266-10,36.353579,127.3713597,2016,한전주,042-288-3950,대전광역시 서구청,2025-06-26
갈마동098,1,대전광역시 서구 신갈마로230번길 28-4,대전광역시 서구 갈마동 266-76,36.35392996,127.370434,2016,한전주,042-288-3950,대전광역시 서구청,2025-06-26
갈마동099,1,대전광역시 서구 계룡로367번길 17-1,대전광역시 서구 갈마동 265-15,36.35354681,127.3695723,2016,한전주,042-288-3950,대전광역시 서구청,2025-06-26
갈마동100,1,대전광역시 서구 신갈마로 226,대전광역시 서구 갈마동 265-33,36.35366505,127.369401,2016,전용주,042-288-3950,대전광역시 서구청,2025-06-26
갈마동101,1,대전광역시 서구 신갈마로 226,대전광역시 서구 갈마동 265-33,36.35366505,127.3694537,2016,전용주,042-288-3950,대전광역시 서구청,2025-06-26
갈마동102,1,대전광역시 서구 갈마동 계룡로367번길 11,대전광역시 서구 갈마동 265-24,36.353294,127.369891,2016,한전주,042-288-3950,대전광역시 서구청,2025-06-26
갈마동103,1,대전광역시 서구 계룡로367번길 7,대전광역시 서구 갈마동 265-26,36.35309448,127.3696402,2016,한전주,042-288-3950,대전광역시 서구청,2025-06-26
갈마동104,1,대전광역시 서구 계룡로407번길 78,대전광역시 서구 갈마동 266-64,36.35320969,127.370211,2016,한전주,042-288-3950,대전광역시 서구청,2025-06-26
갈마동105,1,,대전광역시 서구 갈마동 268-17,36.35288706,127.370113,2016,전용주,042-288-3950,대전광역시 서구청,2025-06-26
갈마동106,1,대전광역시 서구 계룡로407번길 76-10,대전광역시 서구 갈마동 266-35,36.35341334,127.3706214,2016,한전주,042-288-3950,대전광역시 서구청,2025-06-26
갈마동107,1,대전광역시 서구 계룡로407번길 76-16,대전광역시 서구 갈마동 266-18,36.35358543,127.370726,2016,한전주,042-288-3950,대전광역시 서구청,2025-06-26
갈마동108,1,대전광역시 서구 계룡로407번길 65,대전광역시 서구 갈마동 268-7,36.35280169,127.3705124,2016,한전주,042-288-3950,대전광역시 서구청,2025-06-26
갈마동109,1,대전광역시 서구 계룡로407번길 70-7,대전광역시 서구 갈마동 266-46,36.35326328,127.370651,2016,전용주,042-288-3950,대전광역시 서구청,2025-06-26
갈마동110,1,대전광역시 서구 계룡로407번길 70-15,대전광역시 서구 갈마동 266-19,36.3535404,127.3708842,2016,전용주,042-288-3950,대전광역시 서구청,2025-06-26
갈마동111,1,대전광역시 서구 계룡로407번길 66,대전광역시 서구 갈마동 266-60,36.35294973,127.370694,2016,전용주,042-288-3950,대전광역시 서구청,2025-06-26
갈마동112,1,대전광역시 서구 계룡로407번길 65-1,대전광역시 서구 갈마동 268-14,36.35270347,127.370467,2016,한전주,042-288-3950,대전광역시 서구청,2025-06-26
갈마동113,1,대전광역시 서구 계룡로407번길 64-13,대전광역시 서구 갈마동 266-27,36.35332685,127.3710775,2016,한전주,042-288-3950,대전광역시 서구청,2025-06-26
갈마동114,1,대전광역시 서구 갈마역로25번길 65-7,대전광역시 서구 갈마동 266-11,36.35356756,127.3711625,2016,한전주,042-288-3950,대전광역시 서구청,2025-06-26
갈마동115,1,대전광역시 서구 계룡로407번길 59,대전광역시 서구 갈마동 268-44,36.352626,127.3708103,2016,한전주,042-288-3950,대전광역시 서구청,2025-06-26
갈마동116,1,,대전광역시 서구 갈마동 268-28,36.35240298,127.370642,2016,한전주,042-288-3950,대전광역시 서구청,2025-06-26
갈마동117,1,대전광역시 서구 계룡로407번길 64-6,대전광역시 서구 갈마동 266-56,36.352868,127.3709582,2016,한전주,042-288-3950,대전광역시 서구청,2025-06-26
갈마동118,1,대전광역시 서구 계룡로 379-25,대전광역시 서구 갈마동 266-25,36.3531504,127.371333,2016,한전주,042-288-3950,대전광역시 서구청,2025-06-26
갈마동119,1,대전광역시 서구 갈마역로25번길 71,대전광역시 서구 갈마동 266-2,36.35373839,127.371347,2016,전용주,042-288-3950,대전광역시 서구청,2025-06-26
갈마동120,1,대전광역시 서구 갈마역로25번길 65-11,대전광역시 서구 갈마동 266-12,36.353696,127.3710123,2016,전용주,042-288-3950,대전광역시 서구청,2025-06-26
갈마동121,1,대전광역시 서구 계룡로407번길 76-15,대전광역시 서구 갈마동 266-17,36.35365613,127.3706178,2016,전용주,042-288-3950,대전광역시 서구청,2025-06-26
갈마동122,1,대전광역시 서구 갈마역로25번길 67,대전광역시 서구 갈마동 266-88,36.35370869,127.3714812,2016,전용주,042-288-3950,대전광역시 서구청,2025-06-26
갈마동123,1,대전광역시 서구 갈마역로25번길 59,대전광역시 서구 갈마동 266-23,36.353333,127.3714847,2016,한전주,042-288-3950,대전광역시 서구청,2025-06-26
갈마동124,1,대전광역시 서구 갈마역로25번길 51,대전광역시 서구 갈마동 269-1,36.35306919,127.3714869,2016,전용주,042-288-3950,대전광역시 서구청,2025-06-26
갈마동125,1,대전광역시 서구 갈마역로25번길 49,대전광역시 서구 갈마동 269-29,36.352847,127.3714698,2016,전용주,042-288-3950,대전광역시 서구청,2025-06-26
갈마동126,1,대전광역시 서구 갈마역로11번길 46,대전광역시 서구 갈마동 885,36.35271032,127.3718706,2016,전용주,042-288-3950,대전광역시 서구청,2025-06-26
갈마동127,1,대전광역시 서구 갈마역로25번길 39,대전광역시 서구 갈마동 884,36.35272284,127.372053,2016,전용주,042-288-3950,대전광역시 서구청,2025-06-26
갈마동128,1,대전광역시 서구 갈마역로25번길 35,대전광역시 서구 갈마동 876,36.35271282,127.372293,2016,전용주,042-288-3950,대전광역시 서구청,2025-06-26
갈마동129,1,대전광역시 서구 갈마역로25번길 31,대전광역시 서구 갈마동 875,36.35272625,127.3724583,2016,전용주,042-288-3950,대전광역시 서구청,2025-06-26
갈마동130,1,대전광역시 서구 갈마역로25번길 23,대전광역시 서구 갈마동 873,36.35271249,127.372853,2016,전용주,042-288-3950,대전광역시 서구청,2025-06-26
갈마동131,1,대전광역시 서구 갈마역로25번길 21,대전광역시 서구 갈마동 862,36.35269588,127.3730356,2016,전용주,042-288-3950,대전광역시 서구청,2025-06-26
갈마동132,1,대전광역시 서구 갈마역로25번길 17,대전광역시 서구 갈마동 861,36.35269437,127.3732889,2016,전용주,042-288-3950,대전광역시 서구청,2025-06-26
갈마동133,1,대전광역시 서구 갈마역로25번길 7,대전광역시 서구 갈마동 844,36.35270901,127.373737,2016,전용주,042-288-3950,대전광역시 서구청,2025-06-26
갈마동134,1,대전광역시 서구 갈마역로 25,대전광역시 서구 갈마동 824,36.35272371,127.3740196,2016,전용주,042-288-3950,대전광역시 서구청,2025-06-26
갈마동135,1,대전광역시 서구 갈마역로25번길 9-9,대전광역시 서구 갈마동 841,36.35237775,127.3736187,2016,전용주,042-288-3950,대전광역시 서구청,2025-06-26
갈마동136,1,대전광역시 서구 갈마역로25번길 9-16,대전광역시 서구 갈마동 849,36.352296,127.3732713,2016,한전주,042-288-3950,대전광역시 서구청,2025-06-26
갈마동137,1,대전광역시 서구 갈마역로25번길 9-23,대전광역시 서구 갈마동 836,36.351828,127.373362,2016,한전주,042-288-3950,대전광역시 서구청,2025-06-26
갈마동138,1,대전광역시 서구 갈마역로11번길 14,대전광역시 서구 갈마동 853,36.351815,127.3730608,2016,전용주,042-288-3950,대전광역시 서구청,2025-06-26
갈마동139,1,대전광역시 서구 갈마역로25번길 7,대전광역시 서구 갈마동 844,36.35270901,127.3737941,2016,한전주,042-288-3950,대전광역시 서구청,2025-06-26
갈마동140,1,대전광역시 서구 갈마역로25번길 9-25,대전광역시 서구 갈마동 835,36.351715,127.3733157,2016,한전주,042-288-3950,대전광역시 서구청,2025-06-26
갈마동141,1,대전광역시 서구 갈마역로25번길 17-17,대전광역시 서구 갈마동 855,36.352005,127.3729713,2016,한전주,042-288-3950,대전광역시 서구청,2025-06-26
갈마동142,1,,대전광역시 서구 갈마동 532,36.352282,127.372903,2016,한전주,042-288-3950,대전광역시 서구청,2025-06-26
갈마동144,1,대전광역시 서구 갈마역로25번길 27-5,대전광역시 서구 갈마동 872,36.35259525,127.372749,2016,한전주,042-288-3950,대전광역시 서구청,2025-06-26
갈마동147,1,대전광역시 서구 갈마역로11번길 30,대전광역시 서구 갈마동 880,36.35230883,127.3723682,2016,한전주,042-288-3950,대전광역시 서구청,2025-06-26
갈마동148,1,대전광역시 서구 갈마역로11번길 35,대전광역시 서구 갈마동 890,36.35237188,127.371957,2016,한전주,042-288-3950,대전광역시 서구청,2025-06-26
갈마동149,1,대전광역시 서구 갈마역로11번길 41,대전광역시 서구 갈마동 888,36.35254194,127.371738,2016,전용주,042-288-3950,대전광역시 서구청,2025-06-26
갈마동150,1,대전광역시 서구 계룡로407번길 52,대전광역시 서구 갈마동 269-26,36.35256101,127.3712883,2016,한전주,042-288-3950,대전광역시 서구청,2025-06-26
갈마동151,1,대전광역시 서구 계룡로407번길 44,대전광역시 서구 갈마동 269-8,36.352343,127.3717002,2016,한전주,042-288-3950,대전광역시 서구청,2025-06-26
갈마동152,1,대전광역시 서구 계룡로407번길 40,대전광역시 서구 갈마동 269-22,36.35214868,127.371952,2016,한전주,042-288-3950,대전광역시 서구청,2025-06-26
갈마동153,1,대전광역시 서구 계룡로407번길 32,대전광역시 서구 갈마동 269-32,36.351987,127.3722074,2016,한전주,042-288-3950,대전광역시 서구청,2025-06-26
갈마동154,1,,대전광역시 서구 갈마동 269-12,36.351815,127.3724521,2016,한전주,042-288-3950,대전광역시 서구청,2025-06-26
갈마동155,1,대전광역시 서구 갈마역로11번길 13,대전광역시 서구 갈마동 269-14,36.35171437,127.372716,2016,한전주,042-288-3950,대전광역시 서구청,2025-06-26
갈마동156,1,대전광역시 서구 계룡로407번길 9,대전광역시 서구 갈마동 273-16,36.35121186,127.372876,2016,전용주,042-288-3950,대전광역시 서구청,2025-06-26
갈마동157,1,대전광역시 서구 계룡로407번길 6,대전광역시 서구 갈마동 895,36.35101823,127.373013,2016,전용주,042-288-3950,대전광역시 서구청,2025-06-26
갈마동158,1,대전광역시 서구 계룡로 401,대전광역시 서구 갈마동 273-20,36.351052,127.3726211,2016,한전주,042-288-3950,대전광역시 서구청,2025-06-26
갈마동159,1,,대전광역시 서구 갈마동 279-7,36.351468,127.372267,2016,한전주,042-288-3950,대전광역시 서구청,2025-06-26
갈마동160,1,,대전광역시 서구 갈마동 279-25,36.351654,127.372028,2016,한전주,042-288-3950,대전광역시 서구청,2025-06-26
갈마동161,1,,대전광역시 서구 갈마동 279-2,36.351805,127.371762,2016,한전주,042-288-3950,대전광역시 서구청,2025-06-26
갈마동162,1,대전광역시 서구 계룡로 385,대전광역시 서구 갈마동 271-27,36.351992,127.3711746,2016,한전주,042-288-3950,대전광역시 서구청,2025-06-26
갈마동163,1,대전광역시 서구 계룡로 383-3,대전광역시 서구 갈마동 271-19,36.35224273,127.370969,2016,전용주,042-288-3950,대전광역시 서구청,2025-06-26
갈마동164,1,대전광역시 서구 계룡로314번길 11,대전광역시 서구 갈마동 298-1,36.353129,127.363240,2016,한전주,042-288-3950,대전광역시 서구청,2025-06-26
갈마동165,1,,대전광역시 서구 갈마동 274-9,36.353221,127.363524,2016,전용주,042-288-3950,대전광역시 서구청,2025-06-26
갈마동166,1,대전광역시 서구 신갈마로211번길 75,대전광역시 서구 갈마동 298-3,36.353148,127.363738,2016,한전주,042-288-3950,대전광역시 서구청,2025-06-26
갈마동167,1,대전광역시 서구 신갈마로211번길 67,대전광역시 서구 갈마동 297-27,36.35309487,127.3641694,2016,한전주,042-288-3950,대전광역시 서구청,2025-06-26
갈마동168,1,대전광역시 서구 신갈마로211번길 61,대전광역시 서구 갈마동 297-29,36.35309829,127.364574,2016,한전주,042-288-3950,대전광역시 서구청,2025-06-26
갈마동169,1,대전광역시 서구 계룡로320번길 11,대전광역시 서구 갈마동 290-14,36.35363226,127.3648156,2016,한전주,042-288-3950,대전광역시 서구청,2025-06-26
갈마동170,1,대전광역시 서구 계룡로320번길 9,대전광역시 서구 갈마동 290-5,36.353736,127.3648139,2016,한전주,042-288-3950,대전광역시 서구청,2025-06-26
갈마동171,1,대전광역시 서구 계룡로320번길 3,대전광역시 서구 갈마동 290-1,36.35393656,127.3647328,2016,전용주,042-288-3950,대전광역시 서구청,2025-06-26
갈마동172,1,대전광역시 서구 신갈마로211번길 53,대전광역시 서구 갈마동 296-1,36.35310187,127.3649763,2016,한전주,042-288-3950,대전광역시 서구청,2025-06-26
갈마동173,1,대전광역시 서구 신갈마로211번길 42,대전광역시 서구 갈마동 291-18,36.353434,127.3656139,2016,한전주,042-288-3950,대전광역시 서구청,2025-06-26
갈마동174,1,대전광역시 서구 계룡로326번길 9,대전광역시 서구 갈마동 291-3,36.353869,127.3654997,2016,한전주,042-288-3950,대전광역시 서구청,2025-06-26
갈마동175,1,대전광역시 서구 갈마동 계룡로326번길 17,대전광역시 서구 갈마동 687,36.35189582,127.3639404,2016,한전주,042-288-3950,대전광역시 서구청,2025-06-26
갈마동176,1,대전광역시 서구 갈마동 신갈마로211번길 36,대전광역시 서구 갈마동 687,36.35189582,127.3639404,2016,한전주,042-288-3950,대전광역시 서구청,2025-06-26
갈마동177,1,대전광역시 서구 계룡로 332-14,대전광역시 서구 갈마동 291-6,36.35350538,127.3657558,2016,전용주,042-288-3950,대전광역시 서구청,2025-06-26
갈마동178,1,대전광역시 서구 신갈마로211번길 29,대전광역시 서구 갈마동 295-2,36.35317779,127.366251,2016,한전주,042-288-3950,대전광역시 서구청,2025-06-26
갈마동179,1,대전광역시 서구 신갈마로211번길 25,대전광역시 서구 갈마동 295-3,36.35318369,127.3664235,2016,전용주,042-288-3950,대전광역시 서구청,2025-06-26
갈마동180,1,,대전광역시 서구 갈마동 293-23,36.353607,127.367010,2016,한전주,042-288-3950,대전광역시 서구청,2025-06-26
갈마동181,1,대전광역시 서구 계룡로342번길 17,대전광역시 서구 갈마동 294-1,36.35309672,127.3669242,2016,한전주,042-288-3950,대전광역시 서구청,2025-06-26
갈마동182,1,대전광역시 서구 신갈마로211번길 9,대전광역시 서구 갈마동 294-3,36.352961,127.3672738,2016,한전주,042-288-3950,대전광역시 서구청,2025-06-26
갈마동183,1,대전광역시 서구 신갈마로211번길 10-5,대전광역시 서구 갈마동 292-8,36.35331611,127.367451,2016,한전주,042-288-3950,대전광역시 서구청,2025-06-26
갈마동184,1,대전광역시 서구 신갈마로211번길 10-10,대전광역시 서구 갈마동 292-14,36.353275,127.3678718,2016,한전주,042-288-3950,대전광역시 서구청,2025-06-26
갈마동185,1,대전광역시 서구 계룡로 356,대전광역시 서구 갈마동 293-1,36.35319788,127.3681385,2016,한전주,042-288-3950,대전광역시 서구청,2025-06-26
갈마동186,1,대전광역시 서구 계룡로354번길 7,대전광역시 서구 갈마동 293-31,36.353007,127.3679918,2016,한전주,042-288-3950,대전광역시 서구청,2025-06-26
갈마동187,1,,대전광역시 서구 갈마동 293-36,36.352796,127.367733,2016,한전주,042-288-3950,대전광역시 서구청,2025-06-26
갈마동189,1,대전광역시 서구 계룡로354번길 19,대전광역시 서구 갈마동 293-24,36.352519,127.3676657,2016,한전주,042-288-3950,대전광역시 서구청,2025-06-26
갈마동190,1,대전광역시 서구 신갈마로209번길 16,대전광역시 서구 갈마동 293-21,36.352341,127.3675554,2016,한전주,042-288-3950,대전광역시 서구청,2025-06-26
갈마동191,1,대전광역시 서구 신갈마로209번길 11,대전광역시 서구 갈마동 306-2,36.352235,127.3678214,2016,한전주,042-288-3950,대전광역시 서구청,2025-06-26
갈마동192,1,대전광역시 서구 신갈마로209번길 6,대전광역시 서구 갈마동 293-15,36.35247075,127.368171,2016,한전주,042-288-3950,대전광역시 서구청,2025-06-26
갈마동193,1,대전광역시 서구 신갈마로209번길 26,대전광역시 서구 갈마동 294-17,36.35236096,127.3670845,2016,한전주,042-288-3950,대전광역시 서구청,2025-06-26
갈마동194,1,대전광역시 서구 신갈마로209번길 28,대전광역시 서구 갈마동 294-9,36.35237666,127.3669312,2016,한전주,042-288-3950,대전광역시 서구청,2025-06-26
갈마동195,1,대전광역시 서구 갈마동 계룡로342번길 28,대전광역시 서구 갈마동 295-17,36.352662,127.3663079,2016,한전주,042-288-3950,대전광역시 서구청,2025-06-26
갈마동196,1,대전광역시 서구 계룡로342번길 27,대전광역시 서구 갈마동 294-11,36.352653,127.366611,2016,한전주,042-288-3950,대전광역시 서구청,2025-06-26
갈마동197,1,대전광역시 서구 계룡로342번길 20,대전광역시 서구 갈마동 295-5,36.35303862,127.366589,2016,전용주,042-288-3950,대전광역시 서구청,2025-06-26
갈마동198,1,대전광역시 서구 신갈마로211번길 21,대전광역시 서구 갈마동 295-4,36.35320106,127.366607,2016,한전주,042-288-3950,대전광역시 서구청,2025-06-26
갈마동199,1,대전광역시 서구 신갈마로211번길 21,대전광역시 서구 갈마동 295-4,36.353220,127.366699,2016,한전주,042-288-3950,대전광역시 서구청,2025-06-26
갈마동200,1,대전광역시 서구 계룡로342번길 22-7,대전광역시 서구 갈마동 295-15,36.35285142,127.3662488,2016,한전주,042-288-3950,대전광역시 서구청,2025-06-26
갈마동201,1,대전광역시 서구 계룡로342번길 22-13,대전광역시 서구 갈마동 295-12,36.35296772,127.3658812,2016,전용주,042-288-3950,대전광역시 서구청,2025-06-26
갈마동202,1,대전광역시 서구 갈마동 계룡로342번길 28,대전광역시 서구 갈마동 295-17,36.35269209,127.3663079,2016,전용주,042-288-3950,대전광역시 서구청,2025-06-26
갈마동203,1,대전광역시 서구 갈마동 계룡로342번길 28,대전광역시 서구 갈마동 295-17,36.35269209,127.3663079,2016,한전주,042-288-3950,대전광역시 서구청,2025-06-26
갈마동204,1,대전광역시 서구 신갈마로209번길 54,대전광역시 서구 갈마동 295-20,36.35233611,127.3654886,2016,한전주,042-288-3950,대전광역시 서구청,2025-06-26
갈마동205,1,대전광역시 서구 계룡로326번길 37,대전광역시 서구 갈마동 295-26,36.35253351,127.3657409,2016,한전주,042-288-3950,대전광역시 서구청,2025-06-26
갈마동206,1,대전광역시 서구 계룡로326번길 29,대전광역시 서구 갈마동 295-22,36.35289921,127.3655919,2016,한전주,042-288-3950,대전광역시 서구청,2025-06-26
갈마동207,1,대전광역시 서구 신갈마로211번길 43,대전광역시 서구 갈마동 295-23,36.3531183,127.3654404,2016,한전주,042-288-3950,대전광역시 서구청,2025-06-26
갈마동208,1,대전광역시 서구 신갈마로209번길 60,대전광역시 서구 갈마동 296-9,36.3523246,127.3650984,2016,한전주,042-288-3950,대전광역시 서구청,2025-06-26
갈마동209,1,대전광역시 서구 신갈마로211번안길 7,대전광역시 서구 갈마동 297-2,36.35296775,127.3640096,2016,한전주,042-288-3950,대전광역시 서구청,2025-06-26
갈마동210,1,대전광역시 서구 계룡로320번길 40,대전광역시 서구 갈마동 297-26,36.35233234,127.3645693,2016,한전주,042-288-3950,대전광역시 서구청,2025-06-26
갈마동211,1,대전광역시 서구 계룡로320번길 40,대전광역시 서구 갈마동 297-26,36.35233234,127.364567,2016,한전주,042-288-3950,대전광역시 서구청,2025-06-26
갈마동212,1,대전광역시 서구 신갈마로209번길 80,대전광역시 서구 갈마동 297-4,36.35233723,127.3640582,2016,한전주,042-288-3950,대전광역시 서구청,2025-06-26
갈마동213,1,대전광역시 서구 신갈마로211번안길 17,대전광역시 서구 갈마동 297-3,36.352519,127.3640597,2016,한전주,042-288-3950,대전광역시 서구청,2025-06-26
갈마동214,1,대전광역시 서구 계룡로314번길 25-8,대전광역시 서구 갈마동 298-20,36.35242028,127.3637175,2016,전용주,042-288-3950,대전광역시 서구청,2025-06-26
갈마동215,1,,대전광역시 서구 갈마동 297-20,36.352731,127.363928,2016,한전주,042-288-3950,대전광역시 서구청,2025-06-26
갈마동216,1,,대전광역시 서구 갈마동 27-1,36.352992,127.363913,2016,한전주,042-288-3950,대전광역시 서구청,2025-06-26
갈마동217,1,대전광역시 서구 신갈마로209번길 84,대전광역시 서구 갈마동 298-28,36.352213,127.363703,2016,한전주,042-288-3950,대전광역시 서구청,2025-06-26
갈마동218,1,대전광역시 서구 신갈마로209번길 90,대전광역시 서구 갈마동 298-22,36.352209,127.3633997,2016,한전주,042-288-3950,대전광역시 서구청,2025-06-26
갈마동219,1,대전광역시 서구 신갈마로211번안길 25,대전광역시 서구 갈마동 300-1,36.35208371,127.3640666,2016,한전주,042-288-3950,대전광역시 서구청,2025-06-26
갈마동220,1,대전광역시 서구 신갈마로211번안길 29,대전광역시 서구 갈마동 300-19,36.35191796,127.3640742,2016,한전주,042-288-3950,대전광역시 서구청,2025-06-26
갈마동221,1,대전광역시 서구 신갈마로211번안길 35,대전광역시 서구 갈마동 300-8,36.35159006,127.3642679,2016,한전주,042-288-3950,대전광역시 서구청,2025-06-26
갈마동222,1,대전광역시 서구 신갈마로211번안길 39,대전광역시 서구 갈마동 300-9,36.35143053,127.3642756,2016,한전주,042-288-3950,대전광역시 서구청,2025-06-26
갈마동223,1,대전광역시 서구 신갈마로195번길 70,대전광역시 서구 갈마동 300-11,36.35110867,127.3641148,2016,한전주,042-288-3950,대전광역시 서구청,2025-06-26
갈마동224,1,대전광역시 서구 신갈마로195번길 70,대전광역시 서구 갈마동 300-11,36.35110867,127.364177,2016,한전주,042-288-3950,대전광역시 서구청,2025-06-26
갈마동225,1,대전광역시 서구 신갈마로195번길 66,대전광역시 서구 갈마동 300-13,36.35112466,127.3644559,2016,한전주,042-288-3950,대전광역시 서구청,2025-06-26
갈마동226,1,대전광역시 서구 계룡로320번길 58,대전광역시 서구 갈마동 300-3,36.351428,127.3645208,2016,한전주,042-288-3950,대전광역시 서구청,2025-06-26
갈마동227,1,대전광역시 서구 계룡로320번길 56,대전광역시 서구 갈마동 300-17,36.35158858,127.364676,2016,한전주,042-288-3950,대전광역시 서구청,2025-06-26
갈마동228,1,대전광역시 서구 계룡로320번길 48,대전광역시 서구 갈마동 300-15,36.351994,127.3645876,2016,한전주,042-288-3950,대전광역시 서구청,2025-06-26
갈마동229,1,대전광역시 서구 계룡로320번길 65,대전광역시 서구 갈마동 301-11,36.35116046,127.3649512,2016,한전주,042-288-3950,대전광역시 서구청,2025-06-26
갈마동230,1,대전광역시 서구 계룡로326번길 57,대전광역시 서구 갈마동 304-9,36.35150734,127.3655359,2016,한전주,042-288-3950,대전광역시 서구청,2025-06-26
갈마동231,1,대전광역시 서구 계룡로326번길 61-5,대전광역시 서구 갈마동 304-4,36.35151143,127.3657004,2016,한전주,042-288-3950,대전광역시 서구청,2025-06-26
갈마동232,1,대전광역시 서구 계룡로326번길 61-5,대전광역시 서구 갈마동 304-4,36.35151143,127.3657004,2016,한전주,042-288-3950,대전광역시 서구청,2025-06-26
갈마동233,1,대전광역시 서구 계룡로326번길 61-11,대전광역시 서구 갈마동 304-14,36.35152666,127.3660829,2016,한전주,042-288-3950,대전광역시 서구청,2025-06-26
갈마동234,1,대전광역시 서구 계룡로326번길 51,대전광역시 서구 갈마동 304-11,36.35181732,127.3656021,2016,한전주,042-288-3950,대전광역시 서구청,2025-06-26
갈마동235,1,대전광역시 서구 계룡로326번길 49,대전광역시 서구 갈마동 304-25,36.35198013,127.3657005,2016,한전주,042-288-3950,대전광역시 서구청,2025-06-26
갈마동236,1,대전광역시 서구 신갈마로195번길 44,대전광역시 서구 갈마동 304-7,36.35117586,127.3656317,2016,한전주,042-288-3950,대전광역시 서구청,2025-06-26
갈마동237,1,대전광역시 서구 신갈마로195번길 44,대전광역시 서구 갈마동 304-7,36.351100,127.3656317,2016,한전주,042-288-3950,대전광역시 서구청,2025-06-26
갈마동238,1,대전광역시 서구 신갈마로195번길 36,대전광역시 서구 갈마동 304-5,36.351111,127.366188,2016,한전주,042-288-3950,대전광역시 서구청,2025-06-26
갈마동239,1,대전광역시 서구 계룡로342번길 58,대전광역시 서구 갈마동 304-16,36.35135026,127.366297,2016,한전주,042-288-3950,대전광역시 서구청,2025-06-26
갈마동240,1,대전광역시 서구 갈마동 계룡로342번길 54,대전광역시 서구 갈마동 304-15,36.35152299,127.366263,2016,전용주,042-288-3950,대전광역시 서구청,2025-06-26
갈마동241,1,,대전광역시 서구 갈마동 304-50,36.351827,127.366258,2016,한전주,042-288-3950,대전광역시 서구청,2025-06-26
갈마동242,1,대전광역시 서구 신갈마로209번길 43,대전광역시 서구 갈마동 304-12,36.352163,127.3661584,2016,한전주,042-288-3950,대전광역시 서구청,2025-06-26
갈마동243,1,대전광역시 서구 신갈마로195번길 26,대전광역시 서구 갈마동 305-26,36.351121,127.3666094,2016,한전주,042-288-3950,대전광역시 서구청,2025-06-26
갈마동244,1,대전광역시 서구 신갈마로195번길 20,대전광역시 서구 갈마동 305-23,36.351206,127.3669602,2016,한전주,042-288-3950,대전광역시 서구청,2025-06-26
갈마동245,1,대전광역시 서구 계룡로354번길 47,대전광역시 서구 갈마동 306-13,36.351398,127.3673643,2016,한전주,042-288-3950,대전광역시 서구청,2025-06-26
갈마동246,1,대전광역시 서구 계룡로354번길 37,대전광역시 서구 갈마동 306-23,36.351889,127.3674278,2016,한전주,042-288-3950,대전광역시 서구청,2025-06-26
갈마동247,1,대전광역시 서구 신갈마로209번길 23,대전광역시 서구 갈마동 305-12,36.352126,127.367268,2016,한전주,042-288-3950,대전광역시 서구청,2025-06-26
갈마동248,1,대전광역시 서구 신갈마로195번길 12,대전광역시 서구 갈마동 306-12,36.35123806,127.367361,2016,한전주,042-288-3950,대전광역시 서구청,2025-06-26
갈마동249,1,대전광역시 서구 신갈마로 195,대전광역시 서구 갈마동 306-9,36.35123717,127.3678544,2016,한전주,042-288-3950,대전광역시 서구청,2025-06-26
갈마동250,1,대전광역시 서구 계룡로354번길 56,대전광역시 서구 갈마동 319-5,36.35092014,127.3670921,2016,한전주,042-288-3950,대전광역시 서구청,2025-06-26
갈마동251,1,대전광역시 서구 계룡로354번길 56,대전광역시 서구 갈마동 319-5,36.350982,127.3670921,2016,전용주,042-288-3950,대전광역시 서구청,2025-06-26
갈마동252,1,대전광역시 서구 계룡로354번길 62,대전광역시 서구 갈마동 319-7,36.35075201,127.3670529,2016,한전주,042-288-3950,대전광역시 서구청,2025-06-26
갈마동253,1,대전광역시 서구 계룡로354번길 71,대전광역시 서구 갈마동 316-10,36.35030884,127.3673378,2016,한전주,042-288-3950,대전광역시 서구청,2025-06-26
갈마동254,1,대전광역시 서구 계룡로354번길 81,대전광역시 서구 갈마동 316-6,36.34994426,127.3674126,2016,한전주,042-288-3950,대전광역시 서구청,2025-06-26
갈마동255,1,대전광역시 서구 신갈마로181번길 10,대전광역시 서구 갈마동 316-5,36.34994726,127.3676077,2016,한전주,042-288-3950,대전광역시 서구청,2025-06-26
갈마동256,1,대전광역시 서구 신갈마로181번길 24-27,대전광역시 서구 갈마동 319-1,36.35100523,127.3665273,2016,한전주,042-288-3950,대전광역시 서구청,2025-06-26
갈마동257,1,,대전광역시 서구 갈마동 319-22,36.35050286,127.3665554,2016,전용주,042-288-3950,대전광역시 서구청,2025-06-26
갈마동258,1,대전광역시 서구 신갈마로181번길 24-5,대전광역시 서구 갈마동 319-17,36.35009261,127.3666441,2016,한전주,042-288-3950,대전광역시 서구청,2025-06-26
갈마동259,1,대전광역시 서구 신갈마로181번길 26,대전광역시 서구 갈마동 319-39,36.349829,127.366789,2016,한전주,042-288-3950,대전광역시 서구청,2025-06-26
갈마동260,1,대전광역시 서구 계룡로342번길 88,대전광역시 서구 갈마동 320-29,36.3500349,127.3662459,2016,한전주,042-288-3950,대전광역시 서구청,2025-06-26
갈마동261,1,대전광역시 서구 계룡로342번길 82,대전광역시 서구 갈마동 320-8,36.35033175,127.3662732,2016,한전주,042-288-3950,대전광역시 서구청,2025-06-26
갈마동262,1,대전광역시 서구 계룡로342번길 76,대전광역시 서구 갈마동 320-5,36.3505816,127.3662278,2016,한전주,042-288-3950,대전광역시 서구청,2025-06-26
갈마동263,1,대전광역시 서구 계룡로342번길 80,대전광역시 서구 갈마동 320-7,36.350489,127.3662467,2016,전용주,042-288-3950,대전광역시 서구청,2025-06-26
갈마동264,1,대전광역시 서구 계룡로342번길 78-7,대전광역시 서구 갈마동 320-50,36.350309,127.3660515,2016,한전주,042-288-3950,대전광역시 서구청,2025-06-26
갈마동265,1,대전광역시 서구 신갈마로181번길 38,대전광역시 서구 갈마동 320-51,36.349834,127.366093,2016,한전주,042-288-3950,대전광역시 서구청,2025-06-26
갈마동266,1,대전광역시 서구 신갈마로181번길 42,대전광역시 서구 갈마동 320-16,36.34987433,127.3658263,2016,한전주,042-288-3950,대전광역시 서구청,2025-06-26
갈마동267,1,대전광역시 서구 계룡로326번길 94,대전광역시 서구 갈마동 321-11,36.349944,127.3653843,2016,한전주,042-288-3950,대전광역시 서구청,2025-06-26
갈마동268,1,대전광역시 서구 계룡로326번길 85,대전광역시 서구 갈마동 320-20,36.35030707,127.365650,2016,한전주,042-288-3950,대전광역시 서구청,2025-06-26
갈마동269,1,,대전광역시 서구 갈마동 321-67,36.350257,127.365273,2016,한전주,042-288-3950,대전광역시 서구청,2025-06-26
갈마동270,1,대전광역시 서구 계룡로320번길 85-9,대전광역시 서구 갈마동 321-7,36.350310,127.3652117,2016,전용주,042-288-3950,대전광역시 서구청,2025-06-26
갈마동271,1,대전광역시 서구 갈마동 계룡로326번길 79-3,대전광역시 서구 갈마동 320-24,36.350640,127.3656092,2016,한전주,042-288-3950,대전광역시 서구청,2025-06-26
갈마동272,1,대전광역시 서구 갈마동 계룡로326번길 79-7,대전광역시 서구 갈마동 320-32,36.35071314,127.3659152,2016,한전주,042-288-3950,대전광역시 서구청,2025-06-26
갈마동273,1,대전광역시 서구 계룡로326번길 71,대전광역시 서구 갈마동 320-1,36.35095248,127.365533,2016,한전주,042-288-3950,대전광역시 서구청,2025-06-26
갈마동274,1,대전광역시 서구 계룡로320번길 95,대전광역시 서구 갈마동 321-14,36.34985979,127.364906,2016,한전주,042-288-3950,대전광역시 서구청,2025-06-26
갈마동275,1,대전광역시 서구 계룡로320번길 89,대전광역시 서구 갈마동 321-18,36.350011,127.3649185,2016,한전주,042-288-3950,대전광역시 서구청,2025-06-26
갈마동276,1,대전광역시 서구 신갈마로195번길 51,대전광역시 서구 갈마동 321-1,36.35065273,127.3649828,2016,한전주,042-288-3950,대전광역시 서구청,2025-06-26
갈마동277,1,대전광역시 서구 신갈마로195번길 51,대전광역시 서구 갈마동 321-1,36.350660,127.3649828,2016,한전주,042-288-3950,대전광역시 서구청,2025-06-26
갈마동278,1,대전광역시 서구 신갈마로195번길 51,대전광역시 서구 갈마동 321-1,36.35065273,127.3649828,2016,전용주,042-288-3950,대전광역시 서구청,2025-06-26
갈마동279,1,대전광역시 서구 신갈마로181번길 64,대전광역시 서구 갈마동 328-10,36.34983075,127.3645153,2016,한전주,042-288-3950,대전광역시 서구청,2025-06-26
갈마동280,1,대전광역시 서구 신갈마로211번안길 57,대전광역시 서구 갈마동 328-37,36.350617,127.3641682,2016,한전주,042-288-3950,대전광역시 서구청,2025-06-26
갈마동281,1,대전광역시 서구 신갈마로211번안길 63,대전광역시 서구 갈마동 328-15,36.35050383,127.3641342,2016,전용주,042-288-3950,대전광역시 서구청,2025-06-26
갈마동282,1,대전광역시 서구 신갈마로211번안길 69,대전광역시 서구 갈마동 328-13,36.350169,127.3643244,2016,한전주,042-288-3950,대전광역시 서구청,2025-06-26
갈마동283,1,대전광역시 서구 신갈마로211번안길 69,대전광역시 서구 갈마동 328-13,36.35010223,127.3643244,2016,전용주,042-288-3950,대전광역시 서구청,2025-06-26
갈마동284,1,대전광역시 서구 신갈마로181번길 70,대전광역시 서구 갈마동 328-35,36.34980635,127.3641839,2016,한전주,042-288-3950,대전광역시 서구청,2025-06-26
갈마동285,1,대전광역시 서구 계룡로320번길 106,대전광역시 서구 갈마동 329-8,36.349274,127.3644991,2016,한전주,042-288-3950,대전광역시 서구청,2025-06-26
갈마동286,1,대전광역시 서구 신갈마로211번안길 100,대전광역시 서구 갈마동 358-5,36.34898398,127.3639646,2016,한전주,042-288-3950,대전광역시 서구청,2025-06-26
갈마동287,1,대전광역시 서구 신갈마로211번안길 100,대전광역시 서구 갈마동 358-5,36.34898398,127.3639646,2016,한전주,042-288-3950,대전광역시 서구청,2025-06-26
갈마동288,1,대전광역시 서구 신갈마로211번안길 101,대전광역시 서구 갈마동 329-10,36.34874091,127.364202,2016,한전주,042-288-3950,대전광역시 서구청,2025-06-26
갈마동289,1,대전광역시 서구 신갈마로167번길 70,대전광역시 서구 갈마동 329-14,36.34873761,127.364480,2016,한전주,042-288-3950,대전광역시 서구청,2025-06-26
갈마동290,1,대전광역시 서구 계룡로320번길 118,대전광역시 서구 갈마동 329-9,36.34871117,127.3646817,2016,한전주,042-288-3950,대전광역시 서구청,2025-06-26
갈마동291,1,대전광역시 서구 계룡로320번길 106,대전광역시 서구 갈마동 329-8,36.349219,127.3644991,2016,한전주,042-288-3950,대전광역시 서구청,2025-06-26
갈마동292,1,대전광역시 서구 계룡로320번길 103,대전광역시 서구 갈마동 330-7,36.349308,127.3650591,2016,한전주,042-288-3950,대전광역시 서구청,2025-06-26
갈마동293,1,대전광역시 서구 계룡로 366,대전광역시 서구 갈마동 307-1,36.35259082,127.3689655,2016,한전주,042-288-3950,대전광역시 서구청,2025-06-26
갈마동294,1,대전광역시 서구 계룡로320번길 119,대전광역시 서구 갈마동 330-6,36.348635,127.3650807,2016,한전주,042-288-3950,대전광역시 서구청,2025-06-26
갈마동295,1,대전광역시 서구 계룡로320번길 119,대전광역시 서구 갈마동 330-6,36.348650,127.3650807,2016,한전주,042-288-3950,대전광역시 서구청,2025-06-26
갈마동296,1,대전광역시 서구 계룡로326번길 111,대전광역시 서구 갈마동 333-29,36.349146,127.365613,2016,한전주,042-288-3950,대전광역시 서구청,2025-06-26
갈마동297,1,대전광역시 서구 계룡로326번길 107-6,대전광역시 서구 갈마동 333-35,36.34921602,127.3658261,2016,한전주,042-288-3950,대전광역시 서구청,2025-06-26
갈마동298,1,대전광역시 서구 계룡로326번길 107-26,대전광역시 서구 갈마동 333-32,36.349076,127.366279,2016,한전주,042-288-3950,대전광역시 서구청,2025-06-26
갈마동299,1,대전광역시 서구 계룡로326번길 102,대전광역시 서구 갈마동 330-2,36.34959515,127.365475,2016,한전주,042-288-3950,대전광역시 서구청,2025-06-26
갈마동300,1,대전광역시 서구 신갈마로167번길 40,대전광역시 서구 갈마동 333-26,36.34885068,127.3659462,2016,한전주,042-288-3950,대전광역시 서구청,2025-06-26
갈마동301,1,대전광역시 서구 신갈마로167번길 34,대전광역시 서구 갈마동 333-23,36.3487529,127.366359,2016,한전주,042-288-3950,대전광역시 서구청,2025-06-26
갈마동302,1,대전광역시 서구 신갈마로167번길 40,대전광역시 서구 갈마동 333-26,36.34885068,127.3659462,2016,한전주,042-288-3950,대전광역시 서구청,2025-06-26
갈마동303,1,대전광역시 서구 계룡로342번길 114,대전광역시 서구 갈마동 333-21,36.34889807,127.3663603,2016,한전주,042-288-3950,대전광역시 서구청,2025-06-26
갈마동304,1,대전광역시 서구 계룡로342번길 108,대전광역시 서구 갈마동 333-9,36.349148,127.3663296,2016,한전주,042-288-3950,대전광역시 서구청,2025-06-26
갈마동305,1,대전광역시 서구 계룡로342번길 107-7,대전광역시 서구 갈마동 336-7,36.34946586,127.3666966,2016,한전주,042-288-3950,대전광역시 서구청,2025-06-26
갈마동306,1,대전광역시 서구 계룡로342번길 100,대전광역시 서구 갈마동 333-8,36.349432,127.3661753,2016,한전주,042-288-3950,대전광역시 서구청,2025-06-26
갈마동307,1,대전광역시 서구 계룡로342번길 97,대전광역시 서구 갈마동 336-1,36.349690,127.366604,2016,전용주,042-288-3950,대전광역시 서구청,2025-06-26
갈마동308,1,대전광역시 서구 계룡로342번길 115,대전광역시 서구 갈마동 336-25,36.34875586,127.366689,2016,한전주,042-288-3950,대전광역시 서구청,2025-06-26
갈마동309,1,대전광역시 서구 신갈마로167번길 20,대전광역시 서구 갈마동 336-23,36.348704,127.3671028,2016,한전주,042-288-3950,대전광역시 서구청,2025-06-26
갈마동310,1,대전광역시 서구 계룡로354번길 105,대전광역시 서구 갈마동 337-27,36.348714,127.3674377,2016,한전주,042-288-3950,대전광역시 서구청,2025-06-26
갈마동311,1,대전광역시 서구 계룡로354번길 106,대전광역시 서구 갈마동 336-22,36.34878317,127.367255,2016,한전주,042-288-3950,대전광역시 서구청,2025-06-26
갈마동312,1,대전광역시 서구 신갈마로 173-13,대전광역시 서구 갈마동 337-21,36.349176,127.3674555,2016,한전주,042-288-3950,대전광역시 서구청,2025-06-26
갈마동313,1,대전광역시 서구 신갈마로 173-9,대전광역시 서구 갈마동 337-11,36.349191,127.367634,2016,한전주,042-288-3950,대전광역시 서구청,2025-06-26
갈마동314,1,대전광역시 서구 신갈마로 173,대전광역시 서구 갈마동 337-13,36.34913637,127.3680515,2016,한전주,042-288-3950,대전광역시 서구청,2025-06-26
갈마동315,1,대전광역시 서구 계룡로354번길 87,대전광역시 서구 갈마동 337-24,36.34951933,127.3675079,2016,한전주,042-288-3950,대전광역시 서구청,2025-06-26
갈마동316,1,대전광역시 서구 신갈마로167번길 10,대전광역시 서구 갈마동 337-18,36.34880211,127.367646,2016,한전주,042-288-3950,대전광역시 서구청,2025-06-26
갈마동317,1,대전광역시 서구 신갈마로167번길 2,대전광역시 서구 갈마동 337-15,36.34882602,127.368046,2016,한전주,042-288-3950,대전광역시 서구청,2025-06-26
갈마동318,1,대전광역시 서구 계룡로354번길 110,대전광역시 서구 갈마동 367-7,36.348525,127.367276,2016,한전주,042-288-3950,대전광역시 서구청,2025-06-26
갈마동319,1,대전광역시 서구 계룡로354번길 116,대전광역시 서구 갈마동 367-10,36.34833911,127.367291,2016,한전주,042-288-3950,대전광역시 서구청,2025-06-26
갈마동320,1,대전광역시 서구 계룡로354번길 117-1,대전광역시 서구 갈마동 366-25,36.348270,127.367764,2016,한전주,042-288-3950,대전광역시 서구청,2025-06-26
갈마동321,1,대전광역시 서구 계룡로354번길 122,대전광역시 서구 갈마동 367-14,36.34803004,127.3672176,2016,한전주,042-288-3950,대전광역시 서구청,2025-06-26
갈마동322,1,대전광역시 서구 계룡로354번길 130,대전광역시 서구 갈마동 367-20,36.34769194,127.367245,2016,한전주,042-288-3950,대전광역시 서구청,2025-06-26
갈마동323,1,대전광역시 서구 계룡로354번길 132,대전광역시 서구 갈마동 367-21,36.347588,127.3672614,2016,한전주,042-288-3950,대전광역시 서구청,2025-06-26
갈마동324,1,,대전광역시 서구 갈마동 366-32,36.347513,127.3674936,2016,한전주,042-288-3950,대전광역시 서구청,2025-06-26
갈마동325,1,대전광역시 서구 신갈마로155번길 7-6,대전광역시 서구 갈마동 377-8,36.3472218,127.3677374,2016,한전주,042-288-3950,대전광역시 서구청,2025-06-26
갈마동326,1,대전광역시 서구 신갈마로 153,대전광역시 서구 갈마동 377-5,36.34737321,127.3681442,2016,한전주,042-288-3950,대전광역시 서구청,2025-06-26
갈마동327,1,대전광역시 서구 신갈마로155번길 26,대전광역시 서구 갈마동 367-23,36.34762827,127.3668754,2016,한전주,042-288-3950,대전광역시 서구청,2025-06-26
갈마동328,1,대전광역시 서구 계룡로342번길 128,대전광역시 서구 갈마동 368-5,36.348294,127.366459,2016,한전주,042-288-3950,대전광역시 서구청,2025-06-26
갈마동329,1,대전광역시 서구 계룡로342번길 127-5,대전광역시 서구 갈마동 367-3,36.348300,127.366620,2016,한전주,042-288-3950,대전광역시 서구청,2025-06-26
갈마동330,1,대전광역시 서구 계룡로354번길 112,대전광역시 서구 갈마동 367-8,36.348484,127.3671111,2016,전용주,042-288-3950,대전광역시 서구청,2025-06-26
갈마동331,1,대전광역시 서구 계룡로342번길 130-6,대전광역시 서구 갈마동 368-33,36.34827245,127.366213,2016,전용주,042-288-3950,대전광역시 서구청,2025-06-26
갈마동332,1,대전광역시 서구 계룡로342번길 136,대전광역시 서구 갈마동 368-11,36.34789478,127.3663948,2016,한전주,042-288-3950,대전광역시 서구청,2025-06-26
갈마동333,1,,대전광역시 서구 갈마동 367-29,36.34790028,127.3666916,2016,전용주,042-288-3950,대전광역시 서구청,2025-06-26
갈마동334,1,대전광역시 서구 신갈마로155번길 38,대전광역시 서구 갈마동 368-14,36.34753505,127.3663879,2016,한전주,042-288-3950,대전광역시 서구청,2025-06-26
갈마동335,1,대전광역시 서구 신갈마로155번길 33,대전광역시 서구 갈마동 375-23,36.347373,127.3664099,2016,전용주,042-288-3950,대전광역시 서구청,2025-06-26
갈마동336,1,대전광역시 서구 갈마동 계룡로326번길 147,대전광역시 서구 갈마동 368-30,36.3475304,127.3657861,2016,한전주,042-288-3950,대전광역시 서구청,2025-06-26
갈마동337,1,대전광역시 서구 계룡로326번길 147,대전광역시 서구 갈마동 368-15,36.3475304,127.3657861,2016,한전주,042-288-3950,대전광역시 서구청,2025-06-26
갈마동338,1,대전광역시 서구 계룡로326번길 143,대전광역시 서구 갈마동 368-16,36.347742,127.365897,2016,한전주,042-288-3950,대전광역시 서구청,2025-06-26
갈마동339,1,대전광역시 서구 계룡로326번길 139-3,대전광역시 서구 갈마동 368-35,36.34808636,127.365831,2016,한전주,042-288-3950,대전광역시 서구청,2025-06-26
갈마동340,1,대전광역시 서구 계룡로326번길 139-4,대전광역시 서구 갈마동 368-27,36.34786039,127.3657647,2016,한전주,042-288-3950,대전광역시 서구청,2025-06-26
갈마동341,1,대전광역시 서구 계룡로326번길 135,대전광역시 서구 갈마동 368-19,36.3480691,127.365765,2016,한전주,042-288-3950,대전광역시 서구청,2025-06-26
갈마동342,1,대전광역시 서구 계룡로326번길 125,대전광역시 서구 갈마동 368-1,36.348560,127.3657264,2016,한전주,042-288-3950,대전광역시 서구청,2025-06-26
갈마동343,1,,대전광역시 서구 갈마동 산 35-37,36.348346,127.364106,2016,한전주,042-288-3950,대전광역시 서구청,2025-06-26
갈마동344,1,,대전광역시 서구 갈마동 산35-37,36.347985,127.364112,2016,한전주,042-288-3950,대전광역시 서구청,2025-06-26
갈마동345,1,,대전광역시 서구 갈마동 355-6,36.34790014,127.3640416,2016,한전주,042-288-3950,대전광역시 서구청,2025-06-26
갈마동346,1,대전광역시 서구 신갈마로211번안길 124,대전광역시 서구 갈마동 355-16,36.34766719,127.364080,2016,한전주,042-288-3950,대전광역시 서구청,2025-06-26
갈마동347,1,,대전광역시 서구 갈마동 370-1,36.34848881,127.3648403,2016,전용주,042-288-3950,대전광역시 서구청,2025-06-26
갈마동348,1,,대전광역시 서구 갈마동 370-1,36.34848881,127.3648403,2016,전용주,042-288-3950,대전광역시 서구청,2025-06-26
갈마동349,1,,대전광역시 서구 갈마동 370-1,36.34848881,127.3648403,2016,전용주,042-288-3950,대전광역시 서구청,2025-06-26
갈마동350,1,대전광역시 서구 계룡로326번길 175,대전광역시 서구 갈마동 375-21,36.346295,127.3658802,2016,한전주,042-288-3950,대전광역시 서구청,2025-06-26
갈마동351,1,대전광역시 서구 신갈마로141번길 40-6,대전광역시 서구 갈마동 375-12,36.34655889,127.366147,2016,전용주,042-288-3950,대전광역시 서구청,2025-06-26
갈마동352,1,대전광역시 서구 계룡로326번길 169,대전광역시 서구 갈마동 375-10,36.346530,127.3658563,2016,한전주,042-288-3950,대전광역시 서구청,2025-06-26
갈마동353,1,대전광역시 서구 계룡로326번길 159-2,대전광역시 서구 갈마동 375-34,36.346883,127.3658436,2016,한전주,042-288-3950,대전광역시 서구청,2025-06-26
갈마동354,1,대전광역시 서구 계룡로342번길 165,대전광역시 서구 갈마동 376-22,36.34655121,127.3667198,2016,한전주,042-288-3950,대전광역시 서구청,2025-06-26
갈마동355,1,대전광역시 서구 계룡로342번길 160,대전광역시 서구 갈마동 375-24,36.346728,127.3664406,2016,한전주,042-288-3950,대전광역시 서구청,2025-06-26
갈마동356,1,대전광역시 서구 계룡로342번길 157-11,대전광역시 서구 갈마동 376-8,36.347008,127.3671705,2016,한전주,042-288-3950,대전광역시 서구청,2025-06-26
갈마동357,1,대전광역시 서구 계룡로342번길 154,대전광역시 서구 갈마동 375-4,36.347018,127.3664189,2016,한전주,042-288-3950,대전광역시 서구청,2025-06-26
갈마동358,1,대전광역시 서구 계룡로354번길 154,대전광역시 서구 갈마동 376-37,36.3466314,127.3672814,2016,한전주,042-288-3950,대전광역시 서구청,2025-06-26
갈마동359,1,대전광역시 서구 계룡로354번길 153-10,대전광역시 서구 갈마동 377-18,36.34654496,127.3679598,2016,전용주,042-288-3950,대전광역시 서구청,2025-06-26
갈마동360,1,대전광역시 서구 계룡로354번길 150,대전광역시 서구 갈마동 376-13,36.346858,127.3672155,2016,전용주,042-288-3950,대전광역시 서구청,2025-06-26
갈마동361,1,대전광역시 서구 계룡로354번길 142,대전광역시 서구 갈마동 376-7,36.347016,127.367372,2016,전용주,042-288-3950,대전광역시 서구청,2025-06-26
갈마동362,1,대전광역시 서구 계룡로354번길 142,대전광역시 서구 갈마동 376-7,36.34707343,127.367348,2016,전용주,042-288-3950,대전광역시 서구청,2025-06-26
갈마동363,1,대전광역시 서구 계룡로342번길 183,대전광역시 서구 갈마동 388-26,36.3457645,127.366890,2016,전용주,042-288-3950,대전광역시 서구청,2025-06-26
갈마동364,1,대전광역시 서구 계룡로342번길 187,대전광역시 서구 갈마동 388-19,36.345522,127.3668836,2016,한전주,042-288-3950,대전광역시 서구청,2025-06-26
갈마동365,1,대전광역시 서구 계룡로342번길 191,대전광역시 서구 갈마동 388-16,36.345306,127.3668518,2016,한전주,042-288-3950,대전광역시 서구청,2025-06-26
갈마동366,1,대전광역시 서구 신갈마로127번길 28,대전광역시 서구 갈마동 388-10,36.344968,127.3668508,2016,한전주,042-288-3950,대전광역시 서구청,2025-06-26
갈마동367,1,대전광역시 서구 계룡로342번길 208,대전광역시 서구 갈마동 390-15,36.344603,127.3665695,2016,한전주,042-288-3950,대전광역시 서구청,2025-06-26
갈마동368,1,대전광역시 서구 신갈마로127번길 33,대전광역시 서구 갈마동 390-14,36.34479571,127.3665761,2016,한전주,042-288-3950,대전광역시 서구청,2025-06-26
갈마동369,1,대전광역시 서구 신갈마로127번길 39-3,대전광역시 서구 갈마동 390-12,36.3447873,127.3663785,2016,한전주,042-288-3950,대전광역시 서구청,2025-06-26
갈마동370,1,대전광역시 서구 신갈마로127번길 47,대전광역시 서구 갈마동 390-1,36.34475981,127.3659679,2016,한전주,042-288-3950,대전광역시 서구청,2025-06-26
갈마동371,1,대전광역시 서구 신갈마로127번길 47,대전광역시 서구 갈마동 390-1,36.34475981,127.3659679,2016,전용주,042-288-3950,대전광역시 서구청,2025-06-26
갈마동372,1,대전광역시 서구 신갈마로127번길 59-3,대전광역시 서구 갈마동 390-4,36.34440147,127.3659801,2016,한전주,042-288-3950,대전광역시 서구청,2025-06-26
갈마동373,1,,대전광역시 서구 갈마동 390-5,36.344234,127.365816,2016,전용주,042-288-3950,대전광역시 서구청,2025-06-26
갈마동374,1,대전광역시 서구 신갈마로127번길 59-9,대전광역시 서구 갈마동 390-21,36.34437726,127.3663503,2016,전용주,042-288-3950,대전광역시 서구청,2025-06-26
갈마동375,1,,대전광역시 서구 갈마동 424-3전,36.343801,127.365839,2016,한전주,042-288-3950,대전광역시 서구청,2025-06-26
갈마동376,1,,대전광역시 서구 갈마동 390-22,36.34313878,127.3673195,2016,전용주,042-288-3950,대전광역시 서구청,2025-06-26
갈마동377,1,대전광역시 서구 신갈마로113번길 22,대전광역시 서구 갈마동 391-29,36.343822,127.3672608,2016,한전주,042-288-3950,대전광역시 서구청,2025-06-26
갈마동378,1,대전광역시 서구 신갈마로113번길 22,대전광역시 서구 갈마동 391-29,36.343823,127.3672608,2016,전용주,042-288-3950,대전광역시 서구청,2025-06-26
갈마동379,1,대전광역시 서구 신갈마로113번길 18,대전광역시 서구 갈마동 391-28,36.343867,127.3674346,2016,한전주,042-288-3950,대전광역시 서구청,2025-06-26
갈마동380,1,,대전광역시 서구 갈마동 329-17,36.344368,127.367613,2016,한전주,042-288-3950,대전광역시 서구청,2025-06-26
갈마동381,1,대전광역시 서구 계룡로354번길 204-5,대전광역시 서구 갈마동 391-18,36.344286,127.3672238,2016,한전주,042-288-3950,대전광역시 서구청,2025-06-26
갈마동382,1,대전광역시 서구 신갈마로127번길 23-9,대전광역시 서구 갈마동 391-14,36.34456356,127.367202,2016,전용주,042-288-3950,대전광역시 서구청,2025-06-26
갈마동383,1,,대전광역시 서구 갈마동 392-9,36.34460547,127.3679827,2016,한전주,042-288-3950,대전광역시 서구청,2025-06-26
갈마동384,1,대전광역시 서구 계룡로354번길 200,대전광역시 서구 갈마동 391-12,36.3446015,127.367498,2016,한전주,042-288-3950,대전광역시 서구청,2025-06-26
갈마동385,1,대전광역시 서구 신갈마로127번길 6,대전광역시 서구 갈마동 386-19,36.34507251,127.368056,2016,한전주,042-288-3950,대전광역시 서구청,2025-06-26
갈마동386,1,대전광역시 서구 신갈마로127번길 12,대전광역시 서구 갈마동 386-17,36.34508055,127.3677861,2016,한전주,042-288-3950,대전광역시 서구청,2025-06-26
갈마동387,1,대전광역시 서구 계룡로354번길 170,대전광역시 서구 갈마동 388-3,36.34586949,127.3672406,2016,전용주,042-288-3950,대전광역시 서구청,2025-06-26
갈마동388,1,대전광역시 서구 계룡로354번길 174,대전광역시 서구 갈마동 388-4,36.3457232,127.3673373,2016,한전주,042-288-3950,대전광역시 서구청,2025-06-26
갈마동389,1,대전광역시 서구 계룡로354번길 176,대전광역시 서구 갈마동 388-6,36.34559006,127.3671751,2016,전용주,042-288-3950,대전광역시 서구청,2025-06-26
갈마동390,1,대전광역시 서구 계룡로354번길 182,대전광역시 서구 갈마동 388-21,36.345391,127.3673854,2016,한전주,042-288-3950,대전광역시 서구청,2025-06-26
갈마동391,1,대전광역시 서구 신갈마로127번길 20,대전광역시 서구 갈마동 388-29,36.34502779,127.3672987,2016,한전주,042-288-3950,대전광역시 서구청,2025-06-26
갈마동392,1,대전광역시 서구 신갈마로127번길 20,대전광역시 서구 갈마동 388-29,36.34502779,127.3672987,2016,한전주,042-288-3950,대전광역시 서구청,2025-06-26
갈마동393,1,대전광역시 서구 신갈마로127번길 26,대전광역시 서구 갈마동 388-9,36.34501348,127.3670289,2016,한전주,042-288-3950,대전광역시 서구청,2025-06-26
갈마동394,1,,대전광역시 서구 갈마동 307-9,36.352017,127.368897,2016,한전주,042-288-3950,대전광역시 서구청,2025-06-26
갈마동395,1,,대전광역시 서구 갈마동 307-15,36.351119,127.368536,2016,한전주,042-288-3950,대전광역시 서구청,2025-06-26
갈마동396,1,대전광역시 서구 갈마로 10,대전광역시 서구 갈마동 307-14,36.35131831,127.368828,2016,한전주,042-288-3950,대전광역시 서구청,2025-06-26
갈마동397,1,대전광역시 서구 신갈마로 168-10,대전광역시 서구 갈마동 363-2,36.34859821,127.3688628,2016,한전주,042-288-3950,대전광역시 서구청,2025-06-26
갈마동398,1,대전광역시 서구 신갈마로 154,대전광역시 서구 갈마동 378-1,36.34738888,127.3686741,2016,한전주,042-288-3950,대전광역시 서구청,2025-06-26
갈마동399,1,대전광역시 서구 신갈마로 156-8,대전광역시 서구 갈마동 378-2,36.34735642,127.3689115,2016,한전주,042-288-3950,대전광역시 서구청,2025-06-26
갈마동400,1,대전광역시 서구 신갈마로 156-14,대전광역시 서구 갈마동 378-3,36.34737914,127.369182,2016,한전주,042-288-3950,대전광역시 서구청,2025-06-26
갈마동401,1,대전광역시 서구 갈마로 66,대전광역시 서구 갈마동 378-16,36.34652792,127.3692197,2016,전용주,042-288-3950,대전광역시 서구청,2025-06-26
갈마동402,1,대전광역시 서구 갈마로 64,대전광역시 서구 갈마동 378-15,36.34665919,127.3692288,2016,전용주,042-288-3950,대전광역시 서구청,2025-06-26
갈마동402-1,1,대전광역시 서구 갈마로 62,대전광역시 서구 갈마동 378-13,36.346970,127.3692209,2016,한전주,042-288-3950,대전광역시 서구청,2025-06-26
갈마동403,1,대전광역시 서구 신갈마로209번길 32,대전광역시 서구 갈마동 294-10,36.35243425,127.3667519,2022,한전주,042-288-3950,대전광역시 서구청,2025-06-26
갈마동404,1,대전광역시 서구 갈마로 84,대전광역시 서구 갈마동 393-3,36.34488839,127.3692853,2016,한전주,042-288-3950,대전광역시 서구청,2025-06-26
갈마동405,1,대전광역시 서구 갈마로 7-5,대전광역시 서구 갈마동 308-6,36.351551,127.3696138,2016,한전주,042-288-3950,대전광역시 서구청,2025-06-26
갈마동406,1,대전광역시 서구 갈마로 7-8,대전광역시 서구 갈마동 308-12,36.35128649,127.369635,2016,전용주,042-288-3950,대전광역시 서구청,2025-06-26
갈마동407,1,대전광역시 서구 계룡로 382-6,대전광역시 서구 갈마동 308-19,36.35152379,127.3699708,2016,한전주,042-288-3950,대전광역시 서구청,2025-06-26
갈마동408,1,대전광역시 서구 갈마로 7-13,대전광역시 서구 갈마동 308-7,36.35152379,127.369915,2016,한전주,042-288-3950,대전광역시 서구청,2025-06-26
갈마동409,1,,대전광역시 서구 갈마동 310-23,36.35077017,127.3700198,2016,한전주,042-288-3950,대전광역시 서구청,2025-06-26
갈마동410,1,대전광역시 서구 갈마로 15,대전광역시 서구 갈마동 313-1,36.35092687,127.369360,2016,한전주,042-288-3950,대전광역시 서구청,2025-06-26
갈마동411,1,대전광역시 서구 갈마로 13-6,대전광역시 서구 갈마동 313-17,36.35085947,127.3695547,2016,한전주,042-288-3950,대전광역시 서구청,2025-06-26
갈마동412,1,대전광역시 서구 갈마로 13-18,대전광역시 서구 갈마동 313-4,36.35050601,127.369823,2016,한전주,042-288-3950,대전광역시 서구청,2025-06-26
갈마동413,1,대전광역시 서구 갈마로 13-24,대전광역시 서구 갈마동 313-6,36.35037446,127.370164,2016,한전주,042-288-3950,대전광역시 서구청,2025-06-26
갈마동414,1,대전광역시 서구 계룡로 394,대전광역시 서구 갈마동 309-8,36.35103466,127.3713834,2016,한전주,042-288-3950,대전광역시 서구청,2025-06-26
갈마동415,1,대전광역시 서구 계룡로394번길 12,대전광역시 서구 갈마동 309-10,36.350791,127.371165,2016,한전주,042-288-3950,대전광역시 서구청,2025-06-26
갈마동416,1,대전광역시 서구 갈마동 계룡로394번길 14-6,대전광역시 서구 갈마동 309-20,36.350765,127.371002,2016,한전주,042-288-3950,대전광역시 서구청,2025-06-26
갈마동417,1,대전광역시 서구 계룡로394번길 14-18,대전광역시 서구 갈마동 309-2,36.35113274,127.3708217,2016,한전주,042-288-3950,대전광역시 서구청,2025-06-26
갈마동418,1,대전광역시 서구 계룡로394번길 14-24,대전광역시 서구 갈마동 309-24,36.351104,127.3706246,2016,한전주,042-288-3950,대전광역시 서구청,2025-06-26
갈마동419,1,대전광역시 서구 계룡로394번길 22-17,대전광역시 서구 갈마동 310-22,36.35087862,127.370245,2016,한전주,042-288-3950,대전광역시 서구청,2025-06-26
갈마동420,1,대전광역시 서구 계룡로394번길 14-5,대전광역시 서구 갈마동 310-7,36.35068457,127.3708565,2016,한전주,042-288-3950,대전광역시 서구청,2025-06-26
갈마동421,1,대전광역시 서구 갈마로 13-27,대전광역시 서구 갈마동 310-16,36.350441,127.3704718,2016,전용주,042-288-3950,대전광역시 서구청,2025-06-26
갈마동422,1,대전광역시 서구 계룡로394번길 16,대전광역시 서구 갈마동 310-8,36.35059007,127.3709907,2016,한전주,042-288-3950,대전광역시 서구청,2025-06-26
갈마동423,1,대전광역시 서구 계룡로394번길 20,대전광역시 서구 갈마동 310-32,36.35044294,127.370861,2016,한전주,042-288-3950,대전광역시 서구청,2025-06-26
갈마동424,1,대전광역시 서구 갈마로 13-32,대전광역시 서구 갈마동 313-9,36.35014372,127.3704678,2016,한전주,042-288-3950,대전광역시 서구청,2025-06-26
갈마동425,1,대전광역시 서구 계룡로394번길 34,대전광역시 서구 갈마동 313-10,36.35010224,127.3702447,2016,한전주,042-288-3950,대전광역시 서구청,2025-06-26
갈마동426,1,대전광역시 서구 계룡로394번길 38,대전광역시 서구 갈마동 313-11,36.35010151,127.3699567,2016,한전주,042-288-3950,대전광역시 서구청,2025-06-26
갈마동427,1,대전광역시 서구 갈마로 33,대전광역시 서구 갈마동 339-1,36.34957674,127.3697867,2016,한전주,042-288-3950,대전광역시 서구청,2025-06-26
갈마동428,1,대전광역시 서구 갈마중로7번길 42,대전광역시 서구 갈마동 343-1,36.34939079,127.3718292,2016,한전주,042-288-3950,대전광역시 서구청,2025-06-26
갈마동429,1,대전광역시 서구 갈마중로7번길 42,대전광역시 서구 갈마동 343-1,36.34939079,127.3718292,2016,한전주,042-288-3950,대전광역시 서구청,2025-06-26
갈마동430,1,대전광역시 서구 갈마로 45,대전광역시 서구 갈마동 362-1,36.34836375,127.369820,2016,한전주,042-288-3950,대전광역시 서구청,2025-06-26
갈마동431,1,대전광역시 서구 갈마중로7번길 42,대전광역시 서구 갈마동 343-1,36.34939079,127.3718292,2016,한전주,042-288-3950,대전광역시 서구청,2025-06-26
갈마동432,1,대전광역시 서구 갈마중로 13-26,대전광역시 서구 갈마동 343-39,36.348487,127.370220,2016,한전주,042-288-3950,대전광역시 서구청,2025-06-26
갈마동433,1,대전광역시 서구 갈마중로 13-24,대전광역시 서구 갈마동 343-38,36.34844253,127.3704514,2016,한전주,042-288-3950,대전광역시 서구청,2025-06-26
갈마동434,1,대전광역시 서구 갈마중로 13-16,대전광역시 서구 갈마동 343-34,36.34828232,127.370801,2016,한전주,042-288-3950,대전광역시 서구청,2025-06-26
갈마동435,1,대전광역시 서구 갈마중로 13-10,대전광역시 서구 갈마동 343-32,36.34800204,127.370805,2016,한전주,042-288-3950,대전광역시 서구청,2025-06-26
갈마동436,1,대전광역시 서구 갈마중로 13-25,대전광역시 서구 갈마동 343-41,36.348273,127.3703371,2016,한전주,042-288-3950,대전광역시 서구청,2025-06-26
갈마동437,1,대전광역시 서구 갈마중로7번길 10-6,대전광역시 서구 갈마동 343-48,36.34787584,127.3705194,2016,한전주,042-288-3950,대전광역시 서구청,2025-06-26
갈마동438,1,대전광역시 서구 갈마중로 6-4,대전광역시 서구 갈마동 361-14,36.34739171,127.369716,2016,한전주,042-288-3950,대전광역시 서구청,2025-06-26
갈마동439,1,대전광역시 서구 갈마중로 8,대전광역시 서구 갈마동 361-17,36.347489,127.370176,2016,한전주,042-288-3950,대전광역시 서구청,2025-06-26
갈마동440,1,대전광역시 서구 갈마중로 13,대전광역시 서구 갈마동 343-30,36.34776166,127.370837,2016,한전주,042-288-3950,대전광역시 서구청,2025-06-26
갈마동441,1,대전광역시 서구 갈마중로8번길 10,대전광역시 서구 갈마동 361-18,36.34723201,127.3700639,2016,전용주,042-288-3950,대전광역시 서구청,2025-06-26
갈마동442,1,대전광역시 서구 갈마중로 6-14,대전광역시 서구 갈마동 361-11,36.346837,127.369889,2016,전용주,042-288-3950,대전광역시 서구청,2025-06-26
갈마동443,1,대전광역시 서구 갈마중로8번길 22,대전광역시 서구 갈마동 361-26,36.346661,127.3701208,2016,한전주,042-288-3950,대전광역시 서구청,2025-06-26
갈마동444,1,대전광역시 서구 갈마로69번길 6,대전광역시 서구 갈마동 394-34,36.34614026,127.3698533,2016,전용주,042-288-3950,대전광역시 서구청,2025-06-26
갈마동445,1,대전광역시 서구 갈마중로8번길 34,대전광역시 서구 갈마동 394-30,36.34615448,127.3702089,2016,한전주,042-288-3950,대전광역시 서구청,2025-06-26
갈마동446,1,대전광역시 서구 갈마중로8번길 26,대전광역시 서구 갈마동 361-22,36.346304,127.3701836,2016,한전주,042-288-3950,대전광역시 서구청,2025-06-26
갈마동447,1,대전광역시 서구 갈마중로8번길 22,대전광역시 서구 갈마동 361-26,36.34661336,127.3701208,2016,한전주,042-288-3950,대전광역시 서구청,2025-06-26
갈마동448,1,대전광역시 서구 갈마중로8번길 16,대전광역시 서구 갈마동 361-27,36.34690658,127.3701569,2016,한전주,042-288-3950,대전광역시 서구청,2025-06-26
갈마동449,1,대전광역시 서구 갈마중로8번길 10,대전광역시 서구 갈마동 361-18,36.34723201,127.3700639,2016,한전주,042-288-3950,대전광역시 서구청,2025-06-26
갈마동450,1,,대전광역시 서구 갈마동 595-4,36.346222,127.370643,2016,한전주,042-288-3950,대전광역시 서구청,2025-06-26
갈마동451,1,대전광역시 서구 갈마중로16번길 36,대전광역시 서구 갈마동 395-8,36.34604288,127.3710321,2016,한전주,042-288-3950,대전광역시 서구청,2025-06-26
갈마동452,1,대전광역시 서구 갈마중로16번길 32,대전광역시 서구 갈마동 395-7,36.34618261,127.3710178,2016,한전주,042-288-3950,대전광역시 서구청,2025-06-26
갈마동453,1,대전광역시 서구 갈마중로16번길 10,대전광역시 서구 갈마동 352-2,36.34718579,127.370671,2016,한전주,042-288-3950,대전광역시 서구청,2025-06-26
갈마동454,1,대전광역시 서구 갈마중로16번길 7,대전광역시 서구 갈마동 351-2,36.34749842,127.3715664,2016,한전주,042-288-3950,대전광역시 서구청,2025-06-26
갈마동455,1,대전광역시 서구 갈마중로16번길 17,대전광역시 서구 갈마동 349-1,36.3468259,127.371111,2016,한전주,042-288-3950,대전광역시 서구청,2025-06-26
갈마동456,1,대전광역시 서구 갈마중로16번길 27,대전광역시 서구 갈마동 349-17,36.34633802,127.3712619,2016,한전주,042-288-3950,대전광역시 서구청,2025-06-26
갈마동457,1,대전광역시 서구 갈마중로 6-39,대전광역시 서구 갈마동 394-4,36.3458019,127.3700744,2016,전용주,042-288-3950,대전광역시 서구청,2025-06-26
갈마동458,1,대전광역시 서구 갈마로 79,대전광역시 서구 갈마동 394-16,36.34521226,127.3697542,2016,전용주,042-288-3950,대전광역시 서구청,2025-06-26
갈마동459,1,대전광역시 서구 갈마로117번길 59,대전광역시 서구 갈마동 406-2,36.34449502,127.369912,2016,한전주,042-288-3950,대전광역시 서구청,2025-06-26
갈마동460,1,대전광역시 서구 갈마로85번길 10,대전광역시 서구 갈마동 405-22,36.34475968,127.3703411,2016,한전주,042-288-3950,대전광역시 서구청,2025-06-26
갈마동461,1,대전광역시 서구 갈마로85번길 16,대전광역시 서구 갈마동 405-24,36.34491364,127.3703569,2016,한전주,042-288-3950,대전광역시 서구청,2025-06-26
갈마동462,1,대전광역시 서구 갈마중로8번길 50,대전광역시 서구 갈마동 394-33,36.345355,127.3702224,2016,전용주,042-288-3950,대전광역시 서구청,2025-06-26
갈마동463,1,대전광역시 서구 갈마중로8번길 46,대전광역시 서구 갈마동 394-7,36.345569,127.3702269,2016,한전주,042-288-3950,대전광역시 서구청,2025-06-26
갈마동464,1,대전광역시 서구 갈마중로8번길 43,대전광역시 서구 갈마동 395-14,36.345604,127.3705723,2016,한전주,042-288-3950,대전광역시 서구청,2025-06-26
갈마동465,1,대전광역시 서구 갈마중로8번길 36,대전광역시 서구 갈마동 394-3,36.34595414,127.370274,2016,한전주,042-288-3950,대전광역시 서구청,2025-06-26
갈마동466,1,대전광역시 서구 갈마중로28번길 24-6,대전광역시 서구 갈마동 348-9,36.346780,127.3721775,2023,한전주,042-288-3950,대전광역시 서구청,2025-06-26
갈마동467,1,대전광역시 서구 갈마로117번길 53,대전광역시 서구 갈마동 406-4,36.344283,127.3702096,2016,한전주,042-288-3950,대전광역시 서구청,2025-06-26
갈마동468,1,대전광역시 서구 대덕대로135번길 30,대전광역시 서구 갈마동 347-13,36.345869,127.373179,2023,한전주,042-288-3950,대전광역시 서구청,2025-06-26
갈마동469,1,대전광역시 서구 갈마로103번길 21,대전광역시 서구 갈마동 405-9,36.34413009,127.371097,2016,한전주,042-288-3950,대전광역시 서구청,2025-06-26
갈마동470,1,대전광역시 서구 갈마로103번길 21,대전광역시 서구 갈마동 405-9,36.344116,127.3710764,2016,한전주,042-288-3950,대전광역시 서구청,2025-06-26
갈마동471,1,대전광역시 서구 갈마로103번길 25,대전광역시 서구 갈마동 405-35,36.34433422,127.3713599,2016,한전주,042-288-3950,대전광역시 서구청,2025-06-26
갈마동472,1,대전광역시 서구 갈마중로8번길 74,대전광역시 서구 갈마동 405-28,36.34448913,127.371282,2016,한전주,042-288-3950,대전광역시 서구청,2025-06-26
갈마동473,1,대전광역시 서구 갈마중로8번길 70,대전광역시 서구 갈마동 405-6,36.34467554,127.370923,2016,한전주,042-288-3950,대전광역시 서구청,2025-06-26
갈마동474,1,대전광역시 서구 갈마중로8번길 58,대전광역시 서구 갈마동 405-2,36.344964,127.3705784,2016,한전주,042-288-3950,대전광역시 서구청,2025-06-26
갈마동475,1,대전광역시 서구 갈마로103번길 41,대전광역시 서구 갈마동 402-1,36.34483349,127.3715864,2016,전용주,042-288-3950,대전광역시 서구청,2025-06-26
갈마동476,1,대전광역시 서구 대덕대로127번길 56,대전광역시 서구 갈마동 396-21,36.34505183,127.371673,2016,전용주,042-288-3950,대전광역시 서구청,2025-06-26
갈마동477,1,대전광역시 서구 대덕대로127번길 60,대전광역시 서구 갈마동 396-22,36.34503616,127.3714438,2016,한전주,042-288-3950,대전광역시 서구청,2025-06-26
갈마동478,1,대전광역시 서구 갈마로85번길 30,대전광역시 서구 갈마동 396-16,36.34525321,127.3706754,2016,한전주,042-288-3950,대전광역시 서구청,2025-06-26
갈마동479,1,대전광역시 서구 갈마로85번길 31,대전광역시 서구 갈마동 395-17,36.345403,127.3709161,2016,전용주,042-288-3950,대전광역시 서구청,2025-06-26
갈마동480,1,대전광역시 서구 갈마로85번길 33-7,대전광역시 서구 갈마동 395-19,36.345680,127.3708867,2016,전용주,042-288-3950,대전광역시 서구청,2025-06-26
갈마동481,1,,대전광역시 서구 갈마동 495-11,36.345842,127.370970,2016,한전주,042-288-3950,대전광역시 서구청,2025-06-26
갈마동482,1,,대전광역시 서구 갈마동 496-1,36.345417,127.371305,2016,한전주,042-288-3950,대전광역시 서구청,2025-06-26
갈마동483,1,대전광역시 서구 갈마중로16번길 42,대전광역시 서구 갈마동 395-22,36.3457399,127.3710917,2016,전용주,042-288-3950,대전광역시 서구청,2025-06-26
갈마동484,1,대전광역시 서구 갈마중로16번길 42,대전광역시 서구 갈마동 395-22,36.3457399,127.3710917,2016,한전주,042-288-3950,대전광역시 서구청,2025-06-26
갈마동485,1,대전광역시 서구 갈마중로 15,대전광역시 서구 갈마동 343-58,36.34790471,127.3711185,2016,한전주,042-288-3950,대전광역시 서구청,2025-06-26
갈마동486,1,대전광역시 서구 갈마중로 25,대전광역시 서구 갈마동 343-27,36.34773564,127.372101,2016,한전주,042-288-3950,대전광역시 서구청,2025-06-26
갈마동487,1,대전광역시 서구 갈마중로16번길 7,대전광역시 서구 갈마동 351-2,36.34749842,127.3715664,2016,한전주,042-288-3950,대전광역시 서구청,2025-06-26
갈마동488,1,대전광역시 서구 갈마중로 25-10,대전광역시 서구 갈마동 343-19,36.34802281,127.3723786,2016,전용주,042-288-3950,대전광역시 서구청,2025-06-26
갈마동489,1,,대전광역시 서구 갈마동 943-10,36.348359,127.372313,2016,전용주,042-288-3950,대전광역시 서구청,2025-06-26
갈마동490,1,대전광역시 서구 갈마중로 31,대전광역시 서구 갈마동 969,36.347718,127.3727491,2016,한전주,042-288-3950,대전광역시 서구청,2025-06-26
갈마동491,1,대전광역시 서구 계룡로416번길 47,대전광역시 서구 갈마동 966,36.348168,127.3728134,2016,한전주,042-288-3950,대전광역시 서구청,2025-06-26
갈마동492,1,대전광역시 서구 대덕대로151번길 42,대전광역시 서구 갈마동 964,36.348465,127.3729178,2016,한전주,042-288-3950,대전광역시 서구청,2025-06-26
갈마동493,1,대전광역시 서구 대덕대로155번길 42,대전광역시 서구 갈마동 947,36.348717,127.3732362,2016,전용주,042-288-3950,대전광역시 서구청,2025-06-26
갈마동494,1,대전광역시 서구 계룡로406번길 27-10,대전광역시 서구 갈마동 344-21,36.34899188,127.3729732,2016,한전주,042-288-3950,대전광역시 서구청,2025-06-26
갈마동495,1,대전광역시 서구 계룡로406번길 27-10,대전광역시 서구 갈마동 344-21,36.34899188,127.3729732,2016,전용주,042-288-3950,대전광역시 서구청,2025-06-26
갈마동496,1,대전광역시 서구 계룡로416번길 20,대전광역시 서구 갈마동 344-15,36.34929402,127.3732722,2016,한전주,042-288-3950,대전광역시 서구청,2025-06-26
갈마동497,1,대전광역시 서구 계룡로416번길 16,대전광역시 서구 갈마동 344-14,36.34943071,127.373379,2016,한전주,042-288-3950,대전광역시 서구청,2025-06-26
갈마동498,1,대전광역시 서구 계룡로416번길 12,대전광역시 서구 갈마동 344-10,36.349502,127.3733305,2016,한전주,042-288-3950,대전광역시 서구청,2025-06-26
갈마동499,1,대전광역시 서구 계룡로416번길 4,대전광역시 서구 갈마동 344-49,36.3499174,127.373493,2016,한전주,042-288-3950,대전광역시 서구청,2025-06-26
갈마동500,1,대전광역시 서구 계룡로 414,대전광역시 서구 갈마동 344-5,36.35014805,127.3732451,2016,한전주,042-288-3950,대전광역시 서구청,2025-06-26
갈마동501,1,대전광역시 서구 계룡로 410-7,대전광역시 서구 갈마동 344-6,36.35001229,127.3731449,2016,한전주,042-288-3950,대전광역시 서구청,2025-06-26
갈마동502,1,대전광역시 서구 계룡로 410-11,대전광역시 서구 갈마동 344-8,36.349736,127.3730666,2016,한전주,042-288-3950,대전광역시 서구청,2025-06-26
갈마동503,1,대전광역시 서구 계룡로 410-21,대전광역시 서구 갈마동 344-16,36.34935784,127.373065,2016,한전주,042-288-3950,대전광역시 서구청,2025-06-26
갈마동504,1,대전광역시 서구 계룡로 410-24,대전광역시 서구 갈마동 344-27,36.34923047,127.372891,2016,한전주,042-288-3950,대전광역시 서구청,2025-06-26
갈마동505,1,대전광역시 서구 계룡로 408,대전광역시 서구 갈마동 344-1,36.350297,127.3728756,2016,한전주,042-288-3950,대전광역시 서구청,2025-06-26
갈마동506,1,대전광역시 서구 계룡로406번길 5,대전광역시 서구 갈마동 344-40,36.35017713,127.3728213,2016,한전주,042-288-3950,대전광역시 서구청,2025-06-26
갈마동507,1,대전광역시 서구 계룡로406번길 17,대전광역시 서구 갈마동 344-33,36.34970919,127.3727228,2016,한전주,042-288-3950,대전광역시 서구청,2025-06-26
갈마동508,1,대전광역시 서구 계룡로406번길 21,대전광역시 서구 갈마동 344-29,36.34940789,127.3726466,2016,한전주,042-288-3950,대전광역시 서구청,2025-06-26
갈마동509,1,대전광역시 서구 계룡로406번길 27-3,대전광역시 서구 갈마동 344-28,36.349217,127.372644,2016,한전주,042-288-3950,대전광역시 서구청,2025-06-26
갈마동510,1,대전광역시 서구 계룡로406번길 37,대전광역시 서구 갈마동 344-23,36.34876036,127.372603,2016,한전주,042-288-3950,대전광역시 서구청,2025-06-26
갈마동511,1,대전광역시 서구 계룡로406번길 45,대전광역시 서구 갈마동 344-22,36.3486005,127.3726288,2016,한전주,042-288-3950,대전광역시 서구청,2025-06-26
갈마동512,1,대전광역시 서구 대덕대로151번길 33,대전광역시 서구 갈마동 974,36.34813115,127.373107,2016,전용주,042-288-3950,대전광역시 서구청,2025-06-26
갈마동513,1,대전광역시 서구 갈마중로 34,대전광역시 서구 갈마동 345-10,36.34745453,127.3731881,2016,한전주,042-288-3950,대전광역시 서구청,2025-06-26
갈마동514,1,대전광역시 서구 갈마중로 35-6,대전광역시 서구 갈마동 980,36.347876,127.373410,2016,전용주,042-288-3950,대전광역시 서구청,2025-06-26
갈마동515,1,대전광역시 서구 갈마중로 39,대전광역시 서구 갈마동 984,36.34770725,127.3740145,2016,전용주,042-288-3950,대전광역시 서구청,2025-06-26
갈마동516,1,대전광역시 서구 갈마중로37번길 11,대전광역시 서구 갈마동 957,36.34805197,127.3738068,2016,한전주,042-288-3950,대전광역시 서구청,2025-06-26
갈마동517,1,대전광역시 서구 대덕대로151번길 30,대전광역시 서구 갈마동 959,36.348139,127.3735549,2016,한전주,042-288-3950,대전광역시 서구청,2025-06-26
갈마동518,1,대전광역시 서구 대덕대로151번길 33,대전광역시 서구 갈마동 974,36.348165,127.3731816,2016,한전주,042-288-3950,대전광역시 서구청,2025-06-26
갈마동519,1,대전광역시 서구 대덕대로151번길 42,대전광역시 서구 갈마동 964,36.348404,127.372938,2016,한전주,042-288-3950,대전광역시 서구청,2025-06-26
갈마동520,1,대전광역시 서구 갈마중로37번길 13,대전광역시 서구 갈마동 956,36.34816801,127.373922,2016,한전주,042-288-3950,대전광역시 서구청,2025-06-26
갈마동521,1,대전광역시 서구 갈마로125번길 33,대전광역시 서구 갈마동 403-8,36.343225,127.372746,2023,전용주,042-288-3950,대전광역시 서구청,2025-06-26
갈마동522,1,대전광역시 서구 계룡로406번길 27-10,대전광역시 서구 갈마동 344-21,36.34899188,127.3729732,2023,전용주,042-288-3950,대전광역시 서구청,2025-06-26
갈마동523,1,대전광역시 서구 계룡로 380,대전광역시 서구 갈마동 308-3,36.351790,127.370269,2023,전용주,042-288-3950,대전광역시 서구청,2025-06-26
갈마동524,1,대전광역시 서구 갈마동 갈마중로21,대전광역시 서구 갈마동 343-28,36.34828643,127.3715347,2023,전용주,042-288-3950,대전광역시 서구청,2025-06-26
갈마동525,1,대전광역시 서구 갈마동 갈마중로21,대전광역시 서구 갈마동 343-28,36.34828643,127.371516,2023,전용주,042-288-3950,대전광역시 서구청,2025-06-26
갈마동526,1,대전광역시 서구 계룡로367번길 106,대전광역시 서구 갈마동 773,36.357090,127.371402,2023,전용주,042-288-3950,대전광역시 서구청,2025-06-26
갈마동527,1,대전광역시 서구 갈마로 69,대전광역시 서구 갈마동 394-1,36.346180,127.3696477,2023,전용주,042-288-3950,대전광역시 서구청,2025-06-26
갈마동531,1,대전광역시 서구 대덕대로155번길 27,대전광역시 서구 갈마동 955,36.348273,127.3737695,2016,한전주,042-288-3950,대전광역시 서구청,2025-06-26
갈마동532,1,대전광역시 서구 대덕대로155번길 35,대전광역시 서구 갈마동 952,36.348466,127.3733944,2016,한전주,042-288-3950,대전광역시 서구청,2025-06-26
갈마동533,1,대전광역시 서구 대덕대로159번길 27,대전광역시 서구 갈마동 938,36.34852775,127.3739923,2016,한전주,042-288-3950,대전광역시 서구청,2025-06-26
갈마동534,1,대전광역시 서구 대덕대로159번길 39,대전광역시 서구 갈마동 934,36.34878718,127.3734778,2016,한전주,042-288-3950,대전광역시 서구청,2025-06-26
갈마동535,1,대전광역시 서구 대덕대로159번길 20,대전광역시 서구 갈마동 1026,36.3485347,127.374437,2016,전용주,042-288-3950,대전광역시 서구청,2025-06-26
갈마동536,1,대전광역시 서구 대덕대로161번길 37,대전광역시 서구 갈마동 924,36.348860,127.374241,2016,한전주,042-288-3950,대전광역시 서구청,2025-06-26
갈마동537,1,대전광역시 서구 대덕대로161번길 43,대전광역시 서구 갈마동 922,36.348980,127.374071,2016,전용주,042-288-3950,대전광역시 서구청,2025-06-26
갈마동538,1,대전광역시 서구 대덕대로161번길 49,대전광역시 서구 갈마동 919,36.349143,127.373648,2016,전용주,042-288-3950,대전광역시 서구청,2025-06-26
갈마동539,1,대전광역시 서구 갈마중로 43,대전광역시 서구 갈마동 985,36.34764871,127.374232,2016,전용주,042-288-3950,대전광역시 서구청,2025-06-26
갈마동540,1,대전광역시 서구 갈마중로 43,대전광역시 서구 갈마동 985,36.34764871,127.374232,2016,전용주,042-288-3950,대전광역시 서구청,2025-06-26
갈마동541,1,대전광역시 서구 갈마중로 47,대전광역시 서구 갈마동 986,36.34734222,127.374687,2016,전용주,042-288-3950,대전광역시 서구청,2025-06-26
갈마동542,1,대전광역시 서구 갈마중로 49-12,대전광역시 서구 갈마동 1061-1,36.347409,127.3750233,2016,전용주,042-288-3950,대전광역시 서구청,2025-06-26
갈마동543,1,대전광역시 서구 대덕대로151번길 10,대전광역시 서구 갈마동 990,36.34768666,127.3745746,2016,전용주,042-288-3950,대전광역시 서구청,2025-06-26
갈마동544,1,대전광역시 서구 대덕대로151번길 14,대전광역시 서구 갈마동 992,36.34780536,127.374310,2016,전용주,042-288-3950,대전광역시 서구청,2025-06-26
갈마동545,1,대전광역시 서구 대덕대로155번길 5,대전광역시 서구 갈마동 1000,36.34772996,127.374781,2016,전용주,042-288-3950,대전광역시 서구청,2025-06-26
갈마동546,1,대전광역시 서구 대덕대로155번길 11,대전광역시 서구 갈마동 998,36.34786389,127.374514,2016,한전주,042-288-3950,대전광역시 서구청,2025-06-26
갈마동547,1,대전광역시 서구 대덕대로155번길 17,대전광역시 서구 갈마동 996,36.3479917,127.374253,2016,한전주,042-288-3950,대전광역시 서구청,2025-06-26
갈마동548,1,대전광역시 서구 갈마중로 49-22,대전광역시 서구 갈마동 1052,36.347819,127.375357,2016,전용주,042-288-3950,대전광역시 서구청,2025-06-26
갈마동549,1,대전광역시 서구 대덕대로159번길 5,대전광역시 서구 갈마동 1017,36.348048,127.3750404,2016,한전주,042-288-3950,대전광역시 서구청,2025-06-26
갈마동550,1,대전광역시 서구 대덕대로159번길 11,대전광역시 서구 갈마동 1015,36.34812814,127.374811,2016,전용주,042-288-3950,대전광역시 서구청,2025-06-26
갈마동551,1,대전광역시 서구 대덕대로161번길 13,대전광역시 서구 갈마동 1034,36.34821857,127.3753971,2016,한전주,042-288-3950,대전광역시 서구청,2025-06-26
갈마동552,1,대전광역시 서구 대덕대로161번길 27,대전광역시 서구 갈마동 1028,36.34859201,127.374680,2016,한전주,042-288-3950,대전광역시 서구청,2025-06-26
갈마동553,1,대전광역시 서구 대덕대로161번길 10,대전광역시 서구 갈마동 1044-1,36.34831834,127.375708,2016,한전주,042-288-3950,대전광역시 서구청,2025-06-26
갈마동555,1,대전광역시 서구 갈마동 계룡로342번길 54,대전광역시 서구 갈마동 304-15,36.351532,127.366265,2023,한전주,042-288-3950,대전광역시 서구청,2025-06-26
갈마동556,1,대전광역시 서구 계룡로342번길 49-6,대전광역시 서구 갈마동 305-32,36.351679,127.366673,2023,전용주,042-288-3950,대전광역시 서구청,2025-06-26
갈마동561,1,대전광역시 서구 대덕대로159번길 20,대전광역시 서구 갈마동 1026,36.3485347,127.374494,2016,전용주,042-288-3950,대전광역시 서구청,2025-06-26
갈마동562,1,대전광역시 서구 갈마중로46번길 29,대전광역시 서구 갈마동 1121,36.345928,127.373903,2023,전용주,042-288-3950,대전광역시 서구청,2025-06-26
갈마동563,1,대전광역시 서구 대덕대로161번길 18,대전광역시 서구 갈마동 1036,36.34854673,127.3753807,2016,전용주,042-288-3950,대전광역시 서구청,2025-06-26
갈마동564,1,대전광역시 서구 대덕대로 153-1,대전광역시 서구 갈마동 1059,36.347417,127.3752342,2016,전용주,042-288-3950,대전광역시 서구청,2025-06-26
갈마동565,1,대전광역시 서구 대덕대로 163,대전광역시 서구 갈마동 1044,36.34820574,127.3758929,2016,전용주,042-288-3950,대전광역시 서구청,2025-06-26
갈마동566,1,대전광역시 서구 대덕대로167번길 5,대전광역시 서구 갈마동 1043,36.34840943,127.3759714,2016,전용주,042-288-3950,대전광역시 서구청,2025-06-26
갈마동567,1,대전광역시 서구 갈마중로28번길 5,대전광역시 서구 갈마동 345-2,36.347356,127.3724921,2016,전용주,042-288-3950,대전광역시 서구청,2025-06-26
갈마동568,1,대전광역시 서구 갈마중로28번길 13,대전광역시 서구 갈마동 345-40,36.347034,127.3725491,2016,한전주,042-288-3950,대전광역시 서구청,2025-06-26
갈마동569,1,대전광역시 서구 갈마중로28번길 20,대전광역시 서구 갈마동 348-6,36.34684911,127.372218,2016,한전주,042-288-3950,대전광역시 서구청,2025-06-26
갈마동570,1,대전광역시 서구 갈마중로16번길 15-18,대전광역시 서구 갈마동 348-39,36.34685495,127.3720105,2016,한전주,042-288-3950,대전광역시 서구청,2025-06-26
갈마동571,1,대전광역시 서구 갈마중로16번길 15-12,대전광역시 서구 갈마동 348-3,36.34681615,127.3717105,2016,전용주,042-288-3950,대전광역시 서구청,2025-06-26
갈마동572,1,대전광역시 서구 갈마로103번길 87,대전광역시 서구 갈마동 349-2,36.34682888,127.371332,2016,전용주,042-288-3950,대전광역시 서구청,2025-06-26
갈마동573,1,대전광역시 서구 갈마중로28번길 20,대전광역시 서구 갈마동 348-6,36.34684911,127.3722959,2016,한전주,042-288-3950,대전광역시 서구청,2025-06-26
갈마동574,1,대전광역시 서구 갈마중로16번길 15-16,대전광역시 서구 갈마동 348-4,36.34679109,127.3718555,2016,한전주,042-288-3950,대전광역시 서구청,2025-06-26
갈마동575,1,대전광역시 서구 갈마중로28번길 26,대전광역시 서구 갈마동 348-16,36.3465329,127.372386,2016,한전주,042-288-3950,대전광역시 서구청,2025-06-26
갈마동576,1,대전광역시 서구 갈마중로28번길 28,대전광역시 서구 갈마동 348-17,36.34641394,127.372387,2016,한전주,042-288-3950,대전광역시 서구청,2025-06-26
갈마동577,1,대전광역시 서구 갈마중로28번길 34,대전광역시 서구 갈마동 348-41,36.346189,127.372384,2016,한전주,042-288-3950,대전광역시 서구청,2025-06-26
갈마동578,1,대전광역시 서구 대덕대로135번길 40,대전광역시 서구 갈마동 345-44,36.34586171,127.3725511,2016,한전주,042-288-3950,대전광역시 서구청,2025-06-26
갈마동579,1,대전광역시 서구 대덕대로135번길 45,대전광역시 서구 갈마동 397-4,36.34564007,127.3721855,2016,한전주,042-288-3950,대전광역시 서구청,2025-06-26
갈마동580,1,대전광역시 서구 대덕대로135번길 50-10,대전광역시 서구 갈마동 348-23,36.34611842,127.372024,2016,한전주,042-288-3950,대전광역시 서구청,2025-06-26
갈마동591,1,대전광역시 서구 대덕대로135번길 50-13,대전광역시 서구 갈마동 348-28,36.34624634,127.3718516,2016,한전주,042-288-3950,대전광역시 서구청,2025-06-26
갈마동592,1,대전광역시 서구 대덕대로135번길 48,대전광역시 서구 갈마동 348-21,36.34583028,127.3721367,2016,한전주,042-288-3950,대전광역시 서구청,2025-06-26
갈마동593,1,대전광역시 서구 갈마로103번길 64,대전광역시 서구 갈마동 348-32,36.345714,127.3717374,2016,한전주,042-288-3950,대전광역시 서구청,2025-06-26
갈마동594,1,대전광역시 서구 갈마로103번길 70,대전광역시 서구 갈마동 348-34,36.34608135,127.3717015,2016,한전주,042-288-3950,대전광역시 서구청,2025-06-26
갈마동595,1,대전광역시 서구 갈마로103번길 76,대전광역시 서구 갈마동 348-36,36.34640754,127.3716562,2016,한전주,042-288-3950,대전광역시 서구청,2025-06-26
갈마동596,1,,대전광역시 서구 갈마동 348-76,36.346687,127.371531,2016,한전주,042-288-3950,대전광역시 서구청,2025-06-26
갈마동597,1,대전광역시 서구 갈마동 대덕대로135번길 53,대전광역시 서구 갈마동 397-1,36.345610,127.3717655,2016,한전주,042-288-3950,대전광역시 서구청,2025-06-26
갈마동598,1,대전광역시 서구 갈마로103번길 53,대전광역시 서구 갈마동 396-5,36.34533666,127.3715732,2016,한전주,042-288-3950,대전광역시 서구청,2025-06-26
갈마동599,1,,대전광역시 서구 갈마동 397-41,36.345260,127.372092,2016,한전주,042-288-3950,대전광역시 서구청,2025-06-26
갈마동600,1,대전광역시 서구 갈마로103번길 36,대전광역시 서구 갈마동 402-2,36.34476501,127.3727121,2016,한전주,042-288-3950,대전광역시 서구청,2025-06-26
갈마동601,1,대전광역시 서구 대덕대로127번길 44-8,대전광역시 서구 갈마동 398-21,36.34526232,127.3724966,2016,한전주,042-288-3950,대전광역시 서구청,2025-06-26
갈마동602,1,대전광역시 서구 대덕대로127번길 40,대전광역시 서구 갈마동 398-20,36.34511164,127.3724974,2016,한전주,042-288-3950,대전광역시 서구청,2025-06-26
갈마동603,1,대전광역시 서구 대덕대로127번길 36,대전광역시 서구 갈마동 398-19,36.34514586,127.372754,2016,한전주,042-288-3950,대전광역시 서구청,2025-06-26
갈마동604,1,대전광역시 서구 대덕대로127번길 44-8,대전광역시 서구 갈마동 398-21,36.34526232,127.3724966,2016,한전주,042-288-3950,대전광역시 서구청,2025-06-26
갈마동605,1,,대전광역시 서구 갈마동 98-15,36.345503,127.372843,2016,한전주,042-288-3950,대전광역시 서구청,2025-06-26
갈마동606,1,대전광역시 서구 갈마중로30번길 67,대전광역시 서구 갈마동 400,36.3447681,127.373035,2016,전용주,042-288-3950,대전광역시 서구청,2025-06-26
갈마동607,1,대전광역시 서구 갈마중로38번길 51,대전광역시 서구 갈마동 1155,36.34530668,127.3733293,2016,한전주,042-288-3950,대전광역시 서구청,2025-06-26
갈마동608,1,대전광역시 서구 갈마중로38번길 47,대전광역시 서구 갈마동 1154,36.34544328,127.3733349,2016,한전주,042-288-3950,대전광역시 서구청,2025-06-26
갈마동609,1,대전광역시 서구 대덕대로135번길 25,대전광역시 서구 갈마동 1152,36.345774,127.3733234,2016,한전주,042-288-3950,대전광역시 서구청,2025-06-26
갈마동610,1,대전광역시 서구 갈마중로38번길 27,대전광역시 서구 갈마동 1107,36.34631989,127.3734082,2016,한전주,042-288-3950,대전광역시 서구청,2025-06-26
갈마동611,1,대전광역시 서구 갈마중로 40,대전광역시 서구 갈마동 1098,36.347332,127.3736547,2016,한전주,042-288-3950,대전광역시 서구청,2025-06-26
갈마동612,1,대전광역시 서구 갈마중로42번길 47,대전광역시 서구 갈마동 1148,36.345348,127.373563,2016,한전주,042-288-3950,대전광역시 서구청,2025-06-26
갈마동613,1,대전광역시 서구 갈마중로38번길 43,대전광역시 서구 갈마동 1153,36.34558117,127.3733295,2016,한전주,042-288-3950,대전광역시 서구청,2025-06-26
갈마동614,1,대전광역시 서구 갈마중로42번길 31,대전광역시 서구 갈마동 1112,36.346010,127.3735842,2016,한전주,042-288-3950,대전광역시 서구청,2025-06-26
갈마동615,1,대전광역시 서구 갈마중로46번길 44,대전광역시 서구 갈마동 1145,36.345347,127.373781,2016,한전주,042-288-3950,대전광역시 서구청,2025-06-26
갈마동616,1,대전광역시 서구 갈마중로46번길 38,대전광역시 서구 갈마동 1143,36.34556917,127.373779,2016,한전주,042-288-3950,대전광역시 서구청,2025-06-26
갈마동617,1,대전광역시 서구 대덕대로 141-17,대전광역시 서구 갈마동 1116,36.34643354,127.3738101,2016,한전주,042-288-3950,대전광역시 서구청,2025-06-26
갈마동618,1,대전광역시 서구 갈마중로46번길 12,대전광역시 서구 갈마동 1090,36.34676348,127.373960,2016,한전주,042-288-3950,대전광역시 서구청,2025-06-26
갈마동619,1,대전광역시 서구 갈마중로46번길 5,대전광역시 서구 갈마동 1085,36.34695487,127.3742405,2016,한전주,042-288-3950,대전광역시 서구청,2025-06-26
갈마동620,1,대전광역시 서구 갈마중로50번길 6,대전광역시 서구 갈마동 1079,36.346883,127.374363,2016,한전주,042-288-3950,대전광역시 서구청,2025-06-26
갈마동621,1,대전광역시 서구 갈마중로38번길 19,대전광역시 서구 갈마동 1105,36.346657,127.3734976,2016,한전주,042-288-3950,대전광역시 서구청,2025-06-26
갈마동622,1,대전광역시 서구 갈마중로30번길 15-6,대전광역시 서구 갈마동 347-1,36.34691037,127.373109,2016,한전주,042-288-3950,대전광역시 서구청,2025-06-26
갈마동623,1,대전광역시 서구 갈마중로38번길 9,대전광역시 서구 갈마동 1102,36.34707874,127.3735335,2016,전용주,042-288-3950,대전광역시 서구청,2025-06-26
갈마동624,1,대전광역시 서구 갈마중로28번길 11-15,대전광역시 서구 갈마동 345-14,36.34740012,127.373057,2016,한전주,042-288-3950,대전광역시 서구청,2025-06-26
갈마동625,1,대전광역시 서구 갈마중로28번길 5,대전광역시 서구 갈마동 345-2,36.34736604,127.3724921,2016,한전주,042-288-3950,대전광역시 서구청,2025-06-26
갈마동626,1,대전광역시 서구 갈마중로30번길 9,대전광역시 서구 갈마동 345-16,36.347344,127.3728683,2016,한전주,042-288-3950,대전광역시 서구청,2025-06-26
갈마동627,1,대전광역시 서구 갈마중로30번길 15-5,대전광역시 서구 갈마동 345-18,36.34718481,127.3731886,2016,한전주,042-288-3950,대전광역시 서구청,2025-06-26
갈마동628,1,대전광역시 서구 갈마중로30번길 26,대전광역시 서구 갈마동 345-22,36.34656826,127.372799,2016,한전주,042-288-3950,대전광역시 서구청,2025-06-26
갈마동629,1,대전광역시 서구 갈마중로30번길 34,대전광역시 서구 갈마동 345-24,36.34626938,127.3727303,2016,한전주,042-288-3950,대전광역시 서구청,2025-06-26
갈마동630,1,대전광역시 서구 갈마중로30번길 36,대전광역시 서구 갈마동 345-26,36.3461273,127.3727203,2016,한전주,042-288-3950,대전광역시 서구청,2025-06-26
갈마동631,1,,대전광역시 서구 갈마동 34-29,36.345807,127.372783,2016,한전주,042-288-3950,대전광역시 서구청,2025-06-26
갈마동632,1,대전광역시 서구 갈마중로42번길 52,대전광역시 서구 갈마동 1156,36.345114,127.373395,2016,전용주,042-288-3950,대전광역시 서구청,2025-06-26
갈마동633,1,대전광역시 서구 갈마중로38번길 25,대전광역시 서구 갈마동 1106,36.346404,127.373476,2016,전용주,042-288-3950,대전광역시 서구청,2025-06-26
갈마동634,1,대전광역시 서구 갈마중로38번길 13,대전광역시 서구 갈마동 1103,36.34693603,127.3735496,2016,전용주,042-288-3950,대전광역시 서구청,2025-06-26
갈마동635,1,대전광역시 서구 갈마중로42번길 6,대전광역시 서구 갈마동 1100,36.34719081,127.3737197,2016,전용주,042-288-3950,대전광역시 서구청,2025-06-26
갈마동636,1,대전광역시 서구 갈마중로46번길 23,대전광역시 서구 갈마동 1123,36.346297,127.373913,2016,전용주,042-288-3950,대전광역시 서구청,2025-06-26
갈마동637,1,대전광역시 서구 갈마중로30번길 67,대전광역시 서구 갈마동 400,36.3447681,127.373051,2016,한전주,042-288-3950,대전광역시 서구청,2025-06-26
갈마동638,1,대전광역시 서구 갈마로103번길 36,대전광역시 서구 갈마동 402-2,36.34476501,127.372751,2016,한전주,042-288-3950,대전광역시 서구청,2025-06-26
갈마동639,1,대전광역시 서구 갈마로125번길 45,대전광역시 서구 갈마동 403-36,36.34371265,127.3728184,2016,한전주,042-288-3950,대전광역시 서구청,2025-06-26
갈마동640,1,대전광역시 서구 대덕대로111번길 37,대전광역시 서구 갈마동 403-1,36.34371447,127.3724933,2016,한전주,042-288-3950,대전광역시 서구청,2025-06-26
갈마동641,1,대전광역시 서구 대덕대로111번길 50-16,대전광역시 서구 갈마동 402-4,36.34387097,127.3714929,2016,한전주,042-288-3950,대전광역시 서구청,2025-06-26
갈마동642,1,대전광역시 서구 갈마중로42번길 65,대전광역시 서구 갈마동 1169,36.34445914,127.373410,2016,전용주,042-288-3950,대전광역시 서구청,2025-06-26
갈마동643,1,대전광역시 서구 갈마중로46번길 70,대전광역시 서구 갈마동 1178,36.344243,127.3735987,2016,한전주,042-288-3950,대전광역시 서구청,2025-06-26
갈마동644,1,대전광역시 서구 갈마중로46번길 52,대전광역시 서구 갈마동 1173,36.34496446,127.373787,2016,한전주,042-288-3950,대전광역시 서구청,2025-06-26
갈마동645,1,대전광역시 서구 대덕대로 105-14,대전광역시 서구 갈마동 1227,36.34332531,127.3736019,2016,한전주,042-288-3950,대전광역시 서구청,2025-06-26
갈마동646,1,대전광역시 서구 갈마중로50번길 84,대전광역시 서구 갈마동 1225,36.343452,127.373782,2016,한전주,042-288-3950,대전광역시 서구청,2025-06-26
갈마동647,1,대전광역시 서구 갈마중로50번길 72,대전광역시 서구 갈마동 1196,36.343958,127.3739316,2016,전용주,042-288-3950,대전광역시 서구청,2025-06-26
갈마동651,1,대전광역시 서구 대덕대로111번길 50-9,대전광역시 서구 갈마동 402-13,36.343553,127.3715815,2016,한전주,042-288-3950,대전광역시 서구청,2025-06-26
갈마동652,1,대전광역시 서구 갈마로117번길 16-9,대전광역시 서구 갈마동 403-26,36.34309107,127.3722824,2016,한전주,042-288-3950,대전광역시 서구청,2025-06-26
갈마동653,1,대전광역시 서구 갈마로117번길 20,대전광역시 서구 갈마동 402-16,36.343215,127.371737,2016,한전주,042-288-3950,대전광역시 서구청,2025-06-26
갈마동654,1,대전광역시 서구 갈마로117번길 30,대전광역시 서구 갈마동 402-19,36.34364571,127.3713947,2016,한전주,042-288-3950,대전광역시 서구청,2025-06-26
갈마동655,1,대전광역시 서구 갈마로117번길 35,대전광역시 서구 갈마동 404-1,36.343632,127.370951,2016,한전주,042-288-3950,대전광역시 서구청,2025-06-26
갈마동656,1,대전광역시 서구 갈마로103번길 9,대전광역시 서구 갈마동 406-10,36.343750,127.3706096,2016,한전주,042-288-3950,대전광역시 서구청,2025-06-26
갈마동657,1,대전광역시 서구 갈마로 101,대전광역시 서구 갈마동 406-12,36.34357296,127.370357,2016,한전주,042-288-3950,대전광역시 서구청,2025-06-26
갈마동658,1,대전광역시 서구 갈마로117번길 16-4,대전광역시 서구 갈마동 403-23,36.343039,127.3718723,2016,한전주,042-288-3950,대전광역시 서구청,2025-06-26
갈마동659,1,대전광역시 서구 갈마로117번길 23,대전광역시 서구 갈마동 404-2,36.34296546,127.3712634,2016,전용주,042-288-3950,대전광역시 서구청,2025-06-26
갈마동660,1,대전광역시 서구 신갈마로127번길 113,대전광역시 서구 갈마동 427-6,36.34175483,127.3661181,2016,한전주,042-288-3950,대전광역시 서구청,2025-06-26
갈마동661,1,대전광역시 서구 신갈마로127번길 113,대전광역시 서구 갈마동 427-6,36.34175483,127.3661181,2016,한전주,042-288-3950,대전광역시 서구청,2025-06-26
갈마동662,1,대전광역시 서구 신갈마로127번길 113,대전광역시 서구 갈마동 427-6,36.34175483,127.3661181,2016,한전주,042-288-3950,대전광역시 서구청,2025-06-26
갈마동663,1,,대전광역시 서구 갈마동 390-22,36.34313878,127.3673195,2016,한전주,042-288-3950,대전광역시 서구청,2025-06-26
갈마동664,1,,대전광역시 서구 갈마동 390-22,36.34313878,127.3673195,2016,한전주,042-288-3950,대전광역시 서구청,2025-06-26
갈마동665,1,,대전광역시 서구 갈마동 390-22,36.34313878,127.3673195,2016,한전주,042-288-3950,대전광역시 서구청,2025-06-26
갈마동666,1,대전광역시 서구 신갈마로127번길 88,대전광역시 서구 갈마동 428-7,36.34302573,127.3658036,2016,한전주,042-288-3950,대전광역시 서구청,2025-06-26
갈마동667,1,,대전광역시 서구 갈마동 424-5,36.34257223,127.3651095,2016,한전주,042-288-3950,대전광역시 서구청,2025-06-26
갈마동668,1,대전광역시 서구 신갈마로113번길 72,대전광역시 서구 갈마동 424-4,36.34302562,127.3652788,2016,한전주,042-288-3950,대전광역시 서구청,2025-06-26
갈마동669,1,대전광역시 서구 신갈마로113번길 67,대전광역시 서구 갈마동 428-12,36.34325422,127.365402,2016,한전주,042-288-3950,대전광역시 서구청,2025-06-26
갈마동670,1,,대전광역시 서구 갈마동 488-7,36.343721,127.365379,2016,전용주,042-288-3950,대전광역시 서구청,2025-06-26
갈마동671,1,대전광역시 서구 신갈마로127번길 82,대전광역시 서구 갈마동 428-3,36.34323792,127.365783,2016,한전주,042-288-3950,대전광역시 서구청,2025-06-26
갈마동672,1,대전광역시 서구 갈마동 신갈마로113번길 61,대전광역시 서구 갈마동 428-2,36.34363587,127.3654364,2016,전용주,042-288-3950,대전광역시 서구청,2025-06-26
갈마동673,1,대전광역시 서구 갈마동 신갈마로113번길 61,대전광역시 서구 갈마동 428-2,36.34363587,127.3654364,2016,한전주,042-288-3950,대전광역시 서구청,2025-06-26
갈마동674,1,대전광역시 서구 신갈마로 66-17,대전광역시 서구 갈마동 410-2,36.3406504,127.3679796,2016,한전주,042-288-3950,대전광역시 서구청,2025-06-26
갈마동675,1,대전광역시 서구 신갈마로 66-17,대전광역시 서구 갈마동 410-2,36.3406504,127.3679796,2016,한전주,042-288-3950,대전광역시 서구청,2025-06-26
갈마동676,1,대전광역시 서구 신갈마로 66-17,대전광역시 서구 갈마동 410-2,36.3406504,127.3679796,2016,한전주,042-288-3950,대전광역시 서구청,2025-06-26
갈마동677,1,대전광역시 서구 신갈마로 66-17,대전광역시 서구 갈마동 410-2,36.3406504,127.3679796,2016,한전주,042-288-3950,대전광역시 서구청,2025-06-26
갈마동678,1,대전광역시 서구 신갈마로 58-17,대전광역시 서구 갈마동 432-6,36.33996663,127.3669977,2016,한전주,042-288-3950,대전광역시 서구청,2025-06-26
갈마동679,1,대전광역시 서구 신갈마로 58-17,대전광역시 서구 갈마동 432-6,36.33996663,127.3669977,2016,한전주,042-288-3950,대전광역시 서구청,2025-06-26
갈마동680,1,대전광역시 서구 신갈마로 58-17,대전광역시 서구 갈마동 432-6,36.33996663,127.3669977,2016,한전주,042-288-3950,대전광역시 서구청,2025-06-26
갈마동681,1,대전광역시 서구 신갈마로 58-17,대전광역시 서구 갈마동 432-6,36.33996663,127.3669977,2016,전용주,042-288-3950,대전광역시 서구청,2025-06-26
갈마동682,1,대전광역시 서구 갈마동 신갈마로 66-30,대전광역시 서구 갈마동 432-11,36.340116,127.368456,2016,한전주,042-288-3950,대전광역시 서구청,2025-06-26
갈마동683,1,대전광역시 서구 갈마동 신갈마로86번길 14,대전광역시 서구 갈마동 410-1,36.3416072,127.3671517,2016,한전주,042-288-3950,대전광역시 서구청,2025-06-26
갈마동684,1,대전광역시 서구 갈마동 신갈마로86번길 14,대전광역시 서구 갈마동 410-1,36.3416072,127.3671517,2016,한전주,042-288-3950,대전광역시 서구청,2025-06-26
갈마동685,1,대전광역시 서구 갈마동 신갈마로86번길 14,대전광역시 서구 갈마동 410-1,36.3416072,127.3671517,2016,한전주,042-288-3950,대전광역시 서구청,2025-06-26
갈마동686,1,대전광역시 서구 갈마동 신갈마로86번길 14,대전광역시 서구 갈마동 410-1,36.3416072,127.3671517,2016,한전주,042-288-3950,대전광역시 서구청,2025-06-26
갈마동687,1,대전광역시 서구 갈마동 신갈마로86번길 14,대전광역시 서구 갈마동 410-1,36.3416072,127.3671517,2016,전용주,042-288-3950,대전광역시 서구청,2025-06-26
갈마동688,1,대전광역시 서구 갈마동 신갈마로86번길 14,대전광역시 서구 갈마동 410-1,36.3416072,127.3671517,2016,전용주,042-288-3950,대전광역시 서구청,2025-06-26
갈마동689,1,대전광역시 서구 갈마동 신갈마로86번길 14,대전광역시 서구 갈마동 410-1,36.3416072,127.3671517,2016,전용주,042-288-3950,대전광역시 서구청,2025-06-26
갈마동690,1,대전광역시 서구 신갈마로 102,대전광역시 서구 갈마동 407,36.34313634,127.3695712,2016,한전주,042-288-3950,대전광역시 서구청,2025-06-26
갈마동691,1,대전광역시 서구 신갈마로 102,대전광역시 서구 갈마동 407,36.34313634,127.3695712,2016,전용주,042-288-3950,대전광역시 서구청,2025-06-26
갈마동692,1,대전광역시 서구 신갈마로 102,대전광역시 서구 갈마동 407,36.34313634,127.3695712,2016,한전주,042-288-3950,대전광역시 서구청,2025-06-26
갈마동693,1,,대전광역시 서구 갈마동 408-3,36.34228193,127.3696339,2016,한전주,042-288-3950,대전광역시 서구청,2025-06-26
갈마동694,1,대전광역시 서구 신갈마로 102,대전광역시 서구 갈마동 407,36.34313634,127.3695712,2016,한전주,042-288-3950,대전광역시 서구청,2025-06-26
갈마동695,1,대전광역시 서구 신갈마로 102,대전광역시 서구 갈마동 407,36.34313634,127.3695712,2016,한전주,042-288-3950,대전광역시 서구청,2025-06-26
갈마동696,1,대전광역시 서구 갈마동 신갈마로86번길 77,대전광역시 서구 갈마동 407-3,36.34234881,127.370936,2016,한전주,042-288-3950,대전광역시 서구청,2025-06-26
갈마동697,1,대전광역시 서구 대덕대로111번길 53,대전광역시 서구 갈마동 403-24,36.34316777,127.371996,2016,한전주,042-288-3950,대전광역시 서구청,2025-06-26
갈마동698,1,대전광역시 서구 갈마로117번길 16-9,대전광역시 서구 갈마동 403-26,36.343013,127.3722824,2016,한전주,042-288-3950,대전광역시 서구청,2025-06-26
갈마동699,1,대전광역시 서구 갈마로 119-14,대전광역시 서구 갈마동 403-14,36.34264244,127.372317,2016,한전주,042-288-3950,대전광역시 서구청,2025-06-26
갈마동700,1,대전광역시 서구 갈마로 121,대전광역시 서구 갈마동 403-16,36.342379,127.3719251,2016,한전주,042-288-3950,대전광역시 서구청,2025-06-26
갈마동701,1,대전광역시 서구 갈마로 119-30,대전광역시 서구 갈마동 403-6,36.34337653,127.372524,2016,전용주,042-288-3950,대전광역시 서구청,2025-06-26
갈마동702,1,대전광역시 서구 갈마로 119-29,대전광역시 서구 갈마동 403-30,36.34340922,127.3723843,2016,한전주,042-288-3950,대전광역시 서구청,2025-06-26
갈마동703,1,대전광역시 서구 갈마로 119-22,대전광역시 서구 갈마동 403-10,36.34304121,127.3725202,2016,한전주,042-288-3950,대전광역시 서구청,2025-06-26
갈마동704,1,대전광역시 서구 갈마로125번길 8,대전광역시 서구 갈마동 1477,36.34206553,127.372551,2016,한전주,042-288-3950,대전광역시 서구청,2025-06-26
갈마동705,1,대전광역시 서구 갈마로125번길 10,대전광역시 서구 갈마동 1476,36.3419688,127.3726683,2016,전용주,042-288-3950,대전광역시 서구청,2025-06-26
갈마동706,1,대전광역시 서구 대덕대로 101,대전광역시 서구 갈마동 1243,36.34283137,127.3733144,2016,한전주,042-288-3950,대전광역시 서구청,2025-06-26
갈마동707,1,대전광역시 서구 대덕대로 101,대전광역시 서구 갈마동 1243,36.342892,127.3733144,2016,한전주,042-288-3950,대전광역시 서구청,2025-06-26
갈마동708,1,대전광역시 서구 갈마로125번길 33,대전광역시 서구 갈마동 403-8,36.343202,127.3727036,2016,한전주,042-288-3950,대전광역시 서구청,2025-06-26
갈마동709,1,대전광역시 서구 갈마로125번길 39,대전광역시 서구 갈마동 403-4,36.343570,127.3727329,2016,한전주,042-288-3950,대전광역시 서구청,2025-06-26
갈마동710,1,대전광역시 서구 갈마로125번길 46,대전광역시 서구 갈마동 1239,36.343792,127.373016,2016,한전주,042-288-3950,대전광역시 서구청,2025-06-26
갈마동711,1,대전광역시 서구 갈마중로42번길 89,대전광역시 서구 갈마동 1235,36.34341069,127.3732417,2016,전용주,042-288-3950,대전광역시 서구청,2025-06-26
갈마동712,1,대전광역시 서구 갈마중로42번길 87,대전광역시 서구 갈마동 1236,36.34352911,127.3732698,2016,전용주,042-288-3950,대전광역시 서구청,2025-06-26
갈마동713,1,대전광역시 서구 갈마중로42번길 77,대전광역시 서구 갈마동 1165,36.343932,127.3733686,2016,전용주,042-288-3950,대전광역시 서구청,2025-06-26
갈마동714,1,대전광역시 서구 대덕대로111번길 24,대전광역시 서구 갈마동 1164-1,36.34395173,127.3731083,2016,전용주,042-288-3950,대전광역시 서구청,2025-06-26
갈마동715,1,대전광역시 서구 갈마중로42번길 70,대전광역시 서구 갈마동 1162,36.34432546,127.3731908,2016,전용주,042-288-3950,대전광역시 서구청,2025-06-26
갈마동716,1,대전광역시 서구 갈마중로42번길 59,대전광역시 서구 갈마동 1171,36.344737,127.3735145,2016,전용주,042-288-3950,대전광역시 서구청,2025-06-26
갈마동717,1,대전광역시 서구 대덕대로 105-14,대전광역시 서구 갈마동 1227,36.34332531,127.3736019,2016,전용주,042-288-3950,대전광역시 서구청,2025-06-26
갈마동718,1,대전광역시 서구 갈마중로46번길 83,대전광역시 서구 갈마동 1228,36.34345111,127.3736326,2016,전용주,042-288-3950,대전광역시 서구청,2025-06-26
갈마동719,1,대전광역시 서구 갈마중로46번길 74,대전광역시 서구 갈마동 1180,36.343919,127.3735363,2016,전용주,042-288-3950,대전광역시 서구청,2025-06-26
갈마동720,1,대전광역시 서구 갈마중로46번길 63,대전광역시 서구 갈마동 1184,36.34437585,127.3738787,2016,전용주,042-288-3950,대전광역시 서구청,2025-06-26
갈마동721,1,대전광역시 서구 갈마중로46번길 57,대전광역시 서구 갈마동 1186,36.34465904,127.3739234,2016,전용주,042-288-3950,대전광역시 서구청,2025-06-26
갈마동722,1,대전광역시 서구 대덕대로 105-6,대전광역시 서구 갈마동 1219,36.343265,127.3739983,2016,전용주,042-288-3950,대전광역시 서구청,2025-06-26
갈마동723,1,대전광역시 서구 대덕대로111번길 9,대전광역시 서구 갈마동 1223,36.343762,127.3738616,2016,전용주,042-288-3950,대전광역시 서구청,2025-06-26
갈마동724,1,대전광역시 서구 갈마중로50번길 66,대전광역시 서구 갈마동 1194,36.344255,127.374084,2016,전용주,042-288-3950,대전광역시 서구청,2025-06-26
갈마동725,1,대전광역시 서구 갈마중로50번길 56,대전광역시 서구 갈마동 1191,36.34465119,127.374070,2016,전용주,042-288-3950,대전광역시 서구청,2025-06-26
갈마동726,1,대전광역시 서구 대덕대로 105,대전광역시 서구 갈마동 1218,36.3432278,127.3741486,2016,전용주,042-288-3950,대전광역시 서구청,2025-06-26
갈마동727,1,대전광역시 서구 대덕대로 107,대전광역시 서구 갈마동 1217,36.343387,127.3741859,2016,전용주,042-288-3950,대전광역시 서구청,2025-06-26
갈마동728,1,대전광역시 서구 갈마동 대덕대로 109,대전광역시 서구 갈마동 1458,36.34450219,127.3748917,2016,전용주,042-288-3950,대전광역시 서구청,2025-06-26
갈마동729,1,대전광역시 서구 대덕대로 113,대전광역시 서구 갈마동 1214,36.34383558,127.3743426,2016,전용주,042-288-3950,대전광역시 서구청,2025-06-26
갈마동730,1,대전광역시 서구 대덕대로 113,대전광역시 서구 갈마동 1214,36.343891,127.3743426,2016,전용주,042-288-3950,대전광역시 서구청,2025-06-26
갈마동731,1,대전광역시 서구 대덕대로 119,대전광역시 서구 갈마동 1210,36.344393,127.3744509,2016,전용주,042-288-3950,대전광역시 서구청,2025-06-26
갈마동732,1,대전광역시 서구 대덕대로 123,대전광역시 서구 갈마동 1208,36.34458151,127.3744782,2016,전용주,042-288-3950,대전광역시 서구청,2025-06-26
갈마동733,1,대전광역시 서구 갈마로125번길 12,대전광역시 서구 갈마동 1472,36.342189,127.3726918,2016,전용주,042-288-3950,대전광역시 서구청,2025-06-26
갈마동734,1,대전광역시 서구 대덕대로 93-13,대전광역시 서구 갈마동 1254,36.342084,127.3732246,2016,한전주,042-288-3950,대전광역시 서구청,2025-06-26
갈마동735,1,대전광역시 서구 대덕대로 83-86,대전광역시 서구 갈마동 1251,36.34162247,127.3732186,2016,전용주,042-288-3950,대전광역시 서구청,2025-06-26
갈마동736,1,,대전광역시 서구 갈마동 1486,36.34128252,127.373252,2016,전용주,042-288-3950,대전광역시 서구청,2025-06-26
갈마동737,1,대전광역시 서구 대덕대로 83-50,대전광역시 서구 갈마동 1259,36.34161194,127.3735021,2016,전용주,042-288-3950,대전광역시 서구청,2025-06-26
갈마동738,1,대전광역시 서구 대덕대로 83-54,대전광역시 서구 갈마동 1260,36.34177542,127.373516,2016,한전주,042-288-3950,대전광역시 서구청,2025-06-26
갈마동739,1,대전광역시 서구 대덕대로 93-11,대전광역시 서구 갈마동 1255,36.342018,127.373370,2016,한전주,042-288-3950,대전광역시 서구청,2025-06-26
갈마동740,1,대전광역시 서구 대덕대로 83-58,대전광역시 서구 갈마동 1261,36.341992,127.373692,2016,전용주,042-288-3950,대전광역시 서구청,2025-06-26
갈마동741,1,대전광역시 서구 대덕대로 83-36,대전광역시 서구 갈마동 1265,36.34142229,127.3735759,2016,전용주,042-288-3950,대전광역시 서구청,2025-06-26
갈마동742,1,대전광역시 서구 대덕대로 83-28,대전광역시 서구 갈마동 1263,36.34174233,127.3736793,2016,전용주,042-288-3950,대전광역시 서구청,2025-06-26
갈마동743,1,대전광역시 서구 대덕대로 93-3,대전광역시 서구 갈마동 1262,36.341877,127.3737326,2016,전용주,042-288-3950,대전광역시 서구청,2025-06-26
갈마동744,1,대전광역시 서구 대덕대로112번길 10,대전광역시 서구 갈마동 1417,36.34309047,127.3749799,2016,전용주,042-288-3950,대전광역시 서구청,2025-06-26
갈마동745,1,대전광역시 서구 대덕대로 83-58,대전광역시 서구 갈마동 1261,36.341954,127.3736061,2016,전용주,042-288-3950,대전광역시 서구청,2025-06-26
갈마동746,1,대전광역시 서구 갈마로147번길 5-20,대전광역시 서구 갈마동 1278,36.341560,127.3744731,2016,전용주,042-288-3950,대전광역시 서구청,2025-06-26
갈마동747,1,대전광역시 서구 갈마로147번길 5-6,대전광역시 서구 갈마동 1274-1,36.340961,127.3742823,2016,전용주,042-288-3950,대전광역시 서구청,2025-06-26
갈마동748,1,대전광역시 서구 갈마로147번길 5-6,대전광역시 서구 갈마동 1274-1,36.340938,127.3742823,2016,전용주,042-288-3950,대전광역시 서구청,2025-06-26
갈마동749,1,대전광역시 서구 괴정로11번길 29,대전광역시 서구 갈마동 1290,36.34131678,127.374583,2016,전용주,042-288-3950,대전광역시 서구청,2025-06-26
갈마동750,1,대전광역시 서구 괴정로11번길 36,대전광역시 서구 갈마동 1307,36.341579,127.374807,2016,전용주,042-288-3950,대전광역시 서구청,2025-06-26
갈마동751,1,대전광역시 서구 괴정로11번길 44,대전광역시 서구 갈마동 1310,36.341835,127.3749788,2016,전용주,042-288-3950,대전광역시 서구청,2025-06-26
갈마동752,1,대전광역시 서구 괴정로11번길 49,대전광역시 서구 갈마동 1284,36.34222193,127.374874,2016,한전주,042-288-3950,대전광역시 서구청,2025-06-26
갈마동753,1,대전광역시 서구 괴정로11번길 50,대전광역시 서구 갈마동 1312,36.34215113,127.375030,2016,전용주,042-288-3950,대전광역시 서구청,2025-06-26
갈마동754,1,대전광역시 서구 괴정로11번길 60-4,대전광역시 서구 갈마동 1313,36.34210993,127.3752021,2016,전용주,042-288-3950,대전광역시 서구청,2025-06-26
갈마동755,1,대전광역시 서구 괴정로11번길 60-6,대전광역시 서구 갈마동 1314,36.34195229,127.375193,2016,전용주,042-288-3950,대전광역시 서구청,2025-06-26
갈마동756,1,대전광역시 서구 괴정로11번길 60-13,대전광역시 서구 갈마동 1321,36.341813,127.3754719,2016,전용주,042-288-3950,대전광역시 서구청,2025-06-26
갈마동757,1,대전광역시 서구 괴정로11번길 64,대전광역시 서구 갈마동 1324,36.34202546,127.3755247,2016,한전주,042-288-3950,대전광역시 서구청,2025-06-26
갈마동758,1,대전광역시 서구 대덕대로112번길 10,대전광역시 서구 갈마동 1417,36.34309047,127.3749799,2016,전용주,042-288-3950,대전광역시 서구청,2025-06-26
갈마동759,1,대전광역시 서구 대덕대로112번길 10,대전광역시 서구 갈마동 1417,36.34309047,127.3749799,2016,전용주,042-288-3950,대전광역시 서구청,2025-06-26
갈마동760,1,대전광역시 서구 대덕대로112번길 10,대전광역시 서구 갈마동 1417,36.34309047,127.3749799,2016,전용주,042-288-3950,대전광역시 서구청,2025-06-26
갈마동761,1,대전광역시 서구 대덕대로112번길 10,대전광역시 서구 갈마동 1417,36.34309047,127.3749799,2016,전용주,042-288-3950,대전광역시 서구청,2025-06-26
갈마동762,1,대전광역시 서구 대덕대로112번길 10,대전광역시 서구 갈마동 1417,36.34309047,127.3749799,2016,전용주,042-288-3950,대전광역시 서구청,2025-06-26
갈마동763,1,대전광역시 서구 갈마로147번길 37-18,대전광역시 서구 갈마동 1328,36.341713,127.3759029,2016,전용주,042-288-3950,대전광역시 서구청,2025-06-26
갈마동764,1,대전광역시 서구 갈마로147번길 45-9,대전광역시 서구 갈마동 1335,36.341401,127.3759553,2016,한전주,042-288-3950,대전광역시 서구청,2025-06-26
갈마동765,1,대전광역시 서구 갈마로147번길 45-15,대전광역시 서구 갈마동 1337,36.34173975,127.376053,2016,한전주,042-288-3950,대전광역시 서구청,2025-06-26
갈마동766,1,대전광역시 서구 갈마로147번길 45-17,대전광역시 서구 갈마동 1338,36.34188708,127.3761152,2016,한전주,042-288-3950,대전광역시 서구청,2025-06-26
갈마동767,1,대전광역시 서구 갈마로147번길 51-17,대전광역시 서구 갈마동 1350,36.3417871,127.3764693,2016,한전주,042-288-3950,대전광역시 서구청,2025-06-26
갈마동768,1,대전광역시 서구 갈마로147번길 51-16,대전광역시 서구 갈마동 1351,36.341715,127.376607,2016,한전주,042-288-3950,대전광역시 서구청,2025-06-26
갈마동769,1,대전광역시 서구 갈마로147번길 51-10,대전광역시 서구 갈마동 1353,36.341429,127.3765892,2016,전용주,042-288-3950,대전광역시 서구청,2025-06-26
갈마동770,1,대전광역시 서구 갈마로147번길 51-5,대전광역시 서구 갈마동 1346,36.341213,127.3763382,2016,한전주,042-288-3950,대전광역시 서구청,2025-06-26
갈마동771,1,대전광역시 서구 갈마로147번길 23,대전광역시 서구 갈마동 1294,36.34114545,127.3748994,2016,한전주,042-288-3950,대전광역시 서구청,2025-06-26
갈마동772,1,대전광역시 서구 갈마로147번길 29,대전광역시 서구 갈마동 1296,36.34114492,127.3751805,2016,한전주,042-288-3950,대전광역시 서구청,2025-06-26
갈마동773,1,대전광역시 서구 갈마로147번길 57,대전광역시 서구 갈마동 1357,36.34123244,127.3767228,2016,한전주,042-288-3950,대전광역시 서구청,2025-06-26
갈마동774,1,대전광역시 서구 괴정로 25-2,대전광역시 서구 갈마동 1376,36.34085931,127.3770515,2016,전용주,042-288-3950,대전광역시 서구청,2025-06-26
갈마동775,1,대전광역시 서구 갈마로147번길 59-7,대전광역시 서구 갈마동 1359,36.34152516,127.3767766,2016,전용주,042-288-3950,대전광역시 서구청,2025-06-26
갈마동776,1,대전광역시 서구 갈마로147번길 59-10,대전광역시 서구 갈마동 1363,36.341597,127.3770144,2016,한전주,042-288-3950,대전광역시 서구청,2025-06-26
갈마동777,1,대전광역시 서구 갈마로147번길 59-11,대전광역시 서구 갈마동 1360,36.34169338,127.3768404,2016,전용주,042-288-3950,대전광역시 서구청,2025-06-26
갈마동778,1,대전광역시 서구 갈마로147번길 62,대전광역시 서구 갈마동 1374,36.34109344,127.377130,2016,한전주,042-288-3950,대전광역시 서구청,2025-06-26
갈마동779,1,대전광역시 서구 갈마로147번길 66,대전광역시 서구 갈마동 1372,36.34124112,127.377248,2016,전용주,042-288-3950,대전광역시 서구청,2025-06-26
갈마동780,1,대전광역시 서구 갈마로147번길 74,대전광역시 서구 갈마동 1369,36.341556,127.3774753,2016,전용주,042-288-3950,대전광역시 서구청,2025-06-26
갈마동781,1,대전광역시 서구 대덕대로 150,대전광역시 서구 갈마동 1418,36.34506856,127.3769274,2016,전용주,042-288-3950,대전광역시 서구청,2025-06-26
갈마동782,1,대전광역시 서구 갈마로147번길 93,대전광역시 서구 갈마동 1406,36.34243861,127.377796,2016,한전주,042-288-3950,대전광역시 서구청,2025-06-26
갈마동783,1,대전광역시 서구 갈마로147번길 87,대전광역시 서구 갈마동 1404,36.34220354,127.377647,2016,한전주,042-288-3950,대전광역시 서구청,2025-06-26
갈마동784,1,대전광역시 서구 갈마로147번길 81,대전광역시 서구 갈마동 1402,36.34194465,127.377479,2016,전용주,042-288-3950,대전광역시 서구청,2025-06-26
갈마동785,1,대전광역시 서구 괴정로11번길 93-4,대전광역시 서구 갈마동 1401,36.341860,127.3773476,2016,전용주,042-288-3950,대전광역시 서구청,2025-06-26
갈마동786,1,대전광역시 서구 괴정로11번길 93-8,대전광역시 서구 갈마동 1415,36.3419859,127.3773555,2016,전용주,042-288-3950,대전광역시 서구청,2025-06-26
갈마동787,1,대전광역시 서구 괴정로11번길 93-14,대전광역시 서구 갈마동 1413,36.342268,127.3774774,2016,전용주,042-288-3950,대전광역시 서구청,2025-06-26
갈마동788,1,대전광역시 서구 괴정로11번길 93-18,대전광역시 서구 갈마동 1412,36.34237999,127.3775261,2016,전용주,042-288-3950,대전광역시 서구청,2025-06-26
갈마동789,1,대전광역시 서구 괴정로11번길 93-22,대전광역시 서구 갈마동 1410,36.342587,127.3776205,2016,전용주,042-288-3950,대전광역시 서구청,2025-06-26
갈마동790,1,대전광역시 서구 대덕대로112번길 54,대전광역시 서구 갈마동 1409,36.34270239,127.3776828,2016,전용주,042-288-3950,대전광역시 서구청,2025-06-26
갈마동791,1,대전광역시 서구 괴정로11번길 73,대전광역시 서구 갈마동 1416,36.34273256,127.3766895,2016,전용주,042-288-3950,대전광역시 서구청,2025-06-26
갈마동792,1,대전광역시 서구 괴정로11번길 73,대전광역시 서구 갈마동 1416,36.34273256,127.376691,2016,전용주,042-288-3950,대전광역시 서구청,2025-06-26
갈마동793,1,대전광역시 서구 대덕대로112번길 10,대전광역시 서구 갈마동 1417,36.34309047,127.3749799,2016,전용주,042-288-3950,대전광역시 서구청,2025-06-26
갈마동794,1,대전광역시 서구 대덕대로112번길 10,대전광역시 서구 갈마동 1417,36.34309047,127.3749799,2016,전용주,042-288-3950,대전광역시 서구청,2025-06-26
갈마동795,1,대전광역시 서구 대덕대로112번길 10,대전광역시 서구 갈마동 1417,36.34309047,127.3749799,2016,전용주,042-288-3950,대전광역시 서구청,2025-06-26
갈마동796,1,대전광역시 서구 갈마동 대덕대로 150,대전광역시 서구 갈마동 1458,36.34450219,127.3748917,2016,전용주,042-288-3950,대전광역시 서구청,2025-06-26
갈마동797,1,대전광역시 서구 대덕대로162번길 91,대전광역시 서구 갈마동 1420,36.34425637,127.3790204,2016,전용주,042-288-3950,대전광역시 서구청,2025-06-26
갈마동798,1,대전광역시 서구 대덕대로162번길 83,대전광역시 서구 갈마동 1421-1,36.34454934,127.3788222,2016,전용주,042-288-3950,대전광역시 서구청,2025-06-26
갈마동799,1,대전광역시 서구 대덕대로162번길 73,대전광역시 서구 갈마동 1423-1,36.34492726,127.3785497,2016,전용주,042-288-3950,대전광역시 서구청,2025-06-26
갈마동800,1,대전광역시 서구 대덕대로162번길 59,대전광역시 서구 갈마동 1425,36.34534853,127.3781904,2016,전용주,042-288-3950,대전광역시 서구청,2025-06-26
갈마동801,1,대전광역시 서구 대덕대로162번길 51,대전광역시 서구 갈마동 1426,36.34571994,127.3779212,2016,전용주,042-288-3950,대전광역시 서구청,2025-06-26
갈마동802,1,대전광역시 서구 대덕대로162번길 43,대전광역시 서구 갈마동 1427,36.34602999,127.3776787,2016,전용주,042-288-3950,대전광역시 서구청,2025-06-26
갈마동803,1,대전광역시 서구 대덕대로162번길 39,대전광역시 서구 갈마동 1429-2,36.346218,127.3775217,2016,전용주,042-288-3950,대전광역시 서구청,2025-06-26
갈마동804,1,대전광역시 서구 대덕대로162번길 29,대전광역시 서구 갈마동 1431,36.34670179,127.377201,2016,전용주,042-288-3950,대전광역시 서구청,2025-06-26
갈마동805,1,대전광역시 서구 대덕대로162번길 23,대전광역시 서구 갈마동 1432,36.34696443,127.3769908,2016,전용주,042-288-3950,대전광역시 서구청,2025-06-26
갈마동806,1,대전광역시 서구 갈마동 신갈마로 203,대전광역시 서구 갈마동 306-30,36.351762,127.3680845,2016,한전주,042-288-3950,대전광역시 서구청,2025-06-26
갈마동807,1,대전광역시 서구 갈마로117번길 53,대전광역시 서구 갈마동 406-4,36.3442985,127.370206,2016,한전주,042-288-3950,대전광역시 서구청,2025-06-26
갈마동808,1,대전광역시 서구 갈마로117번길 47,대전광역시 서구 갈마동 406-7,36.344054,127.3704216,2016,한전주,042-288-3950,대전광역시 서구청,2025-06-26
갈마동809,1,대전광역시 서구 대덕대로167번길 53,대전광역시 서구 갈마동 910,36.34962327,127.3737461,2016,전용주,042-288-3950,대전광역시 서구청,2025-06-26
갈마동810,1,대전광역시 서구 대덕대로167번길 47,대전광역시 서구 갈마동 911,36.34947346,127.3740736,2016,전용주,042-288-3950,대전광역시 서구청,2025-06-26
갈마동811,1,대전광역시 서구 대덕대로167번길 37,대전광역시 서구 갈마동 913,36.34918819,127.3745475,2016,전용주,042-288-3950,대전광역시 서구청,2025-06-26
갈마동812,1,대전광역시 서구 대덕대로167번길 29,대전광역시 서구 갈마동 1039,36.34903189,127.3749331,2016,전용주,042-288-3950,대전광역시 서구청,2025-06-26
갈마동813,1,대전광역시 서구 갈마동 대덕대로167번길 15,대전광역시 서구 갈마동 1459-1,36.34726952,127.3773834,2016,전용주,042-288-3950,대전광역시 서구청,2025-06-26
갈마동814,1,대전광역시 서구 갈마동 대덕대로167번길 5,대전광역시 서구 갈마동 1459-1,36.34726952,127.3773834,2016,전용주,042-288-3950,대전광역시 서구청,2025-06-26
갈마동815,1,대전광역시 서구 갈마동 대덕대로167번길 5,대전광역시 서구 갈마동 1459-1,36.34726952,127.3773834,2016,전용주,042-288-3950,대전광역시 서구청,2025-06-26
갈마동816,1,대전광역시 서구 갈마동 대덕대로 164,대전광역시 서구 갈마동 1459-1,36.34726952,127.3773834,2016,전용주,042-288-3950,대전광역시 서구청,2025-06-26
갈마동817,1,대전광역시 서구 갈마동 대덕대로 164,대전광역시 서구 갈마동 1459-1,36.34726952,127.3773834,2016,전용주,042-288-3950,대전광역시 서구청,2025-06-26
갈마동818,1,대전광역시 서구 대덕대로168번길 22,대전광역시 서구 갈마동 1437,36.34726511,127.3770903,2016,전용주,042-288-3950,대전광역시 서구청,2025-06-26
갈마동819,1,대전광역시 서구 대덕대로168번길 26,대전광역시 서구 갈마동 1438,36.34706249,127.3772137,2016,전용주,042-288-3950,대전광역시 서구청,2025-06-26
갈마동820,1,대전광역시 서구 갈마동 대덕대로168번길 26,대전광역시 서구 갈마동 1459-1,36.34726952,127.3773834,2023,전용주,042-288-3950,대전광역시 서구청,2025-06-26
갈마동821,1,대전광역시 서구 대덕대로168번길 32,대전광역시 서구 갈마동 1439,36.34673009,127.3774591,2016,전용주,042-288-3950,대전광역시 서구청,2025-06-26
갈마동822,1,대전광역시 서구 대덕대로168번길 32,대전광역시 서구 갈마동 1439,36.34673009,127.3774591,2016,전용주,042-288-3950,대전광역시 서구청,2025-06-26
갈마동823,1,대전광역시 서구 대덕대로168번길 44,대전광역시 서구 갈마동 1441,36.34641761,127.3777559,2016,전용주,042-288-3950,대전광역시 서구청,2025-06-26
갈마동824,1,대전광역시 서구 대덕대로168번길 52,대전광역시 서구 갈마동 1443,36.346035,127.3779926,2016,전용주,042-288-3950,대전광역시 서구청,2025-06-26
갈마동825,1,대전광역시 서구 대덕대로168번길 64,대전광역시 서구 갈마동 1445,36.34553814,127.3783006,2016,전용주,042-288-3950,대전광역시 서구청,2025-06-26
갈마동826,1,대전광역시 서구 대덕대로168번길 70,대전광역시 서구 갈마동 1446,36.34537722,127.3784916,2016,전용주,042-288-3950,대전광역시 서구청,2025-06-26
갈마동827,1,대전광역시 서구 대덕대로168번길 74,대전광역시 서구 갈마동 1447,36.345196,127.3786199,2016,전용주,042-288-3950,대전광역시 서구청,2025-06-26
갈마동828,1,대전광역시 서구 대덕대로168번길 82,대전광역시 서구 갈마동 1448,36.344907,127.3788682,2016,전용주,042-288-3950,대전광역시 서구청,2025-06-26
갈마동829,1,대전광역시 서구 대덕대로168번길 94,대전광역시 서구 갈마동 1451,36.34445813,127.3792263,2016,전용주,042-288-3950,대전광역시 서구청,2025-06-26
갈마동830,1,대전광역시 서구 대덕대로135번길 15,대전광역시 서구 갈마동 1141,36.345783,127.3739468,2016,전용주,042-288-3950,대전광역시 서구청,2025-06-26
갈마동831,1,대전광역시 서구 갈마중로42번길 39,대전광역시 서구 갈마동 1151,36.345794,127.3735635,2016,전용주,042-288-3950,대전광역시 서구청,2025-06-26
갈마동832,1,대전광역시 서구 신갈마로 176,대전광역시 서구 갈마동 338-1,36.34948753,127.3686453,2016,한전주,042-288-3950,대전광역시 서구청,2025-06-26
갈마동833,1,,대전광역시 서구 갈마동 266-44,36.35309497,127.3708781,2023,전용주,042-288-3950,대전광역시 서구청,2025-06-26
갈마동834,1,,대전광역시 서구 갈마동 376-11,36.346927,127.366817,2023,한전주,042-288-3950,대전광역시 서구청,2025-06-26
갈마동835,1,,대전광역시 서구 갈마동 1418,36.34506856,127.3769274,2023,전용주,042-288-3950,대전광역시 서구청,2025-06-26
갈마동837,1,,대전광역시 서구 갈마동 818,36.35630851,127.3709958,2023,전용주,042-288-3950,대전광역시 서구청,2025-06-26
갈마동838,1,,대전광역시 서구 갈마동 818,36.35630851,127.3709958,2023,전용주,042-288-3950,대전광역시 서구청,2025-06-26
갈마동839,1,,대전광역시 서구 갈마동 268-22,36.35268251,127.3700321,2024,전용주,042-288-3950,대전광역시 서구청,2025-06-26
갈마동840,1,,대전광역시 서구 갈마동 1266,36.34866781,127.3748033,2024,한전주,042-288-3950,대전광역시 서구청,2025-06-26
관저동001,1,대전광역시 서구 구봉산북로94번길 72-30,대전광역시 서구 관저동 787-1,36.28971888,127.3273582,2016,한전주,042-288-3950,대전광역시 서구청,2025-06-26
관저동002,1,대전광역시 서구 구봉산북로94번길 72-63,대전광역시 서구 관저동 780-2,36.28839203,127.3260156,2016,한전주,042-288-3950,대전광역시 서구청,2025-06-26
관저동003,1,,대전광역시 서구 관저동 713-8,36.29032819,127.329059,2016,한전주,042-288-3950,대전광역시 서구청,2025-06-26
관저동004,1,,대전광역시 서구 관저동 78-33,36.289149,127.327987,2016,한전주,042-288-3950,대전광역시 서구청,2025-06-26
관저동005,1,,대전광역시 서구 관저동 768-3,36.287516,127.329739,2016,한전주,042-288-3950,대전광역시 서구청,2025-06-26
관저동006,1,,대전광역시 서구 관저동 768-3,36.28753881,127.3297377,2016,한전주,042-288-3950,대전광역시 서구청,2025-06-26
관저동007,1,,대전광역시 서구 관저동 768-3,36.28753881,127.3297377,2016,한전주,042-288-3950,대전광역시 서구청,2025-06-26
관저동008,1,대전광역시 서구 구봉산북로94번길 72-65,대전광역시 서구 관저동 780-7,36.288542,127.3258136,2016,한전주,042-288-3950,대전광역시 서구청,2025-06-26
관저동009,1,,대전광역시 서구 관저동 795-3,36.28667156,127.3237099,2016,한전주,042-288-3950,대전광역시 서구청,2025-06-26
관저동010,1,,대전광역시 서구 관저동 796-2,36.28636066,127.3249265,2016,한전주,042-288-3950,대전광역시 서구청,2025-06-26
관저동011,1,,대전광역시 서구 관저동 799,36.28629563,127.3248992,2016,한전주,042-288-3950,대전광역시 서구청,2025-06-26
관저동012,1,,대전광역시 서구 관저동 796-2,36.28636066,127.3249265,2016,한전주,042-288-3950,대전광역시 서구청,2025-06-26
관저동013,1,대전광역시 서구 계백로776번길 79-140,대전광역시 서구 관저동 801-2,36.28599425,127.3255193,2016,한전주,042-288-3950,대전광역시 서구청,2025-06-26
관저동014,1,,대전광역시 서구 관저동 850-1,36.286118,127.3229831,2016,한전주,042-288-3950,대전광역시 서구청,2025-06-26
관저동015,1,,대전광역시 서구 관저동 849-1,36.28576521,127.3219505,2016,한전주,042-288-3950,대전광역시 서구청,2025-06-26
관저동016,1,,대전광역시 서구 관저동 856-3,36.28601467,127.320288,2016,한전주,042-288-3950,대전광역시 서구청,2025-06-26
관저동017,1,,대전광역시 서구 관저동 844-2,36.284807,127.322514,2016,한전주,042-288-3950,대전광역시 서구청,2025-06-26
관저동018,1,대전광역시 서구 계백로776번길 113-4,대전광역시 서구 관저동 841-2,36.28471956,127.3229776,2016,한전주,042-288-3950,대전광역시 서구청,2025-06-26
관저동019,1,대전광역시 서구 계백로776번길 96,대전광역시 서구 관저동 846,36.28527143,127.3221176,2016,한전주,042-288-3950,대전광역시 서구청,2025-06-26
관저동020,1,대전광역시 서구 관저동 계백로776번길 132,대전광역시 서구 관저동 829-1,36.28442169,127.3218865,2016,한전주,042-288-3950,대전광역시 서구청,2025-06-26
관저동021,1,,대전광역시 서구 관저동 835-1,36.283904,127.3223362,2016,한전주,042-288-3950,대전광역시 서구청,2025-06-26
관저동022,1,,대전광역시 서구 관저동 969-4,36.29308858,127.328971,2016,한전주,042-288-3950,대전광역시 서구청,2025-06-26
관저동023,1,,대전광역시 서구 관저동 300-8,36.29075581,127.342057,2016,한전주,042-288-3950,대전광역시 서구청,2025-06-26
관저동024,1,,대전광역시 서구 관저동 300-8,36.29075581,127.342042,2016,한전주,042-288-3950,대전광역시 서구청,2025-06-26
관저동025,1,대전광역시 서구 구봉산북로 184-33,대전광역시 서구 관저동 300-2,36.290852,127.3416649,2016,한전주,042-288-3950,대전광역시 서구청,2025-06-26
관저동026,1,,대전광역시 서구 관저동 300-1,36.290951,127.3416341,2016,전용주,042-288-3950,대전광역시 서구청,2025-06-26
관저동027,1,,대전광역시 서구 관저동 300-1,36.290951,127.3416341,2016,전용주,042-288-3950,대전광역시 서구청,2025-06-26
관저동028,1,대전광역시 서구 관저동로 37-24,대전광역시 서구 관저동 1381,36.29587024,127.3397453,2016,전용주,042-288-3950,대전광역시 서구청,2025-06-26
관저동029,1,,대전광역시 서구 관저동 364-6,36.295387,127.339734,2016,전용주,042-288-3950,대전광역시 서구청,2025-06-26
관저동030,1,대전광역시 서구 관저동로 37-38,대전광역시 서구 관저동 1386,36.295817,127.3399013,2016,전용주,042-288-3950,대전광역시 서구청,2025-06-26
관저동031,1,대전광역시 서구 관저로 174,대전광역시 서구 관저동 1407,36.298721,127.3413239,2016,한전주,042-288-3950,대전광역시 서구청,2025-06-26
관저동032,1,,대전광역시 서구 관저동 1441,36.3014022,127.3373086,2016,전용주,042-288-3950,대전광역시 서구청,2025-06-26
관저동033,1,,대전광역시 서구 관저동 1441,36.3014022,127.3373086,2016,전용주,042-288-3950,대전광역시 서구청,2025-06-26
관저동034,1,,대전광역시 서구 관저동 1441,36.301436,127.3373086,2016,전용주,042-288-3950,대전광역시 서구청,2025-06-26
관저동035,1,,대전광역시 서구 관저동 1440,36.301567,127.3384007,2016,전용주,042-288-3950,대전광역시 서구청,2025-06-26
관저동036,1,,대전광역시 서구 관저동 1440,36.30159605,127.3384007,2016,전용주,042-288-3950,대전광역시 서구청,2025-06-26
관저동037,1,,대전광역시 서구 관저동 1439,36.30190407,127.339516,2016,전용주,042-288-3950,대전광역시 서구청,2025-06-26
관저동038,1,,대전광역시 서구 관저동 1439,36.301921,127.339516,2016,전용주,042-288-3950,대전광역시 서구청,2025-06-26
관저동039,1,,대전광역시 서구 관저동 1439,36.30190407,127.339516,2016,전용주,042-288-3950,대전광역시 서구청,2025-06-26
관저동040,1,,대전광역시 서구 관저동 1449,36.30135247,127.340334,2016,전용주,042-288-3950,대전광역시 서구청,2025-06-26
관저동041,1,,대전광역시 서구 관저동 1451,36.30071731,127.3404172,2016,전용주,042-288-3950,대전광역시 서구청,2025-06-26
관저동042,1,,대전광역시 서구 관저동 1453,36.29964093,127.340401,2016,전용주,042-288-3950,대전광역시 서구청,2025-06-26
관저동043,1,,대전광역시 서구 관저동 1453,36.29964093,127.340401,2016,전용주,042-288-3950,대전광역시 서구청,2025-06-26
관저동044,1,,대전광역시 서구 관저동 1453,36.29964093,127.340401,2016,전용주,042-288-3950,대전광역시 서구청,2025-06-26
관저동045,1,,대전광역시 서구 관저동 1465,36.29840002,127.340307,2016,전용주,042-288-3950,대전광역시 서구청,2025-06-26
관저동046,1,,대전광역시 서구 관저동 1465,36.29840002,127.340354,2016,전용주,042-288-3950,대전광역시 서구청,2025-06-26
관저동047,1,,대전광역시 서구 관저동 1470,36.29719365,127.340319,2016,전용주,042-288-3950,대전광역시 서구청,2025-06-26
관저동047-1,1,,대전광역시 서구 관저동 1470,36.29719365,127.340332,2023,전용주,042-288-3950,대전광역시 서구청,2025-06-26
관저동048,1,,대전광역시 서구 관저동 1470,36.29719365,127.3403634,2016,전용주,042-288-3950,대전광역시 서구청,2025-06-26
관저동048-1,1,,대전광역시 서구 관저동 1470,36.29719365,127.340348,2023,전용주,042-288-3950,대전광역시 서구청,2025-06-26
관저동049,1,,대전광역시 서구 관저동 1470,36.29719365,127.340310,2016,전용주,042-288-3950,대전광역시 서구청,2025-06-26
관저동050,1,,대전광역시 서구 관저동 1471,36.29657219,127.3397596,2016,전용주,042-288-3950,대전광역시 서구청,2025-06-26
관저동050-1,1,,대전광역시 서구 관저동 1375,36.29722802,127.3394081,2023,전용주,042-288-3950,대전광역시 서구청,2025-06-26
관저동051,1,,대전광역시 서구 관저동 1471,36.29657219,127.3397596,2016,전용주,042-288-3950,대전광역시 서구청,2025-06-26
관저동052,1,,대전광역시 서구 관저동 1474,36.296247,127.3399053,2016,전용주,042-288-3950,대전광역시 서구청,2025-06-26
관저동053,1,,대전광역시 서구 관저동 1474,36.296250,127.3399053,2016,전용주,042-288-3950,대전광역시 서구청,2025-06-26
관저동054,1,대전광역시 서구 관저동로 37-20,대전광역시 서구 관저동 1382,36.2956971,127.3397834,2016,전용주,042-288-3950,대전광역시 서구청,2025-06-26
관저동055,1,대전광역시 서구 관저동로 37-8,대전광역시 서구 관저동 1384,36.29550923,127.3399633,2016,전용주,042-288-3950,대전광역시 서구청,2025-06-26
관저동056,1,,대전광역시 서구 관저동 1483,36.29656877,127.3417156,2016,전용주,042-288-3950,대전광역시 서구청,2025-06-26
관저동057,1,,대전광역시 서구 관저동 1483,36.29656877,127.3417156,2016,전용주,042-288-3950,대전광역시 서구청,2025-06-26
관저동058,1,,대전광역시 서구 관저동 1483,36.296513,127.3417156,2016,전용주,042-288-3950,대전광역시 서구청,2025-06-26
관저동059,1,,대전광역시 서구 관저동 1483,36.29656877,127.3417156,2016,전용주,042-288-3950,대전광역시 서구청,2025-06-26
관저동060,1,,대전광역시 서구 관저동 1484,36.29691623,127.3429619,2016,전용주,042-288-3950,대전광역시 서구청,2025-06-26
관저동061,1,,대전광역시 서구 관저동 1485,36.29717742,127.343533,2016,전용주,042-288-3950,대전광역시 서구청,2025-06-26
관저동062,1,,대전광역시 서구 관저동 1488,36.29746002,127.3433806,2016,전용주,042-288-3950,대전광역시 서구청,2025-06-26
관저동063,1,,대전광역시 서구 관저동 1488,36.29746002,127.3433806,2016,전용주,042-288-3950,대전광역시 서구청,2025-06-26
관저동064,1,,대전광역시 서구 관저동 1488,36.29746002,127.3433806,2016,전용주,042-288-3950,대전광역시 서구청,2025-06-26
관저동065,1,,대전광역시 서구 관저동 1488,36.29746002,127.343356,2016,전용주,042-288-3950,대전광역시 서구청,2025-06-26
관저동066,1,,대전광역시 서구 관저동 1488,36.29746002,127.3433806,2016,전용주,042-288-3950,대전광역시 서구청,2025-06-26
관저동067,1,,대전광역시 서구 관저동 1490,36.297137,127.3421548,2016,전용주,042-288-3950,대전광역시 서구청,2025-06-26
관저동068,1,,대전광역시 서구 관저동 1491,36.29679884,127.3413055,2016,전용주,042-288-3950,대전광역시 서구청,2025-06-26
관저동069,1,,대전광역시 서구 관저동 1491,36.296763,127.3413055,2016,전용주,042-288-3950,대전광역시 서구청,2025-06-26
관저동070,1,,대전광역시 서구 관저동 1492,36.297223,127.3407121,2016,전용주,042-288-3950,대전광역시 서구청,2025-06-26
관저동071,1,,대전광역시 서구 관저동 1492,36.29723434,127.3407121,2016,전용주,042-288-3950,대전광역시 서구청,2025-06-26
관저동072,1,,대전광역시 서구 관저동 1495,36.29841174,127.3407296,2016,전용주,042-288-3950,대전광역시 서구청,2025-06-26
관저동073,1,대전광역시 서구 관저동로73번길 29-27,대전광역시 서구 관저동 1357,36.298184,127.339902,2016,전용주,042-288-3950,대전광역시 서구청,2025-06-26
관저동074,1,대전광역시 서구 관저로 164,대전광역시 서구 관저동 1348,36.29873171,127.3399858,2016,전용주,042-288-3950,대전광역시 서구청,2025-06-26
관저동075,1,대전광역시 서구 관저로 158,대전광역시 서구 관저동 1345,36.29871656,127.3393891,2016,전용주,042-288-3950,대전광역시 서구청,2025-06-26
관저동076,1,대전광역시 서구 관저동로73번길 23,대전광역시 서구 관저동 1363,36.29841059,127.339102,2016,전용주,042-288-3950,대전광역시 서구청,2025-06-26
관저동077,1,대전광역시 서구 관저동로73번길 15-5,대전광역시 서구 관저동 1359,36.29830204,127.3397268,2016,전용주,042-288-3950,대전광역시 서구청,2025-06-26
관저동078,1,대전광역시 서구 관저동로73번길 29-26,대전광역시 서구 관저동 1373,36.29793091,127.3397045,2016,전용주,042-288-3950,대전광역시 서구청,2025-06-26
관저동079,1,대전광역시 서구 구봉로147번길 68-5,대전광역시 서구 관저동 1331,36.299522,127.3385819,2016,전용주,042-288-3950,대전광역시 서구청,2025-06-26
관저동080,1,대전광역시 서구 구봉로147번길 68-35,대전광역시 서구 관저동 1339,36.299601,127.3399405,2016,전용주,042-288-3950,대전광역시 서구청,2025-06-26
관저동081,1,대전광역시 서구 구봉로147번길 76-20,대전광역시 서구 관저동 1324,36.2997601,127.3392708,2016,전용주,042-288-3950,대전광역시 서구청,2025-06-26
관저동082,1,대전광역시 서구 관저동로93번길 21,대전광역시 서구 관저동 1300,36.3002504,127.338935,2016,전용주,042-288-3950,대전광역시 서구청,2025-06-26
관저동083,1,대전광역시 서구 관저중로96번길 91,대전광역시 서구 관저동 1293,36.300392,127.3399745,2016,전용주,042-288-3950,대전광역시 서구청,2025-06-26
관저동084,1,대전광역시 서구 관저동로93번길 16-6,대전광역시 서구 관저동 1273,36.30063424,127.3394014,2016,전용주,042-288-3950,대전광역시 서구청,2025-06-26
관저동085,1,대전광역시 서구 구봉로147번길 98-7,대전광역시 서구 관저동 1261,36.30081919,127.3389456,2016,전용주,042-288-3950,대전광역시 서구청,2025-06-26
관저동086,1,대전광역시 서구 관저동로99번길 23,대전광역시 서구 관저동 1257,36.30095075,127.338893,2016,전용주,042-288-3950,대전광역시 서구청,2025-06-26
관저동087,1,대전광역시 서구 관저동로105번길 33,대전광역시 서구 관저동 1215,36.30132856,127.3386851,2016,전용주,042-288-3950,대전광역시 서구청,2025-06-26
관저동088,1,대전광역시 서구 관저동로105번길 20,대전광역시 서구 관저동 1199,36.30167117,127.3395501,2016,전용주,042-288-3950,대전광역시 서구청,2025-06-26
관저동089,1,대전광역시 서구 관저동로105번길 32,대전광역시 서구 관저동 1197,36.30152662,127.3386299,2016,전용주,042-288-3950,대전광역시 서구청,2025-06-26
관저동090,1,대전광역시 서구 관저동로105번길 42,대전광역시 서구 관저동 1195,36.30145475,127.3382629,2016,전용주,042-288-3950,대전광역시 서구청,2025-06-26
관저동091,1,대전광역시 서구 관저동로105번길 47,대전광역시 서구 관저동 1219,36.301194,127.338025,2016,전용주,042-288-3950,대전광역시 서구청,2025-06-26
관저동092,1,대전광역시 서구 관저동로105번길 57,대전광역시 서구 관저동 1222,36.30102081,127.337458,2016,전용주,042-288-3950,대전광역시 서구청,2025-06-26
관저동093,1,대전광역시 서구 관저동로105번길 86,대전광역시 서구 관저동 1007,36.30108061,127.3358525,2016,전용주,042-288-3950,대전광역시 서구청,2025-06-26
관저동094,1,대전광역시 서구 관저중로96번길 27,대전광역시 서구 관저동 1227,36.30079169,127.3366872,2016,전용주,042-288-3950,대전광역시 서구청,2025-06-26
관저동095,1,대전광역시 서구 관저중로96번길 31,대전광역시 서구 관저동 1229,36.300662,127.3369109,2016,전용주,042-288-3950,대전광역시 서구청,2025-06-26
관저동096,1,대전광역시 서구 관저로121번길 32,대전광역시 서구 관저동 1028,36.30036176,127.3354593,2016,전용주,042-288-3950,대전광역시 서구청,2025-06-26
관저동097,1,대전광역시 서구 관저로121번길 28,대전광역시 서구 관저동 1026,36.300129,127.3354573,2016,전용주,042-288-3950,대전광역시 서구청,2025-06-26
관저동098,1,대전광역시 서구 관저중로 84,대전광역시 서구 관저동 1022,36.29958047,127.3351889,2016,전용주,042-288-3950,대전광역시 서구청,2025-06-26
관저동099,1,대전광역시 서구 관저중로84번길 10,대전광역시 서구 관저동 1099,36.29953554,127.3358521,2016,전용주,042-288-3950,대전광역시 서구청,2025-06-26
관저동100,1,대전광역시 서구 관저중로84번길 9-12,대전광역시 서구 관저동 1040,36.3001146,127.3359301,2016,전용주,042-288-3950,대전광역시 서구청,2025-06-26
관저동101,1,대전광역시 서구 관저중로84번길 9-16,대전광역시 서구 관저동 1042,36.300314,127.3359371,2016,전용주,042-288-3950,대전광역시 서구청,2025-06-26
관저동102,1,대전광역시 서구 관저로 131,대전광역시 서구 관저동 1087,36.29911586,127.3366211,2016,전용주,042-288-3950,대전광역시 서구청,2025-06-26
관저동103,1,대전광역시 서구 관저중로80번길 28,대전광역시 서구 관저동 1085,36.29913565,127.3369505,2016,전용주,042-288-3950,대전광역시 서구청,2025-06-26
관저동104,1,대전광역시 서구 관저중로80번길 35,대전광역시 서구 관저동 1075,36.29953281,127.3371715,2016,전용주,042-288-3950,대전광역시 서구청,2025-06-26
관저동105,1,대전광역시 서구 관저중로80번길 39,대전광역시 서구 관저동 1073,36.29974213,127.3373428,2016,전용주,042-288-3950,대전광역시 서구청,2025-06-26
관저동106,1,대전광역시 서구 관저중로80번길 47,대전광역시 서구 관저동 1070,36.30000033,127.3375931,2016,전용주,042-288-3950,대전광역시 서구청,2025-06-26
관저동107,1,대전광역시 서구 관저중로84번길 28-3,대전광역시 서구 관저동 1064,36.29963926,127.337042,2016,전용주,042-288-3950,대전광역시 서구청,2025-06-26
관저동108,1,대전광역시 서구 관저로129번길 26,대전광역시 서구 관저동 1063,36.30001449,127.3365021,2016,전용주,042-288-3950,대전광역시 서구청,2025-06-26
관저동109,1,대전광역시 서구 관저로129번길 28-9,대전광역시 서구 관저동 1059,36.300141,127.3368128,2016,전용주,042-288-3950,대전광역시 서구청,2025-06-26
관저동110,1,,대전광역시 서구 관저동 1495,36.29841174,127.3407296,2016,전용주,042-288-3950,대전광역시 서구청,2025-06-26
관저동111,1,,대전광역시 서구 관저동 1495,36.29841174,127.3407296,2016,전용주,042-288-3950,대전광역시 서구청,2025-06-26
관저동112,1,,대전광역시 서구 관저동 1495,36.29841174,127.3407296,2016,전용주,042-288-3950,대전광역시 서구청,2025-06-26
관저동113,1,,대전광역시 서구 관저동 1498,36.29964682,127.340749,2016,전용주,042-288-3950,대전광역시 서구청,2025-06-26
관저동114,1,,대전광역시 서구 관저동 1498,36.29964682,127.340749,2016,전용주,042-288-3950,대전광역시 서구청,2025-06-26
관저동115,1,,대전광역시 서구 관저동 1498,36.29964682,127.340749,2016,전용주,042-288-3950,대전광역시 서구청,2025-06-26
관저동116,1,,대전광역시 서구 관저동 1498,36.29964682,127.340749,2016,전용주,042-288-3950,대전광역시 서구청,2025-06-26
관저동117,1,,대전광역시 서구 관저동 1436,36.30122541,127.3407733,2016,전용주,042-288-3950,대전광역시 서구청,2025-06-26
관저동118,1,,대전광역시 서구 관저동 1436,36.30122541,127.3407733,2016,전용주,042-288-3950,대전광역시 서구청,2025-06-26
관저동119,1,,대전광역시 서구 관저동 1476,36.29585421,127.3405175,2016,전용주,042-288-3950,대전광역시 서구청,2025-06-26
관저동120,1,,대전광역시 서구 관저동 1435,36.30253608,127.3422221,2016,전용주,042-288-3950,대전광역시 서구청,2025-06-26
관저동121,1,,대전광역시 서구 관저동 1435,36.30253608,127.3422221,2016,전용주,042-288-3950,대전광역시 서구청,2025-06-26
관저동122,1,,대전광역시 서구 관저동 1435,36.30253608,127.3422221,2016,전용주,042-288-3950,대전광역시 서구청,2025-06-26
관저동123,1,,대전광역시 서구 관저동 1435,36.302521,127.342273,2016,전용주,042-288-3950,대전광역시 서구청,2025-06-26
관저동124,1,,대전광역시 서구 관저동 1434,36.30272416,127.3433498,2016,전용주,042-288-3950,대전광역시 서구청,2025-06-26
관저동125,1,,대전광역시 서구 관저동 1432,36.303006,127.344402,2016,전용주,042-288-3950,대전광역시 서구청,2025-06-26
관저동126,1,,대전광역시 서구 관저동 1432,36.30304038,127.3444645,2016,전용주,042-288-3950,대전광역시 서구청,2025-06-26
관저동126-1,1,,대전광역시 서구 관저동 1432,36.30304038,127.3444645,2023,전용주,042-288-3950,대전광역시 서구청,2025-06-26
관저동128,1,,대전광역시 서구 관저동 769-2,36.28709146,127.329405,2023,전용주,042-288-3950,대전광역시 서구청,2025-06-26
관저동129,1,,대전광역시 서구 관저동 1247,36.30053117,127.3376849,2023,전용주,042-288-3950,대전광역시 서구청,2025-06-26
관저동130,1,대전광역시 서구 관저동 관저동로99번길 6,대전광역시 서구 관저동 1447,36.30027972,127.3400953,2023,전용주,042-288-3950,대전광역시 서구청,2025-06-26
관저동131,1,대전광역시 서구 관저동로93번길 8-7,대전광역시 서구 관저동 1276,36.300698,127.339594,2023,전용주,042-288-3950,대전광역시 서구청,2025-06-26
관저동132,1,대전광역시 서구 관저동로93번길 7,대전광역시 서구 관저동 1295,36.300259,127.339692,2023,전용주,042-288-3950,대전광역시 서구청,2025-06-26
관저동133,1,,대전광역시 서구 관저동 774-18,36.289553,127.328436,2023,전용주,042-288-3950,대전광역시 서구청,2025-06-26
관저동134,1,대전광역시 서구 관저동로105번길 68,대전광역시 서구 관저동 1187,36.301150,127.336852,2023,전용주,042-288-3950,대전광역시 서구청,2025-06-26
관저동135,1,대전광역시 서구 관저동로99번길 17,대전광역시 서구 관저동 1259,36.300970,127.339197,2023,전용주,042-288-3950,대전광역시 서구청,2025-06-26
관저동136,1,,대전광역시 서구 관저동 1574,36.29599337,127.3342882,2023,전용주,042-288-3950,대전광역시 서구청,2025-06-26
관저동137,1,,대전광역시 서구 관저동 47-7,36.311167,127.3384277,2023,한전주,042-288-3950,대전광역시 서구청,2025-06-26
관저동138,1,,대전광역시 서구 관저동 47-7,36.3111857,127.3384277,2023,한전주,042-288-3950,대전광역시 서구청,2025-06-26
관저동139,1,대전광역시 서구 관저중로96번길 70,대전광역시 서구 관저동 1307,36.29998952,127.338728,2023,전용주,042-288-3950,대전광역시 서구청,2025-06-26
관저동140,1,대전광역시 서구 구봉로147번길 68-37,대전광역시 서구 관저동 1320,36.299782,127.339988,2023,전용주,042-288-3950,대전광역시 서구청,2025-06-26
관저동141,1,대전광역시 서구 구봉산북로94번길 78-33,대전광역시 서구 관저동 780-1,36.289170,127.327411,2023,전용주,042-288-3950,대전광역시 서구청,2025-06-26
관저동142,1,,대전광역시 서구 관저동 850-4,36.28657297,127.3229468,2023,한전주,042-288-3950,대전광역시 서구청,2025-06-26
관저동143,1,대전광역시 서구 관저중로64번길 84,대전광역시 서구 관저동 1375,36.29722802,127.3394081,2023,전용주,042-288-3950,대전광역시 서구청,2025-06-26
관저동144,1,대전광역시 서구 관저중로64번길 84,대전광역시 서구 관저동 1375,36.29722802,127.3394081,2023,전용주,042-288-3950,대전광역시 서구청,2025-06-26
관저동145,1,대전광역시 서구 관저중로64번길 84,대전광역시 서구 관저동 1375,36.297264,127.3394081,2023,전용주,042-288-3950,대전광역시 서구청,2025-06-26
관저동146,1,대전광역시 서구 관저중로64번길 84,대전광역시 서구 관저동 1375,36.29722802,127.3394081,2023,전용주,042-288-3950,대전광역시 서구청,2025-06-26
관저동147,1,,대전광역시 서구 관저동 770-3,36.28736682,127.3293926,2023,전용주,042-288-3950,대전광역시 서구청,2025-06-26
관저동148,1,,대전광역시 서구 관저동 840,36.284487,127.323025,2023,한전주,042-288-3950,대전광역시 서구청,2025-06-26
관저동149,1,,대전광역시 서구 관저동 780-7,36.288542,127.3258136,2023,전용주,042-288-3950,대전광역시 서구청,2025-06-26
관저동150,1,대전광역시 서구 관저동 구봉산북로94번길,대전광역시 서구 관저동 794-1,36.287703,127.3250939,2023,한전주,042-288-3950,대전광역시 서구청,2025-06-26
관저동151,1,대전광역시 서구 관저동 구봉산북로94번길,대전광역시 서구 관저동 795-4,36.28728055,127.3242919,2023,한전주,042-288-3950,대전광역시 서구청,2025-06-26
관저동152,1,대전광역시 서구 관저동 구봉산북로94번길,대전광역시 서구 관저동 795-2,36.286974,127.324095,2023,한전주,042-288-3950,대전광역시 서구청,2025-06-26
관저동153,1,,대전광역시 서구 관저동 806-2,36.282137,127.319590,2023,한전주,042-288-3950,대전광역시 서구청,2025-06-26
관저동154,1,,대전광역시 서구 관저동 807-19,36.282427,127.3197369,2023,한전주,042-288-3950,대전광역시 서구청,2025-06-26
관저동155,1,,대전광역시 서구 관저동 816,36.28346196,127.320107,2023,한전주,042-288-3950,대전광역시 서구청,2025-06-26
관저동156,1,,대전광역시 서구 관저동 815-1,36.28363328,127.3196964,2023,한전주,042-288-3950,대전광역시 서구청,2025-06-26
관저동157,1,,대전광역시 서구 관저동 949,36.28444243,127.3198122,2023,한전주,042-288-3950,대전광역시 서구청,2025-06-26
관저동158,1,,대전광역시 서구 관저동 945-2,36.28479049,127.321968,2023,한전주,042-288-3950,대전광역시 서구청,2025-06-26
관저동159,1,,대전광역시 서구 관저동 1208,36.30117126,127.3402547,2023,전용주,042-288-3950,대전광역시 서구청,2025-06-26
관저동160,1,,대전광역시 서구 관저동 1183,36.3000291,127.3367934,2025,전용주,042-288-3950,대전광역시 서구청,2025-06-26
관저동161,1,,대전광역시 서구 관저동 1183,36.3000291,127.3367934,2025,전용주,042-288-3950,대전광역시 서구청,2025-06-26
관저동162,1,,대전광역시 서구 관저동 1183,36.3000291,127.3367934,2025,한전주,042-288-3950,대전광역시 서구청,2025-06-26
괴곡동001,1,,대전광역시 서구 괴곡동 462-5,36.284613,127.352495,2023,전용주,042-288-3950,대전광역시 서구청,2025-06-26
괴곡동002,1,,대전광역시 서구 괴곡동 462-5,36.28460446,127.352400,2023,전용주,042-288-3950,대전광역시 서구청,2025-06-26
괴곡동016,1,,대전광역시 서구 괴곡동 379,36.29167495,127.3562651,2016,한전주,042-288-3950,대전광역시 서구청,2025-06-26
괴곡동017,1,,대전광역시 서구 괴곡동 377-1,36.29134324,127.3556785,2016,한전주,042-288-3950,대전광역시 서구청,2025-06-26
괴곡동018,1,대전광역시 서구 구억뜸길 33,대전광역시 서구 괴곡동 377-7,36.29110493,127.355395,2016,한전주,042-288-3950,대전광역시 서구청,2025-06-26
괴곡동019,1,대전광역시 서구 구억뜸길 39,대전광역시 서구 괴곡동 377-8,36.29091718,127.355010,2016,한전주,042-288-3950,대전광역시 서구청,2025-06-26
괴곡동020,1,,대전광역시 서구 괴곡동 산79-5,36.290678,127.354478,2016,한전주,042-288-3950,대전광역시 서구청,2025-06-26
괴곡동021,1,,대전광역시 서구 괴곡동 산78-5,36.290096,127.353902,2016,한전주,042-288-3950,대전광역시 서구청,2025-06-26
괴곡동022,1,대전광역시 서구 구억뜸길 87,대전광역시 서구 괴곡동 440-8,36.28934836,127.353489,2016,한전주,042-288-3950,대전광역시 서구청,2025-06-26
괴곡동023,1,대전광역시 서구 구억뜸길 98,대전광역시 서구 괴곡동 441-1,36.28894511,127.353061,2016,한전주,042-288-3950,대전광역시 서구청,2025-06-26
괴곡동024,1,,대전광역시 서구 괴곡동 440-5,36.288568,127.3533696,2016,한전주,042-288-3950,대전광역시 서구청,2025-06-26
괴곡동025,1,대전광역시 서구 구억뜸길 110,대전광역시 서구 괴곡동 446,36.28826285,127.3530714,2016,전용주,042-288-3950,대전광역시 서구청,2025-06-26
괴곡동026,1,,대전광역시 서구 괴곡동 449,36.28772073,127.3529311,2016,한전주,042-288-3950,대전광역시 서구청,2025-06-26
괴곡동027,1,대전광역시 서구 괴곡동 벌곡로 1104,대전광역시 서구 괴곡동 754-1,36.281529,127.354239,2016,한전주,042-288-3950,대전광역시 서구청,2025-06-26
괴곡동028,1,대전광역시 서구 벌곡로 1103,대전광역시 서구 괴곡동 739-3,36.28158456,127.354008,2016,한전주,042-288-3950,대전광역시 서구청,2025-06-26
괴곡동029,1,,대전광역시 서구 괴곡동 786,36.281502,127.353558,2016,한전주,042-288-3950,대전광역시 서구청,2025-06-26
괴곡동030,1,대전광역시 서구 벌곡로 1107-12,대전광역시 서구 괴곡동 765,36.28198324,127.3536078,2016,한전주,042-288-3950,대전광역시 서구청,2025-06-26
괴곡동031,1,,대전광역시 서구 괴곡동 369-3,36.29462255,127.360551,2016,한전주,042-288-3950,대전광역시 서구청,2025-06-26
괴곡동032,1,,대전광역시 서구 괴곡동 473-2,36.28448464,127.3527869,2016,한전주,042-288-3950,대전광역시 서구청,2025-06-26
괴곡동033,1,,대전광역시 서구 괴곡동 473-2,36.28448464,127.3527869,2016,한전주,042-288-3950,대전광역시 서구청,2025-06-26
괴곡동034,1,,대전광역시 서구 괴곡동 473-2,36.28448464,127.3527869,2016,전용주,042-288-3950,대전광역시 서구청,2025-06-26
괴곡동035,1,,대전광역시 서구 괴곡동 462-3,36.2849596,127.3527094,2016,한전주,042-288-3950,대전광역시 서구청,2025-06-26
괴곡동036,1,대전광역시 서구 괴곡1길 106,대전광역시 서구 괴곡동 989,36.28557043,127.3537257,2016,한전주,042-288-3950,대전광역시 서구청,2025-06-26
괴곡동037,1,대전광역시 서구 괴곡1길 102,대전광역시 서구 괴곡동 989-1,36.2853879,127.3536174,2016,한전주,042-288-3950,대전광역시 서구청,2025-06-26
괴곡동038,1,,대전광역시 서구 괴곡동 502,36.285848,127.3548844,2016,한전주,042-288-3950,대전광역시 서구청,2025-06-26
괴곡동039,1,,대전광역시 서구 괴곡동 307,36.28741851,127.3595483,2016,전용주,042-288-3950,대전광역시 서구청,2025-06-26
괴곡동040,1,,대전광역시 서구 괴곡동 510,36.28593959,127.3555223,2016,한전주,042-288-3950,대전광역시 서구청,2025-06-26
괴곡동041,1,,대전광역시 서구 괴곡동 54,36.27333254,127.3628107,2016,전용주,042-288-3950,대전광역시 서구청,2025-06-26
괴곡동042,1,,대전광역시 서구 괴곡동 519,36.28517061,127.355818,2016,한전주,042-288-3950,대전광역시 서구청,2025-06-26
괴곡동043,1,,대전광역시 서구 괴곡동 517-10,36.28503239,127.356062,2016,한전주,042-288-3950,대전광역시 서구청,2025-06-26
괴곡동044,1,,대전광역시 서구 괴곡동 523-3,36.28422729,127.3557927,2016,한전주,042-288-3950,대전광역시 서구청,2025-06-26
괴곡동045,1,,대전광역시 서구 괴곡동 523-3,36.28422729,127.3557927,2016,한전주,042-288-3950,대전광역시 서구청,2025-06-26
괴곡동046,1,,대전광역시 서구 괴곡동 524-7,36.284266,127.356283,2016,한전주,042-288-3950,대전광역시 서구청,2025-06-26
괴곡동047,1,대전광역시 서구 괴곡1길 176-20,대전광역시 서구 괴곡동 521-4,36.28442799,127.3553663,2016,전용주,042-288-3950,대전광역시 서구청,2025-06-26
괴곡동048,1,,대전광역시 서구 괴곡동 516-4,36.2849232,127.3563592,2016,한전주,042-288-3950,대전광역시 서구청,2025-06-26
괴곡동049,1,,대전광역시 서구 괴곡동 121-19,36.286459,127.355091,2016,한전주,042-288-3950,대전광역시 서구청,2025-06-26
괴곡동050,1,대전광역시 서구 괴곡1길 121-33,대전광역시 서구 괴곡동 413-3,36.28730338,127.355358,2016,한전주,042-288-3950,대전광역시 서구청,2025-06-26
괴곡동051,1,,대전광역시 서구 괴곡동 412,36.28745967,127.3553987,2016,전용주,042-288-3950,대전광역시 서구청,2025-06-26
괴곡동053,1,,대전광역시 서구 괴곡동 405,36.28895676,127.3561389,2016,전용주,042-288-3950,대전광역시 서구청,2025-06-26
괴곡동055,1,,대전광역시 서구 괴곡동 563,36.28573849,127.3583699,2016,한전주,042-288-3950,대전광역시 서구청,2025-06-26
괴곡동056,1,,대전광역시 서구 괴곡동 436,36.28819668,127.3541061,2016,한전주,042-288-3950,대전광역시 서구청,2025-06-26
괴곡동057,1,,대전광역시 서구 괴곡동 439-1,36.28665107,127.3533444,2016,한전주,042-288-3950,대전광역시 서구청,2025-06-26
괴곡동058,1,,대전광역시 서구 괴곡동 459-14,36.285439,127.3527251,2016,전용주,042-288-3950,대전광역시 서구청,2025-06-26
괴곡동059,1,대전광역시 서구 고릿골길 86-19,대전광역시 서구 괴곡동 461,36.285518,127.3511189,2016,한전주,042-288-3950,대전광역시 서구청,2025-06-26
괴곡동060,1,대전광역시 서구 고릿골길 86-11,대전광역시 서구 괴곡동 466,36.28486872,127.3515093,2016,한전주,042-288-3950,대전광역시 서구청,2025-06-26
괴곡동061,1,대전광역시 서구 고릿골길 86-20,대전광역시 서구 괴곡동 461-3,36.28541276,127.3513584,2016,한전주,042-288-3950,대전광역시 서구청,2025-06-26
괴곡동062,1,,대전광역시 서구 괴곡동 462-3,36.2849596,127.3527094,2016,한전주,042-288-3950,대전광역시 서구청,2025-06-26
괴곡동063,1,대전광역시 서구 고릿골길 86-11,대전광역시 서구 괴곡동 466,36.28486872,127.3515093,2016,한전주,042-288-3950,대전광역시 서구청,2025-06-26
괴곡동064,1,대전광역시 서구 고릿골길 86-11,대전광역시 서구 괴곡동 466,36.28486872,127.3515093,2016,한전주,042-288-3950,대전광역시 서구청,2025-06-26
괴곡동065,1,대전광역시 서구 고릿골길 104,대전광역시 서구 괴곡동 795,36.28464695,127.3515676,2016,한전주,042-288-3950,대전광역시 서구청,2025-06-26
괴곡동066,1,대전광역시 서구 고릿골길 108,대전광역시 서구 괴곡동 796,36.28466392,127.3506988,2016,한전주,042-288-3950,대전광역시 서구청,2025-06-26
괴곡동067,1,대전광역시 서구 고릿골길 113,대전광역시 서구 괴곡동 792,36.28428615,127.350497,2016,한전주,042-288-3950,대전광역시 서구청,2025-06-26
괴곡동068,1,대전광역시 서구 고릿골길 122,대전광역시 서구 괴곡동 802,36.28475961,127.3500281,2016,한전주,042-288-3950,대전광역시 서구청,2025-06-26
괴곡동069,1,대전광역시 서구 고릿골길 121,대전광역시 서구 괴곡동 790-1,36.284287,127.3502906,2016,전용주,042-288-3950,대전광역시 서구청,2025-06-26
괴곡동070,1,,대전광역시 서구 괴곡동 789-2,36.28410181,127.3495688,2016,한전주,042-288-3950,대전광역시 서구청,2025-06-26
괴곡동071,1,대전광역시 서구 괴곡동 고릿골길 118-12,대전광역시 서구 괴곡동 801,36.28499968,127.350152,2016,한전주,042-288-3950,대전광역시 서구청,2025-06-26
괴곡동072,1,대전광역시 서구 고릿골길 114-20,대전광역시 서구 괴곡동 798,36.28535168,127.350230,2016,한전주,042-288-3950,대전광역시 서구청,2025-06-26
괴곡동073,1,대전광역시 서구 고릿골길 138,대전광역시 서구 괴곡동 803-1,36.28482962,127.349741,2016,한전주,042-288-3950,대전광역시 서구청,2025-06-26
괴곡동074,1,대전광역시 서구 고릿골길 144,대전광역시 서구 괴곡동 805,36.28512438,127.349586,2016,한전주,042-288-3950,대전광역시 서구청,2025-06-26
괴곡동075,1,대전광역시 서구 고릿골길 133,대전광역시 서구 괴곡동 812,36.284310,127.3493404,2016,한전주,042-288-3950,대전광역시 서구청,2025-06-26
괴곡동076,1,,대전광역시 서구 괴곡동 916-2,36.283822,127.340518,2016,한전주,042-288-3950,대전광역시 서구청,2025-06-26
괴곡동077,1,,대전광역시 서구 괴곡동 1039,36.28402615,127.3406317,2016,한전주,042-288-3950,대전광역시 서구청,2025-06-26
괴곡동078,1,,대전광역시 서구 괴곡동 914-2,36.2835116,127.3410279,2016,한전주,042-288-3950,대전광역시 서구청,2025-06-26
괴곡동079,1,대전광역시 서구 벌곡로 965,대전광역시 서구 괴곡동 894-8,36.27632946,127.3455351,2016,한전주,042-288-3950,대전광역시 서구청,2025-06-26
괴곡동080,1,대전광역시 서구 벌곡로 965,대전광역시 서구 괴곡동 894-8,36.27632946,127.3455351,2016,한전주,042-288-3950,대전광역시 서구청,2025-06-26
괴곡동081,1,,대전광역시 서구 괴곡동 1046-1,36.27660034,127.3454715,2016,한전주,042-288-3950,대전광역시 서구청,2025-06-26
괴곡동082,1,,대전광역시 서구 괴곡동 1013-7,36.27619526,127.3463458,2016,한전주,042-288-3950,대전광역시 서구청,2025-06-26
괴곡동083,1,,대전광역시 서구 괴곡동 1043-12,36.276384,127.347284,2016,한전주,042-288-3950,대전광역시 서구청,2025-06-26
괴곡동084,1,,대전광역시 서구 괴곡동 1013-1,36.27627008,127.347695,2016,한전주,042-288-3950,대전광역시 서구청,2025-06-26
괴곡동085,1,,대전광역시 서구 괴곡동 1012-7,36.27649826,127.3480252,2016,한전주,042-288-3950,대전광역시 서구청,2025-06-26
괴곡동086,1,,대전광역시 서구 괴곡동 896,36.27866225,127.3430878,2016,한전주,042-288-3950,대전광역시 서구청,2025-06-26
괴곡동087,1,대전광역시 서구 상보안길 129,대전광역시 서구 괴곡동 877,36.27712812,127.3486306,2016,한전주,042-288-3950,대전광역시 서구청,2025-06-26
괴곡동088,1,대전광역시 서구 상보안길 43,대전광역시 서구 괴곡동 1038,36.27765929,127.3467959,2016,한전주,042-288-3950,대전광역시 서구청,2025-06-26
괴곡동089,1,,대전광역시 서구 괴곡동 867-1,36.278254,127.346758,2016,한전주,042-288-3950,대전광역시 서구청,2025-06-26
괴곡동090,1,,대전광역시 서구 괴곡동 869-3,36.278457,127.3468145,2016,한전주,042-288-3950,대전광역시 서구청,2025-06-26
괴곡동091,1,대전광역시 서구 상보안길 15,대전광역시 서구 괴곡동 868-3,36.278894,127.3472159,2016,한전주,042-288-3950,대전광역시 서구청,2025-06-26
괴곡동092,1,,대전광역시 서구 괴곡동 849-8,36.27943781,127.3462574,2016,한전주,042-288-3950,대전광역시 서구청,2025-06-26
괴곡동093,1,,대전광역시 서구 괴곡동 873-3,36.2796384,127.3476099,2016,한전주,042-288-3950,대전광역시 서구청,2025-06-26
괴곡동094,1,,대전광역시 서구 괴곡동 60-13,36.279176,127.348154,2016,한전주,042-288-3950,대전광역시 서구청,2025-06-26
괴곡동095,1,,대전광역시 서구 괴곡동 60-15,36.279204,127.348699,2016,한전주,042-288-3950,대전광역시 서구청,2025-06-26
괴곡동096,1,,대전광역시 서구 괴곡동 67-5,36.279096,127.349806,2016,한전주,042-288-3950,대전광역시 서구청,2025-06-26
괴곡동097,1,,대전광역시 서구 괴곡동 68-2,36.278834,127.351805,2016,한전주,042-288-3950,대전광역시 서구청,2025-06-26
괴곡동098,1,,대전광역시 서구 괴곡동 산 69-12,36.27908033,127.3529518,2016,한전주,042-288-3950,대전광역시 서구청,2025-06-26
괴곡동099,1,대전광역시 서구 괴곡동 벌곡로 1084,대전광역시 서구 괴곡동 747-5,36.279256,127.353258,2016,한전주,042-288-3950,대전광역시 서구청,2025-06-26
괴곡동100,1,대전광역시 서구 괴곡동 벌곡로 1084,대전광역시 서구 괴곡동 산 69-11,36.279510,127.353474,2016,한전주,042-288-3950,대전광역시 서구청,2025-06-26
괴곡동101,1,대전광역시 서구 벌곡로 1084,대전광역시 서구 괴곡동 747,36.27977735,127.3538104,2016,한전주,042-288-3950,대전광역시 서구청,2025-06-26
괴곡동102,1,대전광역시 서구 벌곡로 1088,대전광역시 서구 괴곡동 749-1,36.28005977,127.3541181,2016,한전주,042-288-3950,대전광역시 서구청,2025-06-26
괴곡동103,1,대전광역시 서구 벌곡로 1088,대전광역시 서구 괴곡동 749-1,36.28005977,127.354189,2016,한전주,042-288-3950,대전광역시 서구청,2025-06-26
괴곡동104,1,대전광역시 서구 고릿골길 109,대전광역시 서구 괴곡동 784,36.28398755,127.3505553,2023,한전주,042-288-3950,대전광역시 서구청,2025-06-26
괴곡동105,1,,대전광역시 서구 괴곡동 439-1,36.28665107,127.3533444,2023,한전주,042-288-3950,대전광역시 서구청,2025-06-26
괴곡동106,1,,대전광역시 서구 괴곡동 480-11,36.286279,127.352987,2023,전용주,042-288-3950,대전광역시 서구청,2025-06-26
괴곡동107,1,,대전광역시 서구 괴곡동 460-8,36.28586071,127.3529057,2023,한전주,042-288-3950,대전광역시 서구청,2025-06-26
괴곡동108,1,,대전광역시 서구 괴곡동 480-11,36.285709,127.352152,2023,한전주,042-288-3950,대전광역시 서구청,2025-06-26
괴곡동109,1,,대전광역시 서구 괴곡동 960-14,36.28932912,127.357994,2023,한전주,042-288-3950,대전광역시 서구청,2025-06-26
괴곡동110,1,,대전광역시 서구 괴곡동 963,36.28629794,127.3543005,2023,한전주,042-288-3950,대전광역시 서구청,2025-06-26
괴곡동111,1,대전광역시 서구 괴곡동 언목재길 39-29,대전광역시 서구 괴곡동 656-1,36.2723528,127.3590925,2023,전용주,042-288-3950,대전광역시 서구청,2025-06-26
괴곡동111갑천,1,,대전광역시 서구 괴곡동 357-7,36.29130739,127.357228,2023,한전주,042-288-3950,대전광역시 서구청,2025-06-26
괴곡동112,1,,대전광역시 서구 괴곡동 656,36.27226596,127.3595785,2023,전용주,042-288-3950,대전광역시 서구청,2025-06-26
괴곡동112갑천,1,,대전광역시 서구 괴곡동 355,36.29071335,127.357171,2023,한전주,042-288-3950,대전광역시 서구청,2025-06-26
괴곡동113,1,,대전광역시 서구 괴곡동 656,36.27226596,127.3595785,2023,한전주,042-288-3950,대전광역시 서구청,2025-06-26
괴곡동113갑천,1,,대전광역시 서구 괴곡동 963,36.28629794,127.3543005,2023,한전주,042-288-3950,대전광역시 서구청,2025-06-26
괴곡동114,1,,대전광역시 서구 괴곡동 658-2,36.27288842,127.3601027,2023,한전주,042-288-3950,대전광역시 서구청,2025-06-26
괴곡동114갑천,1,,대전광역시 서구 괴곡동 315-3,36.290101,127.357136,2023,한전주,042-288-3950,대전광역시 서구청,2025-06-26
괴곡동115,1,,대전광역시 서구 괴곡동 672-1,36.272939,127.360661,2023,한전주,042-288-3950,대전광역시 서구청,2025-06-26
괴곡동115갑천,1,,대전광역시 서구 괴곡동 315-1,36.28982372,127.357068,2023,한전주,042-288-3950,대전광역시 서구청,2025-06-26
괴곡동116,1,,대전광역시 서구 괴곡동 667-1,36.273464,127.361259,2023,한전주,042-288-3950,대전광역시 서구청,2025-06-26
괴곡동116갑천,1,,대전광역시 서구 괴곡동 315-1,36.28982372,127.357051,2023,한전주,042-288-3950,대전광역시 서구청,2025-06-26
괴곡동117,1,,대전광역시 서구 괴곡동 664-1,36.27395731,127.3617644,2023,한전주,042-288-3950,대전광역시 서구청,2025-06-26
괴곡동117갑천,1,,대전광역시 서구 괴곡동 315-5,36.289317,127.356963,2023,전용주,042-288-3950,대전광역시 서구청,2025-06-26
괴곡동118,1,,대전광역시 서구 괴곡동 663-1,36.274018,127.3623031,2023,한전주,042-288-3950,대전광역시 서구청,2025-06-26
괴곡동118갑천,1,,대전광역시 서구 괴곡동 315-2,36.28830803,127.3569903,2023,전용주,042-288-3950,대전광역시 서구청,2025-06-26
괴곡동119,1,,대전광역시 서구 괴곡동 981-3,36.274274,127.362504,2023,한전주,042-288-3950,대전광역시 서구청,2025-06-26
괴곡동119갑천,1,,대전광역시 서구 괴곡동 315-2,36.28830803,127.3569903,2023,한전주,042-288-3950,대전광역시 서구청,2025-06-26
괴곡동120,1,,대전광역시 서구 괴곡동 59-2,36.274563,127.3627078,2023,한전주,042-288-3950,대전광역시 서구청,2025-06-26
괴곡동120갑천,1,,대전광역시 서구 괴곡동 315-2,36.28830803,127.356930,2023,한전주,042-288-3950,대전광역시 서구청,2025-06-26
괴곡동121,1,,대전광역시 서구 괴곡동 63,36.275320,127.3634479,2023,한전주,042-288-3950,대전광역시 서구청,2025-06-26
괴곡동121갑천,1,,대전광역시 서구 괴곡동 315-2,36.28830803,127.3569903,2023,한전주,042-288-3950,대전광역시 서구청,2025-06-26
괴곡동122,1,,대전광역시 서구 괴곡동 64,36.27559592,127.3636406,2016,한전주,042-288-3950,대전광역시 서구청,2025-06-26
괴곡동122갑천,1,,대전광역시 서구 괴곡동 315-2,36.28830803,127.3569903,2023,한전주,042-288-3950,대전광역시 서구청,2025-06-26
괴곡동123,1,,대전광역시 서구 괴곡동 66,36.27565114,127.3639286,2016,한전주,042-288-3950,대전광역시 서구청,2025-06-26
괴곡동123갑천,1,,대전광역시 서구 괴곡동 388,36.287439,127.356829,2023,한전주,042-288-3950,대전광역시 서구청,2025-06-26
괴곡동124,1,대전광역시 서구 언목재길 39-29,대전광역시 서구 괴곡동 71-1,36.2751216,127.3650085,2016,한전주,042-288-3950,대전광역시 서구청,2025-06-26
괴곡동124갑천,1,,대전광역시 서구 괴곡동 513-4,36.28667279,127.356732,2023,한전주,042-288-3950,대전광역시 서구청,2025-06-26
괴곡동125,1,,대전광역시 서구 괴곡동 70-1,36.27567452,127.3647929,2016,한전주,042-288-3950,대전광역시 서구청,2025-06-26
괴곡동125갑천,1,,대전광역시 서구 괴곡동 513-4,36.28667279,127.3567291,2023,한전주,042-288-3950,대전광역시 서구청,2025-06-26
괴곡동126,1,,대전광역시 서구 괴곡동 70-4,36.275964,127.365465,2016,한전주,042-288-3950,대전광역시 서구청,2025-06-26
괴곡동126갑천,1,,대전광역시 서구 괴곡동 517-12,36.28571575,127.356595,2023,한전주,042-288-3950,대전광역시 서구청,2025-06-26
괴곡동127,1,,대전광역시 서구 괴곡동 170,36.276207,127.366187,2016,한전주,042-288-3950,대전광역시 서구청,2025-06-26
괴곡동127갑천,1,,대전광역시 서구 괴곡동 534-4,36.28352638,127.356178,2023,한전주,042-288-3950,대전광역시 서구청,2025-06-26
괴곡동128,1,대전광역시 서구 언목재길 23,대전광역시 서구 괴곡동 166-4,36.27651744,127.3666036,2016,전용주,042-288-3950,대전광역시 서구청,2025-06-26
괴곡동128갑천,1,,대전광역시 서구 괴곡동 534-4,36.28352638,127.356154,2023,한전주,042-288-3950,대전광역시 서구청,2025-06-26
괴곡동129,1,,대전광역시 서구 괴곡동 170,36.27627311,127.366187,2016,한전주,042-288-3950,대전광역시 서구청,2025-06-26
괴곡동129갑천,1,,대전광역시 서구 괴곡동 707-2,36.28272316,127.356086,2023,한전주,042-288-3950,대전광역시 서구청,2025-06-26
괴곡동130,1,,대전광역시 서구 괴곡동 166-2,36.27691982,127.3663208,2016,전용주,042-288-3950,대전광역시 서구청,2025-06-26
괴곡동130갑천,1,,대전광역시 서구 괴곡동 707-2,36.282712,127.356062,2023,한전주,042-288-3950,대전광역시 서구청,2025-06-26
괴곡동131,1,,대전광역시 서구 괴곡동 159,36.2778539,127.3662314,2016,전용주,042-288-3950,대전광역시 서구청,2025-06-26
괴곡동131갑천,1,,대전광역시 서구 괴곡동 707-2,36.28272316,127.356016,2023,한전주,042-288-3950,대전광역시 서구청,2025-06-26
괴곡동132,1,,대전광역시 서구 괴곡동 168-1,36.276793,127.3669141,2016,한전주,042-288-3950,대전광역시 서구청,2025-06-26
괴곡동132갑천,1,,대전광역시 서구 괴곡동 706-4,36.28190771,127.3560134,2023,전용주,042-288-3950,대전광역시 서구청,2025-06-26
괴곡동133,1,대전광역시 서구 괴곡길 518,대전광역시 서구 괴곡동 169-3,36.27629965,127.367295,2016,한전주,042-288-3950,대전광역시 서구청,2025-06-26
괴곡동133갑천,1,,대전광역시 서구 괴곡동 706-4,36.28190771,127.3560134,2023,전용주,042-288-3950,대전광역시 서구청,2025-06-26
괴곡동134,1,대전광역시 서구 괴곡길 518,대전광역시 서구 괴곡동 169-3,36.27629965,127.3672693,2016,전용주,042-288-3950,대전광역시 서구청,2025-06-26
괴곡동134갑천,1,,대전광역시 서구 괴곡동 705-7,36.28114138,127.355878,2023,전용주,042-288-3950,대전광역시 서구청,2025-06-26
괴곡동135,1,,대전광역시 서구 괴곡동 110,36.27567715,127.367745,2016,한전주,042-288-3950,대전광역시 서구청,2025-06-26
괴곡동135갑천,1,,대전광역시 서구 괴곡동 705-7,36.28114138,127.355860,2023,전용주,042-288-3950,대전광역시 서구청,2025-06-26
괴곡동136,1,,대전광역시 서구 괴곡동 941-1,36.275476,127.3685723,2016,한전주,042-288-3950,대전광역시 서구청,2025-06-26
괴곡동136갑천,1,,대전광역시 서구 괴곡동 1022-11,36.28016278,127.3558144,2023,전용주,042-288-3950,대전광역시 서구청,2025-06-26
괴곡동137,1,대전광역시 서구 괴곡길 545,대전광역시 서구 괴곡동 7,36.27503127,127.3687273,2016,한전주,042-288-3950,대전광역시 서구청,2025-06-26
괴곡동137갑천,1,,대전광역시 서구 괴곡동 1022-11,36.280109,127.3558144,2023,전용주,042-288-3950,대전광역시 서구청,2025-06-26
괴곡동138,1,,대전광역시 서구 괴곡동 6,36.27523475,127.3684306,2016,한전주,042-288-3950,대전광역시 서구청,2025-06-26
괴곡동138갑천,1,,대전광역시 서구 괴곡동 700-1,36.27777698,127.354725,2023,전용주,042-288-3950,대전광역시 서구청,2025-06-26
괴곡동139,1,대전광역시 서구 괴곡길 555,대전광역시 서구 괴곡동 13,36.274914,127.3684289,2016,한전주,042-288-3950,대전광역시 서구청,2025-06-26
괴곡동139갑천,1,,대전광역시 서구 괴곡동 722-3,36.27971828,127.355709,2023,전용주,042-288-3950,대전광역시 서구청,2025-06-26
괴곡동140,1,대전광역시 서구 괴곡길 561,대전광역시 서구 괴곡동 14,36.27471137,127.3683631,2016,한전주,042-288-3950,대전광역시 서구청,2025-06-26
괴곡동140갑천,1,,대전광역시 서구 괴곡동 721,36.27931022,127.3555963,2023,전용주,042-288-3950,대전광역시 서구청,2025-06-26
괴곡동141,1,대전광역시 서구 괴곡길 575,대전광역시 서구 괴곡동 17,36.274289,127.3687343,2016,한전주,042-288-3950,대전광역시 서구청,2025-06-26
괴곡동141갑천,1,,대전광역시 서구 괴곡동 1022-13,36.2792052,127.3558012,2023,전용주,042-288-3950,대전광역시 서구청,2025-06-26
괴곡동142,1,대전광역시 서구 괴곡길 575-7,대전광역시 서구 괴곡동 18,36.2738437,127.3690093,2016,한전주,042-288-3950,대전광역시 서구청,2025-06-26
괴곡동142갑천,1,,대전광역시 서구 괴곡동 1022-19,36.278690,127.3555854,2023,전용주,042-288-3950,대전광역시 서구청,2025-06-26
괴곡동143,1,,대전광역시 서구 괴곡동 22,36.27332311,127.3692567,2016,한전주,042-288-3950,대전광역시 서구청,2025-06-26
괴곡동143갑천,1,,대전광역시 서구 괴곡동 700-3,36.27838753,127.3556151,2023,전용주,042-288-3950,대전광역시 서구청,2025-06-26
괴곡동144,1,대전광역시 서구 괴곡동 괴곡길 574,대전광역시 서구 괴곡동 101-3,36.27413607,127.3682687,2016,전용주,042-288-3950,대전광역시 서구청,2025-06-26
괴곡동144갑천,1,,대전광역시 서구 괴곡동 700-6,36.27734566,127.3543077,2023,전용주,042-288-3950,대전광역시 서구청,2025-06-26
괴곡동145,1,대전광역시 서구 괴곡길 600,대전광역시 서구 괴곡동 99,36.27392199,127.3678743,2016,전용주,042-288-3950,대전광역시 서구청,2025-06-26
괴곡동145갑천,1,,대전광역시 서구 괴곡동 700-6,36.27734566,127.3543077,2023,전용주,042-288-3950,대전광역시 서구청,2025-06-26
괴곡동146,1,대전광역시 서구 괴곡길 597,대전광역시 서구 괴곡동 90,36.27387349,127.3674697,2016,한전주,042-288-3950,대전광역시 서구청,2025-06-26
괴곡동146갑천,1,,대전광역시 서구 괴곡동 700-6,36.27734566,127.3543077,2023,전용주,042-288-3950,대전광역시 서구청,2025-06-26
괴곡동147,1,,대전광역시 서구 괴곡동 111-1,36.2756228,127.3672261,2016,전용주,042-288-3950,대전광역시 서구청,2025-06-26
괴곡동147갑천,1,,대전광역시 서구 괴곡동 700-6,36.27734566,127.3543077,2023,전용주,042-288-3950,대전광역시 서구청,2025-06-26
괴곡동148,1,,대전광역시 서구 괴곡동 104,36.274204,127.367460,2016,전용주,042-288-3950,대전광역시 서구청,2025-06-26
괴곡동148갑천,1,,대전광역시 서구 괴곡동 700-6,36.27734566,127.3543077,2023,전용주,042-288-3950,대전광역시 서구청,2025-06-26
괴곡동149,1,대전광역시 서구 괴곡길 618,대전광역시 서구 괴곡동 116,36.27477698,127.3675723,2016,전용주,042-288-3950,대전광역시 서구청,2025-06-26
괴곡동149갑천,1,,대전광역시 서구 괴곡동 700-6,36.277315,127.3543077,2023,전용주,042-288-3950,대전광역시 서구청,2025-06-26
괴곡동150,1,대전광역시 서구 괴곡길 624,대전광역시 서구 괴곡동 113,36.27516608,127.3677573,2016,전용주,042-288-3950,대전광역시 서구청,2025-06-26
괴곡동150가수원,1,,대전광역시 서구 괴곡동 767,36.28167446,127.3535584,2023,한전주,042-288-3950,대전광역시 서구청,2025-06-26
괴곡동151,1,,대전광역시 서구 괴곡동 120,36.27536379,127.3672625,2016,한전주,042-288-3950,대전광역시 서구청,2025-06-26
괴곡동151가수원,1,,대전광역시 서구 괴곡동 863-5,36.277075,127.346323,2023,한전주,042-288-3950,대전광역시 서구청,2025-06-26
괴곡동152,1,대전광역시 서구 괴곡길 641,대전광역시 서구 괴곡동 122,36.27589061,127.367120,2016,한전주,042-288-3950,대전광역시 서구청,2025-06-26
괴곡동152가수원,1,,대전광역시 서구 괴곡동 525-2,36.284275,127.355638,2023,한전주,042-288-3950,대전광역시 서구청,2025-06-26
괴곡동153,1,,대전광역시 서구 괴곡동 129-1,36.27771641,127.3668949,2016,한전주,042-288-3950,대전광역시 서구청,2025-06-26
괴곡동154,1,,대전광역시 서구 괴곡동 129-1,36.27771641,127.3668949,2016,한전주,042-288-3950,대전광역시 서구청,2025-06-26
괴곡동155,1,,대전광역시 서구 괴곡동 141-4,36.27819707,127.3663817,2016,한전주,042-288-3950,대전광역시 서구청,2025-06-26
괴곡동156,1,,대전광역시 서구 괴곡동 148-7,36.278731,127.365902,2016,한전주,042-288-3950,대전광역시 서구청,2025-06-26
괴곡동157,1,대전광역시 서구 괴곡길 455-14,대전광역시 서구 괴곡동 141-1,36.27846973,127.3664101,2016,한전주,042-288-3950,대전광역시 서구청,2025-06-26
괴곡동158,1,대전광역시 서구 괴곡길 455-14,대전광역시 서구 괴곡동 141-1,36.278499,127.3664101,2016,전용주,042-288-3950,대전광역시 서구청,2025-06-26
괴곡동159,1,,대전광역시 서구 괴곡동 136-2,36.27858307,127.367699,2016,한전주,042-288-3950,대전광역시 서구청,2025-06-26
괴곡동160,1,,대전광역시 서구 괴곡동 234,36.2794264,127.3674351,2016,한전주,042-288-3950,대전광역시 서구청,2025-06-26
괴곡동161,1,대전광역시 서구 괴곡길 455-33,대전광역시 서구 괴곡동 143-5,36.27884087,127.366916,2016,전용주,042-288-3950,대전광역시 서구청,2025-06-26
괴곡동162,1,,대전광역시 서구 괴곡동 149-4,36.279187,127.3655931,2016,한전주,042-288-3950,대전광역시 서구청,2025-06-26
괴곡동163,1,,대전광역시 서구 괴곡동 149-3,36.27934274,127.3655223,2016,한전주,042-288-3950,대전광역시 서구청,2025-06-26
괴곡동164,1,,대전광역시 서구 괴곡동 231-2,36.279695,127.365421,2016,한전주,042-288-3950,대전광역시 서구청,2025-06-26
괴곡동165,1,,대전광역시 서구 괴곡동 225-2,36.28027192,127.364781,2016,한전주,042-288-3950,대전광역시 서구청,2025-06-26
괴곡동166,1,,대전광역시 서구 괴곡동 118,36.27479997,127.367417,2016,한전주,042-288-3950,대전광역시 서구청,2025-06-26
괴곡동167,1,,대전광역시 서구 괴곡동 218-2,36.28206718,127.3636627,2016,한전주,042-288-3950,대전광역시 서구청,2025-06-26
괴곡동168,1,,대전광역시 서구 괴곡동 250,36.28249162,127.3647558,2016,한전주,042-288-3950,대전광역시 서구청,2025-06-26
괴곡동169,1,,대전광역시 서구 괴곡동 252-1,36.28230972,127.3643481,2016,한전주,042-288-3950,대전광역시 서구청,2025-06-26
괴곡동170,1,,대전광역시 서구 괴곡동 585-2,36.28303489,127.361869,2016,한전주,042-288-3950,대전광역시 서구청,2025-06-26
괴곡동171,1,,대전광역시 서구 괴곡동 585-1,36.28308955,127.3619309,2016,한전주,042-288-3950,대전광역시 서구청,2025-06-26
괴곡동172,1,,대전광역시 서구 괴곡동 579-2,36.28437367,127.3607113,2016,한전주,042-288-3950,대전광역시 서구청,2025-06-26
괴곡동173,1,,대전광역시 서구 괴곡동 581-1,36.28407019,127.3621724,2016,한전주,042-288-3950,대전광역시 서구청,2025-06-26
괴곡동174,1,대전광역시 서구 괴곡동 괴곡길 299-34,대전광역시 서구 괴곡동 263-3,36.28488188,127.3632392,2016,전용주,042-288-3950,대전광역시 서구청,2025-06-26
괴곡동175,1,,대전광역시 서구 괴곡동 571-2,36.28535404,127.359897,2016,한전주,042-288-3950,대전광역시 서구청,2025-06-26
괴곡동176,1,,대전광역시 서구 괴곡동 572-1,36.28619927,127.3601062,2016,한전주,042-288-3950,대전광역시 서구청,2025-06-26
괴곡동177,1,대전광역시 서구 괴곡길 235,대전광역시 서구 괴곡동 574,36.28613259,127.360427,2016,한전주,042-288-3950,대전광역시 서구청,2025-06-26
괴곡동178,1,,대전광역시 서구 괴곡동 304-1,36.28727203,127.360054,2016,한전주,042-288-3950,대전광역시 서구청,2025-06-26
괴곡동179,1,대전광역시 서구 괴곡길 211,대전광역시 서구 괴곡동 293-1,36.287616,127.3612447,2016,한전주,042-288-3950,대전광역시 서구청,2025-06-26
괴곡동180,1,,대전광역시 서구 괴곡동 305-1,36.287709,127.3601147,2016,한전주,042-288-3950,대전광역시 서구청,2025-06-26
괴곡동181,1,,대전광역시 서구 괴곡동 327,36.28819588,127.359934,2016,한전주,042-288-3950,대전광역시 서구청,2025-06-26
괴곡동182,1,,대전광역시 서구 괴곡동 309-1,36.28786219,127.3595563,2016,한전주,042-288-3950,대전광역시 서구청,2025-06-26
괴곡동183,1,,대전광역시 서구 괴곡동 290-1,36.288162,127.360536,2016,한전주,042-288-3950,대전광역시 서구청,2025-06-26
괴곡동184,1,,대전광역시 서구 괴곡동 281-2,36.289446,127.360897,2016,한전주,042-288-3950,대전광역시 서구청,2025-06-26
괴곡동185,1,대전광역시 서구 정림서로 4-1,대전광역시 서구 괴곡동 341-7,36.2899582,127.3605755,2016,한전주,042-288-3950,대전광역시 서구청,2025-06-26
괴곡동186,1,,대전광역시 서구 괴곡동 335-6,36.289839,127.360210,2016,한전주,042-288-3950,대전광역시 서구청,2025-06-26
괴곡동187,1,,대전광역시 서구 괴곡동 325-1,36.28955391,127.359559,2016,한전주,042-288-3950,대전광역시 서구청,2025-06-26
괴곡동188,1,,대전광역시 서구 괴곡동 313,36.28731953,127.3585522,2016,한전주,042-288-3950,대전광역시 서구청,2025-06-26
괴곡동189,1,,대전광역시 서구 괴곡동 313-5,36.28695199,127.3584193,2016,한전주,042-288-3950,대전광역시 서구청,2025-06-26
괴곡동190,1,,대전광역시 서구 괴곡동 564-1,36.28633903,127.358248,2016,한전주,042-288-3950,대전광역시 서구청,2025-06-26
괴곡동191,1,,대전광역시 서구 괴곡동 542-4,36.284548,127.3580053,2016,한전주,042-288-3950,대전광역시 서구청,2025-06-26
괴곡동192,1,,대전광역시 서구 괴곡동 541-1,36.28427394,127.3580456,2016,한전주,042-288-3950,대전광역시 서구청,2025-06-26
괴곡동193,1,,대전광역시 서구 괴곡동 538,36.28336853,127.357742,2016,한전주,042-288-3950,대전광역시 서구청,2025-06-26
괴곡동194,1,대전광역시 서구 반자리길 126,대전광역시 서구 괴곡동 608-1,36.28227276,127.3577391,2016,전용주,042-288-3950,대전광역시 서구청,2025-06-26
괴곡동195,1,,대전광역시 서구 괴곡동 628-1,36.28183814,127.357443,2016,한전주,042-288-3950,대전광역시 서구청,2025-06-26
괴곡동196,1,,대전광역시 서구 괴곡동 628-1,36.28183814,127.3574785,2016,한전주,042-288-3950,대전광역시 서구청,2025-06-26
괴곡동197,1,,대전광역시 서구 괴곡동 625-1,36.28138793,127.3582928,2016,한전주,042-288-3950,대전광역시 서구청,2025-06-26
괴곡동198,1,,대전광역시 서구 괴곡동 625-2,36.28120655,127.3586531,2016,한전주,042-288-3950,대전광역시 서구청,2025-06-26
괴곡동199,1,,대전광역시 서구 괴곡동 622,36.28091607,127.3591192,2016,한전주,042-288-3950,대전광역시 서구청,2025-06-26
괴곡동200,1,,대전광역시 서구 괴곡동 618,36.28078287,127.3598951,2016,한전주,042-288-3950,대전광역시 서구청,2025-06-26
괴곡동201,1,대전광역시 서구 괴곡동 반자리길 55-90,대전광역시 서구 괴곡동 620-3,36.279803,127.358865,2016,한전주,042-288-3950,대전광역시 서구청,2025-06-26
괴곡동202,1,,대전광역시 서구 괴곡동 615,36.27961846,127.3596066,2016,한전주,042-288-3950,대전광역시 서구청,2025-06-26
괴곡동203,1,,대전광역시 서구 괴곡동 609,36.28074731,127.3606051,2016,전용주,042-288-3950,대전광역시 서구청,2025-06-26
괴곡동204,1,,대전광역시 서구 괴곡동 산43,36.28091699,127.3612785,2016,전용주,042-288-3950,대전광역시 서구청,2025-06-26
괴곡동205,1,,대전광역시 서구 괴곡동 산43,36.28091699,127.3612785,2016,전용주,042-288-3950,대전광역시 서구청,2025-06-26
괴곡동206,1,,대전광역시 서구 괴곡동 600,36.28152893,127.3614191,2016,전용주,042-288-3950,대전광역시 서구청,2025-06-26
괴곡동207,1,,대전광역시 서구 괴곡동 290-1,36.288467,127.360620,2016,전용주,042-288-3950,대전광역시 서구청,2025-06-26
괴곡동207-2,1,,대전광역시 서구 괴곡동 290-1,36.288667,127.360692,2016,전용주,042-288-3950,대전광역시 서구청,2025-06-26
괴곡동207-3,1,,대전광역시 서구 괴곡동 290-1,36.288901,127.360754,2016,전용주,042-288-3950,대전광역시 서구청,2025-06-26
괴곡동207-4,1,,대전광역시 서구 괴곡동 290-1,36.288671,127.360820,2016,전용주,042-288-3950,대전광역시 서구청,2025-06-26
괴곡동208,1,,대전광역시 서구 괴곡동 754-2,36.281126,127.354238,2016,한전주,042-288-3950,대전광역시 서구청,2025-06-26
괴곡동209,1,,대전광역시 서구 괴곡동 1015-3,36.275963,127.347624,2016,전용주,042-288-3950,대전광역시 서구청,2025-06-26
괴곡동209-2,1,,대전광역시 서구 괴곡동 1015-3,36.275983,127.347729,2016,전용주,042-288-3950,대전광역시 서구청,2025-06-26
괴곡동209-3,1,,대전광역시 서구 괴곡동 1015-3,36.276003,127.347821,2016,전용주,042-288-3950,대전광역시 서구청,2025-06-26
괴곡동210,1,대전광역시 서구 정림서로 10,대전광역시 서구 괴곡동 342-1,36.29013805,127.3602278,2023,한전주,042-288-3950,대전광역시 서구청,2025-06-26
괴곡동211,1,,대전광역시 서구 괴곡동 86,36.272815,127.3665167,2023,한전주,042-288-3950,대전광역시 서구청,2025-06-26
괴곡동212,1,,대전광역시 서구 괴곡동 537-1,36.28406683,127.3581101,2023,한전주,042-288-3950,대전광역시 서구청,2025-06-26
괴곡동213,1,,대전광역시 서구 괴곡동 605-1,36.28287462,127.3581578,2023,전용주,042-288-3950,대전광역시 서구청,2025-06-26
괴곡동214,1,,대전광역시 서구 괴곡동 292-1,36.28769094,127.360627,2023,한전주,042-288-3950,대전광역시 서구청,2025-06-26
괴곡동215,1,,대전광역시 서구 괴곡동 625-2,36.28120655,127.358642,2023,한전주,042-288-3950,대전광역시 서구청,2025-06-26
괴곡동216,1,,대전광역시 서구 괴곡동 625-2,36.281253,127.3586531,2023,한전주,042-288-3950,대전광역시 서구청,2025-06-26
괴곡동217,1,,대전광역시 서구 괴곡동 592,36.28252922,127.3622996,2023,전용주,042-288-3950,대전광역시 서구청,2025-06-26
괴곡동218,1,,대전광역시 서구 괴곡동 252-7,36.28209678,127.3641533,2023,한전주,042-288-3950,대전광역시 서구청,2025-06-26
괴곡동219,1,,대전광역시 서구 괴곡동 산 13,36.28177292,127.3651248,2023,한전주,042-288-3950,대전광역시 서구청,2025-06-26
괴곡동220,1,대전광역시 서구 괴곡길 455-49,대전광역시 서구 괴곡동 144,36.27909267,127.3670149,2023,전용주,042-288-3950,대전광역시 서구청,2025-06-26
괴곡동221,1,,대전광역시 서구 괴곡동 167-1,36.27717632,127.3667439,2023,한전주,042-288-3950,대전광역시 서구청,2025-06-26
괴곡동222,1,대전광역시 서구 괴곡길 511,대전광역시 서구 괴곡동 125-1,36.27659658,127.3676537,2023,한전주,042-288-3950,대전광역시 서구청,2025-06-26
괴곡동223,1,,대전광역시 서구 괴곡동 969-1,36.288074,127.358558,2023,한전주,042-288-3950,대전광역시 서구청,2025-06-26
괴곡동224,1,,대전광역시 서구 괴곡동 317,36.28841589,127.3590066,2023,한전주,042-288-3950,대전광역시 서구청,2025-06-26
괴곡동225,1,,대전광역시 서구 괴곡동 288,36.28801571,127.361579,2023,한전주,042-288-3950,대전광역시 서구청,2025-06-26
괴곡동226,1,대전광역시 서구 괴곡길 211,대전광역시 서구 괴곡동 293-1,36.28764762,127.361256,2023,한전주,042-288-3950,대전광역시 서구청,2025-06-26
괴곡동227,1,대전광역시 서구 괴곡길 558,대전광역시 서구 괴곡동 107,36.274791,127.3678555,2023,한전주,042-288-3950,대전광역시 서구청,2025-06-26
괴곡동228,1,,대전광역시 서구 괴곡동 360-4,36.29290066,127.3596471,2023,전용주,042-288-3950,대전광역시 서구청,2025-06-26
괴곡동229,1,,대전광역시 서구 괴곡동 360-4,36.292959,127.359615,2023,전용주,042-288-3950,대전광역시 서구청,2025-06-26
괴곡동230,1,,대전광역시 서구 괴곡동 360-4,36.29290066,127.3596471,2023,전용주,042-288-3950,대전광역시 서구청,2025-06-26
괴곡동231,1,,대전광역시 서구 괴곡동 312,36.28667979,127.3585402,2023,한전주,042-288-3950,대전광역시 서구청,2025-06-26
괴곡동233,1,,대전광역시 서구 괴곡동 564-1,36.28633903,127.358226,2023,한전주,042-288-3950,대전광역시 서구청,2025-06-26
괴곡동234,1,,대전광역시 서구 괴곡동 360-4,36.29290066,127.3596471,2023,한전주,042-288-3950,대전광역시 서구청,2025-06-26
괴곡동235,1,,대전광역시 서구 괴곡동 542-4,36.28453401,127.3580053,2023,전용주,042-288-3950,대전광역시 서구청,2025-06-26
괴곡동236,1,,대전광역시 서구 괴곡동 536,36.28376491,127.3579672,2023,한전주,042-288-3950,대전광역시 서구청,2025-06-26
괴곡동237,1,,대전광역시 서구 괴곡동 산 69-12,36.279056,127.3529518,2023,전용주,042-288-3950,대전광역시 서구청,2025-06-26
괴곡동238,1,,대전광역시 서구 괴곡동 산 69-3,36.28010827,127.3524307,2024,한전주,042-288-3950,대전광역시 서구청,2025-06-26
괴정동001,1,대전광역시 서구 대덕대로 69-17,대전광역시 서구 괴정동 413-27,36.340542,127.372671,2016,한전주,042-288-3950,대전광역시 서구청,2025-06-26
괴정동002,1,대전광역시 서구 대덕대로 69-11,대전광역시 서구 괴정동 413-26,36.34028112,127.3729142,2016,한전주,042-288-3950,대전광역시 서구청,2025-06-26
괴정동003,1,대전광역시 서구 갈마로 176-1,대전광역시 서구 괴정동 135-25,36.338336,127.3755109,2016,한전주,042-288-3950,대전광역시 서구청,2025-06-26
괴정동004,1,대전광역시 서구 도솔로279번길 138,대전광역시 서구 괴정동 135-13,36.33860664,127.3751914,2016,한전주,042-288-3950,대전광역시 서구청,2025-06-26
괴정동005,1,대전광역시 서구 도솔로279번길 124,대전광역시 서구 괴정동 135-6,36.3383129,127.3752033,2016,한전주,042-288-3950,대전광역시 서구청,2025-06-26
괴정동006,1,대전광역시 서구 도솔로279번길 124,대전광역시 서구 괴정동 135-6,36.3383129,127.3752033,2016,전용주,042-288-3950,대전광역시 서구청,2025-06-26
괴정동007,1,대전광역시 서구 도솔로279번길 118,대전광역시 서구 괴정동 135-21,36.33804394,127.375435,2016,한전주,042-288-3950,대전광역시 서구청,2025-06-26
괴정동008,1,대전광역시 서구 도솔로279번길 112,대전광역시 서구 괴정동 135-28,36.337829,127.3757114,2016,한전주,042-288-3950,대전광역시 서구청,2025-06-26
괴정동009,1,대전광역시 서구 갈마로 184-10,대전광역시 서구 괴정동 135-10,36.33780882,127.375947,2016,한전주,042-288-3950,대전광역시 서구청,2025-06-26
괴정동010,1,대전광역시 서구 갈마로 184-8,대전광역시 서구 괴정동 135-15,36.337856,127.3760054,2016,전용주,042-288-3950,대전광역시 서구청,2025-06-26
괴정동011,1,대전광역시 서구 괴정동 갈마로 160,대전광역시 서구 괴정동 137-1,36.33653691,127.3752465,2016,한전주,042-288-3950,대전광역시 서구청,2025-06-26
괴정동012,1,대전광역시 서구 갈마로 186,대전광역시 서구 괴정동 136-1,36.33762775,127.3763754,2016,전용주,042-288-3950,대전광역시 서구청,2025-06-26
괴정동013,1,대전광역시 서구 갈마로 186,대전광역시 서구 괴정동 136-1,36.33762775,127.3763754,2016,전용주,042-288-3950,대전광역시 서구청,2025-06-26
괴정동014,1,대전광역시 서구 갈마로 186,대전광역시 서구 괴정동 136-1,36.33762775,127.3763754,2016,전용주,042-288-3950,대전광역시 서구청,2025-06-26
괴정동015,1,대전광역시 서구 도솔로279번길 86,대전광역시 서구 괴정동 136-18,36.337001,127.376606,2016,한전주,042-288-3950,대전광역시 서구청,2025-06-26
괴정동016,1,대전광역시 서구 도솔로279번길 82,대전광역시 서구 괴정동 136-13,36.33686435,127.376836,2016,한전주,042-288-3950,대전광역시 서구청,2025-06-26
괴정동017,1,대전광역시 서구 동서대로997번길 105,대전광역시 서구 괴정동 136-9,36.337029,127.3770416,2016,한전주,042-288-3950,대전광역시 서구청,2025-06-26
괴정동018,1,대전광역시 서구 갈마로 151-9,대전광역시 서구 괴정동 127-37,36.340532,127.3743249,2016,한전주,042-288-3950,대전광역시 서구청,2025-06-26
괴정동019,1,대전광역시 서구 갈마로 151-14,대전광역시 서구 괴정동 127-43,36.34058468,127.374702,2016,전용주,042-288-3950,대전광역시 서구청,2025-06-26
괴정동020,1,대전광역시 서구 갈마로147번길 16,대전광역시 서구 괴정동 127-1,36.340903,127.3745528,2016,한전주,042-288-3950,대전광역시 서구청,2025-06-26
괴정동021,1,대전광역시 서구 괴정로11번길 15,대전광역시 서구 괴정동 127-42,36.340679,127.3748434,2016,한전주,042-288-3950,대전광역시 서구청,2025-06-26
괴정동022,1,대전광역시 서구 괴정로11번길 11,대전광역시 서구 괴정동 127-4,36.340526,127.3749827,2016,한전주,042-288-3950,대전광역시 서구청,2025-06-26
괴정동023,1,대전광역시 서구 갈마로 153-13,대전광역시 서구 괴정동 127-3,36.340316,127.3748788,2016,한전주,042-288-3950,대전광역시 서구청,2025-06-26
괴정동024,1,대전광역시 서구 갈마로 153-13,대전광역시 서구 괴정동 127-3,36.340342,127.3748788,2016,한전주,042-288-3950,대전광역시 서구청,2025-06-26
괴정동025,1,대전광역시 서구 갈마로147번길 46,대전광역시 서구 괴정동 126-7,36.3409735,127.3761317,2016,전용주,042-288-3950,대전광역시 서구청,2025-06-26
괴정동026,1,대전광역시 서구 갈마로147번길 30,대전광역시 서구 괴정동 126-9,36.3409347,127.3752586,2016,한전주,042-288-3950,대전광역시 서구청,2025-06-26
괴정동027,1,대전광역시 서구 괴정로11번길 4-5,대전광역시 서구 괴정동 126-17,36.34060382,127.375278,2016,한전주,042-288-3950,대전광역시 서구청,2025-06-26
괴정동028,1,대전광역시 서구 갈마로 153-19,대전광역시 서구 괴정동 127-18,36.34022791,127.3752021,2016,한전주,042-288-3950,대전광역시 서구청,2025-06-26
괴정동029,1,대전광역시 서구 괴정로 15,대전광역시 서구 괴정동 126-5,36.34077822,127.3759018,2016,전용주,042-288-3950,대전광역시 서구청,2025-06-26
괴정동030,1,대전광역시 서구 갈마로147번길 46,대전광역시 서구 괴정동 126-7,36.3409735,127.3761317,2016,전용주,042-288-3950,대전광역시 서구청,2025-06-26
괴정동031,1,대전광역시 서구 괴정로 21,대전광역시 서구 괴정동 126-39,36.34066352,127.376440,2016,한전주,042-288-3950,대전광역시 서구청,2025-06-26
괴정동032,1,대전광역시 서구 갈마로169번길 6,대전광역시 서구 괴정동 129-6,36.33907122,127.375848,2016,한전주,042-288-3950,대전광역시 서구청,2025-06-26
괴정동033,1,대전광역시 서구 괴정로8번길 15,대전광역시 서구 괴정동 125-18,36.33964424,127.375953,2016,한전주,042-288-3950,대전광역시 서구청,2025-06-26
괴정동034,1,대전광역시 서구 괴정로8번길 7,대전광역시 서구 괴정동 125-13,36.339817,127.3757286,2016,한전주,042-288-3950,대전광역시 서구청,2025-06-26
괴정동035,1,대전광역시 서구 괴정로8번길 1,대전광역시 서구 괴정동 125-25,36.340020,127.3755264,2016,한전주,042-288-3950,대전광역시 서구청,2025-06-26
괴정동036,1,대전광역시 서구 괴정로 16-3,대전광역시 서구 괴정동 125-38,36.340027,127.3761306,2016,전용주,042-288-3950,대전광역시 서구청,2025-06-26
괴정동037,1,대전광역시 서구 갈마로169번길 23,대전광역시 서구 괴정동 125-29,36.3397842,127.376366,2016,전용주,042-288-3950,대전광역시 서구청,2025-06-26
괴정동038,1,대전광역시 서구 괴정로16번길 5,대전광역시 서구 괴정동 123-6,36.33971769,127.3768828,2016,한전주,042-288-3950,대전광역시 서구청,2025-06-26
괴정동039,1,대전광역시 서구 괴정로 24,대전광역시 서구 괴정동 122-6,36.34048079,127.3770025,2016,한전주,042-288-3950,대전광역시 서구청,2025-06-26
괴정동040,1,대전광역시 서구 괴정로22번길 11,대전광역시 서구 괴정동 122-5,36.340224,127.3772993,2016,한전주,042-288-3950,대전광역시 서구청,2025-06-26
괴정동041,1,대전광역시 서구 괴정로22번길 17,대전광역시 서구 괴정동 122-4,36.340041,127.3775276,2016,한전주,042-288-3950,대전광역시 서구청,2025-06-26
괴정동042,1,대전광역시 서구 괴정로22번길 21,대전광역시 서구 괴정동 122-15,36.33990687,127.377617,2016,한전주,042-288-3950,대전광역시 서구청,2025-06-26
괴정동043,1,대전광역시 서구 갈마로183번길 41,대전광역시 서구 괴정동 122-2,36.33960027,127.3780222,2016,한전주,042-288-3950,대전광역시 서구청,2025-06-26
괴정동044,1,대전광역시 서구 갈마로183번길 41,대전광역시 서구 괴정동 122-2,36.33960027,127.378071,2016,한전주,042-288-3950,대전광역시 서구청,2025-06-26
괴정동045,1,대전광역시 서구 가장로 16,대전광역시 서구 괴정동 119-9,36.339544,127.3785258,2016,한전주,042-288-3950,대전광역시 서구청,2025-06-26
괴정동046,1,,대전광역시 서구 괴정동 119-13,36.33909684,127.3780902,2016,한전주,042-288-3950,대전광역시 서구청,2025-06-26
괴정동047,1,대전광역시 서구 괴정동 갈마로183번길 30,대전광역시 서구 괴정동 115-61,36.338970,127.377940,2016,한전주,042-288-3950,대전광역시 서구청,2025-06-26
괴정동048,1,대전광역시 서구 괴정로16번길 15,대전광역시 서구 괴정동 123-3,36.339327,127.377238,2016,한전주,042-288-3950,대전광역시 서구청,2025-06-26
괴정동049,1,대전광역시 서구 괴정로16번길 11,대전광역시 서구 괴정동 123-4,36.339519,127.3772255,2016,한전주,042-288-3950,대전광역시 서구청,2025-06-26
괴정동050,1,대전광역시 서구 괴정동 괴정로16번길 36,대전광역시 서구 괴정동 115-41,36.338551,127.377577,2016,전용주,042-288-3950,대전광역시 서구청,2025-06-26
괴정동051,1,대전광역시 서구 괴정로16번길 24,대전광역시 서구 괴정동 124-1,36.33897031,127.3774367,2016,한전주,042-288-3950,대전광역시 서구청,2025-06-26
괴정동052,1,대전광역시 서구 괴정로8번길 37,대전광역시 서구 괴정동 124-3,36.33892719,127.3769371,2016,한전주,042-288-3950,대전광역시 서구청,2025-06-26
괴정동053,1,대전광역시 서구 괴정로8번길 35,대전광역시 서구 괴정동 124-21,36.33895702,127.376754,2016,한전주,042-288-3950,대전광역시 서구청,2025-06-26
괴정동054,1,대전광역시 서구 괴정로8번길 27,대전광역시 서구 괴정동 124-15,36.33923479,127.376435,2016,한전주,042-288-3950,대전광역시 서구청,2025-06-26
괴정동055,1,대전광역시 서구 괴정로8번길 21,대전광역시 서구 괴정동 124-11,36.339389,127.3762855,2016,한전주,042-288-3950,대전광역시 서구청,2025-06-26
괴정동056,1,대전광역시 서구 괴정로8번길 48,대전광역시 서구 괴정동 114-10,36.338458,127.377034,2016,한전주,042-288-3950,대전광역시 서구청,2025-06-26
괴정동057,1,대전광역시 서구 갈마로183번길 7,대전광역시 서구 괴정동 129-13,36.33840667,127.376724,2016,한전주,042-288-3950,대전광역시 서구청,2025-06-26
괴정동058,1,대전광역시 서구 갈마로197번길 5,대전광역시 서구 괴정동 114-37,36.337500,127.3776578,2016,한전주,042-288-3950,대전광역시 서구청,2025-06-26
괴정동059,1,대전광역시 서구 갈마로197번길 7,대전광역시 서구 괴정동 114-27,36.33760837,127.3778331,2016,한전주,042-288-3950,대전광역시 서구청,2025-06-26
괴정동060,1,대전광역시 서구 괴정로8번길 66,대전광역시 서구 괴정동 114-25,36.33778662,127.377888,2016,한전주,042-288-3950,대전광역시 서구청,2025-06-26
괴정동061,1,대전광역시 서구 괴정로8번길 60,대전광역시 서구 괴정동 114-8,36.337994,127.377557,2016,한전주,042-288-3950,대전광역시 서구청,2025-06-26
괴정동062,1,대전광역시 서구 괴정로8번길 59-5,대전광역시 서구 괴정동 115-45,36.33831944,127.377818,2016,전용주,042-288-3950,대전광역시 서구청,2025-06-26
괴정동063,1,대전광역시 서구 갈마로 187-1,대전광역시 서구 괴정동 114-3,36.33803044,127.3771915,2016,한전주,042-288-3950,대전광역시 서구청,2025-06-26
괴정동064,1,대전광역시 서구 괴정동 갈마로197번길 18,대전광역시 서구 괴정동 112-8,36.337725,127.3782951,2016,전용주,042-288-3950,대전광역시 서구청,2025-06-26
괴정동065,1,대전광역시 서구 갈마로197번길 22,대전광역시 서구 괴정동 112-22,36.337963,127.3784629,2016,한전주,042-288-3950,대전광역시 서구청,2025-06-26
괴정동066,1,대전광역시 서구 괴정동 갈마로197번길 25,대전광역시 서구 괴정동 115-39,36.338190,127.378450,2016,전용주,042-288-3950,대전광역시 서구청,2025-06-26
괴정동067,1,대전광역시 서구 괴정로16번길 46,대전광역시 서구 괴정동 115-36,36.33825776,127.378275,2016,한전주,042-288-3950,대전광역시 서구청,2025-06-26
괴정동068,1,대전광역시 서구 괴정로16번길 41,대전광역시 서구 괴정동 115-18,36.338534,127.378153,2016,한전주,042-288-3950,대전광역시 서구청,2025-06-26
괴정동069,1,대전광역시 서구 괴정로16번길 35,대전광역시 서구 괴정동 115-59,36.33875457,127.377967,2016,한전주,042-288-3950,대전광역시 서구청,2025-06-26
괴정동070,1,대전광역시 서구 괴정동 갈마로183번길 30,대전광역시 서구 괴정동 115-61,36.338923,127.377940,2016,한전주,042-288-3950,대전광역시 서구청,2025-06-26
괴정동071,1,대전광역시 서구 도솔로305번길 82,대전광역시 서구 괴정동 119-20,36.338505,127.378730,2016,한전주,042-288-3950,대전광역시 서구청,2025-06-26
괴정동072,1,대전광역시 서구 도솔로305번길 90,대전광역시 서구 괴정동 119-23,36.33885838,127.378402,2016,한전주,042-288-3950,대전광역시 서구청,2025-06-26
괴정동073,1,대전광역시 서구 도솔로305번길 94,대전광역시 서구 괴정동 119-16,36.338980,127.3782384,2016,한전주,042-288-3950,대전광역시 서구청,2025-06-26
괴정동074,1,대전광역시 서구 괴정로22번길 62,대전광역시 서구 괴정동 116-28,36.33849597,127.3790459,2016,한전주,042-288-3950,대전광역시 서구청,2025-06-26
괴정동075,1,대전광역시 서구 괴정로22번길 52,대전광역시 서구 괴정동 119-17,36.3388294,127.378601,2016,한전주,042-288-3950,대전광역시 서구청,2025-06-26
괴정동076,1,대전광역시 서구 괴정로22번길 45,대전광역시 서구 괴정동 119-29,36.33905981,127.3786159,2016,한전주,042-288-3950,대전광역시 서구청,2025-06-26
괴정동077,1,대전광역시 서구 괴정로22번길 41,대전광역시 서구 괴정동 119-26,36.339302,127.3784415,2016,한전주,042-288-3950,대전광역시 서구청,2025-06-26
괴정동078,1,대전광역시 서구 갈마로197번길 45,대전광역시 서구 괴정동 119-35,36.33886495,127.379018,2016,한전주,042-288-3950,대전광역시 서구청,2025-06-26
괴정동079,1,대전광역시 서구 갈마로203번길 40,대전광역시 서구 괴정동 72-7,36.33797069,127.379794,2016,한전주,042-288-3950,대전광역시 서구청,2025-06-26
괴정동080,1,대전광역시 서구 갈마로203번길 41,대전광역시 서구 괴정동 116-36,36.33820211,127.379622,2016,한전주,042-288-3950,대전광역시 서구청,2025-06-26
괴정동081,1,대전광역시 서구 괴정로22번길 67,대전광역시 서구 괴정동 116-8,36.338338,127.379405,2016,한전주,042-288-3950,대전광역시 서구청,2025-06-26
괴정동082,1,대전광역시 서구 괴정동 괴정로22번길 61,대전광역시 서구 괴정동 116-18,36.338528,127.379170,2016,한전주,042-288-3950,대전광역시 서구청,2025-06-26
괴정동083,1,대전광역시 서구 도솔로305번길 58,대전광역시 서구 괴정동 72-35,36.337867,127.3796222,2016,한전주,042-288-3950,대전광역시 서구청,2025-06-26
괴정동084,1,대전광역시 서구 도솔로305번길 68,대전광역시 서구 괴정동 116-26,36.33813631,127.379262,2016,한전주,042-288-3950,대전광역시 서구청,2025-06-26
괴정동085,1,대전광역시 서구 도솔로305번길 72,대전광역시 서구 괴정동 116-22,36.33825315,127.3792327,2016,한전주,042-288-3950,대전광역시 서구청,2025-06-26
괴정동086,1,대전광역시 서구 괴정로22번길 45,대전광역시 서구 괴정동 119-29,36.33905981,127.3786159,2016,한전주,042-288-3950,대전광역시 서구청,2025-06-26
괴정동087,1,대전광역시 서구 갈마로203번길 23,대전광역시 서구 괴정동 112-14,36.33758856,127.3788817,2016,한전주,042-288-3950,대전광역시 서구청,2025-06-26
괴정동088,1,대전광역시 서구 괴정로16번길 56,대전광역시 서구 괴정동 112-23,36.337964,127.3786193,2016,한전주,042-288-3950,대전광역시 서구청,2025-06-26
괴정동089,1,대전광역시 서구 갈마로203번길 26,대전광역시 서구 괴정동 111-10,36.337553,127.3792273,2016,한전주,042-288-3950,대전광역시 서구청,2025-06-26
괴정동090,1,대전광역시 서구 갈마로203번길 12,대전광역시 서구 괴정동 110-16,36.33702175,127.3787018,2016,한전주,042-288-3950,대전광역시 서구청,2025-06-26
괴정동091,1,대전광역시 서구 갈마로203번길 10,대전광역시 서구 괴정동 110-14,36.336976,127.3785907,2016,한전주,042-288-3950,대전광역시 서구청,2025-06-26
괴정동092,1,대전광역시 서구 괴정로8번길 78,대전광역시 서구 괴정동 113-1,36.337497,127.378276,2016,한전주,042-288-3950,대전광역시 서구청,2025-06-26
괴정동093,1,대전광역시 서구 괴정동 갈마로 160,대전광역시 서구 괴정동 137-8,36.33653691,127.3752465,2016,한전주,042-288-3950,대전광역시 서구청,2025-06-26
괴정동094,1,대전광역시 서구 괴정동 갈마로 160,대전광역시 서구 괴정동 138-1,36.33653691,127.3752465,2016,한전주,042-288-3950,대전광역시 서구청,2025-06-26
괴정동095,1,,대전광역시 서구 괴정동 138-5,36.336006,127.3757313,2016,한전주,042-288-3950,대전광역시 서구청,2025-06-26
괴정동096,1,,대전광역시 서구 괴정동 138-5,36.33605963,127.375745,2016,한전주,042-288-3950,대전광역시 서구청,2025-06-26
괴정동097,1,대전광역시 서구 동서대로997번길 57,대전광역시 서구 괴정동 266-4,36.3364274,127.374561,2016,한전주,042-288-3950,대전광역시 서구청,2025-06-26
괴정동098,1,대전광역시 서구 동서대로997번길 57,대전광역시 서구 괴정동 266-4,36.3364274,127.374561,2016,한전주,042-288-3950,대전광역시 서구청,2025-06-26
괴정동099,1,대전광역시 서구 동서대로997번길 57,대전광역시 서구 괴정동 266-4,36.3364274,127.374561,2016,한전주,042-288-3950,대전광역시 서구청,2025-06-26
괴정동100,1,,대전광역시 서구 괴정동 266-1,36.334751,127.3745508,2016,한전주,042-288-3950,대전광역시 서구청,2025-06-26
괴정동101,1,대전광역시 서구 괴정동 대덕대로22번길 21,대전광역시 서구 괴정동 268-11,36.33502776,127.3738504,2016,한전주,042-288-3950,대전광역시 서구청,2025-06-26
괴정동102,1,,대전광역시 서구 괴정동 268-10,36.334522,127.3740424,2016,한전주,042-288-3950,대전광역시 서구청,2025-06-26
괴정동103,1,대전광역시 서구 동서대로997번길 31-16,대전광역시 서구 괴정동 268-12,36.334785,127.3739748,2016,한전주,042-288-3950,대전광역시 서구청,2025-06-26
괴정동104,1,대전광역시 서구 도솔로251번길 94,대전광역시 서구 괴정동 268-20,36.335150,127.3740494,2016,한전주,042-288-3950,대전광역시 서구청,2025-06-26
괴정동105,1,대전광역시 서구 도솔로251번길 92,대전광역시 서구 괴정동 268-21,36.33510838,127.3741792,2016,한전주,042-288-3950,대전광역시 서구청,2025-06-26
괴정동106,1,대전광역시 서구 도솔로251번길 86-13,대전광역시 서구 괴정동 268-26,36.3351682,127.374299,2016,한전주,042-288-3950,대전광역시 서구청,2025-06-26
괴정동107,1,대전광역시 서구 도솔로251번길 86-12,대전광역시 서구 괴정동 268-27,36.33522653,127.374506,2016,전용주,042-288-3950,대전광역시 서구청,2025-06-26
괴정동108,1,대전광역시 서구 도솔로251번길 88,대전광역시 서구 괴정동 268-22,36.33501314,127.374324,2016,한전주,042-288-3950,대전광역시 서구청,2025-06-26
괴정동109,1,대전광역시 서구 가장로 15,대전광역시 서구 괴정동 120,36.34040306,127.3788431,2016,한전주,042-288-3950,대전광역시 서구청,2025-06-26
괴정동110,1,대전광역시 서구 괴정로 58,대전광역시 서구 괴정동 67-7,36.34057276,127.3804831,2016,한전주,042-288-3950,대전광역시 서구청,2025-06-26
괴정동111,1,대전광역시 서구 괴정로 64,대전광역시 서구 괴정동 67-8,36.34046811,127.381090,2016,한전주,042-288-3950,대전광역시 서구청,2025-06-26
괴정동112,1,대전광역시 서구 괴정로 72,대전광역시 서구 괴정동 67-1,36.33995702,127.3817441,2016,한전주,042-288-3950,대전광역시 서구청,2025-06-26
괴정동113,1,대전광역시 서구 괴정로 72,대전광역시 서구 괴정동 67-1,36.33995702,127.3817441,2016,한전주,042-288-3950,대전광역시 서구청,2025-06-26
괴정동114,1,대전광역시 서구 괴정로 76,대전광역시 서구 괴정동 66-1,36.33990384,127.3823115,2016,한전주,042-288-3950,대전광역시 서구청,2025-06-26
괴정동115,1,대전광역시 서구 괴정로76번길 13,대전광역시 서구 괴정동 66-12,36.33956445,127.381832,2016,한전주,042-288-3950,대전광역시 서구청,2025-06-26
괴정동116,1,대전광역시 서구 괴정로76번길 21,대전광역시 서구 괴정동 66-9,36.339381,127.3816108,2016,한전주,042-288-3950,대전광역시 서구청,2025-06-26
괴정동117,1,대전광역시 서구 괴정로76번길 33,대전광역시 서구 괴정동 70-26,36.33897127,127.381053,2016,한전주,042-288-3950,대전광역시 서구청,2025-06-26
괴정동118,1,대전광역시 서구 도솔로319번길 46,대전광역시 서구 괴정동 70-25,36.33881344,127.3807815,2016,한전주,042-288-3950,대전광역시 서구청,2025-06-26
괴정동119,1,대전광역시 서구 괴정로76번길 43,대전광역시 서구 괴정동 71-1,36.338646,127.3805859,2016,한전주,042-288-3950,대전광역시 서구청,2025-06-26
괴정동120,1,대전광역시 서구 갈마로197번길 62,대전광역시 서구 괴정동 69-36,36.33920633,127.3797405,2016,한전주,042-288-3950,대전광역시 서구청,2025-06-26
괴정동121,1,대전광역시 서구 갈마로197번길 68,대전광역시 서구 괴정동 69-52,36.33943421,127.380066,2016,한전주,042-288-3950,대전광역시 서구청,2025-06-26
괴정동122,1,,대전광역시 서구 괴정동 60-13,36.339759,127.380262,2016,한전주,042-288-3950,대전광역시 서구청,2025-06-26
괴정동123,1,대전광역시 서구 갈마로197번길 79-1,대전광역시 서구 괴정동 68-12,36.339900,127.3803648,2016,한전주,042-288-3950,대전광역시 서구청,2025-06-26
괴정동124,1,대전광역시 서구 갈마로197번길 79-8,대전광역시 서구 괴정동 68-6,36.34025149,127.380281,2016,한전주,042-288-3950,대전광역시 서구청,2025-06-26
괴정동125,1,,대전광역시 서구 괴정동 68-7,36.34039522,127.3803669,2016,한전주,042-288-3950,대전광역시 서구청,2025-06-26
괴정동126,1,대전광역시 서구 괴정로54번길 9,대전광역시 서구 괴정동 67-14,36.34035277,127.380716,2016,한전주,042-288-3950,대전광역시 서구청,2025-06-26
괴정동127,1,대전광역시 서구 괴정로54번길 13,대전광역시 서구 괴정동 67-6,36.34026116,127.380876,2016,한전주,042-288-3950,대전광역시 서구청,2025-06-26
괴정동128,1,대전광역시 서구 괴정로54번길 22,대전광역시 서구 괴정동 69-5,36.33982386,127.3808588,2016,한전주,042-288-3950,대전광역시 서구청,2025-06-26
괴정동129,1,대전광역시 서구 가장로29번길 33,대전광역시 서구 괴정동 69-50,36.3397558,127.3810365,2016,전용주,042-288-3950,대전광역시 서구청,2025-06-26
괴정동130,1,대전광역시 서구 괴정로54번길 28,대전광역시 서구 괴정동 69-12,36.339697,127.3811919,2016,한전주,042-288-3950,대전광역시 서구청,2025-06-26
괴정동131,1,대전광역시 서구 괴정로54번길 32,대전광역시 서구 괴정동 69-67,36.339555,127.3813482,2016,한전주,042-288-3950,대전광역시 서구청,2025-06-26
괴정동132,1,,대전광역시 서구 괴정동 69-71,36.339539,127.380805,2016,한전주,042-288-3950,대전광역시 서구청,2025-06-26
괴정동133,1,대전광역시 서구 가장로29번길 23,대전광역시 서구 괴정동 69-7,36.33955191,127.380618,2016,한전주,042-288-3950,대전광역시 서구청,2025-06-26
괴정동134,1,대전광역시 서구 가장로29번길 16,대전광역시 서구 괴정동 69-20,36.339246,127.380411,2016,한전주,042-288-3950,대전광역시 서구청,2025-06-26
괴정동135,1,대전광역시 서구 가장로29번길 6,대전광역시 서구 괴정동 69-62,36.33893505,127.380024,2016,전용주,042-288-3950,대전광역시 서구청,2025-06-26
괴정동136,1,대전광역시 서구 가장로 31,대전광역시 서구 괴정동 69-28,36.33885376,127.379899,2016,한전주,042-288-3950,대전광역시 서구청,2025-06-26
괴정동155,1,대전광역시 서구 계룡로536번길 9,대전광역시 서구 괴정동 418,36.34076163,127.382297,2016,한전주,042-288-3950,대전광역시 서구청,2025-06-26
괴정동156,1,대전광역시 서구 계룡로536번길 9,대전광역시 서구 괴정동 418,36.340704,127.382297,2016,한전주,042-288-3950,대전광역시 서구청,2025-06-26
괴정동157,1,대전광역시 서구 괴정로 69,대전광역시 서구 괴정동 11-13,36.340419,127.381980,2016,한전주,042-288-3950,대전광역시 서구청,2025-06-26
괴정동158,1,대전광역시 서구 계룡로562번길 67,대전광역시 서구 괴정동 63-1,36.340287,127.3829025,2016,한전주,042-288-3950,대전광역시 서구청,2025-06-26
괴정동159,1,대전광역시 서구 계룡로562번길 68,대전광역시 서구 괴정동 11-17,36.340486,127.382794,2016,한전주,042-288-3950,대전광역시 서구청,2025-06-26
괴정동160,1,대전광역시 서구 계룡로562번길 60,대전광역시 서구 괴정동 11-3,36.340737,127.3830958,2016,한전주,042-288-3950,대전광역시 서구청,2025-06-26
괴정동161,1,대전광역시 서구 계룡로562번길 52,대전광역시 서구 괴정동 11-2,36.340952,127.3834544,2016,한전주,042-288-3950,대전광역시 서구청,2025-06-26
괴정동162,1,대전광역시 서구 계룡로546번길 40-3,대전광역시 서구 괴정동 11-1,36.341049,127.3833112,2016,한전주,042-288-3950,대전광역시 서구청,2025-06-26
괴정동163,1,대전광역시 서구 계룡로536번길 9,대전광역시 서구 괴정동 418,36.34076163,127.382297,2016,한전주,042-288-3950,대전광역시 서구청,2025-06-26
괴정동164,1,대전광역시 서구 계룡로562번길 44,대전광역시 서구 괴정동 9-7,36.341267,127.3837907,2016,한전주,042-288-3950,대전광역시 서구청,2025-06-26
괴정동165,1,대전광역시 서구 계룡로546번길 25,대전광역시 서구 괴정동 9-10,36.341563,127.384005,2016,한전주,042-288-3950,대전광역시 서구청,2025-06-26
괴정동166,1,대전광역시 서구 계룡로546번길 23,대전광역시 서구 괴정동 9-11,36.341793,127.384017,2016,한전주,042-288-3950,대전광역시 서구청,2025-06-26
괴정동167,1,대전광역시 서구 계룡로546번길 17-1,대전광역시 서구 괴정동 8-11,36.34206175,127.3841811,2016,한전주,042-288-3950,대전광역시 서구청,2025-06-26
괴정동168,1,대전광역시 서구 계룡로546번길 17-1,대전광역시 서구 괴정동 8-11,36.34206175,127.384133,2016,전용주,042-288-3950,대전광역시 서구청,2025-06-26
괴정동169,1,대전광역시 서구 계룡로 540-8,대전광역시 서구 괴정동 10-25,36.342452,127.3835726,2016,한전주,042-288-3950,대전광역시 서구청,2025-06-26
괴정동170,1,대전광역시 서구 계룡로546번길 8,대전광역시 서구 괴정동 10-7,36.34244687,127.3840817,2016,한전주,042-288-3950,대전광역시 서구청,2025-06-26
괴정동171,1,대전광역시 서구 계룡로 558-1,대전광역시 서구 괴정동 7-18,36.34232691,127.385512,2016,한전주,042-288-3950,대전광역시 서구청,2025-06-26
괴정동172,1,대전광역시 서구 계룡로546번길 7-31,대전광역시 서구 괴정동 7-23,36.34202336,127.385160,2016,한전주,042-288-3950,대전광역시 서구청,2025-06-26
괴정동173,1,대전광역시 서구 계룡로546번길 7-10,대전광역시 서구 괴정동 8-4,36.342142,127.3845562,2016,한전주,042-288-3950,대전광역시 서구청,2025-06-26
괴정동174,1,대전광역시 서구 계룡로562번길 30,대전광역시 서구 괴정동 9-3,36.34160021,127.3844503,2016,한전주,042-288-3950,대전광역시 서구청,2025-06-26
괴정동175,1,대전광역시 서구 계룡로546번길 17-3,대전광역시 서구 괴정동 8-8,36.34196544,127.384277,2016,한전주,042-288-3950,대전광역시 서구청,2025-06-26
괴정동176,1,대전광역시 서구 계룡로562번길 34,대전광역시 서구 괴정동 9-4,36.34144682,127.384224,2016,한전주,042-288-3950,대전광역시 서구청,2025-06-26
괴정동177,1,대전광역시 서구 계룡로562번길 40,대전광역시 서구 괴정동 9-6,36.34131539,127.383931,2016,한전주,042-288-3950,대전광역시 서구청,2025-06-26
괴정동178,1,대전광역시 서구 갈마로211번길 8,대전광역시 서구 괴정동 110-26,36.336554,127.3792116,2016,한전주,042-288-3950,대전광역시 서구청,2025-06-26
괴정동179,1,대전광역시 서구 괴정동 괴정로8번길 100,대전광역시 서구 괴정동 110-22,36.336674,127.3791511,2016,한전주,042-288-3950,대전광역시 서구청,2025-06-26
괴정동180,1,대전광역시 서구 괴정로8번길 92,대전광역시 서구 괴정동 110-28,36.336970,127.3787702,2016,한전주,042-288-3950,대전광역시 서구청,2025-06-26
괴정동181,1,대전광역시 서구 괴정로8번길 95-2,대전광역시 서구 괴정동 111-5,36.336990,127.3791263,2016,한전주,042-288-3950,대전광역시 서구청,2025-06-26
괴정동182,1,대전광역시 서구 괴정로8번길 95-10,대전광역시 서구 괴정동 111-3,36.33714512,127.379425,2016,한전주,042-288-3950,대전광역시 서구청,2025-06-26
괴정동183,1,대전광역시 서구 갈마로211번길 21,대전광역시 서구 괴정동 111-12,36.336919,127.379471,2016,한전주,042-288-3950,대전광역시 서구청,2025-06-26
괴정동184,1,대전광역시 서구 갈마로211번길 27,대전광역시 서구 괴정동 111-40,36.33721756,127.379720,2016,한전주,042-288-3950,대전광역시 서구청,2025-06-26
괴정동185,1,대전광역시 서구 갈마로211번길 29,대전광역시 서구 괴정동 111-39,36.337296,127.3798229,2016,한전주,042-288-3950,대전광역시 서구청,2025-06-26
괴정동186,1,대전광역시 서구 도솔로305번길 50,대전광역시 서구 괴정동 72-28,36.33761783,127.3800231,2016,한전주,042-288-3950,대전광역시 서구청,2025-06-26
괴정동187,1,대전광역시 서구 도솔로305번길 51,대전광역시 서구 괴정동 111-37,36.33745967,127.379786,2016,전용주,042-288-3950,대전광역시 서구청,2025-06-26
괴정동188,1,대전광역시 서구 도솔로305번길 56,대전광역시 서구 괴정동 72-15,36.337704,127.379723,2016,한전주,042-288-3950,대전광역시 서구청,2025-06-26
괴정동189,1,대전광역시 서구 갈마로211번길 38,대전광역시 서구 괴정동 73-11,36.33736176,127.3802623,2016,한전주,042-288-3950,대전광역시 서구청,2025-06-26
괴정동190,1,대전광역시 서구 갈마로211번길 48,대전광역시 서구 괴정동 73-13,36.33768921,127.3807008,2016,한전주,042-288-3950,대전광역시 서구청,2025-06-26
괴정동191,1,대전광역시 서구 갈마로219번길 46,대전광역시 서구 괴정동 96-1,36.33712948,127.3812689,2016,한전주,042-288-3950,대전광역시 서구청,2025-06-26
괴정동193,1,대전광역시 서구 갈마로219번길 44,대전광역시 서구 괴정동 96-2,36.337058,127.381145,2016,한전주,042-288-3950,대전광역시 서구청,2025-06-26
괴정동194,1,대전광역시 서구 도솔로305번길 35,대전광역시 서구 괴정동 98-3,36.33694553,127.380409,2016,한전주,042-288-3950,대전광역시 서구청,2025-06-26
괴정동195,1,대전광역시 서구 괴정동 괴정로8번길 109-16,대전광역시 서구 괴정동 98-30,36.336858,127.380195,2016,전용주,042-288-3950,대전광역시 서구청,2025-06-26
괴정동196,1,대전광역시 서구 괴정로8번길 109-8,대전광역시 서구 괴정동 98-5,36.336579,127.3799484,2016,한전주,042-288-3950,대전광역시 서구청,2025-06-26
괴정동197,1,대전광역시 서구 갈마로211번길 32,대전광역시 서구 괴정동 98-8,36.337214,127.380085,2016,한전주,042-288-3950,대전광역시 서구청,2025-06-26
괴정동198,1,대전광역시 서구 도솔로305번길 23,대전광역시 서구 괴정동 97-1,36.33638584,127.3805591,2016,한전주,042-288-3950,대전광역시 서구청,2025-06-26
괴정동199,1,대전광역시 서구 도솔로305번길 23,대전광역시 서구 괴정동 97-1,36.33638584,127.3805591,2016,한전주,042-288-3950,대전광역시 서구청,2025-06-26
괴정동200,1,대전광역시 서구 도솔로305번길 23,대전광역시 서구 괴정동 97-1,36.336342,127.3805591,2016,한전주,042-288-3950,대전광역시 서구청,2025-06-26
괴정동201,1,대전광역시 서구 괴정로8번길 110,대전광역시 서구 괴정동 110-41,36.336380,127.3794473,2016,한전주,042-288-3950,대전광역시 서구청,2025-06-26
괴정동202,1,대전광역시 서구 갈마로219번길 8,대전광역시 서구 괴정동 93-32,36.33583748,127.3797919,2016,한전주,042-288-3950,대전광역시 서구청,2025-06-26
괴정동203,1,대전광역시 서구 갈마로219번길 8,대전광역시 서구 괴정동 93-32,36.335880,127.3797919,2016,한전주,042-288-3950,대전광역시 서구청,2025-06-26
괴정동204,1,대전광역시 서구 갈마로 217,대전광역시 서구 괴정동 110-37,36.335949,127.3793227,2016,전용주,042-288-3950,대전광역시 서구청,2025-06-26
괴정동205,1,대전광역시 서구 갈마로 229-7,대전광역시 서구 괴정동 93-24,36.33540773,127.380365,2016,한전주,042-288-3950,대전광역시 서구청,2025-06-26
괴정동206,1,대전광역시 서구 갈마로 229-15,대전광역시 서구 괴정동 93-28,36.335554,127.3801572,2016,전용주,042-288-3950,대전광역시 서구청,2025-06-26
괴정동207,1,대전광역시 서구 갈마로219번길 12-19,대전광역시 서구 괴정동 93-11,36.33554485,127.380535,2016,전용주,042-288-3950,대전광역시 서구청,2025-06-26
괴정동208,1,대전광역시 서구 갈마로219번길 12-22,대전광역시 서구 괴정동 93-22,36.335347,127.3805684,2016,한전주,042-288-3950,대전광역시 서구청,2025-06-26
괴정동209,1,대전광역시 서구 갈마로219번길 12-26,대전광역시 서구 괴정동 93-21,36.335261,127.3806677,2016,전용주,042-288-3950,대전광역시 서구청,2025-06-26
괴정동210,1,대전광역시 서구 괴정동 갈마로 229-17,대전광역시 서구 괴정동 93-10,36.335548,127.380689,2016,전용주,042-288-3950,대전광역시 서구청,2025-06-26
괴정동211,1,대전광역시 서구 도솔로 297-19,대전광역시 서구 괴정동 93-5,36.33583242,127.3802496,2016,한전주,042-288-3950,대전광역시 서구청,2025-06-26
괴정동212,1,대전광역시 서구 갈마로219번길 12-10,대전광역시 서구 괴정동 93-30,36.33573866,127.380067,2016,한전주,042-288-3950,대전광역시 서구청,2025-06-26
괴정동213,1,대전광역시 서구 도솔로 297-25,대전광역시 서구 괴정동 93-2,36.33611832,127.380180,2016,전용주,042-288-3950,대전광역시 서구청,2025-06-26
괴정동214,1,대전광역시 서구 도솔로 297-23,대전광역시 서구 괴정동 93-55,36.336049,127.380290,2016,한전주,042-288-3950,대전광역시 서구청,2025-06-26
괴정동215,1,대전광역시 서구 괴정로98번길 80,대전광역시 서구 괴정동 97-5,36.33616603,127.380886,2016,한전주,042-288-3950,대전광역시 서구청,2025-06-26
괴정동216,1,대전광역시 서구 괴정로98번길 74,대전광역시 서구 괴정동 97-9,36.33635253,127.381115,2016,한전주,042-288-3950,대전광역시 서구청,2025-06-26
괴정동217,1,대전광역시 서구 도솔로305번길 19,대전광역시 서구 괴정동 97-2,36.33641917,127.381008,2016,전용주,042-288-3950,대전광역시 서구청,2025-06-26
괴정동218,1,대전광역시 서구 가장로 56-11,대전광역시 서구 괴정동 96-14,36.336719,127.3813113,2016,한전주,042-288-3950,대전광역시 서구청,2025-06-26
괴정동219,1,대전광역시 서구 괴정로98번길 62,대전광역시 서구 괴정동 96-13,36.3367444,127.3814975,2016,한전주,042-288-3950,대전광역시 서구청,2025-06-26
괴정동220,1,대전광역시 서구 가장로 58,대전광역시 서구 괴정동 96-11,36.337089,127.381670,2016,한전주,042-288-3950,대전광역시 서구청,2025-06-26
괴정동221,1,대전광역시 서구 괴정로98번길 66,대전광역시 서구 괴정동 96-17,36.33660201,127.3814402,2016,한전주,042-288-3950,대전광역시 서구청,2025-06-26
괴정동222,1,대전광역시 서구 괴정동 괴정로98번길 59,대전광역시 서구 괴정동 95-18,36.336713,127.381797,2016,전용주,042-288-3950,대전광역시 서구청,2025-06-26
괴정동223,1,대전광역시 서구 도솔로 309-5,대전광역시 서구 괴정동 95-21,36.336318,127.3817952,2016,한전주,042-288-3950,대전광역시 서구청,2025-06-26
괴정동224,1,대전광역시 서구 도솔로305번길 5,대전광역시 서구 괴정동 94-10,36.336027,127.3815152,2016,한전주,042-288-3950,대전광역시 서구청,2025-06-26
괴정동225,1,대전광역시 서구 도솔로 297-5,대전광역시 서구 괴정동 93-12,36.335432,127.3808757,2016,전용주,042-288-3950,대전광역시 서구청,2025-06-26
괴정동226,1,대전광역시 서구 괴정로98번길 87,대전광역시 서구 괴정동 94-31,36.3357378,127.380878,2016,한전주,042-288-3950,대전광역시 서구청,2025-06-26
괴정동227,1,대전광역시 서구 괴정로98번길 87,대전광역시 서구 괴정동 94-31,36.3357378,127.380871,2016,한전주,042-288-3950,대전광역시 서구청,2025-06-26
괴정동228,1,대전광역시 서구 도솔로 291,대전광역시 서구 괴정동 93-19,36.33510444,127.3806773,2016,전용주,042-288-3950,대전광역시 서구청,2025-06-26
괴정동229,1,,대전광역시 서구 괴정동 74-18,36.337831,127.381557,2016,한전주,042-288-3950,대전광역시 서구청,2025-06-26
괴정동230,1,대전광역시 서구 괴정동 도솔로319번길 25,대전광역시 서구 괴정동 71-29,36.338068,127.381472,2016,한전주,042-288-3950,대전광역시 서구청,2025-06-26
괴정동231,1,대전광역시 서구 도솔로319번길 34,대전광역시 서구 괴정동 70-19,36.33845939,127.381395,2016,한전주,042-288-3950,대전광역시 서구청,2025-06-26
괴정동232,1,대전광역시 서구 괴정동 도솔로319번길 38,대전광역시 서구 괴정동 70-34,36.338457,127.381120,2016,한전주,042-288-3950,대전광역시 서구청,2025-06-26
괴정동233,1,대전광역시 서구 괴정동 도솔로319번길 40,대전광역시 서구 괴정동 70-36,36.338635,127.380904,2016,한전주,042-288-3950,대전광역시 서구청,2025-06-26
괴정동234,1,대전광역시 서구 도솔로319번길 46,대전광역시 서구 괴정동 70-25,36.338807,127.380701,2016,전용주,042-288-3950,대전광역시 서구청,2025-06-26
괴정동235,1,대전광역시 서구 괴정동 괴정로90번길 38,대전광역시 서구 괴정동 70-40,36.338015,127.381842,2016,한전주,042-288-3950,대전광역시 서구청,2025-06-26
괴정동236,1,대전광역시 서구 괴정로90번길 34,대전광역시 서구 괴정동 70-15,36.338143,127.382015,2016,한전주,042-288-3950,대전광역시 서구청,2025-06-26
괴정동237,1,대전광역시 서구 도솔로327번길 35,대전광역시 서구 괴정동 70-11,36.338318,127.3821252,2016,한전주,042-288-3950,대전광역시 서구청,2025-06-26
괴정동238,1,대전광역시 서구 도솔로327번길 41,대전광역시 서구 괴정동 70-46,36.33854918,127.381917,2016,한전주,042-288-3950,대전광역시 서구청,2025-06-26
괴정동239,1,대전광역시 서구 괴정로 82-21,대전광역시 서구 괴정동 65-17,36.338842,127.3821205,2016,한전주,042-288-3950,대전광역시 서구청,2025-06-26
괴정동240,1,대전광역시 서구 괴정로 82-21,대전광역시 서구 괴정동 65-17,36.33886396,127.382120,2016,한전주,042-288-3950,대전광역시 서구청,2025-06-26
괴정동241,1,대전광역시 서구 괴정로 82-20,대전광역시 서구 괴정동 66-5,36.339129,127.3819805,2016,한전주,042-288-3950,대전광역시 서구청,2025-06-26
괴정동242,1,대전광역시 서구 괴정로 82-10,대전광역시 서구 괴정동 66-16,36.33946819,127.382462,2016,한전주,042-288-3950,대전광역시 서구청,2025-06-26
괴정동243,1,대전광역시 서구 괴정로 80,대전광역시 서구 괴정동 66-2,36.339634,127.3825918,2016,한전주,042-288-3950,대전광역시 서구청,2025-06-26
괴정동244,1,대전광역시 서구 도솔로327번길 53,대전광역시 서구 괴정동 70-4,36.33886748,127.381492,2016,한전주,042-288-3950,대전광역시 서구청,2025-06-26
괴정동245,1,대전광역시 서구 괴정로76번길 23,대전광역시 서구 괴정동 66-8,36.339274,127.3814235,2016,한전주,042-288-3950,대전광역시 서구청,2025-06-26
괴정동246,1,대전광역시 서구 도솔로319번길 36-7,대전광역시 서구 괴정동 70-22,36.338636,127.3813203,2016,한전주,042-288-3950,대전광역시 서구청,2025-06-26
괴정동247,1,대전광역시 서구 괴정로 88,대전광역시 서구 괴정동 65-2,36.33924321,127.383148,2016,한전주,042-288-3950,대전광역시 서구청,2025-06-26
괴정동248,1,대전광역시 서구 괴정로90번길 1,대전광역시 서구 괴정동 77-3,36.339062,127.3834425,2016,전용주,042-288-3950,대전광역시 서구청,2025-06-26
괴정동249,1,대전광역시 서구 괴정로90번길 16,대전광역시 서구 괴정동 65-28,36.3387615,127.3826815,2016,한전주,042-288-3950,대전광역시 서구청,2025-06-26
괴정동250,1,대전광역시 서구 괴정로90번길 20,대전광역시 서구 괴정동 65-31,36.33863823,127.382563,2016,한전주,042-288-3950,대전광역시 서구청,2025-06-26
괴정동251,1,대전광역시 서구 도솔로319번길 18,대전광역시 서구 괴정동 75-16,36.337805,127.381908,2016,한전주,042-288-3950,대전광역시 서구청,2025-06-26
괴정동252,1,대전광역시 서구 도솔로319번길 16,대전광역시 서구 괴정동 75-15,36.33780357,127.382024,2016,한전주,042-288-3950,대전광역시 서구청,2025-06-26
괴정동253,1,대전광역시 서구 도솔로319번길 7,대전광역시 서구 괴정동 74-3,36.337439,127.3821229,2016,전용주,042-288-3950,대전광역시 서구청,2025-06-26
괴정동254,1,대전광역시 서구 가장로 57,대전광역시 서구 괴정동 74-5,36.337110,127.382066,2016,한전주,042-288-3950,대전광역시 서구청,2025-06-26
괴정동255,1,대전광역시 서구 괴정로98번길 42,대전광역시 서구 괴정동 74-4,36.33731439,127.3823145,2016,한전주,042-288-3950,대전광역시 서구청,2025-06-26
괴정동256,1,대전광역시 서구 괴정로98번길 37-1,대전광역시 서구 괴정동 86-19,36.337282,127.3828535,2016,전용주,042-288-3950,대전광역시 서구청,2025-06-26
괴정동257,1,대전광역시 서구 괴정로98번길 34,대전광역시 서구 괴정동 75-10,36.33764404,127.3826268,2016,한전주,042-288-3950,대전광역시 서구청,2025-06-26
괴정동258,1,대전광역시 서구 도솔로327번길 19,대전광역시 서구 괴정동 75-8,36.337854,127.3826824,2016,한전주,042-288-3950,대전광역시 서구청,2025-06-26
괴정동259,1,대전광역시 서구 도솔로327번길 25,대전광역시 서구 괴정동 75-2,36.33802017,127.382477,2016,한전주,042-288-3950,대전광역시 서구청,2025-06-26
괴정동260,1,대전광역시 서구 괴정로98번길 21,대전광역시 서구 괴정동 79-19,36.337877,127.3834393,2016,한전주,042-288-3950,대전광역시 서구청,2025-06-26
괴정동261,1,대전광역시 서구 괴정로98번길 16,대전광역시 서구 괴정동 76-19,36.33815212,127.3834129,2016,한전주,042-288-3950,대전광역시 서구청,2025-06-26
괴정동262,1,대전광역시 서구 괴정로98번길 16,대전광역시 서구 괴정동 76-19,36.338179,127.3834129,2016,한전주,042-288-3950,대전광역시 서구청,2025-06-26
괴정동263,1,대전광역시 서구 도솔로335번길 26,대전광역시 서구 괴정동 77-16,36.33855462,127.383445,2016,한전주,042-288-3950,대전광역시 서구청,2025-06-26
괴정동264,1,대전광역시 서구 괴정로 94-8,대전광역시 서구 괴정동 77-14,36.3386737,127.3834776,2016,한전주,042-288-3950,대전광역시 서구청,2025-06-26
괴정동265,1,대전광역시 서구 괴정로 94,대전광역시 서구 괴정동 77-9,36.338899,127.383726,2016,한전주,042-288-3950,대전광역시 서구청,2025-06-26
괴정동267,1,대전광역시 서구 도솔로335번길 29-4,대전광역시 서구 괴정동 76-5,36.338489,127.383092,2016,한전주,042-288-3950,대전광역시 서구청,2025-06-26
괴정동268,1,대전광역시 서구 도솔로335번길 29-8,대전광역시 서구 괴정동 76-8,36.338354,127.382980,2016,전용주,042-288-3950,대전광역시 서구청,2025-06-26
괴정동269,1,대전광역시 서구 괴정로90번길 7,대전광역시 서구 괴정동 77-1,36.338806,127.3831924,2016,한전주,042-288-3950,대전광역시 서구청,2025-06-26
괴정동270,1,대전광역시 서구 괴정로98번길 10,대전광역시 서구 괴정동 77-12,36.3384092,127.383662,2016,한전주,042-288-3950,대전광역시 서구청,2025-06-26
괴정동271,1,대전광역시 서구 괴정로98번길 6,대전광역시 서구 괴정동 77-22,36.33853872,127.3838494,2016,한전주,042-288-3950,대전광역시 서구청,2025-06-26
괴정동272,1,대전광역시 서구 괴정로 102-1,대전광역시 서구 괴정동 78-15,36.33828121,127.3842997,2016,한전주,042-288-3950,대전광역시 서구청,2025-06-26
괴정동273,1,대전광역시 서구 도솔로335번길 8,대전광역시 서구 괴정동 78-12,36.3380131,127.384105,2016,한전주,042-288-3950,대전광역시 서구청,2025-06-26
괴정동274,1,대전광역시 서구 도솔로335번길 7-6,대전광역시 서구 괴정동 79-6,36.33778373,127.383636,2016,전용주,042-288-3950,대전광역시 서구청,2025-06-26
괴정동275,1,대전광역시 서구 괴정동 도솔로335번길 12,대전광역시 서구 괴정동 78-4,36.338119,127.383870,2016,한전주,042-288-3950,대전광역시 서구청,2025-06-26
괴정동276,1,대전광역시 서구 도솔로327번길 5,대전광역시 서구 괴정동 86-2,36.33726848,127.383089,2016,한전주,042-288-3950,대전광역시 서구청,2025-06-26
괴정동277,1,대전광역시 서구 도솔로327번길 7,대전광역시 서구 괴정동 86-12,36.3373889,127.3832228,2016,한전주,042-288-3950,대전광역시 서구청,2025-06-26
괴정동278,1,대전광역시 서구 도솔로327번길 11,대전광역시 서구 괴정동 86-9,36.3375446,127.383032,2016,한전주,042-288-3950,대전광역시 서구청,2025-06-26
괴정동279,1,대전광역시 서구 도솔로 319-6,대전광역시 서구 괴정동 86-29,36.33693961,127.3826763,2016,한전주,042-288-3950,대전광역시 서구청,2025-06-26
괴정동280,1,대전광역시 서구 계룡로562번길 55,대전광역시 서구 괴정동 62-24,36.340166,127.383641,2016,한전주,042-288-3950,대전광역시 서구청,2025-06-26
괴정동281,1,대전광역시 서구 괴정로 85-6,대전광역시 서구 괴정동 64-9,36.339596,127.3836114,2016,한전주,042-288-3950,대전광역시 서구청,2025-06-26
괴정동282,1,대전광역시 서구 도솔로349번길 40,대전광역시 서구 괴정동 61-8,36.339849,127.3838495,2016,한전주,042-288-3950,대전광역시 서구청,2025-06-26
괴정동283,1,대전광역시 서구 도솔로349번길 36,대전광역시 서구 괴정동 61-16,36.33974735,127.384036,2016,한전주,042-288-3950,대전광역시 서구청,2025-06-26
괴정동284,1,대전광역시 서구 괴정로 93-10,대전광역시 서구 괴정동 59-1,36.33928964,127.384232,2016,한전주,042-288-3950,대전광역시 서구청,2025-06-26
괴정동285,1,,대전광역시 서구 괴정동 59-12,36.339166,127.3841285,2016,한전주,042-288-3950,대전광역시 서구청,2025-06-26
괴정동286,1,대전광역시 서구 도솔로349번길 28,대전광역시 서구 괴정동 60-15,36.339417,127.384369,2016,한전주,042-288-3950,대전광역시 서구청,2025-06-26
괴정동287,1,대전광역시 서구 도솔로349번길 21,대전광역시 서구 괴정동 59-2,36.33917836,127.3843735,2016,한전주,042-288-3950,대전광역시 서구청,2025-06-26
괴정동288,1,대전광역시 서구 도솔로349번길 11,대전광역시 서구 괴정동 59-5,36.33889424,127.384826,2016,한전주,042-288-3950,대전광역시 서구청,2025-06-26
괴정동289,1,대전광역시 서구 도솔로349번길 6,대전광역시 서구 괴정동 47-16,36.338842,127.3852511,2016,한전주,042-288-3950,대전광역시 서구청,2025-06-26
괴정동290,1,대전광역시 서구 도솔로357번길 9,대전광역시 서구 괴정동 47-18,36.33929093,127.385601,2016,한전주,042-288-3950,대전광역시 서구청,2025-06-26
괴정동291,1,대전광역시 서구 도솔로357번길 11,대전광역시 서구 괴정동 47-1,36.3393701,127.385539,2016,한전주,042-288-3950,대전광역시 서구청,2025-06-26
괴정동292,1,대전광역시 서구 계룡로584번길 77,대전광역시 서구 괴정동 47-10,36.339290,127.385312,2016,한전주,042-288-3950,대전광역시 서구청,2025-06-26
괴정동293,1,대전광역시 서구 계룡로584번길 79-1,대전광역시 서구 괴정동 47-9,36.339162,127.3854751,2016,한전주,042-288-3950,대전광역시 서구청,2025-06-26
괴정동294,1,대전광역시 서구 계룡로584번길 81,대전광역시 서구 괴정동 47-7,36.339153,127.3852398,2016,한전주,042-288-3950,대전광역시 서구청,2025-06-26
괴정동295,1,대전광역시 서구 도솔로357번길 19,대전광역시 서구 괴정동 60-7,36.33963134,127.385217,2016,한전주,042-288-3950,대전광역시 서구청,2025-06-26
괴정동296,1,대전광역시 서구 도솔로349번길 22-14,대전광역시 서구 괴정동 60-20,36.339597,127.385085,2016,한전주,042-288-3950,대전광역시 서구청,2025-06-26
괴정동297,1,대전광역시 서구 도솔로349번길 22-6,대전광역시 서구 괴정동 60-23,36.33929507,127.384806,2016,한전주,042-288-3950,대전광역시 서구청,2025-06-26
괴정동298,1,대전광역시 서구 도솔로357번길 25,대전광역시 서구 괴정동 60-4,36.33976491,127.3849708,2016,한전주,042-288-3950,대전광역시 서구청,2025-06-26
괴정동299,1,대전광역시 서구 괴정로 93-24,대전광역시 서구 괴정동 60-31,36.339842,127.3847282,2016,한전주,042-288-3950,대전광역시 서구청,2025-06-26
괴정동300,1,대전광역시 서구 괴정로 93-18,대전광역시 서구 괴정동 60-33,36.33956727,127.384479,2016,한전주,042-288-3950,대전광역시 서구청,2025-06-26
괴정동301,1,대전광역시 서구 도솔로357번길 35,대전광역시 서구 괴정동 61-14,36.340031,127.384662,2016,한전주,042-288-3950,대전광역시 서구청,2025-06-26
괴정동302,1,대전광역시 서구 도솔로357번길 41,대전광역시 서구 괴정동 61-1,36.340255,127.3842486,2016,한전주,042-288-3950,대전광역시 서구청,2025-06-26
괴정동303,1,대전광역시 서구 계룡로576번길 56,대전광역시 서구 괴정동 43-8,36.34084559,127.3844706,2016,한전주,042-288-3950,대전광역시 서구청,2025-06-26
괴정동304,1,대전광역시 서구 괴정로 85-22,대전광역시 서구 괴정동 61-11,36.340168,127.3841295,2016,한전주,042-288-3950,대전광역시 서구청,2025-06-26
괴정동306,1,대전광역시 서구 도솔로357번길 53,대전광역시 서구 괴정동 62-2,36.34057855,127.3837458,2016,한전주,042-288-3950,대전광역시 서구청,2025-06-26
괴정동307,1,대전광역시 서구 도솔로357번길 56,대전광역시 서구 괴정동 43-27,36.340791,127.3839099,2016,한전주,042-288-3950,대전광역시 서구청,2025-06-26
괴정동308,1,대전광역시 서구 용문로 6-6,대전광역시 서구 괴정동 43-5,36.34120554,127.3848837,2016,한전주,042-288-3950,대전광역시 서구청,2025-06-26
괴정동309,1,대전광역시 서구 계룡로576번길 45,대전광역시 서구 괴정동 45-25,36.34045969,127.3859013,2016,한전주,042-288-3950,대전광역시 서구청,2025-06-26
괴정동310,1,대전광역시 서구 계룡로576번길 51,대전광역시 서구 괴정동 45-23,36.34023186,127.3857932,2016,한전주,042-288-3950,대전광역시 서구청,2025-06-26
괴정동311,1,대전광역시 서구 계룡로576번길 59,대전광역시 서구 괴정동 45-18,36.33994579,127.3855515,2016,한전주,042-288-3950,대전광역시 서구청,2025-06-26
괴정동312,1,대전광역시 서구 계룡로576번길 61,대전광역시 서구 괴정동 45-15,36.33985382,127.3854568,2016,전용주,042-288-3950,대전광역시 서구청,2025-06-26
괴정동313,1,대전광역시 서구 계룡로576번길 61,대전광역시 서구 괴정동 45-15,36.33985382,127.3854568,2016,한전주,042-288-3950,대전광역시 서구청,2025-06-26
괴정동314,1,대전광역시 서구 계룡로584번길 51,대전광역시 서구 괴정동 46-11,36.34005291,127.3863722,2016,전용주,042-288-3950,대전광역시 서구청,2025-06-26
괴정동315,1,대전광역시 서구 계룡로584번길 51,대전광역시 서구 괴정동 46-11,36.340064,127.3863722,2016,한전주,042-288-3950,대전광역시 서구청,2025-06-26
괴정동316,1,대전광역시 서구 계룡로584번길 59,대전광역시 서구 괴정동 46-8,36.33980779,127.386134,2016,한전주,042-288-3950,대전광역시 서구청,2025-06-26
괴정동317,1,대전광역시 서구 계룡로584번길 69,대전광역시 서구 괴정동 46-6,36.33956638,127.385793,2016,한전주,042-288-3950,대전광역시 서구청,2025-06-26
괴정동318,1,대전광역시 서구 도솔로349번길 7,대전광역시 서구 괴정동 59-16,36.338687,127.3850377,2016,한전주,042-288-3950,대전광역시 서구청,2025-06-26
괴정동319,1,대전광역시 서구 계룡로568번길 22,대전광역시 서구 괴정동 1-14,36.34160933,127.385522,2016,한전주,042-288-3950,대전광역시 서구청,2025-06-26
괴정동320,1,,대전광역시 서구 괴정동 1-10,36.341713,127.385857,2016,한전주,042-288-3950,대전광역시 서구청,2025-06-26
괴정동321,1,대전광역시 서구 계룡로568번길 7,대전광역시 서구 괴정동 3-23,36.34184237,127.386299,2016,한전주,042-288-3950,대전광역시 서구청,2025-06-26
괴정동322,1,대전광역시 서구 계룡로 574-14,대전광역시 서구 괴정동 3-17,36.341622,127.3866117,2016,전용주,042-288-3950,대전광역시 서구청,2025-06-26
괴정동323,1,대전광역시 서구 계룡로568번길 15-26,대전광역시 서구 괴정동 2-8,36.34120187,127.386368,2016,한전주,042-288-3950,대전광역시 서구청,2025-06-26
괴정동324,1,대전광역시 서구 용문로 15,대전광역시 서구 괴정동 2-10,36.34092023,127.386120,2016,한전주,042-288-3950,대전광역시 서구청,2025-06-26
괴정동325,1,대전광역시 서구 계룡로576번길 29,대전광역시 서구 괴정동 4-16,36.340976,127.3866129,2016,한전주,042-288-3950,대전광역시 서구청,2025-06-26
괴정동326,1,대전광역시 서구 계룡로576번길 27,대전광역시 서구 괴정동 4-18,36.3409169,127.386822,2016,전용주,042-288-3950,대전광역시 서구청,2025-06-26
괴정동327,1,대전광역시 서구 계룡로576번길 24,대전광역시 서구 괴정동 3-37,36.341300,127.3866862,2016,한전주,042-288-3950,대전광역시 서구청,2025-06-26
괴정동328,1,대전광역시 서구 계룡로576번길 21-6,대전광역시 서구 괴정동 4-43,36.341058,127.3868797,2016,전용주,042-288-3950,대전광역시 서구청,2025-06-26
괴정동329,1,대전광역시 서구 계룡로576번길 13,대전광역시 서구 괴정동 4-29,36.341463,127.387112,2016,한전주,042-288-3950,대전광역시 서구청,2025-06-26
괴정동330,1,대전광역시 서구 도솔로 385-21,대전광역시 서구 괴정동 4-1,36.341696,127.387425,2016,한전주,042-288-3950,대전광역시 서구청,2025-06-26
괴정동331,1,대전광역시 서구 계룡로584번길 9,대전광역시 서구 괴정동 5-17,36.34143855,127.388143,2016,한전주,042-288-3950,대전광역시 서구청,2025-06-26
괴정동332,1,대전광역시 서구 도솔로 385-12,대전광역시 서구 괴정동 5-31,36.341395,127.3880276,2016,한전주,042-288-3950,대전광역시 서구청,2025-06-26
괴정동333,1,대전광역시 서구 도솔로 385-19,대전광역시 서구 괴정동 4-24,36.341540,127.387539,2016,전용주,042-288-3950,대전광역시 서구청,2025-06-26
괴정동334,1,대전광역시 서구 계룡로584번길 17,대전광역시 서구 괴정동 6-20,36.34116748,127.3878204,2016,한전주,042-288-3950,대전광역시 서구청,2025-06-26
괴정동335,1,,대전광역시 서구 괴정동 6-17,36.34101683,127.3876456,2016,한전주,042-288-3950,대전광역시 서구청,2025-06-26
괴정동336,1,대전광역시 서구 계룡로584번길 31,대전광역시 서구 괴정동 6-11,36.340753,127.3872309,2016,한전주,042-288-3950,대전광역시 서구청,2025-06-26
괴정동337,1,대전광역시 서구 계룡로584번길 37,대전광역시 서구 괴정동 6-23,36.34044928,127.3870294,2016,한전주,042-288-3950,대전광역시 서구청,2025-06-26
괴정동338,1,대전광역시 서구 도솔로 385-8,대전광역시 서구 괴정동 5-16,36.341264,127.3881782,2016,한전주,042-288-3950,대전광역시 서구청,2025-06-26
괴정동339,1,대전광역시 서구 도솔로 300-4,대전광역시 서구 괴정동 87-42,36.33524988,127.381647,2016,한전주,042-288-3950,대전광역시 서구청,2025-06-26
괴정동340,1,대전광역시 서구 괴정동 도솔로 308-3,대전광역시 서구 괴정동 87-80,36.335761,127.382229,2016,전용주,042-288-3950,대전광역시 서구청,2025-06-26
괴정동341,1,대전광역시 서구 괴정동 도솔로 310-5,대전광역시 서구 괴정동 87-47,36.335963,127.382433,2016,전용주,042-288-3950,대전광역시 서구청,2025-06-26
괴정동342,1,대전광역시 서구 가장로 78,대전광역시 서구 괴정동 88-1,36.335670,127.383206,2016,한전주,042-288-3950,대전광역시 서구청,2025-06-26
괴정동343,1,대전광역시 서구 갈마로245번길 45-6,대전광역시 서구 괴정동 87-4,36.33580834,127.3828222,2016,전용주,042-288-3950,대전광역시 서구청,2025-06-26
괴정동344,1,대전광역시 서구 갈마로245번길 32,대전광역시 서구 괴정동 89-18,36.33506029,127.382560,2016,한전주,042-288-3950,대전광역시 서구청,2025-06-26
괴정동345,1,대전광역시 서구 갈마로245번길 26,대전광역시 서구 괴정동 90-1,36.33484712,127.3823235,2016,한전주,042-288-3950,대전광역시 서구청,2025-06-26
괴정동346,1,대전광역시 서구 갈마로245번길 26,대전광역시 서구 괴정동 90-1,36.334887,127.382361,2016,한전주,042-288-3950,대전광역시 서구청,2025-06-26
괴정동347,1,대전광역시 서구 갈마로245번길 22,대전광역시 서구 괴정동 90-15,36.33468504,127.382143,2016,한전주,042-288-3950,대전광역시 서구청,2025-06-26
괴정동348,1,대전광역시 서구 도솔로296번길 21,대전광역시 서구 괴정동 90-36,36.334550,127.381951,2016,한전주,042-288-3950,대전광역시 서구청,2025-06-26
괴정동349,1,대전광역시 서구 도솔로296번길 13,대전광역시 서구 괴정동 87-9,36.334844,127.3816446,2016,한전주,042-288-3950,대전광역시 서구청,2025-06-26
괴정동351,1,대전광역시 서구 괴정동 갈마로 245,대전광역시 서구 괴정동 91-1,36.33409433,127.3814338,2016,한전주,042-288-3950,대전광역시 서구청,2025-06-26
괴정동352,1,대전광역시 서구 갈마로 245,대전광역시 서구 괴정동 91-21,36.33409433,127.3814338,2016,한전주,042-288-3950,대전광역시 서구청,2025-06-26
괴정동353,1,대전광역시 서구 도솔로296번길 40-1,대전광역시 서구 괴정동 91-29,36.33380043,127.382333,2016,한전주,042-288-3950,대전광역시 서구청,2025-06-26
괴정동354,1,대전광역시 서구 도솔로296번길 43,대전광역시 서구 괴정동 90-19,36.333881,127.3827458,2016,한전주,042-288-3950,대전광역시 서구청,2025-06-26
괴정동355,1,대전광역시 서구 도솔로296번길 35,대전광역시 서구 괴정동 90-21,36.334148,127.3824721,2016,한전주,042-288-3950,대전광역시 서구청,2025-06-26
괴정동356,1,대전광역시 서구 도솔로296번길 25,대전광역시 서구 괴정동 90-14,36.33452459,127.3821539,2016,한전주,042-288-3950,대전광역시 서구청,2025-06-26
괴정동357,1,대전광역시 서구 도솔로308번길 3,대전광역시 서구 괴정동 88-18,36.335394,127.3829798,2016,한전주,042-288-3950,대전광역시 서구청,2025-06-26
괴정동358,1,대전광역시 서구 도솔로308번길 5,대전광역시 서구 괴정동 88-19,36.33530328,127.3830894,2016,한전주,042-288-3950,대전광역시 서구청,2025-06-26
괴정동359,1,,대전광역시 서구 괴정동 88-2,36.33525156,127.383433,2016,전용주,042-288-3950,대전광역시 서구청,2025-06-26
괴정동360,1,,대전광역시 서구 괴정동 88-12,36.33490865,127.3836314,2016,한전주,042-288-3950,대전광역시 서구청,2025-06-26
괴정동361,1,대전광역시 서구 도솔로302번길 23-7,대전광역시 서구 괴정동 89-39,36.334529,127.3834029,2016,한전주,042-288-3950,대전광역시 서구청,2025-06-26
괴정동362,1,대전광역시 서구 도솔로308번길 27,대전광역시 서구 괴정동 88-34,36.33462149,127.3840015,2016,한전주,042-288-3950,대전광역시 서구청,2025-06-26
괴정동363,1,대전광역시 서구 도솔로302번길 23-5,대전광역시 서구 괴정동 89-40,36.334408,127.383286,2016,한전주,042-288-3950,대전광역시 서구청,2025-06-26
괴정동364,1,대전광역시 서구 도솔로308번길 30,대전광역시 서구 괴정동 89-55,36.33438704,127.383890,2016,한전주,042-288-3950,대전광역시 서구청,2025-06-26
괴정동365,1,대전광역시 서구 가장로 89-4,대전광역시 서구 괴정동 84-40,36.33508411,127.3845766,2016,한전주,042-288-3950,대전광역시 서구청,2025-06-26
괴정동366,1,대전광역시 서구 가장로 71-6,대전광역시 서구 괴정동 85-52,36.336359,127.383221,2016,전용주,042-288-3950,대전광역시 서구청,2025-06-26
괴정동367,1,대전광역시 서구 도솔로 320,대전광역시 서구 괴정동 85-19,36.336593,127.3831408,2016,전용주,042-288-3950,대전광역시 서구청,2025-06-26
괴정동368,1,대전광역시 서구 도솔로 324-1,대전광역시 서구 괴정동 85-32,36.3369096,127.383501,2016,전용주,042-288-3950,대전광역시 서구청,2025-06-26
괴정동369,1,대전광역시 서구 괴정로116번길 6,대전광역시 서구 괴정동 80-26,36.337391,127.3851821,2016,한전주,042-288-3950,대전광역시 서구청,2025-06-26
괴정동370,1,대전광역시 서구 괴정로116번길 6,대전광역시 서구 괴정동 80-26,36.33735232,127.385160,2016,한전주,042-288-3950,대전광역시 서구청,2025-06-26
괴정동371,1,대전광역시 서구 괴정로116번길 12,대전광역시 서구 괴정동 80-12,36.337124,127.384920,2016,한전주,042-288-3950,대전광역시 서구청,2025-06-26
괴정동372,1,대전광역시 서구 도솔로 336,대전광역시 서구 괴정동 80-3,36.33741696,127.3846707,2016,전용주,042-288-3950,대전광역시 서구청,2025-06-26
괴정동373,1,대전광역시 서구 괴정로116번길 22,대전광역시 서구 괴정동 80-33,36.336886,127.3845702,2016,한전주,042-288-3950,대전광역시 서구청,2025-06-26
괴정동374,1,대전광역시 서구 괴정로116번길 20-2,대전광역시 서구 괴정동 80-29,36.337017,127.384572,2016,전용주,042-288-3950,대전광역시 서구청,2025-06-26
괴정동375,1,대전광역시 서구 도솔로328번길 14,대전광역시 서구 괴정동 85-1,36.336757,127.384080,2016,한전주,042-288-3950,대전광역시 서구청,2025-06-26
괴정동376,1,대전광역시 서구 도솔로328번길 10,대전광역시 서구 괴정동 85-14,36.33684266,127.383931,2016,한전주,042-288-3950,대전광역시 서구청,2025-06-26
괴정동377,1,대전광역시 서구 괴정동 괴정로116번길 46,대전광역시 서구 괴정동 85-17,36.33625973,127.3833889,2016,한전주,042-288-3950,대전광역시 서구청,2025-06-26
괴정동378,1,대전광역시 서구 괴정로116번길 33-5,대전광역시 서구 괴정동 83-53,36.336313,127.3844404,2016,전용주,042-288-3950,대전광역시 서구청,2025-06-26
괴정동379,1,대전광역시 서구 괴정로116번길 36,대전광역시 서구 괴정동 85-24,36.336426,127.3839558,2016,한전주,042-288-3950,대전광역시 서구청,2025-06-26
괴정동380,1,대전광역시 서구 괴정로116번길 38,대전광역시 서구 괴정동 85-44,36.33632427,127.383849,2016,한전주,042-288-3950,대전광역시 서구청,2025-06-26
괴정동382,1,대전광역시 서구 괴정로116번길 48,대전광역시 서구 괴정동 85-16,36.33608262,127.383472,2016,한전주,042-288-3950,대전광역시 서구청,2025-06-26
괴정동383,1,대전광역시 서구 도솔로322번길 30,대전광역시 서구 괴정동 84-8,36.33522782,127.384919,2016,한전주,042-288-3950,대전광역시 서구청,2025-06-26
괴정동384,1,대전광역시 서구 도솔로322번길 23,대전광역시 서구 괴정동 83-60,36.335570,127.3848801,2016,한전주,042-288-3950,대전광역시 서구청,2025-06-26
괴정동385,1,대전광역시 서구 도솔로322번길 17,대전광역시 서구 괴정동 83-13,36.335618,127.384682,2016,한전주,042-288-3950,대전광역시 서구청,2025-06-26
괴정동386,1,대전광역시 서구 도솔로322번길 21-7,대전광역시 서구 괴정동 83-40,36.33577769,127.3848463,2016,전용주,042-288-3950,대전광역시 서구청,2025-06-26
괴정동387,1,대전광역시 서구 도솔로322번길 13,대전광역시 서구 괴정동 83-14,36.33594139,127.3846362,2016,한전주,042-288-3950,대전광역시 서구청,2025-06-26
괴정동388,1,대전광역시 서구 도솔로328번길 52,대전광역시 서구 괴정동 83-11,36.33553266,127.385582,2016,한전주,042-288-3950,대전광역시 서구청,2025-06-26
괴정동389,1,대전광역시 서구 도솔로328번길 44,대전광역시 서구 괴정동 83-44,36.335834,127.385299,2016,한전주,042-288-3950,대전광역시 서구청,2025-06-26
괴정동390,1,대전광역시 서구 도솔로328번길 36,대전광역시 서구 괴정동 83-6,36.33596703,127.3848734,2016,한전주,042-288-3950,대전광역시 서구청,2025-06-26
괴정동391,1,대전광역시 서구 도솔로328번길 35,대전광역시 서구 괴정동 82-9,36.33624106,127.3852158,2016,전용주,042-288-3950,대전광역시 서구청,2025-06-26
괴정동392,1,대전광역시 서구 도솔로328번길 28,대전광역시 서구 괴정동 83-2,36.336352,127.384677,2016,한전주,042-288-3950,대전광역시 서구청,2025-06-26
괴정동393,1,대전광역시 서구 도솔로328번길 22,대전광역시 서구 괴정동 83-50,36.336515,127.3844043,2016,한전주,042-288-3950,대전광역시 서구청,2025-06-26
괴정동394,1,대전광역시 서구 도산로321번길 57,대전광역시 서구 괴정동 82-48,36.33667498,127.3851854,2016,한전주,042-288-3950,대전광역시 서구청,2025-06-26
괴정동395,1,대전광역시 서구 도산로321번길 55,대전광역시 서구 괴정동 82-49,36.336647,127.3853573,2016,한전주,042-288-3950,대전광역시 서구청,2025-06-26
괴정동396,1,대전광역시 서구 도산로321번길 49,대전광역시 서구 괴정동 82-35,36.336468,127.3854986,2016,한전주,042-288-3950,대전광역시 서구청,2025-06-26
괴정동397,1,대전광역시 서구 괴정로 126-8,대전광역시 서구 괴정동 81-45,36.3367266,127.3858355,2016,한전주,042-288-3950,대전광역시 서구청,2025-06-26
괴정동398,1,대전광역시 서구 도산로321번길 41,대전광역시 서구 괴정동 82-39,36.336183,127.3858977,2016,한전주,042-288-3950,대전광역시 서구청,2025-06-26
괴정동399,1,대전광역시 서구 괴정로134번길 16,대전광역시 서구 괴정동 82-23,36.33596384,127.3861433,2016,한전주,042-288-3950,대전광역시 서구청,2025-06-26
괴정동400,1,대전광역시 서구 괴정로 127,대전광역시 서구 괴정동 52-22,36.3368887,127.386577,2016,전용주,042-288-3950,대전광역시 서구청,2025-06-26
괴정동401,1,대전광역시 서구 괴정동 괴정로 119-1,대전광역시 서구 괴정동 52-17,36.33749676,127.3861074,2016,전용주,042-288-3950,대전광역시 서구청,2025-06-26
괴정동402,1,대전광역시 서구 괴정로115번길 8,대전광역시 서구 괴정동 52-32,36.337783,127.3860191,2016,한전주,042-288-3950,대전광역시 서구청,2025-06-26
괴정동403,1,대전광역시 서구 도솔로 346-4,대전광역시 서구 괴정동 53-32,36.338179,127.3853463,2016,한전주,042-288-3950,대전광역시 서구청,2025-06-26
괴정동404,1,대전광역시 서구 괴정로115번길 9,대전광역시 서구 괴정동 53-28,36.337943,127.3859096,2016,한전주,042-288-3950,대전광역시 서구청,2025-06-26
괴정동405,1,대전광역시 서구 도산로335번길 62,대전광역시 서구 괴정동 51-1,36.33785321,127.3863761,2016,한전주,042-288-3950,대전광역시 서구청,2025-06-26
괴정동406,1,대전광역시 서구 도솔로 350-12,대전광역시 서구 괴정동 53-19,36.33815381,127.385821,2016,한전주,042-288-3950,대전광역시 서구청,2025-06-26
괴정동407,1,대전광역시 서구 도솔로 350-10,대전광역시 서구 괴정동 53-17,36.33830201,127.3857017,2016,한전주,042-288-3950,대전광역시 서구청,2025-06-26
괴정동408,1,대전광역시 서구 도산로335번길 62,대전광역시 서구 괴정동 51-1,36.33785321,127.3863761,2016,한전주,042-288-3950,대전광역시 서구청,2025-06-26
괴정동409,1,대전광역시 서구 도산로341번길 90,대전광역시 서구 괴정동 48-7,36.338601,127.386545,2016,한전주,042-288-3950,대전광역시 서구청,2025-06-26
괴정동410,1,대전광역시 서구 도산로341번길 96,대전광역시 서구 괴정동 48-47,36.33893015,127.3863092,2023,전용주,042-288-3950,대전광역시 서구청,2025-06-26
괴정동411,1,대전광역시 서구 괴정동 도산로341번길 94-1,대전광역시 서구 괴정동 48-42,36.339045,127.386469,2016,한전주,042-288-3950,대전광역시 서구청,2025-06-26
괴정동412,1,,대전광역시 서구 괴정동 40-60,36.338618,127.386984,2016,한전주,042-288-3950,대전광역시 서구청,2025-06-26
괴정동413,1,대전광역시 서구 도솔로 364-13,대전광역시 서구 괴정동 48-28,36.33896698,127.3871531,2016,한전주,042-288-3950,대전광역시 서구청,2025-06-26
괴정동414,1,대전광역시 서구 도솔로 364-12,대전광역시 서구 괴정동 48-36,36.33897584,127.3868684,2016,한전주,042-288-3950,대전광역시 서구청,2025-06-26
괴정동415,1,대전광역시 서구 도솔로 364-4,대전광역시 서구 괴정동 48-33,36.339204,127.3865959,2016,한전주,042-288-3950,대전광역시 서구청,2025-06-26
괴정동416,1,대전광역시 서구 괴정로115번길 45,대전광역시 서구 괴정동 48-25,36.33905532,127.3872875,2016,한전주,042-288-3950,대전광역시 서구청,2025-06-26
괴정동417,1,대전광역시 서구 괴정로115번길 48,대전광역시 서구 괴정동 49-46,36.33898136,127.3876396,2016,한전주,042-288-3950,대전광역시 서구청,2025-06-26
괴정동418,1,대전광역시 서구 용문로 50-1,대전광역시 서구 괴정동 49-39,36.33833044,127.3884156,2016,전용주,042-288-3950,대전광역시 서구청,2025-06-26
괴정동419,1,대전광역시 서구 도솔로322번길 5,대전광역시 서구 괴정동 83-20,36.33616159,127.384231,2016,한전주,042-288-3950,대전광역시 서구청,2025-06-26
괴정동420,1,대전광역시 서구 괴정동 도산로349번길 42,대전광역시 서구 괴정동 49-36,36.33814295,127.3883465,2016,한전주,042-288-3950,대전광역시 서구청,2025-06-26
괴정동421,1,대전광역시 서구 도산로349번길 46,대전광역시 서구 괴정동 49-34,36.33822104,127.3882492,2016,한전주,042-288-3950,대전광역시 서구청,2025-06-26
괴정동422,1,대전광역시 서구 도산로349번길 50,대전광역시 서구 괴정동 49-13,36.33840227,127.387975,2016,전용주,042-288-3950,대전광역시 서구청,2025-06-26
괴정동423,1,대전광역시 서구 도산로349번길 49,대전광역시 서구 괴정동 50-19,36.33821027,127.387772,2016,한전주,042-288-3950,대전광역시 서구청,2025-06-26
괴정동424,1,대전광역시 서구 도산로341번길 74-9,대전광역시 서구 괴정동 50-22,36.338448,127.3872662,2016,전용주,042-288-3950,대전광역시 서구청,2025-06-26
괴정동425,1,대전광역시 서구 도산로341번길 74-9,대전광역시 서구 괴정동 50-22,36.33847151,127.387282,2016,전용주,042-288-3950,대전광역시 서구청,2025-06-26
괴정동426,1,대전광역시 서구 도산로341번길 74-4,대전광역시 서구 괴정동 50-30,36.33812712,127.387176,2016,전용주,042-288-3950,대전광역시 서구청,2025-06-26
괴정동427,1,대전광역시 서구 도산로349번길 58,대전광역시 서구 괴정동 49-14,36.338630,127.3876918,2016,한전주,042-288-3950,대전광역시 서구청,2025-06-26
괴정동428,1,대전광역시 서구 도산로341번길 50,대전광역시 서구 괴정동 50-17,36.33740432,127.3880214,2016,한전주,042-288-3950,대전광역시 서구청,2025-06-26
괴정동429,1,대전광역시 서구 도산로341번길 54,대전광역시 서구 괴정동 50-49,36.33760705,127.3879225,2016,한전주,042-288-3950,대전광역시 서구청,2025-06-26
괴정동430,1,대전광역시 서구 도산로341번길 58,대전광역시 서구 괴정동 50-13,36.33774503,127.3877257,2016,한전주,042-288-3950,대전광역시 서구청,2025-06-26
괴정동431,1,대전광역시 서구 도산로341번길 64,대전광역시 서구 괴정동 50-69,36.33792823,127.3875329,2016,한전주,042-288-3950,대전광역시 서구청,2025-06-26
괴정동432,1,대전광역시 서구 도산로341번길 68-2,대전광역시 서구 괴정동 50-68,36.338051,127.3875163,2016,한전주,042-288-3950,대전광역시 서구청,2025-06-26
괴정동433,1,대전광역시 서구 도산로341번길 70,대전광역시 서구 괴정동 50-73,36.338052,127.3872702,2016,한전주,042-288-3950,대전광역시 서구청,2025-06-26
괴정동434,1,대전광역시 서구 도산로341번길 78,대전광역시 서구 괴정동 50-3,36.33836475,127.3870077,2016,한전주,042-288-3950,대전광역시 서구청,2025-06-26
괴정동435,1,대전광역시 서구 괴정로115번길 30,대전광역시 서구 괴정동 50-1,36.3384235,127.386824,2016,한전주,042-288-3950,대전광역시 서구청,2025-06-26
괴정동436,1,대전광역시 서구 도산로335번길 38,대전광역시 서구 괴정동 51-19,36.33710605,127.3872928,2016,한전주,042-288-3950,대전광역시 서구청,2025-06-26
괴정동437,1,대전광역시 서구 도산로335번길 42,대전광역시 서구 괴정동 51-9,36.33730935,127.387185,2016,한전주,042-288-3950,대전광역시 서구청,2025-06-26
괴정동438,1,대전광역시 서구 괴정동 도산로335번길 46,대전광역시 서구 괴정동 51-10,36.337372,127.3870833,2016,한전주,042-288-3950,대전광역시 서구청,2025-06-26
괴정동439,1,대전광역시 서구 도산로335번길 49,대전광역시 서구 괴정동 52-3,36.33727571,127.386674,2016,전용주,042-288-3950,대전광역시 서구청,2025-06-26
괴정동440,1,대전광역시 서구 도산로335번길 56,대전광역시 서구 괴정동 51-13,36.337653,127.3867315,2016,한전주,042-288-3950,대전광역시 서구청,2025-06-26
괴정동441,1,대전광역시 서구 도산로335번길 62,대전광역시 서구 괴정동 51-1,36.33785321,127.386390,2016,한전주,042-288-3950,대전광역시 서구청,2025-06-26
괴정동442,1,대전광역시 서구 괴정동 용문로 33-1,대전광역시 서구 괴정동 424-19,36.33965285,127.387654,2016,한전주,042-288-3950,대전광역시 서구청,2025-06-26
괴정동443,1,대전광역시 서구 용문로 35-7,대전광역시 서구 괴정동 424-14,36.339869,127.3879013,2016,한전주,042-288-3950,대전광역시 서구청,2025-06-26
괴정동444,1,대전광역시 서구 용문로 35-15,대전광역시 서구 괴정동 424-9,36.340038,127.388255,2016,한전주,042-288-3950,대전광역시 서구청,2025-06-26
괴정동445,1,대전광역시 서구 용문로 35-21,대전광역시 서구 괴정동 424-6,36.340210,127.388496,2016,한전주,042-288-3950,대전광역시 서구청,2025-06-26
괴정동446,1,,대전광역시 서구 괴정동 423-21,36.34034123,127.3889639,2016,한전주,042-288-3950,대전광역시 서구청,2025-06-26
괴정동447,1,대전광역시 서구 용문로 41-15,대전광역시 서구 괴정동 425-2,36.3397381,127.3886048,2016,한전주,042-288-3950,대전광역시 서구청,2025-06-26
괴정동448,1,,대전광역시 서구 괴정동 425-3,36.339328,127.388249,2016,한전주,042-288-3950,대전광역시 서구청,2025-06-26
괴정동449,1,대전광역시 서구 용문로 41-20,대전광역시 서구 괴정동 427-5,36.33921872,127.388760,2016,한전주,042-288-3950,대전광역시 서구청,2025-06-26
괴정동450,1,대전광역시 서구 용문로 41-22,대전광역시 서구 괴정동 427-7,36.33916668,127.3888768,2016,한전주,042-288-3950,대전광역시 서구청,2025-06-26
괴정동451,1,대전광역시 서구 용문로 41-28,대전광역시 서구 괴정동 427-10,36.339091,127.389066,2016,한전주,042-288-3950,대전광역시 서구청,2025-06-26
괴정동452,1,대전광역시 서구 용문로 41-32,대전광역시 서구 괴정동 427-13,36.33881653,127.389262,2016,한전주,042-288-3950,대전광역시 서구청,2025-06-26
괴정동453,1,대전광역시 서구 용문로 41-38,대전광역시 서구 괴정동 427-15,36.33864113,127.389470,2016,한전주,042-288-3950,대전광역시 서구청,2025-06-26
괴정동454,1,대전광역시 서구 도산로369번길 53,대전광역시 서구 괴정동 426-9,36.33912396,127.389861,2016,한전주,042-288-3950,대전광역시 서구청,2025-06-26
괴정동455,1,,대전광역시 서구 괴정동 426-5,36.33935439,127.3895913,2016,한전주,042-288-3950,대전광역시 서구청,2025-06-26
괴정동456,1,대전광역시 서구 괴정동 계룡로 616,대전광역시 서구 괴정동 423-36,36.33982048,127.3906452,2016,전용주,042-288-3950,대전광역시 서구청,2025-06-26
괴정동457,1,대전광역시 서구 도솔로388번길 46,대전광역시 서구 괴정동 423-9,36.33946774,127.390166,2016,한전주,042-288-3950,대전광역시 서구청,2025-06-26
괴정동458,1,대전광역시 서구 계룡로 618,대전광역시 서구 괴정동 423-5,36.33970024,127.3908993,2016,한전주,042-288-3950,대전광역시 서구청,2025-06-26
괴정동459,1,대전광역시 서구 계룡로568번길 15-7,대전광역시 서구 괴정동 3-21,36.34169106,127.3863472,2016,한전주,042-288-3950,대전광역시 서구청,2025-06-26
괴정동462,1,대전광역시 서구 괴정로 6,대전광역시 서구 괴정동 128-18,36.33970013,127.3751608,2016,전용주,042-288-3950,대전광역시 서구청,2025-06-26
괴정동464,1,대전광역시 서구 괴정동 계룡로 536,대전광역시 서구 괴정동 15-1,36.34290515,127.3828951,2016,한전주,042-288-3950,대전광역시 서구청,2025-06-26
괴정동465,1,대전광역시 서구 계룡로584번길 63,대전광역시 서구 괴정동 46-7,36.33969188,127.385920,2023,한전주,042-288-3950,대전광역시 서구청,2025-06-26
괴정동466,1,대전광역시 서구 계룡로562번길 61,대전광역시 서구 괴정동 62-14,36.340482,127.3831619,2023,한전주,042-288-3950,대전광역시 서구청,2025-06-26
괴정동467,1,,대전광역시 서구 괴정동 120,36.34040306,127.3788431,2023,전용주,042-288-3950,대전광역시 서구청,2025-06-26
괴정동468,1,,대전광역시 서구 괴정동 120,36.34040306,127.378897,2023,전용주,042-288-3950,대전광역시 서구청,2025-06-26
괴정동469,1,,대전광역시 서구 괴정동 120,36.34040306,127.3788431,2023,전용주,042-288-3950,대전광역시 서구청,2025-06-26
괴정동470,1,,대전광역시 서구 괴정동 120,36.34040306,127.3788431,2023,전용주,042-288-3950,대전광역시 서구청,2025-06-26
괴정동471,1,,대전광역시 서구 괴정동 120,36.34040306,127.3788431,2023,전용주,042-288-3950,대전광역시 서구청,2025-06-26
괴정동472,1,,대전광역시 서구 괴정동 120,36.34040306,127.3788431,2023,전용주,042-288-3950,대전광역시 서구청,2025-06-26
괴정동473,1,,대전광역시 서구 괴정동 120,36.34040306,127.3788431,2023,전용주,042-288-3950,대전광역시 서구청,2025-06-26
괴정동474,1,,대전광역시 서구 괴정동 120,36.34040306,127.3788431,2023,전용주,042-288-3950,대전광역시 서구청,2025-06-26
괴정동475,1,,대전광역시 서구 괴정동 120,36.34040306,127.3788431,2023,전용주,042-288-3950,대전광역시 서구청,2025-06-26
괴정동476,1,,대전광역시 서구 괴정동 120,36.34040306,127.3788431,2023,전용주,042-288-3950,대전광역시 서구청,2025-06-26
괴정동477,1,,대전광역시 서구 괴정동 68-16,36.34057912,127.380155,2023,전용주,042-288-3950,대전광역시 서구청,2025-06-26
괴정동478,1,,대전광역시 서구 괴정동 67-1,36.33995702,127.3817441,2023,전용주,042-288-3950,대전광역시 서구청,2025-06-26
괴정동479,1,,대전광역시 서구 괴정동 67-12,36.340589,127.380650,2023,전용주,042-288-3950,대전광역시 서구청,2025-06-26
괴정동480,1,,대전광역시 서구 괴정동 67-15,36.34048996,127.380895,2023,전용주,042-288-3950,대전광역시 서구청,2025-06-26
괴정동481,1,,대전광역시 서구 괴정동 67-1,36.33995702,127.3817441,2023,전용주,042-288-3950,대전광역시 서구청,2025-06-26
괴정동482,1,대전광역시 서구 계룡로546번길 30-1,대전광역시 서구 괴정동 10-20,36.341508,127.383523,2023,한전주,042-288-3950,대전광역시 서구청,2025-06-26
괴정동483,1,대전광역시 서구 괴정동 계룡로536번길,대전광역시 서구 괴정동 405-3,36.34250469,127.3825831,2023,전용주,042-288-3950,대전광역시 서구청,2025-06-26
괴정동484,1,대전광역시 서구 괴정동 계룡로536번길,대전광역시 서구 괴정동 405-3,36.342534,127.3825831,2023,전용주,042-288-3950,대전광역시 서구청,2025-06-26
괴정동485,1,대전광역시 서구 괴정로 55,대전광역시 서구 괴정동 12-2,36.34089342,127.3815533,2023,한전주,042-288-3950,대전광역시 서구청,2025-06-26
괴정동486,1,대전광역시 서구 도솔로349번길 39,대전광역시 서구 괴정동 64-1,36.33969161,127.3837204,2023,한전주,042-288-3950,대전광역시 서구청,2025-06-26
괴정동487,1,대전광역시 서구 갈마로245번길 15,대전광역시 서구 괴정동 87-31,36.334672,127.3818025,2023,한전주,042-288-3950,대전광역시 서구청,2025-06-26
괴정동488,1,대전광역시 서구 갈마로245번길 23-2,대전광역시 서구 괴정동 87-7,36.33512747,127.3820158,2023,한전주,042-288-3950,대전광역시 서구청,2025-06-26
괴정동489,1,대전광역시 서구 도솔로302번길 20-1,대전광역시 서구 괴정동 90-31,36.334238,127.382783,2023,한전주,042-288-3950,대전광역시 서구청,2025-06-26
괴정동490,1,대전광역시 서구 용문로 35-23,대전광역시 서구 괴정동 424-5,36.34028406,127.388555,2023,전용주,042-288-3950,대전광역시 서구청,2025-06-26
괴정동491,1,대전광역시 서구 괴정로8번길 50,대전광역시 서구 괴정동 114-21,36.338340,127.377222,2023,한전주,042-288-3950,대전광역시 서구청,2025-06-26
괴정동494,1,대전광역시 서구 도솔로327번길 41,대전광역시 서구 괴정동 70-46,36.338537,127.381988,2023,한전주,042-288-3950,대전광역시 서구청,2025-06-26
괴정동495,1,대전광역시 서구 도산로341번길 66,대전광역시 서구 괴정동 50-71,36.337923,127.387340,2023,한전주,042-288-3950,대전광역시 서구청,2025-06-26
괴정동496,1,,대전광역시 서구 괴정동 388,36.33786977,127.3883947,2023,전용주,042-288-3950,대전광역시 서구청,2025-06-26
괴정동497,1,,대전광역시 서구 괴정동 123-13,36.33958035,127.3774552,2024,전용주,042-288-3950,대전광역시 서구청,2025-06-26
괴정동498,1,,대전광역시 서구 괴정동 123-6,36.33971769,127.3768828,2023,전용주,042-288-3950,대전광역시 서구청,2025-06-26
괴정동추가2,1,,대전광역시 서구 괴정동 3-9,36.341817,127.3871753,2023,전용주,042-288-3950,대전광역시 서구청,2025-06-26
내동001,1,대전광역시 서구 동서대로1079번길 10,대전광역시 서구 내동 8-33,36.329484,127.381077,2016,한전주,042-288-3950,대전광역시 서구청,2025-06-26
내동002,1,대전광역시 서구 동서대로1079번길 14,대전광역시 서구 내동 8-40,36.329675,127.381245,2016,한전주,042-288-3950,대전광역시 서구청,2025-06-26
내동003,1,대전광역시 서구 동서대로1079번길 22,대전광역시 서구 내동 8-47,36.329877,127.3815379,2016,한전주,042-288-3950,대전광역시 서구청,2025-06-26
내동004,1,대전광역시 서구 동서대로1079번길 28,대전광역시 서구 내동 8-37,36.330158,127.3817337,2016,한전주,042-288-3950,대전광역시 서구청,2025-06-26
내동005,1,대전광역시 서구 동서대로1079번길 32,대전광역시 서구 내동 8-14,36.33023856,127.3819109,2016,한전주,042-288-3950,대전광역시 서구청,2025-06-26
내동006,1,대전광역시 서구 도산로 247-1,대전광역시 서구 내동 8-5,36.32995352,127.3818822,2016,한전주,042-288-3950,대전광역시 서구청,2025-06-26
내동007,1,대전광역시 서구 도산로 243-8,대전광역시 서구 내동 8-41,36.3297699,127.3816982,2016,한전주,042-288-3950,대전광역시 서구청,2025-06-26
내동008,1,대전광역시 서구 도산로 239-7,대전광역시 서구 내동 8-21,36.329440,127.3813791,2016,한전주,042-288-3950,대전광역시 서구청,2025-06-26
내동009,1,대전광역시 서구 동서대로1063번길 14-26,대전광역시 서구 내동 12-4,36.32977728,127.380639,2016,한전주,042-288-3950,대전광역시 서구청,2025-06-26
내동010,1,대전광역시 서구 동서대로1063번길 14-28,대전광역시 서구 내동 12-24,36.33005466,127.3802903,2016,한전주,042-288-3950,대전광역시 서구청,2025-06-26
내동011,1,대전광역시 서구 내동 동서대로1063번길 14-14,대전광역시 서구 내동 12-20,36.330319,127.380090,2016,한전주,042-288-3950,대전광역시 서구청,2025-06-26
내동012,1,대전광역시 서구 도솔로252번길 58-9,대전광역시 서구 내동 11-19,36.33046054,127.3802633,2016,한전주,042-288-3950,대전광역시 서구청,2025-06-26
내동013,1,대전광역시 서구 도솔로252번길 58-5,대전광역시 서구 내동 11-31,36.33056992,127.3803558,2016,한전주,042-288-3950,대전광역시 서구청,2025-06-26
내동014,1,대전광역시 서구 동서대로1063번길 14-3,대전광역시 서구 내동 11-17,36.33052206,127.3798478,2016,전용주,042-288-3950,대전광역시 서구청,2025-06-26
내동015,1,대전광역시 서구 동서대로1063번길 4,대전광역시 서구 내동 12-10,36.32999463,127.3794144,2016,전용주,042-288-3950,대전광역시 서구청,2025-06-26
내동016,1,대전광역시 서구 동서대로1063번길 6-3,대전광역시 서구 내동 12-12,36.33011277,127.3796421,2016,전용주,042-288-3950,대전광역시 서구청,2025-06-26
내동017,1,대전광역시 서구 동서대로1063번길 10,대전광역시 서구 내동 12-36,36.33026932,127.3796103,2016,한전주,042-288-3950,대전광역시 서구청,2025-06-26
내동018,1,대전광역시 서구 동서대로1063번길 14-3,대전광역시 서구 내동 11-17,36.33052206,127.3798478,2016,한전주,042-288-3950,대전광역시 서구청,2025-06-26
내동019,1,대전광역시 서구 동서대로1063번길 22,대전광역시 서구 내동 11-15,36.330773,127.3800311,2016,한전주,042-288-3950,대전광역시 서구청,2025-06-26
내동020,1,대전광역시 서구 도솔로252번길 54,대전광역시 서구 내동 11-1,36.33085028,127.3801289,2016,한전주,042-288-3950,대전광역시 서구청,2025-06-26
내동021,1,대전광역시 서구 도솔로252번길 56,대전광역시 서구 내동 11-26,36.33076392,127.380252,2016,한전주,042-288-3950,대전광역시 서구청,2025-06-26
내동022,1,대전광역시 서구 도솔로252번길 59,대전광역시 서구 내동 10-8,36.33098727,127.3807201,2016,한전주,042-288-3950,대전광역시 서구청,2025-06-26
내동023,1,대전광역시 서구 도솔로252번길 62,대전광역시 서구 내동 11-3,36.33056072,127.3805016,2016,한전주,042-288-3950,대전광역시 서구청,2025-06-26
내동024,1,대전광역시 서구 도솔로252번길 66,대전광역시 서구 내동 11-4,36.33045573,127.3807294,2016,한전주,042-288-3950,대전광역시 서구청,2025-06-26
내동025,1,대전광역시 서구 도솔로252번길 69,대전광역시 서구 내동 10-42,36.33058219,127.3810882,2016,한전주,042-288-3950,대전광역시 서구청,2025-06-26
내동026,1,대전광역시 서구 도솔로252번길 75,대전광역시 서구 내동 10-6,36.33049142,127.3814619,2016,한전주,042-288-3950,대전광역시 서구청,2025-06-26
내동027,1,대전광역시 서구 도산로253번길 7,대전광역시 서구 내동 8-34,36.330216,127.3823553,2016,한전주,042-288-3950,대전광역시 서구청,2025-06-26
내동028,1,대전광역시 서구 도산로253번길 11-1,대전광역시 서구 내동 8-29,36.330395,127.382198,2016,한전주,042-288-3950,대전광역시 서구청,2025-06-26
내동029,1,대전광역시 서구 도산로253번길 19,대전광역시 서구 내동 10-5,36.330597,127.381929,2016,한전주,042-288-3950,대전광역시 서구청,2025-06-26
내동030,1,대전광역시 서구 도산로253번길 23,대전광역시 서구 내동 10-28,36.330798,127.381654,2016,전용주,042-288-3950,대전광역시 서구청,2025-06-26
내동031,1,대전광역시 서구 도산로253번길 25-6,대전광역시 서구 내동 10-34,36.33068279,127.3814185,2016,전용주,042-288-3950,대전광역시 서구청,2025-06-26
내동032,1,대전광역시 서구 도산로253번길 29,대전광역시 서구 내동 10-3,36.330965,127.381438,2016,한전주,042-288-3950,대전광역시 서구청,2025-06-26
내동033,1,대전광역시 서구 도산로253번길 33,대전광역시 서구 내동 10-25,36.33111104,127.3811603,2016,한전주,042-288-3950,대전광역시 서구청,2025-06-26
내동034,1,대전광역시 서구 도산로253번길 39,대전광역시 서구 내동 10-2,36.331205,127.3810343,2016,한전주,042-288-3950,대전광역시 서구청,2025-06-26
내동035,1,대전광역시 서구 도산로253번길 45,대전광역시 서구 내동 10-1,36.33135667,127.3808306,2016,한전주,042-288-3950,대전광역시 서구청,2025-06-26
내동036,1,대전광역시 서구 동서대로1063번길 34,대전광역시 서구 내동 10-37,36.33112559,127.3804398,2016,한전주,042-288-3950,대전광역시 서구청,2025-06-26
내동037,1,대전광역시 서구 동서대로1047번길 6,대전광역시 서구 내동 13-4,36.331094,127.3780055,2016,한전주,042-288-3950,대전광역시 서구청,2025-06-26
내동038,1,대전광역시 서구 동서대로1047번길 9-4,대전광역시 서구 내동 15-20,36.331363,127.3778268,2016,전용주,042-288-3950,대전광역시 서구청,2025-06-26
내동039,1,대전광역시 서구 동서대로1047번길 12,대전광역시 서구 내동 13-5,36.33122853,127.3782191,2016,한전주,042-288-3950,대전광역시 서구청,2025-06-26
내동040,1,대전광역시 서구 동서대로1047번길 19,대전광역시 서구 내동 15-57,36.331616,127.3781873,2016,한전주,042-288-3950,대전광역시 서구청,2025-06-26
내동041,1,대전광역시 서구 도솔로252번길 15,대전광역시 서구 내동 18-28,36.33200028,127.3786217,2016,한전주,042-288-3950,대전광역시 서구청,2025-06-26
내동042,1,대전광역시 서구 도솔로252번길 29,대전광역시 서구 내동 17-17,36.33172299,127.3792751,2016,한전주,042-288-3950,대전광역시 서구청,2025-06-26
내동043,1,대전광역시 서구 도솔로252번길 31,대전광역시 서구 내동 17-16,36.33159582,127.379478,2016,한전주,042-288-3950,대전광역시 서구청,2025-06-26
내동044,1,대전광역시 서구 도솔로252번길 39,대전광역시 서구 내동 17-15,36.33148352,127.3797084,2016,한전주,042-288-3950,대전광역시 서구청,2025-06-26
내동045,1,대전광역시 서구 도솔로252번길 41,대전광역시 서구 내동 17-14,36.33140631,127.3800156,2016,한전주,042-288-3950,대전광역시 서구청,2025-06-26
내동046,1,대전광역시 서구 도산로253번길 55,대전광역시 서구 내동 17-10,36.331692,127.3802153,2016,한전주,042-288-3950,대전광역시 서구청,2025-06-26
내동047,1,대전광역시 서구 도산로253번길 75,대전광역시 서구 내동 17-1,36.332147,127.3795286,2016,한전주,042-288-3950,대전광역시 서구청,2025-06-26
내동048,1,대전광역시 서구 도산로253번길 85,대전광역시 서구 내동 18-5,36.33260363,127.3792148,2016,한전주,042-288-3950,대전광역시 서구청,2025-06-26
내동049,1,대전광역시 서구 동서대로1047번길 35,대전광역시 서구 내동 18-58,36.332247,127.3787962,2016,한전주,042-288-3950,대전광역시 서구청,2025-06-26
내동050,1,대전광역시 서구 도솔로252번길 15,대전광역시 서구 내동 18-28,36.332032,127.3786217,2016,한전주,042-288-3950,대전광역시 서구청,2025-06-26
내동051,1,대전광역시 서구 동서대로 1043-3,대전광역시 서구 내동 15-8,36.331290,127.3774751,2016,전용주,042-288-3950,대전광역시 서구청,2025-06-26
내동052,1,대전광역시 서구 동서대로 1041-5,대전광역시 서구 내동 15-40,36.331315,127.3773419,2016,한전주,042-288-3950,대전광역시 서구청,2025-06-26
내동053,1,대전광역시 서구 도솔로 244-2,대전광역시 서구 내동 15-46,36.331659,127.3774586,2016,한전주,042-288-3950,대전광역시 서구청,2025-06-26
내동054,1,대전광역시 서구 도솔로 248-3,대전광역시 서구 내동 15-14,36.33199145,127.377796,2016,한전주,042-288-3950,대전광역시 서구청,2025-06-26
내동055,1,대전광역시 서구 도솔로252번길 8,대전광역시 서구 내동 15-17,36.332069,127.378191,2016,한전주,042-288-3950,대전광역시 서구청,2025-06-26
내동056,1,대전광역시 서구 도솔로252번길 14-2,대전광역시 서구 내동 15-1,36.331967,127.378257,2016,전용주,042-288-3950,대전광역시 서구청,2025-06-26
내동057,1,대전광역시 서구 도산로253번길 90,대전광역시 서구 내동 18-38,36.33294343,127.3791403,2016,한전주,042-288-3950,대전광역시 서구청,2025-06-26
내동058,1,대전광역시 서구 도솔로252번길 7-18,대전광역시 서구 내동 18-8,36.332626,127.378804,2016,한전주,042-288-3950,대전광역시 서구청,2025-06-26
내동059,1,대전광역시 서구 도솔로252번길 7-9,대전광역시 서구 내동 18-63,36.3325109,127.378516,2016,한전주,042-288-3950,대전광역시 서구청,2025-06-26
내동060,1,대전광역시 서구 도솔로 268-13,대전광역시 서구 내동 18-53,36.33298055,127.3796249,2016,한전주,042-288-3950,대전광역시 서구청,2025-06-26
내동061,1,대전광역시 서구 동서대로1047번길 63,대전광역시 서구 내동 18-60,36.33313048,127.379832,2016,한전주,042-288-3950,대전광역시 서구청,2025-06-26
내동062,1,대전광역시 서구 동서대로1047번길 73,대전광역시 서구 내동 1-35,36.33345371,127.3801505,2016,한전주,042-288-3950,대전광역시 서구청,2025-06-26
내동063,1,대전광역시 서구 동서대로1047번길 81,대전광역시 서구 내동 1-4,36.33380969,127.3804307,2016,한전주,042-288-3950,대전광역시 서구청,2025-06-26
내동064,1,대전광역시 서구 동서대로1047번길 81,대전광역시 서구 내동 1-4,36.33380969,127.3804307,2016,한전주,042-288-3950,대전광역시 서구청,2025-06-26
내동065,1,대전광역시 서구 갈마로 244,대전광역시 서구 내동 1-26,36.33402305,127.380938,2016,한전주,042-288-3950,대전광역시 서구청,2025-06-26
내동066,1,대전광역시 서구 도솔로 266,대전광역시 서구 내동 18-3,36.33319026,127.379068,2016,한전주,042-288-3950,대전광역시 서구청,2025-06-26
내동067,1,대전광역시 서구 도솔로 268-10,대전광역시 서구 내동 18-43,36.332998,127.3793325,2016,한전주,042-288-3950,대전광역시 서구청,2025-06-26
내동068,1,대전광역시 서구 도솔로 272-6,대전광역시 서구 내동 18-29,36.33337125,127.379401,2016,전용주,042-288-3950,대전광역시 서구청,2025-06-26
내동069,1,대전광역시 서구 도솔로 272-8,대전광역시 서구 내동 18-54,36.33329131,127.3794174,2016,한전주,042-288-3950,대전광역시 서구청,2025-06-26
내동070,1,대전광역시 서구 도솔로 272-12,대전광역시 서구 내동 18-26,36.333215,127.3797214,2016,한전주,042-288-3950,대전광역시 서구청,2025-06-26
내동071,1,대전광역시 서구 동서대로1047번길 75-12,대전광역시 서구 내동 1-28,36.33351427,127.3798974,2016,한전주,042-288-3950,대전광역시 서구청,2025-06-26
내동072,1,대전광역시 서구 동서대로1047번길 75-6,대전광역시 서구 내동 1-31,36.333741,127.3802331,2016,전용주,042-288-3950,대전광역시 서구청,2025-06-26
내동073,1,대전광역시 서구 갈마로 240-4,대전광역시 서구 내동 1-16,36.334229,127.380474,2016,전용주,042-288-3950,대전광역시 서구청,2025-06-26
내동074,1,대전광역시 서구 도솔로 278-3,대전광역시 서구 내동 1-40,36.333881,127.3801618,2016,한전주,042-288-3950,대전광역시 서구청,2025-06-26
내동075,1,대전광역시 서구 도솔로 276-1,대전광역시 서구 내동 1-22,36.333693,127.3799142,2016,전용주,042-288-3950,대전광역시 서구청,2025-06-26
내동077,1,대전광역시 서구 도솔로279번길 11,대전광역시 서구 내동 32-3,36.334485,127.3793763,2016,전용주,042-288-3950,대전광역시 서구청,2025-06-26
내동078,1,대전광역시 서구 도솔로279번길 22,대전광역시 서구 내동 31-20,36.33500153,127.3792303,2016,한전주,042-288-3950,대전광역시 서구청,2025-06-26
내동079,1,,대전광역시 서구 내동 33-11,36.33494278,127.378740,2016,한전주,042-288-3950,대전광역시 서구청,2025-06-26
내동080,1,대전광역시 서구 내동 동서대로1021번길 91,대전광역시 서구 내동 35-33,36.3353812,127.3786885,2016,한전주,042-288-3950,대전광역시 서구청,2025-06-26
내동081,1,대전광역시 서구 동서대로1021번길 97,대전광역시 서구 내동 35-32,36.33552544,127.378810,2016,전용주,042-288-3950,대전광역시 서구청,2025-06-26
내동082,1,대전광역시 서구 동서대로1021번길 99,대전광역시 서구 내동 35-31,36.335568,127.378904,2016,한전주,042-288-3950,대전광역시 서구청,2025-06-26
내동083,1,대전광역시 서구 도솔로279번길 14-12,대전광역시 서구 내동 31-26,36.33477897,127.3798705,2016,한전주,042-288-3950,대전광역시 서구청,2025-06-26
내동084,1,대전광역시 서구 도솔로279번길 14,대전광역시 서구 내동 31-21,36.33473371,127.379475,2016,한전주,042-288-3950,대전광역시 서구청,2025-06-26
내동085,1,대전광역시 서구 동서대로1021번길 81-1,대전광역시 서구 내동 34-54,36.334921,127.3781816,2016,한전주,042-288-3950,대전광역시 서구청,2025-06-26
내동086,1,대전광역시 서구 동서대로1021번길 73,대전광역시 서구 내동 34-6,36.334802,127.3779733,2016,한전주,042-288-3950,대전광역시 서구청,2025-06-26
내동087,1,대전광역시 서구 동서대로1021번길 73-1,대전광역시 서구 내동 34-16,36.334837,127.377858,2016,한전주,042-288-3950,대전광역시 서구청,2025-06-26
내동088,1,대전광역시 서구 동서대로1021번길 71,대전광역시 서구 내동 34-41,36.33471338,127.3778774,2016,한전주,042-288-3950,대전광역시 서구청,2025-06-26
내동089,1,대전광역시 서구 도솔로267번길 31,대전광역시 서구 내동 20-28,36.3342517,127.377755,2016,한전주,042-288-3950,대전광역시 서구청,2025-06-26
내동090,1,대전광역시 서구 도솔로267번길 23,대전광역시 서구 내동 20-1,36.334077,127.378071,2016,한전주,042-288-3950,대전광역시 서구청,2025-06-26
내동091,1,대전광역시 서구 도솔로267번길 21,대전광역시 서구 내동 20-18,36.33393901,127.3781013,2016,한전주,042-288-3950,대전광역시 서구청,2025-06-26
내동092,1,대전광역시 서구 도솔로267번길 20-8,대전광역시 서구 내동 32-11,36.33416268,127.378627,2016,한전주,042-288-3950,대전광역시 서구청,2025-06-26
내동093,1,대전광역시 서구 도솔로267번길 20-13,대전광역시 서구 내동 33-3,36.334561,127.3786282,2016,한전주,042-288-3950,대전광역시 서구청,2025-06-26
내동094,1,대전광역시 서구 도솔로267번길 17,대전광역시 서구 내동 20-19,36.333883,127.378293,2016,한전주,042-288-3950,대전광역시 서구청,2025-06-26
내동095,1,대전광역시 서구 도솔로267번길 9,대전광역시 서구 내동 19-19,36.33360235,127.378554,2016,한전주,042-288-3950,대전광역시 서구청,2025-06-26
내동096,1,대전광역시 서구 도솔로 267,대전광역시 서구 내동 19-1,36.333576,127.3787947,2016,한전주,042-288-3950,대전광역시 서구청,2025-06-26
내동097,1,대전광역시 서구 도솔로 275,대전광역시 서구 내동 32-32,36.33403374,127.3794895,2016,한전주,042-288-3950,대전광역시 서구청,2025-06-26
내동098,1,대전광역시 서구 도솔로 261-5,대전광역시 서구 내동 19-63,36.333125,127.3782529,2016,한전주,042-288-3950,대전광역시 서구청,2025-06-26
내동099,1,대전광역시 서구 도솔로 257-7,대전광역시 서구 내동 19-26,36.332949,127.377943,2016,한전주,042-288-3950,대전광역시 서구청,2025-06-26
내동100,1,대전광역시 서구 도솔로 255-6,대전광역시 서구 내동 19-45,36.3328126,127.377814,2016,전용주,042-288-3950,대전광역시 서구청,2025-06-26
내동101,1,대전광역시 서구 도솔로251번길 7,대전광역시 서구 내동 21-41,36.332472,127.377536,2016,한전주,042-288-3950,대전광역시 서구청,2025-06-26
내동102,1,대전광역시 서구 도솔로 251,대전광역시 서구 내동 21-44,36.33235302,127.3777049,2016,한전주,042-288-3950,대전광역시 서구청,2025-06-26
내동103,1,대전광역시 서구 도솔로251번길 9,대전광역시 서구 내동 21-40,36.33252127,127.377474,2016,한전주,042-288-3950,대전광역시 서구청,2025-06-26
내동104,1,대전광역시 서구 도솔로251번길 15,대전광역시 서구 내동 21-17,36.33273627,127.3771964,2016,한전주,042-288-3950,대전광역시 서구청,2025-06-26
내동105,1,대전광역시 서구 도솔로251번길 22,대전광역시 서구 내동 20-13,36.3330623,127.3771446,2016,한전주,042-288-3950,대전광역시 서구청,2025-06-26
내동106,1,대전광역시 서구 도솔로251번길 26,대전광역시 서구 내동 20-52,36.33317615,127.376908,2016,한전주,042-288-3950,대전광역시 서구청,2025-06-26
내동107,1,대전광역시 서구 도솔로251번길 36,대전광역시 서구 내동 39-53,36.33342731,127.3765075,2016,한전주,042-288-3950,대전광역시 서구청,2025-06-26
내동108,1,대전광역시 서구 동서대로1021번길 39,대전광역시 서구 내동 39-6,36.333514,127.3767458,2016,한전주,042-288-3950,대전광역시 서구청,2025-06-26
내동109,1,대전광역시 서구 동서대로1021번길 46,대전광역시 서구 내동 20-54,36.333799,127.3771266,2016,한전주,042-288-3950,대전광역시 서구청,2025-06-26
내동110,1,대전광역시 서구 도솔로251번길 28-18,대전광역시 서구 내동 20-46,36.33374758,127.3773672,2016,전용주,042-288-3950,대전광역시 서구청,2025-06-26
내동111,1,대전광역시 서구 도솔로251번길 28-7,대전광역시 서구 내동 20-57,36.333405,127.377002,2016,한전주,042-288-3950,대전광역시 서구청,2025-06-26
내동112,1,대전광역시 서구 도솔로251번길 28-1,대전광역시 서구 내동 20-59,36.33327046,127.376834,2016,한전주,042-288-3950,대전광역시 서구청,2025-06-26
내동113,1,대전광역시 서구 동서대로1021번길 51,대전광역시 서구 내동 39-26,36.33401998,127.3771178,2016,한전주,042-288-3950,대전광역시 서구청,2025-06-26
내동114,1,대전광역시 서구 동서대로1021번길 54,대전광역시 서구 내동 20-11,36.33388681,127.377300,2016,한전주,042-288-3950,대전광역시 서구청,2025-06-26
내동115,1,대전광역시 서구 도솔로251번길 18-48,대전광역시 서구 내동 19-13,36.33354471,127.378225,2016,한전주,042-288-3950,대전광역시 서구청,2025-06-26
내동116,1,대전광역시 서구 도솔로251번길 18-38,대전광역시 서구 내동 19-12,36.333483,127.3780789,2016,한전주,042-288-3950,대전광역시 서구청,2025-06-26
내동117,1,대전광역시 서구 도솔로251번길 18-26,대전광역시 서구 내동 19-34,36.33329477,127.3778711,2016,전용주,042-288-3950,대전광역시 서구청,2025-06-26
내동118,1,대전광역시 서구 도솔로251번길 18-15,대전광역시 서구 내동 20-39,36.33332402,127.3775106,2016,한전주,042-288-3950,대전광역시 서구청,2025-06-26
내동119,1,대전광역시 서구 도솔로251번길 18-5,대전광역시 서구 내동 20-5,36.33322782,127.3771544,2016,한전주,042-288-3950,대전광역시 서구청,2025-06-26
내동120,1,대전광역시 서구 동서대로1021번길 29,대전광역시 서구 내동 24-25,36.333206,127.376358,2016,한전주,042-288-3950,대전광역시 서구청,2025-06-26
내동121,1,대전광역시 서구 동서대로1021번길 21,대전광역시 서구 내동 24-68,36.332999,127.3760309,2016,한전주,042-288-3950,대전광역시 서구청,2025-06-26
내동122,1,대전광역시 서구 동서대로1021번길 13,대전광역시 서구 내동 23-11,36.33269856,127.375724,2016,한전주,042-288-3950,대전광역시 서구청,2025-06-26
내동123,1,대전광역시 서구 도솔로245번길 27,대전광역시 서구 내동 22-32,36.332567,127.3760672,2016,한전주,042-288-3950,대전광역시 서구청,2025-06-26
내동124,1,대전광역시 서구 도솔로245번길 26-1,대전광역시 서구 내동 21-20,36.332705,127.3763577,2016,전용주,042-288-3950,대전광역시 서구청,2025-06-26
내동125,1,대전광역시 서구 도솔로245번길 21,대전광역시 서구 내동 22-38,36.33232351,127.3763752,2016,한전주,042-288-3950,대전광역시 서구청,2025-06-26
내동126,1,대전광역시 서구 도솔로245번길 17,대전광역시 서구 내동 22-9,36.33223589,127.3764968,2016,전용주,042-288-3950,대전광역시 서구청,2025-06-26
내동127,1,대전광역시 서구 도솔로245번길 9,대전광역시 서구 내동 22-11,36.33206149,127.376845,2016,한전주,042-288-3950,대전광역시 서구청,2025-06-26
내동128,1,대전광역시 서구 도솔로245번길 7,대전광역시 서구 내동 22-12,36.33197977,127.3769862,2016,전용주,042-288-3950,대전광역시 서구청,2025-06-26
내동129,1,대전광역시 서구 도솔로 247-1,대전광역시 서구 내동 21-2,36.33239851,127.377158,2016,전용주,042-288-3950,대전광역시 서구청,2025-06-26
내동130,1,대전광역시 서구 도솔로 241-6,대전광역시 서구 내동 22-2,36.33198072,127.376767,2016,한전주,042-288-3950,대전광역시 서구청,2025-06-26
내동131,1,대전광역시 서구 동서대로 1029-3,대전광역시 서구 내동 22-14,36.33191418,127.376260,2016,전용주,042-288-3950,대전광역시 서구청,2025-06-26
내동132,1,대전광역시 서구 동서대로 1019-1,대전광역시 서구 내동 23-12,36.33229939,127.3753035,2016,한전주,042-288-3950,대전광역시 서구청,2025-06-26
내동133,1,대전광역시 서구 동서대로1021번길 7,대전광역시 서구 내동 23-31,36.33252292,127.375574,2016,한전주,042-288-3950,대전광역시 서구청,2025-06-26
내동134,1,대전광역시 서구 도솔로245번길 42,대전광역시 서구 내동 24-58,36.33307682,127.375574,2016,한전주,042-288-3950,대전광역시 서구청,2025-06-26
내동135,1,대전광역시 서구 도솔로245번길 42-7,대전광역시 서구 내동 24-13,36.333217,127.375840,2016,한전주,042-288-3950,대전광역시 서구청,2025-06-26
내동136,1,대전광역시 서구 도솔로245번길 50,대전광역시 서구 내동 24-72,36.33321145,127.375293,2016,한전주,042-288-3950,대전광역시 서구청,2025-06-26
내동137,1,대전광역시 서구 도솔로245번길 50,대전광역시 서구 내동 24-72,36.333205,127.3752837,2016,한전주,042-288-3950,대전광역시 서구청,2025-06-26
내동138,1,대전광역시 서구 도솔로245번길 58,대전광역시 서구 내동 24-48,36.333402,127.3749027,2016,한전주,042-288-3950,대전광역시 서구청,2025-06-26
내동139,1,대전광역시 서구 동서대로1005번길 18,대전광역시 서구 내동 24-45,36.333518,127.374624,2016,한전주,042-288-3950,대전광역시 서구청,2025-06-26
내동140,1,대전광역시 서구 내동 동서대로1005번길 12,대전광역시 서구 내동 23-43,36.333424,127.374373,2016,한전주,042-288-3950,대전광역시 서구청,2025-06-26
내동141,1,대전광역시 서구 동서대로1005번길 4,대전광역시 서구 내동 23-1,36.33313848,127.374133,2016,한전주,042-288-3950,대전광역시 서구청,2025-06-26
내동142,1,대전광역시 서구 동서대로 1009-2,대전광역시 서구 내동 23-54,36.3328454,127.374342,2016,전용주,042-288-3950,대전광역시 서구청,2025-06-26
내동143,1,대전광역시 서구 동서대로 1013-17,대전광역시 서구 내동 23-79,36.332929,127.374961,2016,한전주,042-288-3950,대전광역시 서구청,2025-06-26
내동144,1,대전광역시 서구 동서대로 1017-3,대전광역시 서구 내동 23-13,36.33272084,127.3750567,2016,한전주,042-288-3950,대전광역시 서구청,2025-06-26
내동146,1,대전광역시 서구 도솔로251번길 39,대전광역시 서구 내동 24-37,36.33347431,127.376142,2016,한전주,042-288-3950,대전광역시 서구청,2025-06-26
내동147,1,대전광역시 서구 도솔로251번길 41-6,대전광역시 서구 내동 24-35,36.333428,127.3758559,2016,전용주,042-288-3950,대전광역시 서구청,2025-06-26
내동148,1,대전광역시 서구 도솔로251번길 45-4,대전광역시 서구 내동 24-28,36.333512,127.375802,2016,전용주,042-288-3950,대전광역시 서구청,2025-06-26
내동149,1,대전광역시 서구 동서대로1006번길 26,대전광역시 서구 내동 26-6,36.33177582,127.3729391,2016,한전주,042-288-3950,대전광역시 서구청,2025-06-26
내동150,1,대전광역시 서구 도솔로251번길 57,대전광역시 서구 내동 24-3,36.333959,127.3754655,2016,한전주,042-288-3950,대전광역시 서구청,2025-06-26
내동151,1,대전광역시 서구 동서대로1005번길 32,대전광역시 서구 내동 24-1,36.33401911,127.3751314,2016,한전주,042-288-3950,대전광역시 서구청,2025-06-26
내동152,1,,대전광역시 서구 내동 24-71,36.3339063,127.374927,2016,한전주,042-288-3950,대전광역시 서구청,2025-06-26
내동153,1,대전광역시 서구 도솔로245번길 46-24,대전광역시 서구 내동 24-53,36.33394213,127.375233,2016,전용주,042-288-3950,대전광역시 서구청,2025-06-26
내동154,1,대전광역시 서구 도솔로245번길 46-18,대전광역시 서구 내동 24-64,36.33376153,127.3752531,2016,한전주,042-288-3950,대전광역시 서구청,2025-06-26
내동155,1,대전광역시 서구 동서대로1005번길 18,대전광역시 서구 내동 24-45,36.33356222,127.374611,2016,한전주,042-288-3950,대전광역시 서구청,2025-06-26
내동156,1,대전광역시 서구 도솔로245번길 46-8,대전광역시 서구 내동 24-15,36.333427,127.3756188,2016,한전주,042-288-3950,대전광역시 서구청,2025-06-26
내동157,1,대전광역시 서구 동서대로997번길 11,대전광역시 서구 내동 171-13,36.33384761,127.373589,2016,한전주,042-288-3950,대전광역시 서구청,2025-06-26
내동158,1,대전광역시 서구 동서대로997번길 14-6,대전광역시 서구 내동 25-23,36.333635,127.3738386,2016,한전주,042-288-3950,대전광역시 서구청,2025-06-26
내동159,1,대전광역시 서구 동서대로997번길 18,대전광역시 서구 내동 25-17,36.33393145,127.3740016,2016,한전주,042-288-3950,대전광역시 서구청,2025-06-26
내동160,1,대전광역시 서구 동서대로997번길 20-5,대전광역시 서구 내동 25-20,36.33398691,127.374264,2016,한전주,042-288-3950,대전광역시 서구청,2025-06-26
내동161,1,대전광역시 서구 도솔로251번길 74,대전광역시 서구 내동 41-12,36.334678,127.3748166,2016,한전주,042-288-3950,대전광역시 서구청,2025-06-26
내동162,1,대전광역시 서구 도솔로251번길 73,대전광역시 서구 내동 25-55,36.33436397,127.374757,2016,한전주,042-288-3950,대전광역시 서구청,2025-06-26
내동163,1,대전광역시 서구 도솔로251번길 66,대전광역시 서구 내동 41-9,36.334325,127.375200,2016,한전주,042-288-3950,대전광역시 서구청,2025-06-26
내동164,1,대전광역시 서구 동서대로1005번길 38,대전광역시 서구 내동 40-16,36.33426122,127.3753736,2016,한전주,042-288-3950,대전광역시 서구청,2025-06-26
내동165,1,대전광역시 서구 동서대로1005번길 48,대전광역시 서구 내동 40-9,36.334587,127.3757586,2016,한전주,042-288-3950,대전광역시 서구청,2025-06-26
내동166,1,대전광역시 서구 동서대로1005번길 56-5,대전광역시 서구 내동 40-26,36.33481698,127.376212,2016,한전주,042-288-3950,대전광역시 서구청,2025-06-26
내동167,1,대전광역시 서구 동서대로1005번길 56-1,대전광역시 서구 내동 40-28,36.33491256,127.3760722,2016,한전주,042-288-3950,대전광역시 서구청,2025-06-26
내동168,1,대전광역시 서구 동서대로1005번길 68,대전광역시 서구 내동 40-1,36.33517717,127.3764353,2016,한전주,042-288-3950,대전광역시 서구청,2025-06-26
내동169,1,대전광역시 서구 내동 동서대로1005번길 65,대전광역시 서구 내동 41-32,36.335344,127.376326,2016,한전주,042-288-3950,대전광역시 서구청,2025-06-26
내동170,1,대전광역시 서구 도솔로267번길 73,대전광역시 서구 내동 41-27,36.335573,127.3759152,2016,한전주,042-288-3950,대전광역시 서구청,2025-06-26
내동171,1,대전광역시 서구 동서대로1005번길 59-10,대전광역시 서구 내동 41-26,36.33541088,127.3758218,2016,전용주,042-288-3950,대전광역시 서구청,2025-06-26
내동172,1,대전광역시 서구 동서대로1005번길 59-6,대전광역시 서구 내동 41-30,36.33525666,127.3760054,2016,전용주,042-288-3950,대전광역시 서구청,2025-06-26
내동173,1,대전광역시 서구 동서대로1005번길 47-26,대전광역시 서구 내동 41-41,36.33511061,127.375230,2016,한전주,042-288-3950,대전광역시 서구청,2025-06-26
내동174,1,대전광역시 서구 동서대로1005번길 47-18,대전광역시 서구 내동 41-47,36.334804,127.3753758,2016,한전주,042-288-3950,대전광역시 서구청,2025-06-26
내동175,1,대전광역시 서구 동서대로997번길 50,대전광역시 서구 내동 41-15,36.33501763,127.375018,2016,한전주,042-288-3950,대전광역시 서구청,2025-06-26
내동176,1,대전광역시 서구 갈마로212번길 50-13,대전광역시 서구 내동 40-15,36.334109,127.3758128,2016,전용주,042-288-3950,대전광역시 서구청,2025-06-26
내동177,1,대전광역시 서구 갈마로212번길 50-7,대전광역시 서구 내동 40-12,36.334278,127.3758912,2016,한전주,042-288-3950,대전광역시 서구청,2025-06-26
내동178,1,대전광역시 서구 갈마로212번길 56,대전광역시 서구 내동 40-14,36.333975,127.3760106,2016,한전주,042-288-3950,대전광역시 서구청,2025-06-26
내동179,1,대전광역시 서구 갈마로212번길 48,대전광역시 서구 내동 40-43,36.33420977,127.376253,2016,전용주,042-288-3950,대전광역시 서구청,2025-06-26
내동180,1,대전광역시 서구 갈마로212번길 45,대전광역시 서구 내동 39-29,36.334183,127.3765206,2016,한전주,042-288-3950,대전광역시 서구청,2025-06-26
내동181,1,대전광역시 서구 갈마로212번길 45-2,대전광역시 서구 내동 39-27,36.334064,127.3767681,2016,한전주,042-288-3950,대전광역시 서구청,2025-06-26
내동182,1,대전광역시 서구 갈마로212번길 40,대전광역시 서구 내동 40-45,36.33447537,127.376566,2016,한전주,042-288-3950,대전광역시 서구청,2025-06-26
내동183,1,대전광역시 서구 갈마로212번길 35,대전광역시 서구 내동 39-18,36.33436661,127.3770776,2016,한전주,042-288-3950,대전광역시 서구청,2025-06-26
내동184,1,대전광역시 서구 내동 갈마로212번길 29,대전광역시 서구 내동 39-22,36.334650,127.3772112,2016,한전주,042-288-3950,대전광역시 서구청,2025-06-26
내동185,1,대전광역시 서구 도솔로267번길 51,대전광역시 서구 내동 40-4,36.33485479,127.3768739,2016,한전주,042-288-3950,대전광역시 서구청,2025-06-26
내동186,1,대전광역시 서구 도솔로267번길 58,대전광역시 서구 내동 38-53,36.335226,127.3767183,2016,한전주,042-288-3950,대전광역시 서구청,2025-06-26
내동187,1,대전광역시 서구 동서대로997번길 80-2,대전광역시 서구 내동 37-19,36.335810,127.3763862,2016,전용주,042-288-3950,대전광역시 서구청,2025-06-26
내동188,1,대전광역시 서구 동서대로997번길 98,대전광역시 서구 내동 37-1,36.336583,127.3768858,2016,한전주,042-288-3950,대전광역시 서구청,2025-06-26
내동189,1,대전광역시 서구 동서대로1005번길 89,대전광역시 서구 내동 37-6,36.336123,127.3770888,2016,한전주,042-288-3950,대전광역시 서구청,2025-06-26
내동190,1,대전광역시 서구 동서대로1005번길 87-1,대전광역시 서구 내동 37-8,36.336097,127.376891,2016,전용주,042-288-3950,대전광역시 서구청,2025-06-26
내동191,1,대전광역시 서구 동서대로1005번길 85,대전광역시 서구 내동 37-9,36.33601429,127.376888,2016,전용주,042-288-3950,대전광역시 서구청,2025-06-26
내동192,1,대전광역시 서구 동서대로1005번길 82,대전광역시 서구 내동 38-17,36.33568506,127.3769537,2016,한전주,042-288-3950,대전광역시 서구청,2025-06-26
내동193,1,대전광역시 서구 동서대로1005번길 84-7,대전광역시 서구 내동 38-31,36.33566845,127.377203,2016,전용주,042-288-3950,대전광역시 서구청,2025-06-26
내동194,1,대전광역시 서구 동서대로1005번길 78-1,대전광역시 서구 내동 38-49,36.33543519,127.377072,2016,한전주,042-288-3950,대전광역시 서구청,2025-06-26
내동195,1,대전광역시 서구 동서대로1005번길 72,대전광역시 서구 내동 38-15,36.33538456,127.376680,2016,한전주,042-288-3950,대전광역시 서구청,2025-06-26
내동196,1,대전광역시 서구 갈마로212번길 23,대전광역시 서구 내동 34-11,36.33484165,127.3772682,2016,한전주,042-288-3950,대전광역시 서구청,2025-06-26
내동197,1,대전광역시 서구 갈마로212번길 22,대전광역시 서구 내동 38-38,36.33505081,127.377231,2016,전용주,042-288-3950,대전광역시 서구청,2025-06-26
내동199,1,대전광역시 서구 갈마로212번길 17,대전광역시 서구 내동 34-18,36.33506102,127.377514,2016,한전주,042-288-3950,대전광역시 서구청,2025-06-26
내동200,1,대전광역시 서구 갈마로212번길 13-6,대전광역시 서구 내동 34-38,36.33502971,127.377868,2016,한전주,042-288-3950,대전광역시 서구청,2025-06-26
내동201,1,대전광역시 서구 갈마로212번길 8-4,대전광역시 서구 내동 38-6,36.33561389,127.3778036,2016,한전주,042-288-3950,대전광역시 서구청,2025-06-26
내동202,1,대전광역시 서구 갈마로212번길 7-1,대전광역시 서구 내동 34-27,36.33548543,127.377914,2016,한전주,042-288-3950,대전광역시 서구청,2025-06-26
내동203,1,대전광역시 서구 도솔로279번길 45,대전광역시 서구 내동 34-1,36.33555677,127.378065,2016,한전주,042-288-3950,대전광역시 서구청,2025-06-26
내동204,1,대전광역시 서구 도솔로279번길 45,대전광역시 서구 내동 34-1,36.335559,127.3780841,2016,한전주,042-288-3950,대전광역시 서구청,2025-06-26
내동205,1,대전광역시 서구 도솔로279번길 37,대전광역시 서구 내동 34-32,36.335362,127.3783635,2016,한전주,042-288-3950,대전광역시 서구청,2025-06-26
내동206,1,대전광역시 서구 도솔로267번길 37,대전광역시 서구 내동 39-1,36.33439517,127.3773071,2016,한전주,042-288-3950,대전광역시 서구청,2025-06-26
내동207,1,대전광역시 서구 내동 갈마로212번길 29,대전광역시 서구 내동 39-21,36.33464042,127.3772112,2016,한전주,042-288-3950,대전광역시 서구청,2025-06-26
내동208,1,대전광역시 서구 도솔로279번길 49,대전광역시 서구 내동 38-5,36.33569828,127.377975,2016,한전주,042-288-3950,대전광역시 서구청,2025-06-26
내동209,1,대전광역시 서구 갈마로 212-7,대전광역시 서구 내동 35-35,36.33587207,127.3783744,2016,한전주,042-288-3950,대전광역시 서구청,2025-06-26
내동210,1,대전광역시 서구 갈마로 212-8,대전광역시 서구 내동 35-29,36.336029,127.3781866,2016,전용주,042-288-3950,대전광역시 서구청,2025-06-26
내동211,1,대전광역시 서구 도솔로279번길 51,대전광역시 서구 내동 38-4,36.33576002,127.377786,2016,한전주,042-288-3950,대전광역시 서구청,2025-06-26
내동212,1,대전광역시 서구 도솔로279번길 59,대전광역시 서구 내동 38-42,36.33602306,127.377542,2016,한전주,042-288-3950,대전광역시 서구청,2025-06-26
내동213,1,대전광역시 서구 도솔로279번길 62,대전광역시 서구 내동 35-14,36.336262,127.3777115,2016,한전주,042-288-3950,대전광역시 서구청,2025-06-26
내동214,1,대전광역시 서구 동서대로1005번길 106,대전광역시 서구 내동 35-16,36.33635753,127.377948,2016,한전주,042-288-3950,대전광역시 서구청,2025-06-26
내동215,1,대전광역시 서구 대덕대로22번길 40,대전광역시 서구 내동 171-12,36.33398469,127.3734337,2016,전용주,042-288-3950,대전광역시 서구청,2025-06-26
내동216,1,대전광역시 서구 대덕대로22번길 32,대전광역시 서구 내동 171-9,36.334372,127.3732955,2016,한전주,042-288-3950,대전광역시 서구청,2025-06-26
내동217,1,,대전광역시 서구 내동 171-1,36.33501719,127.373075,2016,한전주,042-288-3950,대전광역시 서구청,2025-06-26
내동218,1,,대전광역시 서구 내동 218-3,36.33539832,127.373110,2016,한전주,042-288-3950,대전광역시 서구청,2025-06-26
내동219,1,대전광역시 서구 대덕대로 16-1,대전광역시 서구 내동 173-4,36.335115,127.3726999674,2016,한전주,042-288-3950,대전광역시 서구청,2025-06-26
내동220,1,대전광역시 서구 동서대로993번길 25,대전광역시 서구 내동 170-12,36.334638,127.372711,2016,한전주,042-288-3950,대전광역시 서구청,2025-06-26
내동221,1,대전광역시 서구 동서대로993번길 5-12,대전광역시 서구 내동 170-9,36.334145,127.3726819,2016,한전주,042-288-3950,대전광역시 서구청,2025-06-26
내동222,1,대전광역시 서구 동서대로993번길 5-10,대전광역시 서구 내동 170-8,36.334051,127.3726283,2016,한전주,042-288-3950,대전광역시 서구청,2025-06-26
내동223,1,대전광역시 서구 동서대로993번길 11,대전광역시 서구 내동 170-6,36.33392502,127.3729728,2016,한전주,042-288-3950,대전광역시 서구청,2025-06-26
내동224,1,대전광역시 서구 동서대로997번길 5-6,대전광역시 서구 내동 171-15,36.333735,127.3732718,2016,한전주,042-288-3950,대전광역시 서구청,2025-06-26
내동225,1,대전광역시 서구 동서대로993번길 26,대전광역시 서구 내동 171-23,36.334655,127.372900,2016,한전주,042-288-3950,대전광역시 서구청,2025-06-26
내동226,1,대전광역시 서구 동서대로993번길 22,대전광역시 서구 내동 171-22,36.33453605,127.3730516,2016,전용주,042-288-3950,대전광역시 서구청,2025-06-26
내동227,1,대전광역시 서구 동서대로993번길 17,대전광역시 서구 내동 170-3,36.33427066,127.3728175,2016,한전주,042-288-3950,대전광역시 서구청,2025-06-26
내동228,1,대전광역시 서구 동서대로993번길 12,대전광역시 서구 내동 171-18,36.33404625,127.3732554,2016,한전주,042-288-3950,대전광역시 서구청,2025-06-26
내동229,1,대전광역시 서구 대덕대로22번길 5-14,대전광역시 서구 내동 218-5,36.3357916,127.3734163,2016,전용주,042-288-3950,대전광역시 서구청,2025-06-26
내동230,1,대전광역시 서구 대덕대로22번길 5-18,대전광역시 서구 내동 218,36.335994,127.3733649,2016,한전주,042-288-3950,대전광역시 서구청,2025-06-26
내동231,1,대전광역시 서구 대덕대로21번길 6-8,대전광역시 서구 내동 159-1,36.336141,127.3725006,2016,한전주,042-288-3950,대전광역시 서구청,2025-06-26
내동232,1,대전광역시 서구 대덕대로21번길 6-17,대전광역시 서구 내동 158-5,36.33615487,127.371855,2016,한전주,042-288-3950,대전광역시 서구청,2025-06-26
내동233,1,대전광역시 서구 대덕대로21번길 6-21,대전광역시 서구 내동 158-3,36.3362041,127.371543,2016,한전주,042-288-3950,대전광역시 서구청,2025-06-26
내동234,1,대전광역시 서구 대덕대로21번길 6-25,대전광역시 서구 내동 158-1,36.33629496,127.371321,2016,전용주,042-288-3950,대전광역시 서구청,2025-06-26
내동235,1,대전광역시 서구 대덕대로21번길 6-25,대전광역시 서구 내동 158-1,36.336242,127.3713744,2016,전용주,042-288-3950,대전광역시 서구청,2025-06-26
내동236,1,대전광역시 서구 대덕대로21번길 6-25,대전광역시 서구 내동 158-1,36.33629496,127.3713744,2016,전용주,042-288-3950,대전광역시 서구청,2025-06-26
내동237,1,대전광역시 서구 대덕대로21번길 18,대전광역시 서구 내동 158-14,36.3360925,127.3715377,2016,한전주,042-288-3950,대전광역시 서구청,2025-06-26
내동238,1,대전광역시 서구 대덕대로21번길 14,대전광역시 서구 내동 158-12,36.3360383,127.371708,2016,한전주,042-288-3950,대전광역시 서구청,2025-06-26
내동239,1,대전광역시 서구 대덕대로 21,대전광역시 서구 내동 160-1,36.33567949,127.3722637,2016,한전주,042-288-3950,대전광역시 서구청,2025-06-26
내동240,1,대전광역시 서구 대덕대로 21,대전광역시 서구 내동 160-1,36.335685,127.3722637,2016,한전주,042-288-3950,대전광역시 서구청,2025-06-26
내동241,1,대전광역시 서구 대덕대로21번길 5-8,대전광역시 서구 내동 161-6,36.33552482,127.3718951,2016,한전주,042-288-3950,대전광역시 서구청,2025-06-26
내동242,1,대전광역시 서구 대덕대로 13,대전광역시 서구 내동 160-7,36.335138,127.3720557,2016,한전주,042-288-3950,대전광역시 서구청,2025-06-26
내동243,1,대전광역시 서구 대덕대로21번길 5-26,대전광역시 서구 내동 161-9,36.334821,127.3715796,2016,한전주,042-288-3950,대전광역시 서구청,2025-06-26
내동244,1,대전광역시 서구 대덕대로21번길 5-30,대전광역시 서구 내동 161-11,36.33458624,127.371420,2016,한전주,042-288-3950,대전광역시 서구청,2025-06-26
내동245,1,대전광역시 서구 대덕대로21번길 5-39,대전광역시 서구 내동 160-20,36.33441338,127.3710884,2016,한전주,042-288-3950,대전광역시 서구청,2025-06-26
내동246,1,대전광역시 서구 대덕대로21번길 11-28,대전광역시 서구 내동 162-11,36.33481588,127.3711662,2016,한전주,042-288-3950,대전광역시 서구청,2025-06-26
내동247,1,대전광역시 서구 대덕대로21번길 11-22,대전광역시 서구 내동 162-9,36.335005,127.371286,2016,한전주,042-288-3950,대전광역시 서구청,2025-06-26
내동248,1,대전광역시 서구 대덕대로21번길 11-14,대전광역시 서구 내동 162-6,36.33535679,127.371466,2016,한전주,042-288-3950,대전광역시 서구청,2025-06-26
내동249,1,대전광역시 서구 대덕대로21번길 11-6,대전광역시 서구 내동 162-3,36.33571294,127.371591,2016,한전주,042-288-3950,대전광역시 서구청,2025-06-26
내동250,1,대전광역시 서구 동서대로973번길 30,대전광역시 서구 내동 162-20,36.335672,127.3714076,2016,한전주,042-288-3950,대전광역시 서구청,2025-06-26
내동251,1,대전광역시 서구 동서대로973번길 25,대전광역시 서구 내동 163-5,36.335418,127.3710573,2016,한전주,042-288-3950,대전광역시 서구청,2025-06-26
내동252,1,대전광역시 서구 동서대로973번길 15,대전광역시 서구 내동 163-9,36.33502871,127.3708557,2016,한전주,042-288-3950,대전광역시 서구청,2025-06-26
내동253,1,대전광역시 서구 동서대로973번길 7,대전광역시 서구 내동 163-11,36.334729,127.370779,2016,한전주,042-288-3950,대전광역시 서구청,2025-06-26
내동254,1,대전광역시 서구 대덕대로21번길 25-29,대전광역시 서구 내동 163-12,36.33480491,127.3705754,2016,한전주,042-288-3950,대전광역시 서구청,2025-06-26
내동255,1,대전광역시 서구 대덕대로21번길 25-25,대전광역시 서구 내동 163-13,36.334926,127.3706683,2016,한전주,042-288-3950,대전광역시 서구청,2025-06-26
내동256,1,대전광역시 서구 대덕대로21번길 25-19,대전광역시 서구 내동 163-15,36.33522418,127.3707942,2016,한전주,042-288-3950,대전광역시 서구청,2025-06-26
내동257,1,대전광역시 서구 대덕대로21번길 25-13,대전광역시 서구 내동 163-17,36.33553657,127.3709259,2016,한전주,042-288-3950,대전광역시 서구청,2025-06-26
내동258,1,대전광역시 서구 대덕대로21번길 23,대전광역시 서구 내동 163-1,36.33591897,127.3711207,2016,한전주,042-288-3950,대전광역시 서구청,2025-06-26
내동259,1,대전광역시 서구 동서대로 957,대전광역시 서구 내동 152-4,36.33472878,127.3692597,2016,전용주,042-288-3950,대전광역시 서구청,2025-06-26
내동260,1,대전광역시 서구 신갈마로 8-32,대전광역시 서구 내동 152-14,36.33511958,127.3693015,2016,전용주,042-288-3950,대전광역시 서구청,2025-06-26
내동261,1,대전광역시 서구 신갈마로 8-32,대전광역시 서구 내동 152-14,36.33511958,127.3693015,2016,전용주,042-288-3950,대전광역시 서구청,2025-06-26
내동262,1,대전광역시 서구 신갈마로 8-24,대전광역시 서구 내동 152-16,36.33515351,127.368801,2016,전용주,042-288-3950,대전광역시 서구청,2025-06-26
내동263,1,대전광역시 서구 신갈마로 8-22,대전광역시 서구 내동 152-17,36.33515068,127.368626,2016,전용주,042-288-3950,대전광역시 서구청,2025-06-26
내동264,1,대전광역시 서구 신갈마로 8-14,대전광역시 서구 내동 152-18,36.33512496,127.3683166,2016,전용주,042-288-3950,대전광역시 서구청,2025-06-26
내동265,1,대전광역시 서구 신갈마로 8-8,대전광역시 서구 내동 152-19,36.33511692,127.3680623,2016,전용주,042-288-3950,대전광역시 서구청,2025-06-26
내동266,1,대전광역시 서구 동서대로 958,대전광역시 서구 내동 155-8,36.33377397,127.3690581,2016,한전주,042-288-3950,대전광역시 서구청,2025-06-26
내동267,1,대전광역시 서구 동서대로 976,대전광역시 서구 내동 165,36.33362221,127.3713286,2016,전용주,042-288-3950,대전광역시 서구청,2025-06-26
내동268,1,대전광역시 서구 동서대로 976,대전광역시 서구 내동 165,36.333626,127.3713286,2016,전용주,042-288-3950,대전광역시 서구청,2025-06-26
내동269,1,대전광역시 서구 동서대로 976,대전광역시 서구 내동 165,36.33362221,127.3713286,2016,한전주,042-288-3950,대전광역시 서구청,2025-06-26
내동270,1,대전광역시 서구 배재로 262-10,대전광역시 서구 내동 186-43,36.33136973,127.371646,2016,한전주,042-288-3950,대전광역시 서구청,2025-06-26
내동271,1,대전광역시 서구 배재로 262-14,대전광역시 서구 내동 186-52,36.33125553,127.3717652,2016,한전주,042-288-3950,대전광역시 서구청,2025-06-26
내동272,1,대전광역시 서구 배재로 262-18,대전광역시 서구 내동 186-44,36.33119212,127.371990,2016,전용주,042-288-3950,대전광역시 서구청,2025-06-26
내동273,1,대전광역시 서구 배재로262번길 24,대전광역시 서구 내동 186-17,36.3313317,127.3723676,2016,한전주,042-288-3950,대전광역시 서구청,2025-06-26
내동274,1,대전광역시 서구 배재로262번길 23-3,대전광역시 서구 내동 26-27,36.331628,127.372489,2016,한전주,042-288-3950,대전광역시 서구청,2025-06-26
내동275,1,대전광역시 서구 배재로262번길 20,대전광역시 서구 내동 186-63,36.33138991,127.372219,2016,전용주,042-288-3950,대전광역시 서구청,2025-06-26
내동276,1,대전광역시 서구 배재로262번길 14,대전광역시 서구 내동 186-56,36.33150363,127.371936,2016,한전주,042-288-3950,대전광역시 서구청,2025-06-26
내동277,1,대전광역시 서구 배재로 262,대전광역시 서구 내동 186-39,36.33175911,127.371418,2016,한전주,042-288-3950,대전광역시 서구청,2025-06-26
내동278,1,대전광역시 서구 배재로262번길 7,대전광역시 서구 내동 186-49,36.33193724,127.371879,2016,한전주,042-288-3950,대전광역시 서구청,2025-06-26
내동279,1,대전광역시 서구 동서대로998번길 31,대전광역시 서구 내동 26-45,36.3318438,127.3723225,2016,한전주,042-288-3950,대전광역시 서구청,2025-06-26
내동280,1,대전광역시 서구 동서대로998번길 26,대전광역시 서구 내동 186-19,36.332170,127.3722601,2016,한전주,042-288-3950,대전광역시 서구청,2025-06-26
내동281,1,대전광역시 서구 배재로 270-14,대전광역시 서구 내동 186-103,36.332242,127.3720676,2016,한전주,042-288-3950,대전광역시 서구청,2025-06-26
내동282,1,대전광역시 서구 내동 배재로 270-8,대전광역시 서구 내동 186-105,36.33229303,127.3718337,2016,한전주,042-288-3950,대전광역시 서구청,2025-06-26
내동283,1,대전광역시 서구 내동 배재로 274-8,대전광역시 서구 내동 186-70,36.33265342,127.3718891,2016,한전주,042-288-3950,대전광역시 서구청,2025-06-26
내동284,1,대전광역시 서구 배재로 274-16,대전광역시 서구 내동 185-2,36.332571,127.3722688,2016,전용주,042-288-3950,대전광역시 서구청,2025-06-26
내동285,1,대전광역시 서구 동서대로998번길 19,대전광역시 서구 내동 26-11,36.33223801,127.3726013,2016,한전주,042-288-3950,대전광역시 서구청,2025-06-26
내동286,1,대전광역시 서구 동서대로998번길 13-5,대전광역시 서구 내동 26-13,36.33256512,127.372990,2016,한전주,042-288-3950,대전광역시 서구청,2025-06-26
내동287,1,대전광역시 서구 동서대로998번길 15,대전광역시 서구 내동 26-20,36.33237748,127.3728696,2016,한전주,042-288-3950,대전광역시 서구청,2025-06-26
내동288,1,대전광역시 서구 동서대로998번길 7,대전광역시 서구 내동 26-48,36.332752,127.3729173,2016,한전주,042-288-3950,대전광역시 서구청,2025-06-26
내동289,1,대전광역시 서구 동서대로998번길 7-8,대전광역시 서구 내동 26-47,36.33253935,127.3734126,2016,전용주,042-288-3950,대전광역시 서구청,2025-06-26
내동290,1,대전광역시 서구 동서대로998번길 3,대전광역시 서구 내동 26-49,36.33294244,127.3731274,2016,한전주,042-288-3950,대전광역시 서구청,2025-06-26
내동291,1,대전광역시 서구 동서대로1005번길 29,대전광역시 서구 내동 25-52,36.33401168,127.3748584,2016,한전주,042-288-3950,대전광역시 서구청,2025-06-26
내동292,1,대전광역시 서구 동서대로998번길 13-14,대전광역시 서구 내동 26-36,36.33221152,127.3732334,2016,한전주,042-288-3950,대전광역시 서구청,2025-06-26
내동293,1,대전광역시 서구 동서대로1006번길 11-4,대전광역시 서구 내동 27-33,36.3321343,127.373599,2016,한전주,042-288-3950,대전광역시 서구청,2025-06-26
내동294,1,대전광역시 서구 동서대로998번길 13-14,대전광역시 서구 내동 26-36,36.33221152,127.3732334,2016,한전주,042-288-3950,대전광역시 서구청,2025-06-26
내동295,1,대전광역시 서구 동서대로1006번길 26,대전광역시 서구 내동 26-6,36.331776,127.3729391,2016,한전주,042-288-3950,대전광역시 서구청,2025-06-26
내동296,1,대전광역시 서구 동서대로1006번길 32,대전광역시 서구 내동 26-12,36.331571,127.3727755,2016,한전주,042-288-3950,대전광역시 서구청,2025-06-26
내동297,1,대전광역시 서구 동서대로1014번길 26,대전광역시 서구 내동 27-3,36.33158973,127.373412,2016,한전주,042-288-3950,대전광역시 서구청,2025-06-26
내동298,1,대전광역시 서구 동서대로1014번길 25,대전광역시 서구 내동 28-4,36.33124583,127.3742117,2016,한전주,042-288-3950,대전광역시 서구청,2025-06-26
내동299,1,대전광역시 서구 동서대로1022번길 23,대전광역시 서구 내동 29-51,36.330937,127.3746343,2016,한전주,042-288-3950,대전광역시 서구청,2025-06-26
내동300,1,대전광역시 서구 배재로262번길 67-18,대전광역시 서구 내동 29-6,36.3311352,127.374765,2016,전용주,042-288-3950,대전광역시 서구청,2025-06-26
내동301,1,대전광역시 서구 배재로262번길 67-11,대전광역시 서구 내동 29-45,36.330953,127.3748197,2016,전용주,042-288-3950,대전광역시 서구청,2025-06-26
내동302,1,대전광역시 서구 배재로262번길 67-18,대전광역시 서구 내동 29-6,36.331170,127.3747736,2016,한전주,042-288-3950,대전광역시 서구청,2025-06-26
내동303,1,대전광역시 서구 동서대로1022번길 7-11,대전광역시 서구 내동 29-38,36.33115947,127.3750232,2016,한전주,042-288-3950,대전광역시 서구청,2025-06-26
내동304,1,대전광역시 서구 동서대로1022번길 7-10,대전광역시 서구 내동 29-41,36.331479,127.3749047,2016,한전주,042-288-3950,대전광역시 서구청,2025-06-26
내동305,1,대전광역시 서구 동서대로1022번길 7-3,대전광역시 서구 내동 29-34,36.331525,127.3752834,2016,한전주,042-288-3950,대전광역시 서구청,2025-06-26
내동306,1,대전광역시 서구 동서대로1022번길 7-1,대전광역시 서구 내동 29-8,36.331640,127.3750733,2016,한전주,042-288-3950,대전광역시 서구청,2025-06-26
내동307,1,대전광역시 서구 동서대로 1012,대전광역시 서구 내동 27-1,36.33233418,127.3741837,2016,한전주,042-288-3950,대전광역시 서구청,2025-06-26
내동308,1,대전광역시 서구 동서대로1014번길 8-4,대전광역시 서구 내동 27-37,36.332068,127.3741993,2016,한전주,042-288-3950,대전광역시 서구청,2025-06-26
내동309,1,대전광역시 서구 동서대로1030번길 3,대전광역시 서구 내동 30-24,36.33128393,127.3758242,2016,한전주,042-288-3950,대전광역시 서구청,2025-06-26
내동310,1,대전광역시 서구 동서대로1030번길 8,대전광역시 서구 내동 29-18,36.33127239,127.3755964,2016,한전주,042-288-3950,대전광역시 서구청,2025-06-26
내동311,1,대전광역시 서구 동서대로1030번길 10,대전광역시 서구 내동 29-20,36.33115178,127.3755205,2016,전용주,042-288-3950,대전광역시 서구청,2025-06-26
내동312,1,대전광역시 서구 동서대로1030번길 14,대전광역시 서구 내동 29-4,36.33099651,127.375496,2016,한전주,042-288-3950,대전광역시 서구청,2025-06-26
내동313,1,대전광역시 서구 동서대로1030번길 22,대전광역시 서구 내동 29-65,36.330625,127.375193,2016,한전주,042-288-3950,대전광역시 서구청,2025-06-26
내동314,1,,대전광역시 서구 내동 29-48,36.33060066,127.374667,2016,한전주,042-288-3950,대전광역시 서구청,2025-06-26
내동315,1,대전광역시 서구 동서대로1030번길 17,대전광역시 서구 내동 30-9,36.33071762,127.3756549,2016,한전주,042-288-3950,대전광역시 서구청,2025-06-26
내동316,1,대전광역시 서구 도솔로 223-1,대전광역시 서구 내동 30-22,36.3301971,127.3758842,2016,한전주,042-288-3950,대전광역시 서구청,2025-06-26
내동317,1,대전광역시 서구 내동 도솔로 225-3,대전광역시 서구 내동 30-16,36.33048322,127.3758445,2016,전용주,042-288-3950,대전광역시 서구청,2025-06-26
내동318,1,대전광역시 서구 도솔로 231-5,대전광역시 서구 내동 30-2,36.33096203,127.3759969,2016,한전주,042-288-3950,대전광역시 서구청,2025-06-26
내동319,1,대전광역시 서구 신갈마로 8-16,대전광역시 서구 내동 152-21,36.334999,127.3684144,2016,한전주,042-288-3950,대전광역시 서구청,2025-06-26
내동320,1,대전광역시 서구 신갈마로 8-18,대전광역시 서구 내동 152-22,36.334998,127.3686502,2016,한전주,042-288-3950,대전광역시 서구청,2025-06-26
내동321,1,대전광역시 서구 신갈마로 8-38,대전광역시 서구 내동 152-23,36.33494404,127.3688624,2016,전용주,042-288-3950,대전광역시 서구청,2025-06-26
내동323,1,대전광역시 서구 동서대로 1016,대전광역시 서구 내동 28-20,36.332160,127.3746072,2023,한전주,042-288-3950,대전광역시 서구청,2025-06-26
내동324,1,대전광역시 서구 대덕대로22번길 34,대전광역시 서구 내동 171-10,36.334198,127.373357,2023,전용주,042-288-3950,대전광역시 서구청,2025-06-26
내동325,1,대전광역시 서구 동서대로997번길 6,대전광역시 서구 내동 25-46,36.33350226,127.3737288,2023,한전주,042-288-3950,대전광역시 서구청,2025-06-26
내동326,1,대전광역시 서구 내동 도솔로279변길 25,대전광역시 서구 내동 33-1,36.33484195,127.378863,2023,한전주,042-288-3950,대전광역시 서구청,2025-06-26
내동327,1,대전광역시 서구 동서대로1030번길 15,대전광역시 서구 내동 30-10,36.330929,127.3756178,2023,한전주,042-288-3950,대전광역시 서구청,2025-06-26
내동328,1,대전광역시 서구 대덕대로21번길 25-9,대전광역시 서구 내동 163-18,36.335697,127.3710021,2023,한전주,042-288-3950,대전광역시 서구청,2025-06-26
내동329,1,대전광역시 서구 대덕대로21번길 22,대전광역시 서구 내동 158-16,36.336156,127.371247,2023,한전주,042-288-3950,대전광역시 서구청,2025-06-26
내동330,1,대전광역시 서구 대덕대로21번길 22,대전광역시 서구 내동 158-16,36.336131,127.371236,2023,전용주,042-288-3950,대전광역시 서구청,2025-06-26
내동331,1,,대전광역시 서구 내동 10-6,36.330471,127.3814619,2023,한전주,042-288-3950,대전광역시 서구청,2025-06-26
내동332,1,,대전광역시 서구 내동 208,36.33452335,127.3748467,2023,전용주,042-288-3950,대전광역시 서구청,2025-06-26
도마1동001,1,대전광역시 서구 배재로 206,대전광역시 서구 도마동 14-4,36.32698802,127.3708885,2016,한전주,042-288-3950,대전광역시 서구청,2025-06-26
도마1동002,1,대전광역시 서구 변동중로 9-15,대전광역시 서구 도마동 14-2,36.327585,127.3710484,2016,한전주,042-288-3950,대전광역시 서구청,2025-06-26
도마1동003,1,대전광역시 서구 변동중로 24-2,대전광역시 서구 도마동 16-16,36.32718503,127.372798,2016,한전주,042-288-3950,대전광역시 서구청,2025-06-26
도마1동004,1,대전광역시 서구 도마로25번길 105,대전광역시 서구 도마동 16-24,36.327274,127.3730695,2016,한전주,042-288-3950,대전광역시 서구청,2025-06-26
도마1동005,1,대전광역시 서구 도마로25번길 106,대전광역시 서구 도마동 18-1,36.32715601,127.373213,2016,한전주,042-288-3950,대전광역시 서구청,2025-06-26
도마1동006,1,대전광역시 서구 도마로25번길 100,대전광역시 서구 도마동 18-7,36.32691586,127.373206,2016,한전주,042-288-3950,대전광역시 서구청,2025-06-26
도마1동007,1,대전광역시 서구 도마로25번길 94-1,대전광역시 서구 도마동 18-11,36.326652,127.3732773,2016,한전주,042-288-3950,대전광역시 서구청,2025-06-26
도마1동008,1,대전광역시 서구 도마로25번길 92,대전광역시 서구 도마동 18-21,36.32651697,127.3732651,2016,한전주,042-288-3950,대전광역시 서구청,2025-06-26
도마1동009,1,대전광역시 서구 도마동 도솔로175번길 17,대전광역시 서구 도마동 20-1,36.32622557,127.3730207,2016,한전주,042-288-3950,대전광역시 서구청,2025-06-26
도마1동010,1,대전광역시 서구 배재로186번길 39-28,대전광역시 서구 도마동 20-17,36.32625357,127.3728273,2016,한전주,042-288-3950,대전광역시 서구청,2025-06-26
도마1동011,1,대전광역시 서구 도솔로175번길 28,대전광역시 서구 도마동 16-27,36.32641679,127.372491,2016,한전주,042-288-3950,대전광역시 서구청,2025-06-26
도마1동012,1,대전광역시 서구 도솔로175번길 36,대전광역시 서구 도마동 16-59,36.3264302,127.3719892,2016,한전주,042-288-3950,대전광역시 서구청,2025-06-26
도마1동013,1,대전광역시 서구 도솔로175번길 36,대전광역시 서구 도마동 16-59,36.3264302,127.3719892,2016,한전주,042-288-3950,대전광역시 서구청,2025-06-26
도마1동014,1,대전광역시 서구 도솔로175번길 42,대전광역시 서구 도마동 16-46,36.326412,127.3716297,2016,한전주,042-288-3950,대전광역시 서구청,2025-06-26
도마1동015,1,대전광역시 서구 변동중로 8,대전광역시 서구 도마동 16-49,36.32647024,127.3711689,2016,한전주,042-288-3950,대전광역시 서구청,2025-06-26
도마1동016,1,대전광역시 서구 도마로7번길 82,대전광역시 서구 도마동 22-37,36.326113,127.371443,2016,한전주,042-288-3950,대전광역시 서구청,2025-06-26
도마1동017,1,대전광역시 서구 도마로7번길 74,대전광역시 서구 도마동 22-42,36.325861,127.371434,2016,한전주,042-288-3950,대전광역시 서구청,2025-06-26
도마1동018,1,대전광역시 서구 도마로7번길 70,대전광역시 서구 도마동 22-11,36.325564,127.3712818,2016,한전주,042-288-3950,대전광역시 서구청,2025-06-26
도마1동019,1,대전광역시 서구 도마로7번길 64,대전광역시 서구 도마동 22-6,36.3254076,127.3714195,2016,전용주,042-288-3950,대전광역시 서구청,2025-06-26
도마1동020,1,대전광역시 서구 배재로186번길 10,대전광역시 서구 도마동 24-45,36.32499001,127.370915,2016,한전주,042-288-3950,대전광역시 서구청,2025-06-26
도마1동021,1,대전광역시 서구 배재로186번길 8,대전광역시 서구 도마동 24-46,36.3249958,127.370737,2016,한전주,042-288-3950,대전광역시 서구청,2025-06-26
도마1동022,1,대전광역시 서구 배재로186번길 23-22,대전광역시 서구 도마동 21-21,36.326071,127.3719292,2016,한전주,042-288-3950,대전광역시 서구청,2025-06-26
도마1동023,1,대전광역시 서구 배재로186번길 23-20,대전광역시 서구 도마동 21-42,36.32589438,127.3719234,2016,한전주,042-288-3950,대전광역시 서구청,2025-06-26
도마1동024,1,대전광역시 서구 배재로186번길 27-13,대전광역시 서구 도마동 21-48,36.32566997,127.3718985,2016,한전주,042-288-3950,대전광역시 서구청,2025-06-26
도마1동025,1,대전광역시 서구 배재로186번길 23-23,대전광역시 서구 도마동 22-29,36.325709,127.371539,2016,한전주,042-288-3950,대전광역시 서구청,2025-06-26
도마1동026,1,대전광역시 서구 배재로186번길 23-8,대전광역시 서구 도마동 21-19,36.325415,127.371816,2016,한전주,042-288-3950,대전광역시 서구청,2025-06-26
도마1동027,1,대전광역시 서구 도마로7번길 64,대전광역시 서구 도마동 22-6,36.3254076,127.371461,2016,한전주,042-288-3950,대전광역시 서구청,2025-06-26
도마1동028,1,대전광역시 서구 배재로186번길 25,대전광역시 서구 도마동 21-39,36.32519013,127.3718886,2016,한전주,042-288-3950,대전광역시 서구청,2025-06-26
도마1동029,1,대전광역시 서구 배재로186번길 29,대전광역시 서구 도마동 21-10,36.32516404,127.372105,2016,한전주,042-288-3950,대전광역시 서구청,2025-06-26
도마1동030,1,대전광역시 서구 배재로186번길 27-8,대전광역시 서구 도마동 21-12,36.32541734,127.3721131,2016,한전주,042-288-3950,대전광역시 서구청,2025-06-26
도마1동031,1,대전광역시 서구 배재로186번길 27-16,대전광역시 서구 도마동 21-15,36.325773,127.3721378,2016,한전주,042-288-3950,대전광역시 서구청,2025-06-26
도마1동032,1,대전광역시 서구 배재로186번길 27-24,대전광역시 서구 도마동 21-46,36.32614398,127.3721625,2016,한전주,042-288-3950,대전광역시 서구청,2025-06-26
도마1동033,1,대전광역시 서구 도마동 도마로19번길 80,대전광역시 서구 도마동 20-48,36.326037,127.3725852,2016,한전주,042-288-3950,대전광역시 서구청,2025-06-26
도마1동034,1,대전광역시 서구 도마로19번길 76,대전광역시 서구 도마동 20-26,36.325887,127.3725681,2016,전용주,042-288-3950,대전광역시 서구청,2025-06-26
도마1동035,1,대전광역시 서구 도마로19번길 66,대전광역시 서구 도마동 20-23,36.32544731,127.3725577,2016,한전주,042-288-3950,대전광역시 서구청,2025-06-26
도마1동036,1,대전광역시 서구 도마동 배재로186번길 31,대전광역시 서구 도마동 488,36.32169392,127.3729351,2016,한전주,042-288-3950,대전광역시 서구청,2025-06-26
도마1동037,1,대전광역시 서구 도마동 도마로19번길 56,대전광역시 서구 도마동 488,36.32169392,127.3729351,2016,한전주,042-288-3950,대전광역시 서구청,2025-06-26
도마1동038,1,대전광역시 서구 도마동 배재로186번길 40-1,대전광역시 서구 도마동 31-38,36.325046,127.372630,2016,한전주,042-288-3950,대전광역시 서구청,2025-06-26
도마1동039,1,대전광역시 서구 도마동 배재로186번길 40-1,대전광역시 서구 도마동 31-38,36.324917,127.372587,2016,전용주,042-288-3950,대전광역시 서구청,2025-06-26
도마1동040,1,대전광역시 서구 배재로186번길 39-14,대전광역시 서구 도마동 20-14,36.32551555,127.3727827,2016,한전주,042-288-3950,대전광역시 서구청,2025-06-26
도마1동041,1,대전광역시 서구 배재로186번길 39-24,대전광역시 서구 도마동 20-40,36.326059,127.3728314,2016,한전주,042-288-3950,대전광역시 서구청,2025-06-26
도마1동042,1,대전광역시 서구 도마로25번길 80,대전광역시 서구 도마동 19-30,36.326028,127.3734114,2016,한전주,042-288-3950,대전광역시 서구청,2025-06-26
도마1동043,1,대전광역시 서구 도마로25번길 71,대전광역시 서구 도마동 20-51,36.325628,127.3729646,2016,한전주,042-288-3950,대전광역시 서구청,2025-06-26
도마1동044,1,대전광역시 서구 도마로25번길 67,대전광역시 서구 도마동 20-6,36.325493,127.3729323,2016,한전주,042-288-3950,대전광역시 서구청,2025-06-26
도마1동045,1,대전광역시 서구 도마로25번길 61,대전광역시 서구 도마동 20-32,36.325211,127.372999,2016,한전주,042-288-3950,대전광역시 서구청,2025-06-26
도마1동046,1,대전광역시 서구 배재로186번길 44,대전광역시 서구 도마동 31-1,36.3249604,127.372791,2016,한전주,042-288-3950,대전광역시 서구청,2025-06-26
도마1동047,1,대전광역시 서구 배재로186번길 53,대전광역시 서구 도마동 19-26,36.3251448,127.373420,2016,한전주,042-288-3950,대전광역시 서구청,2025-06-26
도마1동048,1,대전광역시 서구 도솔로 159,대전광역시 서구 도마동 33-17,36.324989,127.3736702,2016,한전주,042-288-3950,대전광역시 서구청,2025-06-26
도마1동049,1,대전광역시 서구 도솔로175번길 10,대전광역시 서구 도마동 18-3,36.326352,127.3734436,2016,한전주,042-288-3950,대전광역시 서구청,2025-06-26
도마1동050,1,대전광역시 서구 도솔로 177-5,대전광역시 서구 도마동 18-23,36.32649409,127.373585,2016,한전주,042-288-3950,대전광역시 서구청,2025-06-26
도마1동051,1,대전광역시 서구 도마로25번길 94-14,대전광역시 서구 도마동 18-15,36.326937,127.3735995,2016,전용주,042-288-3950,대전광역시 서구청,2025-06-26
도마1동052,1,대전광역시 서구 변동중로 24-21,대전광역시 서구 도마동 17-34,36.32720602,127.373730,2016,한전주,042-288-3950,대전광역시 서구청,2025-06-26
도마1동053,1,대전광역시 서구 도솔로 189-43,대전광역시 서구 도마동 17-32,36.327262,127.3735009,2016,한전주,042-288-3950,대전광역시 서구청,2025-06-26
도마1동054,1,대전광역시 서구 도솔로 189-50,대전광역시 서구 도마동 17-24,36.32752678,127.373471,2016,한전주,042-288-3950,대전광역시 서구청,2025-06-26
도마1동055,1,대전광역시 서구 도솔로 189-11,대전광역시 서구 도마동 17-35,36.32733676,127.373817,2016,한전주,042-288-3950,대전광역시 서구청,2025-06-26
도마1동056,1,대전광역시 서구 도솔로 189,대전광역시 서구 도마동 17-23,36.327514,127.374157,2016,한전주,042-288-3950,대전광역시 서구청,2025-06-26
도마1동057,1,대전광역시 서구 도솔로 189-42,대전광역시 서구 도마동 17-12,36.32767802,127.3738516,2016,한전주,042-288-3950,대전광역시 서구청,2025-06-26
도마1동058,1,대전광역시 서구 도마로7번길 51,대전광역시 서구 도마동 24-37,36.32485817,127.371035,2016,한전주,042-288-3950,대전광역시 서구청,2025-06-26
도마1동059,1,대전광역시 서구 도마로7번길 43,대전광역시 서구 도마동 24-22,36.32448296,127.3709946,2016,한전주,042-288-3950,대전광역시 서구청,2025-06-26
도마1동060,1,대전광역시 서구 도마로7번길 41,대전광역시 서구 도마동 24-27,36.324316,127.3709913,2016,한전주,042-288-3950,대전광역시 서구청,2025-06-26
도마1동061,1,대전광역시 서구 도마로5번길 39,대전광역시 서구 도마동 24-24,36.324321,127.370761,2016,한전주,042-288-3950,대전광역시 서구청,2025-06-26
도마1동062,1,대전광역시 서구 도마로5번길 32,대전광역시 서구 도마동 24-32,36.323986,127.3708602,2016,한전주,042-288-3950,대전광역시 서구청,2025-06-26
도마1동063,1,대전광역시 서구 도마로5번길 30,대전광역시 서구 도마동 24-35,36.32385265,127.3708579,2016,한전주,042-288-3950,대전광역시 서구청,2025-06-26
도마1동064,1,대전광역시 서구 도마로7번길 33,대전광역시 서구 도마동 24-33,36.323983,127.3709794,2016,한전주,042-288-3950,대전광역시 서구청,2025-06-26
도마1동065,1,대전광역시 서구 도마로7번길 25,대전광역시 서구 도마동 25-34,36.32365881,127.3709723,2016,한전주,042-288-3950,대전광역시 서구청,2025-06-26
도마1동066,1,대전광역시 서구 도마로7번길 22,대전광역시 서구 도마동 26-1,36.323575,127.371165,2016,전용주,042-288-3950,대전광역시 서구청,2025-06-26
도마1동067,1,대전광역시 서구 도마로7번길 20,대전광역시 서구 도마동 26-2,36.323359,127.3711625,2016,한전주,042-288-3950,대전광역시 서구청,2025-06-26
도마1동068,1,대전광역시 서구 도마로7번길 10,대전광역시 서구 도마동 26-39,36.322987,127.3711415,2016,한전주,042-288-3950,대전광역시 서구청,2025-06-26
도마1동069,1,대전광역시 서구 도마로 3,대전광역시 서구 도마동 25-8,36.32263903,127.370672,2016,한전주,042-288-3950,대전광역시 서구청,2025-06-26
도마1동070,1,대전광역시 서구 도마로5번길 6,대전광역시 서구 도마동 25-24,36.32274077,127.3708012,2016,한전주,042-288-3950,대전광역시 서구청,2025-06-26
도마1동071,1,대전광역시 서구 도마로5번길 11,대전광역시 서구 도마동 25-40,36.323026,127.370694,2016,한전주,042-288-3950,대전광역시 서구청,2025-06-26
도마1동072,1,대전광역시 서구 도마로5번길 17,대전광역시 서구 도마동 25-38,36.32326156,127.3706543,2016,한전주,042-288-3950,대전광역시 서구청,2025-06-26
도마1동073,1,대전광역시 서구 도마로5번길 23,대전광역시 서구 도마동 25-35,36.32352171,127.3706623,2016,한전주,042-288-3950,대전광역시 서구청,2025-06-26
도마1동074,1,대전광역시 서구 도마로7번길 4,대전광역시 서구 도마동 26-8,36.3226179,127.3711321,2016,한전주,042-288-3950,대전광역시 서구청,2025-06-26
도마1동075,1,대전광역시 서구 도마로 9,대전광역시 서구 도마동 26-9,36.32260362,127.3712602,2016,한전주,042-288-3950,대전광역시 서구청,2025-06-26
도마1동076,1,대전광역시 서구 도마로9번길 5,대전광역시 서구 도마동 26-10,36.322702,127.3712635,2016,전용주,042-288-3950,대전광역시 서구청,2025-06-26
도마1동077,1,대전광역시 서구 도마로9번길 11,대전광역시 서구 도마동 26-12,36.322907,127.3712708,2016,한전주,042-288-3950,대전광역시 서구청,2025-06-26
도마1동078,1,대전광역시 서구 도마로9번길 19,대전광역시 서구 도마동 26-16,36.32340511,127.371296,2016,한전주,042-288-3950,대전광역시 서구청,2025-06-26
도마1동079,1,대전광역시 서구 배재로172번길 23,대전광역시 서구 도마동 27,36.32382273,127.3712343,2016,한전주,042-288-3950,대전광역시 서구청,2025-06-26
도마1동080,1,대전광역시 서구 배재로172번길 18,대전광역시 서구 도마동 26-18,36.32364229,127.371340,2016,전용주,042-288-3950,대전광역시 서구청,2025-06-26
도마1동081,1,대전광역시 서구 도마로13번길 26,대전광역시 서구 도마동 29-3,36.32364993,127.3717989,2016,한전주,042-288-3950,대전광역시 서구청,2025-06-26
도마1동082,1,대전광역시 서구 도마로13번길 26,대전광역시 서구 도마동 29-3,36.32364993,127.371741,2016,한전주,042-288-3950,대전광역시 서구청,2025-06-26
도마1동083,1,대전광역시 서구 도마로13번길 16,대전광역시 서구 도마동 29-17,36.32317657,127.3718468,2016,한전주,042-288-3950,대전광역시 서구청,2025-06-26
도마1동084,1,,대전광역시 서구 도마동 29-40,36.322953,127.3717733,2016,한전주,042-288-3950,대전광역시 서구청,2025-06-26
도마1동085,1,대전광역시 서구 도마로13번길 6,대전광역시 서구 도마동 29-20,36.32273642,127.3717659,2016,한전주,042-288-3950,대전광역시 서구청,2025-06-26
도마1동086,1,대전광역시 서구 도마로 13,대전광역시 서구 도마동 29-21,36.322541,127.3717556,2016,한전주,042-288-3950,대전광역시 서구청,2025-06-26
도마1동087,1,대전광역시 서구 도마로 15-1,대전광역시 서구 도마동 29-22,36.322522,127.3718772,2016,한전주,042-288-3950,대전광역시 서구청,2025-06-26
도마1동088,1,대전광역시 서구 도마로 15-7,대전광역시 서구 도마동 29-49,36.322853,127.3718946,2016,한전주,042-288-3950,대전광역시 서구청,2025-06-26
도마1동089,1,대전광역시 서구 도마로 15-14,대전광역시 서구 도마동 29-28,36.3230998,127.3720775,2016,한전주,042-288-3950,대전광역시 서구청,2025-06-26
도마1동090,1,대전광역시 서구 도마로13번길 18-7,대전광역시 서구 도마동 29-14,36.32330635,127.3720461,2016,한전주,042-288-3950,대전광역시 서구청,2025-06-26
도마1동091,1,대전광역시 서구 도마로 19,대전광역시 서구 도마동 30-14,36.322523,127.3724338,2016,한전주,042-288-3950,대전광역시 서구청,2025-06-26
도마1동092,1,대전광역시 서구 도마로19번길 6,대전광역시 서구 도마동 30-6,36.32272813,127.3724302,2016,한전주,042-288-3950,대전광역시 서구청,2025-06-26
도마1동093,1,대전광역시 서구 도학2길 24,대전광역시 서구 도마동 60-25,36.32022169,127.373093,2016,한전주,042-288-3950,대전광역시 서구청,2025-06-26
도마1동094,1,대전광역시 서구 도마로19번길 16,대전광역시 서구 도마동 30-48,36.32316094,127.3724112,2016,한전주,042-288-3950,대전광역시 서구청,2025-06-26
도마1동095,1,대전광역시 서구 도마로19번길 20,대전광역시 서구 도마동 30-30,36.32329163,127.3724049,2016,한전주,042-288-3950,대전광역시 서구청,2025-06-26
도마1동096,1,대전광역시 서구 도마로19번길 22-3,대전광역시 서구 도마동 30-27,36.32345093,127.372577,2016,한전주,042-288-3950,대전광역시 서구청,2025-06-26
도마1동097,1,대전광역시 서구 배재로172번길 34,대전광역시 서구 도마동 29-1,36.32364639,127.3721269,2016,한전주,042-288-3950,대전광역시 서구청,2025-06-26
도마1동098,1,대전광역시 서구 도마로19번길 30,대전광역시 서구 도마동 31-11,36.323841,127.372436,2016,한전주,042-288-3950,대전광역시 서구청,2025-06-26
도마1동099,1,대전광역시 서구 도마로19번길 34,대전광역시 서구 도마동 31-46,36.32398283,127.3724634,2016,한전주,042-288-3950,대전광역시 서구청,2025-06-26
도마1동100,1,대전광역시 서구 도마로19번길 36-1,대전광역시 서구 도마동 31-45,36.324043,127.3726666,2016,한전주,042-288-3950,대전광역시 서구청,2025-06-26
도마1동101,1,대전광역시 서구 도마로19번길 44,대전광역시 서구 도마동 31-8,36.32441512,127.372404,2016,한전주,042-288-3950,대전광역시 서구청,2025-06-26
도마1동102,1,대전광역시 서구 도마로19번길 52,대전광역시 서구 도마동 31-35,36.32473878,127.3724804,2016,한전주,042-288-3950,대전광역시 서구청,2025-06-26
도마1동103,1,대전광역시 서구 도마로25번길 51,대전광역시 서구 도마동 31-28,36.324749,127.3729555,2016,한전주,042-288-3950,대전광역시 서구청,2025-06-26
도마1동104,1,대전광역시 서구 도솔로 145,대전광역시 서구 도마동 34-14,36.32358914,127.373684,2016,한전주,042-288-3950,대전광역시 서구청,2025-06-26
도마1동105,1,대전광역시 서구 배재로172번길 50,대전광역시 서구 도마동 34-12,36.32359481,127.3731494,2016,한전주,042-288-3950,대전광역시 서구청,2025-06-26
도마1동106,1,대전광역시 서구 도마로25번길 47,대전광역시 서구 도마동 31-2,36.3245775,127.3729594,2016,한전주,042-288-3950,대전광역시 서구청,2025-06-26
도마1동107,1,대전광역시 서구 도마동 도마로25번길 42-14,대전광역시 서구 도마동 33-23,36.32456878,127.3733292,2016,전용주,042-288-3950,대전광역시 서구청,2025-06-26
도마1동108,1,대전광역시 서구 도마로25번길 42-6,대전광역시 서구 도마동 33-12,36.32422328,127.3734121,2016,한전주,042-288-3950,대전광역시 서구청,2025-06-26
도마1동109,1,대전광역시 서구 도마로25번길 41,대전광역시 서구 도마동 31-18,36.32426805,127.3729282,2016,한전주,042-288-3950,대전광역시 서구청,2025-06-26
도마1동110,1,대전광역시 서구 도마로25번길 36,대전광역시 서구 도마동 33-9,36.32406707,127.3731626,2016,한전주,042-288-3950,대전광역시 서구청,2025-06-26
도마1동111,1,대전광역시 서구 도마동 도솔로 157,대전광역시 서구 도마동 33-30,36.32467729,127.3735565,2016,전용주,042-288-3950,대전광역시 서구청,2025-06-26
도마1동112,1,대전광역시 서구 배재로172번길 49,대전광역시 서구 도마동 33-8,36.323753,127.3731592,2016,한전주,042-288-3950,대전광역시 서구청,2025-06-26
도마1동113,1,대전광역시 서구 배재로172번길 44,대전광역시 서구 도마동 30-1,36.32361272,127.372799,2016,한전주,042-288-3950,대전광역시 서구청,2025-06-26
도마1동114,1,대전광역시 서구 배재로172번길 50,대전광역시 서구 도마동 34-12,36.32359481,127.3731494,2016,한전주,042-288-3950,대전광역시 서구청,2025-06-26
도마1동115,1,대전광역시 서구 도마로25번길 24,대전광역시 서구 도마동 34-57,36.323406,127.3731782,2016,한전주,042-288-3950,대전광역시 서구청,2025-06-26
도마1동116,1,대전광역시 서구 도마로25번길 16,대전광역시 서구 도마동 34-11,36.323141,127.3731534,2016,전용주,042-288-3950,대전광역시 서구청,2025-06-26
도마1동117,1,대전광역시 서구 도마로25번길 16,대전광역시 서구 도마동 34-11,36.32310626,127.3731534,2016,한전주,042-288-3950,대전광역시 서구청,2025-06-26
도마1동118,1,대전광역시 서구 도마로25번길 8,대전광역시 서구 도마동 34-27,36.322776,127.3731274,2016,한전주,042-288-3950,대전광역시 서구청,2025-06-26
도마1동119,1,대전광역시 서구 도마로25번길 6,대전광역시 서구 도마동 34-28,36.32264038,127.3731161,2016,한전주,042-288-3950,대전광역시 서구청,2025-06-26
도마1동120,1,대전광역시 서구 도마로 23,대전광역시 서구 도마동 30-20,36.32256024,127.3728354,2016,한전주,042-288-3950,대전광역시 서구청,2025-06-26
도마1동121,1,대전광역시 서구 도마로 24,대전광역시 서구 도마동 49-9,36.32236935,127.3728122,2016,한전주,042-288-3950,대전광역시 서구청,2025-06-26
도마1동122,1,대전광역시 서구 도마로 25,대전광역시 서구 도마동 34-29,36.32253274,127.373101,2016,한전주,042-288-3950,대전광역시 서구청,2025-06-26
도마1동123,1,대전광역시 서구 도마동 도마로 26-1,대전광역시 서구 도마동 49-26,36.322187,127.373085,2016,전용주,042-288-3950,대전광역시 서구청,2025-06-26
도마1동124,1,대전광역시 서구 도마로 29-5,대전광역시 서구 도마동 34-18,36.32272341,127.3732781,2016,한전주,042-288-3950,대전광역시 서구청,2025-06-26
도마1동125,1,대전광역시 서구 도마로 30,대전광역시 서구 도마동 49-1,36.32234509,127.3733666,2016,전용주,042-288-3950,대전광역시 서구청,2025-06-26
도마1동126,1,대전광역시 서구 도솔로 137-1,대전광역시 서구 도마동 34-32,36.322973,127.373502,2016,한전주,042-288-3950,대전광역시 서구청,2025-06-26
도마1동127,1,대전광역시 서구 도솔로 141,대전광역시 서구 도마동 34-51,36.323250,127.373657,2016,한전주,042-288-3950,대전광역시 서구청,2025-06-26
도마1동128,1,대전광역시 서구 도학1길 66,대전광역시 서구 도마동 50-22,36.322071,127.3713537,2016,한전주,042-288-3950,대전광역시 서구청,2025-06-26
도마1동129,1,대전광역시 서구 도학1길 55,대전광역시 서구 도마동 51-1,36.32182259,127.3717461,2016,한전주,042-288-3950,대전광역시 서구청,2025-06-26
도마1동130,1,대전광역시 서구 도학1길 51,대전광역시 서구 도마동 51-3,36.321880,127.371928,2016,한전주,042-288-3950,대전광역시 서구청,2025-06-26
도마1동131,1,대전광역시 서구 도학3길 48,대전광역시 서구 도마동 48-2,36.3217872,127.3723453,2016,한전주,042-288-3950,대전광역시 서구청,2025-06-26
도마1동132,1,대전광역시 서구 도학3길 56,대전광역시 서구 도마동 49-5,36.32220772,127.372367,2016,한전주,042-288-3950,대전광역시 서구청,2025-06-26
도마1동133,1,대전광역시 서구 도학1길 13,대전광역시 서구 도마동 48-1,36.32176764,127.3726676,2016,한전주,042-288-3950,대전광역시 서구청,2025-06-26
도마1동134,1,대전광역시 서구 도학1길 46-1,대전광역시 서구 도마동 49-35,36.32208426,127.3724808,2016,전용주,042-288-3950,대전광역시 서구청,2025-06-26
도마1동135,1,대전광역시 서구 도학1길 26,대전광역시 서구 도마동 49-3,36.32194103,127.3729845,2016,한전주,042-288-3950,대전광역시 서구청,2025-06-26
도마1동136,1,대전광역시 서구 도학1길 26,대전광역시 서구 도마동 49-3,36.32194103,127.3729845,2016,전용주,042-288-3950,대전광역시 서구청,2025-06-26
도마1동137,1,대전광역시 서구 도학1길 22,대전광역시 서구 도마동 49-2,36.32211483,127.3731406,2016,한전주,042-288-3950,대전광역시 서구청,2025-06-26
도마1동138,1,대전광역시 서구 도학1길 8,대전광역시 서구 도마동 49-25,36.32193717,127.3731814,2016,한전주,042-288-3950,대전광역시 서구청,2025-06-26
도마1동139,1,대전광역시 서구 도솔로 125,대전광역시 서구 도마동 47-11,36.32172187,127.373530,2016,한전주,042-288-3950,대전광역시 서구청,2025-06-26
도마1동140,1,대전광역시 서구 용화1길 72,대전광역시 서구 도마동 40-10,36.32191143,127.374138,2016,한전주,042-288-3950,대전광역시 서구청,2025-06-26
도마1동141,1,대전광역시 서구 용화1길 68,대전광역시 서구 도마동 40-25,36.32191299,127.374343,2016,한전주,042-288-3950,대전광역시 서구청,2025-06-26
도마1동142,1,대전광역시 서구 용화1길 60,대전광역시 서구 도마동 40-40,36.321845,127.3746769,2016,한전주,042-288-3950,대전광역시 서구청,2025-06-26
도마1동143,1,대전광역시 서구 용화6길 57,대전광역시 서구 도마동 40-42,36.321838,127.374914,2016,한전주,042-288-3950,대전광역시 서구청,2025-06-26
도마1동144,1,대전광역시 서구 용화6길 61,대전광역시 서구 도마동 40-2,36.322108,127.3749303,2016,한전주,042-288-3950,대전광역시 서구청,2025-06-26
도마1동145,1,대전광역시 서구 도마로 40-2,대전광역시 서구 도마동 40-35,36.322165,127.374615,2016,한전주,042-288-3950,대전광역시 서구청,2025-06-26
도마1동146,1,대전광역시 서구 도마로 38-2,대전광역시 서구 도마동 40-34,36.322189,127.374306,2016,전용주,042-288-3950,대전광역시 서구청,2025-06-26
도마1동147,1,대전광역시 서구 도마로 35-2,대전광역시 서구 도마동 35-6,36.322703,127.3741912,2016,전용주,042-288-3950,대전광역시 서구청,2025-06-26
도마1동148,1,대전광역시 서구 도마로 39,대전광역시 서구 도마동 39-4,36.322508,127.3746419,2016,한전주,042-288-3950,대전광역시 서구청,2025-06-26
도마1동149,1,대전광역시 서구 도마로37번길 10,대전광역시 서구 도마동 39-7,36.322898,127.374590,2016,한전주,042-288-3950,대전광역시 서구청,2025-06-26
도마1동150,1,대전광역시 서구 도마로37번길 17,대전광역시 서구 도마동 35-3,36.32310366,127.3743894,2016,한전주,042-288-3950,대전광역시 서구청,2025-06-26
도마1동151,1,대전광역시 서구 도마로37번길 21,대전광역시 서구 도마동 35-30,36.323351,127.374340,2016,한전주,042-288-3950,대전광역시 서구청,2025-06-26
도마1동152,1,대전광역시 서구 도마로37번길 23,대전광역시 서구 도마동 35-29,36.32345786,127.3743476,2016,한전주,042-288-3950,대전광역시 서구청,2025-06-26
도마1동153,1,대전광역시 서구 도마로37번길 14,대전광역시 서구 도마동 39-1,36.32301532,127.3748296,2016,전용주,042-288-3950,대전광역시 서구청,2025-06-26
도마1동154,1,대전광역시 서구 도마로37번길 14,대전광역시 서구 도마동 39-1,36.32301532,127.3748296,2016,한전주,042-288-3950,대전광역시 서구청,2025-06-26
도마1동155,1,대전광역시 서구 도마로37번길 36,대전광역시 서구 도마동 38,36.3245914,127.3748829,2016,한전주,042-288-3950,대전광역시 서구청,2025-06-26
도마1동156,1,대전광역시 서구 도마로37번길 36,대전광역시 서구 도마동 38,36.3245914,127.3748829,2016,한전주,042-288-3950,대전광역시 서구청,2025-06-26
도마1동157,1,대전광역시 서구 도마로37번길 55,대전광역시 서구 도마동 37-28,36.324876,127.3744642,2016,한전주,042-288-3950,대전광역시 서구청,2025-06-26
도마1동158,1,대전광역시 서구 도마로37번길 51,대전광역시 서구 도마동 37-49,36.324624,127.374499,2016,한전주,042-288-3950,대전광역시 서구청,2025-06-26
도마1동159,1,대전광역시 서구 도마로37번길 45,대전광역시 서구 도마동 37-15,36.324432,127.3743164,2016,한전주,042-288-3950,대전광역시 서구청,2025-06-26
도마1동160,1,대전광역시 서구 도마로37번길 37,대전광역시 서구 도마동 37-50,36.324126,127.374468,2016,한전주,042-288-3950,대전광역시 서구청,2025-06-26
도마1동161,1,대전광역시 서구 도마로37번길 31,대전광역시 서구 도마동 37-18,36.32375758,127.374383,2016,한전주,042-288-3950,대전광역시 서구청,2025-06-26
도마1동162,1,대전광역시 서구 도산로167번길 71,대전광역시 서구 도마동 35-15,36.3235613,127.3742093,2016,한전주,042-288-3950,대전광역시 서구청,2025-06-26
도마1동163,1,대전광역시 서구 도솔로 144-4,대전광역시 서구 도마동 35-11,36.32325393,127.3741454,2016,한전주,042-288-3950,대전광역시 서구청,2025-06-26
도마1동164,1,대전광역시 서구 도산로181번길 77,대전광역시 서구 도마동 37-25,36.32485659,127.374342,2016,한전주,042-288-3950,대전광역시 서구청,2025-06-26
도마1동165,1,대전광역시 서구 도산로181번길 79-5,대전광역시 서구 도마동 37-27,36.32471231,127.3743162,2016,전용주,042-288-3950,대전광역시 서구청,2025-06-26
도마1동166,1,대전광역시 서구 도솔로 190-1,대전광역시 서구 도마동 17-46,36.32745728,127.374634,2016,한전주,042-288-3950,대전광역시 서구청,2025-06-26
도마1동167,1,대전광역시 서구 도솔로 192-2,대전광역시 서구 도마동 17-57,36.327505,127.3748083,2016,한전주,042-288-3950,대전광역시 서구청,2025-06-26
도마1동168,1,대전광역시 서구 도학4길 32,대전광역시 서구 도마동 52-10,36.320679,127.3718621,2016,한전주,042-288-3950,대전광역시 서구청,2025-06-26
도마1동169,1,대전광역시 서구 도학3길 28,대전광역시 서구 도마동 48-13,36.320701,127.3722846,2016,한전주,042-288-3950,대전광역시 서구청,2025-06-26
도마1동170,1,대전광역시 서구 도학3길 31,대전광역시 서구 도마동 51-43,36.320832,127.372068,2016,전용주,042-288-3950,대전광역시 서구청,2025-06-26
도마1동171,1,대전광역시 서구 도학3길 32,대전광역시 서구 도마동 48-7,36.32099821,127.3723188,2016,한전주,042-288-3950,대전광역시 서구청,2025-06-26
도마1동172,1,대전광역시 서구 도학3길 38,대전광역시 서구 도마동 48-24,36.32125779,127.372306,2016,한전주,042-288-3950,대전광역시 서구청,2025-06-26
도마1동173,1,대전광역시 서구 도학3길 42,대전광역시 서구 도마동 48-4,36.32151112,127.3723341,2016,한전주,042-288-3950,대전광역시 서구청,2025-06-26
도마1동174,1,대전광역시 서구 도학1길 17,대전광역시 서구 도마동 48-38,36.321607,127.3726603,2016,한전주,042-288-3950,대전광역시 서구청,2025-06-26
도마1동175,1,대전광역시 서구 도학1길 23,대전광역시 서구 도마동 48-35,36.321273,127.372640,2016,한전주,042-288-3950,대전광역시 서구청,2025-06-26
도마1동176,1,대전광역시 서구 도학2길 45,대전광역시 서구 도마동 48-18,36.32079371,127.3726154,2016,한전주,042-288-3950,대전광역시 서구청,2025-06-26
도마1동177,1,,대전광역시 서구 도마동 47-23,36.32072693,127.372911,2016,한전주,042-288-3950,대전광역시 서구청,2025-06-26
도마1동178,1,대전광역시 서구 도학2길 60,대전광역시 서구 도마동 47-9,36.32108364,127.3731889,2016,한전주,042-288-3950,대전광역시 서구청,2025-06-26
도마1동179,1,대전광역시 서구 도학2길 62,대전광역시 서구 도마동 47-16,36.32109076,127.373014,2016,한전주,042-288-3950,대전광역시 서구청,2025-06-26
도마1동180,1,대전광역시 서구 도학2길 76,대전광역시 서구 도마동 47-4,36.32126193,127.3730022,2016,한전주,042-288-3950,대전광역시 서구청,2025-06-26
도마1동181,1,대전광역시 서구 도학2길 94,대전광역시 서구 도마동 47-20,36.32154768,127.3730365,2016,한전주,042-288-3950,대전광역시 서구청,2025-06-26
도마1동182,1,대전광역시 서구 도학2길 74,대전광역시 서구 도마동 47-30,36.32126793,127.373134,2016,전용주,042-288-3950,대전광역시 서구청,2025-06-26
도마1동183,1,대전광역시 서구 도학2길 86,대전광역시 서구 도마동 47-38,36.32143243,127.373363,2016,전용주,042-288-3950,대전광역시 서구청,2025-06-26
도마1동184,1,대전광역시 서구 도학2길 72,대전광역시 서구 도마동 47-31,36.32126353,127.373245,2016,한전주,042-288-3950,대전광역시 서구청,2025-06-26
도마1동185,1,대전광역시 서구 도학2길 48,대전광역시 서구 도마동 47-22,36.3207295,127.373242,2016,한전주,042-288-3950,대전광역시 서구청,2025-06-26
도마1동186,1,대전광역시 서구 도솔로 123,대전광역시 서구 도마동 47-28,36.321585,127.3735404,2016,한전주,042-288-3950,대전광역시 서구청,2025-06-26
도마1동187,1,대전광역시 서구 도솔로 122-1,대전광역시 서구 도마동 46-26,36.321361,127.3740312,2016,전용주,042-288-3950,대전광역시 서구청,2025-06-26
도마1동188,1,대전광역시 서구 도솔로 120-1,대전광역시 서구 도마동 46-38,36.32117035,127.374020,2016,전용주,042-288-3950,대전광역시 서구청,2025-06-26
도마1동189,1,대전광역시 서구 용화2길 62,대전광역시 서구 도마동 46-17,36.320865,127.3739478,2016,전용주,042-288-3950,대전광역시 서구청,2025-06-26
도마1동190,1,대전광역시 서구 용화2길 64,대전광역시 서구 도마동 46-18,36.32071304,127.3739479,2016,한전주,042-288-3950,대전광역시 서구청,2025-06-26
도마1동191,1,대전광역시 서구 용화7길 38,대전광역시 서구 도마동 62-8,36.320555,127.374440,2016,한전주,042-288-3950,대전광역시 서구청,2025-06-26
도마1동192,1,대전광역시 서구 용화7길 46,대전광역시 서구 도마동 45-14,36.32087635,127.374433,2016,한전주,042-288-3950,대전광역시 서구청,2025-06-26
도마1동193,1,대전광역시 서구 용화7길 58,대전광역시 서구 도마동 45-8,36.321290,127.3745625,2016,한전주,042-288-3950,대전광역시 서구청,2025-06-26
도마1동194,1,대전광역시 서구 용화7길 68,대전광역시 서구 도마동 45-1,36.32160361,127.3745167,2016,한전주,042-288-3950,대전광역시 서구청,2025-06-26
도마1동195,1,대전광역시 서구 용화6길 50,대전광역시 서구 도마동 44-6,36.321666,127.3752038,2016,한전주,042-288-3950,대전광역시 서구청,2025-06-26
도마1동196,1,대전광역시 서구 용화6길 46,대전광역시 서구 도마동 44-30,36.321511,127.3753365,2016,한전주,042-288-3950,대전광역시 서구청,2025-06-26
도마1동197,1,대전광역시 서구 용화6길 47,대전광역시 서구 도마동 45-20,36.32132077,127.374975,2016,한전주,042-288-3950,대전광역시 서구청,2025-06-26
도마1동198,1,대전광역시 서구 용화6길 28,대전광역시 서구 도마동 44-39,36.32098114,127.3751567,2016,한전주,042-288-3950,대전광역시 서구청,2025-06-26
도마1동199,1,대전광역시 서구 용화6길 29,대전광역시 서구 도마동 45-26,36.32079356,127.374948,2016,전용주,042-288-3950,대전광역시 서구청,2025-06-26
도마1동200,1,대전광역시 서구 용화2길 50,대전광역시 서구 도마동 45-11,36.32074984,127.3746276,2016,한전주,042-288-3950,대전광역시 서구청,2025-06-26
도마1동201,1,대전광역시 서구 용화6길 27,대전광역시 서구 도마동 45-10,36.320646,127.374950,2016,한전주,042-288-3950,대전광역시 서구청,2025-06-26
도마1동202,1,대전광역시 서구 도학3길 6,대전광역시 서구 도마동 53-40,36.319615,127.3722477,2016,한전주,042-288-3950,대전광역시 서구청,2025-06-26
도마1동203,1,대전광역시 서구 도학3길 7,대전광역시 서구 도마동 52-2,36.31997247,127.3716896,2016,한전주,042-288-3950,대전광역시 서구청,2025-06-26
도마1동204,1,대전광역시 서구 도학3길 15,대전광역시 서구 도마동 52-24,36.320160,127.3719387,2016,한전주,042-288-3950,대전광역시 서구청,2025-06-26
도마1동205,1,대전광역시 서구 도학3길 27,대전광역시 서구 도마동 52-11,36.32060115,127.372091,2016,한전주,042-288-3950,대전광역시 서구청,2025-06-26
도마1동206,1,대전광역시 서구 도학2길 36,대전광역시 서구 도마동 60-19,36.320540,127.3730236,2016,한전주,042-288-3950,대전광역시 서구청,2025-06-26
도마1동207,1,대전광역시 서구 도학2길 22,대전광역시 서구 도마동 60-26,36.3202241,127.3729555,2016,한전주,042-288-3950,대전광역시 서구청,2025-06-26
도마1동208,1,대전광역시 서구 도학2길 16,대전광역시 서구 도마동 60-10,36.31988338,127.372951,2016,한전주,042-288-3950,대전광역시 서구청,2025-06-26
도마1동209,1,대전광역시 서구 도학2길 6,대전광역시 서구 도마동 60-9,36.31961066,127.3729587,2016,한전주,042-288-3950,대전광역시 서구청,2025-06-26
도마1동210,1,대전광역시 서구 도솔로 107,대전광역시 서구 도마동 60-16,36.32020423,127.3734311,2016,전용주,042-288-3950,대전광역시 서구청,2025-06-26
도마1동211,1,대전광역시 서구 용화7길 36,대전광역시 서구 도마동 62-53,36.32041525,127.374417,2016,한전주,042-288-3950,대전광역시 서구청,2025-06-26
도마1동212,1,대전광역시 서구 용화7길 21,대전광역시 서구 도마동 61-25,36.32020779,127.374272,2016,한전주,042-288-3950,대전광역시 서구청,2025-06-26
도마1동213,1,대전광역시 서구 용화7길 15,대전광역시 서구 도마동 61-28,36.32006588,127.3742164,2016,전용주,042-288-3950,대전광역시 서구청,2025-06-26
도마1동214,1,대전광역시 서구 용화7길 13,대전광역시 서구 도마동 61-17,36.319991,127.374269,2016,전용주,042-288-3950,대전광역시 서구청,2025-06-26
도마1동215,1,대전광역시 서구 용화7길 5,대전광역시 서구 도마동 61-10,36.319619,127.3741084,2016,한전주,042-288-3950,대전광역시 서구청,2025-06-26
도마1동216,1,대전광역시 서구 조달청길 43,대전광역시 서구 도마동 61-35,36.319461,127.3741286,2016,한전주,042-288-3950,대전광역시 서구청,2025-06-26
도마1동217,1,대전광역시 서구 조달청길 55,대전광역시 서구 도마동 63-26,36.319493,127.375015,2016,한전주,042-288-3950,대전광역시 서구청,2025-06-26
도마1동218,1,대전광역시 서구 용화6길 8,대전광역시 서구 도마동 63-5,36.31967717,127.375019,2016,한전주,042-288-3950,대전광역시 서구청,2025-06-26
도마1동219,1,대전광역시 서구 용화6길 20,대전광역시 서구 도마동 63-6,36.320124,127.3751421,2016,한전주,042-288-3950,대전광역시 서구청,2025-06-26
도마1동220,1,대전광역시 서구 용화6길 20,대전광역시 서구 도마동 63-6,36.32010019,127.3751421,2016,한전주,042-288-3950,대전광역시 서구청,2025-06-26
도마1동221,1,대전광역시 서구 용화2길 36,대전광역시 서구 도마동 44-9,36.32084038,127.3752999,2016,전용주,042-288-3950,대전광역시 서구청,2025-06-26
도마1동222,1,대전광역시 서구 용화5길 13,대전광역시 서구 도마동 63-7,36.31980755,127.3755244,2016,전용주,042-288-3950,대전광역시 서구청,2025-06-26
도마1동223,1,대전광역시 서구 용화5길 17,대전광역시 서구 도마동 63-21,36.319973,127.3753394,2016,전용주,042-288-3950,대전광역시 서구청,2025-06-26
도마1동224,1,대전광역시 서구 용화5길 21,대전광역시 서구 도마동 63-18,36.32006683,127.3755509,2016,한전주,042-288-3950,대전광역시 서구청,2025-06-26
도마1동225,1,대전광역시 서구 용화5길 18,대전광역시 서구 도마동 64-57,36.320236,127.3758351,2016,전용주,042-288-3950,대전광역시 서구청,2025-06-26
도마1동226,1,대전광역시 서구 용화5길 33,대전광역시 서구 도마동 63-14,36.32046633,127.375578,2016,한전주,042-288-3950,대전광역시 서구청,2025-06-26
도마1동227,1,대전광역시 서구 용화5길 43,대전광역시 서구 도마동 44-22,36.320863,127.375644,2016,한전주,042-288-3950,대전광역시 서구청,2025-06-26
도마1동228,1,대전광역시 서구 용화5길 51,대전광역시 서구 도마동 44-17,36.321072,127.375656,2016,전용주,042-288-3950,대전광역시 서구청,2025-06-26
도마1동229,1,대전광역시 서구 용화5길 46,대전광역시 서구 도마동 43-17,36.32119717,127.375807,2016,한전주,042-288-3950,대전광역시 서구청,2025-06-26
도마1동230,1,대전광역시 서구 용화5길 54,대전광역시 서구 도마동 43-12,36.32145976,127.375811,2016,한전주,042-288-3950,대전광역시 서구청,2025-06-26
도마1동231,1,대전광역시 서구 용화1길 81,대전광역시 서구 도마동 43-36,36.32166878,127.375841,2016,한전주,042-288-3950,대전광역시 서구청,2025-06-26
도마1동232,1,대전광역시 서구 용화1길 87,대전광역시 서구 도마동 44-1,36.32168068,127.3755164,2016,한전주,042-288-3950,대전광역시 서구청,2025-06-26
도마1동233,1,대전광역시 서구 용화1길 38,대전광역시 서구 도마동 41-22,36.32196989,127.3757665,2016,한전주,042-288-3950,대전광역시 서구청,2025-06-26
도마1동234,1,대전광역시 서구 용화1길 77,대전광역시 서구 도마동 43-29,36.32145799,127.3760332,2016,한전주,042-288-3950,대전광역시 서구청,2025-06-26
도마1동235,1,대전광역시 서구 용화4길 63,대전광역시 서구 도마동 41-27,36.321802,127.3763071,2016,한전주,042-288-3950,대전광역시 서구청,2025-06-26
도마1동236,1,대전광역시 서구 용화4길 58,대전광역시 서구 도마동 69-23,36.32181456,127.3765881,2016,한전주,042-288-3950,대전광역시 서구청,2025-06-26
도마1동237,1,대전광역시 서구 도마동 용화1길 12,대전광역시 서구 도마동 69-15,36.321775,127.377071,2016,한전주,042-288-3950,대전광역시 서구청,2025-06-26
도마1동238,1,대전광역시 서구 도산로 149,대전광역시 서구 도마동 69-2,36.32185232,127.377455,2016,한전주,042-288-3950,대전광역시 서구청,2025-06-26
도마1동239,1,대전광역시 서구 도마로 60,대전광역시 서구 도마동 69-4,36.322139,127.376914,2016,한전주,042-288-3950,대전광역시 서구청,2025-06-26
도마1동240,1,대전광역시 서구 용화4길 60,대전광역시 서구 도마동 69-5,36.321966,127.3766295,2016,한전주,042-288-3950,대전광역시 서구청,2025-06-26
도마1동241,1,대전광역시 서구 용화4길 52,대전광역시 서구 도마동 68-1,36.32164375,127.3767979,2016,한전주,042-288-3950,대전광역시 서구청,2025-06-26
도마1동242,1,대전광역시 서구 용화4길 38,대전광역시 서구 도마동 68-3,36.320961,127.3766143,2016,한전주,042-288-3950,대전광역시 서구청,2025-06-26
도마1동243,1,대전광역시 서구 용화4길 32,대전광역시 서구 도마동 68-29,36.320605,127.376539,2016,한전주,042-288-3950,대전광역시 서구청,2025-06-26
도마1동244,1,대전광역시 서구 용화2길 29,대전광역시 서구 도마동 64-11,36.3204015,127.3760184,2016,한전주,042-288-3950,대전광역시 서구청,2025-06-26
도마1동245,1,대전광역시 서구 용화2길 23,대전광역시 서구 도마동 64-1,36.32039562,127.376218,2016,한전주,042-288-3950,대전광역시 서구청,2025-06-26
도마1동246,1,대전광역시 서구 용화2길 21,대전광역시 서구 도마동 64-62,36.3203943,127.3764146,2016,한전주,042-288-3950,대전광역시 서구청,2025-06-26
도마1동247,1,대전광역시 서구 용화4길 25,대전광역시 서구 도마동 64-2,36.32011818,127.3763011,2016,한전주,042-288-3950,대전광역시 서구청,2025-06-26
도마1동248,1,대전광역시 서구 용화4길 15,대전광역시 서구 도마동 64-4,36.31996958,127.3761856,2016,한전주,042-288-3950,대전광역시 서구청,2025-06-26
도마1동249,1,대전광역시 서구 용화4길 7,대전광역시 서구 도마동 64-14,36.31970558,127.376399,2016,한전주,042-288-3950,대전광역시 서구청,2025-06-26
도마1동250,1,대전광역시 서구 도산로 129-16,대전광역시 서구 도마동 65-33,36.320218,127.3771661,2016,한전주,042-288-3950,대전광역시 서구청,2025-06-26
도마1동251,1,대전광역시 서구 도산로 129-9,대전광역시 서구 도마동 65-35,36.32002293,127.3768986,2016,한전주,042-288-3950,대전광역시 서구청,2025-06-26
도마1동252,1,대전광역시 서구 용화3길 5,대전광역시 서구 도마동 65-16,36.319639,127.377199,2016,전용주,042-288-3950,대전광역시 서구청,2025-06-26
도마1동253,1,대전광역시 서구 용화3길 9,대전광역시 서구 도마동 65-14,36.31967763,127.3768605,2016,전용주,042-288-3950,대전광역시 서구청,2025-06-26
도마1동254,1,대전광역시 서구 용화3길 11,대전광역시 서구 도마동 65-13,36.31969543,127.376749,2016,전용주,042-288-3950,대전광역시 서구청,2025-06-26
도마1동255,1,대전광역시 서구 도산로 127,대전광역시 서구 도마동 65-4,36.31981722,127.377462,2016,전용주,042-288-3950,대전광역시 서구청,2025-06-26
도마1동256,1,대전광역시 서구 도산로 137,대전광역시 서구 도마동 67-5,36.32076477,127.3775596,2016,전용주,042-288-3950,대전광역시 서구청,2025-06-26
도마1동257,1,대전광역시 서구 용화2길 8,대전광역시 서구 도마동 67-32,36.3206223,127.377107,2016,한전주,042-288-3950,대전광역시 서구청,2025-06-26
도마1동258,1,대전광역시 서구 용화1길 37,대전광역시 서구 도마동 67-33,36.320781,127.377116,2016,한전주,042-288-3950,대전광역시 서구청,2025-06-26
도마1동259,1,대전광역시 서구 용화1길 23,대전광역시 서구 도마동 67-7,36.32111052,127.377140,2016,전용주,042-288-3950,대전광역시 서구청,2025-06-26
도마1동260,1,대전광역시 서구 용화1길 15,대전광역시 서구 도마동 67-13,36.321329,127.377136,2016,한전주,042-288-3950,대전광역시 서구청,2025-06-26
도마1동261,1,대전광역시 서구 도마로 76-1,대전광역시 서구 도마동 70-45,36.321989,127.378436,2016,전용주,042-288-3950,대전광역시 서구청,2025-06-26
도마1동262,1,대전광역시 서구 도마동 도마로 78-1,대전광역시 서구 도마동 70-18,36.321907,127.378689,2016,전용주,042-288-3950,대전광역시 서구청,2025-06-26
도마1동263,1,대전광역시 서구 도마16길 69,대전광역시 서구 도마동 70-21,36.321724,127.3787849,2016,한전주,042-288-3950,대전광역시 서구청,2025-06-26
도마1동264,1,대전광역시 서구 도마16길 57,대전광역시 서구 도마동 70-28,36.321393,127.378781,2016,한전주,042-288-3950,대전광역시 서구청,2025-06-26
도마1동265,1,대전광역시 서구 도마16길 49,대전광역시 서구 도마동 70-48,36.321157,127.3786925,2016,한전주,042-288-3950,대전광역시 서구청,2025-06-26
도마1동266,1,대전광역시 서구 도마16길 41,대전광역시 서구 도마동 70-51,36.320907,127.3786736,2016,한전주,042-288-3950,대전광역시 서구청,2025-06-26
도마1동267,1,대전광역시 서구 도마16길 35,대전광역시 서구 도마동 66-24,36.32066233,127.378672,2016,전용주,042-288-3950,대전광역시 서구청,2025-06-26
도마1동268,1,대전광역시 서구 도마19길 7,대전광역시 서구 도마동 70-53,36.32083548,127.3785386,2016,한전주,042-288-3950,대전광역시 서구청,2025-06-26
도마1동269,1,대전광역시 서구 도마19길 5,대전광역시 서구 도마동 70-35,36.320807,127.378300,2016,전용주,042-288-3950,대전광역시 서구청,2025-06-26
도마1동270,1,대전광역시 서구 도산로 144-2,대전광역시 서구 도마동 70-5,36.321208,127.3784256,2016,전용주,042-288-3950,대전광역시 서구청,2025-06-26
도마1동271,1,대전광역시 서구 도산로 146-3,대전광역시 서구 도마동 70-61,36.321508,127.378236,2016,전용주,042-288-3950,대전광역시 서구청,2025-06-26
도마1동272,1,대전광역시 서구 도마로 76-1,대전광역시 서구 도마동 70-45,36.32197268,127.3784822,2016,전용주,042-288-3950,대전광역시 서구청,2025-06-26
도마1동273,1,대전광역시 서구 도산로 150-1,대전광역시 서구 도마동 70-10,36.32175153,127.378293,2016,전용주,042-288-3950,대전광역시 서구청,2025-06-26
도마1동274,1,대전광역시 서구 도마로 86,대전광역시 서구 도마동 74-11,36.32188101,127.379569,2016,한전주,042-288-3950,대전광역시 서구청,2025-06-26
도마1동275,1,대전광역시 서구 도마로 90,대전광역시 서구 도마동 74-7,36.32179856,127.380092,2016,한전주,042-288-3950,대전광역시 서구청,2025-06-26
도마1동276,1,대전광역시 서구 도마로 100,대전광역시 서구 도마동 75-19,36.321663,127.381092,2016,한전주,042-288-3950,대전광역시 서구청,2025-06-26
도마1동277,1,대전광역시 서구 도마로 116,대전광역시 서구 도마동 83-11,36.32129794,127.3828473,2016,한전주,042-288-3950,대전광역시 서구청,2025-06-26
도마1동278,1,대전광역시 서구 도마로 122,대전광역시 서구 도마동 83-1,36.32102032,127.383596,2016,한전주,042-288-3950,대전광역시 서구청,2025-06-26
도마1동279,1,대전광역시 서구 도마로 126,대전광역시 서구 도마동 84-9,36.32108534,127.3839765,2016,한전주,042-288-3950,대전광역시 서구청,2025-06-26
도마1동280,1,대전광역시 서구 도마13길 46,대전광역시 서구 도마동 84-14,36.320966,127.3839467,2016,한전주,042-288-3950,대전광역시 서구청,2025-06-26
도마1동281,1,대전광역시 서구 도마13길 42,대전광역시 서구 도마동 84-6,36.32084874,127.3838212,2016,한전주,042-288-3950,대전광역시 서구청,2025-06-26
도마1동282,1,대전광역시 서구 도마20길 73,대전광역시 서구 도마동 83-24,36.32096999,127.3832739,2016,한전주,042-288-3950,대전광역시 서구청,2025-06-26
도마1동283,1,대전광역시 서구 도마20길 67,대전광역시 서구 도마동 83-3,36.320913,127.3830596,2016,한전주,042-288-3950,대전광역시 서구청,2025-06-26
도마1동284,1,대전광역시 서구 도마20길 61,대전광역시 서구 도마동 83-4,36.32105432,127.3826327,2016,한전주,042-288-3950,대전광역시 서구청,2025-06-26
도마1동285,1,대전광역시 서구 도마19길 104,대전광역시 서구 도마동 82-39,36.320423,127.3826624,2016,한전주,042-288-3950,대전광역시 서구청,2025-06-26
도마1동286,1,대전광역시 서구 도마19길 108,대전광역시 서구 도마동 82-37,36.32064855,127.382679,2016,한전주,042-288-3950,대전광역시 서구청,2025-06-26
도마1동287,1,대전광역시 서구 도마14길 40,대전광역시 서구 도마동 83-14,36.321004,127.3822108,2016,한전주,042-288-3950,대전광역시 서구청,2025-06-26
도마1동288,1,대전광역시 서구 도마로 108-1,대전광역시 서구 도마동 75-13,36.3214355,127.382151,2016,한전주,042-288-3950,대전광역시 서구청,2025-06-26
도마1동289,1,대전광역시 서구 도마14길 35,대전광역시 서구 도마동 75-32,36.321005,127.3820006,2016,한전주,042-288-3950,대전광역시 서구청,2025-06-26
도마1동290,1,대전광역시 서구 도마20길 41,대전광역시 서구 도마동 75-28,36.32124567,127.3815534,2016,한전주,042-288-3950,대전광역시 서구청,2025-06-26
도마1동291,1,대전광역시 서구 도마20길 35,대전광역시 서구 도마동 75-3,36.32133205,127.381142,2016,한전주,042-288-3950,대전광역시 서구청,2025-06-26
도마1동292,1,대전광역시 서구 도마20길 29,대전광역시 서구 도마동 75-5,36.321300,127.3807521,2016,한전주,042-288-3950,대전광역시 서구청,2025-06-26
도마1동293,1,대전광역시 서구 도마15길 47,대전광역시 서구 도마동 74-16,36.32159856,127.3804244,2016,전용주,042-288-3950,대전광역시 서구청,2025-06-26
도마1동294,1,대전광역시 서구 도마15길 48,대전광역시 서구 도마동 75-23,36.321334,127.3806032,2016,한전주,042-288-3950,대전광역시 서구청,2025-06-26
도마1동295,1,대전광역시 서구 도마20길 36,대전광역시 서구 도마동 71-25,36.321335,127.3799877,2016,한전주,042-288-3950,대전광역시 서구청,2025-06-26
도마1동296,1,대전광역시 서구 도마20길 34,대전광역시 서구 도마동 71-11,36.321358,127.379839,2016,한전주,042-288-3950,대전광역시 서구청,2025-06-26
도마1동297,1,대전광역시 서구 도마20길 14,대전광역시 서구 도마동 71-38,36.32139035,127.3793301,2016,한전주,042-288-3950,대전광역시 서구청,2025-06-26
도마1동298,1,대전광역시 서구 도마20길 6,대전광역시 서구 도마동 71-9,36.321466,127.3791619,2016,한전주,042-288-3950,대전광역시 서구청,2025-06-26
도마1동299,1,대전광역시 서구 도마20길 8,대전광역시 서구 도마동 71-35,36.321336,127.379182,2016,전용주,042-288-3950,대전광역시 서구청,2025-06-26
도마1동300,1,대전광역시 서구 도마19길 15,대전광역시 서구 도마동 71-6,36.320753,127.379034,2016,한전주,042-288-3950,대전광역시 서구청,2025-06-26
도마1동301,1,대전광역시 서구 도마19길 22,대전광역시 서구 도마동 79-28,36.320372,127.3789783,2016,전용주,042-288-3950,대전광역시 서구청,2025-06-26
도마1동302,1,,대전광역시 서구 도마동 71-5,36.32105969,127.379172,2016,한전주,042-288-3950,대전광역시 서구청,2025-06-26
도마1동303,1,대전광역시 서구 도마19길 31,대전광역시 서구 도마동 71-50,36.320720,127.3794607,2016,한전주,042-288-3950,대전광역시 서구청,2025-06-26
도마1동304,1,대전광역시 서구 도마19길 35,대전광역시 서구 도마동 71-3,36.32101791,127.3794943,2016,전용주,042-288-3950,대전광역시 서구청,2025-06-26
도마1동305,1,대전광역시 서구 도마19길 43,대전광역시 서구 도마동 71-57,36.32072918,127.3797495,2016,전용주,042-288-3950,대전광역시 서구청,2025-06-26
도마1동306,1,대전광역시 서구 도마19길 59,대전광역시 서구 도마동 71-63,36.32070451,127.380047,2016,한전주,042-288-3950,대전광역시 서구청,2025-06-26
도마1동307,1,대전광역시 서구 도마19길 48,대전광역시 서구 도마동 79-38,36.320407,127.3800124,2016,한전주,042-288-3950,대전광역시 서구청,2025-06-26
도마1동308,1,대전광역시 서구 도마19길 59,대전광역시 서구 도마동 71-63,36.32070451,127.3800818,2016,전용주,042-288-3950,대전광역시 서구청,2025-06-26
도마1동309,1,대전광역시 서구 도마15길 27,대전광역시 서구 도마동 71-68,36.320653,127.3802867,2016,한전주,042-288-3950,대전광역시 서구청,2025-06-26
도마1동310,1,대전광역시 서구 도마15길 30,대전광역시 서구 도마동 77-38,36.320621,127.3805577,2016,한전주,042-288-3950,대전광역시 서구청,2025-06-26
도마1동311,1,대전광역시 서구 도마15길 46,대전광역시 서구 도마동 77-10,36.32118777,127.3805775,2016,한전주,042-288-3950,대전광역시 서구청,2025-06-26
도마1동312,1,대전광역시 서구 도마19길 75,대전광역시 서구 도마동 77-25,36.320606,127.380838,2016,한전주,042-288-3950,대전광역시 서구청,2025-06-26
도마1동313,1,대전광역시 서구 도마19길 83,대전광역시 서구 도마동 77-23,36.320621,127.3811635,2016,한전주,042-288-3950,대전광역시 서구청,2025-06-26
도마1동314,1,대전광역시 서구 도마19길 66,대전광역시 서구 도마동 78-37,36.320322,127.3808898,2016,한전주,042-288-3950,대전광역시 서구청,2025-06-26
도마1동315,1,대전광역시 서구 도마19길 78,대전광역시 서구 도마동 78-35,36.32034922,127.3813117,2016,한전주,042-288-3950,대전광역시 서구청,2025-06-26
도마1동316,1,대전광역시 서구 도마19길 89,대전광역시 서구 도마동 77-21,36.3208115,127.381405,2016,한전주,042-288-3950,대전광역시 서구청,2025-06-26
도마1동317,1,대전광역시 서구 도마19길 82,대전광역시 서구 도마동 78-5,36.320428,127.381578,2016,전용주,042-288-3950,대전광역시 서구청,2025-06-26
도마1동318,1,대전광역시 서구 도마19길 97,대전광역시 서구 도마동 77-17,36.32063639,127.3818039,2016,한전주,042-288-3950,대전광역시 서구청,2025-06-26
도마1동319,1,대전광역시 서구 도마14길 34,대전광역시 서구 도마동 82-27,36.32078633,127.3822046,2016,한전주,042-288-3950,대전광역시 서구청,2025-06-26
도마1동320,1,대전광역시 서구 도마14길 28,대전광역시 서구 도마동 82-30,36.32052899,127.382106,2016,한전주,042-288-3950,대전광역시 서구청,2025-06-26
도마1동321,1,대전광역시 서구 도마14길 28,대전광역시 서구 도마동 82-30,36.32052899,127.382100,2016,한전주,042-288-3950,대전광역시 서구청,2025-06-26
도마1동322,1,,대전광역시 서구 도마동 52-43,36.320328,127.382087,2016,한전주,042-288-3950,대전광역시 서구청,2025-06-26
도마1동323,1,대전광역시 서구 도마17길 69,대전광역시 서구 도마동 82-48,36.32009024,127.382287,2016,한전주,042-288-3950,대전광역시 서구청,2025-06-26
도마1동324,1,대전광역시 서구 도마14길 18,대전광역시 서구 도마동 82-49,36.320059,127.3821364,2016,한전주,042-288-3950,대전광역시 서구청,2025-06-26
도마1동325,1,대전광역시 서구 도마17길 74,대전광역시 서구 도마동 85-18,36.31985558,127.3821513,2016,한전주,042-288-3950,대전광역시 서구청,2025-06-26
도마1동326,1,대전광역시 서구 도마17길 59,대전광역시 서구 도마동 78-12,36.320029,127.381674,2016,전용주,042-288-3950,대전광역시 서구청,2025-06-26
도마1동327,1,대전광역시 서구 도마17길 60,대전광역시 서구 도마동 81-58,36.31985354,127.381563,2016,전용주,042-288-3950,대전광역시 서구청,2025-06-26
도마1동328,1,대전광역시 서구 도마17길 42,대전광역시 서구 도마동 81-11,36.31985992,127.381059,2016,한전주,042-288-3950,대전광역시 서구청,2025-06-26
도마1동329,1,대전광역시 서구 도마17길 40,대전광역시 서구 도마동 81-9,36.31971817,127.380869,2016,한전주,042-288-3950,대전광역시 서구청,2025-06-26
도마1동330,1,대전광역시 서구 도마17길 36,대전광역시 서구 도마동 81-15,36.31986012,127.3807007,2016,한전주,042-288-3950,대전광역시 서구청,2025-06-26
도마1동331,1,대전광역시 서구 도마15길 24,대전광역시 서구 도마동 78-18,36.32040623,127.380532,2016,한전주,042-288-3950,대전광역시 서구청,2025-06-26
도마1동332,1,대전광역시 서구 도마15길 9,대전광역시 서구 도마동 80-35,36.31986622,127.3801718,2016,한전주,042-288-3950,대전광역시 서구청,2025-06-26
도마1동333,1,대전광역시 서구 도마17길 26,대전광역시 서구 도마동 80-20,36.31988569,127.379901,2016,한전주,042-288-3950,대전광역시 서구청,2025-06-26
도마1동334,1,대전광역시 서구 도마17길 22,대전광역시 서구 도마동 80-18,36.319723,127.3797893,2016,전용주,042-288-3950,대전광역시 서구청,2025-06-26
도마1동335,1,대전광역시 서구 도마17길 18,대전광역시 서구 도마동 80-16,36.31986924,127.3796461,2016,한전주,042-288-3950,대전광역시 서구청,2025-06-26
도마1동336,1,대전광역시 서구 도마17길 10,대전광역시 서구 도마동 80-9,36.31980908,127.379394,2016,한전주,042-288-3950,대전광역시 서구청,2025-06-26
도마1동337,1,대전광역시 서구 도마17길 4,대전광역시 서구 도마동 80-27,36.31988575,127.378993,2016,한전주,042-288-3950,대전광역시 서구청,2025-06-26
도마1동338,1,대전광역시 서구 도마16길 27,대전광역시 서구 도마동 66-40,36.320474,127.3786355,2016,한전주,042-288-3950,대전광역시 서구청,2025-06-26
도마1동339,1,대전광역시 서구 도마16길 28,대전광역시 서구 도마동 79-5,36.32016604,127.378866,2016,전용주,042-288-3950,대전광역시 서구청,2025-06-26
도마1동340,1,대전광역시 서구 도마16길 26,대전광역시 서구 도마동 79-18,36.320044,127.3788468,2016,한전주,042-288-3950,대전광역시 서구청,2025-06-26
도마1동341,1,,대전광역시 서구 도마동 66-116,36.319925,127.378664,2016,한전주,042-288-3950,대전광역시 서구청,2025-06-26
도마1동342,1,,대전광역시 서구 도마동 80-7,36.319672,127.378741,2016,전용주,042-288-3950,대전광역시 서구청,2025-06-26
도마1동343,1,대전광역시 서구 도산로 124,대전광역시 서구 도마동 66-28,36.3196777,127.378210,2016,전용주,042-288-3950,대전광역시 서구청,2025-06-26
도마1동344,1,대전광역시 서구 조달청길 119,대전광역시 서구 도마동 80-23,36.3195983,127.379243,2016,한전주,042-288-3950,대전광역시 서구청,2025-06-26
도마1동345,1,대전광역시 서구 조달청길 129,대전광역시 서구 도마동 80-40,36.31950611,127.3796587,2016,전용주,042-288-3950,대전광역시 서구청,2025-06-26
도마1동346,1,대전광역시 서구 조달청길 149,대전광역시 서구 도마동 81-27,36.31952025,127.380602,2016,전용주,042-288-3950,대전광역시 서구청,2025-06-26
도마1동347,1,대전광역시 서구 조달청길 157,대전광역시 서구 도마동 81-21,36.319572,127.3809453,2016,전용주,042-288-3950,대전광역시 서구청,2025-06-26
도마1동348,1,대전광역시 서구 도마14길 4,대전광역시 서구 도마동 85-15,36.319555,127.3821564,2016,한전주,042-288-3950,대전광역시 서구청,2025-06-26
도마1동349,1,대전광역시 서구 도마14길 12,대전광역시 서구 도마동 85-17,36.319771,127.3821625,2016,한전주,042-288-3950,대전광역시 서구청,2025-06-26
도마1동350,1,대전광역시 서구 도마15길 6,대전광역시 서구 도마동 81-7,36.319664,127.3804641,2016,한전주,042-288-3950,대전광역시 서구청,2025-06-26
도마1동351,1,대전광역시 서구 도마13길 4,대전광역시 서구 도마동 85-21,36.31955548,127.383531,2016,한전주,042-288-3950,대전광역시 서구청,2025-06-26
도마1동352,1,대전광역시 서구 도마13길 7,대전광역시 서구 도마동 85-26,36.319764,127.3832466,2016,전용주,042-288-3950,대전광역시 서구청,2025-06-26
도마1동353,1,대전광역시 서구 도마17길 86,대전광역시 서구 도마동 85-19,36.31983944,127.382676,2016,한전주,042-288-3950,대전광역시 서구청,2025-06-26
도마1동354,1,,대전광역시 서구 도마동 85-20,36.319637,127.383053,2016,한전주,042-288-3950,대전광역시 서구청,2025-06-26
도마1동355,1,대전광역시 서구 도마13길 4,대전광역시 서구 도마동 85-21,36.31955548,127.3835867,2016,한전주,042-288-3950,대전광역시 서구청,2025-06-26
도마1동356,1,대전광역시 서구 도마13길 9,대전광역시 서구 도마동 85-39,36.31987615,127.383280,2016,한전주,042-288-3950,대전광역시 서구청,2025-06-26
도마1동357,1,대전광역시 서구 도마17길 98,대전광역시 서구 도마동 85-2,36.31987251,127.383720,2016,한전주,042-288-3950,대전광역시 서구청,2025-06-26
도마1동358,1,대전광역시 서구 도마15길 12,대전광역시 서구 도마동 81-18,36.31975902,127.3804692,2016,한전주,042-288-3950,대전광역시 서구청,2025-06-26
도마1동359,1,대전광역시 서구 도마13길 35,대전광역시 서구 도마동 82-52,36.320536,127.383079,2016,한전주,042-288-3950,대전광역시 서구청,2025-06-26
도마1동360,1,대전광역시 서구 도마13길 30,대전광역시 서구 도마동 84-22,36.320528,127.3836125,2016,한전주,042-288-3950,대전광역시 서구청,2025-06-26
도마1동361,1,대전광역시 서구 유등로 323,대전광역시 서구 도마동 84-13,36.32076821,127.3841165,2016,한전주,042-288-3950,대전광역시 서구청,2025-06-26
도마1동362,1,대전광역시 서구 도마13길 46,대전광역시 서구 도마동 84-14,36.3209681,127.3839467,2016,한전주,042-288-3950,대전광역시 서구청,2025-06-26
도마1동363,1,대전광역시 서구 도마13길 48,대전광역시 서구 도마동 84-15,36.32101431,127.383812,2016,한전주,042-288-3950,대전광역시 서구청,2025-06-26
도마1동364,1,대전광역시 서구 도마6길 178,대전광역시 서구 도마동 86-101,36.31744435,127.3821885,2016,전용주,042-288-3950,대전광역시 서구청,2025-06-26
도마1동365,1,대전광역시 서구 도마5길 61,대전광역시 서구 도마동 87-37,36.31727031,127.3815758,2016,한전주,042-288-3950,대전광역시 서구청,2025-06-26
도마1동366,1,대전광역시 서구 도마10길 17,대전광역시 서구 도마동 92-18,36.31819864,127.3817671,2016,한전주,042-288-3950,대전광역시 서구청,2025-06-26
도마1동367,1,대전광역시 서구 도마10길 17,대전광역시 서구 도마동 92-18,36.31819864,127.3817671,2016,한전주,042-288-3950,대전광역시 서구청,2025-06-26
도마1동368,1,대전광역시 서구 도마6길 182,대전광역시 서구 도마동 86-93,36.31776108,127.3821716,2016,한전주,042-288-3950,대전광역시 서구청,2025-06-26
도마1동369,1,대전광역시 서구 도마6길 109,대전광역시 서구 도마동 92-2,36.318035,127.3820185,2016,한전주,042-288-3950,대전광역시 서구청,2025-06-26
도마1동370,1,,대전광역시 서구 도마동 93-46,36.31864977,127.3823033,2016,한전주,042-288-3950,대전광역시 서구청,2025-06-26
도마1동371,1,,대전광역시 서구 도마동 93-46,36.318676,127.3823033,2016,한전주,042-288-3950,대전광역시 서구청,2025-06-26
도마1동372,1,대전광역시 서구 조달청길 188,대전광역시 서구 도마동 93-1,36.31909871,127.3826495,2016,한전주,042-288-3950,대전광역시 서구청,2025-06-26
도마1동373,1,대전광역시 서구 도마12길 16,대전광역시 서구 도마동 86-14,36.318755,127.3830976,2016,한전주,042-288-3950,대전광역시 서구청,2025-06-26
도마1동374,1,대전광역시 서구 도마12길 36,대전광역시 서구 도마동 86-29,36.31850368,127.3832322,2016,한전주,042-288-3950,대전광역시 서구청,2025-06-26
도마1동375,1,대전광역시 서구 도마12길 38,대전광역시 서구 도마동 86-30,36.31836316,127.383237,2016,전용주,042-288-3950,대전광역시 서구청,2025-06-26
도마1동376,1,대전광역시 서구 도마11길 30,대전광역시 서구 도마동 86-64,36.31811428,127.383284,2016,한전주,042-288-3950,대전광역시 서구청,2025-06-26
도마1동377,1,대전광역시 서구 도마11길 40,대전광역시 서구 도마동 86-59,36.31777005,127.3832827,2016,한전주,042-288-3950,대전광역시 서구청,2025-06-26
도마1동378,1,대전광역시 서구 도마12길 40,대전광역시 서구 도마동 86-66,36.318104,127.3828895,2016,전용주,042-288-3950,대전광역시 서구청,2025-06-26
도마1동379,1,대전광역시 서구 도마12길 35,대전광역시 서구 도마동 86-62,36.31792903,127.383150,2016,전용주,042-288-3950,대전광역시 서구청,2025-06-26
도마1동380,1,대전광역시 서구 도마12길 70,대전광역시 서구 도마동 86-87,36.31785294,127.382984,2016,한전주,042-288-3950,대전광역시 서구청,2025-06-26
도마1동381,1,대전광역시 서구 도마5길 85,대전광역시 서구 도마동 86-56,36.31754558,127.383045,2016,한전주,042-288-3950,대전광역시 서구청,2025-06-26
도마1동382,1,대전광역시 서구 도마12길 80,대전광역시 서구 도마동 86-107,36.31772735,127.3826309,2016,전용주,042-288-3950,대전광역시 서구청,2025-06-26
도마1동383,1,대전광역시 서구 도마12길 86,대전광역시 서구 도마동 86-94,36.317615,127.3823351,2016,한전주,042-288-3950,대전광역시 서구청,2025-06-26
도마1동384,1,대전광역시 서구 도마12길 53,대전광역시 서구 도마동 86-95,36.317416,127.3825558,2016,전용주,042-288-3950,대전광역시 서구청,2025-06-26
도마1동385,1,대전광역시 서구 도마11길 12,대전광역시 서구 도마동 86-74,36.31802152,127.382623,2016,한전주,042-288-3950,대전광역시 서구청,2025-06-26
도마1동386,1,대전광역시 서구 도마11길 14,대전광역시 서구 도마동 86-75,36.318148,127.3827426,2016,전용주,042-288-3950,대전광역시 서구청,2025-06-26
도마1동387,1,대전광역시 서구 도마11길 20,대전광역시 서구 도마동 86-115,36.31828255,127.3829165,2016,한전주,042-288-3950,대전광역시 서구청,2025-06-26
도마1동388,1,대전광역시 서구 도마10길 32,대전광역시 서구 도마동 91-3,36.317911,127.3812632,2016,한전주,042-288-3950,대전광역시 서구청,2025-06-26
도마1동389,1,대전광역시 서구 도마10길 24,대전광역시 서구 도마동 91-38,36.31820314,127.3814286,2016,한전주,042-288-3950,대전광역시 서구청,2025-06-26
도마1동390,1,대전광역시 서구 도마10길 12,대전광역시 서구 도마동 94-4,36.318545,127.3814467,2016,한전주,042-288-3950,대전광역시 서구청,2025-06-26
도마1동391,1,대전광역시 서구 도마10길 8,대전광역시 서구 도마동 94-29,36.318872,127.3814305,2016,한전주,042-288-3950,대전광역시 서구청,2025-06-26
도마1동392,1,대전광역시 서구 도마10길 4,대전광역시 서구 도마동 94-2,36.31898452,127.3814405,2016,한전주,042-288-3950,대전광역시 서구청,2025-06-26
도마1동393,1,대전광역시 서구 도마동 조달청길 176,대전광역시 서구 도마동 93-50,36.318987,127.381913,2016,한전주,042-288-3950,대전광역시 서구청,2025-06-26
도마1동394,1,대전광역시 서구 도마동 도마8길 58,대전광역시 서구 도마동 92-7,36.318480,127.382038,2016,한전주,042-288-3950,대전광역시 서구청,2025-06-26
도마1동395,1,대전광역시 서구 도마8길 54,대전광역시 서구 도마동 92-4,36.31839726,127.3817086,2016,한전주,042-288-3950,대전광역시 서구청,2025-06-26
도마1동396,1,대전광역시 서구 도마8길 61,대전광역시 서구 도마동 94-35,36.318518,127.3812673,2016,한전주,042-288-3950,대전광역시 서구청,2025-06-26
도마1동397,1,대전광역시 서구 도마6길 83,대전광역시 서구 도마동 91-36,36.318201,127.381047,2016,한전주,042-288-3950,대전광역시 서구청,2025-06-26
도마1동398,1,대전광역시 서구 도마8길 46,대전광역시 서구 도마동 91-1,36.318496,127.381031,2016,한전주,042-288-3950,대전광역시 서구청,2025-06-26
도마1동399,1,대전광역시 서구 도마8길 49,대전광역시 서구 도마동 94-6,36.31880505,127.380833,2016,한전주,042-288-3950,대전광역시 서구청,2025-06-26
도마1동400,1,대전광역시 서구 도마8길 40,대전광역시 서구 도마동 91-41,36.318477,127.3807239,2016,한전주,042-288-3950,대전광역시 서구청,2025-06-26
도마1동401,1,대전광역시 서구 도마9길 17,대전광역시 서구 도마동 91-29,36.318480,127.3804979,2016,한전주,042-288-3950,대전광역시 서구청,2025-06-26
도마1동402,1,대전광역시 서구 도마9길 9,대전광역시 서구 도마동 94-18,36.318865,127.380499,2016,한전주,042-288-3950,대전광역시 서구청,2025-06-26
도마1동403,1,대전광역시 서구 조달청길 164,대전광역시 서구 도마동 94-39,36.318920,127.381197,2016,한전주,042-288-3950,대전광역시 서구청,2025-06-26
도마1동404,1,대전광역시 서구 도마6길 97,대전광역시 서구 도마동 91-50,36.317708,127.3813508,2016,한전주,042-288-3950,대전광역시 서구청,2025-06-26
도마1동405,1,대전광역시 서구 도마6길 91,대전광역시 서구 도마동 91-6,36.317705,127.381045,2016,한전주,042-288-3950,대전광역시 서구청,2025-06-26
도마1동406,1,대전광역시 서구 도마6길 89,대전광역시 서구 도마동 91-8,36.317831,127.3811206,2016,한전주,042-288-3950,대전광역시 서구청,2025-06-26
도마1동407,1,대전광역시 서구 도마6길 67,대전광역시 서구 도마동 91-22,36.31771484,127.380725,2016,한전주,042-288-3950,대전광역시 서구청,2025-06-26
도마1동408,1,대전광역시 서구 도마6길 63,대전광역시 서구 도마동 91-24,36.317651,127.380415,2016,한전주,042-288-3950,대전광역시 서구청,2025-06-26
도마1동409,1,대전광역시 서구 도마9길 28,대전광역시 서구 도마동 90-61,36.317906,127.3801896,2016,전용주,042-288-3950,대전광역시 서구청,2025-06-26
도마1동410,1,대전광역시 서구 도마9길 23,대전광역시 서구 도마동 91-28,36.31821664,127.3805858,2016,한전주,042-288-3950,대전광역시 서구청,2025-06-26
도마1동411,1,대전광역시 서구 도마8길 30,대전광역시 서구 도마동 96-1,36.31843697,127.3800518,2016,한전주,042-288-3950,대전광역시 서구청,2025-06-26
도마1동412,1,대전광역시 서구 도마8길 31,대전광역시 서구 도마동 95-37,36.318603,127.3799277,2016,한전주,042-288-3950,대전광역시 서구청,2025-06-26
도마1동413,1,대전광역시 서구 도마7길 29,대전광역시 서구 도마동 96-18,36.318277,127.379639,2016,한전주,042-288-3950,대전광역시 서구청,2025-06-26
도마1동414,1,대전광역시 서구 도마8길 15,대전광역시 서구 도마동 95-28,36.318632,127.3792886,2016,한전주,042-288-3950,대전광역시 서구청,2025-06-26
도마1동415,1,대전광역시 서구 도마8길 16,대전광역시 서구 도마동 96-8,36.31837198,127.3790336,2016,한전주,042-288-3950,대전광역시 서구청,2025-06-26
도마1동416,1,대전광역시 서구 조달청길 126,대전광역시 서구 도마동 95-19,36.319168,127.3793395,2016,한전주,042-288-3950,대전광역시 서구청,2025-06-26
도마1동417,1,대전광역시 서구 조달청길 114,대전광역시 서구 도마동 95-8,36.319190,127.3788069,2016,한전주,042-288-3950,대전광역시 서구청,2025-06-26
도마1동418,1,대전광역시 서구 도마동 도마8길 3,대전광역시 서구 도마동 95-31,36.31894644,127.378820,2016,한전주,042-288-3950,대전광역시 서구청,2025-06-26
도마1동419,1,대전광역시 서구 도마8길 12,대전광역시 서구 도마동 96-14,36.31846071,127.3789018,2016,한전주,042-288-3950,대전광역시 서구청,2025-06-26
도마1동420,1,대전광역시 서구 도마7길 17,대전광역시 서구 도마동 96-6,36.318239,127.3789711,2016,한전주,042-288-3950,대전광역시 서구청,2025-06-26
도마1동421,1,대전광역시 서구 도마7길 30,대전광역시 서구 도마동 90-59,36.318064,127.379948,2016,전용주,042-288-3950,대전광역시 서구청,2025-06-26
도마1동422,1,대전광역시 서구 도마6길 45,대전광역시 서구 도마동 90-48,36.317903,127.3797097,2016,한전주,042-288-3950,대전광역시 서구청,2025-06-26
도마1동423,1,대전광역시 서구 도마7길 22,대전광역시 서구 도마동 90-77,36.31789145,127.379355,2016,한전주,042-288-3950,대전광역시 서구청,2025-06-26
도마1동424,1,대전광역시 서구 도마7길 16,대전광역시 서구 도마동 90-74,36.3178748,127.379065,2016,한전주,042-288-3950,대전광역시 서구청,2025-06-26
도마1동425,1,대전광역시 서구 도마7길 22,대전광역시 서구 도마동 90-77,36.317853,127.379300,2016,전용주,042-288-3950,대전광역시 서구청,2025-06-26
도마1동426,1,대전광역시 서구 도마7길 12,대전광역시 서구 도마동 90-72,36.318028,127.3788742,2016,한전주,042-288-3950,대전광역시 서구청,2025-06-26
도마1동427,1,대전광역시 서구 도마7길 2,대전광역시 서구 도마동 90-44,36.317979,127.3785571,2016,전용주,042-288-3950,대전광역시 서구청,2025-06-26
도마1동428,1,대전광역시 서구 도마6길 5,대전광역시 서구 도마동 90-31,36.317722,127.3785847,2016,전용주,042-288-3950,대전광역시 서구청,2025-06-26
도마1동429,1,대전광역시 서구 도마로19번길 22-3,대전광역시 서구 도마동 30-27,36.32345093,127.3725278,2016,한전주,042-288-3950,대전광역시 서구청,2025-06-26
도마1동430,1,대전광역시 서구 도마6길 21,대전광역시 서구 도마동 90-23,36.317635,127.379026,2016,전용주,042-288-3950,대전광역시 서구청,2025-06-26
도마1동431,1,대전광역시 서구 도마6길 38,대전광역시 서구 도마동 89-1,36.31727536,127.3791381,2016,한전주,042-288-3950,대전광역시 서구청,2025-06-26
도마1동432,1,대전광역시 서구 도마6길 25,대전광역시 서구 도마동 90-20,36.317540,127.379274,2016,한전주,042-288-3950,대전광역시 서구청,2025-06-26
도마1동433,1,대전광역시 서구 도마6길 51,대전광역시 서구 도마동 90-42,36.31761498,127.3797736,2016,한전주,042-288-3950,대전광역시 서구청,2025-06-26
도마1동434,1,대전광역시 서구 도마6길 53,대전광역시 서구 도마동 90-69,36.3176401,127.379894,2016,전용주,042-288-3950,대전광역시 서구청,2025-06-26
도마1동435,1,대전광역시 서구 도마6길 148,대전광역시 서구 도마동 87-41,36.31750041,127.380994,2016,한전주,042-288-3950,대전광역시 서구청,2025-06-26
도마1동436,1,대전광역시 서구 도마5길 55,대전광역시 서구 도마동 87-67,36.317085,127.3812232,2016,한전주,042-288-3950,대전광역시 서구청,2025-06-26
도마1동437,1,대전광역시 서구 도마6길 130,대전광역시 서구 도마동 87-33,36.31718731,127.380756,2016,한전주,042-288-3950,대전광역시 서구청,2025-06-26
도마1동438,1,대전광역시 서구 도마5길 29,대전광역시 서구 도마동 87-12,36.31698784,127.3804574,2016,한전주,042-288-3950,대전광역시 서구청,2025-06-26
도마1동439,1,대전광역시 서구 도마5길 35,대전광역시 서구 도마동 87-30,36.317315,127.380500,2016,전용주,042-288-3950,대전광역시 서구청,2025-06-26
도마1동440,1,대전광역시 서구 도마5길 21,대전광역시 서구 도마동 88-45,36.31673133,127.380289,2016,한전주,042-288-3950,대전광역시 서구청,2025-06-26
도마1동441,1,대전광역시 서구 도마9길 46,대전광역시 서구 도마동 88-3,36.317218,127.3801918,2016,한전주,042-288-3950,대전광역시 서구청,2025-06-26
도마1동442,1,대전광역시 서구 도마5길 19,대전광역시 서구 도마동 88-47,36.316662,127.380011,2016,한전주,042-288-3950,대전광역시 서구청,2025-06-26
도마1동443,1,대전광역시 서구 도마6길 80,대전광역시 서구 도마동 88-23,36.317017,127.379781,2016,한전주,042-288-3950,대전광역시 서구청,2025-06-26
도마1동444,1,대전광역시 서구 도마6길 114,대전광역시 서구 도마동 88-19,36.31740856,127.3798466,2016,한전주,042-288-3950,대전광역시 서구청,2025-06-26
도마1동445,1,,대전광역시 서구 도마동 88-9,36.316653,127.3795728,2016,한전주,042-288-3950,대전광역시 서구청,2025-06-26
도마1동446,1,대전광역시 서구 도마6길 60,대전광역시 서구 도마동 88-12,36.31685552,127.3795009,2016,한전주,042-288-3950,대전광역시 서구청,2025-06-26
도마1동447,1,대전광역시 서구 도마6길 64,대전광역시 서구 도마동 88-15,36.31707695,127.3794987,2016,한전주,042-288-3950,대전광역시 서구청,2025-06-26
도마1동448,1,대전광역시 서구 도마6길 22,대전광역시 서구 도마동 89-35,36.316684,127.3791497,2016,한전주,042-288-3950,대전광역시 서구청,2025-06-26
도마1동449,1,대전광역시 서구 도마6길 8,대전광역시 서구 도마동 89-46,36.31707473,127.3788064,2016,한전주,042-288-3950,대전광역시 서구청,2025-06-26
도마1동450,1,대전광역시 서구 도마6길 6,대전광역시 서구 도마동 89-45,36.317147,127.3787772,2016,한전주,042-288-3950,대전광역시 서구청,2025-06-26
도마1동451,1,대전광역시 서구 도마5길 4,대전광역시 서구 도마동 129-30,36.316179,127.3791052,2016,한전주,042-288-3950,대전광역시 서구청,2025-06-26
도마1동452,1,대전광역시 서구 도마4길 3,대전광역시 서구 도마동 129-32,36.31530588,127.3795487,2016,한전주,042-288-3950,대전광역시 서구청,2025-06-26
도마1동453,1,대전광역시 서구 도마3길 11,대전광역시 서구 도마동 144-3,36.31508668,127.3800154,2016,전용주,042-288-3950,대전광역시 서구청,2025-06-26
도마1동454,1,대전광역시 서구 도마4길 47,대전광역시 서구 도마동 130-37,36.31559826,127.3800205,2016,한전주,042-288-3950,대전광역시 서구청,2025-06-26
도마1동455,1,대전광역시 서구 도마4길 37,대전광역시 서구 도마동 130-7,36.315846,127.3800042,2016,한전주,042-288-3950,대전광역시 서구청,2025-06-26
도마1동456,1,대전광역시 서구 도마4길 37,대전광역시 서구 도마동 130-7,36.31580901,127.3800042,2016,한전주,042-288-3950,대전광역시 서구청,2025-06-26
도마1동457,1,대전광역시 서구 도마4길 37,대전광역시 서구 도마동 130-7,36.31580901,127.3800042,2016,한전주,042-288-3950,대전광역시 서구청,2025-06-26
도마1동458,1,대전광역시 서구 도마4길 25,대전광역시 서구 도마동 129-23,36.31598552,127.3793329,2016,한전주,042-288-3950,대전광역시 서구청,2025-06-26
도마1동459,1,대전광역시 서구 도마4길 35,대전광역시 서구 도마동 130-17,36.31615247,127.379771,2016,전용주,042-288-3950,대전광역시 서구청,2025-06-26
도마1동460,1,대전광역시 서구 도산로 80-1,대전광역시 서구 도마동 129-10,36.31560903,127.3793819,2016,한전주,042-288-3950,대전광역시 서구청,2025-06-26
도마1동461,1,대전광역시 서구 도마5길 12,대전광역시 서구 도마동 130-1,36.31631757,127.3796829,2016,한전주,042-288-3950,대전광역시 서구청,2025-06-26
도마1동462,1,대전광역시 서구 도마5길 24,대전광역시 서구 도마동 131-35,36.31654223,127.3804234,2016,한전주,042-288-3950,대전광역시 서구청,2025-06-26
도마1동463,1,대전광역시 서구 도마3길 81,대전광역시 서구 도마동 130-15,36.3162044,127.3800181,2016,한전주,042-288-3950,대전광역시 서구청,2025-06-26
도마1동464,1,대전광역시 서구 도마3길 60,대전광역시 서구 도마동 131-36,36.31644349,127.3804681,2016,한전주,042-288-3950,대전광역시 서구청,2025-06-26
도마1동465,1,대전광역시 서구 도마3길 54,대전광역시 서구 도마동 131-39,36.31633414,127.3805105,2016,전용주,042-288-3950,대전광역시 서구청,2025-06-26
도마1동466,1,,대전광역시 서구 도마동 131-3,36.31645817,127.3811828,2016,한전주,042-288-3950,대전광역시 서구청,2025-06-26
도마1동467,1,대전광역시 서구 도화공원길 7,대전광역시 서구 도마동 131-13,36.316248,127.3809137,2016,한전주,042-288-3950,대전광역시 서구청,2025-06-26
도마1동468,1,,대전광역시 서구 도마동 132-4,36.31582836,127.3808308,2016,한전주,042-288-3950,대전광역시 서구청,2025-06-26
도마1동469,1,,대전광역시 서구 도마동 132-4,36.31582836,127.3808308,2016,한전주,042-288-3950,대전광역시 서구청,2025-06-26
도마1동470,1,대전광역시 서구 도마5길 4,대전광역시 서구 도마동 129-30,36.316179,127.3791052,2016,한전주,042-288-3950,대전광역시 서구청,2025-06-26
도마1동471,1,대전광역시 서구 도마4길 51,대전광역시 서구 도마동 130-5,36.31546161,127.380024,2016,한전주,042-288-3950,대전광역시 서구청,2025-06-26
도마1동472,1,대전광역시 서구 도마4길 57,대전광역시 서구 도마동 130-31,36.315507,127.380350,2016,한전주,042-288-3950,대전광역시 서구청,2025-06-26
도마1동473,1,,대전광역시 서구 도마동 132-4,36.31582836,127.3808308,2016,한전주,042-288-3950,대전광역시 서구청,2025-06-26
도마1동474,1,,대전광역시 서구 도마동 132-4,36.31582836,127.3808308,2016,한전주,042-288-3950,대전광역시 서구청,2025-06-26
도마1동475,1,대전광역시 서구 도마4길 32,대전광역시 서구 도마동 134-131,36.31556112,127.3814951,2016,전용주,042-288-3950,대전광역시 서구청,2025-06-26
도마1동476,1,대전광역시 서구 도마시장1길 74,대전광역시 서구 도마동 134-88,36.315617,127.3819019,2016,전용주,042-288-3950,대전광역시 서구청,2025-06-26
도마1동477,1,대전광역시 서구 유등로 285,대전광역시 서구 도마동 135-1,36.31732823,127.3834976,2016,한전주,042-288-3950,대전광역시 서구청,2025-06-26
도마1동478,1,대전광역시 서구 계백로 1471,대전광역시 서구 도마동 136-9,36.315153,127.3840236,2016,전용주,042-288-3950,대전광역시 서구청,2025-06-26
도마1동479,1,,대전광역시 서구 도마동 135-21,36.31497863,127.383602,2016,한전주,042-288-3950,대전광역시 서구청,2025-06-26
도마1동480,1,대전광역시 서구 도마2길 50,대전광역시 서구 도마동 141-8,36.314399,127.3820825,2016,전용주,042-288-3950,대전광역시 서구청,2025-06-26
도마1동481,1,대전광역시 서구 도마2길 50,대전광역시 서구 도마동 141-8,36.31438573,127.382049,2016,전용주,042-288-3950,대전광역시 서구청,2025-06-26
도마1동482,1,대전광역시 서구 도마2길 40,대전광역시 서구 도마동 141-17,36.314255,127.381611,2016,한전주,042-288-3950,대전광역시 서구청,2025-06-26
도마1동483,1,대전광역시 서구 도마2길 39,대전광역시 서구 도마동 134-40,36.31472693,127.3813998,2016,한전주,042-288-3950,대전광역시 서구청,2025-06-26
도마1동484,1,대전광역시 서구 도마시장1길 104,대전광역시 서구 도마동 134-103,36.314931,127.381582,2016,한전주,042-288-3950,대전광역시 서구청,2025-06-26
도마1동485,1,,대전광역시 서구 도마동 134-43,36.314948,127.381890,2016,한전주,042-288-3950,대전광역시 서구청,2025-06-26
도마1동486,1,대전광역시 서구 도마시장1길 5,대전광역시 서구 도마동 134-33,36.315044,127.3819787,2016,한전주,042-288-3950,대전광역시 서구청,2025-06-26
도마1동487,1,,대전광역시 서구 도마동 134-44,36.315148,127.3819036,2016,한전주,042-288-3950,대전광역시 서구청,2025-06-26
도마1동488,1,대전광역시 서구 도마시장1길 53,대전광역시 서구 도마동 134-51,36.315675,127.382219,2016,한전주,042-288-3950,대전광역시 서구청,2025-06-26
도마1동489,1,대전광역시 서구 도마시장1길 76,대전광역시 서구 도마동 134-89,36.315520,127.3817428,2016,한전주,042-288-3950,대전광역시 서구청,2025-06-26
도마1동490,1,대전광역시 서구 도마시장1길 98,대전광역시 서구 도마동 134-113,36.315143,127.381529,2016,한전주,042-288-3950,대전광역시 서구청,2025-06-26
도마1동491,1,대전광역시 서구 도마시장1길 88,대전광역시 서구 도마동 134-94,36.315293,127.3812334,2016,한전주,042-288-3950,대전광역시 서구청,2025-06-26
도마1동492,1,대전광역시 서구 도마3길 33,대전광역시 서구 도마동 144-34,36.31519624,127.380469,2016,전용주,042-288-3950,대전광역시 서구청,2025-06-26
도마1동493,1,대전광역시 서구 도마동 도산로 68,대전광역시 서구 도마동 144-17,36.314749,127.379786,2016,한전주,042-288-3950,대전광역시 서구청,2025-06-26
도마1동494,1,대전광역시 서구 도마동 도마3길 18,대전광역시 서구 도마동 143-22,36.314721,127.380305,2016,한전주,042-288-3950,대전광역시 서구청,2025-06-26
도마1동495,1,대전광역시 서구 도마2길 37,대전광역시 서구 도마동 134-115,36.31490089,127.381308,2016,한전주,042-288-3950,대전광역시 서구청,2025-06-26
도마1동496,1,대전광역시 서구 도마2길 34,대전광역시 서구 도마동 142-1,36.314481,127.3813396,2016,한전주,042-288-3950,대전광역시 서구청,2025-06-26
도마1동497,1,대전광역시 서구 도마2길 26,대전광역시 서구 도마동 142-5,36.314372,127.3809155,2016,한전주,042-288-3950,대전광역시 서구청,2025-06-26
도마1동498,1,대전광역시 서구 도마2길 13,대전광역시 서구 도마동 143-11,36.31441303,127.380470,2016,한전주,042-288-3950,대전광역시 서구청,2025-06-26
도마1동499,1,대전광역시 서구 도마2길 2,대전광역시 서구 도마동 142-17,36.314156,127.379973,2016,한전주,042-288-3950,대전광역시 서구청,2025-06-26
도마1동500,1,대전광역시 서구 도마1길 27,대전광역시 서구 도마동 142-26,36.31404108,127.3810487,2016,전용주,042-288-3950,대전광역시 서구청,2025-06-26
도마1동501,1,대전광역시 서구 도마동 도마1길 15,대전광역시 서구 도마동 142-56,36.314187,127.380948,2016,한전주,042-288-3950,대전광역시 서구청,2025-06-26
도마1동502,1,대전광역시 서구 도마동 도마1길 4,대전광역시 서구 도마동 142-36,36.313721,127.3803493,2016,한전주,042-288-3950,대전광역시 서구청,2025-06-26
도마1동503,1,대전광역시 서구 도마1길 5,대전광역시 서구 도마동 142-12,36.31402998,127.380387,2016,전용주,042-288-3950,대전광역시 서구청,2025-06-26
도마1동504,1,대전광역시 서구 도마동 도마1길 4,대전광역시 서구 도마동 142-36,36.31373664,127.3803493,2016,한전주,042-288-3950,대전광역시 서구청,2025-06-26
도마1동505,1,대전광역시 서구 도마2길 16,대전광역시 서구 도마동 142-9,36.314053,127.3805429,2016,전용주,042-288-3950,대전광역시 서구청,2025-06-26
도마1동506,1,대전광역시 서구 계백로 1439,대전광역시 서구 도마동 142-30,36.31372741,127.3808682,2016,한전주,042-288-3950,대전광역시 서구청,2025-06-26
도마1동507,1,,대전광역시 서구 도마동 39,36.313879,127.380816,2016,한전주,042-288-3950,대전광역시 서구청,2025-06-26
도마1동508,1,대전광역시 서구 도마동 대신1길 23,대전광역시 서구 도마동 174-3,36.312309,127.380199,2016,한전주,042-288-3950,대전광역시 서구청,2025-06-26
도마1동509,1,대전광역시 서구 도마동 대신1길 52,대전광역시 서구 도마동 183-6,36.31216791,127.3801362,2016,한전주,042-288-3950,대전광역시 서구청,2025-06-26
도마1동510,1,대전광역시 서구 도마동 대신2길 29,대전광역시 서구 도마동 183-31,36.31169741,127.3801063,2016,한전주,042-288-3950,대전광역시 서구청,2025-06-26
도마1동511,1,대전광역시 서구 도마동 대신2길 41,대전광역시 서구 도마동 183-24,36.311462,127.380020,2016,한전주,042-288-3950,대전광역시 서구청,2025-06-26
도마1동516,1,대전광역시 서구 도마동 대신1길 52,대전광역시 서구 도마동 183-6,36.31216791,127.380188,2016,한전주,042-288-3950,대전광역시 서구청,2025-06-26
도마1동517,1,대전광역시 서구 도마동 대신1길 62,대전광역시 서구 도마동 183-37,36.312079,127.380507,2016,한전주,042-288-3950,대전광역시 서구청,2025-06-26
도마1동518,1,대전광역시 서구 도마동 대신1길 64,대전광역시 서구 도마동 183-38,36.311993,127.3806672,2016,한전주,042-288-3950,대전광역시 서구청,2025-06-26
도마1동530,1,대전광역시 서구 도마동 대신4길 8,대전광역시 서구 도마동 181-18,36.311462,127.3825848,2016,한전주,042-288-3950,대전광역시 서구청,2025-06-26
도마1동531,1,대전광역시 서구 도마동 대신4길 14,대전광역시 서구 도마동 182-1,36.3112314,127.382455,2016,한전주,042-288-3950,대전광역시 서구청,2025-06-26
도마1동532,1,대전광역시 서구 도마동 대신3길 9,대전광역시 서구 도마동 181-26,36.31210763,127.381326,2016,한전주,042-288-3950,대전광역시 서구청,2025-06-26
도마1동547,1,대전광역시 서구 도마동 대신4길 16,대전광역시 서구 도마동 182-54,36.31113004,127.3823887,2016,한전주,042-288-3950,대전광역시 서구청,2025-06-26
도마1동548,1,대전광역시 서구 도마동 대신4길 52,대전광역시 서구 도마동 182-27,36.3107763,127.3821743,2016,한전주,042-288-3950,대전광역시 서구청,2025-06-26
도마1동575,1,,대전광역시 서구 도마동 175-4,36.31318189,127.381369,2016,한전주,042-288-3950,대전광역시 서구청,2025-06-26
도마1동576,1,대전광역시 서구 바탕들3길 12,대전광역시 서구 도마동 175-6,36.312954,127.3812127,2016,전용주,042-288-3950,대전광역시 서구청,2025-06-26
도마1동577,1,대전광역시 서구 도산로 42,대전광역시 서구 도마동 175-17,36.3128847,127.381078,2016,한전주,042-288-3950,대전광역시 서구청,2025-06-26
도마1동578,1,대전광역시 서구 계백로 1440,대전광역시 서구 도마동 175-8,36.31330507,127.381133,2016,전용주,042-288-3950,대전광역시 서구청,2025-06-26
도마1동589,1,,대전광역시 서구 도마동 75,36.313994,127.383712,2016,한전주,042-288-3950,대전광역시 서구청,2025-06-26
도마1동596,1,대전광역시 서구 배재로220번길 16,대전광역시 서구 도마동 15,36.327569,127.3713569,2016,한전주,042-288-3950,대전광역시 서구청,2025-06-26
도마1동597,1,대전광역시 서구 도마동 바탕들5길 30,대전광역시 서구 도마동 138-8,36.313834,127.384287,2016,한전주,042-288-3950,대전광역시 서구청,2025-06-26
도마1동598,1,,대전광역시 서구 도마동 43,36.313689,127.384556,2016,한전주,042-288-3950,대전광역시 서구청,2025-06-26
도마1동609,1,,대전광역시 서구 도마동 24,36.313121,127.383160,2016,전용주,042-288-3950,대전광역시 서구청,2025-06-26
도마1동610,1,대전광역시 서구 도마로7번길 26,대전광역시 서구 도마동 26,36.32365799,127.3711781,2016,전용주,042-288-3950,대전광역시 서구청,2025-06-26
도마1동614,1,,대전광역시 서구 도마동 359-20,36.31910108,127.3686742,2024,한전주,042-288-3950,대전광역시 서구청,2025-06-26
도마1동628,1,,대전광역시 서구 도마동 49,36.313905,127.384724,2016,한전주,042-288-3950,대전광역시 서구청,2025-06-26
도마1동637,1,대전광역시 서구 도마3길 34,대전광역시 서구 도마동 134-96,36.31530508,127.380929,2016,한전주,042-288-3950,대전광역시 서구청,2025-06-26
도마1동638,1,대전광역시 서구 도솔로 190-2,대전광역시 서구 도마동 17-49,36.327372,127.374879,2016,한전주,042-288-3950,대전광역시 서구청,2025-06-26
도마1동639,1,대전광역시 서구 용화2길 36,대전광역시 서구 도마동 44-9,36.32084038,127.3752999,2016,한전주,042-288-3950,대전광역시 서구청,2025-06-26
도마1동640,1,대전광역시 서구 도마로 86-1,대전광역시 서구 도마동 74-32,36.321771,127.3794746,2016,한전주,042-288-3950,대전광역시 서구청,2025-06-26
도마1동641,1,대전광역시 서구 도마19길 36,대전광역시 서구 도마동 79-24,36.320445,127.3794267,2016,한전주,042-288-3950,대전광역시 서구청,2025-06-26
도마1동642,1,대전광역시 서구 도마1길 21,대전광역시 서구 도마동 142-20,36.31421861,127.3813876,2016,한전주,042-288-3950,대전광역시 서구청,2025-06-26
도마1동643,1,대전광역시 서구 도마2길 34,대전광역시 서구 도마동 142-1,36.31443839,127.381396,2016,한전주,042-288-3950,대전광역시 서구청,2025-06-26
도마1동644,1,대전광역시 서구 배재로186번길 12,대전광역시 서구 도마동 24-40,36.32498595,127.371078,2023,한전주,042-288-3950,대전광역시 서구청,2025-06-26
도마1동645,1,대전광역시 서구 용화2길 16,대전광역시 서구 도마동 68-30,36.3206542,127.3766742,2023,한전주,042-288-3950,대전광역시 서구청,2025-06-26
도마1동646,1,대전광역시 서구 도마6길 134,대전광역시 서구 도마동 87-25,36.317039,127.380797,2023,한전주,042-288-3950,대전광역시 서구청,2025-06-26
도마1동647,1,대전광역시 서구 도솔로 189-37,대전광역시 서구 도마동 17-28,36.327592,127.3736164,2023,한전주,042-288-3950,대전광역시 서구청,2025-06-26
도마1동648,1,대전광역시 서구 조달청길 175,대전광역시 서구 도마동 81-64,36.31950418,127.3813716,2023,전용주,042-288-3950,대전광역시 서구청,2025-06-26
도마1동649,1,대전광역시 서구 조달청길 187,대전광역시 서구 도마동 81-44,36.31949684,127.3816929,2023,전용주,042-288-3950,대전광역시 서구청,2025-06-26
도마1동650,1,대전광역시 서구 도마19길 62,대전광역시 서구 도마동 78-21,36.320549,127.3807431,2023,한전주,042-288-3950,대전광역시 서구청,2025-06-26
도마1동651,1,대전광역시 서구 사마2길 16,대전광역시 서구 도마동 125-23,36.31668742,127.377071,2023,전용주,042-288-3950,대전광역시 서구청,2025-06-26
도마1동651경로당,1,대전광역시 서구 배재로186번길 23-6,대전광역시 서구 도마동 21-38,36.32531032,127.371822,2023,한전주,042-288-3950,대전광역시 서구청,2025-06-26
도마1동652,1,대전광역시 서구 도솔로 189-37,대전광역시 서구 도마동 17-28,36.327500,127.3736164,2023,한전주,042-288-3950,대전광역시 서구청,2025-06-26
도마1동653,1,대전광역시 서구 도솔로 165,대전광역시 서구 도마동 19-32,36.32529452,127.3732355,2023,한전주,042-288-3950,대전광역시 서구청,2025-06-26
도마1동654,1,대전광역시 서구 도솔로 165,대전광역시 서구 도마동 19-32,36.325244,127.3732355,2023,한전주,042-288-3950,대전광역시 서구청,2025-06-26
도마1동655,1,대전광역시 서구 도마8길 9,대전광역시 서구 도마동 95-33,36.318751,127.3788408,2023,전용주,042-288-3950,대전광역시 서구청,2025-06-26
도마1동656,1,대전광역시 서구 용화4길 6,대전광역시 서구 도마동 65-11,36.31961444,127.3766377,2023,한전주,042-288-3950,대전광역시 서구청,2025-06-26
도마1동657,1,대전광역시 서구 도마로 114,대전광역시 서구 도마동 83-10,36.321372,127.382622,2023,한전주,042-288-3950,대전광역시 서구청,2025-06-26
도마1동658,1,대전광역시 서구 도솔로 133,대전광역시 서구 도마동 34-6,36.32253463,127.3735636,2023,한전주,042-288-3950,대전광역시 서구청,2025-06-26
도마1동659,1,,대전광역시 서구 도마동 502,36.31552849,127.3806776,2024,한전주,042-288-3950,대전광역시 서구청,2025-06-26
도마1동660,1,,대전광역시 서구 도마동 91-33,36.318316,127.3814244,2023,전용주,042-288-3950,대전광역시 서구청,2025-06-26
도마2동001,1,대전광역시 서구 배재로197번길 41,대전광역시 서구 도마동 426,36.32461394,127.3678893,2016,한전주,042-288-3950,대전광역시 서구청,2025-06-26
도마2동002,1,대전광역시 서구 배재로197번길 41,대전광역시 서구 도마동 426,36.32461394,127.3678893,2016,한전주,042-288-3950,대전광역시 서구청,2025-06-26
도마2동003,1,대전광역시 서구 배재로197번길 41,대전광역시 서구 도마동 426,36.32461394,127.3678893,2016,한전주,042-288-3950,대전광역시 서구청,2025-06-26
도마2동004,1,대전광역시 서구 배재로197번길 41,대전광역시 서구 도마동 426,36.32461394,127.3678893,2016,한전주,042-288-3950,대전광역시 서구청,2025-06-26
도마2동004-1,1,,대전광역시 서구 도마동 426,36.32461394,127.3678893,2023,전용주,042-288-3950,대전광역시 서구청,2025-06-26
도마2동004-2,1,,대전광역시 서구 도마동 426,36.32461394,127.3678893,2023,전용주,042-288-3950,대전광역시 서구청,2025-06-26
도마2동005,1,대전광역시 서구 배재로197번길 41,대전광역시 서구 도마동 426,36.324626,127.3678893,2016,한전주,042-288-3950,대전광역시 서구청,2025-06-26
도마2동006,1,대전광역시 서구 배재로197번길 27-50,대전광역시 서구 도마동 408-5,36.32389931,127.3682994,2016,한전주,042-288-3950,대전광역시 서구청,2025-06-26
도마2동007,1,대전광역시 서구 배재로197번길 27-58,대전광역시 서구 도마동 408-9,36.32382448,127.3684855,2016,한전주,042-288-3950,대전광역시 서구청,2025-06-26
도마2동008,1,대전광역시 서구 배재로197번길 27-82,대전광역시 서구 도마동 429-16,36.32344284,127.3680701,2016,한전주,042-288-3950,대전광역시 서구청,2025-06-26
도마2동009,1,대전광역시 서구 배재로197번길 27-72,대전광역시 서구 도마동 429-17,36.3237492,127.368375,2016,한전주,042-288-3950,대전광역시 서구청,2025-06-26
도마2동010,1,대전광역시 서구 도마동 제비네11길 26,대전광역시 서구 도마동 147-71,36.31472882,127.3770818,2023,한전주,042-288-3950,대전광역시 서구청,2025-06-26
도마2동011,1,대전광역시 서구 배재로197번길 27-90,대전광역시 서구 도마동 429-22,36.32348526,127.3685465,2016,한전주,042-288-3950,대전광역시 서구청,2025-06-26
도마2동012,1,대전광역시 서구 배재로197번길 27-53,대전광역시 서구 도마동 429-4,36.32354355,127.368783,2016,한전주,042-288-3950,대전광역시 서구청,2025-06-26
도마2동013,1,대전광역시 서구 배재로 139-53,대전광역시 서구 도마동 215-4,36.320169,127.368875,2016,한전주,042-288-3950,대전광역시 서구청,2025-06-26
도마2동014,1,대전광역시 서구 배재로 152,대전광역시 서구 도마동 50-15,36.32210304,127.370477,2016,전용주,042-288-3950,대전광역시 서구청,2025-06-26
도마2동015,1,대전광역시 서구 도학1길 86,대전광역시 서구 도마동 50-64,36.32199648,127.370825,2016,한전주,042-288-3950,대전광역시 서구청,2025-06-26
도마2동016,1,대전광역시 서구 도마동 도학1길 74,대전광역시 서구 도마동 50-59,36.32198826,127.371156,2016,한전주,042-288-3950,대전광역시 서구청,2025-06-26
도마2동017,1,,대전광역시 서구 도마동 207-3,36.3213714,127.3714624,2016,전용주,042-288-3950,대전광역시 서구청,2025-06-26
도마2동018,1,,대전광역시 서구 도마동 207-3,36.3213714,127.3714624,2016,한전주,042-288-3950,대전광역시 서구청,2025-06-26
도마2동019,1,,대전광역시 서구 도마동 207-3,36.3213714,127.3714624,2016,한전주,042-288-3950,대전광역시 서구청,2025-06-26
도마2동020,1,대전광역시 서구 제비네10길 78,대전광역시 서구 도마동 164-39,36.31329509,127.374669,2023,전용주,042-288-3950,대전광역시 서구청,2025-06-26
도마2동021,1,대전광역시 서구 도학4길 30,대전광역시 서구 도마동 52-1,36.320674,127.3716787,2016,한전주,042-288-3950,대전광역시 서구청,2025-06-26
도마2동022,1,대전광역시 서구 도학4길 28,대전광역시 서구 도마동 52-14,36.32050224,127.3716707,2016,한전주,042-288-3950,대전광역시 서구청,2025-06-26
도마2동023,1,대전광역시 서구 도학4길 12,대전광역시 서구 도마동 52-9,36.319899,127.3716245,2016,한전주,042-288-3950,대전광역시 서구청,2025-06-26
도마2동024,1,대전광역시 서구 도학4길 8,대전광역시 서구 도마동 52-7,36.31962888,127.371651,2016,한전주,042-288-3950,대전광역시 서구청,2025-06-26
도마2동025,1,대전광역시 서구 배재로 124,대전광역시 서구 도마동 209-6,36.319699,127.3710835,2016,전용주,042-288-3950,대전광역시 서구청,2025-06-26
도마2동026,1,대전광역시 서구 배재로 128,대전광역시 서구 도마동 209-2,36.31999651,127.3708828,2016,전용주,042-288-3950,대전광역시 서구청,2025-06-26
도마2동027,1,대전광역시 서구 도학4길 3,대전광역시 서구 도마동 209-8,36.319595,127.3713336,2016,한전주,042-288-3950,대전광역시 서구청,2025-06-26
도마2동028,1,대전광역시 서구 배재로 118,대전광역시 서구 도마동 358-5,36.319115,127.3713594,2016,한전주,042-288-3950,대전광역시 서구청,2025-06-26
도마2동029,1,대전광역시 서구 도솔2길 22,대전광역시 서구 도마동 111-3,36.31917326,127.3723111,2016,한전주,042-288-3950,대전광역시 서구청,2025-06-26
도마2동030,1,대전광역시 서구 제비네8길 6,대전광역시 서구 도마동 169-11,36.311768,127.376184,2023,한전주,042-288-3950,대전광역시 서구청,2025-06-26
도마2동031,1,대전광역시 서구 도솔2길 22,대전광역시 서구 도마동 111-3,36.31917326,127.3723111,2016,한전주,042-288-3950,대전광역시 서구청,2025-06-26
도마2동032,1,대전광역시 서구 조달청길 18,대전광역시 서구 도마동 111-2,36.31917029,127.372576,2016,한전주,042-288-3950,대전광역시 서구청,2025-06-26
도마2동033,1,대전광역시 서구 조달청길 22,대전광역시 서구 도마동 108-3,36.319109,127.3728985,2016,전용주,042-288-3950,대전광역시 서구청,2025-06-26
도마2동034,1,대전광역시 서구 도솔1길 7,대전광역시 서구 도마동 108-21,36.31890806,127.372912,2016,한전주,042-288-3950,대전광역시 서구청,2025-06-26
도마2동035,1,,대전광역시 서구 도마동 208-31,36.318640,127.372718,2016,한전주,042-288-3950,대전광역시 서구청,2025-06-26
도마2동036,1,대전광역시 서구 도솔1길 19,대전광역시 서구 도마동 108-34,36.318586,127.373065,2016,전용주,042-288-3950,대전광역시 서구청,2025-06-26
도마2동037,1,대전광역시 서구 도솔1길 23,대전광역시 서구 도마동 108-10,36.318476,127.3730686,2016,한전주,042-288-3950,대전광역시 서구청,2025-06-26
도마2동038,1,대전광역시 서구 도솔2길 12,대전광역시 서구 도마동 108-9,36.318174,127.3728768,2016,한전주,042-288-3950,대전광역시 서구청,2025-06-26
도마2동039,1,대전광역시 서구 도솔2길 21,대전광역시 서구 도마동 110-38,36.318067,127.3725372,2016,전용주,042-288-3950,대전광역시 서구청,2025-06-26
도마2동040,1,,대전광역시 서구 도마동 333-34,36.318183,127.370714,2023,한전주,042-288-3950,대전광역시 서구청,2025-06-26
도마2동041,1,대전광역시 서구 도솔2길 31,대전광역시 서구 도마동 113-11,36.318061,127.371983,2016,한전주,042-288-3950,대전광역시 서구청,2025-06-26
도마2동042,1,대전광역시 서구 도솔2길 33,대전광역시 서구 도마동 113-10,36.318087,127.3717333,2016,한전주,042-288-3950,대전광역시 서구청,2025-06-26
도마2동043,1,대전광역시 서구 배재로 107-16,대전광역시 서구 도마동 359-32,36.318217,127.3702619,2016,한전주,042-288-3950,대전광역시 서구청,2025-06-26
도마2동044,1,대전광역시 서구 배재로91번길 38-22,대전광역시 서구 도마동 359-27,36.3179902,127.369943,2016,한전주,042-288-3950,대전광역시 서구청,2025-06-26
도마2동045,1,대전광역시 서구 배재로91번길 38-22,대전광역시 서구 도마동 359-27,36.3179902,127.3699861,2016,한전주,042-288-3950,대전광역시 서구청,2025-06-26
도마2동046,1,대전광역시 서구 배재로 107-33,대전광역시 서구 도마동 543-16,36.31807664,127.3693095,2016,한전주,042-288-3950,대전광역시 서구청,2025-06-26
도마2동047,1,대전광역시 서구 배재로91번길 83,대전광역시 서구 도마동 359-20,36.31910108,127.3686742,2016,한전주,042-288-3950,대전광역시 서구청,2025-06-26
도마2동048,1,대전광역시 서구 배재로 107-30,대전광역시 서구 도마동 359-21,36.31905836,127.3689975,2016,한전주,042-288-3950,대전광역시 서구청,2025-06-26
도마2동049,1,대전광역시 서구 배재로91번길 83,대전광역시 서구 도마동 359-20,36.31910108,127.368621,2016,한전주,042-288-3950,대전광역시 서구청,2025-06-26
도마2동050,1,대전광역시 서구 제비네1길 103,대전광역시 서구 도마동 153-57,36.315139,127.3745129,2023,한전주,042-288-3950,대전광역시 서구청,2025-06-26
도마2동051,1,대전광역시 서구 배재로91번길 72,대전광역시 서구 도마동 330-30,36.318122,127.368724,2016,한전주,042-288-3950,대전광역시 서구청,2025-06-26
도마2동052,1,대전광역시 서구 배재로91번길 68,대전광역시 서구 도마동 330-60,36.31786295,127.3687316,2016,한전주,042-288-3950,대전광역시 서구청,2025-06-26
도마2동053,1,대전광역시 서구 배재로91번길 57,대전광역시 서구 도마동 328-19,36.31749766,127.3683362,2016,한전주,042-288-3950,대전광역시 서구청,2025-06-26
도마2동054,1,대전광역시 서구 배재로91번길 38-7,대전광역시 서구 도마동 330-10,36.317379,127.3691317,2016,한전주,042-288-3950,대전광역시 서구청,2025-06-26
도마2동055,1,대전광역시 서구 배재로91번길 58-5,대전광역시 서구 도마동 330-8,36.317430,127.3688782,2016,한전주,042-288-3950,대전광역시 서구청,2025-06-26
도마2동056,1,대전광역시 서구 배재로91번길 51-2,대전광역시 서구 도마동 328-20,36.317360,127.3683105,2016,한전주,042-288-3950,대전광역시 서구청,2025-06-26
도마2동057,1,대전광역시 서구 배재로91번길 54,대전광역시 서구 도마동 330-19,36.31721927,127.3685478,2016,한전주,042-288-3950,대전광역시 서구청,2025-06-26
도마2동058,1,대전광역시 서구 배재로91번길 44,대전광역시 서구 도마동 330-21,36.31717601,127.3688106,2016,한전주,042-288-3950,대전광역시 서구청,2025-06-26
도마2동059,1,대전광역시 서구 배재로91번길 38-3,대전광역시 서구 도마동 330-24,36.31710175,127.369044,2016,한전주,042-288-3950,대전광역시 서구청,2025-06-26
도마2동060,1,대전광역시 서구 제비네9길 5,대전광역시 서구 도마동 164-43,36.313168,127.374367,2023,전용주,042-288-3950,대전광역시 서구청,2025-06-26
도마2동061,1,대전광역시 서구 배재로91번길 34,대전광역시 서구 도마동 329-1,36.31710123,127.3693297,2016,한전주,042-288-3950,대전광역시 서구청,2025-06-26
도마2동062,1,대전광역시 서구 배재로91번길 38-27,대전광역시 서구 도마동 330-34,36.31795523,127.368943,2016,한전주,042-288-3950,대전광역시 서구청,2025-06-26
도마2동063,1,대전광역시 서구 배재로91번길 38-21,대전광역시 서구 도마동 330-42,36.317616,127.3688081,2016,한전주,042-288-3950,대전광역시 서구청,2025-06-26
도마2동064,1,대전광역시 서구 배재로91번길 38-55,대전광역시 서구 도마동 331,36.317613,127.3691986,2016,한전주,042-288-3950,대전광역시 서구청,2025-06-26
도마2동065,1,대전광역시 서구 배재로91번길 38-61,대전광역시 서구 도마동 543,36.31795792,127.3692913,2016,한전주,042-288-3950,대전광역시 서구청,2025-06-26
도마2동066,1,대전광역시 서구 배재로91번길 28,대전광역시 서구 도마동 328-21,36.3170076,127.3695915,2016,한전주,042-288-3950,대전광역시 서구청,2025-06-26
도마2동067,1,대전광역시 서구 배재로91번길 19,대전광역시 서구 도마동 328-7,36.3167817,127.3701069,2016,한전주,042-288-3950,대전광역시 서구청,2025-06-26
도마2동068,1,대전광역시 서구 배재로91번길 8,대전광역시 서구 도마동 334-2,36.31702337,127.3704371,2016,한전주,042-288-3950,대전광역시 서구청,2025-06-26
도마2동069,1,대전광역시 서구 배재로 91,대전광역시 서구 도마동 334-14,36.31676507,127.3710529,2016,한전주,042-288-3950,대전광역시 서구청,2025-06-26
도마2동070,1,대전광역시 서구 배재로91번길 56,대전광역시 서구 도마동 330-18,36.317347,127.368563,2023,한전주,042-288-3950,대전광역시 서구청,2025-06-26
도마2동071,1,대전광역시 서구 배재로91번길 38-22,대전광역시 서구 도마동 359-27,36.3179902,127.369936,2016,전용주,042-288-3950,대전광역시 서구청,2025-06-26
도마2동072,1,대전광역시 서구 배재로91번길 38-22,대전광역시 서구 도마동 359-27,36.3179902,127.3699861,2016,전용주,042-288-3950,대전광역시 서구청,2025-06-26
도마2동073,1,,대전광역시 서구 도마동 545,36.31678117,127.3705988,2016,한전주,042-288-3950,대전광역시 서구청,2025-06-26
도마2동074,1,대전광역시 서구 배재로91번길 11-1,대전광역시 서구 도마동 545-16,36.316610,127.3706226,2016,전용주,042-288-3950,대전광역시 서구청,2025-06-26
도마2동075,1,대전광역시 서구 배재로91번길 5,대전광역시 서구 도마동 334-11,36.3167312,127.370826,2016,전용주,042-288-3950,대전광역시 서구청,2025-06-26
도마2동076,1,대전광역시 서구 배재로 99-58,대전광역시 서구 도마동 333-20,36.31789772,127.3707189,2016,한전주,042-288-3950,대전광역시 서구청,2025-06-26
도마2동077,1,대전광역시 서구 배재로 99-52,대전광역시 서구 도마동 333-22,36.31762175,127.3707275,2016,한전주,042-288-3950,대전광역시 서구청,2025-06-26
도마2동078,1,대전광역시 서구 배재로 99-9,대전광역시 서구 도마동 333-14,36.317394,127.370551,2016,한전주,042-288-3950,대전광역시 서구청,2025-06-26
도마2동079,1,대전광역시 서구 배재로 103,대전광역시 서구 도마동 333-30,36.31791117,127.3710612,2016,전용주,042-288-3950,대전광역시 서구청,2025-06-26
도마2동080,1,대전광역시 서구 도마동 제비네4길 94,대전광역시 서구 도마동 146-58,36.313851,127.377076,2023,전용주,042-288-3950,대전광역시 서구청,2025-06-26
도마2동081,1,대전광역시 서구 배재로 99-1,대전광역시 서구 도마동 333-9,36.317371,127.3710408,2016,전용주,042-288-3950,대전광역시 서구청,2025-06-26
도마2동082,1,대전광역시 서구 배재로 99-1,대전광역시 서구 도마동 333-9,36.317366,127.3710408,2016,한전주,042-288-3950,대전광역시 서구청,2025-06-26
도마2동083,1,대전광역시 서구 배재로 81-56,대전광역시 서구 도마동 335-10,36.315945,127.3701968,2016,한전주,042-288-3950,대전광역시 서구청,2025-06-26
도마2동084,1,대전광역시 서구 도마동 배재로 81-7,대전광역시 서구 도마동 335-38,36.31582975,127.3706123,2016,한전주,042-288-3950,대전광역시 서구청,2025-06-26
도마2동085,1,대전광역시 서구 배재로 81-34,대전광역시 서구 도마동 335-19,36.3162986,127.3702468,2016,한전주,042-288-3950,대전광역시 서구청,2025-06-26
도마2동086,1,대전광역시 서구 배재로 81-18,대전광역시 서구 도마동 335-15,36.316558,127.370690,2016,한전주,042-288-3950,대전광역시 서구청,2025-06-26
도마2동087,1,대전광역시 서구 배재로 81-40,대전광역시 서구 도마동 335-21,36.31627246,127.3705978,2016,한전주,042-288-3950,대전광역시 서구청,2025-06-26
도마2동088,1,대전광역시 서구 배재로 81-40,대전광역시 서구 도마동 335-21,36.316283,127.3705978,2016,한전주,042-288-3950,대전광역시 서구청,2025-06-26
도마2동089,1,대전광역시 서구 배재로 81-8,대전광역시 서구 도마동 335-29,36.31601765,127.3708157,2016,한전주,042-288-3950,대전광역시 서구청,2025-06-26
도마2동090,1,대전광역시 서구 제비네3길 57,대전광역시 서구 도마동 167-59,36.313697,127.3760115,2023,한전주,042-288-3950,대전광역시 서구청,2025-06-26
도마2동098,1,대전광역시 서구 조달청길 24,대전광역시 서구 도마동 108-57,36.3191536,127.373097,2016,한전주,042-288-3950,대전광역시 서구청,2025-06-26
도마2동099,1,대전광역시 서구 도솔로 97,대전광역시 서구 도마동 108-12,36.31916358,127.373478,2016,한전주,042-288-3950,대전광역시 서구청,2025-06-26
도마2동100,1,대전광역시 서구 배재로91번길 22-11,대전광역시 서구 도마동 329,36.31718596,127.3695003,2023,한전주,042-288-3950,대전광역시 서구청,2025-06-26
도마2동101,1,대전광역시 서구 도솔로 89-2,대전광역시 서구 도마동 108-29,36.31866091,127.3731879,2016,전용주,042-288-3950,대전광역시 서구청,2025-06-26
도마2동102,1,대전광역시 서구 도솔2길 13,대전광역시 서구 도마동 109-20,36.317882,127.372970,2016,전용주,042-288-3950,대전광역시 서구청,2025-06-26
도마2동103,1,대전광역시 서구 도솔2길 5,대전광역시 서구 도마동 109-23,36.31799514,127.3731221,2016,한전주,042-288-3950,대전광역시 서구청,2025-06-26
도마2동104,1,대전광역시 서구 도솔로 67-2,대전광역시 서구 도마동 120-19,36.31666742,127.373124,2016,한전주,042-288-3950,대전광역시 서구청,2025-06-26
도마2동105,1,대전광역시 서구 도솔4길 11,대전광역시 서구 도마동 120-23,36.31659077,127.3727088,2016,한전주,042-288-3950,대전광역시 서구청,2025-06-26
도마2동106,1,대전광역시 서구 도솔1길 57,대전광역시 서구 도마동 109-32,36.31722346,127.3730064,2016,전용주,042-288-3950,대전광역시 서구청,2025-06-26
도마2동107,1,대전광역시 서구 도마동 도솔1길 34,대전광역시 서구 도마동 110-43,36.31733574,127.3724607,2016,한전주,042-288-3950,대전광역시 서구청,2025-06-26
도마2동108,1,대전광역시 서구 도솔3길 19,대전광역시 서구 도마동 110-35,36.31757107,127.3723617,2016,한전주,042-288-3950,대전광역시 서구청,2025-06-26
도마2동109,1,대전광역시 서구 도솔1길 26,대전광역시 서구 도마동 110-40,36.31771473,127.3725906,2016,한전주,042-288-3950,대전광역시 서구청,2025-06-26
도마2동110,1,대전광역시 서구 배재로91번길 22-11,대전광역시 서구 도마동 329,36.31718596,127.3695003,2023,전용주,042-288-3950,대전광역시 서구청,2025-06-26
도마2동111,1,대전광역시 서구 도솔4길 12,대전광역시 서구 도마동 110-9,36.31692256,127.372654,2016,한전주,042-288-3950,대전광역시 서구청,2025-06-26
도마2동112,1,대전광역시 서구 도솔4길 21,대전광역시 서구 도마동 120-32,36.316611,127.3724921,2016,전용주,042-288-3950,대전광역시 서구청,2025-06-26
도마2동113,1,대전광역시 서구 도솔3길 43,대전광역시 서구 도마동 120-7,36.316788,127.3720871,2016,한전주,042-288-3950,대전광역시 서구청,2025-06-26
도마2동114,1,대전광역시 서구 도솔5길 6,대전광역시 서구 도마동 120-12,36.31618577,127.3729725,2016,한전주,042-288-3950,대전광역시 서구청,2025-06-26
도마2동115,1,대전광역시 서구 도솔3길 45,대전광역시 서구 도마동 120-13,36.31658837,127.372034,2016,한전주,042-288-3950,대전광역시 서구청,2025-06-26
도마2동116,1,대전광역시 서구 도솔3길 22,대전광역시 서구 도마동 113-4,36.31728132,127.3718762,2016,한전주,042-288-3950,대전광역시 서구청,2025-06-26
도마2동117,1,대전광역시 서구 도솔3길 16,대전광역시 서구 도마동 113-26,36.3174983,127.3718854,2016,한전주,042-288-3950,대전광역시 서구청,2025-06-26
도마2동118,1,대전광역시 서구 도솔3길 12,대전광역시 서구 도마동 113-18,36.317775,127.371886,2016,한전주,042-288-3950,대전광역시 서구청,2025-06-26
도마2동119,1,대전광역시 서구 도솔3길 10,대전광역시 서구 도마동 113-17,36.317785,127.371739,2016,전용주,042-288-3950,대전광역시 서구청,2025-06-26
도마2동120,1,,대전광역시 서구 도마동 208-2,36.31979266,127.3713488,2023,전용주,042-288-3950,대전광역시 서구청,2025-06-26
도마2동121,1,대전광역시 서구 도솔4길 41,대전광역시 서구 도마동 114-10,36.31675892,127.3716403,2016,한전주,042-288-3950,대전광역시 서구청,2025-06-26
도마2동122,1,대전광역시 서구 배재로 88,대전광역시 서구 도마동 114-19,36.316358,127.3714829,2016,한전주,042-288-3950,대전광역시 서구청,2025-06-26
도마2동123,1,대전광역시 서구 도솔5길 20,대전광역시 서구 도마동 120-49,36.316151,127.3724721,2016,한전주,042-288-3950,대전광역시 서구청,2025-06-26
도마2동124,1,대전광역시 서구 도솔5길 22,대전광역시 서구 도마동 120-36,36.31620098,127.3723417,2016,한전주,042-288-3950,대전광역시 서구청,2025-06-26
도마2동125,1,대전광역시 서구 도솔3길 45,대전광역시 서구 도마동 120-13,36.316547,127.372009,2016,한전주,042-288-3950,대전광역시 서구청,2025-06-26
도마2동126,1,대전광역시 서구 도솔3길 51,대전광역시 서구 도마동 120-16,36.31622413,127.372021,2016,한전주,042-288-3950,대전광역시 서구청,2025-06-26
도마2동127,1,대전광역시 서구 도솔5길 34,대전광역시 서구 도마동 114-17,36.31622212,127.3716873,2016,한전주,042-288-3950,대전광역시 서구청,2025-06-26
도마2동128,1,대전광역시 서구 도솔6길 5,대전광역시 서구 도마동 157-52,36.31516029,127.3729225,2016,한전주,042-288-3950,대전광역시 서구청,2025-06-26
도마2동129,1,대전광역시 서구 도솔6길 9,대전광역시 서구 도마동 157-13,36.3153801,127.372995,2016,한전주,042-288-3950,대전광역시 서구청,2025-06-26
도마2동130,1,대전광역시 서구 계백로 1416,대전광역시 서구 도마동 173-5,36.312260,127.3789273,2023,한전주,042-288-3950,대전광역시 서구청,2025-06-26
도마2동131,1,대전광역시 서구 도솔6길 15,대전광역시 서구 도마동 157-38,36.31517122,127.372707,2016,전용주,042-288-3950,대전광역시 서구청,2025-06-26
도마2동132,1,대전광역시 서구 도솔6길 11,대전광역시 서구 도마동 157-12,36.31538807,127.372714,2016,한전주,042-288-3950,대전광역시 서구청,2025-06-26
도마2동133,1,대전광역시 서구 도솔6길 25,대전광역시 서구 도마동 157-41,36.315287,127.3724426,2016,전용주,042-288-3950,대전광역시 서구청,2025-06-26
도마2동134,1,대전광역시 서구 도솔6길 26,대전광역시 서구 도마동 119-13,36.31577246,127.3725196,2016,한전주,042-288-3950,대전광역시 서구청,2025-06-26
도마2동135,1,대전광역시 서구 도솔6길 23,대전광역시 서구 도마동 157-42,36.3153975,127.3724534,2016,한전주,042-288-3950,대전광역시 서구청,2025-06-26
도마2동136,1,대전광역시 서구 도솔6길 35,대전광역시 서구 도마동 157-10,36.315312,127.3721695,2016,한전주,042-288-3950,대전광역시 서구청,2025-06-26
도마2동137,1,대전광역시 서구 도솔6길 36,대전광역시 서구 도마동 119-5,36.31560357,127.3720301,2016,한전주,042-288-3950,대전광역시 서구청,2025-06-26
도마2동138,1,,대전광역시 서구 도마동 118-9,36.31566712,127.3717065,2016,전용주,042-288-3950,대전광역시 서구청,2025-06-26
도마2동139,1,대전광역시 서구 도솔3길 61,대전광역시 서구 도마동 119-11,36.315788,127.372122,2016,한전주,042-288-3950,대전광역시 서구청,2025-06-26
도마2동140,1,대전광역시 서구 용화7길 18,대전광역시 서구 도마동 62-6,36.319943,127.3744421,2023,한전주,042-288-3950,대전광역시 서구청,2025-06-26
도마2동141,1,대전광역시 서구 도솔6길 46,대전광역시 서구 도마동 118-17,36.315386,127.371588,2016,한전주,042-288-3950,대전광역시 서구청,2025-06-26
도마2동142,1,대전광역시 서구 도솔6길 48,대전광역시 서구 도마동 118-14,36.315258,127.371496,2016,전용주,042-288-3950,대전광역시 서구청,2025-06-26
도마2동143,1,대전광역시 서구 배재로 78,대전광역시 서구 도마동 335-35,36.31531907,127.3709859,2016,한전주,042-288-3950,대전광역시 서구청,2025-06-26
도마2동144,1,대전광역시 서구 배재로 78,대전광역시 서구 도마동 335-35,36.31531907,127.3709859,2016,한전주,042-288-3950,대전광역시 서구청,2025-06-26
도마2동145,1,대전광역시 서구 배재로 80,대전광역시 서구 도마동 335-34,36.3156729,127.371282,2016,한전주,042-288-3950,대전광역시 서구청,2025-06-26
도마2동146,1,대전광역시 서구 배재로 78,대전광역시 서구 도마동 335-35,36.31531907,127.3709859,2016,전용주,042-288-3950,대전광역시 서구청,2025-06-26
도마2동147,1,대전광역시 서구 도솔로 49-18,대전광역시 서구 도마동 157-3,36.31504041,127.3724389,2016,한전주,042-288-3950,대전광역시 서구청,2025-06-26
도마2동148,1,대전광역시 서구 도솔로45번길 12,대전광역시 서구 도마동 157-24,36.3148528,127.3729259,2016,한전주,042-288-3950,대전광역시 서구청,2025-06-26
도마2동149,1,대전광역시 서구 도솔6길 9,대전광역시 서구 도마동 157-13,36.3153801,127.3729491,2016,전용주,042-288-3950,대전광역시 서구청,2025-06-26
도마2동150,1,대전광역시 서구 사마8길 23,대전광역시 서구 도마동 105-1,36.31859061,127.375142,2023,한전주,042-288-3950,대전광역시 서구청,2025-06-26
도마2동151,1,대전광역시 서구 도솔로 47,대전광역시 서구 도마동 157-21,36.31482674,127.373391,2016,한전주,042-288-3950,대전광역시 서구청,2025-06-26
도마2동152,1,대전광역시 서구 도솔로45번길 14,대전광역시 서구 도마동 157-25,36.31485568,127.3727814,2016,한전주,042-288-3950,대전광역시 서구청,2025-06-26
도마2동153,1,대전광역시 서구 도솔로45번길 22,대전광역시 서구 도마동 157-56,36.31490509,127.372368,2016,한전주,042-288-3950,대전광역시 서구청,2025-06-26
도마2동154,1,대전광역시 서구 도솔로45번길 22,대전광역시 서구 도마동 157-56,36.31490509,127.3723121,2016,한전주,042-288-3950,대전광역시 서구청,2025-06-26
도마2동155,1,대전광역시 서구 도솔로45번길 28,대전광역시 서구 도마동 157-6,36.314820,127.3720203,2016,한전주,042-288-3950,대전광역시 서구청,2025-06-26
도마2동156,1,대전광역시 서구 도솔3길 73,대전광역시 서구 도마동 157-8,36.315020,127.372016,2016,한전주,042-288-3950,대전광역시 서구청,2025-06-26
도마2동157,1,대전광역시 서구 도솔6길 43,대전광역시 서구 도마동 158-1,36.31530304,127.3717938,2016,전용주,042-288-3950,대전광역시 서구청,2025-06-26
도마2동158,1,대전광역시 서구 도솔로39번길 10,대전광역시 서구 도마동 156-75,36.31425424,127.373276,2016,한전주,042-288-3950,대전광역시 서구청,2025-06-26
도마2동159,1,대전광역시 서구 도솔로39번길 10-1,대전광역시 서구 도마동 156-51,36.314325,127.3732525,2016,한전주,042-288-3950,대전광역시 서구청,2025-06-26
도마2동160,1,대전광역시 서구 조달청길 72,대전광역시 서구 도마동 103-1,36.31894365,127.375882,2023,한전주,042-288-3950,대전광역시 서구청,2025-06-26
도마2동161,1,대전광역시 서구 도솔로39번길 16,대전광역시 서구 도마동 156-9,36.31423442,127.372748,2016,한전주,042-288-3950,대전광역시 서구청,2025-06-26
도마2동162,1,대전광역시 서구 도솔로39번길 24-2,대전광역시 서구 도마동 156-14,36.31443159,127.372475,2016,전용주,042-288-3950,대전광역시 서구청,2025-06-26
도마2동163,1,대전광역시 서구 도림1길 14,대전광역시 서구 도마동 155-16,36.31278781,127.373597,2016,한전주,042-288-3950,대전광역시 서구청,2025-06-26
도마2동164,1,대전광역시 서구 도솔로39번길 30-1,대전광역시 서구 도마동 156-22,36.314317,127.3720695,2016,전용주,042-288-3950,대전광역시 서구청,2025-06-26
도마2동165,1,대전광역시 서구 도솔5길 53,대전광역시 서구 도마동 158-21,36.31472781,127.3714169,2016,한전주,042-288-3950,대전광역시 서구청,2025-06-26
도마2동166,1,대전광역시 서구 도솔3길 87,대전광역시 서구 도마동 156-25,36.31442034,127.371907,2016,한전주,042-288-3950,대전광역시 서구청,2025-06-26
도마2동167,1,대전광역시 서구 도솔3길 87,대전광역시 서구 도마동 156-25,36.314477,127.371913,2016,한전주,042-288-3950,대전광역시 서구청,2025-06-26
도마2동168,1,대전광역시 서구 도솔로39번길 38,대전광역시 서구 도마동 158-27,36.314230,127.371781,2016,한전주,042-288-3950,대전광역시 서구청,2025-06-26
도마2동169,1,대전광역시 서구 도솔5길 61,대전광역시 서구 도마동 158-12,36.314245,127.371338,2016,한전주,042-288-3950,대전광역시 서구청,2025-06-26
도마2동170,1,,대전광역시 서구 도마동 332-6,36.317226,127.3700002,2023,한전주,042-288-3950,대전광역시 서구청,2025-06-26
도마2동171,1,대전광역시 서구 도솔5길 68,대전광역시 서구 도마동 159-7,36.3143975,127.3711357,2016,한전주,042-288-3950,대전광역시 서구청,2025-06-26
도마2동172,1,대전광역시 서구 도솔5길 60,대전광역시 서구 도마동 159-12,36.31483391,127.3711757,2016,한전주,042-288-3950,대전광역시 서구청,2025-06-26
도마2동173,1,대전광역시 서구 도솔로39번길 54,대전광역시 서구 도마동 316-9,36.31430369,127.3708459,2016,한전주,042-288-3950,대전광역시 서구청,2025-06-26
도마2동174,1,대전광역시 서구 도솔6길 100,대전광역시 서구 도마동 316-2,36.314373,127.3704738,2016,한전주,042-288-3950,대전광역시 서구청,2025-06-26
도마2동175,1,대전광역시 서구 배재로 68,대전광역시 서구 도마동 320,36.31463476,127.3704449,2016,한전주,042-288-3950,대전광역시 서구청,2025-06-26
도마2동176,1,,대전광역시 서구 도마동 320-6,36.3148217,127.370549,2016,전용주,042-288-3950,대전광역시 서구청,2025-06-26
도마2동177,1,대전광역시 서구 배재로46번길 77,대전광역시 서구 도마동 155-20,36.31337428,127.3723589,2016,전용주,042-288-3950,대전광역시 서구청,2025-06-26
도마2동178,1,대전광역시 서구 배재로46번길 74,대전광역시 서구 도마동 155-41,36.31288694,127.3729917,2016,전용주,042-288-3950,대전광역시 서구청,2025-06-26
도마2동179,1,대전광역시 서구 배재로46번길 70,대전광역시 서구 도마동 155-42,36.31285886,127.372897,2016,전용주,042-288-3950,대전광역시 서구청,2025-06-26
도마2동180,1,대전광역시 서구 도산로 82-1,대전광역시 서구 도마동 129-15,36.315771,127.379288,2023,전용주,042-288-3950,대전광역시 서구청,2025-06-26
도마2동181,1,대전광역시 서구 도림3길 79,대전광역시 서구 도마동 162-23,36.31284746,127.3722717,2016,한전주,042-288-3950,대전광역시 서구청,2025-06-26
도마2동182,1,,대전광역시 서구 도마동 162-1,36.312922,127.3720446,2016,한전주,042-288-3950,대전광역시 서구청,2025-06-26
도마2동183,1,대전광역시 서구 도솔3길 121,대전광역시 서구 도마동 155-81,36.313191,127.3719149,2016,한전주,042-288-3950,대전광역시 서구청,2025-06-26
도마2동184,1,대전광역시 서구 도솔3길 109,대전광역시 서구 도마동 155-78,36.313450,127.371911,2016,한전주,042-288-3950,대전광역시 서구청,2025-06-26
도마2동185,1,대전광역시 서구 도솔3길 97,대전광역시 서구 도마동 155-64,36.313813,127.3719458,2016,한전주,042-288-3950,대전광역시 서구청,2025-06-26
도마2동186,1,대전광역시 서구 도솔로39번길 35,대전광역시 서구 도마동 161-28,36.314108,127.3717369,2016,한전주,042-288-3950,대전광역시 서구청,2025-06-26
도마2동187,1,,대전광역시 서구 도마동 162-21,36.312937,127.371697,2016,한전주,042-288-3950,대전광역시 서구청,2025-06-26
도마2동188,1,,대전광역시 서구 도마동 162-20,36.31285939,127.3715063,2016,한전주,042-288-3950,대전광역시 서구청,2025-06-26
도마2동189,1,대전광역시 서구 도솔5길 96,대전광역시 서구 도마동 160-4,36.31308412,127.3710221,2016,한전주,042-288-3950,대전광역시 서구청,2025-06-26
도마2동190,1,대전광역시 서구 도솔5길 12,대전광역시 서구 도마동 120-41,36.31620437,127.372773,2023,전용주,042-288-3950,대전광역시 서구청,2025-06-26
도마2동191,1,대전광역시 서구 도솔5길 80,대전광역시 서구 도마동 160-11,36.31370734,127.3710913,2016,한전주,042-288-3950,대전광역시 서구청,2025-06-26
도마2동192,1,대전광역시 서구 도솔5길 74,대전광역시 서구 도마동 160-12,36.314024,127.3711306,2016,한전주,042-288-3950,대전광역시 서구청,2025-06-26
도마2동193,1,대전광역시 서구 배재로46번길 36,대전광역시 서구 도마동 312-190,36.31289254,127.3707834,2016,한전주,042-288-3950,대전광역시 서구청,2025-06-26
도마2동194,1,,대전광역시 서구 도마동 317-27,36.31323284,127.3704312,2016,한전주,042-288-3950,대전광역시 서구청,2025-06-26
도마2동195,1,대전광역시 서구 도솔6길 116,대전광역시 서구 도마동 317-25,36.31344654,127.3704518,2016,한전주,042-288-3950,대전광역시 서구청,2025-06-26
도마2동196,1,대전광역시 서구 도솔6길 108,대전광역시 서구 도마동 317-59,36.313817,127.3704828,2016,한전주,042-288-3950,대전광역시 서구청,2025-06-26
도마2동197,1,대전광역시 서구 도솔6길 104,대전광역시 서구 도마동 317-58,36.314013,127.370476,2016,한전주,042-288-3950,대전광역시 서구청,2025-06-26
도마2동198,1,,대전광역시 서구 도마동 317-55,36.313106,127.370189,2016,전용주,042-288-3950,대전광역시 서구청,2025-06-26
도마2동199,1,대전광역시 서구 배재로54번길 26,대전광역시 서구 도마동 317-93,36.31345646,127.370159,2016,한전주,042-288-3950,대전광역시 서구청,2025-06-26
도마2동201,1,대전광역시 서구 배재로54번길 15,대전광역시 서구 도마동 317-43,36.313806,127.3701837,2016,한전주,042-288-3950,대전광역시 서구청,2025-06-26
도마2동202,1,대전광역시 서구 배재로54번길 11,대전광역시 서구 도마동 317-47,36.313821,127.369975,2016,한전주,042-288-3950,대전광역시 서구청,2025-06-26
도마2동203,1,대전광역시 서구 배재로 56,대전광역시 서구 도마동 317-49,36.313835,127.3696188,2016,한전주,042-288-3950,대전광역시 서구청,2025-06-26
도마2동204,1,대전광역시 서구 배재로46번길 19,대전광역시 서구 도마동 317-139,36.31350299,127.3695363,2016,한전주,042-288-3950,대전광역시 서구청,2025-06-26
도마2동205,1,대전광역시 서구 배재로 46,대전광역시 서구 도마동 317-39,36.31330343,127.369432,2016,한전주,042-288-3950,대전광역시 서구청,2025-06-26
도마2동206,1,대전광역시 서구 도솔2길 22,대전광역시 서구 도마동 111-3,36.31917326,127.3723111,2016,한전주,042-288-3950,대전광역시 서구청,2025-06-26
도마2동207,1,대전광역시 서구 도솔로 23-1,대전광역시 서구 도마동 155-13,36.312684,127.373821,2016,전용주,042-288-3950,대전광역시 서구청,2025-06-26
도마2동208,1,대전광역시 서구 도솔로 21-1,대전광역시 서구 도마동 155-12,36.31252275,127.3739218,2016,전용주,042-288-3950,대전광역시 서구청,2025-06-26
도마2동209,1,대전광역시 서구 도솔로 19,대전광역시 서구 도마동 155-10,36.31237547,127.3741024,2016,한전주,042-288-3950,대전광역시 서구청,2025-06-26
도마2동211,1,대전광역시 서구 도림1길 7,대전광역시 서구 도마동 163-16,36.312247,127.3738589,2016,한전주,042-288-3950,대전광역시 서구청,2025-06-26
도마2동212,1,대전광역시 서구 도림1길 20,대전광역시 서구 도마동 155-29,36.31256934,127.3733458,2016,한전주,042-288-3950,대전광역시 서구청,2025-06-26
도마2동213,1,대전광역시 서구 도림1길 30,대전광역시 서구 도마동 155-33,36.3123797,127.373245,2016,전용주,042-288-3950,대전광역시 서구청,2025-06-26
도마2동214,1,대전광역시 서구 도림1길 52,대전광역시 서구 도마동 155-88,36.31257628,127.372998,2016,한전주,042-288-3950,대전광역시 서구청,2025-06-26
도마2동215,1,대전광역시 서구 제비네8길 6,대전광역시 서구 도마동 169-11,36.3117547,127.3761832,2016,한전주,042-288-3950,대전광역시 서구청,2025-06-26
도마2동216,1,대전광역시 서구 도림1길 14,대전광역시 서구 도마동 155-16,36.31278781,127.373597,2016,전용주,042-288-3950,대전광역시 서구청,2025-06-26
도마2동217,1,대전광역시 서구 도림1길 74,대전광역시 서구 도마동 155-50,36.31240105,127.3725758,2016,전용주,042-288-3950,대전광역시 서구청,2025-06-26
도마2동218,1,대전광역시 서구 도림1길 76,대전광역시 서구 도마동 155-51,36.312368,127.372415,2016,한전주,042-288-3950,대전광역시 서구청,2025-06-26
도마2동219,1,대전광역시 서구 도림3길 56,대전광역시 서구 도마동 155-65,36.31265047,127.372406,2016,한전주,042-288-3950,대전광역시 서구청,2025-06-26
도마2동221,1,대전광역시 서구 도림3길 79,대전광역시 서구 도마동 162-23,36.31284746,127.3722717,2016,전용주,042-288-3950,대전광역시 서구청,2025-06-26
도마2동222,1,,대전광역시 서구 도마동 162-5,36.312804,127.3718621,2016,전용주,042-288-3950,대전광역시 서구청,2025-06-26
도마2동223,1,대전광역시 서구 도림1길 43,대전광역시 서구 도마동 192-2,36.31234743,127.371906,2016,한전주,042-288-3950,대전광역시 서구청,2025-06-26
도마2동224,1,대전광역시 서구 도림1길 53,대전광역시 서구 도마동 312-84,36.312350,127.3714149,2016,전용주,042-288-3950,대전광역시 서구청,2025-06-26
도마2동225,1,대전광역시 서구 도림1길 57,대전광역시 서구 도마동 192-6,36.31255884,127.371501,2016,한전주,042-288-3950,대전광역시 서구청,2025-06-26
도마2동226,1,대전광역시 서구 도림1길 71,대전광역시 서구 도마동 312-192,36.31286287,127.371082,2016,한전주,042-288-3950,대전광역시 서구청,2025-06-26
도마2동227,1,대전광역시 서구 도림1길 35,대전광역시 서구 도마동 312-77,36.312230,127.3720649,2016,전용주,042-288-3950,대전광역시 서구청,2025-06-26
도마2동228,1,대전광역시 서구 도솔로 13-1,대전광역시 서구 도마동 163-18,36.31181019,127.3738915,2016,전용주,042-288-3950,대전광역시 서구청,2025-06-26
도마2동229,1,,대전광역시 서구 도마동 163-9,36.31123258,127.374241,2016,한전주,042-288-3950,대전광역시 서구청,2025-06-26
도마2동230,1,대전광역시 서구 계백로 1371,대전광역시 서구 도마동 191-1,36.31084195,127.3743552,2023,한전주,042-288-3950,대전광역시 서구청,2025-06-26
도마2동231,1,대전광역시 서구 도림2길 15,대전광역시 서구 도마동 191-11,36.31110635,127.373378,2016,한전주,042-288-3950,대전광역시 서구청,2025-06-26
도마2동232,1,대전광역시 서구 도림2길 15,대전광역시 서구 도마동 191-11,36.31110635,127.373378,2016,한전주,042-288-3950,대전광역시 서구청,2025-06-26
도마2동233,1,대전광역시 서구 도림2길 21,대전광역시 서구 도마동 191-15,36.31101978,127.372964,2016,한전주,042-288-3950,대전광역시 서구청,2025-06-26
도마2동234,1,대전광역시 서구 도림2길 25,대전광역시 서구 도마동 191-17,36.31109648,127.3726135,2016,한전주,042-288-3950,대전광역시 서구청,2025-06-26
도마2동235,1,대전광역시 서구 도림3길 24,대전광역시 서구 도마동 191-9,36.311183,127.3724686,2016,전용주,042-288-3950,대전광역시 서구청,2025-06-26
도마2동236,1,대전광역시 서구 계백로 1353,대전광역시 서구 도마동 312-198,36.31066987,127.372493,2016,전용주,042-288-3950,대전광역시 서구청,2025-06-26
도마2동238,1,대전광역시 서구 도림3길 15,대전광역시 서구 도마동 565-22,36.310534,127.3721324,2016,한전주,042-288-3950,대전광역시 서구청,2025-06-26
도마2동239,1,대전광역시 서구 도림3길 14,대전광역시 서구 도마동 312-121,36.31084704,127.3723799,2016,한전주,042-288-3950,대전광역시 서구청,2025-06-26
도마2동241,1,대전광역시 서구 도림3길 22,대전광역시 서구 도마동 312-117,36.31101825,127.3723837,2016,전용주,042-288-3950,대전광역시 서구청,2025-06-26
도마2동242,1,대전광역시 서구 도림3길 22,대전광역시 서구 도마동 312-117,36.31101825,127.372303,2016,한전주,042-288-3950,대전광역시 서구청,2025-06-26
도마2동243,1,대전광역시 서구 도림3길 29,대전광역시 서구 도마동 312-115,36.311273,127.3721812,2016,한전주,042-288-3950,대전광역시 서구청,2025-06-26
도마2동244,1,대전광역시 서구 도림3길 35,대전광역시 서구 도마동 312-112,36.311674,127.3721844,2016,한전주,042-288-3950,대전광역시 서구청,2025-06-26
도마2동245,1,대전광역시 서구 도림3길 43,대전광역시 서구 도마동 312-52,36.31200585,127.3722417,2016,한전주,042-288-3950,대전광역시 서구청,2025-06-26
도마2동246,1,대전광역시 서구 도림3길 46,대전광역시 서구 도마동 163-20,36.312181,127.372522,2016,한전주,042-288-3950,대전광역시 서구청,2025-06-26
도마2동247,1,대전광역시 서구 도림4길 12,대전광역시 서구 도마동 565-43,36.31017258,127.3716315,2016,한전주,042-288-3950,대전광역시 서구청,2025-06-26
도마2동248,1,대전광역시 서구 도림4길 18,대전광역시 서구 도마동 565-46,36.31045202,127.3716653,2016,한전주,042-288-3950,대전광역시 서구청,2025-06-26
도마2동249,1,대전광역시 서구 도림4길 28,대전광역시 서구 도마동 565-57,36.31023183,127.3712977,2016,한전주,042-288-3950,대전광역시 서구청,2025-06-26
도마2동251,1,대전광역시 서구 도림4길 42,대전광역시 서구 도마동 565-66,36.31029779,127.370794,2016,한전주,042-288-3950,대전광역시 서구청,2025-06-26
도마2동252,1,대전광역시 서구 도림4길 46,대전광역시 서구 도마동 565-67,36.31029314,127.370516,2016,한전주,042-288-3950,대전광역시 서구청,2025-06-26
도마2동253,1,대전광역시 서구 도림4길 54,대전광역시 서구 도마동 565-72,36.3103096,127.3702526,2016,한전주,042-288-3950,대전광역시 서구청,2025-06-26
도마2동254,1,대전광역시 서구 도림4길 54,대전광역시 서구 도마동 565-72,36.3103096,127.3702526,2016,한전주,042-288-3950,대전광역시 서구청,2025-06-26
도마2동255,1,대전광역시 서구 도림4길 66,대전광역시 서구 도마동 561-20,36.31034811,127.3695743,2016,한전주,042-288-3950,대전광역시 서구청,2025-06-26
도마2동256,1,대전광역시 서구 도림4길 72,대전광역시 서구 도마동 561-17,36.31031757,127.369127,2016,한전주,042-288-3950,대전광역시 서구청,2025-06-26
도마2동257,1,,대전광역시 서구 도마동 561-15,36.31026483,127.368832,2016,전용주,042-288-3950,대전광역시 서구청,2025-06-26
도마2동258,1,대전광역시 서구 배재로 16,대전광역시 서구 도마동 560-3,36.31058353,127.368658,2016,한전주,042-288-3950,대전광역시 서구청,2025-06-26
도마2동259,1,대전광역시 서구 도림8길 10,대전광역시 서구 도마동 561-4,36.310483,127.3691849,2016,전용주,042-288-3950,대전광역시 서구청,2025-06-26
도마2동261,1,대전광역시 서구 도림6길 47,대전광역시 서구 도마동 560-6,36.310745,127.368854,2016,한전주,042-288-3950,대전광역시 서구청,2025-06-26
도마2동262,1,대전광역시 서구 도림6길 45,대전광역시 서구 도마동 560-7,36.31067862,127.3690325,2016,한전주,042-288-3950,대전광역시 서구청,2025-06-26
도마2동263,1,대전광역시 서구 도림6길 37,대전광역시 서구 도마동 560-13,36.31066178,127.3697586,2016,한전주,042-288-3950,대전광역시 서구청,2025-06-26
도마2동264,1,대전광역시 서구 도림6길 33,대전광역시 서구 도마동 565-2,36.3106243,127.3700778,2016,한전주,042-288-3950,대전광역시 서구청,2025-06-26
도마2동265,1,대전광역시 서구 도림6길 29,대전광역시 서구 도마동 565-4,36.31062216,127.370389,2016,한전주,042-288-3950,대전광역시 서구청,2025-06-26
도마2동266,1,,대전광역시 서구 도마동 565-7,36.31067525,127.3706826,2016,전용주,042-288-3950,대전광역시 서구청,2025-06-26
도마2동267,1,,대전광역시 서구 도마동 565-11,36.31060722,127.370953,2016,한전주,042-288-3950,대전광역시 서구청,2025-06-26
도마2동268,1,대전광역시 서구 도림6길 13,대전광역시 서구 도마동 565-13,36.3106216,127.371280,2016,한전주,042-288-3950,대전광역시 서구청,2025-06-26
도마2동269,1,대전광역시 서구 도림6길 5,대전광역시 서구 도마동 565-17,36.31066811,127.3718428,2016,한전주,042-288-3950,대전광역시 서구청,2025-06-26
도마2동271,1,대전광역시 서구 도림6길 2,대전광역시 서구 도마동 564-7,36.31085159,127.3721334,2016,한전주,042-288-3950,대전광역시 서구청,2025-06-26
도마2동273,1,대전광역시 서구 도림5길 5,대전광역시 서구 도마동 312-125,36.3113135,127.3719999,2016,전용주,042-288-3950,대전광역시 서구청,2025-06-26
도마2동274,1,대전광역시 서구 도림5길 9,대전광역시 서구 도마동 312-127,36.311504,127.3719917,2016,전용주,042-288-3950,대전광역시 서구청,2025-06-26
도마2동275,1,대전광역시 서구 도림5길 15,대전광역시 서구 도마동 312-129,36.311749,127.3719859,2016,전용주,042-288-3950,대전광역시 서구청,2025-06-26
도마2동276,1,대전광역시 서구 도림3길 39,대전광역시 서구 도마동 312-110,36.31192854,127.3721212,2016,한전주,042-288-3950,대전광역시 서구청,2025-06-26
도마2동277,1,대전광역시 서구 도림5길 20,대전광역시 서구 도마동 312-108,36.311907,127.3718653,2016,한전주,042-288-3950,대전광역시 서구청,2025-06-26
도마2동278,1,대전광역시 서구 도림5길 20,대전광역시 서구 도마동 312-108,36.31195835,127.3718653,2016,전용주,042-288-3950,대전광역시 서구청,2025-06-26
도마2동279,1,대전광역시 서구 도림5길 28,대전광역시 서구 도마동 312-143,36.311856,127.371660,2016,한전주,042-288-3950,대전광역시 서구청,2025-06-26
도마2동281,1,대전광역시 서구 도림5길 32,대전광역시 서구 도마동 312-141,36.31156907,127.3716548,2016,한전주,042-288-3950,대전광역시 서구청,2025-06-26
도마2동282,1,대전광역시 서구 도림5길 36,대전광역시 서구 도마동 312-139,36.31133828,127.3716533,2016,한전주,042-288-3950,대전광역시 서구청,2025-06-26
도마2동283,1,대전광역시 서구 도림6길 8,대전광역시 서구 도마동 564-5,36.310966,127.371757,2016,한전주,042-288-3950,대전광역시 서구청,2025-06-26
도마2동284,1,대전광역시 서구 도림5길 39,대전광역시 서구 도마동 564-3,36.31095373,127.3714263,2016,한전주,042-288-3950,대전광역시 서구청,2025-06-26
도마2동285,1,대전광역시 서구 도림5길 50,대전광역시 서구 도마동 312-149,36.311296,127.3715207,2016,한전주,042-288-3950,대전광역시 서구청,2025-06-26
도마2동286,1,대전광역시 서구 도림5길 54,대전광역시 서구 도마동 312-147,36.31147086,127.3715327,2016,한전주,042-288-3950,대전광역시 서구청,2025-06-26
도마2동287,1,대전광역시 서구 도림5길 55,대전광역시 서구 도마동 312-157,36.311864,127.371397,2016,전용주,042-288-3950,대전광역시 서구청,2025-06-26
도마2동288,1,대전광역시 서구 도림5길 66,대전광역시 서구 도마동 312-102,36.312139,127.3715342,2016,한전주,042-288-3950,대전광역시 서구청,2025-06-26
도마2동289,1,대전광역시 서구 도림5길 72,대전광역시 서구 도마동 312-99,36.311932,127.3713552,2016,한전주,042-288-3950,대전광역시 서구청,2025-06-26
도마2동292,1,대전광역시 서구 도림5길 82,대전광역시 서구 도마동 312-165,36.311599,127.3709877,2016,한전주,042-288-3950,대전광역시 서구청,2025-06-26
도마2동293,1,대전광역시 서구 도림5길 90,대전광역시 서구 도마동 312-179,36.311106,127.3709515,2016,한전주,042-288-3950,대전광역시 서구청,2025-06-26
도마2동294,1,대전광역시 서구 도림6길 20,대전광역시 서구 도마동 563-7,36.310827,127.3708842,2016,한전주,042-288-3950,대전광역시 서구청,2025-06-26
도마2동295,1,대전광역시 서구 도림5길 102,대전광역시 서구 도마동 562-4,36.31100428,127.370473,2016,한전주,042-288-3950,대전광역시 서구청,2025-06-26
도마2동296,1,대전광역시 서구 배재로 34,대전광역시 서구 도마동 549-8,36.31211313,127.3688552,2016,한전주,042-288-3950,대전광역시 서구청,2025-06-26
도마2동297,1,,대전광역시 서구 도마동 550-7,36.312006,127.369128,2016,한전주,042-288-3950,대전광역시 서구청,2025-06-26
도마2동298,1,대전광역시 서구 도림7길 18,대전광역시 서구 도마동 558-10,36.31184432,127.3691422,2016,한전주,042-288-3950,대전광역시 서구청,2025-06-26
도마2동299,1,대전광역시 서구 도림7길 13,대전광역시 서구 도마동 559-8,36.31160854,127.368972,2016,한전주,042-288-3950,대전광역시 서구청,2025-06-26
도마2동301,1,대전광역시 서구 도림7길 7,대전광역시 서구 도마동 559-5,36.31126172,127.368899,2016,한전주,042-288-3950,대전광역시 서구청,2025-06-26
도마2동302,1,대전광역시 서구 도림7길 3,대전광역시 서구 도마동 559-2,36.311065,127.3687656,2016,한전주,042-288-3950,대전광역시 서구청,2025-06-26
도마2동303,1,대전광역시 서구 도림6길 53,대전광역시 서구 도마동 558-3,36.311026,127.369173,2016,한전주,042-288-3950,대전광역시 서구청,2025-06-26
도마2동304,1,대전광역시 서구 도림6길 57,대전광역시 서구 도마동 558-5,36.31132223,127.3691827,2016,한전주,042-288-3950,대전광역시 서구청,2025-06-26
도마2동305,1,대전광역시 서구 도림6길 59,대전광역시 서구 도마동 558-6,36.311483,127.3692164,2016,한전주,042-288-3950,대전광역시 서구청,2025-06-26
도마2동306,1,대전광역시 서구 도림6길 63,대전광역시 서구 도마동 558-8,36.31166214,127.3692779,2016,한전주,042-288-3950,대전광역시 서구청,2025-06-26
도마2동307,1,대전광역시 서구 도림6길 69,대전광역시 서구 도마동 550-8,36.31203752,127.369381,2016,한전주,042-288-3950,대전광역시 서구청,2025-06-26
도마2동308,1,대전광역시 서구 도림6길 64,대전광역시 서구 도마동 552-5,36.311944,127.369525,2016,한전주,042-288-3950,대전광역시 서구청,2025-06-26
도마2동309,1,대전광역시 서구 도림6길 88,대전광역시 서구 도마동 557-3,36.3116482,127.3696742,2016,한전주,042-288-3950,대전광역시 서구청,2025-06-26
도마2동310,1,대전광역시 서구 도림6길 94,대전광역시 서구 도마동 556-1,36.31159014,127.3700921,2016,한전주,042-288-3950,대전광역시 서구청,2025-06-26
도마2동311,1,대전광역시 서구 도림6길 80,대전광역시 서구 도마동 552-8,36.31213049,127.3698005,2016,한전주,042-288-3950,대전광역시 서구청,2025-06-26
도마2동312,1,대전광역시 서구 도림6길 76,대전광역시 서구 도마동 552-1,36.312359,127.3698375,2016,한전주,042-288-3950,대전광역시 서구청,2025-06-26
도마2동313,1,대전광역시 서구 도림6길 106,대전광역시 서구 도마동 317-36,36.31275042,127.370060,2016,전용주,042-288-3950,대전광역시 서구청,2025-06-26
도마2동314,1,대전광역시 서구 도림6길 85,대전광역시 서구 도마동 317-106,36.31290967,127.3696183,2016,한전주,042-288-3950,대전광역시 서구청,2025-06-26
도마2동315,1,대전광역시 서구 도림6길 79,대전광역시 서구 도마동 550-12,36.31260242,127.3694841,2016,한전주,042-288-3950,대전광역시 서구청,2025-06-26
도마2동316,1,대전광역시 서구 도림6길 75,대전광역시 서구 도마동 550-10,36.31232957,127.3693867,2016,한전주,042-288-3950,대전광역시 서구청,2025-06-26
도마2동317,1,대전광역시 서구 도림7길 26,대전광역시 서구 도마동 550-6,36.312267,127.3692289,2016,한전주,042-288-3950,대전광역시 서구청,2025-06-26
도마2동318,1,대전광역시 서구 도림7길 32,대전광역시 서구 도마동 550-3,36.31258005,127.369309,2016,한전주,042-288-3950,대전광역시 서구청,2025-06-26
도마2동319,1,대전광역시 서구 사마6길 97,대전광역시 서구 도마동 107-18,36.31885576,127.3741045,2016,한전주,042-288-3950,대전광역시 서구청,2025-06-26
도마2동320,1,대전광역시 서구 사마6길 95,대전광역시 서구 도마동 107-25,36.31874558,127.3740934,2016,한전주,042-288-3950,대전광역시 서구청,2025-06-26
도마2동321,1,대전광역시 서구 사마6길 83,대전광역시 서구 도마동 107-21,36.31830593,127.374183,2016,한전주,042-288-3950,대전광역시 서구청,2025-06-26
도마2동322,1,대전광역시 서구 사마6길 54,대전광역시 서구 도마동 105-16,36.318026,127.3743416,2016,한전주,042-288-3950,대전광역시 서구청,2025-06-26
도마2동323,1,대전광역시 서구 도마동 도솔로 84,대전광역시 서구 도마동 106-19,36.318012,127.373805,2016,한전주,042-288-3950,대전광역시 서구청,2025-06-26
도마2동324,1,대전광역시 서구 사마6길 51,대전광역시 서구 도마동 106-33,36.31752217,127.3737949,2016,한전주,042-288-3950,대전광역시 서구청,2025-06-26
도마2동325,1,대전광역시 서구 도마동 사마6길 46,대전광역시 서구 도마동 105-88,36.317655,127.374240,2016,한전주,042-288-3950,대전광역시 서구청,2025-06-26
도마2동326,1,대전광역시 서구 사마7길 27,대전광역시 서구 도마동 105-44,36.31725566,127.3746397,2016,한전주,042-288-3950,대전광역시 서구청,2025-06-26
도마2동327,1,대전광역시 서구 사마6길 28,대전광역시 서구 도마동 105-24,36.317184,127.374224,2016,한전주,042-288-3950,대전광역시 서구청,2025-06-26
도마2동328,1,대전광역시 서구 사마7길 9,대전광역시 서구 도마동 105-30,36.316846,127.374211,2016,한전주,042-288-3950,대전광역시 서구청,2025-06-26
도마2동329,1,대전광역시 서구 사마7길 5,대전광역시 서구 도마동 106-21,36.316809,127.3739027,2016,전용주,042-288-3950,대전광역시 서구청,2025-06-26
도마2동330,1,대전광역시 서구 사마6길 31,대전광역시 서구 도마동 106-12,36.316806,127.374080,2016,한전주,042-288-3950,대전광역시 서구청,2025-06-26
도마2동331,1,대전광역시 서구 사마7길 9,대전광역시 서구 도마동 105-30,36.316861,127.3742809,2016,한전주,042-288-3950,대전광역시 서구청,2025-06-26
도마2동332,1,,대전광역시 서구 도마동 124-19,36.31674452,127.3744346,2016,전용주,042-288-3950,대전광역시 서구청,2025-06-26
도마2동333,1,대전광역시 서구 사마7길 13,대전광역시 서구 도마동 105-26,36.31702868,127.374410,2016,전용주,042-288-3950,대전광역시 서구청,2025-06-26
도마2동335,1,대전광역시 서구 도마동 사마7길 29,대전광역시 서구 도마동 105-45,36.317324,127.374726,2016,한전주,042-288-3950,대전광역시 서구청,2025-06-26
도마2동336,1,대전광역시 서구 사마7길 23,대전광역시 서구 도마동 105-42,36.317006,127.3747448,2016,한전주,042-288-3950,대전광역시 서구청,2025-06-26
도마2동337,1,대전광역시 서구 도마동 사마7길 33,대전광역시 서구 도마동 105-39,36.317091,127.375114,2016,한전주,042-288-3950,대전광역시 서구청,2025-06-26
도마2동338,1,대전광역시 서구 사마7길 37,대전광역시 서구 도마동 104-4,36.31719653,127.3753038,2016,한전주,042-288-3950,대전광역시 서구청,2025-06-26
도마2동339,1,대전광역시 서구 사마8길 12,대전광역시 서구 도마동 104-5,36.317388,127.375220,2016,한전주,042-288-3950,대전광역시 서구청,2025-06-26
도마2동340,1,대전광역시 서구 사마9길 13,대전광역시 서구 도마동 105-82,36.3178029,127.3744821,2016,전용주,042-288-3950,대전광역시 서구청,2025-06-26
도마2동341,1,대전광역시 서구 사마9길 27,대전광역시 서구 도마동 105-77,36.31821227,127.3747241,2016,한전주,042-288-3950,대전광역시 서구청,2025-06-26
도마2동342,1,대전광역시 서구 사마9길 23,대전광역시 서구 도마동 105-79,36.31795517,127.374824,2016,전용주,042-288-3950,대전광역시 서구청,2025-06-26
도마2동343,1,대전광역시 서구 사마9길 19,대전광역시 서구 도마동 105-84,36.31777559,127.3747436,2016,한전주,042-288-3950,대전광역시 서구청,2025-06-26
도마2동345,1,대전광역시 서구 사마8길 9,대전광역시 서구 도마동 105-36,36.317627,127.3750945,2016,전용주,042-288-3950,대전광역시 서구청,2025-06-26
도마2동346,1,대전광역시 서구 사마8길 22,대전광역시 서구 도마동 104-47,36.317791,127.3753162,2016,한전주,042-288-3950,대전광역시 서구청,2025-06-26
도마2동347,1,대전광역시 서구 사마8길 26,대전광역시 서구 도마동 104-25,36.3178301,127.3754658,2016,전용주,042-288-3950,대전광역시 서구청,2025-06-26
도마2동348,1,대전광역시 서구 사마8길 32,대전광역시 서구 도마동 104-19,36.318199,127.3753292,2016,한전주,042-288-3950,대전광역시 서구청,2025-06-26
도마2동349,1,대전광역시 서구 사마8길 40,대전광역시 서구 도마동 104-31,36.31843837,127.3755023,2016,전용주,042-288-3950,대전광역시 서구청,2025-06-26
도마2동350,1,대전광역시 서구 사마8길 46,대전광역시 서구 도마동 104-33,36.31858434,127.3753661,2016,한전주,042-288-3950,대전광역시 서구청,2025-06-26
도마2동351,1,대전광역시 서구 사마4길 65,대전광역시 서구 도마동 104-34,36.31857817,127.375825,2016,한전주,042-288-3950,대전광역시 서구청,2025-06-26
도마2동352,1,대전광역시 서구 사마4길 69,대전광역시 서구 도마동 104-10,36.3185829,127.375583,2016,한전주,042-288-3950,대전광역시 서구청,2025-06-26
도마2동353,1,대전광역시 서구 사마8길 35,대전광역시 서구 도마동 105-7,36.31859904,127.3747592,2016,한전주,042-288-3950,대전광역시 서구청,2025-06-26
도마2동354,1,대전광역시 서구 사마8길 64,대전광역시 서구 도마동 103-18,36.318953,127.374635,2016,한전주,042-288-3950,대전광역시 서구청,2025-06-26
도마2동355,1,대전광역시 서구 도마동 조달청길 72,대전광역시 서구 도마동 103-32,36.31894365,127.3758487,2016,한전주,042-288-3950,대전광역시 서구청,2025-06-26
도마2동356,1,대전광역시 서구 사마4길 57,대전광역시 서구 도마동 104-39,36.318386,127.375888,2016,한전주,042-288-3950,대전광역시 서구청,2025-06-26
도마2동357,1,대전광역시 서구 사마4길 49,대전광역시 서구 도마동 104-44,36.318015,127.375883,2016,한전주,042-288-3950,대전광역시 서구청,2025-06-26
도마2동358,1,대전광역시 서구 사마5길 3,대전광역시 서구 도마동 102-77,36.31804454,127.3761644,2016,전용주,042-288-3950,대전광역시 서구청,2025-06-26
도마2동359,1,대전광역시 서구 사마4길 39,대전광역시 서구 도마동 104-12,36.3176825,127.3757766,2016,한전주,042-288-3950,대전광역시 서구청,2025-06-26
도마2동360,1,대전광역시 서구 사마7길 47,대전광역시 서구 도마동 102-37,36.31742891,127.3760345,2016,한전주,042-288-3950,대전광역시 서구청,2025-06-26
도마2동361,1,대전광역시 서구 사마7길 40,대전광역시 서구 도마동 124-23,36.31705439,127.3756005,2016,전용주,042-288-3950,대전광역시 서구청,2025-06-26
도마2동362,1,대전광역시 서구 도마동 사마7길 38,대전광역시 서구 도마동 124-24,36.31705439,127.3756005,2016,전용주,042-288-3950,대전광역시 서구청,2025-06-26
도마2동363,1,대전광역시 서구 도마동 사마1길 34,대전광역시 서구 도마동 101-12,36.316883,127.376052,2016,한전주,042-288-3950,대전광역시 서구청,2025-06-26
도마2동364,1,대전광역시 서구 사마7길 58,대전광역시 서구 도마동 101-18,36.317213,127.376415,2016,한전주,042-288-3950,대전광역시 서구청,2025-06-26
도마2동365,1,대전광역시 서구 사마7길 51,대전광역시 서구 도마동 102-41,36.31754629,127.3763041,2016,한전주,042-288-3950,대전광역시 서구청,2025-06-26
도마2동366,1,대전광역시 서구 사마7길 57,대전광역시 서구 도마동 102-50,36.31761568,127.3766211,2016,전용주,042-288-3950,대전광역시 서구청,2025-06-26
도마2동367,1,대전광역시 서구 사마7길 61,대전광역시 서구 도마동 102-46,36.31780707,127.3765408,2016,전용주,042-288-3950,대전광역시 서구청,2025-06-26
도마2동368,1,대전광역시 서구 사마7길 67,대전광역시 서구 도마동 102-73,36.317644,127.376820,2016,한전주,042-288-3950,대전광역시 서구청,2025-06-26
도마2동369,1,대전광역시 서구 사마3길 33,대전광역시 서구 도마동 102-13,36.317733,127.377196,2016,한전주,042-288-3950,대전광역시 서구청,2025-06-26
도마2동370,1,대전광역시 서구 사마1길 10,대전광역시 서구 도마동 100-19,36.317300,127.3775413,2016,한전주,042-288-3950,대전광역시 서구청,2025-06-26
도마2동371,1,대전광역시 서구 사마3길 36,대전광역시 서구 도마동 100-29,36.317553,127.3774907,2016,한전주,042-288-3950,대전광역시 서구청,2025-06-26
도마2동372,1,대전광역시 서구 사마3길 35,대전광역시 서구 도마동 102-64,36.317884,127.377170,2016,한전주,042-288-3950,대전광역시 서구청,2025-06-26
도마2동373,1,대전광역시 서구 사마5길 18,대전광역시 서구 도마동 102-20,36.31807952,127.3769339,2016,한전주,042-288-3950,대전광역시 서구청,2025-06-26
도마2동374,1,대전광역시 서구 사마5길 24,대전광역시 서구 도마동 102-85,36.317970,127.376412,2016,한전주,042-288-3950,대전광역시 서구청,2025-06-26
도마2동375,1,대전광역시 서구 사마5길 13,대전광역시 서구 도마동 102-56,36.318278,127.3764545,2016,한전주,042-288-3950,대전광역시 서구청,2025-06-26
도마2동376,1,대전광역시 서구 도마동 사마5길 23,대전광역시 서구 도마동 102-61,36.318363,127.376826,2016,전용주,042-288-3950,대전광역시 서구청,2025-06-26
도마2동377,1,대전광역시 서구 사마3길 72,대전광역시 서구 도마동 99-34,36.318218,127.3772498,2016,한전주,042-288-3950,대전광역시 서구청,2025-06-26
도마2동378,1,대전광역시 서구 사마3길 72,대전광역시 서구 도마동 99-34,36.31820451,127.3772498,2016,전용주,042-288-3950,대전광역시 서구청,2025-06-26
도마2동379,1,대전광역시 서구 사마3길 76,대전광역시 서구 도마동 99-31,36.31838545,127.377196,2016,한전주,042-288-3950,대전광역시 서구청,2025-06-26
도마2동380,1,대전광역시 서구 사마3길 78,대전광역시 서구 도마동 99-30,36.318479,127.3773643,2016,한전주,042-288-3950,대전광역시 서구청,2025-06-26
도마2동381,1,대전광역시 서구 도마동 사마5길 23,대전광역시 서구 도마동 102-61,36.318528,127.376751,2016,한전주,042-288-3950,대전광역시 서구청,2025-06-26
도마2동382,1,대전광역시 서구 사마3길 49,대전광역시 서구 도마동 102-7,36.31847227,127.376955,2016,한전주,042-288-3950,대전광역시 서구청,2025-06-26
도마2동383,1,대전광역시 서구 사마3길 92,대전광역시 서구 도마동 99-36,36.318958,127.3770146,2016,한전주,042-288-3950,대전광역시 서구청,2025-06-26
도마2동384,1,대전광역시 서구 도산로 119-2,대전광역시 서구 도마동 99-21,36.31886069,127.3773526,2016,한전주,042-288-3950,대전광역시 서구청,2025-06-26
도마2동385,1,대전광역시 서구 도산로 117,대전광역시 서구 도마동 99-28,36.31881522,127.377543,2016,한전주,042-288-3950,대전광역시 서구청,2025-06-26
도마2동386,1,대전광역시 서구 사마3길 52,대전광역시 서구 도마동 100-11,36.318154,127.3774845,2016,한전주,042-288-3950,대전광역시 서구청,2025-06-26
도마2동387,1,대전광역시 서구 사마3길 56,대전광역시 서구 도마동 100-27,36.317858,127.3775285,2016,한전주,042-288-3950,대전광역시 서구청,2025-06-26
도마2동388,1,대전광역시 서구 사마1길 7,대전광역시 서구 도마동 127-16,36.31710114,127.3778647,2016,한전주,042-288-3950,대전광역시 서구청,2025-06-26
도마2동389,1,대전광역시 서구 사마1길 9,대전광역시 서구 도마동 127-14,36.317171,127.377503,2016,한전주,042-288-3950,대전광역시 서구청,2025-06-26
도마2동390,1,대전광역시 서구 사마1길 15,대전광역시 서구 도마동 125-25,36.317033,127.3771355,2016,한전주,042-288-3950,대전광역시 서구청,2025-06-26
도마2동391,1,,대전광역시 서구 도마동 125-28,36.31688515,127.3771719,2016,한전주,042-288-3950,대전광역시 서구청,2025-06-26
도마2동392,1,,대전광역시 서구 도마동 125-11,36.31686704,127.376681,2016,한전주,042-288-3950,대전광역시 서구청,2025-06-26
도마2동393,1,,대전광역시 서구 도마동 125-15,36.31659851,127.376681,2016,전용주,042-288-3950,대전광역시 서구청,2025-06-26
도마2동394,1,,대전광역시 서구 도마동 125-17,36.31672531,127.376494,2016,한전주,042-288-3950,대전광역시 서구청,2025-06-26
도마2동395,1,,대전광역시 서구 도마동 125-21,36.316779,127.376201,2016,한전주,042-288-3950,대전광역시 서구청,2025-06-26
도마2동396,1,대전광역시 서구 사마1길 31,대전광역시 서구 도마동 123-51,36.316618,127.3757664,2016,한전주,042-288-3950,대전광역시 서구청,2025-06-26
도마2동397,1,대전광역시 서구 사마1길 42,대전광역시 서구 도마동 124-21,36.31673263,127.3753529,2016,한전주,042-288-3950,대전광역시 서구청,2025-06-26
도마2동398,1,대전광역시 서구 사마1길 49,대전광역시 서구 도마동 123-9,36.316467,127.3751417,2016,한전주,042-288-3950,대전광역시 서구청,2025-06-26
도마2동399,1,대전광역시 서구 사마1길 49,대전광역시 서구 도마동 123-9,36.316420,127.3751417,2016,한전주,042-288-3950,대전광역시 서구청,2025-06-26
도마2동400,1,,대전광역시 서구 도마동 123-8,36.316335,127.3748514,2016,한전주,042-288-3950,대전광역시 서구청,2025-06-26
도마2동401,1,대전광역시 서구 사마6길 25,대전광역시 서구 도마동 121-15,36.316584,127.374338,2016,한전주,042-288-3950,대전광역시 서구청,2025-06-26
도마2동402,1,대전광역시 서구 사마1길 61,대전광역시 서구 도마동 122-13,36.31617059,127.3744831,2016,한전주,042-288-3950,대전광역시 서구청,2025-06-26
도마2동403,1,대전광역시 서구 사마1길 69-1,대전광역시 서구 도마동 122-24,36.316177,127.3741848,2016,한전주,042-288-3950,대전광역시 서구청,2025-06-26
도마2동404,1,대전광역시 서구 사마1길 71,대전광역시 서구 도마동 122-18,36.31600642,127.373982,2016,한전주,042-288-3950,대전광역시 서구청,2025-06-26
도마2동405,1,대전광역시 서구 사마1길 70,대전광역시 서구 도마동 121-3,36.316437,127.3738181,2016,한전주,042-288-3950,대전광역시 서구청,2025-06-26
도마2동406,1,대전광역시 서구 사마1길 72,대전광역시 서구 도마동 121-16,36.31628168,127.3738305,2016,한전주,042-288-3950,대전광역시 서구청,2025-06-26
도마2동407,1,대전광역시 서구 제비네1길 110,대전광역시 서구 도마동 122-32,36.315790,127.3738107,2016,전용주,042-288-3950,대전광역시 서구청,2025-06-26
도마2동408,1,대전광역시 서구 제비네1길 96,대전광역시 서구 도마동 122-36,36.315771,127.374460,2016,한전주,042-288-3950,대전광역시 서구청,2025-06-26
도마2동409,1,대전광역시 서구 사마6길 7,대전광역시 서구 도마동 122-2,36.315912,127.374775,2016,한전주,042-288-3950,대전광역시 서구청,2025-06-26
도마2동410,1,대전광역시 서구 사마6길 5,대전광역시 서구 도마동 122-25,36.31589335,127.374580,2016,전용주,042-288-3950,대전광역시 서구청,2025-06-26
도마2동411,1,대전광역시 서구 사마1길 59,대전광역시 서구 도마동 122-14,36.316225,127.3746165,2016,한전주,042-288-3950,대전광역시 서구청,2025-06-26
도마2동412,1,대전광역시 서구 사마1길 61,대전광역시 서구 도마동 122-13,36.31617059,127.3744831,2016,전용주,042-288-3950,대전광역시 서구청,2025-06-26
도마2동413,1,,대전광역시 서구 도마동 123-24,36.31613902,127.3755262,2016,전용주,042-288-3950,대전광역시 서구청,2025-06-26
도마2동414,1,대전광역시 서구 제비네1길 48,대전광역시 서구 도마동 123-43,36.316093,127.3759008,2016,전용주,042-288-3950,대전광역시 서구청,2025-06-26
도마2동415,1,대전광역시 서구 사마4길 11,대전광역시 서구 도마동 123-40,36.316221,127.376082,2016,한전주,042-288-3950,대전광역시 서구청,2025-06-26
도마2동416,1,,대전광역시 서구 도마동 123-1,36.31663761,127.3759103,2016,한전주,042-288-3950,대전광역시 서구청,2025-06-26
도마2동417,1,대전광역시 서구 사마4길 6,대전광역시 서구 도마동 126-11,36.31626723,127.3762531,2016,한전주,042-288-3950,대전광역시 서구청,2025-06-26
도마2동418,1,,대전광역시 서구 도마동 125-39,36.31651774,127.376448,2016,한전주,042-288-3950,대전광역시 서구청,2025-06-26
도마2동419,1,,대전광역시 서구 도마동 125-22,36.316515,127.3768964,2016,한전주,042-288-3950,대전광역시 서구청,2025-06-26
도마2동420,1,,대전광역시 서구 도마동 125-36,36.31662663,127.3772495,2016,한전주,042-288-3950,대전광역시 서구청,2025-06-26
도마2동421,1,대전광역시 서구 제비네1길 10,대전광역시 서구 도마동 127-12,36.31623757,127.377885,2016,한전주,042-288-3950,대전광역시 서구청,2025-06-26
도마2동422,1,대전광역시 서구 사마3길 12,대전광역시 서구 도마동 127-28,36.31664525,127.377704,2016,한전주,042-288-3950,대전광역시 서구청,2025-06-26
도마2동423,1,대전광역시 서구 사마3길 20,대전광역시 서구 도마동 127-25,36.316892,127.3777052,2016,한전주,042-288-3950,대전광역시 서구청,2025-06-26
도마2동424,1,,대전광역시 서구 도마동 127-7,36.3166443,127.3782176,2016,전용주,042-288-3950,대전광역시 서구청,2025-06-26
도마2동425,1,대전광역시 서구 제비네10길 20,대전광역시 서구 도마동 153-24,36.31486925,127.373884,2016,한전주,042-288-3950,대전광역시 서구청,2025-06-26
도마2동426,1,대전광역시 서구 제비네10길 14,대전광역시 서구 도마동 153-22,36.31490399,127.3740213,2016,한전주,042-288-3950,대전광역시 서구청,2025-06-26
도마2동427,1,대전광역시 서구 제비네1길 121,대전광역시 서구 도마동 153-16,36.315151,127.3739394,2016,전용주,042-288-3950,대전광역시 서구청,2025-06-26
도마2동428,1,대전광역시 서구 제비네10길 4,대전광역시 서구 도마동 153-27,36.315359,127.3740724,2016,한전주,042-288-3950,대전광역시 서구청,2025-06-26
도마2동429,1,대전광역시 서구 제비네10길 8,대전광역시 서구 도마동 153-29,36.315179,127.3741098,2016,한전주,042-288-3950,대전광역시 서구청,2025-06-26
도마2동430,1,대전광역시 서구 제비네10길 26,대전광역시 서구 도마동 154-35,36.314784,127.3742445,2016,한전주,042-288-3950,대전광역시 서구청,2025-06-26
도마2동431,1,대전광역시 서구 제비네10길 13,대전광역시 서구 도마동 153-48,36.314910,127.374514,2016,한전주,042-288-3950,대전광역시 서구청,2025-06-26
도마2동432,1,대전광역시 서구 제비네1길 105,대전광역시 서구 도마동 153-56,36.315254,127.3744889,2016,한전주,042-288-3950,대전광역시 서구청,2025-06-26
도마2동433,1,대전광역시 서구 제비네8길 99,대전광역시 서구 도마동 153-53,36.315440,127.374881,2016,한전주,042-288-3950,대전광역시 서구청,2025-06-26
도마2동434,1,대전광역시 서구 제비네8길 91,대전광역시 서구 도마동 153-40,36.315003,127.3748907,2016,한전주,042-288-3950,대전광역시 서구청,2025-06-26
도마2동435,1,대전광역시 서구 제비네8길 81,대전광역시 서구 도마동 152-32,36.31452273,127.3750183,2016,한전주,042-288-3950,대전광역시 서구청,2025-06-26
도마2동436,1,대전광역시 서구 제비네8길 71,대전광역시 서구 도마동 152-29,36.314180,127.375192,2016,한전주,042-288-3950,대전광역시 서구청,2025-06-26
도마2동437,1,대전광역시 서구 제비네10길 45,대전광역시 서구 도마동 152-31,36.314104,127.3749491,2016,한전주,042-288-3950,대전광역시 서구청,2025-06-26
도마2동438,1,대전광역시 서구 제비네10길 61,대전광역시 서구 도마동 152-21,36.31391172,127.3750194,2016,전용주,042-288-3950,대전광역시 서구청,2025-06-26
도마2동439,1,대전광역시 서구 제비네8길 59,대전광역시 서구 도마동 152-13,36.31372542,127.375294,2016,한전주,042-288-3950,대전광역시 서구청,2025-06-26
도마2동440,1,대전광역시 서구 제비네10길 46,대전광역시 서구 도마동 154-23,36.31433527,127.3739864,2016,한전주,042-288-3950,대전광역시 서구청,2025-06-26
도마2동441,1,대전광역시 서구 제비네10길 60,대전광역시 서구 도마동 154-15,36.314030,127.374070,2016,한전주,042-288-3950,대전광역시 서구청,2025-06-26
도마2동442,1,대전광역시 서구 제비네3길 86,대전광역시 서구 도마동 154-10,36.31352082,127.374405,2016,한전주,042-288-3950,대전광역시 서구청,2025-06-26
도마2동443,1,대전광역시 서구 제비네10길 67,대전광역시 서구 도마동 152-25,36.313620,127.374708,2016,한전주,042-288-3950,대전광역시 서구청,2025-06-26
도마2동444,1,대전광역시 서구 제비네10길 70,대전광역시 서구 도마동 154-4,36.313792,127.3743846,2016,한전주,042-288-3950,대전광역시 서구청,2025-06-26
도마2동445,1,대전광역시 서구 제비네10길 66,대전광역시 서구 도마동 154-13,36.314061,127.374487,2016,한전주,042-288-3950,대전광역시 서구청,2025-06-26
도마2동446,1,대전광역시 서구 제비네10길 36,대전광역시 서구 도마동 154-25,36.314360,127.3743334,2016,한전주,042-288-3950,대전광역시 서구청,2025-06-26
도마2동447,1,대전광역시 서구 제비네10길 34,대전광역시 서구 도마동 154-29,36.31448812,127.374398,2016,한전주,042-288-3950,대전광역시 서구청,2025-06-26
도마2동448,1,대전광역시 서구 제비네3길 76,대전광역시 서구 도마동 152-14,36.31360024,127.374919,2016,한전주,042-288-3950,대전광역시 서구청,2025-06-26
도마2동449,1,대전광역시 서구 제비네3길 74,대전광역시 서구 도마동 152-48,36.3136208,127.3750832,2016,한전주,042-288-3950,대전광역시 서구청,2025-06-26
도마2동450,1,대전광역시 서구 제비네3길 65,대전광역시 서구 도마동 167-22,36.31353567,127.375448,2016,한전주,042-288-3950,대전광역시 서구청,2025-06-26
도마2동451,1,대전광역시 서구 제비네3길 57,대전광역시 서구 도마동 167-59,36.313687,127.3760115,2016,한전주,042-288-3950,대전광역시 서구청,2025-06-26
도마2동452,1,대전광역시 서구 제비네8길 64,대전광역시 서구 도마동 167-21,36.31329052,127.3753698,2016,한전주,042-288-3950,대전광역시 서구청,2025-06-26
도마2동453,1,대전광역시 서구 도마동 제비네6길 56,대전광역시 서구 도마동 147-59,36.3139651,127.376731,2016,한전주,042-288-3950,대전광역시 서구청,2025-06-26
도마2동454,1,대전광역시 서구 도마동 제비네6길 60,대전광역시 서구 도마동 147-58,36.314009,127.3766951,2016,한전주,042-288-3950,대전광역시 서구청,2025-06-26
도마2동455,1,대전광역시 서구 도마동 제비네6길 62,대전광역시 서구 도마동 147-30,36.314252,127.3766573,2016,전용주,042-288-3950,대전광역시 서구청,2025-06-26
도마2동457,1,대전광역시 서구 도마동 제비네6길 72,대전광역시 서구 도마동 147-41,36.31475718,127.3766348,2016,전용주,042-288-3950,대전광역시 서구청,2025-06-26
도마2동459,1,대전광역시 서구 도마동 제비네6길 74,대전광역시 서구 도마동 148-25,36.314904,127.3765777,2016,전용주,042-288-3950,대전광역시 서구청,2025-06-26
도마2동460,1,대전광역시 서구 도마동 제비네6길 86,대전광역시 서구 도마동 148-41,36.31540251,127.3764658,2016,한전주,042-288-3950,대전광역시 서구청,2025-06-26
도마2동461,1,대전광역시 서구 제비네6길 69,대전광역시 서구 도마동 149-1,36.315237,127.375594,2016,한전주,042-288-3950,대전광역시 서구청,2025-06-26
도마2동495,1,대전광역시 서구 도산로 65,대전광역시 서구 도마동 145-1,36.31439716,127.3783752,2016,전용주,042-288-3950,대전광역시 서구청,2025-06-26
도마2동501,1,대전광역시 서구 제비네4길 7,대전광역시 서구 도마동 172-22,36.31389162,127.3791057,2016,한전주,042-288-3950,대전광역시 서구청,2025-06-26
도마2동502,1,대전광역시 서구 도마동 제비네4길 11,대전광역시 서구 도마동 172-32,36.313720,127.379023,2016,한전주,042-288-3950,대전광역시 서구청,2025-06-26
도마2동503,1,대전광역시 서구 제비네4길 17,대전광역시 서구 도마동 172-9,36.31372532,127.3787187,2016,한전주,042-288-3950,대전광역시 서구청,2025-06-26
도마2동508,1,대전광역시 서구 도마동 제비네4길 36,대전광역시 서구 도마동 146-12,36.313823,127.3781866,2016,한전주,042-288-3950,대전광역시 서구청,2025-06-26
도마2동512,1,대전광역시 서구 도마동 제비네4길 38,대전광역시 서구 도마동 146-22,36.31378888,127.378088,2016,한전주,042-288-3950,대전광역시 서구청,2025-06-26
도마2동523,1,대전광역시 서구 도마동 제비네4길 116,대전광역시 서구 도마동 146-43,36.312917,127.3769558,2016,한전주,042-288-3950,대전광역시 서구청,2025-06-26
도마2동524,1,대전광역시 서구 도마동 제비네6길 46,대전광역시 서구 도마동 146-54,36.31354953,127.3768569,2016,한전주,042-288-3950,대전광역시 서구청,2025-06-26
도마2동525,1,대전광역시 서구 도마동 제비네6길 46,대전광역시 서구 도마동 146-54,36.31354953,127.3768569,2016,한전주,042-288-3950,대전광역시 서구청,2025-06-26
도마2동526,1,대전광역시 서구 제비네7길 34,대전광역시 서구 도마동 167-35,36.313266,127.3764761,2016,전용주,042-288-3950,대전광역시 서구청,2025-06-26
도마2동527,1,대전광역시 서구 제비네7길 28,대전광역시 서구 도마동 168-31,36.31289393,127.3764234,2016,전용주,042-288-3950,대전광역시 서구청,2025-06-26
도마2동528,1,대전광역시 서구 제비네7길 46,대전광역시 서구 도마동 167-11,36.31312256,127.376067,2016,한전주,042-288-3950,대전광역시 서구청,2025-06-26
도마2동529,1,대전광역시 서구 제비네7길 37,대전광역시 서구 도마동 168-9,36.31283121,127.376097,2016,한전주,042-288-3950,대전광역시 서구청,2025-06-26
도마2동530,1,대전광역시 서구 제비네7길 57,대전광역시 서구 도마동 167-14,36.313182,127.3757844,2016,한전주,042-288-3950,대전광역시 서구청,2025-06-26
도마2동531,1,대전광역시 서구 제비네7길 69,대전광역시 서구 도마동 167-20,36.31338289,127.375484,2016,한전주,042-288-3950,대전광역시 서구청,2025-06-26
도마2동532,1,대전광역시 서구 제비네7길 43,대전광역시 서구 도마동 168-13,36.31276991,127.3757996,2016,한전주,042-288-3950,대전광역시 서구청,2025-06-26
도마2동533,1,대전광역시 서구 제비네8길 52,대전광역시 서구 도마동 168-40,36.312751,127.3755373,2016,한전주,042-288-3950,대전광역시 서구청,2025-06-26
도마2동534,1,,대전광역시 서구 도마동 165-1,36.31284137,127.3751282,2016,한전주,042-288-3950,대전광역시 서구청,2025-06-26
도마2동535,1,대전광역시 서구 제비네8길 53,대전광역시 서구 도마동 166-14,36.313342,127.375199,2016,한전주,042-288-3950,대전광역시 서구청,2025-06-26
도마2동536,1,대전광역시 서구 제비네10길 79,대전광역시 서구 도마동 166-13,36.313109,127.3749069,2016,한전주,042-288-3950,대전광역시 서구청,2025-06-26
도마2동537,1,대전광역시 서구 제비네9길 5,대전광역시 서구 도마동 164-43,36.31319203,127.3743612,2016,한전주,042-288-3950,대전광역시 서구청,2025-06-26
도마2동538,1,대전광역시 서구 제비네9길 17,대전광역시 서구 도마동 164-50,36.31299175,127.3745451,2016,전용주,042-288-3950,대전광역시 서구청,2025-06-26
도마2동539,1,,대전광역시 서구 도마동 165-1,36.31284137,127.3751282,2016,한전주,042-288-3950,대전광역시 서구청,2025-06-26
도마2동540,1,대전광역시 서구 제비네10길 97,대전광역시 서구 도마동 165-24,36.312431,127.375068,2016,한전주,042-288-3950,대전광역시 서구청,2025-06-26
도마2동541,1,대전광역시 서구 제비네10길 101,대전광역시 서구 도마동 165-6,36.312234,127.3751425,2016,전용주,042-288-3950,대전광역시 서구청,2025-06-26
도마2동542,1,대전광역시 서구 제비네9길 23,대전광역시 서구 도마동 164-57,36.312643,127.374604,2016,한전주,042-288-3950,대전광역시 서구청,2025-06-26
도마2동543,1,대전광역시 서구 제비네9길 27,대전광역시 서구 도마동 164-3,36.31247614,127.3747053,2016,한전주,042-288-3950,대전광역시 서구청,2025-06-26
도마2동544,1,대전광역시 서구 제비네9길 37,대전광역시 서구 도마동 164-10,36.312143,127.374724,2016,한전주,042-288-3950,대전광역시 서구청,2025-06-26
도마2동545,1,,대전광역시 서구 도마동 164-11,36.312003,127.374751,2016,전용주,042-288-3950,대전광역시 서구청,2025-06-26
도마2동546,1,대전광역시 서구 제비네10길 105,대전광역시 서구 도마동 165-11,36.31212933,127.375116,2016,한전주,042-288-3950,대전광역시 서구청,2025-06-26
도마2동547,1,대전광역시 서구 제비네4길 150,대전광역시 서구 도마동 165-9,36.31180509,127.375223,2016,한전주,042-288-3950,대전광역시 서구청,2025-06-26
도마2동548,1,대전광역시 서구 제비네4길 156,대전광역시 서구 도마동 164-23,36.311723,127.3747883,2016,한전주,042-288-3950,대전광역시 서구청,2025-06-26
도마2동549,1,대전광역시 서구 제비네4길 139,대전광역시 서구 도마동 190-17,36.31135357,127.374938,2016,한전주,042-288-3950,대전광역시 서구청,2025-06-26
도마2동550,1,대전광역시 서구 제비네4길 129,대전광역시 서구 도마동 190-21,36.311697,127.375343,2016,한전주,042-288-3950,대전광역시 서구청,2025-06-26
도마2동551,1,대전광역시 서구 계백로 1385,대전광역시 서구 도마동 190-7,36.31144581,127.375741,2016,한전주,042-288-3950,대전광역시 서구청,2025-06-26
도마2동552,1,대전광역시 서구 제비네4길 125,대전광역시 서구 도마동 190-8,36.311811,127.3755843,2016,전용주,042-288-3950,대전광역시 서구청,2025-06-26
도마2동553,1,대전광역시 서구 제비네4길 125,대전광역시 서구 도마동 190-8,36.31183255,127.3755843,2016,한전주,042-288-3950,대전광역시 서구청,2025-06-26
도마2동554,1,대전광역시 서구 제비네8길 48,대전광역시 서구 도마동 168-39,36.312510,127.375575,2016,전용주,042-288-3950,대전광역시 서구청,2025-06-26
도마2동555,1,,대전광역시 서구 도마동 168-37,36.312617,127.3758054,2016,한전주,042-288-3950,대전광역시 서구청,2025-06-26
도마2동556,1,대전광역시 서구 제비네8길 38,대전광역시 서구 도마동 168-38,36.31245955,127.375658,2016,한전주,042-288-3950,대전광역시 서구청,2025-06-26
도마2동557,1,대전광역시 서구 제비네8길 27,대전광역시 서구 도마동 165-4,36.312305,127.3752633,2016,한전주,042-288-3950,대전광역시 서구청,2025-06-26
도마2동558,1,대전광역시 서구 제비네7길 23,대전광역시 서구 도마동 168-36,36.312486,127.3760394,2016,전용주,042-288-3950,대전광역시 서구청,2025-06-26
도마2동559,1,대전광역시 서구 제비네8길 30,대전광역시 서구 도마동 169-15,36.312056,127.3759303,2016,한전주,042-288-3950,대전광역시 서구청,2025-06-26
도마2동560,1,대전광역시 서구 제비네8길 24,대전광역시 서구 도마동 169-12,36.311884,127.3760599,2016,한전주,042-288-3950,대전광역시 서구청,2025-06-26
도마2동561,1,대전광역시 서구 제비네8길 6,대전광역시 서구 도마동 169-11,36.311735,127.3761832,2016,한전주,042-288-3950,대전광역시 서구청,2025-06-26
도마2동562,1,대전광역시 서구 계백로 1395,대전광역시 서구 도마동 169-8,36.31189957,127.3764818,2016,한전주,042-288-3950,대전광역시 서구청,2025-06-26
도마2동563,1,대전광역시 서구 제비네8길 8,대전광역시 서구 도마동 169-9,36.3117928,127.376396,2016,한전주,042-288-3950,대전광역시 서구청,2025-06-26
도마2동564,1,대전광역시 서구 제비네4길 113,대전광역시 서구 도마동 169-17,36.31223446,127.3761915,2016,한전주,042-288-3950,대전광역시 서구청,2025-06-26
도마2동565,1,대전광역시 서구 제비네7길 10,대전광역시 서구 도마동 170-8,36.312239,127.376562,2016,한전주,042-288-3950,대전광역시 서구청,2025-06-26
도마2동566,1,대전광역시 서구 제비네6길 13,대전광역시 서구 도마동 170-16,36.312277,127.3768066,2016,전용주,042-288-3950,대전광역시 서구청,2025-06-26
도마2동567,1,대전광역시 서구 제비네7길 3,대전광역시 서구 도마동 169-32,36.311963,127.3767489,2016,전용주,042-288-3950,대전광역시 서구청,2025-06-26
도마2동568,1,대전광역시 서구 제비네7길 19,대전광역시 서구 도마동 168-19,36.31256124,127.3761862,2016,한전주,042-288-3950,대전광역시 서구청,2025-06-26
도마2동569,1,대전광역시 서구 제비네4길 107,대전광역시 서구 도마동 170-4,36.31245379,127.376549,2016,한전주,042-288-3950,대전광역시 서구청,2025-06-26
도마2동570,1,대전광역시 서구 제비네6길 21,대전광역시 서구 도마동 170-1,36.31266436,127.376848,2016,한전주,042-288-3950,대전광역시 서구청,2025-06-26
도마2동571,1,대전광역시 서구 제비네6길 21,대전광역시 서구 도마동 170-1,36.312625,127.3768645,2016,한전주,042-288-3950,대전광역시 서구청,2025-06-26
도마2동572,1,대전광역시 서구 제비네6길 9,대전광역시 서구 도마동 170-14,36.31239649,127.3769931,2016,한전주,042-288-3950,대전광역시 서구청,2025-06-26
도마2동573,1,대전광역시 서구 도마동 계백로 1405,대전광역시 서구 도마동 171-55,36.31225875,127.377529,2016,전용주,042-288-3950,대전광역시 서구청,2025-06-26
도마2동574,1,대전광역시 서구 제비네6길 5,대전광역시 서구 도마동 170-18,36.312232,127.3770841,2016,한전주,042-288-3950,대전광역시 서구청,2025-06-26
도마2동575,1,대전광역시 서구 제비네4길 31,대전광역시 서구 도마동 172-5,36.31350193,127.3780047,2016,한전주,042-288-3950,대전광역시 서구청,2025-06-26
도마2동576,1,대전광역시 서구 제비네5길 16,대전광역시 서구 도마동 172-18,36.313200,127.378144,2016,한전주,042-288-3950,대전광역시 서구청,2025-06-26
도마2동577,1,대전광역시 서구 제비네5길 8,대전광역시 서구 도마동 172-4,36.312935,127.3784277,2016,한전주,042-288-3950,대전광역시 서구청,2025-06-26
도마2동581,1,대전광역시 서구 제비네5길 4,대전광역시 서구 도마동 172-7,36.31272996,127.378503,2016,전용주,042-288-3950,대전광역시 서구청,2025-06-26
도마2동582,1,,대전광역시 서구 도마동 173-3,36.31231119,127.3795549,2016,전용주,042-288-3950,대전광역시 서구청,2025-06-26
도마2동583,1,대전광역시 서구 대신1길 13,대전광역시 서구 도마동 173-4,36.31213084,127.379264,2016,한전주,042-288-3950,대전광역시 서구청,2025-06-26
도마2동584,1,대전광역시 서구 대신1길 13,대전광역시 서구 도마동 173-4,36.31213084,127.3792667,2016,한전주,042-288-3950,대전광역시 서구청,2025-06-26
도마2동585,1,대전광역시 서구 대신2길 20,대전광역시 서구 도마동 184-18,36.311746,127.379841,2016,한전주,042-288-3950,대전광역시 서구청,2025-06-26
도마2동586,1,대전광역시 서구 대신2길 49,대전광역시 서구 도마동 186-24,36.31126388,127.379761,2016,전용주,042-288-3950,대전광역시 서구청,2025-06-26
도마2동587,1,대전광역시 서구 대신2길 56,대전광역시 서구 도마동 185-21,36.311439,127.378948,2016,전용주,042-288-3950,대전광역시 서구청,2025-06-26
도마2동588,1,대전광역시 서구 대신1길 28,대전광역시 서구 도마동 184-13,36.3116983,127.3792294,2016,한전주,042-288-3950,대전광역시 서구청,2025-06-26
도마2동589,1,대전광역시 서구 대신1길 7,대전광역시 서구 도마동 173-15,36.312028,127.3790329,2016,한전주,042-288-3950,대전광역시 서구청,2025-06-26
도마2동590,1,대전광역시 서구 대신1길 12,대전광역시 서구 도마동 185-28,36.31194326,127.378797,2016,한전주,042-288-3950,대전광역시 서구청,2025-06-26
도마2동591,1,대전광역시 서구 대신2길 56,대전광역시 서구 도마동 185-21,36.311445,127.378991,2016,한전주,042-288-3950,대전광역시 서구청,2025-06-26
도마2동592,1,대전광역시 서구 대신2길 64,대전광역시 서구 도마동 185-19,36.31150396,127.378768,2016,전용주,042-288-3950,대전광역시 서구청,2025-06-26
도마2동593,1,대전광역시 서구 도마동 대신2길 73,대전광역시 서구 도마동 186-1,36.311383,127.3783359,2016,한전주,042-288-3950,대전광역시 서구청,2025-06-26
도마2동594,1,대전광역시 서구 대신2길 76,대전광역시 서구 도마동 185-9,36.31183257,127.378422,2016,전용주,042-288-3950,대전광역시 서구청,2025-06-26
도마2동595,1,대전광역시 서구 도마동 대신2길 73,대전광역시 서구 도마동 186-1,36.311360,127.3783359,2016,한전주,042-288-3950,대전광역시 서구청,2025-06-26
도마2동596,1,대전광역시 서구 도마동 대신2길 94,대전광역시 서구 도마동 185-6,36.3116677,127.3782779,2016,한전주,042-288-3950,대전광역시 서구청,2025-06-26
도마2동597,1,대전광역시 서구 계백로 1410,대전광역시 서구 도마동 185-25,36.312085,127.378248,2016,한전주,042-288-3950,대전광역시 서구청,2025-06-26
도마2동598,1,,대전광역시 서구 도마동 186-25,36.31129358,127.3784925,2016,전용주,042-288-3950,대전광역시 서구청,2025-06-26
도마2동599,1,대전광역시 서구 대신2길 116,대전광역시 서구 도마동 188-31,36.3113885,127.377790,2016,한전주,042-288-3950,대전광역시 서구청,2025-06-26
도마2동600,1,대전광역시 서구 계백로 1400,대전광역시 서구 도마동 188-7,36.3114928,127.377339,2016,한전주,042-288-3950,대전광역시 서구청,2025-06-26
도마2동601,1,대전광역시 서구 도마동 계백로 1396,대전광역시 서구 도마동 188-35,36.31120212,127.3768905,2016,한전주,042-288-3950,대전광역시 서구청,2025-06-26
도마2동602,1,대전광역시 서구 계백로 1390-2,대전광역시 서구 도마동 188-13,36.31117135,127.3764446,2016,한전주,042-288-3950,대전광역시 서구청,2025-06-26
도마2동603,1,대전광역시 서구 계백로 1388,대전광역시 서구 도마동 188-17,36.31098597,127.3760751,2016,전용주,042-288-3950,대전광역시 서구청,2025-06-26
도마2동604,1,대전광역시 서구 계백로 1384,대전광역시 서구 도마동 189-1,36.31086251,127.3757019,2016,전용주,042-288-3950,대전광역시 서구청,2025-06-26
도마2동605,1,,대전광역시 서구 도마동 194-2,36.32407861,127.3696706,2016,전용주,042-288-3950,대전광역시 서구청,2025-06-26
도마2동606,1,,대전광역시 서구 도마동 194-2,36.324044,127.369693,2016,전용주,042-288-3950,대전광역시 서구청,2025-06-26
도마2동607,1,,대전광역시 서구 도마동 194-2,36.32407861,127.3696706,2016,전용주,042-288-3950,대전광역시 서구청,2025-06-26
도마2동608,1,,대전광역시 서구 도마동 194-2,36.32407861,127.3696706,2016,전용주,042-288-3950,대전광역시 서구청,2025-06-26
도마2동609,1,대전광역시 서구 도림4길 74,대전광역시 서구 도마동 561-16,36.31029055,127.3690099,2016,전용주,042-288-3950,대전광역시 서구청,2025-06-26
도마2동610,1,대전광역시 서구 도솔로 68,대전광역시 서구 도마동 121-6,36.31665344,127.373516,2016,한전주,042-288-3950,대전광역시 서구청,2025-06-26
도마2동611,1,,대전광역시 서구 도마동 538-1,36.315034,127.3703914,2016,전용주,042-288-3950,대전광역시 서구청,2025-06-26
도마2동612,1,대전광역시 서구 도솔로 25,대전광역시 서구 도마동 155-2,36.3128198,127.374067,2016,한전주,042-288-3950,대전광역시 서구청,2025-06-26
도마2동613,1,대전광역시 서구 도솔1길 51,대전광역시 서구 도마동 109-8,36.317389,127.3728634,2023,전용주,042-288-3950,대전광역시 서구청,2025-06-26
도마동661,1,,대전광역시 서구 도마동 156-53,36.3142568,127.3734589,2024,한전주,042-288-3950,대전광역시 서구청,2025-06-26
도안동004,1,,대전광역시 서구 도안동 1371,36.31440459,127.3476423,2024,전용주,042-288-3950,대전광역시 서구청,2025-06-26
도안동005,1,,대전광역시 서구 도안동 1369,36.31642354,127.3458625,2024,전용주,042-288-3950,대전광역시 서구청,2025-06-26
도안동006,1,,대전광역시 서구 도안동 1369,36.31642354,127.3458625,2024,전용주,042-288-3950,대전광역시 서구청,2025-06-26
도안동007,1,,대전광역시 서구 도안동 1369,36.31642354,127.3458625,2024,전용주,042-288-3950,대전광역시 서구청,2025-06-26
도안동008,1,,대전광역시 서구 도안동 1369,36.31642354,127.3458625,2024,전용주,042-288-3950,대전광역시 서구청,2025-06-26
도안동009,1,,대전광역시 서구 도안동 1369,36.31642354,127.3458625,2024,전용주,042-288-3950,대전광역시 서구청,2025-06-26
도안동010,1,,대전광역시 서구 도안동 1369,36.31642354,127.3458625,2024,전용주,042-288-3950,대전광역시 서구청,2025-06-26
도안동011,1,,대전광역시 서구 도안동 1369,36.31642354,127.3458625,2024,전용주,042-288-3950,대전광역시 서구청,2025-06-26
도안동012,1,,대전광역시 서구 도안동 1369,36.31642354,127.3458625,2024,전용주,042-288-3950,대전광역시 서구청,2025-06-26
도안동013,1,,대전광역시 서구 도안동 1369,36.31642354,127.3458625,2024,전용주,042-288-3950,대전광역시 서구청,2025-06-26
도안동014,1,,대전광역시 서구 도안동 1369,36.31642354,127.3458625,2024,전용주,042-288-3950,대전광역시 서구청,2025-06-26
도안동015,1,,대전광역시 서구 도안동 1506,36.31729653,127.3464037,2024,전용주,042-288-3950,대전광역시 서구청,2025-06-26
도안동016,1,,대전광역시 서구 도안동 1506-1,36.31767529,127.346543,2024,전용주,042-288-3950,대전광역시 서구청,2025-06-26
도안동017,1,,대전광역시 서구 도안동 1506-1,36.31767529,127.346519,2024,전용주,042-288-3950,대전광역시 서구청,2025-06-26
도안동018,1,,대전광역시 서구 도안동 1506-1,36.31767529,127.346521,2024,전용주,042-288-3950,대전광역시 서구청,2025-06-26
도안동019,1,,대전광역시 서구 도안동 1506-1,36.31767529,127.346521,2024,전용주,042-288-3950,대전광역시 서구청,2025-06-26
도안동020,1,,대전광역시 서구 도안동 1506-1,36.31767529,127.346521,2024,전용주,042-288-3950,대전광역시 서구청,2025-06-26
도안동021,1,,대전광역시 서구 도안동 843,36.33110808,127.3383603,2024,전용주,042-288-3950,대전광역시 서구청,2025-06-26
도안동022,1,,대전광역시 서구 도안동 846,36.330876,127.338670,2024,전용주,042-288-3950,대전광역시 서구청,2025-06-26
도안동023,1,,대전광역시 서구 도안동 2353,36.32298622,127.348383,2024,전용주,042-288-3950,대전광역시 서구청,2025-06-26
도안동024,1,,대전광역시 서구 도안동 2353,36.32298622,127.348368,2024,전용주,042-288-3950,대전광역시 서구청,2025-06-26
도안동025,1,,대전광역시 서구 도안동 2353,36.32298622,127.348359,2024,전용주,042-288-3950,대전광역시 서구청,2025-06-26
도안동026,1,,대전광역시 서구 도안동 2353,36.32298622,127.348344,2024,전용주,042-288-3950,대전광역시 서구청,2025-06-26
도안동027,1,,대전광역시 서구 도안동 2353,36.32298622,127.348343,2024,전용주,042-288-3950,대전광역시 서구청,2025-06-26
도안동028,1,,대전광역시 서구 도안동 2353,36.32298622,127.348340,2024,전용주,042-288-3950,대전광역시 서구청,2025-06-26
도안동029,1,,대전광역시 서구 도안동 2353,36.32298622,127.348333,2024,전용주,042-288-3950,대전광역시 서구청,2025-06-26
도안동030,1,,대전광역시 서구 도안동 2353,36.32298622,127.348340,2024,전용주,042-288-3950,대전광역시 서구청,2025-06-26
도안동031,1,,대전광역시 서구 도안동 2353,36.32298622,127.348326,2024,전용주,042-288-3950,대전광역시 서구청,2025-06-26
도안동032,1,,대전광역시 서구 도안동 2378,36.32470762,127.3480705,2024,전용주,042-288-3950,대전광역시 서구청,2025-06-26
도안동033,1,,대전광역시 서구 도안동 2353,36.32298622,127.348333,2024,전용주,042-288-3950,대전광역시 서구청,2025-06-26
도안동034,1,,대전광역시 서구 도안동 2378,36.32470762,127.3480705,2024,전용주,042-288-3950,대전광역시 서구청,2025-06-26
도안동035,1,,대전광역시 서구 도안동 2378,36.32470762,127.3480705,2024,전용주,042-288-3950,대전광역시 서구청,2025-06-26
도안동036,1,,대전광역시 서구 도안동 2378,36.32470762,127.3480705,2024,전용주,042-288-3950,대전광역시 서구청,2025-06-26
도안동037,1,,대전광역시 서구 도안동 2378,36.32470762,127.3480705,2024,전용주,042-288-3950,대전광역시 서구청,2025-06-26
도안동038,1,,대전광역시 서구 도안동 2378,36.32470762,127.3480705,2024,전용주,042-288-3950,대전광역시 서구청,2025-06-26
도안동039,1,,대전광역시 서구 도안동 2378,36.32470762,127.3480705,2024,전용주,042-288-3950,대전광역시 서구청,2025-06-26
도안동040,1,,대전광역시 서구 도안동 2378,36.32470762,127.3480705,2024,전용주,042-288-3950,대전광역시 서구청,2025-06-26
도안동041,1,,대전광역시 서구 도안동 2378,36.32470762,127.3480705,2024,전용주,042-288-3950,대전광역시 서구청,2025-06-26
도안동042,1,,대전광역시 서구 도안동 2378,36.32470762,127.3480705,2024,전용주,042-288-3950,대전광역시 서구청,2025-06-26
도안동043,1,,대전광역시 서구 도안동 2380,36.31929135,127.3482734,2024,전용주,042-288-3950,대전광역시 서구청,2025-06-26
도안동044,1,,대전광역시 서구 도안동 2380,36.31929135,127.348283,2024,전용주,042-288-3950,대전광역시 서구청,2025-06-26
도안동045,1,,대전광역시 서구 도안동 2380,36.31929135,127.348277,2024,전용주,042-288-3950,대전광역시 서구청,2025-06-26
도안동046,1,,대전광역시 서구 도안동 2380,36.31929135,127.348259,2024,전용주,042-288-3950,대전광역시 서구청,2025-06-26
도안동047,1,,대전광역시 서구 도안동 2380,36.31929135,127.348247,2024,전용주,042-288-3950,대전광역시 서구청,2025-06-26
도안동048,1,,대전광역시 서구 도안동 2380,36.31929135,127.348241,2024,전용주,042-288-3950,대전광역시 서구청,2025-06-26
도안동049,1,,대전광역시 서구 도안동 2380,36.31929135,127.348240,2024,전용주,042-288-3950,대전광역시 서구청,2025-06-26
도안동050,1,,대전광역시 서구 도안동 2380,36.31929135,127.348239,2024,전용주,042-288-3950,대전광역시 서구청,2025-06-26
도안동051,1,,대전광역시 서구 도안동 2380,36.31929135,127.348233,2024,전용주,042-288-3950,대전광역시 서구청,2025-06-26
도안동052,1,,대전광역시 서구 도안동 2380,36.31929135,127.348221,2024,전용주,042-288-3950,대전광역시 서구청,2025-06-26
도안동053,1,,대전광역시 서구 도안동 2380,36.31929135,127.348220,2024,전용주,042-288-3950,대전광역시 서구청,2025-06-26
도안동054,1,,대전광역시 서구 도안동 2380,36.31929135,127.348237,2024,전용주,042-288-3950,대전광역시 서구청,2025-06-26
도안동055,1,,대전광역시 서구 도안동 2380,36.31929135,127.348230,2024,전용주,042-288-3950,대전광역시 서구청,2025-06-26
도안동056,1,,대전광역시 서구 도안동 2380,36.31929135,127.348224,2024,전용주,042-288-3950,대전광역시 서구청,2025-06-26
둔산동001,1,대전광역시 서구 대덕대로176번길 59,대전광역시 서구 둔산동 1135,36.34686995,127.3791958,2016,전용주,042-288-3950,대전광역시 서구청,2025-06-26
둔산동002,1,대전광역시 서구 계룡로491번길 24,대전광역시 서구 둔산동 1236,36.34603378,127.380845,2016,전용주,042-288-3950,대전광역시 서구청,2025-06-26
둔산동003,1,대전광역시 서구 계룡로491번길 20,대전광역시 서구 둔산동 1237,36.3459281,127.3806788,2016,전용주,042-288-3950,대전광역시 서구청,2025-06-26
둔산동004,1,대전광역시 서구 문정로9번길 27,대전광역시 서구 둔산동 1146,36.34625767,127.3799692,2016,전용주,042-288-3950,대전광역시 서구청,2025-06-26
둔산동005,1,대전광역시 서구 문정로9번길 27,대전광역시 서구 둔산동 1146,36.34625767,127.3799692,2016,전용주,042-288-3950,대전광역시 서구청,2025-06-26
둔산동006,1,대전광역시 서구 문정로9번길 37,대전광역시 서구 둔산동 1148,36.34664205,127.379676,2016,전용주,042-288-3950,대전광역시 서구청,2025-06-26
둔산동007,1,대전광역시 서구 문정로9번길 41,대전광역시 서구 둔산동 1148-1,36.34673689,127.3796067,2016,전용주,042-288-3950,대전광역시 서구청,2025-06-26
둔산동008,1,대전광역시 서구 문정로9번길 41,대전광역시 서구 둔산동 1148-1,36.34673689,127.379626,2016,전용주,042-288-3950,대전광역시 서구청,2025-06-26
둔산동009,1,대전광역시 서구 대덕대로176번길 51,대전광역시 서구 둔산동 1133,36.34712652,127.3789087,2016,전용주,042-288-3950,대전광역시 서구청,2025-06-26
둔산동010,1,대전광역시 서구 대덕대로176번길 51,대전광역시 서구 둔산동 1133,36.34712652,127.3789087,2016,전용주,042-288-3950,대전광역시 서구청,2025-06-26
둔산동011,1,대전광역시 서구 둔산남로 30,대전광역시 서구 둔산동 1204,36.34842309,127.3813866,2016,전용주,042-288-3950,대전광역시 서구청,2025-06-26
둔산동012,1,대전광역시 서구 계룡로491번길 90,대전광역시 서구 둔산동 1219,36.34872388,127.3821827,2016,전용주,042-288-3950,대전광역시 서구청,2025-06-26
둔산동013,1,대전광역시 서구 계룡로491번길 80,대전광역시 서구 둔산동 1223,36.34826808,127.3821804,2016,전용주,042-288-3950,대전광역시 서구청,2025-06-26
둔산동014,1,대전광역시 서구 계룡로491번길 74,대전광역시 서구 둔산동 1225,36.34800646,127.382182,2016,전용주,042-288-3950,대전광역시 서구청,2025-06-26
둔산동015,1,대전광역시 서구 계룡로491번길 58,대전광역시 서구 둔산동 1229,36.34730914,127.3821792,2016,전용주,042-288-3950,대전광역시 서구청,2025-06-26
둔산동016,1,대전광역시 서구 계룡로491번길 54,대전광역시 서구 둔산동 1231,36.347063,127.3821382,2016,전용주,042-288-3950,대전광역시 서구청,2025-06-26
둔산동017,1,,대전광역시 서구 둔산동 1234,36.34645613,127.381454,2016,전용주,042-288-3950,대전광역시 서구청,2025-06-26
둔산동018,1,대전광역시 서구 둔산남로 7,대전광역시 서구 둔산동 1155,36.34821189,127.3785119,2016,전용주,042-288-3950,대전광역시 서구청,2025-06-26
둔산동019,1,대전광역시 서구 둔산남로 7,대전광역시 서구 둔산동 1155,36.34821189,127.3785119,2016,전용주,042-288-3950,대전광역시 서구청,2025-06-26
둔산동020,1,대전광역시 서구 둔산남로9번길 21,대전광역시 서구 둔산동 1158-1,36.34889463,127.3779415,2016,전용주,042-288-3950,대전광역시 서구청,2025-06-26
둔산동021,1,,대전광역시 서구 둔산동 1193,36.35063299,127.3790956,2016,전용주,042-288-3950,대전광역시 서구청,2025-06-26
둔산동022,1,대전광역시 서구 둔산남로9번길 69,대전광역시 서구 둔산동 1192,36.3507143,127.3796409,2016,전용주,042-288-3950,대전광역시 서구청,2025-06-26
둔산동023,1,대전광역시 서구 둔산남로9번길 75,대전광역시 서구 둔산동 1190,36.35072681,127.379946,2016,전용주,042-288-3950,대전광역시 서구청,2025-06-26
둔산동024,1,대전광역시 서구 둔산남로9번길 91,대전광역시 서구 둔산동 1183,36.35070569,127.3809877,2016,전용주,042-288-3950,대전광역시 서구청,2025-06-26
둔산동025,1,대전광역시 서구 둔산남로9번길 87,대전광역시 서구 둔산동 1185,36.35071019,127.380643,2016,전용주,042-288-3950,대전광역시 서구청,2025-06-26
둔산동026,1,대전광역시 서구 둔산남로9번길 91,대전광역시 서구 둔산동 1183,36.35070569,127.380930,2016,전용주,042-288-3950,대전광역시 서구청,2025-06-26
둔산동027,1,대전광역시 서구 둔산남로9번길 99,대전광역시 서구 둔산동 1182,36.35072233,127.381306,2016,전용주,042-288-3950,대전광역시 서구청,2025-06-26
둔산동028,1,대전광역시 서구 둔산로74번길 12,대전광역시 서구 둔산동 1181,36.3507231,127.3816881,2016,전용주,042-288-3950,대전광역시 서구청,2025-06-26
둔산동029,1,대전광역시 서구 둔산로74번길 23,대전광역시 서구 둔산동 1208,36.35023477,127.3821891,2016,전용주,042-288-3950,대전광역시 서구청,2025-06-26
둔산동030,1,대전광역시 서구 둔산로74번길 25,대전광역시 서구 둔산동 1209,36.350113,127.382193,2016,전용주,042-288-3950,대전광역시 서구청,2025-06-26
둔산동031,1,대전광역시 서구 둔산로74번길 31,대전광역시 서구 둔산동 1212,36.349773,127.3821903,2016,전용주,042-288-3950,대전광역시 서구청,2025-06-26
둔산동032,1,대전광역시 서구 둔산로74번길 39,대전광역시 서구 둔산동 1215,36.349448,127.3821824,2016,전용주,042-288-3950,대전광역시 서구청,2025-06-26
둔산동033,1,대전광역시 서구 둔산로74번길 43,대전광역시 서구 둔산동 1216,36.34933552,127.3821789,2016,전용주,042-288-3950,대전광역시 서구청,2025-06-26
둔산동034,1,대전광역시 서구 둔산남로 15,대전광역시 서구 둔산동 1203,36.35002434,127.380073,2016,전용주,042-288-3950,대전광역시 서구청,2025-06-26
둔산동035,1,대전광역시 서구 둔산남로 15,대전광역시 서구 둔산동 1203,36.35002434,127.380073,2016,전용주,042-288-3950,대전광역시 서구청,2025-06-26
둔산동036,1,대전광역시 서구 둔산남로 15,대전광역시 서구 둔산동 1203,36.35002434,127.380073,2016,전용주,042-288-3950,대전광역시 서구청,2025-06-26
둔산동037,1,대전광역시 서구 둔산남로 15,대전광역시 서구 둔산동 1203,36.35002434,127.380073,2016,전용주,042-288-3950,대전광역시 서구청,2025-06-26
둔산동038,1,대전광역시 서구 둔산남로 15,대전광역시 서구 둔산동 1203,36.35002434,127.380073,2016,전용주,042-288-3950,대전광역시 서구청,2025-06-26
둔산동039,1,대전광역시 서구 문정로 171,대전광역시 서구 둔산동 1513,36.34997951,127.3942722,2016,전용주,042-288-3950,대전광역시 서구청,2025-06-26
둔산동040,1,대전광역시 서구 문정로 171,대전광역시 서구 둔산동 1513,36.34997951,127.3942722,2016,전용주,042-288-3950,대전광역시 서구청,2025-06-26
둔산동041,1,대전광역시 서구 문정로 171,대전광역시 서구 둔산동 1513,36.34997951,127.3942722,2016,전용주,042-288-3950,대전광역시 서구청,2025-06-26
둔산동042,1,대전광역시 서구 문정로 181,대전광역시 서구 둔산동 1512,36.35044287,127.394387,2016,전용주,042-288-3950,대전광역시 서구청,2025-06-26
둔산동043,1,대전광역시 서구 문정로 181,대전광역시 서구 둔산동 1512,36.35044287,127.394387,2016,전용주,042-288-3950,대전광역시 서구청,2025-06-26
둔산동044,1,대전광역시 서구 문정로 181,대전광역시 서구 둔산동 1512,36.35044287,127.394387,2016,전용주,042-288-3950,대전광역시 서구청,2025-06-26
둔산동045,1,대전광역시 서구 둔산로206번길 7,대전광역시 서구 둔산동 1835,36.350896,127.3967648,2016,전용주,042-288-3950,대전광역시 서구청,2025-06-26
둔산동046,1,대전광역시 서구 문정로170번길 207,대전광역시 서구 둔산동 1913,36.350676,127.3967705,2016,전용주,042-288-3950,대전광역시 서구청,2025-06-26
둔산동047,1,대전광역시 서구 둔산로206번길 15,대전광역시 서구 둔산동 1912,36.35047509,127.3967684,2016,전용주,042-288-3950,대전광역시 서구청,2025-06-26
둔산동048,1,대전광역시 서구 둔산로206번길 26,대전광역시 서구 둔산동 1905,36.35000837,127.396566,2016,전용주,042-288-3950,대전광역시 서구청,2025-06-26
둔산동049,1,대전광역시 서구 문정로170번길 7-14,대전광역시 서구 둔산동 1898,36.35001165,127.396332,2016,전용주,042-288-3950,대전광역시 서구청,2025-06-26
둔산동050,1,대전광역시 서구 둔산남로165번길 24,대전광역시 서구 둔산동 1890,36.35000723,127.395923,2016,전용주,042-288-3950,대전광역시 서구청,2025-06-26
둔산동051,1,대전광역시 서구 문정로 178,대전광역시 서구 둔산동 1873,36.35002392,127.3954766,2016,전용주,042-288-3950,대전광역시 서구청,2025-06-26
둔산동052,1,대전광역시 서구 둔산남로165번길 15,대전광역시 서구 둔산동 1886,36.349662,127.395711,2016,전용주,042-288-3950,대전광역시 서구청,2025-06-26
둔산동053,1,대전광역시 서구 문정로170번길 10,대전광역시 서구 둔산동 2092,36.34935994,127.396426,2016,전용주,042-288-3950,대전광역시 서구청,2025-06-26
둔산동054,1,대전광역시 서구 문정로170번길 7-6,대전광역시 서구 둔산동 1900,36.34971229,127.396310,2016,전용주,042-288-3950,대전광역시 서구청,2025-06-26
둔산동055,1,대전광역시 서구 둔산남로165번길 23,대전광역시 서구 둔산동 1889,36.35002425,127.3957313,2016,전용주,042-288-3950,대전광역시 서구청,2025-06-26
둔산동056,1,대전광역시 서구 둔산로206번길 29,대전광역시 서구 둔산동 1908,36.349835,127.3967616,2016,전용주,042-288-3950,대전광역시 서구청,2025-06-26
둔산동057,1,대전광역시 서구 문정로170번길 14,대전광역시 서구 둔산동 2093,36.34937235,127.3965695,2016,전용주,042-288-3950,대전광역시 서구청,2025-06-26
둔산동058,1,대전광역시 서구 문정로170번길 22,대전광역시 서구 둔산동 2096,36.34934757,127.397027,2016,전용주,042-288-3950,대전광역시 서구청,2025-06-26
둔산동059,1,대전광역시 서구 둔산남로175번길 6,대전광역시 서구 둔산동 1923,36.34972815,127.3971353,2016,전용주,042-288-3950,대전광역시 서구청,2025-06-26
둔산동060,1,대전광역시 서구 둔산남로175번길 10,대전광역시 서구 둔산동 1924,36.349847,127.397136,2016,전용주,042-288-3950,대전광역시 서구청,2025-06-26
둔산동061,1,대전광역시 서구 둔산남로175번길 16,대전광역시 서구 둔산동 1926,36.350122,127.397137,2016,전용주,042-288-3950,대전광역시 서구청,2025-06-26
둔산동062,1,대전광역시 서구 둔산남로175번길 20,대전광역시 서구 둔산동 1927,36.350336,127.3971382,2016,전용주,042-288-3950,대전광역시 서구청,2025-06-26
둔산동063,1,대전광역시 서구 둔산남로175번길 24,대전광역시 서구 둔산동 1928,36.35046783,127.397136,2016,전용주,042-288-3950,대전광역시 서구청,2025-06-26
둔산동064,1,대전광역시 서구 문정로170번길 204,대전광역시 서구 둔산동 1833,36.35086598,127.3970256,2016,전용주,042-288-3950,대전광역시 서구청,2025-06-26
둔산동065,1,대전광역시 서구 문정로170번길 194,대전광역시 서구 둔산동 1829,36.35086613,127.3975475,2016,전용주,042-288-3950,대전광역시 서구청,2025-06-26
둔산동066,1,대전광역시 서구 둔산남로179번길 27,대전광역시 서구 둔산동 1932,36.35032095,127.397294,2016,전용주,042-288-3950,대전광역시 서구청,2025-06-26
둔산동067,1,대전광역시 서구 둔산남로179번길 21,대전광역시 서구 둔산동 1934,36.35002467,127.3972875,2016,전용주,042-288-3950,대전광역시 서구청,2025-06-26
둔산동068,1,대전광역시 서구 둔산남로179번길 15,대전광역시 서구 둔산동 1936,36.349706,127.3972883,2016,전용주,042-288-3950,대전광역시 서구청,2025-06-26
둔산동069,1,대전광역시 서구 문정로170번길 34,대전광역시 서구 둔산동 2109,36.34935514,127.3976807,2016,전용주,042-288-3950,대전광역시 서구청,2025-06-26
둔산동070,1,대전광역시 서구 둔산남로181번길 8,대전광역시 서구 둔산동 1955,36.34972735,127.397916,2016,전용주,042-288-3950,대전광역시 서구청,2025-06-26
둔산동071,1,대전광역시 서구 둔산남로181번길 10,대전광역시 서구 둔산동 1956,36.3498674,127.3979162,2016,전용주,042-288-3950,대전광역시 서구청,2025-06-26
둔산동072,1,대전광역시 서구 둔산남로181번길 22,대전광역시 서구 둔산동 1959,36.35031646,127.3979133,2016,전용주,042-288-3950,대전광역시 서구청,2025-06-26
둔산동073,1,대전광역시 서구 문정로170번길 190,대전광역시 서구 둔산동 1827,36.3508613,127.3978083,2016,전용주,042-288-3950,대전광역시 서구청,2025-06-26
둔산동074,1,대전광역시 서구 문정로170번길 184,대전광역시 서구 둔산동 1825,36.350860,127.398073,2016,전용주,042-288-3950,대전광역시 서구청,2025-06-26
둔산동075,1,대전광역시 서구 둔산로218번길 15,대전광역시 서구 둔산동 1976,36.35046703,127.398223,2016,전용주,042-288-3950,대전광역시 서구청,2025-06-26
둔산동076,1,대전광역시 서구 둔산로218번길 19,대전광역시 서구 둔산동 1975,36.35031258,127.398218,2016,전용주,042-288-3950,대전광역시 서구청,2025-06-26
둔산동077,1,대전광역시 서구 둔산로218번길 29,대전광역시 서구 둔산동 1972,36.349843,127.398227,2016,전용주,042-288-3950,대전광역시 서구청,2025-06-26
둔산동078,1,대전광역시 서구 문정로170번길 44,대전광역시 서구 둔산동 2113,36.34935479,127.3982746,2016,전용주,042-288-3950,대전광역시 서구청,2025-06-26
둔산동079,1,대전광역시 서구 둔산남로189번길 5,대전광역시 서구 둔산동 1984,36.3497262,127.398451,2016,전용주,042-288-3950,대전광역시 서구청,2025-06-26
둔산동080,1,대전광역시 서구 둔산남로189번길 15,대전광역시 서구 둔산동 1981,36.350126,127.3984417,2016,전용주,042-288-3950,대전광역시 서구청,2025-06-26
둔산동081,1,대전광역시 서구 둔산남로189번길 23,대전광역시 서구 둔산동 1979,36.35046778,127.3984518,2016,전용주,042-288-3950,대전광역시 서구청,2025-06-26
둔산동082,1,대전광역시 서구 문정로170번길 179,대전광역시 서구 둔산동 1977,36.35064942,127.3982982,2016,전용주,042-288-3950,대전광역시 서구청,2025-06-26
둔산동083,1,대전광역시 서구 둔산남로179번길 25,대전광역시 서구 둔산동 1933,36.35018117,127.3972964,2016,전용주,042-288-3950,대전광역시 서구청,2025-06-26
둔산동084,1,대전광역시 서구 둔산남로191번길 29,대전광역시 서구 둔산동 1991,36.35034123,127.3986743,2016,전용주,042-288-3950,대전광역시 서구청,2025-06-26
둔산동085,1,대전광역시 서구 둔산남로191번길 15,대전광역시 서구 둔산동 1987,36.349778,127.3986688,2016,전용주,042-288-3950,대전광역시 서구청,2025-06-26
둔산동086,1,대전광역시 서구 문정로170번길 66,대전광역시 서구 둔산동 2120,36.34935054,127.399403,2016,전용주,042-288-3950,대전광역시 서구청,2025-06-26
둔산동087,1,대전광역시 서구 둔산로230번길 33,대전광역시 서구 둔산동 2010,36.349779,127.3994956,2016,전용주,042-288-3950,대전광역시 서구청,2025-06-26
둔산동088,1,대전광역시 서구 둔산로230번길 27,대전광역시 서구 둔산동 2012,36.350052,127.3994998,2016,전용주,042-288-3950,대전광역시 서구청,2025-06-26
둔산동089,1,대전광역시 서구 문정로170번길 167-13,대전광역시 서구 둔산동 1998,36.35019032,127.3991224,2016,전용주,042-288-3950,대전광역시 서구청,2025-06-26
둔산동090,1,대전광역시 서구 문정로170번길 167-7,대전광역시 서구 둔산동 2000,36.35048014,127.3991221,2016,전용주,042-288-3950,대전광역시 서구청,2025-06-26
둔산동091,1,대전광역시 서구 문정로170번길 165,대전광역시 서구 둔산동 2001,36.350679,127.3991226,2016,전용주,042-288-3950,대전광역시 서구청,2025-06-26
둔산동092,1,대전광역시 서구 둔산로230번길 7,대전광역시 서구 둔산동 1860,36.35085556,127.3995004,2016,전용주,042-288-3950,대전광역시 서구청,2025-06-26
둔산동093,1,대전광역시 서구 둔산로230번길 23,대전광역시 서구 둔산동 2013,36.35016665,127.399425,2016,전용주,042-288-3950,대전광역시 서구청,2025-06-26
둔산동094,1,대전광역시 서구 둔산로 236-1,대전광역시 서구 둔산동 1850,36.35104773,127.4001645,2016,전용주,042-288-3950,대전광역시 서구청,2025-06-26
둔산동095,1,대전광역시 서구 둔산남로199번길 35,대전광역시 서구 둔산동 2017,36.35064714,127.3996583,2016,전용주,042-288-3950,대전광역시 서구청,2025-06-26
둔산동096,1,대전광역시 서구 둔산남로199번길 25,대전광역시 서구 둔산동 2020,36.350122,127.3996568,2016,전용주,042-288-3950,대전광역시 서구청,2025-06-26
둔산동097,1,대전광역시 서구 둔산남로199번길 15,대전광역시 서구 둔산동 2023,36.34970777,127.3996516,2016,전용주,042-288-3950,대전광역시 서구청,2025-06-26
둔산동098,1,대전광역시 서구 문정로170번길 76,대전광역시 서구 둔산동 2135,36.34935378,127.400005,2016,한전주,042-288-3950,대전광역시 서구청,2025-06-26
둔산동099,1,대전광역시 서구 둔산남로203번길 4,대전광역시 서구 둔산동 2041,36.34955904,127.4002556,2016,한전주,042-288-3950,대전광역시 서구청,2025-06-26
둔산동100,1,대전광역시 서구 둔산남로203번길 10,대전광역시 서구 둔산동 2043,36.34986094,127.4002529,2016,한전주,042-288-3950,대전광역시 서구청,2025-06-26
둔산동101,1,대전광역시 서구 둔산남로203번길 24,대전광역시 서구 둔산동 2047,36.35046699,127.4002523,2016,한전주,042-288-3950,대전광역시 서구청,2025-06-26
둔산동102,1,대전광역시 서구 둔산로240번길 8,대전광역시 서구 둔산동 1853,36.35084932,127.400489,2016,한전주,042-288-3950,대전광역시 서구청,2025-06-26
둔산동103,1,대전광역시 서구 둔산로240번길 15,대전광역시 서구 둔산동 2063,36.35045681,127.4006545,2016,한전주,042-288-3950,대전광역시 서구청,2025-06-26
둔산동104,1,대전광역시 서구 둔산로240번길 22,대전광역시 서구 둔산동 2052,36.350118,127.400473,2016,한전주,042-288-3950,대전광역시 서구청,2025-06-26
둔산동105,1,대전광역시 서구 둔산로240번길 30,대전광역시 서구 둔산동 2054,36.349825,127.400480,2016,한전주,042-288-3950,대전광역시 서구청,2025-06-26
둔산동106,1,대전광역시 서구 문정로170번길 84,대전광역시 서구 둔산동 2138,36.34934762,127.400467,2016,한전주,042-288-3950,대전광역시 서구청,2025-06-26
둔산동107,1,대전광역시 서구 문정로170번길 96,대전광역시 서구 둔산동 2143,36.34933784,127.4012391,2016,한전주,042-288-3950,대전광역시 서구청,2025-06-26
둔산동108,1,대전광역시 서구 문정로170번길 96,대전광역시 서구 둔산동 2143,36.34933784,127.4012391,2016,한전주,042-288-3950,대전광역시 서구청,2025-06-26
둔산동109,1,대전광역시 서구 문정로170번길 96,대전광역시 서구 둔산동 2143,36.349351,127.4012391,2016,한전주,042-288-3950,대전광역시 서구청,2025-06-26
둔산동110,1,대전광역시 서구 문정로170번길 103,대전광역시 서구 둔산동 2087,36.349772,127.4011689,2016,한전주,042-288-3950,대전광역시 서구청,2025-06-26
둔산동111,1,대전광역시 서구 둔산남로165번길 9,대전광역시 서구 둔산동 1883,36.34938001,127.3957265,2016,전용주,042-288-3950,대전광역시 서구청,2025-06-26
둔산동112,1,대전광역시 서구 문정로170번길 113,대전광역시 서구 둔산동 2084,36.350115,127.401169,2016,한전주,042-288-3950,대전광역시 서구청,2025-06-26
둔산동113,1,대전광역시 서구 둔산로240번길 15,대전광역시 서구 둔산동 2063,36.35045681,127.4006545,2016,한전주,042-288-3950,대전광역시 서구청,2025-06-26
둔산동114,1,대전광역시 서구 문정로170번길 128,대전광역시 서구 둔산동 1867,36.35085734,127.4012568,2016,한전주,042-288-3950,대전광역시 서구청,2025-06-26
둔산동115,1,대전광역시 서구 문정로170번길 132,대전광역시 서구 둔산동 1869,36.35084383,127.4010129,2016,한전주,042-288-3950,대전광역시 서구청,2025-06-26
둔산동116,1,대전광역시 서구 둔산남로209번길 24,대전광역시 서구 둔산동 2079,36.35046297,127.4010212,2016,한전주,042-288-3950,대전광역시 서구청,2025-06-26
둔산동117,1,대전광역시 서구 둔산남로209번길 24,대전광역시 서구 둔산동 2079,36.350407,127.4010212,2016,한전주,042-288-3950,대전광역시 서구청,2025-06-26
둔산동118,1,대전광역시 서구 둔산남로209번길 18,대전광역시 서구 둔산동 2077,36.350116,127.4010212,2016,한전주,042-288-3950,대전광역시 서구청,2025-06-26
둔산동119,1,대전광역시 서구 둔산남로209번길 10,대전광역시 서구 둔산동 2075,36.34986402,127.4010281,2016,한전주,042-288-3950,대전광역시 서구청,2025-06-26
둔산동120,1,대전광역시 서구 둔산남로209번길 6,대전광역시 서구 둔산동 2074,36.34971194,127.4010188,2016,한전주,042-288-3950,대전광역시 서구청,2025-06-26
둔산동121,1,대전광역시 서구 둔산남로181번길 24,대전광역시 서구 둔산동 1960,36.35046639,127.3979217,2016,한전주,042-288-3950,대전광역시 서구청,2025-06-26
둔산동122,1,대전광역시 서구 둔산북로 232-33,대전광역시 서구 둔산동 1807,36.3543693,127.4010155,2016,전용주,042-288-3950,대전광역시 서구청,2025-06-26
둔산동123,1,대전광역시 서구 둔산북로 232-33,대전광역시 서구 둔산동 1807,36.3543693,127.4010155,2016,전용주,042-288-3950,대전광역시 서구청,2025-06-26
둔산동124,1,대전광역시 서구 둔산북로 232-33,대전광역시 서구 둔산동 1807,36.3543693,127.4010155,2016,전용주,042-288-3950,대전광역시 서구청,2025-06-26
둔산동125,1,대전광역시 서구 둔산북로 232-33,대전광역시 서구 둔산동 1807,36.3543693,127.4010155,2016,전용주,042-288-3950,대전광역시 서구청,2025-06-26
둔산동126,1,대전광역시 서구 둔산북로 232-33,대전광역시 서구 둔산동 1807,36.354383,127.4010155,2016,전용주,042-288-3950,대전광역시 서구청,2025-06-26
둔산동127,1,대전광역시 서구 둔산북로 232-11,대전광역시 서구 둔산동 1806,36.35547776,127.4015487,2016,전용주,042-288-3950,대전광역시 서구청,2025-06-26
둔산동128,1,대전광역시 서구 둔산북로 232-11,대전광역시 서구 둔산동 1806,36.35547776,127.4015487,2016,전용주,042-288-3950,대전광역시 서구청,2025-06-26
둔산동129,1,대전광역시 서구 둔산북로 232-11,대전광역시 서구 둔산동 1806,36.35547776,127.4015487,2016,전용주,042-288-3950,대전광역시 서구청,2025-06-26
둔산동130,1,대전광역시 서구 둔산북로 232-11,대전광역시 서구 둔산동 1806,36.35547776,127.4015487,2016,전용주,042-288-3950,대전광역시 서구청,2025-06-26
둔산동131,1,대전광역시 서구 둔산북로 232-11,대전광역시 서구 둔산동 1806,36.35547776,127.4015487,2016,전용주,042-288-3950,대전광역시 서구청,2025-06-26
둔산동132,1,,대전광역시 서구 둔산동 1385,36.35502625,127.3944429,2016,한전주,042-288-3950,대전광역시 서구청,2025-06-26
둔산동133,1,,대전광역시 서구 둔산동 1385,36.35502625,127.3944429,2016,한전주,042-288-3950,대전광역시 서구청,2025-06-26
둔산동134,1,,대전광역시 서구 둔산동 1385,36.35502625,127.3944429,2016,한전주,042-288-3950,대전광역시 서구청,2025-06-26
둔산동135,1,대전광역시 서구 문정로 221,대전광역시 서구 둔산동 1386,36.35427285,127.3942275,2016,한전주,042-288-3950,대전광역시 서구청,2025-06-26
둔산동136,1,대전광역시 서구 문정로 221,대전광역시 서구 둔산동 1386,36.35427285,127.3942275,2016,한전주,042-288-3950,대전광역시 서구청,2025-06-26
둔산동137,1,대전광역시 서구 문정로 221,대전광역시 서구 둔산동 1386,36.35427285,127.3942275,2016,한전주,042-288-3950,대전광역시 서구청,2025-06-26
둔산동138,1,대전광역시 서구 문정로 221,대전광역시 서구 둔산동 1386,36.35427285,127.3942275,2016,한전주,042-288-3950,대전광역시 서구청,2025-06-26
둔산동139,1,대전광역시 서구 청사로 254,대전광역시 서구 둔산동 912,36.35906073,127.3926571,2016,한전주,042-288-3950,대전광역시 서구청,2025-06-26
둔산동140,1,대전광역시 서구 청사로 254,대전광역시 서구 둔산동 912,36.35906073,127.3926571,2016,한전주,042-288-3950,대전광역시 서구청,2025-06-26
둔산동141,1,대전광역시 서구 청사로 254,대전광역시 서구 둔산동 912,36.359017,127.3926571,2016,한전주,042-288-3950,대전광역시 서구청,2025-06-26
둔산동142,1,대전광역시 서구 청사로 254,대전광역시 서구 둔산동 912,36.35906073,127.3926571,2016,한전주,042-288-3950,대전광역시 서구청,2025-06-26
둔산동143,1,대전광역시 서구 청사로 254,대전광역시 서구 둔산동 912,36.35906073,127.3926571,2016,한전주,042-288-3950,대전광역시 서구청,2025-06-26
둔산동144,1,대전광역시 서구 청사로 254,대전광역시 서구 둔산동 912,36.35906073,127.3926571,2016,한전주,042-288-3950,대전광역시 서구청,2025-06-26
둔산동145,1,대전광역시 서구 둔산남로203번길 28,대전광역시 서구 둔산동 2048,36.35064304,127.400223,2016,전용주,042-288-3950,대전광역시 서구청,2025-06-26
둔산동146,1,대전광역시 서구 갈마역로 6,대전광역시 서구 둔산동 1122,36.35097525,127.3736756,2016,전용주,042-288-3950,대전광역시 서구청,2025-06-26
둔산동147,1,대전광역시 서구 대덕대로175번길 60,대전광역시 서구 둔산동 1119,36.35072539,127.374111,2016,전용주,042-288-3950,대전광역시 서구청,2025-06-26
둔산동148,1,대전광역시 서구 대덕대로175번길 50,대전광역시 서구 둔산동 1118,36.35047373,127.3746316,2016,전용주,042-288-3950,대전광역시 서구청,2025-06-26
둔산동149,1,대전광역시 서구 대덕대로175번길 46,대전광역시 서구 둔산동 1117,36.35034602,127.374800,2016,전용주,042-288-3950,대전광역시 서구청,2025-06-26
둔산동150,1,대전광역시 서구 대덕대로175번길 30,대전광역시 서구 둔산동 1115,36.35005822,127.3755702,2016,전용주,042-288-3950,대전광역시 서구청,2025-06-26
둔산동151,1,대전광역시 서구 대덕대로175번길 22,대전광역시 서구 둔산동 1113,36.34986071,127.3759637,2016,전용주,042-288-3950,대전광역시 서구청,2025-06-26
둔산동152,1,대전광역시 서구 대덕대로175번길 16,대전광역시 서구 둔산동 1112,36.34963194,127.3763231,2016,전용주,042-288-3950,대전광역시 서구청,2025-06-26
둔산동153,1,대전광역시 서구 대덕대로175번길 16,대전광역시 서구 둔산동 1112,36.34963194,127.376328,2016,전용주,042-288-3950,대전광역시 서구청,2025-06-26
둔산동154,1,,대전광역시 서구 둔산동 1110,36.34940739,127.3768315,2016,전용주,042-288-3950,대전광역시 서구청,2025-06-26
둔산동155,1,대전광역시 서구 대덕대로 178,대전광역시 서구 둔산동 1125,36.34897497,127.3774146,2016,전용주,042-288-3950,대전광역시 서구청,2025-06-26
둔산동156,1,대전광역시 서구 대덕대로176번길 9,대전광역시 서구 둔산동 1126,36.34869248,127.3776617,2016,전용주,042-288-3950,대전광역시 서구청,2025-06-26
둔산동157,1,대전광역시 서구 대덕대로176번길 15,대전광역시 서구 둔산동 1127,36.34831704,127.3779477,2016,전용주,042-288-3950,대전광역시 서구청,2025-06-26
둔산동158,1,대전광역시 서구 둔산남로 3,대전광역시 서구 둔산동 1129,36.348101,127.378129,2016,전용주,042-288-3950,대전광역시 서구청,2025-06-26
둔산동159,1,대전광역시 서구 둔산남로 4,대전광역시 서구 둔산동 1130,36.34752597,127.3785818,2016,전용주,042-288-3950,대전광역시 서구청,2025-06-26
둔산동160,1,대전광역시 서구 둔산동 둔산남로 4,대전광역시 서구 둔산동 1131,36.34752597,127.3785818,2016,전용주,042-288-3950,대전광역시 서구청,2025-06-26
둔산동161,1,대전광역시 서구 대덕대로176번길 51,대전광역시 서구 둔산동 1133,36.34712652,127.3789087,2016,전용주,042-288-3950,대전광역시 서구청,2025-06-26
둔산동162,1,대전광역시 서구 대덕대로176번길 59,대전광역시 서구 둔산동 1135,36.34686995,127.3791958,2016,전용주,042-288-3950,대전광역시 서구청,2025-06-26
둔산동163,1,대전광역시 서구 대덕대로176번길 75,대전광역시 서구 둔산동 1136,36.34629402,127.379533,2016,전용주,042-288-3950,대전광역시 서구청,2025-06-26
둔산동164,1,대전광역시 서구 둔산동 대덕대로176번길 75,대전광역시 서구 둔산동 1137,36.34629402,127.379533,2016,전용주,042-288-3950,대전광역시 서구청,2025-06-26
둔산동165,1,,대전광역시 서구 둔산동 1139,36.34595911,127.3797599,2016,전용주,042-288-3950,대전광역시 서구청,2025-06-26
둔산동166,1,,대전광역시 서구 둔산동 1140,36.34578834,127.3798934,2016,전용주,042-288-3950,대전광역시 서구청,2025-06-26
둔산동167,1,대전광역시 서구 계룡로491번길 8,대전광역시 서구 둔산동 1141,36.34553745,127.3802514,2016,전용주,042-288-3950,대전광역시 서구청,2025-06-26
둔산동168,1,대전광역시 서구 문정로 3,대전광역시 서구 둔산동 1142,36.34528635,127.3802622,2016,전용주,042-288-3950,대전광역시 서구청,2025-06-26
둔산동169,1,,대전광역시 서구 둔산동 1513,36.349924,127.3942722,2023,전용주,042-288-3950,대전광역시 서구청,2025-06-26
둔산동170,1,,대전광역시 서구 둔산동 1513,36.34997951,127.3942722,2023,전용주,042-288-3950,대전광역시 서구청,2025-06-26
둔산동171,1,대전광역시 서구 둔산남로9번길 53,대전광역시 서구 둔산동 1194,36.35040119,127.378893,2023,전용주,042-288-3950,대전광역시 서구청,2025-06-26
둔산동172,1,,대전광역시 서구 둔산동 1159,36.34912983,127.3779779,2023,전용주,042-288-3950,대전광역시 서구청,2025-06-26
둔산동173,1,,대전광역시 서구 둔산동 1201,36.349518,127.3782368,2023,전용주,042-288-3950,대전광역시 서구청,2025-06-26
둔산동174,1,대전광역시 서구 둔산남로9번길 37,대전광역시 서구 둔산동 1199,36.349703,127.3783768,2023,전용주,042-288-3950,대전광역시 서구청,2025-06-26
둔산동175,1,대전광역시 서구 둔산남로9번길 43,대전광역시 서구 둔산동 1197,36.349916,127.3785003,2023,전용주,042-288-3950,대전광역시 서구청,2025-06-26
둔산동176,1,대전광역시 서구 문정로170번길 74,대전광역시 서구 둔산동 2134,36.34935008,127.3999004,2023,전용주,042-288-3950,대전광역시 서구청,2025-06-26
둔산동177,1,대전광역시 서구 둔산동 문정로170번길 50,대전광역시 서구 둔산동 2116,36.34919568,127.398780,2023,전용주,042-288-3950,대전광역시 서구청,2025-06-26
둔산동178,1,,대전광역시 서구 둔산동 1890,36.35000723,127.395938,2023,전용주,042-288-3950,대전광역시 서구청,2025-06-26
둔산동179,1,,대전광역시 서구 둔산동 1807,36.3543693,127.4010155,2025,전용주,042-288-3950,대전광역시 서구청,2025-06-26
둔산동180,1,,대전광역시 서구 둔산동 1807,36.3543693,127.4010155,2025,전용주,042-288-3950,대전광역시 서구청,2025-06-26
둔산동181,1,,대전광역시 서구 둔산동 1807,36.3543693,127.4010155,2025,전용주,042-288-3950,대전광역시 서구청,2025-06-26
둔산동182,1,,대전광역시 서구 둔산동 1807,36.3543693,127.4010155,2025,전용주,042-288-3950,대전광역시 서구청,2025-06-26
둔산동183,1,,대전광역시 서구 둔산동 1807,36.3543693,127.4010155,2025,전용주,042-288-3950,대전광역시 서구청,2025-06-26
만년동001,1,대전광역시 서구 만년남로3번길 139,대전광역시 서구 만년동 12,36.36694441,127.3720881,2016,전용주,042-288-3950,대전광역시 서구청,2025-06-26
만년동002,1,대전광역시 서구 만년남로3번길 125,대전광역시 서구 만년동 16,36.366407,127.371583,2016,전용주,042-288-3950,대전광역시 서구청,2025-06-26
만년동003,1,대전광역시 서구 만년남로3번길 119,대전광역시 서구 만년동 19,36.366228,127.3712643,2016,전용주,042-288-3950,대전광역시 서구청,2025-06-26
만년동004,1,대전광역시 서구 만년남로3번길 115,대전광역시 서구 만년동 20,36.36614029,127.371158,2016,전용주,042-288-3950,대전광역시 서구청,2025-06-26
만년동005,1,대전광역시 서구 만년남로3번길 107,대전광역시 서구 만년동 23,36.36578368,127.3707907,2016,전용주,042-288-3950,대전광역시 서구청,2025-06-26
만년동006,1,대전광역시 서구 만년남로3번길 93,대전광역시 서구 만년동 82,36.365379,127.3713459,2016,전용주,042-288-3950,대전광역시 서구청,2025-06-26
만년동007,1,대전광역시 서구 만년남로3번길 92-10,대전광역시 서구 만년동 34,36.36584355,127.3715899,2016,전용주,042-288-3950,대전광역시 서구청,2025-06-26
만년동008,1,대전광역시 서구 만년남로3번길 86-17,대전광역시 서구 만년동 38,36.36609572,127.3717011,2016,전용주,042-288-3950,대전광역시 서구청,2025-06-26
만년동010,1,대전광역시 서구 만년남로11번길 83,대전광역시 서구 만년동 53,36.366336,127.3719932,2016,한전주,042-288-3950,대전광역시 서구청,2025-06-26
만년동011,1,대전광역시 서구 만년남로3번길 86-6,대전광역시 서구 만년동 45,36.3656677,127.3720083,2016,전용주,042-288-3950,대전광역시 서구청,2025-06-26
만년동012,1,대전광역시 서구 만년남로3번길 83,대전광역시 서구 만년동 86,36.365384,127.3719268,2016,전용주,042-288-3950,대전광역시 서구청,2025-06-26
만년동013,1,대전광역시 서구 만년남로3번길 75,대전광역시 서구 만년동 89,36.36529692,127.3723661,2016,전용주,042-288-3950,대전광역시 서구청,2025-06-26
만년동014,1,대전광역시 서구 만년남로3번길 78-10,대전광역시 서구 만년동 63,36.36584024,127.372453,2016,전용주,042-288-3950,대전광역시 서구청,2025-06-26
만년동015,1,대전광역시 서구 만년남로3번길 78-14,대전광역시 서구 만년동 64,36.3659864,127.3724542,2016,전용주,042-288-3950,대전광역시 서구청,2025-06-26
만년동016,1,대전광역시 서구 만년남로11번길 79,대전광역시 서구 만년동 54,36.366294,127.372108,2016,전용주,042-288-3950,대전광역시 서구청,2025-06-26
만년동017,1,대전광역시 서구 만년남로3번길 70-32,대전광역시 서구 만년동 105,36.36674816,127.372479,2016,전용주,042-288-3950,대전광역시 서구청,2025-06-26
만년동018,1,대전광역시 서구 만년남로3번길 70-26,대전광역시 서구 만년동 103,36.36656486,127.3727157,2016,전용주,042-288-3950,대전광역시 서구청,2025-06-26
만년동019,1,대전광역시 서구 만년로12번길 39,대전광역시 서구 만년동 121,36.365891,127.3733209,2016,한전주,042-288-3950,대전광역시 서구청,2025-06-26
만년동020,1,대전광역시 서구 만년로16번길 35,대전광역시 서구 만년동 175,36.36567728,127.374535,2023,전용주,042-288-3950,대전광역시 서구청,2025-06-26
만년동021,1,대전광역시 서구 만년남로11번길 68,대전광역시 서구 만년동 101,36.36634948,127.3728892,2016,전용주,042-288-3950,대전광역시 서구청,2025-06-26
만년동022,1,대전광역시 서구 만년로12번길 28,대전광역시 서구 만년동 113,36.36635221,127.3730525,2016,전용주,042-288-3950,대전광역시 서구청,2025-06-26
만년동023,1,대전광역시 서구 만년남로3번길 145,대전광역시 서구 만년동 10,36.367155,127.3723118,2016,전용주,042-288-3950,대전광역시 서구청,2025-06-26
만년동024,1,대전광역시 서구 만년남로3번길 150,대전광역시 서구 만년동 107,36.36692239,127.3724745,2016,전용주,042-288-3950,대전광역시 서구청,2025-06-26
만년동025,1,대전광역시 서구 만년남로3번길 156,대전광역시 서구 만년동 109,36.36675375,127.3727142,2016,전용주,042-288-3950,대전광역시 서구청,2025-06-26
만년동026,1,대전광역시 서구 만년남로3번길 164,대전광역시 서구 만년동 112,36.36648405,127.3730552,2016,전용주,042-288-3950,대전광역시 서구청,2025-06-26
만년동027,1,대전광역시 서구 만년로12번길 19,대전광역시 서구 만년동 127,36.36662952,127.3734814,2016,전용주,042-288-3950,대전광역시 서구청,2025-06-26
만년동028,1,대전광역시 서구 만년로12번길 7,대전광역시 서구 만년동 131,36.36697111,127.3738983,2016,전용주,042-288-3950,대전광역시 서구청,2025-06-26
만년동029,1,대전광역시 서구 만년로18번길 36,대전광역시 서구 만년동 198,36.36567519,127.3747703,2016,한전주,042-288-3950,대전광역시 서구청,2025-06-26
만년동030,1,대전광역시 서구 만년로18번길 33,대전광역시 서구 만년동 217,36.365892,127.3750214,2016,한전주,042-288-3950,대전광역시 서구청,2025-06-26
만년동031,1,대전광역시 서구 만년남로3번길 78-14,대전광역시 서구 만년동 64,36.3659864,127.3724542,2016,전용주,042-288-3950,대전광역시 서구청,2025-06-26
만년동032,1,대전광역시 서구 만년남로3번길 78-5,대전광역시 서구 만년동 59,36.36566881,127.3721717,2016,전용주,042-288-3950,대전광역시 서구청,2025-06-26
만년동033,1,대전광역시 서구 만년남로11번길 67,대전광역시 서구 만년동 100,36.36613085,127.372890,2016,전용주,042-288-3950,대전광역시 서구청,2025-06-26
만년동034,1,대전광역시 서구 만년남로11번길 63,대전광역시 서구 만년동 114,36.36612038,127.3730406,2016,전용주,042-288-3950,대전광역시 서구청,2025-06-26
만년동035,1,대전광역시 서구 만년남로3번길 54-29,대전광역시 서구 만년동 141,36.36670644,127.373897,2016,전용주,042-288-3950,대전광역시 서구청,2025-06-26
만년동036,1,대전광역시 서구 만년남로11번길 50,대전광역시 서구 만년동 156,36.36641637,127.373919,2016,전용주,042-288-3950,대전광역시 서구청,2025-06-26
만년동037,1,대전광역시 서구 만년남로3번길 54-14,대전광역시 서구 만년동 154,36.365923,127.3737483,2016,전용주,042-288-3950,대전광역시 서구청,2025-06-26
만년동038,1,대전광역시 서구 만년남로3번길 46-8,대전광역시 서구 만년동 165,36.36570248,127.3741721,2016,전용주,042-288-3950,대전광역시 서구청,2025-06-26
만년동039,1,대전광역시 서구 만년로22번길 28,대전광역시 서구 만년동 236,36.36611573,127.3751884,2016,한전주,042-288-3950,대전광역시 서구청,2025-06-26
만년동041,1,대전광역시 서구 만년남로3번길 46-13,대전광역시 서구 만년동 160,36.36597996,127.373994,2016,전용주,042-288-3950,대전광역시 서구청,2025-06-26
만년동042,1,대전광역시 서구 만년남로11번길 44,대전광역시 서구 만년동 158,36.36637597,127.3741303,2016,전용주,042-288-3950,대전광역시 서구청,2025-06-26
만년동043,1,대전광역시 서구 만년남로11번길 42,대전광역시 서구 만년동 158-1,36.36637136,127.3743374,2016,전용주,042-288-3950,대전광역시 서구청,2025-06-26
만년동044,1,대전광역시 서구 만년남로11번길 34,대전광역시 서구 만년동 194,36.366301,127.3747628,2016,전용주,042-288-3950,대전광역시 서구청,2025-06-26
만년동045,1,대전광역시 서구 만년로16번길 30,대전광역시 서구 만년동 170,36.365932,127.3743492,2016,전용주,042-288-3950,대전광역시 서구청,2025-06-26
만년동046,1,대전광역시 서구 만년남로3번길 44,대전광역시 서구 만년동 164,36.36554442,127.374170,2016,전용주,042-288-3950,대전광역시 서구청,2025-06-26
만년동047,1,대전광역시 서구 만년로18번길 28,대전광역시 서구 만년동 195,36.36611806,127.3747604,2016,전용주,042-288-3950,대전광역시 서구청,2025-06-26
만년동048,1,대전광역시 서구 만년로18번길 16,대전광역시 서구 만년동 192,36.366641,127.3747656,2016,전용주,042-288-3950,대전광역시 서구청,2025-06-26
만년동051,1,대전광역시 서구 만년로18번길 8,대전광역시 서구 만년동 190,36.3669246,127.3747646,2016,전용주,042-288-3950,대전광역시 서구청,2025-06-26
만년동052,1,대전광역시 서구 만년로22번길 8,대전광역시 서구 만년동 231,36.366920,127.3751856,2016,전용주,042-288-3950,대전광역시 서구청,2025-06-26
만년동053,1,대전광역시 서구 만년로22번길 18,대전광역시 서구 만년동 234,36.36648385,127.3751908,2016,전용주,042-288-3950,대전광역시 서구청,2025-06-26
만년동054,1,대전광역시 서구 만년남로11번길 26,대전광역시 서구 만년동 235,36.36634286,127.3751777,2016,전용주,042-288-3950,대전광역시 서구청,2025-06-26
만년동055,1,대전광역시 서구 만년남로3번길 21,대전광역시 서구 만년동 270,36.365375,127.3754167,2016,전용주,042-288-3950,대전광역시 서구청,2025-06-26
만년동056,1,대전광역시 서구 만년남로3번길 13,대전광역시 서구 만년동 273,36.365371,127.3758674,2016,전용주,042-288-3950,대전광역시 서구청,2025-06-26
만년동057,1,대전광역시 서구 만년남로11번길 17,대전광역시 서구 만년동 247,36.36612011,127.3756307,2016,전용주,042-288-3950,대전광역시 서구청,2025-06-26
만년동058,1,대전광역시 서구 만년남로11번길 9,대전광역시 서구 만년동 257,36.36611804,127.376058,2016,전용주,042-288-3950,대전광역시 서구청,2025-06-26
만년동059,1,대전광역시 서구 만년남로3번길 8-6,대전광역시 서구 만년동 263,36.36564522,127.3763373,2016,한전주,042-288-3950,대전광역시 서구청,2025-06-26
만년동061,1,대전광역시 서구 만년로 19,대전광역시 서구 만년동 3,36.36753929,127.3750225,2016,전용주,042-288-3950,대전광역시 서구청,2025-06-26
만년동062,1,대전광역시 서구 만년로 19,대전광역시 서구 만년동 3,36.36753929,127.3750225,2016,전용주,042-288-3950,대전광역시 서구청,2025-06-26
만년동063,1,대전광역시 서구 만년로 19,대전광역시 서구 만년동 3,36.36753929,127.3750225,2016,전용주,042-288-3950,대전광역시 서구청,2025-06-26
만년동064,1,대전광역시 서구 만년남로3번길 133,대전광역시 서구 만년동 14,36.3667568,127.371891,2016,전용주,042-288-3950,대전광역시 서구청,2025-06-26
만년동065,1,,대전광역시 서구 만년동 13-6,36.366941,127.374380,2016,전용주,042-288-3950,대전광역시 서구청,2025-06-26
만년동066,1,대전광역시 서구 만년남로3번길 26,대전광역시 서구 만년동 240,36.365591,127.3751783,2023,전용주,042-288-3950,대전광역시 서구청,2025-06-26
만년동067,1,,대전광역시 서구 만년동 407,36.36698913,127.3719564,2023,전용주,042-288-3950,대전광역시 서구청,2025-06-26
매노동001,1,대전광역시 서구 벌곡로 457-20,대전광역시 서구 매노동 591-4,36.244205,127.3243878,2016,한전주,042-288-3950,대전광역시 서구청,2025-06-26
매노동002,1,대전광역시 서구 벌곡로 457-20,대전광역시 서구 매노동 591-4,36.24422854,127.3243878,2016,한전주,042-288-3950,대전광역시 서구청,2025-06-26
매노동003,1,대전광역시 서구 벌곡로 459,대전광역시 서구 매노동 591-5,36.243892,127.325189,2016,한전주,042-288-3950,대전광역시 서구청,2025-06-26
매노동004,1,대전광역시 서구 벌곡로 459,대전광역시 서구 매노동 591-5,36.24382489,127.325189,2016,한전주,042-288-3950,대전광역시 서구청,2025-06-26
매노동005,1,,대전광역시 서구 매노동 585-2,36.243474,127.3256984,2016,한전주,042-288-3950,대전광역시 서구청,2025-06-26
매노동006,1,,대전광역시 서구 매노동 564,36.24195791,127.3258442,2016,한전주,042-288-3950,대전광역시 서구청,2025-06-26
매노동007,1,,대전광역시 서구 매노동 557,36.24158898,127.3273559,2016,한전주,042-288-3950,대전광역시 서구청,2025-06-26
매노동008,1,대전광역시 서구 매노동 분토골길 38,대전광역시 서구 매노동 554,36.24176453,127.3279139,2016,한전주,042-288-3950,대전광역시 서구청,2025-06-26
매노동009,1,,대전광역시 서구 매노동 550-20,36.241455,127.328836,2016,한전주,042-288-3950,대전광역시 서구청,2025-06-26
매노동010,1,,대전광역시 서구 매노동 549-1,36.240657,127.329083,2016,한전주,042-288-3950,대전광역시 서구청,2025-06-26
매노동011,1,대전광역시 서구 분토골길 75-29,대전광역시 서구 매노동 360-1,36.24113429,127.3306457,2016,한전주,042-288-3950,대전광역시 서구청,2025-06-26
매노동012,1,,대전광역시 서구 매노동 366,36.24002238,127.3289833,2016,한전주,042-288-3950,대전광역시 서구청,2025-06-26
매노동013,1,,대전광역시 서구 매노동 385,36.2393779,127.330386,2016,한전주,042-288-3950,대전광역시 서구청,2025-06-26
매노동014,1,대전광역시 서구 분토골길 131,대전광역시 서구 매노동 372,36.239957,127.3310754,2016,한전주,042-288-3950,대전광역시 서구청,2025-06-26
매노동015,1,,대전광역시 서구 매노동 373-3,36.240081,127.3325166,2016,한전주,042-288-3950,대전광역시 서구청,2025-06-26
매노동016,1,,대전광역시 서구 매노동 452-1,36.235228,127.335256,2016,한전주,042-288-3950,대전광역시 서구청,2025-06-26
매노동017,1,,대전광역시 서구 매노동 520,36.239277,127.3277998,2016,한전주,042-288-3950,대전광역시 서구청,2025-06-26
매노동018,1,,대전광역시 서구 매노동 522,36.23871453,127.3277177,2016,한전주,042-288-3950,대전광역시 서구청,2025-06-26
매노동019,1,대전광역시 서구 매노동 황골길 128-8,대전광역시 서구 매노동 517-7,36.239107,127.327174,2016,한전주,042-288-3950,대전광역시 서구청,2025-06-26
매노동020,1,,대전광역시 서구 매노동 512,36.237713,127.327869,2016,한전주,042-288-3950,대전광역시 서구청,2025-06-26
매노동021,1,,대전광역시 서구 매노동 528,36.23657246,127.3287568,2016,한전주,042-288-3950,대전광역시 서구청,2025-06-26
매노동022,1,,대전광역시 서구 매노동 503,36.23614226,127.3284723,2016,한전주,042-288-3950,대전광역시 서구청,2025-06-26
매노동023,1,,대전광역시 서구 매노동 453,36.23466079,127.3292892,2016,한전주,042-288-3950,대전광역시 서구청,2025-06-26
매노동024,1,대전광역시 서구 황골길 247,대전광역시 서구 매노동 451-1,36.234303,127.3300459,2016,한전주,042-288-3950,대전광역시 서구청,2025-06-26
매노동025,1,대전광역시 서구 황골길 281,대전광역시 서구 매노동 439-2,36.233938,127.3319213,2016,한전주,042-288-3950,대전광역시 서구청,2025-06-26
매노동026,1,,대전광역시 서구 매노동 442,36.233691,127.3318572,2016,한전주,042-288-3950,대전광역시 서구청,2025-06-26
매노동027,1,,대전광역시 서구 매노동 440-1,36.23355049,127.3321783,2016,한전주,042-288-3950,대전광역시 서구청,2025-06-26
매노동028,1,,대전광역시 서구 매노동 436-10,36.233388,127.3324675,2016,한전주,042-288-3950,대전광역시 서구청,2025-06-26
매노동029,1,,대전광역시 서구 매노동 445,36.23368979,127.3308391,2016,한전주,042-288-3950,대전광역시 서구청,2025-06-26
매노동030,1,,대전광역시 서구 매노동 540-5,36.23992122,127.327224,2016,한전주,042-288-3950,대전광역시 서구청,2025-06-26
매노동031,1,,대전광역시 서구 매노동 540-7,36.24002558,127.3272541,2016,한전주,042-288-3950,대전광역시 서구청,2025-06-26
매노동032,1,,대전광역시 서구 매노동 321-3,36.247864,127.3320766,2016,한전주,042-288-3950,대전광역시 서구청,2025-06-26
매노동033,1,,대전광역시 서구 매노동 산10-7,36.247463,127.331526,2016,한전주,042-288-3950,대전광역시 서구청,2025-06-26
매노동034,1,,대전광역시 서구 매노동 327,36.24663428,127.3319545,2016,한전주,042-288-3950,대전광역시 서구청,2025-06-26
매노동035,1,,대전광역시 서구 매노동 330,36.2457092,127.3318578,2016,한전주,042-288-3950,대전광역시 서구청,2025-06-26
매노동036,1,,대전광역시 서구 매노동 332,36.24476247,127.3325066,2016,한전주,042-288-3950,대전광역시 서구청,2025-06-26
매노동037,1,,대전광역시 서구 매노동 333,36.24454631,127.3329933,2016,한전주,042-288-3950,대전광역시 서구청,2025-06-26
매노동038,1,,대전광역시 서구 매노동 335-1,36.24339474,127.332984,2016,한전주,042-288-3950,대전광역시 서구청,2025-06-26
매노동039,1,,대전광역시 서구 매노동 116,36.2431566,127.3349167,2016,한전주,042-288-3950,대전광역시 서구청,2025-06-26
매노동040,1,,대전광역시 서구 매노동 116,36.243113,127.3349167,2016,한전주,042-288-3950,대전광역시 서구청,2025-06-26
매노동041,1,,대전광역시 서구 매노동 342,36.24319666,127.3339116,2016,한전주,042-288-3950,대전광역시 서구청,2025-06-26
매노동042,1,,대전광역시 서구 매노동 343-2,36.24235046,127.3342799,2016,한전주,042-288-3950,대전광역시 서구청,2025-06-26
매노동043,1,,대전광역시 서구 매노동 240-1,36.25024084,127.3364212,2016,한전주,042-288-3950,대전광역시 서구청,2025-06-26
매노동044,1,,대전광역시 서구 매노동 239-3,36.250070,127.336958,2016,한전주,042-288-3950,대전광역시 서구청,2025-06-26
매노동045,1,대전광역시 서구 기성초교길 26-17,대전광역시 서구 매노동 162-3,36.24953049,127.336624,2016,한전주,042-288-3950,대전광역시 서구청,2025-06-26
매노동046,1,대전광역시 서구 매노동 기성초교길 26-44,대전광역시 서구 매노동 161-1,36.24892004,127.3372976,2016,한전주,042-288-3950,대전광역시 서구청,2025-06-26
매노동047,1,대전광역시 서구 기성초교길 40,대전광역시 서구 매노동 166-3,36.249789,127.337637,2016,한전주,042-288-3950,대전광역시 서구청,2025-06-26
매노동048,1,대전광역시 서구 기성초교길 40,대전광역시 서구 매노동 166-3,36.249772,127.337637,2016,한전주,042-288-3950,대전광역시 서구청,2025-06-26
매노동049,1,,대전광역시 서구 매노동 189-1,36.24966164,127.3384757,2016,한전주,042-288-3950,대전광역시 서구청,2025-06-26
매노동050,1,,대전광역시 서구 매노동 193-1,36.24961096,127.3387485,2016,한전주,042-288-3950,대전광역시 서구청,2025-06-26
매노동051,1,대전광역시 서구 기성초교길 63,대전광역시 서구 매노동 193-3,36.24950771,127.3389229,2016,한전주,042-288-3950,대전광역시 서구청,2025-06-26
매노동052,1,,대전광역시 서구 매노동 195-3,36.24898356,127.3389449,2016,한전주,042-288-3950,대전광역시 서구청,2025-06-26
매노동053,1,,대전광역시 서구 매노동 195-2,36.248778,127.3393897,2016,한전주,042-288-3950,대전광역시 서구청,2025-06-26
매노동054,1,,대전광역시 서구 매노동 194-2,36.24926347,127.3395318,2016,한전주,042-288-3950,대전광역시 서구청,2025-06-26
매노동055,1,대전광역시 서구 기성초교길 45-10,대전광역시 서구 매노동 218-3,36.250071,127.3385038,2016,한전주,042-288-3950,대전광역시 서구청,2025-06-26
매노동056,1,,대전광역시 서구 매노동 238-1,36.2505078,127.3379782,2016,한전주,042-288-3950,대전광역시 서구청,2025-06-26
매노동057,1,,대전광역시 서구 매노동 191-1,36.250570,127.3387137,2016,한전주,042-288-3950,대전광역시 서구청,2025-06-26
매노동058,1,대전광역시 서구 기성초교길 45-32,대전광역시 서구 매노동 210-4,36.25078537,127.3393237,2016,한전주,042-288-3950,대전광역시 서구청,2025-06-26
매노동059,1,,대전광역시 서구 매노동 224-3,36.25108315,127.339534,2016,한전주,042-288-3950,대전광역시 서구청,2025-06-26
매노동060,1,,대전광역시 서구 매노동 187-4,36.25205619,127.3392657,2016,한전주,042-288-3950,대전광역시 서구청,2025-06-26
매노동061,1,,대전광역시 서구 매노동 592-35,36.252922,127.340316,2016,한전주,042-288-3950,대전광역시 서구청,2025-06-26
매노동062,1,,대전광역시 서구 매노동 592-32,36.25209111,127.3399825,2016,한전주,042-288-3950,대전광역시 서구청,2025-06-26
매노동063,1,,대전광역시 서구 매노동 241-2,36.2531132,127.3400232,2016,한전주,042-288-3950,대전광역시 서구청,2025-06-26
매노동064,1,,대전광역시 서구 매노동 243-2,36.25338499,127.3400957,2016,한전주,042-288-3950,대전광역시 서구청,2025-06-26
매노동065,1,대전광역시 서구 벌곡로 631,대전광역시 서구 매노동 177-1,36.25376181,127.3387225,2016,한전주,042-288-3950,대전광역시 서구청,2025-06-26
매노동066,1,대전광역시 서구 벌곡로 631,대전광역시 서구 매노동 177-1,36.25376181,127.3387225,2016,한전주,042-288-3950,대전광역시 서구청,2025-06-26
매노동067,1,,대전광역시 서구 매노동 237-1,36.25327576,127.337771,2016,한전주,042-288-3950,대전광역시 서구청,2025-06-26
매노동068,1,,대전광역시 서구 매노동 236-4,36.25314242,127.3376381,2016,한전주,042-288-3950,대전광역시 서구청,2025-06-26
매노동069,1,,대전광역시 서구 매노동 104,36.24157313,127.3449361,2016,한전주,042-288-3950,대전광역시 서구청,2025-06-26
매노동070,1,,대전광역시 서구 매노동 104,36.24157313,127.3449361,2016,한전주,042-288-3950,대전광역시 서구청,2025-06-26
매노동071,1,,대전광역시 서구 매노동 660-13,36.251027,127.335012,2016,한전주,042-288-3950,대전광역시 서구청,2025-06-26
매노동072,1,,대전광역시 서구 매노동 280,36.25120825,127.3351124,2016,한전주,042-288-3950,대전광역시 서구청,2025-06-26
매노동073,1,대전광역시 서구 승상골길 94-10,대전광역시 서구 매노동 282,36.2517674,127.3348437,2016,한전주,042-288-3950,대전광역시 서구청,2025-06-26
매노동074,1,대전광역시 서구 승상골길 94-11,대전광역시 서구 매노동 306-3,36.251661,127.3342981,2016,한전주,042-288-3950,대전광역시 서구청,2025-06-26
매노동075,1,,대전광역시 서구 매노동 280,36.25120825,127.3351124,2016,한전주,042-288-3950,대전광역시 서구청,2025-06-26
매노동076,1,,대전광역시 서구 매노동 600-15,36.25146389,127.3356447,2016,한전주,042-288-3950,대전광역시 서구청,2025-06-26
매노동077,1,,대전광역시 서구 매노동 600-4,36.25185905,127.3359795,2016,한전주,042-288-3950,대전광역시 서구청,2025-06-26
매노동078,1,,대전광역시 서구 매노동 600-7,36.252244,127.3362769,2016,한전주,042-288-3950,대전광역시 서구청,2025-06-26
매노동079,1,,대전광역시 서구 매노동 287,36.252543,127.3354106,2016,한전주,042-288-3950,대전광역시 서구청,2025-06-26
매노동080,1,,대전광역시 서구 매노동 600-9,36.2525602,127.3365075,2016,한전주,042-288-3950,대전광역시 서구청,2025-06-26
매노동081,1,대전광역시 서구 승상골길 38-3,대전광역시 서구 매노동 294-3,36.25349985,127.3368044,2016,한전주,042-288-3950,대전광역시 서구청,2025-06-26
매노동082,1,,대전광역시 서구 매노동 600-11,36.25371314,127.3374706,2016,한전주,042-288-3950,대전광역시 서구청,2025-06-26
매노동083,1,,대전광역시 서구 매노동 600-11,36.25371314,127.3374706,2016,한전주,042-288-3950,대전광역시 서구청,2025-06-26
매노동084,1,,대전광역시 서구 매노동 603,36.25398889,127.3374796,2016,한전주,042-288-3950,대전광역시 서구청,2025-06-26
매노동085,1,대전광역시 서구 매노동 승상골길 38-18,대전광역시 서구 매노동 297-3,36.253820,127.336952,2016,한전주,042-288-3950,대전광역시 서구청,2025-06-26
매노동086,1,대전광역시 서구 기성초교길 65-19,대전광역시 서구 매노동 203-2,36.24976612,127.339484,2016,한전주,042-288-3950,대전광역시 서구청,2025-06-26
매노동087,1,대전광역시 서구 기성초교길 65-14,대전광역시 서구 매노동 201-3,36.249715,127.3396999,2016,한전주,042-288-3950,대전광역시 서구청,2025-06-26
매노동088,1,,대전광역시 서구 매노동 17-4,36.24900798,127.3400184,2016,한전주,042-288-3950,대전광역시 서구청,2025-06-26
매노동089,1,,대전광역시 서구 매노동 35-1,36.24765074,127.3419174,2016,한전주,042-288-3950,대전광역시 서구청,2025-06-26
매노동090,1,,대전광역시 서구 매노동 36-1,36.24742689,127.3422953,2016,한전주,042-288-3950,대전광역시 서구청,2025-06-26
매노동091,1,,대전광역시 서구 매노동 37-2,36.247035,127.3424734,2016,한전주,042-288-3950,대전광역시 서구청,2025-06-26
매노동092,1,대전광역시 서구 매노동 원매노길 13-12,대전광역시 서구 매노동 49-4,36.24653109,127.3427458,2016,한전주,042-288-3950,대전광역시 서구청,2025-06-26
매노동093,1,대전광역시 서구 원매노길 27,대전광역시 서구 매노동 55,36.24635994,127.342270,2016,한전주,042-288-3950,대전광역시 서구청,2025-06-26
매노동094,1,대전광역시 서구 원매노길 29-10,대전광역시 서구 매노동 69-1,36.246146,127.3420885,2016,한전주,042-288-3950,대전광역시 서구청,2025-06-26
매노동095,1,대전광역시 서구 원매노길 37,대전광역시 서구 매노동 68-2,36.246339,127.341712,2016,한전주,042-288-3950,대전광역시 서구청,2025-06-26
매노동096,1,대전광역시 서구 원매노길 46,대전광역시 서구 매노동 67,36.24595878,127.341522,2016,한전주,042-288-3950,대전광역시 서구청,2025-06-26
매노동097,1,대전광역시 서구 원매노길 50,대전광역시 서구 매노동 70-3,36.24583308,127.341671,2016,한전주,042-288-3950,대전광역시 서구청,2025-06-26
매노동098,1,,대전광역시 서구 매노동 77,36.245834,127.3423157,2016,한전주,042-288-3950,대전광역시 서구청,2025-06-26
매노동099,1,,대전광역시 서구 매노동 76-5,36.24557291,127.3428119,2016,한전주,042-288-3950,대전광역시 서구청,2025-06-26
매노동100,1,,대전광역시 서구 매노동 74-1,36.24490788,127.3418251,2016,한전주,042-288-3950,대전광역시 서구청,2025-06-26
매노동101,1,,대전광역시 서구 매노동 72,36.24564514,127.3418116,2016,한전주,042-288-3950,대전광역시 서구청,2025-06-26
매노동102,1,대전광역시 서구 원매노길 52-7,대전광역시 서구 매노동 70-1,36.24554118,127.3414996,2016,한전주,042-288-3950,대전광역시 서구청,2025-06-26
매노동103,1,대전광역시 서구 원매노길 40-10,대전광역시 서구 매노동 62-2,36.24669844,127.3410433,2016,한전주,042-288-3950,대전광역시 서구청,2025-06-26
매노동104,1,,대전광역시 서구 매노동 63,36.24678999,127.3402659,2016,한전주,042-288-3950,대전광역시 서구청,2025-06-26
매노동105,1,,대전광역시 서구 매노동 63,36.24678999,127.3402659,2016,한전주,042-288-3950,대전광역시 서구청,2025-06-26
매노동106,1,,대전광역시 서구 매노동 609,36.24565318,127.339490,2016,한전주,042-288-3950,대전광역시 서구청,2025-06-26
매노동107,1,,대전광역시 서구 매노동 128-2,36.24566715,127.3388824,2016,한전주,042-288-3950,대전광역시 서구청,2025-06-26
매노동108,1,,대전광역시 서구 매노동 128-2,36.24566715,127.3388824,2016,한전주,042-288-3950,대전광역시 서구청,2025-06-26
매노동109,1,대전광역시 서구 기성초교길 143-1,대전광역시 서구 매노동 33-1,36.24710107,127.3416199,2016,한전주,042-288-3950,대전광역시 서구청,2025-06-26
매노동110,1,대전광역시 서구 기성초교길 133,대전광역시 서구 매노동 34,36.247332,127.3414179,2016,한전주,042-288-3950,대전광역시 서구청,2025-06-26
매노동111,1,,대전광역시 서구 매노동 592-4,36.24944812,127.3406632,2016,한전주,042-288-3950,대전광역시 서구청,2025-06-26
매노동112,1,대전광역시 서구 장안로 83-7,대전광역시 서구 매노동 9-2,36.24776747,127.3435831,2016,한전주,042-288-3950,대전광역시 서구청,2025-06-26
매노동113,1,대전광역시 서구 매노동 장안로 83-11,대전광역시 서구 매노동 5-1,36.24806788,127.3435682,2016,한전주,042-288-3950,대전광역시 서구청,2025-06-26
매노동114,1,,대전광역시 서구 매노동 12,36.24783023,127.3438342,2016,한전주,042-288-3950,대전광역시 서구청,2025-06-26
매노동115,1,,대전광역시 서구 매노동 592-29,36.24691373,127.3437465,2016,한전주,042-288-3950,대전광역시 서구청,2025-06-26
매노동116,1,,대전광역시 서구 매노동 43,36.24578873,127.3438613,2016,한전주,042-288-3950,대전광역시 서구청,2025-06-26
매노동117,1,,대전광역시 서구 매노동 592-20,36.24505833,127.3447413,2016,한전주,042-288-3950,대전광역시 서구청,2025-06-26
매노동118,1,,대전광역시 서구 매노동 73,36.245248,127.341905,2023,전용주,042-288-3950,대전광역시 서구청,2025-06-26
매노동119,1,,대전광역시 서구 매노동 99-2,36.24197266,127.345345,2023,한전주,042-288-3950,대전광역시 서구청,2025-06-26
매노동120,1,,대전광역시 서구 매노동 592-21,36.24418802,127.344596,2023,한전주,042-288-3950,대전광역시 서구청,2025-06-26
매노동121,1,대전광역시 서구 기성초교길 122,대전광역시 서구 매노동 29,36.24744564,127.340760,2023,한전주,042-288-3950,대전광역시 서구청,2025-06-26
매노동122,1,대전광역시 서구 분토골길 75-35,대전광역시 서구 매노동 359,36.241254,127.330598,2023,전용주,042-288-3950,대전광역시 서구청,2025-06-26
매노동123,1,,대전광역시 서구 매노동 666,36.24173349,127.3282157,2024,한전주,042-288-3950,대전광역시 서구청,2025-06-26
매노동124,1,,대전광역시 서구 매노동 산 15,36.24037986,127.3303305,2024,한전주,042-288-3950,대전광역시 서구청,2025-06-26
매노동125,1,,대전광역시 서구 매노동 293-2,36.25333414,127.336669,2024,한전주,042-288-3950,대전광역시 서구청,2025-06-26
변동001,1,대전광역시 서구 동서대로 1140-3,대전광역시 서구 변동 2-35,36.327245,127.3869473,2016,전용주,042-288-3950,대전광역시 서구청,2025-06-26
변동002,1,대전광역시 서구 중반9길 3,대전광역시 서구 변동 1-15,36.3270581,127.387378,2016,한전주,042-288-3950,대전광역시 서구청,2025-06-26
변동003,1,대전광역시 서구 중반9길 12,대전광역시 서구 변동 2-16,36.32692724,127.386987,2016,한전주,042-288-3950,대전광역시 서구청,2025-06-26
변동004,1,대전광역시 서구 중반9길 20,대전광역시 서구 변동 3-7,36.326480,127.386684,2016,한전주,042-288-3950,대전광역시 서구청,2025-06-26
변동005,1,대전광역시 서구 중반9길 26,대전광역시 서구 변동 3-42,36.326249,127.3863921,2016,한전주,042-288-3950,대전광역시 서구청,2025-06-26
변동006,1,대전광역시 서구 중반9길 23,대전광역시 서구 변동 1-3,36.32634137,127.3870788,2016,한전주,042-288-3950,대전광역시 서구청,2025-06-26
변동007,1,대전광역시 서구 중반5길 109,대전광역시 서구 변동 3-28,36.326593,127.3860083,2016,한전주,042-288-3950,대전광역시 서구청,2025-06-26
변동008,1,대전광역시 서구 중반5길 105,대전광역시 서구 변동 3-35,36.326669,127.3857107,2016,한전주,042-288-3950,대전광역시 서구청,2025-06-26
변동009,1,대전광역시 서구 중반8길 86,대전광역시 서구 변동 3-40,36.326996,127.385314,2016,한전주,042-288-3950,대전광역시 서구청,2025-06-26
변동010,1,대전광역시 서구 중반8길 85,대전광역시 서구 변동 5-31,36.32755628,127.3856207,2016,한전주,042-288-3950,대전광역시 서구청,2025-06-26
변동011,1,대전광역시 서구 동서대로 1132,대전광역시 서구 변동 2-1,36.327733,127.3860578,2016,한전주,042-288-3950,대전광역시 서구청,2025-06-26
변동012,1,대전광역시 서구 동서대로 1134-2,대전광역시 서구 변동 2-34,36.32752296,127.386155,2016,한전주,042-288-3950,대전광역시 서구청,2025-06-26
변동013,1,대전광역시 서구 중반7길 57,대전광역시 서구 변동 2-24,36.327179,127.3860764,2016,한전주,042-288-3950,대전광역시 서구청,2025-06-26
변동014,1,대전광역시 서구 중반7길 50,대전광역시 서구 변동 3-3,36.32690919,127.3860229,2016,한전주,042-288-3950,대전광역시 서구청,2025-06-26
변동015,1,대전광역시 서구 중반7길 71,대전광역시 서구 변동 2-48,36.3269666,127.386389,2016,한전주,042-288-3950,대전광역시 서구청,2025-06-26
변동016,1,대전광역시 서구 중반7길 91,대전광역시 서구 변동 2-11,36.32713567,127.386966,2016,전용주,042-288-3950,대전광역시 서구청,2025-06-26
변동017,1,대전광역시 서구 변동 중반7길 87,대전광역시 서구 변동 2-12,36.32701686,127.386854,2016,한전주,042-288-3950,대전광역시 서구청,2025-06-26
변동018,1,대전광역시 서구 중반7길 99,대전광역시 서구 변동 2-30,36.32671444,127.3868057,2016,한전주,042-288-3950,대전광역시 서구청,2025-06-26
변동019,1,대전광역시 서구 변동 유등로 383,대전광역시 서구 변동 39-27,36.325338,127.386430,2016,한전주,042-288-3950,대전광역시 서구청,2025-06-26
변동020,1,대전광역시 서구 중반9길 41,대전광역시 서구 변동 39-2,36.325584,127.3860637,2016,한전주,042-288-3950,대전광역시 서구청,2025-06-26
변동021,1,대전광역시 서구 중반9길 39,대전광역시 서구 변동 39-13,36.3256721,127.386147,2016,한전주,042-288-3950,대전광역시 서구청,2025-06-26
변동022,1,대전광역시 서구 중반8길 74,대전광역시 서구 변동 38-52,36.326493,127.384866,2016,한전주,042-288-3950,대전광역시 서구청,2025-06-26
변동023,1,대전광역시 서구 중반4길 79,대전광역시 서구 변동 38-51,36.326140,127.3846579,2016,한전주,042-288-3950,대전광역시 서구청,2025-06-26
변동024,1,대전광역시 서구 중반4길 83,대전광역시 서구 변동 38-5,36.326101,127.384892,2016,전용주,042-288-3950,대전광역시 서구청,2025-06-26
변동025,1,대전광역시 서구 중반5길 118,대전광역시 서구 변동 38-43,36.325855,127.3860339,2016,한전주,042-288-3950,대전광역시 서구청,2025-06-26
변동026,1,대전광역시 서구 중반4길 94,대전광역시 서구 변동 37-18,36.325664,127.3848743,2016,전용주,042-288-3950,대전광역시 서구청,2025-06-26
변동027,1,대전광역시 서구 중반4길 97,대전광역시 서구 변동 38-21,36.325757,127.3852937,2016,한전주,042-288-3950,대전광역시 서구청,2025-06-26
변동028,1,대전광역시 서구 중반3길 97,대전광역시 서구 변동 37-30,36.325408,127.385062,2016,한전주,042-288-3950,대전광역시 서구청,2025-06-26
변동029,1,대전광역시 서구 중반3길 91,대전광역시 서구 변동 37-39,36.32532794,127.3849201,2016,한전주,042-288-3950,대전광역시 서구청,2025-06-26
변동030,1,대전광역시 서구 중반3길 89,대전광역시 서구 변동 37-37,36.32540699,127.3847471,2016,한전주,042-288-3950,대전광역시 서구청,2025-06-26
변동031,1,대전광역시 서구 중반8길 42,대전광역시 서구 변동 37-5,36.32547743,127.3841396,2016,한전주,042-288-3950,대전광역시 서구청,2025-06-26
변동032,1,대전광역시 서구 중반8길 42,대전광역시 서구 변동 37-5,36.325466,127.3841396,2016,한전주,042-288-3950,대전광역시 서구청,2025-06-26
변동033,1,대전광역시 서구 중반8길 42,대전광역시 서구 변동 37-5,36.32547743,127.3841396,2016,전용주,042-288-3950,대전광역시 서구청,2025-06-26
변동034,1,대전광역시 서구 중반8길 56,대전광역시 서구 변동 37-6,36.325751,127.3843398,2016,한전주,042-288-3950,대전광역시 서구청,2025-06-26
변동035,1,대전광역시 서구 중반8길 35,대전광역시 서구 변동 9-46,36.325975,127.383956,2016,한전주,042-288-3950,대전광역시 서구청,2025-06-26
변동036,1,대전광역시 서구 중반2길 86,대전광역시 서구 변동 41-12,36.324492,127.3839589,2016,한전주,042-288-3950,대전광역시 서구청,2025-06-26
변동037,1,대전광역시 서구 중반2길 82,대전광역시 서구 변동 41-9,36.32455862,127.383752,2016,한전주,042-288-3950,대전광역시 서구청,2025-06-26
변동038,1,대전광역시 서구 중반8길 26,대전광역시 서구 변동 36-21,36.324963,127.384263,2016,한전주,042-288-3950,대전광역시 서구청,2025-06-26
변동039,1,대전광역시 서구 중반8길 20,대전광역시 서구 변동 36-24,36.32509529,127.383852,2016,한전주,042-288-3950,대전광역시 서구청,2025-06-26
변동040,1,대전광역시 서구 중반8길 14,대전광역시 서구 변동 36-27,36.324827,127.3837083,2016,한전주,042-288-3950,대전광역시 서구청,2025-06-26
변동041,1,대전광역시 서구 중반2길 80,대전광역시 서구 변동 41-8,36.324647,127.383632,2016,한전주,042-288-3950,대전광역시 서구청,2025-06-26
변동042,1,대전광역시 서구 중반8길 4,대전광역시 서구 변동 41-24,36.324323,127.3834215,2016,한전주,042-288-3950,대전광역시 서구청,2025-06-26
변동043,1,대전광역시 서구 중반2길 110,대전광역시 서구 변동 41-22,36.32399285,127.3847222,2016,한전주,042-288-3950,대전광역시 서구청,2025-06-26
변동044,1,대전광역시 서구 중반2길 104,대전광역시 서구 변동 41-1,36.324204,127.384889,2016,한전주,042-288-3950,대전광역시 서구청,2025-06-26
변동045,1,대전광역시 서구 중반2길 100,대전광역시 서구 변동 41-11,36.324338,127.384544,2016,한전주,042-288-3950,대전광역시 서구청,2025-06-26
변동046,1,대전광역시 서구 중반2길 120,대전광역시 서구 변동 40-9,36.324062,127.3852615,2016,한전주,042-288-3950,대전광역시 서구청,2025-06-26
변동047,1,대전광역시 서구 유등로 367,대전광역시 서구 변동 40-19,36.323999,127.385609,2016,한전주,042-288-3950,대전광역시 서구청,2025-06-26
변동048,1,대전광역시 서구 유등로 367,대전광역시 서구 변동 40-19,36.3239459,127.3856705,2016,한전주,042-288-3950,대전광역시 서구청,2025-06-26
변동049,1,대전광역시 서구 유등로 373,대전광역시 서구 변동 36-3,36.32497415,127.3856136,2016,한전주,042-288-3950,대전광역시 서구청,2025-06-26
변동050,1,대전광역시 서구 변동 유등로 379,대전광역시 서구 변동 39-29,36.32518677,127.386421,2016,한전주,042-288-3950,대전광역시 서구청,2025-06-26
변동051,1,대전광역시 서구 변동 중반4길 117,대전광역시 서구 변동 39-33,36.32538307,127.3860708,2016,한전주,042-288-3950,대전광역시 서구청,2025-06-26
변동052,1,대전광역시 서구 중반4길 113,대전광역시 서구 변동 38-56,36.32550774,127.3857536,2016,한전주,042-288-3950,대전광역시 서구청,2025-06-26
변동053,1,대전광역시 서구 중반4길 103,대전광역시 서구 변동 38-23,36.32568987,127.3854178,2016,한전주,042-288-3950,대전광역시 서구청,2025-06-26
변동054,1,대전광역시 서구 유등로 373,대전광역시 서구 변동 36-3,36.32497415,127.3856136,2016,한전주,042-288-3950,대전광역시 서구청,2025-06-26
변동055,1,대전광역시 서구 변동로 106,대전광역시 서구 변동 42-1,36.32337206,127.3844297,2016,전용주,042-288-3950,대전광역시 서구청,2025-06-26
변동056,1,대전광역시 서구 변정4길 10,대전광역시 서구 변동 42-2,36.323277,127.3842888,2016,한전주,042-288-3950,대전광역시 서구청,2025-06-26
변동057,1,대전광역시 서구 변정4길 14,대전광역시 서구 변동 44-23,36.322980,127.384193,2016,한전주,042-288-3950,대전광역시 서구청,2025-06-26
변동058,1,대전광역시 서구 변정4길 10,대전광역시 서구 변동 42-2,36.32320877,127.3842888,2016,한전주,042-288-3950,대전광역시 서구청,2025-06-26
변동059,1,대전광역시 서구 변정5길 117,대전광역시 서구 변동 42-10,36.32337052,127.383884,2016,한전주,042-288-3950,대전광역시 서구청,2025-06-26
변동060,1,대전광역시 서구 변정5길 97,대전광역시 서구 변동 42-21,36.32345021,127.383378,2016,한전주,042-288-3950,대전광역시 서구청,2025-06-26
변동061,1,대전광역시 서구 변정5길 97,대전광역시 서구 변동 42-21,36.323425,127.3833304,2016,한전주,042-288-3950,대전광역시 서구청,2025-06-26
변동062,1,대전광역시 서구 변정3길 9,대전광역시 서구 변동 42-18,36.32361139,127.3830617,2016,한전주,042-288-3950,대전광역시 서구청,2025-06-26
변동063,1,대전광역시 서구 변동로 94,대전광역시 서구 변동 42-5,36.32392224,127.3832787,2016,한전주,042-288-3950,대전광역시 서구청,2025-06-26
변동064,1,대전광역시 서구 변동로 96-2,대전광역시 서구 변동 42-38,36.323794,127.3833155,2016,전용주,042-288-3950,대전광역시 서구청,2025-06-26
변동065,1,대전광역시 서구 변동로 100,대전광역시 서구 변동 42-7,36.323887,127.3837449,2016,한전주,042-288-3950,대전광역시 서구청,2025-06-26
변동066,1,대전광역시 서구 변정5길 101,대전광역시 서구 변동 42-24,36.323602,127.383485,2016,한전주,042-288-3950,대전광역시 서구청,2025-06-26
변동067,1,대전광역시 서구 변동로 102-5,대전광역시 서구 변동 42-33,36.32372664,127.384050,2016,한전주,042-288-3950,대전광역시 서구청,2025-06-26
변동068,1,대전광역시 서구 유등로 351,대전광역시 서구 변동 43-3,36.32281571,127.3849513,2016,한전주,042-288-3950,대전광역시 서구청,2025-06-26
변동069,1,대전광역시 서구 유등로 349-1,대전광역시 서구 변동 43-25,36.32262427,127.385028,2016,한전주,042-288-3950,대전광역시 서구청,2025-06-26
변동070,1,대전광역시 서구 유등로 343,대전광역시 서구 변동 69-1,36.32200036,127.3844626,2016,한전주,042-288-3950,대전광역시 서구청,2025-06-26
변동071,1,대전광역시 서구 유등로 343,대전광역시 서구 변동 69-1,36.32200036,127.3844626,2016,한전주,042-288-3950,대전광역시 서구청,2025-06-26
변동072,1,대전광역시 서구 유등로 343,대전광역시 서구 변동 69-1,36.32200036,127.3844626,2016,한전주,042-288-3950,대전광역시 서구청,2025-06-26
변동073,1,대전광역시 서구 변정6길 126,대전광역시 서구 변동 67-47,36.32247718,127.3838745,2016,한전주,042-288-3950,대전광역시 서구청,2025-06-26
변동074,1,대전광역시 서구 변정6길 116,대전광역시 서구 변동 67-7,36.322608,127.3835538,2016,한전주,042-288-3950,대전광역시 서구청,2025-06-26
변동075,1,대전광역시 서구 변정6길 110,대전광역시 서구 변동 67-54,36.32254442,127.383138,2016,한전주,042-288-3950,대전광역시 서구청,2025-06-26
변동076,1,대전광역시 서구 변정6길 104,대전광역시 서구 변동 67-5,36.32271614,127.382824,2016,한전주,042-288-3950,대전광역시 서구청,2025-06-26
변동077,1,대전광역시 서구 변정3길 21,대전광역시 서구 변동 44-19,36.32305726,127.3828646,2016,한전주,042-288-3950,대전광역시 서구청,2025-06-26
변동078,1,대전광역시 서구 변정5길 94,대전광역시 서구 변동 44-15,36.32296959,127.3833654,2016,한전주,042-288-3950,대전광역시 서구청,2025-06-26
변동079,1,대전광역시 서구 변정5길 106,대전광역시 서구 변동 44-32,36.32314236,127.3835012,2016,한전주,042-288-3950,대전광역시 서구청,2025-06-26
변동080,1,대전광역시 서구 변정4길 34,대전광역시 서구 변동 67-45,36.322035,127.3838874,2016,한전주,042-288-3950,대전광역시 서구청,2025-06-26
변동081,1,,대전광역시 서구 변동 97-46,36.322051,127.383661,2016,전용주,042-288-3950,대전광역시 서구청,2025-06-26
변동082,1,대전광역시 서구 변정7길 103,대전광역시 서구 변동 67-39,36.32217847,127.383392,2016,한전주,042-288-3950,대전광역시 서구청,2025-06-26
변동083,1,대전광역시 서구 변정3길 45,대전광역시 서구 변동 67-38,36.32232169,127.383378,2016,전용주,042-288-3950,대전광역시 서구청,2025-06-26
변동084,1,대전광역시 서구 변정7길 95,대전광역시 서구 변동 67-43,36.32227739,127.3828609,2016,한전주,042-288-3950,대전광역시 서구청,2025-06-26
변동085,1,대전광역시 서구 변정7길 91,대전광역시 서구 변동 67-32,36.3223386,127.3825731,2016,한전주,042-288-3950,대전광역시 서구청,2025-06-26
변동086,1,대전광역시 서구 변정3길 29,대전광역시 서구 변동 67-12,36.322735,127.3827315,2016,한전주,042-288-3950,대전광역시 서구청,2025-06-26
변동087,1,대전광역시 서구 변정3길 31,대전광역시 서구 변동 67-13,36.32263247,127.382606,2016,한전주,042-288-3950,대전광역시 서구청,2025-06-26
변동088,1,대전광역시 서구 변정3길 35,대전광역시 서구 변동 67-4,36.322440,127.3826463,2016,한전주,042-288-3950,대전광역시 서구청,2025-06-26
변동089,1,대전광역시 서구 변정7길 91,대전광역시 서구 변동 67-32,36.322310,127.382507,2016,한전주,042-288-3950,대전광역시 서구청,2025-06-26
변동090,1,대전광역시 서구 변정3길 55,대전광역시 서구 변동 68-15,36.322004,127.382431,2016,한전주,042-288-3950,대전광역시 서구청,2025-06-26
변동091,1,대전광역시 서구 도마로 109,대전광역시 서구 변동 68-18,36.32166379,127.382312,2016,한전주,042-288-3950,대전광역시 서구청,2025-06-26
변동092,1,대전광역시 서구 도마로 115-1,대전광역시 서구 변동 68-24,36.321605,127.382944,2016,한전주,042-288-3950,대전광역시 서구청,2025-06-26
변동093,1,대전광역시 서구 도마로 117,대전광역시 서구 변동 68-51,36.321476,127.3830995,2016,전용주,042-288-3950,대전광역시 서구청,2025-06-26
변동094,1,대전광역시 서구 도마로 119-2,대전광역시 서구 변동 68-13,36.32172317,127.3833382,2016,한전주,042-288-3950,대전광역시 서구청,2025-06-26
변동095,1,대전광역시 서구 도마로 121-3,대전광역시 서구 변동 68-37,36.32170643,127.3836393,2016,전용주,042-288-3950,대전광역시 서구청,2025-06-26
변동096,1,대전광역시 서구 변정4길 42,대전광역시 서구 변동 68-47,36.321560,127.3837439,2016,한전주,042-288-3950,대전광역시 서구청,2025-06-26
변동097,1,대전광역시 서구 변정4길 38,대전광역시 서구 변동 68-45,36.321805,127.3837848,2016,한전주,042-288-3950,대전광역시 서구청,2025-06-26
변동098,1,대전광역시 서구 변정7길 87,대전광역시 서구 변동 66-14,36.322308,127.382215,2016,한전주,042-288-3950,대전광역시 서구청,2025-06-26
변동099,1,대전광역시 서구 변정7길 75,대전광역시 서구 변동 66-58,36.32241396,127.381976,2016,한전주,042-288-3950,대전광역시 서구청,2025-06-26
변동100,1,대전광역시 서구 변정7길 69,대전광역시 서구 변동 66-4,36.322605,127.3818517,2016,전용주,042-288-3950,대전광역시 서구청,2025-06-26
변동101,1,대전광역시 서구 변정7길 63,대전광역시 서구 변동 66-51,36.322423,127.3816206,2016,한전주,042-288-3950,대전광역시 서구청,2025-06-26
변동102,1,대전광역시 서구 변정7길 59,대전광역시 서구 변동 66-45,36.32262172,127.3815402,2016,전용주,042-288-3950,대전광역시 서구청,2025-06-26
변동103,1,,대전광역시 서구 변동 56-35,36.322643,127.381134,2016,전용주,042-288-3950,대전광역시 서구청,2025-06-26
변동104,1,대전광역시 서구 변정2길 49,대전광역시 서구 변동 66-33,36.32262217,127.380983,2016,한전주,042-288-3950,대전광역시 서구청,2025-06-26
변동105,1,대전광역시 서구 변정2길 71,대전광역시 서구 변동 65-59,36.322194,127.380764,2016,한전주,042-288-3950,대전광역시 서구청,2025-06-26
변동106,1,대전광역시 서구 도마로 95,대전광역시 서구 변동 65-63,36.321874,127.3808192,2016,한전주,042-288-3950,대전광역시 서구청,2025-06-26
변동107,1,대전광역시 서구 도마로 99-1,대전광역시 서구 변동 65-49,36.321922,127.381200,2016,한전주,042-288-3950,대전광역시 서구청,2025-06-26
변동108,1,대전광역시 서구 도마로 103,대전광역시 서구 변동 65-27,36.32189015,127.3816787,2016,한전주,042-288-3950,대전광역시 서구청,2025-06-26
변동109,1,대전광역시 서구 변정7길 54,대전광역시 서구 변동 65-20,36.32197348,127.381830,2016,한전주,042-288-3950,대전광역시 서구청,2025-06-26
변동110,1,,대전광역시 서구 변동 55-33,36.322085,127.381571,2016,전용주,042-288-3950,대전광역시 서구청,2025-06-26
변동111,1,대전광역시 서구 변정2길 61,대전광역시 서구 변동 65-55,36.322264,127.3811856,2016,한전주,042-288-3950,대전광역시 서구청,2025-06-26
변동112,1,,대전광역시 서구 변동 65-56,36.32226802,127.3813242,2016,전용주,042-288-3950,대전광역시 서구청,2025-06-26
변동113,1,대전광역시 서구 변정2길 49,대전광역시 서구 변동 66-33,36.32262217,127.3809475,2016,한전주,042-288-3950,대전광역시 서구청,2025-06-26
변동114,1,대전광역시 서구 변정2길 45,대전광역시 서구 변동 66-5,36.322849,127.3810324,2016,한전주,042-288-3950,대전광역시 서구청,2025-06-26
변동115,1,대전광역시 서구 변정2길 43,대전광역시 서구 변동 66-20,36.32298167,127.381041,2016,한전주,042-288-3950,대전광역시 서구청,2025-06-26
변동116,1,대전광역시 서구 변정2길 35,대전광역시 서구 변동 45-41,36.32331949,127.3812044,2016,한전주,042-288-3950,대전광역시 서구청,2025-06-26
변동117,1,대전광역시 서구 변정6길 55,대전광역시 서구 변동 45-42,36.323242,127.3813451,2016,한전주,042-288-3950,대전광역시 서구청,2025-06-26
변동118,1,대전광역시 서구 변정6길 69,대전광역시 서구 변동 45-35,36.323157,127.3817206,2016,한전주,042-288-3950,대전광역시 서구청,2025-06-26
변동119,1,대전광역시 서구 변정6길 67,대전광역시 서구 변동 45-31,36.323265,127.3817799,2016,한전주,042-288-3950,대전광역시 서구청,2025-06-26
변동120,1,대전광역시 서구 변정6길 80,대전광역시 서구 변동 66-65,36.3230048,127.3817126,2016,전용주,042-288-3950,대전광역시 서구청,2025-06-26
변동121,1,대전광역시 서구 변정6길 81,대전광역시 서구 변동 45-12,36.32312254,127.382007,2016,한전주,042-288-3950,대전광역시 서구청,2025-06-26
변동122,1,대전광역시 서구 변정6길 86,대전광역시 서구 변동 66-25,36.32275611,127.381928,2016,전용주,042-288-3950,대전광역시 서구청,2025-06-26
변동123,1,대전광역시 서구 도마로 95-1,대전광역시 서구 변동 65-61,36.32202236,127.3809405,2016,한전주,042-288-3950,대전광역시 서구청,2025-06-26
변동124,1,대전광역시 서구 변정6길 87,대전광역시 서구 변동 45-4,36.32328873,127.382364,2016,전용주,042-288-3950,대전광역시 서구청,2025-06-26
변동125,1,대전광역시 서구 변정5길 83,대전광역시 서구 변동 46-21,36.323632,127.3826594,2016,한전주,042-288-3950,대전광역시 서구청,2025-06-26
변동126,1,대전광역시 서구 변정5길 73,대전광역시 서구 변동 46-13,36.323940,127.3825668,2016,한전주,042-288-3950,대전광역시 서구청,2025-06-26
변동127,1,대전광역시 서구 변동중로78번길 6,대전광역시 서구 변동 16-2,36.32959285,127.3778335,2016,한전주,042-288-3950,대전광역시 서구청,2025-06-26
변동128,1,대전광역시 서구 변정5길 70,대전광역시 서구 변동 45-10,36.323671,127.3821671,2016,한전주,042-288-3950,대전광역시 서구청,2025-06-26
변동129,1,대전광역시 서구 변정5길 63,대전광역시 서구 변동 46-28,36.32387836,127.382312,2016,전용주,042-288-3950,대전광역시 서구청,2025-06-26
변동130,1,대전광역시 서구 변정5길 70,대전광역시 서구 변동 45-10,36.323692,127.382121,2016,전용주,042-288-3950,대전광역시 서구청,2025-06-26
변동131,1,대전광역시 서구 변정5길 49,대전광역시 서구 변동 46-5,36.32405845,127.381945,2016,전용주,042-288-3950,대전광역시 서구청,2025-06-26
변동132,1,대전광역시 서구 변정5길 45,대전광역시 서구 변동 46-38,36.32397547,127.381772,2016,한전주,042-288-3950,대전광역시 서구청,2025-06-26
변동133,1,대전광역시 서구 변정5길 56,대전광역시 서구 변동 45-49,36.323511,127.3815732,2016,전용주,042-288-3950,대전광역시 서구청,2025-06-26
변동134,1,대전광역시 서구 변정5길 43,대전광역시 서구 변동 46-37,36.324079,127.3817863,2016,전용주,042-288-3950,대전광역시 서구청,2025-06-26
변동135,1,대전광역시 서구 변정2길 13,대전광역시 서구 변동 46-41,36.324019,127.381411,2016,한전주,042-288-3950,대전광역시 서구청,2025-06-26
변동136,1,대전광역시 서구 변정2길 29,대전광역시 서구 변동 45-37,36.323447,127.3814145,2016,전용주,042-288-3950,대전광역시 서구청,2025-06-26
변동137,1,대전광역시 서구 변정2길 25,대전광역시 서구 변동 45-53,36.323674,127.3813166,2016,한전주,042-288-3950,대전광역시 서구청,2025-06-26
변동138,1,대전광역시 서구 변정2길 24,대전광역시 서구 변동 48-52,36.32373724,127.380933,2016,한전주,042-288-3950,대전광역시 서구청,2025-06-26
변동139,1,대전광역시 서구 변정2길 18,대전광역시 서구 변동 48-24,36.32384698,127.381185,2016,전용주,042-288-3950,대전광역시 서구청,2025-06-26
변동140,1,대전광역시 서구 변정2길 17,대전광역시 서구 변동 45-8,36.32388164,127.3814055,2016,한전주,042-288-3950,대전광역시 서구청,2025-06-26
변동141,1,대전광역시 서구 변정2길 11,대전광역시 서구 변동 46-6,36.32418119,127.381517,2016,한전주,042-288-3950,대전광역시 서구청,2025-06-26
변동142,1,대전광역시 서구 중반6길 6,대전광역시 서구 변동 34-9,36.32492814,127.381821,2016,전용주,042-288-3950,대전광역시 서구청,2025-06-26
변동143,1,대전광역시 서구 중반6길 6,대전광역시 서구 변동 34-9,36.324995,127.381891,2016,한전주,042-288-3950,대전광역시 서구청,2025-06-26
변동144,1,대전광역시 서구 중반2길 42,대전광역시 서구 변동 34-10,36.325175,127.382006,2016,한전주,042-288-3950,대전광역시 서구청,2025-06-26
변동145,1,대전광역시 서구 중반2길 52,대전광역시 서구 변동 34-7,36.325086,127.382262,2016,한전주,042-288-3950,대전광역시 서구청,2025-06-26
변동146,1,,대전광역시 서구 변동 56,36.324968,127.382620,2016,한전주,042-288-3950,대전광역시 서구청,2025-06-26
변동147,1,대전광역시 서구 중반2길 70,대전광역시 서구 변동 34-30,36.3247934,127.3830569,2016,한전주,042-288-3950,대전광역시 서구청,2025-06-26
변동148,1,대전광역시 서구 중반2길 68,대전광역시 서구 변동 34-31,36.324634,127.3829998,2016,전용주,042-288-3950,대전광역시 서구청,2025-06-26
변동149,1,대전광역시 서구 중반2길 72,대전광역시 서구 변동 34-1,36.324759,127.3831769,2016,전용주,042-288-3950,대전광역시 서구청,2025-06-26
변동150,1,대전광역시 서구 중반6길 14,대전광역시 서구 변동 35-22,36.325344,127.382102,2016,한전주,042-288-3950,대전광역시 서구청,2025-06-26
변동151,1,대전광역시 서구 중반6길 15,대전광역시 서구 변동 32-42,36.32564083,127.381966,2016,전용주,042-288-3950,대전광역시 서구청,2025-06-26
변동152,1,대전광역시 서구 중반6길 18,대전광역시 서구 변동 35-7,36.325530,127.3823065,2016,한전주,042-288-3950,대전광역시 서구청,2025-06-26
변동153,1,대전광역시 서구 중반6길 21,대전광역시 서구 변동 32-53,36.32581139,127.3822051,2016,한전주,042-288-3950,대전광역시 서구청,2025-06-26
변동154,1,대전광역시 서구 중반6길 34,대전광역시 서구 변동 35-19,36.325874,127.3825993,2016,한전주,042-288-3950,대전광역시 서구청,2025-06-26
변동155,1,대전광역시 서구 중반6길 32,대전광역시 서구 변동 35-66,36.32576996,127.3824522,2016,한전주,042-288-3950,대전광역시 서구청,2025-06-26
변동156,1,대전광역시 서구 중반6길 22,대전광역시 서구 변동 35-68,36.325540,127.382626,2016,한전주,042-288-3950,대전광역시 서구청,2025-06-26
변동157,1,대전광역시 서구 도마로 95,대전광역시 서구 변동 65-63,36.32189974,127.3808192,2016,전용주,042-288-3950,대전광역시 서구청,2025-06-26
변동158,1,대전광역시 서구 중반3길 53,대전광역시 서구 변동 9-65,36.3261021,127.3828003,2016,한전주,042-288-3950,대전광역시 서구청,2025-06-26
변동159,1,대전광역시 서구 중반3길 59,대전광역시 서구 변동 9-5,36.32615838,127.3831506,2016,한전주,042-288-3950,대전광역시 서구청,2025-06-26
변동160,1,대전광역시 서구 중반3길 96,대전광역시 서구 변동 35-14,36.32556029,127.383450,2016,한전주,042-288-3950,대전광역시 서구청,2025-06-26
변동161,1,대전광역시 서구 중반3길 84,대전광역시 서구 변동 35-72,36.32541057,127.3830981,2016,한전주,042-288-3950,대전광역시 서구청,2025-06-26
변동162,1,대전광역시 서구 중반3길 112,대전광역시 서구 변동 35-57,36.325494,127.3837055,2016,한전주,042-288-3950,대전광역시 서구청,2025-06-26
변동163,1,,대전광역시 서구 변동 39-60,36.325220,127.383493,2016,한전주,042-288-3950,대전광역시 서구청,2025-06-26
변동164,1,대전광역시 서구 중반3길 51,대전광역시 서구 변동 9-49,36.326157,127.382657,2016,한전주,042-288-3950,대전광역시 서구청,2025-06-26
변동165,1,대전광역시 서구 중반6길 46,대전광역시 서구 변동 9-41,36.32626446,127.3828381,2016,한전주,042-288-3950,대전광역시 서구청,2025-06-26
변동166,1,대전광역시 서구 중반6길 58,대전광역시 서구 변동 9-29,36.326623,127.3830759,2016,한전주,042-288-3950,대전광역시 서구청,2025-06-26
변동167,1,대전광역시 서구 중반4길 62,대전광역시 서구 변동 9-35,36.32658206,127.383536,2016,한전주,042-288-3950,대전광역시 서구청,2025-06-26
변동168,1,대전광역시 서구 중반4길 58,대전광역시 서구 변동 9-52,36.32641471,127.383441,2016,한전주,042-288-3950,대전광역시 서구청,2025-06-26
변동169,1,대전광역시 서구 중반4길 57,대전광역시 서구 변동 8-17,36.32667601,127.3837417,2016,한전주,042-288-3950,대전광역시 서구청,2025-06-26
변동170,1,대전광역시 서구 중반4길 63,대전광역시 서구 변동 8-30,36.32653616,127.3840194,2016,한전주,042-288-3950,대전광역시 서구청,2025-06-26
변동171,1,대전광역시 서구 중반4길 72,대전광역시 서구 변동 9-1,36.326283,127.384059,2016,한전주,042-288-3950,대전광역시 서구청,2025-06-26
변동172,1,대전광역시 서구 중반4길 43,대전광역시 서구 변동 8-7,36.326917,127.3833416,2016,한전주,042-288-3950,대전광역시 서구청,2025-06-26
변동173,1,대전광역시 서구 중반6길 72,대전광역시 서구 변동 8-26,36.32716954,127.3835056,2016,전용주,042-288-3950,대전광역시 서구청,2025-06-26
변동174,1,대전광역시 서구 중반5길 58,대전광역시 서구 변동 8-19,36.326865,127.3838739,2016,전용주,042-288-3950,대전광역시 서구청,2025-06-26
변동175,1,대전광역시 서구 중반5길 49,대전광역시 서구 변동 4-36,36.32720069,127.3842434,2016,한전주,042-288-3950,대전광역시 서구청,2025-06-26
변동176,1,대전광역시 서구 중반5길 57,대전광역시 서구 변동 4-5,36.327312,127.3846639,2016,전용주,042-288-3950,대전광역시 서구청,2025-06-26
변동177,1,대전광역시 서구 중반5길 65,대전광역시 서구 변동 4-4,36.32732291,127.3847981,2016,전용주,042-288-3950,대전광역시 서구청,2025-06-26
변동178,1,대전광역시 서구 중반7길 5,대전광역시 서구 변동 6-12,36.327491,127.384296,2016,한전주,042-288-3950,대전광역시 서구청,2025-06-26
변동179,1,대전광역시 서구 중반7길 25,대전광역시 서구 변동 5-29,36.32771492,127.384629,2016,한전주,042-288-3950,대전광역시 서구청,2025-06-26
변동180,1,대전광역시 서구 중반7길 27,대전광역시 서구 변동 5-30,36.32775768,127.384840,2016,한전주,042-288-3950,대전광역시 서구청,2025-06-26
변동181,1,대전광역시 서구 중반7길 31,대전광역시 서구 변동 5-18,36.32770338,127.3850779,2016,한전주,042-288-3950,대전광역시 서구청,2025-06-26
변동182,1,대전광역시 서구 중반8길 79,대전광역시 서구 변동 4-29,36.32729977,127.3854049,2016,한전주,042-288-3950,대전광역시 서구청,2025-06-26
변동183,1,대전광역시 서구 변동 중반7길 17,대전광역시 서구 변동 5-11,36.327992,127.384608,2016,한전주,042-288-3950,대전광역시 서구청,2025-06-26
변동184,1,대전광역시 서구 중반6길 77,대전광역시 서구 변동 7-35,36.32786349,127.3836602,2016,한전주,042-288-3950,대전광역시 서구청,2025-06-26
변동185,1,대전광역시 서구 중반6길 88,대전광역시 서구 변동 6-13,36.32783466,127.3839377,2016,한전주,042-288-3950,대전광역시 서구청,2025-06-26
변동186,1,대전광역시 서구 중반6길 81,대전광역시 서구 변동 7-2,36.327966,127.3834579,2016,한전주,042-288-3950,대전광역시 서구청,2025-06-26
변동187,1,대전광역시 서구 중반5길 27,대전광역시 서구 변동 7-23,36.327925,127.3833413,2016,전용주,042-288-3950,대전광역시 서구청,2025-06-26
변동188,1,대전광역시 서구 중반5길 20,대전광역시 서구 변동 11-42,36.32767236,127.382309,2016,한전주,042-288-3950,대전광역시 서구청,2025-06-26
변동189,1,대전광역시 서구 중반1길 90,대전광역시 서구 변동 11-48,36.327995,127.382140,2016,한전주,042-288-3950,대전광역시 서구청,2025-06-26
변동190,1,대전광역시 서구 중반1길 90,대전광역시 서구 변동 11-48,36.327969,127.3821556,2016,전용주,042-288-3950,대전광역시 서구청,2025-06-26
변동191,1,대전광역시 서구 중반1길 84,대전광역시 서구 변동 11-27,36.32773336,127.3819433,2016,한전주,042-288-3950,대전광역시 서구청,2025-06-26
변동192,1,대전광역시 서구 중반4길 6,대전광역시 서구 변동 10-9,36.32738199,127.382084,2016,한전주,042-288-3950,대전광역시 서구청,2025-06-26
변동193,1,대전광역시 서구 중반4길 10,대전광역시 서구 변동 10-10,36.327316,127.3822056,2016,한전주,042-288-3950,대전광역시 서구청,2025-06-26
변동194,1,대전광역시 서구 중반4길 20,대전광역시 서구 변동 10-18,36.327078,127.3822417,2016,한전주,042-288-3950,대전광역시 서구청,2025-06-26
변동195,1,대전광역시 서구 중반4길 15,대전광역시 서구 변동 11-21,36.32741182,127.382462,2016,한전주,042-288-3950,대전광역시 서구청,2025-06-26
변동196,1,대전광역시 서구 중반4길 36,대전광역시 서구 변동 10-12,36.3270742,127.382656,2016,한전주,042-288-3950,대전광역시 서구청,2025-06-26
변동197,1,,대전광역시 서구 변동 10-68,36.326996,127.3826021,2016,전용주,042-288-3950,대전광역시 서구청,2025-06-26
변동198,1,대전광역시 서구 중반4길 37,대전광역시 서구 변동 11-34,36.327164,127.382818,2016,한전주,042-288-3950,대전광역시 서구청,2025-06-26
변동199,1,대전광역시 서구 중반4길 33,대전광역시 서구 변동 11-36,36.327440,127.383056,2016,한전주,042-288-3950,대전광역시 서구청,2025-06-26
변동200,1,대전광역시 서구 중반1길 89,대전광역시 서구 변동 12-27,36.32766835,127.381666,2016,전용주,042-288-3950,대전광역시 서구청,2025-06-26
변동201,1,대전광역시 서구 중반1길 76,대전광역시 서구 변동 10-7,36.32734867,127.381681,2016,한전주,042-288-3950,대전광역시 서구청,2025-06-26
변동202,1,대전광역시 서구 중반1길 76,대전광역시 서구 변동 10-7,36.32734867,127.381681,2016,한전주,042-288-3950,대전광역시 서구청,2025-06-26
변동203,1,대전광역시 서구 중반1길 72,대전광역시 서구 변동 10-33,36.32722533,127.3819529,2016,전용주,042-288-3950,대전광역시 서구청,2025-06-26
변동204,1,대전광역시 서구 중반1길 52,대전광역시 서구 변동 10-59,36.327075,127.381401,2016,전용주,042-288-3950,대전광역시 서구청,2025-06-26
변동205,1,대전광역시 서구 중반1길 60,대전광역시 서구 변동 10-63,36.32707281,127.381657,2016,전용주,042-288-3950,대전광역시 서구청,2025-06-26
변동206,1,대전광역시 서구 중반1길 63,대전광역시 서구 변동 12-38,36.327195,127.381163,2016,전용주,042-288-3950,대전광역시 서구청,2025-06-26
변동207,1,대전광역시 서구 중반1길 50,대전광역시 서구 변동 10-23,36.326900,127.3813808,2016,한전주,042-288-3950,대전광역시 서구청,2025-06-26
변동208,1,대전광역시 서구 중반3길 10,대전광역시 서구 변동 31-38,36.32680681,127.380652,2016,한전주,042-288-3950,대전광역시 서구청,2025-06-26
변동209,1,대전광역시 서구 중반3길 12,대전광역시 서구 변동 31-30,36.326876,127.380771,2016,전용주,042-288-3950,대전광역시 서구청,2025-06-26
변동210,1,대전광역시 서구 중반3길 11,대전광역시 서구 변동 10-22,36.32680501,127.381208,2016,한전주,042-288-3950,대전광역시 서구청,2025-06-26
변동211,1,,대전광역시 서구 변동 32-44,36.32553589,127.3819877,2016,한전주,042-288-3950,대전광역시 서구청,2025-06-26
변동212,1,대전광역시 서구 중반3길 28,대전광역시 서구 변동 32-23,36.326311,127.3814717,2016,전용주,042-288-3950,대전광역시 서구청,2025-06-26
변동213,1,대전광역시 서구 중반3길 52,대전광역시 서구 변동 32-72,36.32621596,127.3820545,2016,한전주,042-288-3950,대전광역시 서구청,2025-06-26
변동214,1,대전광역시 서구 중반3길 42,대전광역시 서구 변동 32-68,36.326197,127.381773,2016,한전주,042-288-3950,대전광역시 서구청,2025-06-26
변동215,1,대전광역시 서구 중반3길 29,대전광역시 서구 변동 10-48,36.32640461,127.3820733,2016,한전주,042-288-3950,대전광역시 서구청,2025-06-26
변동216,1,대전광역시 서구 중반3길 41,대전광역시 서구 변동 10-54,36.32659489,127.3824524,2016,한전주,042-288-3950,대전광역시 서구청,2025-06-26
변동217,1,대전광역시 서구 중반3길 56,대전광역시 서구 변동 32-36,36.326161,127.3822512,2016,한전주,042-288-3950,대전광역시 서구청,2025-06-26
변동218,1,대전광역시 서구 중반1길 47,대전광역시 서구 변동 31-1,36.32666857,127.3805446,2016,한전주,042-288-3950,대전광역시 서구청,2025-06-26
변동219,1,대전광역시 서구 중반1길 32,대전광역시 서구 변동 32-85,36.32608725,127.3811291,2016,한전주,042-288-3950,대전광역시 서구청,2025-06-26
변동220,1,대전광역시 서구 중반1길 35,대전광역시 서구 변동 31-68,36.32632546,127.380471,2016,한전주,042-288-3950,대전광역시 서구청,2025-06-26
변동221,1,대전광역시 서구 중반1길 26,대전광역시 서구 변동 32-14,36.325974,127.3810613,2016,전용주,042-288-3950,대전광역시 서구청,2025-06-26
변동222,1,대전광역시 서구 중반1길 16,대전광역시 서구 변동 32-21,36.32584149,127.380766,2016,전용주,042-288-3950,대전광역시 서구청,2025-06-26
변동223,1,대전광역시 서구 중반1길 10,대전광역시 서구 변동 32-5,36.32577766,127.380575,2016,한전주,042-288-3950,대전광역시 서구청,2025-06-26
변동224,1,대전광역시 서구 중반1길 10,대전광역시 서구 변동 32-5,36.32577766,127.380538,2016,한전주,042-288-3950,대전광역시 서구청,2025-06-26
변동225,1,대전광역시 서구 중반2길 12,대전광역시 서구 변동 33-43,36.32540327,127.3808702,2016,한전주,042-288-3950,대전광역시 서구청,2025-06-26
변동226,1,대전광역시 서구 중반2길 27,대전광역시 서구 변동 32-65,36.32571192,127.381316,2016,한전주,042-288-3950,대전광역시 서구청,2025-06-26
변동227,1,,대전광역시 서구 변동 37-63,36.325955,127.381422,2016,한전주,042-288-3950,대전광역시 서구청,2025-06-26
변동228,1,대전광역시 서구 중반2길 18,대전광역시 서구 변동 33-20,36.325246,127.3811175,2016,전용주,042-288-3950,대전광역시 서구청,2025-06-26
변동229,1,대전광역시 서구 중반2길 28,대전광역시 서구 변동 33-2,36.325339,127.381447,2016,한전주,042-288-3950,대전광역시 서구청,2025-06-26
변동230,1,대전광역시 서구 중반2길 41,대전광역시 서구 변동 32-88,36.32578573,127.381635,2016,한전주,042-288-3950,대전광역시 서구청,2025-06-26
변동231,1,대전광역시 서구 중반2길 32,대전광역시 서구 변동 33-39,36.32508349,127.381370,2016,전용주,042-288-3950,대전광역시 서구청,2025-06-26
변동232,1,대전광역시 서구 중반2길 53,대전광역시 서구 변동 32-81,36.32542795,127.381801,2016,전용주,042-288-3950,대전광역시 서구청,2025-06-26
변동233,1,대전광역시 서구 중반1길 4,대전광역시 서구 변동 33-6,36.325483,127.3804003,2016,한전주,042-288-3950,대전광역시 서구청,2025-06-26
변동234,1,대전광역시 서구 중반1길 5,대전광역시 서구 변동 31-15,36.32564135,127.379967,2016,전용주,042-288-3950,대전광역시 서구청,2025-06-26
변동235,1,대전광역시 서구 변동로 69-2,대전광역시 서구 변동 33-25,36.325226,127.3809922,2016,한전주,042-288-3950,대전광역시 서구청,2025-06-26
변동236,1,대전광역시 서구 변동로 103,대전광역시 서구 변동 41-17,36.323937,127.3843661,2016,전용주,042-288-3950,대전광역시 서구청,2025-06-26
변동237,1,대전광역시 서구 중반2길 90,대전광역시 서구 변동 41-10,36.324466,127.3841556,2016,한전주,042-288-3950,대전광역시 서구청,2025-06-26
변동238,1,대전광역시 서구 변동로 70-2,대전광역시 서구 변동 47-26,36.324610,127.3806458,2016,전용주,042-288-3950,대전광역시 서구청,2025-06-26
변동239,1,대전광역시 서구 변동로 66,대전광역시 서구 변동 47-1,36.32492945,127.3802414,2016,한전주,042-288-3950,대전광역시 서구청,2025-06-26
변동240,1,대전광역시 서구 변정2길 6,대전광역시 서구 변동 47-31,36.32439317,127.3812274,2016,한전주,042-288-3950,대전광역시 서구청,2025-06-26
변동241,1,대전광역시 서구 변정5길 2,대전광역시 서구 변동 48-9,36.32438104,127.3798855,2016,한전주,042-288-3950,대전광역시 서구청,2025-06-26
변동242,1,대전광역시 서구 변정1길 22,대전광역시 서구 변동 49-3,36.3247043,127.3793445,2016,한전주,042-288-3950,대전광역시 서구청,2025-06-26
변동243,1,대전광역시 서구 변정5길 4,대전광역시 서구 변동 48-12,36.32434143,127.3800137,2016,한전주,042-288-3950,대전광역시 서구청,2025-06-26
변동244,1,대전광역시 서구 변정5길 22,대전광역시 서구 변동 48-42,36.32418245,127.3804736,2016,한전주,042-288-3950,대전광역시 서구청,2025-06-26
변동245,1,대전광역시 서구 변정5길 20,대전광역시 서구 변동 48-43,36.324018,127.3804252,2016,한전주,042-288-3950,대전광역시 서구청,2025-06-26
변동246,1,대전광역시 서구 변정5길 27,대전광역시 서구 변동 47-19,36.324236,127.3808162,2016,한전주,042-288-3950,대전광역시 서구청,2025-06-26
변동247,1,대전광역시 서구 변정5길 23,대전광역시 서구 변동 47-21,36.324566,127.3809461,2016,한전주,042-288-3950,대전광역시 서구청,2025-06-26
변동248,1,대전광역시 서구 변정5길 30,대전광역시 서구 변동 48-39,36.32387002,127.3804964,2016,전용주,042-288-3950,대전광역시 서구청,2025-06-26
변동249,1,대전광역시 서구 변정5길 34,대전광역시 서구 변동 48-65,36.32400649,127.3807146,2016,한전주,042-288-3950,대전광역시 서구청,2025-06-26
변동250,1,대전광역시 서구 변정5길 33,대전광역시 서구 변동 47-7,36.32417499,127.381159,2016,한전주,042-288-3950,대전광역시 서구청,2025-06-26
변동251,1,대전광역시 서구 변정7길 83,대전광역시 서구 변동 66-55,36.322494,127.3821323,2023,한전주,042-288-3950,대전광역시 서구청,2025-06-26
변동252,1,대전광역시 서구 변정1길 32,대전광역시 서구 변동 49-18,36.32428317,127.379677,2016,한전주,042-288-3950,대전광역시 서구청,2025-06-26
변동253,1,대전광역시 서구 변정1길 30,대전광역시 서구 변동 49-4,36.32455057,127.3792841,2016,전용주,042-288-3950,대전광역시 서구청,2025-06-26
변동254,1,대전광역시 서구 변정1길 32,대전광역시 서구 변동 49-18,36.32428317,127.379629,2016,한전주,042-288-3950,대전광역시 서구청,2025-06-26
변동255,1,대전광역시 서구 변정1길 38,대전광역시 서구 변동 49-15,36.32439555,127.379248,2016,전용주,042-288-3950,대전광역시 서구청,2025-06-26
변동256,1,,대전광역시 서구 변동 18-64,36.324010,127.379988,2016,한전주,042-288-3950,대전광역시 서구청,2025-06-26
변동257,1,대전광역시 서구 변정1길 52,대전광역시 서구 변동 49-47,36.324074,127.379472,2016,한전주,042-288-3950,대전광역시 서구청,2025-06-26
변동258,1,대전광역시 서구 변정1길 48,대전광역시 서구 변동 49-51,36.32409978,127.3790651,2016,한전주,042-288-3950,대전광역시 서구청,2025-06-26
변동259,1,,대전광역시 서구 변동 58-62,36.323843,127.379923,2016,전용주,042-288-3950,대전광역시 서구청,2025-06-26
변동260,1,대전광역시 서구 변정6길 11,대전광역시 서구 변동 49-60,36.3238259,127.379115,2016,한전주,042-288-3950,대전광역시 서구청,2025-06-26
변동261,1,대전광역시 서구 변정6길 14,대전광역시 서구 변동 62-29,36.323596,127.379044,2016,한전주,042-288-3950,대전광역시 서구청,2025-06-26
변동262,1,대전광역시 서구 변정1길 37,대전광역시 서구 변동 48-20,36.323637,127.3796092,2016,한전주,042-288-3950,대전광역시 서구청,2025-06-26
변동263,1,대전광역시 서구 변정6길 25,대전광역시 서구 변동 48-19,36.32360176,127.379974,2016,한전주,042-288-3950,대전광역시 서구청,2025-06-26
변동264,1,대전광역시 서구 변정6길 32,대전광역시 서구 변동 63-28,36.323296,127.379859,2016,전용주,042-288-3950,대전광역시 서구청,2025-06-26
변동265,1,대전광역시 서구 변정6길 31,대전광역시 서구 변동 48-47,36.32375185,127.3801362,2016,한전주,042-288-3950,대전광역시 서구청,2025-06-26
변동266,1,대전광역시 서구 변정6길 42,대전광역시 서구 변동 63-31,36.32316962,127.380094,2016,한전주,042-288-3950,대전광역시 서구청,2025-06-26
변동267,1,대전광역시 서구 변정6길 35-1,대전광역시 서구 변동 48-71,36.32370176,127.380434,2016,한전주,042-288-3950,대전광역시 서구청,2025-06-26
변동268,1,대전광역시 서구 변정6길 47,대전광역시 서구 변동 48-30,36.32341647,127.3808336,2016,한전주,042-288-3950,대전광역시 서구청,2025-06-26
변동269,1,대전광역시 서구 변정1길 39,대전광역시 서구 변동 63-6,36.323590,127.3795765,2016,한전주,042-288-3950,대전광역시 서구청,2025-06-26
변동270,1,대전광역시 서구 변정1길 68,대전광역시 서구 변동 62-40,36.323293,127.3792223,2016,한전주,042-288-3950,대전광역시 서구청,2025-06-26
변동271,1,대전광역시 서구 변정1길 76,대전광역시 서구 변동 62-45,36.32318699,127.3787469,2016,전용주,042-288-3950,대전광역시 서구청,2025-06-26
변동272,1,대전광역시 서구 변정1길 78,대전광역시 서구 변동 62-44,36.32316403,127.378820,2016,전용주,042-288-3950,대전광역시 서구청,2025-06-26
변동273,1,대전광역시 서구 변정1길 86,대전광역시 서구 변동 62-36,36.322998,127.379132,2016,한전주,042-288-3950,대전광역시 서구청,2025-06-26
변동274,1,대전광역시 서구 변정7길 6,대전광역시 서구 변동 64-6,36.32259149,127.379500,2016,한전주,042-288-3950,대전광역시 서구청,2025-06-26
변동275,1,대전광역시 서구 변정7길 14,대전광역시 서구 변동 64-38,36.32257137,127.3798339,2016,한전주,042-288-3950,대전광역시 서구청,2025-06-26
변동276,1,대전광역시 서구 변정7길 13,대전광역시 서구 변동 63-54,36.3227737,127.3801118,2016,한전주,042-288-3950,대전광역시 서구청,2025-06-26
변동277,1,대전광역시 서구 변정7길 21,대전광역시 서구 변동 63-51,36.3228661,127.3803591,2016,한전주,042-288-3950,대전광역시 서구청,2025-06-26
변동278,1,대전광역시 서구 변정7길 31,대전광역시 서구 변동 63-43,36.3226602,127.3806354,2016,한전주,042-288-3950,대전광역시 서구청,2025-06-26
변동279,1,대전광역시 서구 변정1길 92,대전광역시 서구 변동 62-13,36.322767,127.3788703,2016,한전주,042-288-3950,대전광역시 서구청,2025-06-26
변동280,1,대전광역시 서구 변정1길 96,대전광역시 서구 변동 62-15,36.32262754,127.379073,2016,전용주,042-288-3950,대전광역시 서구청,2025-06-26
변동281,1,대전광역시 서구 변정1길 102,대전광역시 서구 변동 62-16,36.322424,127.3789589,2016,한전주,042-288-3950,대전광역시 서구청,2025-06-26
변동282,1,대전광역시 서구 도마로 81-2,대전광역시 서구 변동 64-18,36.32241283,127.379358,2016,전용주,042-288-3950,대전광역시 서구청,2025-06-26
변동283,1,대전광역시 서구 도마로 85-1,대전광역시 서구 변동 64-23,36.32224712,127.3796647,2016,전용주,042-288-3950,대전광역시 서구청,2025-06-26
변동284,1,대전광역시 서구 변정2길 60,대전광역시 서구 변동 64-30,36.32226187,127.3802418,2016,한전주,042-288-3950,대전광역시 서구청,2025-06-26
변동285,1,대전광역시 서구 변정2길 70,대전광역시 서구 변동 64-51,36.32208332,127.3804204,2016,한전주,042-288-3950,대전광역시 서구청,2025-06-26
변동286,1,대전광역시 서구 도마로 59,대전광역시 서구 변동 58-4,36.32258765,127.3768529,2016,한전주,042-288-3950,대전광역시 서구청,2025-06-26
변동287,1,대전광역시 서구 도마로 59,대전광역시 서구 변동 58-4,36.32258765,127.3768529,2016,한전주,042-288-3950,대전광역시 서구청,2025-06-26
변동288,1,대전광역시 서구 도마로63번길 18,대전광역시 서구 변동 61-12,36.3230999986,127.3773309,2016,한전주,042-288-3950,대전광역시 서구청,2025-06-26
변동289,1,,대전광역시 서구 변동 68-14,36.32160271,127.3826144,2016,한전주,042-288-3950,대전광역시 서구청,2025-06-26
변동290,1,,대전광역시 서구 변동 60-7,36.32357926,127.3779703,2016,한전주,042-288-3950,대전광역시 서구청,2025-06-26
변동291,1,,대전광역시 서구 변동 60-23,36.3235238,127.377618,2016,한전주,042-288-3950,대전광역시 서구청,2025-06-26
변동292,1,대전광역시 서구 도산로167번길 24,대전광역시 서구 변동 59-17,36.32363431,127.3769316,2016,한전주,042-288-3950,대전광역시 서구청,2025-06-26
변동293,1,대전광역시 서구 도마로63번길 34,대전광역시 서구 변동 60-24,36.323741,127.3775115,2016,한전주,042-288-3950,대전광역시 서구청,2025-06-26
변동294,1,대전광역시 서구 도마로63번길 33,대전광역시 서구 변동 59-8,36.323888,127.3771442,2016,한전주,042-288-3950,대전광역시 서구청,2025-06-26
변동295,1,대전광역시 서구 도마로57번길 42,대전광역시 서구 변동 59-1,36.32443612,127.3769502,2016,전용주,042-288-3950,대전광역시 서구청,2025-06-26
변동296,1,대전광역시 서구 도마로57번길 42,대전광역시 서구 변동 59-1,36.32443612,127.3769502,2016,전용주,042-288-3950,대전광역시 서구청,2025-06-26
변동297,1,대전광역시 서구 도산로181번길 21,대전광역시 서구 변동 60-10,36.32467585,127.377715,2016,한전주,042-288-3950,대전광역시 서구청,2025-06-26
변동298,1,대전광역시 서구 도산로181번길 21,대전광역시 서구 변동 60-10,36.32467585,127.377715,2016,한전주,042-288-3950,대전광역시 서구청,2025-06-26
변동299,1,대전광역시 서구 도산로 179,대전광역시 서구 변동 60-2,36.32445398,127.3781694,2016,한전주,042-288-3950,대전광역시 서구청,2025-06-26
변동300,1,대전광역시 서구 도마로57번길 42,대전광역시 서구 변동 59-1,36.32443612,127.3769502,2016,전용주,042-288-3950,대전광역시 서구청,2025-06-26
변동301,1,대전광역시 서구 도마로57번길 42,대전광역시 서구 변동 59-1,36.32443612,127.376926,2016,전용주,042-288-3950,대전광역시 서구청,2025-06-26
변동302,1,대전광역시 서구 도마로57번길 42,대전광역시 서구 변동 59-1,36.32443612,127.3769502,2016,전용주,042-288-3950,대전광역시 서구청,2025-06-26
변동303,1,대전광역시 서구 도마로57번길 42,대전광역시 서구 변동 59-1,36.32443612,127.3769502,2016,전용주,042-288-3950,대전광역시 서구청,2025-06-26
변동304,1,대전광역시 서구 도마로57번길 24,대전광역시 서구 변동 58-12,36.32335702,127.3767285,2016,한전주,042-288-3950,대전광역시 서구청,2025-06-26
변동305,1,대전광역시 서구 도마로57번길 11,대전광역시 서구 변동 57-3,36.32282493,127.376398,2016,한전주,042-288-3950,대전광역시 서구청,2025-06-26
변동306,1,대전광역시 서구 도마로57번길 7,대전광역시 서구 변동 57-4,36.32249235,127.376326,2016,한전주,042-288-3950,대전광역시 서구청,2025-06-26
변동307,1,대전광역시 서구 도마로49번길 5,대전광역시 서구 변동 56-5,36.32266541,127.3755996,2016,한전주,042-288-3950,대전광역시 서구청,2025-06-26
변동308,1,대전광역시 서구 도마로49번길 11,대전광역시 서구 변동 56-4,36.32290899,127.3756855,2016,한전주,042-288-3950,대전광역시 서구청,2025-06-26
변동309,1,,대전광역시 서구 변동 96-17,36.323259,127.375777,2016,한전주,042-288-3950,대전광역시 서구청,2025-06-26
변동310,1,대전광역시 서구 도마로43번길 26,대전광역시 서구 변동 56-1,36.32352225,127.3753691,2016,한전주,042-288-3950,대전광역시 서구청,2025-06-26
변동311,1,대전광역시 서구 도마로43번길 16,대전광역시 서구 변동 56-11,36.323038,127.375358,2016,한전주,042-288-3950,대전광역시 서구청,2025-06-26
변동312,1,대전광역시 서구 도마로43번길 8,대전광역시 서구 변동 56-9,36.32274043,127.3752403,2016,한전주,042-288-3950,대전광역시 서구청,2025-06-26
변동313,1,대전광역시 서구 도마로43번길 8,대전광역시 서구 변동 56-9,36.32274043,127.3752403,2016,전용주,042-288-3950,대전광역시 서구청,2025-06-26
변동314,1,대전광역시 서구 도마로43번길 8,대전광역시 서구 변동 56-9,36.32274043,127.3752403,2016,한전주,042-288-3950,대전광역시 서구청,2025-06-26
변동315,1,대전광역시 서구 도산로181번길 39,대전광역시 서구 변동 54-1,36.3247386,127.3757901,2016,한전주,042-288-3950,대전광역시 서구청,2025-06-26
변동316,1,대전광역시 서구 도마로49번길 23,대전광역시 서구 변동 56-17,36.32337142,127.3756758,2016,한전주,042-288-3950,대전광역시 서구청,2025-06-26
변동317,1,대전광역시 서구 변동 도산로167번길 37,대전광역시 서구 변동 57-19,36.323612,127.376152,2016,한전주,042-288-3950,대전광역시 서구청,2025-06-26
변동318,1,대전광역시 서구 도산로167번길 26,대전광역시 서구 변동 59-15,36.323624,127.3767077,2016,한전주,042-288-3950,대전광역시 서구청,2025-06-26
변동319,1,대전광역시 서구 도마로57번길 38,대전광역시 서구 변동 59-6,36.3238794,127.3769386,2016,전용주,042-288-3950,대전광역시 서구청,2025-06-26
변동320,1,대전광역시 서구 도산로181번길 39,대전광역시 서구 변동 54-1,36.3247386,127.3757901,2016,한전주,042-288-3950,대전광역시 서구청,2025-06-26
변동321,1,대전광역시 서구 도산로181번길 39,대전광역시 서구 변동 54-1,36.3247386,127.3757901,2016,전용주,042-288-3950,대전광역시 서구청,2025-06-26
변동322,1,대전광역시 서구 도산로181번길 39,대전광역시 서구 변동 54-1,36.3247386,127.3757901,2016,전용주,042-288-3950,대전광역시 서구청,2025-06-26
변동323,1,대전광역시 서구 도산로181번길 42,대전광역시 서구 변동 53-61,36.32504287,127.3763539,2016,한전주,042-288-3950,대전광역시 서구청,2025-06-26
변동324,1,대전광역시 서구 도산로181번길 52,대전광역시 서구 변동 53-45,36.32505366,127.375891,2016,한전주,042-288-3950,대전광역시 서구청,2025-06-26
변동325,1,대전광역시 서구 도산로181번길 58,대전광역시 서구 변동 53-36,36.32506401,127.375465,2016,한전주,042-288-3950,대전광역시 서구청,2025-06-26
변동326,1,,대전광역시 서구 변동 38,36.324613,127.375255,2016,한전주,042-288-3950,대전광역시 서구청,2025-06-26
변동327,1,,대전광역시 서구 변동 38,36.324072,127.375232,2016,전용주,042-288-3950,대전광역시 서구청,2025-06-26
변동328,1,대전광역시 서구 도산로181번길 39,대전광역시 서구 변동 54-1,36.3247386,127.3757901,2016,한전주,042-288-3950,대전광역시 서구청,2025-06-26
변동329,1,대전광역시 서구 도마로43번길 66,대전광역시 서구 변동 53-33,36.32531304,127.3753496,2016,한전주,042-288-3950,대전광역시 서구청,2025-06-26
변동330,1,대전광역시 서구 도마로43번길 66,대전광역시 서구 변동 53-33,36.32531304,127.3753496,2016,한전주,042-288-3950,대전광역시 서구청,2025-06-26
변동331,1,대전광역시 서구 도마로43번길 72,대전광역시 서구 변동 53-28,36.32542292,127.3753433,2016,전용주,042-288-3950,대전광역시 서구청,2025-06-26
변동332,1,대전광역시 서구 도산로181번길 56-7,대전광역시 서구 변동 53-38,36.32531138,127.3754779,2016,한전주,042-288-3950,대전광역시 서구청,2025-06-26
변동333,1,대전광역시 서구 변동로 24-25,대전광역시 서구 변동 53-3,36.3253268,127.3760488,2016,한전주,042-288-3950,대전광역시 서구청,2025-06-26
변동334,1,대전광역시 서구 변동로 24-21,대전광역시 서구 변동 53-4,36.32550649,127.3761065,2016,한전주,042-288-3950,대전광역시 서구청,2025-06-26
변동335,1,대전광역시 서구 변동로 24-16,대전광역시 서구 변동 22-94,36.325764,127.3757646,2016,한전주,042-288-3950,대전광역시 서구청,2025-06-26
변동336,1,대전광역시 서구 도마로57번길 75-8,대전광역시 서구 변동 53-17,36.325741,127.3761799,2016,한전주,042-288-3950,대전광역시 서구청,2025-06-26
변동337,1,대전광역시 서구 변동로 24-12,대전광역시 서구 변동 22-96,36.325998,127.3757601,2016,한전주,042-288-3950,대전광역시 서구청,2025-06-26
변동338,1,대전광역시 서구 도마로57번길 81-7,대전광역시 서구 변동 53-12,36.32588185,127.3761867,2016,한전주,042-288-3950,대전광역시 서구청,2025-06-26
변동339,1,대전광역시 서구 변동로 24-4,대전광역시 서구 변동 22-99,36.326299,127.3757654,2016,한전주,042-288-3950,대전광역시 서구청,2025-06-26
변동340,1,대전광역시 서구 도마로43번길 97,대전광역시 서구 변동 22-78,36.326633,127.3753253,2016,전용주,042-288-3950,대전광역시 서구청,2025-06-26
변동341,1,대전광역시 서구 도마로43번길 96,대전광역시 서구 변동 22-85,36.3265404,127.3756225,2016,한전주,042-288-3950,대전광역시 서구청,2025-06-26
변동342,1,대전광역시 서구 도마로43번길 86,대전광역시 서구 변동 22-88,36.32614725,127.3756131,2016,한전주,042-288-3950,대전광역시 서구청,2025-06-26
변동343,1,대전광역시 서구 도마로43번길 78,대전광역시 서구 변동 22-91,36.3257549,127.3756048,2016,한전주,042-288-3950,대전광역시 서구청,2025-06-26
변동344,1,대전광역시 서구 도마로57번길 63,대전광역시 서구 변동 53-59,36.32514896,127.376490,2016,한전주,042-288-3950,대전광역시 서구청,2025-06-26
변동345,1,대전광역시 서구 도마로57번길 71,대전광역시 서구 변동 53-24,36.32552057,127.3764138,2016,한전주,042-288-3950,대전광역시 서구청,2025-06-26
변동346,1,대전광역시 서구 도마로57번길 77,대전광역시 서구 변동 53-15,36.32577317,127.3765018,2016,한전주,042-288-3950,대전광역시 서구청,2025-06-26
변동347,1,대전광역시 서구 도마로57번길 75-11,대전광역시 서구 변동 53-20,36.32562337,127.3760231,2016,한전주,042-288-3950,대전광역시 서구청,2025-06-26
변동348,1,대전광역시 서구 도마로63번길 64,대전광역시 서구 변동 51-6,36.325025,127.377406,2016,한전주,042-288-3950,대전광역시 서구청,2025-06-26
변동349,1,대전광역시 서구 도마로63번길 66,대전광역시 서구 변동 51-5,36.325289,127.3775435,2016,전용주,042-288-3950,대전광역시 서구청,2025-06-26
변동350,1,,대전광역시 서구 변동 52-1,36.325601,127.3772664,2023,전용주,042-288-3950,대전광역시 서구청,2025-06-26
변동351,1,대전광역시 서구 변동로 48-5,대전광역시 서구 변동 50-8,36.3254046,127.3784666,2016,한전주,042-288-3950,대전광역시 서구청,2025-06-26
변동352,1,대전광역시 서구 변동로 48-9,대전광역시 서구 변동 50-13,36.325157,127.378320,2016,한전주,042-288-3950,대전광역시 서구청,2025-06-26
변동353,1,대전광역시 서구 변동로 48-17,대전광역시 서구 변동 50-16,36.324754,127.3782544,2016,한전주,042-288-3950,대전광역시 서구청,2025-06-26
변동354,1,대전광역시 서구 변동로 47,대전광역시 서구 변동 30-17,36.325757,127.3786256,2016,한전주,042-288-3950,대전광역시 서구청,2025-06-26
변동355,1,대전광역시 서구 동서대로1080번길 67,대전광역시 서구 변동 30-12,36.32622362,127.3788256,2016,한전주,042-288-3950,대전광역시 서구청,2025-06-26
변동356,1,대전광역시 서구 도산로 199-16,대전광역시 서구 변동 30-9,36.32632624,127.379029,2016,한전주,042-288-3950,대전광역시 서구청,2025-06-26
변동357,1,대전광역시 서구 동서대로1080번길 64-1,대전광역시 서구 변동 27-5,36.32651431,127.3785793,2016,전용주,042-288-3950,대전광역시 서구청,2025-06-26
변동358,1,대전광역시 서구 동서대로1080번길 59,대전광역시 서구 변동 30-2,36.32648769,127.3789893,2016,한전주,042-288-3950,대전광역시 서구청,2025-06-26
변동359,1,대전광역시 서구 동서대로1080번길 54,대전광역시 서구 변동 27-46,36.32687787,127.378946,2016,한전주,042-288-3950,대전광역시 서구청,2025-06-26
변동360,1,대전광역시 서구 도산로207번길 43-34,대전광역시 서구 변동 27-8,36.32609917,127.378086,2016,한전주,042-288-3950,대전광역시 서구청,2025-06-26
변동361,1,대전광역시 서구 도산로207번길 21-15,대전광역시 서구 변동 27-30,36.326479,127.378404,2016,한전주,042-288-3950,대전광역시 서구청,2025-06-26
변동362,1,대전광역시 서구 도산로207번길 21-5,대전광역시 서구 변동 27-3,36.32680204,127.3786149,2016,한전주,042-288-3950,대전광역시 서구청,2025-06-26
변동363,1,대전광역시 서구 변동로 39-5,대전광역시 서구 변동 24-64,36.326229,127.3777094,2016,한전주,042-288-3950,대전광역시 서구청,2025-06-26
변동364,1,대전광역시 서구 변동로 39-18,대전광역시 서구 변동 27-21,36.326659,127.3781734,2016,한전주,042-288-3950,대전광역시 서구청,2025-06-26
변동365,1,대전광역시 서구 변동로 39-20,대전광역시 서구 변동 27-18,36.326884,127.3782316,2016,한전주,042-288-3950,대전광역시 서구청,2025-06-26
변동366,1,대전광역시 서구 도산로207번길 8-1,대전광역시 서구 변동 29-34,36.32698813,127.379386,2016,한전주,042-288-3950,대전광역시 서구청,2025-06-26
변동367,1,대전광역시 서구 도산로207번길 8-1,대전광역시 서구 변동 29-34,36.32698813,127.3793259,2016,전용주,042-288-3950,대전광역시 서구청,2025-06-26
변동368,1,대전광역시 서구 동서대로1080번길 50,대전광역시 서구 변동 28-29,36.327003,127.3789693,2016,한전주,042-288-3950,대전광역시 서구청,2025-06-26
변동369,1,대전광역시 서구 도산로207번길 24,대전광역시 서구 변동 28-38,36.32722058,127.378558,2016,한전주,042-288-3950,대전광역시 서구청,2025-06-26
변동370,1,대전광역시 서구 도산로207번길 26,대전광역시 서구 변동 28-4,36.32722464,127.3784317,2016,한전주,042-288-3950,대전광역시 서구청,2025-06-26
변동371,1,대전광역시 서구 도산로207번길 34,대전광역시 서구 변동 28-20,36.327303,127.3780533,2016,한전주,042-288-3950,대전광역시 서구청,2025-06-26
변동372,1,대전광역시 서구 도산로207번길 40,대전광역시 서구 변동 28-68,36.32743966,127.377720,2016,한전주,042-288-3950,대전광역시 서구청,2025-06-26
변동373,1,대전광역시 서구 도산로207번길 38-5,대전광역시 서구 변동 28-63,36.327634,127.3777987,2016,한전주,042-288-3950,대전광역시 서구청,2025-06-26
변동374,1,대전광역시 서구 도산로207번길 49,대전광역시 서구 변동 23-52,36.327436,127.3771924,2016,한전주,042-288-3950,대전광역시 서구청,2025-06-26
변동375,1,대전광역시 서구 동서대로1064번길 66,대전광역시 서구 변동 23-59,36.32721709,127.377143,2016,한전주,042-288-3950,대전광역시 서구청,2025-06-26
변동376,1,대전광역시 서구 동서대로1064번길 68-4,대전광역시 서구 변동 23-58,36.327223,127.376986,2016,한전주,042-288-3950,대전광역시 서구청,2025-06-26
변동377,1,대전광역시 서구 동서대로1064번길 71,대전광역시 서구 변동 24-17,36.32698954,127.3772568,2016,한전주,042-288-3950,대전광역시 서구청,2025-06-26
변동378,1,대전광역시 서구 동서대로1064번길 82,대전광역시 서구 변동 23-19,36.32658453,127.3766064,2016,한전주,042-288-3950,대전광역시 서구청,2025-06-26
변동379,1,대전광역시 서구 동서대로1064번길 79,대전광역시 서구 변동 24-25,36.32655565,127.377035,2016,한전주,042-288-3950,대전광역시 서구청,2025-06-26
변동380,1,대전광역시 서구 동서대로1064번길 83,대전광역시 서구 변동 24-26,36.32641369,127.3770261,2016,한전주,042-288-3950,대전광역시 서구청,2025-06-26
변동381,1,대전광역시 서구 동서대로1064번길 77-8,대전광역시 서구 변동 24-49,36.3264633,127.377274,2016,전용주,042-288-3950,대전광역시 서구청,2025-06-26
변동382,1,대전광역시 서구 동서대로1064번길 77-11,대전광역시 서구 변동 24-40,36.326548,127.3774954,2016,한전주,042-288-3950,대전광역시 서구청,2025-06-26
변동383,1,대전광역시 서구 도산로207번길 43-10,대전광역시 서구 변동 24-61,36.32700488,127.3775918,2016,한전주,042-288-3950,대전광역시 서구청,2025-06-26
변동384,1,대전광역시 서구 도산로207번길 43-1,대전광역시 서구 변동 24-10,36.327228,127.377639,2016,한전주,042-288-3950,대전광역시 서구청,2025-06-26
변동385,1,대전광역시 서구 동서대로1080번길 44,대전광역시 서구 변동 28-56,36.32730348,127.3790045,2016,한전주,042-288-3950,대전광역시 서구청,2025-06-26
변동386,1,대전광역시 서구 동서대로1080번길 40,대전광역시 서구 변동 28-53,36.32746313,127.379252,2016,한전주,042-288-3950,대전광역시 서구청,2025-06-26
변동387,1,대전광역시 서구 도산로213번길 5,대전광역시 서구 변동 28-52,36.327518,127.379186,2016,한전주,042-288-3950,대전광역시 서구청,2025-06-26
변동388,1,대전광역시 서구 도산로213번길 9-2,대전광역시 서구 변동 28-1,36.327613,127.3788571,2016,한전주,042-288-3950,대전광역시 서구청,2025-06-26
변동389,1,대전광역시 서구 도산로213번길 9-6,대전광역시 서구 변동 28-47,36.327415,127.378796,2016,한전주,042-288-3950,대전광역시 서구청,2025-06-26
변동390,1,대전광역시 서구 도산로213번길 11,대전광역시 서구 변동 28-21,36.327683,127.3787341,2016,한전주,042-288-3950,대전광역시 서구청,2025-06-26
변동391,1,대전광역시 서구 도산로213번길 13-4,대전광역시 서구 변동 28-24,36.32767419,127.378540,2016,전용주,042-288-3950,대전광역시 서구청,2025-06-26
변동392,1,대전광역시 서구 도산로213번길 19,대전광역시 서구 변동 28-33,36.327845,127.3783883,2016,한전주,042-288-3950,대전광역시 서구청,2025-06-26
변동393,1,대전광역시 서구 도산로213번길 19-1,대전광역시 서구 변동 28-34,36.32775302,127.378360,2016,전용주,042-288-3950,대전광역시 서구청,2025-06-26
변동394,1,대전광역시 서구 도산로213번길 23-2,대전광역시 서구 변동 28-31,36.327751,127.3780862,2016,전용주,042-288-3950,대전광역시 서구청,2025-06-26
변동395,1,대전광역시 서구 도산로213번길 25-2,대전광역시 서구 변동 28-44,36.32780237,127.3779223,2016,전용주,042-288-3950,대전광역시 서구청,2025-06-26
변동396,1,대전광역시 서구 도산로213번길 29,대전광역시 서구 변동 28-9,36.328062,127.3779075,2016,한전주,042-288-3950,대전광역시 서구청,2025-06-26
변동397,1,대전광역시 서구 동서대로1064번길 51,대전광역시 서구 변동 28-64,36.327685,127.3776659,2016,한전주,042-288-3950,대전광역시 서구청,2025-06-26
변동398,1,대전광역시 서구 동서대로1064번길 46,대전광역시 서구 변동 20-48,36.32808906,127.377607,2016,한전주,042-288-3950,대전광역시 서구청,2025-06-26
변동399,1,대전광역시 서구 동서대로1064번길 42,대전광역시 서구 변동 20-6,36.3282046,127.3776548,2016,한전주,042-288-3950,대전광역시 서구청,2025-06-26
변동400,1,대전광역시 서구 동서대로1064번길 34,대전광역시 서구 변동 19-5,36.328468,127.3778909,2016,한전주,042-288-3950,대전광역시 서구청,2025-06-26
변동401,1,대전광역시 서구 도산로219번길 46,대전광역시 서구 변동 17-13,36.32884207,127.3784319,2016,한전주,042-288-3950,대전광역시 서구청,2025-06-26
변동402,1,대전광역시 서구 도산로219번길 36,대전광역시 서구 변동 17-26,36.32861866,127.3788047,2016,한전주,042-288-3950,대전광역시 서구청,2025-06-26
변동403,1,대전광역시 서구 도산로219번길 37-6,대전광역시 서구 변동 18-49,36.328320,127.378367,2016,전용주,042-288-3950,대전광역시 서구청,2025-06-26
변동404,1,대전광역시 서구 도산로219번길 36-1,대전광역시 서구 변동 17-22,36.32872585,127.3789074,2016,전용주,042-288-3950,대전광역시 서구청,2025-06-26
변동405,1,대전광역시 서구 도산로219번길 28,대전광역시 서구 변동 17-52,36.32841253,127.379137,2016,한전주,042-288-3950,대전광역시 서구청,2025-06-26
변동406,1,대전광역시 서구 도산로219번길 24,대전광역시 서구 변동 17-19,36.328200,127.3794118,2016,한전주,042-288-3950,대전광역시 서구청,2025-06-26
변동407,1,대전광역시 서구 도산로219번길 18,대전광역시 서구 변동 17-57,36.32813302,127.379695,2016,한전주,042-288-3950,대전광역시 서구청,2025-06-26
변동408,1,대전광역시 서구 도산로219번길 10,대전광역시 서구 변동 13-15,36.327908,127.3800191,2016,한전주,042-288-3950,대전광역시 서구청,2025-06-26
변동409,1,대전광역시 서구 도산로 219,대전광역시 서구 변동 13-5,36.327828,127.3803367,2016,전용주,042-288-3950,대전광역시 서구청,2025-06-26
변동410,1,대전광역시 서구 동서대로1080번길 34,대전광역시 서구 변동 18-41,36.3277025,127.3793513,2016,한전주,042-288-3950,대전광역시 서구청,2025-06-26
변동411,1,대전광역시 서구 동서대로1080번길 32,대전광역시 서구 변동 18-25,36.327765,127.3794044,2016,한전주,042-288-3950,대전광역시 서구청,2025-06-26
변동412,1,대전광역시 서구 동서대로1080번길 31-5,대전광역시 서구 변동 29-10,36.32762592,127.379970,2016,한전주,042-288-3950,대전광역시 서구청,2025-06-26
변동413,1,대전광역시 서구 동서대로1080번길 18,대전광역시 서구 변동 17-27,36.32839016,127.3797865,2016,한전주,042-288-3950,대전광역시 서구청,2025-06-26
변동414,1,대전광역시 서구 동서대로1080번길 10,대전광역시 서구 변동 14-31,36.32860817,127.380168,2016,한전주,042-288-3950,대전광역시 서구청,2025-06-26
변동415,1,대전광역시 서구 동서대로1080번길 4,대전광역시 서구 변동 14-36,36.32880481,127.3802917,2016,한전주,042-288-3950,대전광역시 서구청,2025-06-26
변동416,1,대전광역시 서구 도산로 227-5,대전광역시 서구 변동 13-23,36.328428,127.380583,2016,한전주,042-288-3950,대전광역시 서구청,2025-06-26
변동417,1,대전광역시 서구 도산로 223-5,대전광역시 서구 변동 13-28,36.32813387,127.380295,2016,한전주,042-288-3950,대전광역시 서구청,2025-06-26
변동418,1,대전광역시 서구 변동중로78번길 49,대전광역시 서구 변동 14-28,36.32866956,127.380040,2016,한전주,042-288-3950,대전광역시 서구청,2025-06-26
변동419,1,대전광역시 서구 변동중로78번길 49,대전광역시 서구 변동 14-28,36.328631,127.3800312,2016,전용주,042-288-3950,대전광역시 서구청,2025-06-26
변동420,1,대전광역시 서구 변동중로78번길 44-1,대전광역시 서구 변동 17-55,36.32856437,127.379470,2016,전용주,042-288-3950,대전광역시 서구청,2025-06-26
변동421,1,대전광역시 서구 변동중로78번길 45,대전광역시 서구 변동 14-13,36.32884167,127.3797816,2016,한전주,042-288-3950,대전광역시 서구청,2025-06-26
변동422,1,대전광역시 서구 변동중로78번길 31,대전광역시 서구 변동 14-15,36.3291845,127.379138,2016,한전주,042-288-3950,대전광역시 서구청,2025-06-26
변동423,1,대전광역시 서구 변동중로78번길 25,대전광역시 서구 변동 14-32,36.32932372,127.378857,2016,한전주,042-288-3950,대전광역시 서구청,2025-06-26
변동424,1,대전광역시 서구 동서대로1064번길 16,대전광역시 서구 변동 16-54,36.32916066,127.378417,2016,한전주,042-288-3950,대전광역시 서구청,2025-06-26
변동425,1,대전광역시 서구 도산로213번길 46-2,대전광역시 서구 변동 19-6,36.32878495,127.3773161,2016,한전주,042-288-3950,대전광역시 서구청,2025-06-26
변동426,1,대전광역시 서구 도산로213번길 46-2,대전광역시 서구 변동 19-6,36.32878495,127.3773161,2016,한전주,042-288-3950,대전광역시 서구청,2025-06-26
변동427,1,대전광역시 서구 변동중로78번길 16-1,대전광역시 서구 변동 16-44,36.329317,127.3781156,2016,전용주,042-288-3950,대전광역시 서구청,2025-06-26
변동428,1,대전광역시 서구 변동중로78번길 16,대전광역시 서구 변동 16-3,36.32943239,127.3782198,2016,전용주,042-288-3950,대전광역시 서구청,2025-06-26
변동429,1,대전광역시 서구 변동중로78번길 9,대전광역시 서구 변동 15-9,36.32975296,127.378113,2016,한전주,042-288-3950,대전광역시 서구청,2025-06-26
변동430,1,대전광역시 서구 변동중로78번길 13,대전광역시 서구 변동 15-7,36.32963928,127.3785379,2016,한전주,042-288-3950,대전광역시 서구청,2025-06-26
변동431,1,대전광역시 서구 동서대로1064번길 22,대전광역시 서구 변동 16-15,36.328920,127.3782156,2023,한전주,042-288-3950,대전광역시 서구청,2025-06-26
변동432,1,대전광역시 서구 도산로219번길 55-8,대전광역시 서구 변동 19-72,36.328818,127.3775222,2016,전용주,042-288-3950,대전광역시 서구청,2025-06-26
변동433,1,대전광역시 서구 도산로219번길 58,대전광역시 서구 변동 16-24,36.32915583,127.3777864,2016,한전주,042-288-3950,대전광역시 서구청,2025-06-26
변동434,1,대전광역시 서구 도산로219번길 61-8,대전광역시 서구 변동 19-64,36.328975,127.3772544,2016,전용주,042-288-3950,대전광역시 서구청,2025-06-26
변동435,1,대전광역시 서구 도산로219번길 62-1,대전광역시 서구 변동 16-17,36.329226,127.377551,2016,한전주,042-288-3950,대전광역시 서구청,2025-06-26
변동436,1,대전광역시 서구 도산로219번길 62-6,대전광역시 서구 변동 16-21,36.329343,127.3778044,2016,전용주,042-288-3950,대전광역시 서구청,2025-06-26
변동437,1,대전광역시 서구 도산로219번길 72,대전광역시 서구 변동 16-50,36.32946892,127.3772114,2016,한전주,042-288-3950,대전광역시 서구청,2025-06-26
변동438,1,대전광역시 서구 변동중로 68-10,대전광역시 서구 변동 19-32,36.329083,127.3769938,2016,한전주,042-288-3950,대전광역시 서구청,2025-06-26
변동439,1,대전광역시 서구 변동중로 68-4,대전광역시 서구 변동 19-35,36.329257,127.3766843,2016,한전주,042-288-3950,대전광역시 서구청,2025-06-26
변동440,1,대전광역시 서구 도산로213번길 65,대전광역시 서구 변동 20-1,36.328884,127.3761461,2016,한전주,042-288-3950,대전광역시 서구청,2025-06-26
변동441,1,대전광역시 서구 도산로213번길 61,대전광역시 서구 변동 20-52,36.328786,127.3763597,2016,한전주,042-288-3950,대전광역시 서구청,2025-06-26
변동442,1,대전광역시 서구 도산로213번길 55,대전광역시 서구 변동 20-81,36.328668,127.376694,2016,한전주,042-288-3950,대전광역시 서구청,2025-06-26
변동443,1,대전광역시 서구 도산로213번길 47,대전광역시 서구 변동 20-77,36.328491,127.377077,2016,한전주,042-288-3950,대전광역시 서구청,2025-06-26
변동444,1,대전광역시 서구 도산로213번길 46,대전광역시 서구 변동 19-51,36.32860377,127.3771873,2016,한전주,042-288-3950,대전광역시 서구청,2025-06-26
변동445,1,대전광역시 서구 도산로213번길 45-1,대전광역시 서구 변동 20-63,36.32829159,127.3770489,2016,전용주,042-288-3950,대전광역시 서구청,2025-06-26
변동446,1,대전광역시 서구 도산로213번길 43,대전광역시 서구 변동 20-27,36.32834844,127.3772513,2016,한전주,042-288-3950,대전광역시 서구청,2025-06-26
변동447,1,대전광역시 서구 변동중로78번길 46,대전광역시 서구 변동 17-54,36.32851122,127.379550,2016,한전주,042-288-3950,대전광역시 서구청,2025-06-26
변동448,1,대전광역시 서구 동서대로1064번길 42,대전광역시 서구 변동 20-6,36.328205,127.3776548,2016,한전주,042-288-3950,대전광역시 서구청,2025-06-26
변동449,1,대전광역시 서구 변동중로64번길 12,대전광역시 서구 변동 21-25,36.32890545,127.375974,2016,한전주,042-288-3950,대전광역시 서구청,2025-06-26
변동450,1,대전광역시 서구 변동중로64번길 13-2,대전광역시 서구 변동 20-53,36.32864987,127.376226,2016,전용주,042-288-3950,대전광역시 서구청,2025-06-26
변동451,1,대전광역시 서구 변동중로64번길 18,대전광역시 서구 변동 21-11,36.328632,127.3757933,2016,한전주,042-288-3950,대전광역시 서구청,2025-06-26
변동452,1,대전광역시 서구 변동중로64번길 20-1,대전광역시 서구 변동 21-28,36.32864145,127.375535,2016,한전주,042-288-3950,대전광역시 서구청,2025-06-26
변동453,1,대전광역시 서구 도산로207번길 82-5,대전광역시 서구 변동 21-5,36.328457,127.375693,2016,한전주,042-288-3950,대전광역시 서구청,2025-06-26
변동454,1,대전광역시 서구 변동중로64번길 26,대전광역시 서구 변동 20-24,36.328305,127.376046,2016,한전주,042-288-3950,대전광역시 서구청,2025-06-26
변동455,1,대전광역시 서구 변동중로64번길 33,대전광역시 서구 변동 20-12,36.328358,127.3765031,2016,전용주,042-288-3950,대전광역시 서구청,2025-06-26
변동456,1,대전광역시 서구 변동중로64번길 36,대전광역시 서구 변동 20-21,36.328087,127.3764881,2016,전용주,042-288-3950,대전광역시 서구청,2025-06-26
변동457,1,대전광역시 서구 변동중로64번길 46,대전광역시 서구 변동 20-57,36.32788058,127.376913,2016,한전주,042-288-3950,대전광역시 서구청,2025-06-26
변동458,1,대전광역시 서구 변동중로64번길 48,대전광역시 서구 변동 20-17,36.327826,127.3770713,2016,한전주,042-288-3950,대전광역시 서구청,2025-06-26
변동459,1,대전광역시 서구 도산로207번길 50,대전광역시 서구 변동 20-45,36.327567,127.3772912,2016,한전주,042-288-3950,대전광역시 서구청,2025-06-26
변동460,1,대전광역시 서구 도산로207번길 54,대전광역시 서구 변동 20-47,36.32770097,127.3770164,2016,한전주,042-288-3950,대전광역시 서구청,2025-06-26
변동461,1,대전광역시 서구 변동로 12,대전광역시 서구 변동 22-37,36.32746741,127.3753457,2016,전용주,042-288-3950,대전광역시 서구청,2025-06-26
변동462,1,대전광역시 서구 도산로207번길 64,대전광역시 서구 변동 20-68,36.32792043,127.376529,2016,한전주,042-288-3950,대전광역시 서구청,2025-06-26
변동463,1,대전광역시 서구 도산로207번길 71-5,대전광역시 서구 변동 22-27,36.327735,127.3761218,2016,전용주,042-288-3950,대전광역시 서구청,2025-06-26
변동464,1,대전광역시 서구 도산로207번길 74,대전광역시 서구 변동 20-87,36.32814178,127.376070,2016,한전주,042-288-3950,대전광역시 서구청,2025-06-26
변동465,1,대전광역시 서구 도산로207번길 77-1,대전광역시 서구 변동 22-66,36.327860,127.3757282,2016,한전주,042-288-3950,대전광역시 서구청,2025-06-26
변동466,1,대전광역시 서구 변동 도산로207번길 69,대전광역시 서구 변동 22-26,36.328207,127.375664,2016,한전주,042-288-3950,대전광역시 서구청,2025-06-26
변동467,1,대전광역시 서구 도산로207번길 90,대전광역시 서구 변동 21-19,36.32845825,127.375288,2016,전용주,042-288-3950,대전광역시 서구청,2025-06-26
변동468,1,대전광역시 서구 변동로 21-24,대전광역시 서구 변동 23-44,36.327609,127.376476,2016,한전주,042-288-3950,대전광역시 서구청,2025-06-26
변동469,1,대전광역시 서구 변동로 21-18,대전광역시 서구 변동 23-41,36.327358,127.376337,2016,한전주,042-288-3950,대전광역시 서구청,2025-06-26
변동470,1,대전광역시 서구 변동로 21-8,대전광역시 서구 변동 23-11,36.327081,127.376213,2016,한전주,042-288-3950,대전광역시 서구청,2025-06-26
변동471,1,대전광역시 서구 동서대로1064번길 74-8,대전광역시 서구 변동 23-3,36.326837,127.376684,2016,한전주,042-288-3950,대전광역시 서구청,2025-06-26
변동472,1,대전광역시 서구 동서대로1064번길 74-16,대전광역시 서구 변동 23-60,36.32692523,127.376332,2016,한전주,042-288-3950,대전광역시 서구청,2025-06-26
변동473,1,대전광역시 서구 변동로 12-1,대전광역시 서구 변동 22-52,36.327366,127.3751541,2016,전용주,042-288-3950,대전광역시 서구청,2025-06-26
변동474,1,대전광역시 서구 도솔로 220-1,대전광역시 서구 변동 71-9,36.329807,127.376232,2016,전용주,042-288-3950,대전광역시 서구청,2025-06-26
변동475,1,대전광역시 서구 도솔로 228-8,대전광역시 서구 변동 71-3,36.33017242,127.3765399,2016,한전주,042-288-3950,대전광역시 서구청,2025-06-26
변동476,1,대전광역시 서구 도솔로 228-14,대전광역시 서구 변동 71-4,36.330263,127.3767708,2016,한전주,042-288-3950,대전광역시 서구청,2025-06-26
변동477,1,대전광역시 서구 도솔로 228-32,대전광역시 서구 변동 71-20,36.33010868,127.3770624,2016,한전주,042-288-3950,대전광역시 서구청,2025-06-26
변동478,1,,대전광역시 서구 변동 76-6,36.330022,127.377489,2016,한전주,042-288-3950,대전광역시 서구청,2025-06-26
변동479,1,대전광역시 서구 변동중로 63-2,대전광역시 서구 변동 71-51,36.32973114,127.376198,2016,한전주,042-288-3950,대전광역시 서구청,2025-06-26
변동480,1,대전광역시 서구 도솔로 211-3,대전광역시 서구 변동 73-38,36.32934712,127.375072,2016,전용주,042-288-3950,대전광역시 서구청,2025-06-26
변동481,1,대전광역시 서구 도솔로 215,대전광역시 서구 변동 73-20,36.329605,127.3754773,2016,한전주,042-288-3950,대전광역시 서구청,2025-06-26
변동482,1,대전광역시 서구 배재로262번길 86,대전광역시 서구 변동 73-60,36.330073,127.3754344,2016,한전주,042-288-3950,대전광역시 서구청,2025-06-26
변동483,1,대전광역시 서구 동서대로1030번길 32,대전광역시 서구 변동 74-55,36.330295,127.374910,2016,한전주,042-288-3950,대전광역시 서구청,2025-06-26
변동484,1,대전광역시 서구 동서대로1030번길 32,대전광역시 서구 변동 74-55,36.33029208,127.374910,2016,한전주,042-288-3950,대전광역시 서구청,2025-06-26
변동485,1,대전광역시 서구 동서대로1030번길 34,대전광역시 서구 변동 74-54,36.330104,127.3748327,2016,전용주,042-288-3950,대전광역시 서구청,2025-06-26
변동486,1,대전광역시 서구 동서대로1030번길 38,대전광역시 서구 변동 74-53,36.33008427,127.3747653,2016,한전주,042-288-3950,대전광역시 서구청,2025-06-26
변동487,1,대전광역시 서구 동서대로1030번길 42,대전광역시 서구 변동 74-51,36.329758,127.374672,2016,한전주,042-288-3950,대전광역시 서구청,2025-06-26
변동488,1,대전광역시 서구 동서대로1030번길 52,대전광역시 서구 변동 74-3,36.3294782,127.3744006,2016,한전주,042-288-3950,대전광역시 서구청,2025-06-26
변동489,1,대전광역시 서구 동서대로1030번길 52,대전광역시 서구 변동 74-3,36.3294782,127.374428,2016,한전주,042-288-3950,대전광역시 서구청,2025-06-26
변동490,1,대전광역시 서구 동서대로1030번길 58-6,대전광역시 서구 변동 74-5,36.32947505,127.374141,2016,한전주,042-288-3950,대전광역시 서구청,2025-06-26
변동491,1,대전광역시 서구 동서대로1030번길 60,대전광역시 서구 변동 74-69,36.329234,127.3742505,2016,한전주,042-288-3950,대전광역시 서구청,2025-06-26
변동492,1,대전광역시 서구 동서대로1030번길 62,대전광역시 서구 변동 74-63,36.32912932,127.374170,2016,한전주,042-288-3950,대전광역시 서구청,2025-06-26
변동493,1,대전광역시 서구 변동중로 53,대전광역시 서구 변동 73-31,36.32902523,127.375025,2016,한전주,042-288-3950,대전광역시 서구청,2025-06-26
변동494,1,대전광역시 서구 동서대로1030번길 57-1,대전광역시 서구 변동 73-12,36.32926713,127.3744935,2016,전용주,042-288-3950,대전광역시 서구청,2025-06-26
변동495,1,대전광역시 서구 동서대로1022번길 59,대전광역시 서구 변동 74-21,36.32952124,127.3736642,2016,한전주,042-288-3950,대전광역시 서구청,2025-06-26
변동496,1,대전광역시 서구 동서대로1022번길 61-4,대전광역시 서구 변동 74-23,36.329362,127.373685,2016,한전주,042-288-3950,대전광역시 서구청,2025-06-26
변동497,1,대전광역시 서구 동서대로1022번길 57-1,대전광역시 서구 변동 74-79,36.3296029,127.3738637,2016,전용주,042-288-3950,대전광역시 서구청,2025-06-26
변동498,1,대전광역시 서구 동서대로1022번길 57,대전광역시 서구 변동 74-10,36.329680,127.373708,2016,한전주,042-288-3950,대전광역시 서구청,2025-06-26
변동499,1,대전광역시 서구 동서대로1022번길 47,대전광역시 서구 변동 74-12,36.33002355,127.3740126,2016,한전주,042-288-3950,대전광역시 서구청,2025-06-26
변동500,1,대전광역시 서구 동서대로1022번길 39,대전광역시 서구 변동 74-14,36.330332,127.3742021,2016,한전주,042-288-3950,대전광역시 서구청,2025-06-26
변동501,1,대전광역시 서구 배재로262번길 64,대전광역시 서구 변동 74-15,36.330534,127.3743643,2016,한전주,042-288-3950,대전광역시 서구청,2025-06-26
변동502,1,대전광역시 서구 배재로262번길 72-8,대전광역시 서구 변동 74-42,36.330114,127.3745755,2016,전용주,042-288-3950,대전광역시 서구청,2025-06-26
변동503,1,대전광역시 서구 배재로262번길 72-12,대전광역시 서구 변동 74-44,36.33000594,127.374457,2016,한전주,042-288-3950,대전광역시 서구청,2025-06-26
변동504,1,대전광역시 서구 배재로262번길 72-16,대전광역시 서구 변동 74-46,36.32980762,127.3743311,2016,전용주,042-288-3950,대전광역시 서구청,2025-06-26
변동505,1,대전광역시 서구 동서대로1030번길 45-6,대전광역시 서구 변동 73-54,36.329496,127.3748393,2016,전용주,042-288-3950,대전광역시 서구청,2025-06-26
변동506,1,대전광역시 서구 동서대로1030번길 45-11,대전광역시 서구 변동 73-56,36.329723,127.375026,2016,한전주,042-288-3950,대전광역시 서구청,2025-06-26
변동507,1,대전광역시 서구 동서대로1030번길 45-17,대전광역시 서구 변동 73-58,36.33000626,127.375171,2016,한전주,042-288-3950,대전광역시 서구청,2025-06-26
변동508,1,대전광역시 서구 동서대로1030번길 45-19,대전광역시 서구 변동 73-59,36.33015115,127.3752522,2016,전용주,042-288-3950,대전광역시 서구청,2025-06-26
변동509,1,대전광역시 서구 동서대로1022번길 53,대전광역시 서구 변동 74-11,36.32976498,127.3738467,2016,전용주,042-288-3950,대전광역시 서구청,2025-06-26
변동510,1,대전광역시 서구 동서대로1022번길 43,대전광역시 서구 변동 74-74,36.33011829,127.3740904,2016,전용주,042-288-3950,대전광역시 서구청,2025-06-26
변동511,1,,대전광역시 서구 변동 75-1,36.33036748,127.373650,2016,전용주,042-288-3950,대전광역시 서구청,2025-06-26
변동512,1,대전광역시 서구 배재로262번길 60,대전광역시 서구 변동 76-1,36.3311735,127.3728435,2016,한전주,042-288-3950,대전광역시 서구청,2025-06-26
변동513,1,,대전광역시 서구 변동 186-54,36.331242,127.372766,2016,한전주,042-288-3950,대전광역시 서구청,2025-06-26
변동514,1,대전광역시 서구 배재로262번길 60,대전광역시 서구 변동 76-1,36.3311735,127.3728435,2016,한전주,042-288-3950,대전광역시 서구청,2025-06-26
변동515,1,대전광역시 서구 배재로262번길 60,대전광역시 서구 변동 76-1,36.3311735,127.3728435,2016,한전주,042-288-3950,대전광역시 서구청,2025-06-26
변동516,1,대전광역시 서구 동서대로1006번길 63-1,대전광역시 서구 변동 76-8,36.330298,127.372163,2016,한전주,042-288-3950,대전광역시 서구청,2025-06-26
변동517,1,대전광역시 서구 동서대로1006번길 63-5,대전광역시 서구 변동 76-9,36.33015889,127.372363,2016,한전주,042-288-3950,대전광역시 서구청,2025-06-26
변동518,1,대전광역시 서구 동서대로1006번길 63-15,대전광역시 서구 변동 76-12,36.32995627,127.3727597,2016,한전주,042-288-3950,대전광역시 서구청,2025-06-26
변동519,1,대전광역시 서구 동서대로1006번길 63-24,대전광역시 서구 변동 75-18,36.329684,127.3731081,2016,한전주,042-288-3950,대전광역시 서구청,2025-06-26
변동520,1,대전광역시 서구 변동중로45번길 54,대전광역시 서구 변동 76-19,36.329931,127.3720056,2016,한전주,042-288-3950,대전광역시 서구청,2025-06-26
변동521,1,,대전광역시 서구 변동 산10-57,36.33049374,127.3715648,2016,한전주,042-288-3950,대전광역시 서구청,2025-06-26
변동522,1,대전광역시 서구 변동중로45번길 51-2,대전광역시 서구 변동 77-11,36.32963895,127.3718985,2016,전용주,042-288-3950,대전광역시 서구청,2025-06-26
변동523,1,대전광역시 서구 변동중로45번길 47-4,대전광역시 서구 변동 77-15,36.329408,127.372070,2016,한전주,042-288-3950,대전광역시 서구청,2025-06-26
변동524,1,대전광역시 서구 변동중로45번길 25-11,대전광역시 서구 변동 79-15,36.32885896,127.373232,2016,한전주,042-288-3950,대전광역시 서구청,2025-06-26
변동525,1,대전광역시 서구 배재로232번길 29-13,대전광역시 서구 변동 77-26,36.32921599,127.372356,2016,한전주,042-288-3950,대전광역시 서구청,2025-06-26
변동526,1,대전광역시 서구 변동 배재로232번길 29-11,대전광역시 서구 변동 77-33,36.329033,127.372277,2016,전용주,042-288-3950,대전광역시 서구청,2025-06-26
변동527,1,대전광역시 서구 배재로232번길 29-7,대전광역시 서구 변동 77-40,36.32893104,127.372165,2016,한전주,042-288-3950,대전광역시 서구청,2025-06-26
변동528,1,대전광역시 서구 동서대로1006번길 85-7,대전광역시 서구 변동 77-30,36.3292886,127.371888,2016,한전주,042-288-3950,대전광역시 서구청,2025-06-26
변동529,1,대전광역시 서구 동서대로1006번길 77,대전광역시 서구 변동 77-8,36.329560,127.3717449,2016,한전주,042-288-3950,대전광역시 서구청,2025-06-26
변동530,1,대전광역시 서구 동서대로1006번길 87,대전광역시 서구 변동 77-35,36.32919791,127.371465,2016,한전주,042-288-3950,대전광역시 서구청,2025-06-26
변동531,1,대전광역시 서구 동서대로1006번길 88,대전광역시 서구 변동 247,36.329269,127.3712705,2016,한전주,042-288-3950,대전광역시 서구청,2025-06-26
변동532,1,대전광역시 서구 배재로 232,대전광역시 서구 변동 252-118,36.32909677,127.370766,2016,한전주,042-288-3950,대전광역시 서구청,2025-06-26
변동533,1,대전광역시 서구 동서대로1006번길 92,대전광역시 서구 변동 247-1,36.32914624,127.371205,2016,한전주,042-288-3950,대전광역시 서구청,2025-06-26
변동534,1,대전광역시 서구 배재로232번길 17,대전광역시 서구 변동 77-45,36.32902283,127.371561,2016,한전주,042-288-3950,대전광역시 서구청,2025-06-26
변동535,1,대전광역시 서구 배재로232번길 25,대전광역시 서구 변동 77-42,36.32888338,127.371878,2016,한전주,042-288-3950,대전광역시 서구청,2025-06-26
변동536,1,대전광역시 서구 배재로232번길 27,대전광역시 서구 변동 77-41,36.328707,127.372050,2016,한전주,042-288-3950,대전광역시 서구청,2025-06-26
변동537,1,대전광역시 서구 배재로232번길 33,대전광역시 서구 변동 78-15,36.32865486,127.372402,2016,전용주,042-288-3950,대전광역시 서구청,2025-06-26
변동538,1,대전광역시 서구 배재로220번길 25-7,대전광역시 서구 변동 81-7,36.328036,127.3719548,2016,한전주,042-288-3950,대전광역시 서구청,2025-06-26
변동539,1,대전광역시 서구 배재로220번길 25-7,대전광역시 서구 변동 81-7,36.32802836,127.3719548,2016,전용주,042-288-3950,대전광역시 서구청,2025-06-26
변동540,1,대전광역시 서구 배재로220번길 23,대전광역시 서구 변동 81-13,36.32782667,127.371841,2016,한전주,042-288-3950,대전광역시 서구청,2025-06-26
변동541,1,대전광역시 서구 배재로220번길 15,대전광역시 서구 변동 81-3,36.3279311,127.371497,2016,한전주,042-288-3950,대전광역시 서구청,2025-06-26
변동542,1,대전광역시 서구 배재로220번길 11-2,대전광역시 서구 변동 81-22,36.327901,127.371225,2016,한전주,042-288-3950,대전광역시 서구청,2025-06-26
변동543,1,,대전광역시 서구 변동 81-26,36.32811551,127.3707968,2016,한전주,042-288-3950,대전광역시 서구청,2025-06-26
변동544,1,,대전광역시 서구 변동 304-26,36.32874592,127.370911,2016,한전주,042-288-3950,대전광역시 서구청,2025-06-26
변동545,1,,대전광역시 서구 변동 304-26,36.328724,127.3709237,2016,한전주,042-288-3950,대전광역시 서구청,2025-06-26
변동546,1,대전광역시 서구 배재로232번길 18,대전광역시 서구 변동 80-8,36.32878924,127.3713991,2016,전용주,042-288-3950,대전광역시 서구청,2025-06-26
변동547,1,대전광역시 서구 배재로220번길 11-7,대전광역시 서구 변동 81-15,36.328203,127.3712739,2016,전용주,042-288-3950,대전광역시 서구청,2025-06-26
변동548,1,대전광역시 서구 동서대로1006번길 105-6,대전광역시 서구 변동 81-23,36.32835785,127.371155,2016,한전주,042-288-3950,대전광역시 서구청,2025-06-26
변동549,1,대전광역시 서구 동서대로1006번길 105-14,대전광역시 서구 변동 81-4,36.32810415,127.371599,2016,한전주,042-288-3950,대전광역시 서구청,2025-06-26
변동550,1,대전광역시 서구 동서대로1006번길 105-15,대전광역시 서구 변동 80-25,36.32830838,127.3718046,2016,한전주,042-288-3950,대전광역시 서구청,2025-06-26
변동551,1,대전광역시 서구 배재로 229,대전광역시 서구 변동 252-62,36.32906616,127.3702996,2016,한전주,042-288-3950,대전광역시 서구청,2025-06-26
변동552,1,대전광역시 서구 변동 변동서로 15-7,대전광역시 서구 변동 252-12,36.3295183,127.3689533,2016,한전주,042-288-3950,대전광역시 서구청,2025-06-26
변동553,1,대전광역시 서구 배재로227번길 16,대전광역시 서구 변동 252-48,36.329012,127.369654,2016,한전주,042-288-3950,대전광역시 서구청,2025-06-26
변동554,1,대전광역시 서구 변동서로27번길 66-2,대전광역시 서구 변동 252-101,36.328573,127.369663,2016,한전주,042-288-3950,대전광역시 서구청,2025-06-26
변동555,1,대전광역시 서구 변동서로27번길 62,대전광역시 서구 변동 252-100,36.32849781,127.3694477,2016,한전주,042-288-3950,대전광역시 서구청,2025-06-26
변동556,1,대전광역시 서구 변동서로27번길 57,대전광역시 서구 변동 252-98,36.32872909,127.3693205,2016,한전주,042-288-3950,대전광역시 서구청,2025-06-26
변동557,1,대전광역시 서구 배재로227번길 25,대전광역시 서구 변동 252-125,36.32888036,127.3690115,2016,한전주,042-288-3950,대전광역시 서구청,2025-06-26
변동558,1,대전광역시 서구 변동 배재로233번길 23-4,대전광역시 서구 변동 252-127,36.32930195,127.369093,2016,한전주,042-288-3950,대전광역시 서구청,2025-06-26
변동559,1,대전광역시 서구 배재로227번길 31,대전광역시 서구 변동 254-408,36.3288854,127.3686937,2016,한전주,042-288-3950,대전광역시 서구청,2025-06-26
변동560,1,대전광역시 서구 변동서로27번길 19-14,대전광역시 서구 변동 254-410,36.328919,127.3682903,2016,한전주,042-288-3950,대전광역시 서구청,2025-06-26
변동561,1,대전광역시 서구 변동서로27번길 19-14,대전광역시 서구 변동 254-410,36.3289189,127.368298,2016,한전주,042-288-3950,대전광역시 서구청,2025-06-26
변동562,1,대전광역시 서구 변동서로27번길 19-10,대전광역시 서구 변동 252-80,36.328970,127.368102,2016,한전주,042-288-3950,대전광역시 서구청,2025-06-26
변동563,1,대전광역시 서구 변동서로27번길 29,대전광역시 서구 변동 252-77,36.32879854,127.3677218,2016,한전주,042-288-3950,대전광역시 서구청,2025-06-26
변동564,1,,대전광역시 서구 변동 257-67,36.328474,127.367363,2016,한전주,042-288-3950,대전광역시 서구청,2025-06-26
변동565,1,대전광역시 서구 변동서로27번길 29,대전광역시 서구 변동 252-77,36.32879854,127.3677218,2016,한전주,042-288-3950,대전광역시 서구청,2025-06-26
변동566,1,대전광역시 서구 변동서로27번길 33,대전광역시 서구 변동 252-76,36.3287803,127.3679092,2016,한전주,042-288-3950,대전광역시 서구청,2025-06-26
변동567,1,대전광역시 서구 배재로227번길 37-10,대전광역시 서구 변동 252-72,36.32856265,127.3682663,2016,한전주,042-288-3950,대전광역시 서구청,2025-06-26
변동568,1,대전광역시 서구 배재로227번길 37-10,대전광역시 서구 변동 252-72,36.32856265,127.3682663,2016,한전주,042-288-3950,대전광역시 서구청,2025-06-26
변동569,1,대전광역시 서구 변동서로27번길 50,대전광역시 서구 변동 252-90,36.32853791,127.368728,2016,한전주,042-288-3950,대전광역시 서구청,2025-06-26
변동570,1,대전광역시 서구 변동서로 15-15,대전광역시 서구 변동 252-15,36.329202,127.3689473,2016,한전주,042-288-3950,대전광역시 서구청,2025-06-26
변동571,1,대전광역시 서구 변동 변동서로 15-11,대전광역시 서구 변동 252-13,36.3293728,127.3689406,2016,한전주,042-288-3950,대전광역시 서구청,2025-06-26
변동572,1,대전광역시 서구 변동서로 17,대전광역시 서구 변동 253-51,36.329736,127.3687382,2016,한전주,042-288-3950,대전광역시 서구청,2025-06-26
변동573,1,,대전광역시 서구 변동 254-372,36.329811,127.368424,2016,한전주,042-288-3950,대전광역시 서구청,2025-06-26
변동574,1,대전광역시 서구 배재로227번길 47,대전광역시 서구 변동 254-390,36.329597,127.3683279,2016,한전주,042-288-3950,대전광역시 서구청,2025-06-26
변동575,1,,대전광역시 서구 변동 254-889,36.329320,127.368386,2016,한전주,042-288-3950,대전광역시 서구청,2025-06-26
변동576,1,대전광역시 서구 변동서로 23-9,대전광역시 서구 변동 254-383,36.3295361,127.3681787,2016,한전주,042-288-3950,대전광역시 서구청,2025-06-26
변동577,1,대전광역시 서구 변동서로 23-3,대전광역시 서구 변동 254-381,36.329767,127.3682028,2016,한전주,042-288-3950,대전광역시 서구청,2025-06-26
변동578,1,대전광역시 서구 변동서로 24,대전광역시 서구 변동 254-366,36.3300054,127.3681311,2016,한전주,042-288-3950,대전광역시 서구청,2025-06-26
변동579,1,대전광역시 서구 변동서로27번길 6,대전광역시 서구 변동 254-262,36.329636,127.3674957,2016,한전주,042-288-3950,대전광역시 서구청,2025-06-26
변동580,1,대전광역시 서구 변동서로27번길 14,대전광역시 서구 변동 254-265,36.32933371,127.367471,2016,한전주,042-288-3950,대전광역시 서구청,2025-06-26
변동581,1,대전광역시 서구 변동서로 3,대전광역시 서구 변동 251-3,36.32968588,127.370207,2016,한전주,042-288-3950,대전광역시 서구청,2025-06-26
변동582,1,대전광역시 서구 변동서로 5,대전광역시 서구 변동 251-2,36.32968387,127.3701124,2016,한전주,042-288-3950,대전광역시 서구청,2025-06-26
변동583,1,대전광역시 서구 변동서로 7-1,대전광역시 서구 변동 253-59,36.32968485,127.369705,2016,한전주,042-288-3950,대전광역시 서구청,2025-06-26
변동584,1,대전광역시 서구 변동서로 12,대전광역시 서구 변동 253-42,36.32995458,127.3693276,2016,한전주,042-288-3950,대전광역시 서구청,2025-06-26
변동585,1,대전광역시 서구 변동서로12번길 11,대전광역시 서구 변동 253-44,36.33021618,127.3691565,2016,한전주,042-288-3950,대전광역시 서구청,2025-06-26
변동586,1,대전광역시 서구 변동서로12번길 15,대전광역시 서구 변동 253-19,36.33045374,127.369057,2016,한전주,042-288-3950,대전광역시 서구청,2025-06-26
변동587,1,대전광역시 서구 변동서로6번길 22,대전광역시 서구 변동 254-329,36.330610,127.369608,2016,한전주,042-288-3950,대전광역시 서구청,2025-06-26
변동588,1,대전광역시 서구 변동서로6번길 12,대전광역시 서구 변동 254-332,36.33028173,127.3699308,2016,한전주,042-288-3950,대전광역시 서구청,2025-06-26
변동589,1,대전광역시 서구 변동서로6번길 14,대전광역시 서구 변동 254-331,36.330370,127.369854,2016,전용주,042-288-3950,대전광역시 서구청,2025-06-26
변동590,1,대전광역시 서구 변동서로6번길 177,대전광역시 서구 변동 254-322,36.33069762,127.370163,2016,전용주,042-288-3950,대전광역시 서구청,2025-06-26
변동591,1,대전광역시 서구 변동서로6번길 175,대전광역시 서구 변동 254-321,36.330838,127.3700568,2016,한전주,042-288-3950,대전광역시 서구청,2025-06-26
변동592,1,대전광역시 서구 변동서로6번길 167,대전광역시 서구 변동 254-318,36.33113772,127.369828,2016,한전주,042-288-3950,대전광역시 서구청,2025-06-26
변동593,1,대전광역시 서구 변동서로6번길 28,대전광역시 서구 변동 254-327,36.330946,127.3695188,2016,한전주,042-288-3950,대전광역시 서구청,2025-06-26
변동594,1,대전광역시 서구 변동서로6번길 27,대전광역시 서구 변동 255-12,36.330836,127.3692646,2016,한전주,042-288-3950,대전광역시 서구청,2025-06-26
변동595,1,대전광역시 서구 변동서로28번길 12-24,대전광역시 서구 변동 255,36.330693,127.3688946,2016,한전주,042-288-3950,대전광역시 서구청,2025-06-26
변동596,1,,대전광역시 서구 변동 264-364,36.330111,127.368281,2016,한전주,042-288-3950,대전광역시 서구청,2025-06-26
변동597,1,대전광역시 서구 배재로233번길 51,대전광역시 서구 변동 253-4,36.330541,127.3684469,2016,한전주,042-288-3950,대전광역시 서구청,2025-06-26
변동598,1,,대전광역시 서구 변동 254-364,36.33020019,127.3679983,2016,한전주,042-288-3950,대전광역시 서구청,2025-06-26
변동599,1,,대전광역시 서구 변동 254-364,36.33020019,127.3679983,2016,한전주,042-288-3950,대전광역시 서구청,2025-06-26
변동600,1,대전광역시 서구 변동서로28번길 3,대전광역시 서구 변동 254-259,36.330005,127.3675284,2016,한전주,042-288-3950,대전광역시 서구청,2025-06-26
변동601,1,대전광역시 서구 변동서로28번길 16,대전광역시 서구 변동 254-270,36.33062889,127.3677324,2016,한전주,042-288-3950,대전광역시 서구청,2025-06-26
변동602,1,대전광역시 서구 변동서로28번길 24,대전광역시 서구 변동 254-267,36.33097447,127.3675344,2016,한전주,042-288-3950,대전광역시 서구청,2025-06-26
변동603,1,대전광역시 서구 배재로227번길 85,대전광역시 서구 변동 254-277,36.331052,127.367740,2016,한전주,042-288-3950,대전광역시 서구청,2025-06-26
변동604,1,대전광역시 서구 배재로227번길 78,대전광역시 서구 변동 305-10,36.330790,127.3681158,2016,한전주,042-288-3950,대전광역시 서구청,2025-06-26
변동605,1,대전광역시 서구 변동서로12번길 27,대전광역시 서구 변동 254-291,36.330876,127.3687982,2016,한전주,042-288-3950,대전광역시 서구청,2025-06-26
변동606,1,대전광역시 서구 변동서로12번길 32,대전광역시 서구 변동 254-298,36.33119658,127.368892,2016,한전주,042-288-3950,대전광역시 서구청,2025-06-26
변동607,1,,대전광역시 서구 변동 254-365,36.32998698,127.3682609,2016,한전주,042-288-3950,대전광역시 서구청,2025-06-26
변동608,1,대전광역시 서구 변동서로6번길 36,대전광역시 서구 변동 254-308,36.33133955,127.369242,2016,한전주,042-288-3950,대전광역시 서구청,2025-06-26
변동609,1,대전광역시 서구 변동서로6번길 30,대전광역시 서구 변동 255-7,36.33119379,127.369352,2016,한전주,042-288-3950,대전광역시 서구청,2025-06-26
변동610,1,대전광역시 서구 변동서로6번길 160,대전광역시 서구 변동 254-313,36.33139624,127.3694294,2016,한전주,042-288-3950,대전광역시 서구청,2025-06-26
변동611,1,대전광역시 서구 변동서로6번길 150,대전광역시 서구 변동 254-167,36.331757,127.3691945,2016,한전주,042-288-3950,대전광역시 서구청,2025-06-26
변동612,1,대전광역시 서구 변동서로28번길 133-35,대전광역시 서구 변동 254-182,36.33161872,127.3687364,2016,한전주,042-288-3950,대전광역시 서구청,2025-06-26
변동613,1,대전광역시 서구 변동서로28번길 133-5,대전광역시 서구 변동 254-235,36.33103374,127.3671931,2016,한전주,042-288-3950,대전광역시 서구청,2025-06-26
변동614,1,대전광역시 서구 변동서로28번길 133-3,대전광역시 서구 변동 254-236,36.330919,127.367015,2016,한전주,042-288-3950,대전광역시 서구청,2025-06-26
변동615,1,,대전광역시 서구 변동 120,36.331353,127.366658,2016,한전주,042-288-3950,대전광역시 서구청,2025-06-26
변동616,1,,대전광역시 서구 변동 112,36.331671,127.366467,2016,한전주,042-288-3950,대전광역시 서구청,2025-06-26
변동617,1,,대전광역시 서구 변동 106,36.331953,127.366324,2016,한전주,042-288-3950,대전광역시 서구청,2025-06-26
변동618,1,,대전광역시 서구 변동 97,36.332351,127.366084,2016,한전주,042-288-3950,대전광역시 서구청,2025-06-26
변동619,1,,대전광역시 서구 변동 89,36.332552,127.365959,2016,한전주,042-288-3950,대전광역시 서구청,2025-06-26
변동620,1,대전광역시 서구 변동서로28번길 82,대전광역시 서구 변동 254-445,36.33309088,127.365866,2016,전용주,042-288-3950,대전광역시 서구청,2025-06-26
변동621,1,,대전광역시 서구 변동 254-447,36.33311952,127.3660754,2016,전용주,042-288-3950,대전광역시 서구청,2025-06-26
변동622,1,,대전광역시 서구 변동 74,36.332859,127.366384,2016,한전주,042-288-3950,대전광역시 서구청,2025-06-26
변동623,1,대전광역시 서구 변동서로28번길 62,대전광역시 서구 변동 254-83,36.332491,127.3666935,2016,한전주,042-288-3950,대전광역시 서구청,2025-06-26
변동624,1,대전광역시 서구 변동서로28번길 37,대전광역시 서구 변동 254-13,36.331420,127.3669761,2016,한전주,042-288-3950,대전광역시 서구청,2025-06-26
변동625,1,대전광역시 서구 변동서로28번길 31,대전광역시 서구 변동 254-30,36.331106,127.3671431,2016,한전주,042-288-3950,대전광역시 서구청,2025-06-26
변동626,1,대전광역시 서구 배재로227번길 96,대전광역시 서구 변동 254-42,36.33150157,127.367644,2016,한전주,042-288-3950,대전광역시 서구청,2025-06-26
변동627,1,대전광역시 서구 배재로227번길 104,대전광역시 서구 변동 254-39,36.33185642,127.367454,2016,한전주,042-288-3950,대전광역시 서구청,2025-06-26
변동628,1,대전광역시 서구 변동 배재로227번길 108,대전광역시 서구 변동 254-217,36.33208438,127.3673646,2016,한전주,042-288-3950,대전광역시 서구청,2025-06-26
변동629,1,대전광역시 서구 배재로227번길 116,대전광역시 서구 변동 254-101,36.332323,127.3672079,2016,한전주,042-288-3950,대전광역시 서구청,2025-06-26
변동630,1,대전광역시 서구 배재로227번길 126,대전광역시 서구 변동 254-98,36.33275649,127.366970,2016,한전주,042-288-3950,대전광역시 서구청,2025-06-26
변동631,1,대전광역시 서구 배재로227번길 130,대전광역시 서구 변동 254-96,36.33300085,127.366818,2016,한전주,042-288-3950,대전광역시 서구청,2025-06-26
변동632,1,대전광역시 서구 배재로227번길 136,대전광역시 서구 변동 254-94,36.333234,127.3667285,2016,한전주,042-288-3950,대전광역시 서구청,2025-06-26
변동633,1,대전광역시 서구 변동서로28번길 78-17,대전광역시 서구 변동 254-451,36.33393354,127.3671952,2016,한전주,042-288-3950,대전광역시 서구청,2025-06-26
변동634,1,,대전광역시 서구 변동 254-129,36.33346878,127.3675851,2016,한전주,042-288-3950,대전광역시 서구청,2025-06-26
변동635,1,대전광역시 서구 변동서로12번길 80,대전광역시 서구 변동 254-132,36.333155,127.367793,2016,한전주,042-288-3950,대전광역시 서구청,2025-06-26
변동636,1,대전광역시 서구 변동서로12번길 76,대전광역시 서구 변동 254-133,36.33297892,127.367835,2016,한전주,042-288-3950,대전광역시 서구청,2025-06-26
변동637,1,대전광역시 서구 변동서로12번길 66,대전광역시 서구 변동 254-187,36.33251347,127.368111,2016,한전주,042-288-3950,대전광역시 서구청,2025-06-26
변동638,1,대전광역시 서구 변동서로12번길 52,대전광역시 서구 변동 254-183,36.332037,127.3684145,2016,한전주,042-288-3950,대전광역시 서구청,2025-06-26
변동639,1,대전광역시 서구 변동서로28번길 133-35,대전광역시 서구 변동 254-182,36.33161872,127.3687364,2016,한전주,042-288-3950,대전광역시 서구청,2025-06-26
변동640,1,대전광역시 서구 변동서로6번길 58,대전광역시 서구 변동 254-172,36.33220846,127.3688198,2016,한전주,042-288-3950,대전광역시 서구청,2025-06-26
변동641,1,대전광역시 서구 변동 변동서로6번길 70,대전광역시 서구 변동 254-416,36.33134523,127.3681998,2016,한전주,042-288-3950,대전광역시 서구청,2025-06-26
변동642,1,,대전광역시 서구 변동 254-150,36.333009,127.3683027,2016,한전주,042-288-3950,대전광역시 서구청,2025-06-26
변동643,1,,대전광역시 서구 변동 254-147,36.333438,127.368010,2016,한전주,042-288-3950,대전광역시 서구청,2025-06-26
변동644,1,,대전광역시 서구 변동 254-145,36.33366857,127.3676725,2016,한전주,042-288-3950,대전광역시 서구청,2025-06-26
변동645,1,대전광역시 서구 변동서로6번길 144,대전광역시 서구 변동 254-165,36.332021,127.3690704,2016,한전주,042-288-3950,대전광역시 서구청,2025-06-26
변동646,1,대전광역시 서구 변동서로6번길 132,대전광역시 서구 변동 254-161,36.332484,127.3688155,2016,한전주,042-288-3950,대전광역시 서구청,2025-06-26
변동647,1,대전광역시 서구 변동서로6번길 130,대전광역시 서구 변동 254-160,36.33259431,127.3687454,2016,한전주,042-288-3950,대전광역시 서구청,2025-06-26
변동648,1,,대전광역시 서구 변동 254-153,36.33287045,127.3685915,2016,한전주,042-288-3950,대전광역시 서구청,2025-06-26
변동649,1,대전광역시 서구 변동서로6번길 116,대전광역시 서구 변동 254-155,36.333154,127.3684674,2016,한전주,042-288-3950,대전광역시 서구청,2025-06-26
변동650,1,대전광역시 서구 변동서로6번길 112,대전광역시 서구 변동 254-157,36.33337346,127.3683086,2016,한전주,042-288-3950,대전광역시 서구청,2025-06-26
변동651,1,대전광역시 서구 변동서로6번길 106,대전광역시 서구 변동 254-158,36.3334832,127.368228,2016,전용주,042-288-3950,대전광역시 서구청,2025-06-26
변동652,1,대전광역시 서구 변동서로6번길 74,대전광역시 서구 변동 254-152,36.33281518,127.368435,2016,한전주,042-288-3950,대전광역시 서구청,2025-06-26
변동653,1,대전광역시 서구 변동서로12번길 70,대전광역시 서구 변동 254-136,36.332611,127.368014,2016,한전주,042-288-3950,대전광역시 서구청,2025-06-26
변동654,1,대전광역시 서구 배재로227번길 115,대전광역시 서구 변동 254-86,36.332215,127.366946,2016,한전주,042-288-3950,대전광역시 서구청,2025-06-26
변동655,1,대전광역시 서구 변동서로28번길 51,대전광역시 서구 변동 254-229,36.3319677,127.366642,2016,한전주,042-288-3950,대전광역시 서구청,2025-06-26
변동656,1,,대전광역시 서구 변동 산10-62,36.333713,127.3685106,2016,전용주,042-288-3950,대전광역시 서구청,2025-06-26
변동657,1,대전광역시 서구 변동중로 54,대전광역시 서구 변동 21-2,36.32887272,127.3754284,2016,한전주,042-288-3950,대전광역시 서구청,2025-06-26
변동658,1,대전광역시 서구 도산로 164,대전광역시 서구 변동 62-8,36.323029,127.3786918,2016,전용주,042-288-3950,대전광역시 서구청,2025-06-26
변동659,1,대전광역시 서구 도산로207번길 88,대전광역시 서구 변동 21-21,36.328311,127.375439,2023,한전주,042-288-3950,대전광역시 서구청,2025-06-26
변동660,1,대전광역시 서구 변정4길 26,대전광역시 서구 변동 67-1,36.322391,127.383974,2023,전용주,042-288-3950,대전광역시 서구청,2025-06-26
변동661,1,대전광역시 서구 동서대로1030번길 51-1,대전광역시 서구 변동 73-64,36.3293237,127.374759,2023,전용주,042-288-3950,대전광역시 서구청,2025-06-26
변동662,1,대전광역시 서구 변정7길 56,대전광역시 서구 변동 65-21,36.321942,127.3819937,2023,전용주,042-288-3950,대전광역시 서구청,2025-06-26
변동663,1,대전광역시 서구 변정1길 68,대전광역시 서구 변동 62-40,36.323262,127.379224,2023,한전주,042-288-3950,대전광역시 서구청,2025-06-26
변동664,1,대전광역시 서구 중반5길 41,대전광역시 서구 변동 6-6,36.327448,127.383980,2023,한전주,042-288-3950,대전광역시 서구청,2025-06-26
변동665,1,대전광역시 서구 중반5길 96,대전광역시 서구 변동 38-29,36.326277,127.3852994,2023,전용주,042-288-3950,대전광역시 서구청,2025-06-26
변동666,1,대전광역시 서구 도산로207번길 88,대전광역시 서구 변동 21-21,36.3283933,127.375479,2023,한전주,042-288-3950,대전광역시 서구청,2025-06-26
변동667,1,대전광역시 서구 동서대로1064번길 4,대전광역시 서구 변동 15-5,36.329668,127.378823,2023,전용주,042-288-3950,대전광역시 서구청,2025-06-26
변동668,1,대전광역시 서구 도산로213번길 14-1,대전광역시 서구 변동 18-12,36.327947,127.3789742,2023,한전주,042-288-3950,대전광역시 서구청,2025-06-26
변동669,1,대전광역시 서구 중반5길 96,대전광역시 서구 변동 38-29,36.326284,127.385275,2023,한전주,042-288-3950,대전광역시 서구청,2025-06-26
변동670,1,대전광역시 서구 변동 중반8길 63,대전광역시 서구 변동 3-13,36.326769,127.3851622,2023,한전주,042-288-3950,대전광역시 서구청,2025-06-26
변동671,1,,대전광역시 서구 변동 54-1,36.3247386,127.3757901,2023,전용주,042-288-3950,대전광역시 서구청,2025-06-26
변동672,1,,대전광역시 서구 변동 56-12,36.323236,127.3753636,2023,한전주,042-288-3950,대전광역시 서구청,2025-06-26
변동673,1,,대전광역시 서구 변동 20-62,36.32821558,127.3759445,2023,한전주,042-288-3950,대전광역시 서구청,2025-06-26
변동674,1,대전광역시 서구 배재로233번길 120,대전광역시 서구 변동 254-110,36.333479,127.367130,2023,한전주,042-288-3950,대전광역시 서구청,2025-06-26
변동675,1,대전광역시 서구 변정1길 54,대전광역시 서구 변동 49-57,36.323928,127.3794636,2023,한전주,042-288-3950,대전광역시 서구청,2025-06-26
변동676,1,대전광역시 서구 중반3길 17,대전광역시 서구 변동 10-30,36.32678578,127.3816291,2023,한전주,042-288-3950,대전광역시 서구청,2025-06-26
변동677,1,대전광역시 서구 중반7길 42,대전광역시 서구 변동 3-23,36.326886,127.385740,2023,한전주,042-288-3950,대전광역시 서구청,2025-06-26
변동678,1,대전광역시 서구 변동 변동서로6번길 138,대전광역시 서구 변동 254-416,36.33134523,127.3681998,2023,전용주,042-288-3950,대전광역시 서구청,2025-06-26
변동678-1,1,대전광역시 서구 도산로207번길 43-14,대전광역시 서구 변동 24-15,36.326865,127.377574,2023,한전주,042-288-3950,대전광역시 서구청,2025-06-26
변동679,1,대전광역시 서구 도마로63번길 76,대전광역시 서구 변동 51-4,36.32559511,127.377674,2023,한전주,042-288-3950,대전광역시 서구청,2025-06-26
변동680,1,,대전광역시 서구 변동 2-47,36.32696888,127.3864936,2023,한전주,042-288-3950,대전광역시 서구청,2025-06-26
변동681,1,,대전광역시 서구 변동 52-1,36.32563125,127.3772664,2023,전용주,042-288-3950,대전광역시 서구청,2025-06-26
변동682,1,대전광역시 서구 동서대로 1138-2,대전광역시 서구 변동 2-60,36.32731792,127.3864556,2023,전용주,042-288-3950,대전광역시 서구청,2025-06-26
변동683,1,대전광역시 서구 도솔로 197,대전광역시 서구 변동 72-4,36.32824837,127.3745725,2023,전용주,042-288-3950,대전광역시 서구청,2025-06-26
변동684,1,,대전광역시 서구 변동 77-34,36.32912258,127.371933,2023,전용주,042-288-3950,대전광역시 서구청,2025-06-26
변동685,1,,대전광역시 서구 변동 299,36.32797101,127.379722,2023,전용주,042-288-3950,대전광역시 서구청,2025-06-26
복수동 테니스장 천변,1,,대전광역시 서구 복수동 405,36.30473644,127.3797868,2023,한전주,042-288-3950,대전광역시 서구청,2025-06-26
복수동001,1,대전광역시 서구 복수동 복수4길 105,대전광역시 서구 복수동 277-226,36.306826,127.371094,2016,한전주,042-288-3950,대전광역시 서구청,2025-06-26
복수동002,1,대전광역시 서구 복수동 복수4길 93,대전광역시 서구 복수동 277-230,36.306626,127.371040,2016,한전주,042-288-3950,대전광역시 서구청,2025-06-26
복수동003,1,대전광역시 서구 복수동 복수4길 107,대전광역시 서구 복수동 277-225,36.306947,127.371315,2016,한전주,042-288-3950,대전광역시 서구청,2025-06-26
복수동004,1,대전광역시 서구 복수동 복수4길 67,대전광역시 서구 복수동 277-162,36.306267,127.371273,2016,한전주,042-288-3950,대전광역시 서구청,2025-06-26
복수동005,1,대전광역시 서구 복수동 복수4길 84,대전광역시 서구 복수동 277-108,36.306598,127.371511,2016,한전주,042-288-3950,대전광역시 서구청,2025-06-26
복수동006,1,대전광역시 서구 복수동 복수4길 92,대전광역시 서구 복수동 277-86,36.306825,127.371590,2016,전용주,042-288-3950,대전광역시 서구청,2025-06-26
복수동007,1,대전광역시 서구 복수동 복수4길 63,대전광역시 서구 복수동 277-135,36.306397,127.371490,2016,한전주,042-288-3950,대전광역시 서구청,2025-06-26
복수동070,1,대전광역시 서구 복수서로 26,대전광역시 서구 복수동 275-23,36.30677337,127.373689,2023,전용주,042-288-3950,대전광역시 서구청,2025-06-26
복수동071,1,,대전광역시 서구 복수동 287-2,36.310028,127.3745218,2016,한전주,042-288-3950,대전광역시 서구청,2025-06-26
복수동072,1,대전광역시 서구 오량2길 3,대전광역시 서구 복수동 284,36.31001578,127.375008,2016,한전주,042-288-3950,대전광역시 서구청,2025-06-26
복수동073,1,대전광역시 서구 오량1길 24,대전광역시 서구 복수동 285-2,36.31023138,127.3752514,2016,한전주,042-288-3950,대전광역시 서구청,2025-06-26
복수동074,1,대전광역시 서구 오량1길 24,대전광역시 서구 복수동 285-2,36.31023138,127.375279,2016,전용주,042-288-3950,대전광역시 서구청,2025-06-26
복수동075,1,대전광역시 서구 오량1길 26,대전광역시 서구 복수동 283-134,36.310297,127.3753968,2016,한전주,042-288-3950,대전광역시 서구청,2025-06-26
복수동076,1,,대전광역시 서구 복수동 283-16,36.310486,127.375623,2016,한전주,042-288-3950,대전광역시 서구청,2025-06-26
복수동077,1,대전광역시 서구 오량1길 40,대전광역시 서구 복수동 283-38,36.3103109,127.375793,2016,한전주,042-288-3950,대전광역시 서구청,2025-06-26
복수동078,1,대전광역시 서구 오량2길 21,대전광역시 서구 복수동 283-215,36.310104,127.3758684,2016,한전주,042-288-3950,대전광역시 서구청,2025-06-26
복수동079,1,대전광역시 서구 오량2길 8,대전광역시 서구 복수동 283-225,36.309882,127.375487,2016,한전주,042-288-3950,대전광역시 서구청,2025-06-26
복수동080,1,대전광역시 서구 오량2길 4,대전광역시 서구 복수동 283-223,36.30977987,127.375152,2016,전용주,042-288-3950,대전광역시 서구청,2025-06-26
복수동081,1,대전광역시 서구 오량3길 8,대전광역시 서구 복수동 283-267,36.30949781,127.375335,2016,한전주,042-288-3950,대전광역시 서구청,2025-06-26
복수동082,1,대전광역시 서구 오량3길 12,대전광역시 서구 복수동 283-237,36.309591,127.375622,2016,한전주,042-288-3950,대전광역시 서구청,2025-06-26
복수동083,1,대전광역시 서구 오량3길 20,대전광역시 서구 복수동 283-259,36.30945712,127.3759286,2016,전용주,042-288-3950,대전광역시 서구청,2025-06-26
복수동084,1,대전광역시 서구 오량2길 20,대전광역시 서구 복수동 283-229,36.30992478,127.375982,2016,한전주,042-288-3950,대전광역시 서구청,2025-06-26
복수동085,1,대전광역시 서구 오량3길 24,대전광역시 서구 복수동 283-240,36.309662,127.376048,2016,한전주,042-288-3950,대전광역시 서구청,2025-06-26
복수동086,1,대전광역시 서구 오량2길 26,대전광역시 서구 복수동 283-260,36.309430,127.3760481,2016,한전주,042-288-3950,대전광역시 서구청,2025-06-26
복수동087,1,대전광역시 서구 오량2길 34,대전광역시 서구 복수동 283-356,36.309374,127.375790,2016,전용주,042-288-3950,대전광역시 서구청,2025-06-26
복수동088,1,대전광역시 서구 오량2길 46,대전광역시 서구 복수동 283-362,36.30914172,127.376082,2016,전용주,042-288-3950,대전광역시 서구청,2025-06-26
복수동089,1,대전광역시 서구 오량2길 52,대전광역시 서구 복수동 283-355,36.308877,127.3761254,2016,한전주,042-288-3950,대전광역시 서구청,2025-06-26
복수동090,1,대전광역시 서구 오량2길 78,대전광역시 서구 복수동 283-350,36.30877511,127.3763586,2016,한전주,042-288-3950,대전광역시 서구청,2025-06-26
복수동091,1,대전광역시 서구 오량2길 67,대전광역시 서구 복수동 283-420,36.308770,127.376689,2016,한전주,042-288-3950,대전광역시 서구청,2025-06-26
복수동092,1,대전광역시 서구 오량2길 63,대전광역시 서구 복수동 283-378,36.30869386,127.3769468,2016,한전주,042-288-3950,대전광역시 서구청,2025-06-26
복수동093,1,대전광역시 서구 오량2길 59,대전광역시 서구 복수동 283-379,36.30869602,127.377182,2016,한전주,042-288-3950,대전광역시 서구청,2025-06-26
복수동094,1,대전광역시 서구 오량4길 67,대전광역시 서구 복수동 283-370,36.308404,127.377648,2016,한전주,042-288-3950,대전광역시 서구청,2025-06-26
복수동095,1,대전광역시 서구 오량4길 65,대전광역시 서구 복수동 283-367,36.30857025,127.3776509,2016,한전주,042-288-3950,대전광역시 서구청,2025-06-26
복수동096,1,대전광역시 서구 오량4길 55,대전광역시 서구 복수동 283-292,36.30902637,127.3775852,2016,한전주,042-288-3950,대전광역시 서구청,2025-06-26
복수동097,1,대전광역시 서구 오량4길 31,대전광역시 서구 복수동 283-339,36.30922323,127.377446,2016,한전주,042-288-3950,대전광역시 서구청,2025-06-26
복수동098,1,대전광역시 서구 오량4길 35,대전광역시 서구 복수동 283-337,36.30931156,127.3777357,2016,한전주,042-288-3950,대전광역시 서구청,2025-06-26
복수동099,1,대전광역시 서구 오량4길 29,대전광역시 서구 복수동 283-312,36.309354,127.377369,2016,한전주,042-288-3950,대전광역시 서구청,2025-06-26
복수동100,1,대전광역시 서구 오량5길 23,대전광역시 서구 복수동 283-306,36.309546,127.377715,2016,한전주,042-288-3950,대전광역시 서구청,2025-06-26
복수동101,1,대전광역시 서구 오량4길 62,대전광역시 서구 복수동 283-41,36.30957842,127.376989,2016,한전주,042-288-3950,대전광역시 서구청,2025-06-26
복수동102,1,대전광역시 서구 오량4길 52,대전광역시 서구 복수동 283-70,36.30947604,127.376698,2016,한전주,042-288-3950,대전광역시 서구청,2025-06-26
복수동103,1,대전광역시 서구 오량2길 49,대전광역시 서구 복수동 283-434,36.30898699,127.3768396,2016,전용주,042-288-3950,대전광역시 서구청,2025-06-26
복수동104,1,대전광역시 서구 오량2길 49,대전광역시 서구 복수동 283-434,36.30898699,127.376857,2016,한전주,042-288-3950,대전광역시 서구청,2025-06-26
복수동105,1,대전광역시 서구 오량2길 70,대전광역시 서구 복수동 283-346,36.30921398,127.3762457,2016,한전주,042-288-3950,대전광역시 서구청,2025-06-26
복수동106,1,대전광역시 서구 오량2길 39,대전광역시 서구 복수동 283-118,36.30952612,127.3764258,2016,한전주,042-288-3950,대전광역시 서구청,2025-06-26
복수동107,1,대전광역시 서구 오량3길 32,대전광역시 서구 복수동 283-245,36.309697,127.376385,2016,한전주,042-288-3950,대전광역시 서구청,2025-06-26
복수동108,1,대전광역시 서구 복수동 오량1길 52,대전광역시 서구 복수동 283-425,36.310407,127.3764683,2016,전용주,042-288-3950,대전광역시 서구청,2025-06-26
복수동109,1,대전광역시 서구 오량1길 49,대전광역시 서구 복수동 283-32,36.31067586,127.3767933,2016,한전주,042-288-3950,대전광역시 서구청,2025-06-26
복수동110,1,대전광역시 서구 오량4길 8,대전광역시 서구 복수동 283-125,36.3102688,127.3767642,2016,한전주,042-288-3950,대전광역시 서구청,2025-06-26
복수동111,1,대전광역시 서구 오량4길 8,대전광역시 서구 복수동 283-125,36.3102688,127.3767642,2016,한전주,042-288-3950,대전광역시 서구청,2025-06-26
복수동112,1,대전광역시 서구 오량4길 10,대전광역시 서구 복수동 283-126,36.310128,127.376871,2016,한전주,042-288-3950,대전광역시 서구청,2025-06-26
복수동113,1,,대전광역시 서구 복수동 283-14,36.310068,127.376579,2016,한전주,042-288-3950,대전광역시 서구청,2025-06-26
복수동114,1,대전광역시 서구 오량4길 32,대전광역시 서구 복수동 283-68,36.30989005,127.376589,2016,전용주,042-288-3950,대전광역시 서구청,2025-06-26
복수동115,1,대전광역시 서구 오량4길 11,대전광역시 서구 복수동 283-146,36.31001417,127.377029,2016,한전주,042-288-3950,대전광역시 서구청,2025-06-26
복수동116,1,대전광역시 서구 오량6길 28,대전광역시 서구 복수동 283-201,36.31004111,127.377327,2016,한전주,042-288-3950,대전광역시 서구청,2025-06-26
복수동117,1,대전광역시 서구 오량6길 50,대전광역시 서구 복수동 283-140,36.310190,127.3771792,2016,전용주,042-288-3950,대전광역시 서구청,2025-06-26
복수동118,1,대전광역시 서구 오량6길 40,대전광역시 서구 복수동 283-273,36.310539,127.3771743,2016,전용주,042-288-3950,대전광역시 서구청,2025-06-26
복수동119,1,대전광역시 서구 오량1길 49,대전광역시 서구 복수동 283-32,36.310651,127.3767933,2016,한전주,042-288-3950,대전광역시 서구청,2025-06-26
복수동120,1,대전광역시 서구 오량1길 57,대전광역시 서구 복수동 283-178,36.310807,127.3772657,2016,한전주,042-288-3950,대전광역시 서구청,2025-06-26
복수동121,1,대전광역시 서구 오량1길 63,대전광역시 서구 복수동 283-148,36.310862,127.3777124,2016,한전주,042-288-3950,대전광역시 서구청,2025-06-26
복수동122,1,대전광역시 서구 오량5길 1,대전광역시 서구 복수동 283-169,36.31071085,127.3777002,2016,한전주,042-288-3950,대전광역시 서구청,2025-06-26
복수동123,1,대전광역시 서구 오량5길 7,대전광역시 서구 복수동 283-161,36.310396,127.377644,2016,한전주,042-288-3950,대전광역시 서구청,2025-06-26
복수동124,1,대전광역시 서구 오량5길 13,대전광역시 서구 복수동 283-164,36.310008,127.3777144,2016,한전주,042-288-3950,대전광역시 서구청,2025-06-26
복수동125,1,대전광역시 서구 오량5길 22,대전광역시 서구 복수동 283-334,36.309657,127.3774555,2016,전용주,042-288-3950,대전광역시 서구청,2025-06-26
복수동126,1,대전광역시 서구 오량6길 17,대전광역시 서구 복수동 283-192,36.309932,127.3780358,2016,전용주,042-288-3950,대전광역시 서구청,2025-06-26
복수동127,1,대전광역시 서구 오량6길 9,대전광역시 서구 복수동 283-189,36.310408,127.3781161,2016,한전주,042-288-3950,대전광역시 서구청,2025-06-26
복수동128,1,대전광역시 서구 오량6길 3,대전광역시 서구 복수동 283-188,36.310755,127.3780908,2016,한전주,042-288-3950,대전광역시 서구청,2025-06-26
복수동129,1,대전광역시 서구 오량1길 53,대전광역시 서구 복수동 283-179,36.31076293,127.3770192,2016,전용주,042-288-3950,대전광역시 서구청,2025-06-26
복수동130,1,대전광역시 서구 오량1길 57,대전광역시 서구 복수동 283-178,36.31081775,127.377201,2016,한전주,042-288-3950,대전광역시 서구청,2025-06-26
복수동131,1,대전광역시 서구 복수동 오량1길 61,대전광역시 서구 복수동 283-176,36.31086643,127.377554,2016,전용주,042-288-3950,대전광역시 서구청,2025-06-26
복수동132,1,대전광역시 서구 오량1길 63,대전광역시 서구 복수동 283-148,36.31089258,127.3777124,2016,전용주,042-288-3950,대전광역시 서구청,2025-06-26
복수동133,1,대전광역시 서구 오량1길 51,대전광역시 서구 복수동 320-1,36.31071723,127.376562,2016,한전주,042-288-3950,대전광역시 서구청,2025-06-26
복수동134,1,,대전광역시 서구 복수동 산2-26,36.310950,127.3784034,2016,전용주,042-288-3950,대전광역시 서구청,2025-06-26
복수동135,1,대전광역시 서구 오량1길 98,대전광역시 서구 복수동 283-1,36.30895881,127.3800491,2016,전용주,042-288-3950,대전광역시 서구청,2025-06-26
복수동136,1,대전광역시 서구 오량1길 98,대전광역시 서구 복수동 283-1,36.30895881,127.3800491,2016,전용주,042-288-3950,대전광역시 서구청,2025-06-26
복수동137,1,대전광역시 서구 오량1길 98,대전광역시 서구 복수동 283-1,36.30895881,127.3800491,2016,전용주,042-288-3950,대전광역시 서구청,2025-06-26
복수동138,1,대전광역시 서구 오량1길 98,대전광역시 서구 복수동 283-1,36.30895881,127.3800491,2016,전용주,042-288-3950,대전광역시 서구청,2025-06-26
복수동139,1,대전광역시 서구 복수북로 61,대전광역시 서구 복수동 283-397,36.30852177,127.376679,2016,한전주,042-288-3950,대전광역시 서구청,2025-06-26
복수동140,1,대전광역시 서구 복수북로 63,대전광역시 서구 복수동 283-395,36.3084739,127.3768847,2016,한전주,042-288-3950,대전광역시 서구청,2025-06-26
복수동141,1,대전광역시 서구 복수북로 65,대전광역시 서구 복수동 283-73,36.30843019,127.377057,2016,한전주,042-288-3950,대전광역시 서구청,2025-06-26
복수동142,1,대전광역시 서구 복수북로 69,대전광역시 서구 복수동 283-414,36.30827024,127.3774807,2016,한전주,042-288-3950,대전광역시 서구청,2025-06-26
복수동143,1,대전광역시 서구 복수중로34번길 43-10,대전광역시 서구 복수동 271-1,36.307989,127.3778215,2016,한전주,042-288-3950,대전광역시 서구청,2025-06-26
복수동144,1,대전광역시 서구 복수중로34번길 43-10,대전광역시 서구 복수동 271-1,36.3079077,127.3778215,2016,한전주,042-288-3950,대전광역시 서구청,2025-06-26
복수동145,1,대전광역시 서구 복수중로34번길 45,대전광역시 서구 복수동 271-4,36.30753938,127.3778249,2016,한전주,042-288-3950,대전광역시 서구청,2025-06-26
복수동146,1,대전광역시 서구 복수동 복수중로34번길 29,대전광역시 서구 복수동 274-6,36.30762982,127.377523,2016,한전주,042-288-3950,대전광역시 서구청,2025-06-26
복수동147,1,대전광역시 서구 복수동 복수중로34번길 29,대전광역시 서구 복수동 274-6,36.30762982,127.3775508,2016,한전주,042-288-3950,대전광역시 서구청,2025-06-26
복수동148,1,대전광역시 서구 복수동 복수중로34번길 29,대전광역시 서구 복수동 274-6,36.30762982,127.3775508,2016,한전주,042-288-3950,대전광역시 서구청,2025-06-26
복수동149,1,,대전광역시 서구 복수동 274-1,36.30870696,127.375791,2016,한전주,042-288-3950,대전광역시 서구청,2025-06-26
복수동150,1,대전광역시 서구 복수중로34번길 3,대전광역시 서구 복수동 274-13,36.307422,127.375441,2016,한전주,042-288-3950,대전광역시 서구청,2025-06-26
복수동151,1,대전광역시 서구 복수중로34번길 45,대전광역시 서구 복수동 271-4,36.30753938,127.3778249,2016,한전주,042-288-3950,대전광역시 서구청,2025-06-26
복수동152,1,대전광역시 서구 복수중로34번길 45,대전광역시 서구 복수동 271-4,36.307529,127.3778249,2016,전용주,042-288-3950,대전광역시 서구청,2025-06-26
복수동153,1,,대전광역시 서구 복수동 271-2,36.307307,127.378291,2016,한전주,042-288-3950,대전광역시 서구청,2025-06-26
복수동154,1,,대전광역시 서구 복수동 270-43,36.30690955,127.3784954,2016,전용주,042-288-3950,대전광역시 서구청,2025-06-26
복수동155,1,,대전광역시 서구 복수동 270-43,36.306987,127.378483,2016,한전주,042-288-3950,대전광역시 서구청,2025-06-26
복수동156,1,,대전광역시 서구 복수동 270-50,36.305379,127.379042,2016,한전주,042-288-3950,대전광역시 서구청,2025-06-26
복수동157,1,대전광역시 서구 복수동 혜천로 66,대전광역시 서구 복수동 376-6,36.304078,127.372521,2016,전용주,042-288-3950,대전광역시 서구청,2025-06-26
복수동158,1,대전광역시 서구 혜천로 66,대전광역시 서구 복수동 376-2,36.30377161,127.3735857,2016,전용주,042-288-3950,대전광역시 서구청,2025-06-26
복수동159,1,대전광역시 서구 혜천로 66,대전광역시 서구 복수동 376-2,36.30377161,127.3735857,2016,전용주,042-288-3950,대전광역시 서구청,2025-06-26
복수동160,1,대전광역시 서구 혜천로 66,대전광역시 서구 복수동 376-2,36.30377161,127.3735857,2016,전용주,042-288-3950,대전광역시 서구청,2025-06-26
복수동161,1,대전광역시 서구 혜천로 66,대전광역시 서구 복수동 376-2,36.30377161,127.3735857,2016,전용주,042-288-3950,대전광역시 서구청,2025-06-26
복수동162,1,대전광역시 서구 혜천로 66,대전광역시 서구 복수동 376-2,36.30377161,127.3735857,2016,전용주,042-288-3950,대전광역시 서구청,2025-06-26
복수동163,1,대전광역시 서구 혜천로 66,대전광역시 서구 복수동 376-2,36.30377161,127.3735857,2016,전용주,042-288-3950,대전광역시 서구청,2025-06-26
복수동164,1,대전광역시 서구 혜천로 66,대전광역시 서구 복수동 376-2,36.30377161,127.3735857,2016,전용주,042-288-3950,대전광역시 서구청,2025-06-26
복수동165,1,대전광역시 서구 혜천로 66,대전광역시 서구 복수동 376-2,36.30377161,127.3735857,2016,전용주,042-288-3950,대전광역시 서구청,2025-06-26
복수동166,1,대전광역시 서구 혜천로 66,대전광역시 서구 복수동 376-2,36.30377161,127.3735857,2016,전용주,042-288-3950,대전광역시 서구청,2025-06-26
복수동167,1,대전광역시 서구 혜천로 66,대전광역시 서구 복수동 376-2,36.30377161,127.3735857,2016,전용주,042-288-3950,대전광역시 서구청,2025-06-26
복수동168,1,대전광역시 서구 혜천로 66,대전광역시 서구 복수동 376-2,36.30377161,127.3735857,2016,전용주,042-288-3950,대전광역시 서구청,2025-06-26
복수동169,1,대전광역시 서구 혜천로 66,대전광역시 서구 복수동 376-2,36.30377161,127.3735857,2016,전용주,042-288-3950,대전광역시 서구청,2025-06-26
복수동170,1,대전광역시 서구 혜천로 66,대전광역시 서구 복수동 376-2,36.30377161,127.3735857,2016,전용주,042-288-3950,대전광역시 서구청,2025-06-26
복수동171,1,대전광역시 서구 유등로 135,대전광역시 서구 복수동 405,36.30473644,127.3797868,2016,한전주,042-288-3950,대전광역시 서구청,2025-06-26
복수동172,1,대전광역시 서구 유등로 135,대전광역시 서구 복수동 405,36.30473644,127.3797868,2016,한전주,042-288-3950,대전광역시 서구청,2025-06-26
복수동173,1,대전광역시 서구 유등로 135,대전광역시 서구 복수동 405,36.30473644,127.3797868,2016,한전주,042-288-3950,대전광역시 서구청,2025-06-26
복수동174,1,대전광역시 서구 복수남로36번길 47,대전광역시 서구 복수동 461,36.30061816,127.377471,2016,한전주,042-288-3950,대전광역시 서구청,2025-06-26
복수동175,1,대전광역시 서구 복수남로36번길 35,대전광역시 서구 복수동 464,36.300084,127.377565,2016,한전주,042-288-3950,대전광역시 서구청,2025-06-26
복수동176,1,대전광역시 서구 복수남로36번길 35,대전광역시 서구 복수동 464,36.3000915,127.3775019,2016,한전주,042-288-3950,대전광역시 서구청,2025-06-26
복수동177,1,대전광역시 서구 복수남로36번길 31,대전광역시 서구 복수동 468,36.29994878,127.3774938,2016,한전주,042-288-3950,대전광역시 서구청,2025-06-26
복수동178,1,대전광역시 서구 복수남로32번길 33,대전광역시 서구 복수동 476,36.299936,127.3779323,2016,한전주,042-288-3950,대전광역시 서구청,2025-06-26
복수동179,1,대전광역시 서구 복수남로32번길 43,대전광역시 서구 복수동 478-1,36.30041437,127.3779672,2016,한전주,042-288-3950,대전광역시 서구청,2025-06-26
복수동180,1,대전광역시 서구 복수동로52번길 5,대전광역시 서구 복수동 499,36.29952307,127.3781751,2016,한전주,042-288-3950,대전광역시 서구청,2025-06-26
복수동181,1,대전광역시 서구 복수남로36번길 21,대전광역시 서구 복수동 507,36.29950282,127.3773404,2016,한전주,042-288-3950,대전광역시 서구청,2025-06-26
복수동182,1,대전광역시 서구 복수동로52번길 32,대전광역시 서구 복수동 518,36.299300,127.377054,2016,한전주,042-288-3950,대전광역시 서구청,2025-06-26
복수동183,1,대전광역시 서구 복수남로 36,대전광역시 서구 복수동 606,36.29840432,127.377488,2016,한전주,042-288-3950,대전광역시 서구청,2025-06-26
복수동184,1,대전광역시 서구 복수남로 40-12,대전광역시 서구 복수동 511,36.29885043,127.3773188,2016,한전주,042-288-3950,대전광역시 서구청,2025-06-26
복수동185,1,대전광역시 서구 복수남로36번길 13,대전광역시 서구 복수동 509,36.299120,127.3774263,2016,한전주,042-288-3950,대전광역시 서구청,2025-06-26
복수동186,1,대전광역시 서구 복수남로36번길 17,대전광역시 서구 복수동 508,36.29929604,127.377441,2016,한전주,042-288-3950,대전광역시 서구청,2025-06-26
복수동187,1,대전광역시 서구 복수남로36번길 21,대전광역시 서구 복수동 507,36.29950282,127.3773404,2016,한전주,042-288-3950,대전광역시 서구청,2025-06-26
복수동188,1,대전광역시 서구 복수동로52번길 5,대전광역시 서구 복수동 499,36.29952307,127.3781751,2016,한전주,042-288-3950,대전광역시 서구청,2025-06-26
복수동189,1,대전광역시 서구 복수남로32번길 17,대전광역시 서구 복수동 501,36.29931993,127.377893,2016,한전주,042-288-3950,대전광역시 서구청,2025-06-26
복수동190,1,,대전광역시 서구 복수동 503,36.29885156,127.3777742,2016,전용주,042-288-3950,대전광역시 서구청,2025-06-26
복수동191,1,,대전광역시 서구 복수동 503,36.29885156,127.3777742,2016,한전주,042-288-3950,대전광역시 서구청,2025-06-26
복수동192,1,대전광역시 서구 복수동로66번길 36,대전광역시 서구 복수동 591,36.298664,127.3764307,2016,한전주,042-288-3950,대전광역시 서구청,2025-06-26
복수동193,1,대전광역시 서구 복수동로66번길 40,대전광역시 서구 복수동 592,36.29872979,127.376126,2016,한전주,042-288-3950,대전광역시 서구청,2025-06-26
복수동194,1,대전광역시 서구 복수동로66번길 46,대전광역시 서구 복수동 582-1,36.29873097,127.3759894,2016,한전주,042-288-3950,대전광역시 서구청,2025-06-26
복수동195,1,대전광역시 서구 복수동로52번길 46,대전광역시 서구 복수동 521,36.29905114,127.3768256,2016,한전주,042-288-3950,대전광역시 서구청,2025-06-26
복수동196,1,대전광역시 서구 복수동로52번길 55,대전광역시 서구 복수동 583,36.29885126,127.3762255,2016,전용주,042-288-3950,대전광역시 서구청,2025-06-26
복수동197,1,대전광역시 서구 복수동로52번길 60,대전광역시 서구 복수동 525,36.299022,127.3760276,2016,한전주,042-288-3950,대전광역시 서구청,2025-06-26
복수동198,1,대전광역시 서구 복수동로52번길 72,대전광역시 서구 복수동 527,36.299034,127.3753727,2016,한전주,042-288-3950,대전광역시 서구청,2025-06-26
복수동199,1,대전광역시 서구 유등로17번길 132,대전광역시 서구 복수동 531,36.29950441,127.3750858,2016,한전주,042-288-3950,대전광역시 서구청,2025-06-26
복수동200,1,대전광역시 서구 복수동로52번길 147,대전광역시 서구 복수동 533,36.29947104,127.374723,2016,한전주,042-288-3950,대전광역시 서구청,2025-06-26
복수동201,1,,대전광역시 서구 복수동 535,36.29974384,127.374589,2016,한전주,042-288-3950,대전광역시 서구청,2025-06-26
복수동202,1,,대전광역시 서구 복수동 536,36.29990045,127.3743787,2016,한전주,042-288-3950,대전광역시 서구청,2025-06-26
복수동203,1,대전광역시 서구 복수동로52번길 135-10,대전광역시 서구 복수동 537,36.29999694,127.3745305,2016,한전주,042-288-3950,대전광역시 서구청,2025-06-26
복수동204,1,대전광역시 서구 복수동로52번길 135-11,대전광역시 서구 복수동 203,36.30053193,127.3746585,2016,한전주,042-288-3950,대전광역시 서구청,2025-06-26
복수동205,1,대전광역시 서구 복수동로52번길 135-11,대전광역시 서구 복수동 203,36.30053193,127.3746585,2016,한전주,042-288-3950,대전광역시 서구청,2025-06-26
복수동206,1,대전광역시 서구 복수동로52번길 135-11,대전광역시 서구 복수동 203,36.30053193,127.3746585,2016,한전주,042-288-3950,대전광역시 서구청,2025-06-26
복수동207,1,대전광역시 서구 복수동로52번길 135-26,대전광역시 서구 복수동 195-5,36.29980937,127.3750296,2016,한전주,042-288-3950,대전광역시 서구청,2025-06-26
복수동208,1,대전광역시 서구 복수동로52번길 136,대전광역시 서구 복수동 555,36.29965087,127.3740159,2016,한전주,042-288-3950,대전광역시 서구청,2025-06-26
복수동209,1,대전광역시 서구 복수동로52번길 130,대전광역시 서구 복수동 554,36.29966216,127.3737787,2016,전용주,042-288-3950,대전광역시 서구청,2025-06-26
복수동210,1,대전광역시 서구 복수동로52번길 126,대전광역시 서구 복수동 553,36.29968051,127.3735582,2016,한전주,042-288-3950,대전광역시 서구청,2025-06-26
복수동211,1,대전광역시 서구 복수동로52번길 114,대전광역시 서구 복수동 563,36.299363,127.3735123,2016,한전주,042-288-3950,대전광역시 서구청,2025-06-26
복수동212,1,대전광역시 서구 유등로17번길 151,대전광역시 서구 복수동 566,36.2992752,127.373911,2016,한전주,042-288-3950,대전광역시 서구청,2025-06-26
복수동213,1,대전광역시 서구 유등로17번길 143,대전광역시 서구 복수동 568,36.29927275,127.3743298,2016,한전주,042-288-3950,대전광역시 서구청,2025-06-26
복수동214,1,,대전광역시 서구 복수동 569,36.29913141,127.374839,2016,전용주,042-288-3950,대전광역시 서구청,2025-06-26
복수동215,1,,대전광역시 서구 복수동 569,36.29913141,127.374830,2016,한전주,042-288-3950,대전광역시 서구청,2025-06-26
복수동216,1,대전광역시 서구 복수동로52번길 98,대전광역시 서구 복수동 572,36.299105,127.373901,2016,한전주,042-288-3950,대전광역시 서구청,2025-06-26
복수동217,1,대전광역시 서구 복수동로52번길 102,대전광역시 서구 복수동 574,36.299112,127.3736776,2016,한전주,042-288-3950,대전광역시 서구청,2025-06-26
복수동218,1,대전광역시 서구 복수동로52번길 106,대전광역시 서구 복수동 575,36.29915825,127.3735071,2016,한전주,042-288-3950,대전광역시 서구청,2025-06-26
복수동219,1,대전광역시 서구 복수동로52번길 114,대전광역시 서구 복수동 563,36.2993346,127.3735123,2016,한전주,042-288-3950,대전광역시 서구청,2025-06-26
복수동220,1,,대전광역시 서구 복수동 613,36.300589,127.378968,2016,전용주,042-288-3950,대전광역시 서구청,2025-06-26
복수동221,1,,대전광역시 서구 복수동 614,36.29986463,127.3789683,2016,한전주,042-288-3950,대전광역시 서구청,2025-06-26
복수동222,1,,대전광역시 서구 복수동 614,36.29986463,127.3789683,2016,한전주,042-288-3950,대전광역시 서구청,2025-06-26
복수동223,1,,대전광역시 서구 복수동 614,36.29986463,127.3789683,2016,한전주,042-288-3950,대전광역시 서구청,2025-06-26
복수동224,1,대전광역시 서구 복수동로 57,대전광역시 서구 복수동 619,36.29913283,127.378837,2016,한전주,042-288-3950,대전광역시 서구청,2025-06-26
복수동225,1,대전광역시 서구 유등로65번길 50,대전광역시 서구 복수동 631-1,36.29927129,127.3794217,2016,전용주,042-288-3950,대전광역시 서구청,2025-06-26
복수동226,1,대전광역시 서구 유등로65번길 50,대전광역시 서구 복수동 631-1,36.29927129,127.3794217,2016,전용주,042-288-3950,대전광역시 서구청,2025-06-26
복수동227,1,대전광역시 서구 유등로43번길 38-20,대전광역시 서구 복수동 663,36.29898776,127.3799116,2016,전용주,042-288-3950,대전광역시 서구청,2025-06-26
복수동228,1,대전광역시 서구 유등로65번길 29,대전광역시 서구 복수동 672,36.29895956,127.3803617,2016,전용주,042-288-3950,대전광역시 서구청,2025-06-26
복수동229,1,대전광역시 서구 유등로43번길 30-16,대전광역시 서구 복수동 675,36.298573,127.3801845,2016,전용주,042-288-3950,대전광역시 서구청,2025-06-26
복수동230,1,대전광역시 서구 유등로43번길 30-12,대전광역시 서구 복수동 676,36.29841933,127.3800998,2016,전용주,042-288-3950,대전광역시 서구청,2025-06-26
복수동231,1,대전광역시 서구 유등로43번길 31,대전광역시 서구 복수동 659,36.29798543,127.3795522,2016,전용주,042-288-3950,대전광역시 서구청,2025-06-26
복수동232,1,대전광역시 서구 유등로65번길 26,대전광역시 서구 복수동 639,36.299110,127.3806739,2016,전용주,042-288-3950,대전광역시 서구청,2025-06-26
복수동233,1,대전광역시 서구 유등로65번길 25,대전광역시 서구 복수동 685,36.29894242,127.3805954,2016,전용주,042-288-3950,대전광역시 서구청,2025-06-26
복수동234,1,대전광역시 서구 유등로43번길 14-30,대전광역시 서구 복수동 695,36.29874878,127.3812085,2016,전용주,042-288-3950,대전광역시 서구청,2025-06-26
복수동235,1,대전광역시 서구 유등로65번길 9,대전광역시 서구 복수동 710,36.298895,127.3814545,2016,전용주,042-288-3950,대전광역시 서구청,2025-06-26
복수동236,1,,대전광역시 서구 복수동 709,36.298763,127.3813726,2016,전용주,042-288-3950,대전광역시 서구청,2025-06-26
복수동237,1,,대전광역시 서구 복수동 709,36.29872154,127.381345,2016,전용주,042-288-3950,대전광역시 서구청,2025-06-26
복수동238,1,대전광역시 서구 유등로43번길 6-13,대전광역시 서구 복수동 705,36.29797146,127.3809711,2016,전용주,042-288-3950,대전광역시 서구청,2025-06-26
복수동239,1,대전광역시 서구 유등로43번길 6-1,대전광역시 서구 복수동 703,36.29759534,127.3807891,2016,전용주,042-288-3950,대전광역시 서구청,2025-06-26
복수동240,1,대전광역시 서구 복수남로 6,대전광역시 서구 복수동 729,36.2972799,127.3805729,2016,전용주,042-288-3950,대전광역시 서구청,2025-06-26
복수동241,1,,대전광역시 서구 복수동 895,36.296787,127.380240,2016,전용주,042-288-3950,대전광역시 서구청,2025-06-26
복수동242,1,대전광역시 서구 복수동로87번길 35-23,대전광역시 서구 복수동 912,36.296549,127.3799443,2016,전용주,042-288-3950,대전광역시 서구청,2025-06-26
복수동243,1,대전광역시 서구 복수동로87번길 35-17,대전광역시 서구 복수동 908-1,36.29635636,127.3796958,2016,전용주,042-288-3950,대전광역시 서구청,2025-06-26
복수동244,1,대전광역시 서구 복수동로87번길 35-6,대전광역시 서구 복수동 918,36.295814,127.379500,2016,전용주,042-288-3950,대전광역시 서구청,2025-06-26
복수동245,1,,대전광역시 서구 복수동 917,36.295650,127.379527,2016,전용주,042-288-3950,대전광역시 서구청,2025-06-26
복수동246,1,대전광역시 서구 복수동로87번길 28,대전광역시 서구 복수동 937,36.29579723,127.378949,2016,전용주,042-288-3950,대전광역시 서구청,2025-06-26
복수동247,1,대전광역시 서구 복수동로87번길 29-9,대전광역시 서구 복수동 904,36.296236,127.379274,2016,한전주,042-288-3950,대전광역시 서구청,2025-06-26
복수동248,1,,대전광역시 서구 복수동 887,36.29647103,127.378854,2016,전용주,042-288-3950,대전광역시 서구청,2025-06-26
복수동249,1,대전광역시 서구 복수남로11번길 71-8,대전광역시 서구 복수동 964,36.294664,127.3785339,2016,한전주,042-288-3950,대전광역시 서구청,2025-06-26
복수동250,1,대전광역시 서구 복수남로11번길 75,대전광역시 서구 복수동 966,36.29446589,127.3783485,2016,한전주,042-288-3950,대전광역시 서구청,2025-06-26
복수동251,1,대전광역시 서구 복수남로11번길 75,대전광역시 서구 복수동 966,36.294435,127.3783485,2016,한전주,042-288-3950,대전광역시 서구청,2025-06-26
복수동252,1,,대전광역시 서구 복수동 961,36.29478972,127.378358,2016,한전주,042-288-3950,대전광역시 서구청,2025-06-26
복수동253,1,,대전광역시 서구 복수동 958,36.29504224,127.3785058,2016,한전주,042-288-3950,대전광역시 서구청,2025-06-26
복수동254,1,대전광역시 서구 복수동로87번길 13-10,대전광역시 서구 복수동 883,36.29656267,127.378691,2016,전용주,042-288-3950,대전광역시 서구청,2025-06-26
복수동255,1,대전광역시 서구 복수동로87번길 13-15,대전광역시 서구 복수동 875,36.296938,127.3787312,2016,전용주,042-288-3950,대전광역시 서구청,2025-06-26
복수동256,1,대전광역시 서구 복수동로87번길 13-21,대전광역시 서구 복수동 876,36.297183,127.378932,2016,전용주,042-288-3950,대전광역시 서구청,2025-06-26
복수동257,1,대전광역시 서구 복수동로87번길 5-24,대전광역시 서구 복수동 863,36.297356,127.3788384,2016,전용주,042-288-3950,대전광역시 서구청,2025-06-26
복수동258,1,대전광역시 서구 복수동로87번길 5-22,대전광역시 서구 복수동 865,36.29718082,127.3787405,2016,전용주,042-288-3950,대전광역시 서구청,2025-06-26
복수동259,1,대전광역시 서구 복수동로87번길 5-20,대전광역시 서구 복수동 866,36.29704372,127.3786074,2016,전용주,042-288-3950,대전광역시 서구청,2025-06-26
복수동260,1,대전광역시 서구 복수동로87번길 5-10,대전광역시 서구 복수동 868,36.296746,127.3783841,2016,전용주,042-288-3950,대전광역시 서구청,2025-06-26
복수동261,1,대전광역시 서구 복수동로87번길 6,대전광역시 서구 복수동 931,36.29635972,127.3779514,2016,전용주,042-288-3950,대전광역시 서구청,2025-06-26
복수동262,1,대전광역시 서구 복수동로 96-4,대전광역시 서구 복수동 806,36.29615201,127.377157,2016,전용주,042-288-3950,대전광역시 서구청,2025-06-26
복수동263,1,,대전광역시 서구 복수동 815,36.29598598,127.3768341,2016,한전주,042-288-3950,대전광역시 서구청,2025-06-26
복수동264,1,대전광역시 서구 복수동로 104,대전광역시 서구 복수동 825,36.295571,127.3766149,2016,전용주,042-288-3950,대전광역시 서구청,2025-06-26
복수동265,1,,대전광역시 서구 복수동 831,36.29548591,127.3762739,2016,한전주,042-288-3950,대전광역시 서구청,2025-06-26
복수동266,1,대전광역시 서구 복수동로 104-7,대전광역시 서구 복수동 830,36.295424,127.3762739,2016,한전주,042-288-3950,대전광역시 서구청,2025-06-26
복수동267,1,대전광역시 서구 복수동로 104-7,대전광역시 서구 복수동 830,36.29548591,127.3762739,2016,전용주,042-288-3950,대전광역시 서구청,2025-06-26
복수동268,1,대전광역시 서구 복수동로 104-7,대전광역시 서구 복수동 830,36.29548591,127.3762739,2016,전용주,042-288-3950,대전광역시 서구청,2025-06-26
복수동269,1,대전광역시 서구 복수동로 114,대전광역시 서구 복수동 828,36.295974,127.3761239,2016,전용주,042-288-3950,대전광역시 서구청,2025-06-26
복수동270,1,대전광역시 서구 복수동로 120,대전광역시 서구 복수동 818,36.29623765,127.376225,2016,한전주,042-288-3950,대전광역시 서구청,2025-06-26
복수동271,1,,대전광역시 서구 복수동 815,36.29598598,127.3768341,2016,한전주,042-288-3950,대전광역시 서구청,2025-06-26
복수동272,1,대전광역시 서구 복수동로 120,대전광역시 서구 복수동 818,36.29623765,127.3762263,2016,한전주,042-288-3950,대전광역시 서구청,2025-06-26
복수동273,1,,대전광역시 서구 복수동 811,36.29662206,127.3759843,2016,한전주,042-288-3950,대전광역시 서구청,2025-06-26
복수동274,1,,대전광역시 서구 복수동 798,36.29683416,127.375990,2016,전용주,042-288-3950,대전광역시 서구청,2025-06-26
복수동275,1,,대전광역시 서구 복수동 851,36.297569,127.3785062,2016,전용주,042-288-3950,대전광역시 서구청,2025-06-26
복수동276,1,대전광역시 서구 복수동로 78,대전광역시 서구 복수동 782,36.297459,127.3777575,2016,전용주,042-288-3950,대전광역시 서구청,2025-06-26
복수동277,1,대전광역시 서구 복수동로 82,대전광역시 서구 복수동 784,36.29719432,127.3776613,2016,전용주,042-288-3950,대전광역시 서구청,2025-06-26
복수동278,1,대전광역시 서구 복수동 복수동로 86,대전광역시 서구 복수동 787,36.2968416,127.3775463,2016,전용주,042-288-3950,대전광역시 서구청,2025-06-26
복수동279,1,대전광역시 서구 복수동로88번길 14,대전광역시 서구 복수동 774,36.29705315,127.3771622,2016,전용주,042-288-3950,대전광역시 서구청,2025-06-26
복수동280,1,대전광역시 서구 복수동로88번길 16-4,대전광역시 서구 복수동 773,36.29718187,127.3771236,2016,전용주,042-288-3950,대전광역시 서구청,2025-06-26
복수동281,1,대전광역시 서구 복수동로88번길 16-14,대전광역시 서구 복수동 770,36.297519,127.3773206,2016,전용주,042-288-3950,대전광역시 서구청,2025-06-26
복수동282,1,대전광역시 서구 복수동로74번길 44,대전광역시 서구 복수동 743,36.297952,127.3757708,2016,전용주,042-288-3950,대전광역시 서구청,2025-06-26
복수동284,1,,대전광역시 서구 복수동 238-38,36.310559,127.375723,2016,전용주,042-288-3950,대전광역시 서구청,2025-06-26
복수동284-2,1,,대전광역시 서구 복수동 238-38,36.310623,127.375908,2016,전용주,042-288-3950,대전광역시 서구청,2025-06-26
복수동284-3,1,,대전광역시 서구 복수동 238-38,36.310655,127.376025,2016,전용주,042-288-3950,대전광역시 서구청,2025-06-26
복수동285,1,대전광역시 서구 유등로43번길 14-22,대전광역시 서구 복수동 697,36.29845012,127.381026,2016,전용주,042-288-3950,대전광역시 서구청,2025-06-26
복수동286,1,대전광역시 서구 유등로43번길 6-20,대전광역시 서구 복수동 716,36.298186,127.3813257,2016,전용주,042-288-3950,대전광역시 서구청,2025-06-26
복수동287,1,대전광역시 서구 복수동로73번길 36,대전광역시 서구 복수동 910,36.29671315,127.3799195,2016,전용주,042-288-3950,대전광역시 서구청,2025-06-26
복수동288,1,대전광역시 서구 복수동로87번길 35-17,대전광역시 서구 복수동 908-1,36.29635636,127.3796958,2016,전용주,042-288-3950,대전광역시 서구청,2025-06-26
복수동289,1,대전광역시 서구 복수남로11번길 21,대전광역시 서구 복수동 899,36.29647026,127.379204,2016,전용주,042-288-3950,대전광역시 서구청,2025-06-26
복수동290,1,대전광역시 서구 복수남로11번길 12,대전광역시 서구 복수동 891,36.29701595,127.3793799,2016,전용주,042-288-3950,대전광역시 서구청,2025-06-26
복수동291,1,대전광역시 서구 복수동로 100-7,대전광역시 서구 복수동 822,36.295877,127.3764752,2023,한전주,042-288-3950,대전광역시 서구청,2025-06-26
복수동292,1,대전광역시 서구 복수동로87번길 40,대전광역시 서구 복수동 940,36.295514,127.379426,2023,전용주,042-288-3950,대전광역시 서구청,2025-06-26
복수동293,1,대전광역시 서구 복수동로87번길 13-6,대전광역시 서구 복수동 884,36.29632307,127.3785118,2023,전용주,042-288-3950,대전광역시 서구청,2025-06-26
복수동294,1,대전광역시 서구 복수동로87번길 12,대전광역시 서구 복수동 933,36.29616728,127.378163,2023,전용주,042-288-3950,대전광역시 서구청,2025-06-26
복수동295,1,,대전광역시 서구 복수동 934,36.296004,127.378201,2023,전용주,042-288-3950,대전광역시 서구청,2025-06-26
복수동296,1,,대전광역시 서구 복수동 287-3,36.31000903,127.3741436,2023,한전주,042-288-3950,대전광역시 서구청,2025-06-26
복수동297,1,,대전광역시 서구 복수동 287-3,36.31000903,127.3741436,2023,한전주,042-288-3950,대전광역시 서구청,2025-06-26
복수동298,1,,대전광역시 서구 복수동 287-3,36.310055,127.3741436,2023,전용주,042-288-3950,대전광역시 서구청,2025-06-26
복수동299,1,,대전광역시 서구 복수동 287-3,36.31000903,127.3741436,2023,전용주,042-288-3950,대전광역시 서구청,2025-06-26
복수동300,1,대전광역시 서구 복수동 복수동로 104,대전광역시 서구 복수동 985,36.29622143,127.3768089,2023,한전주,042-288-3950,대전광역시 서구청,2025-06-26
복수동301,1,,대전광역시 서구 복수동 781,36.29764579,127.3779449,2023,한전주,042-288-3950,대전광역시 서구청,2025-06-26
복수동302,1,대전광역시 서구 오량1길 37,대전광역시 서구 복수동 283-244,36.31044398,127.376005,2023,전용주,042-288-3950,대전광역시 서구청,2025-06-26
복수동303,1,,대전광역시 서구 복수동 산 19-45,36.29890259,127.3728997,2023,한전주,042-288-3950,대전광역시 서구청,2025-06-26
복수동304,1,,대전광역시 서구 복수동 산 19-45,36.298965,127.3728997,2023,한전주,042-288-3950,대전광역시 서구청,2025-06-26
복수동305,1,,대전광역시 서구 복수동 산 19-45,36.298927,127.3728997,2023,한전주,042-288-3950,대전광역시 서구청,2025-06-26
복수동306,1,,대전광역시 서구 복수동 산 19-45,36.29890259,127.372835,2023,한전주,042-288-3950,대전광역시 서구청,2025-06-26
복수동307,1,,대전광역시 서구 복수동 산 19-45,36.29890259,127.3728997,2023,한전주,042-288-3950,대전광역시 서구청,2025-06-26
복수동308,1,,대전광역시 서구 복수동 283-439,36.310249,127.3761876,2023,한전주,042-288-3950,대전광역시 서구청,2025-06-26
복수동309,1,대전광역시 서구 복수동로73번길 43,대전광역시 서구 복수동 896,36.29678665,127.380451,2023,전용주,042-288-3950,대전광역시 서구청,2025-06-26
복수동310,1,,대전광역시 서구 복수동 292-22,36.309154,127.372845,2023,한전주,042-288-3950,대전광역시 서구청,2025-06-26
복수동311,1,,대전광역시 서구 복수동 270-43,36.30690955,127.378464,2023,전용주,042-288-3950,대전광역시 서구청,2025-06-26
복수동312,1,,대전광역시 서구 복수동 956,36.295468,127.378360,2023,전용주,042-288-3950,대전광역시 서구청,2025-06-26
복수동313,1,,대전광역시 서구 복수동 751,36.29774863,127.3760629,2023,전용주,042-288-3950,대전광역시 서구청,2025-06-26
복수동314,1,,대전광역시 서구 복수동 751,36.29774863,127.376002,2023,전용주,042-288-3950,대전광역시 서구청,2025-06-26
복수동315,1,,대전광역시 서구 복수동 751,36.297735,127.3760629,2023,전용주,042-288-3950,대전광역시 서구청,2025-06-26
복수동316,1,,대전광역시 서구 복수동 751,36.297767,127.3760629,2023,전용주,042-288-3950,대전광역시 서구청,2025-06-26
복수동317,1,,대전광역시 서구 복수동 751,36.29774863,127.3760629,2023,전용주,042-288-3950,대전광역시 서구청,2025-06-26
복수동318,1,,대전광역시 서구 복수동 751,36.29774863,127.3760629,2023,전용주,042-288-3950,대전광역시 서구청,2025-06-26
복수동319,1,,대전광역시 서구 복수동 751,36.29774863,127.376025,2023,전용주,042-288-3950,대전광역시 서구청,2025-06-26
복수동320,1,,대전광역시 서구 복수동 751,36.29774863,127.3760629,2023,전용주,042-288-3950,대전광역시 서구청,2025-06-26
복수동321,1,,대전광역시 서구 복수동 751,36.297768,127.3760629,2023,전용주,042-288-3950,대전광역시 서구청,2025-06-26
복수동322,1,대전광역시 서구 오량2길 20,대전광역시 서구 복수동 283-229,36.309976,127.3759191,2023,한전주,042-288-3950,대전광역시 서구청,2025-06-26
복수동323,1,대전광역시 서구 복수중로34번길 29,대전광역시 서구 복수동 272,36.30762982,127.3775508,2023,한전주,042-288-3950,대전광역시 서구청,2025-06-26
복수동324,1,대전광역시 서구 유등로43번길 30-4,대전광역시 서구 복수동 678,36.29805298,127.3799047,2023,전용주,042-288-3950,대전광역시 서구청,2025-06-26
복수동325,1,대전광역시 서구 복수동 복수남로 40-12,대전광역시 서구 복수동 514,36.29885988,127.377234,2023,한전주,042-288-3950,대전광역시 서구청,2025-06-26
복수동326,1,,대전광역시 서구 복수동 산 2-3,36.30723819,127.3789381,2025,전용주,042-288-3950,대전광역시 서구청,2025-06-26
복수동327,1,,대전광역시 서구 복수동 270-43,36.306939,127.378482,2025,한전주,042-288-3950,대전광역시 서구청,2025-06-26
봉곡동001,1,대전광역시 서구 세점길 877,대전광역시 서구 봉곡동 465-6,36.28211678,127.3120402,2016,한전주,042-288-3950,대전광역시 서구청,2025-06-26
봉곡동002,1,,대전광역시 서구 봉곡동 산1-2,36.2812738,127.3112068,2016,한전주,042-288-3950,대전광역시 서구청,2025-06-26
봉곡동003,1,,대전광역시 서구 봉곡동 산1-2,36.2812738,127.3112068,2016,한전주,042-288-3950,대전광역시 서구청,2025-06-26
봉곡동004,1,,대전광역시 서구 봉곡동 산1-2,36.2812738,127.3112068,2016,한전주,042-288-3950,대전광역시 서구청,2025-06-26
봉곡동005,1,,대전광역시 서구 봉곡동 산1-2,36.2812738,127.3112068,2016,한전주,042-288-3950,대전광역시 서구청,2025-06-26
봉곡동006,1,,대전광역시 서구 봉곡동 산1-2,36.2812738,127.3112068,2016,한전주,042-288-3950,대전광역시 서구청,2025-06-26
봉곡동007,1,대전광역시 서구 세점길 667,대전광역시 서구 봉곡동 300-2,36.27585968,127.3182528,2016,한전주,042-288-3950,대전광역시 서구청,2025-06-26
봉곡동008,1,대전광역시 서구 세점길 667,대전광역시 서구 봉곡동 300-2,36.27585968,127.3182528,2016,한전주,042-288-3950,대전광역시 서구청,2025-06-26
봉곡동009,1,대전광역시 서구 세점길 667,대전광역시 서구 봉곡동 300-2,36.27585968,127.3182528,2016,한전주,042-288-3950,대전광역시 서구청,2025-06-26
봉곡동010,1,대전광역시 서구 세점길 679-9,대전광역시 서구 봉곡동 337,36.27535453,127.3188075,2016,한전주,042-288-3950,대전광역시 서구청,2025-06-26
봉곡동011,1,대전광역시 서구 세점길 679-9,대전광역시 서구 봉곡동 337,36.275384,127.3188075,2016,한전주,042-288-3950,대전광역시 서구청,2025-06-26
봉곡동012,1,대전광역시 서구 세점길 679-9,대전광역시 서구 봉곡동 337,36.275397,127.3188075,2016,한전주,042-288-3950,대전광역시 서구청,2025-06-26
봉곡동013,1,,대전광역시 서구 봉곡동 345-4,36.275604,127.320342,2016,한전주,042-288-3950,대전광역시 서구청,2025-06-26
봉곡동014,1,,대전광역시 서구 봉곡동 89-9,36.275867,127.320482,2016,한전주,042-288-3950,대전광역시 서구청,2025-06-26
봉곡동015,1,,대전광역시 서구 봉곡동 89-6,36.276176,127.320314,2016,한전주,042-288-3950,대전광역시 서구청,2025-06-26
봉곡동016,1,대전광역시 서구 외금곡길 38,대전광역시 서구 봉곡동 288,36.27694298,127.3201502,2016,한전주,042-288-3950,대전광역시 서구청,2025-06-26
봉곡동017,1,대전광역시 서구 외금곡길 38-8,대전광역시 서구 봉곡동 286,36.27694994,127.3208489,2016,한전주,042-288-3950,대전광역시 서구청,2025-06-26
봉곡동018,1,대전광역시 서구 외금곡길 32,대전광역시 서구 봉곡동 282,36.27639495,127.3208315,2016,한전주,042-288-3950,대전광역시 서구청,2025-06-26
봉곡동019,1,대전광역시 서구 외금곡길 10,대전광역시 서구 봉곡동 307,36.27584251,127.3211357,2016,한전주,042-288-3950,대전광역시 서구청,2025-06-26
봉곡동020,1,대전광역시 서구 외금곡길 6,대전광역시 서구 봉곡동 308,36.275640,127.3211135,2016,한전주,042-288-3950,대전광역시 서구청,2025-06-26
봉곡동021,1,대전광역시 서구 외금곡길 6,대전광역시 서구 봉곡동 308,36.27568522,127.3211135,2016,한전주,042-288-3950,대전광역시 서구청,2025-06-26
봉곡동022,1,대전광역시 서구 외금곡길 2,대전광역시 서구 봉곡동 309,36.27557722,127.3213307,2016,한전주,042-288-3950,대전광역시 서구청,2025-06-26
봉곡동023,1,대전광역시 서구 외금곡길 2,대전광역시 서구 봉곡동 309,36.27557722,127.3213307,2016,한전주,042-288-3950,대전광역시 서구청,2025-06-26
봉곡동024,1,대전광역시 서구 세점길 520-10,대전광역시 서구 봉곡동 226,36.27384827,127.3259685,2016,한전주,042-288-3950,대전광역시 서구청,2025-06-26
봉곡동025,1,대전광역시 서구 세점길 506-6,대전광역시 서구 봉곡동 224-5,36.27320487,127.326281,2016,한전주,042-288-3950,대전광역시 서구청,2025-06-26
봉곡동026,1,대전광역시 서구 세점길 506-6,대전광역시 서구 봉곡동 224-5,36.27320487,127.326281,2016,한전주,042-288-3950,대전광역시 서구청,2025-06-26
봉곡동027,1,,대전광역시 서구 봉곡동 169-2,36.271941,127.327527,2016,한전주,042-288-3950,대전광역시 서구청,2025-06-26
봉곡동028,1,,대전광역시 서구 봉곡동 169-2,36.270996,127.328030,2016,한전주,042-288-3950,대전광역시 서구청,2025-06-26
봉곡동029,1,,대전광역시 서구 봉곡동 169-2,36.270649,127.328007,2016,한전주,042-288-3950,대전광역시 서구청,2025-06-26
봉곡동030,1,,대전광역시 서구 봉곡동 174-3,36.27059324,127.326900,2016,한전주,042-288-3950,대전광역시 서구청,2025-06-26
봉곡동031,1,,대전광역시 서구 봉곡동 174-3,36.27059324,127.326900,2016,한전주,042-288-3950,대전광역시 서구청,2025-06-26
봉곡동032,1,,대전광역시 서구 봉곡동 174-3,36.27059324,127.326900,2016,한전주,042-288-3950,대전광역시 서구청,2025-06-26
봉곡동033,1,,대전광역시 서구 봉곡동 174-3,36.27059324,127.326900,2016,한전주,042-288-3950,대전광역시 서구청,2025-06-26
봉곡동034,1,,대전광역시 서구 봉곡동 174-3,36.27059324,127.326900,2016,한전주,042-288-3950,대전광역시 서구청,2025-06-26
봉곡동035,1,,대전광역시 서구 봉곡동 174-3,36.27059324,127.326900,2016,한전주,042-288-3950,대전광역시 서구청,2025-06-26
봉곡동036,1,,대전광역시 서구 봉곡동 174-3,36.27059324,127.326900,2016,한전주,042-288-3950,대전광역시 서구청,2025-06-26
봉곡동037,1,대전광역시 서구 내금곡길 102,대전광역시 서구 봉곡동 152-1,36.26973545,127.324522,2016,한전주,042-288-3950,대전광역시 서구청,2025-06-26
봉곡동038,1,대전광역시 서구 내금곡길 104-6,대전광역시 서구 봉곡동 152,36.26983833,127.3243467,2016,한전주,042-288-3950,대전광역시 서구청,2025-06-26
봉곡동039,1,대전광역시 서구 내금곡길 122,대전광역시 서구 봉곡동 149-2,36.2693183,127.3237663,2016,한전주,042-288-3950,대전광역시 서구청,2025-06-26
봉곡동040,1,대전광역시 서구 내금곡길 150,대전광역시 서구 봉곡동 356-2,36.26881978,127.3223565,2016,한전주,042-288-3950,대전광역시 서구청,2025-06-26
봉곡동041,1,대전광역시 서구 내금곡길 154-12,대전광역시 서구 봉곡동 355,36.26913844,127.3222584,2016,한전주,042-288-3950,대전광역시 서구청,2025-06-26
봉곡동042,1,,대전광역시 서구 봉곡동 372-3,36.26744816,127.3188658,2016,한전주,042-288-3950,대전광역시 서구청,2025-06-26
봉곡동043,1,,대전광역시 서구 봉곡동 372-3,36.26744816,127.3188658,2016,한전주,042-288-3950,대전광역시 서구청,2025-06-26
봉곡동044,1,대전광역시 서구 내금곡길 258,대전광역시 서구 봉곡동 418-3,36.26765483,127.316855,2016,한전주,042-288-3950,대전광역시 서구청,2025-06-26
봉곡동045,1,대전광역시 서구 내금곡길 258,대전광역시 서구 봉곡동 418-3,36.26765483,127.316855,2016,한전주,042-288-3950,대전광역시 서구청,2025-06-26
봉곡동046,1,대전광역시 서구 세점길 425,대전광역시 서구 봉곡동 178-2,36.270473,127.3286768,2016,한전주,042-288-3950,대전광역시 서구청,2025-06-26
봉곡동047,1,대전광역시 서구 세점길 409,대전광역시 서구 봉곡동 184-2,36.26986975,127.3292391,2016,한전주,042-288-3950,대전광역시 서구청,2025-06-26
봉곡동048,1,대전광역시 서구 세점길 403-8,대전광역시 서구 봉곡동 184-3,36.2698058,127.329355,2016,한전주,042-288-3950,대전광역시 서구청,2025-06-26
봉곡동049,1,대전광역시 서구 세점길 403-8,대전광역시 서구 봉곡동 184-3,36.2698058,127.3293585,2016,한전주,042-288-3950,대전광역시 서구청,2025-06-26
봉곡동050,1,대전광역시 서구 세점길 403-8,대전광역시 서구 봉곡동 184-3,36.2698058,127.3293585,2016,한전주,042-288-3950,대전광역시 서구청,2025-06-26
봉곡동051,1,대전광역시 서구 세점길 403-8,대전광역시 서구 봉곡동 184-3,36.2698058,127.3293585,2016,한전주,042-288-3950,대전광역시 서구청,2025-06-26
봉곡동052,1,대전광역시 서구 세점길 403-8,대전광역시 서구 봉곡동 184-3,36.2698058,127.3293585,2016,한전주,042-288-3950,대전광역시 서구청,2025-06-26
봉곡동053,1,대전광역시 서구 세점길 403-8,대전광역시 서구 봉곡동 184-3,36.2698058,127.3293585,2016,한전주,042-288-3950,대전광역시 서구청,2025-06-26
봉곡동054,1,대전광역시 서구 세점길 403-8,대전광역시 서구 봉곡동 184-3,36.2698058,127.3293585,2016,한전주,042-288-3950,대전광역시 서구청,2025-06-26
봉곡동055,1,대전광역시 서구 양천길 27,대전광역시 서구 봉곡동 125,36.26341822,127.3284555,2016,한전주,042-288-3950,대전광역시 서구청,2025-06-26
봉곡동056,1,대전광역시 서구 양천길 48,대전광역시 서구 봉곡동 118,36.26265872,127.3287753,2016,한전주,042-288-3950,대전광역시 서구청,2025-06-26
봉곡동057,1,대전광역시 서구 양천길 51,대전광역시 서구 봉곡동 27-1,36.26288272,127.3292484,2016,한전주,042-288-3950,대전광역시 서구청,2025-06-26
봉곡동058,1,대전광역시 서구 양천길 69,대전광역시 서구 봉곡동 28,36.26265325,127.3299457,2016,한전주,042-288-3950,대전광역시 서구청,2025-06-26
봉곡동059,1,대전광역시 서구 양천길 73,대전광역시 서구 봉곡동 28-1,36.26243071,127.3301516,2016,한전주,042-288-3950,대전광역시 서구청,2025-06-26
봉곡동060,1,대전광역시 서구 양천길 113,대전광역시 서구 봉곡동 30,36.26167039,127.3320376,2016,한전주,042-288-3950,대전광역시 서구청,2025-06-26
봉곡동061,1,,대전광역시 서구 봉곡동 113,36.26155121,127.3272697,2016,한전주,042-288-3950,대전광역시 서구청,2025-06-26
봉곡동062,1,대전광역시 서구 양천길 37,대전광역시 서구 봉곡동 124,36.26313978,127.3287399,2016,한전주,042-288-3950,대전광역시 서구청,2025-06-26
봉곡동063,1,대전광역시 서구 양천길 37,대전광역시 서구 봉곡동 124,36.26313978,127.3287399,2016,한전주,042-288-3950,대전광역시 서구청,2025-06-26
봉곡동064,1,대전광역시 서구 유천동길 179-23,대전광역시 서구 봉곡동 112,36.26082913,127.3274256,2016,한전주,042-288-3950,대전광역시 서구청,2025-06-26
봉곡동065,1,대전광역시 서구 유천동길 179-23,대전광역시 서구 봉곡동 112,36.26082913,127.3274256,2016,한전주,042-288-3950,대전광역시 서구청,2025-06-26
봉곡동066,1,,대전광역시 서구 봉곡동 56-1,36.25446705,127.3243727,2016,한전주,042-288-3950,대전광역시 서구청,2025-06-26
봉곡동067,1,,대전광역시 서구 봉곡동 57,36.25459471,127.3236982,2016,한전주,042-288-3950,대전광역시 서구청,2025-06-26
봉곡동068,1,,대전광역시 서구 봉곡동 49-4,36.254858,127.325601,2016,한전주,042-288-3950,대전광역시 서구청,2025-06-26
봉곡동069,1,,대전광역시 서구 봉곡동 55,36.25498456,127.324519,2016,한전주,042-288-3950,대전광역시 서구청,2025-06-26
봉곡동070,1,,대전광역시 서구 봉곡동 53-13,36.254896,127.323902,2016,한전주,042-288-3950,대전광역시 서구청,2025-06-26
봉곡동071,1,대전광역시 서구 야실길 55,대전광역시 서구 봉곡동 58-9,36.255300,127.3240295,2016,한전주,042-288-3950,대전광역시 서구청,2025-06-26
봉곡동072,1,대전광역시 서구 야실길 61,대전광역시 서구 봉곡동 58-5,36.25563505,127.3241432,2016,한전주,042-288-3950,대전광역시 서구청,2025-06-26
봉곡동073,1,대전광역시 서구 야실길 71,대전광역시 서구 봉곡동 64-3,36.25591837,127.324639,2016,한전주,042-288-3950,대전광역시 서구청,2025-06-26
봉곡동074,1,대전광역시 서구 야실길 48-5,대전광역시 서구 봉곡동 54,36.25524439,127.324490,2016,한전주,042-288-3950,대전광역시 서구청,2025-06-26
봉곡동075,1,대전광역시 서구 야실길 48-17,대전광역시 서구 봉곡동 51-1,36.25574703,127.3246893,2016,한전주,042-288-3950,대전광역시 서구청,2025-06-26
봉곡동076,1,대전광역시 서구 야실길 79,대전광역시 서구 봉곡동 64-1,36.256150,127.3248482,2016,한전주,042-288-3950,대전광역시 서구청,2025-06-26
봉곡동077,1,대전광역시 서구 야실길 79,대전광역시 서구 봉곡동 64-1,36.25612095,127.3248482,2016,한전주,042-288-3950,대전광역시 서구청,2025-06-26
봉곡동079,1,,대전광역시 서구 봉곡동 220-4,36.27280934,127.3263658,2023,한전주,042-288-3950,대전광역시 서구청,2025-06-26
봉곡동080,1,,대전광역시 서구 봉곡동 산 5-3,36.277780,127.3135004,2023,한전주,042-288-3950,대전광역시 서구청,2025-06-26
봉곡동081,1,,대전광역시 서구 봉곡동 산 5-7,36.2773389,127.3153163,2023,한전주,042-288-3950,대전광역시 서구청,2025-06-26
봉곡동082,1,,대전광역시 서구 봉곡동 산 5-7,36.2773389,127.3153163,2023,한전주,042-288-3950,대전광역시 서구청,2025-06-26
봉곡동083,1,,대전광역시 서구 봉곡동 산 5-7,36.277395,127.3153163,2023,한전주,042-288-3950,대전광역시 서구청,2025-06-26
봉곡동084,1,,대전광역시 서구 봉곡동 산 6-2,36.27685632,127.316664,2023,한전주,042-288-3950,대전광역시 서구청,2025-06-26
봉곡동085,1,,대전광역시 서구 봉곡동 산 6-2,36.27685632,127.3166666,2023,한전주,042-288-3950,대전광역시 서구청,2025-06-26
봉곡동086,1,,대전광역시 서구 봉곡동 499-6,36.27059324,127.326900,2023,전용주,042-288-3950,대전광역시 서구청,2025-06-26
봉곡동087,1,,대전광역시 서구 봉곡동 산 54-1,36.27059324,127.326900,2023,전용주,042-288-3950,대전광역시 서구청,2025-06-26
봉곡동088,1,대전광역시 서구 봉곡동 세점길 401,대전광역시 서구 봉곡동 10-4,36.269601,127.3295506,2023,전용주,042-288-3950,대전광역시 서구청,2025-06-26
봉곡동089,1,대전광역시 서구 봉곡동 세점길401,대전광역시 서구 봉곡동 10-4,36.26964991,127.329522,2023,전용주,042-288-3950,대전광역시 서구청,2025-06-26
봉곡동090-1,1,,대전광역시 서구 봉곡동 산 20,36.2662963,127.3320643,2023,전용주,042-288-3950,대전광역시 서구청,2025-06-26
봉곡동091,1,,대전광역시 서구 봉곡동 233-11,36.275863,127.3239846,2024,한전주,042-288-3950,대전광역시 서구청,2025-06-26
봉곡동092,1,,대전광역시 서구 봉곡동 325-1,36.274088,127.3228151,2024,한전주,042-288-3950,대전광역시 서구청,2025-06-26
산직동001,1,,대전광역시 서구 산직동 339-1,36.24661884,127.3443592,2016,한전주,042-288-3950,대전광역시 서구청,2025-06-26
산직동002,1,,대전광역시 서구 산직동 339-28,36.24647371,127.3446187,2016,한전주,042-288-3950,대전광역시 서구청,2025-06-26
산직동003,1,,대전광역시 서구 산직동 262,36.24616371,127.3468296,2016,한전주,042-288-3950,대전광역시 서구청,2025-06-26
산직동004,1,,대전광역시 서구 산직동 262,36.24616371,127.346871,2016,한전주,042-288-3950,대전광역시 서구청,2025-06-26
산직동005,1,대전광역시 서구 오룡길 7-13,대전광역시 서구 산직동 337,36.247001,127.346682,2016,한전주,042-288-3950,대전광역시 서구청,2025-06-26
산직동006,1,,대전광역시 서구 산직동 335-3,36.247286,127.3462406,2016,한전주,042-288-3950,대전광역시 서구청,2025-06-26
산직동007,1,,대전광역시 서구 산직동 270,36.24649171,127.3472491,2016,한전주,042-288-3950,대전광역시 서구청,2025-06-26
산직동008,1,대전광역시 서구 오룡길 31,대전광역시 서구 산직동 329,36.24754519,127.3478389,2016,한전주,042-288-3950,대전광역시 서구청,2025-06-26
산직동009,1,대전광역시 서구 오룡길 31,대전광역시 서구 산직동 329,36.24754519,127.3478389,2016,한전주,042-288-3950,대전광역시 서구청,2025-06-26
산직동010,1,대전광역시 서구 오룡길 40,대전광역시 서구 산직동 328-4,36.2470903,127.3483237,2016,한전주,042-288-3950,대전광역시 서구청,2025-06-26
산직동011,1,대전광역시 서구 오룡길 25-13,대전광역시 서구 산직동 328-3,36.247566,127.348111,2016,한전주,042-288-3950,대전광역시 서구청,2025-06-26
산직동012,1,,대전광역시 서구 산직동 333-1,36.24738741,127.3466225,2016,한전주,042-288-3950,대전광역시 서구청,2025-06-26
산직동013,1,,대전광역시 서구 산직동 289-8,36.24579742,127.347950,2016,한전주,042-288-3950,대전광역시 서구청,2025-06-26
산직동014,1,,대전광역시 서구 산직동 233,36.24509079,127.349082,2016,한전주,042-288-3950,대전광역시 서구청,2025-06-26
산직동015,1,,대전광역시 서구 산직동 294-2,36.24463213,127.3498799,2016,한전주,042-288-3950,대전광역시 서구청,2025-06-26
산직동016,1,,대전광역시 서구 산직동 297,36.244308,127.3508646,2016,한전주,042-288-3950,대전광역시 서구청,2025-06-26
산직동017,1,,대전광역시 서구 산직동 298-15,36.24390151,127.3513749,2016,한전주,042-288-3950,대전광역시 서구청,2025-06-26
산직동018,1,,대전광역시 서구 산직동 298-9,36.24347388,127.3523296,2016,한전주,042-288-3950,대전광역시 서구청,2025-06-26
산직동019,1,대전광역시 서구 가마절길 7,대전광역시 서구 산직동 79-3,36.24324987,127.3522343,2016,한전주,042-288-3950,대전광역시 서구청,2025-06-26
산직동020,1,,대전광역시 서구 산직동 78,36.243150,127.3525173,2016,한전주,042-288-3950,대전광역시 서구청,2025-06-26
산직동021,1,,대전광역시 서구 산직동 78,36.24319643,127.3525173,2016,한전주,042-288-3950,대전광역시 서구청,2025-06-26
산직동022,1,대전광역시 서구 가마절길 24,대전광역시 서구 산직동 80-7,36.24302469,127.3525597,2016,전용주,042-288-3950,대전광역시 서구청,2025-06-26
산직동023,1,,대전광역시 서구 산직동 80-23,36.24282431,127.3528069,2016,전용주,042-288-3950,대전광역시 서구청,2025-06-26
산직동024,1,대전광역시 서구 가마절길 41,대전광역시 서구 산직동 83-2,36.2423895,127.352724,2016,한전주,042-288-3950,대전광역시 서구청,2025-06-26
산직동025,1,,대전광역시 서구 산직동 103-6,36.241931,127.3521795,2016,한전주,042-288-3950,대전광역시 서구청,2025-06-26
산직동026,1,대전광역시 서구 가마절길 72,대전광역시 서구 산직동 112-2,36.241288,127.3525647,2016,한전주,042-288-3950,대전광역시 서구청,2025-06-26
산직동027,1,대전광역시 서구 가마절길 80,대전광역시 서구 산직동 114,36.24088563,127.352935,2016,한전주,042-288-3950,대전광역시 서구청,2025-06-26
산직동028,1,,대전광역시 서구 산직동 114-1,36.2408202,127.353074,2016,한전주,042-288-3950,대전광역시 서구청,2025-06-26
산직동029,1,,대전광역시 서구 산직동 115-1,36.240725,127.352613,2016,한전주,042-288-3950,대전광역시 서구청,2025-06-26
산직동030,1,대전광역시 서구 가마절길 77-13,대전광역시 서구 산직동 101-5,36.24139139,127.353562,2016,한전주,042-288-3950,대전광역시 서구청,2025-06-26
산직동031,1,대전광역시 서구 가마절길 77-20,대전광역시 서구 산직동 98,36.24125266,127.3540308,2016,한전주,042-288-3950,대전광역시 서구청,2025-06-26
산직동032,1,,대전광역시 서구 산직동 103-5,36.242267,127.352421,2016,한전주,042-288-3950,대전광역시 서구청,2025-06-26
산직동033,1,대전광역시 서구 장안로 121-60,대전광역시 서구 산직동 211-1,36.24367433,127.3479836,2016,한전주,042-288-3950,대전광역시 서구청,2025-06-26
산직동034,1,대전광역시 서구 정각길 205,대전광역시 서구 산직동 77-1,36.24329824,127.353434,2016,한전주,042-288-3950,대전광역시 서구청,2025-06-26
산직동035,1,,대전광역시 서구 산직동 77-4,36.243141,127.3539433,2016,한전주,042-288-3950,대전광역시 서구청,2025-06-26
산직동036,1,,대전광역시 서구 산직동 299-3,36.243811,127.3553445,2016,한전주,042-288-3950,대전광역시 서구청,2025-06-26
산직동037,1,,대전광역시 서구 산직동 305-3,36.24430299,127.355773,2016,전용주,042-288-3950,대전광역시 서구청,2025-06-26
산직동038,1,,대전광역시 서구 산직동 305-1,36.24457138,127.3562602,2016,한전주,042-288-3950,대전광역시 서구청,2025-06-26
산직동039,1,,대전광역시 서구 산직동 304-2,36.24461871,127.3566021,2016,한전주,042-288-3950,대전광역시 서구청,2025-06-26
산직동040,1,,대전광역시 서구 산직동 33-4,36.24540674,127.3571802,2016,한전주,042-288-3950,대전광역시 서구청,2025-06-26
산직동041,1,,대전광역시 서구 산직동 47-2,36.24558393,127.3577523,2016,한전주,042-288-3950,대전광역시 서구청,2025-06-26
산직동042,1,,대전광역시 서구 산직동 34,36.24590793,127.3576674,2016,한전주,042-288-3950,대전광역시 서구청,2025-06-26
산직동043,1,,대전광역시 서구 산직동 46,36.24579761,127.3579796,2016,한전주,042-288-3950,대전광역시 서구청,2025-06-26
산직동044,1,,대전광역시 서구 산직동 22-2,36.24733977,127.3597173,2016,한전주,042-288-3950,대전광역시 서구청,2025-06-26
산직동045,1,대전광역시 서구 정각길 317-37,대전광역시 서구 산직동 30-4,36.24650748,127.3577061,2016,한전주,042-288-3950,대전광역시 서구청,2025-06-26
산직동046,1,대전광역시 서구 정각길 317-20,대전광역시 서구 산직동 30-6,36.246525,127.3580927,2016,한전주,042-288-3950,대전광역시 서구청,2025-06-26
산직동047,1,,대전광역시 서구 산직동 33-3,36.2457292,127.3574178,2016,한전주,042-288-3950,대전광역시 서구청,2025-06-26
산직동048,1,대전광역시 서구 정각길 200-10,대전광역시 서구 산직동 87-3,36.24277859,127.353869,2016,한전주,042-288-3950,대전광역시 서구청,2025-06-26
산직동049,1,,대전광역시 서구 산직동 74-1,36.24295955,127.3545641,2016,한전주,042-288-3950,대전광역시 서구청,2025-06-26
산직동050,1,,대전광역시 서구 산직동 88-2,36.24248055,127.3541346,2016,한전주,042-288-3950,대전광역시 서구청,2025-06-26
산직동051,1,대전광역시 서구 정각길 200-35,대전광역시 서구 산직동 72-2,36.24247032,127.355105,2016,한전주,042-288-3950,대전광역시 서구청,2025-06-26
산직동052,1,,대전광역시 서구 산직동 70,36.242091,127.3556456,2016,한전주,042-288-3950,대전광역시 서구청,2025-06-26
산직동053,1,,대전광역시 서구 산직동 96-1,36.241894,127.3553503,2016,한전주,042-288-3950,대전광역시 서구청,2025-06-26
산직동054,1,,대전광역시 서구 산직동 66,36.24187089,127.3564413,2016,한전주,042-288-3950,대전광역시 서구청,2025-06-26
산직동055,1,대전광역시 서구 정각길 200-73,대전광역시 서구 산직동 63,36.24139794,127.356767,2016,한전주,042-288-3950,대전광역시 서구청,2025-06-26
산직동056,1,,대전광역시 서구 산직동 345-2,36.24353131,127.3454741,2016,한전주,042-288-3950,대전광역시 서구청,2025-06-26
산직동057,1,,대전광역시 서구 산직동 208-1,36.242995,127.3460756,2016,한전주,042-288-3950,대전광역시 서구청,2025-06-26
산직동058,1,,대전광역시 서구 산직동 206-4,36.24263214,127.3462605,2016,한전주,042-288-3950,대전광역시 서구청,2025-06-26
산직동059,1,,대전광역시 서구 산직동 203-2,36.241522,127.3459669,2016,한전주,042-288-3950,대전광역시 서구청,2025-06-26
산직동060,1,,대전광역시 서구 산직동 347-4,36.24054276,127.3452262,2016,한전주,042-288-3950,대전광역시 서구청,2025-06-26
산직동061,1,,대전광역시 서구 산직동 349-1,36.239854,127.3443617,2016,한전주,042-288-3950,대전광역시 서구청,2025-06-26
산직동062,1,,대전광역시 서구 산직동 416,36.23906848,127.3455232,2016,한전주,042-288-3950,대전광역시 서구청,2025-06-26
산직동063,1,,대전광역시 서구 산직동 194-5,36.2395587,127.347469,2016,한전주,042-288-3950,대전광역시 서구청,2025-06-26
산직동064,1,대전광역시 서구 비선말길 114,대전광역시 서구 산직동 168,36.239213,127.3480713,2016,한전주,042-288-3950,대전광역시 서구청,2025-06-26
산직동065,1,,대전광역시 서구 산직동 1617,36.239410,127.348325,2016,한전주,042-288-3950,대전광역시 서구청,2025-06-26
산직동066,1,대전광역시 서구 비선말길 116-29,대전광역시 서구 산직동 178-4,36.24024172,127.348786,2016,한전주,042-288-3950,대전광역시 서구청,2025-06-26
산직동067,1,대전광역시 서구 비선말길 116-29,대전광역시 서구 산직동 178-4,36.24024172,127.3487171,2016,한전주,042-288-3950,대전광역시 서구청,2025-06-26
산직동068,1,,대전광역시 서구 산직동 158-1,36.23798594,127.3489258,2016,한전주,042-288-3950,대전광역시 서구청,2025-06-26
산직동069,1,,대전광역시 서구 산직동 155,36.23821109,127.347404,2016,한전주,042-288-3950,대전광역시 서구청,2025-06-26
산직동070,1,,대전광역시 서구 산직동 150-12,36.23793378,127.3472197,2016,한전주,042-288-3950,대전광역시 서구청,2025-06-26
산직동071,1,대전광역시 서구 비선말길 76-9,대전광역시 서구 산직동 152-1,36.23753443,127.347321,2016,한전주,042-288-3950,대전광역시 서구청,2025-06-26
산직동072,1,,대전광역시 서구 산직동 69,36.24204403,127.3557908,2016,한전주,042-288-3950,대전광역시 서구청,2025-06-26
산직동073,1,대전광역시 서구 비선말길 61,대전광역시 서구 산직동 150-5,36.238401,127.3467924,2016,한전주,042-288-3950,대전광역시 서구청,2025-06-26
산직동074,1,,대전광역시 서구 산직동 147,36.23796894,127.3463709,2016,한전주,042-288-3950,대전광역시 서구청,2025-06-26
산직동075,1,,대전광역시 서구 산직동 415,36.23917127,127.3452096,2016,한전주,042-288-3950,대전광역시 서구청,2025-06-26
산직동076,1,,대전광역시 서구 산직동 403-2,36.237470,127.3443398,2016,한전주,042-288-3950,대전광역시 서구청,2025-06-26
산직동077,1,,대전광역시 서구 산직동 10-45,36.237298,127.344801,2016,한전주,042-288-3950,대전광역시 서구청,2025-06-26
산직동078,1,,대전광역시 서구 산직동 19-20,36.236967,127.343940,2016,한전주,042-288-3950,대전광역시 서구청,2025-06-26
산직동079,1,,대전광역시 서구 산직동 397,36.236646,127.3439231,2016,한전주,042-288-3950,대전광역시 서구청,2025-06-26
산직동080,1,,대전광역시 서구 산직동 393-2,36.236776,127.343030,2016,한전주,042-288-3950,대전광역시 서구청,2025-06-26
산직동081,1,,대전광역시 서구 산직동 355-2,36.24071828,127.3444575,2016,한전주,042-288-3950,대전광역시 서구청,2025-06-26
산직동082,1,,대전광역시 서구 산직동 8-7,36.240184,127.344201,2016,한전주,042-288-3950,대전광역시 서구청,2025-06-26
산직동083,1,대전광역시 서구 토옥골길 10,대전광역시 서구 산직동 352-1,36.24012262,127.3436579,2016,한전주,042-288-3950,대전광역시 서구청,2025-06-26
산직동084,1,대전광역시 서구 산직동 토옥골길 12,대전광역시 서구 산직동 350,36.23993355,127.343791,2016,한전주,042-288-3950,대전광역시 서구청,2025-06-26
산직동085,1,,대전광역시 서구 산직동 28,36.2472251,127.3585514,2016,한전주,042-288-3950,대전광역시 서구청,2025-06-26
산직동086,1,,대전광역시 서구 산직동 32,36.239094,127.343170,2016,한전주,042-288-3950,대전광역시 서구청,2025-06-26
산직동087,1,,대전광역시 서구 산직동 408-3,36.23879259,127.3436354,2016,한전주,042-288-3950,대전광역시 서구청,2025-06-26
산직동088,1,,대전광역시 서구 산직동 385,36.23869702,127.3428732,2016,한전주,042-288-3950,대전광역시 서구청,2025-06-26
산직동089,1,,대전광역시 서구 산직동 387-3,36.23748909,127.342942,2016,한전주,042-288-3950,대전광역시 서구청,2025-06-26
산직동090,1,,대전광역시 서구 산직동 391-8,36.23688278,127.3422774,2016,한전주,042-288-3950,대전광역시 서구청,2025-06-26
산직동091,1,,대전광역시 서구 산직동 392-9,36.23609269,127.3423429,2016,한전주,042-288-3950,대전광역시 서구청,2025-06-26
산직동092,1,,대전광역시 서구 산직동 22-6,36.24727543,127.3600839,2016,한전주,042-288-3950,대전광역시 서구청,2025-06-26
산직동093,1,,대전광역시 서구 산직동 434-8,36.23566747,127.3430954,2016,한전주,042-288-3950,대전광역시 서구청,2025-06-26
산직동094,1,대전광역시 서구 산직동 용바위길 19,대전광역시 서구 산직동 433-10,36.235003,127.3431125,2016,한전주,042-288-3950,대전광역시 서구청,2025-06-26
산직동095,1,대전광역시 서구 용바위길 3,대전광역시 서구 산직동 433-6,36.23542959,127.3426747,2016,한전주,042-288-3950,대전광역시 서구청,2025-06-26
산직동096,1,,대전광역시 서구 산직동 430-4,36.23434792,127.3442981,2016,한전주,042-288-3950,대전광역시 서구청,2025-06-26
산직동097,1,,대전광역시 서구 산직동 431,36.2343614,127.3444867,2016,한전주,042-288-3950,대전광역시 서구청,2025-06-26
산직동098,1,대전광역시 서구 용바위길 53,대전광역시 서구 산직동 430-5,36.2340284,127.344752,2016,한전주,042-288-3950,대전광역시 서구청,2025-06-26
산직동099,1,,대전광역시 서구 산직동 429-1,36.23361959,127.3455235,2016,한전주,042-288-3950,대전광역시 서구청,2025-06-26
산직동100,1,,대전광역시 서구 산직동 산63-8,36.2330896,127.3460357,2016,한전주,042-288-3950,대전광역시 서구청,2025-06-26
산직동101,1,,대전광역시 서구 산직동 593-1,36.23302265,127.3465299,2016,한전주,042-288-3950,대전광역시 서구청,2025-06-26
산직동102,1,,대전광역시 서구 산직동 593-1,36.23302265,127.3465299,2016,한전주,042-288-3950,대전광역시 서구청,2025-06-26
산직동103,1,,대전광역시 서구 산직동 593-1,36.23302265,127.3465299,2016,한전주,042-288-3950,대전광역시 서구청,2025-06-26
산직동104,1,,대전광역시 서구 산직동 산63-10,36.232904,127.345958,2016,전용주,042-288-3950,대전광역시 서구청,2025-06-26
산직동105,1,,대전광역시 서구 산직동 산63-5,36.23350017,127.3446258,2016,전용주,042-288-3950,대전광역시 서구청,2025-06-26
산직동106,1,,대전광역시 서구 산직동 산63-5,36.233502,127.3446258,2016,전용주,042-288-3950,대전광역시 서구청,2025-06-26
산직동107,1,,대전광역시 서구 산직동 산63-5,36.23350017,127.3446258,2016,전용주,042-288-3950,대전광역시 서구청,2025-06-26
산직동108,1,,대전광역시 서구 산직동 산63-6,36.23392742,127.3443545,2016,전용주,042-288-3950,대전광역시 서구청,2025-06-26
산직동109,1,,대전광역시 서구 산직동 445,36.23441011,127.3429717,2016,한전주,042-288-3950,대전광역시 서구청,2025-06-26
산직동110,1,,대전광역시 서구 산직동 453-1,36.234882,127.3423514,2016,한전주,042-288-3950,대전광역시 서구청,2025-06-26
산직동111,1,,대전광역시 서구 산직동 439-2,36.23533637,127.341920,2016,한전주,042-288-3950,대전광역시 서구청,2025-06-26
산직동112,1,대전광역시 서구 장안로 226,대전광역시 서구 산직동 436,36.23576992,127.3422851,2016,한전주,042-288-3950,대전광역시 서구청,2025-06-26
산직동113,1,대전광역시 서구 장안로 230-16,대전광역시 서구 산직동 438,36.2359915,127.3417886,2016,한전주,042-288-3950,대전광역시 서구청,2025-06-26
산직동114,1,대전광역시 서구 안터길 17,대전광역시 서구 산직동 456-1,36.235169,127.3413583,2016,한전주,042-288-3950,대전광역시 서구청,2025-06-26
산직동115,1,,대전광역시 서구 산직동 461,36.234312,127.341259,2016,한전주,042-288-3950,대전광역시 서구청,2025-06-26
산직동116,1,,대전광역시 서구 산직동 464,36.23359827,127.3411252,2016,한전주,042-288-3950,대전광역시 서구청,2025-06-26
산직동117,1,,대전광역시 서구 산직동 464,36.23359827,127.3411252,2016,한전주,042-288-3950,대전광역시 서구청,2025-06-26
산직동118,1,,대전광역시 서구 산직동 산63-13,36.23309775,127.3406901,2016,한전주,042-288-3950,대전광역시 서구청,2025-06-26
산직동119,1,대전광역시 서구 안터길 7-152,대전광역시 서구 산직동 463-1,36.23010551,127.3408802,2016,한전주,042-288-3950,대전광역시 서구청,2025-06-26
산직동120,1,,대전광역시 서구 산직동 463-2,36.2301461,127.3411068,2016,한전주,042-288-3950,대전광역시 서구청,2025-06-26
산직동121,1,대전광역시 서구 산직동 안터길 7-152,대전광역시 서구 산직동 산63-3,36.23010551,127.3408802,2016,한전주,042-288-3950,대전광역시 서구청,2025-06-26
산직동122,1,대전광역시 서구 산직동 안터길 7-152,대전광역시 서구 산직동 산63-3,36.23010551,127.3408802,2016,한전주,042-288-3950,대전광역시 서구청,2025-06-26
산직동123,1,대전광역시 서구 산직동 안터길 7-152,대전광역시 서구 산직동 산63-3,36.23010551,127.3408802,2016,한전주,042-288-3950,대전광역시 서구청,2025-06-26
산직동124,1,대전광역시 서구 산직동 안터길 7-152,대전광역시 서구 산직동 산63-3,36.23010551,127.3408802,2016,한전주,042-288-3950,대전광역시 서구청,2025-06-26
산직동125,1,,대전광역시 서구 산직동 440,36.2353039,127.3410186,2016,한전주,042-288-3950,대전광역시 서구청,2025-06-26
산직동126,1,대전광역시 서구 안터길 26,대전광역시 서구 산직동 441,36.23507567,127.3409178,2016,한전주,042-288-3950,대전광역시 서구청,2025-06-26
산직동127,1,,대전광역시 서구 산직동 540,36.23075885,127.3377629,2016,한전주,042-288-3950,대전광역시 서구청,2025-06-26
산직동128,1,대전광역시 서구 안터길 147,대전광역시 서구 산직동 536-2,36.231636,127.3379207,2016,한전주,042-288-3950,대전광역시 서구청,2025-06-26
산직동129,1,,대전광역시 서구 산직동 531,36.232144,127.3379776,2016,한전주,042-288-3950,대전광역시 서구청,2025-06-26
산직동130,1,대전광역시 서구 안터길 111,대전광역시 서구 산직동 513-5,36.23306086,127.3385738,2016,한전주,042-288-3950,대전광역시 서구청,2025-06-26
산직동131,1,,대전광역시 서구 산직동 506-2,36.23254239,127.3369404,2016,한전주,042-288-3950,대전광역시 서구청,2025-06-26
산직동132,1,,대전광역시 서구 산직동 510,36.23361692,127.3377424,2016,한전주,042-288-3950,대전광역시 서구청,2025-06-26
산직동133,1,,대전광역시 서구 산직동 500-1,36.23350949,127.3366511,2016,한전주,042-288-3950,대전광역시 서구청,2025-06-26
산직동134,1,,대전광역시 서구 산직동 493-3,36.23408494,127.337767,2016,한전주,042-288-3950,대전광역시 서구청,2025-06-26
산직동135,1,대전광역시 서구 안터길 86,대전광역시 서구 산직동 493-2,36.23401845,127.338093,2016,한전주,042-288-3950,대전광역시 서구청,2025-06-26
산직동136,1,,대전광역시 서구 산직동 515,36.234296,127.338518,2016,한전주,042-288-3950,대전광역시 서구청,2025-06-26
산직동137,1,대전광역시 서구 안터길 65,대전광역시 서구 산직동 516-4,36.23449988,127.3391775,2016,한전주,042-288-3950,대전광역시 서구청,2025-06-26
산직동138,1,,대전광역시 서구 산직동 4923,36.234955,127.339204,2016,한전주,042-288-3950,대전광역시 서구청,2025-06-26
산직동139,1,,대전광역시 서구 산직동 517-1,36.23476878,127.3396875,2016,한전주,042-288-3950,대전광역시 서구청,2025-06-26
산직동140,1,대전광역시 서구 비선말길 10-33,대전광역시 서구 산직동 421,36.237735,127.3444003,2016,한전주,042-288-3950,대전광역시 서구청,2025-06-26
산직동141,1,대전광역시 서구 장안로 219,대전광역시 서구 산직동 392-7,36.236422,127.3426478,2023,한전주,042-288-3950,대전광역시 서구청,2025-06-26
산직동142,1,,대전광역시 서구 산직동 430-1,36.23422045,127.344479,2023,전용주,042-288-3950,대전광역시 서구청,2025-06-26
산직동143,1,,대전광역시 서구 산직동 152,36.237564,127.347228,2023,한전주,042-288-3950,대전광역시 서구청,2025-06-26
산직동144,1,,대전광역시 서구 산직동 454-2,36.234875,127.341228,2023,한전주,042-288-3950,대전광역시 서구청,2025-06-26
산직동145,1,,대전광역시 서구 산직동 439-2,36.23533637,127.341920,2023,한전주,042-288-3950,대전광역시 서구청,2025-06-26
산직동146,1,,대전광역시 서구 산직동 525,36.233090,127.339221,2023,한전주,042-288-3950,대전광역시 서구청,2025-06-26
산직동147,1,,대전광역시 서구 산직동 398,36.23617524,127.3439786,2023,한전주,042-288-3950,대전광역시 서구청,2025-06-26
산직동148,1,대전광역시 서구 정각길 200-73,대전광역시 서구 산직동 63,36.24139794,127.3567267,2023,한전주,042-288-3950,대전광역시 서구청,2025-06-26
산직동149,1,대전광역시 서구 산직동 장안길,대전광역시 서구 산직동 66,36.241876,127.3564413,2023,한전주,042-288-3950,대전광역시 서구청,2025-06-26
산직동150,1,대전광역시 서구 안터길 102-18,대전광역시 서구 산직동 508-2,36.233040,127.3374853,2023,한전주,042-288-3950,대전광역시 서구청,2025-06-26
산직동151,1,,대전광역시 서구 산직동 339-12,36.24603233,127.345707,2023,한전주,042-288-3950,대전광역시 서구청,2025-06-26
산직동152,1,,대전광역시 서구 산직동 380,36.237052,127.341302,2023,한전주,042-288-3950,대전광역시 서구청,2025-06-26
산직동153,1,,대전광역시 서구 산직동 383-3,36.23817487,127.3417829,2023,한전주,042-288-3950,대전광역시 서구청,2025-06-26
산직동154,1,,대전광역시 서구 산직동 249-1,36.244348,127.347188,2023,한전주,042-288-3950,대전광역시 서구청,2025-06-26
산직동155,1,,대전광역시 서구 산직동 256-2,36.24438077,127.346221,2023,한전주,042-288-3950,대전광역시 서구청,2025-06-26
산직동156,1,,대전광역시 서구 산직동 262,36.246184,127.3468296,2023,한전주,042-288-3950,대전광역시 서구청,2025-06-26
산직동157,1,,대전광역시 서구 산직동 290,36.245658,127.348465,2023,한전주,042-288-3950,대전광역시 서구청,2025-06-26
산직동158,1,대전광역시 서구 정각길 350,대전광역시 서구 산직동 40-3,36.246592,127.3592139,2023,한전주,042-288-3950,대전광역시 서구청,2025-06-26
산직동159,1,,대전광역시 서구 산직동 39,36.246860,127.359223,2023,한전주,042-288-3950,대전광역시 서구청,2025-06-26
산직동160,1,,대전광역시 서구 산직동 509-1,36.23333092,127.3377848,2023,한전주,042-288-3950,대전광역시 서구청,2025-06-26
산직동161,1,,대전광역시 서구 산직동 403-2,36.23745868,127.3443398,2024,전용주,042-288-3950,대전광역시 서구청,2025-06-26
산직동162,1,,대전광역시 서구 산직동 148,36.23867142,127.3462812,2024,한전주,042-288-3950,대전광역시 서구청,2025-06-26
산직동163,1,,대전광역시 서구 산직동 149-4,36.238687,127.345408,2024,전용주,042-288-3950,대전광역시 서구청,2025-06-26
오동001,1,,대전광역시 서구 오동 215-20,36.230880,127.307412,2016,한전주,042-288-3950,대전광역시 서구청,2025-06-26
오동002,1,,대전광역시 서구 오동 455-47,36.23078098,127.3086881,2016,한전주,042-288-3950,대전광역시 서구청,2025-06-26
오동003,1,대전광역시 서구 벌곡로 214,대전광역시 서구 오동 216-2,36.23056728,127.3079418,2016,한전주,042-288-3950,대전광역시 서구청,2025-06-26
오동004,1,대전광역시 서구 오동 벌곡로 214,대전광역시 서구 오동 216-4,36.23056728,127.3079418,2016,한전주,042-288-3950,대전광역시 서구청,2025-06-26
오동005,1,대전광역시 서구 양지뜸길 31,대전광역시 서구 오동 386,36.229428,127.3089404,2016,한전주,042-288-3950,대전광역시 서구청,2025-06-26
오동006,1,,대전광역시 서구 오동 385,36.229204,127.3087021,2016,한전주,042-288-3950,대전광역시 서구청,2025-06-26
오동007,1,대전광역시 서구 양지뜸길 51,대전광역시 서구 오동 375,36.22861888,127.3087849,2016,한전주,042-288-3950,대전광역시 서구청,2025-06-26
오동008,1,대전광역시 서구 오동 양지뜸길 69,대전광역시 서구 오동 376-2,36.22810267,127.308075,2016,한전주,042-288-3950,대전광역시 서구청,2025-06-26
오동009,1,,대전광역시 서구 오동 373-4,36.228523,127.3090537,2016,한전주,042-288-3950,대전광역시 서구청,2025-06-26
오동010,1,,대전광역시 서구 오동 333-4,36.228417,127.3105894,2016,한전주,042-288-3950,대전광역시 서구청,2025-06-26
오동011,1,,대전광역시 서구 오동 370-1,36.22828121,127.3095406,2016,한전주,042-288-3950,대전광역시 서구청,2025-06-26
오동012,1,대전광역시 서구 영골길 76-55,대전광역시 서구 오동 365,36.22800128,127.3087209,2016,한전주,042-288-3950,대전광역시 서구청,2025-06-26
오동013,1,대전광역시 서구 영골길 76-55,대전광역시 서구 오동 365,36.228042,127.308789,2016,한전주,042-288-3950,대전광역시 서구청,2025-06-26
오동014,1,대전광역시 서구 영골길 76-45,대전광역시 서구 오동 362,36.22769671,127.309689,2016,한전주,042-288-3950,대전광역시 서구청,2025-06-26
오동015,1,,대전광역시 서구 오동 335-1,36.22811676,127.3105602,2016,한전주,042-288-3950,대전광역시 서구청,2025-06-26
오동016,1,,대전광역시 서구 오동 356,36.227621,127.310495,2016,한전주,042-288-3950,대전광역시 서구청,2025-06-26
오동017,1,,대전광역시 서구 오동 352,36.22675314,127.3096038,2016,한전주,042-288-3950,대전광역시 서구청,2025-06-26
오동018,1,,대전광역시 서구 오동 산53-5,36.227360,127.3096154,2016,한전주,042-288-3950,대전광역시 서구청,2025-06-26
오동019,1,,대전광역시 서구 오동 355-1,36.22714941,127.3093141,2016,한전주,042-288-3950,대전광역시 서구청,2025-06-26
오동020,1,대전광역시 서구 영골길 82-43,대전광역시 서구 오동 352-21,36.22692969,127.310006,2016,한전주,042-288-3950,대전광역시 서구청,2025-06-26
오동021,1,대전광역시 서구 영골길 82-115,대전광역시 서구 오동 352-26,36.22662724,127.3098326,2016,한전주,042-288-3950,대전광역시 서구청,2025-06-26
오동022,1,대전광역시 서구 영골길 82-105,대전광역시 서구 오동 352-25,36.22654459,127.3099409,2016,한전주,042-288-3950,대전광역시 서구청,2025-06-26
오동023,1,대전광역시 서구 영골길 82-67,대전광역시 서구 오동 352-32,36.226341,127.3100743,2016,한전주,042-288-3950,대전광역시 서구청,2025-06-26
오동024,1,대전광역시 서구 영골길 82-73,대전광역시 서구 오동 352-34,36.226017,127.3099541,2016,한전주,042-288-3950,대전광역시 서구청,2025-06-26
오동025,1,대전광역시 서구 영골길 82-127,대전광역시 서구 오동 355-7,36.22581096,127.309541,2016,한전주,042-288-3950,대전광역시 서구청,2025-06-26
오동026,1,대전광역시 서구 영골길 82-127,대전광역시 서구 오동 355-7,36.22581096,127.3095083,2016,한전주,042-288-3950,대전광역시 서구청,2025-06-26
오동027,1,대전광역시 서구 영골길 82-76,대전광역시 서구 오동 355-8,36.22634474,127.3091937,2016,한전주,042-288-3950,대전광역시 서구청,2025-06-26
오동028,1,대전광역시 서구 영골길 82-76,대전광역시 서구 오동 355-8,36.22634474,127.309120,2016,한전주,042-288-3950,대전광역시 서구청,2025-06-26
오동029,1,대전광역시 서구 영골길 82-60,대전광역시 서구 오동 352-6,36.226944,127.3092522,2016,한전주,042-288-3950,대전광역시 서구청,2025-06-26
오동030,1,대전광역시 서구 영골길 82-58,대전광역시 서구 오동 352-7,36.22692073,127.309424,2016,한전주,042-288-3950,대전광역시 서구청,2025-06-26
오동031,1,대전광역시 서구 영골길 82-119,대전광역시 서구 오동 352-27,36.226477,127.3097584,2016,한전주,042-288-3950,대전광역시 서구청,2025-06-26
오동032,1,대전광역시 서구 영골길 82-41,대전광역시 서구 오동 352-20,36.22685243,127.3102558,2016,한전주,042-288-3950,대전광역시 서구청,2025-06-26
오동033,1,,대전광역시 서구 오동 338-4,36.227154,127.310746,2016,한전주,042-288-3950,대전광역시 서구청,2025-06-26
오동034,1,,대전광역시 서구 오동 339-2,36.2266442,127.3115519,2016,한전주,042-288-3950,대전광역시 서구청,2025-06-26
오동035,1,대전광역시 서구 영골길 151,대전광역시 서구 오동 277,36.22582918,127.313225,2016,한전주,042-288-3950,대전광역시 서구청,2025-06-26
오동036,1,대전광역시 서구 영골길 81,대전광역시 서구 오동 337-4,36.2278601,127.3110023,2016,한전주,042-288-3950,대전광역시 서구청,2025-06-26
오동037,1,,대전광역시 서구 오동 334-4,36.228456,127.3110092,2016,한전주,042-288-3950,대전광역시 서구청,2025-06-26
오동038,1,,대전광역시 서구 오동 331-1,36.22897111,127.3111666,2016,한전주,042-288-3950,대전광역시 서구청,2025-06-26
오동039,1,,대전광역시 서구 오동 331-1,36.22897111,127.3111666,2016,한전주,042-288-3950,대전광역시 서구청,2025-06-26
오동040,1,,대전광역시 서구 오동 333-1,36.22868973,127.310634,2016,한전주,042-288-3950,대전광역시 서구청,2025-06-26
오동041,1,,대전광역시 서구 오동 218-9,36.22941771,127.3105587,2016,한전주,042-288-3950,대전광역시 서구청,2025-06-26
오동042,1,,대전광역시 서구 오동 216-5,36.23001655,127.3083028,2016,한전주,042-288-3950,대전광역시 서구청,2025-06-26
오동043,1,,대전광역시 서구 오동 218-12,36.23085524,127.3104454,2016,한전주,042-288-3950,대전광역시 서구청,2025-06-26
오동044,1,,대전광역시 서구 오동 218-12,36.23085524,127.3104454,2016,한전주,042-288-3950,대전광역시 서구청,2025-06-26
오동045,1,,대전광역시 서구 오동 218-21,36.231056,127.311646,2016,한전주,042-288-3950,대전광역시 서구청,2025-06-26
오동046,1,,대전광역시 서구 오동 219-4,36.23049478,127.3119744,2016,한전주,042-288-3950,대전광역시 서구청,2025-06-26
오동047,1,,대전광역시 서구 오동 219-7,36.230034,127.3119318,2016,한전주,042-288-3950,대전광역시 서구청,2025-06-26
오동048,1,,대전광역시 서구 오동 219-10,36.22952221,127.3118739,2016,한전주,042-288-3950,대전광역시 서구청,2025-06-26
오동049,1,,대전광역시 서구 오동 220-7,36.229500,127.3129302,2016,한전주,042-288-3950,대전광역시 서구청,2025-06-26
오동050,1,,대전광역시 서구 오동 220-7,36.229579,127.3129302,2016,한전주,042-288-3950,대전광역시 서구청,2025-06-26
오동051,1,,대전광역시 서구 오동 241,36.22931312,127.3142191,2016,한전주,042-288-3950,대전광역시 서구청,2025-06-26
오동052,1,,대전광역시 서구 오동 242,36.22914694,127.3149361,2016,한전주,042-288-3950,대전광역시 서구청,2025-06-26
오동053,1,대전광역시 서구 두리봉길 42-18,대전광역시 서구 오동 213-1,36.2299843,127.3156877,2016,한전주,042-288-3950,대전광역시 서구청,2025-06-26
오동054,1,대전광역시 서구 두리봉길 15,대전광역시 서구 오동 197-4,36.22965717,127.3162648,2016,한전주,042-288-3950,대전광역시 서구청,2025-06-26
오동055,1,대전광역시 서구 두리봉길 11,대전광역시 서구 오동 197-2,36.22969129,127.316312,2016,한전주,042-288-3950,대전광역시 서구청,2025-06-26
오동056,1,대전광역시 서구 두리봉길 12,대전광역시 서구 오동 207-2,36.23011438,127.3161509,2016,한전주,042-288-3950,대전광역시 서구청,2025-06-26
오동057,1,대전광역시 서구 장전길 15,대전광역시 서구 오동 455-7,36.23132724,127.3168522,2016,한전주,042-288-3950,대전광역시 서구청,2025-06-26
오동058,1,,대전광역시 서구 오동 185-1,36.23087128,127.3168959,2016,한전주,042-288-3950,대전광역시 서구청,2025-06-26
오동059,1,대전광역시 서구 장전길 35,대전광역시 서구 오동 187,36.23036899,127.3168895,2016,한전주,042-288-3950,대전광역시 서구청,2025-06-26
오동060,1,대전광역시 서구 장전길 39,대전광역시 서구 오동 188,36.23026715,127.3170643,2016,한전주,042-288-3950,대전광역시 서구청,2025-06-26
오동061,1,대전광역시 서구 장전길 47-5,대전광역시 서구 오동 190-2,36.229962,127.3172644,2016,한전주,042-288-3950,대전광역시 서구청,2025-06-26
오동062,1,대전광역시 서구 오동 장전길 55,대전광역시 서구 오동 195-1,36.22944874,127.3171763,2016,한전주,042-288-3950,대전광역시 서구청,2025-06-26
오동063,1,,대전광역시 서구 오동 197-5,36.229444,127.3164968,2016,한전주,042-288-3950,대전광역시 서구청,2025-06-26
오동064,1,대전광역시 서구 오동 장전길 55,대전광역시 서구 오동 195-1,36.22944874,127.317114,2016,한전주,042-288-3950,대전광역시 서구청,2025-06-26
오동065,1,,대전광역시 서구 오동 254-3,36.2277055,127.3173865,2016,한전주,042-288-3950,대전광역시 서구청,2025-06-26
오동066,1,대전광역시 서구 장전길 103,대전광역시 서구 오동 255,36.227383,127.3172292,2016,한전주,042-288-3950,대전광역시 서구청,2025-06-26
오동067,1,,대전광역시 서구 오동 256,36.22705287,127.317362,2016,한전주,042-288-3950,대전광역시 서구청,2025-06-26
오동068,1,,대전광역시 서구 오동 258-4,36.226031,127.3173222,2016,한전주,042-288-3950,대전광역시 서구청,2025-06-26
오동069,1,,대전광역시 서구 오동 303-1,36.22518649,127.3176556,2016,한전주,042-288-3950,대전광역시 서구청,2025-06-26
오동070,1,,대전광역시 서구 오동 303-1,36.225161,127.3176556,2016,한전주,042-288-3950,대전광역시 서구청,2025-06-26
오동071,1,대전광역시 서구 장전길 165,대전광역시 서구 오동 111-1,36.224845,127.3180954,2016,한전주,042-288-3950,대전광역시 서구청,2025-06-26
오동072,1,,대전광역시 서구 오동 436-5,36.22446975,127.3173013,2016,한전주,042-288-3950,대전광역시 서구청,2025-06-26
오동073,1,대전광역시 서구 장전길 168-18,대전광역시 서구 오동 311,36.22402989,127.3169947,2016,한전주,042-288-3950,대전광역시 서구청,2025-06-26
오동074,1,,대전광역시 서구 오동 312,36.22328636,127.3171299,2016,한전주,042-288-3950,대전광역시 서구청,2025-06-26
오동075,1,,대전광역시 서구 오동 315,36.22287545,127.3177518,2016,한전주,042-288-3950,대전광역시 서구청,2025-06-26
오동076,1,,대전광역시 서구 오동 168-34,36.222714,127.317468,2016,한전주,042-288-3950,대전광역시 서구청,2025-06-26
오동077,1,,대전광역시 서구 오동 109,36.22396139,127.318202,2016,한전주,042-288-3950,대전광역시 서구청,2025-06-26
오동078,1,,대전광역시 서구 오동 130-5,36.223721,127.318262,2016,한전주,042-288-3950,대전광역시 서구청,2025-06-26
오동079,1,대전광역시 서구 장전길 185-13,대전광역시 서구 오동 121,36.22417784,127.3189357,2016,한전주,042-288-3950,대전광역시 서구청,2025-06-26
오동080,1,대전광역시 서구 장전길 185-18,대전광역시 서구 오동 123,36.22382571,127.3189156,2016,한전주,042-288-3950,대전광역시 서구청,2025-06-26
오동081,1,대전광역시 서구 장전길 185-22,대전광역시 서구 오동 124-1,36.223772,127.3193357,2016,한전주,042-288-3950,대전광역시 서구청,2025-06-26
오동082,1,대전광역시 서구 장전길 200,대전광역시 서구 오동 103-3,36.22332017,127.3184647,2016,한전주,042-288-3950,대전광역시 서구청,2025-06-26
오동083,1,,대전광역시 서구 오동 128-4,36.222665,127.3189953,2016,한전주,042-288-3950,대전광역시 서구청,2025-06-26
오동084,1,,대전광역시 서구 오동 93,36.22201091,127.319379,2016,한전주,042-288-3950,대전광역시 서구청,2025-06-26
오동085,1,,대전광역시 서구 오동 86,36.22135645,127.3199537,2016,한전주,042-288-3950,대전광역시 서구청,2025-06-26
오동086,1,,대전광역시 서구 오동 79,36.22063141,127.3203806,2016,한전주,042-288-3950,대전광역시 서구청,2025-06-26
오동087,1,,대전광역시 서구 오동 59,36.22014317,127.3207031,2016,한전주,042-288-3950,대전광역시 서구청,2025-06-26
오동088,1,,대전광역시 서구 오동 73,36.21971658,127.3214405,2016,한전주,042-288-3950,대전광역시 서구청,2025-06-26
오동089,1,,대전광역시 서구 오동 70,36.21928993,127.321727,2016,한전주,042-288-3950,대전광역시 서구청,2025-06-26
오동090,1,,대전광역시 서구 오동 548,36.22739031,127.3170026,2016,한전주,042-288-3950,대전광역시 서구청,2025-06-26
오동091,1,,대전광역시 서구 오동 548,36.22739031,127.3170026,2016,한전주,042-288-3950,대전광역시 서구청,2025-06-26
오동092,1,,대전광역시 서구 오동 62,36.218096,127.322376,2016,한전주,042-288-3950,대전광역시 서구청,2025-06-26
오동093,1,,대전광역시 서구 오동 47-1,36.2180871,127.3232082,2016,한전주,042-288-3950,대전광역시 서구청,2025-06-26
오동094,1,대전광역시 서구 장전길 364,대전광역시 서구 오동 46,36.2177479,127.3228999,2016,한전주,042-288-3950,대전광역시 서구청,2025-06-26
오동095,1,,대전광역시 서구 오동 476,36.216051,127.323808,2016,한전주,042-288-3950,대전광역시 서구청,2025-06-26
오동096,1,,대전광역시 서구 오동 98,36.222655,127.3182622,2023,한전주,042-288-3950,대전광역시 서구청,2025-06-26
오동097,1,,대전광역시 서구 오동 191-1,36.23040801,127.3174022,2023,한전주,042-288-3950,대전광역시 서구청,2025-06-26
오동098,1,,대전광역시 서구 오동 254-3,36.227793,127.3173865,2023,한전주,042-288-3950,대전광역시 서구청,2025-06-26
오동099,1,,대전광역시 서구 오동 387-10,36.229355,127.3099257,2023,한전주,042-288-3950,대전광역시 서구청,2025-06-26
오동100,1,,대전광역시 서구 오동 373-6,36.228621,127.309920,2023,전용주,042-288-3950,대전광역시 서구청,2025-06-26
오동101,1,,대전광역시 서구 오동 147,36.22674057,127.3188916,2023,한전주,042-288-3950,대전광역시 서구청,2025-06-26
오동102,1,,대전광역시 서구 오동 216-8,36.230777,127.307871,2023,한전주,042-288-3950,대전광역시 서구청,2025-06-26
용문동001,1,대전광역시 서구 계룡로620번길 7,대전광역시 서구 용문동 589-4,36.339582,127.391130,2016,한전주,042-288-3950,대전광역시 서구청,2025-06-26
용문동002,1,대전광역시 서구 계룡로636번길 14-27,대전광역시 서구 용문동 590-1,36.33921417,127.3906997,2016,한전주,042-288-3950,대전광역시 서구청,2025-06-26
용문동003,1,대전광역시 서구 계룡로620번길 23,대전광역시 서구 용문동 590-30,36.338963,127.3904542,2016,한전주,042-288-3950,대전광역시 서구청,2025-06-26
용문동004,1,대전광역시 서구 계룡로620번길 41,대전광역시 서구 용문동 591-22,36.33843858,127.3897732,2016,한전주,042-288-3950,대전광역시 서구청,2025-06-26
용문동005,1,대전광역시 서구 용문동 계룡로620번길 49,대전광역시 서구 용문동 591-20,36.33816761,127.3894384,2016,한전주,042-288-3950,대전광역시 서구청,2025-06-26
용문동006,1,대전광역시 서구 용문로 61,대전광역시 서구 용문동 591-10,36.33805964,127.3899107,2016,한전주,042-288-3950,대전광역시 서구청,2025-06-26
용문동007,1,대전광역시 서구 용문로 63-11,대전광역시 서구 용문동 591-7,36.338150,127.3902217,2016,한전주,042-288-3950,대전광역시 서구청,2025-06-26
용문동008,1,대전광역시 서구 용문로 63-19,대전광역시 서구 용문동 591-9,36.338297,127.3900481,2016,전용주,042-288-3950,대전광역시 서구청,2025-06-26
용문동009,1,대전광역시 서구 도산로369번길 40,대전광역시 서구 용문동 590-26,36.33883577,127.3905873,2016,한전주,042-288-3950,대전광역시 서구청,2025-06-26
용문동010,1,,대전광역시 서구 용문동 591-1,36.33873591,127.390289,2016,한전주,042-288-3950,대전광역시 서구청,2025-06-26
용문동011,1,대전광역시 서구 도산로369번길 42-1,대전광역시 서구 용문동 590-27,36.338910,127.3907562,2016,전용주,042-288-3950,대전광역시 서구청,2025-06-26
용문동012,1,,대전광역시 서구 용문동 589-23,36.33925945,127.391122,2016,한전주,042-288-3950,대전광역시 서구청,2025-06-26
용문동013,1,대전광역시 서구 계룡로636번길 14-13,대전광역시 서구 용문동 590-7,36.3386988,127.3911911,2016,한전주,042-288-3950,대전광역시 서구청,2025-06-26
용문동014,1,대전광역시 서구 계룡로636번길 14-6,대전광역시 서구 용문동 589-19,36.33871212,127.3917759,2016,한전주,042-288-3950,대전광역시 서구청,2025-06-26
용문동015,1,대전광역시 서구 계룡로636번길 9,대전광역시 서구 용문동 594-18,36.33839869,127.3922712,2016,한전주,042-288-3950,대전광역시 서구청,2025-06-26
용문동016,1,대전광역시 서구 계룡로636번길 11,대전광역시 서구 용문동 594-17,36.33825334,127.3922131,2016,한전주,042-288-3950,대전광역시 서구청,2025-06-26
용문동017,1,대전광역시 서구 계룡로636번길 22,대전광역시 서구 용문동 590-12,36.33833455,127.391651,2016,한전주,042-288-3950,대전광역시 서구청,2025-06-26
용문동018,1,,대전광역시 서구 용문동 593-1,36.337876,127.391438,2016,한전주,042-288-3950,대전광역시 서구청,2025-06-26
용문동019,1,대전광역시 서구 용문동 계룡로636번길 43,대전광역시 서구 용문동 593-14,36.33731119,127.390868,2016,한전주,042-288-3950,대전광역시 서구청,2025-06-26
용문동020,1,,대전광역시 서구 용문동 593-13,36.337277,127.390726,2016,한전주,042-288-3950,대전광역시 서구청,2025-06-26
용문동021,1,,대전광역시 서구 용문동 593-33,36.338389,127.390984,2016,한전주,042-288-3950,대전광역시 서구청,2025-06-26
용문동022,1,대전광역시 서구 도산로369번길 23,대전광역시 서구 용문동 592-3,36.33807641,127.3909833,2016,한전주,042-288-3950,대전광역시 서구청,2025-06-26
용문동023,1,대전광역시 서구 도산로369번길 17,대전광역시 서구 용문동 592-5,36.33794738,127.3912249,2016,한전주,042-288-3950,대전광역시 서구청,2025-06-26
용문동024,1,대전광역시 서구 도산로369번길 12,대전광역시 서구 용문동 594-13,36.33793191,127.3917938,2016,한전주,042-288-3950,대전광역시 서구청,2025-06-26
용문동025,1,대전광역시 서구 도산로 343,대전광역시 서구 용문동 276-6,36.335958,127.3897646,2016,한전주,042-288-3950,대전광역시 서구청,2025-06-26
용문동026,1,대전광역시 서구 도산로341번길 10,대전광역시 서구 용문동 276-24,36.336136,127.3895578,2016,한전주,042-288-3950,대전광역시 서구청,2025-06-26
용문동027,1,대전광역시 서구 도산로341번길 22-1,대전광역시 서구 용문동 269-28,36.33653639,127.389067,2016,한전주,042-288-3950,대전광역시 서구청,2025-06-26
용문동028,1,대전광역시 서구 도산로341번길 25,대전광역시 서구 용문동 270-43,36.336496,127.3887707,2016,한전주,042-288-3950,대전광역시 서구청,2025-06-26
용문동029,1,대전광역시 서구 도산로341번길 31,대전광역시 서구 용문동 270-36,36.336693,127.3884912,2016,한전주,042-288-3950,대전광역시 서구청,2025-06-26
용문동030,1,대전광역시 서구 도산로341번길 37,대전광역시 서구 용문동 270-3,36.33687265,127.3882641,2016,한전주,042-288-3950,대전광역시 서구청,2025-06-26
용문동031,1,대전광역시 서구 도산로341번길 37,대전광역시 서구 용문동 270-3,36.33687265,127.3882641,2016,한전주,042-288-3950,대전광역시 서구청,2025-06-26
용문동032,1,대전광역시 서구 괴정로133번길 8,대전광역시 서구 용문동 272-18,36.33659809,127.3873953,2016,한전주,042-288-3950,대전광역시 서구청,2025-06-26
용문동033,1,대전광역시 서구 도산로335번길 32,대전광역시 서구 용문동 270-1,36.33680968,127.3876467,2016,한전주,042-288-3950,대전광역시 서구청,2025-06-26
용문동034,1,대전광역시 서구 괴정로133번길 20,대전광역시 서구 용문동 270-22,36.33702481,127.3878625,2016,한전주,042-288-3950,대전광역시 서구청,2025-06-26
용문동035,1,대전광역시 서구 괴정로133번길 20,대전광역시 서구 용문동 270-22,36.33702481,127.3878625,2016,한전주,042-288-3950,대전광역시 서구청,2025-06-26
용문동036,1,대전광역시 서구 괴정로133번길 32,대전광역시 서구 용문동 269-9,36.33737923,127.388359,2016,한전주,042-288-3950,대전광역시 서구청,2025-06-26
용문동037,1,,대전광역시 서구 용문동 268-51,36.337866,127.388863,2016,한전주,042-288-3950,대전광역시 서구청,2025-06-26
용문동038,1,대전광역시 서구 괴정로189번길 42,대전광역시 서구 용문동 282-21,36.33407419,127.3929902,2023,한전주,042-288-3950,대전광역시 서구청,2025-06-26
용문동039,1,대전광역시 서구 도산로349번길 31,대전광역시 서구 용문동 269-35,36.33758361,127.3885637,2016,한전주,042-288-3950,대전광역시 서구청,2025-06-26
용문동040,1,대전광역시 서구 도산로349번길 26,대전광역시 서구 용문동 268-33,36.337569,127.3889978,2016,한전주,042-288-3950,대전광역시 서구청,2025-06-26
용문동041,1,대전광역시 서구 도산로349번길 21-2,대전광역시 서구 용문동 269-15,36.337276,127.3886578,2016,전용주,042-288-3950,대전광역시 서구청,2025-06-26
용문동042,1,대전광역시 서구 계룡로 658-23,대전광역시 서구 용문동 256-19,36.336326,127.393458,2023,한전주,042-288-3950,대전광역시 서구청,2025-06-26
용문동043,1,대전광역시 서구 도산로370번길 36,대전광역시 서구 용문동 260-4,36.336175,127.393454,2023,한전주,042-288-3950,대전광역시 서구청,2025-06-26
용문동044,1,대전광역시 서구 도산로349번길 20,대전광역시 서구 용문동 268-17,36.33737393,127.3892474,2016,한전주,042-288-3950,대전광역시 서구청,2025-06-26
용문동045,1,대전광역시 서구 도산로349번길 15,대전광역시 서구 용문동 269-25,36.337065,127.3890982,2016,한전주,042-288-3950,대전광역시 서구청,2025-06-26
용문동046,1,대전광역시 서구 도산로349번길 9,대전광역시 서구 용문동 269-10,36.33683418,127.389313,2016,한전주,042-288-3950,대전광역시 서구청,2025-06-26
용문동047,1,대전광역시 서구 도산로349번길 1,대전광역시 서구 용문동 269-12,36.33669291,127.3896066,2016,한전주,042-288-3950,대전광역시 서구청,2025-06-26
용문동048,1,대전광역시 서구 괴정로149번길 9,대전광역시 서구 용문동 272-30,36.33574298,127.388445,2016,한전주,042-288-3950,대전광역시 서구청,2025-06-26
용문동049,1,대전광역시 서구 괴정로149번길 14,대전광역시 서구 용문동 275-8,36.335767,127.3888288,2016,한전주,042-288-3950,대전광역시 서구청,2025-06-26
용문동050,1,대전광역시 서구 괴정로149번길 22,대전광역시 서구 용문동 275-1,36.336020,127.389159,2016,한전주,042-288-3950,대전광역시 서구청,2025-06-26
용문동051,1,대전광역시 서구 괴정로149번길 28,대전광역시 서구 용문동 276-7,36.33623323,127.389465,2016,한전주,042-288-3950,대전광역시 서구청,2025-06-26
용문동052,1,대전광역시 서구 괴정로149번길 35,대전광역시 서구 용문동 269-13,36.33663204,127.3894272,2016,한전주,042-288-3950,대전광역시 서구청,2025-06-26
용문동053,1,대전광역시 서구 괴정로149번길 38,대전광역시 서구 용문동 276-8,36.33646176,127.389799,2016,한전주,042-288-3950,대전광역시 서구청,2025-06-26
용문동054,1,대전광역시 서구 괴정로149번길 48,대전광역시 서구 용문동 276-20,36.33682587,127.390256,2016,한전주,042-288-3950,대전광역시 서구청,2025-06-26
용문동055,1,대전광역시 서구 용문로 64,대전광역시 서구 용문동 268-39,36.3375512,127.389679,2016,한전주,042-288-3950,대전광역시 서구청,2025-06-26
용문동056,1,대전광역시 서구 용문로 64-1,대전광역시 서구 용문동 268-37,36.33743676,127.3895469,2016,전용주,042-288-3950,대전광역시 서구청,2025-06-26
용문동057,1,대전광역시 서구 도산로335번길 10,대전광역시 서구 용문동 270-11,36.33624121,127.388370,2016,한전주,042-288-3950,대전광역시 서구청,2025-06-26
용문동058,1,대전광역시 서구 도산로335번길 15,대전광역시 서구 용문동 272-33,36.33616179,127.3880198,2016,한전주,042-288-3950,대전광역시 서구청,2025-06-26
용문동059,1,대전광역시 서구 도산로335번길 14,대전광역시 서구 용문동 270-6,36.33644227,127.3883406,2016,한전주,042-288-3950,대전광역시 서구청,2025-06-26
용문동060,1,대전광역시 서구 도산로335번길 26,대전광역시 서구 용문동 270-51,36.33667079,127.387834,2016,한전주,042-288-3950,대전광역시 서구청,2025-06-26
용문동061,1,대전광역시 서구 도산로335번길 28,대전광역시 서구 용문동 270-9,36.33673009,127.3877347,2016,한전주,042-288-3950,대전광역시 서구청,2025-06-26
용문동062,1,대전광역시 서구 괴정로 167,대전광역시 서구 용문동 278-20,36.33426122,127.3897027,2016,한전주,042-288-3950,대전광역시 서구청,2025-06-26
용문동063,1,대전광역시 서구 괴정로165번길 10,대전광역시 서구 용문동 278-39,36.33445468,127.3900422,2016,한전주,042-288-3950,대전광역시 서구청,2025-06-26
용문동064,1,대전광역시 서구 괴정로165번길 11,대전광역시 서구 용문동 277-6,36.33480017,127.3898827,2016,한전주,042-288-3950,대전광역시 서구청,2025-06-26
용문동065,1,대전광역시 서구 괴정로165번길 19-2,대전광역시 서구 용문동 277-31,36.334993,127.3902948,2016,한전주,042-288-3950,대전광역시 서구청,2025-06-26
용문동066,1,대전광역시 서구 괴정로165번길 22,대전광역시 서구 용문동 279-19,36.33491602,127.3905309,2016,한전주,042-288-3950,대전광역시 서구청,2025-06-26
용문동067,1,대전광역시 서구 괴정로165번길 31,대전광역시 서구 용문동 263-13,36.33538478,127.390690,2016,한전주,042-288-3950,대전광역시 서구청,2025-06-26
용문동068,1,대전광역시 서구 괴정로165번길 35,대전광역시 서구 용문동 263-6,36.335413,127.3907732,2016,한전주,042-288-3950,대전광역시 서구청,2025-06-26
용문동069,1,대전광역시 서구 용문동 괴정로165번길 43,대전광역시 서구 용문동 263-19,36.335617,127.391174,2016,한전주,042-288-3950,대전광역시 서구청,2025-06-26
용문동070,1,대전광역시 서구 괴정로165번길 44,대전광역시 서구 용문동 262-2,36.33562996,127.3914028,2016,한전주,042-288-3950,대전광역시 서구청,2025-06-26
용문동071,1,대전광역시 서구 괴정로165번길 40-6,대전광역시 서구 용문동 279-89,36.33529912,127.3912454,2016,한전주,042-288-3950,대전광역시 서구청,2025-06-26
용문동072,1,,대전광역시 서구 용문동 262-49,36.33522228,127.391700,2016,한전주,042-288-3950,대전광역시 서구청,2025-06-26
용문동073,1,대전광역시 서구 용문로 98-5,대전광역시 서구 용문동 262-36,36.335159,127.392219,2016,전용주,042-288-3950,대전광역시 서구청,2025-06-26
용문동074,1,대전광역시 서구 용문로 98-4,대전광역시 서구 용문동 262-16,36.335325,127.3920823,2016,한전주,042-288-3950,대전광역시 서구청,2025-06-26
용문동075,1,대전광역시 서구 괴정로181번길 39-9,대전광역시 서구 용문동 279-7,36.33477935,127.3918404,2016,한전주,042-288-3950,대전광역시 서구청,2025-06-26
용문동076,1,대전광역시 서구 괴정로165번길 40-29,대전광역시 서구 용문동 279-12,36.334575,127.391559,2016,한전주,042-288-3950,대전광역시 서구청,2025-06-26
용문동077,1,대전광역시 서구 괴정로165번길 40-36,대전광역시 서구 용문동 279-25,36.33488565,127.3913586,2016,한전주,042-288-3950,대전광역시 서구청,2025-06-26
용문동078,1,대전광역시 서구 괴정로165번길 40-37,대전광역시 서구 용문동 279-80,36.33449215,127.391107,2016,한전주,042-288-3950,대전광역시 서구청,2025-06-26
용문동079,1,,대전광역시 서구 용문동 279-9,36.334609,127.3920799,2016,한전주,042-288-3950,대전광역시 서구청,2025-06-26
용문동080,1,대전광역시 서구 용문로 104,대전광역시 서구 용문동 281-1,36.334907,127.3928031,2016,한전주,042-288-3950,대전광역시 서구청,2025-06-26
용문동081,1,대전광역시 서구 괴정로181번길 45,대전광역시 서구 용문동 262-12,36.33482981,127.3923642,2016,한전주,042-288-3950,대전광역시 서구청,2025-06-26
용문동082,1,대전광역시 서구 괴정로181번길 42,대전광역시 서구 용문동 281-25,36.334628,127.3924532,2016,한전주,042-288-3950,대전광역시 서구청,2025-06-26
용문동083,1,대전광역시 서구 괴정로181번길 30,대전광역시 서구 용문동 280-1,36.33416579,127.391902,2016,한전주,042-288-3950,대전광역시 서구청,2025-06-26
용문동084,1,대전광역시 서구 괴정로181번길 24,대전광역시 서구 용문동 280-21,36.334020,127.3917024,2016,한전주,042-288-3950,대전광역시 서구청,2025-06-26
용문동085,1,대전광역시 서구 괴정로181번길 22,대전광역시 서구 용문동 280-19,36.333931,127.3915917,2016,한전주,042-288-3950,대전광역시 서구청,2025-06-26
용문동086,1,대전광역시 서구 괴정로181번길 14-2,대전광역시 서구 용문동 280-14,36.33360596,127.391308,2016,한전주,042-288-3950,대전광역시 서구청,2025-06-26
용문동087,1,대전광역시 서구 괴정로181번길 6,대전광역시 서구 용문동 280-11,36.33340465,127.3909751,2016,한전주,042-288-3950,대전광역시 서구청,2025-06-26
용문동088,1,대전광역시 서구 괴정로165번길 20-12,대전광역시 서구 용문동 278-2,36.33463547,127.3904242,2016,한전주,042-288-3950,대전광역시 서구청,2025-06-26
용문동089,1,대전광역시 서구 괴정로165번길 20-22,대전광역시 서구 용문동 278-26,36.33453188,127.3905492,2016,한전주,042-288-3950,대전광역시 서구청,2025-06-26
용문동090,1,대전광역시 서구 괴정로165번길 20-15,대전광역시 서구 용문동 279-18,36.3348249,127.390791,2016,전용주,042-288-3950,대전광역시 서구청,2025-06-26
용문동091,1,대전광역시 서구 괴정로165번길 20-39,대전광역시 서구 용문동 279-54,36.334372,127.3911245,2016,한전주,042-288-3950,대전광역시 서구청,2025-06-26
용문동092,1,대전광역시 서구 괴정로165번길 20-43,대전광역시 서구 용문동 279-13,36.334222,127.391206,2016,한전주,042-288-3950,대전광역시 서구청,2025-06-26
용문동093,1,대전광역시 서구 괴정로165번길 20-45,대전광역시 서구 용문동 279-58,36.33410761,127.3914287,2016,한전주,042-288-3950,대전광역시 서구청,2025-06-26
용문동094,1,대전광역시 서구 괴정로181번길 10,대전광역시 서구 용문동 280-13,36.33345592,127.3911968,2016,한전주,042-288-3950,대전광역시 서구청,2025-06-26
용문동095,1,대전광역시 서구 괴정로181번길 14-5,대전광역시 서구 용문동 280-30,36.33370505,127.3914309,2016,전용주,042-288-3950,대전광역시 서구청,2025-06-26
용문동096,1,대전광역시 서구 괴정로189번길 17,대전광역시 서구 용문동 280-42,36.333579,127.3915791,2016,전용주,042-288-3950,대전광역시 서구청,2025-06-26
용문동097,1,대전광역시 서구 용문동 괴정로189번길 9-1,대전광역시 서구 용문동 280-53,36.333001,127.391570,2016,한전주,042-288-3950,대전광역시 서구청,2025-06-26
용문동098,1,대전광역시 서구 괴정로189번길 13,대전광역시 서구 용문동 280-63,36.33337762,127.3916881,2016,한전주,042-288-3950,대전광역시 서구청,2025-06-26
용문동099,1,대전광역시 서구 괴정로189번길 19,대전광역시 서구 용문동 280-59,36.33354702,127.3918873,2016,한전주,042-288-3950,대전광역시 서구청,2025-06-26
용문동100,1,대전광역시 서구 괴정로189번길 25,대전광역시 서구 용문동 280-77,36.33371716,127.3921082,2016,한전주,042-288-3950,대전광역시 서구청,2025-06-26
용문동101,1,대전광역시 서구 괴정로189번길 39,대전광역시 서구 용문동 281-32,36.33415915,127.392761,2016,한전주,042-288-3950,대전광역시 서구청,2025-06-26
용문동102,1,대전광역시 서구 괴정로189번길 45,대전광역시 서구 용문동 281-10,36.33434264,127.3929923,2016,한전주,042-288-3950,대전광역시 서구청,2025-06-26
용문동103,1,대전광역시 서구 용문로 108-8,대전광역시 서구 용문동 281-16,36.334530,127.3926626,2016,한전주,042-288-3950,대전광역시 서구청,2025-06-26
용문동104,1,대전광역시 서구 용문로 108-12,대전광역시 서구 용문동 281-17,36.33442962,127.392577,2016,한전주,042-288-3950,대전광역시 서구청,2025-06-26
용문동105,1,대전광역시 서구 유등로483번길 50,대전광역시 서구 용문동 281-12,36.33414442,127.392442,2016,한전주,042-288-3950,대전광역시 서구청,2025-06-26
용문동106,1,대전광역시 서구 유등로483번길 50,대전광역시 서구 용문동 281-12,36.33414442,127.392402,2016,한전주,042-288-3950,대전광역시 서구청,2025-06-26
용문동107,1,대전광역시 서구 용문동 괴정로181번길 44,대전광역시 서구 용문동 281-30,36.334194,127.392172,2016,한전주,042-288-3950,대전광역시 서구청,2025-06-26
용문동108,1,대전광역시 서구 괴정로181번길 18-6,대전광역시 서구 용문동 280-31,36.3337789,127.391569,2016,전용주,042-288-3950,대전광역시 서구청,2025-06-26
용문동109,1,대전광역시 서구 괴정로181번길 18-10,대전광역시 서구 용문동 280-6,36.33371846,127.3919301,2016,전용주,042-288-3950,대전광역시 서구청,2025-06-26
용문동110,1,대전광역시 서구 괴정로 175-3,대전광역시 서구 용문동 278-27,36.33387371,127.390340,2016,전용주,042-288-3950,대전광역시 서구청,2025-06-26
용문동111,1,,대전광역시 서구 용문동 297-37,36.335032,127.390873,2016,전용주,042-288-3950,대전광역시 서구청,2025-06-26
용문동112,1,대전광역시 서구 계룡로 658-6,대전광역시 서구 용문동 257-16,36.33720494,127.393933,2016,한전주,042-288-3950,대전광역시 서구청,2025-06-26
용문동113,1,대전광역시 서구 계룡로 658-10,대전광역시 서구 용문동 257-6,36.33708871,127.3937309,2016,한전주,042-288-3950,대전광역시 서구청,2025-06-26
용문동114,1,대전광역시 서구 계룡로 658-20,대전광역시 서구 용문동 258-20,36.33671271,127.393395,2016,한전주,042-288-3950,대전광역시 서구청,2025-06-26
용문동115,1,대전광역시 서구 도산로370번길 8,대전광역시 서구 용문동 259-15,36.337075,127.3923437,2016,한전주,042-288-3950,대전광역시 서구청,2025-06-26
용문동116,1,대전광역시 서구 도산로370번길 11,대전광역시 서구 용문동 258-16,36.33708037,127.392772,2016,한전주,042-288-3950,대전광역시 서구청,2025-06-26
용문동117,1,대전광역시 서구 도산로370번길 24,대전광역시 서구 용문동 260-57,36.336473,127.393094,2016,한전주,042-288-3950,대전광역시 서구청,2025-06-26
용문동118,1,대전광역시 서구 도산로370번길 26-8,대전광역시 서구 용문동 260-55,36.336287,127.3928154,2016,전용주,042-288-3950,대전광역시 서구청,2025-06-26
용문동119,1,대전광역시 서구 계룡로 658-23,대전광역시 서구 용문동 256-19,36.336389,127.3934518,2016,한전주,042-288-3950,대전광역시 서구청,2025-06-26
용문동120,1,대전광역시 서구 계룡로662번길 32,대전광역시 서구 용문동 260-5,36.33598005,127.3935222,2016,한전주,042-288-3950,대전광역시 서구청,2025-06-26
용문동121,1,대전광역시 서구 도산로370번길 46,대전광역시 서구 용문동 261-2,36.3357987,127.3936967,2016,한전주,042-288-3950,대전광역시 서구청,2025-06-26
용문동122,1,대전광역시 서구 계룡로 670-5,대전광역시 서구 용문동 255-32,36.336241,127.395008,2016,전용주,042-288-3950,대전광역시 서구청,2025-06-26
용문동123,1,대전광역시 서구 용문동 계룡로 670-14,대전광역시 서구 용문동 256-42,36.336308,127.394627,2016,전용주,042-288-3950,대전광역시 서구청,2025-06-26
용문동124,1,대전광역시 서구 계룡로 670-16,대전광역시 서구 용문동 256-9,36.33618299,127.3943706,2016,전용주,042-288-3950,대전광역시 서구청,2025-06-26
용문동125,1,대전광역시 서구 용문동 계룡로662번길 21,대전광역시 서구 용문동 256-15,36.336086,127.394325,2016,전용주,042-288-3950,대전광역시 서구청,2025-06-26
용문동126,1,대전광역시 서구 용문동 계룡로662번길 21,대전광역시 서구 용문동 256-15,36.335873,127.394024,2016,전용주,042-288-3950,대전광역시 서구청,2025-06-26
용문동127,1,대전광역시 서구 계룡로662번길 8,대전광역시 서구 용문동 256-29,36.33679065,127.3943365,2016,한전주,042-288-3950,대전광역시 서구청,2025-06-26
용문동128,1,대전광역시 서구 계룡로662번길 14,대전광역시 서구 용문동 256-25,36.33658361,127.3941104,2016,한전주,042-288-3950,대전광역시 서구청,2025-06-26
용문동129,1,대전광역시 서구 계룡로662번길 10-5,대전광역시 서구 용문동 256-28,36.33692342,127.3940632,2016,전용주,042-288-3950,대전광역시 서구청,2025-06-26
용문동130,1,대전광역시 서구 계룡로662번길 18,대전광역시 서구 용문동 256-57,36.336382,127.394182,2016,한전주,042-288-3950,대전광역시 서구청,2025-06-26
용문동131,1,대전광역시 서구 계룡로662번길 36,대전광역시 서구 용문동 260-30,36.335871,127.3933815,2016,한전주,042-288-3950,대전광역시 서구청,2025-06-26
용문동132,1,대전광역시 서구 계룡로662번길 35,대전광역시 서구 용문동 261-24,36.335710,127.3935257,2016,한전주,042-288-3950,대전광역시 서구청,2025-06-26
용문동133,1,대전광역시 서구 계룡로662번길 33-11,대전광역시 서구 용문동 261-9,36.335464,127.3938716,2016,한전주,042-288-3950,대전광역시 서구청,2025-06-26
용문동134,1,,대전광역시 서구 용문동 261-11,36.33530057,127.3938471,2016,한전주,042-288-3950,대전광역시 서구청,2025-06-26
용문동135,1,대전광역시 서구 계룡로662번길 33-20,대전광역시 서구 용문동 261-21,36.335021,127.3935971,2016,한전주,042-288-3950,대전광역시 서구청,2025-06-26
용문동136,1,대전광역시 서구 계룡로662번길 40-2,대전광역시 서구 용문동 260-34,36.33580151,127.393260,2016,전용주,042-288-3950,대전광역시 서구청,2025-06-26
용문동137,1,대전광역시 서구 계룡로662번길 40-8,대전광역시 서구 용문동 260-66,36.336047,127.3933024,2016,한전주,042-288-3950,대전광역시 서구청,2025-06-26
용문동138,1,대전광역시 서구 계룡로662번길 41,대전광역시 서구 용문동 261-25,36.33556672,127.3933458,2016,한전주,042-288-3950,대전광역시 서구청,2025-06-26
용문동139,1,대전광역시 서구 계룡로662번길 45,대전광역시 서구 용문동 261-36,36.33538873,127.393129,2016,전용주,042-288-3950,대전광역시 서구청,2025-06-26
용문동140,1,대전광역시 서구 계룡로662번길 46-2,대전광역시 서구 용문동 260-9,36.33583083,127.3927773,2016,전용주,042-288-3950,대전광역시 서구청,2025-06-26
용문동141,1,대전광역시 서구 계룡로662번길 50,대전광역시 서구 용문동 260-42,36.3354719,127.3927476,2016,한전주,042-288-3950,대전광역시 서구청,2025-06-26
용문동142,1,대전광역시 서구 계룡로662번길 46-2,대전광역시 서구 용문동 260-9,36.33583083,127.3927773,2016,전용주,042-288-3950,대전광역시 서구청,2025-06-26
용문동143,1,대전광역시 서구 계룡로662번길 46-2,대전광역시 서구 용문동 260-9,36.335881,127.3927773,2016,전용주,042-288-3950,대전광역시 서구청,2025-06-26
용문동144,1,대전광역시 서구 용문로 107-14,대전광역시 서구 용문동 261-52,36.335472,127.3934572,2016,한전주,042-288-3950,대전광역시 서구청,2025-06-26
용문동145,1,대전광역시 서구 용문로 107-8,대전광역시 서구 용문동 261-50,36.33521237,127.3934313,2016,한전주,042-288-3950,대전광역시 서구청,2025-06-26
용문동146,1,대전광역시 서구 용문로 89-3,대전광역시 서구 용문동 259-34,36.336245,127.3918595,2016,전용주,042-288-3950,대전광역시 서구청,2025-06-26
용문동147,1,대전광역시 서구 용문로 89-9,대전광역시 서구 용문동 259-31,36.33641097,127.392057,2016,한전주,042-288-3950,대전광역시 서구청,2025-06-26
용문동148,1,대전광역시 서구 용문로 89-21,대전광역시 서구 용문동 259-29,36.33650346,127.392166,2016,한전주,042-288-3950,대전광역시 서구청,2025-06-26
용문동149,1,대전광역시 서구 용문로 89-25,대전광역시 서구 용문동 259-26,36.33661092,127.392275,2016,한전주,042-288-3950,대전광역시 서구청,2025-06-26
용문동150,1,대전광역시 서구 도산로370번길 22-1,대전광역시 서구 용문동 260-36,36.336443,127.3928195,2016,한전주,042-288-3950,대전광역시 서구청,2025-06-26
용문동151,1,대전광역시 서구 도산로 376-12,대전광역시 서구 용문동 258-6,36.33728141,127.3929843,2016,한전주,042-288-3950,대전광역시 서구청,2025-06-26
용문동152,1,대전광역시 서구 도산로 376-20,대전광역시 서구 용문동 258-21,36.33705912,127.393209,2016,한전주,042-288-3950,대전광역시 서구청,2025-06-26
용문동153,1,대전광역시 서구 도산로 376-20,대전광역시 서구 용문동 258-21,36.33705912,127.3932468,2016,한전주,042-288-3950,대전광역시 서구청,2025-06-26
용문동154,1,대전광역시 서구 도산로370번길 54,대전광역시 서구 용문동 261-5,36.335506,127.3940358,2016,한전주,042-288-3950,대전광역시 서구청,2025-06-26
용문동155,1,대전광역시 서구 도산로370번길 64,대전광역시 서구 용문동 261-10,36.335231,127.3940649,2016,한전주,042-288-3950,대전광역시 서구청,2025-06-26
용문동156,1,대전광역시 서구 도산로370번길 70,대전광역시 서구 용문동 261-13,36.33507612,127.393805,2016,한전주,042-288-3950,대전광역시 서구청,2025-06-26
용문동157,1,대전광역시 서구 도산로370번길 76,대전광역시 서구 용문동 261-16,36.33487593,127.393653,2016,한전주,042-288-3950,대전광역시 서구청,2025-06-26
용문동158,1,대전광역시 서구 유등로505번길 31,대전광역시 서구 용문동 254-7,36.33458611,127.394073,2016,한전주,042-288-3950,대전광역시 서구청,2025-06-26
용문동159,1,대전광역시 서구 유등로505번길 29,대전광역시 서구 용문동 254-8,36.334537,127.3941545,2016,한전주,042-288-3950,대전광역시 서구청,2025-06-26
용문동160,1,대전광역시 서구 유등로505번길 22,대전광역시 서구 용문동 255-48,36.33443926,127.3946832,2016,한전주,042-288-3950,대전광역시 서구청,2025-06-26
용문동161,1,대전광역시 서구 계룡로686번길 40,대전광역시 서구 용문동 255-49,36.33435951,127.394759,2016,한전주,042-288-3950,대전광역시 서구청,2025-06-26
용문동162,1,대전광역시 서구 유등로505번길 26,대전광역시 서구 용문동 255-13,36.33480751,127.3947302,2016,한전주,042-288-3950,대전광역시 서구청,2025-06-26
용문동163,1,대전광역시 서구 유등로 507,대전광역시 서구 용문동 251-9,36.33389224,127.3953596,2016,한전주,042-288-3950,대전광역시 서구청,2025-06-26
용문동164,1,대전광역시 서구 계룡로686번길 45,대전광역시 서구 용문동 252-13,36.334065,127.3947447,2016,한전주,042-288-3950,대전광역시 서구청,2025-06-26
용문동165,1,대전광역시 서구 계룡로686번길 35-2,대전광역시 서구 용문동 251-24,36.33428351,127.3949914,2016,한전주,042-288-3950,대전광역시 서구청,2025-06-26
용문동166,1,대전광역시 서구 계룡로686번길 29-2,대전광역시 서구 용문동 251-31,36.33449609,127.3952673,2016,한전주,042-288-3950,대전광역시 서구청,2025-06-26
용문동167,1,대전광역시 서구 유등로 515-13,대전광역시 서구 용문동 251-39,36.33469579,127.3955664,2016,한전주,042-288-3950,대전광역시 서구청,2025-06-26
용문동168,1,대전광역시 서구 계룡로686번길 9,대전광역시 서구 용문동 250-14,36.33515051,127.3960901,2016,한전주,042-288-3950,대전광역시 서구청,2025-06-26
용문동169,1,대전광역시 서구 계룡로686번길 9,대전광역시 서구 용문동 250-14,36.33515051,127.3960901,2016,전용주,042-288-3950,대전광역시 서구청,2025-06-26
용문동170,1,대전광역시 서구 계룡로686번길 9,대전광역시 서구 용문동 250-14,36.33515051,127.3960901,2016,한전주,042-288-3950,대전광역시 서구청,2025-06-26
용문동171,1,대전광역시 서구 유등로 515-9,대전광역시 서구 용문동 251-37,36.33454379,127.395781,2016,전용주,042-288-3950,대전광역시 서구청,2025-06-26
용문동172,1,대전광역시 서구 괴정로189번길 36,대전광역시 서구 용문동 282-30,36.3339144,127.392713,2016,한전주,042-288-3950,대전광역시 서구청,2025-06-26
용문동173,1,대전광역시 서구 유등로483번길 38,대전광역시 서구 용문동 282-29,36.33376529,127.392954,2016,한전주,042-288-3950,대전광역시 서구청,2025-06-26
용문동174,1,대전광역시 서구 유등로483번길 28,대전광역시 서구 용문동 282-17,36.333438,127.3933241,2016,한전주,042-288-3950,대전광역시 서구청,2025-06-26
용문동175,1,대전광역시 서구 유등로483번길 24,대전광역시 서구 용문동 282-13,36.33316321,127.393322,2016,한전주,042-288-3950,대전광역시 서구청,2025-06-26
용문동176,1,대전광역시 서구 유등로483번길 26-6,대전광역시 서구 용문동 282-49,36.33331007,127.3935133,2016,한전주,042-288-3950,대전광역시 서구청,2025-06-26
용문동177,1,대전광역시 서구 유등로483번길 16,대전광역시 서구 용문동 282-12,36.332911,127.3934118,2016,한전주,042-288-3950,대전광역시 서구청,2025-06-26
용문동178,1,대전광역시 서구 용문동 괴정로 203,대전광역시 서구 용문동 282-10,36.33207297,127.3929819,2016,한전주,042-288-3950,대전광역시 서구청,2025-06-26
용문동179,1,,대전광역시 서구 용문동 285-2,36.33256093,127.3928265,2016,전용주,042-288-3950,대전광역시 서구청,2025-06-26
용문동180,1,,대전광역시 서구 용문동 285-2,36.33256093,127.3928265,2016,전용주,042-288-3950,대전광역시 서구청,2025-06-26
용문동181,1,대전광역시 서구 괴정로 195-12,대전광역시 서구 용문동 285-1,36.33251717,127.3925413,2016,한전주,042-288-3950,대전광역시 서구청,2025-06-26
용문동182,1,대전광역시 서구 괴정로 195-8,대전광역시 서구 용문동 285-6,36.33237927,127.3923559,2016,한전주,042-288-3950,대전광역시 서구청,2025-06-26
용문동183,1,대전광역시 서구 괴정로 199,대전광역시 서구 용문동 285-7,36.33221576,127.3921461,2016,한전주,042-288-3950,대전광역시 서구청,2025-06-26
용문동184,1,대전광역시 서구 도산로400번길 6,대전광역시 서구 용문동 243-13,36.3388871,127.394610,2016,전용주,042-288-3950,대전광역시 서구청,2025-06-26
용문동185,1,대전광역시 서구 도산로400번길 10,대전광역시 서구 용문동 243-2,36.338820,127.3947374,2016,한전주,042-288-3950,대전광역시 서구청,2025-06-26
용문동186,1,대전광역시 서구 용문동 도산로400번길 19,대전광역시 서구 용문동 241-20,36.33859124,127.395209,2016,한전주,042-288-3950,대전광역시 서구청,2025-06-26
용문동187,1,대전광역시 서구 도산로400번길 33,대전광역시 서구 용문동 240-15,36.338114,127.3958545,2016,한전주,042-288-3950,대전광역시 서구청,2025-06-26
용문동194,1,대전광역시 서구 계룡로 663-5,대전광역시 서구 용문동 244-13,36.33738396,127.3950349,2016,전용주,042-288-3950,대전광역시 서구청,2025-06-26
용문동195,1,대전광역시 서구 용문동 계룡로 663-14,대전광역시 서구 용문동 245-17,36.33746015,127.395502,2016,한전주,042-288-3950,대전광역시 서구청,2025-06-26
용문동196,1,대전광역시 서구 용문동 계룡로 663-20,대전광역시 서구 용문동 245-1,36.337717,127.395748,2016,한전주,042-288-3950,대전광역시 서구청,2025-06-26
용문동197,1,대전광역시 서구 도산로400번길 35,대전광역시 서구 용문동 240-16,36.33809231,127.395953,2016,한전주,042-288-3950,대전광역시 서구청,2025-06-26
용문동198,1,대전광역시 서구 계룡로 663-31,대전광역시 서구 용문동 240-5,36.33821435,127.3960297,2016,한전주,042-288-3950,대전광역시 서구청,2025-06-26
용문동199,1,대전광역시 서구 계룡로 663-39,대전광역시 서구 용문동 240-23,36.338407,127.3963949,2016,한전주,042-288-3950,대전광역시 서구청,2025-06-26
용문동200,1,대전광역시 서구 계룡로 663-43,대전광역시 서구 용문동 240-4,36.33866927,127.3965696,2016,한전주,042-288-3950,대전광역시 서구청,2025-06-26
용문동201,1,대전광역시 서구 탄방로 108,대전광역시 서구 용문동 241-4,36.3391039,127.396303,2016,한전주,042-288-3950,대전광역시 서구청,2025-06-26
용문동202,1,대전광역시 서구 탄방로 108-10,대전광역시 서구 용문동 241-48,36.33894135,127.396158,2016,한전주,042-288-3950,대전광역시 서구청,2025-06-26
용문동203,1,대전광역시 서구 탄방로 108-20,대전광역시 서구 용문동 241-12,36.338640,127.3958753,2016,한전주,042-288-3950,대전광역시 서구청,2025-06-26
용문동204,1,대전광역시 서구 탄방로 108-24,대전광역시 서구 용문동 241-15,36.33860074,127.3956855,2016,전용주,042-288-3950,대전광역시 서구청,2025-06-26
용문동205,1,대전광역시 서구 계룡로 655-19,대전광역시 서구 용문동 244-37,36.33843301,127.3949816,2016,한전주,042-288-3950,대전광역시 서구청,2025-06-26
용문동206,1,대전광역시 서구 계룡로 655-13,대전광역시 서구 용문동 244-42,36.3382108,127.3947039,2016,한전주,042-288-3950,대전광역시 서구청,2025-06-26
용문동207,1,대전광역시 서구 계룡로 655-7,대전광역시 서구 용문동 244-36,36.337909,127.394452,2016,전용주,042-288-3950,대전광역시 서구청,2025-06-26
용문동208,1,대전광역시 서구 계룡로649번길 11,대전광역시 서구 용문동 243-7,36.33838096,127.3941808,2016,한전주,042-288-3950,대전광역시 서구청,2025-06-26
용문동209,1,대전광역시 서구 도산로 396,대전광역시 서구 용문동 243-15,36.33888034,127.3944153,2016,한전주,042-288-3950,대전광역시 서구청,2025-06-26
용문동210,1,대전광역시 서구 도산로 406,대전광역시 서구 용문동 242-18,36.33944545,127.3951566,2016,한전주,042-288-3950,대전광역시 서구청,2025-06-26
용문동211,1,대전광역시 서구 계룡로649번길 38,대전광역시 서구 용문동 241-41,36.3389584,127.3954452,2016,한전주,042-288-3950,대전광역시 서구청,2025-06-26
용문동212,1,대전광역시 서구 계룡로649번길 47,대전광역시 서구 용문동 242-5,36.33941037,127.395612,2016,한전주,042-288-3950,대전광역시 서구청,2025-06-26
용문동213,1,대전광역시 서구 계룡로649번길 49,대전광역시 서구 용문동 242-36,36.33951603,127.395754,2016,한전주,042-288-3950,대전광역시 서구청,2025-06-26
용문동235,1,,대전광역시 서구 용문동 248-28,36.336551,127.397511,2016,한전주,042-288-3950,대전광역시 서구청,2025-06-26
용문동236,1,대전광역시 서구 용문동 아랫강변1길 32,대전광역시 서구 용문동 248-19,36.336161,127.397979,2016,한전주,042-288-3950,대전광역시 서구청,2025-06-26
용문동237,1,대전광역시 서구 용문동 아랫강변1길 41,대전광역시 서구 용문동 238-39,36.33640738,127.397089,2016,한전주,042-288-3950,대전광역시 서구청,2025-06-26
용문동314,1,대전광역시 서구 용문동 유등로 589-1,대전광역시 서구 용문동 223-21,36.339621,127.401166,2016,한전주,042-288-3950,대전광역시 서구청,2025-06-26
용문동315,1,대전광역시 서구 용문동 유등로 591-8,대전광역시 서구 용문동 222-18,36.33992424,127.4010298,2016,한전주,042-288-3950,대전광역시 서구청,2025-06-26
용문동316,1,대전광역시 서구 유등로 591-16,대전광역시 서구 용문동 222-20,36.34012619,127.4011099,2016,한전주,042-288-3950,대전광역시 서구청,2025-06-26
용문동317,1,대전광역시 서구 유등로 591-32,대전광역시 서구 용문동 222-7,36.34023691,127.4007709,2016,한전주,042-288-3950,대전광역시 서구청,2025-06-26
용문동318,1,대전광역시 서구 도솔로519번길 12,대전광역시 서구 용문동 223-1,36.34021794,127.4003803,2016,한전주,042-288-3950,대전광역시 서구청,2025-06-26
용문동319,1,대전광역시 서구 도솔로519번길 19,대전광역시 서구 용문동 221-16,36.340605,127.400486,2016,한전주,042-288-3950,대전광역시 서구청,2025-06-26
용문동320,1,대전광역시 서구 도솔로519번길 9,대전광역시 서구 용문동 221-38,36.340273,127.400195,2016,한전주,042-288-3950,대전광역시 서구청,2025-06-26
용문동321,1,대전광역시 서구 도솔로519번길 7,대전광역시 서구 용문동 221-40,36.3402185,127.400004,2016,한전주,042-288-3950,대전광역시 서구청,2025-06-26
용문동322,1,대전광역시 서구 도솔로 513-8,대전광역시 서구 용문동 221-43,36.340503,127.3998398,2016,한전주,042-288-3950,대전광역시 서구청,2025-06-26
용문동323,1,대전광역시 서구 도솔로511번길 6,대전광역시 서구 용문동 221-47,36.340681,127.399467,2016,한전주,042-288-3950,대전광역시 서구청,2025-06-26
용문동324,1,대전광역시 서구 도솔로511번길 15,대전광역시 서구 용문동 220-5,36.34103719,127.399713,2016,한전주,042-288-3950,대전광역시 서구청,2025-06-26
용문동325,1,대전광역시 서구 도솔로511번길 14-2,대전광역시 서구 용문동 221-24,36.340781,127.3997729,2016,전용주,042-288-3950,대전광역시 서구청,2025-06-26
용문동326,1,대전광역시 서구 도솔로511번길 19,대전광역시 서구 용문동 220-3,36.34119161,127.3997785,2016,한전주,042-288-3950,대전광역시 서구청,2025-06-26
용문동327,1,대전광역시 서구 도솔로511번길 20-6,대전광역시 서구 용문동 221-28,36.34078023,127.400178,2016,전용주,042-288-3950,대전광역시 서구청,2025-06-26
용문동328,1,대전광역시 서구 도산로452번길 28,대전광역시 서구 용문동 220-19,36.341525,127.399783,2016,한전주,042-288-3950,대전광역시 서구청,2025-06-26
용문동329,1,대전광역시 서구 도솔로505번길 16,대전광역시 서구 용문동 220-13,36.34123042,127.3994094,2016,한전주,042-288-3950,대전광역시 서구청,2025-06-26
용문동330,1,대전광역시 서구 도솔로505번길 7,대전광역시 서구 용문동 219-29,36.34120226,127.3989355,2016,한전주,042-288-3950,대전광역시 서구청,2025-06-26
용문동332,1,대전광역시 서구 도솔로511번길 7-5,대전광역시 서구 용문동 220-28,36.340799,127.3992708,2016,전용주,042-288-3950,대전광역시 서구청,2025-06-26
용문동333,1,대전광역시 서구 도솔로 499,대전광역시 서구 용문동 219-8,36.341333,127.398423,2016,한전주,042-288-3950,대전광역시 서구청,2025-06-26
용문동334,1,대전광역시 서구 도솔로499번길 10,대전광역시 서구 용문동 219-9,36.34145324,127.3987453,2016,한전주,042-288-3950,대전광역시 서구청,2025-06-26
용문동335,1,대전광역시 서구 도솔로499번길 16-1,대전광역시 서구 용문동 219-24,36.34163223,127.3990921,2016,한전주,042-288-3950,대전광역시 서구청,2025-06-26
용문동336,1,대전광역시 서구 도솔로499번길 16-1,대전광역시 서구 용문동 219-24,36.34163223,127.3990921,2016,한전주,042-288-3950,대전광역시 서구청,2025-06-26
용문동337,1,대전광역시 서구 도솔로499번길 24,대전광역시 서구 용문동 219-15,36.34190665,127.3992783,2016,한전주,042-288-3950,대전광역시 서구청,2025-06-26
용문동338,1,대전광역시 서구 도산로452번길 24,대전광역시 서구 용문동 219-2,36.34165451,127.399330,2016,한전주,042-288-3950,대전광역시 서구청,2025-06-26
용문동339,1,대전광역시 서구 도솔로519번길 20,대전광역시 서구 용문동 222-1,36.34051336,127.4007253,2016,한전주,042-288-3950,대전광역시 서구청,2025-06-26
용문동340,1,대전광역시 서구 도산로452번길 43,대전광역시 서구 용문동 217-21,36.34111872,127.4005277,2016,한전주,042-288-3950,대전광역시 서구청,2025-06-26
용문동341,1,대전광역시 서구 도솔로519번길 20,대전광역시 서구 용문동 222-1,36.34051336,127.4007253,2016,한전주,042-288-3950,대전광역시 서구청,2025-06-26
용문동342,1,대전광역시 서구 도솔로519번길 28,대전광역시 서구 용문동 216-9,36.34085638,127.400929,2016,한전주,042-288-3950,대전광역시 서구청,2025-06-26
용문동343,1,대전광역시 서구 도산로452번길 62,대전광역시 서구 용문동 222-14,36.34061389,127.4013024,2016,한전주,042-288-3950,대전광역시 서구청,2025-06-26
용문동344,1,대전광역시 서구 유등로 599,대전광역시 서구 용문동 222-31,36.340346,127.4010727,2016,한전주,042-288-3950,대전광역시 서구청,2025-06-26
용문동345,1,대전광역시 서구 유등로 603,대전광역시 서구 용문동 216-29,36.340737,127.4014517,2016,한전주,042-288-3950,대전광역시 서구청,2025-06-26
용문동346,1,대전광역시 서구 도솔로511번길 53,대전광역시 서구 용문동 215-9,36.34214136,127.401471,2016,전용주,042-288-3950,대전광역시 서구청,2025-06-26
용문동347,1,대전광역시 서구 용문동 도솔로511번길 51,대전광역시 서구 용문동 215-21,36.341964,127.401164,2016,한전주,042-288-3950,대전광역시 서구청,2025-06-26
용문동348,1,대전광역시 서구 도솔로519번길 50,대전광역시 서구 용문동 216-31,36.341703,127.401212,2016,한전주,042-288-3950,대전광역시 서구청,2025-06-26
용문동349,1,대전광역시 서구 도솔로519번길 41,대전광역시 서구 용문동 217-9,36.34151862,127.4008066,2016,한전주,042-288-3950,대전광역시 서구청,2025-06-26
용문동350,1,대전광역시 서구 도솔로519번길 34,대전광역시 서구 용문동 216-16,36.34113703,127.4010871,2016,한전주,042-288-3950,대전광역시 서구청,2025-06-26
용문동351,1,대전광역시 서구 도솔로519번길 32,대전광역시 서구 용문동 216-34,36.341043,127.4010029,2016,한전주,042-288-3950,대전광역시 서구청,2025-06-26
용문동352,1,대전광역시 서구 도솔로519번길 37,대전광역시 서구 용문동 217-12,36.3414163,127.4007106,2016,한전주,042-288-3950,대전광역시 서구청,2025-06-26
용문동353,1,대전광역시 서구 도솔로511번길 34,대전광역시 서구 용문동 217-13,36.34149913,127.4005988,2016,한전주,042-288-3950,대전광역시 서구청,2025-06-26
용문동354,1,대전광역시 서구 도솔로511번길 40,대전광역시 서구 용문동 217-7,36.34168027,127.4008134,2016,한전주,042-288-3950,대전광역시 서구청,2025-06-26
용문동355,1,대전광역시 서구 도솔로511번길 43,대전광역시 서구 용문동 218-31,36.341880,127.4007588,2016,한전주,042-288-3950,대전광역시 서구청,2025-06-26
용문동356,1,대전광역시 서구 도솔로519번길 64,대전광역시 서구 용문동 215-19,36.342424,127.4013248,2016,한전주,042-288-3950,대전광역시 서구청,2025-06-26
용문동357,1,대전광역시 서구 도솔로519번길 70,대전광역시 서구 용문동 215-12,36.3426883,127.4013039,2016,한전주,042-288-3950,대전광역시 서구청,2025-06-26
용문동358,1,대전광역시 서구 도솔로519번길 79,대전광역시 서구 용문동 214-2,36.343102,127.4010622,2016,한전주,042-288-3950,대전광역시 서구청,2025-06-26
용문동359,1,대전광역시 서구 용문동 도솔로519번길 84,대전광역시 서구 용문동 206-5,36.34364996,127.401236,2016,한전주,042-288-3950,대전광역시 서구청,2025-06-26
용문동360,1,대전광역시 서구 유등로 633,대전광역시 서구 용문동 215-1,36.34339283,127.4015743,2016,한전주,042-288-3950,대전광역시 서구청,2025-06-26
용문동361,1,대전광역시 서구 유등로 625,대전광역시 서구 용문동 215-4,36.34270702,127.4014999577,2016,한전주,042-288-3950,대전광역시 서구청,2025-06-26
용문동362,1,대전광역시 서구 도솔로505번길 31,대전광역시 서구 용문동 213-4,36.34198945,127.399846,2016,한전주,042-288-3950,대전광역시 서구청,2025-06-26
용문동363,1,대전광역시 서구 도솔로505번길 41,대전광역시 서구 용문동 213-2,36.34227305,127.4001993,2016,한전주,042-288-3950,대전광역시 서구청,2025-06-26
용문동364,1,대전광역시 서구 도솔로505번길 47,대전광역시 서구 용문동 213-26,36.34243235,127.400514,2016,한전주,042-288-3950,대전광역시 서구청,2025-06-26
용문동365,1,대전광역시 서구 도솔로505번길 53,대전광역시 서구 용문동 214-11,36.34270202,127.4007331,2016,한전주,042-288-3950,대전광역시 서구청,2025-06-26
용문동366,1,대전광역시 서구 도솔로505번길 49-8,대전광역시 서구 용문동 214-9,36.34274856,127.4005083,2016,한전주,042-288-3950,대전광역시 서구청,2025-06-26
용문동367,1,대전광역시 서구 도솔로505번길 49-19,대전광역시 서구 용문동 212-1,36.34285605,127.3999205,2016,한전주,042-288-3950,대전광역시 서구청,2025-06-26
용문동368,1,대전광역시 서구 용문동 도솔로505번길 49-19,대전광역시 서구 용문동 212-13,36.342986,127.400086,2016,전용주,042-288-3950,대전광역시 서구청,2025-06-26
용문동369,1,대전광역시 서구 도솔로499번길 25,대전광역시 서구 용문동 212-24,36.342189,127.3992581,2016,한전주,042-288-3950,대전광역시 서구청,2025-06-26
용문동370,1,대전광역시 서구 도솔로499번길 35,대전광역시 서구 용문동 212-18,36.34251021,127.3995611,2016,한전주,042-288-3950,대전광역시 서구청,2025-06-26
용문동371,1,대전광역시 서구 도솔로499번길 41,대전광역시 서구 용문동 212-17,36.34260712,127.399821,2016,한전주,042-288-3950,대전광역시 서구청,2025-06-26
용문동372,1,대전광역시 서구 도솔로499번길 51,대전광역시 서구 용문동 208-11,36.342954,127.4002587,2016,한전주,042-288-3950,대전광역시 서구청,2025-06-26
용문동373,1,대전광역시 서구 도솔로499번길 61,대전광역시 서구 용문동 208-14,36.34322305,127.4006089,2016,한전주,042-288-3950,대전광역시 서구청,2025-06-26
용문동374,1,대전광역시 서구 도솔로499번길 67,대전광역시 서구 용문동 208-7,36.34348275,127.400831,2016,한전주,042-288-3950,대전광역시 서구청,2025-06-26
용문동375,1,대전광역시 서구 도솔로499번길 71,대전광역시 서구 용문동 208-1,36.34357515,127.400956,2016,한전주,042-288-3950,대전광역시 서구청,2025-06-26
용문동378,1,대전광역시 서구 용문로 98-12,대전광역시 서구 용문동 262-19,36.335119,127.391703,2023,전용주,042-288-3950,대전광역시 서구청,2025-06-26
용문동379,1,대전광역시 서구 용문동 계룡로658-15,대전광역시 서구 용문동 256-26,36.336749,127.3938312,2023,한전주,042-288-3950,대전광역시 서구청,2025-06-26
용문동380,1,대전광역시 서구 괴정로165번길 40-22,대전광역시 서구 용문동 279-5,36.33484986,127.3916629,2023,한전주,042-288-3950,대전광역시 서구청,2025-06-26
용문동381,1,대전광역시 서구 괴정로189번길 9-5,대전광역시 서구 용문동 280-8,36.333298,127.391326,2023,한전주,042-288-3950,대전광역시 서구청,2025-06-26
용문동382,1,대전광역시 서구 도솔로519번길 82,대전광역시 서구 용문동 215-14,36.34324982,127.4013331,2023,전용주,042-288-3950,대전광역시 서구청,2025-06-26
용문동383,1,대전광역시 서구 괴정로189번길 17,대전광역시 서구 용문동 280-42,36.333540,127.3915791,2023,전용주,042-288-3950,대전광역시 서구청,2025-06-26
용문동384,1,,대전광역시 서구 용문동 589-25,36.339303,127.390930,2023,한전주,042-288-3950,대전광역시 서구청,2025-06-26
용촌동001,1,,대전광역시 서구 용촌동 437-1,36.25268338,127.3069516,2016,한전주,042-288-3950,대전광역시 서구청,2025-06-26
용촌동002,1,,대전광역시 서구 용촌동 438-1,36.25258543,127.3071599,2016,한전주,042-288-3950,대전광역시 서구청,2025-06-26
용촌동003,1,,대전광역시 서구 용촌동 440-2,36.25187002,127.3075454,2016,한전주,042-288-3950,대전광역시 서구청,2025-06-26
용촌동004,1,대전광역시 서구 방앗간길 521-28,대전광역시 서구 용촌동 439-1,36.25156726,127.3075882,2016,한전주,042-288-3950,대전광역시 서구청,2025-06-26
용촌동005,1,,대전광역시 서구 용촌동 444-2,36.251338,127.3107718,2016,한전주,042-288-3950,대전광역시 서구청,2025-06-26
용촌동006,1,,대전광역시 서구 용촌동 447-1,36.251264,127.311962,2016,전용주,042-288-3950,대전광역시 서구청,2025-06-26
용촌동007,1,,대전광역시 서구 용촌동 447-1,36.25124891,127.311962,2016,전용주,042-288-3950,대전광역시 서구청,2025-06-26
용촌동008,1,,대전광역시 서구 용촌동 450,36.25008334,127.312392,2016,한전주,042-288-3950,대전광역시 서구청,2025-06-26
용촌동009,1,,대전광역시 서구 용촌동 450,36.250004,127.3123257,2016,한전주,042-288-3950,대전광역시 서구청,2025-06-26
용촌동010,1,,대전광역시 서구 용촌동 41-3,36.249494,127.312376,2016,한전주,042-288-3950,대전광역시 서구청,2025-06-26
용촌동011,1,,대전광역시 서구 용촌동 330-2,36.24855215,127.3126881,2016,한전주,042-288-3950,대전광역시 서구청,2025-06-26
용촌동012,1,대전광역시 서구 미림고삿길 12,대전광역시 서구 용촌동 452,36.248678,127.3120739,2016,한전주,042-288-3950,대전광역시 서구청,2025-06-26
용촌동013,1,대전광역시 서구 미림고삿길 12,대전광역시 서구 용촌동 452,36.248604,127.3120739,2016,한전주,042-288-3950,대전광역시 서구청,2025-06-26
용촌동014,1,,대전광역시 서구 용촌동 470-1,36.2484016,127.3118209,2016,한전주,042-288-3950,대전광역시 서구청,2025-06-26
용촌동015,1,대전광역시 서구 미림고삿길 23-18,대전광역시 서구 용촌동 480,36.24767366,127.3115934,2016,전용주,042-288-3950,대전광역시 서구청,2025-06-26
용촌동016,1,,대전광역시 서구 용촌동 479,36.24769477,127.311833,2016,전용주,042-288-3950,대전광역시 서구청,2025-06-26
용촌동017,1,,대전광역시 서구 용촌동 324,36.247455,127.312688,2016,한전주,042-288-3950,대전광역시 서구청,2025-06-26
용촌동018,1,대전광역시 서구 미림고삿길 31,대전광역시 서구 용촌동 467,36.248592,127.3109977,2016,한전주,042-288-3950,대전광역시 서구청,2025-06-26
용촌동019,1,대전광역시 서구 미림고삿길 39,대전광역시 서구 용촌동 465-1,36.24886014,127.310761,2016,한전주,042-288-3950,대전광역시 서구청,2025-06-26
용촌동020,1,,대전광역시 서구 용촌동 830-1,36.248763,127.313152,2016,한전주,042-288-3950,대전광역시 서구청,2025-06-26
용촌동021,1,대전광역시 서구 방앗간길 368,대전광역시 서구 용촌동 381,36.24881169,127.3137636,2016,한전주,042-288-3950,대전광역시 서구청,2025-06-26
용촌동022,1,,대전광역시 서구 용촌동 379,36.24936107,127.3144587,2016,한전주,042-288-3950,대전광역시 서구청,2025-06-26
용촌동023,1,,대전광역시 서구 용촌동 323,36.24681414,127.3129362,2016,전용주,042-288-3950,대전광역시 서구청,2025-06-26
용촌동024,1,,대전광역시 서구 용촌동 323,36.24681414,127.3129362,2016,한전주,042-288-3950,대전광역시 서구청,2025-06-26
용촌동025,1,,대전광역시 서구 용촌동 483,36.24600127,127.3118712,2016,한전주,042-288-3950,대전광역시 서구청,2025-06-26
용촌동026,1,,대전광역시 서구 용촌동 483,36.24600127,127.3118712,2016,한전주,042-288-3950,대전광역시 서구청,2025-06-26
용촌동027,1,,대전광역시 서구 용촌동 486,36.24532005,127.3109037,2016,한전주,042-288-3950,대전광역시 서구청,2025-06-26
용촌동028,1,,대전광역시 서구 용촌동 143-14,36.247927,127.3156819,2016,전용주,042-288-3950,대전광역시 서구청,2025-06-26
용촌동029,1,,대전광역시 서구 용촌동 144-9,36.24744616,127.3151142,2016,한전주,042-288-3950,대전광역시 서구청,2025-06-26
용촌동030,1,,대전광역시 서구 용촌동 582-2,36.24872587,127.316436,2016,한전주,042-288-3950,대전광역시 서구청,2025-06-26
용촌동031,1,,대전광역시 서구 용촌동 534,36.25018888,127.316121,2016,전용주,042-288-3950,대전광역시 서구청,2025-06-26
용촌동032,1,,대전광역시 서구 용촌동 109-5,36.25068121,127.316994,2016,한전주,042-288-3950,대전광역시 서구청,2025-06-26
용촌동033,1,,대전광역시 서구 용촌동 577-2,36.25087472,127.3174528,2016,한전주,042-288-3950,대전광역시 서구청,2025-06-26
용촌동034,1,,대전광역시 서구 용촌동 577-2,36.25087472,127.3174528,2016,전용주,042-288-3950,대전광역시 서구청,2025-06-26
용촌동035,1,,대전광역시 서구 용촌동 102-1,36.2524436,127.3178866,2016,한전주,042-288-3950,대전광역시 서구청,2025-06-26
용촌동036,1,대전광역시 서구 정방길 121-14,대전광역시 서구 용촌동 404,36.25273311,127.316702,2016,한전주,042-288-3950,대전광역시 서구청,2025-06-26
용촌동037,1,대전광역시 서구 정방길 200,대전광역시 서구 용촌동 412-1,36.25274963,127.3174151,2016,한전주,042-288-3950,대전광역시 서구청,2025-06-26
용촌동038,1,,대전광역시 서구 용촌동 408-1,36.2531425,127.317631,2016,한전주,042-288-3950,대전광역시 서구청,2025-06-26
용촌동039,1,,대전광역시 서구 용촌동 414,36.25320981,127.3172342,2016,한전주,042-288-3950,대전광역시 서구청,2025-06-26
용촌동040,1,,대전광역시 서구 용촌동 415,36.25327085,127.3167848,2016,한전주,042-288-3950,대전광역시 서구청,2025-06-26
용촌동041,1,대전광역시 서구 용촌동 정방길 181,대전광역시 서구 용촌동 113-2,36.25369309,127.317842,2016,전용주,042-288-3950,대전광역시 서구청,2025-06-26
용촌동042,1,,대전광역시 서구 용촌동 100-1,36.25442761,127.3186925,2016,한전주,042-288-3950,대전광역시 서구청,2025-06-26
용촌동043,1,,대전광역시 서구 용촌동 417,36.25562216,127.3177584,2016,한전주,042-288-3950,대전광역시 서구청,2025-06-26
용촌동044,1,,대전광역시 서구 용촌동 427,36.256995,127.314500,2016,한전주,042-288-3950,대전광역시 서구청,2025-06-26
용촌동045,1,,대전광역시 서구 용촌동 99-15,36.2557991,127.3190618,2016,한전주,042-288-3950,대전광역시 서구청,2025-06-26
용촌동046,1,,대전광역시 서구 용촌동 126-13,36.25360374,127.3225963,2016,한전주,042-288-3950,대전광역시 서구청,2025-06-26
용촌동047,1,,대전광역시 서구 용촌동 99-9,36.25405028,127.320940,2016,한전주,042-288-3950,대전광역시 서구청,2025-06-26
용촌동048,1,,대전광역시 서구 용촌동 99-6,36.25464093,127.3201906,2016,한전주,042-288-3950,대전광역시 서구청,2025-06-26
용촌동049,1,,대전광역시 서구 용촌동 99-3,36.25514935,127.3195587,2016,한전주,042-288-3950,대전광역시 서구청,2025-06-26
용촌동050,1,대전광역시 서구 정방길 163,대전광역시 서구 용촌동 112,36.25393956,127.3182307,2016,전용주,042-288-3950,대전광역시 서구청,2025-06-26
용촌동051,1,,대전광역시 서구 용촌동 101-1,36.25334514,127.3186965,2016,한전주,042-288-3950,대전광역시 서구청,2025-06-26
용촌동052,1,대전광역시 서구 정방길 193-5,대전광역시 서구 용촌동 115-3,36.25343488,127.3178984,2016,한전주,042-288-3950,대전광역시 서구청,2025-06-26
용촌동053,1,,대전광역시 서구 용촌동 102-1,36.2524436,127.3178866,2016,전용주,042-288-3950,대전광역시 서구청,2025-06-26
용촌동054,1,,대전광역시 서구 용촌동 101-6,36.25266117,127.3194121,2016,한전주,042-288-3950,대전광역시 서구청,2025-06-26
용촌동055,1,,대전광역시 서구 용촌동 248-5,36.25069645,127.3194155,2016,한전주,042-288-3950,대전광역시 서구청,2025-06-26
용촌동056,1,,대전광역시 서구 용촌동 247-4,36.25091769,127.3206056,2016,전용주,042-288-3950,대전광역시 서구청,2025-06-26
용촌동057,1,,대전광역시 서구 용촌동 247-4,36.25091769,127.3206056,2016,한전주,042-288-3950,대전광역시 서구청,2025-06-26
용촌동058,1,,대전광역시 서구 용촌동 39-4,36.25145214,127.3213841,2016,한전주,042-288-3950,대전광역시 서구청,2025-06-26
용촌동059,1,,대전광역시 서구 용촌동 61-4,36.25211274,127.3236735,2016,한전주,042-288-3950,대전광역시 서구청,2025-06-26
용촌동060,1,,대전광역시 서구 용촌동 536-1,36.25311352,127.3255611,2016,한전주,042-288-3950,대전광역시 서구청,2025-06-26
용촌동061,1,,대전광역시 서구 용촌동 11-1,36.24774377,127.3238435,2016,전용주,042-288-3950,대전광역시 서구청,2025-06-26
용촌동062,1,,대전광역시 서구 용촌동 11-1,36.24774377,127.3238435,2016,전용주,042-288-3950,대전광역시 서구청,2025-06-26
용촌동063,1,,대전광역시 서구 용촌동 11-1,36.24774377,127.3238435,2016,전용주,042-288-3950,대전광역시 서구청,2025-06-26
용촌동064,1,,대전광역시 서구 용촌동 182-2,36.25127225,127.3271669,2016,한전주,042-288-3950,대전광역시 서구청,2025-06-26
용촌동065,1,,대전광역시 서구 용촌동 74-1,36.2512868,127.3257634,2016,한전주,042-288-3950,대전광역시 서구청,2025-06-26
용촌동066,1,,대전광역시 서구 용촌동 75-1,36.25176928,127.325101,2016,한전주,042-288-3950,대전광역시 서구청,2025-06-26
용촌동067,1,,대전광역시 서구 용촌동 305-1,36.24671993,127.3161979,2016,한전주,042-288-3950,대전광역시 서구청,2025-06-26
용촌동068,1,,대전광역시 서구 용촌동 319-7,36.24628723,127.3152899,2016,한전주,042-288-3950,대전광역시 서구청,2025-06-26
용촌동069,1,대전광역시 서구 용촌동 당고개길 126,대전광역시 서구 용촌동 312-1,36.24487721,127.3152567,2016,한전주,042-288-3950,대전광역시 서구청,2025-06-26
용촌동070,1,,대전광역시 서구 용촌동 263-1,36.24620917,127.3200703,2016,한전주,042-288-3950,대전광역시 서구청,2025-06-26
용촌동071,1,,대전광역시 서구 용촌동 280-2,36.24733141,127.3175545,2016,한전주,042-288-3950,대전광역시 서구청,2025-06-26
용촌동072,1,,대전광역시 서구 용촌동 265-6,36.247570,127.3197171,2016,한전주,042-288-3950,대전광역시 서구청,2025-06-26
용촌동073,1,,대전광역시 서구 용촌동 259-1,36.24818544,127.3204908,2016,한전주,042-288-3950,대전광역시 서구청,2025-06-26
용촌동074,1,,대전광역시 서구 용촌동 252-1,36.24815596,127.3193426,2016,한전주,042-288-3950,대전광역시 서구청,2025-06-26
용촌동075,1,,대전광역시 서구 용촌동 229-3,36.247312,127.3223743,2016,한전주,042-288-3950,대전광역시 서구청,2025-06-26
용촌동076,1,,대전광역시 서구 용촌동 289-3,36.24666547,127.3219249,2016,한전주,042-288-3950,대전광역시 서구청,2025-06-26
용촌동077,1,대전광역시 서구 시누리길 40-13,대전광역시 서구 용촌동 244-5,36.247365,127.3229078,2016,한전주,042-288-3950,대전광역시 서구청,2025-06-26
용촌동078,1,대전광역시 서구 시누리길 26-11,대전광역시 서구 용촌동 243-3,36.247712,127.322924,2016,한전주,042-288-3950,대전광역시 서구청,2025-06-26
용촌동079,1,대전광역시 서구 시누리길 49,대전광역시 서구 용촌동 9-5,36.24728738,127.3240511,2016,한전주,042-288-3950,대전광역시 서구청,2025-06-26
용촌동080,1,대전광역시 서구 용촌동 시누리길 43-13,대전광역시 서구 용촌동 12-4,36.2478909,127.3240543,2016,한전주,042-288-3950,대전광역시 서구청,2025-06-26
용촌동081,1,대전광역시 서구 시누리길 7-36,대전광역시 서구 용촌동 13-9,36.24810469,127.3236111,2016,한전주,042-288-3950,대전광역시 서구청,2025-06-26
용촌동082,1,대전광역시 서구 시누리길 43-3,대전광역시 서구 용촌동 11-3,36.24772002,127.323694,2016,한전주,042-288-3950,대전광역시 서구청,2025-06-26
용촌동083,1,대전광역시 서구 시누리길 26-7,대전광역시 서구 용촌동 243-1,36.247932,127.3229904,2016,한전주,042-288-3950,대전광역시 서구청,2025-06-26
용촌동084,1,,대전광역시 서구 용촌동 241-1,36.24850954,127.323144,2016,한전주,042-288-3950,대전광역시 서구청,2025-06-26
용촌동085,1,대전광역시 서구 시누리길 26-7,대전광역시 서구 용촌동 243-1,36.24796164,127.3229904,2016,한전주,042-288-3950,대전광역시 서구청,2025-06-26
용촌동086,1,,대전광역시 서구 용촌동 222-1,36.248811,127.3225911,2016,한전주,042-288-3950,대전광역시 서구청,2025-06-26
용촌동087,1,대전광역시 서구 시누리길 7-11,대전광역시 서구 용촌동 13-1,36.248544,127.3236043,2016,한전주,042-288-3950,대전광역시 서구청,2025-06-26
용촌동088,1,대전광역시 서구 시누리길 7-15,대전광역시 서구 용촌동 13-2,36.24858871,127.323745,2016,한전주,042-288-3950,대전광역시 서구청,2025-06-26
용촌동089,1,대전광역시 서구 시누리길 7-23,대전광역시 서구 용촌동 13-4,36.24833125,127.3242122,2016,한전주,042-288-3950,대전광역시 서구청,2025-06-26
용촌동090,1,,대전광역시 서구 용촌동 251-2,36.24861311,127.3202826,2016,한전주,042-288-3950,대전광역시 서구청,2025-06-26
용촌동091,1,,대전광역시 서구 용촌동 221-4,36.24905985,127.3223487,2016,한전주,042-288-3950,대전광역시 서구청,2025-06-26
용촌동092,1,,대전광역시 서구 용촌동 4-3,36.2500021,127.3291442,2016,전용주,042-288-3950,대전광역시 서구청,2025-06-26
용촌동093,1,,대전광역시 서구 용촌동 4-14,36.249492,127.330729,2016,한전주,042-288-3950,대전광역시 서구청,2025-06-26
용촌동094,1,,대전광역시 서구 용촌동 산 50,36.246685,127.3097822,2023,한전주,042-288-3950,대전광역시 서구청,2025-06-26
용촌동095,1,,대전광역시 서구 용촌동 산 50,36.24666104,127.3097822,2023,한전주,042-288-3950,대전광역시 서구청,2025-06-26
용촌동096,1,,대전광역시 서구 용촌동 543,36.24979621,127.3240573,2025,전용주,042-288-3950,대전광역시 서구청,2025-06-26
용촌동100,1,,대전광역시 서구 용촌동 산 23-1,36.24791376,127.3254952,2025,전용주,042-288-3950,대전광역시 서구청,2025-06-26
용촌동101,1,,대전광역시 서구 용촌동 543,36.24979621,127.3240573,2025,전용주,042-288-3950,대전광역시 서구청,2025-06-26
용촌동102,1,,대전광역시 서구 용촌동 543,36.24979621,127.3240573,2025,전용주,042-288-3950,대전광역시 서구청,2025-06-26
용촌동103,1,,대전광역시 서구 용촌동 543,36.24979621,127.3240573,2025,전용주,042-288-3950,대전광역시 서구청,2025-06-26
용촌동104,1,,대전광역시 서구 용촌동 543,36.24979621,127.3240573,2025,전용주,042-288-3950,대전광역시 서구청,2025-06-26
용촌동97,1,,대전광역시 서구 용촌동 543,36.24979621,127.3240573,2025,전용주,042-288-3950,대전광역시 서구청,2025-06-26
용촌동98,1,,대전광역시 서구 용촌동 543,36.24979621,127.3240573,2025,전용주,042-288-3950,대전광역시 서구청,2025-06-26
용촌동99,1,,대전광역시 서구 용촌동 543,36.249790,127.324098,2025,전용주,042-288-3950,대전광역시 서구청,2025-06-26
우명동001,1,대전광역시 서구 벌곡로 157,대전광역시 서구 우명동 9-3,36.22960991,127.3024404,2016,한전주,042-288-3950,대전광역시 서구청,2025-06-26
우명동002,1,,대전광역시 서구 우명동 57-3,36.224261,127.302874,2016,한전주,042-288-3950,대전광역시 서구청,2025-06-26
우명동003,1,,대전광역시 서구 우명동 34,36.22490236,127.302269,2016,한전주,042-288-3950,대전광역시 서구청,2025-06-26
우명동004,1,,대전광역시 서구 우명동 44,36.22446086,127.301730,2016,한전주,042-288-3950,대전광역시 서구청,2025-06-26
우명동005,1,,대전광역시 서구 우명동 130-2,36.2248043,127.3006309,2016,한전주,042-288-3950,대전광역시 서구청,2025-06-26
우명동006,1,대전광역시 서구 실미길 84,대전광역시 서구 우명동 108-2,36.224568,127.2990604,2016,한전주,042-288-3950,대전광역시 서구청,2025-06-26
우명동007,1,대전광역시 서구 실미길 88,대전광역시 서구 우명동 108-4,36.2243346,127.2989544,2016,한전주,042-288-3950,대전광역시 서구청,2025-06-26
우명동008,1,대전광역시 서구 실미길 100,대전광역시 서구 우명동 112-4,36.22373419,127.2991113,2016,한전주,042-288-3950,대전광역시 서구청,2025-06-26
우명동009,1,대전광역시 서구 실미길 116,대전광역시 서구 우명동 114,36.22320238,127.2992626,2016,전용주,042-288-3950,대전광역시 서구청,2025-06-26
우명동010,1,대전광역시 서구 우명동 실미길 122,대전광역시 서구 우명동 116,36.222935,127.299896,2016,전용주,042-288-3950,대전광역시 서구청,2025-06-26
우명동011,1,,대전광역시 서구 우명동 120-4,36.222443,127.3002998,2016,한전주,042-288-3950,대전광역시 서구청,2025-06-26
우명동012,1,,대전광역시 서구 우명동 121-1,36.222173,127.3002072,2016,전용주,042-288-3950,대전광역시 서구청,2025-06-26
우명동013,1,,대전광역시 서구 우명동 121-1,36.22217968,127.3002072,2016,전용주,042-288-3950,대전광역시 서구청,2025-06-26
우명동014,1,,대전광역시 서구 우명동 80-1,36.223184,127.2953113,2016,한전주,042-288-3950,대전광역시 서구청,2025-06-26
우명동015,1,대전광역시 서구 우명길 25,대전광역시 서구 우명동 271-3,36.22336714,127.2953708,2016,한전주,042-288-3950,대전광역시 서구청,2025-06-26
우명동016,1,대전광역시 서구 우명길 33-14,대전광역시 서구 우명동 275-1,36.22317274,127.2946108,2016,한전주,042-288-3950,대전광역시 서구청,2025-06-26
우명동017,1,,대전광역시 서구 우명동 262-1,36.22390261,127.294278,2016,한전주,042-288-3950,대전광역시 서구청,2025-06-26
우명동018,1,,대전광역시 서구 우명동 246-1,36.224212,127.294751,2016,한전주,042-288-3950,대전광역시 서구청,2025-06-26
우명동019,1,,대전광역시 서구 우명동 267-7,36.22499369,127.2949799,2016,한전주,042-288-3950,대전광역시 서구청,2025-06-26
우명동020,1,,대전광역시 서구 우명동 267-7,36.22499369,127.2949799,2016,한전주,042-288-3950,대전광역시 서구청,2025-06-26
우명동021,1,,대전광역시 서구 우명동 267-7,36.22499369,127.2949799,2016,한전주,042-288-3950,대전광역시 서구청,2025-06-26
우명동022,1,,대전광역시 서구 우명동 267-7,36.22499369,127.2949799,2016,한전주,042-288-3950,대전광역시 서구청,2025-06-26
우명동023,1,,대전광역시 서구 우명동 267-1,36.22538718,127.2949659,2016,한전주,042-288-3950,대전광역시 서구청,2025-06-26
우명동024,1,,대전광역시 서구 우명동 267-1,36.22538718,127.2949659,2016,한전주,042-288-3950,대전광역시 서구청,2025-06-26
우명동025,1,,대전광역시 서구 우명동 266-2,36.2251673,127.2944294,2016,전용주,042-288-3950,대전광역시 서구청,2025-06-26
우명동026,1,,대전광역시 서구 우명동 266-2,36.2251673,127.2944294,2016,한전주,042-288-3950,대전광역시 서구청,2025-06-26
우명동027,1,대전광역시 서구 우명길 89,대전광역시 서구 우명동 251,36.22566512,127.2937539,2016,한전주,042-288-3950,대전광역시 서구청,2025-06-26
우명동028,1,,대전광역시 서구 우명동 254,36.2255616,127.2932969,2016,한전주,042-288-3950,대전광역시 서구청,2025-06-26
우명동029,1,,대전광역시 서구 우명동 267-1,36.22538718,127.2949659,2016,한전주,042-288-3950,대전광역시 서구청,2025-06-26
우명동030,1,,대전광역시 서구 우명동 267-1,36.22538718,127.2949659,2016,한전주,042-288-3950,대전광역시 서구청,2025-06-26
우명동031,1,,대전광역시 서구 우명동 249-2,36.22595196,127.2935139,2016,한전주,042-288-3950,대전광역시 서구청,2025-06-26
우명동032,1,,대전광역시 서구 우명동 241-1,36.22654824,127.2932154,2016,한전주,042-288-3950,대전광역시 서구청,2025-06-26
우명동033,1,,대전광역시 서구 우명동 233,36.22684668,127.2930154,2016,한전주,042-288-3950,대전광역시 서구청,2025-06-26
우명동034,1,,대전광역시 서구 우명동 231-1,36.22743604,127.2935813,2016,한전주,042-288-3950,대전광역시 서구청,2025-06-26
우명동035,1,,대전광역시 서구 우명동 230-4,36.2277548,127.2936603,2016,한전주,042-288-3950,대전광역시 서구청,2025-06-26
우명동036,1,,대전광역시 서구 우명동 206-4,36.228717,127.293130,2016,한전주,042-288-3950,대전광역시 서구청,2025-06-26
우명동037,1,,대전광역시 서구 우명동 205-2,36.22990392,127.292648,2016,한전주,042-288-3950,대전광역시 서구청,2025-06-26
우명동038,1,,대전광역시 서구 우명동 200-1,36.23038583,127.2914216,2016,한전주,042-288-3950,대전광역시 서구청,2025-06-26
우명동039,1,,대전광역시 서구 우명동 198-1,36.23100407,127.2903226,2016,한전주,042-288-3950,대전광역시 서구청,2025-06-26
우명동040,1,,대전광역시 서구 우명동 284-4,36.231647,127.2901803,2016,한전주,042-288-3950,대전광역시 서구청,2025-06-26
우명동041,1,,대전광역시 서구 우명동 286-1,36.23250292,127.289557,2016,한전주,042-288-3950,대전광역시 서구청,2025-06-26
우명동042,1,,대전광역시 서구 우명동 290,36.23292465,127.289678,2016,한전주,042-288-3950,대전광역시 서구청,2025-06-26
우명동043,1,대전광역시 서구 우명길 276,대전광역시 서구 우명동 289,36.23348946,127.2901413,2016,한전주,042-288-3950,대전광역시 서구청,2025-06-26
우명동044,1,,대전광역시 서구 우명동 184,36.23345748,127.2904278,2016,한전주,042-288-3950,대전광역시 서구청,2025-06-26
우명동045,1,대전광역시 서구 우명길 276,대전광역시 서구 우명동 289,36.23348946,127.290164,2016,한전주,042-288-3950,대전광역시 서구청,2025-06-26
우명동046,1,,대전광역시 서구 우명동 181,36.23382986,127.2902651,2016,한전주,042-288-3950,대전광역시 서구청,2025-06-26
우명동047,1,,대전광역시 서구 우명동 185,36.23414254,127.2906304,2016,한전주,042-288-3950,대전광역시 서구청,2025-06-26
우명동048,1,,대전광역시 서구 우명동 292-2,36.23321858,127.288479,2016,한전주,042-288-3950,대전광역시 서구청,2025-06-26
우명동049,1,,대전광역시 서구 우명동 292-1,36.234028,127.2878582,2016,한전주,042-288-3950,대전광역시 서구청,2025-06-26
우명동050,1,,대전광역시 서구 우명동 297-1,36.23503122,127.287309,2016,한전주,042-288-3950,대전광역시 서구청,2025-06-26
우명동051,1,,대전광역시 서구 우명동 293,36.2347903,127.2856993,2016,한전주,042-288-3950,대전광역시 서구청,2025-06-26
우명동052,1,,대전광역시 서구 우명동 294-2,36.23529472,127.2844475,2016,한전주,042-288-3950,대전광역시 서구청,2025-06-26
우명동053,1,,대전광역시 서구 우명동 294-3,36.23532027,127.2839875,2016,한전주,042-288-3950,대전광역시 서구청,2025-06-26
우명동054,1,,대전광역시 서구 우명동 487,36.23568856,127.2830374,2016,한전주,042-288-3950,대전광역시 서구청,2025-06-26
우명동055,1,대전광역시 서구 반송길 92,대전광역시 서구 우명동 486-7,36.235838,127.2827324,2016,한전주,042-288-3950,대전광역시 서구청,2025-06-26
우명동056,1,대전광역시 서구 반송길 98,대전광역시 서구 우명동 486-5,36.23597964,127.2825365,2016,한전주,042-288-3950,대전광역시 서구청,2025-06-26
우명동057,1,대전광역시 서구 반송길 112,대전광역시 서구 우명동 485,36.23586808,127.2820365,2016,한전주,042-288-3950,대전광역시 서구청,2025-06-26
우명동058,1,,대전광역시 서구 우명동 483,36.23729085,127.2845823,2016,한전주,042-288-3950,대전광역시 서구청,2025-06-26
우명동059,1,,대전광역시 서구 우명동 483,36.23729085,127.2845823,2016,한전주,042-288-3950,대전광역시 서구청,2025-06-26
우명동060,1,,대전광역시 서구 우명동 315,36.23758682,127.2851919,2016,한전주,042-288-3950,대전광역시 서구청,2025-06-26
우명동061,1,,대전광역시 서구 우명동 314,36.23715062,127.2854387,2016,한전주,042-288-3950,대전광역시 서구청,2025-06-26
우명동062,1,,대전광역시 서구 우명동 314,36.23715062,127.2854387,2016,한전주,042-288-3950,대전광역시 서구청,2025-06-26
우명동063,1,,대전광역시 서구 우명동 304,36.23573367,127.2872536,2016,한전주,042-288-3950,대전광역시 서구청,2025-06-26
우명동064,1,,대전광역시 서구 우명동 303-1,36.23524415,127.2876198,2016,한전주,042-288-3950,대전광역시 서구청,2025-06-26
우명동065,1,,대전광역시 서구 우명동 13,36.22834833,127.3011623,2016,전용주,042-288-3950,대전광역시 서구청,2025-06-26
우명동066,1,대전광역시 서구 댓고개길 1,대전광역시 서구 우명동 328-2,36.23755771,127.2858823,2016,한전주,042-288-3950,대전광역시 서구청,2025-06-26
우명동067,1,,대전광역시 서구 우명동 328-1,36.23777833,127.2866289,2016,한전주,042-288-3950,대전광역시 서구청,2025-06-26
우명동068,1,,대전광역시 서구 우명동 333-4,36.23752717,127.2876056,2016,한전주,042-288-3950,대전광역시 서구청,2025-06-26
우명동069,1,,대전광역시 서구 우명동 335,36.23783112,127.2882765,2016,한전주,042-288-3950,대전광역시 서구청,2025-06-26
우명동070,1,,대전광역시 서구 우명동 333-1,36.23796176,127.2880045,2016,한전주,042-288-3950,대전광역시 서구청,2025-06-26
우명동071,1,대전광역시 서구 댓고개길 70-23,대전광역시 서구 우명동 343,36.238520,127.2884895,2016,한전주,042-288-3950,대전광역시 서구청,2025-06-26
우명동072,1,대전광역시 서구 댓고개길 70-23,대전광역시 서구 우명동 343,36.23859719,127.2884895,2016,한전주,042-288-3950,대전광역시 서구청,2025-06-26
우명동073,1,,대전광역시 서구 우명동 338,36.23853721,127.2889775,2016,한전주,042-288-3950,대전광역시 서구청,2025-06-26
우명동074,1,대전광역시 서구 댓고개길 70-23,대전광역시 서구 우명동 343,36.23859719,127.2884895,2016,전용주,042-288-3950,대전광역시 서구청,2025-06-26
우명동075,1,,대전광역시 서구 우명동 349-1,36.238745,127.2867411,2016,한전주,042-288-3950,대전광역시 서구청,2025-06-26
우명동076,1,,대전광역시 서구 우명동 328,36.238703,127.286413,2016,한전주,042-288-3950,대전광역시 서구청,2025-06-26
우명동077,1,대전광역시 서구 댓고개길 104,대전광역시 서구 우명동 348,36.23937883,127.2863764,2016,한전주,042-288-3950,대전광역시 서구청,2025-06-26
우명동078,1,대전광역시 서구 댓고개길 104,대전광역시 서구 우명동 348,36.239370,127.2863764,2016,한전주,042-288-3950,대전광역시 서구청,2025-06-26
우명동079,1,대전광역시 서구 댓고개길 110,대전광역시 서구 우명동 347-2,36.2396197,127.2864575,2016,한전주,042-288-3950,대전광역시 서구청,2025-06-26
우명동080,1,대전광역시 서구 댓고개길 110,대전광역시 서구 우명동 347-2,36.2396197,127.286499,2016,한전주,042-288-3950,대전광역시 서구청,2025-06-26
우명동081,1,대전광역시 서구 요골길 526,대전광역시 서구 우명동 357-4,36.239767,127.2867962,2016,한전주,042-288-3950,대전광역시 서구청,2025-06-26
우명동082,1,대전광역시 서구 요골길 526,대전광역시 서구 우명동 357-4,36.239773,127.2867962,2016,한전주,042-288-3950,대전광역시 서구청,2025-06-26
우명동083,1,,대전광역시 서구 우명동 357-6,36.23999389,127.2886573,2016,한전주,042-288-3950,대전광역시 서구청,2025-06-26
우명동084,1,,대전광역시 서구 우명동 358-1,36.2401719,127.2889639,2016,한전주,042-288-3950,대전광역시 서구청,2025-06-26
우명동085,1,,대전광역시 서구 우명동 358-1,36.2401719,127.2889639,2016,한전주,042-288-3950,대전광역시 서구청,2025-06-26
우명동086,1,,대전광역시 서구 우명동 358-1,36.2401719,127.2889639,2016,한전주,042-288-3950,대전광역시 서구청,2025-06-26
우명동087,1,대전광역시 서구 요골길 540,대전광역시 서구 우명동 360,36.24010311,127.286155,2016,한전주,042-288-3950,대전광역시 서구청,2025-06-26
우명동088,1,,대전광역시 서구 우명동 353-1,36.23986501,127.2855788,2016,한전주,042-288-3950,대전광역시 서구청,2025-06-26
우명동089,1,,대전광역시 서구 우명동 362-1,36.24038853,127.285661,2016,전용주,042-288-3950,대전광역시 서구청,2025-06-26
우명동090,1,,대전광역시 서구 우명동 36-6,36.240903,127.285762,2016,한전주,042-288-3950,대전광역시 서구청,2025-06-26
우명동091,1,,대전광역시 서구 우명동 371,36.24122568,127.2853288,2016,한전주,042-288-3950,대전광역시 서구청,2025-06-26
우명동092,1,대전광역시 서구 요골길 548-26,대전광역시 서구 우명동 373,36.24136079,127.2856376,2016,한전주,042-288-3950,대전광역시 서구청,2025-06-26
우명동093,1,대전광역시 서구 우명길 508,대전광역시 서구 우명동 370,36.24136311,127.284779,2016,한전주,042-288-3950,대전광역시 서구청,2025-06-26
우명동094,1,,대전광역시 서구 우명동 320,36.23820679,127.2858726,2016,한전주,042-288-3950,대전광역시 서구청,2025-06-26
우명동095,1,,대전광역시 서구 우명동 327,36.23798578,127.286273,2016,한전주,042-288-3950,대전광역시 서구청,2025-06-26
우명동096,1,,대전광역시 서구 우명동 326-1,36.23841942,127.2861394,2016,한전주,042-288-3950,대전광역시 서구청,2025-06-26
우명동097,1,대전광역시 서구 우명길 463,대전광역시 서구 우명동 323-2,36.239526,127.2847786,2016,한전주,042-288-3950,대전광역시 서구청,2025-06-26
우명동098,1,,대전광역시 서구 우명동 364-1,36.24018829,127.284874,2016,한전주,042-288-3950,대전광역시 서구청,2025-06-26
우명동099,1,,대전광역시 서구 우명동 471,36.24084436,127.2843247,2016,한전주,042-288-3950,대전광역시 서구청,2025-06-26
우명동100,1,,대전광역시 서구 우명동 470,36.241542,127.2843507,2016,한전주,042-288-3950,대전광역시 서구청,2025-06-26
우명동101,1,,대전광역시 서구 우명동 460-4,36.24243487,127.2839602,2016,한전주,042-288-3950,대전광역시 서구청,2025-06-26
우명동102,1,대전광역시 서구 우명길 543,대전광역시 서구 우명동 461-2,36.242636,127.2834605,2016,한전주,042-288-3950,대전광역시 서구청,2025-06-26
우명동103,1,,대전광역시 서구 우명동 450-2,36.24374879,127.2823781,2023,한전주,042-288-3950,대전광역시 서구청,2025-06-26
우명동104,1,,대전광역시 서구 우명동 439,36.24703641,127.280974,2023,한전주,042-288-3950,대전광역시 서구청,2025-06-26
우명동105,1,,대전광역시 서구 우명동 432,36.24802461,127.2816424,2023,한전주,042-288-3950,대전광역시 서구청,2025-06-26
우명동106,1,대전광역시 서구 실미길 5,대전광역시 서구 우명동 49,36.2240715,127.3016639,2023,한전주,042-288-3950,대전광역시 서구청,2025-06-26
우명동107,1,대전광역시 서구 실미길 5,대전광역시 서구 우명동 49,36.2240715,127.3016639,2023,한전주,042-288-3950,대전광역시 서구청,2025-06-26
우명동108,1,,대전광역시 서구 우명동 441-1,36.24653486,127.281673,2023,한전주,042-288-3950,대전광역시 서구청,2025-06-26
우명동109,1,,대전광역시 서구 우명동 431,36.24813125,127.2812724,2023,한전주,042-288-3950,대전광역시 서구청,2025-06-26
우명동110,1,,대전광역시 서구 우명동 179,36.23490628,127.290822,2023,한전주,042-288-3950,대전광역시 서구청,2025-06-26
우명동111,1,,대전광역시 서구 우명동 276-1,36.22370702,127.2947728,2023,한전주,042-288-3950,대전광역시 서구청,2025-06-26
우명동112,1,,대전광역시 서구 우명동 350,36.23914556,127.285401,2023,한전주,042-288-3950,대전광역시 서구청,2025-06-26
우명동113,1,,대전광역시 서구 우명동 484,36.2365443,127.2844724,2023,전용주,042-288-3950,대전광역시 서구청,2025-06-26
원정동001,1,,대전광역시 서구 원정동 1038,36.253256,127.306187,2016,한전주,042-288-3950,대전광역시 서구청,2025-06-26
원정동002,1,대전광역시 서구 방앗간길 577,대전광역시 서구 원정동 259-1,36.25330621,127.305228,2016,한전주,042-288-3950,대전광역시 서구청,2025-06-26
원정동003,1,,대전광역시 서구 원정동 217-2,36.25345324,127.304045,2016,한전주,042-288-3950,대전광역시 서구청,2025-06-26
원정동004,1,,대전광역시 서구 원정동 217-4,36.2533039,127.303628,2016,한전주,042-288-3950,대전광역시 서구청,2025-06-26
원정동005,1,대전광역시 서구 후곡길 49,대전광역시 서구 원정동 289-2,36.25264918,127.3024845,2016,한전주,042-288-3950,대전광역시 서구청,2025-06-26
원정동006,1,,대전광역시 서구 원정동 290-6,36.252480,127.3019201,2016,한전주,042-288-3950,대전광역시 서구청,2025-06-26
원정동007,1,,대전광역시 서구 원정동 293,36.25183774,127.3012932,2016,한전주,042-288-3950,대전광역시 서구청,2025-06-26
원정동008,1,대전광역시 서구 후곡길 110,대전광역시 서구 원정동 300,36.25083272,127.3020957,2016,한전주,042-288-3950,대전광역시 서구청,2025-06-26
원정동009,1,,대전광역시 서구 원정동 292,36.25204982,127.301222,2016,한전주,042-288-3950,대전광역시 서구청,2025-06-26
원정동010,1,,대전광역시 서구 원정동 212-1,36.25412127,127.3038243,2016,한전주,042-288-3950,대전광역시 서구청,2025-06-26
원정동011,1,,대전광역시 서구 원정동 226-2,36.25470777,127.3039397,2016,전용주,042-288-3950,대전광역시 서구청,2025-06-26
원정동012,1,,대전광역시 서구 원정동 974-2,36.25485151,127.303751,2016,한전주,042-288-3950,대전광역시 서구청,2025-06-26
원정동013,1,,대전광역시 서구 원정동 212-1,36.25412127,127.3038243,2016,한전주,042-288-3950,대전광역시 서구청,2025-06-26
원정동014,1,,대전광역시 서구 원정동 212-3,36.25369194,127.3034536,2016,한전주,042-288-3950,대전광역시 서구청,2025-06-26
원정동015,1,,대전광역시 서구 원정동 212-6,36.25350532,127.3029288,2016,한전주,042-288-3950,대전광역시 서구청,2025-06-26
원정동016,1,,대전광역시 서구 원정동 212-8,36.25323483,127.3025422,2016,한전주,042-288-3950,대전광역시 서구청,2025-06-26
원정동017,1,,대전광역시 서구 원정동 212-9,36.25312202,127.302306,2016,한전주,042-288-3950,대전광역시 서구청,2025-06-26
원정동018,1,,대전광역시 서구 원정동 212-9,36.25312202,127.302307,2016,한전주,042-288-3950,대전광역시 서구청,2025-06-26
원정동019,1,,대전광역시 서구 원정동 280-1,36.25319826,127.3013849,2016,한전주,042-288-3950,대전광역시 서구청,2025-06-26
원정동020,1,,대전광역시 서구 원정동 424-2,36.252727,127.3009118,2016,한전주,042-288-3950,대전광역시 서구청,2025-06-26
원정동021,1,대전광역시 서구 원정동 요골길 78-21,대전광역시 서구 원정동 421-3,36.25310464,127.2996548,2016,한전주,042-288-3950,대전광역시 서구청,2025-06-26
원정동022,1,,대전광역시 서구 원정동 402-1,36.24896478,127.2983263,2016,한전주,042-288-3950,대전광역시 서구청,2025-06-26
원정동023,1,,대전광역시 서구 원정동 397-1,36.24832817,127.2967623,2016,한전주,042-288-3950,대전광역시 서구청,2025-06-26
원정동024,1,,대전광역시 서구 원정동 395,36.24742713,127.297811,2016,한전주,042-288-3950,대전광역시 서구청,2025-06-26
원정동025,1,대전광역시 서구 발현길 101,대전광역시 서구 원정동 371-2,36.245223,127.300201,2016,한전주,042-288-3950,대전광역시 서구청,2025-06-26
원정동026,1,대전광역시 서구 발현길 108,대전광역시 서구 원정동 356,36.24524381,127.3005523,2016,한전주,042-288-3950,대전광역시 서구청,2025-06-26
원정동027,1,,대전광역시 서구 원정동 342,36.24413218,127.300772,2016,한전주,042-288-3950,대전광역시 서구청,2025-06-26
원정동028,1,,대전광역시 서구 원정동 335-1,36.2443718,127.2993245,2016,한전주,042-288-3950,대전광역시 서구청,2025-06-26
원정동029,1,,대전광역시 서구 원정동 386,36.245941,127.2980831,2016,한전주,042-288-3950,대전광역시 서구청,2025-06-26
원정동030,1,,대전광역시 서구 원정동 333-2,36.244964,127.297387,2016,한전주,042-288-3950,대전광역시 서구청,2025-06-26
원정동031,1,,대전광역시 서구 원정동 384-1,36.2452146,127.2966629,2016,한전주,042-288-3950,대전광역시 서구청,2025-06-26
원정동032,1,,대전광역시 서구 원정동 718,36.24693574,127.2941759,2016,한전주,042-288-3950,대전광역시 서구청,2025-06-26
원정동033,1,,대전광역시 서구 원정동 722,36.24626686,127.2928437,2016,한전주,042-288-3950,대전광역시 서구청,2025-06-26
원정동034,1,,대전광역시 서구 원정동 723-3,36.24544112,127.2920288,2016,한전주,042-288-3950,대전광역시 서구청,2025-06-26
원정동035,1,,대전광역시 서구 원정동 736-1,36.24454572,127.291841,2016,한전주,042-288-3950,대전광역시 서구청,2025-06-26
원정동036,1,대전광역시 서구 원정동 요골길 352,대전광역시 서구 원정동 736-6,36.24435234,127.2914725,2016,한전주,042-288-3950,대전광역시 서구청,2025-06-26
원정동037,1,,대전광역시 서구 원정동 755,36.24279764,127.2924215,2016,한전주,042-288-3950,대전광역시 서구청,2025-06-26
원정동038,1,,대전광역시 서구 원정동 756,36.24263511,127.2922017,2016,한전주,042-288-3950,대전광역시 서구청,2025-06-26
원정동039,1,,대전광역시 서구 원정동 758,36.24187143,127.2922103,2016,한전주,042-288-3950,대전광역시 서구청,2025-06-26
원정동040,1,,대전광역시 서구 원정동 761,36.24065681,127.2921555,2016,한전주,042-288-3950,대전광역시 서구청,2025-06-26
원정동041,1,,대전광역시 서구 원정동 762,36.2404736,127.2920381,2016,한전주,042-288-3950,대전광역시 서구청,2025-06-26
원정동042,1,,대전광역시 서구 원정동 60-25,36.240612,127.291030,2016,한전주,042-288-3950,대전광역시 서구청,2025-06-26
원정동043,1,,대전광역시 서구 원정동 210-1,36.25372862,127.3015159,2016,한전주,042-288-3950,대전광역시 서구청,2025-06-26
원정동044,1,,대전광역시 서구 원정동 452-3,36.25491132,127.301173,2016,한전주,042-288-3950,대전광역시 서구청,2025-06-26
원정동045,1,대전광역시 서구 원정길 47,대전광역시 서구 원정동 452-2,36.25520201,127.300864,2016,한전주,042-288-3950,대전광역시 서구청,2025-06-26
원정동046,1,대전광역시 서구 원정길 47,대전광역시 서구 원정동 452-2,36.255286,127.300864,2016,한전주,042-288-3950,대전광역시 서구청,2025-06-26
원정동047,1,,대전광역시 서구 원정동 176-1,36.25558608,127.3014413,2016,한전주,042-288-3950,대전광역시 서구청,2025-06-26
원정동048,1,대전광역시 서구 원정길 75,대전광역시 서구 원정동 456,36.25617211,127.301117,2016,한전주,042-288-3950,대전광역시 서구청,2025-06-26
원정동049,1,대전광역시 서구 원정길 97,대전광역시 서구 원정동 464,36.25724653,127.3008722,2016,한전주,042-288-3950,대전광역시 서구청,2025-06-26
원정동050,1,,대전광역시 서구 원정동 461,36.257595,127.3006677,2016,한전주,042-288-3950,대전광역시 서구청,2025-06-26
원정동051,1,,대전광역시 서구 원정동 198,36.25766694,127.301208,2016,한전주,042-288-3950,대전광역시 서구청,2025-06-26
원정동052,1,,대전광역시 서구 원정동 31-1,36.25814196,127.3006438,2016,전용주,042-288-3950,대전광역시 서구청,2025-06-26
원정동053,1,,대전광역시 서구 원정동 27,36.25799014,127.3003096,2016,한전주,042-288-3950,대전광역시 서구청,2025-06-26
원정동054,1,,대전광역시 서구 원정동 503-1,36.25801339,127.2999047,2016,한전주,042-288-3950,대전광역시 서구청,2025-06-26
원정동055,1,,대전광역시 서구 원정동 499,36.25759472,127.298767,2016,한전주,042-288-3950,대전광역시 서구청,2025-06-26
원정동056,1,대전광역시 서구 노적골길 52-11,대전광역시 서구 원정동 517-2,36.25841951,127.299112,2016,한전주,042-288-3950,대전광역시 서구청,2025-06-26
원정동057,1,,대전광역시 서구 원정동 492,36.257782,127.2983343,2016,한전주,042-288-3950,대전광역시 서구청,2025-06-26
원정동058,1,,대전광역시 서구 원정동 523,36.25796037,127.297825,2016,한전주,042-288-3950,대전광역시 서구청,2025-06-26
원정동059,1,대전광역시 서구 노적골길 70,대전광역시 서구 원정동 489,36.25780602,127.2976895,2016,한전주,042-288-3950,대전광역시 서구청,2025-06-26
원정동060,1,,대전광역시 서구 원정동 486-2,36.25727784,127.296763,2016,한전주,042-288-3950,대전광역시 서구청,2025-06-26
원정동061,1,,대전광역시 서구 원정동 503-1,36.25801339,127.299988,2016,한전주,042-288-3950,대전광역시 서구청,2025-06-26
원정동062,1,대전광역시 서구 노적골길 26-33,대전광역시 서구 원정동 516,36.2582545,127.2995098,2016,한전주,042-288-3950,대전광역시 서구청,2025-06-26
원정동063,1,,대전광역시 서구 원정동 25,36.25844913,127.3001129,2016,전용주,042-288-3950,대전광역시 서구청,2025-06-26
원정동064,1,,대전광역시 서구 원정동 22-1,36.25858289,127.3004136,2016,한전주,042-288-3950,대전광역시 서구청,2025-06-26
원정동065,1,대전광역시 서구 노적골길 26-81,대전광역시 서구 원정동 532,36.25900391,127.2997691,2016,한전주,042-288-3950,대전광역시 서구청,2025-06-26
원정동066,1,,대전광역시 서구 원정동 975-8,36.2552079,127.304111,2016,한전주,042-288-3950,대전광역시 서구청,2025-06-26
원정동067,1,,대전광역시 서구 원정동 218-2,36.25569873,127.3045642,2016,한전주,042-288-3950,대전광역시 서구청,2025-06-26
원정동068,1,,대전광역시 서구 원정동 571,36.26387887,127.2960189,2016,한전주,042-288-3950,대전광역시 서구청,2025-06-26
원정동069,1,,대전광역시 서구 원정동 582-4,36.26356058,127.2948076,2016,한전주,042-288-3950,대전광역시 서구청,2025-06-26
원정동070,1,,대전광역시 서구 원정동 581-4,36.263703,127.2941149,2016,한전주,042-288-3950,대전광역시 서구청,2025-06-26
원정동071,1,,대전광역시 서구 원정동 580-4,36.26373075,127.2925797,2016,한전주,042-288-3950,대전광역시 서구청,2025-06-26
원정동072,1,,대전광역시 서구 원정동 580-4,36.26373075,127.2925797,2016,한전주,042-288-3950,대전광역시 서구청,2025-06-26
원정동073,1,대전광역시 서구 방앗간길 1089-31,대전광역시 서구 원정동 593-1,36.2623719,127.2929448,2016,한전주,042-288-3950,대전광역시 서구청,2025-06-26
원정동074,1,,대전광역시 서구 원정동 569-1,36.26315478,127.2960832,2016,한전주,042-288-3950,대전광역시 서구청,2025-06-26
원정동075,1,,대전광역시 서구 원정동 655-4,36.25780888,127.2914073,2016,한전주,042-288-3950,대전광역시 서구청,2025-06-26
원정동076,1,,대전광역시 서구 원정동 819-3,36.25769287,127.2902528,2016,한전주,042-288-3950,대전광역시 서구청,2025-06-26
원정동077,1,,대전광역시 서구 원정동 802,36.257167,127.2877623,2016,한전주,042-288-3950,대전광역시 서구청,2025-06-26
원정동078,1,대전광역시 서구 원정동 무도리길 305,대전광역시 서구 원정동 839-2,36.25874948,127.2844302,2016,한전주,042-288-3950,대전광역시 서구청,2025-06-26
원정동079,1,대전광역시 서구 무도리길 328,대전광역시 서구 원정동 837-1,36.25951229,127.2848254,2016,한전주,042-288-3950,대전광역시 서구청,2025-06-26
원정동080,1,대전광역시 서구 무도리길 328,대전광역시 서구 원정동 837-1,36.259557,127.2848254,2016,전용주,042-288-3950,대전광역시 서구청,2025-06-26
원정동081,1,대전광역시 서구 무도리길 306,대전광역시 서구 원정동 836-2,36.25926634,127.2844561,2016,한전주,042-288-3950,대전광역시 서구청,2025-06-26
원정동082,1,대전광역시 서구 무도리길 294,대전광역시 서구 원정동 835,36.25870204,127.2850113,2016,한전주,042-288-3950,대전광역시 서구청,2025-06-26
원정동083,1,대전광역시 서구 무도리길 282,대전광역시 서구 원정동 834-2,36.258210,127.285488,2016,한전주,042-288-3950,대전광역시 서구청,2025-06-26
원정동084,1,,대전광역시 서구 원정동 8223,36.258121,127.285826,2016,한전주,042-288-3950,대전광역시 서구청,2025-06-26
원정동085,1,,대전광역시 서구 원정동 823-6,36.258216,127.2869907,2016,한전주,042-288-3950,대전광역시 서구청,2025-06-26
원정동086,1,대전광역시 서구 무도리길 254,대전광역시 서구 원정동 831-1,36.25843113,127.2866763,2016,한전주,042-288-3950,대전광역시 서구청,2025-06-26
원정동087,1,대전광역시 서구 무도리길 242,대전광역시 서구 원정동 827-2,36.25856294,127.2874036,2016,한전주,042-288-3950,대전광역시 서구청,2025-06-26
원정동088,1,대전광역시 서구 무도리길 236,대전광역시 서구 원정동 827-3,36.25871926,127.2879072,2016,전용주,042-288-3950,대전광역시 서구청,2025-06-26
원정동089,1,대전광역시 서구 무도리길 235,대전광역시 서구 원정동 824,36.25836569,127.287281,2016,한전주,042-288-3950,대전광역시 서구청,2025-06-26
원정동090,1,,대전광역시 서구 원정동 645-1,36.259121,127.2928316,2016,한전주,042-288-3950,대전광역시 서구청,2025-06-26
원정동091,1,대전광역시 서구 원정동 무도리길 85,대전광역시 서구 원정동 635-1,36.2596609,127.2932173,2016,한전주,042-288-3950,대전광역시 서구청,2025-06-26
원정동092,1,,대전광역시 서구 원정동 611,36.26231478,127.294433,2016,한전주,042-288-3950,대전광역시 서구청,2025-06-26
원정동093,1,대전광역시 서구 무도리길 38-4,대전광역시 서구 원정동 610,36.26235004,127.2940679,2016,한전주,042-288-3950,대전광역시 서구청,2025-06-26
원정동094,1,대전광역시 서구 무도리길 28-11,대전광역시 서구 원정동 594-1,36.262586,127.2933754,2016,한전주,042-288-3950,대전광역시 서구청,2025-06-26
원정동095,1,,대전광역시 서구 원정동 587-2,36.26248469,127.294625,2016,한전주,042-288-3950,대전광역시 서구청,2025-06-26
원정동096,1,대전광역시 서구 무도리길 20,대전광역시 서구 원정동 589-1,36.26292759,127.293932,2016,한전주,042-288-3950,대전광역시 서구청,2025-06-26
원정동097,1,,대전광역시 서구 원정동 560,36.264312,127.3008884,2016,한전주,042-288-3950,대전광역시 서구청,2025-06-26
원정동098,1,대전광역시 서구 구만리길 202,대전광역시 서구 원정동 156-1,36.264049,127.302092,2016,한전주,042-288-3950,대전광역시 서구청,2025-06-26
원정동099,1,,대전광역시 서구 원정동 163-2,36.26365915,127.3027643,2016,한전주,042-288-3950,대전광역시 서구청,2025-06-26
원정동100,1,,대전광역시 서구 원정동 158-2,36.263571,127.3022599,2016,한전주,042-288-3950,대전광역시 서구청,2025-06-26
원정동101,1,,대전광역시 서구 원정동 15-3,36.26234608,127.3034166,2016,한전주,042-288-3950,대전광역시 서구청,2025-06-26
원정동102,1,,대전광역시 서구 원정동 13-2,36.26211343,127.3023373,2016,한전주,042-288-3950,대전광역시 서구청,2025-06-26
원정동103,1,,대전광역시 서구 원정동 15-6,36.26175734,127.3037879,2016,한전주,042-288-3950,대전광역시 서구청,2025-06-26
원정동104,1,,대전광역시 서구 원정동 23-2,36.25990116,127.3033843,2016,한전주,042-288-3950,대전광역시 서구청,2025-06-26
원정동105,1,,대전광역시 서구 원정동 24-2,36.25955604,127.3035462,2016,한전주,042-288-3950,대전광역시 서구청,2025-06-26
원정동106,1,,대전광역시 서구 원정동 242,36.25759867,127.3059253,2016,한전주,042-288-3950,대전광역시 서구청,2025-06-26
원정동107,1,대전광역시 서구 덕골길 31-27,대전광역시 서구 원정동 241-1,36.257809,127.305931,2016,한전주,042-288-3950,대전광역시 서구청,2025-06-26
원정동108,1,,대전광역시 서구 원정동 242,36.25759867,127.3059253,2016,한전주,042-288-3950,대전광역시 서구청,2025-06-26
원정동109,1,,대전광역시 서구 원정동 184-1,36.25899009,127.3059935,2016,한전주,042-288-3950,대전광역시 서구청,2025-06-26
원정동110,1,,대전광역시 서구 원정동 187-2,36.2579823,127.3067113,2016,한전주,042-288-3950,대전광역시 서구청,2025-06-26
원정동111,1,,대전광역시 서구 원정동 206-15,36.25550811,127.3061456,2016,전용주,042-288-3950,대전광역시 서구청,2025-06-26
원정동112,1,,대전광역시 서구 원정동 1078-3,36.25633589,127.3059646,2016,한전주,042-288-3950,대전광역시 서구청,2025-06-26
원정동113,1,,대전광역시 서구 원정동 195,36.25677837,127.3067113,2016,한전주,042-288-3950,대전광역시 서구청,2025-06-26
원정동114,1,대전광역시 서구 원정동 덕골길 48,대전광역시 서구 원정동 58-1,36.25750698,127.3073183,2016,한전주,042-288-3950,대전광역시 서구청,2025-06-26
원정동115,1,,대전광역시 서구 원정동 243-4,36.2578742,127.306862,2016,한전주,042-288-3950,대전광역시 서구청,2025-06-26
원정동116,1,,대전광역시 서구 원정동 31-3,36.25826976,127.3012236,2016,한전주,042-288-3950,대전광역시 서구청,2025-06-26
원정동117,1,,대전광역시 서구 원정동 31-3,36.25826976,127.3012236,2016,한전주,042-288-3950,대전광역시 서구청,2025-06-26
원정동118,1,,대전광역시 서구 원정동 112,36.26346988,127.3081811,2016,한전주,042-288-3950,대전광역시 서구청,2025-06-26
원정동119,1,,대전광역시 서구 원정동 113,36.26376643,127.3082557,2016,한전주,042-288-3950,대전광역시 서구청,2025-06-26
원정동120,1,대전광역시 서구 덕골길 207,대전광역시 서구 원정동 115-1,36.26464147,127.3086361,2016,한전주,042-288-3950,대전광역시 서구청,2025-06-26
원정동121,1,,대전광역시 서구 원정동 55,36.25690681,127.3073848,2016,한전주,042-288-3950,대전광역시 서구청,2025-06-26
원정동122,1,대전광역시 서구 덕골길 34-21,대전광역시 서구 원정동 54,36.25681504,127.307534,2016,한전주,042-288-3950,대전광역시 서구청,2025-06-26
원정동123,1,,대전광역시 서구 원정동 53-1,36.25658468,127.3074181,2016,한전주,042-288-3950,대전광역시 서구청,2025-06-26
원정동124,1,대전광역시 서구 덕골길 34-31,대전광역시 서구 원정동 53-2,36.25614129,127.3076117,2016,한전주,042-288-3950,대전광역시 서구청,2025-06-26
원정동125,1,대전광역시 서구 덕골길 34-33,대전광역시 서구 원정동 52,36.25587886,127.307616,2016,한전주,042-288-3950,대전광역시 서구청,2025-06-26
원정동126,1,,대전광역시 서구 원정동 207-4,36.25515593,127.307036,2016,한전주,042-288-3950,대전광역시 서구청,2025-06-26
원정동127,1,,대전광역시 서구 원정동 207-8,36.25473793,127.3070182,2016,전용주,042-288-3950,대전광역시 서구청,2025-06-26
원정동128,1,,대전광역시 서구 원정동 50,36.2548705,127.3079281,2016,전용주,042-288-3950,대전광역시 서구청,2025-06-26
원정동129,1,,대전광역시 서구 원정동 270-3,36.25456117,127.3088913,2016,전용주,042-288-3950,대전광역시 서구청,2025-06-26
원정동130,1,,대전광역시 서구 원정동 271-1,36.25455489,127.309446,2016,전용주,042-288-3950,대전광역시 서구청,2025-06-26
원정동131,1,,대전광역시 서구 원정동 271-4,36.25480628,127.3103675,2016,한전주,042-288-3950,대전광역시 서구청,2025-06-26
원정동132,1,,대전광역시 서구 원정동 256-1,36.25564543,127.3105159,2016,한전주,042-288-3950,대전광역시 서구청,2025-06-26
원정동133,1,대전광역시 서구 세편길 181-12,대전광역시 서구 원정동 40,36.255900,127.309623,2016,전용주,042-288-3950,대전광역시 서구청,2025-06-26
원정동134,1,대전광역시 서구 세편길 181-5,대전광역시 서구 원정동 37-2,36.25579605,127.3100497,2016,한전주,042-288-3950,대전광역시 서구청,2025-06-26
원정동135,1,,대전광역시 서구 원정동 256-1,36.25564543,127.3105159,2016,한전주,042-288-3950,대전광역시 서구청,2025-06-26
원정동136,1,대전광역시 서구 세편길 197,대전광역시 서구 원정동 38-2,36.25653221,127.309780,2016,한전주,042-288-3950,대전광역시 서구청,2025-06-26
원정동137,1,,대전광역시 서구 원정동 74-2,36.25683113,127.3099393,2016,한전주,042-288-3950,대전광역시 서구청,2025-06-26
원정동138,1,,대전광역시 서구 원정동 62-1,36.25688437,127.3094907,2016,한전주,042-288-3950,대전광역시 서구청,2025-06-26
원정동139,1,,대전광역시 서구 원정동 61-2,36.25634019,127.3087978,2016,한전주,042-288-3950,대전광역시 서구청,2025-06-26
원정동140,1,,대전광역시 서구 원정동 31-6,36.25824316,127.3021609,2016,전용주,042-288-3950,대전광역시 서구청,2025-06-26
원정동141,1,,대전광역시 서구 원정동 59-2,36.25727492,127.307600,2016,전용주,042-288-3950,대전광역시 서구청,2025-06-26
원정동142,1,,대전광역시 서구 원정동 245-2,36.25796428,127.3104742,2016,한전주,042-288-3950,대전광역시 서구청,2025-06-26
원정동143,1,,대전광역시 서구 원정동 244-1,36.25846165,127.3101411,2016,한전주,042-288-3950,대전광역시 서구청,2025-06-26
원정동144,1,,대전광역시 서구 원정동 95,36.25910951,127.3098986,2016,한전주,042-288-3950,대전광역시 서구청,2025-06-26
원정동145,1,,대전광역시 서구 원정동 85,36.25895568,127.3116546,2016,전용주,042-288-3950,대전광역시 서구청,2025-06-26
원정동146,1,,대전광역시 서구 원정동 84,36.25899938,127.3111222,2016,한전주,042-288-3950,대전광역시 서구청,2025-06-26
원정동147,1,,대전광역시 서구 원정동 271-4,36.25480628,127.3103675,2016,한전주,042-288-3950,대전광역시 서구청,2025-06-26
원정동148,1,,대전광역시 서구 원정동 256-7,36.25583107,127.312439,2016,전용주,042-288-3950,대전광역시 서구청,2025-06-26
원정동149,1,,대전광역시 서구 원정동 256-7,36.255871,127.312439,2016,전용주,042-288-3950,대전광역시 서구청,2025-06-26
원정동150,1,대전광역시 서구 원정길 100,대전광역시 서구 원정동 459,36.256957,127.301252,2023,한전주,042-288-3950,대전광역시 서구청,2025-06-26
원정동151,1,대전광역시 서구 발현길 98-37,대전광역시 서구 원정동 309,36.24451035,127.3015475,2023,한전주,042-288-3950,대전광역시 서구청,2025-06-26
원정동152,1,,대전광역시 서구 원정동 산 42,36.26498912,127.2981675,2023,한전주,042-288-3950,대전광역시 서구청,2025-06-26
원정동153,1,,대전광역시 서구 원정동 산 42,36.26498912,127.2981675,2023,한전주,042-288-3950,대전광역시 서구청,2025-06-26
원정동154,1,,대전광역시 서구 원정동 500-1,36.257849,127.2996546,2023,한전주,042-288-3950,대전광역시 서구청,2025-06-26
원정동155,1,,대전광역시 서구 원정동 328,36.24435918,127.296891,2023,한전주,042-288-3950,대전광역시 서구청,2025-06-26
원정동156,1,,대전광역시 서구 원정동 328,36.24435918,127.296891,2023,한전주,042-288-3950,대전광역시 서구청,2025-06-26
원정동157,1,,대전광역시 서구 원정동 371-2,36.24528892,127.3002085,2023,한전주,042-288-3950,대전광역시 서구청,2025-06-26
원정동158,1,,대전광역시 서구 원정동 1006,36.24586246,127.2986894,2023,한전주,042-288-3950,대전광역시 서구청,2025-06-26
원정동159,1,,대전광역시 서구 원정동 635-4,36.2593229,127.292799,2023,한전주,042-288-3950,대전광역시 서구청,2025-06-26
원정동160,1,,대전광역시 서구 원정동 636-1,36.2596609,127.2932173,2023,한전주,042-288-3950,대전광역시 서구청,2025-06-26
원정동161,1,대전광역시 서구 원정동 방앗간길 1073,,36.263584,127.293341,2025,한전주,042-288-3950,대전광역시 서구청,2025-06-26
원정동162,1,,대전광역시 서구 원정동 154,36.263781,127.3019401,2025,한전주,042-288-3950,대전광역시 서구청,2025-06-26
월평동001,1,대전광역시 서구 월평새뜸로20번길 10,대전광역시 서구 월평동 1461,36.353169,127.3532856,2016,전용주,042-288-3950,대전광역시 서구청,2025-06-26
월평동002,1,대전광역시 서구 월평새뜸로20번길 18,대전광역시 서구 월평동 1362,36.35339206,127.3534933,2016,전용주,042-288-3950,대전광역시 서구청,2025-06-26
월평동003,1,대전광역시 서구 월평새뜸로20번길 22,대전광역시 서구 월평동 1360,36.3535322,127.353714,2016,전용주,042-288-3950,대전광역시 서구청,2025-06-26
월평동004,1,대전광역시 서구 월평새뜸로20번길 30,대전광역시 서구 월평동 1357,36.353759,127.354055,2016,전용주,042-288-3950,대전광역시 서구청,2025-06-26
월평동005,1,대전광역시 서구 월평새뜸로20번길 42,대전광역시 서구 월평동 1353,36.354118,127.3545622,2016,전용주,042-288-3950,대전광역시 서구청,2025-06-26
월평동006,1,대전광역시 서구 월평새뜸로20번길 48,대전광역시 서구 월평동 1351,36.354286,127.3548072,2016,전용주,042-288-3950,대전광역시 서구청,2025-06-26
월평동007,1,대전광역시 서구 월평새뜸로20번길 54,대전광역시 서구 월평동 1349,36.35445564,127.355044,2016,전용주,042-288-3950,대전광역시 서구청,2025-06-26
월평동009,1,대전광역시 서구 월평서로25번길 30,대전광역시 서구 월평동 1207,36.354797,127.3558224,2016,한전주,042-288-3950,대전광역시 서구청,2025-06-26
월평동010,1,대전광역시 서구 월평서로25번길 80,대전광역시 서구 월평동 1365,36.353250,127.353693,2016,한전주,042-288-3950,대전광역시 서구청,2025-06-26
월평동011,1,대전광역시 서구 계룡로245번길 42,대전광역시 서구 월평동 1203,36.35463369,127.355326,2016,전용주,042-288-3950,대전광역시 서구청,2025-06-26
월평동012,1,대전광역시 서구 월평새뜸로20번길 74,대전광역시 서구 월평동 1198,36.355044,127.3559168,2016,전용주,042-288-3950,대전광역시 서구청,2025-06-26
월평동013,1,대전광역시 서구 월평새뜸로20번길 82,대전광역시 서구 월평동 1195,36.355259,127.356243,2016,전용주,042-288-3950,대전광역시 서구청,2025-06-26
월평동014,1,대전광역시 서구 월평새뜸로20번길 92,대전광역시 서구 월평동 1193,36.355401,127.3564526,2016,전용주,042-288-3950,대전광역시 서구청,2025-06-26
월평동015,1,대전광역시 서구 월평새뜸로20번길 91,대전광역시 서구 월평동 1191,36.35549456,127.356638,2016,전용주,042-288-3950,대전광역시 서구청,2025-06-26
월평동016,1,대전광역시 서구 월평서로25번길 6,대전광역시 서구 월평동 1192,36.3553967,127.356747,2016,전용주,042-288-3950,대전광역시 서구청,2025-06-26
월평동017,1,대전광역시 서구 계룡로251번길 38,대전광역시 서구 월평동 1259,36.354883,127.356293,2016,전용주,042-288-3950,대전광역시 서구청,2025-06-26
월평동018,1,대전광역시 서구 계룡로219번길 26,대전광역시 서구 월평동 1459,36.352728,127.3535324,2016,한전주,042-288-3950,대전광역시 서구청,2025-06-26
월평동019,1,대전광역시 서구 계룡로219번길 20,대전광역시 서구 월평동 1457,36.352403,127.353719,2016,한전주,042-288-3950,대전광역시 서구청,2025-06-26
월평동020,1,대전광역시 서구 월평서로 7,대전광역시 서구 월평동 1168,36.35422259,127.3580024,2016,한전주,042-288-3950,대전광역시 서구청,2025-06-26
월평동021,1,대전광역시 서구 월평서로25번길 26,대전광역시 서구 월평동 1208,36.354830,127.3559233,2016,전용주,042-288-3950,대전광역시 서구청,2025-06-26
월평동022,1,대전광역시 서구 계룡로245번길 40,대전광역시 서구 월평동 1204,36.354532,127.3554286,2016,전용주,042-288-3950,대전광역시 서구청,2025-06-26
월평동023,1,대전광역시 서구 월평서로25번길 44,대전광역시 서구 월평동 1346,36.354320,127.3551439,2016,전용주,042-288-3950,대전광역시 서구청,2025-06-26
월평동024,1,대전광역시 서구 월평서로25번길 52,대전광역시 서구 월평동 1343,36.354080,127.3547959,2016,전용주,042-288-3950,대전광역시 서구청,2025-06-26
월평동025,1,대전광역시 서구 월평서로25번길 56,대전광역시 서구 월평동 1342,36.35402576,127.354645,2016,전용주,042-288-3950,대전광역시 서구청,2025-06-26
월평동026,1,대전광역시 서구 월평새뜸로20번길 34,대전광역시 서구 월평동 1356,36.353807,127.3541539,2016,전용주,042-288-3950,대전광역시 서구청,2025-06-26
월평동027,1,대전광역시 서구 월평서로25번길 70,대전광역시 서구 월평동 1369,36.35357618,127.354028,2016,전용주,042-288-3950,대전광역시 서구청,2025-06-26
월평동030,1,대전광역시 서구 월평새뜸로8번길 15-13,대전광역시 서구 월평동 1434,36.35282989,127.354106,2016,한전주,042-288-3950,대전광역시 서구청,2025-06-26
월평동031,1,대전광역시 서구 월평새뜸로20번길 14,대전광역시 서구 월평동 1363,36.35330916,127.353383,2016,전용주,042-288-3950,대전광역시 서구청,2025-06-26
월평동032,1,대전광역시 서구 계룡로219번길 33,대전광역시 서구 월평동 1463,36.352844,127.3531245,2016,전용주,042-288-3950,대전광역시 서구청,2025-06-26
월평동033,1,대전광역시 서구 계룡로219번길 11,대전광역시 서구 월평동 1470,36.352026,127.353893,2016,전용주,042-288-3950,대전광역시 서구청,2025-06-26
월평동034,1,대전광역시 서구 월평새뜸로4번길 9,대전광역시 서구 월평동 1400,36.351877,127.3542679,2016,전용주,042-288-3950,대전광역시 서구청,2025-06-26
월평동035,1,대전광역시 서구 월평새뜸로8번길 8,대전광역시 서구 월평동 1403,36.352124,127.3544272,2016,전용주,042-288-3950,대전광역시 서구청,2025-06-26
월평동036,1,대전광역시 서구 월평새뜸로8번길 7-15,대전광역시 서구 월평동 1449,36.35268663,127.353757,2016,전용주,042-288-3950,대전광역시 서구청,2025-06-26
월평동037,1,대전광역시 서구 월평새뜸로8번길 14,대전광역시 서구 월평동 1405,36.35228603,127.354691,2016,전용주,042-288-3950,대전광역시 서구청,2025-06-26
월평동038,1,대전광역시 서구 월평새뜸로8번길 15-19,대전광역시 서구 월평동 1432,36.35304789,127.353920,2016,한전주,042-288-3950,대전광역시 서구청,2025-06-26
월평동039,1,대전광역시 서구 계룡로231번길 23,대전광역시 서구 월평동 1419,36.352973,127.3544326,2016,한전주,042-288-3950,대전광역시 서구청,2025-06-26
월평동040,1,대전광역시 서구 월평새뜸로8번길 29-12,대전광역시 서구 월평동 1336,36.353353,127.3548905,2016,한전주,042-288-3950,대전광역시 서구청,2025-06-26
월평동041,1,대전광역시 서구 계룡로231번길 17,대전광역시 서구 월평동 1421,36.35273964,127.3546367,2016,전용주,042-288-3950,대전광역시 서구청,2025-06-26
월평동042,1,대전광역시 서구 계룡로231번길 31,대전광역시 서구 월평동 1417,36.35322678,127.3542247,2016,전용주,042-288-3950,대전광역시 서구청,2025-06-26
월평동043,1,대전광역시 서구 월평새뜸로8번길 30,대전광역시 서구 월평동 1381,36.352797,127.355247,2016,전용주,042-288-3950,대전광역시 서구청,2025-06-26
월평동044,1,대전광역시 서구 월평새뜸로8번길 33,대전광역시 서구 월평동 1332,36.35306064,127.3553052,2016,전용주,042-288-3950,대전광역시 서구청,2025-06-26
월평동045,1,대전광역시 서구 월평새뜸로8번길 29-8,대전광역시 서구 월평동 1334,36.353001,127.355087,2016,전용주,042-288-3950,대전광역시 서구청,2025-06-26
월평동046,1,대전광역시 서구 월평새뜸로8번길 29-20,대전광역시 서구 월평동 1338,36.353581,127.3546918,2016,전용주,042-288-3950,대전광역시 서구청,2025-06-26
월평동047,1,대전광역시 서구 월평새뜸로8번길 40,대전광역시 서구 월평동 1385,36.353103,127.3557518,2016,전용주,042-288-3950,대전광역시 서구청,2025-06-26
월평동048,1,대전광역시 서구 월평새뜸로8번길 35-5,대전광역시 서구 월평동 1331,36.353137,127.355296,2016,한전주,042-288-3950,대전광역시 서구청,2025-06-26
월평동049,1,대전광역시 서구 월평새뜸로8번길 61-6,대전광역시 서구 월평동 1269,36.353970,127.3565545,2016,전용주,042-288-3950,대전광역시 서구청,2025-06-26
월평동050,1,대전광역시 서구 계룡로251번길 21,대전광역시 서구 월평동 1265,36.354197,127.356591,2016,한전주,042-288-3950,대전광역시 서구청,2025-06-26
월평동051,1,대전광역시 서구 월평새뜸로8번길 35-10,대전광역시 서구 월평동 1321,36.35342165,127.355266,2016,전용주,042-288-3950,대전광역시 서구청,2025-06-26
월평동052,1,대전광역시 서구 월평새뜸로8번길 35-15,대전광역시 서구 월평동 1328,36.353598,127.354914,2016,전용주,042-288-3950,대전광역시 서구청,2025-06-26
월평동053,1,대전광역시 서구 월평새뜸로8번길 48,대전광역시 서구 월평동 1300,36.353313,127.3560356,2016,전용주,042-288-3950,대전광역시 서구청,2025-06-26
월평동054,1,대전광역시 서구 월평새뜸로8번길 45,대전광역시 서구 월평동 1304,36.35340968,127.355740,2016,전용주,042-288-3950,대전광역시 서구청,2025-06-26
월평동055,1,대전광역시 서구 월평새뜸로4번길 49-19,대전광역시 서구 월평동 1315,36.353637,127.3553063,2016,전용주,042-288-3950,대전광역시 서구청,2025-06-26
월평동056,1,대전광역시 서구 월평새뜸로4번길 49-25,대전광역시 서구 월평동 1313,36.35383685,127.3551141,2016,전용주,042-288-3950,대전광역시 서구청,2025-06-26
월평동057,1,대전광역시 서구 계룡로245번길 21-5,대전광역시 서구 월평동 1306,36.35360175,127.355750,2016,전용주,042-288-3950,대전광역시 서구청,2025-06-26
월평동058,1,대전광역시 서구 계룡로251번길 36,대전광역시 서구 월평동 1258,36.35471279,127.356350,2016,한전주,042-288-3950,대전광역시 서구청,2025-06-26
월평동059,1,대전광역시 서구 월평새뜸로8번길 76,대전광역시 서구 월평동 1233,36.353891,127.3574348,2016,한전주,042-288-3950,대전광역시 서구청,2025-06-26
월평동060,1,대전광역시 서구 월평새뜸로8번길 73-20,대전광역시 서구 월평동 1239,36.35468583,127.356845,2016,한전주,042-288-3950,대전광역시 서구청,2025-06-26
월평동061,1,대전광역시 서구 계룡로245번길 15,대전광역시 서구 월평동 1302,36.35355777,127.3560164,2016,전용주,042-288-3950,대전광역시 서구청,2025-06-26
월평동062,1,대전광역시 서구 계룡로245번길 22,대전광역시 서구 월평동 1277,36.353945,127.3559532,2016,전용주,042-288-3950,대전광역시 서구청,2025-06-26
월평동063,1,대전광역시 서구 월평새뜸로4번길 49-26,대전광역시 서구 월평동 1308,36.35396386,127.3553144,2016,전용주,042-288-3950,대전광역시 서구청,2025-06-26
월평동064,1,대전광역시 서구 계룡로245번길 22-5,대전광역시 서구 월평동 1278,36.354068,127.356078,2016,전용주,042-288-3950,대전광역시 서구청,2025-06-26
월평동065,1,대전광역시 서구 월평새뜸로8번길 62,대전광역시 서구 월평동 1289,36.35364214,127.356747,2016,전용주,042-288-3950,대전광역시 서구청,2025-06-26
월평동066,1,대전광역시 서구 계룡로245번길 22-5,대전광역시 서구 월평동 1278,36.35400786,127.3560656,2016,전용주,042-288-3950,대전광역시 서구청,2025-06-26
월평동067,1,대전광역시 서구 월평서로25번길 29,대전광역시 서구 월평동 1274,36.35459722,127.3559772,2016,전용주,042-288-3950,대전광역시 서구청,2025-06-26
월평동068,1,대전광역시 서구 월평새뜸로8번길 73-25,대전광역시 서구 월평동 1244,36.3547954,127.356485,2016,한전주,042-288-3950,대전광역시 서구청,2025-06-26
월평동069,1,대전광역시 서구 월평새뜸로4번길 88,대전광역시 서구 월평동 1174,36.35378663,127.3578715,2016,한전주,042-288-3950,대전광역시 서구청,2025-06-26
월평동070,1,대전광역시 서구 월평새뜸로4번길 99,대전광역시 서구 월평동 1222,36.35423323,127.3574255,2016,한전주,042-288-3950,대전광역시 서구청,2025-06-26
월평동071,1,대전광역시 서구 계룡로245번길 26-11,대전광역시 서구 월평동 1272,36.354308,127.3561999,2016,전용주,042-288-3950,대전광역시 서구청,2025-06-26
월평동072,1,대전광역시 서구 월평새뜸로8번길 67,대전광역시 서구 월평동 1252,36.353927,127.3569612,2016,전용주,042-288-3950,대전광역시 서구청,2025-06-26
월평동073,1,대전광역시 서구 계룡로251번길 18,대전광역시 서구 월평동 1253,36.35409118,127.356868,2016,전용주,042-288-3950,대전광역시 서구청,2025-06-26
월평동074,1,대전광역시 서구 월평새뜸로8번길 73-5,대전광역시 서구 월평동 1250,36.3541159,127.3570641,2016,전용주,042-288-3950,대전광역시 서구청,2025-06-26
월평동075,1,대전광역시 서구 계룡로251번길 30,대전광역시 서구 월평동 1256,36.35450182,127.3565385,2016,전용주,042-288-3950,대전광역시 서구청,2025-06-26
월평동076,1,대전광역시 서구 월평새뜸로8번길 73-19,대전광역시 서구 월평동 1246,36.354564,127.356666,2016,전용주,042-288-3950,대전광역시 서구청,2025-06-26
월평동077,1,대전광역시 서구 월평새뜸로8번길 73-20,대전광역시 서구 월평동 1239,36.354651,127.356845,2016,전용주,042-288-3950,대전광역시 서구청,2025-06-26
월평동078,1,대전광역시 서구 월평새뜸로4번길 119,대전광역시 서구 월평동 1216,36.35496858,127.356784,2016,한전주,042-288-3950,대전광역시 서구청,2025-06-26
월평동079,1,대전광역시 서구 월평새뜸로4번길 75,대전광역시 서구 월평동 1228,36.353604,127.3572481,2016,한전주,042-288-3950,대전광역시 서구청,2025-06-26
월평동080,1,대전광역시 서구 계룡로231번길 7,대전광역시 서구 월평동 1393,36.35235224,127.3550269,2016,한전주,042-288-3950,대전광역시 서구청,2025-06-26
월평동081,1,대전광역시 서구 월평새뜸로4번길 110,대전광역시 서구 월평동 1181,36.35467198,127.357375,2016,전용주,042-288-3950,대전광역시 서구청,2025-06-26
월평동082,1,대전광역시 서구 월평새뜸로4번길 86,대전광역시 서구 월평동 1173,36.35370552,127.357901,2016,전용주,042-288-3950,대전광역시 서구청,2025-06-26
월평동083,1,대전광역시 서구 월평새뜸로4번길 69,대전광역시 서구 월평동 1291,36.35355317,127.3569244,2016,전용주,042-288-3950,대전광역시 서구청,2025-06-26
월평동084,1,대전광역시 서구 월평새뜸로8번길 64,대전광역시 서구 월평동 1290,36.35370284,127.3568397,2016,전용주,042-288-3950,대전광역시 서구청,2025-06-26
월평동085,1,대전광역시 서구 월평새뜸로4번길 63,대전광역시 서구 월평동 1294,36.35341287,127.3565577,2016,전용주,042-288-3950,대전광역시 서구청,2025-06-26
월평동086,1,대전광역시 서구 계룡로245번길 10,대전광역시 서구 월평동 1286,36.35347616,127.356350,2016,전용주,042-288-3950,대전광역시 서구청,2025-06-26
월평동087,1,대전광역시 서구 월평새뜸로4번길 53,대전광역시 서구 월평동 1297,36.353182,127.3561639,2016,전용주,042-288-3950,대전광역시 서구청,2025-06-26
월평동088,1,대전광역시 서구 월평로 13,대전광역시 서구 월평동 324,36.355788,127.3589529,2016,한전주,042-288-3950,대전광역시 서구청,2025-06-26
월평동089,1,대전광역시 서구 월평로13번길 36-9,대전광역시 서구 월평동 372,36.356590,127.3587065,2016,한전주,042-288-3950,대전광역시 서구청,2025-06-26
월평동090,1,대전광역시 서구 월평로13번길 36-17,대전광역시 서구 월평동 369,36.356281,127.358973,2016,한전주,042-288-3950,대전광역시 서구청,2025-06-26
월평동091,1,대전광역시 서구 월평새뜸로4번길 47,대전광역시 서구 월평동 1386,36.35301196,127.3558574,2016,전용주,042-288-3950,대전광역시 서구청,2025-06-26
월평동092,1,대전광역시 서구 월평새뜸로4번길 47,대전광역시 서구 월평동 1386,36.353079,127.355842,2016,전용주,042-288-3950,대전광역시 서구청,2025-06-26
월평동093,1,대전광역시 서구 월평새뜸로4번길 43,대전광역시 서구 월평동 1388,36.35283967,127.355623,2016,전용주,042-288-3950,대전광역시 서구청,2025-06-26
월평동094,1,대전광역시 서구 월평새뜸로4번길 33,대전광역시 서구 월평동 1391,36.35257067,127.3553066,2016,전용주,042-288-3950,대전광역시 서구청,2025-06-26
월평동095,1,대전광역시 서구 월평새뜸로4번길 23,대전광역시 서구 월평동 1394,36.352271,127.3549198,2016,전용주,042-288-3950,대전광역시 서구청,2025-06-26
월평동096,1,대전광역시 서구 월평새뜸로4번길 13,대전광역시 서구 월평동 1398,36.351968,127.3544931,2016,전용주,042-288-3950,대전광역시 서구청,2025-06-26
월평동097,1,대전광역시 서구 월평로13번길 13,대전광역시 서구 월평동 320,36.355914,127.3584818,2016,전용주,042-288-3950,대전광역시 서구청,2025-06-26
월평동098,1,대전광역시 서구 한밭대로570번길 32,대전광역시 서구 월평동 496,36.3570295,127.3618228,2016,한전주,042-288-3950,대전광역시 서구청,2025-06-26
월평동099,1,대전광역시 서구 월평로27번길 12,대전광역시 서구 월평동 447,36.357196,127.3604133,2016,한전주,042-288-3950,대전광역시 서구청,2025-06-26
월평동100,1,대전광역시 서구 한밭대로570번길 12-22,대전광역시 서구 월평동 434,36.35781348,127.3609421,2016,한전주,042-288-3950,대전광역시 서구청,2025-06-26
월평동101,1,대전광역시 서구 월평로13번길 15,대전광역시 서구 월평동 319,36.35606406,127.358379,2016,전용주,042-288-3950,대전광역시 서구청,2025-06-26
월평동102,1,대전광역시 서구 월평로13번길 26,대전광역시 서구 월평동 361,36.356508,127.358308,2016,전용주,042-288-3950,대전광역시 서구청,2025-06-26
월평동103,1,대전광역시 서구 월평로13번길 27,대전광역시 서구 월평동 315,36.35652801,127.357990,2016,전용주,042-288-3950,대전광역시 서구청,2025-06-26
월평동104,1,대전광역시 서구 월평로13번길 36,대전광역시 서구 월평동 363,36.35668729,127.358333,2016,전용주,042-288-3950,대전광역시 서구청,2025-06-26
월평동105,1,대전광역시 서구 월평로13번길 12-8,대전광역시 서구 월평동 354,36.356089,127.359031,2016,전용주,042-288-3950,대전광역시 서구청,2025-06-26
월평동106,1,대전광역시 서구 월평로13번길 12-14,대전광역시 서구 월평동 351,36.35619981,127.359335,2016,전용주,042-288-3950,대전광역시 서구청,2025-06-26
월평동107,1,대전광역시 서구 월평로13번길 44-11,대전광역시 서구 월평동 383,36.356675,127.3591135,2016,전용주,042-288-3950,대전광역시 서구청,2025-06-26
월평동109,1,대전광역시 서구 월평중로13번길 35,대전광역시 서구 월평동 984,36.35558405,127.361978,2016,한전주,042-288-3950,대전광역시 서구청,2025-06-26
월평동110,1,대전광역시 서구 월평중로13번길 29,대전광역시 서구 월평동 972,36.35558455,127.362374,2016,한전주,042-288-3950,대전광역시 서구청,2025-06-26
월평동111,1,대전광역시 서구 월평로13번길 44,대전광역시 서구 월평동 386,36.356905,127.358826,2016,전용주,042-288-3950,대전광역시 서구청,2025-06-26
월평동112,1,대전광역시 서구 월평로13번길 50,대전광역시 서구 월평동 387,36.35708811,127.358943,2016,전용주,042-288-3950,대전광역시 서구청,2025-06-26
월평동113,1,대전광역시 서구 월평로13번길 52,대전광역시 서구 월평동 398,36.357270,127.3591148,2016,전용주,042-288-3950,대전광역시 서구청,2025-06-26
월평동114,1,대전광역시 서구 월평로13번길 50-9,대전광역시 서구 월평동 396,36.356989,127.3593143,2016,전용주,042-288-3950,대전광역시 서구청,2025-06-26
월평동115,1,대전광역시 서구 월평로13번길 50-12,대전광역시 서구 월평동 390,36.356712,127.3592505,2016,전용주,042-288-3950,대전광역시 서구청,2025-06-26
월평동116,1,대전광역시 서구 월평로13번길 12-22,대전광역시 서구 월평동 348,36.3563835,127.359679,2016,전용주,042-288-3950,대전광역시 서구청,2025-06-26
월평동117,1,대전광역시 서구 월평로13번길 12-25,대전광역시 서구 월평동 404,36.35669179,127.3597462,2016,전용주,042-288-3950,대전광역시 서구청,2025-06-26
월평동118,1,대전광역시 서구 월평중로13번길 17,대전광역시 서구 월평동 894,36.35558249,127.3628313,2016,한전주,042-288-3950,대전광역시 서구청,2025-06-26
월평동119,1,대전광역시 서구 월평중로13번길 17,대전광역시 서구 월평동 894,36.355500,127.362891,2016,한전주,042-288-3950,대전광역시 서구청,2025-06-26
월평동120,1,대전광역시 서구 월평중로13번길 9-5,대전광역시 서구 월평동 882,36.355474,127.363404,2016,한전주,042-288-3950,대전광역시 서구청,2025-06-26
월평동121,1,대전광역시 서구 월평로13번길 58-14,대전광역시 서구 월평동 402,36.35693019,127.3595563,2016,전용주,042-288-3950,대전광역시 서구청,2025-06-26
월평동122,1,대전광역시 서구 월평로13번길 60,대전광역시 서구 월평동 411,36.35740074,127.359415,2016,전용주,042-288-3950,대전광역시 서구청,2025-06-26
월평동123,1,대전광역시 서구 한밭대로570번길 12-46,대전광역시 서구 월평동 409,36.35735086,127.359639,2016,전용주,042-288-3950,대전광역시 서구청,2025-06-26
월평동124,1,,대전광역시 서구 월평동 11,36.357259,127.359632,2016,전용주,042-288-3950,대전광역시 서구청,2025-06-26
월평동125,1,대전광역시 서구 한밭대로570번길 12-40,대전광역시 서구 월평동 441,36.35755299,127.359915,2016,전용주,042-288-3950,대전광역시 서구청,2025-06-26
월평동126,1,대전광역시 서구 월평로27번길 11-10,대전광역시 서구 월평동 407,36.357179,127.359849,2016,전용주,042-288-3950,대전광역시 서구청,2025-06-26
월평동127,1,,대전광역시 서구 월평동 11,36.357039,127.360105,2016,전용주,042-288-3950,대전광역시 서구청,2025-06-26
월평동128,1,대전광역시 서구 월평중로13번길 9-15,대전광역시 서구 월평동 877,36.355026,127.3634843,2016,한전주,042-288-3950,대전광역시 서구청,2025-06-26
월평동129,1,대전광역시 서구 월평서로6번길 38,대전광역시 서구 월평동 957,36.35445221,127.3609074,2016,한전주,042-288-3950,대전광역시 서구청,2025-06-26
월평동130,1,대전광역시 서구 월평서로6번길 49-5,대전광역시 서구 월평동 1004,36.35488259,127.361365,2016,한전주,042-288-3950,대전광역시 서구청,2025-06-26
월평동131,1,대전광역시 서구 월평로13번길 72,대전광역시 서구 월평동 415,36.357731,127.3599206,2016,전용주,042-288-3950,대전광역시 서구청,2025-06-26
월평동132,1,대전광역시 서구 월평로13번길 84,대전광역시 서구 월평동 420,36.3578995,127.3605404,2016,전용주,042-288-3950,대전광역시 서구청,2025-06-26
월평동133,1,대전광역시 서구 한밭대로570번길 12-30,대전광역시 서구 월평동 438,36.35767341,127.3604165,2016,전용주,042-288-3950,대전광역시 서구청,2025-06-26
월평동134,1,대전광역시 서구 월평로27번길 16,대전광역시 서구 월평동 448,36.35733312,127.3604172,2016,전용주,042-288-3950,대전광역시 서구청,2025-06-26
월평동135,1,대전광역시 서구 월평로27번길 10,대전광역시 서구 월평동 446,36.35704062,127.3604089,2016,전용주,042-288-3950,대전광역시 서구청,2025-06-26
월평동136,1,대전광역시 서구 월평로13번길 12-37,대전광역시 서구 월평동 444,36.35675646,127.3604159,2016,전용주,042-288-3950,대전광역시 서구청,2025-06-26
월평동137,1,대전광역시 서구 월평로13번길 12-40,대전광역시 서구 월평동 343,36.356598,127.360558,2016,전용주,042-288-3950,대전광역시 서구청,2025-06-26
월평동138,1,대전광역시 서구 월평서로6번길 56,대전광역시 서구 월평동 964,36.354668,127.361801,2016,한전주,042-288-3950,대전광역시 서구청,2025-06-26
월평동139,1,대전광역시 서구 월평서로6번길 57-17,대전광역시 서구 월평동 986,36.35543794,127.3616724,2016,한전주,042-288-3950,대전광역시 서구청,2025-06-26
월평동140,1,대전광역시 서구 계룡로299번길 27,대전광역시 서구 월평동 974,36.355492,127.3620522,2016,한전주,042-288-3950,대전광역시 서구청,2025-06-26
월평동141,1,대전광역시 서구 월평로31번길 9,대전광역시 서구 월평동 453,36.35705718,127.3605681,2016,전용주,042-288-3950,대전광역시 서구청,2025-06-26
월평동142,1,대전광역시 서구 월평로31번길 15,대전광역시 서구 월평동 451,36.35734384,127.3605695,2016,전용주,042-288-3950,대전광역시 서구청,2025-06-26
월평동143,1,대전광역시 서구 한밭대로570번길 12-30,대전광역시 서구 월평동 438,36.357625,127.360492,2016,전용주,042-288-3950,대전광역시 서구청,2025-06-26
월평동144,1,대전광역시 서구 월평로13번길 90,대전광역시 서구 월평동 423,36.35798939,127.3609441,2016,전용주,042-288-3950,대전광역시 서구청,2025-06-26
월평동145,1,대전광역시 서구 월평로13번길 94,대전광역시 서구 월평동 424,36.35802136,127.361080,2016,전용주,042-288-3950,대전광역시 서구청,2025-06-26
월평동146,1,대전광역시 서구 월평로13번길 100,대전광역시 서구 월평동 426,36.35812203,127.3613366,2016,전용주,042-288-3950,대전광역시 서구청,2025-06-26
월평동147,1,대전광역시 서구 월평로13번길 100,대전광역시 서구 월평동 426,36.35812203,127.361399,2016,전용주,042-288-3950,대전광역시 서구청,2025-06-26
월평동148,1,대전광역시 서구 월평서로6번길 76,대전광역시 서구 월평동 937,36.354854,127.362994,2016,한전주,042-288-3950,대전광역시 서구청,2025-06-26
월평동149,1,대전광역시 서구 한밭대로612번길 19,대전광역시 서구 월평동 647,36.35687842,127.3667442,2016,한전주,042-288-3950,대전광역시 서구청,2025-06-26
월평동150,1,대전광역시 서구 한밭대로612번길 13,대전광역시 서구 월평동 649,36.357194,127.3667504,2016,한전주,042-288-3950,대전광역시 서구청,2025-06-26
월평동151,1,대전광역시 서구 한밭대로570번길 8,대전광역시 서구 월평동 429,36.3579845,127.3618155,2016,전용주,042-288-3950,대전광역시 서구청,2025-06-26
월평동152,1,대전광역시 서구 한밭대로570번길 12-15,대전광역시 서구 월평동 477,36.35767103,127.3611733,2016,전용주,042-288-3950,대전광역시 서구청,2025-06-26
월평동153,1,대전광역시 서구 한밭대로570번길 12-26,대전광역시 서구 월평동 436,36.35775228,127.3606769,2016,전용주,042-288-3950,대전광역시 서구청,2025-06-26
월평동154,1,대전광역시 서구 월평로33번길 27,대전광역시 서구 월평동 464,36.3574699,127.360960,2016,전용주,042-288-3950,대전광역시 서구청,2025-06-26
월평동155,1,대전광역시 서구 월평로33번길 15,대전광역시 서구 월평동 468,36.35689895,127.3609485,2016,전용주,042-288-3950,대전광역시 서구청,2025-06-26
월평동156,1,대전광역시 서구 한밭대로570번길 40-7,대전광역시 서구 월평동 499,36.356582,127.361611,2016,전용주,042-288-3950,대전광역시 서구청,2025-06-26
월평동157,1,대전광역시 서구 월평로37번길 11,대전광역시 서구 월평동 482,36.35716436,127.361378,2016,전용주,042-288-3950,대전광역시 서구청,2025-06-26
월평동159,1,대전광역시 서구 한밭대로602번길 11,대전광역시 서구 월평동 601,36.35729965,127.3658571,2016,한전주,042-288-3950,대전광역시 서구청,2025-06-26
월평동161,1,대전광역시 서구 월평로37번길 17,대전광역시 서구 월평동 480,36.357485,127.361388,2016,전용주,042-288-3950,대전광역시 서구청,2025-06-26
월평동162,1,대전광역시 서구 월평중로13번길 96,대전광역시 서구 월평동 1148,36.354952,127.3587821,2016,전용주,042-288-3950,대전광역시 서구청,2025-06-26
월평동163,1,대전광역시 서구 월평중로13번길 78,대전광역시 서구 월평동 1031,36.35544675,127.359590,2016,전용주,042-288-3950,대전광역시 서구청,2025-06-26
월평동164,1,대전광역시 서구 월평중로13번길 74,대전광역시 서구 월평동 1033,36.355510,127.3597987,2016,전용주,042-288-3950,대전광역시 서구청,2025-06-26
월평동165,1,대전광역시 서구 월평중로13번길 66,대전광역시 서구 월평동 1036,36.35573126,127.360199,2016,전용주,042-288-3950,대전광역시 서구청,2025-06-26
월평동166,1,대전광역시 서구 월평중로13번길 60,대전광역시 서구 월평동 1038,36.3558118,127.360521,2016,전용주,042-288-3950,대전광역시 서구청,2025-06-26
월평동167,1,대전광역시 서구 월평중로13번길 56,대전광역시 서구 월평동 1040,36.35580984,127.3607845,2016,전용주,042-288-3950,대전광역시 서구청,2025-06-26
월평동168,1,대전광역시 서구 한밭대로600번길 23,대전광역시 서구 월평동 584,36.356802,127.3654627,2016,한전주,042-288-3950,대전광역시 서구청,2025-06-26
월평동169,1,대전광역시 서구 한밭대로596번길 23,대전광역시 서구 월평동 568,36.356954,127.3650441,2016,한전주,042-288-3950,대전광역시 서구청,2025-06-26
월평동170,1,대전광역시 서구 한밭대로596번길 6,대전광역시 서구 월평동 559,36.35766433,127.364890,2016,한전주,042-288-3950,대전광역시 서구청,2025-06-26
월평동171,1,대전광역시 서구 월평중로 1,대전광역시 서구 월평동 873,36.35475505,127.3637149,2016,전용주,042-288-3950,대전광역시 서구청,2025-06-26
월평동172,1,대전광역시 서구 월평중로13번길 9-8,대전광역시 서구 월평동 886,36.3553016,127.363272,2016,전용주,042-288-3950,대전광역시 서구청,2025-06-26
월평동173,1,대전광역시 서구 월평중로13번길 9-19,대전광역시 서구 월평동 875,36.354848,127.3634753,2016,전용주,042-288-3950,대전광역시 서구청,2025-06-26
월평동174,1,대전광역시 서구 월평중로3번길 14,대전광역시 서구 월평동 941,36.354612,127.3630952,2016,전용주,042-288-3950,대전광역시 서구청,2025-06-26
월평동175,1,대전광역시 서구 월평중로3번길 24,대전광역시 서구 월평동 945,36.354501,127.362525,2016,전용주,042-288-3950,대전광역시 서구청,2025-06-26
월평동176,1,대전광역시 서구 월평중로3번길 34,대전광역시 서구 월평동 948,36.354408,127.362003,2016,전용주,042-288-3950,대전광역시 서구청,2025-06-26
월평동177,1,대전광역시 서구 월평중로3번길 48,대전광역시 서구 월평동 954,36.35434156,127.3612288,2016,전용주,042-288-3950,대전광역시 서구청,2025-06-26
월평동178,1,대전광역시 서구 월평중로14번길 55,대전광역시 서구 월평동 696,36.355708,127.367198,2016,한전주,042-288-3950,대전광역시 서구청,2025-06-26
월평동179,1,대전광역시 서구 월평중로14번길 69,대전광역시 서구 월평동 702,36.35579317,127.367934,2016,한전주,042-288-3950,대전광역시 서구청,2025-06-26
월평동180,1,대전광역시 서구 계룡로349번길 27,대전광역시 서구 월평동 724,36.355134,127.3678814,2016,한전주,042-288-3950,대전광역시 서구청,2025-06-26
월평동181,1,대전광역시 서구 월평중로3번길 64,대전광역시 서구 월평동 1077,36.35420538,127.3603669,2016,전용주,042-288-3950,대전광역시 서구청,2025-06-26
월평동182,1,대전광역시 서구 월평중로3번길 76,대전광역시 서구 월평동 1081,36.354010,127.3597246,2016,전용주,042-288-3950,대전광역시 서구청,2025-06-26
월평동183,1,대전광역시 서구 월평중로3번길 84,대전광역시 서구 월평동 1084,36.35402421,127.359386,2016,전용주,042-288-3950,대전광역시 서구청,2025-06-26
월평동184,1,대전광역시 서구 월평중로3번길 90,대전광역시 서구 월평동 1086,36.35396846,127.3590207,2016,전용주,042-288-3950,대전광역시 서구청,2025-06-26
월평동185,1,대전광역시 서구 월평중로3번길 96,대전광역시 서구 월평동 1087,36.3541362,127.358938,2016,전용주,042-288-3950,대전광역시 서구청,2025-06-26
월평동186,1,대전광역시 서구 월평중로3번길 103,대전광역시 서구 월평동 1129,36.354310,127.3586153,2016,전용주,042-288-3950,대전광역시 서구청,2025-06-26
월평동187,1,대전광역시 서구 월평중로13번길 105,대전광역시 서구 월평동 1124,36.354616,127.3588254,2016,전용주,042-288-3950,대전광역시 서구청,2025-06-26
월평동188,1,대전광역시 서구 월평중로4번길 63,대전광역시 서구 월평동 765,36.354416,127.3675345,2016,한전주,042-288-3950,대전광역시 서구청,2025-06-26
월평동189,1,대전광역시 서구 계룡로319번길 20,대전광역시 서구 월평동 833,36.35556436,127.364601,2016,한전주,042-288-3950,대전광역시 서구청,2025-06-26
월평동190,1,대전광역시 서구 계룡로319번길 10,대전광역시 서구 월평동 830,36.35516067,127.3646595,2016,한전주,042-288-3950,대전광역시 서구청,2025-06-26
월평동191,1,대전광역시 서구 월평서로6번길 7,대전광역시 서구 월평동 1118,36.35436447,127.359028,2016,전용주,042-288-3950,대전광역시 서구청,2025-06-26
월평동192,1,,대전광역시 서구 월평동 108,36.34519385,127.3536905,2016,전용주,042-288-3950,대전광역시 서구청,2025-06-26
월평동193,1,대전광역시 서구 월평서로6번길 9-12,대전광역시 서구 월평동 1114,36.35478869,127.3592088,2016,전용주,042-288-3950,대전광역시 서구청,2025-06-26
월평동194,1,대전광역시 서구 월평로14번길 23,대전광역시 서구 월평동 1105,36.354643,127.359736,2016,전용주,042-288-3950,대전광역시 서구청,2025-06-26
월평동195,1,대전광역시 서구 월평로14번길 11,대전광역시 서구 월평동 1101,36.35509631,127.359477,2016,전용주,042-288-3950,대전광역시 서구청,2025-06-26
월평동196,1,대전광역시 서구 월평서로6번길 19,대전광역시 서구 월평동 1106,36.354442,127.3597704,2016,전용주,042-288-3950,대전광역시 서구청,2025-06-26
월평동197,1,대전광역시 서구 월평서로6번길 26,대전광역시 서구 월평동 1069,36.35433641,127.360148,2016,전용주,042-288-3950,대전광역시 서구청,2025-06-26
월평동198,1,대전광역시 서구 계룡로335번길 1,대전광역시 서구 월평동 784,36.354775,127.366468,2016,한전주,042-288-3950,대전광역시 서구청,2025-06-26
월평동199,1,대전광역시 서구 계룡로339번길 26,대전광역시 서구 월평동 752,36.355463,127.3670128,2016,한전주,042-288-3950,대전광역시 서구청,2025-06-26
월평동200,1,대전광역시 서구 계룡로339번길 15,대전광역시 서구 월평동 772,36.35497936,127.3667784,2016,한전주,042-288-3950,대전광역시 서구청,2025-06-26
월평동201,1,대전광역시 서구 계룡로279번길 18,대전광역시 서구 월평동 1067,36.35466659,127.3601033,2016,전용주,042-288-3950,대전광역시 서구청,2025-06-26
월평동202,1,대전광역시 서구 계룡로279번길 22,대전광역시 서구 월평동 1066,36.354833,127.3600572,2016,전용주,042-288-3950,대전광역시 서구청,2025-06-26
월평동203,1,대전광역시 서구 계룡로279번길 30,대전광역시 서구 월평동 1063,36.35516717,127.359865,2016,전용주,042-288-3950,대전광역시 서구청,2025-06-26
월평동204,1,대전광역시 서구 월평서로6번길 28,대전광역시 서구 월평동 1070,36.35436774,127.3603179,2016,전용주,042-288-3950,대전광역시 서구청,2025-06-26
월평동205,1,대전광역시 서구 월평서로6번길 29-5,대전광역시 서구 월평동 1056,36.354769,127.360292,2016,전용주,042-288-3950,대전광역시 서구청,2025-06-26
월평동206,1,대전광역시 서구 월평서로6번길 29-12,대전광역시 서구 월평동 1044,36.355053,127.3604193,2016,전용주,042-288-3950,대전광역시 서구청,2025-06-26
월평동207,1,대전광역시 서구 월평서로6번길 29-19,대전광역시 서구 월평동 1060,36.35522426,127.3600048,2016,전용주,042-288-3950,대전광역시 서구청,2025-06-26
월평동208,1,대전광역시 서구 계룡로339번길 12,대전광역시 서구 월평동 756,36.35479401,127.367099,2016,한전주,042-288-3950,대전광역시 서구청,2025-06-26
월평동210,1,대전광역시 서구 월평로90번길 6,대전광역시 서구 월평동 749,36.35542369,127.3671729,2016,한전주,042-288-3950,대전광역시 서구청,2025-06-26
월평동211,1,대전광역시 서구 월평로34번길 26-5,대전광역시 서구 월평동 1047,36.354897,127.360814,2016,전용주,042-288-3950,대전광역시 서구청,2025-06-26
월평동212,1,대전광역시 서구 월평서로6번길 31,대전광역시 서구 월평동 1054,36.354554,127.360586,2016,전용주,042-288-3950,대전광역시 서구청,2025-06-26
월평동213,1,대전광역시 서구 월평서로6번길 37,대전광역시 서구 월평동 1050,36.35466586,127.3608543,2016,전용주,042-288-3950,대전광역시 서구청,2025-06-26
월평동214,1,대전광역시 서구 월평서로6번길 29-5,대전광역시 서구 월평동 1056,36.35470371,127.3602566,2016,전용주,042-288-3950,대전광역시 서구청,2025-06-26
월평동215,1,대전광역시 서구 월평로34번길 27,대전광역시 서구 월평동 1007,36.35486069,127.3611813,2016,전용주,042-288-3950,대전광역시 서구청,2025-06-26
월평동216,1,대전광역시 서구 월평로34번길 15,대전광역시 서구 월평동 1011,36.35542737,127.3611454,2016,전용주,042-288-3950,대전광역시 서구청,2025-06-26
월평동217,1,대전광역시 서구 월평서로6번길 49-18,대전광역시 서구 월평동 997,36.35543922,127.3615182,2016,전용주,042-288-3950,대전광역시 서구청,2025-06-26
월평동218,1,대전광역시 서구 월평로94번길 15,대전광역시 서구 월평동 732,36.35502094,127.3677361,2016,한전주,042-288-3950,대전광역시 서구청,2025-06-26
월평동219,1,대전광역시 서구 월드컵대로484번길 147-42,대전광역시 서구 월평동 68,36.342801,127.3551834,2016,한전주,042-288-3950,대전광역시 서구청,2025-06-26
월평동220,1,대전광역시 서구 월드컵대로484번길 35-41,대전광역시 서구 월평동 138,36.34751219,127.3560927,2016,한전주,042-288-3950,대전광역시 서구청,2025-06-26
월평동221,1,대전광역시 서구 월평서로6번길 47,대전광역시 서구 월평동 1005,36.35475243,127.361308,2016,전용주,042-288-3950,대전광역시 서구청,2025-06-26
월평동222,1,대전광역시 서구 월평서로6번길 51,대전광역시 서구 월평동 992,36.354749,127.361594,2016,전용주,042-288-3950,대전광역시 서구청,2025-06-26
월평동223,1,대전광역시 서구 월평서로6번길 57-5,대전광역시 서구 월평동 990,36.354916,127.3616924,2016,전용주,042-288-3950,대전광역시 서구청,2025-06-26
월평동224,1,대전광역시 서구 계룡로299번길 19,대전광역시 서구 월평동 977,36.3550102,127.3620738,2016,전용주,042-288-3950,대전광역시 서구청,2025-06-26
월평동225,1,대전광역시 서구 월평서로6번길 62,대전광역시 서구 월평동 966,36.354606,127.3621659,2016,전용주,042-288-3950,대전광역시 서구청,2025-06-26
월평동226,1,대전광역시 서구 월평서로6번길 72,대전광역시 서구 월평동 935,36.354794,127.3626733,2016,전용주,042-288-3950,대전광역시 서구청,2025-06-26
월평동227,1,대전광역시 서구 월평로48번길 20,대전광역시 서구 월평동 930,36.355249,127.3624572,2016,전용주,042-288-3950,대전광역시 서구청,2025-06-26
월평동229,1,대전광역시 서구 계룡로299번길 22,대전광역시 서구 월평동 969,36.35519498,127.3623004,2023,한전주,042-288-3950,대전광역시 서구청,2025-06-26
월평동230,1,대전광역시 서구 월평동 월평로27번길 15,대전광역시 서구 월평동 443,36.35735938,127.360185,2023,전용주,042-288-3950,대전광역시 서구청,2025-06-26
월평동231,1,대전광역시 서구 월평중로13번길 17-11,대전광역시 서구 월평동 890,36.35516185,127.3630594,2016,전용주,042-288-3950,대전광역시 서구청,2025-06-26
월평동232,1,대전광역시 서구 한밭대로592번길 3,대전광역시 서구 월평동 557,36.3578263,127.364658,2016,전용주,042-288-3950,대전광역시 서구청,2025-06-26
월평동233,1,대전광역시 서구 한밭대로596번길 3,대전광역시 서구 월평동 574,36.35776025,127.3650566,2016,전용주,042-288-3950,대전광역시 서구청,2025-06-26
월평동234,1,대전광역시 서구 한밭대로600번길 5,대전광역시 서구 월평동 590,36.35771649,127.365458,2016,전용주,042-288-3950,대전광역시 서구청,2025-06-26
월평동235,1,대전광역시 서구 한밭대로602번길 1,대전광역시 서구 월평동 604,36.35766713,127.3658628,2016,전용주,042-288-3950,대전광역시 서구청,2025-06-26
월평동236,1,대전광역시 서구 월평중로13번길 14,대전광역시 서구 월평동 906,36.35580052,127.3631164,2016,전용주,042-288-3950,대전광역시 서구청,2025-06-26
월평동237,1,대전광역시 서구 한밭대로612번길 6,대전광역시 서구 월평동 619,36.35747819,127.3664957,2016,전용주,042-288-3950,대전광역시 서구청,2025-06-26
월평동238,1,대전광역시 서구 계룡로264번길 34,대전광역시 서구 월평동 16-3,36.35306411,127.360401,2023,한전주,042-288-3950,대전광역시 서구청,2025-06-26
월평동239,1,대전광역시 서구 계룡로264번길 26,대전광역시 서구 월평동 17-2,36.3529727,127.359903,2023,한전주,042-288-3950,대전광역시 서구청,2025-06-26
월평동240,1,대전광역시 서구 신갈마로209번길 115,대전광역시 서구 월평동 25-35,36.351503,127.3632089,2023,한전주,042-288-3950,대전광역시 서구청,2025-06-26
월평동241,1,대전광역시 서구 한밭대로612번길 4,대전광역시 서구 월평동 618,36.35759989,127.3664832,2016,전용주,042-288-3950,대전광역시 서구청,2025-06-26
월평동242,1,대전광역시 서구 한밭대로612번길 3,대전광역시 서구 월평동 652,36.35754715,127.366709,2016,전용주,042-288-3950,대전광역시 서구청,2025-06-26
월평동243,1,대전광역시 서구 월평로87번길 29,대전광역시 서구 월평동 653,36.35754058,127.3668999,2016,전용주,042-288-3950,대전광역시 서구청,2025-06-26
월평동244,1,대전광역시 서구 월평로87번길 23,대전광역시 서구 월평동 655,36.35728011,127.3669081,2016,전용주,042-288-3950,대전광역시 서구청,2025-06-26
월평동245,1,대전광역시 서구 월평로87번길 13,대전광역시 서구 월평동 658,36.35687199,127.3669025,2016,전용주,042-288-3950,대전광역시 서구청,2025-06-26
월평동246,1,대전광역시 서구 월평중로24번길 53,대전광역시 서구 월평동 659,36.35673827,127.3668984,2016,전용주,042-288-3950,대전광역시 서구청,2025-06-26
월평동247,1,대전광역시 서구 한밭대로612번길 29,대전광역시 서구 월평동 644,36.35642685,127.3667412,2016,전용주,042-288-3950,대전광역시 서구청,2025-06-26
월평동248,1,대전광역시 서구 월평중로3번길 74,대전광역시 서구 월평동 1080,36.354122,127.359871,2023,전용주,042-288-3950,대전광역시 서구청,2025-06-26
월평동249,1,대전광역시 서구 월평중로3번길 70,대전광역시 서구 월평동 1079,36.354160,127.360011,2023,전용주,042-288-3950,대전광역시 서구청,2025-06-26
월평동250,1,대전광역시 서구 월평중로3번길 26,대전광역시 서구 월평동 946,36.354540,127.3624428,2023,전용주,042-288-3950,대전광역시 서구청,2025-06-26
월평동251,1,대전광역시 서구 월평중로24번길 51,대전광역시 서구 월평동 646,36.35674251,127.3667472,2016,전용주,042-288-3950,대전광역시 서구청,2025-06-26
월평동252,1,대전광역시 서구 한밭대로612번길 7,대전광역시 서구 월평동 651,36.357474,127.3667535,2016,전용주,042-288-3950,대전광역시 서구청,2025-06-26
월평동253,1,대전광역시 서구 월평중로24번길 43,대전광역시 서구 월평동 610,36.35674128,127.3663273,2016,전용주,042-288-3950,대전광역시 서구청,2025-06-26
월평동254,1,,대전광역시 서구 월평동 5998,36.356696,127.366153,2016,전용주,042-288-3950,대전광역시 서구청,2025-06-26
월평동255,1,,대전광역시 서구 월평동 5998,36.357095,127.366152,2016,전용주,042-288-3950,대전광역시 서구청,2025-06-26
월평동256,1,대전광역시 서구 한밭대로608번길 5,대전광역시 서구 월평동 616,36.35750226,127.3663186,2016,전용주,042-288-3950,대전광역시 서구청,2025-06-26
월평동257,1,대전광역시 서구 월평중로24번길 34,대전광역시 서구 월평동 631,36.35651948,127.3658032,2016,전용주,042-288-3950,대전광역시 서구청,2025-06-26
월평동258,1,대전광역시 서구 월평중로24번길 21,대전광역시 서구 월평동 567,36.35674951,127.3650522,2016,전용주,042-288-3950,대전광역시 서구청,2025-06-26
월평동259,1,대전광역시 서구 한밭대로600번길 20,대전광역시 서구 월평동 580,36.357091,127.365252,2016,전용주,042-288-3950,대전광역시 서구청,2025-06-26
월평동260,1,대전광역시 서구 한밭대로600번길 7,대전광역시 서구 월평동 589,36.357541,127.365405,2016,전용주,042-288-3950,대전광역시 서구청,2025-06-26
월평동261,1,대전광역시 서구 월평중로24번길 13,대전광역시 서구 월평동 549,36.35675626,127.3646701,2016,전용주,042-288-3950,대전광역시 서구청,2025-06-26
월평동262,1,대전광역시 서구 한밭대로596번길 13,대전광역시 서구 월평동 571,36.35732911,127.3650644,2016,전용주,042-288-3950,대전광역시 서구청,2025-06-26
월평동263,1,,대전광역시 서구 월평동 548,36.35677778,127.3643958,2016,전용주,042-288-3950,대전광역시 서구청,2025-06-26
월평동264,1,대전광역시 서구 한밭대로592번길 19,대전광역시 서구 월평동 552,36.35715201,127.364620,2016,전용주,042-288-3950,대전광역시 서구청,2025-06-26
월평동265,1,대전광역시 서구 한밭대로592번길 11,대전광역시 서구 월평동 554,36.357467,127.364611,2016,전용주,042-288-3950,대전광역시 서구청,2025-06-26
월평동266,1,대전광역시 서구 월평중로14번길 25,대전광역시 서구 월평동 685,36.355707,127.365488,2016,전용주,042-288-3950,대전광역시 서구청,2025-06-26
월평동267,1,대전광역시 서구 월평중로14번길 31,대전광역시 서구 월평동 688,36.35579217,127.365761,2016,전용주,042-288-3950,대전광역시 서구청,2025-06-26
월평동268,1,대전광역시 서구 월평중로14번길 37,대전광역시 서구 월평동 689,36.35580831,127.366198,2016,전용주,042-288-3950,대전광역시 서구청,2025-06-26
월평동269,1,대전광역시 서구 월평중로14번길 45,대전광역시 서구 월평동 692,36.355703,127.366586,2016,전용주,042-288-3950,대전광역시 서구청,2025-06-26
월평동270,1,대전광역시 서구 월평로 90,대전광역시 서구 월평동 675,36.35596976,127.3670101,2016,전용주,042-288-3950,대전광역시 서구청,2025-06-26
월평동271,1,대전광역시 서구 월평중로14번길 65,대전광역시 서구 월평동 700,36.355700,127.3676357,2016,전용주,042-288-3950,대전광역시 서구청,2025-06-26
월평동272,1,대전광역시 서구 월평중로14번길 71,대전광역시 서구 월평동 703,36.355703,127.3680318,2016,전용주,042-288-3950,대전광역시 서구청,2025-06-26
월평동273,1,대전광역시 서구 월평동로 5-12,대전광역시 서구 월평동 710,36.35553605,127.368373,2016,전용주,042-288-3950,대전광역시 서구청,2025-06-26
월평동274,1,대전광역시 서구 월평로90번길 26,대전광역시 서구 월평동 760,36.354664,127.367597,2023,한전주,042-288-3950,대전광역시 서구청,2025-06-26
월평동275,1,대전광역시 서구 계룡로349번길 33,대전광역시 서구 월평동 726,36.35544327,127.367896,2016,전용주,042-288-3950,대전광역시 서구청,2025-06-26
월평동276,1,대전광역시 서구 계룡로349번길 13,대전광역시 서구 월평동 762,36.35452602,127.367855,2016,전용주,042-288-3950,대전광역시 서구청,2025-06-26
월평동277,1,대전광역시 서구 월평중로4번길 67,대전광역시 서구 월평동 763,36.35436348,127.3677815,2016,한전주,042-288-3950,대전광역시 서구청,2025-06-26
월평동278,1,대전광역시 서구 계룡로319번길 11,대전광역시 서구 월평동 837,36.355297,127.3643879,2016,전용주,042-288-3950,대전광역시 서구청,2025-06-26
월평동279,1,대전광역시 서구 계룡로321번길 8,대전광역시 서구 월평동 817,36.35500692,127.3650492,2016,전용주,042-288-3950,대전광역시 서구청,2025-06-26
월평동280,1,대전광역시 서구 계룡로321번길 15,대전광역시 서구 월평동 823,36.35540829,127.364871,2016,전용주,042-288-3950,대전광역시 서구청,2025-06-26
월평동281,1,대전광역시 서구 계룡로329번길 17,대전광역시 서구 월평동 809,36.3553863,127.3655251,2016,전용주,042-288-3950,대전광역시 서구청,2025-06-26
월평동282,1,대전광역시 서구 계룡로325번길 16,대전광역시 서구 월평동 808,36.35515001,127.3654943,2016,전용주,042-288-3950,대전광역시 서구청,2025-06-26
월평동283,1,대전광역시 서구 계룡로329번길 8,대전광역시 서구 월평동 803,36.35495572,127.3658183,2016,전용주,042-288-3950,대전광역시 서구청,2025-06-26
월평동284,1,대전광역시 서구 계룡로329번길 10,대전광역시 서구 월평동 802,36.355183,127.3658122,2016,전용주,042-288-3950,대전광역시 서구청,2025-06-26
월평동285,1,대전광역시 서구 계룡로333번길 18,대전광역시 서구 월평동 792,36.35540746,127.3662648,2016,전용주,042-288-3950,대전광역시 서구청,2025-06-26
월평동286,1,대전광역시 서구 계룡로333번길 10,대전광역시 서구 월평동 795,36.355020,127.3662553,2016,전용주,042-288-3950,대전광역시 서구청,2025-06-26
월평동287,1,대전광역시 서구 계룡로333번길 6,대전광역시 서구 월평동 796,36.35487148,127.366252,2016,전용주,042-288-3950,대전광역시 서구청,2025-06-26
월평동288,1,대전광역시 서구 계룡로335번길 10,대전광역시 서구 월평동 781,36.35498595,127.3666287,2016,전용주,042-288-3950,대전광역시 서구청,2025-06-26
월평동289,1,대전광역시 서구 계룡로335번길 20,대전광역시 서구 월평동 778,36.35542401,127.3666285,2016,전용주,042-288-3950,대전광역시 서구청,2025-06-26
월평동290,1,대전광역시 서구 계룡로339번길 12,대전광역시 서구 월평동 756,36.354706,127.3670073,2016,전용주,042-288-3950,대전광역시 서구청,2025-06-26
월평동291,1,대전광역시 서구 월평로90번길 12,대전광역시 서구 월평동 747,36.355102,127.3671683,2016,전용주,042-288-3950,대전광역시 서구청,2025-06-26
월평동292,1,대전광역시 서구 월평로94번길 6,대전광역시 서구 월평동 738,36.355461,127.367595,2016,전용주,042-288-3950,대전광역시 서구청,2025-06-26
월평동293,1,대전광역시 서구 월평로94번길 9,대전광역시 서구 월평동 730,36.35530235,127.367745,2016,전용주,042-288-3950,대전광역시 서구청,2025-06-26
월평동297,1,대전광역시 서구 월평동 갑천도시고속도로 1950,대전광역시 서구 월평동 111-1,36.34532427,127.3522144,2016,전용주,042-288-3950,대전광역시 서구청,2025-06-26
월평동298,1,대전광역시 서구 월평동 갑천도시고속도로 1950,대전광역시 서구 월평동 111-1,36.34532427,127.3522144,2016,전용주,042-288-3950,대전광역시 서구청,2025-06-26
월평동299,1,대전광역시 서구 월평동 갑천도시고속도로 1950,대전광역시 서구 월평동 111-1,36.34532427,127.3522144,2016,전용주,042-288-3950,대전광역시 서구청,2025-06-26
월평동300,1,대전광역시 서구 월평동 갑천도시고속도로 1950,대전광역시 서구 월평동 111-1,36.34532427,127.3522144,2016,한전주,042-288-3950,대전광역시 서구청,2025-06-26
월평동301,1,,대전광역시 서구 월평동 111-14,36.34472223,127.3525676,2016,한전주,042-288-3950,대전광역시 서구청,2025-06-26
월평동302,1,,대전광역시 서구 월평동 111-15,36.344256,127.3525455,2016,한전주,042-288-3950,대전광역시 서구청,2025-06-26
월평동303,1,,대전광역시 서구 월평동 80-2,36.34345425,127.3529986,2016,한전주,042-288-3950,대전광역시 서구청,2025-06-26
월평동304,1,,대전광역시 서구 월평동 82-27,36.343486,127.352891,2016,한전주,042-288-3950,대전광역시 서구청,2025-06-26
월평동305,1,대전광역시 서구 월드컵대로484번길 148-19,대전광역시 서구 월평동 80-1,36.34345137,127.3530952,2016,한전주,042-288-3950,대전광역시 서구청,2025-06-26
월평동306,1,,대전광역시 서구 월평동 81-5,36.34276339,127.3535817,2016,한전주,042-288-3950,대전광역시 서구청,2025-06-26
월평동307,1,대전광역시 서구 월평동 갑천도시고속도로 1987,대전광역시 서구 월평동 75-1,36.341493,127.3541584,2016,한전주,042-288-3950,대전광역시 서구청,2025-06-26
월평동308,1,대전광역시 서구 월드컵대로484번길 187-31,대전광역시 서구 월평동 75-3,36.341263,127.3543937,2016,한전주,042-288-3950,대전광역시 서구청,2025-06-26
월평동309,1,,대전광역시 서구 월평동 72-26,36.34062309,127.3553538,2016,전용주,042-288-3950,대전광역시 서구청,2025-06-26
월평동310,1,대전광역시 서구 월드컵대로484번길 187-47,대전광역시 서구 월평동 72-8,36.34125256,127.3547796,2016,한전주,042-288-3950,대전광역시 서구청,2025-06-26
월평동311,1,,대전광역시 서구 월평동 72-28,36.340396,127.3553791,2016,전용주,042-288-3950,대전광역시 서구청,2025-06-26
월평동312,1,,대전광역시 서구 월평동 82-1,36.343528,127.353815,2016,한전주,042-288-3950,대전광역시 서구청,2025-06-26
월평동313,1,,대전광역시 서구 월평동 92-2,36.343671,127.3535076,2016,한전주,042-288-3950,대전광역시 서구청,2025-06-26
월평동314,1,대전광역시 서구 계룡로232번길 187,대전광역시 서구 월평동 66-6,36.343366,127.3548322,2016,한전주,042-288-3950,대전광역시 서구청,2025-06-26
월평동315,1,대전광역시 서구 계룡로232번길 187,대전광역시 서구 월평동 66-6,36.34337999,127.3548322,2016,한전주,042-288-3950,대전광역시 서구청,2025-06-26
월평동316,1,대전광역시 서구 월드컵대로484번길 147-42,대전광역시 서구 월평동 68,36.34289294,127.3551834,2016,전용주,042-288-3950,대전광역시 서구청,2025-06-26
월평동317,1,대전광역시 서구 월드컵대로484번길 147-15,대전광역시 서구 월평동 66-3,36.34337795,127.3553051,2016,한전주,042-288-3950,대전광역시 서구청,2025-06-26
월평동318,1,대전광역시 서구 월평동 계룡로232번길 189,대전광역시 서구 월평동 66-8,36.34331961,127.3549833,2016,한전주,042-288-3950,대전광역시 서구청,2025-06-26
월평동319,1,대전광역시 서구 계룡로232번길 164-1,대전광역시 서구 월평동 95,36.34461653,127.3537267,2016,한전주,042-288-3950,대전광역시 서구청,2025-06-26
월평동320,1,,대전광역시 서구 월평동 89-2,36.34371921,127.3545409,2016,한전주,042-288-3950,대전광역시 서구청,2025-06-26
월평동321,1,대전광역시 서구 계룡로232번길 175,대전광역시 서구 월평동 62-1,36.343985,127.3550273,2016,한전주,042-288-3950,대전광역시 서구청,2025-06-26
월평동322,1,대전광역시 서구 월평동 계룡로232번길 173-9,대전광역시 서구 월평동 65-2,36.34398582,127.3552061,2016,한전주,042-288-3950,대전광역시 서구청,2025-06-26
월평동323,1,대전광역시 서구 계룡로232번길 171,대전광역시 서구 월평동 60-1,36.344153,127.3550145,2016,전용주,042-288-3950,대전광역시 서구청,2025-06-26
월평동324,1,,대전광역시 서구 월평동 127-1,36.34446848,127.3548769,2016,한전주,042-288-3950,대전광역시 서구청,2025-06-26
월평동325,1,,대전광역시 서구 월평동 127-1,36.34446848,127.354802,2016,한전주,042-288-3950,대전광역시 서구청,2025-06-26
월평동326,1,대전광역시 서구 계룡로232번길 168,대전광역시 서구 월평동 92-4,36.34423464,127.353931,2016,한전주,042-288-3950,대전광역시 서구청,2025-06-26
월평동327,1,대전광역시 서구 계룡로232번길 157,대전광역시 서구 월평동 127,36.344510,127.3548082,2016,한전주,042-288-3950,대전광역시 서구청,2025-06-26
월평동328,1,대전광역시 서구 계룡로232번길 155,대전광역시 서구 월평동 126-1,36.34478737,127.3549491,2016,한전주,042-288-3950,대전광역시 서구청,2025-06-26
월평동329,1,대전광역시 서구 월드컵대로484번안길 10,대전광역시 서구 월평동 99,36.34569889,127.3545016,2016,한전주,042-288-3950,대전광역시 서구청,2025-06-26
월평동330,1,대전광역시 서구 월드컵대로484번안길 18,대전광역시 서구 월평동 125,36.34563597,127.3551129,2016,한전주,042-288-3950,대전광역시 서구청,2025-06-26
월평동331,1,,대전광역시 서구 월평동 113,36.345129,127.356544,2016,전용주,042-288-3950,대전광역시 서구청,2025-06-26
월평동332,1,,대전광역시 서구 월평동 113,36.344985,127.356318,2016,전용주,042-288-3950,대전광역시 서구청,2025-06-26
월평동333,1,,대전광역시 서구 월평동 133-1,36.3454109,127.3560158,2016,한전주,042-288-3950,대전광역시 서구청,2025-06-26
월평동334,1,대전광역시 서구 월드컵대로484번안길 40-13,대전광역시 서구 월평동 129-1,36.3450722,127.3553848,2016,한전주,042-288-3950,대전광역시 서구청,2025-06-26
월평동335,1,대전광역시 서구 월드컵대로484번안길 33,대전광역시 서구 월평동 134-5,36.34573476,127.3560455,2016,한전주,042-288-3950,대전광역시 서구청,2025-06-26
월평동336,1,대전광역시 서구 월드컵대로484번안길 27,대전광역시 서구 월평동 134-15,36.34596133,127.3554352,2016,한전주,042-288-3950,대전광역시 서구청,2025-06-26
월평동337,1,대전광역시 서구 월드컵대로484번안길 29-1,대전광역시 서구 월평동 134-26,36.34611812,127.355532,2016,한전주,042-288-3950,대전광역시 서구청,2025-06-26
월평동338,1,대전광역시 서구 월드컵대로484번안길 29-1,대전광역시 서구 월평동 134-26,36.346169,127.355532,2016,한전주,042-288-3950,대전광역시 서구청,2025-06-26
월평동339,1,대전광역시 서구 계룡로232번길 123,대전광역시 서구 월평동 135-8,36.34621147,127.355019,2016,한전주,042-288-3950,대전광역시 서구청,2025-06-26
월평동340,1,,대전광역시 서구 월평동 135-5,36.34649806,127.3549099,2016,한전주,042-288-3950,대전광역시 서구청,2025-06-26
월평동341,1,대전광역시 서구 계룡로232번길 111,대전광역시 서구 월평동 136-4,36.34678794,127.3553883,2016,한전주,042-288-3950,대전광역시 서구청,2025-06-26
월평동342,1,대전광역시 서구 계룡로232번길 105,대전광역시 서구 월평동 136-7,36.34693582,127.3551469,2016,한전주,042-288-3950,대전광역시 서구청,2025-06-26
월평동343,1,대전광역시 서구 계룡로232번길 95,대전광역시 서구 월평동 136-6,36.34768447,127.3551334,2016,한전주,042-288-3950,대전광역시 서구청,2025-06-26
월평동344,1,대전광역시 서구 계룡로232번길 87,대전광역시 서구 월평동 136-1,36.34779957,127.3551873,2016,한전주,042-288-3950,대전광역시 서구청,2025-06-26
월평동345,1,,대전광역시 서구 월평동 210-1,36.347666,127.355650,2016,한전주,042-288-3950,대전광역시 서구청,2025-06-26
월평동346,1,대전광역시 서구 월평동 월드컵대로484번길 35-40,대전광역시 서구 월평동 137-5,36.34765769,127.3556227,2016,한전주,042-288-3950,대전광역시 서구청,2025-06-26
월평동347,1,대전광역시 서구 월드컵대로484번길 45,대전광역시 서구 월평동 155,36.34769089,127.3540617,2016,한전주,042-288-3950,대전광역시 서구청,2025-06-26
월평동348,1,대전광역시 서구 월드컵대로484번길 35-7,대전광역시 서구 월평동 154-2,36.34859056,127.354350,2016,한전주,042-288-3950,대전광역시 서구청,2025-06-26
월평동349,1,대전광역시 서구 계룡로232번길 79,대전광역시 서구 월평동 141,36.348447,127.3553772,2016,한전주,042-288-3950,대전광역시 서구청,2025-06-26
월평동350,1,대전광역시 서구 월평동 계룡로232번길 63,대전광역시 서구 월평동 143,36.34881817,127.3555811,2016,한전주,042-288-3950,대전광역시 서구청,2025-06-26
월평동351,1,대전광역시 서구 계룡로232번길 63,대전광역시 서구 월평동 142,36.348836,127.3555811,2016,한전주,042-288-3950,대전광역시 서구청,2025-06-26
월평동352,1,대전광역시 서구 계룡로232번길 59,대전광역시 서구 월평동 213-1,36.34930971,127.3558706,2016,한전주,042-288-3950,대전광역시 서구청,2025-06-26
월평동354,1,대전광역시 서구 계룡로232번길 53,대전광역시 서구 월평동 145,36.349385,127.3552493,2016,전용주,042-288-3950,대전광역시 서구청,2025-06-26
월평동355,1,대전광역시 서구 월평동 계룡로264번길 4,대전광역시 서구 월평동 18-2,36.35131683,127.360642,2016,전용주,042-288-3950,대전광역시 서구청,2025-06-26
월평동356,1,대전광역시 서구 월평동 계룡로264번길 4,대전광역시 서구 월평동 18-2,36.35131683,127.360642,2016,전용주,042-288-3950,대전광역시 서구청,2025-06-26
월평동357,1,대전광역시 서구 월평동 계룡로264번길 4,대전광역시 서구 월평동 18-2,36.35131683,127.360642,2016,전용주,042-288-3950,대전광역시 서구청,2025-06-26
월평동358,1,대전광역시 서구 계룡로264번길 26,대전광역시 서구 월평동 17-2,36.3529727,127.3599377,2016,전용주,042-288-3950,대전광역시 서구청,2025-06-26
월평동359,1,대전광역시 서구 계룡로264번길 43,대전광역시 서구 월평동 29-3,36.35318052,127.3608022,2016,전용주,042-288-3950,대전광역시 서구청,2025-06-26
월평동360,1,대전광역시 서구 계룡로264번길 41,대전광역시 서구 월평동 29-1,36.35321685,127.3610959,2016,전용주,042-288-3950,대전광역시 서구청,2025-06-26
월평동361,1,대전광역시 서구 계룡로264번길 39,대전광역시 서구 월평동 25-16,36.3533778,127.3612429,2016,전용주,042-288-3950,대전광역시 서구청,2025-06-26
월평동362,1,,대전광역시 서구 월평동 6-11,36.353582,127.361746,2016,전용주,042-288-3950,대전광역시 서구청,2025-06-26
월평동363,1,,대전광역시 서구 월평동 25-65,36.35313405,127.3624214,2016,전용주,042-288-3950,대전광역시 서구청,2025-06-26
월평동364,1,대전광역시 서구 계룡로314번길 8,대전광역시 서구 월평동 25-19,36.35353075,127.362696,2016,전용주,042-288-3950,대전광역시 서구청,2025-06-26
월평동365,1,,대전광역시 서구 월평동 25-66,36.35358709,127.362810,2016,전용주,042-288-3950,대전광역시 서구청,2025-06-26
월평동366,1,,대전광역시 서구 월평동 25-66,36.35358709,127.3628558,2016,전용주,042-288-3950,대전광역시 서구청,2025-06-26
월평동369,1,,대전광역시 서구 월평동 298-1,36.353096,127.363109,2016,한전주,042-288-3950,대전광역시 서구청,2025-06-26
월평동371,1,대전광역시 서구 계룡로314번길 18,대전광역시 서구 월평동 25-24,36.352653,127.3630823,2016,전용주,042-288-3950,대전광역시 서구청,2025-06-26
월평동372,1,대전광역시 서구 신갈마로209번길 96,대전광역시 서구 월평동 25-32,36.352485,127.3630499,2016,전용주,042-288-3950,대전광역시 서구청,2025-06-26
월평동373,1,대전광역시 서구 신갈마로209번길 105,대전광역시 서구 월평동 25-28,36.35209182,127.3629704,2016,한전주,042-288-3950,대전광역시 서구청,2025-06-26
월평동374,1,대전광역시 서구 신갈마로209번길 98,대전광역시 서구 월평동 25-26,36.35246762,127.3628781,2016,한전주,042-288-3950,대전광역시 서구청,2025-06-26
월평동375,1,대전광역시 서구 신갈마로209번길 113,대전광역시 서구 월평동 25-34,36.351756,127.3632013,2016,한전주,042-288-3950,대전광역시 서구청,2025-06-26
월평동376,1,대전광역시 서구 계룡로264번길 38-5,대전광역시 서구 월평동 30-1,36.35294633,127.360691,2016,전용주,042-288-3950,대전광역시 서구청,2025-06-26
월평동377,1,대전광역시 서구 계룡로264번길 38-5,대전광역시 서구 월평동 30-1,36.35294633,127.3606142,2016,한전주,042-288-3950,대전광역시 서구청,2025-06-26
월평동378,1,대전광역시 서구 계룡로264번길 57,대전광역시 서구 월평동 28-4,36.35271346,127.3613306,2016,한전주,042-288-3950,대전광역시 서구청,2025-06-26
월평동379,1,대전광역시 서구 계룡로264번길 70,대전광역시 서구 월평동 25-5,36.35206924,127.3610244,2016,한전주,042-288-3950,대전광역시 서구청,2025-06-26
월평동380,1,대전광역시 서구 계룡로264번길 73,대전광역시 서구 월평동 25-6,36.3519146,127.361612,2016,한전주,042-288-3950,대전광역시 서구청,2025-06-26
월평동382,1,대전광역시 서구 계룡로264번길 106,대전광역시 서구 월평동 47,36.35077961,127.3612491,2016,한전주,042-288-3950,대전광역시 서구청,2025-06-26
월평동383,1,대전광역시 서구 계룡로264번길 106,대전광역시 서구 월평동 47,36.35077961,127.3612491,2016,한전주,042-288-3950,대전광역시 서구청,2025-06-26
월평동384,1,대전광역시 서구 월평동로 61,대전광역시 서구 월평동 308,36.36083455,127.3676905,2016,전용주,042-288-3950,대전광역시 서구청,2025-06-26
월평동385,1,대전광역시 서구 월평동로 61,대전광역시 서구 월평동 308,36.36083455,127.3676905,2016,전용주,042-288-3950,대전광역시 서구청,2025-06-26
월평동386,1,대전광역시 서구 월평동로 61,대전광역시 서구 월평동 308,36.36083455,127.3676905,2016,전용주,042-288-3950,대전광역시 서구청,2025-06-26
월평동387,1,대전광역시 서구 월평동로 61,대전광역시 서구 월평동 308,36.36083455,127.3676905,2016,전용주,042-288-3950,대전광역시 서구청,2025-06-26
월평동388,1,대전광역시 서구 월평동로 61,대전광역시 서구 월평동 308,36.360834,127.3676905,2016,전용주,042-288-3950,대전광역시 서구청,2025-06-26
월평동389,1,대전광역시 서구 월평동로 61,대전광역시 서구 월평동 308,36.36083455,127.3676905,2016,전용주,042-288-3950,대전광역시 서구청,2025-06-26
월평동390,1,대전광역시 서구 월평동로 61,대전광역시 서구 월평동 308,36.36083455,127.3676905,2016,전용주,042-288-3950,대전광역시 서구청,2025-06-26
월평동391,1,대전광역시 서구 계룡로264번길 28-29,대전광역시 서구 월평동 21-3,36.35186387,127.3609607,2016,전용주,042-288-3950,대전광역시 서구청,2025-06-26
월평동392,1,대전광역시 서구 계룡로264번길 28-27,대전광역시 서구 월평동 21-12,36.35223328,127.3607762,2016,전용주,042-288-3950,대전광역시 서구청,2025-06-26
월평동393,1,대전광역시 서구 계룡로264번길 28-27,대전광역시 서구 월평동 21-12,36.35223328,127.3607762,2016,한전주,042-288-3950,대전광역시 서구청,2025-06-26
월평동394,1,대전광역시 서구 계룡로264번길 28-26,대전광역시 서구 월평동 19-37,36.352162,127.360475,2016,한전주,042-288-3950,대전광역시 서구청,2025-06-26
월평동395,1,대전광역시 서구 계룡로264번길 4-33,대전광역시 서구 월평동 19-14,36.352671,127.359762,2016,한전주,042-288-3950,대전광역시 서구청,2025-06-26
월평동396,1,대전광역시 서구 월평동 계룡로264번길 28-8,대전광역시 서구 월평동 23-1,36.35276887,127.3599636,2016,한전주,042-288-3950,대전광역시 서구청,2025-06-26
월평동397,1,대전광역시 서구 월평동 계룡로264번길 28-12,대전광역시 서구 월평동 23-5,36.35264265,127.3600098,2016,한전주,042-288-3950,대전광역시 서구청,2025-06-26
월평동398,1,,대전광역시 서구 월평동 10-4,36.352636,127.360366,2016,한전주,042-288-3950,대전광역시 서구청,2025-06-26
월평동399,1,,대전광역시 서구 월평동 10-4,36.352890,127.360470,2016,한전주,042-288-3950,대전광역시 서구청,2025-06-26
월평동400,1,대전광역시 서구 계룡로264번길 38-5,대전광역시 서구 월평동 30-1,36.352964,127.3606142,2016,전용주,042-288-3950,대전광역시 서구청,2025-06-26
월평동401,1,대전광역시 서구 월평동로 61,대전광역시 서구 월평동 308,36.36083455,127.3676905,2016,전용주,042-288-3950,대전광역시 서구청,2025-06-26
월평동402,1,대전광역시 서구 월평동로 61,대전광역시 서구 월평동 308,36.36083455,127.3676905,2016,전용주,042-288-3950,대전광역시 서구청,2025-06-26
월평동403,1,대전광역시 서구 월평동로 80,대전광역시 서구 월평동 306,36.36194589,127.3691758,2016,전용주,042-288-3950,대전광역시 서구청,2025-06-26
월평동404,1,대전광역시 서구 월평동로 80,대전광역시 서구 월평동 306,36.36194589,127.3691758,2016,전용주,042-288-3950,대전광역시 서구청,2025-06-26
월평동405,1,대전광역시 서구 월평동로 60,대전광역시 서구 월평동 307,36.36013353,127.3695006,2016,전용주,042-288-3950,대전광역시 서구청,2025-06-26
월평동406,1,대전광역시 서구 월평동로 60,대전광역시 서구 월평동 307,36.36013353,127.3695006,2016,전용주,042-288-3950,대전광역시 서구청,2025-06-26
월평동407,1,,대전광역시 서구 월평동 307,36.360159,127.3695006,2016,전용주,042-288-3950,대전광역시 서구청,2025-06-26
월평동408,1,대전광역시 서구 갈마역로 125,대전광역시 서구 월평동 304,36.36182641,127.3735786,2016,전용주,042-288-3950,대전광역시 서구청,2025-06-26
월평동409,1,대전광역시 서구 갈마역로 125,대전광역시 서구 월평동 304,36.36182641,127.3735786,2016,전용주,042-288-3950,대전광역시 서구청,2025-06-26
월평동410,1,대전광역시 서구 갈마역로 125,대전광역시 서구 월평동 304,36.36182641,127.3735786,2016,전용주,042-288-3950,대전광역시 서구청,2025-06-26
월평동411,1,대전광역시 서구 갈마역로 125,대전광역시 서구 월평동 304,36.36182641,127.3735786,2016,전용주,042-288-3950,대전광역시 서구청,2025-06-26
월평동412,1,대전광역시 서구 갈마역로 125,대전광역시 서구 월평동 304,36.36182641,127.3735786,2016,전용주,042-288-3950,대전광역시 서구청,2025-06-26
월평동413,1,대전광역시 서구 갈마역로 125,대전광역시 서구 월평동 304,36.36182641,127.3735786,2016,전용주,042-288-3950,대전광역시 서구청,2025-06-26
월평동414,1,대전광역시 서구 갈마역로 125,대전광역시 서구 월평동 304,36.36182641,127.3735786,2016,전용주,042-288-3950,대전광역시 서구청,2025-06-26
월평동415,1,대전광역시 서구 갈마역로 125,대전광역시 서구 월평동 304,36.36182641,127.3735786,2016,전용주,042-288-3950,대전광역시 서구청,2025-06-26
월평동416,1,,대전광역시 서구 월평동 212-6,36.362424,127.371514,2016,전용주,042-288-3950,대전광역시 서구청,2025-06-26
월평동417,1,대전광역시 서구 월평북로 41,대전광역시 서구 월평동 220,36.36331761,127.372732,2016,전용주,042-288-3950,대전광역시 서구청,2025-06-26
월평동418,1,대전광역시 서구 월평북로 41,대전광역시 서구 월평동 220,36.36331761,127.372732,2016,전용주,042-288-3950,대전광역시 서구청,2025-06-26
월평동419,1,대전광역시 서구 월평북로 41,대전광역시 서구 월평동 220,36.363332,127.372732,2016,전용주,042-288-3950,대전광역시 서구청,2025-06-26
월평동420,1,대전광역시 서구 월평북로 41,대전광역시 서구 월평동 220,36.363393,127.372732,2016,전용주,042-288-3950,대전광역시 서구청,2025-06-26
월평동421,1,대전광역시 서구 월평북로 41,대전광역시 서구 월평동 220,36.363396,127.372732,2016,전용주,042-288-3950,대전광역시 서구청,2025-06-26
월평동422,1,대전광역시 서구 월평북로 41,대전광역시 서구 월평동 220,36.363393,127.372732,2016,전용주,042-288-3950,대전광역시 서구청,2025-06-26
월평동423,1,대전광역시 서구 월평북로 41,대전광역시 서구 월평동 220,36.363389,127.372732,2016,전용주,042-288-3950,대전광역시 서구청,2025-06-26
월평동424,1,대전광역시 서구 월평북로 95,대전광역시 서구 월평동 241,36.36246476,127.3790006,2016,전용주,042-288-3950,대전광역시 서구청,2025-06-26
월평동425,1,대전광역시 서구 갈마역로 143-12,대전광역시 서구 월평동 218-4,36.36358191,127.373697,2016,전용주,042-288-3950,대전광역시 서구청,2025-06-26
월평동426,1,대전광역시 서구 갈마역로 145,대전광역시 서구 월평동 218-3,36.36358495,127.374162,2016,전용주,042-288-3950,대전광역시 서구청,2025-06-26
월평동427,1,대전광역시 서구 갈마역로 145,대전광역시 서구 월평동 218-3,36.36358495,127.3741008,2016,전용주,042-288-3950,대전광역시 서구청,2025-06-26
월평동428,1,대전광역시 서구 갈마역로 139,대전광역시 서구 월평동 221,36.3631454,127.373481,2016,전용주,042-288-3950,대전광역시 서구청,2025-06-26
월평동429,1,대전광역시 서구 갈마역로 139,대전광역시 서구 월평동 221,36.3631454,127.373481,2016,전용주,042-288-3950,대전광역시 서구청,2025-06-26
월평동430,1,대전광역시 서구 갈마역로 139,대전광역시 서구 월평동 221,36.3631454,127.373481,2016,전용주,042-288-3950,대전광역시 서구청,2025-06-26
월평동431,1,대전광역시 서구 대덕대로335번길 39,대전광역시 서구 월평동 231,36.36278409,127.3771053,2016,전용주,042-288-3950,대전광역시 서구청,2025-06-26
월평동432,1,대전광역시 서구 대덕대로317번길 9,대전광역시 서구 월평동 281,36.36095306,127.3789367,2016,전용주,042-288-3950,대전광역시 서구청,2025-06-26
월평동433,1,대전광역시 서구 대덕대로317번길 9,대전광역시 서구 월평동 281,36.36095306,127.3789367,2016,전용주,042-288-3950,대전광역시 서구청,2025-06-26
월평동434,1,대전광역시 서구 대덕대로317번길 9,대전광역시 서구 월평동 281,36.36095306,127.3789367,2016,전용주,042-288-3950,대전광역시 서구청,2025-06-26
월평동435,1,대전광역시 서구 대덕대로317번길 9,대전광역시 서구 월평동 281,36.360923,127.3789367,2016,전용주,042-288-3950,대전광역시 서구청,2025-06-26
월평동436,1,대전광역시 서구 대덕대로317번길 9,대전광역시 서구 월평동 281,36.36095306,127.3789367,2016,전용주,042-288-3950,대전광역시 서구청,2025-06-26
월평동437,1,대전광역시 서구 대덕대로317번길 9,대전광역시 서구 월평동 281,36.36095306,127.3789367,2016,전용주,042-288-3950,대전광역시 서구청,2025-06-26
월평동438,1,대전광역시 서구 대덕대로317번길 9,대전광역시 서구 월평동 281,36.36095306,127.3789367,2016,전용주,042-288-3950,대전광역시 서구청,2025-06-26
월평동439,1,대전광역시 서구 대덕대로317번길 9,대전광역시 서구 월평동 281,36.36095306,127.3789367,2016,전용주,042-288-3950,대전광역시 서구청,2025-06-26
월평동440,1,,대전광역시 서구 월평동 307,36.36013353,127.3695006,2023,전용주,042-288-3950,대전광역시 서구청,2025-06-26
월평동441,1,,대전광역시 서구 월평동 309,36.360663,127.367041,2023,전용주,042-288-3950,대전광역시 서구청,2025-06-26
월평동442,1,대전광역시 서구 월드컵대로484번안길 40-4,대전광역시 서구 월평동 124-2,36.345454,127.3554689,2023,한전주,042-288-3950,대전광역시 서구청,2025-06-26
월평동443,1,대전광역시 서구 계룡로232번길 149,대전광역시 서구 월평동 126,36.34514856,127.3551322,2023,한전주,042-288-3950,대전광역시 서구청,2025-06-26
월평동444,1,대전광역시 서구 계룡로245번길 10,대전광역시 서구 월평동 1286,36.35347616,127.356304,2023,전용주,042-288-3950,대전광역시 서구청,2025-06-26
월평동445,1,대전광역시 서구 월평새뜸로20번길 10,대전광역시 서구 월평동 1461,36.35310754,127.353277,2023,전용주,042-288-3950,대전광역시 서구청,2025-06-26
월평동446,1,대전광역시 서구 월평새뜸로8번길 15-6,대전광역시 서구 월평동 1424,36.352613,127.3545382,2023,전용주,042-288-3950,대전광역시 서구청,2025-06-26
월평동447,1,,대전광역시 서구 월평동 209-2,36.34439319,127.357628,2023,전용주,042-288-3950,대전광역시 서구청,2025-06-26
월평동448,1,,대전광역시 서구 월평동 209-2,36.34439319,127.357628,2023,전용주,042-288-3950,대전광역시 서구청,2025-06-26
월평동449,1,,대전광역시 서구 월평동 209-2,36.34439319,127.357628,2023,전용주,042-288-3950,대전광역시 서구청,2025-06-26
월평동450,1,,대전광역시 서구 월평동 209-2,36.34439319,127.357628,2023,전용주,042-288-3950,대전광역시 서구청,2025-06-26
월평동451,1,대전광역시 서구 월평새뜸로8번길 7-12,대전광역시 서구 월평동 1442,36.352634,127.354013,2023,전용주,042-288-3950,대전광역시 서구청,2025-06-26
월평동452,1,대전광역시 서구 월평새뜸로8번길 58,대전광역시 서구 월평동 1287,36.353580,127.356407,2023,전용주,042-288-3950,대전광역시 서구청,2025-06-26
월평동453,1,대전광역시 서구 갈마역로 139,대전광역시 서구 월평동 221,36.3631454,127.373481,2023,전용주,042-288-3950,대전광역시 서구청,2025-06-26
월평동454,1,대전광역시 서구 월평로13번길 56,대전광역시 서구 월평동 399,36.3572841,127.359273,2023,전용주,042-288-3950,대전광역시 서구청,2025-06-26
월평동455,1,대전광역시 서구 월평로13번길 78,대전광역시 서구 월평동 417,36.357859,127.360131,2023,한전주,042-288-3950,대전광역시 서구청,2025-06-26
월평동456,1,대전광역시 서구 월평새뜸로20번길 34,대전광역시 서구 월평동 1356,36.353887,127.354110,2023,전용주,042-288-3950,대전광역시 서구청,2025-06-26
월평동457,1,대전광역시 서구 월평중로14번길 54,대전광역시 서구 월평동 751,36.355592,127.3670214,2023,전용주,042-288-3950,대전광역시 서구청,2025-06-26
월평동458,1,,대전광역시 서구 월평동 305,36.36052935,127.3698036,2023,전용주,042-288-3950,대전광역시 서구청,2025-06-26
월평동459,1,,대전광역시 서구 월평동 1162,36.355280,127.3594523,2023,전용주,042-288-3950,대전광역시 서구청,2025-06-26
월평동460,1,,대전광역시 서구 월평동 304,36.36182641,127.3735786,2024,전용주,042-288-3950,대전광역시 서구청,2025-06-26
월평동461,1,,대전광역시 서구 월평동 1488,36.35308478,127.355519,2023,전용주,042-288-3950,대전광역시 서구청,2025-06-26
장안동001,1,,대전광역시 서구 장안동 123-1,36.23223838,127.3474664,2016,한전주,042-288-3950,대전광역시 서구청,2025-06-26
장안동002,1,,대전광역시 서구 장안동 979,36.23183737,127.3467804,2016,전용주,042-288-3950,대전광역시 서구청,2025-06-26
장안동003,1,,대전광역시 서구 장안동 136,36.23157354,127.3469045,2016,전용주,042-288-3950,대전광역시 서구청,2025-06-26
장안동004,1,,대전광역시 서구 장안동 12-4,36.231748,127.348370,2016,한전주,042-288-3950,대전광역시 서구청,2025-06-26
장안동005,1,,대전광역시 서구 장안동 123,36.232185,127.3473544,2016,한전주,042-288-3950,대전광역시 서구청,2025-06-26
장안동006,1,,대전광역시 서구 장안동 124-4,36.23194663,127.3483748,2016,한전주,042-288-3950,대전광역시 서구청,2025-06-26
장안동007,1,,대전광역시 서구 장안동 122,36.23214368,127.3488368,2016,전용주,042-288-3950,대전광역시 서구청,2025-06-26
장안동008,1,대전광역시 서구 용바위길 154-6,대전광역시 서구 장안동 125,36.2318073,127.3492324,2016,한전주,042-288-3950,대전광역시 서구청,2025-06-26
장안동009,1,,대전광역시 서구 장안동 155,36.22390115,127.3453803,2016,한전주,042-288-3950,대전광역시 서구청,2025-06-26
장안동010,1,,대전광역시 서구 장안동 166,36.22197911,127.3462312,2016,한전주,042-288-3950,대전광역시 서구청,2025-06-26
장안동011,1,,대전광역시 서구 장안동 163-9,36.232389,127.350104,2016,한전주,042-288-3950,대전광역시 서구청,2025-06-26
장안동012,1,,대전광역시 서구 장안동 163-28,36.232904,127.350471,2016,한전주,042-288-3950,대전광역시 서구청,2025-06-26
장안동013,1,,대전광역시 서구 장안동 112-4,36.23201747,127.3503416,2016,한전주,042-288-3950,대전광역시 서구청,2025-06-26
장안동014,1,,대전광역시 서구 장안동 113-3,36.231839,127.350721,2016,한전주,042-288-3950,대전광역시 서구청,2025-06-26
장안동015,1,,대전광역시 서구 장안동 120,36.2318278,127.349803,2016,한전주,042-288-3950,대전광역시 서구청,2025-06-26
장안동016,1,,대전광역시 서구 장안동 53-2,36.232402,127.346539,2016,한전주,042-288-3950,대전광역시 서구청,2025-06-26
장안동017,1,,대전광역시 서구 장안동 53-1,36.230795,127.346126,2016,한전주,042-288-3950,대전광역시 서구청,2025-06-26
장안동018,1,,대전광역시 서구 장안동 138-1,36.230351,127.3458789,2016,한전주,042-288-3950,대전광역시 서구청,2025-06-26
장안동019,1,대전광역시 서구 장안로 314,대전광역시 서구 장안동 139-3,36.22993667,127.3452666,2016,한전주,042-288-3950,대전광역시 서구청,2025-06-26
장안동020,1,,대전광역시 서구 장안동 138-4,36.22951568,127.345620,2016,한전주,042-288-3950,대전광역시 서구청,2025-06-26
장안동021,1,,대전광역시 서구 장안동 54-3,36.229294,127.345449,2016,한전주,042-288-3950,대전광역시 서구청,2025-06-26
장안동022,1,,대전광역시 서구 장안동 54-3,36.228900,127.345448,2016,한전주,042-288-3950,대전광역시 서구청,2025-06-26
장안동023,1,대전광역시 서구 장안로 338,대전광역시 서구 장안동 141-1,36.22792834,127.3456133,2016,한전주,042-288-3950,대전광역시 서구청,2025-06-26
장안동024,1,대전광역시 서구 장안로 338,대전광역시 서구 장안동 141-1,36.22792834,127.3456133,2016,한전주,042-288-3950,대전광역시 서구청,2025-06-26
장안동025,1,,대전광역시 서구 장안동 138-8,36.227152,127.346002,2016,한전주,042-288-3950,대전광역시 서구청,2025-06-26
장안동026,1,,대전광역시 서구 장안동 354-14,36.226822,127.344895,2016,한전주,042-288-3950,대전광역시 서구청,2025-06-26
장안동027,1,대전광역시 서구 장안로 354,대전광역시 서구 장안동 287-1,36.22692341,127.3452422,2016,한전주,042-288-3950,대전광역시 서구청,2025-06-26
장안동028,1,대전광역시 서구 장안로 354,대전광역시 서구 장안동 287-1,36.22692341,127.3452422,2016,한전주,042-288-3950,대전광역시 서구청,2025-06-26
장안동029,1,대전광역시 서구 장안로 364,대전광역시 서구 장안동 287-8,36.2259695,127.3453679,2016,한전주,042-288-3950,대전광역시 서구청,2025-06-26
장안동030,1,대전광역시 서구 장안로 364,대전광역시 서구 장안동 287-8,36.2259695,127.3453679,2016,한전주,042-288-3950,대전광역시 서구청,2025-06-26
장안동031,1,,대전광역시 서구 장안동 150,36.22597257,127.3462576,2016,한전주,042-288-3950,대전광역시 서구청,2025-06-26
장안동032,1,,대전광역시 서구 장안동 150,36.22597257,127.3462576,2016,한전주,042-288-3950,대전광역시 서구청,2025-06-26
장안동033,1,,대전광역시 서구 장안동 150,36.22597257,127.3462576,2016,한전주,042-288-3950,대전광역시 서구청,2025-06-26
장안동034,1,,대전광역시 서구 장안동 57-3,36.224464,127.345394,2016,한전주,042-288-3950,대전광역시 서구청,2025-06-26
장안동035,1,,대전광역시 서구 장안동 57-3,36.224147,127.345186,2016,한전주,042-288-3950,대전광역시 서구청,2025-06-26
장안동036,1,,대전광역시 서구 장안동 57-3,36.223821,127.344901,2016,한전주,042-288-3950,대전광역시 서구청,2025-06-26
장안동037,1,대전광역시 서구 장안로 406,대전광역시 서구 장안동 279-5,36.22316979,127.343446,2016,한전주,042-288-3950,대전광역시 서구청,2025-06-26
장안동038,1,,대전광역시 서구 장안동 279-7,36.22281453,127.3431659,2016,한전주,042-288-3950,대전광역시 서구청,2025-06-26
장안동039,1,대전광역시 서구 장안로 420-10,대전광역시 서구 장안동 281-11,36.222538,127.3426723,2016,한전주,042-288-3950,대전광역시 서구청,2025-06-26
장안동040,1,대전광역시 서구 장안로 418,대전광역시 서구 장안동 281-6,36.2222901,127.3428929,2016,한전주,042-288-3950,대전광역시 서구청,2025-06-26
장안동041,1,,대전광역시 서구 장안동 48-4,36.221584,127.343187,2016,전용주,042-288-3950,대전광역시 서구청,2025-06-26
장안동042,1,,대전광역시 서구 장안동 48-4,36.221672,127.343885,2016,전용주,042-288-3950,대전광역시 서구청,2025-06-26
장안동043,1,,대전광역시 서구 장안동 48-4,36.221851,127.344484,2016,전용주,042-288-3950,대전광역시 서구청,2025-06-26
장안동044,1,,대전광역시 서구 장안동 48-4,36.222025,127.344949,2016,전용주,042-288-3950,대전광역시 서구청,2025-06-26
장안동045,1,,대전광역시 서구 장안동 48-4,36.221896,127.345107,2016,전용주,042-288-3950,대전광역시 서구청,2025-06-26
장안동046,1,,대전광역시 서구 장안동 48-4,36.221360,127.345007,2016,전용주,042-288-3950,대전광역시 서구청,2025-06-26
장안동047,1,,대전광역시 서구 장안동 11-1,36.220848,127.345286,2016,전용주,042-288-3950,대전광역시 서구청,2025-06-26
장안동048,1,,대전광역시 서구 장안동 266-1,36.22151914,127.345426,2016,전용주,042-288-3950,대전광역시 서구청,2025-06-26
장안동049,1,대전광역시 서구 길곡길 75-19,대전광역시 서구 장안동 266-3,36.22175388,127.345683,2016,전용주,042-288-3950,대전광역시 서구청,2025-06-26
장안동050,1,대전광역시 서구 길곡길 75-27,대전광역시 서구 장안동 266,36.22205562,127.346086,2016,전용주,042-288-3950,대전광역시 서구청,2025-06-26
장안동051,1,,대전광역시 서구 장안동 78,36.220323,127.345423,2016,한전주,042-288-3950,대전광역시 서구청,2025-06-26
장안동052,1,,대전광역시 서구 장안동 185,36.21768206,127.345873,2016,한전주,042-288-3950,대전광역시 서구청,2025-06-26
장안동053,1,,대전광역시 서구 장안동 918,36.21749513,127.345846,2016,한전주,042-288-3950,대전광역시 서구청,2025-06-26
장안동054,1,,대전광역시 서구 장안동 184-1,36.21680409,127.3462962,2016,한전주,042-288-3950,대전광역시 서구청,2025-06-26
장안동055,1,대전광역시 서구 길곡길 178,대전광역시 서구 장안동 183,36.21648113,127.346379,2016,한전주,042-288-3950,대전광역시 서구청,2025-06-26
장안동056,1,대전광역시 서구 길곡길 191,대전광역시 서구 장안동 181,36.215949,127.3469633,2016,한전주,042-288-3950,대전광역시 서구청,2025-06-26
장안동057,1,대전광역시 서구 길곡길 202,대전광역시 서구 장안동 170,36.21541601,127.346753,2016,한전주,042-288-3950,대전광역시 서구청,2025-06-26
장안동058,1,대전광역시 서구 길곡길 211,대전광역시 서구 장안동 179,36.215112,127.3472426,2016,한전주,042-288-3950,대전광역시 서구청,2025-06-26
장안동059,1,,대전광역시 서구 장안동 176,36.21467842,127.348528,2016,한전주,042-288-3950,대전광역시 서구청,2025-06-26
장안동060,1,,대전광역시 서구 장안동 250,36.20701439,127.3411739,2016,한전주,042-288-3950,대전광역시 서구청,2025-06-26
장안동061,1,,대전광역시 서구 장안동 193,36.214353,127.3498854,2016,한전주,042-288-3950,대전광역시 서구청,2025-06-26
장안동062,1,,대전광역시 서구 장안동 195,36.21422627,127.350062,2016,전용주,042-288-3950,대전광역시 서구청,2025-06-26
장안동063,1,,대전광역시 서구 장안동 195,36.21422627,127.3500011,2016,한전주,042-288-3950,대전광역시 서구청,2025-06-26
장안동064,1,대전광역시 서구 길곡길 279-16,대전광역시 서구 장안동 190,36.21511474,127.3503095,2016,전용주,042-288-3950,대전광역시 서구청,2025-06-26
장안동065,1,,대전광역시 서구 장안동 38,36.214456,127.351381,2016,한전주,042-288-3950,대전광역시 서구청,2025-06-26
장안동066,1,대전광역시 서구 길곡길 315,대전광역시 서구 장안동 40,36.214371,127.3526363,2016,한전주,042-288-3950,대전광역시 서구청,2025-06-26
장안동067,1,,대전광역시 서구 장안동 45,36.213992,127.352979,2016,한전주,042-288-3950,대전광역시 서구청,2025-06-26
장안동068,1,대전광역시 서구 길곡길 333,대전광역시 서구 장안동 46,36.2140883,127.353153,2016,한전주,042-288-3950,대전광역시 서구청,2025-06-26
장안동069,1,대전광역시 서구 길곡길 349,대전광역시 서구 장안동 47,36.214248,127.3543529,2016,한전주,042-288-3950,대전광역시 서구청,2025-06-26
장안동070,1,,대전광역시 서구 장안동 921,36.214649,127.3475308,2016,한전주,042-288-3950,대전광역시 서구청,2025-06-26
장안동071,1,,대전광역시 서구 장안동 924,36.21402791,127.3475247,2016,한전주,042-288-3950,대전광역시 서구청,2025-06-26
장안동072,1,,대전광역시 서구 장안동 204,36.21412451,127.348689,2016,한전주,042-288-3950,대전광역시 서구청,2025-06-26
장안동073,1,,대전광역시 서구 장안동 250,36.20701439,127.3411739,2016,한전주,042-288-3950,대전광역시 서구청,2025-06-26
장안동074,1,,대전광역시 서구 장안동 21,36.22309994,127.3597756,2016,한전주,042-288-3950,대전광역시 서구청,2025-06-26
장안동075,1,대전광역시 서구 장안동 길곡길 222-85,대전광역시 서구 장안동 15,36.23047253,127.3578769,2016,한전주,042-288-3950,대전광역시 서구청,2025-06-26
장안동076,1,대전광역시 서구 장안동 길곡길 222-85,대전광역시 서구 장안동 15,36.23047253,127.3578769,2016,한전주,042-288-3950,대전광역시 서구청,2025-06-26
장안동077,1,대전광역시 서구 장안로 420,대전광역시 서구 장안동 281-8,36.22219559,127.3426299,2016,한전주,042-288-3950,대전광역시 서구청,2025-06-26
장안동078,1,,대전광역시 서구 장안동 281-14,36.22234593,127.3425408,2016,전용주,042-288-3950,대전광역시 서구청,2025-06-26
장안동079,1,대전광역시 서구 장안로 434,대전광역시 서구 장안동 281,36.22196642,127.341717,2016,한전주,042-288-3950,대전광역시 서구청,2025-06-26
장안동080,1,대전광역시 서구 장안로 434,대전광역시 서구 장안동 281,36.22196642,127.341717,2016,한전주,042-288-3950,대전광역시 서구청,2025-06-26
장안동081,1,,대전광역시 서구 장안동 1017,36.22177272,127.342196,2016,한전주,042-288-3950,대전광역시 서구청,2025-06-26
장안동082,1,,대전광역시 서구 장안동 291-1,36.22222837,127.336020,2016,한전주,042-288-3950,대전광역시 서구청,2025-06-26
장안동083,1,대전광역시 서구 삼보실길 68,대전광역시 서구 장안동 291-2,36.22244828,127.3352817,2016,한전주,042-288-3950,대전광역시 서구청,2025-06-26
장안동084,1,,대전광역시 서구 장안동 291-3,36.221645,127.338733,2016,한전주,042-288-3950,대전광역시 서구청,2025-06-26
장안동085,1,,대전광역시 서구 장안동 293,36.22129363,127.3379769,2016,한전주,042-288-3950,대전광역시 서구청,2025-06-26
장안동086,1,,대전광역시 서구 장안동 294,36.219658,127.339091,2016,한전주,042-288-3950,대전광역시 서구청,2025-06-26
장안동087,1,,대전광역시 서구 장안동 67-1,36.22617726,127.3523705,2016,한전주,042-288-3950,대전광역시 서구청,2025-06-26
장안동088,1,,대전광역시 서구 장안동 67-1,36.22617726,127.3523705,2016,한전주,042-288-3950,대전광역시 서구청,2025-06-26
장안동089,1,,대전광역시 서구 장안동 514,36.217545,127.336585,2016,한전주,042-288-3950,대전광역시 서구청,2025-06-26
장안동090,1,대전광역시 서구 장안로 525,대전광역시 서구 장안동 317,36.21676022,127.336462,2016,한전주,042-288-3950,대전광역시 서구청,2025-06-26
장안동091,1,대전광역시 서구 장안로 525,대전광역시 서구 장안동 317,36.21676022,127.3364336,2016,한전주,042-288-3950,대전광역시 서구청,2025-06-26
장안동092,1,대전광역시 서구 장안로 535,대전광역시 서구 장안동 320-1,36.21593035,127.336578,2016,한전주,042-288-3950,대전광역시 서구청,2025-06-26
장안동093,1,,대전광역시 서구 장안동 325,36.21432168,127.3370849,2016,한전주,042-288-3950,대전광역시 서구청,2025-06-26
장안동094,1,,대전광역시 서구 장안동 325,36.21432168,127.3370849,2016,한전주,042-288-3950,대전광역시 서구청,2025-06-26
장안동095,1,대전광역시 서구 장안동 장안로 556-22,대전광역시 서구 장안동 328-5,36.21444518,127.3359372,2016,전용주,042-288-3950,대전광역시 서구청,2025-06-26
장안동096,1,대전광역시 서구 장안로 558-24,대전광역시 서구 장안동 335,36.21377098,127.3353952,2016,한전주,042-288-3950,대전광역시 서구청,2025-06-26
장안동097,1,,대전광역시 서구 장안동 334,36.213549,127.3351373,2016,한전주,042-288-3950,대전광역시 서구청,2025-06-26
장안동098,1,,대전광역시 서구 장안동 332-1,36.21350056,127.3345997,2016,한전주,042-288-3950,대전광역시 서구청,2025-06-26
장안동099,1,,대전광역시 서구 장안동 560,36.213761,127.336906,2016,한전주,042-288-3950,대전광역시 서구청,2025-06-26
장안동100,1,대전광역시 서구 장안로 564-1,대전광역시 서구 장안동 339-5,36.21344507,127.3364026,2016,한전주,042-288-3950,대전광역시 서구청,2025-06-26
장안동101,1,,대전광역시 서구 장안동 346-1,36.21310814,127.336964,2016,한전주,042-288-3950,대전광역시 서구청,2025-06-26
장안동102,1,대전광역시 서구 장안동 장안로 569,대전광역시 서구 장안동 354-1,36.21289722,127.3375902,2016,한전주,042-288-3950,대전광역시 서구청,2025-06-26
장안동103,1,,대전광역시 서구 장안동 345-2,36.21276407,127.3369862,2016,한전주,042-288-3950,대전광역시 서구청,2025-06-26
장안동104,1,대전광역시 서구 장안로 570,대전광역시 서구 장안동 339-7,36.21313712,127.3364712,2016,한전주,042-288-3950,대전광역시 서구청,2025-06-26
장안동105,1,대전광역시 서구 장안로 573,대전광역시 서구 장안동 354-5,36.21218769,127.3373412,2016,한전주,042-288-3950,대전광역시 서구청,2025-06-26
장안동106,1,대전광역시 서구 장안로 572,대전광역시 서구 장안동 340-1,36.21272399,127.336509,2016,한전주,042-288-3950,대전광역시 서구청,2025-06-26
장안동107,1,대전광역시 서구 장안로 580,대전광역시 서구 장안동 341,36.21230992,127.3364364,2016,한전주,042-288-3950,대전광역시 서구청,2025-06-26
장안동108,1,,대전광역시 서구 장안동 358,36.21118588,127.3362139,2016,한전주,042-288-3950,대전광역시 서구청,2025-06-26
장안동109,1,,대전광역시 서구 장안동 372-14,36.209713,127.338234,2016,한전주,042-288-3950,대전광역시 서구청,2025-06-26
장안동110,1,,대전광역시 서구 장안동 370,36.208888,127.3395645,2016,한전주,042-288-3950,대전광역시 서구청,2025-06-26
장안동111,1,,대전광역시 서구 장안동 379,36.2082105,127.3396615,2016,한전주,042-288-3950,대전광역시 서구청,2025-06-26
장안동112,1,,대전광역시 서구 장안동 245-1,36.205903,127.3418376,2016,한전주,042-288-3950,대전광역시 서구청,2025-06-26
장안동113,1,대전광역시 서구 장안로 677,대전광역시 서구 장안동 243-6,36.20517329,127.3422062,2016,한전주,042-288-3950,대전광역시 서구청,2025-06-26
장안동114,1,대전광역시 서구 장안로 677,대전광역시 서구 장안동 243-6,36.20517329,127.3422062,2016,한전주,042-288-3950,대전광역시 서구청,2025-06-26
장안동115,1,대전광역시 서구 장안로 677,대전광역시 서구 장안동 243-6,36.20517329,127.3422062,2016,한전주,042-288-3950,대전광역시 서구청,2025-06-26
장안동116,1,,대전광역시 서구 장안동 242-1,36.204215,127.341687,2016,한전주,042-288-3950,대전광역시 서구청,2025-06-26
장안동117,1,,대전광역시 서구 장안동 242-1,36.204017,127.341533,2016,한전주,042-288-3950,대전광역시 서구청,2025-06-26
장안동118,1,,대전광역시 서구 장안동 242-1,36.203851,127.341380,2016,한전주,042-288-3950,대전광역시 서구청,2025-06-26
장안동119,1,대전광역시 서구 장안로 699,대전광역시 서구 장안동 237,36.20317586,127.3411692,2016,한전주,042-288-3950,대전광역시 서구청,2025-06-26
장안동120,1,,대전광역시 서구 장안동 2,36.23219336,127.3620231,2016,한전주,042-288-3950,대전광역시 서구청,2025-06-26
장안동121,1,,대전광역시 서구 장안동 7,36.2312897,127.3589703,2016,한전주,042-288-3950,대전광역시 서구청,2025-06-26
장안동122,1,대전광역시 서구 장안로 714,대전광역시 서구 장안동 234,36.202037,127.340592,2016,한전주,042-288-3950,대전광역시 서구청,2025-06-26
장안동123,1,대전광역시 서구 장안로 722,대전광역시 서구 장안동 232,36.20104328,127.340065,2016,한전주,042-288-3950,대전광역시 서구청,2025-06-26
장안동124,1,,대전광역시 서구 장안동 230,36.20098486,127.340525,2016,전용주,042-288-3950,대전광역시 서구청,2025-06-26
장안동125,1,대전광역시 서구 장안로 721,대전광역시 서구 장안동 229,36.20121229,127.3407391,2016,한전주,042-288-3950,대전광역시 서구청,2025-06-26
장안동126,1,,대전광역시 서구 장안동 231,36.200475,127.340137,2016,한전주,042-288-3950,대전광역시 서구청,2025-06-26
장안동127,1,,대전광역시 서구 장안동 391-1,36.2002094,127.339989,2016,한전주,042-288-3950,대전광역시 서구청,2025-06-26
장안동128,1,,대전광역시 서구 장안동 742,36.199849,127.339443,2016,한전주,042-288-3950,대전광역시 서구청,2025-06-26
장안동129,1,,대전광역시 서구 장안동 403-2,36.19897826,127.3386985,2016,한전주,042-288-3950,대전광역시 서구청,2025-06-26
장안동130,1,대전광역시 서구 장안로 758,대전광역시 서구 장안동 404,36.19850408,127.3385232,2016,한전주,042-288-3950,대전광역시 서구청,2025-06-26
장안동131,1,,대전광역시 서구 장안동 395,36.197888,127.3394856,2016,한전주,042-288-3950,대전광역시 서구청,2025-06-26
장안동132,1,,대전광역시 서구 장안동 398,36.197147,127.338199,2016,한전주,042-288-3950,대전광역시 서구청,2025-06-26
장안동133,1,,대전광역시 서구 장안동 407,36.196861,127.3376205,2016,한전주,042-288-3950,대전광역시 서구청,2025-06-26
장안동134,1,,대전광역시 서구 장안동 423,36.196467,127.337034,2016,한전주,042-288-3950,대전광역시 서구청,2025-06-26
장안동135,1,대전광역시 서구 장안로 835,대전광역시 서구 장안동 456,36.19297931,127.3329864,2016,한전주,042-288-3950,대전광역시 서구청,2025-06-26
장안동136,1,,대전광역시 서구 장안동 954-8,36.19433075,127.3339607,2016,한전주,042-288-3950,대전광역시 서구청,2025-06-26
장안동137,1,,대전광역시 서구 장안동 954-8,36.19433075,127.3339607,2016,한전주,042-288-3950,대전광역시 서구청,2025-06-26
장안동138,1,,대전광역시 서구 장안동 422-1,36.195108,127.334980,2016,한전주,042-288-3950,대전광역시 서구청,2025-06-26
장안동139,1,,대전광역시 서구 장안동 420,36.19569691,127.3353308,2016,한전주,042-288-3950,대전광역시 서구청,2025-06-26
장안동140,1,,대전광역시 서구 장안동 423-1,36.195674,127.335796,2016,한전주,042-288-3950,대전광역시 서구청,2025-06-26
장안동141,1,,대전광역시 서구 장안동 987,36.22212078,127.3360276,2016,한전주,042-288-3950,대전광역시 서구청,2025-06-26
장안동142,1,,대전광역시 서구 장안동 291-1,36.22222837,127.336020,2016,한전주,042-288-3950,대전광역시 서구청,2025-06-26
장안동143,1,대전광역시 서구 삼보실길 68,대전광역시 서구 장안동 291-2,36.22244828,127.3352817,2016,한전주,042-288-3950,대전광역시 서구청,2025-06-26
장안동144,1,대전광역시 서구 삼보실길 68,대전광역시 서구 장안동 291-2,36.22244828,127.3352817,2016,한전주,042-288-3950,대전광역시 서구청,2025-06-26
장안동145,1,,대전광역시 서구 장안동 59-9,36.223684,127.334119,2016,한전주,042-288-3950,대전광역시 서구청,2025-06-26
장안동146,1,,대전광역시 서구 장안동 939,36.22274006,127.3346696,2016,한전주,042-288-3950,대전광역시 서구청,2025-06-26
장안동147,1,,대전광역시 서구 장안동 284,36.22616385,127.3434879,2016,한전주,042-288-3950,대전광역시 서구청,2025-06-26
장안동148,1,,대전광역시 서구 장안동 산 67-2,36.22046122,127.338593,2016,한전주,042-288-3950,대전광역시 서구청,2025-06-26
장안동149,1,,대전광역시 서구 장안동 293,36.22129363,127.3379769,2016,한전주,042-288-3950,대전광역시 서구청,2025-06-26
장안동150,1,,대전광역시 서구 장안동 293,36.22129363,127.3379769,2016,한전주,042-288-3950,대전광역시 서구청,2025-06-26
장안동151,1,대전광역시 서구 장안로 485,대전광역시 서구 장안동 295,36.218750,127.339001,2023,한전주,042-288-3950,대전광역시 서구청,2025-06-26
장안동152,1,대전광역시 서구 장안로 713-1,대전광역시 서구 장안동 222,36.20235936,127.3412693,2023,한전주,042-288-3950,대전광역시 서구청,2025-06-26
장안동152-1,1,,대전광역시 서구 장안동 340-1,36.21272399,127.3365104,2024,전용주,042-288-3950,대전광역시 서구청,2025-06-26
장안동153,1,대전광역시 서구 장안로 713-1,대전광역시 서구 장안동 222,36.20235936,127.3412693,2023,한전주,042-288-3950,대전광역시 서구청,2025-06-26
장안동154,1,대전광역시 서구 장안로 679,대전광역시 서구 장안동 240,36.20466895,127.3423059,2023,한전주,042-288-3950,대전광역시 서구청,2025-06-26
장안동155,1,,대전광역시 서구 장안동 247-12,36.20670892,127.3414522,2023,한전주,042-288-3950,대전광역시 서구청,2025-06-26
장안동156,1,,대전광역시 서구 장안동 363,36.210198,127.3377203,2023,한전주,042-288-3950,대전광역시 서구청,2025-06-26
장안동157,1,,대전광역시 서구 장안동 363,36.2101143,127.3377203,2023,한전주,042-288-3950,대전광역시 서구청,2025-06-26
장안동158,1,대전광역시 서구 용바위길 154-11,대전광역시 서구 장안동 126,36.23089231,127.3500668,2023,한전주,042-288-3950,대전광역시 서구청,2025-06-26
장안동159,1,,대전광역시 서구 장안동 247-11,36.20761555,127.340434,2023,한전주,042-288-3950,대전광역시 서구청,2025-06-26
장안동160,1,,대전광역시 서구 장안동 137-9,36.231065,127.3462443,2023,한전주,042-288-3950,대전광역시 서구청,2025-06-26
장안동161,1,,대전광역시 서구 장안동 137-9,36.23102724,127.346271,2023,전용주,042-288-3950,대전광역시 서구청,2025-06-26
장안동162,1,,대전광역시 서구 장안동 137-9,36.23102724,127.346294,2023,전용주,042-288-3950,대전광역시 서구청,2025-06-26
장안동163,1,,대전광역시 서구 장안동 137-9,36.23102724,127.3462443,2023,전용주,042-288-3950,대전광역시 서구청,2025-06-26
장안동164,1,,대전광역시 서구 장안동 137-9,36.23102724,127.3462443,2023,전용주,042-288-3950,대전광역시 서구청,2025-06-26
장안동165,1,,대전광역시 서구 장안동 293,36.22129363,127.3379769,2023,한전주,042-288-3950,대전광역시 서구청,2025-06-26
장안동166,1,,대전광역시 서구 장안동 293,36.22129363,127.3379769,2023,한전주,042-288-3950,대전광역시 서구청,2025-06-26
장안동167,1,,대전광역시 서구 장안동 293,36.22129363,127.3379769,2023,한전주,042-288-3950,대전광역시 서구청,2025-06-26
장안동168,1,,대전광역시 서구 장안동 253-2,36.208578,127.3398466,2023,한전주,042-288-3950,대전광역시 서구청,2025-06-26
장안동169,1,,대전광역시 서구 장안동 산 22-3,36.1956387,127.3374074,2023,한전주,042-288-3950,대전광역시 서구청,2025-06-26
장안동170,1,,대전광역시 서구 장안동 425-4,36.195867,127.337215,2023,한전주,042-288-3950,대전광역시 서구청,2025-06-26
장안동171,1,,대전광역시 서구 장안동 508,36.222265,127.3329826,2023,한전주,042-288-3950,대전광역시 서구청,2025-06-26
장안동172,1,,대전광역시 서구 장안동 505,36.2231412,127.3339537,2023,한전주,042-288-3950,대전광역시 서구청,2025-06-26
장안동173,1,,대전광역시 서구 장안동 507-3,36.22261723,127.3331671,2023,전용주,042-288-3950,대전광역시 서구청,2025-06-26
장안동174,1,,대전광역시 서구 장안동 507-4,36.222502,127.333330,2023,전용주,042-288-3950,대전광역시 서구청,2025-06-26
장안동175,1,,대전광역시 서구 장안동 994,36.22242762,127.3333558,2023,전용주,042-288-3950,대전광역시 서구청,2025-06-26
장안동176,1,,대전광역시 서구 장안동 379,36.2082105,127.3396615,2023,한전주,042-288-3950,대전광역시 서구청,2025-06-26
장안동177,1,,대전광역시 서구 장안동 산 67-4,36.21828014,127.3372837,2024,한전주,042-288-3950,대전광역시 서구청,2025-06-26
장안동178,1,,대전광역시 서구 장안동 산67-4,36.21828014,127.3372837,2024,한전주,042-288-3950,대전광역시 서구청,2025-06-26
장안동179,1,,대전광역시 서구 장안동 산 67-4,36.218204,127.3372837,2024,한전주,042-288-3950,대전광역시 서구청,2025-06-26
장안동180,1,,대전광역시 서구 장안동 산 67-4,36.21828014,127.3372837,2024,한전주,042-288-3950,대전광역시 서구청,2025-06-26
장안동181,1,대전광역시 서구 장안동 장안로 535,대전광역시 서구 장안동 316-1,36.21561922,127.3364557,2024,한전주,042-288-3950,대전광역시 서구청,2025-06-26
장안동182,1,대전광역시 서구 장안동 장안로 535,대전광역시 서구 장안동 322-2,36.21506419,127.336589,2024,한전주,042-288-3950,대전광역시 서구청,2025-06-26
장안동183,1,대전광역시 서구 장안동 장안로 535,대전광역시 서구 장안동 929-6,36.21353827,127.336946,2024,한전주,042-288-3950,대전광역시 서구청,2025-06-26
장안동184,1,대전광역시 서구 장안동 장안로 535,대전광역시 서구 장안동 358-2,36.2112318,127.336502,2024,한전주,042-288-3950,대전광역시 서구청,2025-06-26
장안동185,1,대전광역시 서구 장안동 장안로 535,대전광역시 서구 장안동 362,36.210725,127.3367661,2024,한전주,042-288-3950,대전광역시 서구청,2025-06-26
장안동186,1,,대전광역시 서구 장안동 362,36.21071254,127.3367661,2024,한전주,042-288-3950,대전광역시 서구청,2025-06-26
장안동187,1,,대전광역시 서구 장안동 363-12,36.209861,127.337975,2024,한전주,042-288-3950,대전광역시 서구청,2025-06-26
장안동188,1,,대전광역시 서구 장안동 253-6,36.20824332,127.340283,2024,한전주,042-288-3950,대전광역시 서구청,2025-06-26
장안동189,1,,대전광역시 서구 장안동 247-12,36.206718,127.3414522,2024,한전주,042-288-3950,대전광역시 서구청,2025-06-26
장안동190,1,,대전광역시 서구 장안동 247-4,36.206382,127.3415505,2024,한전주,042-288-3950,대전광역시 서구청,2025-06-26
정림동001,1,,대전광역시 서구 정림동 203-9,36.306090,127.362058,2016,한전주,042-288-3950,대전광역시 서구청,2025-06-26
정림동002,1,,대전광역시 서구 정림동 203-9,36.306227,127.361663,2016,한전주,042-288-3950,대전광역시 서구청,2025-06-26
정림동003,1,,대전광역시 서구 정림동 203-9,36.305933,127.362066,2016,한전주,042-288-3950,대전광역시 서구청,2025-06-26
정림동004,1,대전광역시 서구 정림로77번길 47,대전광역시 서구 정림동 579,36.30617405,127.362974,2016,한전주,042-288-3950,대전광역시 서구청,2025-06-26
정림동005,1,대전광역시 서구 정림로77번길 33,대전광역시 서구 정림동 581,36.306503,127.362809,2016,한전주,042-288-3950,대전광역시 서구청,2025-06-26
정림동006,1,,대전광역시 서구 정림동 573,36.306680,127.363096,2016,한전주,042-288-3950,대전광역시 서구청,2025-06-26
정림동007,1,,대전광역시 서구 정림동 574,36.306351,127.3630926,2016,한전주,042-288-3950,대전광역시 서구청,2025-06-26
정림동008,1,대전광역시 서구 계백로 1264-20,대전광역시 서구 정림동 566,36.30632858,127.3635157,2016,한전주,042-288-3950,대전광역시 서구청,2025-06-26
정림동009,1,대전광역시 서구 정림로77번길 7,대전광역시 서구 정림동 559,36.30690274,127.364195,2016,한전주,042-288-3950,대전광역시 서구청,2025-06-26
정림동011,1,대전광역시 서구 정림로 78-18,대전광역시 서구 정림동 515,36.30745832,127.3657241,2016,전용주,042-288-3950,대전광역시 서구청,2025-06-26
정림동012,1,대전광역시 서구 계백로1286번길 9,대전광역시 서구 정림동 13-17,36.307532,127.3659289,2016,한전주,042-288-3950,대전광역시 서구청,2025-06-26
정림동014,1,대전광역시 서구 정림로 78-14,대전광역시 서구 정림동 514,36.30735549,127.365426,2016,전용주,042-288-3950,대전광역시 서구청,2025-06-26
정림동015,1,대전광역시 서구 계백로1286번길 15,대전광역시 서구 정림동 15-16,36.307234,127.366022,2016,한전주,042-288-3950,대전광역시 서구청,2025-06-26
정림동016,1,대전광역시 서구 정림로70번길 6,대전광역시 서구 정림동 533,36.30663703,127.3654166,2016,전용주,042-288-3950,대전광역시 서구청,2025-06-26
정림동017,1,대전광역시 서구 정림로77번길 41,대전광역시 서구 정림동 580,36.30641407,127.3629023,2016,전용주,042-288-3950,대전광역시 서구청,2025-06-26
정림동018,1,,대전광역시 서구 정림동 120-1,36.306950,127.366193,2016,한전주,042-288-3950,대전광역시 서구청,2025-06-26
정림동019,1,대전광역시 서구 계백로1286번길 32,대전광역시 서구 정림동 551,36.306542,127.3661647,2016,한전주,042-288-3950,대전광역시 서구청,2025-06-26
정림동020,1,대전광역시 서구 정림로66번길 11,대전광역시 서구 정림동 549,36.306521,127.3657841,2016,한전주,042-288-3950,대전광역시 서구청,2025-06-26
정림동021,1,대전광역시 서구 정림로66번길 7,대전광역시 서구 정림동 548,36.306435,127.365650,2016,한전주,042-288-3950,대전광역시 서구청,2025-06-26
정림동022,1,대전광역시 서구 정림로66번길 3,대전광역시 서구 정림동 546,36.30643142,127.3652854,2016,한전주,042-288-3950,대전광역시 서구청,2025-06-26
정림동023,1,대전광역시 서구 정림로66번길 27,대전광역시 서구 정림동 123-25,36.30671487,127.366662,2016,한전주,042-288-3950,대전광역시 서구청,2025-06-26
정림동024,1,대전광역시 서구 정림로66번길 33,대전광역시 서구 정림동 123-24,36.30680508,127.366863,2016,한전주,042-288-3950,대전광역시 서구청,2025-06-26
정림동025,1,대전광역시 서구 정림로66번길 39,대전광역시 서구 정림동 123-12,36.30706903,127.3671893,2016,한전주,042-288-3950,대전광역시 서구청,2025-06-26
정림동026,1,대전광역시 서구 계백로1300번길 36,대전광역시 서구 정림동 124-6,36.30687184,127.367661,2016,한전주,042-288-3950,대전광역시 서구청,2025-06-26
정림동027,1,,대전광역시 서구 정림동 33-2,36.307023,127.367762,2016,한전주,042-288-3950,대전광역시 서구청,2025-06-26
정림동028,1,대전광역시 서구 계백로1300번길 25,대전광역시 서구 정림동 18-20,36.30732551,127.367623,2016,한전주,042-288-3950,대전광역시 서구청,2025-06-26
정림동029,1,대전광역시 서구 계백로1300번길 20,대전광역시 서구 정림동 15-5,36.30766498,127.367277,2016,한전주,042-288-3950,대전광역시 서구청,2025-06-26
정림동030,1,대전광역시 서구 정림로74번길 46,대전광역시 서구 정림동 15-4,36.307734,127.367281,2016,한전주,042-288-3950,대전광역시 서구청,2025-06-26
정림동031,1,대전광역시 서구 계백로1300번길 8,대전광역시 서구 정림동 13-10,36.30800434,127.3670208,2016,한전주,042-288-3950,대전광역시 서구청,2025-06-26
정림동032,1,대전광역시 서구 정림로74번길 26,대전광역시 서구 정림동 15-20,36.30738693,127.366115,2016,한전주,042-288-3950,대전광역시 서구청,2025-06-26
정림동033,1,대전광역시 서구 정림로74번길 30,대전광역시 서구 정림동 15-19,36.30745062,127.366383,2016,한전주,042-288-3950,대전광역시 서구청,2025-06-26
정림동034,1,대전광역시 서구 정림동 정림로74번길 35,대전광역시 서구 정림동 13-28,36.307678,127.366642,2016,한전주,042-288-3950,대전광역시 서구청,2025-06-26
정림동035,1,대전광역시 서구 정림로74번길 42,대전광역시 서구 정림동 15-26,36.30765479,127.3669852,2016,한전주,042-288-3950,대전광역시 서구청,2025-06-26
정림동036,1,대전광역시 서구 정림로74번길 54-2,대전광역시 서구 정림동 16-2,36.30784724,127.367524,2016,한전주,042-288-3950,대전광역시 서구청,2025-06-26
정림동037,1,대전광역시 서구 정림서로1번길 37-7,대전광역시 서구 정림동 56,36.28995742,127.3636317,2016,한전주,042-288-3950,대전광역시 서구청,2025-06-26
정림동038,1,대전광역시 서구 정림로74번길 65,대전광역시 서구 정림동 9-18,36.308200,127.368171,2016,한전주,042-288-3950,대전광역시 서구청,2025-06-26
정림동039,1,대전광역시 서구 계백로 1310-4,대전광역시 서구 정림동 9-19,36.30849351,127.368281,2016,한전주,042-288-3950,대전광역시 서구청,2025-06-26
정림동040,1,대전광역시 서구 정림로74번길 69,대전광역시 서구 정림동 9-14,36.3083074,127.3683427,2016,한전주,042-288-3950,대전광역시 서구청,2025-06-26
정림동041,1,대전광역시 서구 계백로 1310-19,대전광역시 서구 정림동 6-16,36.30825973,127.3688106,2016,한전주,042-288-3950,대전광역시 서구청,2025-06-26
정림동042,1,대전광역시 서구 계백로 1310-16,대전광역시 서구 정림동 16-18,36.308064,127.3684682,2016,한전주,042-288-3950,대전광역시 서구청,2025-06-26
정림동043,1,대전광역시 서구 계백로 1310-33,대전광역시 서구 정림동 6-22,36.30812822,127.368895,2016,한전주,042-288-3950,대전광역시 서구청,2025-06-26
정림동044,1,대전광역시 서구 계백로 1310-20,대전광역시 서구 정림동 16-28,36.307879,127.3685514,2016,한전주,042-288-3950,대전광역시 서구청,2025-06-26
정림동045,1,대전광역시 서구 정림로70번길 77,대전광역시 서구 정림동 6-24,36.30813865,127.369223,2016,한전주,042-288-3950,대전광역시 서구청,2025-06-26
정림동046,1,대전광역시 서구 정림로70번길 77,대전광역시 서구 정림동 6-24,36.30813865,127.3692647,2016,한전주,042-288-3950,대전광역시 서구청,2025-06-26
정림동047,1,대전광역시 서구 계백로 1310-47,대전광역시 서구 정림동 6-15,36.30781894,127.368899,2016,전용주,042-288-3950,대전광역시 서구청,2025-06-26
정림동048,1,,대전광역시 서구 정림동 18-4,36.3075634,127.3685468,2016,한전주,042-288-3950,대전광역시 서구청,2025-06-26
정림동049,1,대전광역시 서구 정림로70번길 68,대전광역시 서구 정림동 18-2,36.30768552,127.3685087,2016,한전주,042-288-3950,대전광역시 서구청,2025-06-26
정림동050,1,대전광역시 서구 정림로70번길 60,대전광역시 서구 정림동 18-6,36.30755858,127.368015,2016,한전주,042-288-3950,대전광역시 서구청,2025-06-26
정림동051,1,대전광역시 서구 계백로1300번길 23,대전광역시 서구 정림동 18-8,36.30740175,127.367653,2016,한전주,042-288-3950,대전광역시 서구청,2025-06-26
정림동052,1,대전광역시 서구 계백로1300번길 20,대전광역시 서구 정림동 15-5,36.30766498,127.367277,2016,전용주,042-288-3950,대전광역시 서구청,2025-06-26
정림동053,1,,대전광역시 서구 정림동 120-14,36.307293,127.366970,2016,한전주,042-288-3950,대전광역시 서구청,2025-06-26
정림동054,1,대전광역시 서구 계백로1300번길 20,대전광역시 서구 정림동 15-5,36.30766498,127.367277,2016,전용주,042-288-3950,대전광역시 서구청,2025-06-26
정림동055,1,대전광역시 서구 정림로70번길 27,대전광역시 서구 정림동 15-12,36.307163,127.366401,2016,한전주,042-288-3950,대전광역시 서구청,2025-06-26
정림동056,1,대전광역시 서구 정림로70번길 25,대전광역시 서구 정림동 15-13,36.307105,127.3662765,2016,한전주,042-288-3950,대전광역시 서구청,2025-06-26
정림동057,1,대전광역시 서구 계백로1286번길 35,대전광역시 서구 정림동 124-1,36.306482,127.366419,2016,한전주,042-288-3950,대전광역시 서구청,2025-06-26
정림동058,1,대전광역시 서구 계백로1286번길 45,대전광역시 서구 정림동 124-11,36.306069,127.3666241,2016,한전주,042-288-3950,대전광역시 서구청,2025-06-26
정림동059,1,대전광역시 서구 계백로1286번길 53,대전광역시 서구 정림동 125-1,36.305656,127.3667504,2016,한전주,042-288-3950,대전광역시 서구청,2025-06-26
정림동060,1,대전광역시 서구 계백로1286번길 61,대전광역시 서구 정림동 125-22,36.30537174,127.3668071,2016,한전주,042-288-3950,대전광역시 서구청,2025-06-26
정림동061,1,대전광역시 서구 정림서로1번길 73,대전광역시 서구 정림동 65,36.28954055,127.3649272,2016,전용주,042-288-3950,대전광역시 서구청,2025-06-26
정림동062,1,대전광역시 서구 계백로1286번길 71,대전광역시 서구 정림동 125-43,36.304951,127.366958,2016,한전주,042-288-3950,대전광역시 서구청,2025-06-26
정림동063,1,대전광역시 서구 정림동로 13,대전광역시 서구 정림동 125-44,36.304735,127.3670299,2016,한전주,042-288-3950,대전광역시 서구청,2025-06-26
정림동064,1,대전광역시 서구 정림동로7번길 6,대전광역시 서구 정림동 618,36.304846,127.3665395,2016,한전주,042-288-3950,대전광역시 서구청,2025-06-26
정림동065,1,,대전광역시 서구 정림동 681,36.30103686,127.3672535,2016,전용주,042-288-3950,대전광역시 서구청,2025-06-26
정림동066,1,대전광역시 서구 정림동로7번길 22,대전광역시 서구 정림동 610,36.30553549,127.3664254,2016,한전주,042-288-3950,대전광역시 서구청,2025-06-26
정림동067,1,대전광역시 서구 정림동로7번길 36,대전광역시 서구 정림동 608,36.306102,127.366102,2016,한전주,042-288-3950,대전광역시 서구청,2025-06-26
정림동068,1,대전광역시 서구 정림동로5번길 36,대전광역시 서구 정림동 602-1,36.306153,127.365763,2016,한전주,042-288-3950,대전광역시 서구청,2025-06-26
정림동069,1,대전광역시 서구 정림동로5번길 29,대전광역시 서구 정림동 587,36.3057595,127.365684,2016,한전주,042-288-3950,대전광역시 서구청,2025-06-26
정림동070,1,대전광역시 서구 정림동로5번길 27,대전광역시 서구 정림동 588,36.305616,127.3656721,2016,한전주,042-288-3950,대전광역시 서구청,2025-06-26
정림동071,1,대전광역시 서구 정림로 56-10,대전광역시 서구 정림동 621,36.30515388,127.3661164,2016,한전주,042-288-3950,대전광역시 서구청,2025-06-26
정림동072,1,대전광역시 서구 정림동로5번길 15,대전광역시 서구 정림동 627,36.30510567,127.365821,2016,한전주,042-288-3950,대전광역시 서구청,2025-06-26
정림동073,1,대전광역시 서구 정림로 50,대전광역시 서구 정림동 629,36.30484614,127.3657291,2016,한전주,042-288-3950,대전광역시 서구청,2025-06-26
정림동074,1,대전광역시 서구 정림동로 3,대전광역시 서구 정림동 630,36.30460812,127.3659698,2016,한전주,042-288-3950,대전광역시 서구청,2025-06-26
정림동075,1,대전광역시 서구 정림동로 16,대전광역시 서구 정림동 162-20,36.304693,127.367254,2016,한전주,042-288-3950,대전광역시 서구청,2025-06-26
정림동076,1,대전광역시 서구 정림동로 17,대전광역시 서구 정림동 125-47,36.304810,127.3674569,2016,한전주,042-288-3950,대전광역시 서구청,2025-06-26
정림동077,1,대전광역시 서구 정림동로 22-1,대전광역시 서구 정림동 131-3,36.30473506,127.367915,2016,한전주,042-288-3950,대전광역시 서구청,2025-06-26
정림동078,1,대전광역시 서구 계백로1300번길 72,대전광역시 서구 정림동 126-38,36.30508941,127.3678615,2016,한전주,042-288-3950,대전광역시 서구청,2025-06-26
정림동079,1,대전광역시 서구 정림동로 28,대전광역시 서구 정림동 129-14,36.30485969,127.368626,2016,한전주,042-288-3950,대전광역시 서구청,2025-06-26
정림동080,1,대전광역시 서구 정림동로30번길 1,대전광역시 서구 정림동 128-2,36.305024,127.3690105,2016,한전주,042-288-3950,대전광역시 서구청,2025-06-26
정림동081,1,대전광역시 서구 정림동로 29-9,대전광역시 서구 정림동 127-7,36.305368,127.3686797,2016,한전주,042-288-3950,대전광역시 서구청,2025-06-26
정림동082,1,,대전광역시 서구 정림동 8-62,36.30622587,127.368547,2016,전용주,042-288-3950,대전광역시 서구청,2025-06-26
정림동083,1,,대전광역시 서구 정림동 8-63,36.30783663,127.369477,2016,한전주,042-288-3950,대전광역시 서구청,2025-06-26
정림동084,1,,대전광역시 서구 정림동 8-64,36.305920,127.368201,2016,한전주,042-288-3950,대전광역시 서구청,2025-06-26
정림동085,1,대전광역시 서구 계백로1300번길 70,대전광역시 서구 정림동 126-35,36.305359,127.3678489,2016,한전주,042-288-3950,대전광역시 서구청,2025-06-26
정림동086,1,,대전광역시 서구 정림동 127-1,36.305567,127.3683956,2016,한전주,042-288-3950,대전광역시 서구청,2025-06-26
정림동087,1,대전광역시 서구 계백로1300번길 62-1,대전광역시 서구 정림동 126-24,36.30569894,127.3677231,2016,한전주,042-288-3950,대전광역시 서구청,2025-06-26
정림동088,1,대전광역시 서구 계백로1300번길 56,대전광역시 서구 정림동 126-14,36.3059739,127.367887,2016,한전주,042-288-3950,대전광역시 서구청,2025-06-26
정림동089,1,대전광역시 서구 계백로1300번길 43,대전광역시 서구 정림동 18-16,36.30654398,127.367913,2016,한전주,042-288-3950,대전광역시 서구청,2025-06-26
정림동090,1,대전광역시 서구 계백로1300번길 43,대전광역시 서구 정림동 18-16,36.30654398,127.3679287,2016,한전주,042-288-3950,대전광역시 서구청,2025-06-26
정림동091,1,대전광역시 서구 정림로66번길 30,대전광역시 서구 정림동 124-4,36.30644645,127.367761,2016,한전주,042-288-3950,대전광역시 서구청,2025-06-26
정림동092,1,대전광역시 서구 정림동 계백로1300번길 39-1,대전광역시 서구 정림동 18-23,36.306757,127.368072,2016,전용주,042-288-3950,대전광역시 서구청,2025-06-26
정림동093,1,,대전광역시 서구 정림동 37,36.29452648,127.369666,2016,전용주,042-288-3950,대전광역시 서구청,2025-06-26
정림동094,1,대전광역시 서구 정림로66번길 30,대전광역시 서구 정림동 124-4,36.30644645,127.3677305,2016,한전주,042-288-3950,대전광역시 서구청,2025-06-26
정림동095,1,대전광역시 서구 정림로66번길 30,대전광역시 서구 정림동 124-4,36.30644645,127.3677305,2016,한전주,042-288-3950,대전광역시 서구청,2025-06-26
정림동096,1,대전광역시 서구 정림동로7번길 28-15,대전광역시 서구 정림동 124-18,36.30611697,127.3669108,2016,전용주,042-288-3950,대전광역시 서구청,2025-06-26
정림동097,1,대전광역시 서구 정림동로19번길 26,대전광역시 서구 정림동 126-10,36.30590468,127.3674014,2016,한전주,042-288-3950,대전광역시 서구청,2025-06-26
정림동098,1,대전광역시 서구 정림동로19번길 19-6,대전광역시 서구 정림동 125-7,36.30564191,127.367129,2016,전용주,042-288-3950,대전광역시 서구청,2025-06-26
정림동099,1,대전광역시 서구 정림동 계백로1286번길 49,대전광역시 서구 정림동 125,36.30587928,127.367046,2016,전용주,042-288-3950,대전광역시 서구청,2025-06-26
정림동100,1,대전광역시 서구 계백로1286번길 63-2,대전광역시 서구 정림동 125-26,36.30528769,127.367172,2016,전용주,042-288-3950,대전광역시 서구청,2025-06-26
정림동101,1,대전광역시 서구 정림동로19번길 14-1,대전광역시 서구 정림동 126-32,36.30543372,127.3676667,2016,한전주,042-288-3950,대전광역시 서구청,2025-06-26
정림동102,1,대전광역시 서구 정림동 괴곡길 539,대전광역시 서구 정림동 4,36.304964,127.367585,2016,한전주,042-288-3950,대전광역시 서구청,2025-06-26
정림동103,1,대전광역시 서구 정림동로20번길 9,대전광역시 서구 정림동 131-22,36.30441463,127.3678523,2016,한전주,042-288-3950,대전광역시 서구청,2025-06-26
정림동104,1,대전광역시 서구 정림동로20번길 17,대전광역시 서구 정림동 131-35,36.30404897,127.3678972,2016,한전주,042-288-3950,대전광역시 서구청,2025-06-26
정림동105,1,대전광역시 서구 정림동로30번길 40,대전광역시 서구 정림동 131-15,36.30380226,127.3680338,2016,한전주,042-288-3950,대전광역시 서구청,2025-06-26
정림동106,1,대전광역시 서구 정림동로 10,대전광역시 서구 정림동 636,36.30449774,127.3667297,2016,한전주,042-288-3950,대전광역시 서구청,2025-06-26
정림동107,1,대전광역시 서구 계백로1286번길 86,대전광역시 서구 정림동 637,36.30417004,127.3668582,2016,한전주,042-288-3950,대전광역시 서구청,2025-06-26
정림동108,1,대전광역시 서구 계백로1286번길 86,대전광역시 서구 정림동 637,36.30417004,127.3668582,2016,한전주,042-288-3950,대전광역시 서구청,2025-06-26
정림동109,1,대전광역시 서구 계백로1286번길 83,대전광역시 서구 정림동 162-13,36.304235,127.3672035,2016,한전주,042-288-3950,대전광역시 서구청,2025-06-26
정림동110,1,대전광역시 서구 정림동 계백로1286번길 91,대전광역시 서구 정림동 162-12,36.30382347,127.3672615,2016,한전주,042-288-3950,대전광역시 서구청,2025-06-26
정림동111,1,,대전광역시 서구 정림동 168,36.304381,127.366934,2016,한전주,042-288-3950,대전광역시 서구청,2025-06-26
정림동112,1,,대전광역시 서구 정림동 168,36.304185,127.366998,2016,한전주,042-288-3950,대전광역시 서구청,2025-06-26
정림동113,1,대전광역시 서구 정림동로30번길 53,대전광역시 서구 정림동 197-1,36.30339806,127.3673662,2016,전용주,042-288-3950,대전광역시 서구청,2025-06-26
정림동114,1,대전광역시 서구 정림동로30번길 52,대전광역시 서구 정림동 162-39,36.30362061,127.3673197,2016,전용주,042-288-3950,대전광역시 서구청,2025-06-26
정림동115,1,대전광역시 서구 정림동로30번길 53,대전광역시 서구 정림동 197-1,36.30339806,127.3673662,2016,한전주,042-288-3950,대전광역시 서구청,2025-06-26
정림동116,1,대전광역시 서구 정림동로30번길 53,대전광역시 서구 정림동 197-1,36.30339806,127.3673662,2016,전용주,042-288-3950,대전광역시 서구청,2025-06-26
정림동117,1,대전광역시 서구 계백로1286번길 111-8,대전광역시 서구 정림동 197-40,36.30305423,127.367647,2016,전용주,042-288-3950,대전광역시 서구청,2025-06-26
정림동118,1,대전광역시 서구 계백로1286번길 111-8,대전광역시 서구 정림동 197-40,36.30305423,127.3676969,2016,전용주,042-288-3950,대전광역시 서구청,2025-06-26
정림동119,1,대전광역시 서구 정림로24번길 6-2,대전광역시 서구 정림동 643,36.30250648,127.366401,2016,전용주,042-288-3950,대전광역시 서구청,2025-06-26
정림동120,1,대전광역시 서구 정림로24번길 6-3,대전광역시 서구 정림동 658,36.30245528,127.3667371,2016,전용주,042-288-3950,대전광역시 서구청,2025-06-26
정림동121,1,대전광역시 서구 정림로10번길 15-24,대전광역시 서구 정림동 666,36.30261531,127.367058,2016,전용주,042-288-3950,대전광역시 서구청,2025-06-26
정림동122,1,대전광역시 서구 정림로10번길 15-24,대전광역시 서구 정림동 666,36.30261531,127.3670373,2016,전용주,042-288-3950,대전광역시 서구청,2025-06-26
정림동123,1,대전광역시 서구 계백로1286번길 122,대전광역시 서구 정림동 659,36.30263941,127.3673178,2016,전용주,042-288-3950,대전광역시 서구청,2025-06-26
정림동124,1,대전광역시 서구 정림로24번길 6-3,대전광역시 서구 정림동 658,36.30245528,127.3667371,2016,한전주,042-288-3950,대전광역시 서구청,2025-06-26
정림동125,1,,대전광역시 서구 정림동 668,36.30170301,127.366793,2016,전용주,042-288-3950,대전광역시 서구청,2025-06-26
정림동126,1,대전광역시 서구 정림로 16-16,대전광역시 서구 정림동 667,36.30195978,127.3672753,2016,한전주,042-288-3950,대전광역시 서구청,2025-06-26
정림동127,1,대전광역시 서구 정림로10번길 15-16,대전광역시 서구 정림동 664,36.30228664,127.367130,2016,전용주,042-288-3950,대전광역시 서구청,2025-06-26
정림동128,1,대전광역시 서구 계백로1286번길 117,대전광역시 서구 정림동 197-23,36.302838,127.3675113,2016,한전주,042-288-3950,대전광역시 서구청,2025-06-26
정림동129,1,대전광역시 서구 정림로24번길 24,대전광역시 서구 정림동 118-12,36.30258617,127.3675759,2016,한전주,042-288-3950,대전광역시 서구청,2025-06-26
정림동130,1,,대전광역시 서구 정림동 132-17,36.302063,127.367450,2016,전용주,042-288-3950,대전광역시 서구청,2025-06-26
정림동131,1,대전광역시 서구 구봉로 441,대전광역시 서구 정림동 28-62,36.30148389,127.367648,2016,전용주,042-288-3950,대전광역시 서구청,2025-06-26
정림동132,1,대전광역시 서구 구봉로 441,대전광역시 서구 정림동 28-62,36.30148389,127.367648,2016,전용주,042-288-3950,대전광역시 서구청,2025-06-26
정림동133,1,대전광역시 서구 구봉로 441,대전광역시 서구 정림동 28-62,36.30148389,127.367648,2016,전용주,042-288-3950,대전광역시 서구청,2025-06-26
정림동134,1,대전광역시 서구 정림로 16-16,대전광역시 서구 정림동 667,36.30195978,127.367211,2016,전용주,042-288-3950,대전광역시 서구청,2025-06-26
정림동135,1,대전광역시 서구 구봉로 439,대전광역시 서구 정림동 682,36.3011433,127.367367,2016,전용주,042-288-3950,대전광역시 서구청,2025-06-26
정림동136,1,대전광역시 서구 정림로 4,대전광역시 서구 정림동 679,36.301020,127.3669597,2016,한전주,042-288-3950,대전광역시 서구청,2025-06-26
정림동137,1,대전광역시 서구 정림로 4,대전광역시 서구 정림동 679,36.30106822,127.3669597,2016,한전주,042-288-3950,대전광역시 서구청,2025-06-26
정림동138,1,,대전광역시 서구 정림동 668,36.30170301,127.3667974,2016,한전주,042-288-3950,대전광역시 서구청,2025-06-26
정림동139,1,,대전광역시 서구 정림동 28-28,36.302353,127.368040,2016,한전주,042-288-3950,대전광역시 서구청,2025-06-26
정림동140,1,대전광역시 서구 정림로10번길 37-6,대전광역시 서구 정림동 28-30,36.302434,127.3682974,2016,한전주,042-288-3950,대전광역시 서구청,2025-06-26
정림동141,1,,대전광역시 서구 정림동 28,36.302281,127.368286,2016,한전주,042-288-3950,대전광역시 서구청,2025-06-26
정림동142,1,대전광역시 서구 정림로10번길 42,대전광역시 서구 정림동 28-5,36.30224038,127.368561,2016,한전주,042-288-3950,대전광역시 서구청,2025-06-26
정림동143,1,,대전광역시 서구 정림동 29-1,36.302149,127.368783,2016,한전주,042-288-3950,대전광역시 서구청,2025-06-26
정림동144,1,,대전광역시 서구 정림동 29-1,36.302036,127.368925,2016,한전주,042-288-3950,대전광역시 서구청,2025-06-26
정림동145,1,,대전광역시 서구 정림동 35-21,36.3020252,127.3695988,2016,한전주,042-288-3950,대전광역시 서구청,2025-06-26
정림동146,1,대전광역시 서구 구봉로 458,대전광역시 서구 정림동 35-1,36.30219494,127.3703598,2016,한전주,042-288-3950,대전광역시 서구청,2025-06-26
정림동147,1,대전광역시 서구 구봉로 458,대전광역시 서구 정림동 35-1,36.30219494,127.3703598,2016,한전주,042-288-3950,대전광역시 서구청,2025-06-26
정림동148,1,대전광역시 서구 계백로1300번길 134,대전광역시 서구 정림동 27-15,36.30276079,127.369659,2016,한전주,042-288-3950,대전광역시 서구청,2025-06-26
정림동149,1,대전광역시 서구 정림로10번길 63,대전광역시 서구 정림동 27,36.30299491,127.3693734,2016,전용주,042-288-3950,대전광역시 서구청,2025-06-26
정림동150,1,대전광역시 서구 정림로10번길 60-12,대전광역시 서구 정림동 27-10,36.30251293,127.3692939,2016,한전주,042-288-3950,대전광역시 서구청,2025-06-26
정림동151,1,대전광역시 서구 정림로10번길 60-6,대전광역시 서구 정림동 27-9,36.3025829,127.369397,2016,전용주,042-288-3950,대전광역시 서구청,2025-06-26
정림동152,1,대전광역시 서구 정림로10번길 54,대전광역시 서구 정림동 28-36,36.302656,127.3691998,2016,한전주,042-288-3950,대전광역시 서구청,2025-06-26
정림동153,1,대전광역시 서구 정림로10번길 46,대전광역시 서구 정림동 28-20,36.30235645,127.368778,2016,한전주,042-288-3950,대전광역시 서구청,2025-06-26
정림동154,1,,대전광역시 서구 정림동 28-10,36.302663,127.3686593,2016,전용주,042-288-3950,대전광역시 서구청,2025-06-26
정림동155,1,대전광역시 서구 정림로24번길 31,대전광역시 서구 정림동 197-30,36.30294309,127.367904,2016,한전주,042-288-3950,대전광역시 서구청,2025-06-26
정림동156,1,대전광역시 서구 정림로24번길 37,대전광역시 서구 정림동 197-47,36.302955,127.3682358,2016,한전주,042-288-3950,대전광역시 서구청,2025-06-26
정림동157,1,,대전광역시 서구 정림동 199-3,36.30301929,127.3686403,2016,한전주,042-288-3950,대전광역시 서구청,2025-06-26
정림동158,1,대전광역시 서구 정림로24번길 48,대전광역시 서구 정림동 199-6,36.30313101,127.368866,2016,한전주,042-288-3950,대전광역시 서구청,2025-06-26
정림동159,1,대전광역시 서구 정림로24번길 56,대전광역시 서구 정림동 199-9,36.30334115,127.3691087,2016,한전주,042-288-3950,대전광역시 서구청,2025-06-26
정림동160,1,대전광역시 서구 계백로1300번길 124,대전광역시 서구 정림동 19-4,36.30309667,127.369280,2016,한전주,042-288-3950,대전광역시 서구청,2025-06-26
정림동161,1,,대전광역시 서구 정림동 20-7,36.30349915,127.3692914,2016,한전주,042-288-3950,대전광역시 서구청,2025-06-26
정림동162,1,,대전광역시 서구 정림동 17-2,36.30395494,127.3690211,2016,한전주,042-288-3950,대전광역시 서구청,2025-06-26
정림동163,1,대전광역시 서구 계백로1300번길 96,대전광역시 서구 정림동 131-24,36.304270,127.368493,2016,한전주,042-288-3950,대전광역시 서구청,2025-06-26
정림동164,1,대전광역시 서구 정림동로30번길 6,대전광역시 서구 정림동 129-3,36.30474585,127.3688052,2016,한전주,042-288-3950,대전광역시 서구청,2025-06-26
정림동165,1,대전광역시 서구 정림동 정림동로30번길 15,대전광역시 서구 정림동 17-7,36.30462339,127.3696189,2016,한전주,042-288-3950,대전광역시 서구청,2025-06-26
정림동166,1,대전광역시 서구 계백로1300번길 101,대전광역시 서구 정림동 129-11,36.304138,127.3687539,2016,전용주,042-288-3950,대전광역시 서구청,2025-06-26
정림동167,1,대전광역시 서구 정림동로30번길 35,대전광역시 서구 정림동 197-9,36.30368962,127.3683826,2016,한전주,042-288-3950,대전광역시 서구청,2025-06-26
정림동168,1,대전광역시 서구 정림동로30번길 45,대전광역시 서구 정림동 197-5,36.30334877,127.3680961,2016,한전주,042-288-3950,대전광역시 서구청,2025-06-26
정림동169,1,대전광역시 서구 혜천로 42,대전광역시 서구 정림동 8-45,36.30509236,127.3698563,2016,한전주,042-288-3950,대전광역시 서구청,2025-06-26
정림동170,1,대전광역시 서구 구봉로 487,대전광역시 서구 정림동 23-4,36.304280,127.3705878,2016,한전주,042-288-3950,대전광역시 서구청,2025-06-26
정림동171,1,,대전광역시 서구 정림동 20-17,36.30366834,127.3704861,2016,한전주,042-288-3950,대전광역시 서구청,2025-06-26
정림동172,1,대전광역시 서구 정림로24번길 83,대전광역시 서구 정림동 20-1,36.30371994,127.3703524,2016,한전주,042-288-3950,대전광역시 서구청,2025-06-26
정림동173,1,대전광역시 서구 정림로24번길 71,대전광역시 서구 정림동 20-4,36.303456,127.3699428,2016,한전주,042-288-3950,대전광역시 서구청,2025-06-26
정림동174,1,,대전광역시 서구 정림동 20-5,36.303401,127.3697863,2016,한전주,042-288-3950,대전광역시 서구청,2025-06-26
정림동175,1,,대전광역시 서구 정림동 20-6,36.30350051,127.369406,2016,한전주,042-288-3950,대전광역시 서구청,2025-06-26
정림동176,1,대전광역시 서구 정림서로 134-14,대전광역시 서구 정림동 695,36.29923587,127.363916,2016,한전주,042-288-3950,대전광역시 서구청,2025-06-26
정림동177,1,대전광역시 서구 정림서로 134-6,대전광역시 서구 정림동 699,36.299479,127.363479,2016,한전주,042-288-3950,대전광역시 서구청,2025-06-26
정림동178,1,,대전광역시 서구 정림동 290-36,36.29856573,127.3637475,2016,전용주,042-288-3950,대전광역시 서구청,2025-06-26
정림동179,1,,대전광역시 서구 정림동 290-36,36.298549,127.3637475,2016,전용주,042-288-3950,대전광역시 서구청,2025-06-26
정림동180,1,,대전광역시 서구 정림동 434,36.30051128,127.3627443,2016,전용주,042-288-3950,대전광역시 서구청,2025-06-26
정림동181,1,,대전광역시 서구 정림동 290-36,36.29856573,127.3637475,2016,전용주,042-288-3950,대전광역시 서구청,2025-06-26
정림동182,1,대전광역시 서구 정림서로 181,대전광역시 서구 정림동 402-2,36.30377915,127.3628884,2016,전용주,042-288-3950,대전광역시 서구청,2025-06-26
정림동183,1,,대전광역시 서구 정림동 434-2,36.30321661,127.3628979,2016,전용주,042-288-3950,대전광역시 서구청,2025-06-26
정림동184,1,,대전광역시 서구 정림동 434-2,36.30321661,127.3628979,2016,전용주,042-288-3950,대전광역시 서구청,2025-06-26
정림동185,1,,대전광역시 서구 정림동 434-2,36.30321661,127.3628979,2016,전용주,042-288-3950,대전광역시 서구청,2025-06-26
정림동186,1,,대전광역시 서구 정림동 402-6,36.30423115,127.3627089,2016,전용주,042-288-3950,대전광역시 서구청,2025-06-26
정림동187,1,,대전광역시 서구 정림동 402-7,36.305370,127.3618379,2016,전용주,042-288-3950,대전광역시 서구청,2025-06-26
정림동188,1,,대전광역시 서구 정림동 402-7,36.30531029,127.361839,2016,전용주,042-288-3950,대전광역시 서구청,2025-06-26
정림동189,1,,대전광역시 서구 정림동 402-7,36.30531029,127.3618379,2016,전용주,042-288-3950,대전광역시 서구청,2025-06-26
정림동190,1,,대전광역시 서구 정림동 402-7,36.30531029,127.3618379,2016,전용주,042-288-3950,대전광역시 서구청,2025-06-26
정림동191,1,,대전광역시 서구 정림동 402-7,36.30531029,127.3618379,2016,전용주,042-288-3950,대전광역시 서구청,2025-06-26
정림동192,1,,대전광역시 서구 정림동 402-7,36.30531029,127.3618379,2016,전용주,042-288-3950,대전광역시 서구청,2025-06-26
정림동193,1,,대전광역시 서구 정림동 410,36.306106,127.3612414,2016,전용주,042-288-3950,대전광역시 서구청,2025-06-26
정림동194,1,,대전광역시 서구 정림동 398,36.3065091798,127.3605944974,2016,한전주,042-288-3950,대전광역시 서구청,2025-06-26
정림동195,1,,대전광역시 서구 정림동 197-2,36.3034448569,127.367504575,2016,전용주,042-288-3950,대전광역시 서구청,2025-06-26
정림동196,1,,대전광역시 서구 정림동 396,36.3065355,127.3604155,2016,전용주,042-288-3950,대전광역시 서구청,2025-06-26
정림동197,1,,대전광역시 서구 정림동 401,36.30636703,127.360816,2016,전용주,042-288-3950,대전광역시 서구청,2025-06-26
정림동198,1,,대전광역시 서구 정림동 401,36.30636703,127.360816,2016,전용주,042-288-3950,대전광역시 서구청,2025-06-26
정림동199,1,,대전광역시 서구 정림동 344,36.30719519,127.3595514,2016,전용주,042-288-3950,대전광역시 서구청,2025-06-26
정림동200,1,,대전광역시 서구 정림동 344,36.30719519,127.3595514,2016,한전주,042-288-3950,대전광역시 서구청,2025-06-26
정림동201,1,,대전광역시 서구 정림동 238-9,36.30916661,127.358358,2016,한전주,042-288-3950,대전광역시 서구청,2025-06-26
정림동202,1,,대전광역시 서구 정림동 238-1,36.30947796,127.358229,2016,한전주,042-288-3950,대전광역시 서구청,2025-06-26
정림동203,1,,대전광역시 서구 정림동 301-3,36.310011,127.3587239,2016,한전주,042-288-3950,대전광역시 서구청,2025-06-26
정림동204,1,,대전광역시 서구 정림동 245-9,36.31038619,127.358558,2016,한전주,042-288-3950,대전광역시 서구청,2025-06-26
정림동205,1,대전광역시 서구 계백로1249번안길 36-18,대전광역시 서구 정림동 242-16,36.310786,127.3589718,2016,한전주,042-288-3950,대전광역시 서구청,2025-06-26
정림동206,1,대전광역시 서구 계백로1249번안길 42-12,대전광역시 서구 정림동 242,36.31087877,127.358620,2016,한전주,042-288-3950,대전광역시 서구청,2025-06-26
정림동207,1,대전광역시 서구 계백로1249번안길 42-6,대전광역시 서구 정림동 243,36.31067957,127.3583836,2016,한전주,042-288-3950,대전광역시 서구청,2025-06-26
정림동208,1,대전광역시 서구 정림동 계백로1249번안길 50-5,대전광역시 서구 정림동 250-4,36.31138928,127.3581023,2016,한전주,042-288-3950,대전광역시 서구청,2025-06-26
정림동209,1,대전광역시 서구 계백로1249번길 84,대전광역시 서구 정림동 238-4,36.30970979,127.3579074,2016,한전주,042-288-3950,대전광역시 서구청,2025-06-26
정림동210,1,대전광역시 서구 계백로1249번안길 20-1,대전광역시 서구 정림동 240-1,36.30992747,127.3583459,2016,한전주,042-288-3950,대전광역시 서구청,2025-06-26
정림동211,1,,대전광역시 서구 정림동 248-1,36.31063326,127.3576035,2016,한전주,042-288-3950,대전광역시 서구청,2025-06-26
정림동212,1,,대전광역시 서구 정림동 251-9,36.31125444,127.357655,2016,한전주,042-288-3950,대전광역시 서구청,2025-06-26
정림동213,1,,대전광역시 서구 정림동 251-9,36.31125444,127.357655,2016,한전주,042-288-3950,대전광역시 서구청,2025-06-26
정림동214,1,,대전광역시 서구 정림동 257-2,36.312239,127.3572173,2016,한전주,042-288-3950,대전광역시 서구청,2025-06-26
정림동215,1,대전광역시 서구 계백로1249번길 122,대전광역시 서구 정림동 251-1,36.31119421,127.3575484,2016,한전주,042-288-3950,대전광역시 서구청,2025-06-26
정림동216,1,,대전광역시 서구 정림동 318-2,36.31360237,127.3550748,2016,한전주,042-288-3950,대전광역시 서구청,2025-06-26
정림동217,1,,대전광역시 서구 정림동 180,36.313522,127.356313,2016,한전주,042-288-3950,대전광역시 서구청,2025-06-26
정림동218,1,,대전광역시 서구 정림동 259,36.313474,127.356460,2016,한전주,042-288-3950,대전광역시 서구청,2025-06-26
정림동219,1,,대전광역시 서구 정림동 산9-1,36.31365137,127.3585148,2016,한전주,042-288-3950,대전광역시 서구청,2025-06-26
정림동220,1,,대전광역시 서구 정림동 산9-1,36.313691,127.3585148,2016,한전주,042-288-3950,대전광역시 서구청,2025-06-26
정림동221,1,,대전광역시 서구 정림동 산3-3,36.3143071,127.3590297,2016,한전주,042-288-3950,대전광역시 서구청,2025-06-26
정림동222,1,,대전광역시 서구 정림동 산3-3,36.314316,127.359056,2016,한전주,042-288-3950,대전광역시 서구청,2025-06-26
정림동223,1,,대전광역시 서구 정림동 산3-3,36.3143071,127.3590297,2016,한전주,042-288-3950,대전광역시 서구청,2025-06-26
정림동224,1,,대전광역시 서구 정림동 산3-3,36.3143071,127.3590297,2016,한전주,042-288-3950,대전광역시 서구청,2025-06-26
정림동225,1,대전광역시 서구 괴곡길 143-7,대전광역시 서구 정림동 92-4,36.29054211,127.3615493,2016,한전주,042-288-3950,대전광역시 서구청,2025-06-26
정림동226,1,대전광역시 서구 괴곡길 143-13,대전광역시 서구 정림동 92-6,36.290251,127.3619416,2016,한전주,042-288-3950,대전광역시 서구청,2025-06-26
정림동227,1,대전광역시 서구 정림서로138번길 143,대전광역시 서구 정림동 42-1,36.29615086,127.3695525,2016,한전주,042-288-3950,대전광역시 서구청,2025-06-26
정림동228,1,대전광역시 서구 괴곡길 143-15,대전광역시 서구 정림동 92-1,36.29015835,127.3620993,2016,한전주,042-288-3950,대전광역시 서구청,2025-06-26
정림동229,1,대전광역시 서구 괴곡길 143-15,대전광역시 서구 정림동 92-1,36.29015835,127.3620993,2016,전용주,042-288-3950,대전광역시 서구청,2025-06-26
정림동230,1,대전광역시 서구 정림서로1번길 32,대전광역시 서구 정림동 86,36.28957481,127.3630584,2016,한전주,042-288-3950,대전광역시 서구청,2025-06-26
정림동231,1,대전광역시 서구 정림서로1번길 32,대전광역시 서구 정림동 86,36.28957481,127.363042,2016,한전주,042-288-3950,대전광역시 서구청,2025-06-26
정림동232,1,,대전광역시 서구 정림동 55-1,36.28996331,127.3632632,2016,한전주,042-288-3950,대전광역시 서구청,2025-06-26
정림동233,1,대전광역시 서구 정림서로1번길 40,대전광역시 서구 정림동 85-2,36.289683,127.3631331,2016,한전주,042-288-3950,대전광역시 서구청,2025-06-26
정림동234,1,,대전광역시 서구 정림동 84전 48,36.289547,127.363463,2016,한전주,042-288-3950,대전광역시 서구청,2025-06-26
정림동235,1,대전광역시 서구 정림서로1번길 51-8,대전광역시 서구 정림동 62,36.289572,127.3643106,2016,한전주,042-288-3950,대전광역시 서구청,2025-06-26
정림동236,1,,대전광역시 서구 정림동 87,36.28947565,127.3626548,2016,전용주,042-288-3950,대전광역시 서구청,2025-06-26
정림동237,1,,대전광역시 서구 정림동 84,36.289246,127.3635713,2016,한전주,042-288-3950,대전광역시 서구청,2025-06-26
정림동238,1,대전광역시 서구 정림서로1번길 79,대전광역시 서구 정림동 68,36.28918814,127.3655615,2016,한전주,042-288-3950,대전광역시 서구청,2025-06-26
정림동239,1,대전광역시 서구 정림서로1번길 79,대전광역시 서구 정림동 68,36.28918814,127.3655615,2016,한전주,042-288-3950,대전광역시 서구청,2025-06-26
정림동240,1,대전광역시 서구 정림서로1번길 79,대전광역시 서구 정림동 68,36.289197,127.3655615,2016,한전주,042-288-3950,대전광역시 서구청,2025-06-26
정림동241,1,,대전광역시 서구 정림동 313,36.28924233,127.3620859,2016,전용주,042-288-3950,대전광역시 서구청,2025-06-26
정림동242,1,대전광역시 서구 계백로 1305,대전광역시 서구 정림동 5-67,36.30899208,127.3675364,2016,전용주,042-288-3950,대전광역시 서구청,2025-06-26
정림동243,1,대전광역시 서구 계백로1307번길 7,대전광역시 서구 정림동 5-62,36.309255,127.3674923,2016,전용주,042-288-3950,대전광역시 서구청,2025-06-26
정림동244,1,대전광역시 서구 계백로1307번길 8-6,대전광역시 서구 정림동 5-47,36.30928545,127.3679336,2016,전용주,042-288-3950,대전광역시 서구청,2025-06-26
정림동245,1,,대전광역시 서구 정림동 266-1,36.309472,127.3674163,2016,전용주,042-288-3950,대전광역시 서구청,2025-06-26
정림동246,1,,대전광역시 서구 정림동 266-1,36.309429,127.367441,2016,전용주,042-288-3950,대전광역시 서구청,2025-06-26
정림동247,1,,대전광역시 서구 정림동 266-2,36.30968462,127.367380,2016,한전주,042-288-3950,대전광역시 서구청,2025-06-26
정림동248,1,,대전광역시 서구 정림동 310,36.309825,127.367359,2016,한전주,042-288-3950,대전광역시 서구청,2025-06-26
정림동249,1,대전광역시 서구 계백로1307번길 21-16,대전광역시 서구 정림동 234-1,36.31043971,127.3671043,2016,한전주,042-288-3950,대전광역시 서구청,2025-06-26
정림동250,1,대전광역시 서구 계백로1307번길 21-4,대전광역시 서구 정림동 234-10,36.31002538,127.367200,2016,한전주,042-288-3950,대전광역시 서구청,2025-06-26
정림동251,1,대전광역시 서구 계백로1307번길 21-16,대전광역시 서구 정림동 234-1,36.310423,127.367188,2016,한전주,042-288-3950,대전광역시 서구청,2025-06-26
정림동252,1,,대전광역시 서구 정림동 310-2,36.310165,127.3678046,2016,한전주,042-288-3950,대전광역시 서구청,2025-06-26
정림동253,1,대전광역시 서구 계백로1307번길 36,대전광역시 서구 정림동 226-32,36.310455,127.3679991,2016,한전주,042-288-3950,대전광역시 서구청,2025-06-26
정림동254,1,대전광역시 서구 계백로1307번길 46,대전광역시 서구 정림동 231-4,36.31091194,127.3678327,2016,한전주,042-288-3950,대전광역시 서구청,2025-06-26
정림동255,1,,대전광역시 서구 정림동 265-59,36.310794,127.367511,2016,한전주,042-288-3950,대전광역시 서구청,2025-06-26
정림동256,1,대전광역시 서구 계백로1307번길 42,대전광역시 서구 정림동 226-294,36.31088138,127.368021,2016,전용주,042-288-3950,대전광역시 서구청,2025-06-26
정림동257,1,대전광역시 서구 계백로1307번길 46,대전광역시 서구 정림동 231-4,36.31091194,127.3678327,2016,한전주,042-288-3950,대전광역시 서구청,2025-06-26
정림동258,1,대전광역시 서구 계백로1307번길 51,대전광역시 서구 정림동 265-8,36.31096605,127.367401,2016,한전주,042-288-3950,대전광역시 서구청,2025-06-26
정림동259,1,대전광역시 서구 계백로1307번길 55-7,대전광역시 서구 정림동 233-30,36.31069699,127.367257,2016,전용주,042-288-3950,대전광역시 서구청,2025-06-26
정림동260,1,대전광역시 서구 계백로1307번길 59-25,대전광역시 서구 정림동 233-11,36.311320,127.3669168,2016,한전주,042-288-3950,대전광역시 서구청,2025-06-26
정림동261,1,대전광역시 서구 계백로1307번길 66,대전광역시 서구 정림동 233-7,36.31150748,127.3672355,2016,전용주,042-288-3950,대전광역시 서구청,2025-06-26
정림동262,1,대전광역시 서구 계백로1307번길 67,대전광역시 서구 정림동 233-46,36.311570,127.3670516,2016,한전주,042-288-3950,대전광역시 서구청,2025-06-26
정림동263,1,,대전광역시 서구 정림동 232-15,36.311676,127.367145,2016,전용주,042-288-3950,대전광역시 서구청,2025-06-26
정림동264,1,대전광역시 서구 계백로1307번길 75,대전광역시 서구 정림동 233-16,36.31186563,127.3671405,2016,한전주,042-288-3950,대전광역시 서구청,2025-06-26
정림동265,1,,대전광역시 서구 정림동 299,36.3017941,127.3681157,2016,한전주,042-288-3950,대전광역시 서구청,2025-06-26
정림동266,1,,대전광역시 서구 정림동 228-4,36.312236,127.368200,2016,전용주,042-288-3950,대전광역시 서구청,2025-06-26
정림동267,1,,대전광역시 서구 정림동 228-4,36.312217,127.368392,2016,전용주,042-288-3950,대전광역시 서구청,2025-06-26
정림동268,1,대전광역시 서구 계백로 1285,대전광역시 서구 정림동 293,36.30836267,127.3655158,2016,전용주,042-288-3950,대전광역시 서구청,2025-06-26
정림동269,1,대전광역시 서구 계백로 1285,대전광역시 서구 정림동 293,36.30836267,127.3655158,2016,한전주,042-288-3950,대전광역시 서구청,2025-06-26
정림동270,1,대전광역시 서구 계백로 1285,대전광역시 서구 정림동 293,36.30836267,127.3655158,2016,한전주,042-288-3950,대전광역시 서구청,2025-06-26
정림동271,1,,대전광역시 서구 정림동 326-1,36.308362,127.365551,2016,한전주,042-288-3950,대전광역시 서구청,2025-06-26
정림동272,1,대전광역시 서구 계백로 1301-19,대전광역시 서구 정림동 5-33,36.309037,127.367214,2016,한전주,042-288-3950,대전광역시 서구청,2025-06-26
정림동273,1,,대전광역시 서구 정림동 1301-11,36.308905,127.367001,2016,한전주,042-288-3950,대전광역시 서구청,2025-06-26
정림동275,1,,대전광역시 서구 정림동 266-2,36.30968462,127.3673605,2016,전용주,042-288-3950,대전광역시 서구청,2025-06-26
정림동275-2,1,,대전광역시 서구 정림동 266-2,36.30968462,127.3673605,2016,전용주,042-288-3950,대전광역시 서구청,2025-06-26
정림동275-3,1,,대전광역시 서구 정림동 266-2,36.30968462,127.3673605,2016,전용주,042-288-3950,대전광역시 서구청,2025-06-26
정림동275-4,1,,대전광역시 서구 정림동 266-2,36.30968462,127.3673605,2016,전용주,042-288-3950,대전광역시 서구청,2025-06-26
정림동276,1,,대전광역시 서구 정림동 226-261,36.31075104,127.368213,2016,한전주,042-288-3950,대전광역시 서구청,2025-06-26
정림동277,1,,대전광역시 서구 정림동 226-261,36.310764,127.368226,2016,한전주,042-288-3950,대전광역시 서구청,2025-06-26
정림동278,1,,대전광역시 서구 정림동 552-10,36.311217,127.368284,2016,한전주,042-288-3950,대전광역시 서구청,2025-06-26
정림동279,1,,대전광역시 서구 정림동 226-146,36.31187073,127.368367,2016,한전주,042-288-3950,대전광역시 서구청,2025-06-26
정림동280,1,,대전광역시 서구 정림동 228-3,36.312070,127.368452,2016,한전주,042-288-3950,대전광역시 서구청,2025-06-26
정림동281,1,,대전광역시 서구 정림동 17,36.30462339,127.369631,2016,한전주,042-288-3950,대전광역시 서구청,2025-06-26
정림동282,1,,대전광역시 서구 정림동 17,36.30462339,127.3696189,2016,한전주,042-288-3950,대전광역시 서구청,2025-06-26
정림동283,1,대전광역시 서구 정림서로 210-6,대전광역시 서구 정림동 582,36.306268,127.362521,2023,전용주,042-288-3950,대전광역시 서구청,2025-06-26
정림동284,1,대전광역시 서구 정림서로 201-6,대전광역시 서구 정림동 414,36.305651,127.362279,2023,한전주,042-288-3950,대전광역시 서구청,2025-06-26
정림동285,1,대전광역시 서구 계백로1286번길 131,대전광역시 서구 정림동 132-3,36.30211665,127.367479,2023,전용주,042-288-3950,대전광역시 서구청,2025-06-26
정림동286,1,,대전광역시 서구 정림동 266-7,36.30677616,127.361677,2023,전용주,042-288-3950,대전광역시 서구청,2025-06-26
정림동287,1,,대전광역시 서구 정림동 236,36.306624,127.361771,2023,한전주,042-288-3950,대전광역시 서구청,2025-06-26
정림동288,1,대전광역시 서구 정림동로 8-6,대전광역시 서구 정림동 635,36.30406408,127.3664116,2023,한전주,042-288-3950,대전광역시 서구청,2025-06-26
정림동289,1,,대전광역시 서구 정림동 129-17,36.304612,127.368414,2023,한전주,042-288-3950,대전광역시 서구청,2025-06-26
정림동290,1,,대전광역시 서구 정림동 402,36.30529438,127.361085,2023,전용주,042-288-3950,대전광역시 서구청,2025-06-26
정림동291,1,,대전광역시 서구 정림동 402,36.30529438,127.3610398,2023,전용주,042-288-3950,대전광역시 서구청,2025-06-26
정림동292,1,,대전광역시 서구 정림동 402,36.30529438,127.3610398,2023,전용주,042-288-3950,대전광역시 서구청,2025-06-26
정림동293,1,,대전광역시 서구 정림동 402,36.30529438,127.3610398,2023,전용주,042-288-3950,대전광역시 서구청,2025-06-26
정림동294,1,대전광역시 서구 혜천로 50,대전광역시 서구 정림동 8-42,36.30483851,127.3706349,2023,한전주,042-288-3950,대전광역시 서구청,2025-06-26
정림동295,1,대전광역시 서구 계백로1286번길 107,대전광역시 서구 정림동 197-32,36.303291,127.367337,2023,전용주,042-288-3950,대전광역시 서구청,2025-06-26
정림동296,1,,대전광역시 서구 정림동 197-2,36.303475,127.3675046,2023,한전주,042-288-3950,대전광역시 서구청,2025-06-26
정림동297,1,대전광역시 서구 구봉로 487-15,대전광역시 서구 정림동 산 33-45,36.30395693,127.370038,2023,전용주,042-288-3950,대전광역시 서구청,2025-06-26
정림동298,1,대전광역시 서구 구봉로 487-15,대전광역시 서구 정림동 산 33-45,36.30395693,127.370038,2023,한전주,042-288-3950,대전광역시 서구청,2025-06-26
정림동299,1,대전광역시 서구 계백로1286번길 111-7,대전광역시 서구 정림동 197-36,36.303213,127.3677246,2023,한전주,042-288-3950,대전광역시 서구청,2025-06-26
정림동300,1,대전광역시 서구 계백로1286번길 132,대전광역시 서구 정림동 663,36.302135,127.367167,2023,한전주,042-288-3950,대전광역시 서구청,2025-06-26
정림동301,1,대전광역시 서구 구봉로 441,대전광역시 서구 정림동 28-62,36.301427,127.367648,2023,한전주,042-288-3950,대전광역시 서구청,2025-06-26
정림동302,1,,대전광역시 서구 정림동 산 33-41,36.302070,127.369210,2023,한전주,042-288-3950,대전광역시 서구청,2025-06-26
정림동303,1,대전광역시 서구 구봉로 419,대전광역시 서구 정림동 683,36.30042523,127.3661632,2023,한전주,042-288-3950,대전광역시 서구청,2025-06-26
정림동304,1,대전광역시 서구 구봉로 419,대전광역시 서구 정림동 683,36.30042523,127.3661632,2023,전용주,042-288-3950,대전광역시 서구청,2025-06-26
정림동305,1,대전광역시 서구 구봉로 419,대전광역시 서구 정림동 683,36.30042523,127.3661632,2023,전용주,042-288-3950,대전광역시 서구청,2025-06-26
정림동306,1,,대전광역시 서구 정림동 402-2,36.30377915,127.3628884,2023,한전주,042-288-3950,대전광역시 서구청,2025-06-26
정림동307,1,대전광역시 서구 정림서로 162-15,대전광역시 서구 정림동 639,36.30328169,127.3638687,2023,한전주,042-288-3950,대전광역시 서구청,2025-06-26
정림동308,1,,대전광역시 서구 정림동 산 38-6,36.29904939,127.3655491,2023,한전주,042-288-3950,대전광역시 서구청,2025-06-26
정림동309,1,대전광역시 서구 정림서로138번길 59,대전광역시 서구 정림동 산 38-3,36.29837838,127.3662789,2023,전용주,042-288-3950,대전광역시 서구청,2025-06-26
정림동310,1,,대전광역시 서구 정림동 산 38-3,36.29837838,127.3662789,2023,한전주,042-288-3950,대전광역시 서구청,2025-06-26
정림동311,1,대전광역시 서구 정림서로138번길 59,대전광역시 서구 정림동 산 38-3,36.29837838,127.3662789,2023,한전주,042-288-3950,대전광역시 서구청,2025-06-26
정림동312,1,대전광역시 서구 정림서로138번길 59,대전광역시 서구 정림동 산 38-3,36.29837838,127.366263,2023,한전주,042-288-3950,대전광역시 서구청,2025-06-26
정림동313,1,대전광역시 서구 정림서로138번길 63,대전광역시 서구 정림동 산 38-4,36.297968,127.3660985,2023,한전주,042-288-3950,대전광역시 서구청,2025-06-26
정림동314,1,대전광역시 서구 정림서로138번길 63,대전광역시 서구 정림동 산 38-4,36.29798368,127.3660985,2023,한전주,042-288-3950,대전광역시 서구청,2025-06-26
정림동315,1,,대전광역시 서구 정림동 산 37,36.297682,127.369172,2023,한전주,042-288-3950,대전광역시 서구청,2025-06-26
정림동316,1,,대전광역시 서구 정림동 산 37,36.297659,127.369161,2023,한전주,042-288-3950,대전광역시 서구청,2025-06-26
정림동317,1,,대전광역시 서구 정림동 40-3,36.295846,127.370669,2023,한전주,042-288-3950,대전광역시 서구청,2025-06-26
정림동318,1,,대전광역시 서구 정림동 40-4,36.295578,127.3705511,2023,한전주,042-288-3950,대전광역시 서구청,2025-06-26
정림동319,1,,대전광역시 서구 정림동 40-4,36.29558013,127.3705511,2023,한전주,042-288-3950,대전광역시 서구청,2025-06-26
정림동320,1,,대전광역시 서구 정림동 37-1,36.2940017,127.3719222,2023,한전주,042-288-3950,대전광역시 서구청,2025-06-26
정림동321,1,,대전광역시 서구 정림동 산 44,36.293290,127.369416,2023,한전주,042-288-3950,대전광역시 서구청,2025-06-26
정림동322,1,대전광역시 서구 계백로1249번안길 54,대전광역시 서구 정림동 250-2,36.311302,127.3579403,2023,한전주,042-288-3950,대전광역시 서구청,2025-06-26
정림동323,1,대전광역시 서구 계백로1249번안길 52,대전광역시 서구 정림동 250-5,36.31114742,127.357986,2023,한전주,042-288-3950,대전광역시 서구청,2025-06-26
정림동324,1,대전광역시 서구 정림동 계백로1249번길 84,대전광역시 서구 정림동 238-2,36.30970979,127.3579074,2023,한전주,042-288-3950,대전광역시 서구청,2025-06-26
정림동325,1,대전광역시 서구 정림동로30번길 15,대전광역시 서구 정림동 17,36.30462339,127.3696189,2023,한전주,042-288-3950,대전광역시 서구청,2025-06-26
정림동326,1,대전광역시 서구 정림동로30번길 15,대전광역시 서구 정림동 17,36.30462339,127.3696189,2023,한전주,042-288-3950,대전광역시 서구청,2025-06-26
정림동327,1,대전광역시 서구 정림동로30번길 15,대전광역시 서구 정림동 17,36.30462339,127.3696189,2023,한전주,042-288-3950,대전광역시 서구청,2025-06-26
정림동328,1,,대전광역시 서구 정림동 86,36.289581,127.363059,2023,한전주,042-288-3950,대전광역시 서구청,2025-06-26
정림동329,1,대전광역시 서구 정림로70번길 13-6,대전광역시 서구 정림동 521,36.307069,127.3657274,2023,한전주,042-288-3950,대전광역시 서구청,2025-06-26
정림동330,1,대전광역시 서구 계백로1249번길 174-14,대전광역시 서구 정림동 258-6,36.313352,127.356354,2023,한전주,042-288-3950,대전광역시 서구청,2025-06-26
정림동331,1,대전광역시 서구 정림로10번길 60-18,대전광역시 서구 정림동 28-41,36.302364,127.369083,2023,한전주,042-288-3950,대전광역시 서구청,2025-06-26
정림동332,1,,대전광역시 서구 정림동 300,36.310121,127.358660,2023,한전주,042-288-3950,대전광역시 서구청,2025-06-26
정림동333,1,대전광역시 서구 계백로1307번길 66-5,대전광역시 서구 정림동 233-38,36.3114323,127.367416,2023,전용주,042-288-3950,대전광역시 서구청,2025-06-26
정림동334,1,대전광역시 서구 혜천로 20,대전광역시 서구 정림동 8-4,36.30764084,127.3694977,2023,전용주,042-288-3950,대전광역시 서구청,2025-06-26
정림동335,1,대전광역시 서구 정림동 계백로1286번길 49,대전광역시 서구 정림동 125,36.305884,127.367046,2023,전용주,042-288-3950,대전광역시 서구청,2025-06-26
정림동336,1,대전광역시 서구 계백로 1310-53,대전광역시 서구 정림동 6-34,36.307748,127.369094,2023,한전주,042-288-3950,대전광역시 서구청,2025-06-26
정림동337,1,대전광역시 서구 계백로1300번길 83,대전광역시 서구 정림동 129-1,36.304799,127.368301,2023,한전주,042-288-3950,대전광역시 서구청,2025-06-26
정림동338,1,대전광역시 서구 정림동로7번길 12,대전광역시 서구 정림동 620,36.305139,127.3664465,2023,전용주,042-288-3950,대전광역시 서구청,2025-06-26
정림동339,1,대전광역시 서구 정림로70번길 78,대전광역시 서구 정림동 6-8,36.30790513,127.369359,2023,한전주,042-288-3950,대전광역시 서구청,2025-06-26
정림동340,1,대전광역시 서구 정림로10번길 50,대전광역시 서구 정림동 28-4,36.30249335,127.368936,2023,한전주,042-288-3950,대전광역시 서구청,2025-06-26
정림동341,1,대전광역시 서구 계백로 1300,대전광역시 서구 정림동 9-1,36.308234,127.3672862,2023,한전주,042-288-3950,대전광역시 서구청,2025-06-26
정림동342,1,대전광역시 서구 정림로70번길 5,대전광역시 서구 정림동 529,36.30678183,127.3652754,2023,전용주,042-288-3950,대전광역시 서구청,2025-06-26
정림동343,1,대전광역시 서구 정림동로 25,대전광역시 서구 정림동 127-5,36.305081,127.3684557,2023,전용주,042-288-3950,대전광역시 서구청,2025-06-26
정림동344,1,,대전광역시 서구 정림동 630,36.30460812,127.3659698,2024,한전주,042-288-3950,대전광역시 서구청,2025-06-26
정림동345,1,,대전광역시 서구 정림동 626,36.305219,127.3657759,2024,한전주,042-288-3950,대전광역시 서구청,2025-06-26
정림동346,1,,대전광역시 서구 정림동 512,36.30726613,127.3652147,2024,전용주,042-288-3950,대전광역시 서구청,2025-06-26
정림동347,1,,대전광역시 서구 정림동 709,36.30510203,127.3663305,2024,한전주,042-288-3950,대전광역시 서구청,2025-06-26
정림동348,1,,대전광역시 서구 정림동 512,36.30726613,127.365220,2024,전용주,042-288-3950,대전광역시 서구청,2025-06-26
정림동349,1,,대전광역시 서구 정림동 706,36.3065814,127.3638886,2024,한전주,042-288-3950,대전광역시 서구청,2025-06-26
정림동350,1,,대전광역시 서구 정림동 706,36.3065814,127.3638886,2024,한전주,042-288-3950,대전광역시 서구청,2025-06-26
정림동351,1,,대전광역시 서구 정림동 233-12,36.311420,127.3669233,2025,한전주,042-288-3950,대전광역시 서구청,2025-06-26
탄방동001,1,대전광역시 서구 문정로10번길 39,대전광역시 서구 탄방동 626,36.345660,127.3833288,2016,전용주,042-288-3950,대전광역시 서구청,2025-06-26
탄방동002,1,대전광역시 서구 문정로10번길 39,대전광역시 서구 탄방동 626,36.34566451,127.3833288,2016,전용주,042-288-3950,대전광역시 서구청,2025-06-26
탄방동003,1,대전광역시 서구 문정로10번길 39,대전광역시 서구 탄방동 626,36.34566451,127.3833288,2016,전용주,042-288-3950,대전광역시 서구청,2025-06-26
탄방동004,1,대전광역시 서구 문정로10번길 39,대전광역시 서구 탄방동 626,36.34566451,127.3833288,2016,전용주,042-288-3950,대전광역시 서구청,2025-06-26
탄방동005,1,대전광역시 서구 문정로10번길 39,대전광역시 서구 탄방동 626,36.34566451,127.3833288,2016,전용주,042-288-3950,대전광역시 서구청,2025-06-26
탄방동006,1,대전광역시 서구 문정로10번길 39,대전광역시 서구 탄방동 626,36.34566451,127.3833288,2016,전용주,042-288-3950,대전광역시 서구청,2025-06-26
탄방동007,1,대전광역시 서구 문정로10번길 39,대전광역시 서구 탄방동 626,36.34566451,127.3833288,2016,전용주,042-288-3950,대전광역시 서구청,2025-06-26
탄방동008,1,대전광역시 서구 문정로10번길 39,대전광역시 서구 탄방동 626,36.34566451,127.3833288,2016,전용주,042-288-3950,대전광역시 서구청,2025-06-26
탄방동009,1,대전광역시 서구 문정로10번길 39,대전광역시 서구 탄방동 626,36.34566451,127.3833288,2016,전용주,042-288-3950,대전광역시 서구청,2025-06-26
탄방동010,1,대전광역시 서구 문정로10번길 39,대전광역시 서구 탄방동 626,36.34566451,127.3833288,2016,전용주,042-288-3950,대전광역시 서구청,2025-06-26
탄방동011,1,대전광역시 서구 문정로10번길 39,대전광역시 서구 탄방동 626,36.34566451,127.3833288,2016,전용주,042-288-3950,대전광역시 서구청,2025-06-26
탄방동012,1,대전광역시 서구 문정로10번길 39,대전광역시 서구 탄방동 626,36.34566451,127.3833288,2016,전용주,042-288-3950,대전광역시 서구청,2025-06-26
탄방동013,1,대전광역시 서구 문정로10번길 39,대전광역시 서구 탄방동 626,36.34566451,127.3833288,2016,전용주,042-288-3950,대전광역시 서구청,2025-06-26
탄방동014,1,대전광역시 서구 문정로10번길 39,대전광역시 서구 탄방동 626,36.34566451,127.3833288,2016,전용주,042-288-3950,대전광역시 서구청,2025-06-26
탄방동015,1,대전광역시 서구 문정로10번길 39,대전광역시 서구 탄방동 626,36.34566451,127.3833288,2016,전용주,042-288-3950,대전광역시 서구청,2025-06-26
탄방동016,1,대전광역시 서구 문정로10번길 39,대전광역시 서구 탄방동 626,36.34566451,127.3833288,2016,전용주,042-288-3950,대전광역시 서구청,2025-06-26
탄방동017,1,대전광역시 서구 문정로10번길 39,대전광역시 서구 탄방동 626,36.34566451,127.3833288,2016,전용주,042-288-3950,대전광역시 서구청,2025-06-26
탄방동018,1,대전광역시 서구 문정로10번길 39,대전광역시 서구 탄방동 626,36.34566451,127.3833288,2016,전용주,042-288-3950,대전광역시 서구청,2025-06-26
탄방동019,1,대전광역시 서구 문정로48번길 20,대전광역시 서구 탄방동 651,36.34577355,127.384225,2016,전용주,042-288-3950,대전광역시 서구청,2025-06-26
탄방동020,1,대전광역시 서구 문정로48번길 20,대전광역시 서구 탄방동 651,36.34577355,127.384225,2016,전용주,042-288-3950,대전광역시 서구청,2025-06-26
탄방동021,1,대전광역시 서구 문정로48번길 20,대전광역시 서구 탄방동 651,36.34577355,127.384225,2016,전용주,042-288-3950,대전광역시 서구청,2025-06-26
탄방동022,1,대전광역시 서구 계룡로571번길 65,대전광역시 서구 탄방동 689,36.3438214,127.3867481,2016,전용주,042-288-3950,대전광역시 서구청,2025-06-26
탄방동023,1,대전광역시 서구 계룡로571번길 65,대전광역시 서구 탄방동 689,36.3438214,127.3867481,2016,전용주,042-288-3950,대전광역시 서구청,2025-06-26
탄방동024,1,대전광역시 서구 계룡로571번길 65,대전광역시 서구 탄방동 689,36.3438214,127.3867481,2016,전용주,042-288-3950,대전광역시 서구청,2025-06-26
탄방동025,1,대전광역시 서구 계룡로571번길 65,대전광역시 서구 탄방동 689,36.3438214,127.3867481,2016,전용주,042-288-3950,대전광역시 서구청,2025-06-26
탄방동026,1,대전광역시 서구 계룡로571번길 65,대전광역시 서구 탄방동 689,36.3438214,127.3867481,2016,전용주,042-288-3950,대전광역시 서구청,2025-06-26
탄방동027,1,대전광역시 서구 계룡로571번길 65,대전광역시 서구 탄방동 689,36.3438214,127.3867481,2016,전용주,042-288-3950,대전광역시 서구청,2025-06-26
탄방동028,1,대전광역시 서구 계룡로571번길 65,대전광역시 서구 탄방동 689,36.3438214,127.3867481,2016,전용주,042-288-3950,대전광역시 서구청,2025-06-26
탄방동029,1,대전광역시 서구 계룡로571번길 65,대전광역시 서구 탄방동 689,36.3438214,127.3867481,2016,전용주,042-288-3950,대전광역시 서구청,2025-06-26
탄방동030,1,대전광역시 서구 계룡로571번길 65,대전광역시 서구 탄방동 689,36.3438214,127.3867481,2016,전용주,042-288-3950,대전광역시 서구청,2025-06-26
탄방동031,1,대전광역시 서구 계룡로571번길 65,대전광역시 서구 탄방동 689,36.3438214,127.3867481,2016,전용주,042-288-3950,대전광역시 서구청,2025-06-26
탄방동032,1,대전광역시 서구 계룡로571번길 65,대전광역시 서구 탄방동 689,36.3438214,127.3867481,2016,전용주,042-288-3950,대전광역시 서구청,2025-06-26
탄방동033,1,대전광역시 서구 계룡로571번길 65,대전광역시 서구 탄방동 689,36.3438214,127.3867481,2016,전용주,042-288-3950,대전광역시 서구청,2025-06-26
탄방동034,1,대전광역시 서구 문정로90번길 60,대전광역시 서구 탄방동 765,36.34579714,127.387998,2016,전용주,042-288-3950,대전광역시 서구청,2025-06-26
탄방동035,1,대전광역시 서구 문정로90번길 60,대전광역시 서구 탄방동 765,36.34579714,127.387998,2016,전용주,042-288-3950,대전광역시 서구청,2025-06-26
탄방동036,1,대전광역시 서구 문정로90번길 60,대전광역시 서구 탄방동 765,36.34579714,127.387998,2016,전용주,042-288-3950,대전광역시 서구청,2025-06-26
탄방동037,1,대전광역시 서구 문정로90번길 60,대전광역시 서구 탄방동 765,36.34579714,127.387998,2016,전용주,042-288-3950,대전광역시 서구청,2025-06-26
탄방동038,1,대전광역시 서구 문정로90번길 60,대전광역시 서구 탄방동 765,36.34579714,127.387998,2016,전용주,042-288-3950,대전광역시 서구청,2025-06-26
탄방동039,1,대전광역시 서구 문정로90번길 60,대전광역시 서구 탄방동 765,36.34579714,127.387998,2016,전용주,042-288-3950,대전광역시 서구청,2025-06-26
탄방동040,1,대전광역시 서구 문정로90번길 60,대전광역시 서구 탄방동 765,36.34579714,127.387998,2016,전용주,042-288-3950,대전광역시 서구청,2025-06-26
탄방동041,1,대전광역시 서구 문정로90번길 60,대전광역시 서구 탄방동 765,36.34579714,127.387998,2016,전용주,042-288-3950,대전광역시 서구청,2025-06-26
탄방동042,1,대전광역시 서구 문정로90번길 60,대전광역시 서구 탄방동 765,36.34579714,127.387998,2016,전용주,042-288-3950,대전광역시 서구청,2025-06-26
탄방동043,1,대전광역시 서구 문정로90번길 60,대전광역시 서구 탄방동 765,36.34579714,127.387998,2016,전용주,042-288-3950,대전광역시 서구청,2025-06-26
탄방동044,1,대전광역시 서구 문정로90번길 60,대전광역시 서구 탄방동 765,36.34579714,127.387998,2016,전용주,042-288-3950,대전광역시 서구청,2025-06-26
탄방동045,1,대전광역시 서구 탄방로 16,대전광역시 서구 탄방동 786,36.34527918,127.3897884,2016,전용주,042-288-3950,대전광역시 서구청,2025-06-26
탄방동046,1,대전광역시 서구 탄방로 16,대전광역시 서구 탄방동 786,36.34527918,127.3897884,2016,전용주,042-288-3950,대전광역시 서구청,2025-06-26
탄방동047,1,대전광역시 서구 탄방로 16,대전광역시 서구 탄방동 786,36.34527918,127.389728,2016,전용주,042-288-3950,대전광역시 서구청,2025-06-26
탄방동102,1,대전광역시 서구 계룡로585번길 16,대전광역시 서구 탄방동 54-24,36.34250093,127.3895988,2016,한전주,042-288-3950,대전광역시 서구청,2025-06-26
탄방동103,1,대전광역시 서구 계룡로585번길 11,대전광역시 서구 탄방동 53-2,36.34253499,127.3891854,2016,한전주,042-288-3950,대전광역시 서구청,2025-06-26
탄방동104,1,대전광역시 서구 계룡로585번길 20,대전광역시 서구 탄방동 54-23,36.34256851,127.389638,2016,한전주,042-288-3950,대전광역시 서구청,2025-06-26
탄방동105,1,대전광역시 서구 계룡로585번길 11,대전광역시 서구 탄방동 53-2,36.34253499,127.389183,2016,한전주,042-288-3950,대전광역시 서구청,2025-06-26
탄방동106,1,대전광역시 서구 계룡로585번길 7,대전광역시 서구 탄방동 53-3,36.34241411,127.3890299,2016,한전주,042-288-3950,대전광역시 서구청,2025-06-26
탄방동107,1,대전광역시 서구 도솔로411번길 9,대전광역시 서구 탄방동 54-16,36.34271317,127.3899529,2016,한전주,042-288-3950,대전광역시 서구청,2025-06-26
탄방동108,1,대전광역시 서구 도솔로 410,대전광역시 서구 탄방동 91-1,36.34236755,127.390403,2016,한전주,042-288-3950,대전광역시 서구청,2025-06-26
탄방동109,1,대전광역시 서구 도솔로412번길 9,대전광역시 서구 탄방동 57-33,36.34233847,127.390861,2016,한전주,042-288-3950,대전광역시 서구청,2025-06-26
탄방동110,1,대전광역시 서구 도솔로412번길 17,대전광역시 서구 탄방동 58-8,36.342083,127.3911184,2016,한전주,042-288-3950,대전광역시 서구청,2025-06-26
탄방동111,1,대전광역시 서구 도솔로412번길 17,대전광역시 서구 탄방동 58-8,36.34206052,127.3911184,2016,한전주,042-288-3950,대전광역시 서구청,2025-06-26
탄방동112,1,대전광역시 서구 도솔로412번길 28,대전광역시 서구 탄방동 89-1,36.34156355,127.391340,2016,한전주,042-288-3950,대전광역시 서구청,2025-06-26
탄방동113,1,대전광역시 서구 도솔로412번길 32,대전광역시 서구 탄방동 89-2,36.34145208,127.391465,2016,한전주,042-288-3950,대전광역시 서구청,2025-06-26
탄방동114,1,대전광역시 서구 도솔로412번길 34,대전광역시 서구 탄방동 89-3,36.34137106,127.3915201,2016,한전주,042-288-3950,대전광역시 서구청,2025-06-26
탄방동115,1,,대전광역시 서구 탄방동 89-18,36.341125,127.3918546,2016,한전주,042-288-3950,대전광역시 서구청,2025-06-26
탄방동116,1,대전광역시 서구 계룡로615번길 30,대전광역시 서구 탄방동 85-22,36.340910,127.3924348,2016,한전주,042-288-3950,대전광역시 서구청,2025-06-26
탄방동117,1,대전광역시 서구 도솔로412번길 53,대전광역시 서구 탄방동 85-21,36.34101407,127.3926303,2016,한전주,042-288-3950,대전광역시 서구청,2025-06-26
탄방동118,1,대전광역시 서구 도솔로412번길 60,대전광역시 서구 탄방동 84-19,36.34057504,127.3924315,2016,한전주,042-288-3950,대전광역시 서구청,2025-06-26
탄방동119,1,대전광역시 서구 도솔로412번길 63,대전광역시 서구 탄방동 85-26,36.34060629,127.3930129,2016,한전주,042-288-3950,대전광역시 서구청,2025-06-26
탄방동120,1,대전광역시 서구 도솔로412번길 70,대전광역시 서구 탄방동 84-11,36.34024518,127.392949,2016,한전주,042-288-3950,대전광역시 서구청,2025-06-26
탄방동121,1,대전광역시 서구 도솔로412번길 72,대전광역시 서구 탄방동 84-4,36.34017685,127.3931322,2016,한전주,042-288-3950,대전광역시 서구청,2025-06-26
탄방동122,1,대전광역시 서구 계룡로629번길 30,대전광역시 서구 탄방동 80-9,36.33993866,127.3936004,2016,한전주,042-288-3950,대전광역시 서구청,2025-06-26
탄방동123,1,대전광역시 서구 도산로393번길 9,대전광역시 서구 탄방동 81-6,36.33910727,127.3934536,2016,한전주,042-288-3950,대전광역시 서구청,2025-06-26
탄방동124,1,대전광역시 서구 도산로393번길 9,대전광역시 서구 탄방동 81-6,36.33910727,127.3934536,2016,한전주,042-288-3950,대전광역시 서구청,2025-06-26
탄방동125,1,대전광역시 서구 도산로393번길 13,대전광역시 서구 탄방동 81-2,36.33948264,127.393006,2016,한전주,042-288-3950,대전광역시 서구청,2025-06-26
탄방동126,1,대전광역시 서구 계룡로629번길 13,대전광역시 서구 탄방동 83-23,36.33977704,127.3926525,2016,한전주,042-288-3950,대전광역시 서구청,2025-06-26
탄방동127,1,대전광역시 서구 도산로393번길 35,대전광역시 서구 탄방동 83-5,36.33995828,127.3924294,2016,한전주,042-288-3950,대전광역시 서구청,2025-06-26
탄방동128,1,대전광역시 서구 도산로393번길 40,대전광역시 서구 탄방동 84-17,36.34030271,127.3924561,2016,전용주,042-288-3950,대전광역시 서구청,2025-06-26
탄방동129,1,대전광역시 서구 도산로393번길 47,대전광역시 서구 탄방동 83-2,36.340301,127.3919074,2016,한전주,042-288-3950,대전광역시 서구청,2025-06-26
탄방동130,1,대전광역시 서구 계룡로615번길 14,대전광역시 서구 탄방동 83-1,36.34046555,127.391783,2016,한전주,042-288-3950,대전광역시 서구청,2025-06-26
탄방동131,1,대전광역시 서구 도산로393번길 59,대전광역시 서구 탄방동 90-14,36.34073357,127.391476,2016,한전주,042-288-3950,대전광역시 서구청,2025-06-26
탄방동132,1,대전광역시 서구 계룡로 607,대전광역시 서구 탄방동 90-2,36.34080899,127.3907523,2016,한전주,042-288-3950,대전광역시 서구청,2025-06-26
탄방동133,1,대전광역시 서구 계룡로 605,대전광역시 서구 탄방동 90-1,36.34092421,127.3905731,2016,한전주,042-288-3950,대전광역시 서구청,2025-06-26
탄방동134,1,대전광역시 서구 계룡로629번길 7-2,대전광역시 서구 탄방동 83-6,36.339752,127.3921641,2016,한전주,042-288-3950,대전광역시 서구청,2025-06-26
탄방동135,1,대전광역시 서구 도산로393번길 14-6,대전광역시 서구 탄방동 78-10,36.339468,127.3936684,2016,한전주,042-288-3950,대전광역시 서구청,2025-06-26
탄방동136,1,대전광역시 서구 도산로393번길 14-8,대전광역시 서구 탄방동 78-11,36.33948676,127.3937788,2016,한전주,042-288-3950,대전광역시 서구청,2025-06-26
탄방동137,1,대전광역시 서구 도산로393번길 14-16,대전광역시 서구 탄방동 78-27,36.339838,127.3941129,2016,한전주,042-288-3950,대전광역시 서구청,2025-06-26
탄방동138,1,대전광역시 서구 도산로403번길 9,대전광역시 서구 탄방동 78-17,36.339855,127.3943901,2016,한전주,042-288-3950,대전광역시 서구청,2025-06-26
탄방동139,1,대전광역시 서구 도산로403번길 21,대전광역시 서구 탄방동 80-1,36.34012167,127.393799,2016,한전주,042-288-3950,대전광역시 서구청,2025-06-26
탄방동140,1,대전광역시 서구 도산로403번길 18,대전광역시 서구 탄방동 77-14,36.340280,127.3942269,2016,한전주,042-288-3950,대전광역시 서구청,2025-06-26
탄방동141,1,대전광역시 서구 도산로403번길 33,대전광역시 서구 탄방동 85-13,36.34065601,127.3933495,2016,한전주,042-288-3950,대전광역시 서구청,2025-06-26
탄방동142,1,대전광역시 서구 도산로403번길 46,대전광역시 서구 탄방동 86-11,36.34116839,127.3932767,2016,한전주,042-288-3950,대전광역시 서구청,2025-06-26
탄방동143,1,대전광역시 서구 도산로403번길 50,대전광역시 서구 탄방동 86-12,36.34131373,127.393118,2016,한전주,042-288-3950,대전광역시 서구청,2025-06-26
탄방동144,1,대전광역시 서구 도산로403번길 60,대전광역시 서구 탄방동 87-5,36.34170094,127.392621,2016,한전주,042-288-3950,대전광역시 서구청,2025-06-26
탄방동145,1,대전광역시 서구 도산로403번길 64,대전광역시 서구 탄방동 87-15,36.34182374,127.3925307,2016,한전주,042-288-3950,대전광역시 서구청,2025-06-26
탄방동146,1,대전광역시 서구 도산로403번길 72,대전광역시 서구 탄방동 87-23,36.341996,127.3922405,2016,한전주,042-288-3950,대전광역시 서구청,2025-06-26
탄방동147,1,대전광역시 서구 계룡로603번길 46,대전광역시 서구 탄방동 87-9,36.34217005,127.3922324,2016,한전주,042-288-3950,대전광역시 서구청,2025-06-26
탄방동148,1,대전광역시 서구 계룡로603번길 33,대전광역시 서구 탄방동 58-6,36.34201762,127.3914486,2016,한전주,042-288-3950,대전광역시 서구청,2025-06-26
탄방동149,1,대전광역시 서구 계룡로603번길 22,대전광역시 서구 탄방동 89-11,36.341477,127.3912049,2016,한전주,042-288-3950,대전광역시 서구청,2025-06-26
탄방동150,1,대전광역시 서구 계룡로603번길 13,대전광역시 서구 탄방동 91-5,36.34140316,127.3907163,2016,전용주,042-288-3950,대전광역시 서구청,2025-06-26
탄방동151,1,대전광역시 서구 계룡로603번길 13,대전광역시 서구 탄방동 91-5,36.34140316,127.3907163,2016,한전주,042-288-3950,대전광역시 서구청,2025-06-26
탄방동152,1,대전광역시 서구 계룡로615번길 7,대전광역시 서구 탄방동 90-5,36.34046115,127.391303,2016,한전주,042-288-3950,대전광역시 서구청,2025-06-26
탄방동153,1,대전광역시 서구 계룡로615번길 14,대전광역시 서구 탄방동 83-1,36.34046555,127.3917716,2016,한전주,042-288-3950,대전광역시 서구청,2025-06-26
탄방동154,1,대전광역시 서구 계룡로615번길 22,대전광역시 서구 탄방동 84-10,36.34070933,127.3920694,2016,한전주,042-288-3950,대전광역시 서구청,2025-06-26
탄방동156,1,대전광역시 서구 계룡로615번길 37,대전광역시 서구 탄방동 88-4,36.34135985,127.392511,2016,한전주,042-288-3950,대전광역시 서구청,2025-06-26
탄방동157,1,대전광역시 서구 계룡로615번길 42,대전광역시 서구 탄방동 86-1,36.34139164,127.3929673,2016,한전주,042-288-3950,대전광역시 서구청,2025-06-26
탄방동158,1,대전광역시 서구 계룡로615번길 47,대전광역시 서구 탄방동 87-20,36.34174038,127.392955,2016,한전주,042-288-3950,대전광역시 서구청,2025-06-26
탄방동159,1,대전광역시 서구 계룡로629번길 47,대전광역시 서구 탄방동 86-14,36.340829,127.3939866,2016,한전주,042-288-3950,대전광역시 서구청,2025-06-26
탄방동160,1,대전광역시 서구 계룡로629번길 43,대전광역시 서구 탄방동 86-9,36.34073227,127.393797,2016,한전주,042-288-3950,대전광역시 서구청,2025-06-26
탄방동161,1,대전광역시 서구 계룡로629번길 7,대전광역시 서구 탄방동 83-19,36.339589,127.392489,2016,한전주,042-288-3950,대전광역시 서구청,2025-06-26
탄방동162,1,대전광역시 서구 계룡로585번길 49,대전광역시 서구 탄방동 55-2,36.343756,127.3906831,2016,한전주,042-288-3950,대전광역시 서구청,2025-06-26
탄방동163,1,대전광역시 서구 계룡로585번길 41,대전광역시 서구 탄방동 55-13,36.34353372,127.3903589,2016,한전주,042-288-3950,대전광역시 서구청,2025-06-26
탄방동164,1,대전광역시 서구 계룡로585번길 35,대전광역시 서구 탄방동 55-17,36.343244,127.390187,2016,한전주,042-288-3950,대전광역시 서구청,2025-06-26
탄방동165,1,대전광역시 서구 탄방로 50-26,대전광역시 서구 탄방동 57-6,36.34241441,127.391062,2016,한전주,042-288-3950,대전광역시 서구청,2025-06-26
탄방동166,1,대전광역시 서구 탄방로 50-21,대전광역시 서구 탄방동 58-2,36.342456,127.3915634,2016,한전주,042-288-3950,대전광역시 서구청,2025-06-26
탄방동167,1,대전광역시 서구 탄방로 50-13,대전광역시 서구 탄방동 58-16,36.34252356,127.3916901,2016,한전주,042-288-3950,대전광역시 서구청,2025-06-26
탄방동168,1,대전광역시 서구 탄방로 50-9,대전광역시 서구 탄방동 58-13,36.34267552,127.391758,2016,전용주,042-288-3950,대전광역시 서구청,2025-06-26
탄방동169,1,대전광역시 서구 도솔로 434-9,대전광역시 서구 탄방동 61-7,36.343516,127.3927732,2016,전용주,042-288-3950,대전광역시 서구청,2025-06-26
탄방동170,1,대전광역시 서구 도솔로 434-9,대전광역시 서구 탄방동 61-7,36.34352347,127.3927732,2016,한전주,042-288-3950,대전광역시 서구청,2025-06-26
탄방동171,1,대전광역시 서구 도솔로 434-15,대전광역시 서구 탄방동 61-13,36.34335381,127.392838,2016,한전주,042-288-3950,대전광역시 서구청,2025-06-26
탄방동176,1,대전광역시 서구 탄방로7번길 3,대전광역시 서구 탄방동 823,36.346213,127.390414,2016,전용주,042-288-3950,대전광역시 서구청,2025-06-26
탄방동177,1,대전광역시 서구 탄방로7번길 11,대전광역시 서구 탄방동 820,36.346211,127.390812,2016,전용주,042-288-3950,대전광역시 서구청,2025-06-26
탄방동178,1,대전광역시 서구 탄방로7번길 15,대전광역시 서구 탄방동 818,36.346213,127.3911486,2016,전용주,042-288-3950,대전광역시 서구청,2025-06-26
탄방동179,1,대전광역시 서구 탄방로7번길 23,대전광역시 서구 탄방동 815,36.346209,127.391545,2016,전용주,042-288-3950,대전광역시 서구청,2025-06-26
탄방동180,1,대전광역시 서구 탄방로7번길 27,대전광역시 서구 탄방동 851,36.346206,127.391775,2016,전용주,042-288-3950,대전광역시 서구청,2025-06-26
탄방동181,1,대전광역시 서구 탄방로7번길 37,대전광역시 서구 탄방동 846,36.346215,127.392332,2016,전용주,042-288-3950,대전광역시 서구청,2025-06-26
탄방동182,1,대전광역시 서구 탄방로7번길 43,대전광역시 서구 탄방동 844,36.346203,127.392644,2016,전용주,042-288-3950,대전광역시 서구청,2025-06-26
탄방동183,1,대전광역시 서구 탄방로7번길 51,대전광역시 서구 탄방동 1017,36.346204,127.393112,2016,전용주,042-288-3950,대전광역시 서구청,2025-06-26
탄방동184,1,대전광역시 서구 탄방로7번길 57,대전광역시 서구 탄방동 1015,36.346207,127.393466,2016,전용주,042-288-3950,대전광역시 서구청,2025-06-26
탄방동185,1,대전광역시 서구 탄방로7번길 63,대전광역시 서구 탄방동 1012,36.346201,127.393886,2016,전용주,042-288-3950,대전광역시 서구청,2025-06-26
탄방동186,1,대전광역시 서구 탄방로7번길 74,대전광역시 서구 탄방동 990,36.34604914,127.394329,2016,전용주,042-288-3950,대전광역시 서구청,2025-06-26
탄방동187,1,대전광역시 서구 탄방로7번길 89,대전광역시 서구 탄방동 1006,36.346382,127.3951331,2016,전용주,042-288-3950,대전광역시 서구청,2025-06-26
탄방동188,1,대전광역시 서구 탄방로7번길 103,대전광역시 서구 탄방동 1040,36.3468112,127.3955945,2016,전용주,042-288-3950,대전광역시 서구청,2025-06-26
탄방동189,1,대전광역시 서구 탄방로7번길 118,대전광역시 서구 탄방동 1104,36.347391,127.3959868,2016,전용주,042-288-3950,대전광역시 서구청,2025-06-26
탄방동190,1,대전광역시 서구 탄방로7번길 129,대전광역시 서구 탄방동 1165,36.347905,127.3957098,2016,전용주,042-288-3950,대전광역시 서구청,2025-06-26
탄방동191,1,대전광역시 서구 탄방로7번길 145,대전광역시 서구 탄방동 1171,36.348504,127.3957151,2016,전용주,042-288-3950,대전광역시 서구청,2025-06-26
탄방동192,1,대전광역시 서구 남선로59번길 36,대전광역시 서구 탄방동 1191,36.34860904,127.3961391,2016,전용주,042-288-3950,대전광역시 서구청,2025-06-26
탄방동193,1,대전광역시 서구 남선로59번길 26,대전광역시 서구 탄방동 1187,36.348533,127.3967099,2016,전용주,042-288-3950,대전광역시 서구청,2025-06-26
탄방동194,1,대전광역시 서구 남선로59번길 22,대전광역시 서구 탄방동 1185,36.348527,127.396937,2016,전용주,042-288-3950,대전광역시 서구청,2025-06-26
탄방동195,1,대전광역시 서구 남선로59번길 6,대전광역시 서구 탄방동 1258,36.348523,127.3978247,2016,전용주,042-288-3950,대전광역시 서구청,2025-06-26
탄방동196,1,대전광역시 서구 남선로59번길 2,대전광역시 서구 탄방동 1256,36.348526,127.398195,2016,전용주,042-288-3950,대전광역시 서구청,2025-06-26
탄방동197,1,대전광역시 서구 남선로 65,대전광역시 서구 탄방동 1253,36.348533,127.3985601,2016,전용주,042-288-3950,대전광역시 서구청,2025-06-26
탄방동198,1,대전광역시 서구 남선로60번길 9,대전광역시 서구 탄방동 1279,36.348529,127.3992555,2016,전용주,042-288-3950,대전광역시 서구청,2025-06-26
탄방동199,1,대전광역시 서구 남선로60번길 23,대전광역시 서구 탄방동 1311,36.34860074,127.4000464,2016,전용주,042-288-3950,대전광역시 서구청,2025-06-26
탄방동200,1,대전광역시 서구 남선로60번길 33,대전광역시 서구 탄방동 1307,36.348522,127.4006268,2016,전용주,042-288-3950,대전광역시 서구청,2025-06-26
탄방동201,1,대전광역시 서구 남선로60번길 41,대전광역시 서구 탄방동 1304,36.348523,127.4010558,2016,전용주,042-288-3950,대전광역시 서구청,2025-06-26
탄방동202,1,대전광역시 서구 남선로60번길 45,대전광역시 서구 탄방동 1302,36.34859113,127.4013452,2016,전용주,042-288-3950,대전광역시 서구청,2025-06-26
탄방동203,1,대전광역시 서구 남선로60번길 48-6,대전광역시 서구 탄방동 1367,36.34823732,127.4012416,2016,전용주,042-288-3950,대전광역시 서구청,2025-06-26
탄방동204,1,대전광역시 서구 남선로60번길 48-14,대전광역시 서구 탄방동 1365,36.347927,127.401241,2016,전용주,042-288-3950,대전광역시 서구청,2025-06-26
탄방동205,1,대전광역시 서구 남선로60번길 48-16,대전광역시 서구 탄방동 1364,36.34781234,127.4012369,2016,전용주,042-288-3950,대전광역시 서구청,2025-06-26
탄방동206,1,대전광역시 서구 남선로60번길 48-22,대전광역시 서구 탄방동 1362,36.34753387,127.4012372,2016,전용주,042-288-3950,대전광역시 서구청,2025-06-26
탄방동207,1,대전광역시 서구 남선로60번길 40-21,대전광역시 서구 탄방동 1361,36.34753367,127.4010838,2016,전용주,042-288-3950,대전광역시 서구청,2025-06-26
탄방동208,1,대전광역시 서구 남선로60번길 40-14,대전광역시 서구 탄방동 1351,36.34795566,127.4008503,2016,전용주,042-288-3950,대전광역시 서구청,2025-06-26
탄방동209,1,대전광역시 서구 남선로60번길 40-10,대전광역시 서구 탄방동 1352,36.34808766,127.4008556,2016,전용주,042-288-3950,대전광역시 서구청,2025-06-26
탄방동210,1,대전광역시 서구 탄방동 유등로669번길 28-21,대전광역시 서구 탄방동 1435,36.34796008,127.3993837,2016,전용주,042-288-3950,대전광역시 서구청,2025-06-26
탄방동211,1,대전광역시 서구 유등로669번길 28-13,대전광역시 서구 탄방동 1336,36.34781635,127.4004427,2016,전용주,042-288-3950,대전광역시 서구청,2025-06-26
탄방동212,1,대전광역시 서구 유등로669번길 32-9,대전광역시 서구 탄방동 1322,36.34782325,127.4000521,2016,전용주,042-288-3950,대전광역시 서구청,2025-06-26
탄방동213,1,대전광역시 서구 유등로669번길 32-19,대전광역시 서구 탄방동 1325,36.34822661,127.4000544,2016,전용주,042-288-3950,대전광역시 서구청,2025-06-26
탄방동214,1,대전광역시 서구 둔산남로200번길 8,대전광역시 서구 탄방동 1276,36.34859083,127.399659,2016,전용주,042-288-3950,대전광역시 서구청,2025-06-26
탄방동215,1,대전광역시 서구 둔산남로200번길 8,대전광역시 서구 탄방동 1276,36.348531,127.399659,2016,전용주,042-288-3950,대전광역시 서구청,2025-06-26
탄방동216,1,대전광역시 서구 둔산남로200번길 15,대전광역시 서구 탄방동 1314,36.348279,127.399829,2016,전용주,042-288-3950,대전광역시 서구청,2025-06-26
탄방동217,1,대전광역시 서구 둔산남로200번길 19,대전광역시 서구 탄방동 1315,36.34808639,127.399822,2016,전용주,042-288-3950,대전광역시 서구청,2025-06-26
탄방동218,1,대전광역시 서구 둔산남로200번길 23,대전광역시 서구 탄방동 1317,36.34781306,127.399818,2016,전용주,042-288-3950,대전광역시 서구청,2025-06-26
탄방동219,1,대전광역시 서구 유등로669번길 40,대전광역시 서구 탄방동 1319,36.34758614,127.399944,2016,전용주,042-288-3950,대전광역시 서구청,2025-06-26
탄방동220,1,대전광역시 서구 둔산남로200번길 24,대전광역시 서구 탄방동 1286,36.347856,127.3996693,2016,전용주,042-288-3950,대전광역시 서구청,2025-06-26
탄방동221,1,대전광역시 서구 유등로669번길 56,대전광역시 서구 탄방동 1284,36.34809075,127.3995035,2016,전용주,042-288-3950,대전광역시 서구청,2025-06-26
탄방동222,1,대전광역시 서구 유등로669번길 58,대전광역시 서구 탄방동 1283,36.34822665,127.3995039,2016,전용주,042-288-3950,대전광역시 서구청,2025-06-26
탄방동223,1,대전광역시 서구 남선로 57,대전광역시 서구 탄방동 1251,36.348287,127.3978513,2016,전용주,042-288-3950,대전광역시 서구청,2025-06-26
탄방동224,1,대전광역시 서구 둔산남로180번길 22,대전광역시 서구 탄방동 1237,36.34796813,127.3972788,2016,전용주,042-288-3950,대전광역시 서구청,2025-06-26
탄방동225,1,대전광역시 서구 남선로 53,대전광역시 서구 탄방동 1249,36.347932,127.397712,2016,전용주,042-288-3950,대전광역시 서구청,2025-06-26
탄방동226,1,대전광역시 서구 남선로 49,대전광역시 서구 탄방동 1246,36.34763752,127.3975387,2016,전용주,042-288-3950,대전광역시 서구청,2025-06-26
탄방동227,1,대전광역시 서구 남선로 37,대전광역시 서구 탄방동 1133,36.346643,127.3970273,2016,전용주,042-288-3950,대전광역시 서구청,2025-06-26
탄방동228,1,대전광역시 서구 남선로 31,대전광역시 서구 탄방동 1095,36.34622096,127.3967819,2016,전용주,042-288-3950,대전광역시 서구청,2025-06-26
탄방동229,1,대전광역시 서구 남선로 27,대전광역시 서구 탄방동 1091,36.34593625,127.3966004,2016,전용주,042-288-3950,대전광역시 서구청,2025-06-26
탄방동231,1,대전광역시 서구 남선로9번길 80,대전광역시 서구 탄방동 1092,36.3460722,127.396419,2016,전용주,042-288-3950,대전광역시 서구청,2025-06-26
탄방동232,1,대전광역시 서구 남선로 21-1,대전광역시 서구 탄방동 1075,36.34537635,127.396322,2016,전용주,042-288-3950,대전광역시 서구청,2025-06-26
탄방동233,1,대전광역시 서구 남선로23번길 12,대전광역시 서구 탄방동 1087,36.345824,127.3961366,2016,전용주,042-288-3950,대전광역시 서구청,2025-06-26
탄방동234,1,대전광역시 서구 남선로23번길 10,대전광역시 서구 탄방동 1086,36.34568542,127.3962852,2016,전용주,042-288-3950,대전광역시 서구청,2025-06-26
탄방동235,1,대전광역시 서구 남선로9번길 84,대전광역시 서구 탄방동 1093,36.34614184,127.3965516,2016,전용주,042-288-3950,대전광역시 서구청,2025-06-26
탄방동236,1,대전광역시 서구 남선로9번길 84,대전광역시 서구 탄방동 1093,36.346176,127.3965516,2016,전용주,042-288-3950,대전광역시 서구청,2025-06-26
탄방동237,1,대전광역시 서구 남선로 31-13,대전광역시 서구 탄방동 1052,36.34628415,127.3962346,2016,전용주,042-288-3950,대전광역시 서구청,2025-06-26
탄방동238,1,대전광역시 서구 남선로23번길 26,대전광역시 서구 탄방동 1049,36.34624859,127.3955956,2016,전용주,042-288-3950,대전광역시 서구청,2025-06-26
탄방동239,1,대전광역시 서구 남선로23번길 22,대전광역시 서구 탄방동 1048,36.346068,127.3957816,2016,전용주,042-288-3950,대전광역시 서구청,2025-06-26
탄방동240,1,대전광역시 서구 문정로150번길 13,대전광역시 서구 탄방동 1198,36.347622,127.3959938,2016,전용주,042-288-3950,대전광역시 서구청,2025-06-26
탄방동241,1,대전광역시 서구 문정로150번길 19,대전광역시 서구 탄방동 1210,36.34769665,127.3963699,2016,전용주,042-288-3950,대전광역시 서구청,2025-06-26
탄방동242,1,대전광역시 서구 문정로150번길 29,대전광역시 서구 탄방동 1223,36.347629,127.3969011,2016,전용주,042-288-3950,대전광역시 서구청,2025-06-26
탄방동243,1,대전광역시 서구 남선로 49,대전광역시 서구 탄방동 1246,36.347663,127.3975387,2016,전용주,042-288-3950,대전광역시 서구청,2025-06-26
탄방동244,1,대전광역시 서구 문정로150번길 31-11,대전광역시 서구 탄방동 1226,36.348096,127.3968999,2016,전용주,042-288-3950,대전광역시 서구청,2025-06-26
탄방동245,1,대전광역시 서구 문정로150번길 31-5,대전광역시 서구 탄방동 1224,36.3478268,127.396972,2016,전용주,042-288-3950,대전광역시 서구청,2025-06-26
탄방동246,1,대전광역시 서구 남선로 41-13,대전광역시 서구 탄방동 1141,36.34735732,127.3968975,2016,전용주,042-288-3950,대전광역시 서구청,2025-06-26
탄방동247,1,대전광역시 서구 남선로 39,대전광역시 서구 탄방동 1134,36.34682847,127.3971246,2016,전용주,042-288-3950,대전광역시 서구청,2025-06-26
탄방동248,1,대전광역시 서구 남선로 39-13,대전광역시 서구 탄방동 1130,36.34697402,127.396615,2016,전용주,042-288-3950,대전광역시 서구청,2025-06-26
탄방동249,1,대전광역시 서구 남선로 39-19,대전광역시 서구 탄방동 1127,36.34735469,127.3965209,2016,전용주,042-288-3950,대전광역시 서구청,2025-06-26
탄방동250,1,대전광역시 서구 문정로150번길 23-11,대전광역시 서구 탄방동 1214,36.34810066,127.3965272,2016,전용주,042-288-3950,대전광역시 서구청,2025-06-26
탄방동251,1,대전광역시 서구 남선로59번길 31,대전광역시 서구 탄방동 1205,36.34840423,127.396306,2016,한전주,042-288-3950,대전광역시 서구청,2025-06-26
탄방동252,1,대전광역시 서구 문정로150번길 17-12,대전광역시 서구 탄방동 1207,36.34810756,127.396302,2016,전용주,042-288-3950,대전광역시 서구청,2025-06-26
탄방동253,1,대전광역시 서구 문정로150번길 15,대전광역시 서구 탄방동 1199,36.34769983,127.3961435,2016,전용주,042-288-3950,대전광역시 서구청,2025-06-26
탄방동254,1,대전광역시 서구 남선로 35-29,대전광역시 서구 탄방동 1107,36.34736911,127.3961397,2016,전용주,042-288-3950,대전광역시 서구청,2025-06-26
탄방동255,1,대전광역시 서구 남선로 35-19,대전광역시 서구 탄방동 1110,36.346962,127.3961445,2016,전용주,042-288-3950,대전광역시 서구청,2025-06-26
탄방동256,1,대전광역시 서구 남선로 35-13,대전광역시 서구 탄방동 1112,36.34673506,127.396393,2016,전용주,042-288-3950,대전광역시 서구청,2025-06-26
탄방동257,1,대전광역시 서구 남선로 35-11,대전광역시 서구 탄방동 1113,36.346609,127.396511,2016,전용주,042-288-3950,대전광역시 서구청,2025-06-26
탄방동258,1,대전광역시 서구 남선로 35-5,대전광역시 서구 탄방동 1115,36.346439,127.3967834,2016,전용주,042-288-3950,대전광역시 서구청,2025-06-26
탄방동259,1,대전광역시 서구 남선로 21,대전광역시 서구 탄방동 1076,36.345251,127.3962664,2016,전용주,042-288-3950,대전광역시 서구청,2025-06-26
탄방동260,1,대전광역시 서구 남선로 17,대전광역시 서구 탄방동 1078,36.344972,127.3961539,2016,전용주,042-288-3950,대전광역시 서구청,2025-06-26
탄방동261,1,대전광역시 서구 남선로9번안길 9,대전광역시 서구 탄방동 1062,36.34471963,127.3956322,2016,한전주,042-288-3950,대전광역시 서구청,2025-06-26
탄방동262,1,대전광역시 서구 남선로9번안길 11,대전광역시 서구 탄방동 1061,36.34482398,127.3956865,2016,전용주,042-288-3950,대전광역시 서구청,2025-06-26
탄방동263,1,대전광역시 서구 남선로9번안길 18,대전광역시 서구 탄방동 1071,36.345079,127.396039,2016,전용주,042-288-3950,대전광역시 서구청,2025-06-26
탄방동264,1,대전광역시 서구 남선로9번안길 24,대전광역시 서구 탄방동 1073,36.345349,127.3961443,2016,전용주,042-288-3950,대전광역시 서구청,2025-06-26
탄방동265,1,대전광역시 서구 남선로9번길 63-2,대전광역시 서구 탄방동 1001,36.34574182,127.3956909,2016,전용주,042-288-3950,대전광역시 서구청,2025-06-26
탄방동266,1,대전광역시 서구 문정로112번안길 67,대전광역시 서구 탄방동 963,36.345539,127.395353,2016,전용주,042-288-3950,대전광역시 서구청,2025-06-26
탄방동267,1,대전광역시 서구 남선로9번길 47-2,대전광역시 서구 탄방동 952,36.345255,127.3949552,2016,전용주,042-288-3950,대전광역시 서구청,2025-06-26
탄방동268,1,대전광역시 서구 남선로9번길 42,대전광역시 서구 탄방동 941,36.34492685,127.3946925,2016,전용주,042-288-3950,대전광역시 서구청,2025-06-26
탄방동269,1,대전광역시 서구 남선로9번길 30,대전광역시 서구 탄방동 939,36.34478011,127.3945103,2016,전용주,042-288-3950,대전광역시 서구청,2025-06-26
탄방동270,1,대전광역시 서구 남선로9번길 29,대전광역시 서구 탄방동 64-2,36.34455673,127.3943689,2016,한전주,042-288-3950,대전광역시 서구청,2025-06-26
탄방동271,1,대전광역시 서구 남선로9번길 22,대전광역시 서구 탄방동 274-1,36.34490048,127.3950103,2016,한전주,042-288-3950,대전광역시 서구청,2025-06-26
탄방동272,1,대전광역시 서구 남선로9번길 14,대전광역시 서구 탄방동 1064,36.34452077,127.3954319,2016,전용주,042-288-3950,대전광역시 서구청,2025-06-26
탄방동273,1,대전광역시 서구 도솔로 459-9,대전광역시 서구 탄방동 65-3,36.34416469,127.3953048,2016,전용주,042-288-3950,대전광역시 서구청,2025-06-26
탄방동274,1,대전광역시 서구 도솔로 457-9,대전광역시 서구 탄방동 64-7,36.34421533,127.394895,2016,한전주,042-288-3950,대전광역시 서구청,2025-06-26
탄방동275,1,대전광역시 서구 도솔로 457-11,대전광역시 서구 탄방동 64-5,36.34443848,127.3949987,2016,전용주,042-288-3950,대전광역시 서구청,2025-06-26
탄방동276,1,대전광역시 서구 문정로132번길 50,대전광역시 서구 탄방동 63-8,36.344480,127.3937281,2016,한전주,042-288-3950,대전광역시 서구청,2025-06-26
탄방동277,1,대전광역시 서구 문정로132번길 44,대전광역시 서구 탄방동 63-6,36.34468548,127.3938852,2016,한전주,042-288-3950,대전광역시 서구청,2025-06-26
탄방동278,1,대전광역시 서구 문정로132번길 37,대전광역시 서구 탄방동 936,36.34495263,127.394103,2016,전용주,042-288-3950,대전광역시 서구청,2025-06-26
탄방동279,1,대전광역시 서구 문정로132번길 31,대전광역시 서구 탄방동 934,36.345268,127.394110,2016,한전주,042-288-3950,대전광역시 서구청,2025-06-26
탄방동280,1,대전광역시 서구 문정로132번길 23,대전광역시 서구 탄방동 932,36.345586,127.394106,2016,한전주,042-288-3950,대전광역시 서구청,2025-06-26
탄방동281,1,대전광역시 서구 문정로132번길 14,대전광역시 서구 탄방동 988,36.34606141,127.3939605,2016,한전주,042-288-3950,대전광역시 서구청,2025-06-26
탄방동282,1,대전광역시 서구 문정로112번안길 66,대전광역시 서구 탄방동 961,36.34549113,127.395022,2016,전용주,042-288-3950,대전광역시 서구청,2025-06-26
탄방동283,1,대전광역시 서구 문정로112번안길 57,대전광역시 서구 탄방동 967,36.34586905,127.3949046,2016,전용주,042-288-3950,대전광역시 서구청,2025-06-26
탄방동284,1,대전광역시 서구 문정로112번안길 56,대전광역시 서구 탄방동 958,36.34569229,127.394644,2016,한전주,042-288-3950,대전광역시 서구청,2025-06-26
탄방동285,1,대전광역시 서구 문정로112번안길 51,대전광역시 서구 탄방동 970,36.345819,127.394453,2016,전용주,042-288-3950,대전광역시 서구청,2025-06-26
탄방동286,1,대전광역시 서구 남선로9번길 35-11,대전광역시 서구 탄방동 945,36.34538005,127.3943394,2016,전용주,042-288-3950,대전광역시 서구청,2025-06-26
탄방동287,1,대전광역시 서구 남선로9번길 47-2,대전광역시 서구 탄방동 952,36.345268,127.3949552,2016,전용주,042-288-3950,대전광역시 서구청,2025-06-26
탄방동288,1,대전광역시 서구 문정로112번안길 41,대전광역시 서구 탄방동 973,36.345821,127.3939561,2016,전용주,042-288-3950,대전광역시 서구청,2025-06-26
탄방동289,1,대전광역시 서구 문정로112번안길 32,대전광역시 서구 탄방동 909,36.34569181,127.3933966,2016,전용주,042-288-3950,대전광역시 서구청,2025-06-26
탄방동290,1,대전광역시 서구 문정로112번안길 23,대전광역시 서구 탄방동 980,36.345812,127.393071,2016,전용주,042-288-3950,대전광역시 서구청,2025-06-26
탄방동291,1,대전광역시 서구 문정로112번안길 17,대전광역시 서구 탄방동 861,36.345811,127.3926219,2016,전용주,042-288-3950,대전광역시 서구청,2025-06-26
탄방동292,1,대전광역시 서구 문정로112번안길 11,대전광역시 서구 탄방동 864,36.345820,127.392141,2016,전용주,042-288-3950,대전광역시 서구청,2025-06-26
탄방동293,1,대전광역시 서구 문정로112번안길 8-5,대전광역시 서구 탄방동 875,36.345545,127.3921969,2016,전용주,042-288-3950,대전광역시 서구청,2025-06-26
탄방동294,1,대전광역시 서구 탄방동 문정로112번안길 8-11,대전광역시 서구 탄방동 1443,36.34491075,127.3929773,2016,전용주,042-288-3950,대전광역시 서구청,2025-06-26
탄방동295,1,대전광역시 서구 문정로112번안길 16-11,대전광역시 서구 탄방동 885,36.34521279,127.3925872,2016,전용주,042-288-3950,대전광역시 서구청,2025-06-26
탄방동296,1,대전광역시 서구 문정로122번길 36,대전광역시 서구 탄방동 886,36.34497244,127.3927814,2016,전용주,042-288-3950,대전광역시 서구청,2025-06-26
탄방동297,1,대전광역시 서구 문정로122번길 28,대전광역시 서구 탄방동 892,36.34541817,127.3927511,2016,전용주,042-288-3950,대전광역시 서구청,2025-06-26
탄방동298,1,대전광역시 서구 문정로122번길 14,대전광역시 서구 탄방동 859,36.346002,127.3927638,2016,전용주,042-288-3950,대전광역시 서구청,2025-06-26
탄방동299,1,대전광역시 서구 문정로112번안길 16-7,대전광역시 서구 탄방동 883,36.34554262,127.392512,2016,전용주,042-288-3950,대전광역시 서구청,2025-06-26
탄방동300,1,대전광역시 서구 문정로122번길 40,대전광역시 서구 탄방동 887,36.34486069,127.3928645,2016,전용주,042-288-3950,대전광역시 서구청,2025-06-26
탄방동301,1,대전광역시 서구 도솔로437번길 6,대전광역시 서구 탄방동 63-12,36.344173,127.3926844,2016,한전주,042-288-3950,대전광역시 서구청,2025-06-26
탄방동302,1,대전광역시 서구 도솔로437번길 14,대전광역시 서구 탄방동 63-13,36.34424188,127.3928021,2016,한전주,042-288-3950,대전광역시 서구청,2025-06-26
탄방동303,1,대전광역시 서구 도솔로437번길 22,대전광역시 서구 탄방동 63-15,36.344539,127.3931938,2016,한전주,042-288-3950,대전광역시 서구청,2025-06-26
탄방동304,1,대전광역시 서구 도솔로437번길 28,대전광역시 서구 탄방동 63-4,36.34466915,127.393342,2016,한전주,042-288-3950,대전광역시 서구청,2025-06-26
탄방동305,1,대전광역시 서구 도솔로437번길 31-8,대전광역시 서구 탄방동 912,36.345226,127.3933941,2016,전용주,042-288-3950,대전광역시 서구청,2025-06-26
탄방동306,1,대전광역시 서구 도솔로437번길 31-16,대전광역시 서구 탄방동 910,36.34552019,127.393406,2016,전용주,042-288-3950,대전광역시 서구청,2025-06-26
탄방동307,1,대전광역시 서구 문정로112번안길 28,대전광역시 서구 탄방동 908,36.34570439,127.3931594,2016,전용주,042-288-3950,대전광역시 서구청,2025-06-26
탄방동308,1,대전광역시 서구 도솔로437번길 47,대전광역시 서구 탄방동 917,36.34554068,127.3935605,2016,전용주,042-288-3950,대전광역시 서구청,2025-06-26
탄방동309,1,대전광역시 서구 도솔로437번길 41,대전광역시 서구 탄방동 915,36.345204,127.3935571,2016,전용주,042-288-3950,대전광역시 서구청,2025-06-26
탄방동310,1,대전광역시 서구 문정로132번길 42-5,대전광역시 서구 탄방동 63-5,36.34476373,127.393751,2016,한전주,042-288-3950,대전광역시 서구청,2025-06-26
탄방동311,1,대전광역시 서구 남선로9번길 63-5,대전광역시 서구 탄방동 999,36.345691,127.3954216,2016,전용주,042-288-3950,대전광역시 서구청,2025-06-26
탄방동312,1,대전광역시 서구 남선로9번길 63-9,대전광역시 서구 탄방동 997,36.34583272,127.395261,2016,전용주,042-288-3950,대전광역시 서구청,2025-06-26
탄방동313,1,대전광역시 서구 탄방로7번길 84,대전광역시 서구 탄방동 994,36.346069,127.3949328,2016,전용주,042-288-3950,대전광역시 서구청,2025-06-26
탄방동314,1,대전광역시 서구 유등로669번길 34,대전광역시 서구 탄방동 1320,36.34753213,127.4000634,2016,전용주,042-288-3950,대전광역시 서구청,2025-06-26
탄방동315,1,대전광역시 서구 유등로669번길 30,대전광역시 서구 탄방동 1333,36.34752806,127.400269,2016,전용주,042-288-3950,대전광역시 서구청,2025-06-26
탄방동316,1,대전광역시 서구 유등로669번길 15,대전광역시 서구 탄방동 1478-1,36.34698753,127.400823,2016,한전주,042-288-3950,대전광역시 서구청,2025-06-26
탄방동317,1,대전광역시 서구 도솔로483번길 126,대전광역시 서구 탄방동 1478-14,36.34673366,127.4006922,2016,한전주,042-288-3950,대전광역시 서구청,2025-06-26
탄방동318,1,대전광역시 서구 도솔로483번길 116,대전광역시 서구 탄방동 1479-1,36.34634085,127.4005527,2016,전용주,042-288-3950,대전광역시 서구청,2025-06-26
탄방동319,1,대전광역시 서구 도솔로483번길 114,대전광역시 서구 탄방동 1479-12,36.346216,127.4005002,2016,한전주,042-288-3950,대전광역시 서구청,2025-06-26
탄방동320,1,대전광역시 서구 도솔로483번길 110,대전광역시 서구 탄방동 1479-7,36.346034,127.4004456,2016,한전주,042-288-3950,대전광역시 서구청,2025-06-26
탄방동321,1,대전광역시 서구 도솔로483번길 104,대전광역시 서구 탄방동 1479-11,36.345748,127.4003134,2016,한전주,042-288-3950,대전광역시 서구청,2025-06-26
탄방동322,1,대전광역시 서구 도솔로483번길 100,대전광역시 서구 탄방동 1479-6,36.34562382,127.4002477,2016,한전주,042-288-3950,대전광역시 서구청,2025-06-26
탄방동323,1,대전광역시 서구 도솔로483번길 87,대전광역시 서구 탄방동 1386,36.345210,127.3997132,2016,한전주,042-288-3950,대전광역시 서구청,2025-06-26
탄방동324,1,대전광역시 서구 도솔로483번길 85,대전광역시 서구 탄방동 1387,36.345003,127.399776,2016,한전주,042-288-3950,대전광역시 서구청,2025-06-26
탄방동325,1,대전광역시 서구 도솔로483번길 78,대전광역시 서구 탄방동 1482-15,36.344731,127.3998341,2016,한전주,042-288-3950,대전광역시 서구청,2025-06-26
탄방동326,1,대전광역시 서구 도솔로483번길 78,대전광역시 서구 탄방동 1482-15,36.34471772,127.3998341,2016,한전주,042-288-3950,대전광역시 서구청,2025-06-26
탄방동327,1,대전광역시 서구 도솔로483번길 66,대전광역시 서구 탄방동 1483-16,36.3441755,127.3996143,2016,한전주,042-288-3950,대전광역시 서구청,2025-06-26
탄방동328,1,대전광역시 서구 도솔로483번길 66,대전광역시 서구 탄방동 1483-16,36.3441755,127.3996143,2016,한전주,042-288-3950,대전광역시 서구청,2025-06-26
탄방동329,1,대전광역시 서구 도솔로483번길 56,대전광역시 서구 탄방동 1483-14,36.343777,127.3995786,2016,한전주,042-288-3950,대전광역시 서구청,2025-06-26
탄방동330,1,대전광역시 서구 도솔로483번길 54,대전광역시 서구 탄방동 1483-13,36.3436299,127.399440,2016,한전주,042-288-3950,대전광역시 서구청,2025-06-26
탄방동331,1,대전광역시 서구 도솔로483번길 46,대전광역시 서구 탄방동 1414,36.343260,127.3991247,2016,한전주,042-288-3950,대전광역시 서구청,2025-06-26
탄방동332,1,대전광역시 서구 도솔로483번길 38,대전광역시 서구 탄방동 1412,36.343074,127.3988614,2016,한전주,042-288-3950,대전광역시 서구청,2025-06-26
탄방동333,1,대전광역시 서구 도솔로483번길 30,대전광역시 서구 탄방동 1410,36.342847,127.3985591,2016,한전주,042-288-3950,대전광역시 서구청,2025-06-26
탄방동334,1,대전광역시 서구 도솔로483번길 22,대전광역시 서구 탄방동 1407,36.34257537,127.398221,2016,한전주,042-288-3950,대전광역시 서구청,2025-06-26
탄방동335,1,대전광역시 서구 도솔로483번길 18,대전광역시 서구 탄방동 1405,36.34247979,127.397976,2016,한전주,042-288-3950,대전광역시 서구청,2025-06-26
탄방동336,1,대전광역시 서구 도솔로483번길 8,대전광역시 서구 탄방동 1403,36.34241394,127.3974891,2016,한전주,042-288-3950,대전광역시 서구청,2025-06-26
탄방동337,1,대전광역시 서구 도솔로483번길 8,대전광역시 서구 탄방동 1403,36.342407,127.3974891,2016,한전주,042-288-3950,대전광역시 서구청,2025-06-26
탄방동338,1,대전광역시 서구 도솔로 487-9,대전광역시 서구 탄방동 1429,36.342338,127.397716,2016,한전주,042-288-3950,대전광역시 서구청,2025-06-26
탄방동339,1,대전광역시 서구 도솔로483번길 66-1,대전광역시 서구 탄방동 1483-17,36.34414869,127.399732,2016,전용주,042-288-3950,대전광역시 서구청,2025-06-26
탄방동340,1,대전광역시 서구 도솔로483번길 74-11,대전광역시 서구 탄방동 1482-10,36.34474645,127.4001606,2016,전용주,042-288-3950,대전광역시 서구청,2025-06-26
탄방동341,1,대전광역시 서구 도솔로483번길 74-13,대전광역시 서구 탄방동 1482-13,36.34457403,127.4002236,2016,한전주,042-288-3950,대전광역시 서구청,2025-06-26
탄방동342,1,대전광역시 서구 도산로 477-18,대전광역시 서구 탄방동 1481-33,36.344661,127.4005844,2016,한전주,042-288-3950,대전광역시 서구청,2025-06-26
탄방동343,1,대전광역시 서구 도산로 477-28,대전광역시 서구 탄방동 1481-41,36.345037,127.4007828,2016,한전주,042-288-3950,대전광역시 서구청,2025-06-26
탄방동344,1,대전광역시 서구 유등로655번길 15,대전광역시 서구 탄방동 1481-1,36.345383,127.400702,2016,한전주,042-288-3950,대전광역시 서구청,2025-06-26
탄방동345,1,대전광역시 서구 유등로655번길 11,대전광역시 서구 탄방동 1481-37,36.3452992,127.4009792,2016,한전주,042-288-3950,대전광역시 서구청,2025-06-26
탄방동346,1,대전광역시 서구 유등로655번길 7,대전광역시 서구 탄방동 1481-2,36.34526983,127.4011896,2016,한전주,042-288-3950,대전광역시 서구청,2025-06-26
탄방동347,1,대전광역시 서구 유등로655번길 18-6,대전광역시 서구 탄방동 1480-14,36.34568212,127.4008943,2016,한전주,042-288-3950,대전광역시 서구청,2025-06-26
탄방동348,1,대전광역시 서구 유등로661번길 7,대전광역시 서구 탄방동 1480-4,36.34599551,127.4012271,2016,전용주,042-288-3950,대전광역시 서구청,2025-06-26
탄방동349,1,대전광역시 서구 유등로661번길 16,대전광역시 서구 탄방동 1478-15,36.3463913,127.401038,2016,한전주,042-288-3950,대전광역시 서구청,2025-06-26
탄방동350,1,대전광역시 서구 유등로661번길 22,대전광역시 서구 탄방동 1478-12,36.34652875,127.4007139,2016,한전주,042-288-3950,대전광역시 서구청,2025-06-26
탄방동351,1,대전광역시 서구 도산로431번길 11,대전광역시 서구 탄방동 71-1,36.34160499,127.3964475,2016,한전주,042-288-3950,대전광역시 서구청,2025-06-26
탄방동352,1,대전광역시 서구 도산로431번길 21,대전광역시 서구 탄방동 72-1,36.34156608,127.3955963,2016,한전주,042-288-3950,대전광역시 서구청,2025-06-26
탄방동353,1,대전광역시 서구 도산로431번길 20-3,대전광역시 서구 탄방동 70-9,36.34226766,127.396573,2016,한전주,042-288-3950,대전광역시 서구청,2025-06-26
탄방동354,1,대전광역시 서구 도산로431번길 24,대전광역시 서구 탄방동 70-22,36.342053,127.3962671,2016,한전주,042-288-3950,대전광역시 서구청,2025-06-26
탄방동355,1,대전광역시 서구 도산로431번길 37,대전광역시 서구 탄방동 73-11,36.342471,127.3955474,2016,한전주,042-288-3950,대전광역시 서구청,2025-06-26
탄방동361,1,대전광역시 서구 계룡로603번길 88,대전광역시 서구 탄방동 66-23,36.34370485,127.3935198,2016,한전주,042-288-3950,대전광역시 서구청,2025-06-26
탄방동369,1,대전광역시 서구 도산로 419-26,대전광역시 서구 탄방동 72-9,36.34135179,127.395139,2016,한전주,042-288-3950,대전광역시 서구청,2025-06-26
탄방동372,1,대전광역시 서구 도산로431번길 26,대전광역시 서구 탄방동 70-10,36.34219918,127.3961328,2016,한전주,042-288-3950,대전광역시 서구청,2025-06-26
탄방동373,1,대전광역시 서구 도솔로 476,대전광역시 서구 탄방동 69-8,36.34274589,127.3962794,2016,한전주,042-288-3950,대전광역시 서구청,2025-06-26
탄방동374,1,대전광역시 서구 도산로431번길 21,대전광역시 서구 탄방동 72-1,36.34156608,127.3955963,2016,전용주,042-288-3950,대전광역시 서구청,2025-06-26
탄방동375,1,대전광역시 서구 도산로431번길 13-9,대전광역시 서구 탄방동 71-24,36.34137649,127.396190,2016,전용주,042-288-3950,대전광역시 서구청,2025-06-26
탄방동376,1,대전광역시 서구 도산로431번길 13-12,대전광역시 서구 탄방동 72-4,36.34153853,127.395862,2016,한전주,042-288-3950,대전광역시 서구청,2025-06-26
탄방동377,1,대전광역시 서구 도산로431번길 13-19,대전광역시 서구 탄방동 71-14,36.341139,127.3958284,2016,한전주,042-288-3950,대전광역시 서구청,2025-06-26
탄방동378,1,대전광역시 서구 탄방동 도산로 419-17,대전광역시 서구 탄방동 75-15,36.341037,127.395534,2016,한전주,042-288-3950,대전광역시 서구청,2025-06-26
탄방동379,1,대전광역시 서구 도산로 419-26,대전광역시 서구 탄방동 72-9,36.34135179,127.395176,2016,한전주,042-288-3950,대전광역시 서구청,2025-06-26
탄방동380,1,대전광역시 서구 탄방동 도산로 419-17,대전광역시 서구 탄방동 75-15,36.341024,127.395356,2016,한전주,042-288-3950,대전광역시 서구청,2025-06-26
탄방동381,1,대전광역시 서구 도산로 419-13,대전광역시 서구 탄방동 75-3,36.340841,127.3954747,2016,한전주,042-288-3950,대전광역시 서구청,2025-06-26
탄방동382,1,대전광역시 서구 탄방동 탄방로 87-7,대전광역시 서구 탄방동 75-12,36.340661,127.395332,2016,전용주,042-288-3950,대전광역시 서구청,2025-06-26
탄방동383,1,대전광역시 서구 남선로 11,대전광역시 서구 탄방동 1081,36.344545,127.3959781,2016,한전주,042-288-3950,대전광역시 서구청,2025-06-26
탄방동384,1,대전광역시 서구 남선로9번길 3,대전광역시 서구 탄방동 65-25,36.34416197,127.3958252,2016,한전주,042-288-3950,대전광역시 서구청,2025-06-26
탄방동385,1,대전광역시 서구 남선로 4-11,대전광역시 서구 탄방동 548-11,36.343921,127.396299,2016,한전주,042-288-3950,대전광역시 서구청,2025-06-26
탄방동386,1,대전광역시 서구 남선로 3,대전광역시 서구 탄방동 65-5,36.343850,127.395583,2016,한전주,042-288-3950,대전광역시 서구청,2025-06-26
탄방동387,1,대전광역시 서구 도산로403번길 12,대전광역시 서구 탄방동 77-12,36.340195,127.394625,2016,전용주,042-288-3950,대전광역시 서구청,2025-06-26
탄방동388,1,대전광역시 서구 문정로112번길 54-9,대전광역시 서구 탄방동 809,36.3447142,127.3905151,2016,전용주,042-288-3950,대전광역시 서구청,2025-06-26
탄방동389,1,대전광역시 서구 탄방로 15,대전광역시 서구 탄방동 814,36.34604285,127.3909956,2016,전용주,042-288-3950,대전광역시 서구청,2025-06-26
탄방동390,1,대전광역시 서구 탄방로 15,대전광역시 서구 탄방동 814,36.34604285,127.3909956,2016,전용주,042-288-3950,대전광역시 서구청,2025-06-26
탄방동391,1,대전광역시 서구 탄방로 15,대전광역시 서구 탄방동 814,36.34604285,127.3909956,2016,전용주,042-288-3950,대전광역시 서구청,2025-06-26
탄방동392,1,대전광역시 서구 문정로112번길 25,대전광역시 서구 탄방동 869,36.345512,127.391713,2016,전용주,042-288-3950,대전광역시 서구청,2025-06-26
탄방동393,1,대전광역시 서구 문정로112번안길 3,대전광역시 서구 탄방동 867,36.345894,127.391715,2016,전용주,042-288-3950,대전광역시 서구청,2025-06-26
탄방동394,1,대전광역시 서구 탄방로7번길 27,대전광역시 서구 탄방동 851,36.3462969,127.391715,2016,전용주,042-288-3950,대전광역시 서구청,2025-06-26
탄방동395,1,대전광역시 서구 문정로48번길 70,대전광역시 서구 탄방동 642,36.34364808,127.3840454,2016,전용주,042-288-3950,대전광역시 서구청,2025-06-26
탄방동396,1,대전광역시 서구 문정로48번길 70,대전광역시 서구 탄방동 642,36.34364808,127.3840454,2016,전용주,042-288-3950,대전광역시 서구청,2025-06-26
탄방동397,1,대전광역시 서구 문정로40번길 64,대전광역시 서구 탄방동 641,36.3436628,127.383446,2016,전용주,042-288-3950,대전광역시 서구청,2025-06-26
탄방동398,1,대전광역시 서구 탄방동 문정로2번길 51,대전광역시 서구 탄방동 639,36.34380278,127.382886,2016,전용주,042-288-3950,대전광역시 서구청,2025-06-26
탄방동399,1,대전광역시 서구 문정로60번길 60,대전광역시 서구 탄방동 670,36.34403474,127.3857636,2016,전용주,042-288-3950,대전광역시 서구청,2025-06-26
탄방동403,1,대전광역시 서구 문정로132번길 49-1,대전광역시 서구 탄방동 64-23,36.344336,127.394116,2016,한전주,042-288-3950,대전광역시 서구청,2025-06-26
탄방동404,1,대전광역시 서구 문정로2번길 51,대전광역시 서구 탄방동 638,36.34380278,127.3828764,2016,전용주,042-288-3950,대전광역시 서구청,2025-06-26
탄방동405,1,대전광역시 서구 문정로2번길 33,대전광역시 서구 탄방동 636,36.3440584,127.382035,2016,전용주,042-288-3950,대전광역시 서구청,2025-06-26
탄방동406,1,대전광역시 서구 문정로2번길 25,대전광역시 서구 탄방동 635,36.34420778,127.3816313,2016,전용주,042-288-3950,대전광역시 서구청,2025-06-26
탄방동407,1,대전광역시 서구 계룡로509번길 6,대전광역시 서구 탄방동 634,36.34436425,127.3813702,2016,전용주,042-288-3950,대전광역시 서구청,2025-06-26
탄방동408,1,대전광역시 서구 남선로23번길 25,대전광역시 서구 탄방동 1043,36.346149,127.3954312,2016,전용주,042-288-3950,대전광역시 서구청,2025-06-26
탄방동409,1,대전광역시 서구 남선로23번길 15,대전광역시 서구 탄방동 1046,36.345855,127.3957996,2016,전용주,042-288-3950,대전광역시 서구청,2025-06-26
탄방동410,1,대전광역시 서구 계룡로509번길 7,대전광역시 서구 탄방동 610,36.34471713,127.3811489,2016,전용주,042-288-3950,대전광역시 서구청,2025-06-26
탄방동411,1,대전광역시 서구 계룡로509번길 7,대전광역시 서구 탄방동 610,36.34471713,127.3811489,2016,전용주,042-288-3950,대전광역시 서구청,2025-06-26
탄방동412,1,대전광역시 서구 탄방동 문정로 6,대전광역시 서구 탄방동 609,36.34485918,127.3808867,2016,전용주,042-288-3950,대전광역시 서구청,2025-06-26
탄방동413,1,대전광역시 서구 문정로2번길 95,대전광역시 서구 탄방동 673,36.3432877,127.3854729,2016,전용주,042-288-3950,대전광역시 서구청,2025-06-26
탄방동414,1,대전광역시 서구 문정로2번길 109,대전광역시 서구 탄방동 674,36.34315006,127.3859834,2016,전용주,042-288-3950,대전광역시 서구청,2025-06-26
탄방동415,1,대전광역시 서구 문정로2번길 113,대전광역시 서구 탄방동 675,36.34312954,127.3862815,2016,전용주,042-288-3950,대전광역시 서구청,2025-06-26
탄방동416,1,대전광역시 서구 문정로2번길 123,대전광역시 서구 탄방동 677,36.34300471,127.3868163,2016,전용주,042-288-3950,대전광역시 서구청,2025-06-26
탄방동417,1,대전광역시 서구 문정로2번길 127,대전광역시 서구 탄방동 678,36.34293811,127.3870685,2016,전용주,042-288-3950,대전광역시 서구청,2025-06-26
탄방동418,1,대전광역시 서구 문정로2번길 137,대전광역시 서구 탄방동 679,36.34276391,127.3876244,2016,전용주,042-288-3950,대전광역시 서구청,2025-06-26
탄방동419,1,대전광역시 서구 문정로2번길 137,대전광역시 서구 탄방동 679,36.34276391,127.3876244,2016,전용주,042-288-3950,대전광역시 서구청,2025-06-26
탄방동420,1,대전광역시 서구 계룡로583번길 9,대전광역시 서구 탄방동 682,36.3426224,127.3882732,2016,전용주,042-288-3950,대전광역시 서구청,2025-06-26
탄방동421,1,대전광역시 서구 계룡로583번길 9,대전광역시 서구 탄방동 682,36.3426224,127.3882732,2016,전용주,042-288-3950,대전광역시 서구청,2025-06-26
탄방동422,1,대전광역시 서구 계룡로603번길 45,대전광역시 서구 탄방동 58-21,36.34240796,127.3919596,2023,한전주,042-288-3950,대전광역시 서구청,2025-06-26
탄방동423,1,대전광역시 서구 도솔로483번길 18,대전광역시 서구 탄방동 1405,36.34247979,127.3979284,2023,한전주,042-288-3950,대전광역시 서구청,2025-06-26
탄방동424,1,대전광역시 서구 도솔로483번길 18,대전광역시 서구 탄방동 1405,36.34247979,127.3979284,2023,한전주,042-288-3950,대전광역시 서구청,2025-06-26
탄방동425,1,대전광역시 서구 탄방로 56,대전광역시 서구 탄방동 87-1,36.34236528,127.3924691,2023,전용주,042-288-3950,대전광역시 서구청,2025-06-26
탄방동426,1,대전광역시 서구 도솔로412번길 8-15,대전광역시 서구 탄방동 91-33,36.34180208,127.390547,2023,한전주,042-288-3950,대전광역시 서구청,2025-06-26
탄방동427,1,대전광역시 서구 도솔로412번길 8-7,대전광역시 서구 탄방동 91-34,36.341815,127.390409,2023,한전주,042-288-3950,대전광역시 서구청,2025-06-26
탄방동428,1,대전광역시 서구 도솔로412번길 8-15,대전광역시 서구 탄방동 91-33,36.341868,127.3905621,2023,한전주,042-288-3950,대전광역시 서구청,2025-06-26
탄방동430,1,대전광역시 서구 탄방동 도산로431번길 26,대전광역시 서구 탄방동 73-2,36.342289,127.3956916,2023,한전주,042-288-3950,대전광역시 서구청,2025-06-26
탄방동431,1,대전광역시 서구 도산로 433,대전광역시 서구 탄방동 70-5,36.341614,127.3968911,2023,전용주,042-288-3950,대전광역시 서구청,2025-06-26
탄방동432,1,대전광역시 서구 문정로112번안길 16-11,대전광역시 서구 탄방동 885,36.34521279,127.392536,2023,전용주,042-288-3950,대전광역시 서구청,2025-06-26
탄방동433,1,대전광역시 서구 남선로9번길 61,대전광역시 서구 탄방동 1000,36.3456119,127.395529,2023,전용주,042-288-3950,대전광역시 서구청,2025-06-26
탄방동434,1,대전광역시 서구 탄방로 23,대전광역시 서구 탄방동 803,36.344764,127.390306,2023,전용주,042-288-3950,대전광역시 서구청,2025-06-26
탄방동435,1,대전광역시 서구 문정로112번길 54-9,대전광역시 서구 탄방동 809,36.344775,127.3905151,2023,전용주,042-288-3950,대전광역시 서구청,2025-06-26
탄방동436,1,대전광역시 서구 문정로112번길 54-10,대전광역시 서구 탄방동 810,36.344772,127.3907909,2023,한전주,042-288-3950,대전광역시 서구청,2025-06-26
탄방동437,1,대전광역시 서구 문정로132번길 56,대전광역시 서구 탄방동 63-22,36.34418361,127.3936683,2023,전용주,042-288-3950,대전광역시 서구청,2025-06-26
탄방동438,1,,대전광역시 서구 탄방동 1280,36.348527,127.3991213,2024,전용주,042-288-3950,대전광역시 서구청,2025-06-26
탄방동439,1,,대전광역시 서구 탄방동 1084-1,36.347610,127.3995766,2024,전용주,042-288-3950,대전광역시 서구청,2025-06-26
탄방동440,1,,대전광역시 서구 탄방동 1084-1,36.34765675,127.3995766,2024,전용주,042-288-3950,대전광역시 서구청,2025-06-26
탄방동441,1,,대전광역시 서구 탄방동 1084-1,36.34765675,127.3995766,2024,전용주,042-288-3950,대전광역시 서구청,2025-06-26
탄방동443,1,,대전광역시 서구 탄방동 1084-1,36.34765675,127.3995766,2024,전용주,042-288-3950,대전광역시 서구청,2025-06-26
탄방동444,1,,대전광역시 서구 탄방동 1084-1,36.34765675,127.3995766,2024,전용주,042-288-3950,대전광역시 서구청,2025-06-26
탄방동445,1,,대전광역시 서구 탄방동 1438,36.34633666,127.396479,2024,전용주,042-288-3950,대전광역시 서구청,2025-06-26
탄방동446,1,,대전광역시 서구 탄방동 1438,36.34633666,127.396479,2024,전용주,042-288-3950,대전광역시 서구청,2025-06-26
탄방동447,1,,대전광역시 서구 탄방동 1435,36.34796008,127.3993837,2024,전용주,042-288-3950,대전광역시 서구청,2025-06-26
탄방동448,1,,대전광역시 서구 탄방동 1438,36.34633666,127.396479,2024,전용주,042-288-3950,대전광역시 서구청,2025-06-26
탄방동449,1,,대전광역시 서구 탄방동 866,36.345838,127.3919229,2023,전용주,042-288-3950,대전광역시 서구청,2025-06-26
탄방동450,1,,대전광역시 서구 탄방동 86-19,36.341062,127.3939928,2023,전용주,042-288-3950,대전광역시 서구청,2025-06-26
탄방동451,1,,대전광역시 서구 탄방동 1084-1,36.34765675,127.3995766,2024,전용주,042-288-3950,대전광역시 서구청,2025-06-26
평촌동001,1,,대전광역시 서구 평촌동 431,36.23705932,127.3096949,2016,전용주,042-288-3950,대전광역시 서구청,2025-06-26
평촌동002,1,대전광역시 서구 증촌1길 49,대전광역시 서구 평촌동 637,36.23683183,127.3091356,2016,한전주,042-288-3950,대전광역시 서구청,2025-06-26
평촌동003,1,,대전광역시 서구 평촌동 429-1,36.236651,127.3083786,2016,한전주,042-288-3950,대전광역시 서구청,2025-06-26
평촌동004,1,,대전광역시 서구 평촌동 582,36.23619495,127.307118,2016,한전주,042-288-3950,대전광역시 서구청,2025-06-26
평촌동005,1,대전광역시 서구 증촌2길 9,대전광역시 서구 평촌동 646,36.236701,127.3068938,2016,한전주,042-288-3950,대전광역시 서구청,2025-06-26
평촌동006,1,대전광역시 서구 증촌2길 11,대전광역시 서구 평촌동 797,36.23670618,127.3066244,2016,한전주,042-288-3950,대전광역시 서구청,2025-06-26
평촌동007,1,,대전광역시 서구 평촌동 790-1,36.23723311,127.306529,2016,한전주,042-288-3950,대전광역시 서구청,2025-06-26
평촌동008,1,,대전광역시 서구 평촌동 785-3,36.23794842,127.3050355,2016,한전주,042-288-3950,대전광역시 서구청,2025-06-26
평촌동009,1,,대전광역시 서구 평촌동 773,36.238093,127.3036615,2016,한전주,042-288-3950,대전광역시 서구청,2025-06-26
평촌동010,1,대전광역시 서구 증촌2길 17-97,대전광역시 서구 평촌동 765,36.23886967,127.301875,2016,한전주,042-288-3950,대전광역시 서구청,2025-06-26
평촌동011,1,,대전광역시 서구 평촌동 769,36.23849438,127.3024755,2016,한전주,042-288-3950,대전광역시 서구청,2025-06-26
평촌동012,1,,대전광역시 서구 평촌동 900,36.23964952,127.3011014,2016,한전주,042-288-3950,대전광역시 서구청,2025-06-26
평촌동013,1,,대전광역시 서구 평촌동 903,36.24029005,127.3005559,2016,한전주,042-288-3950,대전광역시 서구청,2025-06-26
평촌동014,1,대전광역시 서구 증촌2길 30,대전광역시 서구 평촌동 788-2,36.23752897,127.3064129,2016,한전주,042-288-3950,대전광역시 서구청,2025-06-26
평촌동015,1,,대전광역시 서구 평촌동 583,36.236054,127.3072024,2016,한전주,042-288-3950,대전광역시 서구청,2025-06-26
평촌동016,1,,대전광역시 서구 평촌동 47-6,36.235857,127.307475,2016,한전주,042-288-3950,대전광역시 서구청,2025-06-26
평촌동017,1,,대전광역시 서구 평촌동 428-4,36.23570433,127.307827,2016,한전주,042-288-3950,대전광역시 서구청,2025-06-26
평촌동018,1,,대전광역시 서구 평촌동 574-1,36.23550778,127.3073244,2016,한전주,042-288-3950,대전광역시 서구청,2025-06-26
평촌동019,1,대전광역시 서구 증촌1길 128-8,대전광역시 서구 평촌동 566-1,36.23495127,127.307505,2016,한전주,042-288-3950,대전광역시 서구청,2025-06-26
평촌동020,1,,대전광역시 서구 평촌동 564-1,36.23455329,127.3076837,2016,전용주,042-288-3950,대전광역시 서구청,2025-06-26
평촌동021,1,,대전광역시 서구 평촌동 531,36.23394307,127.3083011,2016,한전주,042-288-3950,대전광역시 서구청,2025-06-26
평촌동022,1,대전광역시 서구 평촌동 증촌1길 119,대전광역시 서구 평촌동 573-1,36.23559148,127.3071318,2016,한전주,042-288-3950,대전광역시 서구청,2025-06-26
평촌동023,1,,대전광역시 서구 평촌동 833-5,36.235651,127.306760,2016,한전주,042-288-3950,대전광역시 서구청,2025-06-26
평촌동024,1,대전광역시 서구 증촌1길 106-3,대전광역시 서구 평촌동 835,36.23550913,127.3062672,2016,한전주,042-288-3950,대전광역시 서구청,2025-06-26
평촌동025,1,대전광역시 서구 증촌1길 104,대전광역시 서구 평촌동 830-2,36.23581009,127.3061774,2016,한전주,042-288-3950,대전광역시 서구청,2025-06-26
평촌동026,1,대전광역시 서구 증촌1길 104-10,대전광역시 서구 평촌동 807,36.23594935,127.3058141,2016,전용주,042-288-3950,대전광역시 서구청,2025-06-26
평촌동027,1,,대전광역시 서구 평촌동 825,36.23577872,127.305454,2016,한전주,042-288-3950,대전광역시 서구청,2025-06-26
평촌동028,1,,대전광역시 서구 평촌동 809,36.23598021,127.3049006,2016,전용주,042-288-3950,대전광역시 서구청,2025-06-26
평촌동029,1,,대전광역시 서구 평촌동 683-5,36.23812151,127.311035,2016,한전주,042-288-3950,대전광역시 서구청,2025-06-26
평촌동030,1,,대전광역시 서구 평촌동 676,36.23892762,127.3102242,2016,전용주,042-288-3950,대전광역시 서구청,2025-06-26
평촌동031,1,대전광역시 서구 증촌1길 4-84,대전광역시 서구 평촌동 731,36.240813,127.3103662,2016,한전주,042-288-3950,대전광역시 서구청,2025-06-26
평촌동032,1,,대전광역시 서구 평촌동 686-1,36.23889856,127.3116874,2016,한전주,042-288-3950,대전광역시 서구청,2025-06-26
평촌동033,1,대전광역시 서구 돌마루길 208-19,대전광역시 서구 평촌동 686-4,36.23902801,127.3119248,2016,전용주,042-288-3950,대전광역시 서구청,2025-06-26
평촌동034,1,,대전광역시 서구 평촌동 328,36.23898533,127.312963,2016,한전주,042-288-3950,대전광역시 서구청,2025-06-26
평촌동035,1,,대전광역시 서구 평촌동 322,36.23880281,127.3126455,2016,전용주,042-288-3950,대전광역시 서구청,2025-06-26
평촌동036,1,대전광역시 서구 평촌동 돌마루길 231,대전광역시 서구 평촌동 327,36.238702,127.3131154,2016,한전주,042-288-3950,대전광역시 서구청,2025-06-26
평촌동037,1,대전광역시 서구 돌마루길 232,대전광역시 서구 평촌동 325,36.23841823,127.3129383,2016,한전주,042-288-3950,대전광역시 서구청,2025-06-26
평촌동038,1,대전광역시 서구 평촌동 길마루길 141,대전광역시 서구 평촌동 683-17,36.237701,127.3113835,2016,한전주,042-288-3950,대전광역시 서구청,2025-06-26
평촌동039,1,,대전광역시 서구 평촌동 369,36.23781409,127.3124987,2016,한전주,042-288-3950,대전광역시 서구청,2025-06-26
평촌동040,1,대전광역시 서구 길마루길 117-3,대전광역시 서구 평촌동 367,36.237815,127.3127217,2016,한전주,042-288-3950,대전광역시 서구청,2025-06-26
평촌동041,1,대전광역시 서구 길마루길 117-81,대전광역시 서구 평촌동 377,36.23692723,127.3140974,2016,한전주,042-288-3950,대전광역시 서구청,2025-06-26
평촌동042,1,대전광역시 서구 길마루길 117-55,대전광역시 서구 평촌동 364,36.23810672,127.3138869,2016,한전주,042-288-3950,대전광역시 서구청,2025-06-26
평촌동043,1,대전광역시 서구 길마루길 110,대전광역시 서구 평촌동 326,36.238186,127.3126603,2016,한전주,042-288-3950,대전광역시 서구청,2025-06-26
평촌동044,1,대전광역시 서구 길마루길 110,대전광역시 서구 평촌동 326,36.23819816,127.3126603,2016,한전주,042-288-3950,대전광역시 서구청,2025-06-26
평촌동045,1,대전광역시 서구 평촌동 길마루길 92,대전광역시 서구 평촌동 337-4,36.23852486,127.3138949,2016,한전주,042-288-3950,대전광역시 서구청,2025-06-26
평촌동046,1,대전광역시 서구 길마루길 80,대전광역시 서구 평촌동 339,36.23910763,127.3143185,2016,한전주,042-288-3950,대전광역시 서구청,2025-06-26
평촌동047,1,대전광역시 서구 길마루길 68,대전광역시 서구 평촌동 339-2,36.23913639,127.3146891,2016,한전주,042-288-3950,대전광역시 서구청,2025-06-26
평촌동048,1,대전광역시 서구 길마루길 57,대전광역시 서구 평촌동 357,36.23918459,127.315142,2016,한전주,042-288-3950,대전광역시 서구청,2025-06-26
평촌동049,1,대전광역시 서구 길마루길 58,대전광역시 서구 평촌동 335-2,36.239544,127.3152408,2016,한전주,042-288-3950,대전광역시 서구청,2025-06-26
평촌동050,1,,대전광역시 서구 평촌동 310-4,36.23992166,127.3150317,2016,한전주,042-288-3950,대전광역시 서구청,2025-06-26
평촌동051,1,,대전광역시 서구 평촌동 355-5,36.239752,127.314280,2016,한전주,042-288-3950,대전광역시 서구청,2025-06-26
평촌동052,1,,대전광역시 서구 평촌동 315,36.23998148,127.3141273,2016,한전주,042-288-3950,대전광역시 서구청,2025-06-26
평촌동053,1,대전광역시 서구 돌마루길 198,대전광역시 서구 평촌동 318-25,36.23981965,127.3132586,2016,한전주,042-288-3950,대전광역시 서구청,2025-06-26
평촌동054,1,,대전광역시 서구 평촌동 333-1,36.23946788,127.3133411,2016,한전주,042-288-3950,대전광역시 서구청,2025-06-26
평촌동055,1,,대전광역시 서구 평촌동 316-19,36.23966024,127.3125797,2016,한전주,042-288-3950,대전광역시 서구청,2025-06-26
평촌동056,1,대전광역시 서구 평촌동 돌마루길 188-12,대전광역시 서구 평촌동 316-22,36.24039899,127.3141313,2016,전용주,042-288-3950,대전광역시 서구청,2025-06-26
평촌동057,1,대전광역시 서구 돌마루길 188-15,대전광역시 서구 평촌동 318-14,36.2405812,127.3134472,2016,한전주,042-288-3950,대전광역시 서구청,2025-06-26
평촌동058,1,대전광역시 서구 돌마루길 188-18,대전광역시 서구 평촌동 318-12,36.24065855,127.313819,2016,한전주,042-288-3950,대전광역시 서구청,2025-06-26
평촌동059,1,,대전광역시 서구 평촌동 316-15,36.24084786,127.3145065,2016,한전주,042-288-3950,대전광역시 서구청,2025-06-26
평촌동060,1,,대전광역시 서구 평촌동 286-3,36.24087558,127.3148442,2016,한전주,042-288-3950,대전광역시 서구청,2025-06-26
평촌동061,1,대전광역시 서구 당고개길 55,대전광역시 서구 평촌동 284-2,36.24159116,127.3151298,2016,한전주,042-288-3950,대전광역시 서구청,2025-06-26
평촌동062,1,,대전광역시 서구 평촌동 284-1,36.241757,127.3153368,2016,한전주,042-288-3950,대전광역시 서구청,2025-06-26
평촌동063,1,,대전광역시 서구 평촌동 283-3,36.24202746,127.3149819,2016,한전주,042-288-3950,대전광역시 서구청,2025-06-26
평촌동064,1,대전광역시 서구 평촌동 당고개길 103,대전광역시 서구 평촌동 282,36.24365815,127.3144418,2016,한전주,042-288-3950,대전광역시 서구청,2025-06-26
평촌동065,1,,대전광역시 서구 평촌동 745-1,36.244442,127.3140307,2016,한전주,042-288-3950,대전광역시 서구청,2025-06-26
평촌동066,1,,대전광역시 서구 평촌동 284-1,36.24177395,127.3153368,2016,한전주,042-288-3950,대전광역시 서구청,2025-06-26
평촌동067,1,대전광역시 서구 평촌동 당고개길 48-11,대전광역시 서구 평촌동 284-3,36.24172614,127.315616,2016,한전주,042-288-3950,대전광역시 서구청,2025-06-26
평촌동068,1,대전광역시 서구 당고개길 37,대전광역시 서구 평촌동 287-9,36.24103259,127.3158193,2016,한전주,042-288-3950,대전광역시 서구청,2025-06-26
평촌동069,1,대전광역시 서구 길마루길 34,대전광역시 서구 평촌동 341-6,36.23966138,127.3163799,2016,한전주,042-288-3950,대전광역시 서구청,2025-06-26
평촌동070,1,대전광역시 서구 당고개길 12,대전광역시 서구 평촌동 343-1,36.24010204,127.3167991,2016,한전주,042-288-3950,대전광역시 서구청,2025-06-26
평촌동071,1,,대전광역시 서구 평촌동 307,36.24038631,127.316476,2016,한전주,042-288-3950,대전광역시 서구청,2025-06-26
평촌동072,1,대전광역시 서구 돌마루길 129,대전광역시 서구 평촌동 299,36.2406901,127.316506,2016,한전주,042-288-3950,대전광역시 서구청,2025-06-26
평촌동073,1,대전광역시 서구 돌마루길 125,대전광역시 서구 평촌동 299-1,36.24045669,127.3166845,2016,한전주,042-288-3950,대전광역시 서구청,2025-06-26
평촌동074,1,대전광역시 서구 돌마루길 109,대전광역시 서구 평촌동 304-2,36.23998294,127.3171251,2016,한전주,042-288-3950,대전광역시 서구청,2025-06-26
평촌동075,1,대전광역시 서구 돌마루길 108,대전광역시 서구 평촌동 303-1,36.24031783,127.3175287,2016,전용주,042-288-3950,대전광역시 서구청,2025-06-26
평촌동076,1,대전광역시 서구 평촌동 길마루길 10,대전광역시 서구 평촌동 174-10,36.23957008,127.3180167,2016,한전주,042-288-3950,대전광역시 서구청,2025-06-26
평촌동077,1,대전광역시 서구 길마루길 7,대전광역시 서구 평촌동 345-1,36.23913677,127.3176508,2016,한전주,042-288-3950,대전광역시 서구청,2025-06-26
평촌동078,1,대전광역시 서구 길마루길 12-14,대전광역시 서구 평촌동 174-3,36.23997724,127.317766,2016,한전주,042-288-3950,대전광역시 서구청,2025-06-26
평촌동079,1,,대전광역시 서구 평촌동 301-15,36.24061646,127.3176669,2016,한전주,042-288-3950,대전광역시 서구청,2025-06-26
평촌동080,1,대전광역시 서구 평촌동 돌마루길 99,대전광역시 서구 평촌동 177-7,36.24035408,127.318166,2016,한전주,042-288-3950,대전광역시 서구청,2025-06-26
평촌동081,1,,대전광역시 서구 평촌동 301-5,36.24105545,127.3177833,2016,전용주,042-288-3950,대전광역시 서구청,2025-06-26
평촌동082,1,,대전광역시 서구 평촌동 301-20,36.24130664,127.3179035,2016,한전주,042-288-3950,대전광역시 서구청,2025-06-26
평촌동083,1,대전광역시 서구 평촌동 돌마루길 88-27,대전광역시 서구 평촌동 292,36.24205487,127.3175674,2016,한전주,042-288-3950,대전광역시 서구청,2025-06-26
평촌동084,1,대전광역시 서구 평촌동 돌마루길 88-38,대전광역시 서구 평촌동 244-2,36.24243366,127.3180035,2016,한전주,042-288-3950,대전광역시 서구청,2025-06-26
평촌동085,1,,대전광역시 서구 평촌동 179-2,36.24156154,127.320065,2016,한전주,042-288-3950,대전광역시 서구청,2025-06-26
평촌동086,1,대전광역시 서구 평촌동 돌마루길 34,대전광역시 서구 평촌동 238-2,36.24210908,127.3203545,2016,한전주,042-288-3950,대전광역시 서구청,2025-06-26
평촌동087,1,,대전광역시 서구 평촌동 193-1,36.24139947,127.3212957,2016,한전주,042-288-3950,대전광역시 서구청,2025-06-26
평촌동088,1,대전광역시 서구 평촌동 돌마루길 20,대전광역시 서구 평촌동 228-1,36.24207147,127.3210731,2016,한전주,042-288-3950,대전광역시 서구청,2025-06-26
평촌동089,1,,대전광역시 서구 평촌동 185-3,36.24072568,127.3207906,2016,한전주,042-288-3950,대전광역시 서구청,2025-06-26
평촌동090,1,,대전광역시 서구 평촌동 178,36.23996993,127.319261,2016,한전주,042-288-3950,대전광역시 서구청,2025-06-26
평촌동091,1,,대전광역시 서구 평촌동 179-7,36.24074772,127.3193365,2016,한전주,042-288-3950,대전광역시 서구청,2025-06-26
평촌동092,1,대전광역시 서구 벌곡로 393-21,대전광역시 서구 평촌동 177-2,36.24052523,127.318783,2016,전용주,042-288-3950,대전광역시 서구청,2025-06-26
평촌동093,1,대전광역시 서구 길평길 5,대전광역시 서구 평촌동 171-4,36.23904547,127.3184677,2016,한전주,042-288-3950,대전광역시 서구청,2025-06-26
평촌동094,1,,대전광역시 서구 평촌동 169,36.238650,127.3185319,2016,한전주,042-288-3950,대전광역시 서구청,2025-06-26
평촌동095,1,,대전광역시 서구 평촌동 168,36.2384278,127.318579,2016,한전주,042-288-3950,대전광역시 서구청,2025-06-26
평촌동096,1,,대전광역시 서구 평촌동 153,36.238082,127.318906,2016,한전주,042-288-3950,대전광역시 서구청,2025-06-26
평촌동097,1,대전광역시 서구 평촌동 길평길 16-21,대전광역시 서구 평촌동 148-9,36.23814495,127.3191618,2016,한전주,042-288-3950,대전광역시 서구청,2025-06-26
평촌동098,1,대전광역시 서구 길평길 16-33,대전광역시 서구 평촌동 147-8,36.237675,127.3197086,2016,한전주,042-288-3950,대전광역시 서구청,2025-06-26
평촌동099,1,대전광역시 서구 길평길 16-95,대전광역시 서구 평촌동 155,36.23785026,127.3183159,2016,한전주,042-288-3950,대전광역시 서구청,2025-06-26
평촌동100,1,대전광역시 서구 길평길 16-47,대전광역시 서구 평촌동 148-20,36.23779201,127.319116,2016,전용주,042-288-3950,대전광역시 서구청,2025-06-26
평촌동101,1,대전광역시 서구 평촌동 길평길 16-24,대전광역시 서구 평촌동 398,36.237769,127.317666,2016,전용주,042-288-3950,대전광역시 서구청,2025-06-26
평촌동102,1,대전광역시 서구 길평길 16-105,대전광역시 서구 평촌동 157-1,36.23762138,127.317966,2016,한전주,042-288-3950,대전광역시 서구청,2025-06-26
평촌동103,1,,대전광역시 서구 평촌동 397-1,36.23799248,127.317870,2016,전용주,042-288-3950,대전광역시 서구청,2025-06-26
평촌동104,1,,대전광역시 서구 평촌동 118,36.23918566,127.3188298,2016,한전주,042-288-3950,대전광역시 서구청,2025-06-26
평촌동105,1,,대전광역시 서구 평촌동 120-4,36.238879,127.319503,2016,한전주,042-288-3950,대전광역시 서구청,2025-06-26
평촌동106,1,대전광역시 서구 길평길 27-3,대전광역시 서구 평촌동 116-18,36.23923793,127.3191545,2016,한전주,042-288-3950,대전광역시 서구청,2025-06-26
평촌동107,1,대전광역시 서구 길평길 27-12,대전광역시 서구 평촌동 121-1,36.23897233,127.319873,2016,한전주,042-288-3950,대전광역시 서구청,2025-06-26
평촌동108,1,,대전광역시 서구 평촌동 125-1,36.23892147,127.320166,2016,전용주,042-288-3950,대전광역시 서구청,2025-06-26
평촌동109,1,,대전광역시 서구 평촌동 125,36.238735,127.3206469,2016,한전주,042-288-3950,대전광역시 서구청,2025-06-26
평촌동110,1,,대전광역시 서구 평촌동 126,36.23867785,127.3208159,2016,전용주,042-288-3950,대전광역시 서구청,2025-06-26
평촌동111,1,,대전광역시 서구 평촌동 122-5,36.23857353,127.3198757,2016,한전주,042-288-3950,대전광역시 서구청,2025-06-26
평촌동112,1,,대전광역시 서구 평촌동 148-38,36.238093,127.319863,2016,한전주,042-288-3950,대전광역시 서구청,2025-06-26
평촌동113,1,,대전광역시 서구 평촌동 129,36.237934,127.3204324,2016,한전주,042-288-3950,대전광역시 서구청,2025-06-26
평촌동114,1,대전광역시 서구 길평길 66,대전광역시 서구 평촌동 142-1,36.23736985,127.3207709,2016,전용주,042-288-3950,대전광역시 서구청,2025-06-26
평촌동115,1,대전광역시 서구 길평길 72,대전광역시 서구 평촌동 142-2,36.2373259,127.321079,2016,전용주,042-288-3950,대전광역시 서구청,2025-06-26
평촌동116,1,,대전광역시 서구 평촌동 134,36.23773267,127.3211704,2016,한전주,042-288-3950,대전광역시 서구청,2025-06-26
평촌동117,1,,대전광역시 서구 평촌동 71-4,36.23694153,127.321975,2016,한전주,042-288-3950,대전광역시 서구청,2025-06-26
평촌동118,1,대전광역시 서구 사기점골길 89,대전광역시 서구 평촌동 66,36.23615236,127.3216041,2016,한전주,042-288-3950,대전광역시 서구청,2025-06-26
평촌동119,1,대전광역시 서구 사기점골길 89,대전광역시 서구 평촌동 66,36.23615236,127.3216041,2016,전용주,042-288-3950,대전광역시 서구청,2025-06-26
평촌동120,1,대전광역시 서구 사기점골길 89,대전광역시 서구 평촌동 66,36.23615236,127.3216041,2016,한전주,042-288-3950,대전광역시 서구청,2025-06-26
평촌동121,1,대전광역시 서구 사기점골길 115,대전광역시 서구 평촌동 63-1,36.23527576,127.3213721,2016,한전주,042-288-3950,대전광역시 서구청,2025-06-26
평촌동122,1,,대전광역시 서구 평촌동 62,36.23485085,127.3208005,2016,한전주,042-288-3950,대전광역시 서구청,2025-06-26
평촌동123,1,대전광역시 서구 평촌동 사기점골길 126,대전광역시 서구 평촌동 60-1,36.234852,127.321112,2016,한전주,042-288-3950,대전광역시 서구청,2025-06-26
평촌동124,1,,대전광역시 서구 평촌동 12-22,36.234491,127.321155,2016,한전주,042-288-3950,대전광역시 서구청,2025-06-26
평촌동125,1,,대전광역시 서구 평촌동 12-22,36.234085,127.321254,2016,한전주,042-288-3950,대전광역시 서구청,2025-06-26
평촌동126,1,,대전광역시 서구 평촌동 12-22,36.233589,127.321558,2016,한전주,042-288-3950,대전광역시 서구청,2025-06-26
평촌동127,1,,대전광역시 서구 평촌동 12-23,36.232461,127.321942,2016,전용주,042-288-3950,대전광역시 서구청,2025-06-26
평촌동128,1,대전광역시 서구 사기점골길 195,대전광역시 서구 평촌동 51,36.23146431,127.3229888,2016,한전주,042-288-3950,대전광역시 서구청,2025-06-26
평촌동129,1,대전광역시 서구 사기점골길 195,대전광역시 서구 평촌동 51,36.23146431,127.3229888,2016,한전주,042-288-3950,대전광역시 서구청,2025-06-26
평촌동130,1,대전광역시 서구 사기점골길 65,대전광역시 서구 평촌동 74-4,36.23753995,127.3218608,2016,한전주,042-288-3950,대전광역시 서구청,2025-06-26
평촌동131,1,,대전광역시 서구 평촌동 78-1,36.23799331,127.3215345,2016,한전주,042-288-3950,대전광역시 서구청,2025-06-26
평촌동132,1,,대전광역시 서구 평촌동 80-1,36.238429,127.3213185,2016,한전주,042-288-3950,대전광역시 서구청,2025-06-26
평촌동133,1,,대전광역시 서구 평촌동 82-1,36.23893143,127.3214924,2016,한전주,042-288-3950,대전광역시 서구청,2025-06-26
평촌동134,1,대전광역시 서구 사기점골길 29,대전광역시 서구 평촌동 109,36.23923997,127.3215595,2016,한전주,042-288-3950,대전광역시 서구청,2025-06-26
평촌동135,1,,대전광역시 서구 평촌동 108-1,36.239944,127.3215699,2016,한전주,042-288-3950,대전광역시 서구청,2025-06-26
평촌동136,1,대전광역시 서구 벌곡로 416-3,대전광역시 서구 평촌동 204,36.24054145,127.3221696,2016,한전주,042-288-3950,대전광역시 서구청,2025-06-26
평촌동137,1,,대전광역시 서구 평촌동 75,36.23812564,127.322027,2016,한전주,042-288-3950,대전광역시 서구청,2025-06-26
평촌동138,1,,대전광역시 서구 평촌동 75,36.23812564,127.322087,2016,한전주,042-288-3950,대전광역시 서구청,2025-06-26
평촌동139,1,,대전광역시 서구 평촌동 75,36.23812564,127.3220629,2016,전용주,042-288-3950,대전광역시 서구청,2025-06-26
평촌동140,1,,대전광역시 서구 평촌동 12-45,36.237484,127.324321,2016,한전주,042-288-3950,대전광역시 서구청,2025-06-26
평촌동141,1,,대전광역시 서구 평촌동 37,36.23769485,127.3244001,2016,한전주,042-288-3950,대전광역시 서구청,2025-06-26
평촌동142,1,대전광역시 서구 사기점골길 45-99,대전광역시 서구 평촌동 41,36.23753729,127.3252113,2016,한전주,042-288-3950,대전광역시 서구청,2025-06-26
평촌동143,1,대전광역시 서구 사기점골길 45-99,대전광역시 서구 평촌동 41,36.23753729,127.3252113,2016,한전주,042-288-3950,대전광역시 서구청,2025-06-26
평촌동144,1,대전광역시 서구 평촌동 사기점골길 45-99,대전광역시 서구 평촌동 43,36.23753729,127.3252113,2016,한전주,042-288-3950,대전광역시 서구청,2025-06-26
평촌동145,1,대전광역시 서구 사기점골길 45-110,대전광역시 서구 평촌동 45,36.23662018,127.3256647,2016,한전주,042-288-3950,대전광역시 서구청,2025-06-26
평촌동146,1,대전광역시 서구 사기점골길 45-110,대전광역시 서구 평촌동 45,36.23662018,127.3256647,2016,한전주,042-288-3950,대전광역시 서구청,2025-06-26
평촌동147,1,대전광역시 서구 사기점골길 45-63,대전광역시 서구 평촌동 36,36.23767996,127.3238456,2016,한전주,042-288-3950,대전광역시 서구청,2025-06-26
평촌동148,1,,대전광역시 서구 평촌동 1015,36.23806071,127.3235088,2016,한전주,042-288-3950,대전광역시 서구청,2025-06-26
평촌동149,1,,대전광역시 서구 평촌동 200,36.24037212,127.3231794,2016,한전주,042-288-3950,대전광역시 서구청,2025-06-26
평촌동150,1,,대전광역시 서구 평촌동 206,36.24099829,127.3230316,2016,한전주,042-288-3950,대전광역시 서구청,2025-06-26
평촌동151,1,대전광역시 서구 평촌동 황골길 92-51,대전광역시 서구 평촌동 35-3,36.24060518,127.324051,2016,한전주,042-288-3950,대전광역시 서구청,2025-06-26
평촌동152,1,,대전광역시 서구 평촌동 28,36.24098779,127.3255617,2016,한전주,042-288-3950,대전광역시 서구청,2025-06-26
평촌동153,1,,대전광역시 서구 평촌동 32,36.24049623,127.3257903,2016,한전주,042-288-3950,대전광역시 서구청,2025-06-26
평촌동154,1,대전광역시 서구 평촌동 사기점골길 17,대전광역시 서구 평촌동 111-2,36.23964834,127.321228,2016,한전주,042-288-3950,대전광역시 서구청,2025-06-26
평촌동155,1,대전광역시 서구 평촌동 벌곡로 419,대전광역시 서구 평촌동 213,36.24165072,127.322051,2016,한전주,042-288-3950,대전광역시 서구청,2025-06-26
평촌동156,1,대전광역시 서구 평촌동 벌곡로 416-54,대전광역시 서구 평촌동 94,36.23843543,127.3227447,2023,한전주,042-288-3950,대전광역시 서구청,2025-06-26
평촌동157,1,대전광역시 서구 평촌동 벌곡로 416-54,대전광역시 서구 평촌동 94,36.23843543,127.3227447,2023,한전주,042-288-3950,대전광역시 서구청,2025-06-26
평촌동158,1,대전광역시 서구 평촌동 벌곡로 416-54,대전광역시 서구 평촌동 94,36.23843543,127.3227447,2023,한전주,042-288-3950,대전광역시 서구청,2025-06-26
평촌동159,1,대전광역시 서구 평촌동 벌곡로 416-54,대전광역시 서구 평촌동 94,36.23843543,127.3227447,2023,한전주,042-288-3950,대전광역시 서구청,2025-06-26
평촌동160,1,,대전광역시 서구 평촌동 648,36.236988,127.307319,2023,전용주,042-288-3950,대전광역시 서구청,2025-06-26
평촌동161,1,,대전광역시 서구 평촌동 835,36.235536,127.3062672,2023,한전주,042-288-3950,대전광역시 서구청,2025-06-26
평촌동162,1,,대전광역시 서구 평촌동 51,36.231486,127.3229888,2023,한전주,042-288-3950,대전광역시 서구청,2025-06-26
평촌동163,1,,대전광역시 서구 평촌동 51,36.231497,127.3229888,2023,한전주,042-288-3950,대전광역시 서구청,2025-06-26
평촌동164,1,대전광역시 서구 돌마루길 190-16,대전광역시 서구 평촌동 318-16,36.240344,127.313056,2023,전용주,042-288-3950,대전광역시 서구청,2025-06-26
평촌동165,1,,대전광역시 서구 평촌동 918,36.23876632,127.311647,2023,한전주,042-288-3950,대전광역시 서구청,2025-06-26
평촌동166,1,,대전광역시 서구 평촌동 156-4,36.23768517,127.3170425,2025,한전주,042-288-3950,대전광역시 서구청,2025-06-26
흑석동001,1,대전광역시 서구 장안로 68,대전광역시 서구 흑석동 288-3,36.24861604,127.3420704,2016,한전주,042-288-3950,대전광역시 서구청,2025-06-26
흑석동002,1,대전광역시 서구 흑석동 장안로 84-56,대전광역시 서구 흑석동 766-30,36.249156,127.3409187,2016,한전주,042-288-3950,대전광역시 서구청,2025-06-26
흑석동003,1,대전광역시 서구 장안로 74,대전광역시 서구 흑석동 288-2,36.24822414,127.342473,2016,한전주,042-288-3950,대전광역시 서구청,2025-06-26
흑석동004,1,,대전광역시 서구 흑석동 346,36.25227676,127.344528,2016,전용주,042-288-3950,대전광역시 서구청,2025-06-26
흑석동005,1,대전광역시 서구 금평6길 10,대전광역시 서구 흑석동 932,36.25246611,127.3409632,2016,한전주,042-288-3950,대전광역시 서구청,2025-06-26
흑석동006,1,대전광역시 서구 금평6길 24,대전광역시 서구 흑석동 937,36.25280494,127.3408138,2016,한전주,042-288-3950,대전광역시 서구청,2025-06-26
흑석동007,1,대전광역시 서구 금평6길 24,대전광역시 서구 흑석동 937,36.252875,127.3408138,2016,한전주,042-288-3950,대전광역시 서구청,2025-06-26
흑석동008,1,,대전광역시 서구 흑석동 940,36.253202,127.3407085,2016,전용주,042-288-3950,대전광역시 서구청,2025-06-26
흑석동009,1,대전광역시 서구 장안로 10,대전광역시 서구 흑석동 922,36.253689,127.3406622,2016,전용주,042-288-3950,대전광역시 서구청,2025-06-26
흑석동010,1,대전광역시 서구 장안로 6,대전광역시 서구 흑석동 920,36.253969,127.3405199,2016,전용주,042-288-3950,대전광역시 서구청,2025-06-26
흑석동011,1,,대전광역시 서구 흑석동 352,36.25250694,127.3422792,2016,한전주,042-288-3950,대전광역시 서구청,2025-06-26
흑석동012,1,,대전광역시 서구 흑석동 349-4,36.252234,127.342824,2016,한전주,042-288-3950,대전광역시 서구청,2025-06-26
흑석동013,1,대전광역시 서구 조련길 33-8,대전광역시 서구 흑석동 349-9,36.25224567,127.3434866,2016,한전주,042-288-3950,대전광역시 서구청,2025-06-26
흑석동014,1,대전광역시 서구 조련길 33-11,대전광역시 서구 흑석동 349-3,36.252794,127.343254,2016,한전주,042-288-3950,대전광역시 서구청,2025-06-26
흑석동015,1,대전광역시 서구 조련길 33-8,대전광역시 서구 흑석동 349-9,36.25224567,127.343410,2016,한전주,042-288-3950,대전광역시 서구청,2025-06-26
흑석동016,1,대전광역시 서구 조련길 67,대전광역시 서구 흑석동 344,36.25238118,127.3451257,2016,한전주,042-288-3950,대전광역시 서구청,2025-06-26
흑석동017,1,대전광역시 서구 조련길 78,대전광역시 서구 흑석동 338,36.25214082,127.3456291,2016,한전주,042-288-3950,대전광역시 서구청,2025-06-26
흑석동018,1,,대전광역시 서구 흑석동 269-8,36.252017,127.346783,2016,한전주,042-288-3950,대전광역시 서구청,2025-06-26
흑석동019,1,대전광역시 서구 조련길 61-39,대전광역시 서구 흑석동 367,36.25370007,127.345438,2016,한전주,042-288-3950,대전광역시 서구청,2025-06-26
흑석동020,1,대전광역시 서구 조련길 61-37,대전광역시 서구 흑석동 367-1,36.25362337,127.345285,2016,한전주,042-288-3950,대전광역시 서구청,2025-06-26
흑석동021,1,대전광역시 서구 조련길 61-36,대전광역시 서구 흑석동 246,36.25353186,127.3458296,2016,한전주,042-288-3950,대전광역시 서구청,2025-06-26
흑석동022,1,대전광역시 서구 조련길 61-30,대전광역시 서구 흑석동 340,36.253177,127.3455685,2016,전용주,042-288-3950,대전광역시 서구청,2025-06-26
흑석동023,1,대전광역시 서구 흑석동 조련길 61-19,대전광역시 서구 흑석동 364,36.25314442,127.3449616,2016,한전주,042-288-3950,대전광역시 서구청,2025-06-26
흑석동024,1,,대전광역시 서구 흑석동 342-2,36.25268922,127.3450084,2016,한전주,042-288-3950,대전광역시 서구청,2025-06-26
흑석동025,1,대전광역시 서구 조련길 67,대전광역시 서구 흑석동 344,36.25238118,127.3451257,2016,전용주,042-288-3950,대전광역시 서구청,2025-06-26
흑석동026,1,대전광역시 서구 조련길 71-24,대전광역시 서구 흑석동 362-2,36.252838,127.344322,2016,한전주,042-288-3950,대전광역시 서구청,2025-06-26
흑석동027,1,대전광역시 서구 장안로 23-44,대전광역시 서구 흑석동 347,36.25294844,127.343878,2016,한전주,042-288-3950,대전광역시 서구청,2025-06-26
흑석동028,1,대전광역시 서구 조련길 5,대전광역시 서구 흑석동 310-1,36.25240252,127.3417434,2016,전용주,042-288-3950,대전광역시 서구청,2025-06-26
흑석동029,1,,대전광역시 서구 흑석동 308,36.25240789,127.3421337,2016,전용주,042-288-3950,대전광역시 서구청,2025-06-26
흑석동030,1,,대전광역시 서구 흑석동 308,36.25240789,127.3421337,2016,전용주,042-288-3950,대전광역시 서구청,2025-06-26
흑석동031,1,대전광역시 서구 장안로 23-24,대전광역시 서구 흑석동 353,36.25257697,127.3427269,2016,전용주,042-288-3950,대전광역시 서구청,2025-06-26
흑석동032,1,,대전광역시 서구 흑석동 350-1,36.25281123,127.3430101,2016,전용주,042-288-3950,대전광역시 서구청,2025-06-26
흑석동033,1,대전광역시 서구 조련길 33-18,대전광역시 서구 흑석동 349-1,36.2528614,127.343408,2016,전용주,042-288-3950,대전광역시 서구청,2025-06-26
흑석동034,1,,대전광역시 서구 흑석동 1024,36.25335704,127.3427752,2016,한전주,042-288-3950,대전광역시 서구청,2025-06-26
흑석동035,1,,대전광역시 서구 흑석동 1025,36.25317677,127.3418401,2016,전용주,042-288-3950,대전광역시 서구청,2025-06-26
흑석동036,1,대전광역시 서구 금평4길 11,대전광역시 서구 흑석동 983,36.25411858,127.3417385,2016,전용주,042-288-3950,대전광역시 서구청,2025-06-26
흑석동037,1,대전광역시 서구 금평4길 11,대전광역시 서구 흑석동 983,36.25411858,127.3417385,2016,한전주,042-288-3950,대전광역시 서구청,2025-06-26
흑석동038,1,대전광역시 서구 장안로 7,대전광역시 서구 흑석동 942,36.2539919,127.340874,2016,한전주,042-288-3950,대전광역시 서구청,2025-06-26
흑석동039,1,,대전광역시 서구 흑석동 656,36.254462,127.341298,2016,한전주,042-288-3950,대전광역시 서구청,2025-06-26
흑석동040,1,,대전광역시 서구 흑석동 960,36.254639,127.3417645,2016,한전주,042-288-3950,대전광역시 서구청,2025-06-26
흑석동041,1,,대전광역시 서구 흑석동 958,36.254744,127.341992,2016,전용주,042-288-3950,대전광역시 서구청,2025-06-26
흑석동042,1,대전광역시 서구 금평2길 4,대전광역시 서구 흑석동 955,36.25495661,127.342362,2016,한전주,042-288-3950,대전광역시 서구청,2025-06-26
흑석동043,1,대전광역시 서구 금평1길 22,대전광역시 서구 흑석동 1021,36.2542244,127.3429594,2016,전용주,042-288-3950,대전광역시 서구청,2025-06-26
흑석동044,1,대전광역시 서구 금평1길 16,대전광역시 서구 흑석동 1019,36.254443,127.3428383,2016,한전주,042-288-3950,대전광역시 서구청,2025-06-26
흑석동045,1,,대전광역시 서구 흑석동 1603,36.254460,127.342276,2016,전용주,042-288-3950,대전광역시 서구청,2025-06-26
흑석동046,1,대전광역시 서구 금평4길 13,대전광역시 서구 흑석동 984,36.25406072,127.341897,2016,한전주,042-288-3950,대전광역시 서구청,2025-06-26
흑석동047,1,대전광역시 서구 금평4길 11,대전광역시 서구 흑석동 983,36.254106,127.3417385,2016,한전주,042-288-3950,대전광역시 서구청,2025-06-26
흑석동048,1,대전광역시 서구 금평4길 11,대전광역시 서구 흑석동 983,36.254186,127.3417385,2016,전용주,042-288-3950,대전광역시 서구청,2025-06-26
흑석동049,1,대전광역시 서구 금평4길 13,대전광역시 서구 흑석동 984,36.25406072,127.341897,2016,한전주,042-288-3950,대전광역시 서구청,2025-06-26
흑석동050,1,,대전광역시 서구 흑석동 1006,36.254128,127.3425129,2016,한전주,042-288-3950,대전광역시 서구청,2025-06-26
흑석동051,1,,대전광역시 서구 흑석동 294-4,36.250679,127.339945,2016,한전주,042-288-3950,대전광역시 서구청,2025-06-26
흑석동052,1,,대전광역시 서구 흑석동 297-6,36.25118899,127.3402398,2016,한전주,042-288-3950,대전광역시 서구청,2025-06-26
흑석동053,1,,대전광역시 서구 흑석동 297-6,36.25118899,127.3402398,2016,한전주,042-288-3950,대전광역시 서구청,2025-06-26
흑석동054,1,,대전광역시 서구 흑석동 297-6,36.25118899,127.3402398,2016,한전주,042-288-3950,대전광역시 서구청,2025-06-26
흑석동055,1,,대전광역시 서구 흑석동 298,36.25221168,127.3405565,2016,한전주,042-288-3950,대전광역시 서구청,2025-06-26
흑석동056,1,,대전광역시 서구 흑석동 298,36.252297,127.3405565,2016,한전주,042-288-3950,대전광역시 서구청,2025-06-26
흑석동057,1,,대전광역시 서구 흑석동 879,36.25498895,127.340462,2016,한전주,042-288-3950,대전광역시 서구청,2025-06-26
흑석동058,1,,대전광역시 서구 흑석동 880,36.25486244,127.3404742,2016,한전주,042-288-3950,대전광역시 서구청,2025-06-26
흑석동059,1,,대전광역시 서구 흑석동 884,36.254860,127.3409302,2016,한전주,042-288-3950,대전광역시 서구청,2025-06-26
흑석동060,1,,대전광역시 서구 흑석동 887,36.25496264,127.341244,2016,한전주,042-288-3950,대전광역시 서구청,2025-06-26
흑석동061,1,,대전광역시 서구 흑석동 699,36.2774814,127.3327666,2016,한전주,042-288-3950,대전광역시 서구청,2025-06-26
흑석동062,1,대전광역시 서구 흑석2길 34,대전광역시 서구 흑석동 911,36.25521716,127.341901,2016,한전주,042-288-3950,대전광역시 서구청,2025-06-26
흑석동063,1,,대전광역시 서구 흑석동 914,36.255469,127.342319,2016,한전주,042-288-3950,대전광역시 서구청,2025-06-26
흑석동064,1,,대전광역시 서구 흑석동 409-5,36.25608361,127.3432875,2016,한전주,042-288-3950,대전광역시 서구청,2025-06-26
흑석동065,1,,대전광역시 서구 흑석동 409-5,36.256070,127.3432875,2016,한전주,042-288-3950,대전광역시 서구청,2025-06-26
흑석동066,1,대전광역시 서구 흑석2길 35-15,대전광역시 서구 흑석동 901,36.25601778,127.3420428,2016,한전주,042-288-3950,대전광역시 서구청,2025-06-26
흑석동067,1,대전광역시 서구 흑석동 흑석1길 16,대전광역시 서구 흑석동 1034,36.255624,127.3425657,2016,한전주,042-288-3950,대전광역시 서구청,2025-06-26
흑석동068,1,,대전광역시 서구 흑석동 469-5,36.2714228,127.343368,2016,한전주,042-288-3950,대전광역시 서구청,2025-06-26
흑석동069,1,대전광역시 서구 흑석4길 42,대전광역시 서구 흑석동 894,36.2561565,127.342029,2016,한전주,042-288-3950,대전광역시 서구청,2025-06-26
흑석동070,1,대전광역시 서구 흑석4길 38,대전광역시 서구 흑석동 893,36.25605572,127.341732,2016,한전주,042-288-3950,대전광역시 서구청,2025-06-26
흑석동071,1,대전광역시 서구 흑석1길 16,대전광역시 서구 흑석동 892,36.25574451,127.3418331,2016,한전주,042-288-3950,대전광역시 서구청,2025-06-26
흑석동072,1,대전광역시 서구 흑석1길 16,대전광역시 서구 흑석동 892,36.255751,127.3418331,2016,한전주,042-288-3950,대전광역시 서구청,2025-06-26
흑석동073,1,대전광역시 서구 흑석1길 16,대전광역시 서구 흑석동 892,36.25574451,127.3418331,2016,한전주,042-288-3950,대전광역시 서구청,2025-06-26
흑석동074,1,,대전광역시 서구 흑석동 870,36.255496,127.3413356,2016,한전주,042-288-3950,대전광역시 서구청,2025-06-26
흑석동075,1,,대전광역시 서구 흑석동 869,36.25537563,127.3411366,2016,한전주,042-288-3950,대전광역시 서구청,2025-06-26
흑석동076,1,,대전광역시 서구 흑석동 865,36.25538068,127.340436,2016,한전주,042-288-3950,대전광역시 서구청,2025-06-26
흑석동077,1,,대전광역시 서구 흑석동 865,36.255349,127.340497,2016,한전주,042-288-3950,대전광역시 서구청,2025-06-26
흑석동078,1,,대전광역시 서구 흑석동 852,36.25556719,127.340534,2016,한전주,042-288-3950,대전광역시 서구청,2025-06-26
흑석동079,1,,대전광역시 서구 흑석동 856,36.255792,127.3410034,2016,한전주,042-288-3950,대전광역시 서구청,2025-06-26
흑석동080,1,,대전광역시 서구 흑석동 830,36.25651651,127.3419184,2016,한전주,042-288-3950,대전광역시 서구청,2025-06-26
흑석동081,1,,대전광역시 서구 흑석동 835,36.2558424,127.3402327,2016,한전주,042-288-3950,대전광역시 서구청,2025-06-26
흑석동082,1,,대전광역시 서구 흑석동 634,36.25832238,127.3357499,2016,한전주,042-288-3950,대전광역시 서구청,2025-06-26
흑석동083,1,,대전광역시 서구 흑석동 산78-6,36.256605,127.339759,2016,한전주,042-288-3950,대전광역시 서구청,2025-06-26
흑석동084,1,,대전광역시 서구 흑석동 669-2,36.256520,127.339620,2016,한전주,042-288-3950,대전광역시 서구청,2025-06-26
흑석동084-2,1,,대전광역시 서구 흑석동 669-2,36.25652276,127.339648,2016,전용주,042-288-3950,대전광역시 서구청,2025-06-26
흑석동084-3,1,,대전광역시 서구 흑석동 669-2,36.25652276,127.339648,2016,전용주,042-288-3950,대전광역시 서구청,2025-06-26
흑석동084-4,1,,대전광역시 서구 흑석동 669-2,36.25652276,127.339648,2016,전용주,042-288-3950,대전광역시 서구청,2025-06-26
흑석동084-5,1,,대전광역시 서구 흑석동 669-2,36.25652276,127.339624,2016,전용주,042-288-3950,대전광역시 서구청,2025-06-26
흑석동085,1,,대전광역시 서구 흑석동 661-1,36.25645887,127.339232,2016,한전주,042-288-3950,대전광역시 서구청,2025-06-26
흑석동086,1,,대전광역시 서구 흑석동 659-3,36.25703492,127.3388592,2016,한전주,042-288-3950,대전광역시 서구청,2025-06-26
흑석동087,1,,대전광역시 서구 흑석동 656-2,36.258637,127.338394,2016,한전주,042-288-3950,대전광역시 서구청,2025-06-26
흑석동088,1,,대전광역시 서구 흑석동 641-4,36.258944,127.338162,2016,한전주,042-288-3950,대전광역시 서구청,2025-06-26
흑석동089,1,,대전광역시 서구 흑석동 641-4,36.259147,127.338112,2016,한전주,042-288-3950,대전광역시 서구청,2025-06-26
흑석동090,1,,대전광역시 서구 흑석동 642-1,36.25925737,127.3382738,2016,한전주,042-288-3950,대전광역시 서구청,2025-06-26
흑석동091,1,대전광역시 서구 흑석동 세점길 130,대전광역시 서구 흑석동 643-1,36.259797,127.3377863,2016,한전주,042-288-3950,대전광역시 서구청,2025-06-26
흑석동092,1,,대전광역시 서구 흑석동 621-18,36.26043331,127.3369632,2016,한전주,042-288-3950,대전광역시 서구청,2025-06-26
흑석동093,1,,대전광역시 서구 흑석동 630,36.25905908,127.3353935,2016,한전주,042-288-3950,대전광역시 서구청,2025-06-26
흑석동094,1,,대전광역시 서구 흑석동 630,36.25905908,127.3353935,2016,한전주,042-288-3950,대전광역시 서구청,2025-06-26
흑석동095,1,,대전광역시 서구 흑석동 629,36.25955816,127.3355214,2016,한전주,042-288-3950,대전광역시 서구청,2025-06-26
흑석동096,1,,대전광역시 서구 흑석동 626,36.25995492,127.336208,2016,한전주,042-288-3950,대전광역시 서구청,2025-06-26
흑석동097,1,,대전광역시 서구 흑석동 624,36.26050778,127.3366254,2016,한전주,042-288-3950,대전광역시 서구청,2025-06-26
흑석동098,1,,대전광역시 서구 흑석동 620-2,36.26139546,127.3364625,2016,한전주,042-288-3950,대전광역시 서구청,2025-06-26
흑석동099,1,,대전광역시 서구 흑석동 617-5,36.26184637,127.335808,2016,한전주,042-288-3950,대전광역시 서구청,2025-06-26
흑석동100,1,,대전광역시 서구 흑석동 617-2,36.262309,127.335233,2016,한전주,042-288-3950,대전광역시 서구청,2025-06-26
흑석동101,1,,대전광역시 서구 흑석동 617-1,36.26226587,127.3354709,2016,한전주,042-288-3950,대전광역시 서구청,2025-06-26
흑석동102,1,,대전광역시 서구 흑석동 607-1,36.263866,127.3346672,2016,한전주,042-288-3950,대전광역시 서구청,2025-06-26
흑석동103,1,,대전광역시 서구 흑석동 605-14,36.264391,127.3347376,2016,한전주,042-288-3950,대전광역시 서구청,2025-06-26
흑석동104,1,대전광역시 서구 대추벌길 21,대전광역시 서구 흑석동 605-17,36.264593,127.3351317,2016,한전주,042-288-3950,대전광역시 서구청,2025-06-26
흑석동105,1,,대전광역시 서구 흑석동 603-2,36.26478398,127.3355813,2016,한전주,042-288-3950,대전광역시 서구청,2025-06-26
흑석동106,1,대전광역시 서구 대추벌길 41,대전광역시 서구 흑석동 605,36.264990,127.334682,2016,한전주,042-288-3950,대전광역시 서구청,2025-06-26
흑석동107,1,,대전광역시 서구 흑석동 689-1,36.26530863,127.3347872,2016,한전주,042-288-3950,대전광역시 서구청,2025-06-26
흑석동108,1,,대전광역시 서구 흑석동 685-4,36.265232,127.334121,2016,한전주,042-288-3950,대전광역시 서구청,2025-06-26
흑석동109,1,대전광역시 서구 흑석동 대추벌길 58-10,대전광역시 서구 흑석동 691-4,36.265710,127.3340468,2016,한전주,042-288-3950,대전광역시 서구청,2025-06-26
흑석동110,1,대전광역시 서구 세점길 282,대전광역시 서구 흑석동 688-2,36.265360,127.3333372,2016,한전주,042-288-3950,대전광역시 서구청,2025-06-26
흑석동111,1,,대전광역시 서구 흑석동 686-13,36.26392086,127.3343487,2016,한전주,042-288-3950,대전광역시 서구청,2025-06-26
흑석동112,1,,대전광역시 서구 흑석동 605-16,36.26455392,127.3343381,2016,한전주,042-288-3950,대전광역시 서구청,2025-06-26
흑석동113,1,대전광역시 서구 흑석동 세점길 268,대전광역시 서구 흑석동 687-2,36.264904,127.3339479,2016,한전주,042-288-3950,대전광역시 서구청,2025-06-26
흑석동114,1,,대전광역시 서구 흑석동 688-5,36.265171,127.3336041,2016,한전주,042-288-3950,대전광역시 서구청,2025-06-26
흑석동115,1,,대전광역시 서구 흑석동 692-5,36.26562953,127.333082,2016,한전주,042-288-3950,대전광역시 서구청,2025-06-26
흑석동116,1,,대전광역시 서구 흑석동 298,36.25221168,127.3405565,2016,한전주,042-288-3950,대전광역시 서구청,2025-06-26
흑석동117,1,,대전광역시 서구 흑석동 622,36.2601417,127.3376011,2016,한전주,042-288-3950,대전광역시 서구청,2025-06-26
흑석동118,1,,대전광역시 서구 흑석동 653-3,36.26048237,127.3388703,2016,한전주,042-288-3950,대전광역시 서구청,2025-06-26
흑석동119,1,,대전광역시 서구 흑석동 653-2,36.2604641,127.339294,2016,한전주,042-288-3950,대전광역시 서구청,2025-06-26
흑석동120,1,,대전광역시 서구 흑석동 646,36.26094284,127.3392124,2016,한전주,042-288-3950,대전광역시 서구청,2025-06-26
흑석동121,1,대전광역시 서구 물안길 61,대전광역시 서구 흑석동 590-5,36.26171092,127.3396532,2016,한전주,042-288-3950,대전광역시 서구청,2025-06-26
흑석동122,1,대전광역시 서구 물안길 63,대전광역시 서구 흑석동 590-4,36.26179123,127.3397728,2016,한전주,042-288-3950,대전광역시 서구청,2025-06-26
흑석동123,1,,대전광역시 서구 흑석동 650-3,36.26151659,127.3401869,2016,한전주,042-288-3950,대전광역시 서구청,2025-06-26
흑석동124,1,,대전광역시 서구 흑석동 653-2,36.260414,127.3392894,2016,한전주,042-288-3950,대전광역시 서구청,2025-06-26
흑석동125,1,,대전광역시 서구 흑석동 426-1,36.26204856,127.3406392,2016,한전주,042-288-3950,대전광역시 서구청,2025-06-26
흑석동126,1,,대전광역시 서구 흑석동 427-2,36.26270377,127.3404841,2016,한전주,042-288-3950,대전광역시 서구청,2025-06-26
흑석동127,1,대전광역시 서구 물안길 97-18,대전광역시 서구 흑석동 429,36.26314607,127.3406637,2016,한전주,042-288-3950,대전광역시 서구청,2025-06-26
흑석동128,1,대전광역시 서구 물안길 97-14,대전광역시 서구 흑석동 430-1,36.26332601,127.340822,2016,한전주,042-288-3950,대전광역시 서구청,2025-06-26
흑석동129,1,,대전광역시 서구 흑석동 431-3,36.263374,127.3410477,2016,한전주,042-288-3950,대전광역시 서구청,2025-06-26
흑석동130,1,,대전광역시 서구 흑석동 789,36.26801064,127.3458863,2016,한전주,042-288-3950,대전광역시 서구청,2025-06-26
흑석동131,1,,대전광역시 서구 흑석동 산11-3,36.27096814,127.3418278,2016,한전주,042-288-3950,대전광역시 서구청,2025-06-26
흑석동132,1,대전광역시 서구 노루벌1길 409,대전광역시 서구 흑석동 545-11,36.27125666,127.3406697,2016,한전주,042-288-3950,대전광역시 서구청,2025-06-26
흑석동133,1,대전광역시 서구 노루벌1길 409,대전광역시 서구 흑석동 545-11,36.27125666,127.3406697,2016,한전주,042-288-3950,대전광역시 서구청,2025-06-26
흑석동134,1,,대전광역시 서구 흑석동 154-1,36.270376,127.339402,2016,한전주,042-288-3950,대전광역시 서구청,2025-06-26
흑석동135,1,,대전광역시 서구 흑석동 564-24,36.26994299,127.3396101,2016,한전주,042-288-3950,대전광역시 서구청,2025-06-26
흑석동136,1,,대전광역시 서구 흑석동 566,36.269600,127.339788,2016,한전주,042-288-3950,대전광역시 서구청,2025-06-26
흑석동137,1,,대전광역시 서구 흑석동 570-6,36.26883876,127.3395108,2016,한전주,042-288-3950,대전광역시 서구청,2025-06-26
흑석동138,1,,대전광역시 서구 흑석동 575,36.2683714,127.339183,2016,한전주,042-288-3950,대전광역시 서구청,2025-06-26
흑석동139,1,대전광역시 서구 안물안길 38-45,대전광역시 서구 흑석동 463-5,36.2682935,127.3391042,2016,한전주,042-288-3950,대전광역시 서구청,2025-06-26
흑석동140,1,,대전광역시 서구 흑석동 466-1,36.26970496,127.340555,2016,한전주,042-288-3950,대전광역시 서구청,2025-06-26
흑석동141,1,,대전광역시 서구 흑석동 465-5,36.269278,127.340638,2016,한전주,042-288-3950,대전광역시 서구청,2025-06-26
흑석동142,1,,대전광역시 서구 흑석동 468,36.26904477,127.3416733,2016,한전주,042-288-3950,대전광역시 서구청,2025-06-26
흑석동143,1,,대전광역시 서구 흑석동 748,36.2688663,127.3418043,2016,한전주,042-288-3950,대전광역시 서구청,2025-06-26
흑석동144,1,,대전광역시 서구 흑석동 460-2,36.268236,127.3426584,2016,한전주,042-288-3950,대전광역시 서구청,2025-06-26
흑석동145,1,대전광역시 서구 흑석동 안물안길 148,대전광역시 서구 흑석동 460-43,36.26715703,127.3432037,2016,한전주,042-288-3950,대전광역시 서구청,2025-06-26
흑석동146,1,대전광역시 서구 흑석동 안물안길 148,대전광역시 서구 흑석동 460-43,36.26715703,127.3432037,2016,한전주,042-288-3950,대전광역시 서구청,2025-06-26
흑석동147,1,대전광역시 서구 노루벌1길 409,대전광역시 서구 흑석동 545-11,36.271265,127.3406697,2016,한전주,042-288-3950,대전광역시 서구청,2025-06-26
흑석동148,1,대전광역시 서구 노루벌1길 399,대전광역시 서구 흑석동 545-8,36.27167435,127.3403249,2016,한전주,042-288-3950,대전광역시 서구청,2025-06-26
흑석동149,1,대전광역시 서구 흑석동 노루벌1길 399,대전광역시 서구 흑석동 545-9,36.27167435,127.3403249,2016,한전주,042-288-3950,대전광역시 서구청,2025-06-26
흑석동150,1,,대전광역시 서구 흑석동 545-2,36.27256969,127.338918,2016,한전주,042-288-3950,대전광역시 서구청,2025-06-26
흑석동151,1,대전광역시 서구 노루벌1길 355,대전광역시 서구 흑석동 543-2,36.27285349,127.3384538,2016,한전주,042-288-3950,대전광역시 서구청,2025-06-26
흑석동152,1,,대전광역시 서구 흑석동 542-6,36.27342266,127.3379333,2016,한전주,042-288-3950,대전광역시 서구청,2025-06-26
흑석동153,1,,대전광역시 서구 흑석동 538-5,36.273813,127.3369803,2016,한전주,042-288-3950,대전광역시 서구청,2025-06-26
흑석동154,1,대전광역시 서구 노루벌1길 311,대전광역시 서구 흑석동 541-5,36.274192,127.3366935,2016,한전주,042-288-3950,대전광역시 서구청,2025-06-26
흑석동155,1,대전광역시 서구 노루벌1길 303,대전광역시 서구 흑석동 541-12,36.27435647,127.3367274,2016,한전주,042-288-3950,대전광역시 서구청,2025-06-26
흑석동156,1,,대전광역시 서구 흑석동 538-16,36.274691,127.3367777,2016,한전주,042-288-3950,대전광역시 서구청,2025-06-26
흑석동157,1,,대전광역시 서구 흑석동 538-17,36.27540522,127.3363449,2016,한전주,042-288-3950,대전광역시 서구청,2025-06-26
흑석동158,1,대전광역시 서구 노루벌1길 271,대전광역시 서구 흑석동 538-2,36.275724,127.3365368,2016,한전주,042-288-3950,대전광역시 서구청,2025-06-26
흑석동159,1,,대전광역시 서구 흑석동 538-15,36.27454618,127.3372302,2016,한전주,042-288-3950,대전광역시 서구청,2025-06-26
흑석동160,1,,대전광역시 서구 흑석동 산4-24,36.27620465,127.337062,2016,한전주,042-288-3950,대전광역시 서구청,2025-06-26
흑석동161,1,,대전광역시 서구 흑석동 535-6,36.276914,127.3364682,2016,한전주,042-288-3950,대전광역시 서구청,2025-06-26
흑석동162,1,대전광역시 서구 노루벌1길 225,대전광역시 서구 흑석동 533-5,36.27767769,127.3368295,2016,한전주,042-288-3950,대전광역시 서구청,2025-06-26
흑석동163,1,대전광역시 서구 노루벌1길 222-1,대전광역시 서구 흑석동 534-2,36.27760372,127.3363412,2016,한전주,042-288-3950,대전광역시 서구청,2025-06-26
흑석동164,1,,대전광역시 서구 흑석동 790-1,36.27799935,127.3368163,2016,전용주,042-288-3950,대전광역시 서구청,2025-06-26
흑석동165,1,,대전광역시 서구 흑석동 527-3,36.27815281,127.3374095,2016,한전주,042-288-3950,대전광역시 서구청,2025-06-26
흑석동166,1,,대전광역시 서구 흑석동 527-10,36.27821242,127.337839,2016,한전주,042-288-3950,대전광역시 서구청,2025-06-26
흑석동167,1,,대전광역시 서구 흑석동 527-1,36.2782451,127.338253,2016,한전주,042-288-3950,대전광역시 서구청,2025-06-26
흑석동168,1,,대전광역시 서구 흑석동 517-3,36.27891302,127.338723,2016,한전주,042-288-3950,대전광역시 서구청,2025-06-26
흑석동169,1,,대전광역시 서구 흑석동 517-3,36.27891302,127.338723,2016,한전주,042-288-3950,대전광역시 서구청,2025-06-26
흑석동170,1,대전광역시 서구 노루벌2길 27,대전광역시 서구 흑석동 525,36.27927527,127.3375464,2016,한전주,042-288-3950,대전광역시 서구청,2025-06-26
흑석동171,1,,대전광역시 서구 흑석동 523-2,36.27920879,127.337844,2016,한전주,042-288-3950,대전광역시 서구청,2025-06-26
흑석동172,1,,대전광역시 서구 흑석동 530-6,36.27800365,127.3347321,2016,한전주,042-288-3950,대전광역시 서구청,2025-06-26
흑석동173,1,,대전광역시 서구 흑석동 804,36.27650299,127.3340392,2016,전용주,042-288-3950,대전광역시 서구청,2025-06-26
흑석동174,1,,대전광역시 서구 흑석동 698,36.27678711,127.333169,2016,한전주,042-288-3950,대전광역시 서구청,2025-06-26
흑석동175,1,,대전광역시 서구 흑석동 산101-2,36.27846853,127.3325546,2016,전용주,042-288-3950,대전광역시 서구청,2025-06-26
흑석동176,1,,대전광역시 서구 흑석동 701,36.27780107,127.332069,2016,한전주,042-288-3950,대전광역시 서구청,2025-06-26
흑석동177,1,,대전광역시 서구 흑석동 산97-29,36.278782,127.332125,2016,전용주,042-288-3950,대전광역시 서구청,2025-06-26
흑석동178,1,,대전광역시 서구 흑석동 518,36.2784034,127.3388579,2016,한전주,042-288-3950,대전광역시 서구청,2025-06-26
흑석동179,1,,대전광역시 서구 흑석동 507-6,36.27765641,127.3409168,2016,한전주,042-288-3950,대전광역시 서구청,2025-06-26
흑석동180,1,,대전광역시 서구 흑석동 507-1,36.2775257,127.3414072,2016,한전주,042-288-3950,대전광역시 서구청,2025-06-26
흑석동181,1,,대전광역시 서구 흑석동 505,36.27651146,127.3429729,2016,한전주,042-288-3950,대전광역시 서구청,2025-06-26
흑석동182,1,,대전광역시 서구 흑석동 500-1,36.275118,127.3435029,2016,한전주,042-288-3950,대전광역시 서구청,2025-06-26
흑석동183,1,,대전광역시 서구 흑석동 497-4,36.27386682,127.3436464,2016,한전주,042-288-3950,대전광역시 서구청,2025-06-26
흑석동184,1,,대전광역시 서구 흑석동 산10-1,36.27277081,127.3432306,2016,한전주,042-288-3950,대전광역시 서구청,2025-06-26
흑석동185,1,,대전광역시 서구 흑석동 745,36.27159496,127.3450951,2016,한전주,042-288-3950,대전광역시 서구청,2025-06-26
흑석동186,1,,대전광역시 서구 흑석동 131-1,36.269661,127.346755,2016,한전주,042-288-3950,대전광역시 서구청,2025-06-26
흑석동187,1,,대전광역시 서구 흑석동 113,36.26980844,127.3477634,2016,한전주,042-288-3950,대전광역시 서구청,2025-06-26
흑석동188,1,,대전광역시 서구 흑석동 116,36.26974639,127.3486217,2016,한전주,042-288-3950,대전광역시 서구청,2025-06-26
흑석동189,1,,대전광역시 서구 흑석동 716,36.26832065,127.3520075,2016,한전주,042-288-3950,대전광역시 서구청,2025-06-26
흑석동190,1,,대전광역시 서구 흑석동 100-1,36.269057,127.351604,2016,한전주,042-288-3950,대전광역시 서구청,2025-06-26
흑석동191,1,,대전광역시 서구 흑석동 산32-3,36.2714927,127.357730,2016,전용주,042-288-3950,대전광역시 서구청,2025-06-26
흑석동192,1,,대전광역시 서구 흑석동 산32-3,36.2714927,127.357730,2016,전용주,042-288-3950,대전광역시 서구청,2025-06-26
흑석동193,1,,대전광역시 서구 흑석동 산32-3,36.2714927,127.357730,2016,전용주,042-288-3950,대전광역시 서구청,2025-06-26
흑석동194,1,,대전광역시 서구 흑석동 산32-3,36.2714927,127.357730,2016,전용주,042-288-3950,대전광역시 서구청,2025-06-26
흑석동195,1,,대전광역시 서구 흑석동 산32-3,36.2714927,127.357730,2016,전용주,042-288-3950,대전광역시 서구청,2025-06-26
흑석동196,1,,대전광역시 서구 흑석동 95,36.27102114,127.3560459,2016,전용주,042-288-3950,대전광역시 서구청,2025-06-26
흑석동197,1,,대전광역시 서구 흑석동 108,36.27128008,127.3547618,2016,전용주,042-288-3950,대전광역시 서구청,2025-06-26
흑석동198,1,,대전광역시 서구 흑석동 107,36.27076708,127.3541144,2016,전용주,042-288-3950,대전광역시 서구청,2025-06-26
흑석동199,1,,대전광역시 서구 흑석동 97,36.270218,127.3537053,2016,한전주,042-288-3950,대전광역시 서구청,2025-06-26
흑석동200,1,,대전광역시 서구 흑석동 98,36.27016835,127.3535145,2016,한전주,042-288-3950,대전광역시 서구청,2025-06-26
흑석동201,1,,대전광역시 서구 흑석동 94-1,36.269639,127.352903,2016,전용주,042-288-3950,대전광역시 서구청,2025-06-26
흑석동202,1,대전광역시 서구 언목재길 327,대전광역시 서구 흑석동 94,36.26951797,127.3529232,2016,전용주,042-288-3950,대전광역시 서구청,2025-06-26
흑석동203,1,,대전광역시 서구 흑석동 60,36.26856812,127.3524311,2016,한전주,042-288-3950,대전광역시 서구청,2025-06-26
흑석동204,1,,대전광역시 서구 흑석동 60,36.26856812,127.3524311,2016,전용주,042-288-3950,대전광역시 서구청,2025-06-26
흑석동205,1,,대전광역시 서구 흑석동 89-2,36.26782282,127.3518658,2016,한전주,042-288-3950,대전광역시 서구청,2025-06-26
흑석동206,1,,대전광역시 서구 흑석동 82,36.26747741,127.3520721,2016,한전주,042-288-3950,대전광역시 서구청,2025-06-26
흑석동207,1,대전광역시 서구 언목재길 367-69,대전광역시 서구 흑석동 63-1,36.26767319,127.352762,2016,한전주,042-288-3950,대전광역시 서구청,2025-06-26
흑석동208,1,대전광역시 서구 흑석동 언목재길 367-63,대전광역시 서구 흑석동 65-2,36.2676955,127.3528316,2016,한전주,042-288-3950,대전광역시 서구청,2025-06-26
흑석동209,1,,대전광역시 서구 흑석동 58,36.26776937,127.3537259,2016,한전주,042-288-3950,대전광역시 서구청,2025-06-26
흑석동210,1,대전광역시 서구 언목재길 367-81,대전광역시 서구 흑석동 63-5,36.26740995,127.352715,2016,한전주,042-288-3950,대전광역시 서구청,2025-06-26
흑석동211,1,대전광역시 서구 언목재길 367-87,대전광역시 서구 흑석동 63-7,36.267111,127.3528744,2016,한전주,042-288-3950,대전광역시 서구청,2025-06-26
흑석동212,1,대전광역시 서구 언목재길 367-95,대전광역시 서구 흑석동 75,36.2670391,127.3530378,2016,전용주,042-288-3950,대전광역시 서구청,2025-06-26
흑석동213,1,,대전광역시 서구 흑석동 77,36.26659294,127.352252,2016,전용주,042-288-3950,대전광역시 서구청,2025-06-26
흑석동214,1,,대전광역시 서구 흑석동 산53-1,36.26473283,127.3497266,2016,한전주,042-288-3950,대전광역시 서구청,2025-06-26
흑석동215,1,,대전광역시 서구 흑석동 산57-3,36.265253,127.350341,2016,한전주,042-288-3950,대전광역시 서구청,2025-06-26
흑석동216,1,,대전광역시 서구 흑석동 168,36.262597,127.348031,2016,한전주,042-288-3950,대전광역시 서구청,2025-06-26
흑석동217,1,대전광역시 서구 벌곡로 732-52,대전광역시 서구 흑석동 164-4,36.2624563,127.3464985,2016,한전주,042-288-3950,대전광역시 서구청,2025-06-26
흑석동218,1,,대전광역시 서구 흑석동 538,36.27559085,127.3356282,2016,한전주,042-288-3950,대전광역시 서구청,2025-06-26
흑석동219,1,대전광역시 서구 언목재길 527-5,대전광역시 서구 흑석동 174-2,36.261934,127.3472333,2016,한전주,042-288-3950,대전광역시 서구청,2025-06-26
흑석동220,1,,대전광역시 서구 흑석동 19-22,36.261676,127.347048,2016,전용주,042-288-3950,대전광역시 서구청,2025-06-26
흑석동221,1,대전광역시 서구 사진개길 19-16,대전광역시 서구 흑석동 173-4,36.26132352,127.3470235,2016,한전주,042-288-3950,대전광역시 서구청,2025-06-26
흑석동222,1,,대전광역시 서구 흑석동 192-1,36.26111138,127.3467656,2016,한전주,042-288-3950,대전광역시 서구청,2025-06-26
흑석동223,1,,대전광역시 서구 흑석동 21-7,36.260800,127.347478,2016,한전주,042-288-3950,대전광역시 서구청,2025-06-26
흑석동224,1,,대전광역시 서구 흑석동 797,36.26137191,127.3494722,2016,한전주,042-288-3950,대전광역시 서구청,2025-06-26
흑석동225,1,대전광역시 서구 흑석동 사진개길 101,대전광역시 서구 흑석동 182-1,36.26232333,127.3498279,2016,한전주,042-288-3950,대전광역시 서구청,2025-06-26
흑석동226,1,,대전광역시 서구 흑석동 732-1,36.26096062,127.351334,2016,한전주,042-288-3950,대전광역시 서구청,2025-06-26
흑석동227,1,,대전광역시 서구 흑석동 19,36.26097315,127.351417,2016,한전주,042-288-3950,대전광역시 서구청,2025-06-26
흑석동228,1,,대전광역시 서구 흑석동 18,36.26049297,127.3524606,2016,한전주,042-288-3950,대전광역시 서구청,2025-06-26
흑석동229,1,,대전광역시 서구 흑석동 207-1,36.260892,127.348602,2016,한전주,042-288-3950,대전광역시 서구청,2025-06-26
흑석동230,1,대전광역시 서구 사진개길 52,대전광역시 서구 흑석동 207-2,36.26053419,127.3485346,2016,한전주,042-288-3950,대전광역시 서구청,2025-06-26
흑석동231,1,,대전광역시 서구 흑석동 205,36.26050412,127.3478201,2016,한전주,042-288-3950,대전광역시 서구청,2025-06-26
흑석동232,1,,대전광역시 서구 흑석동 203-1,36.25918901,127.3475063,2016,한전주,042-288-3950,대전광역시 서구청,2025-06-26
흑석동233,1,,대전광역시 서구 흑석동 198-2,36.26044055,127.3467916,2016,한전주,042-288-3950,대전광역시 서구청,2025-06-26
흑석동234,1,,대전광역시 서구 흑석동 193,36.26103134,127.3463749,2016,한전주,042-288-3950,대전광역시 서구청,2025-06-26
흑석동235,1,,대전광역시 서구 흑석동 165,36.26236531,127.347060,2016,한전주,042-288-3950,대전광역시 서구청,2025-06-26
흑석동236,1,,대전광역시 서구 흑석동 622,36.2601417,127.3376011,2023,한전주,042-288-3950,대전광역시 서구청,2025-06-26
흑석동237,1,,대전광역시 서구 흑석동 623-4,36.26012151,127.337254,2023,전용주,042-288-3950,대전광역시 서구청,2025-06-26
흑석동238,1,대전광역시 서구 물안길 28-37,대전광역시 서구 흑석동 650-7,36.26131217,127.340013,2023,한전주,042-288-3950,대전광역시 서구청,2025-06-26
흑석동239,1,,대전광역시 서구 흑석동 698,36.27678711,127.3331932,2023,한전주,042-288-3950,대전광역시 서구청,2025-06-26
흑석동240,1,,대전광역시 서구 흑석동 530-3,36.27678599,127.3350336,2023,한전주,042-288-3950,대전광역시 서구청,2025-06-26
흑석동241,1,,대전광역시 서구 흑석동 269-1,36.252153,127.3477166,2023,한전주,042-288-3950,대전광역시 서구청,2025-06-26
흑석동242,1,대전광역시 서구 흑석동 언목재길,대전광역시 서구 흑석동 53,36.266997,127.3556068,2023,한전주,042-288-3950,대전광역시 서구청,2025-06-26
흑석동243,1,대전광역시 서구 흑석동 언목재길,대전광역시 서구 흑석동 53,36.26693101,127.3556068,2023,한전주,042-288-3950,대전광역시 서구청,2025-06-26
흑석동244,1,,대전광역시 서구 흑석동 209-4,36.259591,127.3480542,2023,한전주,042-288-3950,대전광역시 서구청,2025-06-26
흑석동245,1,,대전광역시 서구 흑석동 1-1,36.27100532,127.3566211,2023,한전주,042-288-3950,대전광역시 서구청,2025-06-26
흑석동246,1,,대전광역시 서구 흑석동 966,36.25417012,127.341236,2023,한전주,042-288-3950,대전광역시 서구청,2025-06-26
흑석동247,1,,대전광역시 서구 흑석동 493-2,36.27386174,127.343302,2023,한전주,042-288-3950,대전광역시 서구청,2025-06-26
흑석동248,1,,대전광역시 서구 흑석동 167-1,36.26381622,127.349374,2023,한전주,042-288-3950,대전광역시 서구청,2025-06-26
흑석동249,1,,대전광역시 서구 흑석동 167-1,36.263812,127.349374,2023,한전주,042-288-3950,대전광역시 서구청,2025-06-26
흑석동250,1,,대전광역시 서구 흑석동 494-2,36.2745468,127.3432963,2023,한전주,042-288-3950,대전광역시 서구청,2025-06-26
흑석동251,1,,대전광역시 서구 흑석동 192-1,36.26111138,127.3467656,2023,한전주,042-288-3950,대전광역시 서구청,2025-06-26
흑석동252,1,,대전광역시 서구 흑석동 538-1,36.27556829,127.335410,2023,한전주,042-288-3950,대전광역시 서구청,2025-06-26
흑석동253,1,대전광역시 서구 노루벌1길 250,대전광역시 서구 흑석동 535-3,36.27669212,127.3362962,2023,한전주,042-288-3950,대전광역시 서구청,2025-06-26
흑석동254,1,,대전광역시 서구 흑석동 556,36.27100969,127.3371895,2023,한전주,042-288-3950,대전광역시 서구청,2025-06-26
흑석동255,1,,대전광역시 서구 흑석동 545-11,36.27125666,127.3406697,2023,전용주,042-288-3950,대전광역시 서구청,2025-06-26
흑석동256,1,,대전광역시 서구 흑석동 460-33,36.26676113,127.3420788,2023,한전주,042-288-3950,대전광역시 서구청,2025-06-26
흑석동257,1,,대전광역시 서구 흑석동 552-9,36.270963,127.3381742,2023,한전주,042-288-3950,대전광역시 서구청,2025-06-26
흑석동258,1,,대전광역시 서구 흑석동 551-22,36.27090023,127.3384821,2023,한전주,042-288-3950,대전광역시 서구청,2025-06-26
흑석동259,1,대전광역시 서구 대추벌길 58-8,대전광역시 서구 흑석동 691,36.265875,127.3343201,2023,한전주,042-288-3950,대전광역시 서구청,2025-06-26
흑석동260,1,,대전광역시 서구 흑석동 269-2,36.2519452,127.347169,2023,한전주,042-288-3950,대전광역시 서구청,2025-06-26
흑석동261,1,,대전광역시 서구 흑석동 494-2,36.274501,127.3432963,2023,한전주,042-288-3950,대전광역시 서구청,2025-06-26
흑석동262,1,,대전광역시 서구 흑석동 814,36.27293033,127.3439403,2023,한전주,042-288-3950,대전광역시 서구청,2025-06-26
흑석동263,1,,대전광역시 서구 흑석동 738,36.2761108,127.3436333,2023,한전주,042-288-3950,대전광역시 서구청,2025-06-26
흑석동264,1,,대전광역시 서구 흑석동 499-1,36.275367,127.343833,2023,전용주,042-288-3950,대전광역시 서구청,2025-06-26
흑석동265,1,,대전광역시 서구 흑석동 814,36.27293033,127.343924,2024,한전주,042-288-3950,대전광역시 서구청,2025-06-26
흑석동266,1,,대전광역시 서구 흑석동 117,36.26959833,127.3499983,2024,한전주,042-288-3950,대전광역시 서구청,2025-06-26
흑석동267,1,,대전광역시 서구 흑석동 산 24,36.27093492,127.3484362,2024,한전주,042-288-3950,대전광역시 서구청,2025-06-26
흑석동268,1,,대전광역시 서구 흑석동 766-30,36.24917198,127.3409187,2024,한전주,042-288-3950,대전광역시 서구청,2025-06-26
흑석동269,1,,대전광역시 서구 흑석동 766-30,36.24917198,127.340975,2024,전용주,042-288-3950,대전광역시 서구청,2025-06-26
흑석동270,1,,대전광역시 서구 흑석동 288-10,36.248530,127.341471,2024,한전주,042-288-3950,대전광역시 서구청,2025-06-26
흑석동271,1,,대전광역시 서구 흑석동 409-15,36.25608728,127.3428455,2024,한전주,042-288-3950,대전광역시 서구청,2025-06-26
