보안등위치명,설치개수,소재지도로명주소,소재지지번주소,위도,경도,설치연도,설치형태,관리기관전화번호,관리기관명,데이터기준일자
대화동009,1,대전광역시 대덕구 대화1길 96,,36.36394429,127.4161616,,,042-608-5205,대전광역시 대덕구청,2025-11-13
대화동098-1,1,,대전광역시 대덕구 대화동 31-32,,,,,042-608-5205,대전광역시 대덕구청,2025-11-13
목상동022,1,대전광역시 대덕구 대덕대로1486번길 137,,36.44603385,127.4118346,,,042-608-5205,대전광역시 대덕구청,2025-11-13
목상동023,1,대전광역시 대덕구 대덕대로1470번길 61,,36.44628226,127.4119252,,,042-608-5205,대전광역시 대덕구청,2025-11-13
목상동024,1,대전광역시 대덕구 대덕대로1486번길 117,대전광역시 대덕구 목상동 870,36.44563926,127.4123233,,,042-608-5205,대전광역시 대덕구청,2025-11-13
목상동025,1,대전광역시 대덕구 대덕대로1470번길 55,,36.44685829,127.4142126,,,042-608-5205,대전광역시 대덕구청,2025-11-13
목상동026,1,대전광역시 대덕구 대덕대로1470번길 55,,36.44685829,127.4142126,,,042-608-5205,대전광역시 대덕구청,2025-11-13
목상동027,1,대전광역시 대덕구 대덕대로1470번길 60,,36.4465382,127.4119221,,,042-608-5205,대전광역시 대덕구청,2025-11-13
목상동028,1,대전광역시 대덕구 대덕대로1470번길59,,36.44627824,127.4120456,,,042-608-5205,대전광역시 대덕구청,2025-11-13
목상동029,1,대전광역시 대덕구 대덕대로1470번길 85,,36.44565814,127.4110296,,,042-608-5205,대전광역시 대덕구청,2025-11-13
목상동030,1,대전광역시 대덕구 대덕대로1454번길 68,,36.44518772,127.4105095,,,042-608-5205,대전광역시 대덕구청,2025-11-13
목상동031,1,대전광역시 대덕구 대덕대로1454번길 62,,36.44542947,127.4104394,,,042-608-5205,대전광역시 대덕구청,2025-11-13
대화동098-2,1,,대전광역시 대덕구 대화동 31-35,,,,,042-608-5205,대전광역시 대덕구청,2025-11-13
목상동032,1,대전광역시 대덕구 대덕대로1454번길 50,,36.44588731,127.410424,,,042-608-5205,대전광역시 대덕구청,2025-11-13
목상동033,1,대전광역시 대덕구 대덕대로1454번길 39,대전광역시 대덕구 목상동 174,36.44640185,127.4106944,,,042-608-5205,대전광역시 대덕구청,2025-11-13
목상동034,1,대전광역시 대덕구 대덕대로1454번길 39,대전광역시 대덕구 목상동 174,36.44640185,127.4106944,,,042-608-5205,대전광역시 대덕구청,2025-11-13
목상동035,1,대전광역시 대덕구 대덕대로1454번길 39,대전광역시 대덕구 목상동 174,36.44640185,127.4106944,,,042-608-5205,대전광역시 대덕구청,2025-11-13
목상동036,1,대전광역시 대덕구 대덕대로1454번길 39,대전광역시 대덕구 목상동 174,36.44640185,127.4106944,,,042-608-5205,대전광역시 대덕구청,2025-11-13
목상동037,1,대전광역시 대덕구 대덕대로1454번길 39,대전광역시 대덕구 목상동 174,36.44640185,127.4106944,,,042-608-5205,대전광역시 대덕구청,2025-11-13
목상동038,1,대전광역시 대덕구 대덕대로1458번길 70,,36.44667355,127.4113472,,,042-608-5205,대전광역시 대덕구청,2025-11-13
목상동039,1,대전광역시 대덕구 대덕대로1458번길 60,,36.4468166,127.4116782,,,042-608-5205,대전광역시 대덕구청,2025-11-13
목상동040,1,대전광역시 대덕구 대덕대로1458번길 51,,36.44712896,127.4120367,,,042-608-5205,대전광역시 대덕구청,2025-11-13
목상동041,1,대전광역시 대덕구 대덕대로1454번길 33-19,,36.44709128,127.4114654,,,042-608-5205,대전광역시 대덕구청,2025-11-13
대화동098-3,1,,대전광역시 대덕구 대화동 31-35,,,,,042-608-5205,대전광역시 대덕구청,2025-11-13
목상동042,1,대전광역시 대덕구 대덕대로1454번길 33-17,,36.44703057,127.4112989,,,042-608-5205,대전광역시 대덕구청,2025-11-13
목상동043,1,대전광역시 대덕구 대덕대로1454번길 33-9,,36.44692354,127.4109782,,,042-608-5205,대전광역시 대덕구청,2025-11-13
목상동044,1,대전광역시 대덕구 대덕대로1454번길 31,,36.44679852,127.4106474,,,042-608-5205,대전광역시 대덕구청,2025-11-13
목상동045,1,대전광역시 대덕구 대덕대로1454번길 36,,36.44653977,127.4104185,,,042-608-5205,대전광역시 대덕구청,2025-11-13
목상동046,1,대전광역시 대덕구 대덕대로1454번길 28,,36.44691854,127.4103357,,,042-608-5205,대전광역시 대덕구청,2025-11-13
목상동047,1,대전광역시 대덕구 대덕대로1454번길 27,,36.44691041,127.4106034,,,042-608-5205,대전광역시 대덕구청,2025-11-13
목상동048,1,대전광역시 대덕구 대덕대로1454번길 25-10,,36.44703183,127.4109342,,,042-608-5205,대전광역시 대덕구청,2025-11-13
목상동049,1,대전광역시 대덕구 대덕대로1454번길 25-20,,36.44720678,127.4114214,,,042-608-5205,대전광역시 대덕구청,2025-11-13
목상동050,1,대전광역시 대덕구 대덕대로1454번길 25-26,,36.44731032,127.411712,,,042-608-5205,대전광역시 대덕구청,2025-11-13
목상동051,1,대전광역시 대덕구 대덕대로1458번길 46,,36.44737822,127.4118819,,,042-608-5205,대전광역시 대덕구청,2025-11-13
대화동098-4,1,,대전광역시 대덕구 대화동 31-35,,,,,042-608-5205,대전광역시 대덕구청,2025-11-13
목상동052,1,대전광역시 대덕구 대덕대로1454번길 21,,36.44722786,127.4105337,,,042-608-5205,대전광역시 대덕구청,2025-11-13
목상동053,1,대전광역시 대덕구 대덕대로1458번길 32,,36.44792667,127.4117242,,,042-608-5205,대전광역시 대덕구청,2025-11-13
목상동054,1,대전광역시 대덕구 대덕대로1454번길 19-26,,36.44768519,127.411714,,,042-608-5205,대전광역시 대덕구청,2025-11-13
목상동055,1,대전광역시 대덕구 대덕대로1454번길 19-20,,36.44757801,127.4114368,,,042-608-5205,대전광역시 대덕구청,2025-11-13
목상동056,1,대전광역시 대덕구 대덕대로1454번길 19-12,,36.44741373,127.4109897,,,042-608-5205,대전광역시 대덕구청,2025-11-13
목상동057,1,대전광역시 대덕구 대덕대로1454번길 19-8,,36.44734937,127.4108377,,,042-608-5205,대전광역시 대덕구청,2025-11-13
목상동058,1,대전광역시 대덕구 대덕대로1454번길 21,,36.44722786,127.4105337,,,042-608-5205,대전광역시 대덕구청,2025-11-13
목상동059,1,대전광역시 대덕구 대덕대로1454번길 18,,36.44735135,127.4102622,,,042-608-5205,대전광역시 대덕구청,2025-11-13
목상동060,1,대전광역시 대덕구 대덕대로1454번길 11-10,,36.4476776,127.410777,,,042-608-5205,대전광역시 대덕구청,2025-11-13
목상동061,1,대전광역시 대덕구 대덕대로1454번길 11-12,,36.44773838,127.4109245,,,042-608-5205,대전광역시 대덕구청,2025-11-13
대화동099,1,대전광역시 대덕구 동심1길 59,,36.36302048,127.4143784,,,042-608-5205,대전광역시 대덕구청,2025-11-13
목상동062,1,대전광역시 대덕구 대덕대로1454번길 8,,36.44771922,127.4102061,,,042-608-5205,대전광역시 대덕구청,2025-11-13
목상동063,1,대전광역시 대덕구 대덕대로1458번길 16,,36.44786702,127.4112509,,,042-608-5205,대전광역시 대덕구청,2025-11-13
목상동064,1,대전광역시 대덕구 대덕대로1458번길 22,,36.44796699,127.4115281,,,042-608-5205,대전광역시 대덕구청,2025-11-13
목상동065,1,대전광역시 대덕구 대덕대로1470번길 14,,36.44817803,127.4120021,,,042-608-5205,대전광역시 대덕구청,2025-11-13
목상동066,1,대전광역시 대덕구 신일동로93번길 27,,36.43988876,127.4126409,,,042-608-5205,대전광역시 대덕구청,2025-11-13
목상동067,1,대전광역시 대덕구 신일동로93번길 23,,36.43957582,127.4124474,,,042-608-5205,대전광역시 대덕구청,2025-11-13
목상동068,1,대전광역시 대덕구 신일동로93번길 17-7,,36.43926739,127.4119952,,,042-608-5205,대전광역시 대덕구청,2025-11-13
목상동069,1,대전광역시 대덕구 신일동로93번길 10,,36.4388014,127.4122827,,,042-608-5205,대전광역시 대덕구청,2025-11-13
목상동070,1,,대전광역시 대덕구 목상동 230,,,,,042-608-5205,대전광역시 대덕구청,2025-11-13
목상동071,1,,대전광역시 대덕구 목상동 221-1,,,,,042-608-5205,대전광역시 대덕구청,2025-11-13
대화동100,1,대전광역시 대덕구 동심1길 53,,36.36284271,127.4147073,,,042-608-5205,대전광역시 대덕구청,2025-11-13
목상동072,1,,대전광역시 대덕구 목상동 221-1,,,,,042-608-5205,대전광역시 대덕구청,2025-11-13
목상동073,1,대전광역시 대덕구 대덕대로1520번길 77,,36.44618635,127.4156769,,,042-608-5205,대전광역시 대덕구청,2025-11-13
목상동074,1,대전광역시 대덕구 대덕대로1520번길 77,,36.44618635,127.4156769,,,042-608-5205,대전광역시 대덕구청,2025-11-13
목상동075,1,대전광역시 대덕구 대덕대로1508번길 43,,36.44718672,127.4151334,,,042-608-5205,대전광역시 대덕구청,2025-11-13
목상동076,1,대전광역시 대덕구 대덕대로1508번길 38-3,,36.44749341,127.4150503,,,042-608-5205,대전광역시 대덕구청,2025-11-13
목상동077,1,대전광역시 대덕구 대덕대로1508번길 35-3,,36.44734755,127.4155314,,,042-608-5205,대전광역시 대덕구청,2025-11-13
목상동078,1,대전광역시 대덕구 대덕대로1508번길 35-11,,36.44711622,127.4157131,,,042-608-5205,대전광역시 대덕구청,2025-11-13
목상동079,1,,대전광역시 대덕구 목상동 209-2,36.44745581,127.4154963,,,042-608-5205,대전광역시 대덕구청,2025-11-13
목상동080,1,대전광역시 대덕구 대덕대로1508번길 30,,36.44765819,127.4153456,,,042-608-5205,대전광역시 대덕구청,2025-11-13
목상동081,1,대전광역시 대덕구 대덕대로1508번길27,,36.44790197,127.4157307,,,042-608-5205,대전광역시 대덕구청,2025-11-13
대화동101,1,대전광역시 대덕구 동심1길 57,,36.36314192,127.414701,,,042-608-5205,대전광역시 대덕구청,2025-11-13
목상동082,1,,대전광역시 대덕구 목상동 217-27,,,,,042-608-5205,대전광역시 대덕구청,2025-11-13
목상동083,1,,대전광역시 대덕구 목상동 217-52,,,,,042-608-5205,대전광역시 대덕구청,2025-11-13
목상동084,1,대전광역시 대덕구 대덕대로1514번길 13,,36.44815888,127.4164816,,,042-608-5205,대전광역시 대덕구청,2025-11-13
목상동085,1,대전광역시 대덕구 대덕대로1514번길 11,,36.44839677,127.4164873,,,042-608-5205,대전광역시 대덕구청,2025-11-13
목상동086,1,대전광역시 대덕구 대덕대로1514번길 11,,36.44839677,127.4164873,,,042-608-5205,대전광역시 대덕구청,2025-11-13
목상동087,1,,대전광역시 대덕구 목상동 12-4,,,,,042-608-5205,대전광역시 대덕구청,2025-11-13
목상동088,1,대전광역시 대덕구 대덕대로 1518,,36.44905547,127.4167586,,,042-608-5205,대전광역시 대덕구청,2025-11-13
목상동089,1,대전광역시 대덕구 대덕대로 1512,,36.44904275,127.4162722,,,042-608-5205,대전광역시 대덕구청,2025-11-13
목상동090,1,대전광역시 대덕구 대덕대로1524번길 27,,36.44852787,127.4161043,,,042-608-5205,대전광역시 대덕구청,2025-11-13
목상동091,1,대전광역시 대덕구 대덕대로1504번길 25,,36.44847968,127.4154526,,,042-608-5205,대전광역시 대덕구청,2025-11-13
대화동102,1,대전광역시 대덕구 동심1길 74,,36.36344608,127.4143049,,,042-608-5205,대전광역시 대덕구청,2025-11-13
목상동092,1,대전광역시 대덕구 대덕대로1508번길 22,,36.44801487,127.4153966,,,042-608-5205,대전광역시 대덕구청,2025-11-13
목상동093,1,대전광역시 대덕구 대덕대로1508번길 24-7,,36.44783895,127.4151949,,,042-608-5205,대전광역시 대덕구청,2025-11-13
목상동094,1,대전광역시 대덕구 대덕대로1508번길 24-9,,36.44783603,127.4149986,,,042-608-5205,대전광역시 대덕구청,2025-11-13
목상동095,1,대전광역시 대덕구 대덕대로1504번길 38,,36.4482377,127.4145501,,,042-608-5205,대전광역시 대덕구청,2025-11-13
목상동096,1,대전광역시 대덕구 대덕대로1504번길 33,,36.44801607,127.4150531,,,042-608-5205,대전광역시 대덕구청,2025-11-13
목상동097,1,대전광역시 대덕구 대덕대로1504번길 27,,36.4484014,127.4151578,,,042-608-5205,대전광역시 대덕구청,2025-11-13
목상동098,1,대전광역시 대덕구 대덕대로1524번길 43,,36.44888112,127.4150711,,,042-608-5205,대전광역시 대덕구청,2025-11-13
목상동099,1,대전광역시 대덕구 대덕대로1524번길 63,,36.44858134,127.4142039,,,042-608-5205,대전광역시 대덕구청,2025-11-13
목상동100,1,대전광역시 대덕구 대덕대로1524번길 56,,,,,,042-608-5205,대전광역시 대덕구청,2025-11-13
목상동101,1,대전광역시 대덕구 대덕대로1524번길 46,,36.44912628,127.415059,,,042-608-5205,대전광역시 대덕구청,2025-11-13
대화동103,1,대전광역시 대덕구 동심1길 80,,36.36349973,127.4141403,,,042-608-5205,대전광역시 대덕구청,2025-11-13
목상동102,1,,대전광역시 대덕구 목상동 8-22,,,,,042-608-5205,대전광역시 대덕구청,2025-11-13
목상동103,1,대전광역시 대덕구 대덕대로1524번길 37,,36.448729,127.4152777,,,042-608-5205,대전광역시 대덕구청,2025-11-13
목상동104,1,대전광역시 대덕구 문평동로18번길 26,,36.44665668,127.4046815,,,042-608-5205,대전광역시 대덕구청,2025-11-13
목상동105,1,,대전광역시 대덕구 목상동 80-1,,,,,042-608-5205,대전광역시 대덕구청,2025-11-13
목상동106,1,대전광역시 대덕구 대덕대로 1403-1,,36.44618291,127.405143,,,042-608-5205,대전광역시 대덕구청,2025-11-13
목상동107,1,대전광역시 대덕구 문평동로 41-16,,36.44749971,127.4004339,,,042-608-5205,대전광역시 대덕구청,2025-11-13
목상동108,1,대전광역시 대덕구 문평동로 41-22,,36.44758154,127.3997873,,,042-608-5205,대전광역시 대덕구청,2025-11-13
목상동109,1,대전광역시 대덕구 문평동로 41-32,,36.44712753,127.3997359,,,042-608-5205,대전광역시 대덕구청,2025-11-13
목상동110,1,대전광역시 대덕구 문평동로 41-36,,36.4466991,127.399582,,,042-608-5205,대전광역시 대덕구청,2025-11-13
목상동111,1,대전광역시 대덕구 문평동로 41-44,,36.44691786,127.398838,,,042-608-5205,대전광역시 대덕구청,2025-11-13
대화동104,1,대전광역시 대덕구 늘봄1길 15,,36.3640994,127.4140543,,,042-608-5205,대전광역시 대덕구청,2025-11-13
목상동112,1,,대전광역시 대덕구 목상동 47,,,,,042-608-5205,대전광역시 대덕구청,2025-11-13
목상동113,1,,대전광역시 대덕구 목상동 69-4,,,,,042-608-5205,대전광역시 대덕구청,2025-11-13
목상동114,1,대전광역시 대덕구 문평동로48번길 128,,36.45185246,127.4063638,,,042-608-5205,대전광역시 대덕구청,2025-11-13
목상동115,1,대전광역시 대덕구 산업단지로87번길 21,,36.42952592,127.4114486,,,042-608-5205,대전광역시 대덕구청,2025-11-13
목상동116,1,대전광역시 대덕구 산업단지로97번길 16,,36.42924669,127.410885,,,042-608-5205,대전광역시 대덕구청,2025-11-13
목상동117,1,대전광역시 대덕구 산업단지로97번길 42,,36.42817454,127.4113433,,,042-608-5205,대전광역시 대덕구청,2025-11-13
목상동118,1,대전광역시 대덕구 산업단지로97번길 56,,36.42760415,127.4115901,,,042-608-5205,대전광역시 대덕구청,2025-11-13
목상동119,1,대전광역시 대덕구 산업단지로97번길 64-10,,36.42707687,127.4118817,,,042-608-5205,대전광역시 대덕구청,2025-11-13
목상동120,1,,대전광역시 대덕구 목상동 3,,,,,042-608-5205,대전광역시 대덕구청,2025-11-13
목상동121,1,대전광역시 대덕구 산업단지로93번길 71,,36.42735215,127.4135826,,,042-608-5205,대전광역시 대덕구청,2025-11-13
대화동010,1,대전광역시 대덕구 대화1길 77,,36.36391396,127.4165893,,,042-608-5205,대전광역시 대덕구청,2025-11-13
대화동105,1,대전광역시 대덕구 동심3길 1,,36.36386083,127.4142447,,,042-608-5205,대전광역시 대덕구청,2025-11-13
목상동122,1,대전광역시 대덕구 산업단지로93번길 43-12,,36.42765023,127.4128616,,,042-608-5205,대전광역시 대덕구청,2025-11-13
목상동123,1,,대전광역시 대덕구 목상동 32-4,,,,,042-608-5205,대전광역시 대덕구청,2025-11-13
목상동124,1,대전광역시 대덕구 산업단지로93번길 43-7,,36.4279607,127.4127249,,,042-608-5205,대전광역시 대덕구청,2025-11-13
목상동125,1,대전광역시 대덕구 산업단지로93번길 41,,36.42805556,127.4123954,,,042-608-5205,대전광역시 대덕구청,2025-11-13
목상동126,1,대전광역시 대덕구 산업단지로93번길 33-5,,36.42839146,127.4122009,,,042-608-5205,대전광역시 대덕구청,2025-11-13
목상동127,1,대전광역시 대덕구 산업단지로93번길 33-11,,36.42839032,127.4125309,,,042-608-5205,대전광역시 대덕구청,2025-11-13
목상동128,1,대전광역시 대덕구 산업단지로93번길 27,,36.42860079,127.4121261,,,042-608-5205,대전광역시 대덕구청,2025-11-13
목상동129,1,대전광역시 대덕구 산업단지로87번길 21,,36.42952592,127.4114486,,,042-608-5205,대전광역시 대덕구청,2025-11-13
목상동130,1,,대전광역시 대덕구 목상동 59-1,,,,,042-608-5205,대전광역시 대덕구청,2025-11-13
목상동131,1,대전광역시 대덕구 대덕대로1458번길 3-12,,36.44835334,127.4113383,,,042-608-5205,대전광역시 대덕구청,2025-11-13
대화동106,1,대전광역시 대덕구 동심3길 9,,36.3640214,127.414718,,,042-608-5205,대전광역시 대덕구청,2025-11-13
목상동132,1,대전광역시 대덕구 대덕대로1458번길 3-8,,36.4482747,127.411146,,,042-608-5205,대전광역시 대덕구청,2025-11-13
목상동133,1,,대전광역시 대덕구 목상동 875,,,,,042-608-5205,대전광역시 대덕구청,2025-11-13
목상동134,1,,대전광역시 대덕구 목상동 875,,,,,042-608-5205,대전광역시 대덕구청,2025-11-13
목상동135,1,대전광역시 대덕구 대덕대로 1398,,36.44503511,127.4055921,,,042-608-5205,대전광역시 대덕구청,2025-11-13
목상동136,1,대전광역시 대덕구 신일동로5번길 25,,36.44519603,127.4059722,,,042-608-5205,대전광역시 대덕구청,2025-11-13
목상동137,1,,대전광역시 대덕구 목상동 1703,,,,,042-608-5205,대전광역시 대덕구청,2025-11-13
목상동138,1,,대전광역시 대덕구 목상동 1703,,,,,042-608-5205,대전광역시 대덕구청,2025-11-13
목상동139,1,대전광역시 대덕구 산업단지로97번길 60-7,,36.42711698,127.4117481,,,042-608-5205,대전광역시 대덕구청,2025-11-13
목상동140,1,대전광역시 대덕구 산업단지로97번길 30,,36.42859387,127.4109976,,,042-608-5205,대전광역시 대덕구청,2025-11-13
목상동141,1,,대전광역시 대덕구 목상동 1699,,,,,042-608-5205,대전광역시 대덕구청,2025-11-13
대화동107,1,,대전광역시 대덕구 대화동 35-377,,,,,042-608-5205,대전광역시 대덕구청,2025-11-13
목상동142,1,,대전광역시 대덕구 목상동 1699,,,,,042-608-5205,대전광역시 대덕구청,2025-11-13
목상동143,1,,대전광역시 대덕구 목상동 1699,,,,,042-608-5205,대전광역시 대덕구청,2025-11-13
목상동144,1,대전광역시 대덕구 산업단지로116번길 91,,36.4343089,127.4115586,,,042-608-5205,대전광역시 대덕구청,2025-11-13
목상동145,1,,대전광역시 대덕구 목상동 1699,,,,,042-608-5205,대전광역시 대덕구청,2025-11-13
목상동146,1,대전광역시 대덕구 산업단지로 92-21,,36.43069979,127.4118071,,,042-608-5205,대전광역시 대덕구청,2025-11-13
목상동147,1,,대전광역시 대덕구 목상동 9-5,,,,,042-608-5205,대전광역시 대덕구청,2025-11-13
목상동148,1,대전광역시 대덕구 대덕대로 1398,대전광역시 대덕구 목상동 1684-7,,,,,042-608-5205,대전광역시 대덕구청,2025-11-13
목상동149,1,대전광역시 대덕구 대덕대로 1284번길 1295-15,대전광역시 대덕구 목상동 1695-5,,,,,042-608-5205,대전광역시 대덕구청,2025-11-13
목상동150,1,,대전광역시 대덕구 목상동 268,,,,,042-608-5205,대전광역시 대덕구청,2025-11-13
목상동151,1,,대전광역시 대덕구 목상동 267-1,,,,,042-608-5205,대전광역시 대덕구청,2025-11-13
대화동108,1,대전광역시 대덕구 대화2길 29,,36.36514131,127.4140108,,,042-608-5205,대전광역시 대덕구청,2025-11-13
목상동152,1,,대전광역시 대덕구 목상동 267-1,,,,,042-608-5205,대전광역시 대덕구청,2025-11-13
목상동153,1,,대전광역시 대덕구 목상동 267-3,,,,,042-608-5205,대전광역시 대덕구청,2025-11-13
목상동154,1,,대전광역시 대덕구 목상동 38-3,,,,,042-608-5205,대전광역시 대덕구청,2025-11-13
목상동155,1,,대전광역시 대덕구 신일동 1694-3,,,,,042-608-5205,대전광역시 대덕구청,2025-11-13
목상동156,1,,대전광역시 대덕구 목상동 2-25,,,,,042-608-5205,대전광역시 대덕구청,2025-11-13
목상동157,1,,대전광역시 대덕구 목상동 33-2,,,,,042-608-5205,대전광역시 대덕구청,2025-11-13
목상동158,1,,대전광역시 대덕구 목상동 2-21,,,,,042-608-5205,대전광역시 대덕구청,2025-11-13
목상동159,1,,대전광역시 대덕구 목상동 217-14,,,,,042-608-5205,대전광역시 대덕구청,2025-11-13
목상동160,1,,대전광역시 대덕구 목상동 875,,,,,042-608-5205,대전광역시 대덕구청,2025-11-13
목상동161,1,,대전광역시 대덕구 목상동 산6-2,36.44541616,127.4153292,,,042-608-5205,대전광역시 대덕구청,2025-11-13
대화동109,1,대전광역시 대덕구 동심4길 17,,36.36435897,127.4140468,,,042-608-5205,대전광역시 대덕구청,2025-11-13
목상동162,1,,대전광역시 대덕구 목상동 13-21,,,,,042-608-5205,대전광역시 대덕구청,2025-11-13
목상동163,1,대전광역시 대덕구 대덕대로1520번길 4,,36.44854783,127.4165818,,,042-608-5205,대전광역시 대덕구청,2025-11-13
목상동164,1,,대전광역시 대덕구 목상동 176-10,36.44564154,127.4106145,,,042-608-5205,대전광역시 대덕구청,2025-11-13
법1동001,1,대전광역시 대덕구 아리랑로197번길 7,,36.37382471,127.4253788,,,042-608-5205,대전광역시 대덕구청,2025-11-13
법1동002,1,대전광역시 대덕구 아리랑로197번길 7-10,,36.37417904,127.4250776,,,042-608-5205,대전광역시 대덕구청,2025-11-13
법1동003,1,대전광역시 대덕구 아리랑로197번길 7-19,,36.37394562,127.4248267,,,042-608-5205,대전광역시 대덕구청,2025-11-13
법1동004,1,,대전광역시 대덕구 법동 411,,,,,042-608-5205,대전광역시 대덕구청,2025-11-13
법1동005,1,대전광역시 대덕구 아리랑로197번길 7-17,,36.37375815,127.4248346,,,042-608-5205,대전광역시 대덕구청,2025-11-13
법1동006,1,대전광역시 대덕구 아리랑로197번길 7-14,,36.37426294,127.4247973,,,042-608-5205,대전광역시 대덕구청,2025-11-13
법1동007,1,,대전광역시 대덕구 법동 402-1,,,,,042-608-5205,대전광역시 대덕구청,2025-11-13
대화동110,1,대전광역시 대덕구 동심4길 21,,36.36456126,127.4139231,,,042-608-5205,대전광역시 대덕구청,2025-11-13
법1동008,1,대전광역시 대덕구 아리랑로197번길 20,,36.37482591,127.4256294,,,042-608-5205,대전광역시 대덕구청,2025-11-13
법1동009,1,대전광역시 대덕구 아리랑로197번길 20,,36.37482591,127.4256294,,,042-608-5205,대전광역시 대덕구청,2025-11-13
법1동010,1,대전광역시 대덕구 아리랑로197번길 20,,36.37482591,127.4256294,,,042-608-5205,대전광역시 대덕구청,2025-11-13
법1동011,1,,대전광역시 대덕구 법동 403,,,,,042-608-5205,대전광역시 대덕구청,2025-11-13
법1동012,1,,대전광역시 대덕구 법동 385,,,,,042-608-5205,대전광역시 대덕구청,2025-11-13
법1동013,1,대전광역시 대덕구 아리랑로197번길 33,,36.37531728,127.4253112,,,042-608-5205,대전광역시 대덕구청,2025-11-13
법1동014,1,대전광역시 대덕구 아리랑로197번길 33,,36.37531728,127.4253112,,,042-608-5205,대전광역시 대덕구청,2025-11-13
법1동015,1,,대전광역시 대덕구 법동 285-3,,,,,042-608-5205,대전광역시 대덕구청,2025-11-13
법1동016,1,대전광역시 대덕구 아리랑로 197번길 50,,36.37579471,127.425871,,,042-608-5205,대전광역시 대덕구청,2025-11-13
법1동017,1,대전광역시 대덕구 아리랑로 197번길 48,,36.37610077,127.4259662,,,042-608-5205,대전광역시 대덕구청,2025-11-13
대화동111,1,대전광역시 대덕구 늘봄1길 16,,36.36470738,127.4144052,,,042-608-5205,대전광역시 대덕구청,2025-11-13
법1동019,1,대전광역시 대덕구 계족로663번길 32,,36.37332481,127.426067,,,042-608-5205,대전광역시 대덕구청,2025-11-13
법1동020,1,,대전광역시 대덕구 법동 280-1,,,,,042-608-5205,대전광역시 대덕구청,2025-11-13
법1동021,1,대전광역시 대덕구 계족로663번길 32,,36.37332481,127.426067,,,042-608-5205,대전광역시 대덕구청,2025-11-13
법1동022,1,,대전광역시 대덕구 법동 산23-1,,,,,042-608-5205,대전광역시 대덕구청,2025-11-13
법1동033,1,대전광역시 대덕구 계족로 637,,36.36926582,127.4281175,,,042-608-5205,대전광역시 대덕구청,2025-11-13
법1동034,1,대전광역시 대덕구 계족로663번길 25,,36.36823823,127.4271803,,,042-608-5205,대전광역시 대덕구청,2025-11-13
법1동035,1,대전광역시 대덕구 계족로663번길 25,,36.36823823,127.4271803,,,042-608-5205,대전광역시 대덕구청,2025-11-13
법1동036,1,대전광역시 대덕구 계족로663번길 25,,36.36823823,127.4271803,,,042-608-5205,대전광역시 대덕구청,2025-11-13
법1동037,1,대전광역시 대덕구 계족로663번길 25,,36.36823823,127.4271803,,,042-608-5205,대전광역시 대덕구청,2025-11-13
법1동038,1,대전광역시 대덕구 계족로663번길 25,,36.36823823,127.4271803,,,042-608-5205,대전광역시 대덕구청,2025-11-13
대화동112,1,대전광역시 대덕구 늘봄2길 8,,36.3645983,127.4146765,,,042-608-5205,대전광역시 대덕구청,2025-11-13
법1동039,1,대전광역시 대덕구 계족로663번길 27,,36.36713991,127.4248477,,,042-608-5205,대전광역시 대덕구청,2025-11-13
법1동040,1,대전광역시 대덕구 계족로663번길 27,,36.36713991,127.4248477,,,042-608-5205,대전광역시 대덕구청,2025-11-13
법1동041,1,대전광역시 대덕구 계족로663번길 27,,36.36713991,127.4248477,,,042-608-5205,대전광역시 대덕구청,2025-11-13
법1동042,1,대전광역시 대덕구 계족로663번길 30-6,,36.37088421,127.4271413,,,042-608-5205,대전광역시 대덕구청,2025-11-13
법1동043,1,대전광역시 대덕구 계족로 677,,36.37190686,127.427441,,,042-608-5205,대전광역시 대덕구청,2025-11-13
법1동044,1,대전광역시 대덕구 계족로 677,,36.37190686,127.427441,,,042-608-5205,대전광역시 대덕구청,2025-11-13
법1동045,1,대전광역시 대덕구 계족로 677,,36.37190686,127.427441,,,042-608-5205,대전광역시 대덕구청,2025-11-13
법1동046,1,대전광역시 대덕구 계족로 629-9,,36.36753559,127.4291153,,,042-608-5205,대전광역시 대덕구청,2025-11-13
법1동047,1,대전광역시 대덕구 중리북로 10,,36.3673524,127.428936,,,042-608-5205,대전광역시 대덕구청,2025-11-13
법1동048,1,,대전광역시 대덕구 법동 286,,,,,042-608-5205,대전광역시 대덕구청,2025-11-13
대화동113,1,대전광역시 대덕구 늘봄2길 14,,36.36491977,127.4144865,,,042-608-5205,대전광역시 대덕구청,2025-11-13
법1동049,1,,대전광역시 대덕구 법동 286,,,,,042-608-5205,대전광역시 대덕구청,2025-11-13
법1동050,1,,대전광역시 대덕구 법동 286,,,,,042-608-5205,대전광역시 대덕구청,2025-11-13
법1동051,1,,대전광역시 대덕구 법동 415,36.37398099,127.4250186,,,042-608-5205,대전광역시 대덕구청,2025-11-13
법1동052,1,,대전광역시 대덕구 법동 351-1,36.37366266,127.4253334,,,042-608-5205,대전광역시 대덕구청,2025-11-13
법1동053,1,,대전광역시 대덕구 법동 353-3,36.37378798,127.4255703,,,042-608-5205,대전광역시 대덕구청,2025-11-13
법1동054,1,,대전광역시 대덕구 법동 280-2,36.37332481,127.426067,,,042-608-5205,대전광역시 대덕구청,2025-11-13
법1동055,1,,대전광역시 대덕구 법동 284-3,,,,,042-608-5205,대전광역시 대덕구청,2025-11-13
법1동056,1,,대전광역시 대덕구 법동 284-2,36.36823823,127.4271803,,,042-608-5205,대전광역시 대덕구청,2025-11-13
법1동057,1,,대전광역시 대덕구 법동 284-3,,,,,042-608-5205,대전광역시 대덕구청,2025-11-13
법1동058,1,,대전광역시 대덕구 법동 344-28,,,,,042-608-5205,대전광역시 대덕구청,2025-11-13
대화동114,1,대전광역시 대덕구 늘봄2길 21,,36.36507577,127.4141977,,,042-608-5205,대전광역시 대덕구청,2025-11-13
법1동059,1,,대전광역시 대덕구 법동 344-28,,,,,042-608-5205,대전광역시 대덕구청,2025-11-13
법1동060,1,,대전광역시 대덕구 법동 403,,,,,042-608-5205,대전광역시 대덕구청,2025-11-13
법1동061,1,,대전광역시 대덕구 법동 403,,,,,042-608-5205,대전광역시 대덕구청,2025-11-13
법1동062,1,,대전광역시 대덕구 법동 402-3,,,,,042-608-5205,대전광역시 대덕구청,2025-11-13
법1동063,1,,대전광역시 대덕구 법동 433,,,,,042-608-5205,대전광역시 대덕구청,2025-11-13
법2동001,1,대전광역시 대덕구 계족로608번길 17-17,,36.36680067,127.4309966,,,042-608-5205,대전광역시 대덕구청,2025-11-13
법2동002,1,대전광역시 대덕구 계족로608번길 17-13,,36.36667437,127.431036,,,042-608-5205,대전광역시 대덕구청,2025-11-13
법2동003,1,대전광역시 대덕구 계족로608번길 17-5,,36.36641461,127.431097,,,042-608-5205,대전광역시 대덕구청,2025-11-13
법2동004,1,대전광역시 대덕구 계족로608번길 18,,36.3659915,127.4314735,,,042-608-5205,대전광역시 대덕구청,2025-11-13
법2동005,1,대전광역시 대덕구 계족로598번길 7-14,,36.36572809,127.4315478,,,042-608-5205,대전광역시 대덕구청,2025-11-13
대화동011,1,대전광역시 대덕구 대화1길 90,,36.36401995,127.4161709,,,042-608-5205,대전광역시 대덕구청,2025-11-13
대화동115,1,대전광역시 대덕구 늘봄2길 20,,36.36525206,127.4142967,,,042-608-5205,대전광역시 대덕구청,2025-11-13
법2동006,1,,대전광역시 대덕구 법동 205-5,,,,,042-608-5205,대전광역시 대덕구청,2025-11-13
법2동007,1,,대전광역시 대덕구 법동 205-5,,,,,042-608-5205,대전광역시 대덕구청,2025-11-13
법2동008,1,대전광역시 대덕구 계족로598번길 5,,36.36519138,127.4314423,,,042-608-5205,대전광역시 대덕구청,2025-11-13
법2동009,1,,대전광역시 대덕구 법동 205-5,,,,,042-608-5205,대전광역시 대덕구청,2025-11-13
법2동010,1,,대전광역시 대덕구 법동 207-1,,,,,042-608-5205,대전광역시 대덕구청,2025-11-13
법2동011,1,대전광역시 대덕구 계족로 608번 42,,,,,,042-608-5205,대전광역시 대덕구청,2025-11-13
법2동012,1,대전광역시 대덕구 계족로598번길 31-17,,36.36605616,127.4325346,,,042-608-5205,대전광역시 대덕구청,2025-11-13
법2동013,1,대전광역시 대덕구 계족로598번길 31-13,,36.36593345,127.4325741,,,042-608-5205,대전광역시 대덕구청,2025-11-13
법2동014,1,대전광역시 대덕구 계족로598번길 31-5,,36.36555098,127.4326789,,,042-608-5205,대전광역시 대덕구청,2025-11-13
법2동015,1,대전광역시 대덕구 계족로598번길 31,,36.3654247,127.4327094,,,042-608-5205,대전광역시 대덕구청,2025-11-13
대화동116,1,대전광역시 대덕구 대화2길 29,,36.36514131,127.4140108,,,042-608-5205,대전광역시 대덕구청,2025-11-13
법2동016,1,대전광역시 대덕구 계족로598번길 33,,36.36547077,127.4329281,,,042-608-5205,대전광역시 대덕구청,2025-11-13
법2동017,1,대전광역시 대덕구 쌍청당로35번길 26,,36.36523237,127.4330649,,,042-608-5205,대전광역시 대덕구청,2025-11-13
법2동018,1,대전광역시 대덕구 쌍청당로 45,,36.36551808,127.4337974,,,042-608-5205,대전광역시 대덕구청,2025-11-13
법2동019,1,대전광역시 대덕구 쌍청당로 45,,36.36551808,127.4337974,,,042-608-5205,대전광역시 대덕구청,2025-11-13
법2동020,1,대전광역시 대덕구 쌍청당로 45,,36.36551808,127.4337974,,,042-608-5205,대전광역시 대덕구청,2025-11-13
법2동021,1,대전광역시 대덕구 쌍청당로 45,,36.36551808,127.4337974,,,042-608-5205,대전광역시 대덕구청,2025-11-13
법2동022,1,대전광역시 대덕구 계족로608번길 45,,36.36645892,127.4328017,,,042-608-5205,대전광역시 대덕구청,2025-11-13
법2동023,1,대전광역시 대덕구 쌍청당로 45,,36.36551808,127.4337974,,,042-608-5205,대전광역시 대덕구청,2025-11-13
법2동024,1,대전광역시 대덕구 쌍청당로 45,,36.36551808,127.4337974,,,042-608-5205,대전광역시 대덕구청,2025-11-13
법2동025,1,,대전광역시 대덕구 법동 197-1,,,,,042-608-5205,대전광역시 대덕구청,2025-11-13
대화동117,1,대전광역시 대덕구 대화2길 23,,36.36546985,127.413861,,,042-608-5205,대전광역시 대덕구청,2025-11-13
법2동026,1,,대전광역시 대덕구 법동 197-1,,,,,042-608-5205,대전광역시 대덕구청,2025-11-13
법2동027,1,,대전광역시 대덕구 법동 197-1,,,,,042-608-5205,대전광역시 대덕구청,2025-11-13
법2동028,1,대전광역시 대덕구 계족로608번길 39-5,,36.36652164,127.4324035,,,042-608-5205,대전광역시 대덕구청,2025-11-13
법2동029,1,,대전광역시 대덕구 법동 51,,,,,042-608-5205,대전광역시 대덕구청,2025-11-13
법2동030,1,,대전광역시 대덕구 법동 353-31,,,,,042-608-5205,대전광역시 대덕구청,2025-11-13
법2동031,1,,대전광역시 대덕구 법동 139-1,,,,,042-608-5205,대전광역시 대덕구청,2025-11-13
법2동032,1,,대전광역시 대덕구 법동 140-2,,,,,042-608-5205,대전광역시 대덕구청,2025-11-13
법2동033,1,,대전광역시 대덕구 법동 174-1,,,,,042-608-5205,대전광역시 대덕구청,2025-11-13
법2동034,1,,대전광역시 대덕구 법동 산 10-9,,,,,042-608-5205,대전광역시 대덕구청,2025-11-13
법2동035,1,,대전광역시 대덕구 법동 353-47,,,,,042-608-5205,대전광역시 대덕구청,2025-11-13
대화동118,1,대전광역시 대덕구 늘봄2길 24,,,,,,042-608-5205,대전광역시 대덕구청,2025-11-13
법2동036,1,,대전광역시 대덕구 법동 7-2,,,,,042-608-5205,대전광역시 대덕구청,2025-11-13
법2동037,1,,대전광역시 대덕구 법동 353-39,,,,,042-608-5205,대전광역시 대덕구청,2025-11-13
법2동038,1,,대전광역시 대덕구 법동 353-39,,,,,042-608-5205,대전광역시 대덕구청,2025-11-13
법2동039,1,대전광역시 대덕구 쌍청당로 55,,36.36652838,127.4335267,,,042-608-5205,대전광역시 대덕구청,2025-11-13
비래동001,1,대전광역시 대덕구 동서대로1748번길 33,,36.35140245,127.4445004,,,042-608-5205,대전광역시 대덕구청,2025-11-13
비래동002,1,대전광역시 대덕구 동서대로1748번길 45,,36.35123085,127.4450859,,,042-608-5205,대전광역시 대덕구청,2025-11-13
비래동003,1,대전광역시 대덕구 동서대로1748번길 45,,36.35123085,127.4450859,,,042-608-5205,대전광역시 대덕구청,2025-11-13
비래동004,1,대전광역시 대덕구 비래서로10번길 87,,36.35149437,127.4440134,,,042-608-5205,대전광역시 대덕구청,2025-11-13
비래동005,1,대전광역시 대덕구 동서대로1754번길 32,,36.35166152,127.4446249,,,042-608-5205,대전광역시 대덕구청,2025-11-13
비래동006,1,대전광역시 대덕구 동서대로1754번길 28,,36.3517671,127.4443447,,,042-608-5205,대전광역시 대덕구청,2025-11-13
대화동119,1,대전광역시 대덕구 대오길 75,,36.36569257,127.4140851,,,042-608-5205,대전광역시 대덕구청,2025-11-13
비래동007,1,대전광역시 대덕구 비래서로10번길 81,,36.35187317,127.4439309,,,042-608-5205,대전광역시 대덕구청,2025-11-13
비래동008,1,대전광역시 대덕구 비래서로10번길 87,,36.35149437,127.4440134,,,042-608-5205,대전광역시 대덕구청,2025-11-13
비래동009,1,대전광역시 대덕구 비래서로10번길 83,,36.35171123,127.4438587,,,042-608-5205,대전광역시 대덕구청,2025-11-13
비래동010,1,,대전광역시 대덕구 비래동 561-2,,,,,042-608-5205,대전광역시 대덕구청,2025-11-13
비래동011,1,대전광역시 대덕구 비래서로10번길 72,,36.35242883,127.443787,,,042-608-5205,대전광역시 대덕구청,2025-11-13
비래동012,1,대전광역시 대덕구 비래서로10번길 64,,36.35274116,127.4441319,,,042-608-5205,대전광역시 대덕구청,2025-11-13
비래동013,1,대전광역시 대덕구 동서대로1762번길 2,,36.3524734,127.4444022,,,042-608-5205,대전광역시 대덕구청,2025-11-13
비래동014,1,대전광역시 대덕구 동서대로1762번길 12,,36.35242199,127.4446559,,,042-608-5205,대전광역시 대덕구청,2025-11-13
비래동015,1,대전광역시 대덕구 동서대로1762번길 13,,36.35257535,127.445098,,,042-608-5205,대전광역시 대덕구청,2025-11-13
비래동016,1,대전광역시 대덕구 동서대로1762번길 21,,36.35240847,127.4453822,,,042-608-5205,대전광역시 대덕구청,2025-11-13
대화동120,1,대전광역시 대덕구 대오길 77,,36.36583313,127.4140903,,,042-608-5205,대전광역시 대덕구청,2025-11-13
비래동017,1,대전광역시 대덕구 동서대로1762번길 25,,,,,,042-608-5205,대전광역시 대덕구청,2025-11-13
비래동018,1,,대전광역시 대덕구 비래동 74-8,,,,,042-608-5205,대전광역시 대덕구청,2025-11-13
비래동019,1,대전광역시 대덕구 동서대로1754번길 37,,36.35196673,127.444943,,,042-608-5205,대전광역시 대덕구청,2025-11-13
비래동020,1,대전광역시 대덕구 동서대로1754번길 31,,36.3519603,127.4447335,,,042-608-5205,대전광역시 대덕구청,2025-11-13
비래동021,1,대전광역시 대덕구 동서대로1754번길 23,,36.35199425,127.4443282,,,042-608-5205,대전광역시 대덕구청,2025-11-13
비래동022,1,대전광역시 대덕구 비래서로26번길 72,,36.35184886,127.4456197,,,042-608-5205,대전광역시 대덕구청,2025-11-13
비래동023,1,대전광역시 대덕구 비래서로26번길 74-8,,36.3519581,127.4453262,,,042-608-5205,대전광역시 대덕구청,2025-11-13
비래동024,1,대전광역시 대덕구 동서대로1762번길 31,,36.35219773,127.4458311,,,042-608-5205,대전광역시 대덕구청,2025-11-13
비래동025,1,대전광역시 대덕구 비래서로10번길 55,,36.35294152,127.4445341,,,042-608-5205,대전광역시 대덕구청,2025-11-13
비래동026,1,대전광역시 대덕구 동서대로1770번길 7,,36.35355869,127.4443282,,,042-608-5205,대전광역시 대덕구청,2025-11-13
대화동121,1,대전광역시 대덕구 대오길 75,,36.36569257,127.4140851,,,042-608-5205,대전광역시 대덕구청,2025-11-13
비래동027,1,대전광역시 대덕구 비래서로10번길 45,,36.35340919,127.4447863,,,042-608-5205,대전광역시 대덕구청,2025-11-13
비래동028,1,대전광역시 대덕구 동서대로1770번길 29,,36.35322009,127.4452309,,,042-608-5205,대전광역시 대덕구청,2025-11-13
비래동029,1,대전광역시 대덕구 동서대로1770번길 28-1,,36.35294985,127.4452026,,,042-608-5205,대전광역시 대덕구청,2025-11-13
비래동030,1,대전광역시 대덕구 동서대로1770번길 34,,36.35287367,127.4453314,,,042-608-5205,대전광역시 대덕구청,2025-11-13
비래동031,1,대전광역시 대덕구 동서대로1770번길 29-2,,36.35343946,127.4453703,,,042-608-5205,대전광역시 대덕구청,2025-11-13
비래동032,1,대전광역시 대덕구 동서대로1770번길 35,,36.35315392,127.4455781,,,042-608-5205,대전광역시 대덕구청,2025-11-13
비래동033,1,대전광역시 대덕구 동서대로1778번길 2,,36.35376539,127.4449666,,,042-608-5205,대전광역시 대덕구청,2025-11-13
비래동034,1,대전광역시 대덕구 동서대로1778번길 2,,36.35376539,127.4449666,,,042-608-5205,대전광역시 대덕구청,2025-11-13
비래동035,1,대전광역시 대덕구 동서대로1778번길 14,,36.35360124,127.4454871,,,042-608-5205,대전광역시 대덕구청,2025-11-13
비래동036,1,대전광역시 대덕구 동서대로1778번길 22,,,,,,042-608-5205,대전광역시 대덕구청,2025-11-13
대화동122,1,대전광역시 대덕구 대오길 65,,36.36529855,127.4144039,,,042-608-5205,대전광역시 대덕구청,2025-11-13
비래동037,1,,대전광역시 대덕구 비래동 511-9,,,,,042-608-5205,대전광역시 대덕구청,2025-11-13
비래동038,1,대전광역시 대덕구 비래서로26번길 13,,36.35403469,127.4471785,,,042-608-5205,대전광역시 대덕구청,2025-11-13
비래동039,1,대전광역시 대덕구 비래서로26번길 15,,36.35402675,127.4473745,,,042-608-5205,대전광역시 대덕구청,2025-11-13
비래동040,1,대전광역시 대덕구 비래서로 42,,36.35416781,127.4482087,,,042-608-5205,대전광역시 대덕구청,2025-11-13
비래동041,1,대전광역시 대덕구 비래서로 42,,36.35416781,127.4482087,,,042-608-5205,대전광역시 대덕구청,2025-11-13
비래동042,1,대전광역시 대덕구 비래서로 42,,36.35416781,127.4482087,,,042-608-5205,대전광역시 대덕구청,2025-11-13
비래동043,1,대전광역시 대덕구 비래서로26번길 7,,36.35426468,127.447367,,,042-608-5205,대전광역시 대덕구청,2025-11-13
비래동044,1,대전광역시 대덕구 비래서로26번길 1,,36.35449151,127.4474396,,,042-608-5205,대전광역시 대덕구청,2025-11-13
비래동045,1,대전광역시 대덕구 비래서로10번길 21,,36.35458056,127.4457957,,,042-608-5205,대전광역시 대덕구청,2025-11-13
비래동046,1,대전광역시 대덕구 비래서로10번길 21,,36.35458056,127.4457957,,,042-608-5205,대전광역시 대덕구청,2025-11-13
대화동123,1,대전광역시 대덕구 대오길 59,,36.3649699,127.4145849,,,042-608-5205,대전광역시 대덕구청,2025-11-13
비래동047,1,대전광역시 대덕구 동서대로1786번길 9,,36.35485016,127.4450307,,,042-608-5205,대전광역시 대덕구청,2025-11-13
비래동048,1,대전광역시 대덕구 비래서로10번길 21,,36.35458056,127.4457957,,,042-608-5205,대전광역시 대덕구청,2025-11-13
비래동049,1,대전광역시 대덕구 비래동로7번길 60,,36.35591468,127.4466589,,,042-608-5205,대전광역시 대덕구청,2025-11-13
비래동050,1,대전광역시 대덕구 비래동로7번길 58,,36.35582056,127.4467653,,,042-608-5205,대전광역시 대덕구청,2025-11-13
비래동051,1,대전광역시 대덕구 비래동로7번길 54,,36.35610077,127.447021,,,042-608-5205,대전광역시 대덕구청,2025-11-13
비래동052,1,대전광역시 대덕구 비래동로15번길 47,,36.35610337,127.4472884,,,042-608-5205,대전광역시 대덕구청,2025-11-13
비래동053,1,대전광역시 대덕구 비래동로7번길 40,,36.35554714,127.4475838,,,042-608-5205,대전광역시 대덕구청,2025-11-13
비래동054,1,대전광역시 대덕구 비래동로7번길 35,,36.35532371,127.4475691,,,042-608-5205,대전광역시 대덕구청,2025-11-13
비래동055,1,대전광역시 대덕구 비래서로 23,,36.35512997,127.4473229,,,042-608-5205,대전광역시 대덕구청,2025-11-13
비래동056,1,대전광역시 대덕구 비래동로7번길 34,,36.35537983,127.4479839,,,042-608-5205,대전광역시 대덕구청,2025-11-13
대화동124,1,대전광역시 대덕구 대화1길 29,,36.36559896,127.4156623,,,042-608-5205,대전광역시 대덕구청,2025-11-13
비래동057,1,대전광역시 대덕구 비래동로7번길 27,,36.35497214,127.4480796,,,042-608-5205,대전광역시 대덕구청,2025-11-13
비래동058,1,대전광역시 대덕구 비래동로7번길 18,,36.35519409,127.4484908,,,042-608-5205,대전광역시 대덕구청,2025-11-13
비래동059,1,대전광역시 대덕구 비래동로7번길 22,,36.35537391,127.4485988,,,042-608-5205,대전광역시 대덕구청,2025-11-13
비래동060,1,대전광역시 대덕구 비래동로7번길 16,,36.35512868,127.4486286,,,042-608-5205,대전광역시 대덕구청,2025-11-13
비래동061,1,대전광역시 대덕구 비래동로7번길 4,,36.35505882,127.4489936,,,042-608-5205,대전광역시 대덕구청,2025-11-13
비래동062,1,대전광역시 대덕구 비래동로7번길 4,,36.35505882,127.4489936,,,042-608-5205,대전광역시 대덕구청,2025-11-13
비래동063,1,대전광역시 대덕구 비래동로 7,,36.35498903,127.4493408,,,042-608-5205,대전광역시 대덕구청,2025-11-13
비래동064,1,대전광역시 대덕구 비래동로15번길 1,,36.35544298,127.4494058,,,042-608-5205,대전광역시 대덕구청,2025-11-13
비래동065,1,대전광역시 대덕구 비래동로15번길 1,,36.35544298,127.4494058,,,042-608-5205,대전광역시 대덕구청,2025-11-13
비래동066,1,대전광역시 대덕구 비래동로15번길 13,,36.35545164,127.4490182,,,042-608-5205,대전광역시 대덕구청,2025-11-13
대화동012,1,대전광역시 대덕구 대오길 27,,36.36310281,127.4155822,,,042-608-5205,대전광역시 대덕구청,2025-11-13
대화동125,1,대전광역시 대덕구 대화1길 38,,36.36537152,127.4151887,,,042-608-5205,대전광역시 대덕구청,2025-11-13
비래동067,1,대전광역시 대덕구 비래동로15번길 17,,36.35554996,127.4487558,,,042-608-5205,대전광역시 대덕구청,2025-11-13
비래동068,1,대전광역시 대덕구 비래동로 15번길 24,,36.35593572,127.4487402,,,042-608-5205,대전광역시 대덕구청,2025-11-13
비래동069,1,대전광역시 대덕구 비래동로15번길 31,,36.35581451,127.4483785,,,042-608-5205,대전광역시 대덕구청,2025-11-13
비래동070,1,대전광역시 대덕구 비래동로15번길 33,,36.35586917,127.4482229,,,042-608-5205,대전광역시 대덕구청,2025-11-13
비래동071,1,대전광역시 대덕구 비래서로25번길 25,,36.35587141,127.4476257,,,042-608-5205,대전광역시 대덕구청,2025-11-13
비래동072,1,대전광역시 대덕구 비래서로25번길 19,,36.35570181,127.4476738,,,042-608-5205,대전광역시 대덕구청,2025-11-13
비래동073,1,대전광역시 대덕구 비래동로7번길 40,,36.35554714,127.4475838,,,042-608-5205,대전광역시 대덕구청,2025-11-13
비래동074,1,대전광역시 대덕구 비래동로15번길 43,,36.35600144,127.4475552,,,042-608-5205,대전광역시 대덕구청,2025-11-13
비래동075,1,대전광역시 대덕구 비래동로15번길 47,,36.35610337,127.4472884,,,042-608-5205,대전광역시 대덕구청,2025-11-13
비래동076,1,대전광역시 대덕구 비래동로15번길 51,,36.35619435,127.4471795,,,042-608-5205,대전광역시 대덕구청,2025-11-13
대화동126,1,대전광역시 대덕구 대화1길 34,,36.36559572,127.4149849,,,042-608-5205,대전광역시 대덕구청,2025-11-13
비래동077,1,대전광역시 대덕구 비래동로 15번길 46,,36.35646695,127.4474197,,,042-608-5205,대전광역시 대덕구청,2025-11-13
비래동078,1,대전광역시 대덕구 비래동로15번길 53,,36.35630628,127.4470088,,,042-608-5205,대전광역시 대덕구청,2025-11-13
비래동079,1,대전광역시 대덕구 비래동로15번길 62,,36.35677182,127.4468644,,,042-608-5205,대전광역시 대덕구청,2025-11-13
비래동080,1,대전광역시 대덕구 비래서로10번길 21,,36.35458056,127.4457957,,,042-608-5205,대전광역시 대덕구청,2025-11-13
비래동081,1,대전광역시 대덕구 비래서로 9,,36.35545186,127.4460725,,,042-608-5205,대전광역시 대덕구청,2025-11-13
비래동082,1,대전광역시 대덕구 비래동로7번길 63,,36.35578322,127.4461457,,,042-608-5205,대전광역시 대덕구청,2025-11-13
비래동083,1,대전광역시 대덕구 비래동로7번길 60,,36.35591468,127.4466589,,,042-608-5205,대전광역시 대덕구청,2025-11-13
비래동084,1,대전광역시 대덕구 비래동로15번길 61,,36.35640459,127.4467464,,,042-608-5205,대전광역시 대덕구청,2025-11-13
비래동085,1,대전광역시 대덕구 비래동로15번길 64,,36.35671126,127.4466724,,,042-608-5205,대전광역시 대덕구청,2025-11-13
비래동086,1,대전광역시 대덕구 비래동로23번길 63,,36.35711052,127.4469019,,,042-608-5205,대전광역시 대덕구청,2025-11-13
대화동127,1,대전광역시 대덕구 대화1길 36,,36.36549462,127.4150333,,,042-608-5205,대전광역시 대덕구청,2025-11-13
비래동087,1,대전광역시 대덕구 비래동로23번길 60,,36.35734013,127.4471929,,,042-608-5205,대전광역시 대덕구청,2025-11-13
비래동088,1,대전광역시 대덕구 비래동로23번길 53,,36.35675949,127.4472698,,,042-608-5205,대전광역시 대덕구청,2025-11-13
비래동089,1,대전광역시 대덕구 비래동로23번길 56,,36.35717005,127.4473702,,,042-608-5205,대전광역시 대덕구청,2025-11-13
비래동090,1,대전광역시 대덕구 비래동로23번길 46,,36.35712786,127.4480474,,,042-608-5205,대전광역시 대덕구청,2025-11-13
비래동091,1,대전광역시 대덕구 비래서로25번길 49,,36.35681271,127.4484612,,,042-608-5205,대전광역시 대덕구청,2025-11-13
비래동092,1,대전광역시 대덕구 비래서로25번길 37,,36.35636332,127.448141,,,042-608-5205,대전광역시 대덕구청,2025-11-13
비래동093,1,대전광역시 대덕구 비래서로25번길 37,,36.35636332,127.448141,,,042-608-5205,대전광역시 대덕구청,2025-11-13
비래동094,1,대전광역시 대덕구 비래서로25번길 37,,36.35636332,127.448141,,,042-608-5205,대전광역시 대덕구청,2025-11-13
비래동095,1,대전광역시 대덕구 비래동로23번길 28,,36.35669884,127.4490253,,,042-608-5205,대전광역시 대덕구청,2025-11-13
비래동096,1,대전광역시 대덕구 비래동로23번길 14,,36.35654176,127.449577,,,042-608-5205,대전광역시 대덕구청,2025-11-13
대화동128,1,대전광역시 대덕구 대화9길 1,,36.36605552,127.4154464,,,042-608-5205,대전광역시 대덕구청,2025-11-13
비래동097,1,대전광역시 대덕구 비래동로23번길 6,,36.35622682,127.4499317,,,042-608-5205,대전광역시 대덕구청,2025-11-13
비래동098,1,대전광역시 대덕구 비래동로31번길 7,,36.35668734,127.4501661,,,042-608-5205,대전광역시 대덕구청,2025-11-13
비래동099,1,대전광역시 대덕구 비래동로31번길 17,,36.35685122,127.4497214,,,042-608-5205,대전광역시 대덕구청,2025-11-13
비래동100,1,대전광역시 대덕구 비래동로31번길 29,,36.35707357,127.4490676,,,042-608-5205,대전광역시 대덕구청,2025-11-13
비래동101,1,대전광역시 대덕구 비래서로25번길 59,,36.35721917,127.4486896,,,042-608-5205,대전광역시 대덕구청,2025-11-13
비래동102,1,대전광역시 대덕구 비래서로25번길 53,,36.35695661,127.4485366,,,042-608-5205,대전광역시 대덕구청,2025-11-13
비래동103,1,대전광역시 대덕구 비래동로31번길 44,,36.35770279,127.448532,,,042-608-5205,대전광역시 대덕구청,2025-11-13
비래동104,1,대전광역시 대덕구 비래서로9번길 56,,36.3575452,127.4472986,,,042-608-5205,대전광역시 대덕구청,2025-11-13
비래동105,1,대전광역시 대덕구 비래동로23번길 60,,36.35734013,127.4471929,,,042-608-5205,대전광역시 대덕구청,2025-11-13
비래동106,1,대전광역시 대덕구 비래서로9번길 76,,36.35813744,127.4479774,,,042-608-5205,대전광역시 대덕구청,2025-11-13
대화동129,1,대전광역시 대덕구 대화3길 2,,36.36601343,127.4151119,,,042-608-5205,대전광역시 대덕구청,2025-11-13
비래동107,1,대전광역시 대덕구 비래서로9번길 76,,36.35813744,127.4479774,,,042-608-5205,대전광역시 대덕구청,2025-11-13
비래동108,1,대전광역시 대덕구 비래동로39번길 51,,36.35794874,127.4483106,,,042-608-5205,대전광역시 대덕구청,2025-11-13
비래동109,1,대전광역시 대덕구 비래동로39번길 43,,36.35803425,127.4485784,,,042-608-5205,대전광역시 대덕구청,2025-11-13
비래동110,1,대전광역시 대덕구 비래동로39번길 46,,36.3584297,127.4488615,,,042-608-5205,대전광역시 대덕구청,2025-11-13
비래동111,1,대전광역시 대덕구 비래동로39번길 43,,36.35803425,127.4485784,,,042-608-5205,대전광역시 대덕구청,2025-11-13
비래동112,1,대전광역시 대덕구 비래동로39번길 37,,36.35791342,127.4490769,,,042-608-5205,대전광역시 대덕구청,2025-11-13
비래동113,1,대전광역시 대덕구 비래동로31번길 36,,36.35744601,127.4487578,,,042-608-5205,대전광역시 대덕구청,2025-11-13
비래동114,1,대전광역시 대덕구 비래서로25번길 76,,36.3578045,127.4492857,,,042-608-5205,대전광역시 대덕구청,2025-11-13
비래동115,1,대전광역시 대덕구 비래동로39번길 26,,36.35787874,127.4496739,,,042-608-5205,대전광역시 대덕구청,2025-11-13
비래동116,1,대전광역시 대덕구 비래동로39번길 22,,36.35783488,127.449834,,,042-608-5205,대전광역시 대덕구청,2025-11-13
대화동130,1,,대전광역시 대덕구 대화동 35-1193,,,,,042-608-5205,대전광역시 대덕구청,2025-11-13
비래동117,1,대전광역시 대덕구 비래동로39번길 8,,36.3577094,127.4506088,,,042-608-5205,대전광역시 대덕구청,2025-11-13
비래동118,1,대전광역시 대덕구 비래동로39번길 6,,36.35752892,127.4506746,,,042-608-5205,대전광역시 대덕구청,2025-11-13
비래동119,1,대전광역시 대덕구 우암로 465,,36.35817904,127.4503352,,,042-608-5205,대전광역시 대덕구청,2025-11-13
비래동120,1,대전광역시 대덕구 비래서로25번길 86,,36.35825056,127.4495289,,,042-608-5205,대전광역시 대덕구청,2025-11-13
비래동121,1,대전광역시 대덕구 비래동로39번길 36,,36.35831325,127.4491549,,,042-608-5205,대전광역시 대덕구청,2025-11-13
비래동122,1,대전광역시 대덕구 우암로 479-1,,36.35857669,127.4490762,,,042-608-5205,대전광역시 대덕구청,2025-11-13
비래동123,1,대전광역시 대덕구 비래서로9번길 96,,36.35885917,127.4487258,,,042-608-5205,대전광역시 대덕구청,2025-11-13
비래동124,1,대전광역시 대덕구 비래서로9번길 90,,36.35852414,127.4486704,,,042-608-5205,대전광역시 대덕구청,2025-11-13
비래동125,1,대전광역시 대덕구 비래동로39번길 58,,36.35843939,127.448202,,,042-608-5205,대전광역시 대덕구청,2025-11-13
비래동126,1,대전광역시 대덕구 비래서로 53,,36.35451149,127.4507552,,,042-608-5205,대전광역시 대덕구청,2025-11-13
대화동131,1,대전광역시 대덕구 대화3길 7,,36.36566486,127.414798,,,042-608-5205,대전광역시 대덕구청,2025-11-13
비래동127,1,대전광역시 대덕구 비래동로16번길 11,,36.35544247,127.4504977,,,042-608-5205,대전광역시 대덕구청,2025-11-13
비래동128,1,대전광역시 대덕구 비래동로16번길 17,,36.35514139,127.4509995,,,042-608-5205,대전광역시 대덕구청,2025-11-13
비래동129,1,대전광역시 대덕구 비래동로16번길 18-5,,36.35479652,127.4506856,,,042-608-5205,대전광역시 대덕구청,2025-11-13
비래동130,1,대전광역시 대덕구 비래동로16번길 18-13,,36.35455176,127.4505906,,,042-608-5205,대전광역시 대덕구청,2025-11-13
비래동131,1,대전광역시 대덕구 비래동로16번길 17,,36.35514139,127.4509995,,,042-608-5205,대전광역시 대덕구청,2025-11-13
비래동132,1,대전광역시 대덕구 비래동로16번길 34,,36.3546213,127.4512683,,,042-608-5205,대전광역시 대덕구청,2025-11-13
비래동133,1,대전광역시 대덕구 비래동로16번길 35,,36.35478544,127.4517105,,,042-608-5205,대전광역시 대덕구청,2025-11-13
비래동134,1,대전광역시 대덕구 비래동로16번길 43,,36.35470446,127.4521556,,,042-608-5205,대전광역시 대덕구청,2025-11-13
비래동135,1,대전광역시 대덕구 비래서로 73,,36.35458075,127.4524579,,,042-608-5205,대전광역시 대덕구청,2025-11-13
비래동136,1,대전광역시 대덕구 비래서로81번길 2,,36.35456913,127.453621,,,042-608-5205,대전광역시 대덕구청,2025-11-13
대화동132,1,대전광역시 대덕구 대화3길 9,,36.36565092,127.4146598,,,042-608-5205,대전광역시 대덕구청,2025-11-13
비래동137,1,,대전광역시 대덕구 비래동 151-14,,,,,042-608-5205,대전광역시 대덕구청,2025-11-13
비래동138,1,대전광역시 대덕구 비래동로24번길 63,,36.35495557,127.4534272,,,042-608-5205,대전광역시 대덕구청,2025-11-13
비래동139,1,대전광역시 대덕구 비래동로24번길 57,,36.35503956,127.4531424,,,042-608-5205,대전광역시 대덕구청,2025-11-13
비래동140,1,대전광역시 대덕구 비래동로24번길 47,,36.35530475,127.4526003,,,042-608-5205,대전광역시 대덕구청,2025-11-13
비래동141,1,대전광역시 대덕구 비래서로61번길 30,,36.35546174,127.4520753,,,042-608-5205,대전광역시 대덕구청,2025-11-13
비래동142,1,대전광역시 대덕구 비래서로61번길 17,,36.35507801,127.4515562,,,042-608-5205,대전광역시 대덕구청,2025-11-13
비래동143,1,대전광역시 대덕구 비래동로24번길 29,,36.3555859,127.4516527,,,042-608-5205,대전광역시 대덕구청,2025-11-13
비래동144,1,대전광역시 대덕구 비래동로24번길 21,,36.35572075,127.4512613,,,042-608-5205,대전광역시 대덕구청,2025-11-13
비래동145,1,대전광역시 대덕구 비래동로24번길 21-10,,36.35601515,127.451575,,,042-608-5205,대전광역시 대덕구청,2025-11-13
비래동146,1,대전광역시 대덕구 비래동로24번길 21-7,,36.35592221,127.4513694,,,042-608-5205,대전광역시 대덕구청,2025-11-13
대화동133,1,대전광역시 대덕구 대화3길 11,,36.36570945,127.414415,,,042-608-5205,대전광역시 대덕구청,2025-11-13
비래동147,1,대전광역시 대덕구 비래동로24번길 21-24,,36.35629575,127.4507697,,,042-608-5205,대전광역시 대덕구청,2025-11-13
비래동148,1,대전광역시 대덕구 비래동로24번길 13,,36.35590248,127.4508657,,,042-608-5205,대전광역시 대덕구청,2025-11-13
비래동149,1,대전광역시 대덕구 비래동로24번길 4,,36.3557774,127.4505798,,,042-608-5205,대전광역시 대덕구청,2025-11-13
비래동150,1,대전광역시 대덕구 비래동로24번길 5,,36.35600437,127.4506123,,,042-608-5205,대전광역시 대덕구청,2025-11-13
비래동151,1,대전광역시 대덕구 비래동로32번길 3,,36.35663031,127.4509501,,,042-608-5205,대전광역시 대덕구청,2025-11-13
비래동152,1,대전광역시 대덕구 비래동로32번길 9,,36.35650292,127.4512747,,,042-608-5205,대전광역시 대덕구청,2025-11-13
비래동153,1,대전광역시 대덕구 비래동로32번길 9,,36.35650292,127.4512747,,,042-608-5205,대전광역시 대덕구청,2025-11-13
비래동154,1,대전광역시 대덕구 비래동로32번길 15,,36.35662807,127.4515428,,,042-608-5205,대전광역시 대덕구청,2025-11-13
비래동155,1,대전광역시 대덕구 비래동로32번길 21,,36.35643332,127.4515685,,,042-608-5205,대전광역시 대덕구청,2025-11-13
비래동156,1,대전광역시 대덕구 비래서로61번길 45,,36.35618573,127.4522221,,,042-608-5205,대전광역시 대덕구청,2025-11-13
대화동134,1,대전광역시 대덕구 대화3길 20,,36.36598662,127.4145279,,,042-608-5205,대전광역시 대덕구청,2025-11-13
비래동157,1,대전광역시 대덕구 비래서로61번길 35,,36.35591372,127.4517081,,,042-608-5205,대전광역시 대덕구청,2025-11-13
비래동158,1,대전광역시 대덕구 비래동로24번길 31,,36.35554192,127.4518441,,,042-608-5205,대전광역시 대덕구청,2025-11-13
비래동159,1,대전광역시 대덕구 비래동로32번길 37,,36.35604021,127.4525733,,,042-608-5205,대전광역시 대덕구청,2025-11-13
비래동160,1,대전광역시 대덕구 비래동로32번길 42,,36.35548153,127.4525612,,,042-608-5205,대전광역시 대덕구청,2025-11-13
비래동161,1,대전광역시 대덕구 비래동로32번길 45,,36.35589036,127.4531162,,,042-608-5205,대전광역시 대덕구청,2025-11-13
비래동162,1,대전광역시 대덕구 비래동로32번길 45,,36.35589036,127.4531162,,,042-608-5205,대전광역시 대덕구청,2025-11-13
비래동163,1,대전광역시 대덕구 비래동로32번길 61,,36.35561811,127.4536182,,,042-608-5205,대전광역시 대덕구청,2025-11-13
비래동164,1,대전광역시 대덕구 비래서로81번길 25,,36.35555944,127.4538808,,,042-608-5205,대전광역시 대덕구청,2025-11-13
비래동165,1,대전광역시 대덕구 비래동로32번길 70,,36.35527416,127.4540128,,,042-608-5205,대전광역시 대덕구청,2025-11-13
비래동166,1,대전광역시 대덕구 비래서로81번길 20,,36.35514837,127.453914,,,042-608-5205,대전광역시 대덕구청,2025-11-13
대화동013,1,대전광역시 대덕구 대화10길 19,,36.36422274,127.4159046,,,042-608-5205,대전광역시 대덕구청,2025-11-13
대화동135,1,대전광역시 대덕구 대화3길 18,,36.36603665,127.4146529,,,042-608-5205,대전광역시 대덕구청,2025-11-13
비래동167,1,대전광역시 대덕구 비래서로81번길 14,,36.35491795,127.4538414,,,042-608-5205,대전광역시 대덕구청,2025-11-13
비래동168,1,대전광역시 대덕구 비래서로81번길 15,,36.35517549,127.4534195,,,042-608-5205,대전광역시 대덕구청,2025-11-13
비래동169,1,대전광역시 대덕구 비래동로32번길 73,,36.35539188,127.4543388,,,042-608-5205,대전광역시 대덕구청,2025-11-13
비래동170,1,대전광역시 대덕구 비래동로32번길 75,,36.35534453,127.4544678,,,042-608-5205,대전광역시 대덕구청,2025-11-13
비래동171,1,대전광역시 대덕구 비래서로81번길 36,,36.35584244,127.4543459,,,042-608-5205,대전광역시 대덕구청,2025-11-13
비래동172,1,대전광역시 대덕구 비래서로81번길 36,,36.35584244,127.4543459,,,042-608-5205,대전광역시 대덕구청,2025-11-13
비래동173,1,대전광역시 대덕구 비래서로81번길 32,,36.35561909,127.4543089,,,042-608-5205,대전광역시 대덕구청,2025-11-13
비래동174,1,,대전광역시 대덕구 비래동 164-34,,,,,042-608-5205,대전광역시 대덕구청,2025-11-13
비래동175,1,대전광역시 대덕구 비래동로40번길 61,,36.35627252,127.4540498,,,042-608-5205,대전광역시 대덕구청,2025-11-13
비래동176,1,대전광역시 대덕구 비래동로40번길 53,,36.35658369,127.4537441,,,042-608-5205,대전광역시 대덕구청,2025-11-13
대화동136,1,대전광역시 대덕구 대화9길 5-1,,36.36618799,127.4157056,,,042-608-5205,대전광역시 대덕구청,2025-11-13
비래동177,1,대전광역시 대덕구 비래동로40번길 39,,36.35682039,127.4531126,,,042-608-5205,대전광역시 대덕구청,2025-11-13
비래동178,1,대전광역시 대덕구 비래서로61번길 47,,36.35631164,127.4522897,,,042-608-5205,대전광역시 대덕구청,2025-11-13
비래동179,1,대전광역시 대덕구 비래서로61번길 45,,36.35618573,127.4522221,,,042-608-5205,대전광역시 대덕구청,2025-11-13
비래동180,1,대전광역시 대덕구 비래동로40번길 40,,36.35670447,127.4523098,,,042-608-5205,대전광역시 대덕구청,2025-11-13
비래동181,1,대전광역시 대덕구 비래동로40번길 22,,36.35685021,127.4518992,,,042-608-5205,대전광역시 대덕구청,2025-11-13
비래동182,1,대전광역시 대덕구 비래동로40번길 12,,36.35691935,127.4517272,,,042-608-5205,대전광역시 대덕구청,2025-11-13
비래동183,1,대전광역시 대덕구 비래동로40번길 6,,36.35696316,127.4515804,,,042-608-5205,대전광역시 대덕구청,2025-11-13
비래동184,1,대전광역시 대덕구 비래동로32번길 7,,36.35695331,127.4513264,,,042-608-5205,대전광역시 대덕구청,2025-11-13
비래동185,1,대전광역시 대덕구 비래동로32번길 7,,36.35695331,127.4513264,,,042-608-5205,대전광역시 대덕구청,2025-11-13
비래동186,1,대전광역시 대덕구 비래동로40번길 1,,36.35731081,127.4511591,,,042-608-5205,대전광역시 대덕구청,2025-11-13
대화동137,1,대전광역시 대덕구 대화9길 7,,36.36623052,127.4159153,,,042-608-5205,대전광역시 대덕구청,2025-11-13
비래동187,1,대전광역시 대덕구 비래서로61번길 71,,36.35695211,127.4525965,,,042-608-5205,대전광역시 대덕구청,2025-11-13
비래동188,1,대전광역시 대덕구 비래서로61번길 71,,36.35695211,127.4525965,,,042-608-5205,대전광역시 대덕구청,2025-11-13
비래동189,1,대전광역시 대덕구 우암로 396,,36.35405019,127.454536,,,042-608-5205,대전광역시 대덕구청,2025-11-13
비래동190,1,,대전광역시 대덕구 비래동 46-2,,,,,042-608-5205,대전광역시 대덕구청,2025-11-13
비래동191,1,,대전광역시 대덕구 비래동 47-12,,,,,042-608-5205,대전광역시 대덕구청,2025-11-13
비래동192,1,,대전광역시 대덕구 비래동 47-12,,,,,042-608-5205,대전광역시 대덕구청,2025-11-13
비래동193,1,,대전광역시 대덕구 비래동 47-12,,,,,042-608-5205,대전광역시 대덕구청,2025-11-13
비래동194,1,대전광역시 대덕구 신상로 17,,36.35517039,127.4557056,,,042-608-5205,대전광역시 대덕구청,2025-11-13
비래동195,1,대전광역시 대덕구 우암로 412,,36.35518695,127.4551442,,,042-608-5205,대전광역시 대덕구청,2025-11-13
비래동196,1,대전광역시 대덕구 우암로412번길 17,,36.35595131,127.4551006,,,042-608-5205,대전광역시 대덕구청,2025-11-13
대화동138,1,대전광역시 대덕구 대화15길 63,,36.36601326,127.4161949,,,042-608-5205,대전광역시 대덕구청,2025-11-13
비래동197,1,대전광역시 대덕구 우암로412번길 27,,36.35629661,127.4552977,,,042-608-5205,대전광역시 대덕구청,2025-11-13
비래동198,1,대전광역시 대덕구 우암로412번길 45,,36.35690056,127.4551586,,,042-608-5205,대전광역시 대덕구청,2025-11-13
비래동199,1,대전광역시 대덕구 우암로412번길 45,,36.35690056,127.4551586,,,042-608-5205,대전광역시 대덕구청,2025-11-13
비래동200,1,대전광역시 대덕구 우암로412번길 45,,36.35690056,127.4551586,,,042-608-5205,대전광역시 대덕구청,2025-11-13
비래동201,1,대전광역시 대덕구 우암로412번길 45,,36.35690056,127.4551586,,,042-608-5205,대전광역시 대덕구청,2025-11-13
비래동202,1,대전광역시 대덕구 우암로412번길 45,,36.35690056,127.4551586,,,042-608-5205,대전광역시 대덕구청,2025-11-13
비래동203,1,대전광역시 대덕구 우암로 430-1,,36.3570271,127.4546825,,,042-608-5205,대전광역시 대덕구청,2025-11-13
비래동204,1,대전광역시 대덕구 우암동로18번길 51,,36.35768607,127.4539154,,,042-608-5205,대전광역시 대덕구청,2025-11-13
비래동205,1,대전광역시 대덕구 우암동로18번길 37,,36.35793198,127.4537074,,,042-608-5205,대전광역시 대덕구청,2025-11-13
비래동206,1,,대전광역시 대덕구 비래동 18-32,,,,,042-608-5205,대전광역시 대덕구청,2025-11-13
대화동139,1,대전광역시 대덕구 대화9길 18,,36.36595295,127.4159183,,,042-608-5205,대전광역시 대덕구청,2025-11-13
비래동207,1,대전광역시 대덕구 우암로412번길 75,,36.35803108,127.4541892,,,042-608-5205,대전광역시 대덕구청,2025-11-13
비래동208,1,대전광역시 대덕구 우암로442번길 22,,36.35812544,127.4540204,,,042-608-5205,대전광역시 대덕구청,2025-11-13
비래동209,1,대전광역시 대덕구 우암로442번길 23,,36.35840027,127.4537903,,,042-608-5205,대전광역시 대덕구청,2025-11-13
비래동210,1,대전광역시 대덕구 우암로412번길 100,,36.35871716,127.4538768,,,042-608-5205,대전광역시 대덕구청,2025-11-13
비래동211,1,대전광역시 대덕구 우암로412번길 100,,36.35871716,127.4538768,,,042-608-5205,대전광역시 대덕구청,2025-11-13
비래동212,1,대전광역시 대덕구 우암로412번길 114,,36.35938988,127.4532835,,,042-608-5205,대전광역시 대덕구청,2025-11-13
비래동213,1,대전광역시 대덕구 우암로412번길 103-2,,36.35910273,127.452961,,,042-608-5205,대전광역시 대덕구청,2025-11-13
비래동214,1,대전광역시 대덕구 우암로412번길 109,,36.35933049,127.452784,,,042-608-5205,대전광역시 대덕구청,2025-11-13
비래동215,1,대전광역시 대덕구 우암로412번길 113,,36.35942817,127.452691,,,042-608-5205,대전광역시 대덕구청,2025-11-13
비래동216,1,대전광역시 대덕구 우암로412번길 114,,36.35938988,127.4532835,,,042-608-5205,대전광역시 대덕구청,2025-11-13
대화동140,1,대전광역시 대덕구 동심1길 98,,36.36367164,127.4137089,,,042-608-5205,대전광역시 대덕구청,2025-11-13
비래동217,1,대전광역시 대덕구 우암로412번길 120,,36.35970097,127.4529956,,,042-608-5205,대전광역시 대덕구청,2025-11-13
비래동218,1,대전광역시 대덕구 우암로412번길 128,,36.36003373,127.452699,,,042-608-5205,대전광역시 대덕구청,2025-11-13
비래동219,1,대전광역시 대덕구 우암로412번길 124,,36.35991082,127.4527918,,,042-608-5205,대전광역시 대덕구청,2025-11-13
비래동220,1,대전광역시 대덕구 우암동로18번길 6,,36.35904401,127.4522832,,,042-608-5205,대전광역시 대덕구청,2025-11-13
비래동221,1,대전광역시 대덕구 우암동로18번길 8,,36.35898237,127.4523809,,,042-608-5205,대전광역시 대덕구청,2025-11-13
비래동222,1,대전광역시 대덕구 우암로 448,,36.35778885,127.4524765,,,042-608-5205,대전광역시 대덕구청,2025-11-13
비래동223,1,대전광역시 대덕구 우암동로18번길 16,,36.35858507,127.4525881,,,042-608-5205,대전광역시 대덕구청,2025-11-13
비래동224,1,대전광역시 대덕구 우암로450번길 15,,36.35837994,127.4524978,,,042-608-5205,대전광역시 대덕구청,2025-11-13
비래동225,1,대전광역시 대덕구 우암로450번길 9,,36.35826185,127.4522698,,,042-608-5205,대전광역시 대덕구청,2025-11-13
비래동226,1,대전광역시 대덕구 우암동로18번길 19,,36.35877051,127.453115,,,042-608-5205,대전광역시 대덕구청,2025-11-13
대화동141,1,대전광역시 대덕구 동심1길 86,,36.36367464,127.4138827,,,042-608-5205,대전광역시 대덕구청,2025-11-13
비래동227,1,대전광역시 대덕구 우암동로18번길 25,,36.35843862,127.4531844,,,042-608-5205,대전광역시 대덕구청,2025-11-13
비래동228,1,대전광역시 대덕구 우암동로18번길 33,,36.3582504,127.4533883,,,042-608-5205,대전광역시 대덕구청,2025-11-13
비래동229,1,대전광역시 대덕구 우암동로18번길 30,,36.35777594,127.4530291,,,042-608-5205,대전광역시 대덕구청,2025-11-13
비래동230,1,대전광역시 대덕구 우암로 422-1,,36.35643102,127.4550267,,,042-608-5205,대전광역시 대덕구청,2025-11-13
비래동231,1,대전광역시 대덕구 우암로 428-1,,36.35684683,127.4546904,,,042-608-5205,대전광역시 대덕구청,2025-11-13
비래동232,1,대전광역시 대덕구 우암동로 10,,36.35872083,127.451956,,,042-608-5205,대전광역시 대덕구청,2025-11-13
비래동233,1,대전광역시 대덕구 우암동로 14-2,,36.35887793,127.4523536,,,042-608-5205,대전광역시 대덕구청,2025-11-13
비래동234,1,대전광역시 대덕구 우암동로18번길 2,,36.35917408,127.4522038,,,042-608-5205,대전광역시 대덕구청,2025-11-13
비래동235,1,대전광역시 대덕구 우암동로 20,,36.35938238,127.4524122,,,042-608-5205,대전광역시 대덕구청,2025-11-13
비래동236,1,대전광역시 대덕구 우암동로 26,,36.35979269,127.4525728,,,042-608-5205,대전광역시 대덕구청,2025-11-13
대화동142,1,대전광역시 대덕구 동심1길 108,,36.36401371,127.4138177,,,042-608-5205,대전광역시 대덕구청,2025-11-13
비래동237,1,대전광역시 대덕구 우암로492번길 93,,36.36038117,127.4523311,,,042-608-5205,대전광역시 대덕구청,2025-11-13
비래동238,1,대전광역시 대덕구 우암로492번길 93,,36.36038117,127.4523311,,,042-608-5205,대전광역시 대덕구청,2025-11-13
비래동239,1,,대전광역시 대덕구 비래동 314-2,,,,,042-608-5205,대전광역시 대덕구청,2025-11-13
비래동240,1,대전광역시 대덕구 우암로492번길 80,,36.36048101,127.4516676,,,042-608-5205,대전광역시 대덕구청,2025-11-13
비래동241,1,대전광역시 대덕구 우암로492번길 65,,36.36157994,127.450845,,,042-608-5205,대전광역시 대덕구청,2025-11-13
비래동242,1,대전광역시 대덕구 우암로492번길 65,,36.36157994,127.450845,,,042-608-5205,대전광역시 대덕구청,2025-11-13
비래동243,1,대전광역시 대덕구 우암로492번길 65,,36.36157994,127.450845,,,042-608-5205,대전광역시 대덕구청,2025-11-13
비래동244,1,대전광역시 대덕구 우암로492번길 65,,36.36157994,127.450845,,,042-608-5205,대전광역시 대덕구청,2025-11-13
비래동245,1,대전광역시 대덕구 우암로492번길 51,,36.36121427,127.4503125,,,042-608-5205,대전광역시 대덕구청,2025-11-13
비래동246,1,대전광역시 대덕구 우암로492번길 38,,36.36079453,127.4497798,,,042-608-5205,대전광역시 대덕구청,2025-11-13
대화동143,1,대전광역시 대덕구 동심1길 122,,36.36373412,127.4133616,,,042-608-5205,대전광역시 대덕구청,2025-11-13
비래동247,1,대전광역시 대덕구 우암로492번길 22,,36.36030267,127.449251,,,042-608-5205,대전광역시 대덕구청,2025-11-13
비래동248,1,대전광역시 대덕구 우암로492번길 28,,36.36050287,127.4496934,,,042-608-5205,대전광역시 대덕구청,2025-11-13
비래동249,1,대전광역시 대덕구 우암로492번길 10,,36.35982502,127.4487804,,,042-608-5205,대전광역시 대덕구청,2025-11-13
비래동250,1,대전광역시 대덕구 우암로486번길 7,,36.35969108,127.4489311,,,042-608-5205,대전광역시 대덕구청,2025-11-13
비래동251,1,대전광역시 대덕구 우암로486번길 10-1,,36.35935044,127.4494105,,,042-608-5205,대전광역시 대덕구청,2025-11-13
비래동252,1,대전광역시 대덕구 우암로486번길 14,,36.35956283,127.4494875,,,042-608-5205,대전광역시 대덕구청,2025-11-13
비래동253,1,대전광역시 대덕구 우암로486번길 17,,36.35997132,127.4491778,,,042-608-5205,대전광역시 대덕구청,2025-11-13
비래동254,1,대전광역시 대덕구 우암로486번길 20,,36.35965916,127.449751,,,042-608-5205,대전광역시 대덕구청,2025-11-13
비래동255,1,대전광역시 대덕구 우암동로17번길 40,,36.36058264,127.4505273,,,042-608-5205,대전광역시 대덕구청,2025-11-13
비래동256,1,대전광역시 대덕구 우암동로17번길 36,,36.36061783,127.4507548,,,042-608-5205,대전광역시 대덕구청,2025-11-13
대화동144,1,대전광역시 대덕구 동심1길 83,,36.36343152,127.4133065,,,042-608-5205,대전광역시 대덕구청,2025-11-13
비래동257,1,대전광역시 대덕구 우암동로17번길 26,,36.36030149,127.4514794,,,042-608-5205,대전광역시 대덕구청,2025-11-13
비래동258,1,대전광역시 대덕구 우암동로17번길 26,,36.36030149,127.4514794,,,042-608-5205,대전광역시 대덕구청,2025-11-13
비래동259,1,대전광역시 대덕구 우암동로17번길 26,,36.36030149,127.4514794,,,042-608-5205,대전광역시 대덕구청,2025-11-13
비래동260,1,대전광역시 대덕구 우암동로17번길 17,,36.36003146,127.4513932,,,042-608-5205,대전광역시 대덕구청,2025-11-13
비래동261,1,대전광역시 대덕구 우암동로17번길 7,,36.35974587,127.4516099,,,042-608-5205,대전광역시 대덕구청,2025-11-13
비래동262,1,대전광역시 대덕구 우암동로17번길 7,,36.35974587,127.4516099,,,042-608-5205,대전광역시 대덕구청,2025-11-13
비래동263,1,대전광역시 대덕구 우암동로15번길 2,,36.35936631,127.4518929,,,042-608-5205,대전광역시 대덕구청,2025-11-13
비래동264,1,대전광역시 대덕구 우암동로15번길 8,,36.35950086,127.4515817,,,042-608-5205,대전광역시 대덕구청,2025-11-13
비래동265,1,대전광역시 대덕구 우암동로15번길 20,,36.35975133,127.4511197,,,042-608-5205,대전광역시 대덕구청,2025-11-13
비래동266,1,대전광역시 대덕구 우암동로15번길 20,,36.35975133,127.4511197,,,042-608-5205,대전광역시 대덕구청,2025-11-13
대화동014,1,,대전광역시 대덕구 대화동 35-93,,,,,042-608-5205,대전광역시 대덕구청,2025-11-13
대화동145,1,대전광역시 대덕구 동심1길 144,,36.36378865,127.4132282,,,042-608-5205,대전광역시 대덕구청,2025-11-13
비래동267,1,대전광역시 대덕구 우암동로15번길 26,,36.35990418,127.4507328,,,042-608-5205,대전광역시 대덕구청,2025-11-13
비래동268,1,대전광역시 대덕구 우암동로15번길 30,,36.3602682,127.4507483,,,042-608-5205,대전광역시 대덕구청,2025-11-13
비래동269,1,대전광역시 대덕구 우암로 478,,36.35954678,127.4499197,,,042-608-5205,대전광역시 대덕구청,2025-11-13
비래동270,1,대전광역시 대덕구 우암로 478,,36.35954678,127.4499197,,,042-608-5205,대전광역시 대덕구청,2025-11-13
비래동271,1,대전광역시 대덕구 우암로 478,,36.35954678,127.4499197,,,042-608-5205,대전광역시 대덕구청,2025-11-13
비래동272,1,대전광역시 대덕구 우암로476번길 10,,36.35903088,127.4500326,,,042-608-5205,대전광역시 대덕구청,2025-11-13
비래동273,1,대전광역시 대덕구 우암동로7번길 23,,36.3589071,127.4503572,,,042-608-5205,대전광역시 대덕구청,2025-11-13
비래동274,1,대전광역시 대덕구 우암동로7번길 21,,36.35870487,127.4504541,,,042-608-5205,대전광역시 대덕구청,2025-11-13
비래동275,1,대전광역시 대덕구 우암동로7번길 13,,36.3587609,127.4508911,,,042-608-5205,대전광역시 대덕구청,2025-11-13
비래동276,1,대전광역시 대덕구 우암동로7번길 5,,36.35866619,127.4511535,,,042-608-5205,대전광역시 대덕구청,2025-11-13
대화동146,1,대전광역시 대덕구 동심1길 134,,36.36404065,127.4133231,,,042-608-5205,대전광역시 대덕구청,2025-11-13
비래동277,1,대전광역시 대덕구 우암동로7번길 6,,36.35896805,127.4514004,,,042-608-5205,대전광역시 대덕구청,2025-11-13
비래동278,1,대전광역시 대덕구 우암동로7번길 9,,36.35863898,127.4507211,,,042-608-5205,대전광역시 대덕구청,2025-11-13
비래동279,1,,대전광역시 대덕구 비래동 산12-6,,,,,042-608-5205,대전광역시 대덕구청,2025-11-13
비래동280,1,,대전광역시 대덕구 비래동 산12-6,,,,,042-608-5205,대전광역시 대덕구청,2025-11-13
비래동281,1,,대전광역시 대덕구 비래동 산12-6,,,,,042-608-5205,대전광역시 대덕구청,2025-11-13
비래동282,1,,대전광역시 대덕구 비래동 산12-6,,,,,042-608-5205,대전광역시 대덕구청,2025-11-13
비래동283,1,,대전광역시 대덕구 비래동 산12-6,,,,,042-608-5205,대전광역시 대덕구청,2025-11-13
비래동284,1,대전광역시 대덕구 비래골길 47-4,,36.36731482,127.4489749,,,042-608-5205,대전광역시 대덕구청,2025-11-13
비래동285,1,대전광역시 대덕구 비래골길 47-12,,36.36790881,127.4491833,,,042-608-5205,대전광역시 대덕구청,2025-11-13
비래동286,1,대전광역시 대덕구 비래골길 69-29,,36.36814349,127.4490822,,,042-608-5205,대전광역시 대덕구청,2025-11-13
대화동147,1,대전광역시 대덕구 동심5길 94,,36.36379908,127.4128717,,,042-608-5205,대전광역시 대덕구청,2025-11-13
비래동287,1,,대전광역시 대덕구 비래동 439-5,,,,,042-608-5205,대전광역시 대덕구청,2025-11-13
비래동288,1,,대전광역시 대덕구 비래동 482-3,,,,,042-608-5205,대전광역시 대덕구청,2025-11-13
비래동289,1,,대전광역시 대덕구 비래동 468-1,,,,,042-608-5205,대전광역시 대덕구청,2025-11-13
비래동290,1,대전광역시 대덕구 비래골길 69-20,,36.36833273,127.4495646,,,042-608-5205,대전광역시 대덕구청,2025-11-13
비래동291,1,대전광역시 대덕구 비래골길 69-10,,36.36806798,127.449991,,,042-608-5205,대전광역시 대덕구청,2025-11-13
비래동292,1,대전광역시 대덕구 비래골길 95,,36.36816397,127.451302,,,042-608-5205,대전광역시 대덕구청,2025-11-13
비래동293,1,대전광역시 대덕구 비래골길 79,,36.36811021,127.4502631,,,042-608-5205,대전광역시 대덕구청,2025-11-13
비래동294,1,대전광역시 대덕구 비래골길 71,,36.36773974,127.4500471,,,042-608-5205,대전광역시 대덕구청,2025-11-13
비래동295,1,,대전광역시 대덕구 비래동 404,,,,,042-608-5205,대전광역시 대덕구청,2025-11-13
비래동296,1,,대전광역시 대덕구 비래동 391,,,,,042-608-5205,대전광역시 대덕구청,2025-11-13
대화동148,1,대전광역시 대덕구 동심5길 69,,36.36392603,127.413113,,,042-608-5205,대전광역시 대덕구청,2025-11-13
비래동297,1,대전광역시 대덕구 비래골길 55,,36.36761615,127.4493644,,,042-608-5205,대전광역시 대덕구청,2025-11-13
비래동298,1,,대전광역시 대덕구 비래동 145-29,36.35604919,127.4540084,,,042-608-5205,대전광역시 대덕구청,2025-11-13
비래동300,1,대전광역시 대덕구 비래동로24번길 19,,36.35587609,127.4511731,,,042-608-5205,대전광역시 대덕구청,2025-11-13
비래동301,1,대전광역시 대덕구 우암로 488,,36.35941416,127.4487602,,,042-608-5205,대전광역시 대덕구청,2025-11-13
비래동302,1,대전광역시 대덕구 우암로492번길 65,,36.36157994,127.450845,,,042-608-5205,대전광역시 대덕구청,2025-11-13
비래동303,1,,대전광역시 대덕구 비래동 241-1,36.36157994,127.450845,,,042-608-5205,대전광역시 대덕구청,2025-11-13
비래동304,1,대전광역시 대덕구 우암로492번길 65,,36.36157994,127.450845,,,042-608-5205,대전광역시 대덕구청,2025-11-13
비래동305,1,대전광역시 대덕구 우암로492번길 65,,36.36157994,127.450845,,,042-608-5205,대전광역시 대덕구청,2025-11-13
비래동306,1,,대전광역시 대덕구 비래동 2-5,,,,,042-608-5205,대전광역시 대덕구청,2025-11-13
비래동307,1,,대전광역시 대덕구 비래동 2-5,,,,,042-608-5205,대전광역시 대덕구청,2025-11-13
대화동149,1,대전광역시 대덕구 동심1길 130,,36.36420608,127.4134354,,,042-608-5205,대전광역시 대덕구청,2025-11-13
비래동308,1,,대전광역시 대덕구 비래동 산 33-1,,,,,042-608-5205,대전광역시 대덕구청,2025-11-13
비래동309,1,,대전광역시 대덕구 비래동 산 33-1,,,,,042-608-5205,대전광역시 대덕구청,2025-11-13
비래동310,1,,대전광역시 대덕구 비래동 산 33-1,,,,,042-608-5205,대전광역시 대덕구청,2025-11-13
비래동311,1,대전광역시 대덕구 비래골길 47-74,,36.37306794,127.4508756,,,042-608-5205,대전광역시 대덕구청,2025-11-13
비래동312,1,대전광역시 대덕구 비래골길 47-74,,36.37306794,127.4508756,,,042-608-5205,대전광역시 대덕구청,2025-11-13
비래동313,1,대전광역시 대덕구 비래골길 47-74,,36.37306794,127.4508756,,,042-608-5205,대전광역시 대덕구청,2025-11-13
비래동314,1,대전광역시 대덕구 비래골길 47-74,,36.37306794,127.4508756,,,042-608-5205,대전광역시 대덕구청,2025-11-13
비래동315,1,,대전광역시 대덕구 비래동 465-1,,,,,042-608-5205,대전광역시 대덕구청,2025-11-13
비래동316,1,,대전광역시 대덕구 비래동 556-32,36.35355595,127.4450635,,,042-608-5205,대전광역시 대덕구청,2025-11-13
비래동317,1,,대전광역시 대덕구 비래동 149-31,36.35579677,127.4549784,,,042-608-5205,대전광역시 대덕구청,2025-11-13
대화동150,1,대전광역시 대덕구 동심5길 88,,36.36401322,127.4129174,,,042-608-5205,대전광역시 대덕구청,2025-11-13
비래동318,1,,대전광역시 대덕구 비래동 149-11,,,,,042-608-5205,대전광역시 대덕구청,2025-11-13
비래동319,1,,대전광역시 대덕구 비래동 395,36.36803171,127.451007,,,042-608-5205,대전광역시 대덕구청,2025-11-13
비래동320,1,대전광역시 대덕구 신상로 77-70,,36.35741083,127.4645649,,,042-608-5205,대전광역시 대덕구청,2025-11-13
비래동321,1,대전광역시 대덕구 신상로 77-74,,36.35771365,127.4645578,,,042-608-5205,대전광역시 대덕구청,2025-11-13
비래동322,1,,대전광역시 대덕구 비래동 314-2,,,,,042-608-5205,대전광역시 대덕구청,2025-11-13
비래동323,1,,대전광역시 대덕구 비래동 115-4,36.36100687,127.4508239,,,042-608-5205,대전광역시 대덕구청,2025-11-13
비래동324,1,대전광역시 대덕구 비래골길 58-17,,36.36751128,127.4504112,,,042-608-5205,대전광역시 대덕구청,2025-11-13
비래동325,1,대전광역시 대덕구 비래동로24번길 59,,36.35499209,127.4533026,,,042-608-5205,대전광역시 대덕구청,2025-11-13
비래동326,1,대전광역시 대덕구 동서대로1770번길 34,,36.35287367,127.4453314,,,042-608-5205,대전광역시 대덕구청,2025-11-13
비래동327,1,대전광역시 대덕구 비래동로31번길 43,,36.35732119,127.4484005,,,042-608-5205,대전광역시 대덕구청,2025-11-13
대화동151,1,대전광역시 대덕구 동심5길 68,,36.36424425,127.4128205,,,042-608-5205,대전광역시 대덕구청,2025-11-13
비래동328,1,,대전광역시 대덕구 비래동47-3,,,,,042-608-5205,대전광역시 대덕구청,2025-11-13
비래동329,1,,대전광역시 대덕구 비래동47-3,,,,,042-608-5205,대전광역시 대덕구청,2025-11-13
비래동330,1,,대전광역시 대덕구 비래동47-3,,,,,042-608-5205,대전광역시 대덕구청,2025-11-13
비래동331,1,,대전광역시 대덕구 비래동47-3,,,,,042-608-5205,대전광역시 대덕구청,2025-11-13
비래동332,1,대전광역시 대덕구 비래동로24번길 49,,36.35522486,127.4527558,,,042-608-5205,대전광역시 대덕구청,2025-11-13
비래동333,1,,대전광역시 대덕구 비래동 47-3,,,,,042-608-5205,대전광역시 대덕구청,2025-11-13
비래동334,1,대전광역시 대덕구 우암로412번길 73,,36.35794423,127.4542779,,,042-608-5205,대전광역시 대덕구청,2025-11-13
비래동335,1,대전광역시 대덕구 우암로412번길 25,,36.35640495,127.4552449,,,042-608-5205,대전광역시 대덕구청,2025-11-13
석봉동001,1,,대전광역시 대덕구 석봉동 301-2,,,,,042-608-5205,대전광역시 대덕구청,2025-11-13
석봉동002,1,대전광역시 대덕구 석봉로58번길 97,,36.4431286,127.4282017,,,042-608-5205,대전광역시 대덕구청,2025-11-13
대화동152,1,,대전광역시 대덕구 대화동 35-206,,,,,042-608-5205,대전광역시 대덕구청,2025-11-13
석봉동003,1,대전광역시 대덕구 석봉로58번길 54-8,,36.44503484,127.4283728,,,042-608-5205,대전광역시 대덕구청,2025-11-13
석봉동004,1,대전광역시 대덕구 석봉로30번안길 56,,36.44502547,127.4279712,,,042-608-5205,대전광역시 대덕구청,2025-11-13
석봉동005,1,대전광역시 대덕구 석봉로30번안길 56,,36.44502547,127.4279712,,,042-608-5205,대전광역시 대덕구청,2025-11-13
석봉동006,1,대전광역시 대덕구 석봉로44번안길 27-13,,36.44471908,127.4279695,,,042-608-5205,대전광역시 대덕구청,2025-11-13
석봉동007,1,대전광역시 대덕구 석봉로44번안길 27-7,,36.44440553,127.4279544,,,042-608-5205,대전광역시 대덕구청,2025-11-13
석봉동008,1,대전광역시 대덕구 석봉로44번안길,,,,,,042-608-5205,대전광역시 대덕구청,2025-11-13
석봉동009,1,대전광역시 대덕구 석봉로44번안길 17,,36.44424463,127.4275876,,,042-608-5205,대전광역시 대덕구청,2025-11-13
석봉동010,1,대전광역시 대덕구 석봉로44번안길 11-5,,36.444416,127.4270443,,,042-608-5205,대전광역시 대덕구청,2025-11-13
석봉동011,1,대전광역시 대덕구 석봉로44번안길 11-15,,36.44479409,127.4271534,,,042-608-5205,대전광역시 대덕구청,2025-11-13
석봉동012,1,대전광역시 대덕구 석봉로30번안길 42,,36.44503187,127.4271904,,,042-608-5205,대전광역시 대덕구청,2025-11-13
대화동153,1,대전광역시 대덕구 늘봄1길 32,,36.36442143,127.4137039,,,042-608-5205,대전광역시 대덕구청,2025-11-13
석봉동013,1,대전광역시 대덕구 석봉로30번안길 42,,36.44503187,127.4271904,,,042-608-5205,대전광역시 대덕구청,2025-11-13
석봉동014,1,대전광역시 대덕구 석봉로30번안길 44,,36.44501981,127.4275384,,,042-608-5205,대전광역시 대덕구청,2025-11-13
석봉동015,1,대전광역시 대덕구 석봉로38번길 55,,36.44482869,127.4265513,,,042-608-5205,대전광역시 대덕구청,2025-11-13
석봉동016,1,대전광역시 대덕구 석봉로44번길 76,,36.44455535,127.4263803,,,042-608-5205,대전광역시 대덕구청,2025-11-13
석봉동017,1,대전광역시 대덕구 석봉로44번안길 3,,36.44424342,127.4269184,,,042-608-5205,대전광역시 대덕구청,2025-11-13
석봉동018,1,대전광역시 대덕구 석봉로44번길 76,,36.44455535,127.4263803,,,042-608-5205,대전광역시 대덕구청,2025-11-13
석봉동019,1,대전광역시 대덕구 석봉로44번길 76,,36.44455535,127.4263803,,,042-608-5205,대전광역시 대덕구청,2025-11-13
석봉동020,1,대전광역시 대덕구 석봉로38번길 13,,36.44648031,127.4263551,,,042-608-5205,대전광역시 대덕구청,2025-11-13
석봉동021,1,대전광역시 대덕구 석봉로38번길 13,,36.44648031,127.4263551,,,042-608-5205,대전광역시 대덕구청,2025-11-13
석봉동022,1,대전광역시 대덕구 석봉로44번길 26,,36.44618783,127.4264963,,,042-608-5205,대전광역시 대덕구청,2025-11-13
대화동154,1,대전광역시 대덕구 늘봄1길 36,,36.36447994,127.4134636,,,042-608-5205,대전광역시 대덕구청,2025-11-13
석봉동023,1,대전광역시 대덕구 석봉로44번길 39,,36.44544366,127.4269473,,,042-608-5205,대전광역시 대덕구청,2025-11-13
석봉동024,1,대전광역시 대덕구 석봉로44번길 35-8,,36.445584,127.427015,,,042-608-5205,대전광역시 대덕구청,2025-11-13
석봉동025,1,대전광역시 대덕구 석봉로44번길 35-12,,36.44559405,127.4272292,,,042-608-5205,대전광역시 대덕구청,2025-11-13
석봉동026,1,대전광역시 대덕구 석봉로30번안길 55,,36.44540044,127.4279465,,,042-608-5205,대전광역시 대덕구청,2025-11-13
석봉동027,1,대전광역시 대덕구 석봉로30번안길 55-23,,36.44612125,127.4279772,,,042-608-5205,대전광역시 대덕구청,2025-11-13
석봉동028,1,대전광역시 대덕구 석봉로58번안길 10,,36.44633642,127.4282862,,,042-608-5205,대전광역시 대덕구청,2025-11-13
석봉동029,1,대전광역시 대덕구 석봉로30번안길 55-23,,36.44612125,127.4279772,,,042-608-5205,대전광역시 대덕구청,2025-11-13
석봉동030,1,대전광역시 대덕구 석봉로58번안길 21,,36.44616569,127.4276473,,,042-608-5205,대전광역시 대덕구청,2025-11-13
석봉동031,1,대전광역시 대덕구 석봉로58번안길 34,,36.44640078,127.426899,,,042-608-5205,대전광역시 대덕구청,2025-11-13
석봉동032,1,대전광역시 대덕구 석봉로44번길 11-45,,36.4468311,127.4280525,,,042-608-5205,대전광역시 대덕구청,2025-11-13
대화동015,1,,대전광역시 대덕구 대화동 35-106,,,,,042-608-5205,대전광역시 대덕구청,2025-11-13
대화동155,1,대전광역시 대덕구 동심8길 7,,36.36412741,127.4122093,,,042-608-5205,대전광역시 대덕구청,2025-11-13
석봉동033,1,대전광역시 대덕구 석봉로44번길 11-27,,36.4468722,127.4276467,,,042-608-5205,대전광역시 대덕구청,2025-11-13
석봉동034,1,대전광역시 대덕구 석봉로44번길 11-15,,36.44685621,127.4270796,,,042-608-5205,대전광역시 대덕구청,2025-11-13
석봉동035,1,대전광역시 대덕구 석봉로44번길 15,,36.44662308,127.426753,,,042-608-5205,대전광역시 대덕구청,2025-11-13
석봉동036,1,대전광역시 대덕구 석봉로44번길 12,,36.44681855,127.4265221,,,042-608-5205,대전광역시 대덕구청,2025-11-13
석봉동037,1,대전광역시 대덕구 석봉로44번길 5,,36.44702318,127.4267552,,,042-608-5205,대전광역시 대덕구청,2025-11-13
석봉동038,1,,대전광역시 대덕구 석봉동 355-9,,,,,042-608-5205,대전광역시 대덕구청,2025-11-13
석봉동039,1,대전광역시 대덕구 석봉로57번길 12,,36.44790832,127.4281645,,,042-608-5205,대전광역시 대덕구청,2025-11-13
석봉동040,1,,대전광역시 대덕구 석봉동 351-20,,,,,042-608-5205,대전광역시 대덕구청,2025-11-13
석봉동041,1,대전광역시 대덕구 석봉로57번길 30,,36.44872761,127.4279201,,,042-608-5205,대전광역시 대덕구청,2025-11-13
석봉동042,1,대전광역시 대덕구 석봉로57번길 34,,36.44895127,127.4278723,,,042-608-5205,대전광역시 대덕구청,2025-11-13
대화동156,1,,대전광역시 대덕구 대화동 241-23,,,,,042-608-5205,대전광역시 대덕구청,2025-11-13
석봉동043,1,대전광역시 대덕구 석봉로57번길 40,,36.44910634,127.4278508,,,042-608-5205,대전광역시 대덕구청,2025-11-13
석봉동044,1,대전광역시 대덕구 석봉로57번길 44,,36.44935538,127.4277629,,,042-608-5205,대전광역시 대덕구청,2025-11-13
석봉동045,1,대전광역시 대덕구 석봉로43번길 16-22,,36.44806504,127.4277291,,,042-608-5205,대전광역시 대덕구청,2025-11-13
석봉동046,1,대전광역시 대덕구 석봉로57번길 13,,36.44807185,127.4278407,,,042-608-5205,대전광역시 대덕구청,2025-11-13
석봉동047,1,대전광역시 대덕구 석봉로 49-6,,36.44774848,127.4275489,,,042-608-5205,대전광역시 대덕구청,2025-11-13
석봉동048,1,대전광역시 대덕구 석봉로 49-9,,36.44782178,127.4272102,,,042-608-5205,대전광역시 대덕구청,2025-11-13
석봉동049,1,대전광역시 대덕구 석봉로 51,,36.44762988,127.4274501,,,042-608-5205,대전광역시 대덕구청,2025-11-13
석봉동050,1,대전광역시 대덕구 석봉로43번길 5,,36.44777386,127.4265005,,,042-608-5205,대전광역시 대덕구청,2025-11-13
석봉동051,1,대전광역시 대덕구 석봉로43번길 10-3,,36.44770052,127.4269998,,,042-608-5205,대전광역시 대덕구청,2025-11-13
석봉동052,1,대전광역시 대덕구 석봉로43번길,,,,,,042-608-5205,대전광역시 대덕구청,2025-11-13
대화동157,1,대전광역시 대덕구 동심1길 115,,36.36371866,127.4126216,,,042-608-5205,대전광역시 대덕구청,2025-11-13
석봉동053,1,대전광역시 대덕구 석봉로43번길,,,,,,042-608-5205,대전광역시 대덕구청,2025-11-13
석봉동054,1,대전광역시 대덕구 석봉로43번길 30,,36.44883261,127.4267829,,,042-608-5205,대전광역시 대덕구청,2025-11-13
석봉동055,1,,대전광역시 대덕구 석봉동 416-5,,,,,042-608-5205,대전광역시 대덕구청,2025-11-13
석봉동056,1,대전광역시 대덕구 석봉로43번길 30-11,,36.44885629,127.4272159,,,042-608-5205,대전광역시 대덕구청,2025-11-13
석봉동057,1,대전광역시 대덕구 석봉로43번길 37,,36.4491544,127.4265081,,,042-608-5205,대전광역시 대덕구청,2025-11-13
석봉동058,1,대전광역시 대덕구 석봉로37번길 46-21,,36.44944728,127.4272637,,,042-608-5205,대전광역시 대덕구청,2025-11-13
석봉동059,1,대전광역시 대덕구 석봉로37번길 60-7,,36.45025357,127.4265766,,,042-608-5205,대전광역시 대덕구청,2025-11-13
석봉동060,1,대전광역시 대덕구 석봉로37번길 52-12,,36.44966209,127.426667,,,042-608-5205,대전광역시 대덕구청,2025-11-13
석봉동061,1,대전광역시 대덕구 석봉로37번길 60-19,,36.45033817,127.4271124,,,042-608-5205,대전광역시 대덕구청,2025-11-13
석봉동062,1,대전광역시 대덕구 석봉로37번길 57,,36.45002904,127.4258614,,,042-608-5205,대전광역시 대덕구청,2025-11-13
대화동158,1,대전광역시 대덕구 동심1길 121,,36.36358983,127.4123491,,,042-608-5205,대전광역시 대덕구청,2025-11-13
석봉동063,1,대전광역시 대덕구 석봉로37번길45,,,,,,042-608-5205,대전광역시 대덕구청,2025-11-13
석봉동064,1,대전광역시 대덕구 석봉로37번길 51,,36.44975857,127.4258956,,,042-608-5205,대전광역시 대덕구청,2025-11-13
석봉동065,1,대전광역시 대덕구 대덕대로 1600-1,,36.45014108,127.4257773,,,042-608-5205,대전광역시 대덕구청,2025-11-13
석봉동066,1,대전광역시 대덕구 석봉로37번길 51-18,,36.4501501,127.4252687,,,042-608-5205,대전광역시 대덕구청,2025-11-13
석봉동067,1,대전광역시 대덕구 대덕대로 1600,,36.45013457,127.4255809,,,042-608-5205,대전광역시 대덕구청,2025-11-13
석봉동068,1,대전광역시 대덕구 석봉북로 30,,36.45000651,127.4251028,,,042-608-5205,대전광역시 대덕구청,2025-11-13
석봉동069,1,대전광역시 대덕구 석봉북로 26,,36.44973999,127.4250389,,,042-608-5205,대전광역시 대덕구청,2025-11-13
석봉동070,1,대전광역시 대덕구 석봉북로24번길 7,,36.44967417,127.4252993,,,042-608-5205,대전광역시 대덕구청,2025-11-13
석봉동071,1,대전광역시 대덕구 석봉로37번길 39,,36.44920356,127.4258658,,,042-608-5205,대전광역시 대덕구청,2025-11-13
석봉동072,1,대전광역시 대덕구 석봉로37번길 31,,36.44889001,127.4258507,,,042-608-5205,대전광역시 대덕구청,2025-11-13
대화동159,1,대전광역시 대덕구 동심8길 14,,36.36372156,127.4117793,,,042-608-5205,대전광역시 대덕구청,2025-11-13
석봉동073,1,대전광역시 대덕구 석봉로37번길 26,,36.44862603,127.4260858,,,042-608-5205,대전광역시 대덕구청,2025-11-13
석봉동074,1,대전광역시 대덕구 석봉로43번길 33,,36.448917,127.4263685,,,042-608-5205,대전광역시 대덕구청,2025-11-13
석봉동075,1,대전광역시 대덕구 석봉북로12번길 13,,36.44852655,127.4256792,,,042-608-5205,대전광역시 대덕구청,2025-11-13
석봉동076,1,대전광역시 대덕구 석봉로37번길 15,,36.44811565,127.4256725,,,042-608-5205,대전광역시 대덕구청,2025-11-13
석봉동077,1,대전광역시 대덕구 석봉로37번길 11,,36.44795674,127.4257564,,,042-608-5205,대전광역시 대덕구청,2025-11-13
석봉동078,1,대전광역시 대덕구 석봉로37번길 9-3,,,,,,042-608-5205,대전광역시 대덕구청,2025-11-13
석봉동079,1,대전광역시 대덕구 석봉로37번길 18-1,,36.44804506,127.4262611,,,042-608-5205,대전광역시 대덕구청,2025-11-13
석봉동080,1,대전광역시 대덕구 석봉북로 5,,36.44784485,127.4247876,,,042-608-5205,대전광역시 대덕구청,2025-11-13
석봉동081,1,대전광역시 대덕구 석봉북로9번길 1,,36.44805752,127.4247888,,,042-608-5205,대전광역시 대덕구청,2025-11-13
석봉동082,1,대전광역시 대덕구 석봉북로 9,,36.44826652,127.4248078,,,042-608-5205,대전광역시 대덕구청,2025-11-13
대화동160,1,대전광역시 대덕구 동심8길 19,,36.36343606,127.4119917,,,042-608-5205,대전광역시 대덕구청,2025-11-13
석봉동083,1,대전광역시 대덕구 석봉북로 11,,36.44839282,127.4247683,,,042-608-5205,대전광역시 대덕구청,2025-11-13
석봉동084,1,,대전광역시 대덕구 석봉동 191-21,,,,,042-608-5205,대전광역시 대덕구청,2025-11-13
석봉동085,1,,대전광역시 대덕구 석봉동 306-31,,,,,042-608-5205,대전광역시 대덕구청,2025-11-13
석봉동086,1,대전광역시 대덕구 석봉북로15번길 1,,36.44861965,127.4248409,,,042-608-5205,대전광역시 대덕구청,2025-11-13
석봉동087,1,대전광역시 대덕구 석봉북로15번길 12,,36.44890219,127.4244543,,,042-608-5205,대전광역시 대덕구청,2025-11-13
석봉동088,1,대전광역시 대덕구 석봉북로 16,,36.44886729,127.4251457,,,042-608-5205,대전광역시 대덕구청,2025-11-13
석봉동089,1,대전광역시 대덕구 석봉북로19,,36.44909187,127.424839,,,042-608-5205,대전광역시 대덕구청,2025-11-13
석봉동090,1,대전광역시 대덕구 석봉북로 20,,36.44908012,127.4251022,,,042-608-5205,대전광역시 대덕구청,2025-11-13
석봉동091,1,대전광역시 대덕구 석봉북로23번길 12,,36.44954434,127.4243061,,,042-608-5205,대전광역시 대덕구청,2025-11-13
석봉동092,1,대전광역시 대덕구 석봉북로23번길 20,,36.44964698,127.4238248,,,042-608-5205,대전광역시 대덕구청,2025-11-13
대화동161,1,대전광역시 대덕구 동심1길 170,,36.36404013,127.4124317,,,042-608-5205,대전광역시 대덕구청,2025-11-13
석봉동093,1,대전광역시 대덕구 석봉북로 27-25,,36.4496879,127.423468,,,042-608-5205,대전광역시 대덕구청,2025-11-13
석봉동094,1,대전광역시 대덕구 석봉북로23번길 20,,36.44964698,127.4238248,,,042-608-5205,대전광역시 대덕구청,2025-11-13
석봉동095,1,대전광역시 대덕구 석봉북로 27-11,,36.44964208,127.4241906,,,042-608-5205,대전광역시 대덕구청,2025-11-13
석봉동096,1,대전광역시 대덕구 대덕대로 1586-1,,36.45011817,127.4241129,,,042-608-5205,대전광역시 대덕구청,2025-11-13
석봉동097,1,대전광역시 대덕구 대덕대로 1584,,36.45008004,127.4236843,,,042-608-5205,대전광역시 대덕구청,2025-11-13
석봉동098,1,대전광역시 대덕구 석봉북로 27-1,,36.44968326,127.4247753,,,042-608-5205,대전광역시 대덕구청,2025-11-13
석봉동099,1,대전광역시 대덕구 대덕대로 1592-1,,36.44992872,127.4246785,,,042-608-5205,대전광역시 대덕구청,2025-11-13
석봉동100,1,대전광역시 대덕구 석봉로7번길 61,,36.44988794,127.4229649,,,042-608-5205,대전광역시 대덕구청,2025-11-13
석봉동101,1,대전광역시 대덕구 석봉로3번길 50,,36.4489848,127.4225049,,,042-608-5205,대전광역시 대덕구청,2025-11-13
석봉동102,1,대전광역시 대덕구 석봉로3번길 50,,36.4489848,127.4225049,,,042-608-5205,대전광역시 대덕구청,2025-11-13
대화동162,1,대전광역시 대덕구 동심1길 160,,36.36401796,127.4125876,,,042-608-5205,대전광역시 대덕구청,2025-11-13
석봉동103,1,대전광역시 대덕구 석봉로3번길 50,,36.4489848,127.4225049,,,042-608-5205,대전광역시 대덕구청,2025-11-13
석봉동104,1,대전광역시 대덕구 석봉로3번길 50,,36.4489848,127.4225049,,,042-608-5205,대전광역시 대덕구청,2025-11-13
석봉동105,1,대전광역시 대덕구 석봉로3번길 50,,36.4489848,127.4225049,,,042-608-5205,대전광역시 대덕구청,2025-11-13
석봉동106,1,대전광역시 대덕구 석봉로3번길 50,,36.4489848,127.4225049,,,042-608-5205,대전광역시 대덕구청,2025-11-13
석봉동107,1,대전광역시 대덕구 석봉로3번길 50,,36.4489848,127.4225049,,,042-608-5205,대전광역시 대덕구청,2025-11-13
석봉동108,1,대전광역시 대덕구 석봉로3번길 50,,36.4489848,127.4225049,,,042-608-5205,대전광역시 대덕구청,2025-11-13
석봉동109,1,대전광역시 대덕구 석봉로3번길 30,,36.44832426,127.4217384,,,042-608-5205,대전광역시 대덕구청,2025-11-13
석봉동110,1,대전광역시 대덕구 석봉로3번길 40,,36.44883644,127.4216475,,,042-608-5205,대전광역시 대덕구청,2025-11-13
석봉동111,1,대전광역시 대덕구 석봉로3번길 50,,36.4489848,127.4225049,,,042-608-5205,대전광역시 대덕구청,2025-11-13
석봉동112,1,대전광역시 대덕구 대덕대로 1554,,36.44911237,127.4210868,,,042-608-5205,대전광역시 대덕구청,2025-11-13
대화동163,1,대전광역시 대덕구 동심1길 91,,36.36368521,127.4129112,,,042-608-5205,대전광역시 대덕구청,2025-11-13
석봉동113,1,대전광역시 대덕구 대덕대로 1554,,36.44911237,127.4210868,,,042-608-5205,대전광역시 대덕구청,2025-11-13
석봉동114,1,대전광역시 대덕구 대덕대로 1552,,36.44902813,127.4204438,,,042-608-5205,대전광역시 대덕구청,2025-11-13
석봉동115,1,대전광역시 대덕구 대덕대로 1552,,36.44902813,127.4204438,,,042-608-5205,대전광역시 대덕구청,2025-11-13
석봉동116,1,대전광역시 대덕구 석봉로3번길 47-18,,36.44881198,127.420407,,,042-608-5205,대전광역시 대덕구청,2025-11-13
석봉동117,1,대전광역시 대덕구 석봉로3번길 47-18,,36.44881198,127.420407,,,042-608-5205,대전광역시 대덕구청,2025-11-13
석봉동118,1,대전광역시 대덕구 석봉로3번길 41-14,,36.44855486,127.4207447,,,042-608-5205,대전광역시 대덕구청,2025-11-13
석봉동119,1,대전광역시 대덕구 석봉로3번길 41-14,,36.44855486,127.4207447,,,042-608-5205,대전광역시 대덕구청,2025-11-13
석봉동120,1,대전광역시 대덕구 덕암북로 11,,36.44820961,127.4205197,,,042-608-5205,대전광역시 대덕구청,2025-11-13
석봉동121,1,대전광역시 대덕구 석봉로3번길 41-6,,36.44875533,127.4211384,,,042-608-5205,대전광역시 대덕구청,2025-11-13
석봉동122,1,대전광역시 대덕구 석봉로3번길 33-12,,36.44825485,127.4209795,,,042-608-5205,대전광역시 대덕구청,2025-11-13
대화동164,1,대전광역시 대덕구 동심1길 95,,36.36351592,127.4128746,,,042-608-5205,대전광역시 대덕구청,2025-11-13
석봉동123,1,대전광역시 대덕구 석봉로3번길 33-12,,36.44825485,127.4209795,,,042-608-5205,대전광역시 대덕구청,2025-11-13
석봉동124,1,대전광역시 대덕구 덕암북로 17,,36.44794824,127.4210403,,,042-608-5205,대전광역시 대덕구청,2025-11-13
석봉동125,1,대전광역시 대덕구 석봉북로9번길 64,,36.44813061,127.4214563,,,042-608-5205,대전광역시 대덕구청,2025-11-13
석봉동126,1,대전광역시 대덕구 석봉로7번길 30-1,,,,,,042-608-5205,대전광역시 대덕구청,2025-11-13
석봉동127,1,대전광역시 대덕구 석봉북로9번길 18,,36.44833462,127.4239024,,,042-608-5205,대전광역시 대덕구청,2025-11-13
석봉동128,1,대전광역시 대덕구 석봉북로9번길 16,,36.44829386,127.4242145,,,042-608-5205,대전광역시 대덕구청,2025-11-13
석봉동129,1,대전광역시 대덕구 석봉북로9번길 18-8,,36.44846339,127.4241842,,,042-608-5205,대전광역시 대덕구청,2025-11-13
석봉동130,1,대전광역시 대덕구 석봉북로15번길 16,,36.4487984,127.424244,,,042-608-5205,대전광역시 대덕구청,2025-11-13
석봉동131,1,대전광역시 대덕구 석봉북로15번길 18-14,,36.44926026,127.4241127,,,042-608-5205,대전광역시 대덕구청,2025-11-13
석봉동132,1,대전광역시 대덕구 석봉북로15번길 24,,36.4489298,127.4237852,,,042-608-5205,대전광역시 대덕구청,2025-11-13
대화동016,1,대전광역시 대덕구 대오길 64,,36.36383465,127.4155549,,,042-608-5205,대전광역시 대덕구청,2025-11-13
대화동165,1,대전광역시 대덕구 동심1길 106,,36.36394907,127.413746,,,042-608-5205,대전광역시 대덕구청,2025-11-13
석봉동133,1,대전광역시 대덕구 석봉북로9번길 10,,36.44827516,127.4244062,,,042-608-5205,대전광역시 대덕구청,2025-11-13
석봉동134,1,대전광역시 대덕구 석봉북로9번길 8,,36.44825645,127.424598,,,042-608-5205,대전광역시 대덕구청,2025-11-13
석봉동135,1,대전광역시 대덕구 석봉북로9번길 17,,36.44803867,127.4240079,,,042-608-5205,대전광역시 대덕구청,2025-11-13
석봉동136,1,대전광역시 대덕구 석봉북로9번길 19-21,,,,,,042-608-5205,대전광역시 대덕구청,2025-11-13
석봉동137,1,대전광역시 대덕구 석봉로7번길 19,,36.44808744,127.4234683,,,042-608-5205,대전광역시 대덕구청,2025-11-13
석봉동138,1,대전광역시 대덕구 석봉로 15,,36.44731241,127.4234774,,,042-608-5205,대전광역시 대덕구청,2025-11-13
석봉동139,1,대전광역시 대덕구 석봉로 15,,36.44731241,127.4234774,,,042-608-5205,대전광역시 대덕구청,2025-11-13
석봉동140,1,대전광역시 대덕구 석봉로58번안길 82,,36.44662137,127.4241965,,,042-608-5205,대전광역시 대덕구청,2025-11-13
석봉동141,1,대전광역시 대덕구 석봉로58번안길 82,,36.44662137,127.4241965,,,042-608-5205,대전광역시 대덕구청,2025-11-13
석봉동142,1,대전광역시 대덕구 석봉로 24,,36.44715044,127.4244269,,,042-608-5205,대전광역시 대덕구청,2025-11-13
대화동166,1,대전광역시 대덕구 동심1길 58,,36.36358878,127.4147335,,,042-608-5205,대전광역시 대덕구청,2025-11-13
석봉동143,1,대전광역시 대덕구 석봉로30번길 1,,36.44720214,127.425092,,,042-608-5205,대전광역시 대덕구청,2025-11-13
석봉동144,1,대전광역시 대덕구 석봉로 38,,36.44717193,127.4264883,,,042-608-5205,대전광역시 대덕구청,2025-11-13
석봉동145,1,대전광역시 대덕구 석봉로 15,,36.44731241,127.4234774,,,042-608-5205,대전광역시 대덕구청,2025-11-13
석봉동146,1,대전광역시 대덕구 석봉로 15,,36.44731241,127.4234774,,,042-608-5205,대전광역시 대덕구청,2025-11-13
석봉동147,1,대전광역시 대덕구 석봉로 15,,36.44731241,127.4234774,,,042-608-5205,대전광역시 대덕구청,2025-11-13
석봉동148,1,대전광역시 대덕구 석봉로58번안길 82,,36.44662137,127.4241965,,,042-608-5205,대전광역시 대덕구청,2025-11-13
석봉동149,1,대전광역시 대덕구 석봉로58번안길 82,,36.44662137,127.4241965,,,042-608-5205,대전광역시 대덕구청,2025-11-13
석봉동150,1,대전광역시 대덕구 석봉로7번길 14,,36.44787725,127.4237839,,,042-608-5205,대전광역시 대덕구청,2025-11-13
석봉동151,1,대전광역시 대덕구 석봉로58번안길 100,,36.4465564,127.4232056,,,042-608-5205,대전광역시 대덕구청,2025-11-13
석봉동152,1,대전광역시 대덕구 석봉로58번안길 108,,36.44643884,127.4228124,,,042-608-5205,대전광역시 대덕구청,2025-11-13
대화동167,1,,대전광역시 대덕구 대화동 580-23,,,,,042-608-5205,대전광역시 대덕구청,2025-11-13
석봉동153,1,대전광역시 대덕구 석봉로18번길 29,,36.44580822,127.4237771,,,042-608-5205,대전광역시 대덕구청,2025-11-13
석봉동154,1,대전광역시 대덕구 석봉로58번안길 89,,36.44612874,127.4238592,,,042-608-5205,대전광역시 대덕구청,2025-11-13
석봉동155,1,대전광역시 대덕구 석봉로58번길89,,,,,,042-608-5205,대전광역시 대덕구청,2025-11-13
석봉동156,1,대전광역시 대덕구 석봉로30번길 28,,36.44607467,127.4248716,,,042-608-5205,대전광역시 대덕구청,2025-11-13
석봉동157,1,대전광역시 대덕구 석봉로30번길 7,,36.44704716,127.4250867,,,042-608-5205,대전광역시 대덕구청,2025-11-13
석봉동158,1,대전광역시 대덕구 석봉로30번길 15,,36.44658897,127.4252002,,,042-608-5205,대전광역시 대덕구청,2025-11-13
석봉동159,1,대전광역시 대덕구 석봉로30번길 21,,36.44635137,127.4251141,,,042-608-5205,대전광역시 대덕구청,2025-11-13
석봉동160,1,대전광역시 대덕구 석봉로30번길 33,,36.44583225,127.4251291,,,042-608-5205,대전광역시 대덕구청,2025-11-13
석봉동161,1,대전광역시 대덕구 석봉로30번길 39,,36.44550429,127.4251095,,,042-608-5205,대전광역시 대덕구청,2025-11-13
석봉동162,1,대전광역시 대덕구 석봉로30번길 38,,36.44557053,127.4247306,,,042-608-5205,대전광역시 대덕구청,2025-11-13
대화동168,1,대전광역시 대덕구 동심9길 7,,36.36452963,127.4115989,,,042-608-5205,대전광역시 대덕구청,2025-11-13
석봉동163,1,대전광역시 대덕구 석봉로30번길 40,,36.44558193,127.4245656,,,042-608-5205,대전광역시 대덕구청,2025-11-13
석봉동164,1,대전광역시 대덕구 석봉로30번길 51,,36.44498538,127.4250665,,,042-608-5205,대전광역시 대덕구청,2025-11-13
석봉동165,1,대전광역시 대덕구 석봉로30번길 51,,36.44498538,127.4250665,,,042-608-5205,대전광역시 대덕구청,2025-11-13
석봉동166,1,대전광역시 대덕구 석봉로30번안길 12,,36.44496588,127.4254813,,,042-608-5205,대전광역시 대덕구청,2025-11-13
석봉동167,1,대전광역시 대덕구 석봉로38번길 10,,36.44649752,127.4255744,,,042-608-5205,대전광역시 대덕구청,2025-11-13
석봉동168,1,대전광역시 대덕구 대덕대로1617번길 3,,36.45101192,127.4272009,,,042-608-5205,대전광역시 대덕구청,2025-11-13
석봉동169,1,대전광역시 대덕구 대덕대로1605번길 16-13,,36.451366,127.4269708,,,042-608-5205,대전광역시 대덕구청,2025-11-13
석봉동170,1,대전광역시 대덕구 대덕대로1605번길 16-9,,36.45132325,127.4268278,,,042-608-5205,대전광역시 대덕구청,2025-11-13
석봉동171,1,대전광역시 대덕구 대덕대로1605번길 7,,36.45087557,127.4260178,,,042-608-5205,대전광역시 대덕구청,2025-11-13
석봉동172,1,대전광역시 대덕구 대덕대로1605번길 15,,36.45129682,127.4261539,,,042-608-5205,대전광역시 대덕구청,2025-11-13
대화동169,1,대전광역시 대덕구 동심9길 15,,36.36479036,127.4112546,,,042-608-5205,대전광역시 대덕구청,2025-11-13
석봉동173,1,대전광역시 대덕구 대덕대로1605번길 27,,36.4517977,127.4262013,,,042-608-5205,대전광역시 대덕구청,2025-11-13
석봉동174,1,대전광역시 대덕구 대덕대로1605번길 26-9,,36.45183132,127.4268797,,,042-608-5205,대전광역시 대덕구청,2025-11-13
석봉동175,1,대전광역시 대덕구 대덕대로1617번길 13,,36.45142667,127.4271407,,,042-608-5205,대전광역시 대덕구청,2025-11-13
석봉동176,1,대전광역시 대덕구 대덕대로1617번길 19,,36.45161792,127.4270838,,,042-608-5205,대전광역시 대덕구청,2025-11-13
석봉동177,1,대전광역시 대덕구 대덕대로1617번길 33,,36.45208026,127.4268186,,,042-608-5205,대전광역시 대덕구청,2025-11-13
석봉동178,1,대전광역시 대덕구 대덕대로1617번길 39,,36.45237623,127.4267086,,,042-608-5205,대전광역시 대덕구청,2025-11-13
석봉동179,1,대전광역시 대덕구 대덕대로1617번길 39,,36.45237623,127.4267086,,,042-608-5205,대전광역시 대덕구청,2025-11-13
석봉동180,1,대전광역시 대덕구 대덕대로1605번길 43,,36.45247188,127.4261693,,,042-608-5205,대전광역시 대덕구청,2025-11-13
석봉동181,1,대전광역시 대덕구 대덕대로1605번길 33,,36.45206813,127.426176,,,042-608-5205,대전광역시 대덕구청,2025-11-13
석봉동182,1,대전광역시 대덕구 대덕대로1605번길 33,,36.45206813,127.426176,,,042-608-5205,대전광역시 대덕구청,2025-11-13
대화동170,1,대전광역시 대덕구 동심9길 19,,36.36491704,127.4111037,,,042-608-5205,대전광역시 대덕구청,2025-11-13
석봉동183,1,대전광역시 대덕구 대덕대로1617번길 51,,36.45278488,127.4263361,,,042-608-5205,대전광역시 대덕구청,2025-11-13
석봉동184,1,대전광역시 대덕구 대덕대로1617번길 57,,36.45298747,127.4261319,,,042-608-5205,대전광역시 대덕구청,2025-11-13
석봉동185,1,대전광역시 대덕구 대덕대로1617번길 63,,36.45311448,127.4258961,,,042-608-5205,대전광역시 대덕구청,2025-11-13
석봉동186,1,대전광역시 대덕구 대덕대로1601번길 62,,36.45322328,127.4257093,,,042-608-5205,대전광역시 대덕구청,2025-11-13
석봉동187,1,대전광역시 대덕구 대덕대로1601번길 60,,36.45312235,127.4257088,,,042-608-5205,대전광역시 대덕구청,2025-11-13
석봉동188,1,대전광역시 대덕구 대덕대로1601번길 54,,36.45289171,127.4256941,,,042-608-5205,대전광역시 대덕구청,2025-11-13
석봉동189,1,대전광역시 대덕구 대덕대로1601번길 46-6,,36.45245462,127.425955,,,042-608-5205,대전광역시 대덕구청,2025-11-13
석봉동190,1,대전광역시 대덕구 대덕대로1601번길 42,,36.45232906,127.4257848,,,042-608-5205,대전광역시 대덕구청,2025-11-13
석봉동191,1,대전광역시 대덕구 대덕대로1601번길33,,36.45204896,127.4254887,,,042-608-5205,대전광역시 대덕구청,2025-11-13
석봉동192,1,대전광역시 대덕구 대덕대로1593번길 28,,36.45156026,127.4250577,,,042-608-5205,대전광역시 대덕구청,2025-11-13
대화동171,1,대전광역시 대덕구 동심9길 27,,36.36519935,127.4107709,,,042-608-5205,대전광역시 대덕구청,2025-11-13
석봉동193,1,대전광역시 대덕구 대덕대로1593번길 28,,36.45156026,127.4250577,,,042-608-5205,대전광역시 대덕구청,2025-11-13
석봉동194,1,대전광역시 대덕구 대덕대로1601번길 12,,36.45100611,127.4258015,,,042-608-5205,대전광역시 대덕구청,2025-11-13
석봉동195,1,대전광역시 대덕구 대덕대로1593번길12,,,,,,042-608-5205,대전광역시 대덕구청,2025-11-13
석봉동196,1,,대전광역시 대덕구 석봉동 423-4,,,,,042-608-5205,대전광역시 대덕구청,2025-11-13
석봉동197,1,대전광역시 대덕구 대덕대로1593번길 15,,36.45098533,127.4245504,,,042-608-5205,대전광역시 대덕구청,2025-11-13
석봉동198,1,대전광역시 대덕구 대덕대로1593번길 13,,36.45086276,127.4245542,,,042-608-5205,대전광역시 대덕구청,2025-11-13
석봉동199,1,대전광역시 대덕구 대덕대로1593번길 17,,36.4511684,127.4247656,,,042-608-5205,대전광역시 대덕구청,2025-11-13
석봉동200,1,대전광역시 대덕구 대덕대로1593번길 25-6,,36.45148281,127.4245397,,,042-608-5205,대전광역시 대덕구청,2025-11-13
석봉동201,1,대전광역시 대덕구 대덕대로1593번길 27,,36.45154715,127.4246918,,,042-608-5205,대전광역시 대덕구청,2025-11-13
석봉동202,1,대전광역시 대덕구 대덕대로1593번길 27,,36.45154715,127.4246918,,,042-608-5205,대전광역시 대덕구청,2025-11-13
대화동172,1,대전광역시 대덕구 대오길 61,,36.36509627,127.4145231,,,042-608-5205,대전광역시 대덕구청,2025-11-13
석봉동203,1,대전광역시 대덕구 대덕대로1593번길 30-7,,36.45188734,127.4253228,,,042-608-5205,대전광역시 대덕구청,2025-11-13
석봉동204,1,대전광역시 대덕구 대덕대로1593번길 36,,36.45198179,127.425118,,,042-608-5205,대전광역시 대덕구청,2025-11-13
석봉동205,1,대전광역시 대덕구 대덕대로1593번길 44,,36.45227409,127.4250259,,,042-608-5205,대전광역시 대덕구청,2025-11-13
석봉동206,1,대전광역시 대덕구 대덕대로1593번길 48,,36.45246161,127.4250046,,,042-608-5205,대전광역시 대덕구청,2025-11-13
석봉동207,1,대전광역시 대덕구 대덕대로1593번길 48-8,,36.45246029,127.425375,,,042-608-5205,대전광역시 대덕구청,2025-11-13
석봉동208,1,대전광역시 대덕구 대덕대로1593번길 57,,36.45289518,127.4247214,,,042-608-5205,대전광역시 대덕구청,2025-11-13
석봉동209,1,대전광역시 대덕구 대덕대로1593번길 59,,36.45298188,127.4246684,,,042-608-5205,대전광역시 대덕구청,2025-11-13
석봉동210,1,대전광역시 대덕구 대덕대로1593번길 67,,36.45330092,127.4246076,,,042-608-5205,대전광역시 대덕구청,2025-11-13
석봉동211,1,대전광역시 대덕구 대덕대로1593번길 69,,36.45336551,127.4242332,,,042-608-5205,대전광역시 대덕구청,2025-11-13
석봉동212,1,대전광역시 대덕구 대덕대로1617번길 77,,36.45330805,127.4251877,,,042-608-5205,대전광역시 대덕구청,2025-11-13
대화동173,1,대전광역시 대덕구 동심5길 40,,36.36477957,127.412293,,,042-608-5205,대전광역시 대덕구청,2025-11-13
석봉동213,1,,대전광역시 대덕구 석봉동 496-2,,,,,042-608-5205,대전광역시 대덕구청,2025-11-13
석봉동214,1,,대전광역시 대덕구 석봉동 388-180,,,,,042-608-5205,대전광역시 대덕구청,2025-11-13
석봉동215,1,,대전광역시 대덕구 석봉동 388-177,,,,,042-608-5205,대전광역시 대덕구청,2025-11-13
석봉동216,1,,대전광역시 대덕구 석봉동 388-175,,,,,042-608-5205,대전광역시 대덕구청,2025-11-13
석봉동217,1,,대전광역시 대덕구 석봉동 388-175,,,,,042-608-5205,대전광역시 대덕구청,2025-11-13
석봉동218,1,,대전광역시 대덕구 석봉동 388-175,,,,,042-608-5205,대전광역시 대덕구청,2025-11-13
석봉동219,1,,대전광역시 대덕구 석봉동 388-175,,,,,042-608-5205,대전광역시 대덕구청,2025-11-13
석봉동220,1,,대전광역시 대덕구 석봉동 388-175,,,,,042-608-5205,대전광역시 대덕구청,2025-11-13
석봉동221,1,,대전광역시 대덕구 석봉동 490-3,,,,,042-608-5205,대전광역시 대덕구청,2025-11-13
석봉동222,1,,대전광역시 대덕구 석봉동 681-2,,,,,042-608-5205,대전광역시 대덕구청,2025-11-13
대화동174,1,대전광역시 대덕구 동심5길 38,,36.36508596,127.4122946,,,042-608-5205,대전광역시 대덕구청,2025-11-13
석봉동223,1,,대전광역시 대덕구 석봉동 643-10,,,,,042-608-5205,대전광역시 대덕구청,2025-11-13
석봉동224,1,,대전광역시 대덕구 석봉동 643-10,,,,,042-608-5205,대전광역시 대덕구청,2025-11-13
석봉동225,1,대전광역시 대덕구 석봉북로24번길 3-1,,36.44963052,127.4254131,,,042-608-5205,대전광역시 대덕구청,2025-11-13
석봉동226,1,대전광역시 대덕구 대덕대로1593번길 28,,36.45156026,127.4250577,,,042-608-5205,대전광역시 대덕구청,2025-11-13
석봉동227,1,대전광역시 대덕구 대덕대로1593번길 28,,36.45156026,127.4250577,,,042-608-5205,대전광역시 대덕구청,2025-11-13
석봉동228,1,대전광역시 대덕구 대덕대로1601번길 9,,36.45084126,127.4255312,,,042-608-5205,대전광역시 대덕구청,2025-11-13
석봉동229,1,대전광역시 대덕구 석봉로 15,,36.44731241,127.4234774,,,042-608-5205,대전광역시 대덕구청,2025-11-13
석봉동230,1,대전광역시 대덕구 석봉로 15,,36.44731241,127.4234774,,,042-608-5205,대전광역시 대덕구청,2025-11-13
석봉동231,1,대전광역시 대덕구 석봉로30번길 33,,36.44583225,127.4251291,,,042-608-5205,대전광역시 대덕구청,2025-11-13
석봉동232,1,,대전광역시 대덕구 석봉동 204-17,36.4517977,127.4262013,,,042-608-5205,대전광역시 대덕구청,2025-11-13
대화동017,1,대전광역시 대덕구 대오길 64,,36.36383465,127.4155549,,,042-608-5205,대전광역시 대덕구청,2025-11-13
대화동175,1,대전광역시 대덕구 동심7길 17,,36.3652719,127.411685,,,042-608-5205,대전광역시 대덕구청,2025-11-13
석봉동233,1,,대전광역시 대덕구 석봉동 475-5,36.45336551,127.4242332,,,042-608-5205,대전광역시 대덕구청,2025-11-13
석봉동234,1,,대전광역시 대덕구 석봉동 178-2,36.44651194,127.4275912,,,042-608-5205,대전광역시 대덕구청,2025-11-13
석봉동235,1,,대전광역시 대덕구 석봉동 312-25,,,,,042-608-5205,대전광역시 대덕구청,2025-11-13
석봉동236,1,,대전광역시 대덕구 석봉동 185-30,36.44700514,127.4277679,,,042-608-5205,대전광역시 대덕구청,2025-11-13
석봉동237,1,,대전광역시 대덕구 석봉동 308-7,36.4489848,127.4225049,,,042-608-5205,대전광역시 대덕구청,2025-11-13
석봉동238,1,,대전광역시 대덕구 석봉동 309-11,36.44911237,127.4210868,,,042-608-5205,대전광역시 대덕구청,2025-11-13
석봉동239,1,,대전광역시 대덕구 석봉동 316-5,36.44575602,127.4242631,,,042-608-5205,대전광역시 대덕구청,2025-11-13
석봉동240,1,대전광역시 대덕구 석봉로58번안길 85,,36.446117,127.4241179,,,042-608-5205,대전광역시 대덕구청,2025-11-13
석봉동241,1,,대전광역시 대덕구 석봉동 321-13,,,,,042-608-5205,대전광역시 대덕구청,2025-11-13
석봉동242,1,,대전광역시 대덕구 석봉동 321-13,,,,,042-608-5205,대전광역시 대덕구청,2025-11-13
대화동176,1,대전광역시 대덕구 동심7길 26,,36.36569924,127.4111078,,,042-608-5205,대전광역시 대덕구청,2025-11-13
석봉동243,1,대전광역시 대덕구 덕암북로 15,,36.44802085,127.4208935,,,042-608-5205,대전광역시 대덕구청,2025-11-13
석봉동244,1,대전광역시 대덕구 석봉로58번길 20,,36.44639693,127.4285007,,,042-608-5205,대전광역시 대덕구청,2025-11-13
석봉동245,1,대전광역시 대덕구 석봉로38번길 37-2,,36.44568771,127.4262392,,,042-608-5205,대전광역시 대덕구청,2025-11-13
석봉동246,1,대전광역시 대덕구 석봉로38번길 37,,36.44569215,127.4260028,,,042-608-5205,대전광역시 대덕구청,2025-11-13
석봉동247,1,대전광역시 대덕구 석봉로38번길 55,,36.44482869,127.4265513,,,042-608-5205,대전광역시 대덕구청,2025-11-13
석봉동248,1,대전광역시 대덕구 석봉북로23번길 11-2,,36.44906408,127.4245444,,,042-608-5205,대전광역시 대덕구청,2025-11-13
석봉동249,1,,대전광역시 대덕구 석봉동 316-44,,,,,042-608-5205,대전광역시 대덕구청,2025-11-13
석봉동305,1,,대전광역시 대덕구 석봉동 489-1,,,,,042-608-5205,대전광역시 대덕구청,2025-11-13
송촌동001,1,대전광역시 대덕구 동서대로1761번길 15-14,,36.3531676,127.4418928,,,042-608-5205,대전광역시 대덕구청,2025-11-13
송촌동002,1,대전광역시 대덕구 동서대로1761번길 15-7,,36.3530657,127.4421552,,,042-608-5205,대전광역시 대덕구청,2025-11-13
대화동177,1,대전광역시 대덕구 생산5길 45,,36.36429586,127.4114436,,,042-608-5205,대전광역시 대덕구청,2025-11-13
송촌동003,1,대전광역시 대덕구 동서대로1761번길 13,,36.35331391,127.4422947,,,042-608-5205,대전광역시 대덕구청,2025-11-13
송촌동004,1,대전광역시 대덕구 동서대로1761번길 19,,36.35345189,127.4420237,,,042-608-5205,대전광역시 대덕구청,2025-11-13
송촌동005,1,대전광역시 대덕구 송촌남로56번길 49,,36.3537062,127.4424618,,,042-608-5205,대전광역시 대덕구청,2025-11-13
송촌동006,1,,대전광역시 대덕구 송촌동 293-10,,,,,042-608-5205,대전광역시 대덕구청,2025-11-13
송촌동007,1,대전광역시 대덕구 송촌남로56번길 52,,36.35416767,127.4424421,,,042-608-5205,대전광역시 대덕구청,2025-11-13
송촌동008,1,대전광역시 대덕구 송촌남로56번길 32,,36.35448066,127.4426088,,,042-608-5205,대전광역시 대덕구청,2025-11-13
송촌동009,1,대전광역시 대덕구 동서대로1777번길 2,,36.35474038,127.4435327,,,042-608-5205,대전광역시 대덕구청,2025-11-13
송촌동010,1,대전광역시 대덕구 송촌남로56번길 24,,36.35492676,127.4428475,,,042-608-5205,대전광역시 대덕구청,2025-11-13
송촌동011,1,대전광역시 대덕구 동서대로1777번길 30,,36.35507278,127.4423537,,,042-608-5205,대전광역시 대덕구청,2025-11-13
송촌동012,1,대전광역시 대덕구 송촌남로56번길 16,,36.355326,127.443086,,,042-608-5205,대전광역시 대덕구청,2025-11-13
대화동178,1,대전광역시 대덕구 동심1길 155,,36.36461829,127.4109773,,,042-608-5205,대전광역시 대덕구청,2025-11-13
송촌동013,1,대전광역시 대덕구 송촌남로56번길 14,,36.35535898,127.4429391,,,042-608-5205,대전광역시 대덕구청,2025-11-13
송촌동014,1,대전광역시 대덕구 송촌남로56번길 6,,36.35542668,127.4431534,,,042-608-5205,대전광역시 대덕구청,2025-11-13
송촌동015,1,대전광역시 대덕구 송촌남로 44-1,,36.35534995,127.4424577,,,042-608-5205,대전광역시 대덕구청,2025-11-13
송촌동016,1,,대전광역시 대덕구 송촌동 246-18,,,,,042-608-5205,대전광역시 대덕구청,2025-11-13
송촌동017,1,대전광역시 대덕구 송촌남로19번길 12,,36.3542124,127.4410698,,,042-608-5205,대전광역시 대덕구청,2025-11-13
송촌동018,1,,대전광역시 대덕구 송촌동 246-18,,,,,042-608-5205,대전광역시 대덕구청,2025-11-13
송촌동019,1,대전광역시 대덕구 송촌남로19번길 46,,36.355147,127.4398229,,,042-608-5205,대전광역시 대덕구청,2025-11-13
송촌동020,1,대전광역시 대덕구 한밭대로1283번길 38,,36.35537329,127.4400425,,,042-608-5205,대전광역시 대덕구청,2025-11-13
송촌동021,1,대전광역시 대덕구 한밭대로1283번길 42,,36.35552424,127.4401637,,,042-608-5205,대전광역시 대덕구청,2025-11-13
송촌동022,1,대전광역시 대덕구 한밭대로1283번길 40-6,,36.35526466,127.4401756,,,042-608-5205,대전광역시 대덕구청,2025-11-13
대화동179,1,대전광역시 대덕구 동심1길 200,,36.36483446,127.4110097,,,042-608-5205,대전광역시 대덕구청,2025-11-13
송촌동023,1,대전광역시 대덕구 한밭대로1283번길 40-9,,36.35541857,127.4404706,,,042-608-5205,대전광역시 대덕구청,2025-11-13
송촌동024,1,,대전광역시 대덕구 송촌동 243-21,,,,,042-608-5205,대전광역시 대덕구청,2025-11-13
송촌동025,1,대전광역시 대덕구 송촌남로33번길 25,,36.35477638,127.4406229,,,042-608-5205,대전광역시 대덕구청,2025-11-13
송촌동026,1,대전광역시 대덕구 한밭대로1297번길 39,,36.35468875,127.4409255,,,042-608-5205,대전광역시 대덕구청,2025-11-13
송촌동027,1,대전광역시 대덕구 송촌남로33번길 14,,36.35511722,127.4410571,,,042-608-5205,대전광역시 대덕구청,2025-11-13
송촌동028,1,대전광역시 대덕구 한밭대로1297번길 43,,36.3548686,127.441029,,,042-608-5205,대전광역시 대덕구청,2025-11-13
송촌동029,1,대전광역시 대덕구 송촌남로33번길 7,,36.35477421,127.4412112,,,042-608-5205,대전광역시 대덕구청,2025-11-13
송촌동030,1,대전광역시 대덕구 한밭대로1297번길 29,,36.35433614,127.4407497,,,042-608-5205,대전광역시 대덕구청,2025-11-13
송촌동031,1,대전광역시 대덕구 송촌남로33번길 5,,36.35466923,127.4413309,,,042-608-5205,대전광역시 대덕구청,2025-11-13
송촌동032,1,대전광역시 대덕구 송촌남로37번길 23,,36.35546092,127.4407159,,,042-608-5205,대전광역시 대덕구청,2025-11-13
대화동180,1,대전광역시 대덕구 동심1길 167,,36.3650309,127.4104892,,,042-608-5205,대전광역시 대덕구청,2025-11-13
송촌동033,1,대전광역시 대덕구 송촌남로37번길 4,,36.35548242,127.4417276,,,042-608-5205,대전광역시 대덕구청,2025-11-13
송촌동034,1,대전광역시 대덕구 송촌남로37번길 14,,36.3555887,127.4412559,,,042-608-5205,대전광역시 대덕구청,2025-11-13
송촌동035,1,대전광역시 대덕구 송촌남로37번길 15,,36.35534434,127.4410495,,,042-608-5205,대전광역시 대덕구청,2025-11-13
송촌동036,1,대전광역시 대덕구 송촌남로37번길 25,,36.35552875,127.4405559,,,042-608-5205,대전광역시 대덕구청,2025-11-13
송촌동037,1,대전광역시 대덕구 한밭대로1283번길 46,,36.35563574,127.4402312,,,042-608-5205,대전광역시 대덕구청,2025-11-13
송촌동038,1,대전광역시 대덕구 한밭대로1283번길 54,,36.35585745,127.4407137,,,042-608-5205,대전광역시 대덕구청,2025-11-13
송촌동039,1,대전광역시 대덕구 한밭대로1283번길 58,,36.35622528,127.4406712,,,042-608-5205,대전광역시 대덕구청,2025-11-13
송촌동040,1,대전광역시 대덕구 송촌남로45번길 50,,36.35727829,127.4405524,,,042-608-5205,대전광역시 대덕구청,2025-11-13
송촌동041,1,대전광역시 대덕구 송촌남로45번길 65,,36.3577929,127.4398066,,,042-608-5205,대전광역시 대덕구청,2025-11-13
송촌동042,1,,대전광역시 대덕구 송촌동 224-5,,,,,042-608-5205,대전광역시 대덕구청,2025-11-13
대화동181,1,대전광역시 대덕구 생산5길 25,,36.36519413,127.4101915,,,042-608-5205,대전광역시 대덕구청,2025-11-13
송촌동043,1,,대전광역시 대덕구 송촌동 282-1,,,,,042-608-5205,대전광역시 대덕구청,2025-11-13
송촌동044,1,,대전광역시 대덕구 송촌동 282-1,,,,,042-608-5205,대전광역시 대덕구청,2025-11-13
송촌동045,1,대전광역시 대덕구 송촌남로45번길 95,,36.35873273,127.4410552,,,042-608-5205,대전광역시 대덕구청,2025-11-13
송촌동046,1,대전광역시 대덕구 동춘당로31번길 165,,36.35859704,127.4416829,,,042-608-5205,대전광역시 대덕구청,2025-11-13
송촌동047,1,대전광역시 대덕구 송촌로 40,,36.35848477,127.4418248,,,042-608-5205,대전광역시 대덕구청,2025-11-13
송촌동048,1,대전광역시 대덕구 송촌로37번길 4,,36.3583024,127.4414272,,,042-608-5205,대전광역시 대덕구청,2025-11-13
송촌동049,1,대전광역시 대덕구 송촌로37번길 10,,36.35837187,127.4411602,,,042-608-5205,대전광역시 대덕구청,2025-11-13
송촌동050,1,대전광역시 대덕구 송촌로37번길 14,,36.35820636,127.441079,,,042-608-5205,대전광역시 대덕구청,2025-11-13
송촌동051,1,대전광역시 대덕구 송촌로37번길 16,,36.35814203,127.4409271,,,042-608-5205,대전광역시 대덕구청,2025-11-13
송촌동052,1,대전광역시 대덕구 송촌로37번길 22,,36.35800262,127.4406099,,,042-608-5205,대전광역시 대덕구청,2025-11-13
대화동182,1,,대전광역시 대덕구 대화동 235-16,,,,,042-608-5205,대전광역시 대덕구청,2025-11-13
송촌동053,1,대전광역시 대덕구 송촌로37번길 21,,36.35768792,127.4409067,,,042-608-5205,대전광역시 대덕구청,2025-11-13
송촌동054,1,대전광역시 대덕구 한밭대로1283번길 79-13,,36.35747989,127.4406248,,,042-608-5205,대전광역시 대덕구청,2025-11-13
송촌동055,1,대전광역시 대덕구 한밭대로1283번길 79-8,,36.35745308,127.4410525,,,042-608-5205,대전광역시 대덕구청,2025-11-13
송촌동056,1,대전광역시 대덕구 송촌남로45번길 34,,36.35655227,127.4409538,,,042-608-5205,대전광역시 대덕구청,2025-11-13
송촌동057,1,대전광역시 대덕구 한밭대로1283번길 74,,36.35671413,127.4410483,,,042-608-5205,대전광역시 대덕구청,2025-11-13
송촌동058,1,대전광역시 대덕구 한밭대로1283번길 82,,36.35700103,127.4414466,,,042-608-5205,대전광역시 대덕구청,2025-11-13
송촌동059,1,대전광역시 대덕구 한밭대로1283번길 88,,36.35726009,127.4415773,,,042-608-5205,대전광역시 대덕구청,2025-11-13
송촌동060,1,대전광역시 대덕구 한밭대로1283번길 89,,36.35761415,127.4413609,,,042-608-5205,대전광역시 대덕구청,2025-11-13
송촌동061,1,대전광역시 대덕구 한밭대로1283번길 93,,36.35768566,127.4415173,,,042-608-5205,대전광역시 대덕구청,2025-11-13
송촌동062,1,대전광역시 대덕구 한밭대로1283번길 101,,36.35784296,127.4418702,,,042-608-5205,대전광역시 대덕구청,2025-11-13
대화동183,1,,대전광역시 대덕구 대화동 235-16,,,,,042-608-5205,대전광역시 대덕구청,2025-11-13
송촌동063,1,,대전광역시 대덕구 송촌동 223-8,,,,,042-608-5205,대전광역시 대덕구청,2025-11-13
송촌동064,1,대전광역시 대덕구 송촌로 35-2,,36.35799913,127.4415547,,,042-608-5205,대전광역시 대덕구청,2025-11-13
송촌동065,1,대전광역시 대덕구 송촌로 29,,36.3574282,127.4419303,,,042-608-5205,대전광역시 대덕구청,2025-11-13
송촌동066,1,대전광역시 대덕구 송촌로 28,,36.357653,127.442551,,,042-608-5205,대전광역시 대덕구청,2025-11-13
송촌동067,1,대전광역시 대덕구 송촌로25번길 12,,36.35714619,127.4421604,,,042-608-5205,대전광역시 대덕구청,2025-11-13
송촌동068,1,,대전광역시 대덕구 송촌동 227-16,,,,,042-608-5205,대전광역시 대덕구청,2025-11-13
송촌동069,1,대전광역시 대덕구 송촌로25번길 19,,36.35669206,127.4421445,,,042-608-5205,대전광역시 대덕구청,2025-11-13
송촌동070,1,대전광역시 대덕구 송촌로25번길 26,,36.35666783,127.4418725,,,042-608-5205,대전광역시 대덕구청,2025-11-13
송촌동071,1,대전광역시 대덕구 한밭대로1283번길 80-11,,36.35676555,127.4417661,,,042-608-5205,대전광역시 대덕구청,2025-11-13
송촌동072,1,대전광역시 대덕구 한밭대로1283번길 80-9,,36.35690651,127.4416644,,,042-608-5205,대전광역시 대덕구청,2025-11-13
대화동184,1,,대전광역시 대덕구 대화동 236-15,,,,,042-608-5205,대전광역시 대덕구청,2025-11-13
송촌동073,1,대전광역시 대덕구 한밭대로1283번길 80-8,,36.35672326,127.4415029,,,042-608-5205,대전광역시 대덕구청,2025-11-13
송촌동074,1,대전광역시 대덕구 송촌로25번길 35,,36.35621347,127.4419189,,,042-608-5205,대전광역시 대덕구청,2025-11-13
송촌동075,1,대전광역시 대덕구 송촌남로45번길 12,,36.35601969,127.4416817,,,042-608-5205,대전광역시 대덕구청,2025-11-13
송촌동076,1,대전광역시 대덕구 송촌남로45번길 21,,36.35587659,127.4413867,,,042-608-5205,대전광역시 대덕구청,2025-11-13
송촌동077,1,대전광역시 대덕구 송촌남로45번길 18,,36.35619375,127.4414019,,,042-608-5205,대전광역시 대덕구청,2025-11-13
송촌동078,1,대전광역시 대덕구 송촌남로45번길 23,,36.35594929,127.4412222,,,042-608-5205,대전광역시 대덕구청,2025-11-13
송촌동079,1,대전광역시 대덕구 송촌남로45번길 25,,36.35604739,127.4410133,,,042-608-5205,대전광역시 대덕구청,2025-11-13
송촌동080,1,대전광역시 대덕구 송촌남로45번길 8,,36.3560292,127.4420338,,,042-608-5205,대전광역시 대덕구청,2025-11-13
송촌동081,1,대전광역시 대덕구 송촌남로47번길 7,,36.35613657,127.4422438,,,042-608-5205,대전광역시 대덕구청,2025-11-13
송촌동082,1,대전광역시 대덕구 송촌남로47번길 9-5,,36.35624902,127.4420528,,,042-608-5205,대전광역시 대덕구청,2025-11-13
대화동018,1,대전광역시 대덕구 대오길 60,,36.36365784,127.4156074,,,042-608-5205,대전광역시 대덕구청,2025-11-13
대화동185,1,,대전광역시 대덕구 대화동 235-19,,,,,042-608-5205,대전광역시 대덕구청,2025-11-13
송촌동083,1,대전광역시 대덕구 송촌남로47번길 26,,36.35670291,127.4431071,,,042-608-5205,대전광역시 대덕구청,2025-11-13
송촌동084,1,대전광역시 대덕구 송촌로 22,,36.35727344,127.4428385,,,042-608-5205,대전광역시 대덕구청,2025-11-13
송촌동085,1,대전광역시 대덕구 송촌로 20-1,,36.35708515,127.4430692,,,042-608-5205,대전광역시 대덕구청,2025-11-13
송촌동086,1,대전광역시 대덕구 송촌로 16,,36.35682834,127.4433039,,,042-608-5205,대전광역시 대덕구청,2025-11-13
송촌동087,1,대전광역시 대덕구 송촌로 10,,36.35658458,127.4439086,,,042-608-5205,대전광역시 대덕구청,2025-11-13
송촌동088,1,대전광역시 대덕구 송촌로 11,,36.35651801,127.4433913,,,042-608-5205,대전광역시 대덕구청,2025-11-13
송촌동089,1,대전광역시 대덕구 송촌남로 55-11,,36.35625463,127.4434567,,,042-608-5205,대전광역시 대덕구청,2025-11-13
송촌동090,1,대전광역시 대덕구 송촌남로 55-3,,36.35615441,127.4432645,,,042-608-5205,대전광역시 대덕구청,2025-11-13
송촌동091,1,대전광역시 대덕구 송촌로 6,,36.35646432,127.4442576,,,042-608-5205,대전광역시 대덕구청,2025-11-13
송촌동092,1,대전광역시 대덕구 송촌로 6,,36.35646432,127.4442576,,,042-608-5205,대전광역시 대덕구청,2025-11-13
대화동186,1,,대전광역시 대덕구 대화동 229-6,,,,,042-608-5205,대전광역시 대덕구청,2025-11-13
송촌동093,1,대전광역시 대덕구 송촌로 3,,36.35624118,127.4441652,,,042-608-5205,대전광역시 대덕구청,2025-11-13
송촌동094,1,대전광역시 대덕구 동춘당로15번길 100,,36.35666558,127.4444216,,,042-608-5205,대전광역시 대덕구청,2025-11-13
송촌동095,1,대전광역시 대덕구 동춘당로15번길 96,,36.35685248,127.4445697,,,042-608-5205,대전광역시 대덕구청,2025-11-13
송촌동096,1,대전광역시 대덕구 동춘당로15번길 98-7,,36.35676035,127.4441414,,,042-608-5205,대전광역시 대덕구청,2025-11-13
송촌동097,1,대전광역시 대덕구 동춘당로15번길 90,,36.35710108,127.4446023,,,042-608-5205,대전광역시 대덕구청,2025-11-13
송촌동098,1,대전광역시 대덕구 동서대로1809번길 13,,36.35719153,127.4445137,,,042-608-5205,대전광역시 대덕구청,2025-11-13
송촌동099,1,대전광역시 대덕구 동서대로1809번길 17,,36.35734026,127.4442605,,,042-608-5205,대전광역시 대덕구청,2025-11-13
송촌동100,1,대전광역시 대덕구 동춘당로23번길 91,,36.35723604,127.4441753,,,042-608-5205,대전광역시 대덕구청,2025-11-13
송촌동101,1,대전광역시 대덕구 동서대로1809번길 28,,36.35765866,127.4439415,,,042-608-5205,대전광역시 대덕구청,2025-11-13
송촌동102,1,,대전광역시 대덕구 송촌동 239-2,,,,,042-608-5205,대전광역시 대덕구청,2025-11-13
대화동187,1,대전광역시 대덕구 생산5길 31,,36.36457626,127.4106205,,,042-608-5205,대전광역시 대덕구청,2025-11-13
송촌동103,1,대전광역시 대덕구 동춘당로31번길 125,,36.35735478,127.4432624,,,042-608-5205,대전광역시 대덕구청,2025-11-13
송촌동104,1,대전광역시 대덕구 동춘당로31번길 125-3,,36.3570807,127.4432965,,,042-608-5205,대전광역시 대덕구청,2025-11-13
송촌동105,1,,대전광역시 대덕구 송촌동 239-5,,,,,042-608-5205,대전광역시 대덕구청,2025-11-13
송촌동106,1,,대전광역시 대덕구 송촌동 239-5,,,,,042-608-5205,대전광역시 대덕구청,2025-11-13
송촌동107,1,,대전광역시 대덕구 송촌동 239-5,,,,,042-608-5205,대전광역시 대덕구청,2025-11-13
송촌동108,1,,대전광역시 대덕구 송촌동 223-5,,,,,042-608-5205,대전광역시 대덕구청,2025-11-13
송촌동109,1,,대전광역시 대덕구 송촌동 237-1,,,,,042-608-5205,대전광역시 대덕구청,2025-11-13
송촌동110,1,,대전광역시 대덕구 송촌동 239-26,,,,,042-608-5205,대전광역시 대덕구청,2025-11-13
송촌동111,1,,대전광역시 대덕구 송촌동 239-8,,,,,042-608-5205,대전광역시 대덕구청,2025-11-13
송촌동112,1,,대전광역시 대덕구 송촌동 239-8,,,,,042-608-5205,대전광역시 대덕구청,2025-11-13
대화동188,1,대전광역시 대덕구 생산5길 38,,36.36409098,127.4112732,,,042-608-5205,대전광역시 대덕구청,2025-11-13
송촌동112-1,1,대전광역시 대덕구 동춘당로52번길 5,,36.3634512,127.4439922,,,042-608-5205,대전광역시 대덕구청,2025-11-13
송촌동113,1,대전광역시 대덕구 동춘당로31번길 81,,36.35915014,127.4432012,,,042-608-5205,대전광역시 대덕구청,2025-11-13
송촌동114,1,대전광역시 대덕구 동춘당로31번길 75,,36.3594066,127.4430601,,,042-608-5205,대전광역시 대덕구청,2025-11-13
송촌동115,1,,대전광역시 대덕구 송촌동 229,,,,,042-608-5205,대전광역시 대덕구청,2025-11-13
송촌동116,1,대전광역시 대덕구 동춘당로31번길 65,,36.35964043,127.4431862,,,042-608-5205,대전광역시 대덕구청,2025-11-13
송촌동117,1,대전광역시 대덕구 동춘당로31번길 57,,36.3597329,127.4435254,,,042-608-5205,대전광역시 대덕구청,2025-11-13
송촌동118,1,대전광역시 대덕구 동춘당로31번길 47,,36.35977802,127.4439936,,,042-608-5205,대전광역시 대덕구청,2025-11-13
송촌동119,1,대전광역시 대덕구 동춘당로31번길 47,,36.35977802,127.4439936,,,042-608-5205,대전광역시 대덕구청,2025-11-13
송촌동120,1,대전광역시 대덕구 동춘당로31번길 33,,36.36022297,127.4445399,,,042-608-5205,대전광역시 대덕구청,2025-11-13
송촌동121,1,대전광역시 대덕구 동춘당로31번길 29,,36.36039488,127.4448394,,,042-608-5205,대전광역시 대덕구청,2025-11-13
대화동189,1,,대전광역시 대덕구 대화동 242-88,,,,,042-608-5205,대전광역시 대덕구청,2025-11-13
송촌동122,1,대전광역시 대덕구 동춘당로31번길 25,,36.36063604,127.4449344,,,042-608-5205,대전광역시 대덕구청,2025-11-13
송촌동123,1,대전광역시 대덕구 동춘당로31번길 19,,36.36086712,127.4448332,,,042-608-5205,대전광역시 대덕구청,2025-11-13
송촌동124,1,대전광역시 대덕구 동춘당로31번길 21,,36.36080514,127.4450214,,,042-608-5205,대전광역시 대덕구청,2025-11-13
송촌동125,1,대전광역시 대덕구 동춘당로31번길 17,,36.3609823,127.4448784,,,042-608-5205,대전광역시 대덕구청,2025-11-13
송촌동126,1,대전광역시 대덕구 동춘당로31번길 5,,36.36112909,127.4451467,,,042-608-5205,대전광역시 대덕구청,2025-11-13
송촌동127,1,,대전광역시 대덕구 송촌동 512,,,,,042-608-5205,대전광역시 대덕구청,2025-11-13
송촌동128,1,대전광역시 대덕구 동춘당로23번길 4,,36.36074596,127.4454253,,,042-608-5205,대전광역시 대덕구청,2025-11-13
송촌동129,1,대전광역시 대덕구 동춘당로23번길 13,,36.36045601,127.445847,,,042-608-5205,대전광역시 대덕구청,2025-11-13
송촌동130,1,대전광역시 대덕구 동춘당로23번길 13,,36.36045601,127.445847,,,042-608-5205,대전광역시 대덕구청,2025-11-13
송촌동131,1,대전광역시 대덕구 동춘당로23번길 37,,36.35970746,127.4455174,,,042-608-5205,대전광역시 대덕구청,2025-11-13
대화동190,1,,대전광역시 대덕구 대화동 580-26,,,,,042-608-5205,대전광역시 대덕구청,2025-11-13
송촌동132,1,대전광역시 대덕구 동춘당로23번길 37,,36.35970746,127.4455174,,,042-608-5205,대전광역시 대덕구청,2025-11-13
송촌동133,1,대전광역시 대덕구 동춘당로23번길 37,,36.35970746,127.4455174,,,042-608-5205,대전광역시 대덕구청,2025-11-13
송촌동134,1,대전광역시 대덕구 동춘당로23번길 37,,36.35970746,127.4455174,,,042-608-5205,대전광역시 대덕구청,2025-11-13
송촌동135,1,대전광역시 대덕구 동춘당로23번길 22,,36.35991866,127.4449481,,,042-608-5205,대전광역시 대덕구청,2025-11-13
송촌동136,1,대전광역시 대덕구 동춘당로23번길 22,,36.35991866,127.4449481,,,042-608-5205,대전광역시 대덕구청,2025-11-13
송촌동137,1,대전광역시 대덕구 동춘당로23번길 46-9,,36.35947759,127.4443262,,,042-608-5205,대전광역시 대덕구청,2025-11-13
송촌동138,1,대전광역시 대덕구 동춘당로23번길 46-16,,36.3598703,127.4443819,,,042-608-5205,대전광역시 대덕구청,2025-11-13
송촌동139,1,대전광역시 대덕구 동춘당로23번길 37,,36.35970746,127.4455174,,,042-608-5205,대전광역시 대덕구청,2025-11-13
송촌동140,1,대전광역시 대덕구 동춘당로23번길 56-6,,36.35913129,127.4443955,,,042-608-5205,대전광역시 대덕구청,2025-11-13
송촌동141,1,대전광역시 대덕구 동춘당로23번길 57,,36.35879782,127.4448883,,,042-608-5205,대전광역시 대덕구청,2025-11-13
대화동191,1,대전광역시 대덕구 생산5길 36,,36.36399084,127.4110453,,,042-608-5205,대전광역시 대덕구청,2025-11-13
송촌동142,1,대전광역시 대덕구 동춘당로23번길 56-3,,36.35888235,127.444452,,,042-608-5205,대전광역시 대덕구청,2025-11-13
송촌동143,1,대전광역시 대덕구 동춘당로23번길 56-14,,36.35921535,127.444084,,,042-608-5205,대전광역시 대덕구청,2025-11-13
송촌동144,1,대전광역시 대덕구 동춘당로23번길 56-22,,36.35915986,127.4434954,,,042-608-5205,대전광역시 대덕구청,2025-11-13
송촌동145,1,,대전광역시 대덕구 송촌동 220-26,,,,,042-608-5205,대전광역시 대덕구청,2025-11-13
송촌동146,1,대전광역시 대덕구 동춘당로31번길 55-34,,36.35943661,127.4437154,,,042-608-5205,대전광역시 대덕구청,2025-11-13
송촌동147,1,대전광역시 대덕구 동춘당로31번길 55-24,,36.35939838,127.4433319,,,042-608-5205,대전광역시 대덕구청,2025-11-13
송촌동148,1,대전광역시 대덕구 동춘당로31번길 55-18,,36.35953416,127.4436535,,,042-608-5205,대전광역시 대덕구청,2025-11-13
송촌동149,1,대전광역시 대덕구 동춘당로31번길 55-10,,36.35956388,127.4434175,,,042-608-5205,대전광역시 대덕구청,2025-11-13
송촌동150,1,대전광역시 대덕구 동춘당로23번길 68-9,,36.3584979,127.4441156,,,042-608-5205,대전광역시 대덕구청,2025-11-13
송촌동151,1,대전광역시 대덕구 동춘당로31번길 99,,36.35834803,127.4437047,,,042-608-5205,대전광역시 대덕구청,2025-11-13
대화동192,1,대전광역시 대덕구 대화로 242-102,,36.36418996,127.4107923,,,042-608-5205,대전광역시 대덕구청,2025-11-13
송촌동152,1,대전광역시 대덕구 동춘당로23번길 65,,36.35827587,127.4446937,,,042-608-5205,대전광역시 대덕구청,2025-11-13
송촌동153,1,대전광역시 대덕구 동춘당로23번길 73,,36.3580027,127.4444827,,,042-608-5205,대전광역시 대덕구청,2025-11-13
송촌동154,1,대전광역시 대덕구 동춘당로23번길 87,,36.35766061,127.4443871,,,042-608-5205,대전광역시 대덕구청,2025-11-13
송촌동155,1,대전광역시 대덕구 동춘당로15번길 74,,36.35776322,127.4449047,,,042-608-5205,대전광역시 대덕구청,2025-11-13
송촌동156,1,대전광역시 대덕구 동춘당로15번길 70,,36.35788182,127.4449989,,,042-608-5205,대전광역시 대덕구청,2025-11-13
송촌동157,1,대전광역시 대덕구 동춘당로15번길 66,,36.35803009,127.4448706,,,042-608-5205,대전광역시 대덕구청,2025-11-13
송촌동158,1,대전광역시 대덕구 동서대로 1819,,36.35791919,127.4456097,,,042-608-5205,대전광역시 대덕구청,2025-11-13
송촌동159,1,대전광역시 대덕구 동서대로 1819,,36.35791919,127.4456097,,,042-608-5205,대전광역시 대덕구청,2025-11-13
송촌동160,1,,대전광역시 대덕구 송촌동 558,,,,,042-608-5205,대전광역시 대덕구청,2025-11-13
송촌동161,1,,대전광역시 대덕구 송촌동 559-1,36.35943511,127.4460551,,,042-608-5205,대전광역시 대덕구청,2025-11-13
대화동193,1,,대전광역시 대덕구 대화동 251-4,,,,,042-608-5205,대전광역시 대덕구청,2025-11-13
송촌동162,1,,대전광역시 대덕구 송촌동 557-1,,,,,042-608-5205,대전광역시 대덕구청,2025-11-13
송촌동163,1,,대전광역시 대덕구 송촌동 557-1,,,,,042-608-5205,대전광역시 대덕구청,2025-11-13
송촌동164,1,,대전광역시 대덕구 송촌동 557-1,,,,,042-608-5205,대전광역시 대덕구청,2025-11-13
송촌동165,1,대전광역시 대덕구 동춘당로15번길 21,,36.3597789,127.4466587,,,042-608-5205,대전광역시 대덕구청,2025-11-13
송촌동166,1,대전광역시 대덕구 동춘당로15번길 13,,36.36011456,127.4465448,,,042-608-5205,대전광역시 대덕구청,2025-11-13
송촌동167,1,,대전광역시 대덕구 송촌동 168-8,,,,,042-608-5205,대전광역시 대덕구청,2025-11-13
송촌동168,1,대전광역시 대덕구 송촌로 54,,36.35942147,127.4409878,,,042-608-5205,대전광역시 대덕구청,2025-11-13
송촌동169,1,,대전광역시 대덕구 송촌동 168,,,,,042-608-5205,대전광역시 대덕구청,2025-11-13
송촌동170,1,대전광역시 대덕구 송촌로 56,,36.35983715,127.4406782,,,042-608-5205,대전광역시 대덕구청,2025-11-13
송촌동171,1,대전광역시 대덕구 송촌로 59,,36.36009518,127.4401092,,,042-608-5205,대전광역시 대덕구청,2025-11-13
대화동194,1,,대전광역시 대덕구 대화동 242-82,,,,,042-608-5205,대전광역시 대덕구청,2025-11-13
송촌동172,1,대전광역시 대덕구 송촌로 59,,36.36009518,127.4401092,,,042-608-5205,대전광역시 대덕구청,2025-11-13
송촌동173,1,대전광역시 대덕구 송촌로 59,,36.36009518,127.4401092,,,042-608-5205,대전광역시 대덕구청,2025-11-13
송촌동174,1,대전광역시 대덕구 계족산로52번길 79,,36.36039387,127.4402446,,,042-608-5205,대전광역시 대덕구청,2025-11-13
송촌동175,1,대전광역시 대덕구 송촌로 59,,36.36009518,127.4401092,,,042-608-5205,대전광역시 대덕구청,2025-11-13
송촌동176,1,대전광역시 대덕구 송촌로 59,,36.36009518,127.4401092,,,042-608-5205,대전광역시 대덕구청,2025-11-13
송촌동177,1,,대전광역시 대덕구 송촌동 492-10,,,,,042-608-5205,대전광역시 대덕구청,2025-11-13
송촌동178,1,대전광역시 대덕구 송촌로79번길 4,,36.36174156,127.4403725,,,042-608-5205,대전광역시 대덕구청,2025-11-13
송촌동179,1,대전광역시 대덕구 송촌로79번길 18,,36.36172224,127.439744,,,042-608-5205,대전광역시 대덕구청,2025-11-13
송촌동180,1,대전광역시 대덕구 송촌로79번길 30,,36.36167071,127.4390529,,,042-608-5205,대전광역시 대덕구청,2025-11-13
송촌동181,1,대전광역시 대덕구 계족산로52번길 47,,36.36117008,127.4389387,,,042-608-5205,대전광역시 대덕구청,2025-11-13
대화동001,1,대전광역시 대덕구 대화15길 4,,36.36300916,127.4176274,,,042-608-5205,대전광역시 대덕구청,2025-11-13
대화동019,1,대전광역시 대덕구 대화10길 10,,36.36352186,127.4153215,,,042-608-5205,대전광역시 대덕구청,2025-11-13
대화동195,1,,대전광역시 대덕구 대화동 242-86,,,,,042-608-5205,대전광역시 대덕구청,2025-11-13
송촌동182,1,대전광역시 대덕구 송촌로79번길 38,,36.36165056,127.4386517,,,042-608-5205,대전광역시 대덕구청,2025-11-13
송촌동183,1,,대전광역시 대덕구 송촌동 483-14,,,,,042-608-5205,대전광역시 대덕구청,2025-11-13
송촌동184,1,대전광역시 대덕구 계족산로36번길 59,,36.36223149,127.4384945,,,042-608-5205,대전광역시 대덕구청,2025-11-13
송촌동185,1,대전광역시 대덕구 계족산로36번길 62,,36.36199948,127.4385556,,,042-608-5205,대전광역시 대덕구청,2025-11-13
송촌동186,1,대전광역시 대덕구 송촌로79번길 34,,36.36177267,127.4387727,,,042-608-5205,대전광역시 대덕구청,2025-11-13
송촌동187,1,대전광역시 대덕구 계족산로36번길 71,,36.36225469,127.4390473,,,042-608-5205,대전광역시 대덕구청,2025-11-13
송촌동188,1,대전광역시 대덕구 송촌로79번길 26,,36.36178919,127.4391828,,,042-608-5205,대전광역시 대덕구청,2025-11-13
송촌동189,1,대전광역시 대덕구 계족산로36번길 79,,36.36231763,127.439578,,,042-608-5205,대전광역시 대덕구청,2025-11-13
송촌동190,1,대전광역시 대덕구 송촌로79번길 14,,36.36184404,127.4399497,,,042-608-5205,대전광역시 대덕구청,2025-11-13
송촌동191,1,대전광역시 대덕구 계족산로36번길 85,,36.36233447,127.439899,,,042-608-5205,대전광역시 대덕구청,2025-11-13
대화동196,1,대전광역시 대덕구 대화로 242-50,,36.36368871,127.4108521,,,042-608-5205,대전광역시 대덕구청,2025-11-13
송촌동192,1,대전광역시 대덕구 계족산로36번길 92,,36.36213847,127.4402633,,,042-608-5205,대전광역시 대덕구청,2025-11-13
송촌동193,1,대전광역시 대덕구 송촌로 94-10,,36.36278849,127.4409221,,,042-608-5205,대전광역시 대덕구청,2025-11-13
송촌동194,1,대전광역시 대덕구 송촌로 94-14,,36.36285282,127.441074,,,042-608-5205,대전광역시 대덕구청,2025-11-13
송촌동195,1,대전광역시 대덕구 송촌로 94-21,,36.36320847,127.4414014,,,042-608-5205,대전광역시 대덕구청,2025-11-13
송촌동196,1,,대전광역시 대덕구 송촌동 513,,,,,042-608-5205,대전광역시 대덕구청,2025-11-13
송촌동197,1,대전광역시 대덕구 송촌로93번길 5,,36.3625065,127.4401673,,,042-608-5205,대전광역시 대덕구청,2025-11-13
송촌동198,1,대전광역시 대덕구 송촌로93번길 16,,36.36266724,127.4395889,,,042-608-5205,대전광역시 대덕구청,2025-11-13
송촌동199,1,대전광역시 대덕구 송촌로93번길 23,,36.36239467,127.439213,,,042-608-5205,대전광역시 대덕구청,2025-11-13
송촌동200,1,대전광역시 대덕구 계족산로36번길 67,,36.36228781,127.4388647,,,042-608-5205,대전광역시 대덕구청,2025-11-13
송촌동201,1,대전광역시 대덕구 송촌북로12번길 1,,36.3636393,127.4369692,,,042-608-5205,대전광역시 대덕구청,2025-11-13
대화동197,1,대전광역시 대덕구 대화로 242-40,,36.36355514,127.4109093,,,042-608-5205,대전광역시 대덕구청,2025-11-13
송촌동202,1,대전광역시 대덕구 송촌북로12번길 10,,36.3634973,127.4373562,,,042-608-5205,대전광역시 대덕구청,2025-11-13
송촌동203,1,대전광역시 대덕구 송촌북로4번길 7-6,,36.36302821,127.4374873,,,042-608-5205,대전광역시 대덕구청,2025-11-13
송촌동204,1,대전광역시 대덕구 송촌북로4번길 13-14,,36.36344897,127.437757,,,042-608-5205,대전광역시 대덕구청,2025-11-13
송촌동205,1,대전광역시 대덕구 송촌북로4번길 13-6,,36.36308453,127.4378575,,,042-608-5205,대전광역시 대덕구청,2025-11-13
송촌동206,1,대전광역시 대덕구 송촌북로12번길 15,,36.36375577,127.4376473,,,042-608-5205,대전광역시 대덕구청,2025-11-13
송촌동207,1,대전광역시 대덕구 송촌북로4번길 21-13,,36.3634737,127.4378953,,,042-608-5205,대전광역시 대덕구청,2025-11-13
송촌동208,1,대전광역시 대덕구 송촌북로4번길 21-5,,36.36312006,127.437998,,,042-608-5205,대전광역시 대덕구청,2025-11-13
송촌동209,1,대전광역시 대덕구 송촌북로4번길 27-5,,36.36319443,127.4383617,,,042-608-5205,대전광역시 대덕구청,2025-11-13
송촌동210,1,대전광역시 대덕구 송촌북로4번길 27-13,,36.36354081,127.4382701,,,042-608-5205,대전광역시 대덕구청,2025-11-13
송촌동211,1,대전광역시 대덕구 송촌북로12번길 25,,36.36389444,127.4381696,,,042-608-5205,대전광역시 대덕구청,2025-11-13
대화동198,1,,대전광역시 대덕구 대화동 254-9,,,,,042-608-5205,대전광역시 대덕구청,2025-11-13
송촌동212,1,대전광역시 대덕구 송촌북로12번길 31,,36.3639765,127.4384018,,,042-608-5205,대전광역시 대덕구청,2025-11-13
송촌동213,1,대전광역시 대덕구 송촌북로12번길 38,,36.36392459,127.4387937,,,042-608-5205,대전광역시 대덕구청,2025-11-13
송촌동214,1,대전광역시 대덕구 송촌북로4번길 35-8,,36.36342665,127.4389291,,,042-608-5205,대전광역시 대덕구청,2025-11-13
송촌동215,1,대전광역시 대덕구 송촌북로4번길 41,,36.36319158,127.4391372,,,042-608-5205,대전광역시 대덕구청,2025-11-13
송촌동216,1,대전광역시 대덕구 송촌북로4번길 35-6,,36.36331479,127.4389596,,,042-608-5205,대전광역시 대덕구청,2025-11-13
송촌동217,1,대전광역시 대덕구 송촌북로4번길 41-11,,36.36357403,127.4390413,,,042-608-5205,대전광역시 대덕구청,2025-11-13
송촌동218,1,대전광역시 대덕구 송촌북로4번길 41-19,,36.36384469,127.4389581,,,042-608-5205,대전광역시 대덕구청,2025-11-13
송촌동219,1,대전광역시 대덕구 송촌북로12번길 41,,36.36425958,127.4388624,,,042-608-5205,대전광역시 대덕구청,2025-11-13
송촌동220,1,대전광역시 대덕구 송촌북로12번길 45,,36.36433124,127.4389787,,,042-608-5205,대전광역시 대덕구청,2025-11-13
송촌동221,1,대전광역시 대덕구 송촌북로12번길 51,,36.36450348,127.4391936,,,042-608-5205,대전광역시 대덕구청,2025-11-13
대화동199,1,대전광역시 대덕구 대화로 242-40,,36.36355514,127.4109093,,,042-608-5205,대전광역시 대덕구청,2025-11-13
송촌동222,1,대전광역시 대덕구 송촌북로4번길 47-21,,36.36408141,127.4392804,,,042-608-5205,대전광역시 대덕구청,2025-11-13
송촌동223,1,대전광역시 대덕구 송촌북로4번길 47-11,,36.36363759,127.4394027,,,042-608-5205,대전광역시 대덕구청,2025-11-13
송촌동224,1,대전광역시 대덕구 송촌북로4번길 47-3,,36.36340664,127.4394682,,,042-608-5205,대전광역시 대덕구청,2025-11-13
송촌동225,1,대전광역시 대덕구 송촌북로16번길 32,,36.36417087,127.4384786,,,042-608-5205,대전광역시 대덕구청,2025-11-13
송촌동226,1,대전광역시 대덕구 송촌북로16번길 20,,36.36392478,127.4377597,,,042-608-5205,대전광역시 대덕구청,2025-11-13
송촌동227,1,대전광역시 대덕구 송촌북로20번길 10,,36.36418671,127.437106,,,042-608-5205,대전광역시 대덕구청,2025-11-13
송촌동228,1,대전광역시 대덕구 송촌북로16번길 23,,36.36423055,127.4379308,,,042-608-5205,대전광역시 대덕구청,2025-11-13
송촌동229,1,대전광역시 대덕구 송촌북로20번길 26,,36.36441401,127.4380343,,,042-608-5205,대전광역시 대덕구청,2025-11-13
송촌동230,1,대전광역시 대덕구 송촌북로20번길 32,,36.36456079,127.4383115,,,042-608-5205,대전광역시 대덕구청,2025-11-13
송촌동231,1,대전광역시 대덕구 송촌북로20번길 40,,36.36480464,127.438656,,,042-608-5205,대전광역시 대덕구청,2025-11-13
대화동200,1,,대전광역시 대덕구 대화동 254-9,,,,,042-608-5205,대전광역시 대덕구청,2025-11-13
송촌동232,1,대전광역시 대덕구 계족산로81번길 59-9,,36.36502935,127.438323,,,042-608-5205,대전광역시 대덕구청,2025-11-13
송촌동233,1,대전광역시 대덕구 송촌북로20번길 27-8,,36.36486423,127.4381349,,,042-608-5205,대전광역시 대덕구청,2025-11-13
송촌동234,1,대전광역시 대덕구 송촌북로20번길 27-5,,36.36474965,127.4379248,,,042-608-5205,대전광역시 대덕구청,2025-11-13
송촌동235,1,대전광역시 대덕구 송촌북로20번길 27-13,,36.3651177,127.4378243,,,042-608-5205,대전광역시 대덕구청,2025-11-13
송촌동236,1,대전광역시 대덕구 송촌북로20번길 27-19,,36.36536667,127.4377544,,,042-608-5205,대전광역시 대덕구청,2025-11-13
송촌동237,1,대전광역시 대덕구 송촌북로20번길 21-17,,36.3651696,127.4374324,,,042-608-5205,대전광역시 대덕구청,2025-11-13
송촌동238,1,대전광역시 대덕구 송촌북로20번길 21-5,,36.36462837,127.4375764,,,042-608-5205,대전광역시 대덕구청,2025-11-13
송촌동239,1,대전광역시 대덕구 송촌북로20번길 15,,36.36447736,127.4374686,,,042-608-5205,대전광역시 대덕구청,2025-11-13
송촌동240,1,대전광역시 대덕구 송촌북로20번길 13-15,,36.36494373,127.4370968,,,042-608-5205,대전광역시 대덕구청,2025-11-13
송촌동241,1,대전광역시 대덕구 송촌북로36번길 14,,36.36553852,127.4370913,,,042-608-5205,대전광역시 대덕구청,2025-11-13
대화동201,1,대전광역시 대덕구 대화로 242-12,,36.36282553,127.410286,,,042-608-5205,대전광역시 대덕구청,2025-11-13
송촌동242,1,대전광역시 대덕구 송촌북로20번길 7-11,,36.36473597,127.4367391,,,042-608-5205,대전광역시 대덕구청,2025-11-13
송촌동243,1,대전광역시 대덕구 송촌북로20번길 7,,36.36437138,127.4368797,,,042-608-5205,대전광역시 대덕구청,2025-11-13
송촌동244,1,,대전광역시 대덕구 송촌동 477-4,,,,,042-608-5205,대전광역시 대덕구청,2025-11-13
송촌동245,1,대전광역시 대덕구 동춘당로54번길 34,,36.36424531,127.4446697,,,042-608-5205,대전광역시 대덕구청,2025-11-13
송촌동246,1,대전광역시 대덕구 동춘당로54번길 26,,36.3639833,127.4443651,,,042-608-5205,대전광역시 대덕구청,2025-11-13
송촌동247,1,대전광역시 대덕구 동춘당로54번길 20,,36.36372131,127.4440561,,,042-608-5205,대전광역시 대덕구청,2025-11-13
송촌동248,1,대전광역시 대덕구 동춘당로54번길 14,,36.36354184,127.4438501,,,042-608-5205,대전광역시 대덕구청,2025-11-13
송촌동249,1,대전광역시 대덕구 계족산로 110,,36.36405886,127.4434341,,,042-608-5205,대전광역시 대덕구청,2025-11-13
송촌동250,1,대전광역시 대덕구 선비마을로5번길 52,,36.36336513,127.4438714,,,042-608-5205,대전광역시 대덕구청,2025-11-13
송촌동251,1,,대전광역시 대덕구 송촌동 495-15,,,,,042-608-5205,대전광역시 대덕구청,2025-11-13
대화동202,1,대전광역시 대덕구 대화로 242-6,,36.36303561,127.4099929,,,042-608-5205,대전광역시 대덕구청,2025-11-13
송촌동252,1,대전광역시 대덕구 동춘당로52번길 16,,36.36367971,127.4445818,,,042-608-5205,대전광역시 대덕구청,2025-11-13
송촌동253,1,,대전광역시 대덕구 송촌동 489-21,,,,,042-608-5205,대전광역시 대덕구청,2025-11-13
송촌동254,1,대전광역시 대덕구 동춘당로54번길 38,,36.36433501,127.4447816,,,042-608-5205,대전광역시 대덕구청,2025-11-13
송촌동255,1,대전광역시 대덕구 동춘당로54번길 40-13,,36.36417422,127.445369,,,042-608-5205,대전광역시 대덕구청,2025-11-13
송촌동256,1,대전광역시 대덕구 동춘당로48번길 26,,36.36379605,127.4452822,,,042-608-5205,대전광역시 대덕구청,2025-11-13
송촌동257,1,대전광역시 대덕구 동춘당로48번길 24,,36.36371713,127.4451792,,,042-608-5205,대전광역시 대덕구청,2025-11-13
송촌동258,1,대전광역시 대덕구 동춘당로48번길 10,,36.36329717,127.4446992,,,042-608-5205,대전광역시 대덕구청,2025-11-13
송촌동259,1,대전광역시 대덕구 선비마을로5번길 41,,36.36293521,127.4441319,,,042-608-5205,대전광역시 대덕구청,2025-11-13
송촌동260,1,대전광역시 대덕구 동춘당로44번길 9,,36.36295177,127.4445242,,,042-608-5205,대전광역시 대덕구청,2025-11-13
송촌동261,1,대전광역시 대덕구 동춘당로44번길 19,,36.36327114,127.4449138,,,042-608-5205,대전광역시 대덕구청,2025-11-13
대화동203,1,대전광역시 대덕구 대화로 242-5,,36.36345024,127.4099639,,,042-608-5205,대전광역시 대덕구청,2025-11-13
송촌동262,1,대전광역시 대덕구 동춘당로44번길 25,,36.36345062,127.4451153,,,042-608-5205,대전광역시 대덕구청,2025-11-13
송촌동263,1,대전광역시 대덕구 동춘당로44번길 31,,36.36370911,127.4453976,,,042-608-5205,대전광역시 대덕구청,2025-11-13
송촌동264,1,대전광역시 대덕구 동춘당로54번길 40-17,,36.36401484,127.4455776,,,042-608-5205,대전광역시 대덕구청,2025-11-13
송촌동265,1,대전광역시 대덕구 선비마을로5번길 24,,36.36299183,127.4453846,,,042-608-5205,대전광역시 대덕구청,2025-11-13
송촌동266,1,,대전광역시 대덕구 송촌동 505-2,,,,,042-608-5205,대전광역시 대덕구청,2025-11-13
송촌동267,1,대전광역시 대덕구 선비마을로5번길 10,,36.36231959,127.4458576,,,042-608-5205,대전광역시 대덕구청,2025-11-13
송촌동268,1,대전광역시 대덕구 선비마을로 24,,36.36287633,127.4473539,,,042-608-5205,대전광역시 대덕구청,2025-11-13
송촌동269,1,대전광역시 대덕구 선비마을로6번길 7-18,,36.36222516,127.4470114,,,042-608-5205,대전광역시 대덕구청,2025-11-13
송촌동270,1,대전광역시 대덕구 선비마을로6번길 7-16,,36.36210659,127.4469082,,,042-608-5205,대전광역시 대덕구청,2025-11-13
송촌동271,1,대전광역시 대덕구 선비마을로6번길 7-1,,36.36191014,127.4464258,,,042-608-5205,대전광역시 대덕구청,2025-11-13
대화동204,1,대전광역시 대덕구 대화로234번길 8,,36.36274575,127.4083201,,,042-608-5205,대전광역시 대덕구청,2025-11-13
송촌동272,1,대전광역시 대덕구 선비마을로6번길 20,,36.36131081,127.4466808,,,042-608-5205,대전광역시 대덕구청,2025-11-13
송촌동273,1,대전광역시 대덕구 선비마을로6번길 20,,36.36131081,127.4466808,,,042-608-5205,대전광역시 대덕구청,2025-11-13
송촌동274,1,대전광역시 대덕구 선비마을로6번길 15,,36.36149788,127.4467815,,,042-608-5205,대전광역시 대덕구청,2025-11-13
송촌동275,1,대전광역시 대덕구 선비마을로6번길 15-15,,36.36203046,127.4470237,,,042-608-5205,대전광역시 대덕구청,2025-11-13
송촌동276,1,,대전광역시 대덕구 송촌동 578-1,,,,,042-608-5205,대전광역시 대덕구청,2025-11-13
송촌동277,1,,대전광역시 대덕구 송촌동 578-1,,,,,042-608-5205,대전광역시 대덕구청,2025-11-13
송촌동278,1,,대전광역시 대덕구 송촌동 578-2,,,,,042-608-5205,대전광역시 대덕구청,2025-11-13
송촌동279,1,대전광역시 대덕구 선비마을로6번길 27,,36.36153308,127.4470075,,,042-608-5205,대전광역시 대덕구청,2025-11-13
송촌동280,1,대전광역시 대덕구 동춘당로 12,,36.36075448,127.447003,,,042-608-5205,대전광역시 대덕구청,2025-11-13
송촌동281,1,,대전광역시 대덕구 송촌동 553-20,,,,,042-608-5205,대전광역시 대덕구청,2025-11-13
대화동020,1,대전광역시 대덕구 대오길 54,,36.36336873,127.4158198,,,042-608-5205,대전광역시 대덕구청,2025-11-13
대화동205,1,,대전광역시 대덕구 대화동 275-18,,,,,042-608-5205,대전광역시 대덕구청,2025-11-13
송촌동282,1,,대전광역시 대덕구 송촌동 553-20,,,,,042-608-5205,대전광역시 대덕구청,2025-11-13
송촌동283,1,,대전광역시 대덕구 송촌동 553-20,,,,,042-608-5205,대전광역시 대덕구청,2025-11-13
송촌동284,1,대전광역시 대덕구 선비마을로 155,,36.36926849,127.4373305,,,042-608-5205,대전광역시 대덕구청,2025-11-13
송촌동285,1,대전광역시 대덕구 계족산로 110,,36.36405886,127.4434341,,,042-608-5205,대전광역시 대덕구청,2025-11-13
송촌동286,1,대전광역시 대덕구 계족산로 110,,36.36405886,127.4434341,,,042-608-5205,대전광역시 대덕구청,2025-11-13
송촌동287,1,대전광역시 대덕구 동춘당로54번길 35,,36.36480502,127.4444055,,,042-608-5205,대전광역시 대덕구청,2025-11-13
송촌동288,1,대전광역시 대덕구 선비마을로23번길 11,,36.36346202,127.4459265,,,042-608-5205,대전광역시 대덕구청,2025-11-13
송촌동289,1,대전광역시 대덕구 선비마을로23번길 11,,36.36346202,127.4459265,,,042-608-5205,대전광역시 대덕구청,2025-11-13
송촌동290,1,대전광역시 대덕구 선비마을로23번길 11,,36.36346202,127.4459265,,,042-608-5205,대전광역시 대덕구청,2025-11-13
송촌동291,1,,대전광역시 대덕구 송촌동 578-2,,,,,042-608-5205,대전광역시 대덕구청,2025-11-13
대화동206,1,,대전광역시 대덕구 대화동 275-16,,,,,042-608-5205,대전광역시 대덕구청,2025-11-13
송촌동293,1,,대전광역시 대덕구 송촌동 25-25,,,,,042-608-5205,대전광역시 대덕구청,2025-11-13
송촌동294,1,,대전광역시 대덕구 송촌동 산 25-15,,,,,042-608-5205,대전광역시 대덕구청,2025-11-13
송촌동295,1,,대전광역시 대덕구 송촌동 산 28-18,,,,,042-608-5205,대전광역시 대덕구청,2025-11-13
송촌동296,1,,대전광역시 대덕구 송촌동 500-7,36.36286983,127.4442652,,,042-608-5205,대전광역시 대덕구청,2025-11-13
송촌동297,1,,대전광역시 대덕구 송촌동 342,,,,,042-608-5205,대전광역시 대덕구청,2025-11-13
송촌동298,1,,대전광역시 대덕구 송촌동 531,,,,,042-608-5205,대전광역시 대덕구청,2025-11-13
송촌동299,1,,대전광역시 대덕구 송촌동 243-22,36.35498276,127.4403745,,,042-608-5205,대전광역시 대덕구청,2025-11-13
송촌동300,1,대전광역시 대덕구 송촌북로20번길 13-19,,36.36507723,127.4370619,,,042-608-5205,대전광역시 대덕구청,2025-11-13
송촌동301,1,대전광역시 대덕구 동춘당로23번길 99,,36.35697328,127.4440713,,,042-608-5205,대전광역시 대덕구청,2025-11-13
송촌동302,1,,대전광역시 대덕구 송촌동 294-16,,,,,042-608-5205,대전광역시 대덕구청,2025-11-13
대화동207,1,대전광역시 대덕구 대화로234번길 19-8,,36.36206326,127.4086731,,,042-608-5205,대전광역시 대덕구청,2025-11-13
송촌동303,1,,대전광역시 대덕구 송촌동 232-44,36.35637913,127.441959,,,042-608-5205,대전광역시 대덕구청,2025-11-13
송촌동304,1,,대전광역시 대덕구 송촌동 223-4,,,,,042-608-5205,대전광역시 대덕구청,2025-11-13
송촌동305,1,,대전광역시 대덕구 송촌동 489-1,36.36210382,127.4398843,,,042-608-5205,대전광역시 대덕구청,2025-11-13
송촌동306,1,,대전광역시 대덕구 송촌동 242-24,36.35540059,127.4414375,,,042-608-5205,대전광역시 대덕구청,2025-11-13
송촌동307,1,,대전광역시 대덕구 송촌동 551-5,36.36163073,127.447115,,,042-608-5205,대전광역시 대덕구청,2025-11-13
송촌동308,1,,대전광역시 대덕구 송촌동 488-1,,,,,042-608-5205,대전광역시 대덕구청,2025-11-13
송촌동309,1,,대전광역시 대덕구 송촌동 355,,,,,042-608-5205,대전광역시 대덕구청,2025-11-13
송촌동310,1,,대전광역시 대덕구 송촌동 228-3,,,,,042-608-5205,대전광역시 대덕구청,2025-11-13
송촌동311,1,,대전광역시 대덕구 송촌동 228-3,,,,,042-608-5205,대전광역시 대덕구청,2025-11-13
송촌동312,1,대전광역시 대덕구 송촌로25번길 13,,36.35692889,127.4424355,,,042-608-5205,대전광역시 대덕구청,2025-11-13
대화동208,1,대전광역시 대덕구 대화로234번길 5-9,,36.36227937,127.4087232,,,042-608-5205,대전광역시 대덕구청,2025-11-13
신탄진동001,1,,대전광역시 대덕구 신탄진동 464-19,,,,,042-608-5205,대전광역시 대덕구청,2025-11-13
신탄진동002,1,대전광역시 대덕구 대덕대로1527번길 333,,36.45572156,127.4286546,,,042-608-5205,대전광역시 대덕구청,2025-11-13
신탄진동003,1,대전광역시 대덕구 대덕대로1527번길 321,,36.45576004,127.4299846,,,042-608-5205,대전광역시 대덕구청,2025-11-13
신탄진동004,1,대전광역시 대덕구 대덕대로1527번길 334,,36.4553023,127.4279651,,,042-608-5205,대전광역시 대덕구청,2025-11-13
신탄진동005,1,대전광역시 대덕구 대덕대로1527번길 338,,36.45504578,127.4281288,,,042-608-5205,대전광역시 대덕구청,2025-11-13
신탄진동006,1,대전광역시 대덕구 대덕대로1627번길 100,,36.4546529,127.4281222,,,042-608-5205,대전광역시 대덕구청,2025-11-13
신탄진동007,1,대전광역시 대덕구 대덕대로1527번길 354,,36.45433927,127.4281294,,,042-608-5205,대전광역시 대덕구청,2025-11-13
신탄진동008,1,대전광역시 대덕구 대덕대로1627번길 96,,36.45461022,127.4279613,,,042-608-5205,대전광역시 대덕구청,2025-11-13
신탄진동009,1,대전광역시 대덕구 대덕대로1627번길 96,,36.45461022,127.4279613,,,042-608-5205,대전광역시 대덕구청,2025-11-13
신탄진동010,1,,대전광역시 대덕구 신탄진동 746,,,,,042-608-5205,대전광역시 대덕구청,2025-11-13
대화동209,1,대전광역시 대덕구 생산5길 29,,36.36461264,127.4105227,,,042-608-5205,대전광역시 대덕구청,2025-11-13
신탄진동011,1,대전광역시 대덕구 대덕대로1627번길 85,,36.45480368,127.4272886,,,042-608-5205,대전광역시 대덕구청,2025-11-13
신탄진동012,1,대전광역시 대덕구 대덕대로1627번길 76,,36.45434462,127.4276431,,,042-608-5205,대전광역시 대덕구청,2025-11-13
신탄진동013,1,대전광역시 대덕구 대덕대로1627번길 72,,36.45406752,127.4275166,,,042-608-5205,대전광역시 대덕구청,2025-11-13
신탄진동014,1,대전광역시 대덕구 대덕대로1627번길 37,,,,,,042-608-5205,대전광역시 대덕구청,2025-11-13
신탄진동015,1,대전광역시 대덕구 대덕대로1627번길 56,,,,,,042-608-5205,대전광역시 대덕구청,2025-11-13
신탄진동016,1,대전광역시 대덕구 대덕대로1627번길 52,,36.45321973,127.4277128,,,042-608-5205,대전광역시 대덕구청,2025-11-13
신탄진동017,1,대전광역시 대덕구 대덕대로1627번길 44,,36.45286614,127.4278045,,,042-608-5205,대전광역시 대덕구청,2025-11-13
신탄진동018,1,대전광역시 대덕구 대덕대로1627번길 36,,36.45257749,127.4278832,,,042-608-5205,대전광역시 대덕구청,2025-11-13
신탄진동019,1,대전광역시 대덕구 대덕대로1627번길 32,,36.45229246,127.4279575,,,042-608-5205,대전광역시 대덕구청,2025-11-13
신탄진동020,1,대전광역시 대덕구 대덕대로1627번길 9,,36.45139072,127.4281177,,,042-608-5205,대전광역시 대덕구청,2025-11-13
대화동210,1,대전광역시 대덕구 동심5길 42,,36.36471399,127.4124932,,,042-608-5205,대전광역시 대덕구청,2025-11-13
신탄진동021,1,대전광역시 대덕구 대덕대로1627번길 3,,36.45116699,127.4281878,,,042-608-5205,대전광역시 대덕구청,2025-11-13
신탄진동022,1,대전광역시 대덕구 신탄진로839번길 3,,36.4523955,127.4283731,,,042-608-5205,대전광역시 대덕구청,2025-11-13
신탄진동023,1,대전광역시 대덕구 신탄진로839번길 13,,36.45268883,127.4279954,,,042-608-5205,대전광역시 대덕구청,2025-11-13
신탄진동024,1,대전광역시 대덕구 대덕대로1527번길 380,,36.45319174,127.4284801,,,042-608-5205,대전광역시 대덕구청,2025-11-13
신탄진동025,1,대전광역시 대덕구 신탄진로839번길 20,,36.45298383,127.4281577,,,042-608-5205,대전광역시 대덕구청,2025-11-13
신탄진동026,1,대전광역시 대덕구 신탄진로839번길 30-3,,36.4536223,127.4280318,,,042-608-5205,대전광역시 대덕구청,2025-11-13
신탄진동027,1,대전광역시 대덕구 대덕대로1527번길 370,,36.45368581,127.4284159,,,042-608-5205,대전광역시 대덕구청,2025-11-13
신탄진동028,1,대전광역시 대덕구 신탄진로839번길 36,,36.4537413,127.428019,,,042-608-5205,대전광역시 대덕구청,2025-11-13
신탄진동029,1,대전광역시 대덕구 신탄진로839번길 48,,36.45425725,127.4278836,,,042-608-5205,대전광역시 대덕구청,2025-11-13
신탄진동030,1,대전광역시 대덕구 신탄진로839번길 50,,36.45439789,127.4278665,,,042-608-5205,대전광역시 대덕구청,2025-11-13
대화동211,1,대전광역시 대덕구 동심5길 38,,36.36508596,127.4122946,,,042-608-5205,대전광역시 대덕구청,2025-11-13
신탄진동031,1,대전광역시 대덕구 신탄진로844번길 6,,36.45270245,127.4292225,,,042-608-5205,대전광역시 대덕구청,2025-11-13
신탄진동032,1,대전광역시 대덕구 신탄진로844번길 15,,36.45298523,127.4297729,,,042-608-5205,대전광역시 대덕구청,2025-11-13
신탄진동033,1,대전광역시 대덕구 신탄진로844번길 19-5,,36.45335779,127.429418,,,042-608-5205,대전광역시 대덕구청,2025-11-13
신탄진동034,1,대전광역시 대덕구 신탄진로 852,,,,,,042-608-5205,대전광역시 대덕구청,2025-11-13
신탄진동035,1,대전광역시 대덕구 신탄진로844번길 19-5,,36.45335779,127.429418,,,042-608-5205,대전광역시 대덕구청,2025-11-13
신탄진동036,1,대전광역시 대덕구 신탄진로844번길 25,,36.45298766,127.4300987,,,042-608-5205,대전광역시 대덕구청,2025-11-13
신탄진동037,1,대전광역시 대덕구 신탄진로844번길 26,,36.45278175,127.4302225,,,042-608-5205,대전광역시 대덕구청,2025-11-13
신탄진동038,1,대전광역시 대덕구 신탄진로844번길 35,,36.45266549,127.4304761,,,042-608-5205,대전광역시 대덕구청,2025-11-13
신탄진동039,1,대전광역시 대덕구 신탄진로844번길 37,,36.4524954,127.4306626,,,042-608-5205,대전광역시 대덕구청,2025-11-13
신탄진동040,1,대전광역시 대덕구 신탄진북로 41,,36.45196523,127.4347176,,,042-608-5205,대전광역시 대덕구청,2025-11-13
대화동212,1,대전광역시 대덕구 동심5길 38,,36.36508596,127.4122946,,,042-608-5205,대전광역시 대덕구청,2025-11-13
신탄진동041,1,대전광역시 대덕구 신탄진로 836,,36.45204321,127.4291073,,,042-608-5205,대전광역시 대덕구청,2025-11-13
신탄진동042,1,대전광역시 대덕구 신탄진로 836,,36.45204321,127.4291073,,,042-608-5205,대전광역시 대덕구청,2025-11-13
신탄진동043,1,대전광역시 대덕구 신탄진로834번길 23-4,,36.45246536,127.4299976,,,042-608-5205,대전광역시 대덕구청,2025-11-13
신탄진동044,1,대전광역시 대덕구 신탄진로844번길 18-8,,36.45262487,127.4297442,,,042-608-5205,대전광역시 대덕구청,2025-11-13
신탄진동045,1,대전광역시 대덕구 신탄진로844번길 18-13,,36.45245988,127.4295157,,,042-608-5205,대전광역시 대덕구청,2025-11-13
신탄진동046,1,대전광역시 대덕구 신탄진로844번길 18-19,,36.45240012,127.429145,,,042-608-5205,대전광역시 대덕구청,2025-11-13
신탄진동047,1,대전광역시 대덕구 신탄진로844번길 41,,36.45235885,127.4305458,,,042-608-5205,대전광역시 대덕구청,2025-11-13
신탄진동048,1,대전광역시 대덕구 신탄진로844번길 49,,36.45207331,127.4307584,,,042-608-5205,대전광역시 대덕구청,2025-11-13
신탄진동049,1,대전광역시 대덕구 대청로 25-13,,36.45207627,127.4309369,,,042-608-5205,대전광역시 대덕구청,2025-11-13
신탄진동050,1,대전광역시 대덕구 대청로 23-1,,36.45197491,127.4310568,,,042-608-5205,대전광역시 대덕구청,2025-11-13
대화동213,1,대전광역시 대덕구 늘봄3길 11,,36.36509413,127.4130612,,,042-608-5205,대전광역시 대덕구청,2025-11-13
신탄진동051,1,대전광역시 대덕구 대청로 15-7,,36.45172253,127.4300738,,,042-608-5205,대전광역시 대덕구청,2025-11-13
신탄진동052,1,대전광역시 대덕구 신탄진동로7번길 75,,36.45087431,127.4293865,,,042-608-5205,대전광역시 대덕구청,2025-11-13
신탄진동053,1,,대전광역시 대덕구 신탄진동 144-7,,,,,042-608-5205,대전광역시 대덕구청,2025-11-13
신탄진동054,1,대전광역시 대덕구 신탄진동로7번길 69,,36.45062917,127.429394,,,042-608-5205,대전광역시 대덕구청,2025-11-13
신탄진동055,1,대전광역시 대덕구 신탄진동로7번길 55,,36.44999758,127.4296092,,,042-608-5205,대전광역시 대덕구청,2025-11-13
신탄진동056,1,대전광역시 대덕구 신탄진동로7번안길 7,,36.45068865,127.4298941,,,042-608-5205,대전광역시 대덕구청,2025-11-13
신탄진동057,1,,대전광역시 대덕구 신탄진동 121-32,,,,,042-608-5205,대전광역시 대덕구청,2025-11-13
신탄진동058,1,대전광역시 대덕구 신탄진동로7번안길 13,,36.45078098,127.4302783,,,042-608-5205,대전광역시 대덕구청,2025-11-13
신탄진동059,1,,대전광역시 대덕구 신탄진동 140-31,,,,,042-608-5205,대전광역시 대덕구청,2025-11-13
신탄진동060,1,대전광역시 대덕구 신탄진동로7번안길 35-10,,36.45138648,127.431299,,,042-608-5205,대전광역시 대덕구청,2025-11-13
대화동214,1,대전광역시 대덕구 늘봄3길 3,,36.36493907,127.4130782,,,042-608-5205,대전광역시 대덕구청,2025-11-13
신탄진동061,1,대전광역시 대덕구 신탄진동로23번길 66,,36.45077726,127.431309,,,042-608-5205,대전광역시 대덕구청,2025-11-13
신탄진동062,1,대전광역시 대덕구 신탄진동로7번안길 37,,36.45106466,127.4315783,,,042-608-5205,대전광역시 대덕구청,2025-11-13
신탄진동063,1,대전광역시 대덕구 신탄진동로7번안길 42,,36.45090892,127.4317827,,,042-608-5205,대전광역시 대덕구청,2025-11-13
신탄진동064,1,대전광역시 대덕구 신탄진동로7번안길 43,,36.45113942,127.4318375,,,042-608-5205,대전광역시 대덕구청,2025-11-13
신탄진동065,1,대전광역시 대덕구 신탄진동로7번안길 41-9,,36.45143273,127.4314688,,,042-608-5205,대전광역시 대덕구청,2025-11-13
신탄진동066,1,대전광역시 대덕구 신탄진동로7번안길 41-14,,36.45152947,127.4316282,,,042-608-5205,대전광역시 대덕구청,2025-11-13
신탄진동067,1,대전광역시 대덕구 신탄진동로7번안길 46,,36.45099437,127.4320776,,,042-608-5205,대전광역시 대덕구청,2025-11-13
신탄진동068,1,대전광역시 대덕구 신탄진동로23번길 66,,36.45077726,127.431309,,,042-608-5205,대전광역시 대덕구청,2025-11-13
신탄진동069,1,대전광역시 대덕구 신탄진로810번길 55-5,,36.4505478,127.4319636,,,042-608-5205,대전광역시 대덕구청,2025-11-13
신탄진동070,1,,대전광역시 대덕구 신탄진동 122-4,,,,,042-608-5205,대전광역시 대덕구청,2025-11-13
대화동021,1,대전광역시 대덕구 동심1길 30,,36.36285658,127.4159018,,,042-608-5205,대전광역시 대덕구청,2025-11-13
대화동215,1,대전광역시 대덕구 대화11길 11,,36.36653507,127.4174769,,,042-608-5205,대전광역시 대덕구청,2025-11-13
신탄진동071,1,대전광역시 대덕구 신탄진동로35번길 61,,36.45076204,127.432527,,,042-608-5205,대전광역시 대덕구청,2025-11-13
신탄진동072,1,대전광역시 대덕구 신탄진동로35번길 76,,36.45133497,127.4325837,,,042-608-5205,대전광역시 대덕구청,2025-11-13
신탄진동073,1,대전광역시 대덕구 신탄진동로35번길 79,,36.45148764,127.4322321,,,042-608-5205,대전광역시 대덕구청,2025-11-13
신탄진동074,1,대전광역시 대덕구 신탄진동로35번길 85,,36.45165749,127.4321126,,,042-608-5205,대전광역시 대덕구청,2025-11-13
신탄진동075,1,대전광역시 대덕구 신탄진동로35번길 85-6,,36.45175924,127.4318856,,,042-608-5205,대전광역시 대덕구청,2025-11-13
신탄진동076,1,대전광역시 대덕구 신탄진로810번길 31,,36.45019867,127.4308239,,,042-608-5205,대전광역시 대덕구청,2025-11-13
신탄진동077,1,대전광역시 대덕구 신탄진로810번길 23,,36.45015345,127.4303686,,,042-608-5205,대전광역시 대덕구청,2025-11-13
신탄진동078,1,대전광역시 대덕구 신탄진로810번길 15,,36.45010056,127.4300426,,,042-608-5205,대전광역시 대덕구청,2025-11-13
신탄진동079,1,대전광역시 대덕구 신탄진로810번길 50,,36.4501046,127.4319165,,,042-608-5205,대전광역시 대덕구청,2025-11-13
신탄진동080,1,대전광역시 대덕구 신탄진로810번길 56,,36.45023311,127.4322653,,,042-608-5205,대전광역시 대덕구청,2025-11-13
대화동216,1,대전광역시 대덕구 늘봄3길 31-1,,36.36477296,127.413162,,,042-608-5205,대전광역시 대덕구청,2025-11-13
신탄진동081,1,대전광역시 대덕구 신탄진동로35번길 51,,36.45030054,127.4325557,,,042-608-5205,대전광역시 대덕구청,2025-11-13
신탄진동082,1,대전광역시 대덕구 신탄진동로35번길 64,,36.45082969,127.4327594,,,042-608-5205,대전광역시 대덕구청,2025-11-13
신탄진동083,1,대전광역시 대덕구 신탄진동로35번길 61,,36.45076204,127.432527,,,042-608-5205,대전광역시 대덕구청,2025-11-13
신탄진동084,1,대전광역시 대덕구 대청로 36-2,,36.45181014,127.4327604,,,042-608-5205,대전광역시 대덕구청,2025-11-13
신탄진동085,1,대전광역시 대덕구 신탄진동로47번길 83,,36.45194113,127.433417,,,042-608-5205,대전광역시 대덕구청,2025-11-13
신탄진동086,1,대전광역시 대덕구 신탄진동로47번길 83,,36.45194113,127.433417,,,042-608-5205,대전광역시 대덕구청,2025-11-13
신탄진동087,1,대전광역시 대덕구 신탄진북로43번길 32,,36.45176556,127.433126,,,042-608-5205,대전광역시 대덕구청,2025-11-13
신탄진동088,1,대전광역시 대덕구 신탄진북로43번길 40,,36.45169873,127.4326705,,,042-608-5205,대전광역시 대덕구청,2025-11-13
신탄진동089,1,대전광역시 대덕구 신탄진동로35번길 76,,36.45133497,127.4325837,,,042-608-5205,대전광역시 대덕구청,2025-11-13
신탄진동090,1,대전광역시 대덕구 신탄진북로35번길 36,,36.45127925,127.4330385,,,042-608-5205,대전광역시 대덕구청,2025-11-13
대화동217,1,대전광역시 대덕구 늘봄3길 18,,36.36464934,127.4134689,,,042-608-5205,대전광역시 대덕구청,2025-11-13
신탄진동091,1,대전광역시 대덕구 신탄진북로35번길 26,,36.4512879,127.4336365,,,042-608-5205,대전광역시 대덕구청,2025-11-13
신탄진동092,1,대전광역시 대덕구 신탄진로810번길 68,,36.45041358,127.4331943,,,042-608-5205,대전광역시 대덕구청,2025-11-13
신탄진동093,1,대전광역시 대덕구 신탄진로810번길 73,,36.45065188,127.4330841,,,042-608-5205,대전광역시 대덕구청,2025-11-13
신탄진동094,1,대전광역시 대덕구 신탄진로810번길 82-3,,36.45023504,127.4337199,,,042-608-5205,대전광역시 대덕구청,2025-11-13
신탄진동095,1,대전광역시 대덕구 신탄진동로47번길 58,,36.45083949,127.4340311,,,042-608-5205,대전광역시 대덕구청,2025-11-13
신탄진동096,1,대전광역시 대덕구 신탄진북로35번길 18,,36.45145558,127.4341148,,,042-608-5205,대전광역시 대덕구청,2025-11-13
신탄진동097,1,대전광역시 대덕구 신탄진북로35번길 8,,36.45149355,127.4345746,,,042-608-5205,대전광역시 대덕구청,2025-11-13
신탄진동098,1,대전광역시 대덕구 신탄진북로43번길 12,,36.45208986,127.4341496,,,042-608-5205,대전광역시 대덕구청,2025-11-13
신탄진동099,1,대전광역시 대덕구 신탄진북로43번길 7,,36.45190795,127.4346126,,,042-608-5205,대전광역시 대덕구청,2025-11-13
신탄진동100,1,대전광역시 대덕구 신탄진북로43번길 10,,36.45213265,127.4342792,,,042-608-5205,대전광역시 대덕구청,2025-11-13
대화동218,1,대전광역시 대덕구 늘봄2길 2,,36.36426218,127.4149287,,,042-608-5205,대전광역시 대덕구청,2025-11-13
신탄진동101,1,대전광역시 대덕구 신탄진북로43번길 11-1,,36.4518656,127.4343625,,,042-608-5205,대전광역시 대덕구청,2025-11-13
신탄진동102,1,대전광역시 대덕구 신탄진북로43번길 18,,36.45201881,127.4338636,,,042-608-5205,대전광역시 대덕구청,2025-11-13
신탄진동103,1,대전광역시 대덕구 대청로 46-2,,36.45213099,127.4337438,,,042-608-5205,대전광역시 대덕구청,2025-11-13
신탄진동104,1,대전광역시 대덕구 신탄진북로 46,,36.45223468,127.4349669,,,042-608-5205,대전광역시 대덕구청,2025-11-13
신탄진동105,1,대전광역시 대덕구 대청로 62,,36.45274575,127.435184,,,042-608-5205,대전광역시 대덕구청,2025-11-13
신탄진동106,1,대전광역시 대덕구 대청로63번길 59-9,,36.45322087,127.4343835,,,042-608-5205,대전광역시 대덕구청,2025-11-13
신탄진동107,1,대전광역시 대덕구 대청로63번길 59-12,,36.45333594,127.4344575,,,042-608-5205,대전광역시 대덕구청,2025-11-13
신탄진동108,1,대전광역시 대덕구 대청로63번길 19-15,,36.45340764,127.4345675,,,042-608-5205,대전광역시 대덕구청,2025-11-13
신탄진동109,1,대전광역시 대덕구 대청로 65,,36.45422416,127.4360311,,,042-608-5205,대전광역시 대덕구청,2025-11-13
신탄진동110,1,대전광역시 대덕구 대청로63번길 13,,36.45366254,127.4348491,,,042-608-5205,대전광역시 대덕구청,2025-11-13
대화동219,1,대전광역시 대덕구 늘봄3길 25,,36.36507486,127.4134221,,,042-608-5205,대전광역시 대덕구청,2025-11-13
신탄진동111,1,대전광역시 대덕구 대청로63번길 19,,36.45404547,127.4346201,,,042-608-5205,대전광역시 대덕구청,2025-11-13
신탄진동112,1,,대전광역시 대덕구 신탄진동 80-27,,,,,042-608-5205,대전광역시 대덕구청,2025-11-13
신탄진동113,1,대전광역시 대덕구 대청로63번길 34-17,,36.45466288,127.4353285,,,042-608-5205,대전광역시 대덕구청,2025-11-13
신탄진동114,1,대전광역시 대덕구 대청로63번길 32-15,,36.45435924,127.4355633,,,042-608-5205,대전광역시 대덕구청,2025-11-13
신탄진동115,1,대전광역시 대덕구 대청로63번길 24-1,,36.45435431,127.4349386,,,042-608-5205,대전광역시 대덕구청,2025-11-13
신탄진동116,1,대전광역시 대덕구 대청로63번길 24-11,,36.45427375,127.4352818,,,042-608-5205,대전광역시 대덕구청,2025-11-13
신탄진동117,1,대전광역시 대덕구 대청로 65,,36.45422416,127.4360311,,,042-608-5205,대전광역시 대덕구청,2025-11-13
신탄진동118,1,대전광역시 대덕구 대청로 65,,36.45422416,127.4360311,,,042-608-5205,대전광역시 대덕구청,2025-11-13
신탄진동119,1,대전광역시 대덕구 대청로 65,,36.45422416,127.4360311,,,042-608-5205,대전광역시 대덕구청,2025-11-13
신탄진동120,1,대전광역시 대덕구 대청로 65,,36.45422416,127.4360311,,,042-608-5205,대전광역시 대덕구청,2025-11-13
대화동220,1,대전광역시 대덕구 늘봄3길 16,,36.36465603,127.4136205,,,042-608-5205,대전광역시 대덕구청,2025-11-13
신탄진동121,1,대전광역시 대덕구 대청로 65,,36.45422416,127.4360311,,,042-608-5205,대전광역시 대덕구청,2025-11-13
신탄진동122,1,대전광역시 대덕구 대청로 65,,36.45422416,127.4360311,,,042-608-5205,대전광역시 대덕구청,2025-11-13
신탄진동123,1,대전광역시 대덕구 대청로 65,,36.45422416,127.4360311,,,042-608-5205,대전광역시 대덕구청,2025-11-13
신탄진동124,1,대전광역시 대덕구 대청로82번길 7-11,,36.45371103,127.4373624,,,042-608-5205,대전광역시 대덕구청,2025-11-13
신탄진동125,1,대전광역시 대덕구 대청로82번길 13-11,,36.45323804,127.4375784,,,042-608-5205,대전광역시 대덕구청,2025-11-13
신탄진동126,1,대전광역시 대덕구 신탄진북로32번길 8-18,,36.45053832,127.4355643,,,042-608-5205,대전광역시 대덕구청,2025-11-13
신탄진동127,1,대전광역시 대덕구 신탄진북로32번길 8,,36.45113369,127.4353981,,,042-608-5205,대전광역시 대덕구청,2025-11-13
신탄진동128,1,대전광역시 대덕구 신탄진북로32번길 7-9,,36.45166409,127.4352582,,,042-608-5205,대전광역시 대덕구청,2025-11-13
신탄진동129,1,대전광역시 대덕구 신탄진북로32번길 7-15,,36.4519563,127.435193,,,042-608-5205,대전광역시 대덕구청,2025-11-13
신탄진동130,1,대전광역시 대덕구 신탄진동로47번길 71,,36.45141422,127.4335926,,,042-608-5205,대전광역시 대덕구청,2025-11-13
대화동221,1,대전광역시 대덕구 동심5길 59,,36.3641928,127.4131055,,,042-608-5205,대전광역시 대덕구청,2025-11-13
신탄진동131,1,,대전광역시 대덕구 신탄진동 132-37,,,,,042-608-5205,대전광역시 대덕구청,2025-11-13
신탄진동132,1,대전광역시 대덕구 신탄진로810번길 100,,36.45068207,127.434695,,,042-608-5205,대전광역시 대덕구청,2025-11-13
신탄진동133,1,대전광역시 대덕구 신탄진로804번길 87-12,,36.45045836,127.4347562,,,042-608-5205,대전광역시 대덕구청,2025-11-13
신탄진동134,1,대전광역시 대덕구 신탄진로810번길 106,,36.45070662,127.4348826,,,042-608-5205,대전광역시 대덕구청,2025-11-13
신탄진동135,1,대전광역시 대덕구 신탄진로804번길 84,,36.44982857,127.4344761,,,042-608-5205,대전광역시 대덕구청,2025-11-13
신탄진동136,1,대전광역시 대덕구 신탄진동로47번길 46,,36.45035974,127.4341221,,,042-608-5205,대전광역시 대덕구청,2025-11-13
신탄진동137,1,대전광역시 대덕구 신탄진동로47번길 50,,36.4504676,127.4341986,,,042-608-5205,대전광역시 대덕구청,2025-11-13
신탄진동138,1,대전광역시 대덕구 신탄진로804번길 90,,36.44993211,127.4347488,,,042-608-5205,대전광역시 대덕구청,2025-11-13
신탄진동139,1,대전광역시 대덕구 신탄진로804번길 74,,36.44976916,127.4339627,,,042-608-5205,대전광역시 대덕구청,2025-11-13
신탄진동140,1,대전광역시 대덕구 신탄진로804번길 64,,36.44970259,127.4334358,,,042-608-5205,대전광역시 대덕구청,2025-11-13
대화동222,1,,대전광역시 대덕구 대화동 35-1210,,,,,042-608-5205,대전광역시 대덕구청,2025-11-13
신탄진동141,1,,대전광역시 대덕구 신탄진동 132-1,,,,,042-608-5205,대전광역시 대덕구청,2025-11-13
신탄진동142,1,,대전광역시 대덕구 신탄진동 139-13,,,,,042-608-5205,대전광역시 대덕구청,2025-11-13
신탄진동143,1,대전광역시 대덕구 신탄진로804번길 41,,36.4496567,127.4321728,,,042-608-5205,대전광역시 대덕구청,2025-11-13
신탄진동144,1,,대전광역시 대덕구 신탄진동 139-11,,,,,042-608-5205,대전광역시 대덕구청,2025-11-13
신탄진동145,1,대전광역시 대덕구 신탄진동로23번길 39,,36.44950477,127.4313243,,,042-608-5205,대전광역시 대덕구청,2025-11-13
신탄진동146,1,대전광역시 대덕구 신탄진로804번길 15,,36.44946356,127.4307574,,,042-608-5205,대전광역시 대덕구청,2025-11-13
신탄진동147,1,대전광역시 대덕구 신탄진로804번길 9,,36.44935971,127.4305694,,,042-608-5205,대전광역시 대덕구청,2025-11-13
신탄진동148,1,대전광역시 대덕구 신탄진로804번길 5,,36.44941896,127.4301325,,,042-608-5205,대전광역시 대덕구청,2025-11-13
신탄진동149,1,대전광역시 대덕구 신탄진동로7번길 39,,36.44930153,127.429708,,,042-608-5205,대전광역시 대덕구청,2025-11-13
신탄진동150,1,대전광역시 대덕구 신탄진동로7번길 33,,36.44901264,127.4298536,,,042-608-5205,대전광역시 대덕구청,2025-11-13
대화동223,1,,대전광역시 대덕구 대화동 35-1030,,,,,042-608-5205,대전광역시 대덕구청,2025-11-13
신탄진동151,1,대전광역시 대덕구 신탄진동로7번길 37-1,,36.44912864,127.4296713,,,042-608-5205,대전광역시 대덕구청,2025-11-13
신탄진동152,1,대전광역시 대덕구 신탄진동로7번길 23,,36.44852192,127.4299892,,,042-608-5205,대전광역시 대덕구청,2025-11-13
신탄진동153,1,대전광역시 대덕구 신탄진동로7번길 17,,36.44831985,127.4300461,,,042-608-5205,대전광역시 대덕구청,2025-11-13
신탄진동154,1,대전광역시 대덕구 신탄진동로7번길 11,,36.44805286,127.430116,,,042-608-5205,대전광역시 대덕구청,2025-11-13
신탄진동155,1,,대전광역시 대덕구 신탄진동 154-18,,,,,042-608-5205,대전광역시 대덕구청,2025-11-13
신탄진동156,1,대전광역시 대덕구 신탄진로796번길 24,,36.44866744,127.4306191,,,042-608-5205,대전광역시 대덕구청,2025-11-13
신탄진동157,1,대전광역시 대덕구 신탄진로796번길 27,,36.44891178,127.4308347,,,042-608-5205,대전광역시 대덕구청,2025-11-13
신탄진동158,1,대전광역시 대덕구 신탄진로796번길 27,,36.44891178,127.4308347,,,042-608-5205,대전광역시 대덕구청,2025-11-13
신탄진동159,1,대전광역시 대덕구 신탄진로796번길 32-2,,36.44853165,127.4312876,,,042-608-5205,대전광역시 대덕구청,2025-11-13
신탄진동160,1,대전광역시 대덕구 신탄진로796번길 38,,36.44877644,127.4313782,,,042-608-5205,대전광역시 대덕구청,2025-11-13
대화동224,1,대전광역시 대덕구 대화2길 41,,36.36554464,127.4130814,,,042-608-5205,대전광역시 대덕구청,2025-11-13
신탄진동161,1,대전광역시 대덕구 신탄진동로23번길 31,,36.44892561,127.4309954,,,042-608-5205,대전광역시 대덕구청,2025-11-13
신탄진동162,1,대전광역시 대덕구 신탄진동로35번길 31,,36.44947419,127.432801,,,042-608-5205,대전광역시 대덕구청,2025-11-13
신탄진동163,1,,대전광역시 대덕구 신탄진동 138-24,36.4493369,127.4328894,,,042-608-5205,대전광역시 대덕구청,2025-11-13
신탄진동164,1,대전광역시 대덕구 신탄진로810번길 86,,36.4505015,127.4337972,,,042-608-5205,대전광역시 대덕구청,2025-11-13
신탄진동165,1,대전광역시 대덕구 신탄진로804번길 53,,36.44976636,127.432749,,,042-608-5205,대전광역시 대덕구청,2025-11-13
신탄진동166,1,대전광역시 대덕구 신탄진동로35번길 20,,36.44895701,127.4332755,,,042-608-5205,대전광역시 대덕구청,2025-11-13
신탄진동167,1,대전광역시 대덕구 신탄진로796번길 106,,36.44942212,127.4352279,,,042-608-5205,대전광역시 대덕구청,2025-11-13
신탄진동168,1,대전광역시 대덕구 신탄진로796번길 82,,36.44919643,127.4338524,,,042-608-5205,대전광역시 대덕구청,2025-11-13
신탄진동169,1,대전광역시 대덕구 신탄진동로47번길 15,,36.44899671,127.4342528,,,042-608-5205,대전광역시 대덕구청,2025-11-13
신탄진동170,1,대전광역시 대덕구 신탄진로804번길 74,,36.44976916,127.4339627,,,042-608-5205,대전광역시 대덕구청,2025-11-13
대화동022,1,대전광역시 대덕구 대오길 27,,36.36310281,127.4155822,,,042-608-5205,대전광역시 대덕구청,2025-11-13
대화동225,1,대전광역시 대덕구 동심5길 37,,36.36528266,127.4127458,,,042-608-5205,대전광역시 대덕구청,2025-11-13
신탄진동171,1,대전광역시 대덕구 신탄진로790번길 95,,36.44905383,127.4353954,,,042-608-5205,대전광역시 대덕구청,2025-11-13
신탄진동172,1,대전광역시 대덕구 신탄진로796번길 98,,36.44935189,127.4347144,,,042-608-5205,대전광역시 대덕구청,2025-11-13
신탄진동173,1,대전광역시 대덕구 신탄진로796번길 106,,36.44942212,127.4352279,,,042-608-5205,대전광역시 대덕구청,2025-11-13
신탄진동174,1,대전광역시 대덕구 신탄진동로24번길 49-1,,36.44568609,127.4326996,,,042-608-5205,대전광역시 대덕구청,2025-11-13
신탄진동175,1,대전광역시 대덕구 신탄진로790번길 92,,36.44883131,127.4351309,,,042-608-5205,대전광역시 대덕구청,2025-11-13
신탄진동176,1,대전광역시 대덕구 신탄진동로47번길 10,,36.44873245,127.4345637,,,042-608-5205,대전광역시 대덕구청,2025-11-13
신탄진동177,1,대전광역시 대덕구 신탄진동로47번길 8,,36.44861335,127.4346032,,,042-608-5205,대전광역시 대덕구청,2025-11-13
신탄진동178,1,대전광역시 대덕구 신탄진로790번길 74,,36.44865449,127.4341929,,,042-608-5205,대전광역시 대덕구청,2025-11-13
신탄진동179,1,대전광역시 대덕구 신탄진동로 37,,36.44832833,127.4336825,,,042-608-5205,대전광역시 대덕구청,2025-11-13
신탄진동180,1,,대전광역시 대덕구 신탄진동 159-4,,,,,042-608-5205,대전광역시 대덕구청,2025-11-13
대화동226,1,대전광역시 대덕구 동심6길 4,,36.36536703,127.4123228,,,042-608-5205,대전광역시 대덕구청,2025-11-13
신탄진동181,1,대전광역시 대덕구 신탄진동로 35,,36.44835805,127.4334372,,,042-608-5205,대전광역시 대덕구청,2025-11-13
신탄진동182,1,대전광역시 대덕구 신탄진로790번길 46,,36.44832065,127.4328169,,,042-608-5205,대전광역시 대덕구청,2025-11-13
신탄진동183,1,대전광역시 대덕구 신탄진로790번길 38,,36.44828758,127.4319957,,,042-608-5205,대전광역시 대덕구청,2025-11-13
신탄진동184,1,,대전광역시 대덕구 신탄진동 154-21,,,,,042-608-5205,대전광역시 대덕구청,2025-11-13
신탄진동185,1,대전광역시 대덕구 신탄진로790번길 12,,36.4480644,127.4309147,,,042-608-5205,대전광역시 대덕구청,2025-11-13
신탄진동186,1,대전광역시 대덕구 신탄진로790번길 10,,36.44809027,127.4307364,,,042-608-5205,대전광역시 대덕구청,2025-11-13
신탄진동187,1,대전광역시 대덕구 신탄진로778번길 25,,36.44718089,127.4310169,,,042-608-5205,대전광역시 대덕구청,2025-11-13
신탄진동188,1,대전광역시 대덕구 신탄진로778번길 12,,36.44682668,127.4302833,,,042-608-5205,대전광역시 대덕구청,2025-11-13
신탄진동189,1,대전광역시 대덕구 신탄진로778번길 12,,36.44682668,127.4302833,,,042-608-5205,대전광역시 대덕구청,2025-11-13
신탄진동190,1,대전광역시 대덕구 신탄진로778번길 25,,36.44718089,127.4310169,,,042-608-5205,대전광역시 대덕구청,2025-11-13
대화동227,1,대전광역시 대덕구 대화1길 2,,36.36589907,127.4127446,,,042-608-5205,대전광역시 대덕구청,2025-11-13
신탄진동191,1,대전광역시 대덕구 신탄진로778번길 16,,36.44661758,127.430291,,,042-608-5205,대전광역시 대덕구청,2025-11-13
신탄진동192,1,대전광역시 대덕구 신탄진로778번길 29-3,,36.4473319,127.4311248,,,042-608-5205,대전광역시 대덕구청,2025-11-13
신탄진동193,1,대전광역시 대덕구 신탄진로778번길 35,,36.44722215,127.4315704,,,042-608-5205,대전광역시 대덕구청,2025-11-13
신탄진동194,1,대전광역시 대덕구 신탄진동로24번길 10,,36.44726423,127.4318963,,,042-608-5205,대전광역시 대덕구청,2025-11-13
신탄진동195,1,대전광역시 대덕구 신탄진동로24번길 19-1,,36.44704225,127.4324751,,,042-608-5205,대전광역시 대덕구청,2025-11-13
신탄진동196,1,대전광역시 대덕구 신탄진로778번길 49,,36.44731653,127.432383,,,042-608-5205,대전광역시 대덕구청,2025-11-13
신탄진동197,1,대전광역시 대덕구 신탄진로 778번길55,,36.4473804,127.4326644,,,042-608-5205,대전광역시 대덕구청,2025-11-13
신탄진동198,1,대전광역시 대덕구 신탄진로778번길 60,,36.4472352,127.4329447,,,042-608-5205,대전광역시 대덕구청,2025-11-13
신탄진동199,1,,대전광역시 대덕구 신탄진동 163-22,,,,,042-608-5205,대전광역시 대덕구청,2025-11-13
신탄진동200,1,,대전광역시 대덕구 신탄진동 153-23,,,,,042-608-5205,대전광역시 대덕구청,2025-11-13
대화동228,1,대전광역시 대덕구 대화1길 2,,36.36589907,127.4127446,,,042-608-5205,대전광역시 대덕구청,2025-11-13
신탄진동201,1,대전광역시 대덕구 신탄진동로30번길 15,,36.44670456,127.4331514,,,042-608-5205,대전광역시 대덕구청,2025-11-13
신탄진동202,1,대전광역시 대덕구 신탄진동로30번길 21,,36.44641984,127.4331409,,,042-608-5205,대전광역시 대덕구청,2025-11-13
신탄진동203,1,대전광역시 대덕구 신탄진로778번길 63,,36.44751587,127.4330801,,,042-608-5205,대전광역시 대덕구청,2025-11-13
신탄진동204,1,대전광역시 대덕구 신탄진동로36번길 11,,36.44752464,127.4336423,,,042-608-5205,대전광역시 대덕구청,2025-11-13
신탄진동205,1,대전광역시 대덕구 신탄진동로36번길 21,,36.44713132,127.4337561,,,042-608-5205,대전광역시 대덕구청,2025-11-13
신탄진동206,1,대전광역시 대덕구 신탄진동로36번길 28-1,,36.44673618,127.4333791,,,042-608-5205,대전광역시 대덕구청,2025-11-13
신탄진동207,1,대전광역시 대덕구 신탄진동로36번길 25,,36.44701901,127.4339116,,,042-608-5205,대전광역시 대덕구청,2025-11-13
신탄진동208,1,대전광역시 대덕구 신탄진동로36번길 37,,36.44648937,127.4338462,,,042-608-5205,대전광역시 대덕구청,2025-11-13
신탄진동209,1,대전광역시 대덕구 신탄진동로36번길 39,,36.44636977,127.434024,,,042-608-5205,대전광역시 대덕구청,2025-11-13
신탄진동210,1,대전광역시 대덕구 신탄진로778번길 79,,36.44765648,127.4340624,,,042-608-5205,대전광역시 대덕구청,2025-11-13
대화동229,1,대전광역시 대덕구 대화1길 2,,36.36589907,127.4127446,,,042-608-5205,대전광역시 대덕구청,2025-11-13
신탄진동211,1,대전광역시 대덕구 신탄진로778번길 79,,36.44765648,127.4340624,,,042-608-5205,대전광역시 대덕구청,2025-11-13
신탄진동212,1,대전광역시 대덕구 신탄진남로 20,,36.44700271,127.4344291,,,042-608-5205,대전광역시 대덕구청,2025-11-13
신탄진동213,1,대전광역시 대덕구 신탄진남로 20,,36.44700271,127.4344291,,,042-608-5205,대전광역시 대덕구청,2025-11-13
신탄진동214,1,대전광역시 대덕구 신탄진남로 20,,36.44700271,127.4344291,,,042-608-5205,대전광역시 대덕구청,2025-11-13
신탄진동215,1,대전광역시 대덕구 신탄진남로 20,,36.44700271,127.4344291,,,042-608-5205,대전광역시 대덕구청,2025-11-13
신탄진동216,1,대전광역시 대덕구 신탄진로778번길 87,,36.44767672,127.4344463,,,042-608-5205,대전광역시 대덕구청,2025-11-13
신탄진동217,1,대전광역시 대덕구 신탄진로778번길 88,,36.44746353,127.4345878,,,042-608-5205,대전광역시 대덕구청,2025-11-13
신탄진동218,1,대전광역시 대덕구 신탄진동로48번길 20,,36.44732279,127.4346317,,,042-608-5205,대전광역시 대덕구청,2025-11-13
신탄진동219,1,대전광역시 대덕구 신탄진동로36번길 3,,36.44789654,127.4334704,,,042-608-5205,대전광역시 대덕구청,2025-11-13
신탄진동220,1,대전광역시 대덕구 신탄진로778번길 101,,36.4478221,127.4351074,,,042-608-5205,대전광역시 대덕구청,2025-11-13
대화동230,1,대전광역시 대덕구 대화1길 2,,36.36589907,127.4127446,,,042-608-5205,대전광역시 대덕구청,2025-11-13
신탄진동221,1,대전광역시 대덕구 신탄진남로 20,,36.44700271,127.4344291,,,042-608-5205,대전광역시 대덕구청,2025-11-13
신탄진동222,1,대전광역시 대덕구 신탄진남로 20,,36.44700271,127.4344291,,,042-608-5205,대전광역시 대덕구청,2025-11-13
신탄진동223,1,대전광역시 대덕구 신탄진남로 20,,36.44700271,127.4344291,,,042-608-5205,대전광역시 대덕구청,2025-11-13
신탄진동224,1,대전광역시 대덕구 신탄진남로 20,,36.44700271,127.4344291,,,042-608-5205,대전광역시 대덕구청,2025-11-13
신탄진동225,1,대전광역시 대덕구 신탄진남로 20,,36.44700271,127.4344291,,,042-608-5205,대전광역시 대덕구청,2025-11-13
신탄진동226,1,대전광역시 대덕구 신탄진남로 20,,36.44700271,127.4344291,,,042-608-5205,대전광역시 대덕구청,2025-11-13
신탄진동227,1,대전광역시 대덕구 신탄진남로 20,,36.44700271,127.4344291,,,042-608-5205,대전광역시 대덕구청,2025-11-13
신탄진동228,1,대전광역시 대덕구 신탄진남로 20,,36.44700271,127.4344291,,,042-608-5205,대전광역시 대덕구청,2025-11-13
신탄진동229,1,대전광역시 대덕구 신탄진남로 20,,36.44700271,127.4344291,,,042-608-5205,대전광역시 대덕구청,2025-11-13
신탄진동230,1,대전광역시 대덕구 신탄진남로 20,,36.44700271,127.4344291,,,042-608-5205,대전광역시 대덕구청,2025-11-13
대화동231,1,대전광역시 대덕구 동심5길 29,,36.36568656,127.4126944,,,042-608-5205,대전광역시 대덕구청,2025-11-13
신탄진동231,1,,대전광역시 대덕구 신탄진동 산 23-1,,,,,042-608-5205,대전광역시 대덕구청,2025-11-13
신탄진동232,1,대전광역시 대덕구 신탄진남로 26,,36.44598304,127.4352979,,,042-608-5205,대전광역시 대덕구청,2025-11-13
신탄진동233,1,대전광역시 대덕구 신탄진남로 20,,36.44700271,127.4344291,,,042-608-5205,대전광역시 대덕구청,2025-11-13
신탄진동234,1,대전광역시 대덕구 신탄진남로 20,,36.44700271,127.4344291,,,042-608-5205,대전광역시 대덕구청,2025-11-13
신탄진동235,1,대전광역시 대덕구 신탄진남로 20,,36.44700271,127.4344291,,,042-608-5205,대전광역시 대덕구청,2025-11-13
신탄진동236,1,대전광역시 대덕구 신탄진로762번길 85,,36.44630021,127.4343181,,,042-608-5205,대전광역시 대덕구청,2025-11-13
신탄진동237,1,대전광역시 대덕구 신탄진로762번길 84,,36.44608446,127.4341741,,,042-608-5205,대전광역시 대덕구청,2025-11-13
신탄진동238,1,,대전광역시 대덕구 신탄진동 167-3,,,,,042-608-5205,대전광역시 대덕구청,2025-11-13
신탄진동239,1,대전광역시 대덕구 신탄진로762번길 56,,36.4458911,127.4328257,,,042-608-5205,대전광역시 대덕구청,2025-11-13
신탄진동240,1,대전광역시 대덕구 신탄진로762번길 44,,36.44576769,127.4320665,,,042-608-5205,대전광역시 대덕구청,2025-11-13
대화동232,1,대전광역시 대덕구 대화1길 2,,36.36589907,127.4127446,,,042-608-5205,대전광역시 대덕구청,2025-11-13
신탄진동241,1,대전광역시 대덕구 신탄진동로24번길 48,,36.44569109,127.4323159,,,042-608-5205,대전광역시 대덕구청,2025-11-13
신탄진동242,1,대전광역시 대덕구 신탄진로762번길 46-8,,36.44549432,127.4319044,,,042-608-5205,대전광역시 대덕구청,2025-11-13
신탄진동243,1,,대전광역시 대덕구 신탄진동 172-33,,,,,042-608-5205,대전광역시 대덕구청,2025-11-13
신탄진동244,1,대전광역시 대덕구 신탄진로762번길 28,,36.44557633,127.4311553,,,042-608-5205,대전광역시 대덕구청,2025-11-13
신탄진동245,1,,대전광역시 대덕구 신탄진동 172-2,,,,,042-608-5205,대전광역시 대덕구청,2025-11-13
신탄진동246,1,대전광역시 대덕구 신탄진로762번길 16,,36.44548825,127.4305926,,,042-608-5205,대전광역시 대덕구청,2025-11-13
신탄진동247,1,대전광역시 대덕구 신탄진로762번길 12,,36.44547476,127.4303338,,,042-608-5205,대전광역시 대덕구청,2025-11-13
신탄진동248,1,대전광역시 대덕구 신탄진로762번길 12,,36.44547476,127.4303338,,,042-608-5205,대전광역시 대덕구청,2025-11-13
신탄진동249,1,대전광역시 대덕구 신탄진동로8번길 30,,36.44592422,127.4306441,,,042-608-5205,대전광역시 대덕구청,2025-11-13
신탄진동250,1,대전광역시 대덕구 신탄진동로8번길 33-6,,36.4459191,127.4310635,,,042-608-5205,대전광역시 대덕구청,2025-11-13
대화동233,1,대전광역시 대덕구 동심7길 2,,36.36583592,127.4122406,,,042-608-5205,대전광역시 대덕구청,2025-11-13
신탄진동251,1,대전광역시 대덕구 신탄진동로8번길 33-14,,36.44599994,127.4315369,,,042-608-5205,대전광역시 대덕구청,2025-11-13
신탄진동252,1,대전광역시 대덕구 신탄진로772번길 11,,36.44640842,127.4303166,,,042-608-5205,대전광역시 대덕구청,2025-11-13
신탄진동253,1,대전광역시 대덕구 신탄진로772번길 23,,36.44642432,127.4309057,,,042-608-5205,대전광역시 대덕구청,2025-11-13
신탄진동254,1,대전광역시 대덕구 신탄진로772번길 31,,36.44648756,127.4313611,,,042-608-5205,대전광역시 대덕구청,2025-11-13
신탄진동255,1,대전광역시 대덕구 신탄진로772번길 39,,36.44661615,127.4316875,,,042-608-5205,대전광역시 대덕구청,2025-11-13
신탄진동256,1,대전광역시 대덕구 신탄진로 760-1,,36.44517362,127.4298771,,,042-608-5205,대전광역시 대덕구청,2025-11-13
신탄진동257,1,대전광역시 대덕구 신탄진로756번길 12,,36.44480806,127.4302914,,,042-608-5205,대전광역시 대덕구청,2025-11-13
신탄진동258,1,대전광역시 대덕구 신탄진로756번길 20,,36.44475647,127.430602,,,042-608-5205,대전광역시 대덕구청,2025-11-13
신탄진동259,1,대전광역시 대덕구 신탄진로756번안길 17,,36.44468491,127.4314537,,,042-608-5205,대전광역시 대덕구청,2025-11-13
신탄진동260,1,,대전광역시 대덕구 신탄진동 190-15,,,,,042-608-5205,대전광역시 대덕구청,2025-11-13
대화동234,1,대전광역시 대덕구 동심7길 9,,36.36537186,127.4119663,,,042-608-5205,대전광역시 대덕구청,2025-11-13
신탄진동261,1,,대전광역시 대덕구 신탄진동 192-3,,,,,042-608-5205,대전광역시 대덕구청,2025-11-13
신탄진동262,1,,대전광역시 대덕구 신탄진동 172-42,,,,,042-608-5205,대전광역시 대덕구청,2025-11-13
신탄진동263,1,대전광역시 대덕구 신탄진로762번길 30,,36.44561535,127.4313295,,,042-608-5205,대전광역시 대덕구청,2025-11-13
신탄진동264,1,,대전광역시 대덕구 신탄진동 192-3,,,,,042-608-5205,대전광역시 대덕구청,2025-11-13
신탄진동265,1,대전광역시 대덕구 신탄진로756번길 47,,36.44532045,127.4321399,,,042-608-5205,대전광역시 대덕구청,2025-11-13
신탄진동266,1,,대전광역시 대덕구 신탄진동 196,,,,,042-608-5205,대전광역시 대덕구청,2025-11-13
신탄진동267,1,,대전광역시 대덕구 신탄진동 208-1,,,,,042-608-5205,대전광역시 대덕구청,2025-11-13
신탄진동268,1,,대전광역시 대덕구 신탄진동 208-1,,,,,042-608-5205,대전광역시 대덕구청,2025-11-13
신탄진동269,1,대전광역시 대덕구 신탄진동로36번길 51,,36.44582147,127.4341325,,,042-608-5205,대전광역시 대덕구청,2025-11-13
신탄진동270,1,대전광역시 대덕구 신탄진동로36번길 45,,36.44601655,127.4340131,,,042-608-5205,대전광역시 대덕구청,2025-11-13
대화동023,1,대전광역시 대덕구 동심2길 5,,36.36323318,127.4154091,,,042-608-5205,대전광역시 대덕구청,2025-11-13
대화동235,1,대전광역시 대덕구 동심7길 11,,36.36534358,127.4118057,,,042-608-5205,대전광역시 대덕구청,2025-11-13
신탄진동271,1,,대전광역시 대덕구 신탄진동 209-1,,,,,042-608-5205,대전광역시 대덕구청,2025-11-13
신탄진동272,1,,대전광역시 대덕구 신탄진동 278-1,,,,,042-608-5205,대전광역시 대덕구청,2025-11-13
신탄진동273,1,대전광역시 대덕구 신탄진로756번길 85,,36.4458066,127.4342574,,,042-608-5205,대전광역시 대덕구청,2025-11-13
신탄진동274,1,대전광역시 대덕구 신탄진로756번길 95,,36.44586575,127.4348422,,,042-608-5205,대전광역시 대덕구청,2025-11-13
신탄진동275,1,대전광역시 대덕구 신탄진남로 26,,36.44598304,127.4352979,,,042-608-5205,대전광역시 대덕구청,2025-11-13
신탄진동276,1,대전광역시 대덕구 신탄진남로 26,,36.44598304,127.4352979,,,042-608-5205,대전광역시 대덕구청,2025-11-13
신탄진동277,1,,대전광역시 대덕구 신탄진동 213-16,,,,,042-608-5205,대전광역시 대덕구청,2025-11-13
신탄진동278,1,,대전광역시 대덕구 신탄진동 213-5,,,,,042-608-5205,대전광역시 대덕구청,2025-11-13
신탄진동279,1,,대전광역시 대덕구 신탄진동 213-5,,,,,042-608-5205,대전광역시 대덕구청,2025-11-13
신탄진동280,1,,대전광역시 대덕구 신탄진동 213-5,,,,,042-608-5205,대전광역시 대덕구청,2025-11-13
대화동236,1,대전광역시 대덕구 동심7길 22,,36.3657889,127.411242,,,042-608-5205,대전광역시 대덕구청,2025-11-13
신탄진동281,1,,대전광역시 대덕구 신탄진동 2-15,,,,,042-608-5205,대전광역시 대덕구청,2025-11-13
신탄진동282,1,,대전광역시 대덕구 신탄진동 14,,,,,042-608-5205,대전광역시 대덕구청,2025-11-13
신탄진동283,1,,대전광역시 대덕구 신탄진동 13,,,,,042-608-5205,대전광역시 대덕구청,2025-11-13
신탄진동284,1,,대전광역시 대덕구 신탄진동 215,,,,,042-608-5205,대전광역시 대덕구청,2025-11-13
신탄진동285,1,,대전광역시 대덕구 신탄진동 216-3,,,,,042-608-5205,대전광역시 대덕구청,2025-11-13
신탄진동286,1,,대전광역시 대덕구 신탄진동 216-3,,,,,042-608-5205,대전광역시 대덕구청,2025-11-13
신탄진동287,1,,대전광역시 대덕구 신탄진동 216-3,,,,,042-608-5205,대전광역시 대덕구청,2025-11-13
신탄진동288,1,,대전광역시 대덕구 신탄진동 12-4,,,,,042-608-5205,대전광역시 대덕구청,2025-11-13
신탄진동289,1,대전광역시 대덕구 신탄진로756번길 12,,36.44480806,127.4302914,,,042-608-5205,대전광역시 대덕구청,2025-11-13
신탄진동290,1,대전광역시 대덕구 신탄진로756번안길 17,,36.44468491,127.4314537,,,042-608-5205,대전광역시 대덕구청,2025-11-13
대화동237,1,대전광역시 대덕구 대화1길 17-1,,36.36636988,127.4152296,,,042-608-5205,대전광역시 대덕구청,2025-11-13
신탄진동291,1,대전광역시 대덕구 신탄진로756번안길 17,,36.44468491,127.4314537,,,042-608-5205,대전광역시 대덕구청,2025-11-13
신탄진동292,1,,대전광역시 대덕구 신탄진동 285-2,,,,,042-608-5205,대전광역시 대덕구청,2025-11-13
신탄진동293,1,대전광역시 대덕구 신탄진로756번안길 23-12,,36.44403106,127.4318427,,,042-608-5205,대전광역시 대덕구청,2025-11-13
신탄진동294,1,대전광역시 대덕구 신탄진로756번안길 51,,36.44397523,127.4323287,,,042-608-5205,대전광역시 대덕구청,2025-11-13
신탄진동295,1,대전광역시 대덕구 신탄진로756번안길 23-22,,36.44432203,127.432121,,,042-608-5205,대전광역시 대덕구청,2025-11-13
신탄진동296,1,대전광역시 대덕구 신탄진로756번안길 45,,36.44394064,127.431927,,,042-608-5205,대전광역시 대덕구청,2025-11-13
신탄진동297,1,대전광역시 대덕구 신탄진로756번안길 49,,36.44380642,127.4321627,,,042-608-5205,대전광역시 대덕구청,2025-11-13
신탄진동298,1,대전광역시 대덕구 신탄진로756번안길 52,,36.44354461,127.4327903,,,042-608-5205,대전광역시 대덕구청,2025-11-13
신탄진동299,1,대전광역시 대덕구 신탄진로756번안길 52-13,,36.44325173,127.4330385,,,042-608-5205,대전광역시 대덕구청,2025-11-13
신탄진동300,1,대전광역시 대덕구 신탄진로756번안길 52-19,,36.44291919,127.433291,,,042-608-5205,대전광역시 대덕구청,2025-11-13
대화동238,1,대전광역시 대덕구 대화15길 91,,36.36659751,127.4150749,,,042-608-5205,대전광역시 대덕구청,2025-11-13
신탄진동301,1,대전광역시 대덕구 신탄진로756번안길 52-39,,36.44237216,127.4340419,,,042-608-5205,대전광역시 대덕구청,2025-11-13
신탄진동302,1,,대전광역시 대덕구 신탄진동 259-9,,,,,042-608-5205,대전광역시 대덕구청,2025-11-13
신탄진동303,1,,대전광역시 대덕구 신탄진동 산38-4,,,,,042-608-5205,대전광역시 대덕구청,2025-11-13
신탄진동304,1,대전광역시 대덕구 신탄진로756번안길 65,,36.44411504,127.4325436,,,042-608-5205,대전광역시 대덕구청,2025-11-13
신탄진동305,1,,대전광역시 대덕구 신탄진동 283-2,,,,,042-608-5205,대전광역시 대덕구청,2025-11-13
신탄진동306,1,,대전광역시 대덕구 신탄진동 277,,,,,042-608-5205,대전광역시 대덕구청,2025-11-13
신탄진동307,1,,대전광역시 대덕구 신탄진동 277-16,,,,,042-608-5205,대전광역시 대덕구청,2025-11-13
신탄진동308,1,,대전광역시 대덕구 신탄진동 277-16,,,,,042-608-5205,대전광역시 대덕구청,2025-11-13
신탄진동309,1,,대전광역시 대덕구 신탄진동 277-23,,,,,042-608-5205,대전광역시 대덕구청,2025-11-13
신탄진동310,1,,대전광역시 대덕구 신탄진동 산31-2,,,,,042-608-5205,대전광역시 대덕구청,2025-11-13
대화동239,1,대전광역시 대덕구 대화1길 13,,36.36678189,127.4149198,,,042-608-5205,대전광역시 대덕구청,2025-11-13
신탄진동311,1,대전광역시 대덕구 신탄진로756번안길 183,,36.44435285,127.4394781,,,042-608-5205,대전광역시 대덕구청,2025-11-13
신탄진동312,1,,대전광역시 대덕구 신탄진동 257-4,,,,,042-608-5205,대전광역시 대덕구청,2025-11-13
신탄진동313,1,대전광역시 대덕구 남경마을로33번길 32-20,,36.44164671,127.4333018,,,042-608-5205,대전광역시 대덕구청,2025-11-13
신탄진동314,1,대전광역시 대덕구 남경마을로33번길 32-20,,36.44164671,127.4333018,,,042-608-5205,대전광역시 대덕구청,2025-11-13
신탄진동315,1,,대전광역시 대덕구 신탄진동 254,,,,,042-608-5205,대전광역시 대덕구청,2025-11-13
신탄진동316,1,대전광역시 대덕구 남경마을로33번길 35,,36.44154868,127.4325026,,,042-608-5205,대전광역시 대덕구청,2025-11-13
신탄진동317,1,대전광역시 대덕구 남경마을로33번길 29,,36.44129355,127.4322826,,,042-608-5205,대전광역시 대덕구청,2025-11-13
신탄진동318,1,,대전광역시 대덕구 신탄진동 250,,,,,042-608-5205,대전광역시 대덕구청,2025-11-13
신탄진동319,1,,대전광역시 대덕구 신탄진동 251-2,,,,,042-608-5205,대전광역시 대덕구청,2025-11-13
신탄진동320,1,대전광역시 대덕구 남경마을로33번길 8,,36.44111311,127.4313447,,,042-608-5205,대전광역시 대덕구청,2025-11-13
대화동240,1,대전광역시 대덕구 대화1길 5,,36.36738477,127.4146601,,,042-608-5205,대전광역시 대덕구청,2025-11-13
신탄진동321,1,대전광역시 대덕구 남경마을로 28,,36.44171278,127.4309822,,,042-608-5205,대전광역시 대덕구청,2025-11-13
신탄진동322,1,,대전광역시 대덕구 신탄진동 264-90,,,,,042-608-5205,대전광역시 대덕구청,2025-11-13
신탄진동323,1,대전광역시 대덕구 남경마을로 23,,36.44228723,127.4316189,,,042-608-5205,대전광역시 대덕구청,2025-11-13
신탄진동324,1,대전광역시 대덕구 남경마을로 22-2,,36.4420702,127.4308281,,,042-608-5205,대전광역시 대덕구청,2025-11-13
신탄진동325,1,대전광역시 대덕구 남경마을로 18-3,,36.4421319,127.4307124,,,042-608-5205,대전광역시 대덕구청,2025-11-13
신탄진동326,1,대전광역시 대덕구 남경마을로 18-7,,36.44192346,127.4305373,,,042-608-5205,대전광역시 대덕구청,2025-11-13
신탄진동327,1,대전광역시 대덕구 남경마을로 18,,36.44223717,127.4305078,,,042-608-5205,대전광역시 대덕구청,2025-11-13
신탄진동328,1,대전광역시 대덕구 남경마을로 18-8,,36.44201785,127.4303504,,,042-608-5205,대전광역시 대덕구청,2025-11-13
신탄진동329,1,대전광역시 대덕구 신탄진로738번길 1,,36.44306887,127.4297762,,,042-608-5205,대전광역시 대덕구청,2025-11-13
신탄진동330,1,대전광역시 대덕구 남경마을로 8-11,,36.44252009,127.4300453,,,042-608-5205,대전광역시 대덕구청,2025-11-13
대화동241,1,대전광역시 대덕구 대화1길 5,,36.36738477,127.4146601,,,042-608-5205,대전광역시 대덕구청,2025-11-13
신탄진동331,1,대전광역시 대덕구 신탄진로750번길 7,,36.44461425,127.4300569,,,042-608-5205,대전광역시 대덕구청,2025-11-13
신탄진동332,1,대전광역시 대덕구 신탄진로750번길 12,,36.44434293,127.4303275,,,042-608-5205,대전광역시 대덕구청,2025-11-13
신탄진동333,1,,대전광역시 대덕구 신탄진동 285-34,,,,,042-608-5205,대전광역시 대덕구청,2025-11-13
신탄진동334,1,,대전광역시 대덕구 신탄진동 285-36,,,,,042-608-5205,대전광역시 대덕구청,2025-11-13
신탄진동335,1,,대전광역시 대덕구 신탄진동 265-5,,,,,042-608-5205,대전광역시 대덕구청,2025-11-13
신탄진동336,1,,대전광역시 대덕구 신탄진동 266-15,,,,,042-608-5205,대전광역시 대덕구청,2025-11-13
신탄진동337,1,,대전광역시 대덕구 신탄진동 266-15,,,,,042-608-5205,대전광역시 대덕구청,2025-11-13
신탄진동338,1,,대전광역시 대덕구 신탄진동 266-4,,,,,042-608-5205,대전광역시 대덕구청,2025-11-13
신탄진동339,1,대전광역시 대덕구 남경마을로15번길 38-12,,36.44312124,127.4322437,,,042-608-5205,대전광역시 대덕구청,2025-11-13
신탄진동340,1,대전광역시 대덕구 남경마을로15번길 34-12,,36.44290867,127.4322157,,,042-608-5205,대전광역시 대덕구청,2025-11-13
대화동242,1,대전광역시 대덕구 대화15길 122,,36.36655419,127.4161309,,,042-608-5205,대전광역시 대덕구청,2025-11-13
신탄진동341,1,,대전광역시 대덕구 신탄진동 295-34,,,,,042-608-5205,대전광역시 대덕구청,2025-11-13
신탄진동342,1,대전광역시 대덕구 남경마을로5번길 31,,36.4432933,127.431513,,,042-608-5205,대전광역시 대덕구청,2025-11-13
신탄진동343,1,대전광역시 대덕구 남경마을로15번길 38-4,,36.44319466,127.4318782,,,042-608-5205,대전광역시 대덕구청,2025-11-13
신탄진동344,1,대전광역시 대덕구 남경마을로15번길 32,,36.44292107,127.4317786,,,042-608-5205,대전광역시 대덕구청,2025-11-13
신탄진동345,1,대전광역시 대덕구 남경마을로15번길 22-18,,36.44262126,127.4319509,,,042-608-5205,대전광역시 대덕구청,2025-11-13
신탄진동346,1,대전광역시 대덕구 남경마을로15번길 24,,36.44258602,127.4317276,,,042-608-5205,대전광역시 대덕구청,2025-11-13
신탄진동347,1,대전광역시 대덕구 남경마을로13번길 18,,36.44259478,127.4312994,,,042-608-5205,대전광역시 대덕구청,2025-11-13
신탄진동348,1,대전광역시 대덕구 남경마을로13번길 12,,36.44255984,127.4309914,,,042-608-5205,대전광역시 대덕구청,2025-11-13
신탄진동349,1,,대전광역시 대덕구 신탄진동 295-172,,,,,042-608-5205,대전광역시 대덕구청,2025-11-13
신탄진동350,1,,대전광역시 대덕구 신탄진동 295-128,,,,,042-608-5205,대전광역시 대덕구청,2025-11-13
대화동243,1,대전광역시 대덕구 대화15길 95,,36.36684464,127.4155352,,,042-608-5205,대전광역시 대덕구청,2025-11-13
신탄진동351,1,,대전광역시 대덕구 신탄진동 295-128,,,,,042-608-5205,대전광역시 대덕구청,2025-11-13
신탄진동352,1,,대전광역시 대덕구 신탄진동 295-129,,,,,042-608-5205,대전광역시 대덕구청,2025-11-13
신탄진동353,1,,대전광역시 대덕구 신탄진동 295-137,,,,,042-608-5205,대전광역시 대덕구청,2025-11-13
신탄진동354,1,,대전광역시 대덕구 신탄진동 295-137,,,,,042-608-5205,대전광역시 대덕구청,2025-11-13
신탄진동355,1,대전광역시 대덕구 남경마을로5번길 26,,36.44314642,127.4312623,,,042-608-5205,대전광역시 대덕구청,2025-11-13
신탄진동356,1,대전광역시 대덕구 남경마을로5번길 18,,36.44311176,127.4308784,,,042-608-5205,대전광역시 대덕구청,2025-11-13
신탄진동357,1,대전광역시 대덕구 남경마을로5번길 14,,36.44308361,127.4306864,,,042-608-5205,대전광역시 대덕구청,2025-11-13
신탄진동358,1,대전광역시 대덕구 남경마을로5번길 8,,36.44304179,127.4302891,,,042-608-5205,대전광역시 대덕구청,2025-11-13
신탄진동359,1,대전광역시 대덕구 남경마을로3번길 8,,36.44323678,127.4301965,,,042-608-5205,대전광역시 대덕구청,2025-11-13
신탄진동360,1,대전광역시 대덕구 남경마을로3번길 15,,36.44343335,127.4306616,,,042-608-5205,대전광역시 대덕구청,2025-11-13
대화동244,1,대전광역시 대덕구 대화15길 91-2,,36.36676294,127.4151872,,,042-608-5205,대전광역시 대덕구청,2025-11-13
신탄진동361,1,,대전광역시 대덕구 신탄진동 708-19,,,,,042-608-5205,대전광역시 대덕구청,2025-11-13
신탄진동362,1,,대전광역시 대덕구 신탄진동 708-62,,,,,042-608-5205,대전광역시 대덕구청,2025-11-13
신탄진동364,1,,대전광역시 대덕구 신탄진동 708-26,,,,,042-608-5205,대전광역시 대덕구청,2025-11-13
신탄진동365,1,,대전광역시 대덕구 신탄진동 708-26,,,,,042-608-5205,대전광역시 대덕구청,2025-11-13
신탄진동366,1,,대전광역시 대덕구 신탄진동 708-26,,,,,042-608-5205,대전광역시 대덕구청,2025-11-13
신탄진동367,1,,대전광역시 대덕구 신탄진동 708-26,,,,,042-608-5205,대전광역시 대덕구청,2025-11-13
신탄진동368,1,,대전광역시 대덕구 신탄진동 708-26,,,,,042-608-5205,대전광역시 대덕구청,2025-11-13
신탄진동369,1,대전광역시 대덕구 신탄진로744번길 20,,36.44392031,127.4305706,,,042-608-5205,대전광역시 대덕구청,2025-11-13
신탄진동370,1,대전광역시 대덕구 남경마을로 22-11,,36.44163447,127.4307097,,,042-608-5205,대전광역시 대덕구청,2025-11-13
신탄진동371,1,,대전광역시 대덕구 신탄진동 299-5,,,,,042-608-5205,대전광역시 대덕구청,2025-11-13
대화동024,1,대전광역시 대덕구 동심2길 16,,36.36342435,127.4153744,,,042-608-5205,대전광역시 대덕구청,2025-11-13
대화동245,1,대전광역시 대덕구 대화15길 91-2,,36.36676294,127.4151872,,,042-608-5205,대전광역시 대덕구청,2025-11-13
신탄진동372,1,,대전광역시 대덕구 신탄진동 245-4,,,,,042-608-5205,대전광역시 대덕구청,2025-11-13
신탄진동373,1,,대전광역시 대덕구 신탄진동 245-4,,,,,042-608-5205,대전광역시 대덕구청,2025-11-13
신탄진동374,1,,대전광역시 대덕구 신탄진동 245-4,,,,,042-608-5205,대전광역시 대덕구청,2025-11-13
신탄진동375,1,,대전광역시 대덕구 신탄진동 299-5,,,,,042-608-5205,대전광역시 대덕구청,2025-11-13
신탄진동376,1,,대전광역시 대덕구 신탄진동 243-1,,,,,042-608-5205,대전광역시 대덕구청,2025-11-13
신탄진동377,1,,대전광역시 대덕구 신탄진동 243-1,,,,,042-608-5205,대전광역시 대덕구청,2025-11-13
신탄진동378,1,대전광역시 대덕구 신탄진로756번안길 213,,36.4436057,127.4407231,,,042-608-5205,대전광역시 대덕구청,2025-11-13
신탄진동379,1,대전광역시 대덕구 신탄진로756번안길 223,,36.44504034,127.4471938,,,042-608-5205,대전광역시 대덕구청,2025-11-13
신탄진동380,1,,대전광역시 대덕구 신탄진동 64-3,,,,,042-608-5205,대전광역시 대덕구청,2025-11-13
신탄진동381,1,대전광역시 대덕구 신탄진로756번안길 223,,36.44504034,127.4471938,,,042-608-5205,대전광역시 대덕구청,2025-11-13
대화동246,1,대전광역시 대덕구 대화10길 128,,36.36711409,127.4147567,,,042-608-5205,대전광역시 대덕구청,2025-11-13
신탄진동382,1,대전광역시 대덕구 신탄진로756번안길 223,,36.44504034,127.4471938,,,042-608-5205,대전광역시 대덕구청,2025-11-13
신탄진동383,1,대전광역시 대덕구 신탄진로756번안길 223,,36.44504034,127.4471938,,,042-608-5205,대전광역시 대덕구청,2025-11-13
신탄진동384,1,,대전광역시 대덕구 신탄진동 95-14,,,,,042-608-5205,대전광역시 대덕구청,2025-11-13
신탄진동385,1,,대전광역시 대덕구 신탄진동 97,,,,,042-608-5205,대전광역시 대덕구청,2025-11-13
신탄진동386,1,,대전광역시 대덕구 신탄진동 99-1,,,,,042-608-5205,대전광역시 대덕구청,2025-11-13
신탄진동387,1,,대전광역시 대덕구 신탄진동 99,,,,,042-608-5205,대전광역시 대덕구청,2025-11-13
신탄진동388,1,,대전광역시 대덕구 신탄진동 100-2,,,,,042-608-5205,대전광역시 대덕구청,2025-11-13
신탄진동389,1,,대전광역시 대덕구 신탄진동 101-8,,,,,042-608-5205,대전광역시 대덕구청,2025-11-13
신탄진동390,1,,대전광역시 대덕구 신탄진동 200-1,,,,,042-608-5205,대전광역시 대덕구청,2025-11-13
신탄진동391,1,,대전광역시 대덕구 신탄진동 201-1,,,,,042-608-5205,대전광역시 대덕구청,2025-11-13
대화동247,1,대전광역시 대덕구 대화10길 96,,36.36720421,127.4157912,,,042-608-5205,대전광역시 대덕구청,2025-11-13
신탄진동392,1,,대전광역시 대덕구 신탄진동 213-1,36.44542102,127.4371865,,,042-608-5205,대전광역시 대덕구청,2025-11-13
신탄진동393,1,대전광역시 대덕구 신탄진로756번안길 446,,36.43604705,127.448439,,,042-608-5205,대전광역시 대덕구청,2025-11-13
신탄진동394,1,대전광역시 대덕구 신탄진로756번안길 452-14,,36.43542643,127.4485595,,,042-608-5205,대전광역시 대덕구청,2025-11-13
신탄진동395,1,대전광역시 대덕구 신탄진로756번안길 452-20,,36.4351126,127.4486201,,,042-608-5205,대전광역시 대덕구청,2025-11-13
신탄진동396,1,,대전광역시 대덕구 신탄진동 221-11,,,,,042-608-5205,대전광역시 대덕구청,2025-11-13
신탄진동397,1,,대전광역시 대덕구 신탄진동 221-11,,,,,042-608-5205,대전광역시 대덕구청,2025-11-13
신탄진동398,1,,대전광역시 대덕구 신탄진동 174-1,36.44618296,127.4298648,,,042-608-5205,대전광역시 대덕구청,2025-11-13
신탄진동399,1,,대전광역시 대덕구 신탄진동 175,,,,,042-608-5205,대전광역시 대덕구청,2025-11-13
신탄진동400,1,,대전광역시 대덕구 신탄진동 164-1,36.44737827,127.4342438,,,042-608-5205,대전광역시 대덕구청,2025-11-13
신탄진동401,1,,대전광역시 대덕구 신탄진동 163,,,,,042-608-5205,대전광역시 대덕구청,2025-11-13
대화동248,1,대전광역시 대덕구 대화10길 96,,36.36720421,127.4157912,,,042-608-5205,대전광역시 대덕구청,2025-11-13
신탄진동402,1,,대전광역시 대덕구 신탄진동 143,,,,,042-608-5205,대전광역시 대덕구청,2025-11-13
신탄진동403,1,대전광역시 대덕구 신탄진로756번안길 513-19,,36.43598912,127.4522832,,,042-608-5205,대전광역시 대덕구청,2025-11-13
신탄진동404,1,대전광역시 대덕구 신탄진로756번안길 513-6,,36.43587932,127.4517695,,,042-608-5205,대전광역시 대덕구청,2025-11-13
신탄진동405,1,,대전광역시 대덕구 신탄진동 193-1,,,,,042-608-5205,대전광역시 대덕구청,2025-11-13
신탄진동406,1,대전광역시 대덕구 신탄진로756번안길 477-32,,36.43815584,127.4502882,,,042-608-5205,대전광역시 대덕구청,2025-11-13
신탄진동407,1,,대전광역시 대덕구 신탄진동 37-1,,,,,042-608-5205,대전광역시 대덕구청,2025-11-13
신탄진동408,1,,대전광역시 대덕구 신탄진동 37-3,,,,,042-608-5205,대전광역시 대덕구청,2025-11-13
신탄진동409,1,대전광역시 대덕구 대청호수로 1871-7,,36.44254293,127.4661872,,,042-608-5205,대전광역시 대덕구청,2025-11-13
신탄진동410,1,대전광역시 대덕구 대청호수로 1875,,36.4428625,127.4665059,,,042-608-5205,대전광역시 대덕구청,2025-11-13
신탄진동411,1,,대전광역시 대덕구 신탄진동 234-2,,,,,042-608-5205,대전광역시 대덕구청,2025-11-13
대화동249,1,대전광역시 대덕구 대화로 29,,36.36740763,127.4163806,,,042-608-5205,대전광역시 대덕구청,2025-11-13
신탄진동412,1,대전광역시 대덕구 대청호수로 1869-32,대전광역시 대덕구 신탄진동 240-5,36.44277477,127.4658942,,,042-608-5205,대전광역시 대덕구청,2025-11-13
신탄진동413,1,대전광역시 대덕구 대청호수로 1869-17,대전광역시 대덕구 신탄진동 240-9,36.44222324,127.4659002,,,042-608-5205,대전광역시 대덕구청,2025-11-13
신탄진동414,1,,대전광역시 대덕구 신탄진동 산 37-1,,,,,042-608-5205,대전광역시 대덕구청,2025-11-13
신탄진동415,1,대전광역시 대덕구 대청호수로 1559-13,대전광역시 대덕구 신탄진동 238-6,36.42794059,127.4652524,,,042-608-5205,대전광역시 대덕구청,2025-11-13
신탄진동416,1,대전광역시 대덕구 대청호수로 1559-19,대전광역시 대덕구 신탄진동 236-4,36.42819994,127.4651826,,,042-608-5205,대전광역시 대덕구청,2025-11-13
신탄진동417,1,,대전광역시 대덕구 신탄진동 235-9,,,,,042-608-5205,대전광역시 대덕구청,2025-11-13
신탄진동418,1,,대전광역시 대덕구 신탄진동 산 65-1,,,,,042-608-5205,대전광역시 대덕구청,2025-11-13
신탄진동419,1,,대전광역시 대덕구 신탄진동 산 66-1,,,,,042-608-5205,대전광역시 대덕구청,2025-11-13
신탄진동420,1,,대전광역시 대덕구 신탄진동 산 66-1,,,,,042-608-5205,대전광역시 대덕구청,2025-11-13
신탄진동421,1,,대전광역시 대덕구 신탄진동 산 66-1,,,,,042-608-5205,대전광역시 대덕구청,2025-11-13
대화동250,1,,대전광역시 대덕구 대화동 16-152,36.36740763,127.4163806,,,042-608-5205,대전광역시 대덕구청,2025-11-13
신탄진동422,1,,대전광역시 대덕구 신탄진동 산 66-1,,,,,042-608-5205,대전광역시 대덕구청,2025-11-13
신탄진동423,1,,대전광역시 대덕구 신탄진동 산 67-1,,,,,042-608-5205,대전광역시 대덕구청,2025-11-13
신탄진동424,1,,대전광역시 대덕구 신탄진동 산 68-5,,,,,042-608-5205,대전광역시 대덕구청,2025-11-13
신탄진동425,1,,대전광역시 대덕구 신탄진동 산 68-6,,,,,042-608-5205,대전광역시 대덕구청,2025-11-13
신탄진동426,1,,대전광역시 대덕구 신탄진동 352-1,,,,,042-608-5205,대전광역시 대덕구청,2025-11-13
신탄진동427,1,대전광역시 대덕구 대청호수로1325번길 12,,36.41070279,127.4625675,,,042-608-5205,대전광역시 대덕구청,2025-11-13
신탄진동428,1,대전광역시 대덕구 대청호수로1325번길 24,,36.41040444,127.4623517,,,042-608-5205,대전광역시 대덕구청,2025-11-13
신탄진동429,1,대전광역시 대덕구 대청호수로1325번길 30,,36.41028956,127.4622306,,,042-608-5205,대전광역시 대덕구청,2025-11-13
신탄진동430,1,대전광역시 대덕구 대청호수로1325번길 44,,36.40976898,127.4616879,,,042-608-5205,대전광역시 대덕구청,2025-11-13
신탄진동431,1,,대전광역시 대덕구 신탄진동 154-1,36.44800148,127.4303701,,,042-608-5205,대전광역시 대덕구청,2025-11-13
대화동251,1,대전광역시 대덕구 대화11길 11,,36.36653507,127.4174769,,,042-608-5205,대전광역시 대덕구청,2025-11-13
신탄진동432,1,대전광역시 대덕구 대청로570번길 41,,36.46933056,127.4740015,,,042-608-5205,대전광역시 대덕구청,2025-11-13
신탄진동433,1,,대전광역시 대덕구 신탄진동 136,,,,,042-608-5205,대전광역시 대덕구청,2025-11-13
신탄진동434,1,,대전광역시 대덕구 신탄진동 25,,,,,042-608-5205,대전광역시 대덕구청,2025-11-13
신탄진동435,1,,대전광역시 대덕구 신탄진동 1-26,,,,,042-608-5205,대전광역시 대덕구청,2025-11-13
신탄진동436,1,,대전광역시 대덕구 신탄진동 199,,,,,042-608-5205,대전광역시 대덕구청,2025-11-13
신탄진동437,1,,대전광역시 대덕구 신탄진동 200-2,,,,,042-608-5205,대전광역시 대덕구청,2025-11-13
신탄진동438,1,,대전광역시 대덕구 신탄진동 202,,,,,042-608-5205,대전광역시 대덕구청,2025-11-13
신탄진동439,1,대전광역시 대덕구 대청로526번길 83,,36.46720463,127.4737999,,,042-608-5205,대전광역시 대덕구청,2025-11-13
신탄진동440,1,,대전광역시 대덕구 신탄진동 207-3,,,,,042-608-5205,대전광역시 대덕구청,2025-11-13
신탄진동441,1,,대전광역시 대덕구 신탄진동 177-1,,,,,042-608-5205,대전광역시 대덕구청,2025-11-13
대화동252,1,대전광역시 대덕구 대화11길 22,,36.36624666,127.4164547,,,042-608-5205,대전광역시 대덕구청,2025-11-13
신탄진동442,1,,대전광역시 대덕구 신탄진동 184,,,,,042-608-5205,대전광역시 대덕구청,2025-11-13
신탄진동443,1,,대전광역시 대덕구 신탄진동 195-10,,,,,042-608-5205,대전광역시 대덕구청,2025-11-13
신탄진동444,1,대전광역시 대덕구 대청로526번길 37-6,,36.46734572,127.4709413,,,042-608-5205,대전광역시 대덕구청,2025-11-13
신탄진동445,1,,대전광역시 대덕구 신탄진동 214-6,,,,,042-608-5205,대전광역시 대덕구청,2025-11-13
신탄진동446,1,,대전광역시 대덕구 신탄진동 216-4,36.44809411,127.4385935,,,042-608-5205,대전광역시 대덕구청,2025-11-13
신탄진동447,1,,대전광역시 대덕구 신탄진동 258,,,,,042-608-5205,대전광역시 대덕구청,2025-11-13
신탄진동448,1,대전광역시 대덕구 대청로 527-28,,36.4673968,127.4680363,,,042-608-5205,대전광역시 대덕구청,2025-11-13
신탄진동449,1,,대전광역시 대덕구 신탄진동 349-1,,,,,042-608-5205,대전광역시 대덕구청,2025-11-13
신탄진동450,1,대전광역시 대덕구 대청로526번길 126,,36.46555376,127.474697,,,042-608-5205,대전광역시 대덕구청,2025-11-13
신탄진동451,1,대전광역시 대덕구 대청로500번길 88,,36.46398551,127.4720322,,,042-608-5205,대전광역시 대덕구청,2025-11-13
대화동253,1,대전광역시 대덕구 대화로 29,,36.36740763,127.4163806,,,042-608-5205,대전광역시 대덕구청,2025-11-13
신탄진동452,1,,대전광역시 대덕구 신탄진동 327-3,,,,,042-608-5205,대전광역시 대덕구청,2025-11-13
신탄진동453,1,,대전광역시 대덕구 신탄진동 326-1,,,,,042-608-5205,대전광역시 대덕구청,2025-11-13
신탄진동454,1,,대전광역시 대덕구 신탄진동 324-1,,,,,042-608-5205,대전광역시 대덕구청,2025-11-13
신탄진동455,1,대전광역시 대덕구 대청로500번길 35,,36.46521419,127.4694156,,,042-608-5205,대전광역시 대덕구청,2025-11-13
신탄진동456,1,대전광역시 대덕구 대청로500번길 21,,36.46516671,127.4686566,,,042-608-5205,대전광역시 대덕구청,2025-11-13
신탄진동457,1,,대전광역시 대덕구 신탄진동 277-1,,,,,042-608-5205,대전광역시 대덕구청,2025-11-13
신탄진동458,1,대전광역시 대덕구 대청로 502,,36.46529626,127.4677916,,,042-608-5205,대전광역시 대덕구청,2025-11-13
신탄진동459,1,대전광역시 대덕구 대청로 508-16,,36.46581614,127.4685043,,,042-608-5205,대전광역시 대덕구청,2025-11-13
신탄진동460,1,,대전광역시 대덕구 신탄진동 287-1,,,,,042-608-5205,대전광역시 대덕구청,2025-11-13
신탄진동461,1,,대전광역시 대덕구 신탄진동 302-2,,,,,042-608-5205,대전광역시 대덕구청,2025-11-13
대화동254,1,대전광역시 대덕구 대화로 29,,36.36740763,127.4163806,,,042-608-5205,대전광역시 대덕구청,2025-11-13
신탄진동462,1,,대전광역시 대덕구 신탄진동 302-2,,,,,042-608-5205,대전광역시 대덕구청,2025-11-13
신탄진동463,1,,대전광역시 대덕구 신탄진동 306,,,,,042-608-5205,대전광역시 대덕구청,2025-11-13
신탄진동464,1,,대전광역시 대덕구 신탄진동 307,,,,,042-608-5205,대전광역시 대덕구청,2025-11-13
신탄진동465,1,,대전광역시 대덕구 신탄진동 307-1,,,,,042-608-5205,대전광역시 대덕구청,2025-11-13
신탄진동466,1,,대전광역시 대덕구 신탄진동 323,,,,,042-608-5205,대전광역시 대덕구청,2025-11-13
신탄진동467,1,,대전광역시 대덕구 신탄진동 320,,,,,042-608-5205,대전광역시 대덕구청,2025-11-13
신탄진동468,1,,대전광역시 대덕구 신탄진동 320,,,,,042-608-5205,대전광역시 대덕구청,2025-11-13
신탄진동469,1,,대전광역시 대덕구 신탄진동 319-3,,,,,042-608-5205,대전광역시 대덕구청,2025-11-13
신탄진동470,1,,대전광역시 대덕구 신탄진동 335,,,,,042-608-5205,대전광역시 대덕구청,2025-11-13
신탄진동471,1,대전광역시 대덕구 대청로490번길 14-8,,36.46388804,127.4674886,,,042-608-5205,대전광역시 대덕구청,2025-11-13
대화동025,1,대전광역시 대덕구 대오길 41,,36.36383968,127.4151449,,,042-608-5205,대전광역시 대덕구청,2025-11-13
대화동255,1,대전광역시 대덕구 대화12길 4,,36.3673459,127.4185732,,,042-608-5205,대전광역시 대덕구청,2025-11-13
신탄진동472,1,,대전광역시 대덕구 신탄진동 397-1,,,,,042-608-5205,대전광역시 대덕구청,2025-11-13
신탄진동473,1,,대전광역시 대덕구 신탄진동 397-2,,,,,042-608-5205,대전광역시 대덕구청,2025-11-13
신탄진동474,1,,대전광역시 대덕구 신탄진동 420-3,,,,,042-608-5205,대전광역시 대덕구청,2025-11-13
신탄진동475,1,대전광역시 대덕구 대청로424번길 440,,36.45151579,127.4696275,,,042-608-5205,대전광역시 대덕구청,2025-11-13
신탄진동476,1,,대전광역시 대덕구 신탄진동 산 9-1,,,,,042-608-5205,대전광역시 대덕구청,2025-11-13
신탄진동477,1,대전광역시 대덕구 대청로424번안길 8,,36.4504873,127.4680909,,,042-608-5205,대전광역시 대덕구청,2025-11-13
신탄진동478,1,대전광역시 대덕구 대청로424번안길 12,,36.45014338,127.4682847,,,042-608-5205,대전광역시 대덕구청,2025-11-13
신탄진동479,1,,대전광역시 대덕구 신탄진동 302,,,,,042-608-5205,대전광역시 대덕구청,2025-11-13
신탄진동480,1,,대전광역시 대덕구 신탄진동 303-2,,,,,042-608-5205,대전광역시 대덕구청,2025-11-13
신탄진동481,1,,대전광역시 대덕구 신탄진동 30-2,,,,,042-608-5205,대전광역시 대덕구청,2025-11-13
대화동256,1,대전광역시 대덕구 대화12길 4,,36.3673459,127.4185732,,,042-608-5205,대전광역시 대덕구청,2025-11-13
신탄진동482,1,,대전광역시 대덕구 신탄진동 34,36.452979,127.437443,,,042-608-5205,대전광역시 대덕구청,2025-11-13
신탄진동483,1,대전광역시 대덕구 대청로424번안길 49,,36.45092194,127.470311,,,042-608-5205,대전광역시 대덕구청,2025-11-13
신탄진동484,1,대전광역시 대덕구 대청로424번안길 49,,36.45092194,127.470311,,,042-608-5205,대전광역시 대덕구청,2025-11-13
신탄진동485,1,,대전광역시 대덕구 신탄진동 24,,,,,042-608-5205,대전광역시 대덕구청,2025-11-13
신탄진동486,1,,대전광역시 대덕구 신탄진동 산 5-2,,,,,042-608-5205,대전광역시 대덕구청,2025-11-13
신탄진동487,1,,대전광역시 대덕구 신탄진동 산 5-2,,,,,042-608-5205,대전광역시 대덕구청,2025-11-13
신탄진동488,1,,대전광역시 대덕구 신탄진동 298-3,,,,,042-608-5205,대전광역시 대덕구청,2025-11-13
신탄진동489,1,,대전광역시 대덕구 신탄진동 316,,,,,042-608-5205,대전광역시 대덕구청,2025-11-13
신탄진동490,1,대전광역시 대덕구 대청로424번길 504-14,,36.45030326,127.4663006,,,042-608-5205,대전광역시 대덕구청,2025-11-13
신탄진동491,1,대전광역시 대덕구 대청로424번길 516-16,,36.45006407,127.4657057,,,042-608-5205,대전광역시 대덕구청,2025-11-13
대화동257,1,대전광역시 대덕구 대화10길 72,,36.36650121,127.4178823,,,042-608-5205,대전광역시 대덕구청,2025-11-13
신탄진동492,1,대전광역시 대덕구 대청로424번길 516-5,,36.44953777,127.4657115,,,042-608-5205,대전광역시 대덕구청,2025-11-13
신탄진동493,1,,대전광역시 대덕구 신탄진동 317-4,,,,,042-608-5205,대전광역시 대덕구청,2025-11-13
신탄진동494,1,대전광역시 대덕구 대청로424번길 520,,36.44946816,127.4659992,,,042-608-5205,대전광역시 대덕구청,2025-11-13
신탄진동495,1,,대전광역시 대덕구 신탄진동 335-2,,,,,042-608-5205,대전광역시 대덕구청,2025-11-13
신탄진동496,1,,대전광역시 대덕구 신탄진동 산 2-1,,,,,042-608-5205,대전광역시 대덕구청,2025-11-13
신탄진동497,1,대전광역시 대덕구 대청로424번길 554,,36.44790948,127.4654564,,,042-608-5205,대전광역시 대덕구청,2025-11-13
신탄진동498,1,,대전광역시 대덕구 신탄진동 산 1-1,,,,,042-608-5205,대전광역시 대덕구청,2025-11-13
신탄진동499,1,,대전광역시 대덕구 신탄진동 산 1-1,,,,,042-608-5205,대전광역시 대덕구청,2025-11-13
신탄진동500,1,,대전광역시 대덕구 신탄진동 산 1-1,,,,,042-608-5205,대전광역시 대덕구청,2025-11-13
신탄진동501,1,,대전광역시 대덕구 신탄진동 산 1-1,,,,,042-608-5205,대전광역시 대덕구청,2025-11-13
대화동258,1,대전광역시 대덕구 대화로 69,,36.36722791,127.4120741,,,042-608-5205,대전광역시 대덕구청,2025-11-13
신탄진동502,1,,대전광역시 대덕구 신탄진동 산 1-1,,,,,042-608-5205,대전광역시 대덕구청,2025-11-13
신탄진동503,1,,대전광역시 대덕구 신탄진동 산 1-1,,,,,042-608-5205,대전광역시 대덕구청,2025-11-13
신탄진동504,1,,대전광역시 대덕구 신탄진동 산 1-1,,,,,042-608-5205,대전광역시 대덕구청,2025-11-13
신탄진동505,1,,대전광역시 대덕구 신탄진동 산 1-1,,,,,042-608-5205,대전광역시 대덕구청,2025-11-13
신탄진동506,1,,대전광역시 대덕구 신탄진동 산 1-1,,,,,042-608-5205,대전광역시 대덕구청,2025-11-13
신탄진동507,1,,대전광역시 대덕구 신탄진동 산 1-1,,,,,042-608-5205,대전광역시 대덕구청,2025-11-13
신탄진동508,1,,대전광역시 대덕구 신탄진동 산 1-1,,,,,042-608-5205,대전광역시 대덕구청,2025-11-13
신탄진동509,1,,대전광역시 대덕구 신탄진동 산 1-1,,,,,042-608-5205,대전광역시 대덕구청,2025-11-13
신탄진동510,1,,대전광역시 대덕구 신탄진동 산 1-1,,,,,042-608-5205,대전광역시 대덕구청,2025-11-13
신탄진동511,1,,대전광역시 대덕구 신탄진동 산 1-1,,,,,042-608-5205,대전광역시 대덕구청,2025-11-13
대화동259,1,대전광역시 대덕구 대화로 71,,36.36718542,127.411851,,,042-608-5205,대전광역시 대덕구청,2025-11-13
신탄진동512,1,,대전광역시 대덕구 신탄진동 산 27-4,,,,,042-608-5205,대전광역시 대덕구청,2025-11-13
신탄진동513,1,,대전광역시 대덕구 신탄진동 산 27-12,,,,,042-608-5205,대전광역시 대덕구청,2025-11-13
신탄진동514,1,,대전광역시 대덕구 신탄진동 426-1,,,,,042-608-5205,대전광역시 대덕구청,2025-11-13
신탄진동515,1,,대전광역시 대덕구 신탄진동 40-1,36.4541654,127.4373114,,,042-608-5205,대전광역시 대덕구청,2025-11-13
신탄진동516,1,,대전광역시 대덕구 신탄진동 37,,,,,042-608-5205,대전광역시 대덕구청,2025-11-13
신탄진동517,1,대전광역시 대덕구 대청호수로1325번길 52,,36.40943119,127.4614183,,,042-608-5205,대전광역시 대덕구청,2025-11-13
신탄진동518,1,,대전광역시 대덕구 신탄진동 산 48-7,,,,,042-608-5205,대전광역시 대덕구청,2025-11-13
신탄진동519,1,대전광역시 대덕구 대청호수로1325번길 31-24,,36.40935266,127.4630812,,,042-608-5205,대전광역시 대덕구청,2025-11-13
신탄진동520,1,대전광역시 대덕구 대청호수로1325번길 31-28,,36.40933377,127.4633041,,,042-608-5205,대전광역시 대덕구청,2025-11-13
신탄진동521,1,대전광역시 대덕구 대청호수로1325번길 31-23,,36.40965823,127.4632927,,,042-608-5205,대전광역시 대덕구청,2025-11-13
대화동260,1,대전광역시 대덕구 대화로 77,,36.36677531,127.4116127,,,042-608-5205,대전광역시 대덕구청,2025-11-13
신탄진동522,1,,대전광역시 대덕구 신탄진동 272,36.44307351,127.4344697,,,042-608-5205,대전광역시 대덕구청,2025-11-13
신탄진동523,1,,대전광역시 대덕구 신탄진동 268,,,,,042-608-5205,대전광역시 대덕구청,2025-11-13
신탄진동524,1,,대전광역시 대덕구 신탄진동 278,,,,,042-608-5205,대전광역시 대덕구청,2025-11-13
신탄진동525,1,,대전광역시 대덕구 신탄진동 289,,,,,042-608-5205,대전광역시 대덕구청,2025-11-13
신탄진동526,1,,대전광역시 대덕구 신탄진동 212-1,,,,,042-608-5205,대전광역시 대덕구청,2025-11-13
신탄진동527,1,,대전광역시 대덕구 신탄진동 212-1,,,,,042-608-5205,대전광역시 대덕구청,2025-11-13
신탄진동528,1,,대전광역시 대덕구 신탄진동 200-1,,,,,042-608-5205,대전광역시 대덕구청,2025-11-13
신탄진동529,1,대전광역시 대덕구 대청호수로1326번길 57-11,,36.41280284,127.4648009,,,042-608-5205,대전광역시 대덕구청,2025-11-13
신탄진동530,1,,대전광역시 대덕구 신탄진동 197-1,,,,,042-608-5205,대전광역시 대덕구청,2025-11-13
신탄진동531,1,,대전광역시 대덕구 신탄진동 204,,,,,042-608-5205,대전광역시 대덕구청,2025-11-13
대화동261,1,대전광역시 대덕구 동심5길 77,,,,,,042-608-5205,대전광역시 대덕구청,2025-11-13
신탄진동532,1,대전광역시 대덕구 대청호수로1326번길 75,,36.41373892,127.466015,,,042-608-5205,대전광역시 대덕구청,2025-11-13
신탄진동533,1,,대전광역시 대덕구 신탄진동 190-4,,,,,042-608-5205,대전광역시 대덕구청,2025-11-13
신탄진동534,1,대전광역시 대덕구 대청호수로1326번길 99,,36.41462972,127.4668231,,,042-608-5205,대전광역시 대덕구청,2025-11-13
신탄진동535,1,대전광역시 대덕구 대청호수로1326번길 111-6,,36.41515819,127.4671831,,,042-608-5205,대전광역시 대덕구청,2025-11-13
신탄진동536,1,대전광역시 대덕구 대청호수로1326번길 111-10,,36.41496191,127.4666779,,,042-608-5205,대전광역시 대덕구청,2025-11-13
신탄진동537,1,대전광역시 대덕구 대청호수로1326번길 111-8,,36.41545967,127.4665962,,,042-608-5205,대전광역시 대덕구청,2025-11-13
신탄진동538,1,대전광역시 대덕구 대청호수로1326번길 113,,36.41506699,127.467459,,,042-608-5205,대전광역시 대덕구청,2025-11-13
신탄진동539,1,,대전광역시 대덕구 신탄진동 166-1,36.44601655,127.4340131,,,042-608-5205,대전광역시 대덕구청,2025-11-13
신탄진동540,1,대전광역시 대덕구 대청호수로1326번길 131,,36.41551538,127.4680192,,,042-608-5205,대전광역시 대덕구청,2025-11-13
신탄진동541,1,,대전광역시 대덕구 신탄진동 223-13,,,,,042-608-5205,대전광역시 대덕구청,2025-11-13
대화동262,1,대전광역시 대덕구 동심5길 11,,36.36656837,127.4120394,,,042-608-5205,대전광역시 대덕구청,2025-11-13
신탄진동542,1,,대전광역시 대덕구 신탄진동 141-2,,,,,042-608-5205,대전광역시 대덕구청,2025-11-13
신탄진동543,1,대전광역시 대덕구 대청호수로1326번길 70-19,,36.41261318,127.4672169,,,042-608-5205,대전광역시 대덕구청,2025-11-13
신탄진동544,1,대전광역시 대덕구 대청호수로1326번길 70-29,,36.41231468,127.4670412,,,042-608-5205,대전광역시 대덕구청,2025-11-13
신탄진동545,1,,대전광역시 대덕구 신탄진동 477-6,,,,,042-608-5205,대전광역시 대덕구청,2025-11-13
신탄진동546,1,,대전광역시 대덕구 신탄진동 166-1,36.44601655,127.4340131,,,042-608-5205,대전광역시 대덕구청,2025-11-13
신탄진동547,1,,대전광역시 대덕구 신탄진동 717-3,,,,,042-608-5205,대전광역시 대덕구청,2025-11-13
신탄진동548,1,대전광역시 대덕구 대청호수로 1572-1,,36.42769198,127.4670708,,,042-608-5205,대전광역시 대덕구청,2025-11-13
신탄진동549,1,대전광역시 대덕구 대청호수로 1572-1,,36.42769198,127.4670708,,,042-608-5205,대전광역시 대덕구청,2025-11-13
신탄진동550,1,,대전광역시 대덕구 신탄진동 303-4,,,,,042-608-5205,대전광역시 대덕구청,2025-11-13
신탄진동551,1,,대전광역시 대덕구 신탄진동 277-11,,,,,042-608-5205,대전광역시 대덕구청,2025-11-13
대화동263,1,대전광역시 대덕구 동심5길 11,,36.36656837,127.4120394,,,042-608-5205,대전광역시 대덕구청,2025-11-13
신탄진동552,1,,대전광역시 대덕구 신탄진동 277-10,,,,,042-608-5205,대전광역시 대덕구청,2025-11-13
신탄진동553,1,,대전광역시 대덕구 신탄진동 266-4,,,,,042-608-5205,대전광역시 대덕구청,2025-11-13
신탄진동554,1,,대전광역시 대덕구 신탄진동 1-15,,,,,042-608-5205,대전광역시 대덕구청,2025-11-13
신탄진동555,1,,대전광역시 대덕구 신탄진동 1-15,,,,,042-608-5205,대전광역시 대덕구청,2025-11-13
신탄진동556,1,,대전광역시 대덕구 신탄진동 238-2,,,,,042-608-5205,대전광역시 대덕구청,2025-11-13
신탄진동557,1,,대전광역시 대덕구 신탄진동 239-4,,,,,042-608-5205,대전광역시 대덕구청,2025-11-13
신탄진동558,1,,대전광역시 대덕구 신탄진동 776,,,,,042-608-5205,대전광역시 대덕구청,2025-11-13
신탄진동559,1,,대전광역시 대덕구 신탄진동 776,,,,,042-608-5205,대전광역시 대덕구청,2025-11-13
신탄진동560,1,,대전광역시 대덕구 신탄진동 234-1,,,,,042-608-5205,대전광역시 대덕구청,2025-11-13
신탄진동561,1,,대전광역시 대덕구 신탄진동 산 39-1,,,,,042-608-5205,대전광역시 대덕구청,2025-11-13
대화동264,1,대전광역시 대덕구 대화1길 2,,36.36589907,127.4127446,,,042-608-5205,대전광역시 대덕구청,2025-11-13
신탄진동562,1,,대전광역시 대덕구 신탄진동 225,,,,,042-608-5205,대전광역시 대덕구청,2025-11-13
신탄진동563,1,,대전광역시 대덕구 신탄진동 225,,,,,042-608-5205,대전광역시 대덕구청,2025-11-13
신탄진동564,1,,대전광역시 대덕구 신탄진동 224-4,,,,,042-608-5205,대전광역시 대덕구청,2025-11-13
신탄진동565,1,,대전광역시 대덕구 신탄진동 산 41-4,,,,,042-608-5205,대전광역시 대덕구청,2025-11-13
신탄진동566,1,,대전광역시 대덕구 신탄진동 산 41-4,,,,,042-608-5205,대전광역시 대덕구청,2025-11-13
신탄진동567,1,,대전광역시 대덕구 신탄진동 산 41-1,36.43915206,127.4402652,,,042-608-5205,대전광역시 대덕구청,2025-11-13
신탄진동568,1,,대전광역시 대덕구 신탄진동 산 41-4,,,,,042-608-5205,대전광역시 대덕구청,2025-11-13
신탄진동569,1,,대전광역시 대덕구 신탄진동 산 41-4,,,,,042-608-5205,대전광역시 대덕구청,2025-11-13
신탄진동570,1,,대전광역시 대덕구 신탄진동 산 41-4,,,,,042-608-5205,대전광역시 대덕구청,2025-11-13
신탄진동571,1,,대전광역시 대덕구 신탄진동 산 41-1,36.43915206,127.4402652,,,042-608-5205,대전광역시 대덕구청,2025-11-13
대화동026,1,대전광역시 대덕구 동심2길 15,,36.36346513,127.4150493,,,042-608-5205,대전광역시 대덕구청,2025-11-13
대화동265,1,,대전광역시 대덕구 대화동 35-1120,36.36589907,127.4127446,,,042-608-5205,대전광역시 대덕구청,2025-11-13
신탄진동572,1,,대전광역시 대덕구 신탄진동 산 52-2,,,,,042-608-5205,대전광역시 대덕구청,2025-11-13
신탄진동573,1,,대전광역시 대덕구 신탄진동 230-6,36.43902119,127.4356516,,,042-608-5205,대전광역시 대덕구청,2025-11-13
신탄진동574,1,,대전광역시 대덕구 신탄진동 495-3,,,,,042-608-5205,대전광역시 대덕구청,2025-11-13
신탄진동575,1,,대전광역시 대덕구 신탄진동 산60-2,,,,,042-608-5205,대전광역시 대덕구청,2025-11-13
신탄진동576,1,,대전광역시 대덕구 신탄진동 285-5,36.44430253,127.4315319,,,042-608-5205,대전광역시 대덕구청,2025-11-13
신탄진동577,1,,대전광역시 대덕구 신탄진동 134-8,36.44963795,127.434359,,,042-608-5205,대전광역시 대덕구청,2025-11-13
신탄진동578,1,,대전광역시 대덕구 신탄진동 295-159,36.442721,127.4312823,,,042-608-5205,대전광역시 대덕구청,2025-11-13
신탄진동579,1,,대전광역시 대덕구 신탄진동 167-4,36.44602134,127.4336875,,,042-608-5205,대전광역시 대덕구청,2025-11-13
신탄진동580,1,,대전광역시 대덕구 신탄진동 1-28,,,,,042-608-5205,대전광역시 대덕구청,2025-11-13
신탄진동581,1,,대전광역시 대덕구 신탄진동 502,,,,,042-608-5205,대전광역시 대덕구청,2025-11-13
대화동266,1,대전광역시 대덕구 대화로119번길 24,,36.36462563,127.4067254,,,042-608-5205,대전광역시 대덕구청,2025-11-13
신탄진동582,1,,대전광역시 대덕구 신탄진동 398,,,,,042-608-5205,대전광역시 대덕구청,2025-11-13
신탄진동583,1,,대전광역시 대덕구 신탄진동 349-1,,,,,042-608-5205,대전광역시 대덕구청,2025-11-13
신탄진동584,1,,대전광역시 대덕구 신탄진동 236-1,,,,,042-608-5205,대전광역시 대덕구청,2025-11-13
신탄진동585,1,,대전광역시 대덕구 신탄진동 산 9-3,,,,,042-608-5205,대전광역시 대덕구청,2025-11-13
신탄진동586,1,,대전광역시 대덕구 신탄진동 산 10-6,,,,,042-608-5205,대전광역시 대덕구청,2025-11-13
신탄진동587,1,,대전광역시 대덕구 신탄진동 168-12,36.44690511,127.4335139,,,042-608-5205,대전광역시 대덕구청,2025-11-13
신탄진동588,1,,대전광역시 대덕구 신탄진동 464-15,,,,,042-608-5205,대전광역시 대덕구청,2025-11-13
신탄진동589,1,,대전광역시 대덕구 신탄진동 427-5,,,,,042-608-5205,대전광역시 대덕구청,2025-11-13
신탄진동590,1,,대전광역시 대덕구 신탄진동 267번지,,,,,042-608-5205,대전광역시 대덕구청,2025-11-13
신탄진동591,1,,대전광역시 대덕구 신탄진동 139-8,36.45019574,127.4326309,,,042-608-5205,대전광역시 대덕구청,2025-11-13
대화동267,1,대전광역시 대덕구 대화로 135,,36.36538782,127.4051917,,,042-608-5205,대전광역시 대덕구청,2025-11-13
신탄진동592,1,,대전광역시 대덕구 신탄진동 168-16,,,,,042-608-5205,대전광역시 대덕구청,2025-11-13
신탄진동593,1,,대전광역시 대덕구 신탄진동 455-3,,,,,042-608-5205,대전광역시 대덕구청,2025-11-13
신탄진동594,1,,대전광역시 대덕구 신탄진동 455-3,,,,,042-608-5205,대전광역시 대덕구청,2025-11-13
신탄진동595,1,,대전광역시 대덕구 신탄진동 295-188,36.44267881,127.4299882,,,042-608-5205,대전광역시 대덕구청,2025-11-13
신탄진동596,1,대전광역시 대덕구 대청로526번길 75,,36.46723245,127.4731497,,,042-608-5205,대전광역시 대덕구청,2025-11-13
신탄진동597,1,대전광역시 대덕구 신탄진로810번길 94,,36.45058624,127.434284,,,042-608-5205,대전광역시 대덕구청,2025-11-13
신탄진동598,1,대전광역시 대덕구 신탄진남로 20,,36.44700271,127.4344291,,,042-608-5205,대전광역시 대덕구청,2025-11-13
신탄진동599,1,대전광역시 대덕구 신탄진로834번길 23-12,,36.45238741,127.4296224,,,042-608-5205,대전광역시 대덕구청,2025-11-13
신탄진동600,1,대전광역시 대덕구 대청로424번길 554,,36.44790948,127.4654564,,,042-608-5205,대전광역시 대덕구청,2025-11-13
오정동 771,1,대전광역시 대덕구 대전로 1142번길 10,,36.35651659,127.4157121,,,042-608-5205,대전광역시 대덕구청,2025-11-13
대화동268,1,대전광역시 대덕구 대화로 139,,36.36510136,127.4046287,,,042-608-5205,대전광역시 대덕구청,2025-11-13
오정동 785,1,,대전광역시 대덕구 오정동 438-2,36.35157403,127.4166915,,,042-608-5205,대전광역시 대덕구청,2025-11-13
오정동 786,1,,대전광역시 대덕구 오정동 265-10,36.35338891,127.4122463,,,042-608-5205,대전광역시 대덕구청,2025-11-13
오정동 787,1,,대전광역시 대덕구 오정동 340-17,36.35030599,127.4114636,,,042-608-5205,대전광역시 대덕구청,2025-11-13
오정동001,1,대전광역시 대덕구 홍도로99번길 11,,36.35497356,127.4270187,,,042-608-5205,대전광역시 대덕구청,2025-11-13
오정동002,1,대전광역시 대덕구 홍도로73번길 55-2,,36.35449842,127.4268289,,,042-608-5205,대전광역시 대덕구청,2025-11-13
오정동003,1,대전광역시 대덕구 홍도로73번길 55-6,,36.3544881,127.4266907,,,042-608-5205,대전광역시 대덕구청,2025-11-13
오정동004,1,대전광역시 대덕구 홍도로73번길 55-9,,36.35427287,127.4263954,,,042-608-5205,대전광역시 대덕구청,2025-11-13
오정동005,1,대전광역시 대덕구 홍도로73번길 55-7,,36.35424707,127.4265557,,,042-608-5205,대전광역시 대덕구청,2025-11-13
오정동006,1,대전광역시 대덕구 홍도로73번길 52,,36.35424509,127.4271083,,,042-608-5205,대전광역시 대덕구청,2025-11-13
오정동007,1,대전광역시 대덕구 홍도로73번길 47-10,,36.35407811,127.4264255,,,042-608-5205,대전광역시 대덕구청,2025-11-13
대화동269,1,대전광역시 대덕구 대화로139번길 28,,36.3643265,127.4045845,,,042-608-5205,대전광역시 대덕구청,2025-11-13
오정동008,1,대전광역시 대덕구 홍도로73번길 47-8,,36.35410639,127.4265817,,,042-608-5205,대전광역시 대덕구청,2025-11-13
오정동009,1,대전광역시 대덕구 홍도로73번길 46,,36.35400342,127.4271515,,,042-608-5205,대전광역시 대덕구청,2025-11-13
오정동010,1,대전광역시 대덕구 홍도로73번길 42,,36.35381921,127.4272575,,,042-608-5205,대전광역시 대덕구청,2025-11-13
오정동011,1,대전광역시 대덕구 홍도로73번길 36,,36.35357751,127.4273096,,,042-608-5205,대전광역시 대덕구청,2025-11-13
오정동012,1,대전광역시 대덕구 홍도로73번길 34,,36.3534297,127.4273133,,,042-608-5205,대전광역시 대덕구청,2025-11-13
오정동013,1,대전광역시 대덕구 홍도로73번길 20,,36.35287787,127.4273994,,,042-608-5205,대전광역시 대덕구청,2025-11-13
오정동014,1,대전광역시 대덕구 오정로 108,,36.35550349,127.407391,,,042-608-5205,대전광역시 대덕구청,2025-11-13
오정동015,1,대전광역시 대덕구 한남대로 18번길 14-2,,,,,,042-608-5205,대전광역시 대덕구청,2025-11-13
오정동017,1,대전광역시 대덕구 오정로76번길 55,,36.35396773,127.4126905,,,042-608-5205,대전광역시 대덕구청,2025-11-13
오정동018,1,대전광역시 대덕구 한남로12번길 35,,36.35202778,127.4252067,,,042-608-5205,대전광역시 대덕구청,2025-11-13
대화동270,1,대전광역시 대덕구 대화로 201,,36.3629589,127.4051897,,,042-608-5205,대전광역시 대덕구청,2025-11-13
오정동019,1,대전광역시 대덕구 한남로 12번길 33-7,,36.35172499,127.4252051,,,042-608-5205,대전광역시 대덕구청,2025-11-13
오정동020,1,대전광역시 대덕구 한남로12번길 19-5,,36.35146311,127.4258632,,,042-608-5205,대전광역시 대덕구청,2025-11-13
오정동021,1,대전광역시 대덕구 한남로12번길 19-10,,36.35147872,127.425529,,,042-608-5205,대전광역시 대덕구청,2025-11-13
오정동022,1,대전광역시 대덕구 한남로17번길 16-5,,36.35063484,127.4256358,,,042-608-5205,대전광역시 대덕구청,2025-11-13
오정동023,1,대전광역시 대덕구 한남로25번길 11,,36.35062947,127.4251189,,,042-608-5205,대전광역시 대덕구청,2025-11-13
오정동024,1,대전광역시 대덕구 한남로25번길 12,,36.35072771,127.424861,,,042-608-5205,대전광역시 대덕구청,2025-11-13
오정동025,1,대전광역시 대덕구 한남로17번길 54-30,,36.35036738,127.4248234,,,042-608-5205,대전광역시 대덕구청,2025-11-13
오정동026,1,대전광역시 대덕구 한남로 25번길 23,,36.35029246,127.4246046,,,042-608-5205,대전광역시 대덕구청,2025-11-13
오정동027,1,대전광역시 대덕구 한남로17번길 16,,36.35055862,127.4257825,,,042-608-5205,대전광역시 대덕구청,2025-11-13
오정동028,1,대전광역시 대덕구 한남로17번길 20-12,,36.35071522,127.4253333,,,042-608-5205,대전광역시 대덕구청,2025-11-13
대화동271,1,대전광역시 대덕구 대화로 201,,36.3629589,127.4051897,,,042-608-5205,대전광역시 대덕구청,2025-11-13
오정동029,1,대전광역시 대덕구 한남로 17번 안길 20-12,,,,,,042-608-5205,대전광역시 대덕구청,2025-11-13
오정동030,1,대전광역시 대덕구 한남로17번안길 3,,36.35015233,127.4254906,,,042-608-5205,대전광역시 대덕구청,2025-11-13
오정동031,1,대전광역시 대덕구 한남로17번길 30-6,,36.35012044,127.4253345,,,042-608-5205,대전광역시 대덕구청,2025-11-13
오정동032,1,대전광역시 대덕구 한남로 17번길 54-23,,36.35003294,127.4246005,,,042-608-5205,대전광역시 대덕구청,2025-11-13
오정동033,1,대전광역시 대덕구 한남로17번안길 9-8,,36.35005362,127.4248662,,,042-608-5205,대전광역시 대덕구청,2025-11-13
오정동034,1,대전광역시 대덕구 한남로17번길 36-6,,36.34985718,127.4253687,,,042-608-5205,대전광역시 대덕구청,2025-11-13
오정동035,1,대전광역시 대덕구 한남로17번길 9-14,,36.34985219,127.4247448,,,042-608-5205,대전광역시 대덕구청,2025-11-13
오정동036,1,대전광역시 대덕구 한남로17번길 40-8,,36.3497357,127.425065,,,042-608-5205,대전광역시 대덕구청,2025-11-13
오정동037,1,대전광역시 대덕구 한남로17번길 54-13,,36.34975249,127.4243967,,,042-608-5205,대전광역시 대덕구청,2025-11-13
오정동038,1,대전광역시 대덕구 한남로17번길 54-7,,36.34947792,127.424569,,,042-608-5205,대전광역시 대덕구청,2025-11-13
대화동272,1,대전광역시 대덕구 대화로139번길 14,,,,,,042-608-5205,대전광역시 대덕구청,2025-11-13
오정동039,1,대전광역시 대덕구 한남로17번길 47-12,,36.34907043,127.4246158,,,042-608-5205,대전광역시 대덕구청,2025-11-13
오정동040,1,대전광역시 대덕구 한남로17번길 47-7,,36.34893955,127.424927,,,042-608-5205,대전광역시 대덕구청,2025-11-13
오정동041,1,대전광역시 대덕구 한남로17번길 47-14,,,,,,042-608-5205,대전광역시 대덕구청,2025-11-13
오정동042,1,대전광역시 대덕구 동산초교로63번길 17,,36.34898147,127.4232741,,,042-608-5205,대전광역시 대덕구청,2025-11-13
오정동043,1,대전광역시 대덕구 동산초교로63번길 21,,36.34897166,127.4229888,,,042-608-5205,대전광역시 대덕구청,2025-11-13
오정동044,1,대전광역시 대덕구 동산초교로59번길 32-10,,36.34895872,127.4225699,,,042-608-5205,대전광역시 대덕구청,2025-11-13
오정동045,1,대전광역시 대덕구 동산초교로63번길 38,,36.34918758,127.422072,,,042-608-5205,대전광역시 대덕구청,2025-11-13
오정동046,1,대전광역시 대덕구 동산초교로63번길 42,,36.34915931,127.4219115,,,042-608-5205,대전광역시 대덕구청,2025-11-13
오정동047,1,대전광역시 대덕구 동산초교로63번길 45,,36.34897618,127.4217099,,,042-608-5205,대전광역시 대덕구청,2025-11-13
오정동049,1,대전광역시 대덕구 동산초교로63번길 13,,36.34894483,127.4234387,,,042-608-5205,대전광역시 대덕구청,2025-11-13
대화동273,1,대전광역시 대덕구 대화로161번길 13-1,,36.36468571,127.4038911,,,042-608-5205,대전광역시 대덕구청,2025-11-13
오정동051,1,대전광역시 대덕구 동산초교로63번길 13,,36.34894483,127.4234387,,,042-608-5205,대전광역시 대덕구청,2025-11-13
오정동054,1,대전광역시 대덕구 동산초교로59번길 28-9,,36.34890779,127.4227033,,,042-608-5205,대전광역시 대덕구청,2025-11-13
오정동055,1,대전광역시 대덕구 동산초교로59번길 32-7,,36.34890903,127.4223513,,,042-608-5205,대전광역시 대덕구청,2025-11-13
오정동057,1,대전광역시 대덕구 동산초교로59번길 40-7,,36.34893219,127.4219191,,,042-608-5205,대전광역시 대덕구청,2025-11-13
오정동058,1,,대전광역시 대덕구 오정동 228-2,,,,,042-608-5205,대전광역시 대덕구청,2025-11-13
오정동059,1,대전광역시 대덕구 동산초교로63번길 48,,36.34925736,127.421707,,,042-608-5205,대전광역시 대덕구청,2025-11-13
오정동060,1,대전광역시 대덕구 동산초교로 63번길 50,,36.35034457,127.4210846,,,042-608-5205,대전광역시 대덕구청,2025-11-13
오정동063,1,대전광역시 대덕구 동산초교로 63번길 50,,36.35034457,127.4210846,,,042-608-5205,대전광역시 대덕구청,2025-11-13
오정동064,1,대전광역시 대덕구 한남로67번길 39,,,,,,042-608-5205,대전광역시 대덕구청,2025-11-13
오정동065,1,대전광역시 대덕구 한남로17번길 30-6,,36.35012044,127.4253345,,,042-608-5205,대전광역시 대덕구청,2025-11-13
대화동274,1,대전광역시 대덕구 대화로161번길 7,,36.36472706,127.4033877,,,042-608-5205,대전광역시 대덕구청,2025-11-13
오정동066,1,대전광역시 대덕구 한남로67번길 39-9,,36.35082195,127.4206415,,,042-608-5205,대전광역시 대덕구청,2025-11-13
오정동067,1,대전광역시 대덕구 한남로67번길 39-15,,36.35097586,127.4209498,,,042-608-5205,대전광역시 대덕구청,2025-11-13
오정동068,1,대전광역시 대덕구 한남로59번길 30,,36.3506199,127.4206939,,,042-608-5205,대전광역시 대덕구청,2025-11-13
오정동069,1,대전광역시 대덕구 한남로59번길 22,,36.35083135,127.4210426,,,042-608-5205,대전광역시 대덕구청,2025-11-13
오정동070,1,대전광역시 대덕구 동산초교로 63번길 50,,36.35034457,127.4210846,,,042-608-5205,대전광역시 대덕구청,2025-11-13
오정동071,1,대전광역시 대덕구 한남로 51,,36.35123367,127.4224618,,,042-608-5205,대전광역시 대덕구청,2025-11-13
오정동072,1,대전광역시 대덕구 한남로67번길 35-17,,36.35119266,127.4208039,,,042-608-5205,대전광역시 대덕구청,2025-11-13
오정동073,1,대전광역시 대덕구 한남로67번길 35-11,,36.35101714,127.4204866,,,042-608-5205,대전광역시 대덕구청,2025-11-13
오정동074,1,대전광역시 대덕구 한남로67번길 35-3,,36.35088489,127.4201695,,,042-608-5205,대전광역시 대덕구청,2025-11-13
오정동075,1,대전광역시 대덕구 한남로67번길 29-4,,36.35096798,127.4201165,,,042-608-5205,대전광역시 대덕구청,2025-11-13
대화동027,1,대전광역시 대덕구 동심1길 52,,36.36334022,127.4146876,,,042-608-5205,대전광역시 대덕구청,2025-11-13
대화동275,1,대전광역시 대덕구 대화로161번길 15,,36.36432172,127.403867,,,042-608-5205,대전광역시 대덕구청,2025-11-13
오정동076,1,대전광역시 대덕구 한남대로 67번길 29,,,,,,042-608-5205,대전광역시 대덕구청,2025-11-13
오정동077,1,대전광역시 대덕구 한남로67번길 29-12,,,,,,042-608-5205,대전광역시 대덕구청,2025-11-13
오정동078,1,대전광역시 대덕구 한남로67번길 23-7,,36.35134303,127.4200695,,,042-608-5205,대전광역시 대덕구청,2025-11-13
오정동079,1,대전광역시 대덕구 옛신탄진로 131-1,,36.35131469,127.4188995,,,042-608-5205,대전광역시 대덕구청,2025-11-13
오정동080,1,대전광역시 대덕구 옛신탄진로 139,,36.35199416,127.418393,,,042-608-5205,대전광역시 대덕구청,2025-11-13
오정동081,1,대전광역시 대덕구 옛신탄진로 143,,,,,,042-608-5205,대전광역시 대덕구청,2025-11-13
오정동082,1,대전광역시 대덕구 옛신탄진로 145-2,,36.35226581,127.4180201,,,042-608-5205,대전광역시 대덕구청,2025-11-13
오정동083,1,대전광역시 대덕구 옛신탄진로 149-2,,36.35256244,127.4177231,,,042-608-5205,대전광역시 대덕구청,2025-11-13
오정동084,1,대전광역시 대덕구 한남로88번길 26-8,,36.35166217,127.4184937,,,042-608-5205,대전광역시 대덕구청,2025-11-13
오정동085,1,대전광역시 대덕구 한남로88번길 42-8,,36.35219088,127.4178013,,,042-608-5205,대전광역시 대덕구청,2025-11-13
대화동276,1,대전광역시 대덕구 대화로161번길 8,,36.36395929,127.4033793,,,042-608-5205,대전광역시 대덕구청,2025-11-13
오정동086,1,대전광역시 대덕구 한남로88번길 42-16,,36.35237714,127.418141,,,042-608-5205,대전광역시 대덕구청,2025-11-13
오정동087,1,대전광역시 대덕구 한남로88번길 58,,36.35273133,127.4168417,,,042-608-5205,대전광역시 대덕구청,2025-11-13
오정동088,1,대전광역시 대덕구 한남로88번길 24,,36.35157611,127.418364,,,042-608-5205,대전광역시 대덕구청,2025-11-13
오정동089,1,대전광역시 대덕구 옛신탄진로151번길 4,,36.35298402,127.4177699,,,042-608-5205,대전광역시 대덕구청,2025-11-13
오정동090,1,대전광역시 대덕구 옛신탄진로 153,,36.35312448,127.4178063,,,042-608-5205,대전광역시 대덕구청,2025-11-13
오정동091,1,대전광역시 대덕구 옛신탄진로 157,,36.35336622,127.4177408,,,042-608-5205,대전광역시 대덕구청,2025-11-13
오정동092,1,대전광역시 대덕구 대전로1112번안길 33-4,,36.35311183,127.4172982,,,042-608-5205,대전광역시 대덕구청,2025-11-13
오정동093,1,,대전광역시 대덕구 오정동 430-23,,,,,042-608-5205,대전광역시 대덕구청,2025-11-13
오정동094,1,대전광역시 대덕구 대전로1112번안길 8,,36.35380529,127.4158759,,,042-608-5205,대전광역시 대덕구청,2025-11-13
오정동095,1,대전광역시 대덕구 대전로1112번길 20-8,,36.35419021,127.4161008,,,042-608-5205,대전광역시 대덕구청,2025-11-13
대화동277,1,대전광역시 대덕구 대화로161번길 8,,36.36395929,127.4033793,,,042-608-5205,대전광역시 대덕구청,2025-11-13
오정동096,1,,대전광역시 대덕구 오정동 427-4,,,,,042-608-5205,대전광역시 대덕구청,2025-11-13
오정동097,1,대전광역시 대덕구 대전로1112번안길 15,,36.35368466,127.4163566,,,042-608-5205,대전광역시 대덕구청,2025-11-13
오정동098,1,대전광역시 대덕구 대전로1112번안길 28,,36.35317193,127.4166034,,,042-608-5205,대전광역시 대덕구청,2025-11-13
오정동099,1,대전광역시 대덕구 대전로1112번안길 27,,36.35330063,127.4169116,,,042-608-5205,대전광역시 대덕구청,2025-11-13
오정동100,1,대전광역시 대덕구 옛신탄진로 163,,36.35377123,127.4173731,,,042-608-5205,대전광역시 대덕구청,2025-11-13
오정동101,1,대전광역시 대덕구 옛신탄진로167번길 2,,36.35428385,127.4171574,,,042-608-5205,대전광역시 대덕구청,2025-11-13
오정동102,1,대전광역시 대덕구 옛신탄진로167번길 14,,36.35409436,127.4167108,,,042-608-5205,대전광역시 대덕구청,2025-11-13
오정동103,1,대전광역시 대덕구 대전로1112번길 20-6,,36.35425474,127.4162036,,,042-608-5205,대전광역시 대덕구청,2025-11-13
오정동104,1,대전광역시 대덕구 대전로1112번길 34,,36.35489115,127.416666,,,042-608-5205,대전광역시 대덕구청,2025-11-13
오정동105,1,대전광역시 대덕구 대전로1112번길 22-12,,36.35435396,127.4166944,,,042-608-5205,대전광역시 대덕구청,2025-11-13
대화동278,1,대전광역시 대덕구 대화로161번길 22-17,,36.36334215,127.4035989,,,042-608-5205,대전광역시 대덕구청,2025-11-13
오정동106,1,대전광역시 대덕구 옛신탄진로 169,,36.35440047,127.4171046,,,042-608-5205,대전광역시 대덕구청,2025-11-13
오정동107,1,대전광역시 대덕구 옛신탄진로 175,,36.35491227,127.4168132,,,042-608-5205,대전광역시 대덕구청,2025-11-13
오정동108,1,대전광역시 대덕구 한남로88번길 37,,36.35183258,127.4171786,,,042-608-5205,대전광역시 대덕구청,2025-11-13
오정동109,1,대전광역시 대덕구 한남로88번길 31,,36.35169506,127.4173352,,,042-608-5205,대전광역시 대덕구청,2025-11-13
오정동110,1,대전광역시 대덕구 한남로88번길 25,,36.35138304,127.4179129,,,042-608-5205,대전광역시 대덕구청,2025-11-13
오정동111,1,대전광역시 대덕구 대전로1066번길 44,,36.35048527,127.4179705,,,042-608-5205,대전광역시 대덕구청,2025-11-13
오정동112,1,대전광역시 대덕구 대전로1066번길 53,,36.35094991,127.4180754,,,042-608-5205,대전광역시 대덕구청,2025-11-13
오정동113,1,대전광역시 대덕구 대전로1066번길 47-3,,36.35080717,127.4176603,,,042-608-5205,대전광역시 대덕구청,2025-11-13
오정동114,1,대전광역시 대덕구 대전로1066번길 47-11,,36.35098824,127.4174206,,,042-608-5205,대전광역시 대덕구청,2025-11-13
오정동115,1,대전광역시 대덕구 대전로1076번길 33-4,,36.35138523,127.4172846,,,042-608-5205,대전광역시 대덕구청,2025-11-13
대화동279,1,대전광역시 대덕구 대화로161번길 22-28,,36.36339789,127.4031045,,,042-608-5205,대전광역시 대덕구청,2025-11-13
오정동116,1,대전광역시 대덕구 대전로1076번길 45,,36.35161846,127.4175933,,,042-608-5205,대전광역시 대덕구청,2025-11-13
오정동117,1,대전광역시 대덕구 대전로1076번길 33,,36.35127416,127.4170924,,,042-608-5205,대전광역시 대덕구청,2025-11-13
오정동118,1,대전광역시 대덕구 대전로1076번길 33-9,,36.3514086,127.4167856,,,042-608-5205,대전광역시 대덕구청,2025-11-13
오정동119,1,대전광역시 대덕구 대전로1076번길 29,,36.35115184,127.4170249,,,042-608-5205,대전광역시 대덕구청,2025-11-13
오정동120,1,대전광역시 대덕구 대전로1076번길 25,,36.3509292,127.4167786,,,042-608-5205,대전광역시 대덕구청,2025-11-13
오정동121,1,대전광역시 대덕구 한남로114번길 43,,36.35093842,127.4162038,,,042-608-5205,대전광역시 대덕구청,2025-11-13
오정동122,1,대전광역시 대덕구 한남로114번길 51,,36.35130012,127.4161879,,,042-608-5205,대전광역시 대덕구청,2025-11-13
오정동123,1,대전광역시 대덕구 한남로114번길 53,,36.35143593,127.4161842,,,042-608-5205,대전광역시 대덕구청,2025-11-13
오정동124,1,대전광역시 대덕구 대전로1088번길 20,,36.35157474,127.4166929,,,042-608-5205,대전광역시 대덕구청,2025-11-13
오정동125,1,대전광역시 대덕구 대전로1088번길 26,,36.35182242,127.4169928,,,042-608-5205,대전광역시 대덕구청,2025-11-13
대화동280,1,대전광역시 대덕구 대화로 171,,36.36362152,127.4030611,,,042-608-5205,대전광역시 대덕구청,2025-11-13
오정동126,1,대전광역시 대덕구 대전로1088번길 29,,36.35203923,127.4168424,,,042-608-5205,대전광역시 대덕구청,2025-11-13
오정동127,1,대전광역시 대덕구 대전로1088번길 29-3,,36.35227454,127.416554,,,042-608-5205,대전광역시 대덕구청,2025-11-13
오정동128,1,대전광역시 대덕구 한남로114번길 64,,36.35195039,127.4164766,,,042-608-5205,대전광역시 대덕구청,2025-11-13
오정동129,1,대전광역시 대덕구 한남로114번길 71,,36.35237714,127.4160733,,,042-608-5205,대전광역시 대덕구청,2025-11-13
오정동130,1,대전광역시 대덕구 한남로 114번길 71,,36.35237714,127.4160733,,,042-608-5205,대전광역시 대덕구청,2025-11-13
오정동131,1,대전광역시 대덕구 오정로14번길 38,,36.35091067,127.4148534,,,042-608-5205,대전광역시 대덕구청,2025-11-13
오정동132,1,대전광역시 대덕구 대전로1087번길 11,,36.35126771,127.4147997,,,042-608-5205,대전광역시 대덕구청,2025-11-13
오정동133,1,대전광역시 대덕구 대전로1087번길 11,,36.35126771,127.4147997,,,042-608-5205,대전광역시 대덕구청,2025-11-13
오정동134,1,대전광역시 대덕구 대전로1087번길 22,,36.35167708,127.4142158,,,042-608-5205,대전광역시 대덕구청,2025-11-13
오정동135,1,대전광역시 대덕구 오정로14번길 59,,36.35188913,127.4143952,,,042-608-5205,대전광역시 대덕구청,2025-11-13
대화동281,1,대전광역시 대덕구 대화로161번길 23,,36.3639935,127.4039232,,,042-608-5205,대전광역시 대덕구청,2025-11-13
오정동136,1,대전광역시 대덕구 오정로 14번길 63,,36.3520695,127.414356,,,042-608-5205,대전광역시 대덕구청,2025-11-13
오정동137,1,대전광역시 대덕구 오정로14번길 71,,36.35223137,127.4144549,,,042-608-5205,대전광역시 대덕구청,2025-11-13
오정동138,1,대전광역시 대덕구 오정로14번길 59,,36.35188913,127.4143952,,,042-608-5205,대전광역시 대덕구청,2025-11-13
오정동139,1,대전광역시 대덕구 오정로14번길 59,,36.35188913,127.4143952,,,042-608-5205,대전광역시 대덕구청,2025-11-13
오정동140,1,대전광역시 대덕구 오정로38번안길 9-1,,36.35124223,127.4138347,,,042-608-5205,대전광역시 대덕구청,2025-11-13
오정동141,1,대전광역시 대덕구 대전로1158번길 17,,36.3578088,127.4162493,,,042-608-5205,대전광역시 대덕구청,2025-11-13
오정동142,1,대전광역시 대덕구 대전로1158번길 8,,36.35767683,127.4158475,,,042-608-5205,대전광역시 대덕구청,2025-11-13
오정동143,1,대전광역시 대덕구 대전로1158번길 8,,36.35767683,127.4158475,,,042-608-5205,대전광역시 대덕구청,2025-11-13
오정동144,1,대전광역시 대덕구 대전로1142번길 11-15,,36.35737435,127.4157568,,,042-608-5205,대전광역시 대덕구청,2025-11-13
오정동145,1,대전광역시 대덕구 대전로1142번길 11-5,,36.35696375,127.415661,,,042-608-5205,대전광역시 대덕구청,2025-11-13
대화동282,1,대전광역시 대덕구 대화로161번길 29,,36.3637517,127.4040066,,,042-608-5205,대전광역시 대덕구청,2025-11-13
오정동146,1,대전광역시 대덕구 대전로1142번길 11,,36.35671542,127.4155482,,,042-608-5205,대전광역시 대덕구청,2025-11-13
오정동147,1,대전광역시 대덕구 대전로1142번길 17,,36.35690112,127.4160484,,,042-608-5205,대전광역시 대덕구청,2025-11-13
오정동148,1,대전광역시 대덕구 대전로1142번길 10,,36.35651659,127.4157121,,,042-608-5205,대전광역시 대덕구청,2025-11-13
오정동149,1,대전광역시 대덕구 대전로1134번길 13-11,,36.3561273,127.4157056,,,042-608-5205,대전광역시 대덕구청,2025-11-13
오정동150,1,대전광역시 대덕구 대전로1142번길 11-9,,36.35707906,127.4156705,,,042-608-5205,대전광역시 대덕구청,2025-11-13
오정동151,1,대전광역시 대덕구 대전로1118번길 37,,36.355833,127.4163725,,,042-608-5205,대전광역시 대덕구청,2025-11-13
오정동152,1,대전광역시 대덕구 대전로1118번길 19,,36.35510671,127.4158383,,,042-608-5205,대전광역시 대덕구청,2025-11-13
오정동153,1,대전광역시 대덕구 대전로1118번길 13,,36.35490195,127.4156367,,,042-608-5205,대전광역시 대덕구청,2025-11-13
오정동154,1,,대전광역시 대덕구 오정동 359-3,,,,,042-608-5205,대전광역시 대덕구청,2025-11-13
오정동155,1,,대전광역시 대덕구 오정동 359-3,,,,,042-608-5205,대전광역시 대덕구청,2025-11-13
대화동283,1,대전광역시 대덕구 대화로161번길 42,,36.36317529,127.4039056,,,042-608-5205,대전광역시 대덕구청,2025-11-13
오정동156,1,,대전광역시 대덕구 오정동 359-3,,,,,042-608-5205,대전광역시 대덕구청,2025-11-13
오정동157,1,대전광역시 대덕구 옛신탄진로 208,,36.35765592,127.4166763,,,042-608-5205,대전광역시 대덕구청,2025-11-13
오정동158,1,대전광역시 대덕구 대전로 1207,,36.36195046,127.4173187,,,042-608-5205,대전광역시 대덕구청,2025-11-13
오정동159,1,대전광역시 대덕구 동심1길 9,,36.3621641,127.4170435,,,042-608-5205,대전광역시 대덕구청,2025-11-13
오정동160,1,대전광역시 대덕구 동심1길 17,,36.36223649,127.4169592,,,042-608-5205,대전광역시 대덕구청,2025-11-13
오정동161,1,대전광역시 대덕구 동심1길 21,,36.36242477,127.4167195,,,042-608-5205,대전광역시 대덕구청,2025-11-13
오정동162,1,대전광역시 대덕구 동심1길 35,,36.3626976,127.4160079,,,042-608-5205,대전광역시 대덕구청,2025-11-13
오정동163,1,대전광역시 대덕구 대화16길 16,,36.36267614,127.4169928,,,042-608-5205,대전광역시 대덕구청,2025-11-13
오정동164,1,대전광역시 대덕구 옛신탄진로 235,,36.36039475,127.416887,,,042-608-5205,대전광역시 대덕구청,2025-11-13
오정동165,1,대전광역시 대덕구 옛신탄진로 231,,36.35984032,127.4166879,,,042-608-5205,대전광역시 대덕구청,2025-11-13
대화동284,1,대전광역시 대덕구 대화로161번길 50,,36.3628112,127.4039126,,,042-608-5205,대전광역시 대덕구청,2025-11-13
오정동166,1,대전광역시 대덕구 대전로 1178-15,,36.35950482,127.4167619,,,042-608-5205,대전광역시 대덕구청,2025-11-13
오정동167,1,대전광역시 대덕구 대전로 1178-15,,36.35950482,127.4167619,,,042-608-5205,대전광역시 대덕구청,2025-11-13
오정동168,1,대전광역시 대덕구 대전로 1178-5,,36.35957134,127.4162943,,,042-608-5205,대전광역시 대덕구청,2025-11-13
오정동169,1,대전광역시 대덕구 대전로 1172-16,,36.35935475,127.4163823,,,042-608-5205,대전광역시 대덕구청,2025-11-13
오정동170,1,,대전광역시 대덕구 오정동 43-2,,,,,042-608-5205,대전광역시 대덕구청,2025-11-13
오정동171,1,대전광역시 대덕구 대전로 1172-5,,36.35911444,127.4160379,,,042-608-5205,대전광역시 대덕구청,2025-11-13
오정동172,1,대전광역시 대덕구 한밭대로1043번길 12-11,,36.35907119,127.4149992,,,042-608-5205,대전광역시 대덕구청,2025-11-13
오정동173,1,대전광역시 대덕구 한밭대로1043번길 12-6,,36.35899871,127.4146156,,,042-608-5205,대전광역시 대덕구청,2025-11-13
오정동174,1,대전광역시 대덕구 한밭대로1033번길 10-20,,36.35901257,127.4142324,,,042-608-5205,대전광역시 대덕구청,2025-11-13
오정동175,1,대전광역시 대덕구 대전로1177번길 19,,36.35927866,127.414421,,,042-608-5205,대전광역시 대덕구청,2025-11-13
대화동028,1,대전광역시 대덕구 동심1길 47,,36.36297103,127.4151224,,,042-608-5205,대전광역시 대덕구청,2025-11-13
대화동285,1,대전광역시 대덕구 생산5길 22,,36.36457269,127.4095598,,,042-608-5205,대전광역시 대덕구청,2025-11-13
오정동176,1,대전광역시 대덕구 대전로1177번길 13,,36.35934192,127.4148893,,,042-608-5205,대전광역시 대덕구청,2025-11-13
오정동177,1,대전광역시 대덕구 대전로 1177,,36.35955626,127.4154475,,,042-608-5205,대전광역시 대덕구청,2025-11-13
오정동178,1,대전광역시 대덕구 대전로1157번길 2,,36.35792198,127.4148015,,,042-608-5205,대전광역시 대덕구청,2025-11-13
오정동179,1,대전광역시 대덕구 대전로1157번길 17,,36.35754244,127.4140642,,,042-608-5205,대전광역시 대덕구청,2025-11-13
오정동180,1,대전광역시 대덕구 오정로78번길 111-21,,36.35736597,127.4140187,,,042-608-5205,대전광역시 대덕구청,2025-11-13
오정동181,1,대전광역시 대덕구 오정로78번길 111-7,,36.35694373,127.414159,,,042-608-5205,대전광역시 대덕구청,2025-11-13
오정동182,1,대전광역시 대덕구 오정로78번길 109,,36.35661207,127.4141662,,,042-608-5205,대전광역시 대덕구청,2025-11-13
오정동183,1,대전광역시 대덕구 오정로78번길 115,,36.35657832,127.4145448,,,042-608-5205,대전광역시 대덕구청,2025-11-13
오정동184,1,대전광역시 대덕구 대전로1131번길 12-25,,36.35618325,127.4141283,,,042-608-5205,대전광역시 대덕구청,2025-11-13
오정동185,1,대전광역시 대덕구 대전로1131번길 12-13,,36.35594526,127.4141493,,,042-608-5205,대전광역시 대덕구청,2025-11-13
대화동286,1,대전광역시 대덕구 생산5길 22,,36.36457269,127.4095598,,,042-608-5205,대전광역시 대덕구청,2025-11-13
오정동186,1,대전광역시 대덕구 대전로1131번길 12-9,,36.35571095,127.4141525,,,042-608-5205,대전광역시 대덕구청,2025-11-13
오정동187,1,대전광역시 대덕구 대전로1131번길 14-1,,36.35537208,127.4141596,,,042-608-5205,대전광역시 대덕구청,2025-11-13
오정동188,1,대전광역시 대덕구 동산초교로63번길 45,,36.34897618,127.4217099,,,042-608-5205,대전광역시 대덕구청,2025-11-13
오정동189,1,대전광역시 대덕구 한밭대로1006번길 97,,36.35508699,127.4142517,,,042-608-5205,대전광역시 대덕구청,2025-11-13
오정동190,1,대전광역시 대덕구 대전로1131번길 7,,36.3551794,127.414631,,,042-608-5205,대전광역시 대덕구청,2025-11-13
오정동191,1,대전광역시 대덕구 대전로1131번길 14-7,,36.35556757,127.4139202,,,042-608-5205,대전광역시 대덕구청,2025-11-13
오정동192,1,대전광역시 대덕구 대전로1131번길 14-13,,36.35567979,127.4137825,,,042-608-5205,대전광역시 대덕구청,2025-11-13
오정동193,1,대전광역시 대덕구 대전로1131번길 14-23,,36.35591173,127.4134227,,,042-608-5205,대전광역시 대덕구청,2025-11-13
오정동194,1,대전광역시 대덕구 오정로78번길 99,,36.35650596,127.4135818,,,042-608-5205,대전광역시 대덕구청,2025-11-13
오정동195,1,대전광역시 대덕구 오정로78번길 97,,36.35641991,127.4134477,,,042-608-5205,대전광역시 대덕구청,2025-11-13
대화동287,1,대전광역시 대덕구 생산5길 11,,36.3661126,127.4093539,,,042-608-5205,대전광역시 대덕구청,2025-11-13
오정동196,1,대전광역시 대덕구 오정로78번길 85,,36.35612576,127.4130317,,,042-608-5205,대전광역시 대덕구청,2025-11-13
오정동197,1,대전광역시 대덕구 오정로78번길 82,,36.35577231,127.4130877,,,042-608-5205,대전광역시 대덕구청,2025-11-13
오정동198,1,대전광역시 대덕구 한밭대로1036번길 37,,36.35662754,127.4138632,,,042-608-5205,대전광역시 대덕구청,2025-11-13
오정동199,1,대전광역시 대덕구 한밭대로1036번길 31,,36.35688714,127.4138468,,,042-608-5205,대전광역시 대덕구청,2025-11-13
오정동200,1,대전광역시 대덕구 한밭대로1036번길 23,,36.35727671,127.4137686,,,042-608-5205,대전광역시 대덕구청,2025-11-13
오정동201,1,,대전광역시 대덕구 오정동 769-1,,,,,042-608-5205,대전광역시 대덕구청,2025-11-13
오정동202,1,대전광역시 대덕구 대전천북로 180,,36.34474365,127.4136355,,,042-608-5205,대전광역시 대덕구청,2025-11-13
오정동203,1,대전광역시 대덕구 대전로1019번길 84-17,,36.345072,127.4135436,,,042-608-5205,대전광역시 대덕구청,2025-11-13
오정동204,1,대전광역시 대덕구 대전로1019번길 84-24,,36.34540758,127.4134429,,,042-608-5205,대전광역시 대덕구청,2025-11-13
오정동205,1,대전광역시 대덕구 대전천북로 192,,36.34570727,127.4132975,,,042-608-5205,대전광역시 대덕구청,2025-11-13
대화동288,1,대전광역시 대덕구 대화로 140,,36.36589452,127.4045882,,,042-608-5205,대전광역시 대덕구청,2025-11-13
오정동206,1,,대전광역시 대덕구 오정동 769-1,,,,,042-608-5205,대전광역시 대덕구청,2025-11-13
오정동207,1,대전광역시 대덕구 대전천북로 180,,36.34474365,127.4136355,,,042-608-5205,대전광역시 대덕구청,2025-11-13
오정동208,1,대전광역시 대덕구 대전로1019번길 84-17,,36.345072,127.4135436,,,042-608-5205,대전광역시 대덕구청,2025-11-13
오정동209,1,대전광역시 대덕구 대전천북로 192,,36.34570727,127.4132975,,,042-608-5205,대전광역시 대덕구청,2025-11-13
오정동210,1,대전광역시 대덕구 대전천북로 196,,36.34602491,127.4131744,,,042-608-5205,대전광역시 대덕구청,2025-11-13
오정동211,1,대전광역시 대덕구 대전로1019번길 89,,36.34446153,127.4139102,,,042-608-5205,대전광역시 대덕구청,2025-11-13
오정동212,1,,대전광역시 대덕구 오정동 769-7,,,,,042-608-5205,대전광역시 대덕구청,2025-11-13
오정동213,1,대전광역시 대덕구 대전로1019번길 84,,36.34469918,127.4139872,,,042-608-5205,대전광역시 대덕구청,2025-11-13
오정동214,1,대전광역시 대덕구 대전로1019번길 84-15,,36.34500306,127.4136725,,,042-608-5205,대전광역시 대덕구청,2025-11-13
오정동215,1,대전광역시 대덕구 대전천북로 186,,36.34515871,127.4134862,,,042-608-5205,대전광역시 대덕구청,2025-11-13
대화동289,1,대전광역시 대덕구 대화로150번길 42-6,,36.36678395,127.4027298,,,042-608-5205,대전광역시 대덕구청,2025-11-13
오정동216,1,대전광역시 대덕구 한남로137번안길 53,,36.34551127,127.4136885,,,042-608-5205,대전광역시 대덕구청,2025-11-13
오정동217,1,대전광역시 대덕구 한남로137번안길 51,,36.34558715,127.4136355,,,042-608-5205,대전광역시 대덕구청,2025-11-13
오정동218,1,대전광역시 대덕구 대전로1033번길 64-19,,36.34543874,127.4138129,,,042-608-5205,대전광역시 대덕구청,2025-11-13
오정동219,1,대전광역시 대덕구 대전로1033번길 64-13,,36.34533325,127.4140886,,,042-608-5205,대전광역시 대덕구청,2025-11-13
오정동220,1,대전광역시 대덕구 대전로1033번길 64-5,,36.34515598,127.4142748,,,042-608-5205,대전광역시 대덕구청,2025-11-13
오정동221,1,대전광역시 대덕구 대전로1019번길 74,,36.34486608,127.4147144,,,042-608-5205,대전광역시 대덕구청,2025-11-13
오정동222,1,,대전광역시 대덕구 오정동 769-5,,,,,042-608-5205,대전광역시 대덕구청,2025-11-13
오정동223,1,,대전광역시 대덕구 오정동 769-5,,,,,042-608-5205,대전광역시 대덕구청,2025-11-13
오정동224,1,대전광역시 대덕구 대전로1019번길 60,,36.3449682,127.4154101,,,042-608-5205,대전광역시 대덕구청,2025-11-13
오정동225,1,대전광역시 대덕구 대전로1019번길 58,,36.34502199,127.4154906,,,042-608-5205,대전광역시 대덕구청,2025-11-13
대화동290,1,대전광역시 대덕구 대화로150번길 42-6,,36.36678395,127.4027298,,,042-608-5205,대전광역시 대덕구청,2025-11-13
오정동226,1,대전광역시 대덕구 한남로155번길 51,,36.3452272,127.4155629,,,042-608-5205,대전광역시 대덕구청,2025-11-13
오정동227,1,대전광역시 대덕구 한남로155번길 40,,36.34543132,127.4149135,,,042-608-5205,대전광역시 대덕구청,2025-11-13
오정동228,1,대전광역시 대덕구 한남로155번길 37,,36.34571247,127.4149194,,,042-608-5205,대전광역시 대덕구청,2025-11-13
오정동229,1,대전광역시 대덕구 한남로149번길 28,,36.34610502,127.415024,,,042-608-5205,대전광역시 대덕구청,2025-11-13
오정동230,1,대전광역시 대덕구 한남로149번길 28,,36.34610502,127.415024,,,042-608-5205,대전광역시 대덕구청,2025-11-13
오정동231,1,대전광역시 대덕구 한남로137번안길 47,,36.34579887,127.4139129,,,042-608-5205,대전광역시 대덕구청,2025-11-13
오정동232,1,대전광역시 대덕구 한남로155번길 17,,36.34637494,127.4141075,,,042-608-5205,대전광역시 대덕구청,2025-11-13
오정동233,1,대전광역시 대덕구 한남로155번길 10,,36.34629715,127.4136704,,,042-608-5205,대전광역시 대덕구청,2025-11-13
오정동234,1,대전광역시 대덕구 한남로155번길 5,,36.34662117,127.413788,,,042-608-5205,대전광역시 대덕구청,2025-11-13
오정동235,1,대전광역시 대덕구 한남로155번길 12,,36.34622896,127.4135854,,,042-608-5205,대전광역시 대덕구청,2025-11-13
대화동291,1,대전광역시 대덕구 대화로150번길 60,,36.36711238,127.4026111,,,042-608-5205,대전광역시 대덕구청,2025-11-13
오정동236,1,대전광역시 대덕구 대전천북로 196-1,,36.34603898,127.4132769,,,042-608-5205,대전광역시 대덕구청,2025-11-13
오정동237,1,대전광역시 대덕구 한남로149번길 28,,36.34610502,127.415024,,,042-608-5205,대전광역시 대덕구청,2025-11-13
오정동238,1,대전광역시 대덕구 대전로1033번길 46,,36.345711,127.4153427,,,042-608-5205,대전광역시 대덕구청,2025-11-13
오정동239,1,대전광역시 대덕구 대전로1019번길 46,,36.34512382,127.4162664,,,042-608-5205,대전광역시 대덕구청,2025-11-13
오정동240,1,,대전광역시 대덕구 오정동 770-2,,,,,042-608-5205,대전광역시 대덕구청,2025-11-13
오정동241,1,,대전광역시 대덕구 오정동 770-2,,,,,042-608-5205,대전광역시 대덕구청,2025-11-13
오정동242,1,대전광역시 대덕구 대전로1001번길 42,,36.34516583,127.4176569,,,042-608-5205,대전광역시 대덕구청,2025-11-13
오정동243,1,대전광역시 대덕구 한남로137번길 76,,36.34512851,127.418022,,,042-608-5205,대전광역시 대덕구청,2025-11-13
오정동244,1,대전광역시 대덕구 대전로1001번길 30,,36.34509825,127.4184274,,,042-608-5205,대전광역시 대덕구청,2025-11-13
오정동245,1,,대전광역시 대덕구 오정동 268,,,,,042-608-5205,대전광역시 대덕구청,2025-11-13
대화동292,1,대전광역시 대덕구 대전로1331번길 353,,36.3680837,127.4021169,,,042-608-5205,대전광역시 대덕구청,2025-11-13
오정동245-1,1,대전광역시 대덕구 대전로1112번길 16,,36.35428795,127.415981,,,042-608-5205,대전광역시 대덕구청,2025-11-13
오정동246,1,대전광역시 대덕구 대전로1001번길 16,,36.34493386,127.4190503,,,042-608-5205,대전광역시 대덕구청,2025-11-13
오정동247,1,,대전광역시 대덕구 오정동 183-8,,,,,042-608-5205,대전광역시 대덕구청,2025-11-13
오정동248,1,대전광역시 대덕구 대전로1001번길 30,,36.34509825,127.4184274,,,042-608-5205,대전광역시 대덕구청,2025-11-13
오정동249,1,대전광역시 대덕구 한남로137번길 76,,36.34512851,127.418022,,,042-608-5205,대전광역시 대덕구청,2025-11-13
오정동250,1,대전광역시 대덕구 한남로137번길 72,,36.34539534,127.4179967,,,042-608-5205,대전광역시 대덕구청,2025-11-13
오정동251,1,대전광역시 대덕구 대전로1001번길 56,,36.34511435,127.4169169,,,042-608-5205,대전광역시 대덕구청,2025-11-13
오정동252,1,대전광역시 대덕구 대전로1019번길 25,,36.3453469,127.4174172,,,042-608-5205,대전광역시 대덕구청,2025-11-13
오정동253,1,대전광역시 대덕구 대전로1019번길 19,,36.34550467,127.4176587,,,042-608-5205,대전광역시 대덕구청,2025-11-13
오정동254,1,대전광역시 대덕구 대전로1019번길 17,,36.34557283,127.4177526,,,042-608-5205,대전광역시 대덕구청,2025-11-13
대화동293,1,대전광역시 대덕구 대화로150번길 42-6,,36.36678395,127.4027298,,,042-608-5205,대전광역시 대덕구청,2025-11-13
오정동255,1,대전광역시 대덕구 대전로1019번길 11,,36.34579577,127.4179098,,,042-608-5205,대전광역시 대덕구청,2025-11-13
오정동256,1,대전광역시 대덕구 대전로1019번길 20,,36.34580162,127.4172681,,,042-608-5205,대전광역시 대덕구청,2025-11-13
오정동257,1,대전광역시 대덕구 한남로137번길 48,,36.34605074,127.4171536,,,042-608-5205,대전광역시 대덕구청,2025-11-13
오정동258,1,대전광역시 대덕구 대전로1033번길 17,,36.34620692,127.4168158,,,042-608-5205,대전광역시 대덕구청,2025-11-13
오정동259,1,대전광역시 대덕구 대전로 1035,,36.34703536,127.4169985,,,042-608-5205,대전광역시 대덕구청,2025-11-13
오정동260,1,대전광역시 대덕구 대전로 1035,,36.34703536,127.4169985,,,042-608-5205,대전광역시 대덕구청,2025-11-13
오정동261,1,,대전광역시 대덕구 오정동 489-7,,,,,042-608-5205,대전광역시 대덕구청,2025-11-13
오정동262,1,,대전광역시 대덕구 오정동 489-7,,,,,042-608-5205,대전광역시 대덕구청,2025-11-13
오정동263,1,대전광역시 대덕구 한남로137번길 31,,36.34671577,127.4166492,,,042-608-5205,대전광역시 대덕구청,2025-11-13
오정동264,1,대전광역시 대덕구 한남로137번길 31,,36.34671577,127.4166492,,,042-608-5205,대전광역시 대덕구청,2025-11-13
대화동294,1,대전광역시 대덕구 대화로150번길 42-11,,36.36727718,127.4029106,,,042-608-5205,대전광역시 대덕구청,2025-11-13
오정동265,1,대전광역시 대덕구 한남로 137번길 7,,36.34762009,127.415745,,,042-608-5205,대전광역시 대덕구청,2025-11-13
오정동266,1,대전광역시 대덕구 대전로1033번길 20,,36.34678377,127.4147157,,,042-608-5205,대전광역시 대덕구청,2025-11-13
오정동267,1,대전광역시 대덕구 대전로1033번길 20,,36.34678377,127.4147157,,,042-608-5205,대전광역시 대덕구청,2025-11-13
오정동268,1,대전광역시 대덕구 대전로1033번길 20,,36.34678377,127.4147157,,,042-608-5205,대전광역시 대덕구청,2025-11-13
오정동269,1,대전광역시 대덕구 대전로1033번길 20,,36.34678377,127.4147157,,,042-608-5205,대전광역시 대덕구청,2025-11-13
오정동270,1,대전광역시 대덕구 대전로1033번길 20,,36.34678377,127.4147157,,,042-608-5205,대전광역시 대덕구청,2025-11-13
오정동271,1,대전광역시 대덕구 대전로1033번길 20,,36.34678377,127.4147157,,,042-608-5205,대전광역시 대덕구청,2025-11-13
오정동272,1,대전광역시 대덕구 대전로1033번길 20,,36.34678377,127.4147157,,,042-608-5205,대전광역시 대덕구청,2025-11-13
오정동273,1,대전광역시 대덕구 대전로1033번길 33,,36.3458926,127.4159853,,,042-608-5205,대전광역시 대덕구청,2025-11-13
오정동274,1,대전광역시 대덕구 대전로1033번길 29,,36.34591361,127.4161637,,,042-608-5205,대전광역시 대덕구청,2025-11-13
대화동002,1,,대전광역시 대덕구 대화동 601-3,,,,,042-608-5205,대전광역시 대덕구청,2025-11-13
대화동029,1,대전광역시 대덕구 대화15길 2,,36.36301553,127.4178681,,,042-608-5205,대전광역시 대덕구청,2025-11-13
대화동295,1,대전광역시 대덕구 대화로150번길 42-11,,36.36727718,127.4029106,,,042-608-5205,대전광역시 대덕구청,2025-11-13
오정동275,1,대전광역시 대덕구 대전로1019번길 28-15,,36.34577527,127.4165551,,,042-608-5205,대전광역시 대덕구청,2025-11-13
오정동276,1,대전광역시 대덕구 대전로1019번길 28-7,,36.34554732,127.4167989,,,042-608-5205,대전광역시 대덕구청,2025-11-13
오정동277,1,대전광역시 대덕구 오정로9번길 57,,36.34700328,127.4127429,,,042-608-5205,대전광역시 대덕구청,2025-11-13
오정동278,1,대전광역시 대덕구 오정로9번길 53,,36.34713237,127.4129396,,,042-608-5205,대전광역시 대덕구청,2025-11-13
오정동279,1,대전광역시 대덕구 한남로150번길 27,,36.34772385,127.4128492,,,042-608-5205,대전광역시 대덕구청,2025-11-13
오정동280,1,대전광역시 대덕구 한남로150번길 27,,36.34772385,127.4128492,,,042-608-5205,대전광역시 대덕구청,2025-11-13
오정동281,1,대전광역시 대덕구 오정로37번길 59,,36.34845884,127.4108656,,,042-608-5205,대전광역시 대덕구청,2025-11-13
오정동282,1,대전광역시 대덕구 오정로37번길 53,,36.34869219,127.4111431,,,042-608-5205,대전광역시 대덕구청,2025-11-13
오정동283,1,대전광역시 대덕구 오정로37번길 47,,36.34893302,127.4113405,,,042-608-5205,대전광역시 대덕구청,2025-11-13
오정동284,1,대전광역시 대덕구 오정로23번길 54-12,,36.34855783,127.4114276,,,042-608-5205,대전광역시 대덕구청,2025-11-13
대화동296,1,대전광역시 대덕구 대화로150번길 42-24,,36.36662135,127.4039145,,,042-608-5205,대전광역시 대덕구청,2025-11-13
오정동285,1,대전광역시 대덕구 오정로37번길 29,,36.34943612,127.4117932,,,042-608-5205,대전광역시 대덕구청,2025-11-13
오정동286,1,대전광역시 대덕구 오정로37번길 29,,36.34943612,127.4117932,,,042-608-5205,대전광역시 대덕구청,2025-11-13
오정동287,1,대전광역시 대덕구 오정로23번길 28-15,,36.34926235,127.4120106,,,042-608-5205,대전광역시 대덕구청,2025-11-13
오정동288,1,대전광역시 대덕구 오정로 23번길 28-11,,,,,,042-608-5205,대전광역시 대덕구청,2025-11-13
오정동289,1,대전광역시 대덕구 오정로 23번길 31,,36.34872261,127.4127742,,,042-608-5205,대전광역시 대덕구청,2025-11-13
오정동290,1,대전광역시 대덕구 오정로9번길 28-30,,36.34888041,127.4130068,,,042-608-5205,대전광역시 대덕구청,2025-11-13
오정동291,1,대전광역시 대덕구 오정로9번길 28-22,,36.34874943,127.4133581,,,042-608-5205,대전광역시 대덕구청,2025-11-13
오정동292,1,대전광역시 대덕구 오정로9번길 28-4,,36.34837717,127.4136413,,,042-608-5205,대전광역시 대덕구청,2025-11-13
오정동293,1,대전광역시 대덕구 오정로9번길 26,,36.34818523,127.4138988,,,042-608-5205,대전광역시 대덕구청,2025-11-13
오정동294,1,대전광역시 대덕구 오정로9번길 35,,36.34777846,127.4137362,,,042-608-5205,대전광역시 대덕구청,2025-11-13
대화동297,1,대전광역시 대덕구 대화로150번길 42-42,,36.36711859,127.4050403,,,042-608-5205,대전광역시 대덕구청,2025-11-13
오정동295,1,대전광역시 대덕구 오정로9번길 32,,36.3480062,127.4135502,,,042-608-5205,대전광역시 대덕구청,2025-11-13
오정동296,1,대전광역시 대덕구 한남로150번길 16,,36.34794892,127.4134341,,,042-608-5205,대전광역시 대덕구청,2025-11-13
오정동297,1,대전광역시 대덕구 오정로9번길 20,,36.34843732,127.4139669,,,042-608-5205,대전광역시 대덕구청,2025-11-13
오정동298,1,대전광역시 대덕구 한남로138번길 2,,36.34799742,127.4150429,,,042-608-5205,대전광역시 대덕구청,2025-11-13
오정동299,1,대전광역시 대덕구 한남로138번길 12,,36.34826809,127.4149508,,,042-608-5205,대전광역시 대덕구청,2025-11-13
오정동300,1,대전광역시 대덕구 오정로 7,,36.34868972,127.4149842,,,042-608-5205,대전광역시 대덕구청,2025-11-13
오정동301,1,대전광역시 대덕구 오정로9번길 12,,36.34859442,127.4144007,,,042-608-5205,대전광역시 대덕구청,2025-11-13
오정동302,1,대전광역시 대덕구 한남로138번길 30,,36.34884097,127.4139869,,,042-608-5205,대전광역시 대덕구청,2025-11-13
오정동303,1,대전광역시 대덕구 한남로138번길 40,,36.34915956,127.413592,,,042-608-5205,대전광역시 대덕구청,2025-11-13
오정동304,1,대전광역시 대덕구 한남로138번길 45,,36.3491969,127.4132179,,,042-608-5205,대전광역시 대덕구청,2025-11-13
대화동298,1,대전광역시 대덕구 대화로150번길 87,,36.36866701,127.4012374,,,042-608-5205,대전광역시 대덕구청,2025-11-13
오정동305,1,대전광역시 대덕구 오정로 23,,36.34979035,127.4135998,,,042-608-5205,대전광역시 대덕구청,2025-11-13
오정동306,1,대전광역시 대덕구 한남로138번길 50,,36.34958661,127.4130996,,,042-608-5205,대전광역시 대덕구청,2025-11-13
오정동307,1,대전광역시 대덕구 한남로138번길 59,,36.34960949,127.4127388,,,042-608-5205,대전광역시 대덕구청,2025-11-13
오정동308,1,대전광역시 대덕구 한남로138번길 58,,36.34981429,127.4129315,,,042-608-5205,대전광역시 대덕구청,2025-11-13
오정동309,1,대전광역시 대덕구 한남로138번길 64,,36.35003844,127.4127411,,,042-608-5205,대전광역시 대덕구청,2025-11-13
오정동310,1,대전광역시 대덕구 오정로37번길 13,,36.3501945,127.4124344,,,042-608-5205,대전광역시 대덕구청,2025-11-13
오정동311,1,대전광역시 대덕구 한남로138번길 53,,36.34948279,127.4128941,,,042-608-5205,대전광역시 대덕구청,2025-11-13
오정동312,1,대전광역시 대덕구 오정로37번길 9,,36.35027673,127.4126309,,,042-608-5205,대전광역시 대덕구청,2025-11-13
오정동313,1,,대전광역시 대덕구 오정동 423-2,,,,,042-608-5205,대전광역시 대덕구청,2025-11-13
오정동314,1,대전광역시 대덕구 대전천북로 236,,36.34894004,127.4103468,,,042-608-5205,대전광역시 대덕구청,2025-11-13
대화동299,1,대전광역시 대덕구 대화로150번길 95,,36.36904692,127.4008159,,,042-608-5205,대전광역시 대덕구청,2025-11-13
오정동315,1,대전광역시 대덕구 한남로150번길 75,,36.34939997,127.410777,,,042-608-5205,대전광역시 대덕구청,2025-11-13
오정동316,1,대전광역시 대덕구 한남로150번길 92,,36.35028391,127.4105455,,,042-608-5205,대전광역시 대덕구청,2025-11-13
오정동317,1,대전광역시 대덕구 오정로41번길 26,,36.35011493,127.411467,,,042-608-5205,대전광역시 대덕구청,2025-11-13
오정동318,1,대전광역시 대덕구 오정로41번길 16-3,,36.35047191,127.4114332,,,042-608-5205,대전광역시 대덕구청,2025-11-13
오정동319,1,대전광역시 대덕구 오정로41번길 16-11,,36.35070678,127.4112696,,,042-608-5205,대전광역시 대덕구청,2025-11-13
오정동320,1,대전광역시 대덕구 오정로51번길 9,,36.35119687,127.4113123,,,042-608-5205,대전광역시 대덕구청,2025-11-13
오정동321,1,대전광역시 대덕구 오정로51번길 16,,36.35113036,127.4108396,,,042-608-5205,대전광역시 대덕구청,2025-11-13
오정동322,1,대전광역시 대덕구 오정로51번길 26,,36.35088596,127.4105264,,,042-608-5205,대전광역시 대덕구청,2025-11-13
오정동323,1,대전광역시 대덕구 오정로51번길 28,,36.35073868,127.4103785,,,042-608-5205,대전광역시 대덕구청,2025-11-13
오정동324,1,대전광역시 대덕구 오정로51번길 28-1,,36.35070337,127.4101645,,,042-608-5205,대전광역시 대덕구청,2025-11-13
대화동300,1,대전광역시 대덕구 대화로150번길 95,,36.36904692,127.4008159,,,042-608-5205,대전광역시 대덕구청,2025-11-13
오정동325,1,대전광역시 대덕구 오정로41번길 28-21,,36.35060822,127.4105784,,,042-608-5205,대전광역시 대덕구청,2025-11-13
오정동326,1,대전광역시 대덕구 오정로41번길 28-5,,36.35009121,127.4110257,,,042-608-5205,대전광역시 대덕구청,2025-11-13
오정동327,1,대전광역시 대덕구 한남로150번길 102,,36.35047678,127.4100162,,,042-608-5205,대전광역시 대덕구청,2025-11-13
오정동328,1,대전광역시 대덕구 한남로150번길 102,,36.35047678,127.4100162,,,042-608-5205,대전광역시 대덕구청,2025-11-13
오정동329,1,대전광역시 대덕구 한남로 150번길 135,,36.35152153,127.4080877,,,042-608-5205,대전광역시 대덕구청,2025-11-13
오정동330,1,대전광역시 대덕구 한남로 150번길 135,,36.35152153,127.4080877,,,042-608-5205,대전광역시 대덕구청,2025-11-13
오정동331,1,대전광역시 대덕구 한남로 150번길 135,,36.35152153,127.4080877,,,042-608-5205,대전광역시 대덕구청,2025-11-13
오정동332,1,대전광역시 대덕구 오정로51번길 54-13,,36.35025011,127.4088386,,,042-608-5205,대전광역시 대덕구청,2025-11-13
오정동333,1,대전광역시 대덕구 오정로51번길 54-3,,36.34994995,127.4091222,,,042-608-5205,대전광역시 대덕구청,2025-11-13
오정동334,1,대전광역시 대덕구 오정로51번길 56,,36.34984855,127.4092598,,,042-608-5205,대전광역시 대덕구청,2025-11-13
대화동301,1,대전광역시 대덕구 대화로150번길 95,,36.36904692,127.4008159,,,042-608-5205,대전광역시 대덕구청,2025-11-13
오정동335,1,대전광역시 대덕구 한남로150번길 101,,36.35018937,127.409734,,,042-608-5205,대전광역시 대덕구청,2025-11-13
오정동336,1,대전광역시 대덕구 오정로41번길 54-21,,36.34946499,127.4096856,,,042-608-5205,대전광역시 대덕구청,2025-11-13
오정동337,1,대전광역시 대덕구 오정로41번길 54-3,,36.34923683,127.4099963,,,042-608-5205,대전광역시 대덕구청,2025-11-13
오정동338,1,대전광역시 대덕구 대전천북로 236,,36.34894004,127.4103468,,,042-608-5205,대전광역시 대덕구청,2025-11-13
오정동339,1,대전광역시 대덕구 대전천북로 242,,36.34907148,127.4098618,,,042-608-5205,대전광역시 대덕구청,2025-11-13
오정동340,1,대전광역시 대덕구 대전천북로 242,,36.34907148,127.4098618,,,042-608-5205,대전광역시 대덕구청,2025-11-13
오정동341,1,,대전광역시 대덕구 오정동 420-2,,,,,042-608-5205,대전광역시 대덕구청,2025-11-13
오정동342,1,대전광역시 대덕구 대전천북로 246,,36.3492246,127.4093591,,,042-608-5205,대전광역시 대덕구청,2025-11-13
오정동343,1,대전광역시 대덕구 대전천북로 250,,36.34952558,127.4088348,,,042-608-5205,대전광역시 대덕구청,2025-11-13
오정동344,1,대전광역시 대덕구 오정로51번길 66,,36.34979524,127.4090368,,,042-608-5205,대전광역시 대덕구청,2025-11-13
대화동302,1,대전광역시 대덕구 대화로150번길 109,,36.36955217,127.4006402,,,042-608-5205,대전광역시 대덕구청,2025-11-13
오정동345,1,대전광역시 대덕구 오정로51번길 66-7,,36.34963074,127.4086527,,,042-608-5205,대전광역시 대덕구청,2025-11-13
오정동346,1,대전광역시 대덕구 오정로51번길 66-17,,36.34983403,127.4082349,,,042-608-5205,대전광역시 대덕구청,2025-11-13
오정동347,1,대전광역시 대덕구 오정로14번길 59,,36.35188913,127.4143952,,,042-608-5205,대전광역시 대덕구청,2025-11-13
오정동348,1,대전광역시 대덕구 오정로14번길 59,,36.35188913,127.4143952,,,042-608-5205,대전광역시 대덕구청,2025-11-13
오정동349,1,대전광역시 대덕구 오정로14번길 59,,36.35188913,127.4143952,,,042-608-5205,대전광역시 대덕구청,2025-11-13
오정동350,1,대전광역시 대덕구 오정로14번길 59,,36.35188913,127.4143952,,,042-608-5205,대전광역시 대덕구청,2025-11-13
오정동351,1,대전광역시 대덕구 한남로150번길 135,,36.35152153,127.4080877,,,042-608-5205,대전광역시 대덕구청,2025-11-13
오정동352,1,대전광역시 대덕구 한남로150번길 135,,36.35152153,127.4080877,,,042-608-5205,대전광역시 대덕구청,2025-11-13
오정동353,1,대전광역시 대덕구 오정로63번길 66,,36.35034045,127.4077206,,,042-608-5205,대전광역시 대덕구청,2025-11-13
오정동354,1,대전광역시 대덕구 오정로63번길 80,,36.34989479,127.4073306,,,042-608-5205,대전광역시 대덕구청,2025-11-13
대화동303,1,대전광역시 대덕구 대화로150번길 113,,36.37013567,127.4007769,,,042-608-5205,대전광역시 대덕구청,2025-11-13
오정동355,1,대전광역시 대덕구 오정로63번길 80,,36.34989479,127.4073306,,,042-608-5205,대전광역시 대덕구청,2025-11-13
오정동356,1,대전광역시 대덕구 오정로63번길 78-7,,36.34994199,127.4072328,,,042-608-5205,대전광역시 대덕구청,2025-11-13
오정동357,1,대전광역시 대덕구 오정로63번길 78-13,,36.35032167,127.4068827,,,042-608-5205,대전광역시 대덕구청,2025-11-13
오정동358,1,,대전광역시 대덕구 오정동 419-4,,,,,042-608-5205,대전광역시 대덕구청,2025-11-13
오정동359,1,대전광역시 대덕구 대전천북로 254,,36.34965397,127.4081849,,,042-608-5205,대전광역시 대덕구청,2025-11-13
오정동360,1,대전광역시 대덕구 대전천북로 254,,36.34965397,127.4081849,,,042-608-5205,대전광역시 대덕구청,2025-11-13
오정동361,1,,대전광역시 대덕구 오정동 444-15,,,,,042-608-5205,대전광역시 대덕구청,2025-11-13
오정동362,1,대전광역시 대덕구 대전천북로 266,,36.34982346,127.4071074,,,042-608-5205,대전광역시 대덕구청,2025-11-13
오정동363,1,,대전광역시 대덕구 오정동 444-21,,,,,042-608-5205,대전광역시 대덕구청,2025-11-13
오정동364,1,대전광역시 대덕구 대전로1020번길 11,,36.34691834,127.4185084,,,042-608-5205,대전광역시 대덕구청,2025-11-13
대화동304,1,대전광역시 대덕구 대화로132번안길 80,,36.36926702,127.399676,,,042-608-5205,대전광역시 대덕구청,2025-11-13
오정동365,1,대전광역시 대덕구 대전로1020번길 11,,36.34691834,127.4185084,,,042-608-5205,대전광역시 대덕구청,2025-11-13
오정동366,1,,대전광역시 대덕구 오정동 477-2,36.34735027,127.4186889,,,042-608-5205,대전광역시 대덕구청,2025-11-13
오정동367,1,대전광역시 대덕구 대전로1032번길 9,,36.34749073,127.417696,,,042-608-5205,대전광역시 대덕구청,2025-11-13
오정동368,1,대전광역시 대덕구 대전로 1032번길 19,,36.34788257,127.4180011,,,042-608-5205,대전광역시 대덕구청,2025-11-13
오정동369,1,대전광역시 대덕구 대전로1032번길 13-10,,36.34792692,127.4176894,,,042-608-5205,대전광역시 대덕구청,2025-11-13
오정동370,1,대전광역시 대덕구 대전로1032번길 13-20,,36.34818348,127.4175081,,,042-608-5205,대전광역시 대덕구청,2025-11-13
오정동371,1,대전광역시 대덕구 대전로1044번길 7,,36.34824445,127.4165638,,,042-608-5205,대전광역시 대덕구청,2025-11-13
오정동372,1,대전광역시 대덕구 대전로1044번길 13,,36.34845596,127.4169001,,,042-608-5205,대전광역시 대덕구청,2025-11-13
오정동373,1,대전광역시 대덕구 대전로1044번길 19,,36.34865384,127.4170071,,,042-608-5205,대전광역시 대덕구청,2025-11-13
오정동374,1,대전광역시 대덕구 한남로113번길 6,,36.34891998,127.4171823,,,042-608-5205,대전광역시 대덕구청,2025-11-13
대화동030,1,대전광역시 대덕구 대전로 1223,,36.36322037,127.4180475,,,042-608-5205,대전광역시 대덕구청,2025-11-13
대화동305,1,대전광역시 대덕구 대화로132번안길 73,,36.36910073,127.3998178,,,042-608-5205,대전광역시 대덕구청,2025-11-13
오정동375,1,대전광역시 대덕구 대전로1044번길 33,,36.34900476,127.4176774,,,042-608-5205,대전광역시 대덕구청,2025-11-13
오정동376,1,대전광역시 대덕구 대전로1044번길 33,,36.34900476,127.4176774,,,042-608-5205,대전광역시 대덕구청,2025-11-13
오정동377,1,대전광역시 대덕구 대전로1044번길 33,,36.34900476,127.4176774,,,042-608-5205,대전광역시 대덕구청,2025-11-13
오정동378,1,대전광역시 대덕구 한남로113번길 14,,36.34862676,127.4175372,,,042-608-5205,대전광역시 대덕구청,2025-11-13
오정동379,1,대전광역시 대덕구 한남로113번길 22,,36.34844569,127.4177769,,,042-608-5205,대전광역시 대덕구청,2025-11-13
오정동380,1,대전광역시 대덕구 한남로113번길 26,,36.34823262,127.4178871,,,042-608-5205,대전광역시 대덕구청,2025-11-13
오정동381,1,대전광역시 대덕구 한남로113번길 23-8,,36.34855175,127.4183701,,,042-608-5205,대전광역시 대덕구청,2025-11-13
오정동382,1,대전광역시 대덕구 한남로113번길 34,,36.34812709,127.4181718,,,042-608-5205,대전광역시 대덕구청,2025-11-13
오정동383,1,대전광역시 대덕구 대전로1032번길 23,,36.34791081,127.4181706,,,042-608-5205,대전광역시 대덕구청,2025-11-13
오정동384,1,대전광역시 대덕구 한남로113번길 40,,36.34783036,127.4184999,,,042-608-5205,대전광역시 대덕구청,2025-11-13
대화동306,1,대전광역시 대덕구 대화로132번안길 77-7,,36.3689058,127.3999015,,,042-608-5205,대전광역시 대덕구청,2025-11-13
오정동385,1,대전광역시 대덕구 한남로113번길 52,,36.3474466,127.4189746,,,042-608-5205,대전광역시 대덕구청,2025-11-13
오정동386,1,대전광역시 대덕구 대전로1020번길 23,,36.34723386,127.4189913,,,042-608-5205,대전광역시 대덕구청,2025-11-13
오정동387,1,,대전광역시 대덕구 오정동 478-8,,,,,042-608-5205,대전광역시 대덕구청,2025-11-13
오정동388,1,대전광역시 대덕구 대전로1020번길 47,,36.34847665,127.4192297,,,042-608-5205,대전광역시 대덕구청,2025-11-13
오정동389,1,대전광역시 대덕구 대전로1020번길 47,,36.34847665,127.4192297,,,042-608-5205,대전광역시 대덕구청,2025-11-13
오정동390,1,대전광역시 대덕구 대전로1032번길 41,,36.34849194,127.4189802,,,042-608-5205,대전광역시 대덕구청,2025-11-13
오정동391,1,대전광역시 대덕구 대전로 1032번길 33,,36.3482157,127.4186045,,,042-608-5205,대전광역시 대덕구청,2025-11-13
오정동392,1,대전광역시 대덕구 대전로1032번길 39-7,,36.34854386,127.4185661,,,042-608-5205,대전광역시 대덕구청,2025-11-13
오정동393,1,대전광역시 대덕구 대전로1032번길 39-13,,36.3487574,127.4183177,,,042-608-5205,대전광역시 대덕구청,2025-11-13
오정동394,1,대전광역시 대덕구 대전로1044번길 50,,36.34933397,127.4183698,,,042-608-5205,대전광역시 대덕구청,2025-11-13
대화동307,1,대전광역시 대덕구 대화로132번안길 77-16,,36.36840504,127.3998142,,,042-608-5205,대전광역시 대덕구청,2025-11-13
오정동395,1,대전광역시 대덕구 한남로101번길 24,,36.34909466,127.4187696,,,042-608-5205,대전광역시 대덕구청,2025-11-13
오정동396,1,대전광역시 대덕구 한남로101번길 30,,36.34892448,127.418987,,,042-608-5205,대전광역시 대덕구청,2025-11-13
오정동397,1,대전광역시 대덕구 대전로1020번길 71,,36.34927205,127.4195815,,,042-608-5205,대전광역시 대덕구청,2025-11-13
오정동398,1,대전광역시 대덕구 대전로1020번길 66,,36.34902955,127.419861,,,042-608-5205,대전광역시 대덕구청,2025-11-13
오정동399,1,대전광역시 대덕구 대전로1020번길 68-6,,36.34909738,127.4200485,,,042-608-5205,대전광역시 대덕구청,2025-11-13
오정동400,1,대전광역시 대덕구 한밭대로 1036번길 15,,36.35752559,127.4137254,,,042-608-5205,대전광역시 대덕구청,2025-11-13
오정동401,1,대전광역시 대덕구 한밭대로1036번길 18,,36.3574866,127.4135335,,,042-608-5205,대전광역시 대덕구청,2025-11-13
오정동402,1,대전광역시 대덕구 대전로1157번길 33,,36.3574698,127.4131814,,,042-608-5205,대전광역시 대덕구청,2025-11-13
오정동403,1,대전광역시 대덕구 대전로1157번길 41,,36.35747465,127.4128204,,,042-608-5205,대전광역시 대덕구청,2025-11-13
오정동404,1,대전광역시 대덕구 한밭대로1024번길 5,,36.35791238,127.4123682,,,042-608-5205,대전광역시 대덕구청,2025-11-13
대화동308,1,대전광역시 대덕구 대화로132번안길 77-16,,36.36840504,127.3998142,,,042-608-5205,대전광역시 대덕구청,2025-11-13
오정동405,1,대전광역시 대덕구 한밭대로 1024번길 20,,36.35735883,127.4119107,,,042-608-5205,대전광역시 대덕구청,2025-11-13
오정동406,1,대전광역시 대덕구 오정로100번길 87,,36.3574977,127.4113633,,,042-608-5205,대전광역시 대덕구청,2025-11-13
오정동407,1,대전광역시 대덕구 오정로100번길 87,,36.3574977,127.4113633,,,042-608-5205,대전광역시 대덕구청,2025-11-13
오정동408,1,대전광역시 대덕구 오정로100번길 85,,36.35763493,127.4112882,,,042-608-5205,대전광역시 대덕구청,2025-11-13
오정동409,1,대전광역시 대덕구 한밭대로1024번길 5,,36.35791238,127.4123682,,,042-608-5205,대전광역시 대덕구청,2025-11-13
오정동410,1,대전광역시 대덕구 한밭대로1024번길 27,,36.35725765,127.4130287,,,042-608-5205,대전광역시 대덕구청,2025-11-13
오정동411,1,대전광역시 대덕구 한밭대로1024번길 31,,36.35709852,127.4131794,,,042-608-5205,대전광역시 대덕구청,2025-11-13
오정동412,1,대전광역시 대덕구 한밭대로1024번길 42,,36.35656134,127.4132033,,,042-608-5205,대전광역시 대덕구청,2025-11-13
오정동413,1,대전광역시 대덕구 한밭대로1024번길 44,,36.35665461,127.413333,,,042-608-5205,대전광역시 대덕구청,2025-11-13
오정동414,1,대전광역시 대덕구 한밭대로1006번길 90,,36.35494956,127.4133419,,,042-608-5205,대전광역시 대덕구청,2025-11-13
대화동309,1,대전광역시 대덕구 대화로132번안길 81-26,,36.3682776,127.3991182,,,042-608-5205,대전광역시 대덕구청,2025-11-13
오정동415,1,대전광역시 대덕구 오정로42번길 77,,36.35394676,127.4145843,,,042-608-5205,대전광역시 대덕구청,2025-11-13
오정동416,1,대전광역시 대덕구 오정로42번길 79,,36.35393512,127.4148205,,,042-608-5205,대전광역시 대덕구청,2025-11-13
오정동417,1,대전광역시 대덕구 오정로42번길 63,,36.35363329,127.4145426,,,042-608-5205,대전광역시 대덕구청,2025-11-13
오정동418,1,대전광역시 대덕구 오정로42번길 57,,36.35318067,127.4140901,,,042-608-5205,대전광역시 대덕구청,2025-11-13
오정동419,1,대전광역시 대덕구 오정로42번길 45,,36.35289002,127.4137053,,,042-608-5205,대전광역시 대덕구청,2025-11-13
오정동420,1,대전광역시 대덕구 오정로42번길 37,,36.35249775,127.4135205,,,042-608-5205,대전광역시 대덕구청,2025-11-13
오정동421,1,대전광역시 대덕구 오정로42번길 35,,36.35241175,127.413373,,,042-608-5205,대전광역시 대덕구청,2025-11-13
오정동422,1,대전광역시 대덕구 오정로42번길 33,,36.35226759,127.4133633,,,042-608-5205,대전광역시 대덕구청,2025-11-13
오정동423,1,,대전광역시 대덕구 오정동 518-4,,,,,042-608-5205,대전광역시 대덕구청,2025-11-13
오정동424,1,대전광역시 대덕구 오정로 54,,36.35187669,127.4117392,,,042-608-5205,대전광역시 대덕구청,2025-11-13
대화동310,1,대전광역시 대덕구 대화로132번안길 81-25,,36.36791621,127.3993927,,,042-608-5205,대전광역시 대덕구청,2025-11-13
오정동425,1,대전광역시 대덕구 오정로42번길 15-12,,36.35207567,127.4125736,,,042-608-5205,대전광역시 대덕구청,2025-11-13
오정동426,1,대전광역시 대덕구 오정로52번길 16,,36.35215537,127.4124581,,,042-608-5205,대전광역시 대덕구청,2025-11-13
오정동427,1,대전광역시 대덕구 오정로 52번길 15,,36.35232158,127.4123431,,,042-608-5205,대전광역시 대덕구청,2025-11-13
오정동428,1,대전광역시 대덕구 오정로52번길 27,,36.35265543,127.412746,,,042-608-5205,대전광역시 대덕구청,2025-11-13
오정동429,1,대전광역시 대덕구 오정로52번길 33,,36.35285657,127.4129565,,,042-608-5205,대전광역시 대덕구청,2025-11-13
오정동430,1,대전광역시 대덕구 한밭대로988번길 144,,36.35261342,127.4134275,,,042-608-5205,대전광역시 대덕구청,2025-11-13
오정동431,1,대전광역시 대덕구 오정로52번길 43,,36.35330226,127.4133287,,,042-608-5205,대전광역시 대덕구청,2025-11-13
오정동432,1,대전광역시 대덕구 오정로52번길 47,,36.35340279,127.4134451,,,042-608-5205,대전광역시 대덕구청,2025-11-13
오정동433,1,대전광역시 대덕구 오정로42번길 59-10,,36.35355552,127.414101,,,042-608-5205,대전광역시 대덕구청,2025-11-13
오정동434,1,대전광역시 대덕구 오정로52번길 57,,36.35355306,127.4137712,,,042-608-5205,대전광역시 대덕구청,2025-11-13
대화동311,1,대전광역시 대덕구 대화로132번안길 81-27,,36.36811576,127.399006,,,042-608-5205,대전광역시 대덕구청,2025-11-13
오정동435,1,대전광역시 대덕구 오정로52번길 64,,36.35386929,127.4140536,,,042-608-5205,대전광역시 대덕구청,2025-11-13
오정동436,1,대전광역시 대덕구 오정로76번길 42,,36.3535835,127.4122651,,,042-608-5205,대전광역시 대덕구청,2025-11-13
오정동437,1,대전광역시 대덕구 한밭대로988번길 120,,36.35333421,127.4124287,,,042-608-5205,대전광역시 대덕구청,2025-11-13
오정동438,1,대전광역시 대덕구 한밭대로988번길 132,,36.35300795,127.4129617,,,042-608-5205,대전광역시 대덕구청,2025-11-13
오정동439,1,대전광역시 대덕구 오정로52번길 25-4,,36.35280752,127.4125462,,,042-608-5205,대전광역시 대덕구청,2025-11-13
오정동440,1,대전광역시 대덕구 오정로52번길 25-3,,36.35268196,127.4123718,,,042-608-5205,대전광역시 대덕구청,2025-11-13
오정동441,1,대전광역시 대덕구 오정로52번길 25-10,,36.35290888,127.412422,,,042-608-5205,대전광역시 대덕구청,2025-11-13
오정동442,1,대전광역시 대덕구 오정로52번길 25-22,,36.35323474,127.4120048,,,042-608-5205,대전광역시 대덕구청,2025-11-13
오정동443,1,대전광역시 대덕구 오정로76번길 32,,36.35347732,127.4116942,,,042-608-5205,대전광역시 대덕구청,2025-11-13
오정동444,1,대전광역시 대덕구 오정로64번길 20,,36.35299091,127.4116292,,,042-608-5205,대전광역시 대덕구청,2025-11-13
대화동312,1,대전광역시 대덕구 대화로132번안길 95,,36.36882587,127.3990096,,,042-608-5205,대전광역시 대덕구청,2025-11-13
오정동445,1,대전광역시 대덕구 오정로64번길 15-7,,36.35301144,127.4109029,,,042-608-5205,대전광역시 대덕구청,2025-11-13
오정동446,1,대전광역시 대덕구 오정로64번길 11,,36.35294591,127.4110898,,,042-608-5205,대전광역시 대덕구청,2025-11-13
오정동447,1,대전광역시 대덕구 오정로 62,,36.35237643,127.4110734,,,042-608-5205,대전광역시 대덕구청,2025-11-13
오정동448,1,대전광역시 대덕구 오정로52번길 15-23,,36.35272489,127.4114184,,,042-608-5205,대전광역시 대덕구청,2025-11-13
오정동449,1,대전광역시 대덕구 오정로52번길 25-3,,36.35268196,127.4123718,,,042-608-5205,대전광역시 대덕구청,2025-11-13
오정동450,1,대전광역시 대덕구 오정로52번길 15-18,,36.35272368,127.4117704,,,042-608-5205,대전광역시 대덕구청,2025-11-13
오정동451,1,대전광역시 대덕구 오정로52번길 15-4,,36.35248439,127.4121702,,,042-608-5205,대전광역시 대덕구청,2025-11-13
오정동452,1,대전광역시 대덕구 오정로76번길 2,,36.35313609,127.4102931,,,042-608-5205,대전광역시 대덕구청,2025-11-13
오정동453,1,대전광역시 대덕구 오정로76번길 17,,36.35357812,127.4106876,,,042-608-5205,대전광역시 대덕구청,2025-11-13
오정동454,1,대전광역시 대덕구 오정로76번길 18,,36.35327413,127.4110336,,,042-608-5205,대전광역시 대덕구청,2025-11-13
대화동313,1,대전광역시 대덕구 대화로32번길 537-16,,36.36929977,127.398183,,,042-608-5205,대전광역시 대덕구청,2025-11-13
오정동455,1,대전광역시 대덕구 오정로64번길 23,,36.3533661,127.4115421,,,042-608-5205,대전광역시 대덕구청,2025-11-13
오정동456,1,대전광역시 대덕구 오정로76번길 33,,36.35374108,127.4115173,,,042-608-5205,대전광역시 대덕구청,2025-11-13
오정동457,1,대전광역시 대덕구 오정로76번길 42,,36.3535835,127.4122651,,,042-608-5205,대전광역시 대덕구청,2025-11-13
오정동458,1,대전광역시 대덕구 오정로76번길 37,,36.35381901,127.4119143,,,042-608-5205,대전광역시 대덕구청,2025-11-13
오정동459,1,대전광역시 대덕구 오정로76번길 48,,36.35362942,127.4125372,,,042-608-5205,대전광역시 대덕구청,2025-11-13
오정동460,1,대전광역시 대덕구 오정로76번길 55,,36.35396773,127.4126905,,,042-608-5205,대전광역시 대덕구청,2025-11-13
오정동461,1,대전광역시 대덕구 오정로76번길 58,,36.35376116,127.4130103,,,042-608-5205,대전광역시 대덕구청,2025-11-13
오정동462,1,대전광역시 대덕구 오정로76번길 63,,36.35416477,127.4130436,,,042-608-5205,대전광역시 대덕구청,2025-11-13
오정동463,1,대전광역시 대덕구 오정로76번길 68,,36.35389322,127.4133898,,,042-608-5205,대전광역시 대덕구청,2025-11-13
오정동464,1,대전광역시 대덕구 오정로76번길 77,,36.35437077,127.4139315,,,042-608-5205,대전광역시 대덕구청,2025-11-13
대화동314,1,대전광역시 대덕구 대화로32번길 537-16,,,,,,042-608-5205,대전광역시 대덕구청,2025-11-13
오정동465,1,대전광역시 대덕구 오정로76번길 86,,36.35405165,127.4144824,,,042-608-5205,대전광역시 대덕구청,2025-11-13
오정동466,1,대전광역시 대덕구 대전로1131번길 39,,36.35450232,127.4134153,,,042-608-5205,대전광역시 대덕구청,2025-11-13
오정동467,1,대전광역시 대덕구 대전로1131번길 38-7,,36.35464486,127.4128484,,,042-608-5205,대전광역시 대덕구청,2025-11-13
오정동468,1,대전광역시 대덕구 대전로1131번길 38-11,,36.3547424,127.4127882,,,042-608-5205,대전광역시 대덕구청,2025-11-13
오정동469,1,대전광역시 대덕구 대전로1131번길 38-19,,36.35498528,127.4123928,,,042-608-5205,대전광역시 대덕구청,2025-11-13
오정동470,1,대전광역시 대덕구 오정로78번길 72,,36.35548542,127.4126584,,,042-608-5205,대전광역시 대덕구청,2025-11-13
오정동471,1,대전광역시 대덕구 한밭대로1006번길 53,,36.35622118,127.412542,,,042-608-5205,대전광역시 대덕구청,2025-11-13
오정동472,1,대전광역시 대덕구 오정로100번길 72,,36.35698372,127.4109283,,,042-608-5205,대전광역시 대덕구청,2025-11-13
오정동473,1,대전광역시 대덕구 오정로100번길 67-8,,36.3572086,127.4105239,,,042-608-5205,대전광역시 대덕구청,2025-11-13
오정동474,1,대전광역시 대덕구 한밭대로 1006번길 10,,36.35754767,127.4104588,,,042-608-5205,대전광역시 대덕구청,2025-11-13
대화동031,1,대전광역시 대덕구 대화15길 32,,36.36350632,127.4177103,,,042-608-5205,대전광역시 대덕구청,2025-11-13
대화동315,1,대전광역시 대덕구 대화로132번안길 105,,36.36824651,127.3987125,,,042-608-5205,대전광역시 대덕구청,2025-11-13
오정동475,1,대전광역시 대덕구 오정로100번길 68,,36.3567217,127.4106016,,,042-608-5205,대전광역시 대덕구청,2025-11-13
오정동476,1,대전광역시 대덕구 오정로100번길 60,,36.35655655,127.4104091,,,042-608-5205,대전광역시 대덕구청,2025-11-13
오정동477,1,대전광역시 대덕구 오정로100번길 61,,36.35670845,127.4102628,,,042-608-5205,대전광역시 대덕구청,2025-11-13
오정동478,1,대전광역시 대덕구 오정로100번길 57-9,,36.35681086,127.4098311,,,042-608-5205,대전광역시 대덕구청,2025-11-13
오정동479,1,대전광역시 대덕구 오정로100번길 57-15,,36.35705636,127.4097209,,,042-608-5205,대전광역시 대덕구청,2025-11-13
오정동480,1,대전광역시 대덕구 한밭대로994번길 12,,36.35672565,127.4094518,,,042-608-5205,대전광역시 대덕구청,2025-11-13
오정동481,1,대전광역시 대덕구 한밭대로994번길 8,,36.35674069,127.4092692,,,042-608-5205,대전광역시 대덕구청,2025-11-13
오정동482,1,대전광역시 대덕구 오정로100번길 48,,36.3561292,127.4099389,,,042-608-5205,대전광역시 대덕구청,2025-11-13
오정동483,1,대전광역시 대덕구 오정로100번길 42,,36.3560181,127.4097511,,,042-608-5205,대전광역시 대덕구청,2025-11-13
오정동484,1,대전광역시 대덕구 오정로100번길 42,,36.3560181,127.4097511,,,042-608-5205,대전광역시 대덕구청,2025-11-13
대화동316,1,대전광역시 대덕구 대화로132번안길 101,,36.36854501,127.398919,,,042-608-5205,대전광역시 대덕구청,2025-11-13
오정동485,1,대전광역시 대덕구 한밭대로988번길 34,,36.35614294,127.4090878,,,042-608-5205,대전광역시 대덕구청,2025-11-13
오정동486,1,대전광역시 대덕구 한밭대로988번길 34,,36.35614294,127.4090878,,,042-608-5205,대전광역시 대덕구청,2025-11-13
오정동487,1,대전광역시 대덕구 오정로90번길 25-14,,36.35557287,127.4092408,,,042-608-5205,대전광역시 대덕구청,2025-11-13
오정동488,1,대전광역시 대덕구 한밭대로972번길 47,,36.35556447,127.4085366,,,042-608-5205,대전광역시 대덕구청,2025-11-13
오정동489,1,대전광역시 대덕구 오정로100번길 25-9,,36.35582404,127.4085246,,,042-608-5205,대전광역시 대덕구청,2025-11-13
오정동490,1,대전광역시 대덕구 오정로100번길 25-15,,36.35591869,127.4082533,,,042-608-5205,대전광역시 대덕구청,2025-11-13
오정동491,1,대전광역시 대덕구 오정로 100번길 22,,36.3553397,127.4089098,,,042-608-5205,대전광역시 대덕구청,2025-11-13
오정동492,1,대전광역시 대덕구 한밭대로972번길 51,,36.35545223,127.4086786,,,042-608-5205,대전광역시 대덕구청,2025-11-13
오정동493,1,대전광역시 대덕구 한밭대로 972번길 41,,36.3556412,127.408234,,,042-608-5205,대전광역시 대덕구청,2025-11-13
오정동494,1,대전광역시 대덕구 한밭대로972번길 37,,36.35583982,127.4081281,,,042-608-5205,대전광역시 대덕구청,2025-11-13
대화동317,1,대전광역시 대덕구 대화로132번안길 100,,36.36888813,127.3987158,,,042-608-5205,대전광역시 대덕구청,2025-11-13
오정동495,1,대전광역시 대덕구 오정로 96,,36.35470345,127.4083895,,,042-608-5205,대전광역시 대덕구청,2025-11-13
오정동496,1,대전광역시 대덕구 오정로 96,,36.35470345,127.4083895,,,042-608-5205,대전광역시 대덕구청,2025-11-13
오정동497,1,대전광역시 대덕구 한밭대로972번길 55,,36.35514525,127.4088508,,,042-608-5205,대전광역시 대덕구청,2025-11-13
오정동498,1,대전광역시 대덕구 한밭대로972번길 63,,36.35502552,127.4090775,,,042-608-5205,대전광역시 대덕구청,2025-11-13
오정동499,1,대전광역시 대덕구 오정로90번길 5,,36.35438461,127.4088647,,,042-608-5205,대전광역시 대덕구청,2025-11-13
오정동500,1,대전광역시 대덕구 한밭대로972번길 71,,36.35483713,127.4093528,,,042-608-5205,대전광역시 대덕구청,2025-11-13
오정동501,1,대전광역시 대덕구 오정로90번길 21,,36.35486207,127.4094376,,,042-608-5205,대전광역시 대덕구청,2025-11-13
오정동502,1,대전광역시 대덕구 오정로90번길 25-6,,36.35530824,127.4096761,,,042-608-5205,대전광역시 대덕구청,2025-11-13
오정동503,1,대전광역시 대덕구 오정로90번길 25-14,,36.35557287,127.4092408,,,042-608-5205,대전광역시 대덕구청,2025-11-13
오정동504,1,대전광역시 대덕구 오정로90번길 31,,36.35519223,127.4098671,,,042-608-5205,대전광역시 대덕구청,2025-11-13
대화동318,1,대전광역시 대덕구 대화로132번안길 86,,36.36939728,127.3995296,,,042-608-5205,대전광역시 대덕구청,2025-11-13
오정동505,1,대전광역시 대덕구 한밭대로988번길 50,,36.35556047,127.4097042,,,042-608-5205,대전광역시 대덕구청,2025-11-13
오정동506,1,대전광역시 대덕구 한밭대로988번길 59,,36.35550805,127.4102743,,,042-608-5205,대전광역시 대덕구청,2025-11-13
오정동507,1,대전광역시 대덕구 오정로90번길 45,,36.35561227,127.410364,,,042-608-5205,대전광역시 대덕구청,2025-11-13
오정동508,1,대전광역시 대덕구 한밭대로994번길 36,,36.35596884,127.4104506,,,042-608-5205,대전광역시 대덕구청,2025-11-13
오정동509,1,대전광역시 대덕구 한밭대로994번길 50,,36.35550566,127.4109695,,,042-608-5205,대전광역시 대덕구청,2025-11-13
오정동510,1,대전광역시 대덕구 한밭대로994번길 52,,36.35541884,127.4110582,,,042-608-5205,대전광역시 대덕구청,2025-11-13
오정동511,1,대전광역시 대덕구 한밭대로994번길 58,,36.3551442,127.4112573,,,042-608-5205,대전광역시 대덕구청,2025-11-13
오정동512,1,대전광역시 대덕구 한밭대로988번길 82,,36.35459984,127.4109826,,,042-608-5205,대전광역시 대덕구청,2025-11-13
오정동513,1,대전광역시 대덕구 한밭대로988번길 70,,36.35488373,127.4104805,,,042-608-5205,대전광역시 대덕구청,2025-11-13
오정동514,1,대전광역시 대덕구 한밭대로988번길 69,,36.35514981,127.4106735,,,042-608-5205,대전광역시 대덕구청,2025-11-13
대화동319,1,대전광역시 대덕구 대화로132번안길 86,,36.36939728,127.3995296,,,042-608-5205,대전광역시 대덕구청,2025-11-13
오정동515,1,대전광역시 대덕구 오정로78번길 25-20,,36.35482717,127.4101549,,,042-608-5205,대전광역시 대덕구청,2025-11-13
오정동516,1,대전광역시 대덕구 오정로78번길 25-12,,36.35459242,127.4102829,,,042-608-5205,대전광역시 대덕구청,2025-11-13
오정동517,1,대전광역시 대덕구 오정로78번길 27,,36.35424835,127.4107579,,,042-608-5205,대전광역시 대덕구청,2025-11-13
오정동518,1,대전광역시 대덕구 한밭대로972번길 95,,36.35399427,127.4102174,,,042-608-5205,대전광역시 대덕구청,2025-11-13
오정동519,1,대전광역시 대덕구 한밭대로972번길 82,,36.35428863,127.4095237,,,042-608-5205,대전광역시 대덕구청,2025-11-13
오정동520,1,대전광역시 대덕구 오정로78번길 12,,36.35344209,127.4104105,,,042-608-5205,대전광역시 대덕구청,2025-11-13
오정동521,1,대전광역시 대덕구 오정로78번길 16,,36.35370132,127.410501,,,042-608-5205,대전광역시 대덕구청,2025-11-13
오정동522,1,대전광역시 대덕구 한밭대로988번길 92,,36.35415983,127.4113412,,,042-608-5205,대전광역시 대덕구청,2025-11-13
오정동523,1,대전광역시 대덕구 오정로76번길 29-2,,36.35379574,127.4113438,,,042-608-5205,대전광역시 대덕구청,2025-11-13
오정동524,1,대전광역시 대덕구 오정로78번길 34,,36.35427565,127.4112037,,,042-608-5205,대전광역시 대덕구청,2025-11-13
대화동320,1,대전광역시 대덕구 대화로150번길 113,,36.37013567,127.4007769,,,042-608-5205,대전광역시 대덕구청,2025-11-13
오정동525,1,대전광역시 대덕구 한밭대로988번길 90,,36.3543509,127.4113333,,,042-608-5205,대전광역시 대덕구청,2025-11-13
오정동526,1,대전광역시 대덕구 한밭대로988번길 94,,36.35418076,127.4115419,,,042-608-5205,대전광역시 대덕구청,2025-11-13
오정동527,1,대전광역시 대덕구 한밭대로988번길 100,,36.35396418,127.4116299,,,042-608-5205,대전광역시 대덕구청,2025-11-13
오정동528,1,대전광역시 대덕구 한밭대로988번길 89,,36.35450895,127.4114946,,,042-608-5205,대전광역시 대덕구청,2025-11-13
오정동529,1,대전광역시 대덕구 오정로78번길 52,,36.35480699,127.4118304,,,042-608-5205,대전광역시 대덕구청,2025-11-13
오정동530,1,대전광역시 대덕구 한밭대로994번길 80,,36.35454998,127.412141,,,042-608-5205,대전광역시 대덕구청,2025-11-13
오정동531,1,대전광역시 대덕구 한밭대로994번길 90,,36.35430079,127.4122778,,,042-608-5205,대전광역시 대덕구청,2025-11-13
오정동532,1,대전광역시 대덕구 한밭대로994번길 92,,36.35412982,127.4126735,,,042-608-5205,대전광역시 대덕구청,2025-11-13
오정동533,1,대전광역시 대덕구 한밭대로994번길 35-6,,36.35608284,127.4108433,,,042-608-5205,대전광역시 대덕구청,2025-11-13
오정동534,1,대전광역시 대덕구 한밭대로994번길 35-14,,36.35630165,127.4111564,,,042-608-5205,대전광역시 대덕구청,2025-11-13
대화동321,1,대전광역시 대덕구 대화로132번길 113,,,,,,042-608-5205,대전광역시 대덕구청,2025-11-13
오정동535,1,대전광역시 대덕구 오정로100번길 68-24,,36.35593398,127.4111545,,,042-608-5205,대전광역시 대덕구청,2025-11-13
오정동536,1,대전광역시 대덕구 한밭대로994번길 35-22,,36.35653836,127.4115053,,,042-608-5205,대전광역시 대덕구청,2025-11-13
오정동537,1,대전광역시 대덕구 오정로100번길 68-11,,36.35657632,127.4109484,,,042-608-5205,대전광역시 대덕구청,2025-11-13
오정동538,1,대전광역시 대덕구 한밭대로994번길 53-5,,36.3557062,127.4113538,,,042-608-5205,대전광역시 대덕구청,2025-11-13
오정동539,1,대전광역시 대덕구 한밭대로994번길 53-26,,36.35595243,127.4120771,,,042-608-5205,대전광역시 대덕구청,2025-11-13
오정동540,1,대전광역시 대덕구 오정로78번길 62,,36.35511201,127.4122286,,,042-608-5205,대전광역시 대덕구청,2025-11-13
오정동541,1,대전광역시 대덕구 오정로38번안길 11,,36.35101853,127.4138959,,,042-608-5205,대전광역시 대덕구청,2025-11-13
오정동542,1,대전광역시 대덕구 오정로38번안길 9,,36.35117428,127.4136784,,,042-608-5205,대전광역시 대덕구청,2025-11-13
오정동543,1,대전광역시 대덕구 오정로38번길 8,,36.35099567,127.4132096,,,042-608-5205,대전광역시 대덕구청,2025-11-13
오정동544,1,대전광역시 대덕구 오정로38번길 28,,36.35172522,127.4138462,,,042-608-5205,대전광역시 대덕구청,2025-11-13
대화동322,1,대전광역시 대덕구 대화로132번안길 31,,36.37060228,127.4013721,,,042-608-5205,대전광역시 대덕구청,2025-11-13
오정동545,1,대전광역시 대덕구 오정로38번길 30,,36.35181855,127.4139581,,,042-608-5205,대전광역시 대덕구청,2025-11-13
오정동546,1,대전광역시 대덕구 오정로38번길 50,,36.3525121,127.4145812,,,042-608-5205,대전광역시 대덕구청,2025-11-13
오정동547,1,대전광역시 대덕구 오정로38번길 54,,36.35263416,127.4147244,,,042-608-5205,대전광역시 대덕구청,2025-11-13
오정동548,1,대전광역시 대덕구 대전로112번길 6,,,,,,042-608-5205,대전광역시 대덕구청,2025-11-13
오정동549,1,대전광역시 대덕구 대전로 1122,,36.35461078,127.4154034,,,042-608-5205,대전광역시 대덕구청,2025-11-13
오정동550,1,대전광역시 대덕구 오정로51번길 16-9,,36.35132553,127.4105866,,,042-608-5205,대전광역시 대덕구청,2025-11-13
오정동551,1,대전광역시 대덕구 오정로51번길 16-24,,36.35193931,127.4102994,,,042-608-5205,대전광역시 대덕구청,2025-11-13
오정동552,1,대전광역시 대덕구 오정로63번길 1,,36.35216551,127.4105598,,,042-608-5205,대전광역시 대덕구청,2025-11-13
오정동553,1,대전광역시 대덕구 오정로63번길 16-12,,36.3524028,127.4096921,,,042-608-5205,대전광역시 대덕구청,2025-11-13
오정동554,1,대전광역시 대덕구 오정로63번길 15,,36.35154711,127.4100931,,,042-608-5205,대전광역시 대덕구청,2025-11-13
대화동323,1,대전광역시 대덕구 대화로132번안길 20,,36.37108485,127.4015083,,,042-608-5205,대전광역시 대덕구청,2025-11-13
오정동555,1,대전광역시 대덕구 오정로63번길27,,36.35137225,127.4095753,,,042-608-5205,대전광역시 대덕구청,2025-11-13
오정동556,1,대전광역시 대덕구 오정로51번길28-16,,36.35133804,127.410092,,,042-608-5205,대전광역시 대덕구청,2025-11-13
오정동557,1,대전광역시 대덕구 오정로51번길 28-10,,36.35116787,127.4103095,,,042-608-5205,대전광역시 대덕구청,2025-11-13
오정동558,1,대전광역시 대덕구 오정로63번길 36,,36.35133034,127.4091829,,,042-608-5205,대전광역시 대덕구청,2025-11-13
오정동559,1,대전광역시 대덕구 오정로63번길 28-9,,36.35164778,127.4091177,,,042-608-5205,대전광역시 대덕구청,2025-11-13
오정동560,1,대전광역시 대덕구 오정로63번길 28-15,,36.35187212,127.4088694,,,042-608-5205,대전광역시 대덕구청,2025-11-13
오정동561,1,대전광역시 대덕구 오정로75번길 27,,36.35211059,127.4087057,,,042-608-5205,대전광역시 대덕구청,2025-11-13
오정동562,1,대전광역시 대덕구 대전천북로 270,,36.3497565,127.406657,,,042-608-5205,대전광역시 대덕구청,2025-11-13
오정동563,1,대전광역시 대덕구 대전천북로 274,,36.34991596,127.4064083,,,042-608-5205,대전광역시 대덕구청,2025-11-13
오정동564,1,대전광역시 대덕구 대전천북로 278,,36.3499248,127.4059271,,,042-608-5205,대전광역시 대덕구청,2025-11-13
대화동324,1,대전광역시 대덕구 대화로132번안길 3,,36.3711721,127.4023601,,,042-608-5205,대전광역시 대덕구청,2025-11-13
오정동565,1,대전광역시 대덕구 오정로75번길 94,,36.35028922,127.4058265,,,042-608-5205,대전광역시 대덕구청,2025-11-13
오정동566,1,대전광역시 대덕구 오정로75번길 88,,36.35050438,127.4061573,,,042-608-5205,대전광역시 대덕구청,2025-11-13
오정동567,1,대전광역시 대덕구 오정로75번길 89-7,,36.35018212,127.406579,,,042-608-5205,대전광역시 대덕구청,2025-11-13
오정동568,1,대전광역시 대덕구 대전천북로 284,,36.35035542,127.4054391,,,042-608-5205,대전광역시 대덕구청,2025-11-13
오정동569,1,대전광역시 대덕구 대전천북로 290,,36.35080291,127.4052899,,,042-608-5205,대전광역시 대덕구청,2025-11-13
오정동570,1,대전광역시 대덕구 대전천북로 296,,36.35134354,127.4053106,,,042-608-5205,대전광역시 대덕구청,2025-11-13
오정동571,1,대전광역시 대덕구 옛신탄진로 97-5,,36.34850757,127.420687,,,042-608-5205,대전광역시 대덕구청,2025-11-13
오정동572,1,대전광역시 대덕구 옛신탄진로93번길 16-6,,36.34862776,127.4203356,,,042-608-5205,대전광역시 대덕구청,2025-11-13
오정동573,1,대전광역시 대덕구 대전로1020번길 60-7,,36.34889927,127.4200073,,,042-608-5205,대전광역시 대덕구청,2025-11-13
오정동574,1,대전광역시 대덕구 대전로1044번길 75,,36.35029764,127.4190523,,,042-608-5205,대전광역시 대덕구청,2025-11-13
대화동032,1,대전광역시 대덕구 대화15길 20,,36.36333277,127.4178609,,,042-608-5205,대전광역시 대덕구청,2025-11-13
대화동325,1,대전광역시 대덕구 대화로132번안길 23,,36.37078852,127.4017297,,,042-608-5205,대전광역시 대덕구청,2025-11-13
오정동575,1,대전광역시 대덕구 대전로1044번길 71,,36.3501391,127.4190336,,,042-608-5205,대전광역시 대덕구청,2025-11-13
오정동576,1,대전광역시 대덕구 대전로1044번길 63,,36.35002853,127.4186988,,,042-608-5205,대전광역시 대덕구청,2025-11-13
오정동577,1,대전광역시 대덕구 대전로1044번길 57,,36.34994237,127.4185959,,,042-608-5205,대전광역시 대덕구청,2025-11-13
오정동578,1,대전광역시 대덕구 옛신탄진로 121,,36.35038335,127.4192799,,,042-608-5205,대전광역시 대덕구청,2025-11-13
오정동579,1,대전광역시 대덕구 대전로 1064,,36.34947101,127.4162896,,,042-608-5205,대전광역시 대덕구청,2025-11-13
오정동580,1,대전광역시 대덕구 대전로1066번길 17,,36.34983363,127.4167059,,,042-608-5205,대전광역시 대덕구청,2025-11-13
오정동581,1,대전광역시 대덕구 대전로1066번길 21,,36.34995574,127.4168358,,,042-608-5205,대전광역시 대덕구청,2025-11-13
오정동582,1,대전광역시 대덕구 대전로1066번길 27,,36.35018573,127.4170375,,,042-608-5205,대전광역시 대덕구청,2025-11-13
오정동583,1,대전광역시 대덕구 대전로1066번길 34,,36.35013005,127.4175007,,,042-608-5205,대전광역시 대덕구청,2025-11-13
오정동584,1,대전광역시 대덕구 대전로1066번길 41,,36.3505595,127.4175143,,,042-608-5205,대전광역시 대덕구청,2025-11-13
대화동326,1,대전광역시 대덕구 대화로132번길 184,,36.3738202,127.4038269,,,042-608-5205,대전광역시 대덕구청,2025-11-13
오정동585,1,대전광역시 대덕구 대전로1066번길 35,,36.35032908,127.4172789,,,042-608-5205,대전광역시 대덕구청,2025-11-13
오정동586,1,대전광역시 대덕구 대전로1076번길 20,,36.35055381,127.4169236,,,042-608-5205,대전광역시 대덕구청,2025-11-13
오정동587,1,대전광역시 대덕구 한남로114번길 15,,36.34978069,127.4163803,,,042-608-5205,대전광역시 대덕구청,2025-11-13
오정동588,1,대전광역시 대덕구 한남로114번길 21,,36.35006196,127.4163506,,,042-608-5205,대전광역시 대덕구청,2025-11-13
오정동589,1,대전광역시 대덕구 한남로114번길 30,,36.35032715,127.4167977,,,042-608-5205,대전광역시 대덕구청,2025-11-13
오정동590,1,대전광역시 대덕구 한남로114번길 35,,36.35064613,127.4162914,,,042-608-5205,대전광역시 대덕구청,2025-11-13
오정동591,1,대전광역시 대덕구 대전로 1076,,36.35042685,127.4161164,,,042-608-5205,대전광역시 대덕구청,2025-11-13
오정동592,1,대전광역시 대덕구 오정로14번길 4-5,,36.34952911,127.4151313,,,042-608-5205,대전광역시 대덕구청,2025-11-13
오정동593,1,대전광역시 대덕구 오정로14번길 13,,36.34970378,127.4146554,,,042-608-5205,대전광역시 대덕구청,2025-11-13
오정동594,1,대전광역시 대덕구 오정로14번길 14,,36.34984286,127.4150884,,,042-608-5205,대전광역시 대덕구청,2025-11-13
대화동327,1,대전광역시 대덕구 대화로132번길 23,,,,,,042-608-5205,대전광역시 대덕구청,2025-11-13
오정동595,1,대전광역시 대덕구 오정로14번길 24,,36.35032989,127.4149751,,,042-608-5205,대전광역시 대덕구청,2025-11-13
오정동596,1,대전광역시 대덕구 오정로 22,,36.34987117,127.4142018,,,042-608-5205,대전광역시 대덕구청,2025-11-13
오정동597,1,대전광역시 대덕구 오정로24번길 12,,36.35015167,127.4143949,,,042-608-5205,대전광역시 대덕구청,2025-11-13
오정동598,1,대전광역시 대덕구 오정로24번길 23,,36.35054626,127.4149495,,,042-608-5205,대전광역시 대덕구청,2025-11-13
오정동599,1,대전광역시 대덕구 오정로 38번안길11,,36.35101853,127.4138959,,,042-608-5205,대전광역시 대덕구청,2025-11-13
오정동600,1,대전광역시 대덕구 대전천북로 296,,36.35134354,127.4053106,,,042-608-5205,대전광역시 대덕구청,2025-11-13
오정동601,1,대전광역시 대덕구 오정로75번길 90-18,,36.35099632,127.4056563,,,042-608-5205,대전광역시 대덕구청,2025-11-13
오정동602,1,대전광역시 대덕구 오정로75번길 90-10,,36.35070126,127.4059534,,,042-608-5205,대전광역시 대덕구청,2025-11-13
오정동603,1,대전광역시 대덕구 오정로75번길 83,,36.3504524,127.4066027,,,042-608-5205,대전광역시 대덕구청,2025-11-13
오정동604,1,대전광역시 대덕구 오정로75번길 78-9,,36.3508936,127.4061816,,,042-608-5205,대전광역시 대덕구청,2025-11-13
대화동328,1,대전광역시 대덕구 대화로132번길 113,,36.36999601,127.4020301,,,042-608-5205,대전광역시 대덕구청,2025-11-13
오정동605,1,대전광역시 대덕구 오정로75번길 78-13,,36.35095217,127.405919,,,042-608-5205,대전광역시 대덕구청,2025-11-13
오정동606,1,대전광역시 대덕구 오정로75번길 74,,36.35090641,127.4066541,,,042-608-5205,대전광역시 대덕구청,2025-11-13
오정동607,1,대전광역시 대덕구 오정로75번길 63,,36.35107716,127.4073234,,,042-608-5205,대전광역시 대덕구청,2025-11-13
오정동608,1,대전광역시 대덕구 오정로75번길 66-16,,36.35150767,127.4068666,,,042-608-5205,대전광역시 대덕구청,2025-11-13
오정동609,1,대전광역시 대덕구 오정로75번길 66-16,,36.35150767,127.4068666,,,042-608-5205,대전광역시 대덕구청,2025-11-13
오정동610,1,대전광역시 대덕구 오정로75번길 66-26,,36.35200361,127.4062498,,,042-608-5205,대전광역시 대덕구청,2025-11-13
오정동611,1,대전광역시 대덕구 대전천북로 292-23,,36.35165263,127.4055795,,,042-608-5205,대전광역시 대덕구청,2025-11-13
오정동612,1,대전광역시 대덕구 대전천북로 296,,36.35134354,127.4053106,,,042-608-5205,대전광역시 대덕구청,2025-11-13
오정동613,1,대전광역시 대덕구 오정로75번길 60,,36.35140919,127.4072048,,,042-608-5205,대전광역시 대덕구청,2025-11-13
오정동614,1,대전광역시 대덕구 오정로75번길 43,,36.35164112,127.4079012,,,042-608-5205,대전광역시 대덕구청,2025-11-13
대화동329,1,대전광역시 대덕구 대화로150번길 133,,36.37025831,127.401825,,,042-608-5205,대전광역시 대덕구청,2025-11-13
오정동615,1,대전광역시 대덕구 오정로75번길 39,,36.35190642,127.4083259,,,042-608-5205,대전광역시 대덕구청,2025-11-13
오정동616,1,대전광역시 대덕구 오정로75번길 21,,36.35249855,127.4090999,,,042-608-5205,대전광역시 대덕구청,2025-11-13
오정동617,1,대전광역시 대덕구 오정로75번길 26,,36.3524682,127.4084892,,,042-608-5205,대전광역시 대덕구청,2025-11-13
오정동618,1,대전광역시 대덕구 오정로77번길 16,,36.35301103,127.4089199,,,042-608-5205,대전광역시 대덕구청,2025-11-13
오정동619,1,대전광역시 대덕구 오정로75번길 26,,36.3524682,127.4084892,,,042-608-5205,대전광역시 대덕구청,2025-11-13
오정동620,1,대전광역시 대덕구 오정로77번길 24-8,,36.35311822,127.4081451,,,042-608-5205,대전광역시 대덕구청,2025-11-13
오정동621,1,대전광역시 대덕구 오정로77번길 32,,36.35284846,127.4079698,,,042-608-5205,대전광역시 대덕구청,2025-11-13
오정동622,1,대전광역시 대덕구 오정로77번길 59,,36.35211333,127.4068475,,,042-608-5205,대전광역시 대덕구청,2025-11-13
오정동623,1,대전광역시 대덕구 오정로77번길 63,,36.35215798,127.4064378,,,042-608-5205,대전광역시 대덕구청,2025-11-13
오정동624,1,대전광역시 대덕구 오정로75번길 54-7,,36.35154666,127.4070629,,,042-608-5205,대전광역시 대덕구청,2025-11-13
대화동330,1,대전광역시 대덕구 대화로150번길 113,,36.37013567,127.4007769,,,042-608-5205,대전광역시 대덕구청,2025-11-13
오정동625,1,대전광역시 대덕구 오정로75번길 56,,36.35148454,127.4073077,,,042-608-5205,대전광역시 대덕구청,2025-11-13
오정동626,1,대전광역시 대덕구 오정로77번길 72,,36.35228252,127.4058546,,,042-608-5205,대전광역시 대덕구청,2025-11-13
오정동627,1,,대전광역시 대덕구 오정동 47-5,,,,,042-608-5205,대전광역시 대덕구청,2025-11-13
오정동628,1,대전광역시 대덕구 대전천북로 304,,36.35186273,127.4052776,,,042-608-5205,대전광역시 대덕구청,2025-11-13
오정동629,1,대전광역시 대덕구 대전천북로 304,,36.35186273,127.4052776,,,042-608-5205,대전광역시 대덕구청,2025-11-13
오정동630,1,대전광역시 대덕구 대전천북로 296,,36.35134354,127.4053106,,,042-608-5205,대전광역시 대덕구청,2025-11-13
오정동631,1,대전광역시 대덕구 대전천북로 296,,36.35134354,127.4053106,,,042-608-5205,대전광역시 대덕구청,2025-11-13
오정동632,1,대전광역시 대덕구 대전천북로 306,,36.3521367,127.4052746,,,042-608-5205,대전광역시 대덕구청,2025-11-13
오정동633,1,대전광역시 대덕구 오정로99번길 63,,36.35244603,127.4054722,,,042-608-5205,대전광역시 대덕구청,2025-11-13
오정동634,1,대전광역시 대덕구 오정로77번길 62-9,,36.35253456,127.4059406,,,042-608-5205,대전광역시 대덕구청,2025-11-13
대화동331,1,대전광역시 대덕구 대화로150번길 127,,36.3703395,127.4012638,,,042-608-5205,대전광역시 대덕구청,2025-11-13
오정동635,1,대전광역시 대덕구 오정로99번길 53,,36.35291654,127.4059738,,,042-608-5205,대전광역시 대덕구청,2025-11-13
오정동636,1,대전광역시 대덕구 오정로99번길 48,,36.35321285,127.4057614,,,042-608-5205,대전광역시 대덕구청,2025-11-13
오정동637,1,대전광역시 대덕구 오정로99번길 28,,36.35377647,127.4064417,,,042-608-5205,대전광역시 대덕구청,2025-11-13
오정동638,1,대전광역시 대덕구 오정로99번길 31,,36.35349436,127.406721,,,042-608-5205,대전광역시 대덕구청,2025-11-13
오정동639,1,대전광역시 대덕구 오정로89번길 28-11,,36.35343942,127.4069747,,,042-608-5205,대전광역시 대덕구청,2025-11-13
오정동640,1,대전광역시 대덕구 오정로89번길 28-5,,36.35317574,127.4071338,,,042-608-5205,대전광역시 대덕구청,2025-11-13
오정동641,1,대전광역시 대덕구 오정로89번길 36,,,,,,042-608-5205,대전광역시 대덕구청,2025-11-13
오정동642,1,대전광역시 대덕구 오정로89번길 26,,36.35333649,127.4075624,,,042-608-5205,대전광역시 대덕구청,2025-11-13
오정동643,1,대전광역시 대덕구 오정로89번길 16,,36.35350166,127.4077504,,,042-608-5205,대전광역시 대덕구청,2025-11-13
오정동644,1,대전광역시 대덕구 오정로89번길 11,,36.35349287,127.4082139,,,042-608-5205,대전광역시 대덕구청,2025-11-13
대화동332,1,,대전광역시 대덕구 대화동 422-2,36.37013567,127.4007769,,,042-608-5205,대전광역시 대덕구청,2025-11-13
오정동645,1,대전광역시 대덕구 오정로89번길 10,,36.35382456,127.4081978,,,042-608-5205,대전광역시 대덕구청,2025-11-13
오정동646,1,대전광역시 대덕구 오정로89번길 16-6,,36.35390149,127.4078372,,,042-608-5205,대전광역시 대덕구청,2025-11-13
오정동647,1,대전광역시 대덕구 오정로99번길 13,,36.35414777,127.4074953,,,042-608-5205,대전광역시 대덕구청,2025-11-13
오정동648,1,대전광역시 대덕구 오정로99번길 10,,36.35437901,127.4073361,,,042-608-5205,대전광역시 대덕구청,2025-11-13
오정동649,1,대전광역시 대덕구 오정로99번길 16,,36.35428567,127.4072242,,,042-608-5205,대전광역시 대덕구청,2025-11-13
오정동650,1,대전광역시 대덕구 오정로99번길 18,,36.35416742,127.4070186,,,042-608-5205,대전광역시 대덕구청,2025-11-13
오정동651,1,대전광역시 대덕구 오정로99번길 26,,36.35399154,127.4067993,,,042-608-5205,대전광역시 대덕구청,2025-11-13
오정동652,1,대전광역시 대덕구 대전천북로 316,,36.35281019,127.4054474,,,042-608-5205,대전광역시 대덕구청,2025-11-13
오정동653,1,대전광역시 대덕구 오정로109번길 30,,36.35452145,127.4057326,,,042-608-5205,대전광역시 대덕구청,2025-11-13
오정동654,1,대전광역시 대덕구 오정로99번길 28-17,,36.35413851,127.4059801,,,042-608-5205,대전광역시 대덕구청,2025-11-13
대화동333,1,대전광역시 대덕구 대화로150번길 133,,36.37025831,127.401825,,,042-608-5205,대전광역시 대덕구청,2025-11-13
오정동655,1,대전광역시 대덕구 오정로99번길 28-12,,36.35416221,127.4064304,,,042-608-5205,대전광역시 대덕구청,2025-11-13
오정동656,1,대전광역시 대덕구 오정로99번길 28,,36.35377647,127.4064417,,,042-608-5205,대전광역시 대덕구청,2025-11-13
오정동657,1,대전광역시 대덕구 오정로109번길 26,,36.35475119,127.4060145,,,042-608-5205,대전광역시 대덕구청,2025-11-13
오정동658,1,대전광역시 대덕구 오정로109번길 12,,36.35505998,127.4063726,,,042-608-5205,대전광역시 대덕구청,2025-11-13
오정동659,1,,대전광역시 대덕구 오정동 292-4,,,,,042-608-5205,대전광역시 대덕구청,2025-11-13
오정동660,1,대전광역시 대덕구 오정로109번길 13,,36.35492209,127.4066393,,,042-608-5205,대전광역시 대덕구청,2025-11-13
오정동661,1,대전광역시 대덕구 오정로99번길 16-14,,36.35460752,127.4069229,,,042-608-5205,대전광역시 대덕구청,2025-11-13
오정동662,1,대전광역시 대덕구 오정로 111,,36.35523935,127.4066276,,,042-608-5205,대전광역시 대덕구청,2025-11-13
오정동663,1,대전광역시 대덕구 한밭대로972번길 18,,36.35616416,127.4070959,,,042-608-5205,대전광역시 대덕구청,2025-11-13
오정동664,1,대전광역시 대덕구 한밭대로972번길 19,,36.356405,127.4072932,,,042-608-5205,대전광역시 대덕구청,2025-11-13
대화동334,1,대전광역시 대덕구 대화로150번길 113,,,,,,042-608-5205,대전광역시 대덕구청,2025-11-13
오정동665,1,대전광역시 대덕구 오정로120번길 34,,36.35660421,127.4080697,,,042-608-5205,대전광역시 대덕구청,2025-11-13
오정동666,1,대전광역시 대덕구 오정로120번길 34,,36.35660421,127.4080697,,,042-608-5205,대전광역시 대덕구청,2025-11-13
오정동667,1,대전광역시 대덕구 한밭대로988번길 10,,36.35700344,127.4083302,,,042-608-5205,대전광역시 대덕구청,2025-11-13
오정동668,1,대전광역시 대덕구 오정로110번길 37,,36.35673992,127.4084403,,,042-608-5205,대전광역시 대덕구청,2025-11-13
오정동669,1,대전광역시 대덕구 오정로110번길 63,,36.35749707,127.4094469,,,042-608-5205,대전광역시 대덕구청,2025-11-13
오정동670,1,대전광역시 대덕구 오정로110번길 55,,36.35731814,127.4090672,,,042-608-5205,대전광역시 대덕구청,2025-11-13
오정동671,1,대전광역시 대덕구 오정로110번길 45,,36.3569552,127.4087355,,,042-608-5205,대전광역시 대덕구청,2025-11-13
오정동672,1,대전광역시 대덕구 오정로110번길 42,,36.35663411,127.4088141,,,042-608-5205,대전광역시 대덕구청,2025-11-13
오정동673,1,대전광역시 대덕구 오정로110번길 31,,36.35649931,127.4081761,,,042-608-5205,대전광역시 대덕구청,2025-11-13
오정동674,1,대전광역시 대덕구 오정로110번길 26,,36.35609573,127.4081339,,,042-608-5205,대전광역시 대덕구청,2025-11-13
대화동033,1,대전광역시 대덕구 대화15길 54,,36.36377696,127.4176271,,,042-608-5205,대전광역시 대덕구청,2025-11-13
대화동335,1,,대전광역시 대덕구 대화동 421-1,36.37025831,127.401825,,,042-608-5205,대전광역시 대덕구청,2025-11-13
오정동675,1,대전광역시 대덕구 오정로110번길 26,,36.35609573,127.4081339,,,042-608-5205,대전광역시 대덕구청,2025-11-13
오정동676,1,대전광역시 대덕구 오정로110번길 12,,36.35572254,127.4076372,,,042-608-5205,대전광역시 대덕구청,2025-11-13
오정동677,1,대전광역시 대덕구 오정로 108,,36.35550349,127.407391,,,042-608-5205,대전광역시 대덕구청,2025-11-13
오정동678,1,대전광역시 대덕구 한밭대로1003번길 161-49,,36.35990891,127.4040625,,,042-608-5205,대전광역시 대덕구청,2025-11-13
오정동679,1,대전광역시 대덕구 한밭대로1003번길 105-17,,36.36031571,127.4063465,,,042-608-5205,대전광역시 대덕구청,2025-11-13
오정동680,1,대전광역시 대덕구 한밭대로1003번길 105-5,,36.36036434,127.4058253,,,042-608-5205,대전광역시 대덕구청,2025-11-13
오정동681,1,대전광역시 대덕구 한밭대로1003번길 105-11,,36.36017652,127.4059357,,,042-608-5205,대전광역시 대덕구청,2025-11-13
오정동682,1,대전광역시 대덕구 한밭대로1003번길 105-15,,36.36017154,127.4063413,,,042-608-5205,대전광역시 대덕구청,2025-11-13
오정동683,1,대전광역시 대덕구 한밭대로1003번길 105-9,,36.36024499,127.4059405,,,042-608-5205,대전광역시 대덕구청,2025-11-13
오정동684,1,대전광역시 대덕구 한밭대로1003번길 97,,36.36044335,127.4059104,,,042-608-5205,대전광역시 대덕구청,2025-11-13
대화동336,1,,대전광역시 대덕구 대화동 534-12,,,,,042-608-5205,대전광역시 대덕구청,2025-11-13
오정동685,1,대전광역시 대덕구 한밭대로1003번길 89,,36.36042048,127.4062757,,,042-608-5205,대전광역시 대덕구청,2025-11-13
오정동686,1,대전광역시 대덕구 한밭대로1003번길 83,,36.36001834,127.4068708,,,042-608-5205,대전광역시 대덕구청,2025-11-13
오정동687,1,대전광역시 대덕구 한밭대로1003번길 76,,36.36038492,127.4071936,,,042-608-5205,대전광역시 대덕구청,2025-11-13
오정동688,1,,대전광역시 대덕구 오정동 705-5,,,,,042-608-5205,대전광역시 대덕구청,2025-11-13
오정동689,1,대전광역시 대덕구 한밭대로989번길 32,,36.35925772,127.4079364,,,042-608-5205,대전광역시 대덕구청,2025-11-13
오정동690,1,대전광역시 대덕구 한밭대로989번길 32,,36.35925772,127.4079364,,,042-608-5205,대전광역시 대덕구청,2025-11-13
오정동691,1,대전광역시 대덕구 한밭대로989번길 20,,36.35888075,127.408545,,,042-608-5205,대전광역시 대덕구청,2025-11-13
오정동692,1,대전광역시 대덕구 한밭대로989번길 12,,36.35844505,127.4084091,,,042-608-5205,대전광역시 대덕구청,2025-11-13
오정동693,1,,대전광역시 대덕구 오정동 668-5,,,,,042-608-5205,대전광역시 대덕구청,2025-11-13
오정동694,1,대전광역시 대덕구 한밭대로1003번길 25,,36.35969639,127.4082596,,,042-608-5205,대전광역시 대덕구청,2025-11-13
대화동337,1,,대전광역시 대덕구 대화동 534-12,,,,,042-608-5205,대전광역시 대덕구청,2025-11-13
오정동695,1,대전광역시 대덕구 한밭대로1003번길 37,,36.35959988,127.4090747,,,042-608-5205,대전광역시 대덕구청,2025-11-13
오정동696,1,,대전광역시 대덕구 오정동 657,36.3597583,127.409129,,,042-608-5205,대전광역시 대덕구청,2025-11-13
오정동697,1,,대전광역시 대덕구 오정동 656-3,,,,,042-608-5205,대전광역시 대덕구청,2025-11-13
오정동698,1,대전광역시 대덕구 대전로1177번길 98-13,,36.35965485,127.4098638,,,042-608-5205,대전광역시 대덕구청,2025-11-13
오정동699,1,대전광역시 대덕구 대전로1177번길 98-7,,36.35921496,127.4098971,,,042-608-5205,대전광역시 대덕구청,2025-11-13
오정동700,1,대전광역시 대덕구 대전로1177번길 98-6,,36.35937986,127.4101654,,,042-608-5205,대전광역시 대덕구청,2025-11-13
오정동701,1,대전광역시 대덕구 한밭대로1003번길 30,,36.35951212,127.4094397,,,042-608-5205,대전광역시 대덕구청,2025-11-13
오정동702,1,대전광역시 대덕구 한밭대로1003번길 24,,36.35920485,127.4096921,,,042-608-5205,대전광역시 대덕구청,2025-11-13
오정동703,1,대전광역시 대덕구 대전로1177번길 110,,36.35890115,127.409276,,,042-608-5205,대전광역시 대덕구청,2025-11-13
오정동704,1,대전광역시 대덕구 대전로1177번길 121,,36.35858003,127.4089936,,,042-608-5205,대전광역시 대덕구청,2025-11-13
대화동338,1,,대전광역시 대덕구 대화동 533-1,,,,,042-608-5205,대전광역시 대덕구청,2025-11-13
오정동705,1,대전광역시 대덕구 대전로1177번길 128,,36.3587115,127.4084951,,,042-608-5205,대전광역시 대덕구청,2025-11-13
오정동706,1,대전광역시 대덕구 한밭대로1003번길 9,,36.35851701,127.409499,,,042-608-5205,대전광역시 대덕구청,2025-11-13
오정동707,1,대전광역시 대덕구 한밭대로1003번길 24,,36.35920485,127.4096921,,,042-608-5205,대전광역시 대덕구청,2025-11-13
오정동708,1,대전광역시 대덕구 대전로1177번길 102,,36.35909949,127.4099322,,,042-608-5205,대전광역시 대덕구청,2025-11-13
오정동709,1,대전광역시 대덕구 대전로1177번길 98,,36.35915617,127.4102222,,,042-608-5205,대전광역시 대덕구청,2025-11-13
오정동710,1,대전광역시 대덕구 대전로1177번길 98,,36.35915617,127.4102222,,,042-608-5205,대전광역시 대덕구청,2025-11-13
오정동711,1,대전광역시 대덕구 한밭대로1009번길 11-8,,36.35888472,127.4105416,,,042-608-5205,대전광역시 대덕구청,2025-11-13
오정동712,1,대전광역시 대덕구 한밭대로 1007,,36.35858999,127.410295,,,042-608-5205,대전광역시 대덕구청,2025-11-13
오정동713,1,대전광역시 대덕구 한밭대로1009번길 10,,36.35895731,127.4114467,,,042-608-5205,대전광역시 대덕구청,2025-11-13
오정동714,1,대전광역시 대덕구 대전로1177번길 71,,36.35902512,127.4116431,,,042-608-5205,대전광역시 대덕구청,2025-11-13
대화동339,1,대전광역시 대덕구 대화로32번길 175,,36.37495494,127.4124804,,,042-608-5205,대전광역시 대덕구청,2025-11-13
오정동715,1,대전광역시 대덕구 한밭대로 1027,,36.35880525,127.4126848,,,042-608-5205,대전광역시 대덕구청,2025-11-13
오정동716,1,대전광역시 대덕구 한밭대로 1027,,36.35880525,127.4126848,,,042-608-5205,대전광역시 대덕구청,2025-11-13
오정동717,1,대전광역시 대덕구 한밭대로1033번길 20,,36.35944077,127.4134102,,,042-608-5205,대전광역시 대덕구청,2025-11-13
오정동718,1,,대전광역시 대덕구 오정동 56-32,,,,,042-608-5205,대전광역시 대덕구청,2025-11-13
오정동719,1,대전광역시 대덕구 한밭대로1033번길 38,,36.36027398,127.4132586,,,042-608-5205,대전광역시 대덕구청,2025-11-13
오정동720,1,,대전광역시 대덕구 오정동 635-19,,,,,042-608-5205,대전광역시 대덕구청,2025-11-13
오정동721,1,대전광역시 대덕구 한밭대로 1027,,36.35880525,127.4126848,,,042-608-5205,대전광역시 대덕구청,2025-11-13
오정동722,1,대전광역시 대덕구 한밭대로1033번길 10-8,,36.35894278,127.413568,,,042-608-5205,대전광역시 대덕구청,2025-11-13
오정동723,1,대전광역시 대덕구 대전로1177번길 41,,36.3591854,127.4132484,,,042-608-5205,대전광역시 대덕구청,2025-11-13
오정동724,1,대전광역시 대덕구 한밭대로1033번길 20,,36.35944077,127.4134102,,,042-608-5205,대전광역시 대덕구청,2025-11-13
대화동340,1,대전광역시 대덕구 대화로32번길 175,,36.37495494,127.4124804,,,042-608-5205,대전광역시 대덕구청,2025-11-13
오정동725,1,대전광역시 대덕구 대전로1177번길 34,,36.35940367,127.413713,,,042-608-5205,대전광역시 대덕구청,2025-11-13
오정동726,1,,대전광역시 대덕구 오정동 223-362,,,,,042-608-5205,대전광역시 대덕구청,2025-11-13
오정동727,1,대전광역시 대덕구 동산초교로63번길 50,,36.35034457,127.4210846,,,042-608-5205,대전광역시 대덕구청,2025-11-13
오정동728,1,대전광역시 대덕구 동산초교로63번길 50,,36.35034457,127.4210846,,,042-608-5205,대전광역시 대덕구청,2025-11-13
오정동729,1,대전광역시 대덕구 한남로67번길 23-4,,36.35122814,127.4199396,,,042-608-5205,대전광역시 대덕구청,2025-11-13
오정동730,1,,대전광역시 대덕구 오정동 454-20,,,,,042-608-5205,대전광역시 대덕구청,2025-11-13
오정동731,1,,대전광역시 대덕구 오정동 772-5,36.34451207,127.4159646,,,042-608-5205,대전광역시 대덕구청,2025-11-13
오정동732,1,,대전광역시 대덕구 오정동 772-10,36.3444127,127.4155185,,,042-608-5205,대전광역시 대덕구청,2025-11-13
오정동733,1,,대전광역시 대덕구 오정동 772-17,36.34426008,127.4148315,,,042-608-5205,대전광역시 대덕구청,2025-11-13
오정동734,1,,대전광역시 대덕구 오정동 772-26,36.34409844,127.4141489,,,042-608-5205,대전광역시 대덕구청,2025-11-13
대화동341,1,대전광역시 대덕구 대화로32번길 165,,36.37411646,127.4131178,,,042-608-5205,대전광역시 대덕구청,2025-11-13
오정동735,1,대전광역시 대덕구 대전로987번길 124,대전광역시 대덕구 오정동 772-30,36.34404338,127.4139125,,,042-608-5205,대전광역시 대덕구청,2025-11-13
오정동736,1,대전광역시 대덕구 한남로150번길 27,,36.34772385,127.4128492,,,042-608-5205,대전광역시 대덕구청,2025-11-13
오정동737,1,대전광역시 대덕구 한남로150번길 27,,36.34772385,127.4128492,,,042-608-5205,대전광역시 대덕구청,2025-11-13
오정동738,1,대전광역시 대덕구 한남로150번길 27,,36.34772385,127.4128492,,,042-608-5205,대전광역시 대덕구청,2025-11-13
오정동739,1,대전광역시 대덕구 오정로 34,,36.3506409,127.4136444,,,042-608-5205,대전광역시 대덕구청,2025-11-13
오정동740,1,대전광역시 대덕구 오정로 34,,36.3506409,127.4136444,,,042-608-5205,대전광역시 대덕구청,2025-11-13
오정동741,1,대전광역시 대덕구 대전로 1117,,36.35410486,127.4147278,,,042-608-5205,대전광역시 대덕구청,2025-11-13
오정동742,1,대전광역시 대덕구 한밭대로1024번길 20,,36.35735883,127.4119107,,,042-608-5205,대전광역시 대덕구청,2025-11-13
오정동743,1,,대전광역시 대덕구 오정동 93-1,36.35735883,127.4119107,,,042-608-5205,대전광역시 대덕구청,2025-11-13
오정동744,1,대전광역시 대덕구 한밭대로972번길 21,,36.35626418,127.4073638,,,042-608-5205,대전광역시 대덕구청,2025-11-13
대화동342,1,대전광역시 대덕구 대화로32번길 165,,36.37411646,127.4131178,,,042-608-5205,대전광역시 대덕구청,2025-11-13
오정동745,1,,대전광역시 대덕구 오정동 71-8,36.35609748,127.4076214,,,042-608-5205,대전광역시 대덕구청,2025-11-13
오정동746,1,대전광역시 대덕구 대전로1131번길 38,,36.35453585,127.4131035,,,042-608-5205,대전광역시 대덕구청,2025-11-13
오정동747,1,대전광역시 대덕구 대오길 9,,36.36177667,127.4144342,,,042-608-5205,대전광역시 대덕구청,2025-11-13
오정동748,1,대전광역시 대덕구 대화16길 4,,36.36291835,127.4167935,,,042-608-5205,대전광역시 대덕구청,2025-11-13
오정동749,1,대전광역시 대덕구 옛신탄진로 237,,36.36039007,127.4171945,,,042-608-5205,대전광역시 대덕구청,2025-11-13
오정동750,1,대전광역시 대덕구 한밭대로 1063,,36.35895353,127.4166966,,,042-608-5205,대전광역시 대덕구청,2025-11-13
오정동751,1,,대전광역시 대덕구 오정동 488-4,36.34648942,127.4174679,,,042-608-5205,대전광역시 대덕구청,2025-11-13
오정동752,1,,대전광역시 대덕구 오정동 306-18,36.35050438,127.4061573,,,042-608-5205,대전광역시 대덕구청,2025-11-13
오정동753,1,,대전광역시 대덕구 오정동 453-18,36.34958344,127.4181573,,,042-608-5205,대전광역시 대덕구청,2025-11-13
오정동754,1,,대전광역시 대덕구 오정동 244-8,36.35293585,127.4119186,,,042-608-5205,대전광역시 대덕구청,2025-11-13
대화동343,1,대전광역시 대덕구 대화로52번안길 76,,36.37341966,127.4071367,,,042-608-5205,대전광역시 대덕구청,2025-11-13
오정동755,1,,대전광역시 대덕구 오정동 223-105,36.34938309,127.4248804,,,042-608-5205,대전광역시 대덕구청,2025-11-13
오정동756,1,,대전광역시 대덕구 오정동 336-26,36.35078358,127.4098975,,,042-608-5205,대전광역시 대덕구청,2025-11-13
오정동757,1,,대전광역시 대덕구 오정동 369-11,36.34923533,127.4125274,,,042-608-5205,대전광역시 대덕구청,2025-11-13
오정동758,1,,대전광역시 대덕구 오정동 443-21,36.35086023,127.4179502,,,042-608-5205,대전광역시 대덕구청,2025-11-13
오정동759,1,,대전광역시 대덕구 오정동 370-18,36.34978758,127.4133591,,,042-608-5205,대전광역시 대덕구청,2025-11-13
오정동760,1,,대전광역시 대덕구 오정동 56-1,36.360577,127.4131933,,,042-608-5205,대전광역시 대덕구청,2025-11-13
오정동761,1,,대전광역시 대덕구 오정동 223-10,36.34923339,127.4244028,,,042-608-5205,대전광역시 대덕구청,2025-11-13
오정동762,1,,대전광역시 대덕구 오정동 233-60,36.35134303,127.4200695,,,042-608-5205,대전광역시 대덕구청,2025-11-13
오정동763,1,,대전광역시 대덕구 오정동 464-1,36.34941361,127.4193016,,,042-608-5205,대전광역시 대덕구청,2025-11-13
오정동764,1,,대전광역시 대덕구 오정동 89-10,36.35516541,127.4103305,,,042-608-5205,대전광역시 대덕구청,2025-11-13
대화동344,1,대전광역시 대덕구 대화로32번길 165,,,,,,042-608-5205,대전광역시 대덕구청,2025-11-13
오정동765,1,,대전광역시 대덕구 오정동 84-4,36.35529278,127.4099791,,,042-608-5205,대전광역시 대덕구청,2025-11-13
오정동766,1,,대전광역시 대덕구 오정동 84-6,36.35566184,127.4095755,,,042-608-5205,대전광역시 대덕구청,2025-11-13
오정동767,1,,대전광역시 대덕구 오정동 102-5,36.35392213,127.4123248,,,042-608-5205,대전광역시 대덕구청,2025-11-13
오정동768,1,,대전광역시 대덕구 오정동 102-20,36.35407374,127.4122632,,,042-608-5205,대전광역시 대덕구청,2025-11-13
오정동769,1,,대전광역시 대덕구 오정동 492-5,36.34627382,127.4131222,,,042-608-5205,대전광역시 대덕구청,2025-11-13
오정동770,1,,대전광역시 대덕구 오정동 486-3,36.34591361,127.4161637,,,042-608-5205,대전광역시 대덕구청,2025-11-13
오정동772,1,대전광역시 대덕구 오정로 110번길 70,,36.35754969,127.4098706,,,042-608-5205,대전광역시 대덕구청,2025-11-13
오정동773,1,대전광역시 대덕구 대전로987번길 72,,36.34462169,127.4165757,,,042-608-5205,대전광역시 대덕구청,2025-11-13
오정동774,1,대전광역시 대덕구 대전로 987번길 72,,36.34462169,127.4165757,,,042-608-5205,대전광역시 대덕구청,2025-11-13
오정동775,1,,대전광역시 대덕구 오정동 265-7번지,,,,,042-608-5205,대전광역시 대덕구청,2025-11-13
대화동034,1,대전광역시 대덕구 대화15길 27,,36.36400152,127.4173207,,,042-608-5205,대전광역시 대덕구청,2025-11-13
대화동345,1,대전광역시 대덕구 대화로52번길 76,,,,,,042-608-5205,대전광역시 대덕구청,2025-11-13
오정동776,1,대전광역시 대덕구 대전로1066번길 57,,36.35115528,127.4181033,,,042-608-5205,대전광역시 대덕구청,2025-11-13
오정동777,1,,대전광역시 대덕구 오정동 산 17-1번지,,,,,042-608-5205,대전광역시 대덕구청,2025-11-13
오정동778,1,,대전광역시 대덕구 오정동 427-1번지,,,,,042-608-5205,대전광역시 대덕구청,2025-11-13
오정동779,1,,대전광역시 대덕구 오정동 427-16번지,,,,,042-608-5205,대전광역시 대덕구청,2025-11-13
오정동780,1,,대전광역시 대덕구 오정동 223-57,36.34981109,127.4251501,,,042-608-5205,대전광역시 대덕구청,2025-11-13
오정동781,1,,대전광역시 대덕구 오정동 359-18번지,,,,,042-608-5205,대전광역시 대덕구청,2025-11-13
오정동782,1,,대전광역시 대덕구 오정동 92-4,36.35546334,127.4117447,,,042-608-5205,대전광역시 대덕구청,2025-11-13
오정동783,1,,대전광역시 대덕구 오정동 430-1,36.3528447,127.4174082,,,042-608-5205,대전광역시 대덕구청,2025-11-13
오정동784,1,,대전광역시 대덕구 오정동 435-9,36.35274208,127.4178934,,,042-608-5205,대전광역시 대덕구청,2025-11-13
오정동788,1,대전광역시 대덕구 오정로78번길 102,,36.35642937,127.4138399,,,042-608-5205,대전광역시 대덕구청,2025-11-13
대화동346,1,,대전광역시 대덕구 대화동 산 35,,,,,042-608-5205,대전광역시 대덕구청,2025-11-13
오정동789,1,대전광역시 대덕구 대전로1131번길 14-23,,36.35591173,127.4134227,,,042-608-5205,대전광역시 대덕구청,2025-11-13
오정동790,1,대전광역시 대덕구 오정로78번길 68,,36.35534516,127.4125641,,,042-608-5205,대전광역시 대덕구청,2025-11-13
오정동791,1,대전광역시 대덕구 오정로78번길 56,,36.35487799,127.4121472,,,042-608-5205,대전광역시 대덕구청,2025-11-13
오정동792,1,대전광역시 대덕구 오정로78번길 48,,36.35471003,127.4117229,,,042-608-5205,대전광역시 대덕구청,2025-11-13
오정동793,1,대전광역시 대덕구 오정로78번길 24,,36.35391669,127.4107651,,,042-608-5205,대전광역시 대덕구청,2025-11-13
오정동794,1,대전광역시 대덕구 오정로76번길 63,,36.35416477,127.4130436,,,042-608-5205,대전광역시 대덕구청,2025-11-13
오정동795,1,대전광역시 대덕구 오정로89번길 16-4,,36.35381094,127.4079615,,,042-608-5205,대전광역시 대덕구청,2025-11-13
오정동796,1,대전광역시 대덕구 오정로75번길 54-21,,36.35191604,127.4065613,,,042-608-5205,대전광역시 대덕구청,2025-11-13
오정동797,1,대전광역시 대덕구 오정로77번길 16-7,,36.35301986,127.4084476,,,042-608-5205,대전광역시 대덕구청,2025-11-13
오정동798,1,대전광역시 대덕구 오정로63번길 78-19,,36.3504158,127.4067629,,,042-608-5205,대전광역시 대덕구청,2025-11-13
대화동347,1,,대전광역시 대덕구 대화동 산 36-6,,,,,042-608-5205,대전광역시 대덕구청,2025-11-13
오정동799,1,대전광역시 대덕구 한남로17번길 16,,36.35055862,127.4257825,,,042-608-5205,대전광역시 대덕구청,2025-11-13
오정동800,1,,대전광역시 대덕구 오정동 705-9,,,,,042-608-5205,대전광역시 대덕구청,2025-11-13
오정동1030,1,대전광역시 대덕구 대전로 1019번길 70,,,,,,042-608-5205,대전광역시 대덕구청,2025-11-13
중리동001,1,대전광역시 대덕구 중리남로8번길 124,,36.36684996,127.429321,,,042-608-5205,대전광역시 대덕구청,2025-11-13
중리동002,1,대전광역시 대덕구 중리남로8번길 122-3,,36.36687829,127.4294638,,,042-608-5205,대전광역시 대덕구청,2025-11-13
중리동003,1,대전광역시 대덕구 계족로 623,,36.36694208,127.4297672,,,042-608-5205,대전광역시 대덕구청,2025-11-13
중리동004,1,대전광역시 대덕구 중리동로72번길 25-19,,36.36656443,127.4295334,,,042-608-5205,대전광역시 대덕구청,2025-11-13
중리동005,1,대전광역시 대덕구 중리동로72번길 25-11,,36.36630461,127.4296122,,,042-608-5205,대전광역시 대덕구청,2025-11-13
중리동006,1,대전광역시 대덕구 중리동로72번길 25-5,,36.36604118,127.429691,,,042-608-5205,대전광역시 대덕구청,2025-11-13
중리동007,1,대전광역시 대덕구 계족로 609,,36.3659246,127.4300335,,,042-608-5205,대전광역시 대덕구청,2025-11-13
중리동008,1,대전광역시 대덕구 중리동로72번길 26-4,,36.36568393,127.4297986,,,042-608-5205,대전광역시 대덕구청,2025-11-13
대화동348,1,,대전광역시 대덕구 대화동 산 36-6,,,,,042-608-5205,대전광역시 대덕구청,2025-11-13
중리동009,1,대전광역시 대덕구 중리동로72번길 26-14,,36.36527258,127.429914,,,042-608-5205,대전광역시 대덕구청,2025-11-13
중리동010,1,대전광역시 대덕구 중리남로8번길 76-8,,36.36469828,127.4302362,,,042-608-5205,대전광역시 대덕구청,2025-11-13
중리동011,1,대전광역시 대덕구 중리남로8번길 70,,36.36448643,127.4300078,,,042-608-5205,대전광역시 대덕구청,2025-11-13
중리동012,1,,대전광역시 대덕구 중리동 144-2,,,,,042-608-5205,대전광역시 대덕구청,2025-11-13
중리동013,1,대전광역시 대덕구 중리남로8번길 78,,36.36484008,127.4298983,,,042-608-5205,대전광역시 대덕구청,2025-11-13
중리동014,1,대전광역시 대덕구 중리남로8번길 84,,36.36512154,127.4298151,,,042-608-5205,대전광역시 대덕구청,2025-11-13
중리동015,1,대전광역시 대덕구 중리남로8번길 90,,36.36538854,127.4297453,,,042-608-5205,대전광역시 대덕구청,2025-11-13
중리동016,1,대전광역시 대덕구 중리남로8번길 102,,36.36585407,127.4296008,,,042-608-5205,대전광역시 대덕구청,2025-11-13
중리동017,1,대전광역시 대덕구 중리남로8번길 112,,36.3662834,127.4294962,,,042-608-5205,대전광역시 대덕구청,2025-11-13
중리동018,1,대전광역시 대덕구 중리남로8번길 120,,36.3666659,127.4293824,,,042-608-5205,대전광역시 대덕구청,2025-11-13
대화동349,1,대전광역시 대덕구 신탄진로681번길 20,,36.43915525,127.4254674,,,042-608-5205,대전광역시 대덕구청,2025-11-13
중리동019,1,대전광역시 대덕구 중리남로8번길 121-2,,36.36681875,127.4289776,,,042-608-5205,대전광역시 대덕구청,2025-11-13
중리동020,1,대전광역시 대덕구 중리남로8번길 121-8,,36.36675483,127.4287099,,,042-608-5205,대전광역시 대덕구청,2025-11-13
중리동021,1,대전광역시 대덕구 중리동로72번길 13-19,,36.36644065,127.4288686,,,042-608-5205,대전광역시 대덕구청,2025-11-13
중리동022,1,대전광역시 대덕구 중리동로72번길 13-11,,36.36617367,127.428934,,,042-608-5205,대전광역시 대덕구청,2025-11-13
중리동023,1,대전광역시 대덕구 중리동로72번길 13-5,,36.36591023,127.4290172,,,042-608-5205,대전광역시 대덕구청,2025-11-13
중리동024,1,대전광역시 대덕구 중리동로72번길 15,,36.36582284,127.4292619,,,042-608-5205,대전광역시 대덕구청,2025-11-13
중리동025,1,대전광역시 대덕구 중리동로72번길 14-6,,36.36541951,127.4291527,,,042-608-5205,대전광역시 대덕구청,2025-11-13
중리동026,1,대전광역시 대덕구 중리동로72번길 14-16,,36.36502617,127.4292709,,,042-608-5205,대전광역시 대덕구청,2025-11-13
중리동027,1,,대전광역시 대덕구 중리동 144-2,,,,,042-608-5205,대전광역시 대덕구청,2025-11-13
중리동028,1,대전광역시 대덕구 중리동로 60,,36.36441811,127.4289555,,,042-608-5205,대전광역시 대덕구청,2025-11-13
대화동350,1,대전광역시 대덕구 덕암북로96번길 82,,36.43979935,127.4257832,,,042-608-5205,대전광역시 대덕구청,2025-11-13
중리동029,1,대전광역시 대덕구 중리동로72번길 8-16,,36.36494444,127.4289451,,,042-608-5205,대전광역시 대덕구청,2025-11-13
중리동030,1,대전광역시 대덕구 중리동로72번길 8-10,,36.36522228,127.4288664,,,042-608-5205,대전광역시 대덕구청,2025-11-13
중리동031,1,대전광역시 대덕구 중리동로72번길 8-2,,36.36549649,127.4287966,,,042-608-5205,대전광역시 대덕구청,2025-11-13
중리동032,1,대전광역시 대덕구 중리동로72번길 9,,36.36574831,127.4289361,,,042-608-5205,대전광역시 대덕구청,2025-11-13
중리동033,1,대전광역시 대덕구 중리동로72번길 7-3,,36.36569496,127.4287352,,,042-608-5205,대전광역시 대덕구청,2025-11-13
중리동034,1,대전광역시 대덕구 중리동로72번길 7-9,,36.36598726,127.4286477,,,042-608-5205,대전광역시 대덕구청,2025-11-13
중리동035,1,대전광역시 대덕구 중리동로72번길 7-21,,36.36652851,127.4284947,,,042-608-5205,대전광역시 대덕구청,2025-11-13
중리동036,1,대전광역시 대덕구 중리동로56번길 28,,36.36430137,127.4303455,,,042-608-5205,대전광역시 대덕구청,2025-11-13
중리동037,1,대전광역시 대덕구 중리남로8번길 60,,36.36408593,127.4301125,,,042-608-5205,대전광역시 대덕구청,2025-11-13
중리동038,1,대전광역시 대덕구 중리남로8번길 58,,36.36390911,127.430165,,,042-608-5205,대전광역시 대덕구청,2025-11-13
대화동351,1,대전광역시 대덕구 동심1길 96,,36.36377242,127.413754,,,042-608-5205,대전광역시 대덕구청,2025-11-13
중리동039,1,대전광역시 대덕구 중리남로8번길 60,,36.36408593,127.4301125,,,042-608-5205,대전광역시 대덕구청,2025-11-13
중리동040,1,대전광역시 대덕구 계족로 587,,36.36399783,127.4305533,,,042-608-5205,대전광역시 대덕구청,2025-11-13
중리동041,1,대전광역시 대덕구 계족로 585,,36.36384655,127.4305212,,,042-608-5205,대전광역시 대덕구청,2025-11-13
중리동042,1,,대전광역시 대덕구 중리동 151-4,,,,,042-608-5205,대전광역시 대덕구청,2025-11-13
중리동043,1,대전광역시 대덕구 계족로 579,,36.36331215,127.4307723,,,042-608-5205,대전광역시 대덕구청,2025-11-13
중리동044,1,대전광역시 대덕구 계족로 577,,36.36303442,127.4308198,,,042-608-5205,대전광역시 대덕구청,2025-11-13
중리동045,1,대전광역시 대덕구 계족로 573,,36.36274581,127.4308851,,,042-608-5205,대전광역시 대덕구청,2025-11-13
중리동046,1,대전광역시 대덕구 계족로 569,,36.36237405,127.4310168,,,042-608-5205,대전광역시 대덕구청,2025-11-13
중리동047,1,대전광역시 대덕구 계족로 563-1,,36.36200601,127.4311172,,,042-608-5205,대전광역시 대덕구청,2025-11-13
중리동048,1,대전광역시 대덕구 중리남로8번길 4,,36.36150047,127.4308604,,,042-608-5205,대전광역시 대덕구청,2025-11-13
대화동352,1,대전광역시 대덕구 동심8길 11,,36.3638214,127.4120963,,,042-608-5205,대전광역시 대덕구청,2025-11-13
중리동049,1,대전광역시 대덕구 중리남로8번길 3,,36.36149254,127.4305618,,,042-608-5205,대전광역시 대덕구청,2025-11-13
중리동050,1,대전광역시 대덕구 중리남로8번길 16,,36.36212295,127.4306766,,,042-608-5205,대전광역시 대덕구청,2025-11-13
중리동051,1,대전광역시 대덕구 중리남로8번길 20,,36.36225645,127.4306417,,,042-608-5205,대전광역시 대덕구청,2025-11-13
중리동052,1,대전광역시 대덕구 중리남로8번길 26,,36.36251987,127.430563,,,042-608-5205,대전광역시 대덕구청,2025-11-13
중리동053,1,대전광역시 대덕구 중리남로8번길 28,,36.362639,127.4305146,,,042-608-5205,대전광역시 대덕구청,2025-11-13
중리동054,1,대전광역시 대덕구 중리동로40번길 21,,36.36299264,127.4304096,,,042-608-5205,대전광역시 대덕구청,2025-11-13
중리동055,1,대전광역시 대덕구 중리남로8번길 40,,36.3631369,127.4303881,,,042-608-5205,대전광역시 대덕구청,2025-11-13
중리동056,1,대전광역시 대덕구 중리남로8번길 46,,36.36339673,127.4303093,,,042-608-5205,대전광역시 대덕구청,2025-11-13
중리동057,1,대전광역시 대덕구 중리남로8번길 54,,36.36378642,127.4301991,,,042-608-5205,대전광역시 대덕구청,2025-11-13
중리동058,1,대전광역시 대덕구 중리남로8번길 59-4,,36.3640512,127.4297469,,,042-608-5205,대전광역시 대덕구청,2025-11-13
대화동353,1,,대전광역시 대덕구 대화동 242-40,,,,,042-608-5205,대전광역시 대덕구청,2025-11-13
중리동059,1,대전광역시 대덕구 중리동로40번길 13-15,,36.3634349,127.4297167,,,042-608-5205,대전광역시 대덕구청,2025-11-13
중리동060,1,대전광역시 대덕구 중리동로40번길 13-11,,36.36330139,127.4297561,,,042-608-5205,대전광역시 대덕구청,2025-11-13
중리동061,1,대전광역시 대덕구 중리동로40번길 13-5,,36.3630416,127.429826,,,042-608-5205,대전광역시 대덕구청,2025-11-13
중리동062,1,대전광역시 대덕구 중리동로40번길 15,,36.36291815,127.4300749,,,042-608-5205,대전광역시 대덕구청,2025-11-13
중리동063,1,대전광역시 대덕구 중리동로40번길 14-10,,36.36242454,127.4300098,,,042-608-5205,대전광역시 대덕구청,2025-11-13
중리동064,1,대전광역시 대덕구 중리동로40번길 14-18,,36.36204208,127.4301102,,,042-608-5205,대전광역시 대덕구청,2025-11-13
중리동065,1,대전광역시 대덕구 중리남로 12,,36.3614825,127.4303478,,,042-608-5205,대전광역시 대덕구청,2025-11-13
중리동066,1,대전광역시 대덕구 중리남로 12,,36.3614825,127.4303478,,,042-608-5205,대전광역시 대덕구청,2025-11-13
중리동067,1,대전광역시 대덕구 중리동로40번길 8-19,,36.36201366,127.4299942,,,042-608-5205,대전광역시 대덕구청,2025-11-13
중리동068,1,대전광역시 대덕구 중리동로40번길 8-5,,36.36252606,127.4298454,,,042-608-5205,대전광역시 대덕구청,2025-11-13
대화동354,1,대전광역시 대덕구 대화로32번길 80,,36.37113113,127.4153842,,,042-608-5205,대전광역시 대덕구청,2025-11-13
중리동069,1,대전광역시 대덕구 중리동로40번길 7-2,,36.36286528,127.4297403,,,042-608-5205,대전광역시 대덕구청,2025-11-13
중리동070,1,대전광역시 대덕구 중리동로40번길 7-2,,36.36286528,127.4297403,,,042-608-5205,대전광역시 대덕구청,2025-11-13
중리동071,1,대전광역시 대덕구 중리동로40번길 7-12,,36.36328021,127.4296312,,,042-608-5205,대전광역시 대덕구청,2025-11-13
중리동072,1,대전광역시 대덕구 중리동로40번길 7-18,,36.36354722,127.4295569,,,042-608-5205,대전광역시 대덕구청,2025-11-13
중리동073,1,대전광역시 대덕구 중리동로40번길 7-24,,36.36378902,127.429478,,,042-608-5205,대전광역시 대덕구청,2025-11-13
중리동074,1,대전광역시 대덕구 중리남로8번길 59-18,,36.36390937,127.4290909,,,042-608-5205,대전광역시 대덕구청,2025-11-13
중리동075,1,대전광역시 대덕구 계족산로5번길 52-1,,36.36445542,127.4316076,,,042-608-5205,대전광역시 대덕구청,2025-11-13
중리동076,1,대전광역시 대덕구 계족산로5번길 52-11,,36.36451537,127.4319779,,,042-608-5205,대전광역시 대덕구청,2025-11-13
중리동077,1,대전광역시 대덕구 계족산로17번길 61,,36.36461097,127.4324553,,,042-608-5205,대전광역시 대덕구청,2025-11-13
중리동078,1,대전광역시 대덕구 계족로574번길 25-21,,36.36398468,127.4321978,,,042-608-5205,대전광역시 대덕구청,2025-11-13
대화동035,1,대전광역시 대덕구 대화15길 58,,36.36389217,127.4176678,,,042-608-5205,대전광역시 대덕구청,2025-11-13
대화동355,1,대전광역시 대덕구 대화로32번길 80,,36.37113113,127.4153842,,,042-608-5205,대전광역시 대덕구청,2025-11-13
중리동079,1,대전광역시 대덕구 계족로586번길 16,,36.36389238,127.4318051,,,042-608-5205,대전광역시 대덕구청,2025-11-13
중리동080,1,,대전광역시 대덕구 중리동 109-7,,,,,042-608-5205,대전광역시 대덕구청,2025-11-13
중리동081,1,대전광역시 대덕구 계족로564번길 15,,36.36217843,127.4322814,,,042-608-5205,대전광역시 대덕구청,2025-11-13
중리동082,1,대전광역시 대덕구 계족산로9번길 16,,36.36235786,127.4325052,,,042-608-5205,대전광역시 대덕구청,2025-11-13
중리동083,1,대전광역시 대덕구 계족산로9번길 24,,36.36274759,127.4323871,,,042-608-5205,대전광역시 대덕구청,2025-11-13
중리동084,1,,대전광역시 대덕구 중리동 105-6,,,,,042-608-5205,대전광역시 대덕구청,2025-11-13
중리동085,1,,대전광역시 대덕구 중리동 105-6,,,,,042-608-5205,대전광역시 대덕구청,2025-11-13
중리동086,1,대전광역시 대덕구 계족산로9번길 42,,36.36358113,127.432151,,,042-608-5205,대전광역시 대덕구청,2025-11-13
중리동087,1,대전광역시 대덕구 계족로586번길 26,,36.36401619,127.4324565,,,042-608-5205,대전광역시 대덕구청,2025-11-13
중리동088,1,대전광역시 대덕구 계족로574번길 25-18,,36.36374558,127.4325263,,,042-608-5205,대전광역시 대덕구청,2025-11-13
대화동356,1,,대전광역시 대덕구 대화동 571,,,,,042-608-5205,대전광역시 대덕구청,2025-11-13
중리동089,1,대전광역시 대덕구 계족산로17번길 33,,36.36333725,127.4328048,,,042-608-5205,대전광역시 대덕구청,2025-11-13
중리동090,1,대전광역시 대덕구 계족로574번길 24,,,,,,042-608-5205,대전광역시 대덕구청,2025-11-13
중리동091,1,대전광역시 대덕구 계족로564번길 23-15,,36.36277947,127.4325432,,,042-608-5205,대전광역시 대덕구청,2025-11-13
중리동092,1,대전광역시 대덕구 계족로564번길 23-11,,36.36264959,127.4325737,,,042-608-5205,대전광역시 대덕구청,2025-11-13
중리동093,1,대전광역시 대덕구 계족로564번길 23-5,,36.36238618,127.432648,,,042-608-5205,대전광역시 대덕구청,2025-11-13
중리동094,1,대전광역시 대덕구 계족로564번길 23,,36.36225628,127.4326829,,,042-608-5205,대전광역시 대덕구청,2025-11-13
중리동095,1,대전광역시 대덕구 계족로564번길 41,,36.36245774,127.4337894,,,042-608-5205,대전광역시 대덕구청,2025-11-13
중리동096,1,대전광역시 대덕구 계족로564번길 39-10,,36.36271037,127.4337061,,,042-608-5205,대전광역시 대덕구청,2025-11-13
중리동097,1,대전광역시 대덕구 계족로564번길 39-15,,36.36293135,127.4334042,,,042-608-5205,대전광역시 대덕구청,2025-11-13
중리동098,1,대전광역시 대덕구 계족로574번길 39-7,,36.36353392,127.4332427,,,042-608-5205,대전광역시 대덕구청,2025-11-13
대화동357,1,대전광역시 대덕구 대화로 39-5,,36.36735932,127.4157608,,,042-608-5205,대전광역시 대덕구청,2025-11-13
중리동099,1,대전광역시 대덕구 계족로574번길 39-21,,36.36402825,127.4331073,,,042-608-5205,대전광역시 대덕구청,2025-11-13
중리동100,1,대전광역시 대덕구 계족로586번길 42,,36.36417169,127.4333131,,,042-608-5205,대전광역시 대덕구청,2025-11-13
중리동101,1,대전광역시 대덕구 계족산로25번길 51,,36.36421807,127.433447,,,042-608-5205,대전광역시 대덕구청,2025-11-13
중리동102,1,대전광역시 대덕구 계족산로25번길 43,,36.3639258,127.4335256,,,042-608-5205,대전광역시 대덕구청,2025-11-13
중리동103,1,대전광역시 대덕구 쌍청당로 17,,36.36386133,127.4344033,,,042-608-5205,대전광역시 대덕구청,2025-11-13
중리동104,1,대전광역시 대덕구 계족로574번길 46,,36.36312115,127.4337485,,,042-608-5205,대전광역시 대덕구청,2025-11-13
중리동105,1,대전광역시 대덕구 계족산로25번길 19,,36.36286496,127.4338184,,,042-608-5205,대전광역시 대덕구청,2025-11-13
중리동106,1,대전광역시 대덕구 계족산로25번길 13,,36.3626124,127.4338838,,,042-608-5205,대전광역시 대덕구청,2025-11-13
중리동107,1,대전광역시 대덕구 계족산로25번길 12,,36.36253565,127.4341731,,,042-608-5205,대전광역시 대덕구청,2025-11-13
중리동108,1,대전광역시 대덕구 계족로564번길 55,,36.3625956,127.4345389,,,042-608-5205,대전광역시 대덕구청,2025-11-13
대화동358,1,대전광역시 대덕구 대화로 39-15,,36.36750207,127.4151376,,,042-608-5205,대전광역시 대덕구청,2025-11-13
중리동109,1,대전광역시 대덕구 계족로564번길 53-9,,36.36280935,127.4342414,,,042-608-5205,대전광역시 대덕구청,2025-11-13
중리동110,1,대전광역시 대덕구 계족로564번길 53-11,,36.3629284,127.4342154,,,042-608-5205,대전광역시 대덕구청,2025-11-13
중리동111,1,대전광역시 대덕구 계족로574번길 60,,36.36326255,127.4345158,,,042-608-5205,대전광역시 대덕구청,2025-11-13
중리동112,1,대전광역시 대덕구 계족로564번길 61-5,,36.36275375,127.4346645,,,042-608-5205,대전광역시 대덕구청,2025-11-13
중리동113,1,대전광역시 대덕구 계족로564번길 62,,36.36242133,127.4348811,,,042-608-5205,대전광역시 대덕구청,2025-11-13
중리동114,1,대전광역시 대덕구 송촌북로5번길 24-6,,36.36296229,127.4357977,,,042-608-5205,대전광역시 대덕구청,2025-11-13
중리동115,1,대전광역시 대덕구 송촌북로5번길 24-11,,36.36316885,127.4354993,,,042-608-5205,대전광역시 대덕구청,2025-11-13
중리동116,1,대전광역시 대덕구 송촌북로5번길 24-15,,36.36330231,127.4354743,,,042-608-5205,대전광역시 대덕구청,2025-11-13
중리동117,1,대전광역시 대덕구 송촌북로5번길 13,,36.36265395,127.4363308,,,042-608-5205,대전광역시 대덕구청,2025-11-13
중리동118,1,대전광역시 대덕구 계족산로43번길 14,,36.36302211,127.4361992,,,042-608-5205,대전광역시 대덕구청,2025-11-13
대화동359,1,,대전광역시 대덕구 대화동 39-1,36.36660464,127.4140587,,,042-608-5205,대전광역시 대덕구청,2025-11-13
중리동119,1,대전광역시 대덕구 계족산로43번길 23,,36.36338744,127.4358536,,,042-608-5205,대전광역시 대덕구청,2025-11-13
중리동120,1,대전광역시 대덕구 송촌북로19번길 22,,36.36404134,127.4354561,,,042-608-5205,대전광역시 대덕구청,2025-11-13
중리동121,1,대전광역시 대덕구 송촌북로19번길 20,,36.36408034,127.4356346,,,042-608-5205,대전광역시 대덕구청,2025-11-13
중리동122,1,,대전광역시 대덕구 중리동 490-1,,,,,042-608-5205,대전광역시 대덕구청,2025-11-13
중리동123,1,,대전광역시 대덕구 중리동 490-1,,,,,042-608-5205,대전광역시 대덕구청,2025-11-13
중리동124,1,대전광역시 대덕구 계족산로43번길 50,,36.36454482,127.4357798,,,042-608-5205,대전광역시 대덕구청,2025-11-13
중리동125,1,대전광역시 대덕구 계족산로43번길 56,,36.36486231,127.4357014,,,042-608-5205,대전광역시 대덕구청,2025-11-13
중리동126,1,대전광역시 대덕구 계족산로43번길 63,,36.36511589,127.4353596,,,042-608-5205,대전광역시 대덕구청,2025-11-13
중리동127,1,대전광역시 대덕구 계족산로43번길 64,,36.36514386,127.435596,,,042-608-5205,대전광역시 대덕구청,2025-11-13
중리동128,1,대전광역시 대덕구 한밭대로 1185,,36.35941358,127.4302991,,,042-608-5205,대전광역시 대덕구청,2025-11-13
대화동360,1,,대전광역시 대덕구 대화동 산 33-5,,,,,042-608-5205,대전광역시 대덕구청,2025-11-13
중리동129,1,대전광역시 대덕구 송촌북로19번길 8-19,,36.36488329,127.4358798,,,042-608-5205,대전광역시 대덕구청,2025-11-13
중리동130,1,대전광역시 대덕구 송촌북로19번길 8-9,,36.36447553,127.4359978,,,042-608-5205,대전광역시 대덕구청,2025-11-13
중리동131,1,대전광역시 대덕구 송촌북로19번길 9,,36.36400976,127.4362092,,,042-608-5205,대전광역시 대덕구청,2025-11-13
중리동132,1,대전광역시 대덕구 송촌북로5번길 10-15,,36.36349785,127.4362197,,,042-608-5205,대전광역시 대덕구청,2025-11-13
중리동133,1,대전광역시 대덕구 송촌북로5번길 10,,36.36293133,127.4363814,,,042-608-5205,대전광역시 대덕구청,2025-11-13
중리동134,1,대전광역시 대덕구 계족산로36번길 31,,36.36212608,127.4367647,,,042-608-5205,대전광역시 대덕구청,2025-11-13
중리동135,1,대전광역시 대덕구 계족산로36번길 19,,36.36202728,127.4361803,,,042-608-5205,대전광역시 대덕구청,2025-11-13
중리동136,1,대전광역시 대덕구 계족산로36번길 9,,36.36195328,127.4357163,,,042-608-5205,대전광역시 대덕구청,2025-11-13
중리동137,1,대전광역시 대덕구 계족로 554,,36.36107994,127.4320213,,,042-608-5205,대전광역시 대덕구청,2025-11-13
중리동138,1,대전광역시 대덕구 계족로 550,,36.36065053,127.4321482,,,042-608-5205,대전광역시 대덕구청,2025-11-13
대화동361,1,,대전광역시 대덕구 대화동 산 33-5,,,,,042-608-5205,대전광역시 대덕구청,2025-11-13
중리동139,1,대전광역시 대덕구 계족로 544,,36.36022826,127.4322929,,,042-608-5205,대전광역시 대덕구청,2025-11-13
중리동140,1,대전광역시 대덕구 계족로 544,,36.36022826,127.4322929,,,042-608-5205,대전광역시 대덕구청,2025-11-13
중리동141,1,대전광역시 대덕구 계족로 540,,36.35992872,127.4323893,,,042-608-5205,대전광역시 대덕구청,2025-11-13
중리동142,1,,대전광역시 대덕구 중리동 27-7,,,,,042-608-5205,대전광역시 대덕구청,2025-11-13
중리동143,1,대전광역시 대덕구 중리남로7번길 1,,36.3611885,127.4309077,,,042-608-5205,대전광역시 대덕구청,2025-11-13
중리동144,1,대전광역시 대덕구 중리동로18번길 24,,36.36082429,127.4309458,,,042-608-5205,대전광역시 대덕구청,2025-11-13
중리동145,1,대전광역시 대덕구 중리남로7번길 15,,36.36058265,127.4309801,,,042-608-5205,대전광역시 대덕구청,2025-11-13
중리동146,1,대전광역시 대덕구 중리남로7번길 23,,36.36022591,127.430947,,,042-608-5205,대전광역시 대덕구청,2025-11-13
중리동147,1,대전광역시 대덕구 중리남로7번길 31,,36.35985816,127.4309672,,,042-608-5205,대전광역시 대덕구청,2025-11-13
중리동148,1,대전광역시 대덕구 중리남로7번길 37,,36.35958059,127.4309702,,,042-608-5205,대전광역시 대덕구청,2025-11-13
대화동362,1,,대전광역시 대덕구 대화동 35-486,36.3652719,127.411685,,,042-608-5205,대전광역시 대덕구청,2025-11-13
중리동149,1,대전광역시 대덕구 한밭대로 1193,,36.35936786,127.4309823,,,042-608-5205,대전광역시 대덕구청,2025-11-13
중리동150,1,대전광역시 대덕구 중리동로4번길 25,,36.35961977,127.4310996,,,042-608-5205,대전광역시 대덕구청,2025-11-13
중리동151,1,대전광역시 대덕구 중리동로4번길 25-7,,36.35985051,127.4310875,,,042-608-5205,대전광역시 대덕구청,2025-11-13
중리동152,1,대전광역시 대덕구 중리동로4번길 25-13,,36.3601029,127.4310711,,,042-608-5205,대전광역시 대덕구청,2025-11-13
중리동153,1,대전광역시 대덕구 중리남로7번길 21-6,,36.36023984,127.4310807,,,042-608-5205,대전광역시 대덕구청,2025-11-13
중리동154,1,대전광역시 대덕구 한밭대로 1199,,36.35946318,127.4315383,,,042-608-5205,대전광역시 대덕구청,2025-11-13
중리동155,1,대전광역시 대덕구 계족로 535,,36.35976891,127.4317244,,,042-608-5205,대전광역시 대덕구청,2025-11-13
중리동156,1,대전광역시 대덕구 계족로 539,,36.36005385,127.4316769,,,042-608-5205,대전광역시 대덕구청,2025-11-13
중리동157,1,대전광역시 대덕구 계족로 547,,36.36054817,127.4315459,,,042-608-5205,대전광역시 대덕구청,2025-11-13
중리동158,1,대전광역시 대덕구 중리동로18번길 29,,36.36108958,127.4313484,,,042-608-5205,대전광역시 대덕구청,2025-11-13
대화동363,1,,대전광역시 대덕구 대화동 530-1,36.36861682,127.4011569,,,042-608-5205,대전광역시 대덕구청,2025-11-13
중리동159,1,대전광역시 대덕구 중리동로18번길 25,,36.36106176,127.4310675,,,042-608-5205,대전광역시 대덕구청,2025-11-13
중리동160,1,대전광역시 대덕구 중리동로18번길 13,,36.36097407,127.430394,,,042-608-5205,대전광역시 대덕구청,2025-11-13
중리동161,1,대전광역시 대덕구 중리동로4번길 13-25,,36.36057406,127.4303651,,,042-608-5205,대전광역시 대덕구청,2025-11-13
중리동162,1,대전광역시 대덕구 중리동로4번길 13-15,,36.36016667,127.4303806,,,042-608-5205,대전광역시 대덕구청,2025-11-13
중리동163,1,대전광역시 대덕구 중리동로4번길 13-9,,36.35988546,127.4303925,,,042-608-5205,대전광역시 대덕구청,2025-11-13
중리동164,1,대전광역시 대덕구 한밭대로 1187,,36.35936619,127.4304475,,,042-608-5205,대전광역시 대덕구청,2025-11-13
중리동165,1,대전광역시 대덕구 한밭대로 1183,,36.35936366,127.4301489,,,042-608-5205,대전광역시 대덕구청,2025-11-13
중리동166,1,대전광역시 대덕구 한밭대로 1181,,36.35936789,127.4299751,,,042-608-5205,대전광역시 대덕구청,2025-11-13
중리동167,1,대전광역시 대덕구 중리동로4번길 7-11,,36.3599948,127.4300588,,,042-608-5205,대전광역시 대덕구청,2025-11-13
중리동168,1,대전광역시 대덕구 중리동로4번길 7-17,,36.3602652,127.4300469,,,042-608-5205,대전광역시 대덕구청,2025-11-13
대화동364,1,,대전광역시 대덕구 대화동 16-132,,,,,042-608-5205,대전광역시 대덕구청,2025-11-13
중리동169,1,대전광역시 대덕구 중리동로4번길 7-21,,36.36039501,127.4300343,,,042-608-5205,대전광역시 대덕구청,2025-11-13
중리동170,1,대전광역시 대덕구 중리동로4번길7-27,,36.36064014,127.4300312,,,042-608-5205,대전광역시 대덕구청,2025-11-13
중리동171,1,대전광역시 대덕구 중리동로17번길 6,,36.3608044,127.4294616,,,042-608-5205,대전광역시 대덕구청,2025-11-13
중리동172,1,대전광역시 대덕구 중리동로3번길 8-21,,36.360423,127.4292679,,,042-608-5205,대전광역시 대덕구청,2025-11-13
중리동173,1,대전광역시 대덕구 중리동로3번길 8-15,,36.36014179,127.4292797,,,042-608-5205,대전광역시 대덕구청,2025-11-13
중리동174,1,대전광역시 대덕구 중리동로3번길 8-9,,36.35986058,127.4292915,,,042-608-5205,대전광역시 대덕구청,2025-11-13
중리동175,1,대전광역시 대덕구 한밭대로 1179,,36.35935166,127.4294759,,,042-608-5205,대전광역시 대덕구청,2025-11-13
중리동176,1,대전광역시 대덕구 한밭대로 1175,,36.35932037,127.4291549,,,042-608-5205,대전광역시 대덕구청,2025-11-13
중리동177,1,대전광역시 대덕구 중리동로3번길 14-12,,36.36000164,127.4291586,,,042-608-5205,대전광역시 대덕구청,2025-11-13
중리동178,1,대전광역시 대덕구 중리동로3번길 14-18,,36.36027563,127.4291512,,,042-608-5205,대전광역시 대덕구청,2025-11-13
대화동036,1,대전광역시 대덕구 대화15길 82,,36.36414757,127.4178207,,,042-608-5205,대전광역시 대덕구청,2025-11-13
대화동365,1,대전광역시 대덕구 대화로11길 12,,,,,,042-608-5205,대전광역시 대덕구청,2025-11-13
중리동179,1,대전광역시 대덕구 중리동로3번길 14-22,,36.36039102,127.4291385,,,042-608-5205,대전광역시 대덕구청,2025-11-13
중리동180,1,,대전광역시 대덕구 중리동 196-10,,,,,042-608-5205,대전광역시 대덕구청,2025-11-13
중리동181,1,대전광역시 대덕구 중리남로27번길 11,,36.36049674,127.4288092,,,042-608-5205,대전광역시 대덕구청,2025-11-13
중리동182,1,대전광역시 대덕구 중리남로27번길 15,,36.36022995,127.4288211,,,042-608-5205,대전광역시 대덕구청,2025-11-13
중리동183,1,대전광역시 대덕구 중리남로27번길 23,,36.35996678,127.4288286,,,042-608-5205,대전광역시 대덕구청,2025-11-13
중리동184,1,대전광역시 대덕구 중리남로27번길 29,,36.35969275,127.4288494,,,042-608-5205,대전광역시 대덕구청,2025-11-13
중리동185,1,대전광역시 대덕구 한밭대로 1171-1,,36.35932223,127.4286379,,,042-608-5205,대전광역시 대덕구청,2025-11-13
중리동186,1,대전광역시 대덕구 한밭대로 1169,,36.35930898,127.4283125,,,042-608-5205,대전광역시 대덕구청,2025-11-13
중리동187,1,대전광역시 대덕구 중리동로3번길 26-11,,36.35998323,127.4282627,,,042-608-5205,대전광역시 대덕구청,2025-11-13
중리동188,1,대전광역시 대덕구 중리동로3번길 26-19,,36.36025364,127.4282464,,,042-608-5205,대전광역시 대덕구청,2025-11-13
대화동366,1,,대전광역시 대덕구 대화동 16-255,36.36412062,127.4172812,,,042-608-5205,대전광역시 대덕구청,2025-11-13
중리동189,1,대전광역시 대덕구 중리동로17번길 25,,36.3604584,127.4284436,,,042-608-5205,대전광역시 대덕구청,2025-11-13
중리동190,1,대전광역시 대덕구 중리동로17번길 30,,36.36060756,127.4280611,,,042-608-5205,대전광역시 대덕구청,2025-11-13
중리동191,1,대전광역시 대덕구 중리동로3번길 32-20,,36.36025407,127.428126,,,042-608-5205,대전광역시 대덕구청,2025-11-13
중리동192,1,대전광역시 대덕구 중리동로3번길 32-12,,36.35996924,127.4281423,,,042-608-5205,대전광역시 대덕구청,2025-11-13
중리동193,1,대전광역시 대덕구 한밭대로 1165,,36.3593462,127.4279829,,,042-608-5205,대전광역시 대덕구청,2025-11-13
중리동194,1,대전광역시 대덕구 한밭대로 1161,,36.35932274,127.4274881,,,042-608-5205,대전광역시 대덕구청,2025-11-13
중리동195,1,대전광역시 대덕구 한밭대로1159번길 20,,36.36001834,127.4275186,,,042-608-5205,대전광역시 대덕구청,2025-11-13
중리동196,1,대전광역시 대덕구 한밭대로1159번길 24,,36.36015563,127.4274303,,,042-608-5205,대전광역시 대덕구청,2025-11-13
중리동197,1,,대전광역시 대덕구 중리동 201-6,,,,,042-608-5205,대전광역시 대덕구청,2025-11-13
중리동198,1,대전광역시 대덕구 중리동로17번길 39-7,,36.36021206,127.4277782,,,042-608-5205,대전광역시 대덕구청,2025-11-13
대화동367,1,,대전광역시 대덕구 대화동 243-9,36.36334997,127.4129139,,,042-608-5205,대전광역시 대덕구청,2025-11-13
중리동199,1,대전광역시 대덕구 중리동로17번길 40,,36.36053002,127.4275705,,,042-608-5205,대전광역시 대덕구청,2025-11-13
중리동200,1,대전광역시 대덕구 중리동로17번길 42,,36.36051971,127.4274278,,,042-608-5205,대전광역시 대덕구청,2025-11-13
중리동201,1,대전광역시 대덕구 중리동로3번길 52-22,,36.36031199,127.4270523,,,042-608-5205,대전광역시 대덕구청,2025-11-13
중리동202,1,대전광역시 대덕구 중리동로3번길 52-22,,36.36031199,127.4270523,,,042-608-5205,대전광역시 대덕구청,2025-11-13
중리동203,1,대전광역시 대덕구 중리동로3번길 52-12,,36.35989737,127.4270723,,,042-608-5205,대전광역시 대덕구청,2025-11-13
중리동204,1,대전광역시 대덕구 한밭대로 1157,,36.35926299,127.4270599,,,042-608-5205,대전광역시 대덕구청,2025-11-13
중리동205,1,대전광역시 대덕구 한밭대로 1155,,36.35926757,127.4267881,,,042-608-5205,대전광역시 대덕구청,2025-11-13
중리동206,1,대전광역시 대덕구 중리동로3번길 58-10,,36.35976158,127.4267418,,,042-608-5205,대전광역시 대덕구청,2025-11-13
중리동207,1,대전광역시 대덕구 중리동로3번길 58-18,,36.36017258,127.4267217,,,042-608-5205,대전광역시 대덕구청,2025-11-13
중리동208,1,대전광역시 대덕구 중리동로17번길 56,,36.36051853,127.4267504,,,042-608-5205,대전광역시 대덕구청,2025-11-13
대화동368,1,,대전광역시 대덕구 대화동 35-854,36.36310555,127.4147934,,,042-608-5205,대전광역시 대덕구청,2025-11-13
중리동209,1,대전광역시 대덕구 중리남로 47,,36.36057376,127.4264253,,,042-608-5205,대전광역시 대덕구청,2025-11-13
중리동210,1,대전광역시 대덕구 한밭대로1149번길 16,,36.35975196,127.4264075,,,042-608-5205,대전광역시 대덕구청,2025-11-13
중리동211,1,대전광역시 대덕구 한밭대로1149번길 25-11,,36.36012196,127.4257544,,,042-608-5205,대전광역시 대덕구청,2025-11-13
중리동212,1,대전광역시 대덕구 중리동로27번길 7,,36.36143247,127.4292244,,,042-608-5205,대전광역시 대덕구청,2025-11-13
중리동213,1,대전광역시 대덕구 중리동로27번길 8-5,,36.36178281,127.4290347,,,042-608-5205,대전광역시 대덕구청,2025-11-13
중리동214,1,대전광역시 대덕구 중리동로27번길 8-15,,36.36222303,127.4289078,,,042-608-5205,대전광역시 대덕구청,2025-11-13
중리동215,1,대전광역시 대덕구 중리동로 37,,36.36256091,127.4291771,,,042-608-5205,대전광역시 대덕구청,2025-11-13
중리동216,1,대전광역시 대덕구 중리동로39번길 10,,36.36267403,127.4287944,,,042-608-5205,대전광역시 대덕구청,2025-11-13
중리동217,1,대전광역시 대덕구 중리동로39번길 16,,36.36261745,127.4284866,,,042-608-5205,대전광역시 대덕구청,2025-11-13
중리동218,1,대전광역시 대덕구 중리동로27번길 14-20,,36.36233534,127.4287525,,,042-608-5205,대전광역시 대덕구청,2025-11-13
대화동369,1,,대전광역시 대덕구 대화동 35-12,36.36565092,127.4146598,,,042-608-5205,대전광역시 대덕구청,2025-11-13
중리동219,1,대전광역시 대덕구 중리동로27번길 14-10,,36.36190956,127.4288705,,,042-608-5205,대전광역시 대덕구청,2025-11-13
중리동220,1,대전광역시 대덕구 중리남로28번길 4,,36.36134789,127.4286847,,,042-608-5205,대전광역시 대덕구청,2025-11-13
중리동221,1,대전광역시 대덕구 중리남로28번길 4,,36.36134789,127.4286847,,,042-608-5205,대전광역시 대덕구청,2025-11-13
중리동222,1,대전광역시 대덕구 중리동로27번길 20,,36.361568,127.4286235,,,042-608-5205,대전광역시 대덕구청,2025-11-13
중리동223,1,대전광역시 대덕구 중리남로28번길 20,,36.36200819,127.4285056,,,042-608-5205,대전광역시 대덕구청,2025-11-13
중리동224,1,대전광역시 대덕구 중리남로28번길 26,,36.36227883,127.4284268,,,042-608-5205,대전광역시 대덕구청,2025-11-13
중리동225,1,대전광역시 대덕구 중리남로28번길 36,,36.36269374,127.4283221,,,042-608-5205,대전광역시 대덕구청,2025-11-13
중리동226,1,대전광역시 대덕구 중리동로39번길 28,,36.362483,127.4277817,,,042-608-5205,대전광역시 대덕구청,2025-11-13
중리동227,1,대전광역시 대덕구 중리동로27번길 26-21,,36.36232057,127.4278432,,,042-608-5205,대전광역시 대덕구청,2025-11-13
중리동228,1,대전광역시 대덕구 중리동로27번길 26-13,,36.3619922,127.4279395,,,042-608-5205,대전광역시 대덕구청,2025-11-13
대화동370,1,,대전광역시 대덕구 대화동 33-8,36.36531148,127.4158703,,,042-608-5205,대전광역시 대덕구청,2025-11-13
중리동229,1,대전광역시 대덕구 중리동로27번길 26-5,,36.36163134,127.4280489,,,042-608-5205,대전광역시 대덕구청,2025-11-13
중리동230,1,대전광역시 대덕구 중리동로27번길 32,,36.36148752,127.4279456,,,042-608-5205,대전광역시 대덕구청,2025-11-13
중리동231,1,대전광역시 대덕구 중리동로27번길 36-6,,36.36159245,127.4278348,,,042-608-5205,대전광역시 대덕구청,2025-11-13
중리동232,1,대전광역시 대덕구 중리동로27번길 36-15,,36.36213045,127.4275837,,,042-608-5205,대전광역시 대덕구청,2025-11-13
중리동233,1,대전광역시 대덕구 중리남로40번길 12,,36.36139921,127.4274415,,,042-608-5205,대전광역시 대덕구청,2025-11-13
중리동234,1,대전광역시 대덕구 중리남로40번길 6,,36.36119019,127.427427,,,042-608-5205,대전광역시 대덕구청,2025-11-13
중리동235,1,대전광역시 대덕구 중리동로39번길 33,,36.36225665,127.4275754,,,042-608-5205,대전광역시 대덕구청,2025-11-13
중리동236,1,대전광역시 대덕구 중리동로41번길 28,,36.36307283,127.4281548,,,042-608-5205,대전광역시 대덕구청,2025-11-13
중리동237,1,대전광역시 대덕구 중리동로41번길 28,,36.36307283,127.4281548,,,042-608-5205,대전광역시 대덕구청,2025-11-13
중리동238,1,대전광역시 대덕구 중리동로41번길 28,,36.36307283,127.4281548,,,042-608-5205,대전광역시 대덕구청,2025-11-13
대화동371,1,대전광역시 대덕구 동심2길 8,,36.36316794,127.4155112,,,042-608-5205,대전광역시 대덕구청,2025-11-13
중리동239,1,대전광역시 대덕구 중리동로41번길 28,,36.36307283,127.4281548,,,042-608-5205,대전광역시 대덕구청,2025-11-13
중리동240,1,대전광역시 대덕구 중리동로41번길 14-10,,36.36318684,127.4285298,,,042-608-5205,대전광역시 대덕구청,2025-11-13
중리동241,1,대전광역시 대덕구 중리동로41번길 14-14,,36.36343942,127.4284599,,,042-608-5205,대전광역시 대덕구청,2025-11-13
중리동242,1,대전광역시 대덕구 중리동로41번길 14-24,,36.36383633,127.4283507,,,042-608-5205,대전광역시 대덕구청,2025-11-13
중리동243,1,대전광역시 대덕구 중리동로56번길 16,,36.36420274,127.4297076,,,042-608-5205,대전광역시 대덕구청,2025-11-13
중리동244,1,대전광역시 대덕구 중리동로56번길 8,,36.36411401,127.4293193,,,042-608-5205,대전광역시 대덕구청,2025-11-13
중리동245,1,대전광역시 대덕구 중리동로55번길 6,,36.36420682,127.4285711,,,042-608-5205,대전광역시 대덕구청,2025-11-13
중리동246,1,대전광역시 대덕구 중리동로41번길 8-6,,36.3631243,127.4288816,,,042-608-5205,대전광역시 대덕구청,2025-11-13
중리동247,1,대전광역시 대덕구 중리동로41번길 8-12,,36.36336967,127.4288116,,,042-608-5205,대전광역시 대덕구청,2025-11-13
중리동248,1,대전광역시 대덕구 중리동로41번길 8-18,,36.36364027,127.4287418,,,042-608-5205,대전광역시 대덕구청,2025-11-13
대화동372,1,대전광역시 대덕구 동심1길 46,,36.36317305,127.415079,,,042-608-5205,대전광역시 대덕구청,2025-11-13
중리동249,1,대전광역시 대덕구 중리동로41번길 8-24,,36.36389644,127.4286764,,,042-608-5205,대전광역시 대덕구청,2025-11-13
중리동250,1,대전광역시 대덕구 중리동로55번길 8-12,,36.36462173,127.4284664,,,042-608-5205,대전광역시 대덕구청,2025-11-13
중리동251,1,대전광역시 대덕구 중리로64번길 45,,36.36581285,127.4280272,,,042-608-5205,대전광역시 대덕구청,2025-11-13
중리동252,1,대전광역시 대덕구 중리로64번길 45,,36.36581285,127.4280272,,,042-608-5205,대전광역시 대덕구청,2025-11-13
중리동253,1,대전광역시 대덕구 중리로64번길 45,,36.36581285,127.4280272,,,042-608-5205,대전광역시 대덕구청,2025-11-13
중리동254,1,대전광역시 대덕구 중리동로55번길 14-20,,36.36482142,127.4280664,,,042-608-5205,대전광역시 대덕구청,2025-11-13
중리동255,1,대전광역시 대덕구 중리남로40번길 84,,36.3646358,127.4275573,,,042-608-5205,대전광역시 대덕구청,2025-11-13
중리동256,1,대전광역시 대덕구 중리동로55번길 14-12,,36.36455444,127.4281318,,,042-608-5205,대전광역시 대덕구청,2025-11-13
중리동257,1,대전광역시 대덕구 중리동로55번길 14-6,,36.36429821,127.428215,,,042-608-5205,대전광역시 대덕구청,2025-11-13
중리동258,1,대전광역시 대덕구 중리동로41번길 28,,36.36307283,127.4281548,,,042-608-5205,대전광역시 대덕구청,2025-11-13
대화동373,1,,대전광역시 대덕구 대화동 40,,,,,042-608-5205,대전광역시 대덕구청,2025-11-13
중리동259,1,대전광역시 대덕구 중리동로55번길 19,,36.36384587,127.4276999,,,042-608-5205,대전광역시 대덕구청,2025-11-13
중리동260,1,대전광역시 대덕구 중리로64번길 45,,36.36581285,127.4280272,,,042-608-5205,대전광역시 대덕구청,2025-11-13
중리동261,1,대전광역시 대덕구 중리남로40번길 16,,36.36156861,127.4274469,,,042-608-5205,대전광역시 대덕구청,2025-11-13
중리동262,1,대전광역시 대덕구 중리남로40번길 22,,36.36185344,127.4274306,,,042-608-5205,대전광역시 대덕구청,2025-11-13
중리동263,1,대전광역시 대덕구 중리남로40번길 24,,36.36198316,127.4274447,,,042-608-5205,대전광역시 대덕구청,2025-11-13
중리동264,1,대전광역시 대덕구 중리남로40번길 30,,36.36225711,127.4274462,,,042-608-5205,대전광역시 대덕구청,2025-11-13
중리동265,1,대전광역시 대덕구 중리동로41번길 33,,36.36252742,127.4274566,,,042-608-5205,대전광역시 대덕구청,2025-11-13
중리동266,1,대전광역시 대덕구 중리동로41번길 28,,36.36307283,127.4281548,,,042-608-5205,대전광역시 대덕구청,2025-11-13
중리동267,1,대전광역시 대덕구 중리남로40번길 50,,36.36315466,127.4274511,,,042-608-5205,대전광역시 대덕구청,2025-11-13
중리동268,1,대전광역시 대덕구 중리남로40번길 63,,36.36377888,127.4272807,,,042-608-5205,대전광역시 대덕구청,2025-11-13
대화동374,1,,대전광역시 대덕구 대화동 40-78,,,,,042-608-5205,대전광역시 대덕구청,2025-11-13
중리동269,1,대전광역시 대덕구 중리남로40번길 77,,36.36439886,127.4272886,,,042-608-5205,대전광역시 대덕구청,2025-11-13
중리동270,1,,대전광역시 대덕구 중리동 164-7,,,,,042-608-5205,대전광역시 대덕구청,2025-11-13
중리동271,1,대전광역시 대덕구 중리북로31번길 111,,36.36163877,127.4269793,,,042-608-5205,대전광역시 대덕구청,2025-11-13
중리동272,1,대전광역시 대덕구 중리북로31번길 107,,36.3617613,127.4269889,,,042-608-5205,대전광역시 대덕구청,2025-11-13
중리동273,1,대전광역시 대덕구 중리로32번길 33,,36.3620924,127.4271378,,,042-608-5205,대전광역시 대덕구청,2025-11-13
중리동274,1,대전광역시 대덕구 중리로26번길 21-10,,36.36171228,127.4265831,,,042-608-5205,대전광역시 대덕구청,2025-11-13
중리동275,1,대전광역시 대덕구 중리로26번길 21,,36.36142385,127.4265993,,,042-608-5205,대전광역시 대덕구청,2025-11-13
중리동276,1,대전광역시 대덕구 중리로26번길 15,,36.36142526,127.4262027,,,042-608-5205,대전광역시 대덕구청,2025-11-13
중리동277,1,대전광역시 대덕구 중리북로37번길 108,,36.36170015,127.4259412,,,042-608-5205,대전광역시 대덕구청,2025-11-13
중리동278,1,대전광역시 대덕구 중리로32번길 7-4,,36.36204678,127.4257782,,,042-608-5205,대전광역시 대덕구청,2025-11-13
대화동037,1,대전광역시 대덕구 대화15길 35,,36.36434799,127.4172022,,,042-608-5205,대전광역시 대덕구청,2025-11-13
대화동375,1,,대전광역시 대덕구 대화동 229-22,,,,,042-608-5205,대전광역시 대덕구청,2025-11-13
중리동279,1,대전광역시 대덕구 중리로26번길 7-8,,36.36169701,127.425812,,,042-608-5205,대전광역시 대덕구청,2025-11-13
중리동280,1,대전광역시 대덕구 중리로26번길 11,,36.36141529,127.4259664,,,042-608-5205,대전광역시 대덕구청,2025-11-13
중리동281,1,대전광역시 대덕구 중리로26번길 5,,36.36142745,127.4255876,,,042-608-5205,대전광역시 대덕구청,2025-11-13
중리동282,1,대전광역시 대덕구 중리로32번길 7-8,,36.36219098,127.4257745,,,042-608-5205,대전광역시 대덕구청,2025-11-13
중리동283,1,대전광역시 대덕구 중리로32번길 7-14,,36.36256952,127.4257632,,,042-608-5205,대전광역시 대덕구청,2025-11-13
중리동284,1,대전광역시 대덕구 중리로44번길 7-3,,36.36301731,127.4255339,,,042-608-5205,대전광역시 대덕구청,2025-11-13
중리동285,1,대전광역시 대덕구 중리로44번길 11,,36.3630377,127.4258817,,,042-608-5205,대전광역시 대덕구청,2025-11-13
중리동286,1,대전광역시 대덕구 중리북로37번길 86,,36.36256535,127.4259192,,,042-608-5205,대전광역시 대덕구청,2025-11-13
중리동287,1,대전광역시 대덕구 중리북로37번길 96,,36.36219044,127.4259261,,,042-608-5205,대전광역시 대덕구청,2025-11-13
중리동288,1,대전광역시 대덕구 중리로32번길 19-2,,36.36209083,127.4265673,,,042-608-5205,대전광역시 대덕구청,2025-11-13
대화동376,1,,대전광역시 대덕구 대화동 231,,,,,042-608-5205,대전광역시 대덕구청,2025-11-13
중리동289,1,대전광역시 대덕구 중리로32번길 19-6,,36.36222423,127.4265591,,,042-608-5205,대전광역시 대덕구청,2025-11-13
중리동290,1,대전광역시 대덕구 중리북로31번길 101,,36.36207137,127.4269683,,,042-608-5205,대전광역시 대덕구청,2025-11-13
중리동291,1,대전광역시 대덕구 중리북로31번길 91,,36.36252189,127.4269886,,,042-608-5205,대전광역시 대덕구청,2025-11-13
중리동292,1,대전광역시 대덕구 중리북로31번길 83,,36.36287174,127.4269326,,,042-608-5205,대전광역시 대덕구청,2025-11-13
중리동293,1,대전광역시 대덕구 중리로44번길 29,,36.36308076,127.4269471,,,042-608-5205,대전광역시 대덕구청,2025-11-13
중리동294,1,대전광역시 대덕구 중리로44번길 29,,36.36308076,127.4269471,,,042-608-5205,대전광역시 대덕구청,2025-11-13
중리동295,1,대전광역시 대덕구 중리북로31번길 75-7,,36.36323912,127.4270148,,,042-608-5205,대전광역시 대덕구청,2025-11-13
중리동296,1,대전광역시 대덕구 중리북로31번길 75-14,,36.36349813,127.4271633,,,042-608-5205,대전광역시 대덕구청,2025-11-13
중리동297,1,대전광역시 대덕구 중리북로31번길 75-21,,36.36381596,127.4269912,,,042-608-5205,대전광역시 대덕구청,2025-11-13
중리동298,1,대전광역시 대덕구 중리남로40번길 63,,36.36377888,127.4272807,,,042-608-5205,대전광역시 대덕구청,2025-11-13
대화동377,1,대전광역시 대덕구 대화로 44,,36.36783801,127.4149344,,,042-608-5205,대전광역시 대덕구청,2025-11-13
중리동299,1,대전광역시 대덕구 중리북로31번길 71,,36.36330444,127.4268948,,,042-608-5205,대전광역시 대덕구청,2025-11-13
중리동300,1,,대전광역시 대덕구 중리동 386-23,,,,,042-608-5205,대전광역시 대덕구청,2025-11-13
중리동301,1,,대전광역시 대덕구 중리동 386-3,,,,,042-608-5205,대전광역시 대덕구청,2025-11-13
중리동302,1,,대전광역시 대덕구 중리동 386-3,,,,,042-608-5205,대전광역시 대덕구청,2025-11-13
중리동303,1,,대전광역시 대덕구 중리동 386-4,,,,,042-608-5205,대전광역시 대덕구청,2025-11-13
중리동304,1,대전광역시 대덕구 중리로54번길 19,,36.36400599,127.4262658,,,042-608-5205,대전광역시 대덕구청,2025-11-13
중리동305,1,대전광역시 대덕구 중리로54번길 12,,36.36380556,127.4258636,,,042-608-5205,대전광역시 대덕구청,2025-11-13
중리동306,1,대전광역시 대덕구 중리북로37번길 72,,36.36329363,127.4258831,,,042-608-5205,대전광역시 대덕구청,2025-11-13
중리동307,1,대전광역시 대덕구 중리로44번길 7-11,,36.36340669,127.4255137,,,042-608-5205,대전광역시 대덕구청,2025-11-13
중리동308,1,대전광역시 대덕구 중리로44번길 7-17,,36.36365543,127.4255106,,,042-608-5205,대전광역시 대덕구청,2025-11-13
대화동378,1,대전광역시 대덕구 대화로 40,,36.36787305,127.4152243,,,042-608-5205,대전광역시 대덕구청,2025-11-13
중리동309,1,대전광역시 대덕구 중리로54번길 8,,36.3638025,127.425712,,,042-608-5205,대전광역시 대덕구청,2025-11-13
중리동310,1,대전광역시 대덕구 중리로54번길 4,,36.36379604,127.4255025,,,042-608-5205,대전광역시 대덕구청,2025-11-13
중리동311,1,대전광역시 대덕구 중리로54번길 7-7,,36.36424673,127.4254738,,,042-608-5205,대전광역시 대덕구청,2025-11-13
중리동312,1,대전광역시 대덕구 중리로54번길 7-11,,36.36436565,127.4254833,,,042-608-5205,대전광역시 대덕구청,2025-11-13
중리동313,1,대전광역시 대덕구 중리로54번길 7-15,,36.36460725,127.4254579,,,042-608-5205,대전광역시 대덕구청,2025-11-13
중리동314,1,대전광역시 대덕구 중리로64번길 7-7,,36.36521653,127.4254345,,,042-608-5205,대전광역시 대덕구청,2025-11-13
중리동315,1,대전광역시 대덕구 중리로64번길 7-7,,36.36521653,127.4254345,,,042-608-5205,대전광역시 대덕구청,2025-11-13
중리동316,1,대전광역시 대덕구 중리로64번길 7-17,,36.36555898,127.4254319,,,042-608-5205,대전광역시 대덕구청,2025-11-13
중리동317,1,,대전광역시 대덕구 중리동 369-5,,,,,042-608-5205,대전광역시 대덕구청,2025-11-13
중리동318,1,,대전광역시 대덕구 중리동 372-30,,,,,042-608-5205,대전광역시 대덕구청,2025-11-13
대화동379,1,대전광역시 대덕구 대화10길 60,,36.3657699,127.417758,,,042-608-5205,대전광역시 대덕구청,2025-11-13
중리동319,1,대전광역시 대덕구 중리로64번길 19-8,,36.36520585,127.426406,,,042-608-5205,대전광역시 대덕구청,2025-11-13
중리동320,1,대전광역시 대덕구 중리로54번길 19-16,,36.36463259,127.4264386,,,042-608-5205,대전광역시 대덕구청,2025-11-13
중리동321,1,대전광역시 대덕구 중리로54번길 19-12,,36.36439105,127.4264461,,,042-608-5205,대전광역시 대덕구청,2025-11-13
중리동322,1,대전광역시 대덕구 중리로54번길 19-8,,36.36425763,127.4264588,,,042-608-5205,대전광역시 대덕구청,2025-11-13
중리동323,1,대전광역시 대덕구 중리북로31번길 53,,36.3641877,127.426864,,,042-608-5205,대전광역시 대덕구청,2025-11-13
중리동324,1,대전광역시 대덕구 중리북로31번길 45,,36.36456987,127.4268438,,,042-608-5205,대전광역시 대덕구청,2025-11-13
중리동325,1,대전광역시 대덕구 중리로54번길 33-19,,36.36475332,127.4269518,,,042-608-5205,대전광역시 대덕구청,2025-11-13
중리동326,1,대전광역시 대덕구 중리로54번길 33-20,,36.36476715,127.4271167,,,042-608-5205,대전광역시 대덕구청,2025-11-13
중리동327,1,대전광역시 대덕구 중리로54번길 33-16,,36.36461928,127.4271382,,,042-608-5205,대전광역시 대덕구청,2025-11-13
중리동328,1,대전광역시 대덕구 중리로54번길 33-6,,36.36419027,127.4271537,,,042-608-5205,대전광역시 대덕구청,2025-11-13
대화동380,1,대전광역시 대덕구 대화15길 14,,36.36318574,127.4176417,,,042-608-5205,대전광역시 대덕구청,2025-11-13
중리동329,1,대전광역시 대덕구 중리로64번길 45,,36.36581285,127.4280272,,,042-608-5205,대전광역시 대덕구청,2025-11-13
중리동330,1,대전광역시 대덕구 중리로64번길 45,,36.36581285,127.4280272,,,042-608-5205,대전광역시 대덕구청,2025-11-13
중리동331,1,대전광역시 대덕구 중리로64번길 45,,36.36581285,127.4280272,,,042-608-5205,대전광역시 대덕구청,2025-11-13
중리동332,1,대전광역시 대덕구 중리로64번길 45,,36.36581285,127.4280272,,,042-608-5205,대전광역시 대덕구청,2025-11-13
중리동333,1,대전광역시 대덕구 중리북로31번길 8,,36.36633376,127.4265058,,,042-608-5205,대전광역시 대덕구청,2025-11-13
중리동334,1,대전광역시 대덕구 중리북로 31,,36.36648155,127.4265066,,,042-608-5205,대전광역시 대덕구청,2025-11-13
중리동335,1,대전광역시 대덕구 중리로75번길 22-17,,36.36612476,127.4244633,,,042-608-5205,대전광역시 대덕구청,2025-11-13
중리동336,1,대전광역시 대덕구 중리로75번길 22-11,,36.36611163,127.4240978,,,042-608-5205,대전광역시 대덕구청,2025-11-13
중리동337,1,대전광역시 대덕구 중리로75번길 22-5,,36.36610582,127.4237055,,,042-608-5205,대전광역시 대덕구청,2025-11-13
중리동338,1,대전광역시 대덕구 중리로75번길 22,,36.36588586,127.4237266,,,042-608-5205,대전광역시 대덕구청,2025-11-13
대화동381,1,대전광역시 대덕구 대화15길 23,,36.36376337,127.4173908,,,042-608-5205,대전광역시 대덕구청,2025-11-13
중리동339,1,대전광역시 대덕구 중리서로 82,,36.3657792,127.4233071,,,042-608-5205,대전광역시 대덕구청,2025-11-13
중리동340,1,대전광역시 대덕구 중리로75번길 23,,36.36565532,127.4236808,,,042-608-5205,대전광역시 대덕구청,2025-11-13
중리동341,1,대전광역시 대덕구 중리로75번길 15,,36.36562126,127.4241352,,,042-608-5205,대전광역시 대덕구청,2025-11-13
중리동342,1,대전광역시 대덕구 중리로75번길 5,,36.36566267,127.4246569,,,042-608-5205,대전광역시 대덕구청,2025-11-13
중리동343,1,대전광역시 대덕구 중리로63번길 14-15,,36.3654844,127.4241033,,,042-608-5205,대전광역시 대덕구청,2025-11-13
중리동344,1,대전광역시 대덕구 중리로63번길 14-9,,36.3652065,127.4242014,,,042-608-5205,대전광역시 대덕구청,2025-11-13
중리동345,1,대전광역시 대덕구 중리로63번길 14-5,,36.36504785,127.4242123,,,042-608-5205,대전광역시 대덕구청,2025-11-13
중리동346,1,대전광역시 대덕구 중리로 73,,36.36564755,127.4248529,,,042-608-5205,대전광역시 대덕구청,2025-11-13
중리동347,1,대전광역시 대덕구 중리로63번길 6-11,,36.36533859,127.4245616,,,042-608-5205,대전광역시 대덕구청,2025-11-13
중리동348,1,,대전광역시 대덕구 중리동 367-16,,,,,042-608-5205,대전광역시 대덕구청,2025-11-13
대화동382,1,대전광역시 대덕구 동심2길 15,,36.36346513,127.4150493,,,042-608-5205,대전광역시 대덕구청,2025-11-13
중리동349,1,대전광역시 대덕구 중리로63번길7,,36.364704,127.4246071,,,042-608-5205,대전광역시 대덕구청,2025-11-13
중리동350,1,대전광역시 대덕구 중리로53번길 6-15,,36.36455985,127.4245974,,,042-608-5205,대전광역시 대덕구청,2025-11-13
중리동351,1,대전광역시 대덕구 중리로53번길 6-11,,36.36440123,127.424601,,,042-608-5205,대전광역시 대덕구청,2025-11-13
중리동352,1,대전광역시 대덕구 중리로53번길 6-10,,36.36428872,127.4248144,,,042-608-5205,대전광역시 대덕구청,2025-11-13
중리동353,1,대전광역시 대덕구 중리로53번길 6-1,,36.36398663,127.4246166,,,042-608-5205,대전광역시 대덕구청,2025-11-13
중리동354,1,대전광역시 대덕구 중리로43번길 6-14,,36.3635136,127.4248458,,,042-608-5205,대전광역시 대덕구청,2025-11-13
중리동355,1,대전광역시 대덕구 중리로43번길 6-8,,36.36320358,127.424853,,,042-608-5205,대전광역시 대덕구청,2025-11-13
중리동356,1,대전광역시 대덕구 중리로43번길 10,,36.36297759,127.4245398,,,042-608-5205,대전광역시 대덕구청,2025-11-13
중리동357,1,대전광역시 대덕구 중리로31번길 6-19,,36.36279686,127.4246815,,,042-608-5205,대전광역시 대덕구청,2025-11-13
중리동358,1,대전광역시 대덕구 중리로31번길 6-11,,36.36238228,127.4246926,,,042-608-5205,대전광역시 대덕구청,2025-11-13
대화동383,1,,대전광역시 대덕구 대화동 35-328,,,,,042-608-5205,대전광역시 대덕구청,2025-11-13
중리동359,1,대전광역시 대덕구 중리로31번길 7,,36.36177657,127.4247249,,,042-608-5205,대전광역시 대덕구청,2025-11-13
중리동360,1,대전광역시 대덕구 중리로21번길 6-9,,36.3613151,127.4247447,,,042-608-5205,대전광역시 대덕구청,2025-11-13
중리동361,1,대전광역시 대덕구 중리로21번길 8,,36.36104112,127.4247521,,,042-608-5205,대전광역시 대덕구청,2025-11-13
중리동362,1,,대전광역시 대덕구 중리동 401-21,,,,,042-608-5205,대전광역시 대덕구청,2025-11-13
중리동363,1,대전광역시 대덕구 중리로7번길 6-7,,36.35997759,127.4247954,,,042-608-5205,대전광역시 대덕구청,2025-11-13
중리동364,1,,대전광역시 대덕구 중리동 401-26,,,,,042-608-5205,대전광역시 대덕구청,2025-11-13
중리동365,1,대전광역시 대덕구 중리로7번길 14-5,,36.35998295,127.4242996,,,042-608-5205,대전광역시 대덕구청,2025-11-13
중리동366,1,대전광역시 대덕구 중리로7번길 14-5,,36.35998295,127.4242996,,,042-608-5205,대전광역시 대덕구청,2025-11-13
중리동367,1,대전광역시 대덕구 중리로7번길 14-17,,36.36042627,127.4243165,,,042-608-5205,대전광역시 대덕구청,2025-11-13
중리동368,1,대전광역시 대덕구 중리로7번길 14-23,,36.36072551,127.4243003,,,042-608-5205,대전광역시 대덕구청,2025-11-13
덕암동001,1,대전광역시 대덕구 덕암북로96번길 73,,36.4399674,127.4261678,,,042-608-5205,대전광역시 대덕구청,2025-11-13
중리동369,1,대전광역시 대덕구 중리로31번길 17-22,,36.36106043,127.4243912,,,042-608-5205,대전광역시 대덕구청,2025-11-13
중리동370,1,대전광역시 대덕구 중리로21번길 14-5,,36.36124082,127.4243477,,,042-608-5205,대전광역시 대덕구청,2025-11-13
중리동371,1,대전광역시 대덕구 중리로31번길 17-22,,36.36106043,127.4243912,,,042-608-5205,대전광역시 대덕구청,2025-11-13
중리동372,1,대전광역시 대덕구 중리로31번길 17-11,,36.3614935,127.4242465,,,042-608-5205,대전광역시 대덕구청,2025-11-13
중리동373,1,대전광역시 대덕구 중리로21번길 14-15,,36.36162648,127.4243587,,,042-608-5205,대전광역시 대덕구청,2025-11-13
중리동374,1,대전광역시 대덕구 중리로31번길 9,,36.36176987,127.4245823,,,042-608-5205,대전광역시 대덕구청,2025-11-13
중리동375,1,대전광역시 대덕구 중리로31번길 14-3,,36.36200863,127.4243429,,,042-608-5205,대전광역시 대덕구청,2025-11-13
중리동376,1,대전광역시 대덕구 중리로31번길 14-13,,36.36248095,127.4243143,,,042-608-5205,대전광역시 대덕구청,2025-11-13
중리동377,1,대전광역시 대덕구 중리로43번길 15,,36.36276578,127.424298,,,042-608-5205,대전광역시 대덕구청,2025-11-13
중리동378,1,대전광역시 대덕구 중리로43번길 14-5,,36.36315149,127.4242956,,,042-608-5205,대전광역시 대덕구청,2025-11-13
대화동038,1,대전광역시 대덕구 대화15길 37,,36.36446716,127.4171405,,,042-608-5205,대전광역시 대덕구청,2025-11-13
덕암동002,1,대전광역시 대덕구 덕암북로96번길 74,,36.44004064,127.425847,,,042-608-5205,대전광역시 대덕구청,2025-11-13
중리동379,1,,대전광역시 대덕구 중리동 383-7,,,,,042-608-5205,대전광역시 대덕구청,2025-11-13
중리동380,1,대전광역시 대덕구 중리로43번길 14-19,,36.36375717,127.4242677,,,042-608-5205,대전광역시 대덕구청,2025-11-13
중리동381,1,대전광역시 대덕구 중리로53번길 14-1,,36.36393766,127.4241974,,,042-608-5205,대전광역시 대덕구청,2025-11-13
중리동382,1,대전광역시 대덕구 중리로53번길 14-11,,36.36437729,127.4242354,,,042-608-5205,대전광역시 대덕구청,2025-11-13
중리동383,1,,대전광역시 대덕구 중리동 377-5,,,,,042-608-5205,대전광역시 대덕구청,2025-11-13
중리동384,1,대전광역시 대덕구 한밭대로1129번길 140,,36.3652833,127.4238883,,,042-608-5205,대전광역시 대덕구청,2025-11-13
중리동385,1,대전광역시 대덕구 한밭대로1129번길 134,,,,,,042-608-5205,대전광역시 대덕구청,2025-11-13
중리동386,1,대전광역시 대덕구 중리로63번길 19,,36.36466675,127.4239295,,,042-608-5205,대전광역시 대덕구청,2025-11-13
중리동387,1,대전광역시 대덕구 중리로53번길 20-16,,36.36453635,127.424107,,,042-608-5205,대전광역시 대덕구청,2025-11-13
중리동388,1,대전광역시 대덕구 중리로53번길 20-3,,36.3640611,127.4239485,,,042-608-5205,대전광역시 대덕구청,2025-11-13
덕암동003,1,대전광역시 대덕구 덕암로234번길 34,,36.44059133,127.4260775,,,042-608-5205,대전광역시 대덕구청,2025-11-13
중리동389,1,대전광역시 대덕구 중리로53번길 22,,36.36392801,127.4238675,,,042-608-5205,대전광역시 대덕구청,2025-11-13
중리동390,1,대전광역시 대덕구 중리로43번길 20-16,,36.36360263,127.4241376,,,042-608-5205,대전광역시 대덕구청,2025-11-13
중리동391,1,대전광역시 대덕구 중리로43번길 20-9,,36.36329319,127.4239779,,,042-608-5205,대전광역시 대덕구청,2025-11-13
중리동392,1,대전광역시 대덕구 중리로43번길 20-1,,36.36299753,127.4240006,,,042-608-5205,대전광역시 대덕구청,2025-11-13
중리동393,1,대전광역시 대덕구 중리로31번길 20-15,,36.36261901,127.4240075,,,042-608-5205,대전광역시 대덕구청,2025-11-13
중리동394,1,대전광역시 대덕구 중리로31번길 20-10,,36.36232634,127.424202,,,042-608-5205,대전광역시 대덕구청,2025-11-13
중리동395,1,대전광역시 대덕구 한밭대로1129번길 62,,36.36178306,127.4239138,,,042-608-5205,대전광역시 대덕구청,2025-11-13
중리동396,1,대전광역시 대덕구 한밭대로1129번길 5,,36.35928194,127.4237621,,,042-608-5205,대전광역시 대덕구청,2025-11-13
중리동397,1,대전광역시 대덕구 한밭대로1129번길 26,,36.36019673,127.4239899,,,042-608-5205,대전광역시 대덕구청,2025-11-13
중리동398,1,대전광역시 대덕구 한밭대로1129번길 32,,36.36047768,127.4240494,,,042-608-5205,대전광역시 대덕구청,2025-11-13
덕암동004,1,대전광역시 대덕구 덕암로234번길 43,,36.44067541,127.4267561,,,042-608-5205,대전광역시 대덕구청,2025-11-13
중리동399,1,대전광역시 대덕구 한밭대로1129번길 43,,36.36099811,127.4236689,,,042-608-5205,대전광역시 대덕구청,2025-11-13
중리동400,1,대전광역시 대덕구 한밭대로1129번길 45,,36.36109186,127.4236605,,,042-608-5205,대전광역시 대덕구청,2025-11-13
중리동401,1,대전광역시 대덕구 한밭대로1129번길 47-1,,36.36121519,127.4234428,,,042-608-5205,대전광역시 대덕구청,2025-11-13
중리동402,1,대전광역시 대덕구 한밭대로1129번길 54,,36.36148737,127.4239434,,,042-608-5205,대전광역시 대덕구청,2025-11-13
중리동403,1,대전광역시 대덕구 중리서로34번길 36,,36.36131251,127.4234433,,,042-608-5205,대전광역시 대덕구청,2025-11-13
중리동404,1,,대전광역시 대덕구 중리동 398-4,,,,,042-608-5205,대전광역시 대덕구청,2025-11-13
중리동405,1,대전광역시 대덕구 중리서로34번길 22,,36.36128664,127.4226053,,,042-608-5205,대전광역시 대덕구청,2025-11-13
중리동406,1,대전광역시 대덕구 한밭대로1129번길 57-20,,36.36167895,127.4227768,,,042-608-5205,대전광역시 대덕구청,2025-11-13
중리동407,1,대전광역시 대덕구 한밭대로1129번길 57-10,,36.36168815,127.4232314,,,042-608-5205,대전광역시 대덕구청,2025-11-13
중리동408,1,대전광역시 대덕구 한밭대로1129번길 59,,36.36170815,127.4236906,,,042-608-5205,대전광역시 대덕구청,2025-11-13
덕암동005,1,대전광역시 대덕구 덕암로234번길 44,,36.44018594,127.4265437,,,042-608-5205,대전광역시 대덕구청,2025-11-13
중리동409,1,대전광역시 대덕구 한밭대로1129번길 61,,36.3618056,127.4236555,,,042-608-5205,대전광역시 대덕구청,2025-11-13
중리동410,1,대전광역시 대덕구 한밭대로1129번길 70,,36.3621688,127.4239026,,,042-608-5205,대전광역시 대덕구청,2025-11-13
중리동411,1,대전광역시 대덕구 한밭대로1129번길 67,,36.36206163,127.4236301,,,042-608-5205,대전광역시 대덕구청,2025-11-13
중리동412,1,대전광역시 대덕구 한밭대로1129번길 76,,36.36247162,127.4238953,,,042-608-5205,대전광역시 대덕구청,2025-11-13
중리동413,1,대전광역시 대덕구 한밭대로1129번길 84,,36.36276726,127.4238791,,,042-608-5205,대전광역시 대덕구청,2025-11-13
중리동414,1,대전광역시 대덕구 한밭대로1129번길 94,,36.36327199,127.4238595,,,042-608-5205,대전광역시 대덕구청,2025-11-13
중리동415,1,대전광역시 대덕구 한밭대로1129번길 102,,36.36360006,127.4238479,,,042-608-5205,대전광역시 대덕구청,2025-11-13
중리동416,1,대전광역시 대덕구 한밭대로1129번길 112,,36.3640255,127.4238235,,,042-608-5205,대전광역시 대덕구청,2025-11-13
중리동417,1,,대전광역시 대덕구 중리동 378-12,,,,,042-608-5205,대전광역시 대덕구청,2025-11-13
중리동418,1,대전광역시 대덕구 한밭대로1129번길 122,,36.36450861,127.4237994,,,042-608-5205,대전광역시 대덕구청,2025-11-13
덕암동006,1,대전광역시 대덕구 덕암북로96번길 58,,36.44086121,127.4262084,,,042-608-5205,대전광역시 대덕구청,2025-11-13
중리동419,1,대전광역시 대덕구 한밭대로1129번길 133,,36.36506086,127.4235929,,,042-608-5205,대전광역시 대덕구청,2025-11-13
중리동420,1,대전광역시 대덕구 한밭대로1129번길 135,,36.36515088,127.4236201,,,042-608-5205,대전광역시 대덕구청,2025-11-13
중리동421,1,대전광역시 대덕구 한밭대로1129번길 135,,36.36515088,127.4236201,,,042-608-5205,대전광역시 대덕구청,2025-11-13
중리동422,1,대전광역시 대덕구 중리로63번길 36-13,,36.3655524,127.4232256,,,042-608-5205,대전광역시 대덕구청,2025-11-13
중리동423,1,대전광역시 대덕구 중리로63번길 36-11,,36.36541191,127.4231981,,,042-608-5205,대전광역시 대덕구청,2025-11-13
중리동424,1,대전광역시 대덕구 중리로63번길 34,,36.36499718,127.4232538,,,042-608-5205,대전광역시 대덕구청,2025-11-13
중리동425,1,대전광역시 대덕구 한밭대로1111번길 144,,36.36461798,127.4234523,,,042-608-5205,대전광역시 대덕구청,2025-11-13
중리동426,1,,대전광역시 대덕구 중리동 378-12,,,,,042-608-5205,대전광역시 대덕구청,2025-11-13
중리동427,1,,대전광역시 대덕구 중리동 378-12,,,,,042-608-5205,대전광역시 대덕구청,2025-11-13
중리동428,1,대전광역시 대덕구 한밭대로1111번길 122,,36.36367464,127.4231441,,,042-608-5205,대전광역시 대덕구청,2025-11-13
덕암동007,1,대전광역시 대덕구 덕암로234번길 23,,36.44126514,127.4261481,,,042-608-5205,대전광역시 대덕구청,2025-11-13
중리동429,1,대전광역시 대덕구 한밭대로1111번길 116,,36.36347302,127.4230762,,,042-608-5205,대전광역시 대덕구청,2025-11-13
중리동430,1,대전광역시 대덕구 한밭대로1111번길 110,,36.36319223,127.4229722,,,042-608-5205,대전광역시 대덕구청,2025-11-13
중리동431,1,대전광역시 대덕구 중리로43번길 38-4,,36.36296808,127.4231581,,,042-608-5205,대전광역시 대덕구청,2025-11-13
중리동432,1,대전광역시 대덕구 중리로43번길 38-10,,36.36327398,127.423298,,,042-608-5205,대전광역시 대덕구청,2025-11-13
중리동433,1,대전광역시 대덕구 중리로43번길 38-24,,36.3637744,127.4234745,,,042-608-5205,대전광역시 대덕구청,2025-11-13
중리동434,1,대전광역시 대덕구 중리로43번길 32-5,,36.36310082,127.4233371,,,042-608-5205,대전광역시 대덕구청,2025-11-13
중리동435,1,대전광역시 대덕구 중리로43번길 31,,36.36278342,127.4233889,,,042-608-5205,대전광역시 대덕구청,2025-11-13
중리동436,1,대전광역시 대덕구 한밭대로1111번길 100,,36.36276383,127.4228139,,,042-608-5205,대전광역시 대덕구청,2025-11-13
중리동437,1,대전광역시 대덕구 한밭대로1111번길 94,,36.36252613,127.4227546,,,042-608-5205,대전광역시 대덕구청,2025-11-13
중리동438,1,대전광역시 대덕구 한밭대로1129번길 79-8,,36.36268265,127.4233438,,,042-608-5205,대전광역시 대덕구청,2025-11-13
덕암동008,1,대전광역시 대덕구 덕암로246번길 21,,36.44244744,127.4261546,,,042-608-5205,대전광역시 대덕구청,2025-11-13
중리동439,1,,대전광역시 대덕구 중리동 393-8,,,,,042-608-5205,대전광역시 대덕구청,2025-11-13
중리동440,1,대전광역시 대덕구 한밭대로1111번길 92,,36.36242158,127.4227585,,,042-608-5205,대전광역시 대덕구청,2025-11-13
중리동441,1,대전광역시 대덕구 한밭대로1129번길 75-16,,36.36242792,127.4230037,,,042-608-5205,대전광역시 대덕구청,2025-11-13
중리동442,1,대전광역시 대덕구 한밭대로1129번길 75-5,,36.36229653,127.423462,,,042-608-5205,대전광역시 대덕구청,2025-11-13
중리동443,1,대전광역시 대덕구 한밭대로1111번길 88,,36.36222027,127.4226014,,,042-608-5205,대전광역시 대덕구청,2025-11-13
중리동444,1,대전광역시 대덕구 한밭대로1129번길 69-15,,36.36204602,127.4229481,,,042-608-5205,대전광역시 대덕구청,2025-11-13
중리동445,1,대전광역시 대덕구 한밭대로1129번길 69-10,,36.36218219,127.4231762,,,042-608-5205,대전광역시 대덕구청,2025-11-13
중리동446,1,대전광역시 대덕구 중리로31번길 47,,36.36176661,127.4224519,,,042-608-5205,대전광역시 대덕구청,2025-11-13
중리동447,1,대전광역시 대덕구 중리로31번길 37,,36.36178258,127.4230314,,,042-608-5205,대전광역시 대덕구청,2025-11-13
중리동448,1,대전광역시 대덕구 중리로31번길 33,,36.36178889,127.4232855,,,042-608-5205,대전광역시 대덕구청,2025-11-13
덕암동009,1,대전광역시 대덕구 덕암북로96번길 27,,36.44189679,127.4269234,,,042-608-5205,대전광역시 대덕구청,2025-11-13
중리동449,1,대전광역시 대덕구 중리서로 30,,36.36090544,127.4213331,,,042-608-5205,대전광역시 대덕구청,2025-11-13
중리동450,1,대전광역시 대덕구 중리서로 30,,36.36090544,127.4213331,,,042-608-5205,대전광역시 대덕구청,2025-11-13
중리동451,1,대전광역시 대덕구 중리로21번길 40-16,,36.36117909,127.4224398,,,042-608-5205,대전광역시 대덕구청,2025-11-13
중리동452,1,,대전광역시 대덕구 중리동 398-18,,,,,042-608-5205,대전광역시 대덕구청,2025-11-13
중리동453,1,대전광역시 대덕구 중리서로 30,,36.36090544,127.4213331,,,042-608-5205,대전광역시 대덕구청,2025-11-13
중리동454,1,대전광역시 대덕구 중리로21번길 52,,36.36095208,127.4224163,,,042-608-5205,대전광역시 대덕구청,2025-11-13
중리동455,1,대전광역시 대덕구 중리로21번길 46,,36.36096571,127.4226392,,,042-608-5205,대전광역시 대덕구청,2025-11-13
중리동456,1,대전광역시 대덕구 중리로21번길 39,,36.36075897,127.4229991,,,042-608-5205,대전광역시 대덕구청,2025-11-13
중리동457,1,대전광역시 대덕구 한밭대로1117번길 39,,36.36077513,127.4225045,,,042-608-5205,대전광역시 대덕구청,2025-11-13
중리동458,1,대전광역시 대덕구 한밭대로1117번길 35-6,,36.36064956,127.4223389,,,042-608-5205,대전광역시 대덕구청,2025-11-13
덕암동010,1,대전광역시 대덕구 덕암로246번길 21,,36.44244744,127.4261546,,,042-608-5205,대전광역시 대덕구청,2025-11-13
중리동459,1,대전광역시 대덕구 한밭대로1117번길 34,,36.36051091,127.4228106,,,042-608-5205,대전광역시 대덕구청,2025-11-13
중리동460,1,대전광역시 대덕구 한밭대로1117번길 29-9,,36.36018138,127.4222161,,,042-608-5205,대전광역시 대덕구청,2025-11-13
중리동461,1,대전광역시 대덕구 중리서로 30,,36.36090544,127.4213331,,,042-608-5205,대전광역시 대덕구청,2025-11-13
중리동462,1,대전광역시 대덕구 한밭대로1111번길33,,36.35997112,127.4215331,,,042-608-5205,대전광역시 대덕구청,2025-11-13
중리동463,1,대전광역시 대덕구 중리로7번길 55,,36.3595577,127.422235,,,042-608-5205,대전광역시 대덕구청,2025-11-13
중리동464,1,대전광역시 대덕구 한밭대로1117번길 17,,36.35974766,127.4225435,,,042-608-5205,대전광역시 대덕구청,2025-11-13
중리동465,1,대전광역시 대덕구 한밭대로1117번길 18,,36.35977568,127.4227754,,,042-608-5205,대전광역시 대덕구청,2025-11-13
중리동466,1,대전광역시 대덕구 한밭대로1117번길 26,,36.36011456,127.4227639,,,042-608-5205,대전광역시 대덕구청,2025-11-13
중리동467,1,대전광역시 대덕구 한밭대로1117번길 21-8,,36.36005163,127.4222109,,,042-608-5205,대전광역시 대덕구청,2025-11-13
중리동468,1,대전광역시 대덕구 한밭대로1117번길 21-12,,36.35991917,127.4219517,,,042-608-5205,대전광역시 대덕구청,2025-11-13
덕암동011,1,대전광역시 대덕구 덕암로246번길 21,,36.44244744,127.4261546,,,042-608-5205,대전광역시 대덕구청,2025-11-13
중리동469,1,대전광역시 대덕구 한밭대로1117번길 8,,36.35925657,127.422786,,,042-608-5205,대전광역시 대덕구청,2025-11-13
중리동470,1,대전광역시 대덕구 중리로7번길 37,,36.35956543,127.4231085,,,042-608-5205,대전광역시 대덕구청,2025-11-13
중리동471,1,대전광역시 대덕구 중리로7번길 32,,36.35979459,127.4235421,,,042-608-5205,대전광역시 대덕구청,2025-11-13
중리동472,1,,대전광역시 대덕구 중리동 398-18,,,,,042-608-5205,대전광역시 대덕구청,2025-11-13
중리동473,1,대전광역시 대덕구 중리로21번길 33,,36.36073593,127.4233956,,,042-608-5205,대전광역시 대덕구청,2025-11-13
중리동474,1,대전광역시 대덕구 중리로7번길 36-14,,36.36024914,127.423442,,,042-608-5205,대전광역시 대덕구청,2025-11-13
중리동475,1,대전광역시 대덕구 중리로7번길 36-8,,36.3599679,127.4234628,,,042-608-5205,대전광역시 대덕구청,2025-11-13
중리동476,1,대전광역시 대덕구 중리로7번길 36-10,,36.36010139,127.4234278,,,042-608-5205,대전광역시 대덕구청,2025-11-13
중리동477,1,대전광역시 대덕구 중리로7번길 42-12,,36.36012076,127.4230491,,,042-608-5205,대전광역시 대덕구청,2025-11-13
중리동478,1,대전광역시 대덕구 한밭대로111길,,,,,,042-608-5205,대전광역시 대덕구청,2025-11-13
대화동003,1,,대전광역시 대덕구 대화동 35-328,,,,,042-608-5205,대전광역시 대덕구청,2025-11-13
대화동039,1,대전광역시 대덕구 대화14길 72,,36.36464983,127.4174757,,,042-608-5205,대전광역시 대덕구청,2025-11-13
덕암동012,1,대전광역시 대덕구 덕암북로96번길 18,,36.44251738,127.4267573,,,042-608-5205,대전광역시 대덕구청,2025-11-13
중리동479,1,대전광역시 대덕구 한밭대로111길8-18,,,,,,042-608-5205,대전광역시 대덕구청,2025-11-13
중리동480,1,,대전광역시 대덕구 중리동 435-1,,,,,042-608-5205,대전광역시 대덕구청,2025-11-13
중리동481,1,,대전광역시 대덕구 중리동 435-1,,,,,042-608-5205,대전광역시 대덕구청,2025-11-13
중리동482,1,대전광역시 대덕구 한밭대로1101번길 24,,36.35989608,127.4213455,,,042-608-5205,대전광역시 대덕구청,2025-11-13
중리동483,1,대전광역시 대덕구 중리로7번길 80,,36.35988317,127.4209176,,,042-608-5205,대전광역시 대덕구청,2025-11-13
중리동484,1,대전광역시 대덕구 한밭대로1101번길 12,,36.35946047,127.4211871,,,042-608-5205,대전광역시 대덕구청,2025-11-13
중리동485,1,대전광역시 대덕구 한밭대로 1103,,36.35913615,127.4211586,,,042-608-5205,대전광역시 대덕구청,2025-11-13
중리동486,1,대전광역시 대덕구 한밭대로1101번길 5,,36.35919856,127.4208381,,,042-608-5205,대전광역시 대덕구청,2025-11-13
중리동487,1,대전광역시 대덕구 한밭대로 1107,,36.35915323,127.4214261,,,042-608-5205,대전광역시 대덕구청,2025-11-13
중리동488,1,대전광역시 대덕구 한밭대로 1109,,36.35911263,127.4216933,,,042-608-5205,대전광역시 대덕구청,2025-11-13
덕암동013,1,대전광역시 대덕구 덕암북로96번길 12,,36.44268933,127.4270571,,,042-608-5205,대전광역시 대덕구청,2025-11-13
중리동489,1,대전광역시 대덕구 한밭대로 1111,,36.35911575,127.4218315,,,042-608-5205,대전광역시 대덕구청,2025-11-13
중리동490,1,대전광역시 대덕구 중리로7번길 69,,36.35957152,127.4213838,,,042-608-5205,대전광역시 대덕구청,2025-11-13
중리동491,1,대전광역시 대덕구 한밭대로1111번길 103,,36.36296629,127.4226456,,,042-608-5205,대전광역시 대덕구청,2025-11-13
중리동492,1,대전광역시 대덕구 중리로43번길 50-11,,36.36345001,127.4224476,,,042-608-5205,대전광역시 대덕구청,2025-11-13
중리동493,1,대전광역시 대덕구 중리로43번길 50-23,,36.36396129,127.4226153,,,042-608-5205,대전광역시 대덕구청,2025-11-13
중리동494,1,대전광역시 대덕구 중리로53번길 42-5,,36.36432836,127.4227867,,,042-608-5205,대전광역시 대덕구청,2025-11-13
중리동495,1,,대전광역시 대덕구 중리동 378-26,,,,,042-608-5205,대전광역시 대덕구청,2025-11-13
중리동496,1,대전광역시 대덕구 중리로43번길 47,,36.36282999,127.4224532,,,042-608-5205,대전광역시 대덕구청,2025-11-13
중리동497,1,대전광역시 대덕구 중리로43번길 49-15,,36.36244848,127.4222862,,,042-608-5205,대전광역시 대덕구청,2025-11-13
중리동498,1,대전광역시 대덕구 중리서로 36,,36.36167491,127.421881,,,042-608-5205,대전광역시 대덕구청,2025-11-13
덕암동014,1,대전광역시 대덕구 덕암로258번길 30,,36.44288892,127.4266835,,,042-608-5205,대전광역시 대덕구청,2025-11-13
중리동499,1,대전광역시 대덕구 중리서로 1,,36.35913938,127.4202406,,,042-608-5205,대전광역시 대덕구청,2025-11-13
중리동500,1,대전광역시 대덕구 한밭대로 1095,,36.35912202,127.4200533,,,042-608-5205,대전광역시 대덕구청,2025-11-13
중리동501,1,,대전광역시 대덕구 중리동 278-23,,,,,042-608-5205,대전광역시 대덕구청,2025-11-13
중리동502,1,,대전광역시 대덕구 중리동 355-9,,,,,042-608-5205,대전광역시 대덕구청,2025-11-13
중리동503,1,,대전광역시 대덕구 중리동 355-9,,,,,042-608-5205,대전광역시 대덕구청,2025-11-13
중리동504,1,,대전광역시 대덕구 중리동 355-9,,,,,042-608-5205,대전광역시 대덕구청,2025-11-13
중리동505,1,,대전광역시 대덕구 중리동 355-9,,,,,042-608-5205,대전광역시 대덕구청,2025-11-13
중리동506,1,,대전광역시 대덕구 중리동 355-9,,,,,042-608-5205,대전광역시 대덕구청,2025-11-13
중리동507,1,,대전광역시 대덕구 중리동 355-9,,,,,042-608-5205,대전광역시 대덕구청,2025-11-13
중리동508,1,대전광역시 대덕구 한밭대로1087번길 58,,36.36112817,127.4205232,,,042-608-5205,대전광역시 대덕구청,2025-11-13
덕암동015,1,대전광역시 대덕구 덕암로258번길 21,,36.44326073,127.4265338,,,042-608-5205,대전광역시 대덕구청,2025-11-13
중리동509,1,대전광역시 대덕구 중리서로3번길 49,,36.36103099,127.4204825,,,042-608-5205,대전광역시 대덕구청,2025-11-13
중리동510,1,대전광역시 대덕구 중리서로3번길 41,,36.36072145,127.4203516,,,042-608-5205,대전광역시 대덕구청,2025-11-13
중리동511,1,대전광역시 대덕구 중리서로3번길 35,,36.36039382,127.4202384,,,042-608-5205,대전광역시 대덕구청,2025-11-13
중리동512,1,대전광역시 대덕구 중리서로3번길 29,,36.36020306,127.4201572,,,042-608-5205,대전광역시 대덕구청,2025-11-13
중리동513,1,대전광역시 대덕구 중리서로3번길 27,,36.36008783,127.4201209,,,042-608-5205,대전광역시 대덕구청,2025-11-13
중리동514,1,대전광역시 대덕구 중리서로3번길 28,,36.36001117,127.4203968,,,042-608-5205,대전광역시 대덕구청,2025-11-13
중리동515,1,대전광역시 대덕구 중리서로3번길 23,,36.35990422,127.4200575,,,042-608-5205,대전광역시 대덕구청,2025-11-13
중리동516,1,대전광역시 대덕구 중리서로3번길 15,,36.3595622,127.4199354,,,042-608-5205,대전광역시 대덕구청,2025-11-13
중리동517,1,대전광역시 대덕구 중리서로41번길 20,,36.36306013,127.4215898,,,042-608-5205,대전광역시 대덕구청,2025-11-13
중리동518,1,대전광역시 대덕구 중리서로41번길 28,,36.36337328,127.4217208,,,042-608-5205,대전광역시 대덕구청,2025-11-13
덕암동016,1,대전광역시 대덕구 덕암로258번길 11,,36.44340286,127.4261018,,,042-608-5205,대전광역시 대덕구청,2025-11-13
중리동519,1,대전광역시 대덕구 중리서로41번길 36,,36.36378364,127.4218834,,,042-608-5205,대전광역시 대덕구청,2025-11-13
중리동520,1,대전광역시 대덕구 중리서로41번길 44,,36.36406444,127.4219875,,,042-608-5205,대전광역시 대덕구청,2025-11-13
중리동521,1,대전광역시 대덕구 중리서로41번길 49,,36.36436376,127.421949,,,042-608-5205,대전광역시 대덕구청,2025-11-13
중리동522,1,대전광역시 대덕구 중리서로41번길 56,,36.36458626,127.4222309,,,042-608-5205,대전광역시 대덕구청,2025-11-13
중리동523,1,대전광역시 대덕구 중리서로41번길 67,,36.36520233,127.4223234,,,042-608-5205,대전광역시 대덕구청,2025-11-13
중리동524,1,대전광역시 대덕구 중리로43번길 49-12,,36.36248162,127.4220903,,,042-608-5205,대전광역시 대덕구청,2025-11-13
중리동525,1,대전광역시 대덕구 한밭대로 1084,,36.35842329,127.4188597,,,042-608-5205,대전광역시 대덕구청,2025-11-13
중리동526,1,대전광역시 대덕구 홍도로129번길 142,,36.35765387,127.4193235,,,042-608-5205,대전광역시 대덕구청,2025-11-13
중리동527,1,대전광역시 대덕구 한밭대로1114번길 34-8,,36.35715496,127.4217853,,,042-608-5205,대전광역시 대덕구청,2025-11-13
중리동528,1,대전광역시 대덕구 홍도로135번길 137,,36.35794918,127.4194008,,,042-608-5205,대전광역시 대덕구청,2025-11-13
덕암동017,1,대전광역시 대덕구 덕암로258번길 10-2,,36.44294321,127.425613,,,042-608-5205,대전광역시 대덕구청,2025-11-13
중리동529,1,대전광역시 대덕구 홍도로129번길142,,36.35765387,127.4193235,,,042-608-5205,대전광역시 대덕구청,2025-11-13
중리동530,1,,대전광역시 대덕구 중리동 산 15-1,,,,,042-608-5205,대전광역시 대덕구청,2025-11-13
중리동531,1,대전광역시 대덕구 홍도로135번길 138,,36.35813297,127.4194152,,,042-608-5205,대전광역시 대덕구청,2025-11-13
중리동532,1,대전광역시 대덕구 홍도로135번길 121,,36.35766285,127.4198449,,,042-608-5205,대전광역시 대덕구청,2025-11-13
중리동533,1,대전광역시 대덕구 홍도로135번길 121,,36.35766285,127.4198449,,,042-608-5205,대전광역시 대덕구청,2025-11-13
중리동534,1,대전광역시 대덕구 홍도로135번길 121,,36.35766285,127.4198449,,,042-608-5205,대전광역시 대덕구청,2025-11-13
중리동535,1,대전광역시 대덕구 한밭대로1098번길 6,,36.35838542,127.4204059,,,042-608-5205,대전광역시 대덕구청,2025-11-13
중리동536,1,대전광역시 대덕구 한밭대로1098번길 22,,36.35766105,127.4203574,,,042-608-5205,대전광역시 대덕구청,2025-11-13
중리동537,1,대전광역시 대덕구 홍도로135번길 111,,36.35793757,127.4206531,,,042-608-5205,대전광역시 대덕구청,2025-11-13
중리동538,1,대전광역시 대덕구 홍도로135번길 111,,36.35793757,127.4206531,,,042-608-5205,대전광역시 대덕구청,2025-11-13
덕암동018,1,대전광역시 대덕구 덕암로258번길 14,,36.44306441,127.4259929,,,042-608-5205,대전광역시 대덕구청,2025-11-13
중리동539,1,대전광역시 대덕구 홍도로135번길 97,,36.3580097,127.4216651,,,042-608-5205,대전광역시 대덕구청,2025-11-13
중리동540,1,대전광역시 대덕구 한밭대로1114번길 16,,36.35802264,127.4220841,,,042-608-5205,대전광역시 대덕구청,2025-11-13
중리동541,1,대전광역시 대덕구 한밭대로 1114,,36.35848038,127.422101,,,042-608-5205,대전광역시 대덕구청,2025-11-13
중리동542,1,대전광역시 대덕구 한밭대로1114번길 18,,36.35788927,127.4220834,,,042-608-5205,대전광역시 대덕구청,2025-11-13
중리동543,1,대전광역시 대덕구 한밭대로1114번길 34-8,,36.35715496,127.4217853,,,042-608-5205,대전광역시 대덕구청,2025-11-13
중리동544,1,대전광역시 대덕구 홍도로135번길 111,,36.35793757,127.4206531,,,042-608-5205,대전광역시 대덕구청,2025-11-13
중리동545,1,대전광역시 대덕구 홍도로129번길 93,,36.35744985,127.4219829,,,042-608-5205,대전광역시 대덕구청,2025-11-13
중리동546,1,대전광역시 대덕구 한밭대로1114번길 34-6,,36.35717947,127.4219904,,,042-608-5205,대전광역시 대덕구청,2025-11-13
중리동547,1,대전광역시 대덕구 한밭대로1114번길33,,36.35718525,127.422396,,,042-608-5205,대전광역시 대덕구청,2025-11-13
중리동548,1,대전광역시 대덕구 한밭대로1114번길27,,36.35740135,127.4224462,,,042-608-5205,대전광역시 대덕구청,2025-11-13
덕암동019,1,대전광역시 대덕구 덕암로246번길 15-15,,36.44273352,127.4257859,,,042-608-5205,대전광역시 대덕구청,2025-11-13
중리동549,1,대전광역시 대덕구 홍도로129번길 83,,36.3575311,127.4224513,,,042-608-5205,대전광역시 대덕구청,2025-11-13
중리동550,1,대전광역시 대덕구 홍도로129번길 77,,36.3575189,127.4228434,,,042-608-5205,대전광역시 대덕구청,2025-11-13
중리동551,1,대전광역시 대덕구 홍도로129번길 74,,36.35781741,127.4230367,,,042-608-5205,대전광역시 대덕구청,2025-11-13
중리동552,1,대전광역시 대덕구 홍도로129번길 67,,36.35754951,127.4233605,,,042-608-5205,대전광역시 대덕구청,2025-11-13
중리동553,1,대전광역시 대덕구 홍도로135번길 73,,36.35803738,127.4230111,,,042-608-5205,대전광역시 대덕구청,2025-11-13
중리동554,1,대전광역시 대덕구 한밭대로1114번길 33-3,,36.35718131,127.4224895,,,042-608-5205,대전광역시 대덕구청,2025-11-13
중리동555,1,대전광역시 대덕구 한밭대로1114번길 33-7,,36.35724892,127.4227395,,,042-608-5205,대전광역시 대덕구청,2025-11-13
중리동556,1,대전광역시 대덕구 한밭대로1114번길 33-11,,36.35720149,127.4228996,,,042-608-5205,대전광역시 대덕구청,2025-11-13
중리동557,1,대전광역시 대덕구 한밭대로1114번길 33-19,,36.35719639,127.423323,,,042-608-5205,대전광역시 대덕구청,2025-11-13
중리동558,1,대전광역시 대덕구 한밭대로1130번길 22,,36.35772072,127.423874,,,042-608-5205,대전광역시 대덕구청,2025-11-13
덕암동020,1,대전광역시 대덕구 덕암로246번길 15-5,,36.44223732,127.4254396,,,042-608-5205,대전광역시 대덕구청,2025-11-13
중리동559,1,대전광역시 대덕구 홍도로129번길 56,,36.35772709,127.4241102,,,042-608-5205,대전광역시 대덕구청,2025-11-13
중리동560,1,대전광역시 대덕구 홍도로129번길 54,,36.35774824,127.424244,,,042-608-5205,대전광역시 대덕구청,2025-11-13
중리동561,1,대전광역시 대덕구 홍도로129번길 44,,36.35775377,127.4247164,,,042-608-5205,대전광역시 대덕구청,2025-11-13
중리동562,1,대전광역시 대덕구 홍도로129번길 42,,36.35774963,127.4248679,,,042-608-5205,대전광역시 대덕구청,2025-11-13
중리동563,1,대전광역시 대덕구 홍도로129번길 34,,36.3577701,127.4251934,,,042-608-5205,대전광역시 대덕구청,2025-11-13
중리동564,1,대전광역시 대덕구 한밭대로1146번길 46,,36.35658769,127.4252137,,,042-608-5205,대전광역시 대덕구청,2025-11-13
중리동565,1,대전광역시 대덕구 홍도로135번길 63,,36.35798838,127.4236169,,,042-608-5205,대전광역시 대덕구청,2025-11-13
중리동566,1,대전광역시 대덕구 한밭대로1130번길 17,,36.35793973,127.4241203,,,042-608-5205,대전광역시 대덕구청,2025-11-13
중리동567,1,대전광역시 대덕구 한밭대로1130번길 15,,36.35806594,127.4241076,,,042-608-5205,대전광역시 대덕구청,2025-11-13
중리동568,1,대전광역시 대덕구 홍도로135번길 43,,36.35808956,127.4245623,,,042-608-5205,대전광역시 대덕구청,2025-11-13
덕암동021,1,대전광역시 대덕구 덕암로246번길 15-5,,36.44223732,127.4254396,,,042-608-5205,대전광역시 대덕구청,2025-11-13
중리동569,1,대전광역시 대덕구 홍도로135번길 35,,36.35804435,127.4251102,,,042-608-5205,대전광역시 대덕구청,2025-11-13
중리동570,1,대전광역시 대덕구 홍도로135번길 35,,36.35804435,127.4251102,,,042-608-5205,대전광역시 대덕구청,2025-11-13
중리동571,1,,대전광역시 대덕구 중리동 236-2,,,,,042-608-5205,대전광역시 대덕구청,2025-11-13
중리동572,1,대전광역시 대덕구 한밭대로1146번길 14,,36.35812181,127.4256276,,,042-608-5205,대전광역시 대덕구청,2025-11-13
중리동573,1,대전광역시 대덕구 한밭대로1146번길 22,,36.35776847,127.4256524,,,042-608-5205,대전광역시 대덕구청,2025-11-13
중리동574,1,대전광역시 대덕구 한밭대로1146번길 46,,36.35658769,127.4252137,,,042-608-5205,대전광역시 대덕구청,2025-11-13
중리동575,1,대전광역시 대덕구 한밭대로1146번길 46,,36.35658769,127.4252137,,,042-608-5205,대전광역시 대덕구청,2025-11-13
중리동576,1,대전광역시 대덕구 한밭대로1146번길 46,,36.35658769,127.4252137,,,042-608-5205,대전광역시 대덕구청,2025-11-13
중리동577,1,대전광역시 대덕구 한밭대로1146번길 46,,36.35658769,127.4252137,,,042-608-5205,대전광역시 대덕구청,2025-11-13
중리동578,1,대전광역시 대덕구 한밭대로1146번길 46,,36.35658769,127.4252137,,,042-608-5205,대전광역시 대덕구청,2025-11-13
대화동040,1,대전광역시 대덕구 대화14길 9,,36.3644512,127.4175816,,,042-608-5205,대전광역시 대덕구청,2025-11-13
덕암동022,1,대전광역시 대덕구 덕암로246번길 15-5,,36.44223732,127.4254396,,,042-608-5205,대전광역시 대덕구청,2025-11-13
중리동579,1,대전광역시 대덕구 한밭대로1146번길 46,,36.35658769,127.4252137,,,042-608-5205,대전광역시 대덕구청,2025-11-13
중리동580,1,대전광역시 대덕구 홍도로113번길 57,,36.35606863,127.4241948,,,042-608-5205,대전광역시 대덕구청,2025-11-13
중리동581,1,대전광역시 대덕구 홍도로113번길 63,,36.35593166,127.4241941,,,042-608-5205,대전광역시 대덕구청,2025-11-13
중리동582,1,대전광역시 대덕구 홍도로113번길 71,,36.35578021,127.4242066,,,042-608-5205,대전광역시 대덕구청,2025-11-13
중리동583,1,대전광역시 대덕구 홍도로113번길 69,,36.35576888,127.4243536,,,042-608-5205,대전광역시 대덕구청,2025-11-13
중리동584,1,대전광역시 대덕구 홍도로99번길 65,,36.35575694,127.4246699,,,042-608-5205,대전광역시 대덕구청,2025-11-13
중리동585,1,대전광역시 대덕구 홍도로99번길 71,,36.35593358,127.4246664,,,042-608-5205,대전광역시 대덕구청,2025-11-13
중리동586,1,대전광역시 대덕구 홍도로99번길 60,,36.35553978,127.4249183,,,042-608-5205,대전광역시 대덕구청,2025-11-13
중리동587,1,대전광역시 대덕구 홍도로113번길 31,,36.35601643,127.4256963,,,042-608-5205,대전광역시 대덕구청,2025-11-13
중리동588,1,대전광역시 대덕구 홍도로113번길 26,,36.35625707,127.4259428,,,042-608-5205,대전광역시 대덕구청,2025-11-13
덕암동023,1,대전광역시 대덕구 덕암로246번길 21,,36.44244744,127.4261546,,,042-608-5205,대전광역시 대덕구청,2025-11-13
중리동589,1,대전광역시 대덕구 홍도로113번길22,,36.3562956,127.4262549,,,042-608-5205,대전광역시 대덕구청,2025-11-13
중리동590,1,대전광역시 대덕구 홍도로113번길 14,,36.35626924,127.4265712,,,042-608-5205,대전광역시 대덕구청,2025-11-13
중리동591,1,대전광역시 대덕구 홍도로99번길 36,,36.35549708,127.4257737,,,042-608-5205,대전광역시 대덕구청,2025-11-13
중리동592,1,대전광역시 대덕구 홍도로99번길 36,,36.35549708,127.4257737,,,042-608-5205,대전광역시 대덕구청,2025-11-13
중리동593,1,대전광역시 대덕구 홍도로113번길 13-6,,36.35576981,127.4261184,,,042-608-5205,대전광역시 대덕구청,2025-11-13
중리동594,1,대전광역시 대덕구 홍도로113번길 13-4,,36.35581965,127.4262924,,,042-608-5205,대전광역시 대덕구청,2025-11-13
중리동595,1,대전광역시 대덕구 홍도로113번길 13-7,,36.3559437,127.4268858,,,042-608-5205,대전광역시 대덕구청,2025-11-13
중리동596,1,대전광역시 대덕구 홍도로113번길 13-11,,36.35571641,127.4269381,,,042-608-5205,대전광역시 대덕구청,2025-11-13
중리동597,1,대전광역시 대덕구 홍도로113번길 6,,36.35626773,127.4269945,,,042-608-5205,대전광역시 대덕구청,2025-11-13
중리동598,1,대전광역시 대덕구 홍도로119번길 18,,36.3568289,127.4263113,,,042-608-5205,대전광역시 대덕구청,2025-11-13
덕암동024,1,대전광역시 대덕구 덕암로246번길15-5,,36.44223732,127.4254396,,,042-608-5205,대전광역시 대덕구청,2025-11-13
중리동599,1,대전광역시 대덕구 홍도로119번길13,,,,,,042-608-5205,대전광역시 대덕구청,2025-11-13
중리동600,1,대전광역시 대덕구 홍도로119번길 10,,36.35679472,127.4267969,,,042-608-5205,대전광역시 대덕구청,2025-11-13
중리동601,1,대전광역시 대덕구 홍도로125번길 26,,36.35728791,127.4259707,,,042-608-5205,대전광역시 대덕구청,2025-11-13
중리동602,1,대전광역시 대덕구 홍도로125번길 21,,36.3570461,127.426054,,,042-608-5205,대전광역시 대덕구청,2025-11-13
중리동603,1,대전광역시 대덕구 홍도로125번길 19-1,,36.35699866,127.4262142,,,042-608-5205,대전광역시 대덕구청,2025-11-13
중리동604,1,대전광역시 대덕구 홍도로125번길 12,,36.35729732,127.4263629,,,042-608-5205,대전광역시 대덕구청,2025-11-13
중리동605,1,대전광역시 대덕구 홍도로125번길 8,,36.35741507,127.4267022,,,042-608-5205,대전광역시 대덕구청,2025-11-13
중리동606,1,대전광역시 대덕구 홍도로129번길 20,,36.35790457,127.4258983,,,042-608-5205,대전광역시 대덕구청,2025-11-13
중리동607,1,대전광역시 대덕구 홍도로129번길 20,,36.35790457,127.4258983,,,042-608-5205,대전광역시 대덕구청,2025-11-13
중리동608,1,대전광역시 대덕구 홍도로129번길 10,,36.35785505,127.4266422,,,042-608-5205,대전광역시 대덕구청,2025-11-13
덕암동025,1,대전광역시 대덕구 덕암북로96번길 22-14,,36.44277729,127.4266516,,,042-608-5205,대전광역시 대덕구청,2025-11-13
중리동609,1,대전광역시 대덕구 홍도로135번길 15,,36.35807289,127.4262067,,,042-608-5205,대전광역시 대덕구청,2025-11-13
중리동610,1,대전광역시 대덕구 홍도로135번길 9,,36.3580824,127.4265722,,,042-608-5205,대전광역시 대덕구청,2025-11-13
중리동611,1,대전광역시 대덕구 홍도로 136,,36.35810177,127.4272051,,,042-608-5205,대전광역시 대덕구청,2025-11-13
중리동612,1,대전광역시 대덕구 계족로521번길 83,,36.35815772,127.4276867,,,042-608-5205,대전광역시 대덕구청,2025-11-13
중리동613,1,대전광역시 대덕구 계족로521번길 79,,36.35790962,127.4285187,,,042-608-5205,대전광역시 대덕구청,2025-11-13
중리동614,1,대전광역시 대덕구 계족로521번길 79,,36.35790962,127.4285187,,,042-608-5205,대전광역시 대덕구청,2025-11-13
중리동615,1,대전광역시 대덕구 계족로521번길 79,,36.35790962,127.4285187,,,042-608-5205,대전광역시 대덕구청,2025-11-13
중리동616,1,대전광역시 대덕구 계족로521번길 64,,36.35839501,127.4288646,,,042-608-5205,대전광역시 대덕구청,2025-11-13
중리동617,1,대전광역시 대덕구 계족로517번길 56,,36.35801319,127.4297894,,,042-608-5205,대전광역시 대덕구청,2025-11-13
중리동618,1,대전광역시 대덕구 계족로521번길 61,,36.35815534,127.4293535,,,042-608-5205,대전광역시 대덕구청,2025-11-13
덕암동026,1,대전광역시 대덕구 덕암북로104번길 2,,36.44267963,127.4277531,,,042-608-5205,대전광역시 대덕구청,2025-11-13
중리동619,1,대전광역시 대덕구 계족로521번길 53,,36.35817183,127.4297814,,,042-608-5205,대전광역시 대덕구청,2025-11-13
중리동620,1,대전광역시 대덕구 계족로521번길 45,,36.35824648,127.4300715,,,042-608-5205,대전광역시 대덕구청,2025-11-13
중리동621,1,대전광역시 대덕구 홍도로129번길 72,,36.35770919,127.4230584,,,042-608-5205,대전광역시 대덕구청,2025-11-13
중리동622,1,대전광역시 대덕구 계족로521번길 34,,36.35846096,127.4305718,,,042-608-5205,대전광역시 대덕구청,2025-11-13
중리동623,1,대전광역시 대덕구 계족로521번길 43,,36.35813474,127.4300709,,,042-608-5205,대전광역시 대덕구청,2025-11-13
중리동624,1,대전광역시 대덕구 계족로517번길 35,,36.3577471,127.430608,,,042-608-5205,대전광역시 대덕구청,2025-11-13
중리동625,1,대전광역시 대덕구 계족로517번길 38,,36.3579209,127.430395,,,042-608-5205,대전광역시 대덕구청,2025-11-13
중리동626,1,대전광역시 대덕구 계족로517번길 52,,36.3579082,127.4299181,,,042-608-5205,대전광역시 대덕구청,2025-11-13
중리동627,1,대전광역시 대덕구 계족로517번길 56,,36.35801319,127.4297894,,,042-608-5205,대전광역시 대덕구청,2025-11-13
중리동628,1,대전광역시 대덕구 계족로517번길60,,36.35789841,127.4296328,,,042-608-5205,대전광역시 대덕구청,2025-11-13
덕암동027,1,대전광역시 대덕구 덕암북로104번길 10,,36.44238496,127.4274971,,,042-608-5205,대전광역시 대덕구청,2025-11-13
중리동629,1,대전광역시 대덕구 계족로517번길 48,,36.35790763,127.4300741,,,042-608-5205,대전광역시 대덕구청,2025-11-13
중리동630,1,대전광역시 대덕구 한밭대로1174번길 21,,36.3578858,127.4291292,,,042-608-5205,대전광역시 대덕구청,2025-11-13
중리동631,1,대전광역시 대덕구 계족로521번길 79,,36.35790962,127.4285187,,,042-608-5205,대전광역시 대덕구청,2025-11-13
중리동632,1,대전광역시 대덕구 계족로517번길 75,,36.35763584,127.4284682,,,042-608-5205,대전광역시 대덕구청,2025-11-13
중리동633,1,대전광역시 대덕구 계족로517번길 84,,36.35790437,127.4279706,,,042-608-5205,대전광역시 대덕구청,2025-11-13
중리동634,1,대전광역시 대덕구 계족로517번길90,,36.35788375,127.4276897,,,042-608-5205,대전광역시 대덕구청,2025-11-13
중리동635,1,대전광역시 대덕구 계족로517번길 92,,36.35787705,127.427547,,,042-608-5205,대전광역시 대덕구청,2025-11-13
중리동636,1,대전광역시 대덕구 계족로511번길94,,36.35744801,127.4275714,,,042-608-5205,대전광역시 대덕구청,2025-11-13
중리동637,1,대전광역시 대덕구 계족로511번길 87,,36.35709368,127.4278681,,,042-608-5205,대전광역시 대덕구청,2025-11-13
중리동638,1,대전광역시 대덕구 계족로511번길 86-1,,36.35739591,127.4280257,,,042-608-5205,대전광역시 대덕구청,2025-11-13
덕암동028,1,대전광역시 대덕구 덕암북로104번길 18,,36.44207156,127.4274419,,,042-608-5205,대전광역시 대덕구청,2025-11-13
중리동639,1,대전광역시 대덕구 계족로511번길 74,,36.3573577,127.4286316,,,042-608-5205,대전광역시 대덕구청,2025-11-13
중리동640,1,대전광역시 대덕구 한밭대로1174번길 38,,36.35719446,127.4289159,,,042-608-5205,대전광역시 대덕구청,2025-11-13
중리동641,1,대전광역시 대덕구 한밭대로1174번길 30,,36.35745406,127.4288995,,,042-608-5205,대전광역시 대덕구청,2025-11-13
중리동642,1,대전광역시 대덕구 계족로511번길 62,,36.35748138,127.429323,,,042-608-5205,대전광역시 대덕구청,2025-11-13
중리동643,1,,대전광역시 대덕구 중리동 254-8,,,,,042-608-5205,대전광역시 대덕구청,2025-11-13
중리동644,1,,대전광역시 대덕구 중리동 254-8,,,,,042-608-5205,대전광역시 대덕구청,2025-11-13
중리동645,1,대전광역시 대덕구 계족로511번길 44,,36.35743117,127.4302542,,,042-608-5205,대전광역시 대덕구청,2025-11-13
중리동646,1,대전광역시 대덕구 계족로511번길 38,,36.35740476,127.4305793,,,042-608-5205,대전광역시 대덕구청,2025-11-13
중리동647,1,대전광역시 대덕구 계족로517번길 35-1,,36.35763897,127.4306074,,,042-608-5205,대전광역시 대덕구청,2025-11-13
중리동648,1,대전광역시 대덕구 계족로511번길 37,,36.35718832,127.4306227,,,042-608-5205,대전광역시 대덕구청,2025-11-13
덕암동029,1,대전광역시 대덕구 덕암북로104번길10,,36.44238496,127.4274971,,,042-608-5205,대전광역시 대덕구청,2025-11-13
중리동649,1,대전광역시 대덕구 한밭대로1174번길 41-28,,36.35700806,127.4306306,,,042-608-5205,대전광역시 대덕구청,2025-11-13
중리동650,1,대전광역시 대덕구 한밭대로1174번길 41-24,,36.35701298,127.4302652,,,042-608-5205,대전광역시 대덕구청,2025-11-13
중리동651,1,대전광역시 대덕구 한밭대로1174번길 41-12,,36.35698891,127.4296412,,,042-608-5205,대전광역시 대덕구청,2025-11-13
중리동652,1,대전광역시 대덕구 한밭대로1174번길 41-10,,36.35698697,127.4294807,,,042-608-5205,대전광역시 대덕구청,2025-11-13
중리동653,1,대전광역시 대덕구 한밭대로1174번길 41,,36.35697365,127.4291732,,,042-608-5205,대전광역시 대덕구청,2025-11-13
중리동654,1,대전광역시 대덕구 계족로505번길 38,,36.35690354,127.4306256,,,042-608-5205,대전광역시 대덕구청,2025-11-13
중리동655,1,대전광역시 대덕구 계족로505번길48,,36.35694136,127.4301356,,,042-608-5205,대전광역시 대덕구청,2025-11-13
중리동656,1,대전광역시 대덕구 계족로505번길54,,,,,,042-608-5205,대전광역시 대덕구청,2025-11-13
중리동657,1,대전광역시 대덕구 계족로505번길 64,,36.35686189,127.429177,,,042-608-5205,대전광역시 대덕구청,2025-11-13
중리동658,1,대전광역시 대덕구 계족로505번길 67,,36.35660683,127.428935,,,042-608-5205,대전광역시 대덕구청,2025-11-13
덕암동030,1,대전광역시 대덕구 덕암북로104번길 30,,36.44144473,127.4273358,,,042-608-5205,대전광역시 대덕구청,2025-11-13
중리동659,1,대전광역시 대덕구 계족로505번길 70,,36.35684533,127.4287714,,,042-608-5205,대전광역시 대덕구청,2025-11-13
중리동660,1,대전광역시 대덕구 계족로505번길 78,,36.35693312,127.4284153,,,042-608-5205,대전광역시 대덕구청,2025-11-13
중리동661,1,대전광역시 대덕구 계족로505번길 90,,36.35689529,127.4279071,,,042-608-5205,대전광역시 대덕구청,2025-11-13
중리동662,1,대전광역시 대덕구 홍도로114번길 7,,36.35631158,127.4278371,,,042-608-5205,대전광역시 대덕구청,2025-11-13
중리동663,1,대전광역시 대덕구 계족로489번길 84-9,,36.35590414,127.427866,,,042-608-5205,대전광역시 대덕구청,2025-11-13
중리동664,1,대전광역시 대덕구 계족로489번길 84-3,,36.3557849,127.4279456,,,042-608-5205,대전광역시 대덕구청,2025-11-13
중리동665,1,대전광역시 대덕구 홍도로114번길 15,,36.35643236,127.4283324,,,042-608-5205,대전광역시 대덕구청,2025-11-13
중리동666,1,대전광역시 대덕구 홍도로114번길 20,,36.35611463,127.4284777,,,042-608-5205,대전광역시 대덕구청,2025-11-13
중리동667,1,대전광역시 대덕구 홍도로114번길 25,,36.35634787,127.4287731,,,042-608-5205,대전광역시 대덕구청,2025-11-13
중리동668,1,대전광역시 대덕구 홍도로114번길 29,,36.35645183,127.4289341,,,042-608-5205,대전광역시 대덕구청,2025-11-13
덕암동031,1,대전광역시 대덕구 덕암북로104번길 48,,36.44076082,127.4270644,,,042-608-5205,대전광역시 대덕구청,2025-11-13
중리동669,1,대전광역시 대덕구 홍도로114번길 32,,36.35608405,127.4289633,,,042-608-5205,대전광역시 대덕구청,2025-11-13
중리동670,1,대전광역시 대덕구 홍도로 103-1,,36.35530469,127.4271586,,,042-608-5205,대전광역시 대덕구청,2025-11-13
중리동671,1,대전광역시 대덕구 계족로489번길 70,,36.3558465,127.4288639,,,042-608-5205,대전광역시 대덕구청,2025-11-13
중리동672,1,,대전광역시 대덕구 중리동 112-1,36.36304681,127.4333737,,,042-608-5205,대전광역시 대덕구청,2025-11-13
중리동673,1,대전광역시 대덕구 한밭대로1146번길 46,,36.35658769,127.4252137,,,042-608-5205,대전광역시 대덕구청,2025-11-13
중리동674,1,,대전광역시 대덕구 중리동 234-3,36.35628687,127.4236434,,,042-608-5205,대전광역시 대덕구청,2025-11-13
중리동675,1,,대전광역시 대덕구 중리동 234-3,36.35628687,127.4236434,,,042-608-5205,대전광역시 대덕구청,2025-11-13
중리동676,1,,대전광역시 대덕구 중리동 234-3,36.35628687,127.4236434,,,042-608-5205,대전광역시 대덕구청,2025-11-13
중리동677,1,,대전광역시 대덕구 중리동 234-3,36.35628687,127.4236434,,,042-608-5205,대전광역시 대덕구청,2025-11-13
중리동678,1,,대전광역시 대덕구 중리동 388-3,,,,,042-608-5205,대전광역시 대덕구청,2025-11-13
대화동041,1,대전광역시 대덕구 대화14길 28,,36.36454283,127.4181793,,,042-608-5205,대전광역시 대덕구청,2025-11-13
덕암동032,1,대전광역시 대덕구 덕암북로96번길 58,,36.44086121,127.4262084,,,042-608-5205,대전광역시 대덕구청,2025-11-13
중리동679,1,,대전광역시 대덕구 중리동 434-8,36.35983573,127.4210822,,,042-608-5205,대전광역시 대덕구청,2025-11-13
중리동680,1,,대전광역시 대덕구 중리동 406-22,36.35972906,127.4216877,,,042-608-5205,대전광역시 대덕구청,2025-11-13
중리동681,1,,대전광역시 대덕구 중리동 382-18,36.36340681,127.4234502,,,042-608-5205,대전광역시 대덕구청,2025-11-13
중리동682,1,,대전광역시 대덕구 중리동 234-7,36.35658769,127.4252137,,,042-608-5205,대전광역시 대덕구청,2025-11-13
중리동683,1,,대전광역시 대덕구 중리동 390-5,36.36269876,127.425911,,,042-608-5205,대전광역시 대덕구청,2025-11-13
중리동684,1,,대전광역시 대덕구 중리동 102-1,36.36421807,127.433447,,,042-608-5205,대전광역시 대덕구청,2025-11-13
중리동685,1,,대전광역시 대덕구 중리동 408-4,36.35957562,127.4232824,,,042-608-5205,대전광역시 대덕구청,2025-11-13
중리동686,1,,대전광역시 대덕구 중리동 386-17,,,,,042-608-5205,대전광역시 대덕구청,2025-11-13
중리동687,1,,대전광역시 대덕구 중리동 168-8,36.36146274,127.4278207,,,042-608-5205,대전광역시 대덕구청,2025-11-13
중리동688,1,,대전광역시 대덕구 중리동 236-10,36.35841385,127.4256114,,,042-608-5205,대전광역시 대덕구청,2025-11-13
덕암동033,1,대전광역시 대덕구 덕암로234번길 15,,36.44187651,127.4255358,,,042-608-5205,대전광역시 대덕구청,2025-11-13
중리동689,1,대전광역시 대덕구 중리서로41번길 21,,36.36325576,127.4213146,,,042-608-5205,대전광역시 대덕구청,2025-11-13
중리동690,1,대전광역시 대덕구 중리동로18번길 29,,36.36108958,127.4313484,,,042-608-5205,대전광역시 대덕구청,2025-11-13
중리동691,1,대전광역시 대덕구 한밭대로1114번길 15,,36.35802072,127.4226278,,,042-608-5205,대전광역시 대덕구청,2025-11-13
중리동692,1,대전광역시 대덕구 홍도로135번길 82,,36.35823747,127.4224952,,,042-608-5205,대전광역시 대덕구청,2025-11-13
중리동693,1,대전광역시 대덕구 홍도로129번길 89,,36.35750693,127.4221526,,,042-608-5205,대전광역시 대덕구청,2025-11-13
중리동694,1,대전광역시 대덕구 계족로586번길 36,,36.36411906,127.4329161,,,042-608-5205,대전광역시 대덕구청,2025-11-13
중리동695,1,대전광역시 대덕구 중리로44번길 25,,36.36304934,127.4266617,,,042-608-5205,대전광역시 대덕구청,2025-11-13
중리동696,1,대전광역시 대덕구 중리남로40번길 12,,36.36139921,127.4274415,,,042-608-5205,대전광역시 대덕구청,2025-11-13
중리동849,1,대전광역시 대덕구 중리로54번길 33-14,,36.36453636,127.4271422,,,042-608-5205,대전광역시 대덕구청,2025-11-13
회덕동 658,1,,대전광역시 대덕구 회덕동 399-2,,,,,042-608-5205,대전광역시 대덕구청,2025-11-13
덕암동034,1,대전광역시 대덕구 덕암로234번길 15,,36.44187651,127.4255358,,,042-608-5205,대전광역시 대덕구청,2025-11-13
회덕동001,1,,대전광역시 대덕구 회덕동 374-3,,,,,042-608-5205,대전광역시 대덕구청,2025-11-13
회덕동002,1,,대전광역시 대덕구 회덕동 374-3,,,,,042-608-5205,대전광역시 대덕구청,2025-11-13
회덕동003,1,,대전광역시 대덕구 회덕동 372-4,,,,,042-608-5205,대전광역시 대덕구청,2025-11-13
회덕동004,1,,대전광역시 대덕구 회덕동 372-4,,,,,042-608-5205,대전광역시 대덕구청,2025-11-13
회덕동005,1,,대전광역시 대덕구 회덕동 371-4,,,,,042-608-5205,대전광역시 대덕구청,2025-11-13
회덕동006,1,대전광역시 대덕구 대전로1364번길 33,,36.37521245,127.4223463,,,042-608-5205,대전광역시 대덕구청,2025-11-13
회덕동007,1,,대전광역시 대덕구 회덕동 300-7,,,,,042-608-5205,대전광역시 대덕구청,2025-11-13
회덕동008,1,,대전광역시 대덕구 회덕동 300-7,,,,,042-608-5205,대전광역시 대덕구청,2025-11-13
회덕동009,1,,대전광역시 대덕구 회덕동 300-7,,,,,042-608-5205,대전광역시 대덕구청,2025-11-13
회덕동010,1,,대전광역시 대덕구 회덕동 297-1,,,,,042-608-5205,대전광역시 대덕구청,2025-11-13
덕암동035,1,대전광역시 대덕구 덕암로222번길 5-14,,36.44070498,127.4245301,,,042-608-5205,대전광역시 대덕구청,2025-11-13
회덕동011,1,,대전광역시 대덕구 회덕동 272-1,,,,,042-608-5205,대전광역시 대덕구청,2025-11-13
회덕동012,1,대전광역시 대덕구 대전로1378번길 28,,36.37696407,127.4224182,,,042-608-5205,대전광역시 대덕구청,2025-11-13
회덕동013,1,,대전광역시 대덕구 회덕동 247-6,,,,,042-608-5205,대전광역시 대덕구청,2025-11-13
회덕동014,1,대전광역시 대덕구 대전로1392번길 15,,36.37789145,127.4221424,,,042-608-5205,대전광역시 대덕구청,2025-11-13
회덕동015,1,대전광역시 대덕구 대전로1392번길 19,,36.37768891,127.422333,,,042-608-5205,대전광역시 대덕구청,2025-11-13
회덕동016,1,대전광역시 대덕구 대전로1392번길 10,,36.37773009,127.4219008,,,042-608-5205,대전광역시 대덕구청,2025-11-13
회덕동017,1,대전광역시 대덕구 대전로1392번길 7,,36.37801161,127.4218013,,,042-608-5205,대전광역시 대덕구청,2025-11-13
회덕동018,1,대전광역시 대덕구 대전로1392번길 7-14,,36.37838136,127.4222342,,,042-608-5205,대전광역시 대덕구청,2025-11-13
회덕동019,1,대전광역시 대덕구 대전로 1376,,36.37643748,127.4214338,,,042-608-5205,대전광역시 대덕구청,2025-11-13
회덕동020,1,대전광역시 대덕구 대전로 1376,,36.37643748,127.4214338,,,042-608-5205,대전광역시 대덕구청,2025-11-13
덕암동036,1,대전광역시 대덕구 덕암로222번길 5-8,,36.44042063,127.4244125,,,042-608-5205,대전광역시 대덕구청,2025-11-13
회덕동021,1,대전광역시 대덕구 대전로1370번길 11,,36.3759944,127.4214011,,,042-608-5205,대전광역시 대덕구청,2025-11-13
회덕동022,1,대전광역시 대덕구 대전로1370번길 16,,36.37572258,127.4218186,,,042-608-5205,대전광역시 대덕구청,2025-11-13
회덕동023,1,대전광역시 대덕구 대전로1364번길 25-14,,36.37550779,127.4224148,,,042-608-5205,대전광역시 대덕구청,2025-11-13
회덕동024,1,대전광역시 대덕구 대전로1370번길 25-5,,36.37609624,127.4221639,,,042-608-5205,대전광역시 대덕구청,2025-11-13
회덕동025,1,대전광역시 대덕구 대전로1364번길 17-10,,36.37572757,127.4214264,,,042-608-5205,대전광역시 대덕구청,2025-11-13
회덕동026,1,대전광역시 대덕구 대전로1364번길 25-14,,36.37550779,127.4224148,,,042-608-5205,대전광역시 대덕구청,2025-11-13
회덕동027,1,대전광역시 대덕구 대전로1364번길 22,,36.37513894,127.4217263,,,042-608-5205,대전광역시 대덕구청,2025-11-13
회덕동028,1,대전광역시 대덕구 대전로1364번길 16,,36.37519714,127.4215795,,,042-608-5205,대전광역시 대덕구청,2025-11-13
회덕동029,1,대전광역시 대덕구 대전로1364번길 13,,36.37530984,127.4213082,,,042-608-5205,대전광역시 대덕구청,2025-11-13
회덕동030,1,대전광역시 대덕구 대전로 1350,,36.37465191,127.4218396,,,042-608-5205,대전광역시 대덕구청,2025-11-13
덕암동037,1,대전광역시 대덕구 덕암로222번길 7,,36.44012161,127.4243663,,,042-608-5205,대전광역시 대덕구청,2025-11-13
회덕동031,1,대전광역시 대덕구 대전로 1350,,36.37465191,127.4218396,,,042-608-5205,대전광역시 대덕구청,2025-11-13
회덕동032,1,대전광역시 대덕구 아리랑로151번길 11,,36.37380514,127.4207251,,,042-608-5205,대전광역시 대덕구청,2025-11-13
회덕동033,1,대전광역시 대덕구 아리랑로151번길 5,,36.37349528,127.4206833,,,042-608-5205,대전광역시 대덕구청,2025-11-13
회덕동034,1,대전광역시 대덕구 아리랑로 151,,36.37331877,127.4206512,,,042-608-5205,대전광역시 대덕구청,2025-11-13
회덕동035,1,대전광역시 대덕구 아리랑로157번길 1,,36.37328088,127.4211725,,,042-608-5205,대전광역시 대덕구청,2025-11-13
회덕동036,1,,대전광역시 대덕구 회덕동 363-20,,,,,042-608-5205,대전광역시 대덕구청,2025-11-13
회덕동037,1,대전광역시 대덕구 아리랑로157번길 20,,36.37390662,127.4215904,,,042-608-5205,대전광역시 대덕구청,2025-11-13
회덕동038,1,대전광역시 대덕구 아리랑로 166,,36.3745546,127.4228554,,,042-608-5205,대전광역시 대덕구청,2025-11-13
회덕동039,1,대전광역시 대덕구 아리랑로 166,,36.3745546,127.4228554,,,042-608-5205,대전광역시 대덕구청,2025-11-13
회덕동040,1,대전광역시 대덕구 아리랑로 166,,36.3745546,127.4228554,,,042-608-5205,대전광역시 대덕구청,2025-11-13
덕암동038,1,대전광역시 대덕구 덕암로222번길 10,,36.43987662,127.4243293,,,042-608-5205,대전광역시 대덕구청,2025-11-13
회덕동041,1,대전광역시 대덕구 아리랑로 166,,36.3745546,127.4228554,,,042-608-5205,대전광역시 대덕구청,2025-11-13
회덕동042,1,대전광역시 대덕구 아리랑로 166,,36.3745546,127.4228554,,,042-608-5205,대전광역시 대덕구청,2025-11-13
회덕동043,1,대전광역시 대덕구 대전로 1317,,36.37116217,127.4199086,,,042-608-5205,대전광역시 대덕구청,2025-11-13
회덕동044,1,대전광역시 대덕구 대전로1331번길 50,,36.37348512,127.4174159,,,042-608-5205,대전광역시 대덕구청,2025-11-13
회덕동045,1,대전광역시 대덕구 대전로1331번길 40,,36.37388907,127.4183809,,,042-608-5205,대전광역시 대덕구청,2025-11-13
회덕동046,1,대전광역시 대덕구 대전로1331번길 12,,36.37304403,127.4198473,,,042-608-5205,대전광역시 대덕구청,2025-11-13
회덕동047,1,대전광역시 대덕구 대전로1331번길 12,,36.37304403,127.4198473,,,042-608-5205,대전광역시 대덕구청,2025-11-13
회덕동048,1,대전광역시 대덕구 아리랑로114번길 32,,36.37459695,127.416133,,,042-608-5205,대전광역시 대덕구청,2025-11-13
회덕동049,1,대전광역시 대덕구 아리랑로114번길 32,,36.37459695,127.416133,,,042-608-5205,대전광역시 대덕구청,2025-11-13
회덕동050,1,대전광역시 대덕구 아리랑로114번길 32,,36.37459695,127.416133,,,042-608-5205,대전광역시 대덕구청,2025-11-13
덕암동039,1,대전광역시 대덕구 덕암로222번길 15-5,,36.44023626,127.4245632,,,042-608-5205,대전광역시 대덕구청,2025-11-13
회덕동051,1,대전광역시 대덕구 아리랑로 110,,36.37480678,127.416741,,,042-608-5205,대전광역시 대덕구청,2025-11-13
회덕동052,1,대전광역시 대덕구 아리랑로55번길 10,,36.37756447,127.4125566,,,042-608-5205,대전광역시 대덕구청,2025-11-13
회덕동053,1,대전광역시 대덕구 아리랑로55번길 10,,36.37756447,127.4125566,,,042-608-5205,대전광역시 대덕구청,2025-11-13
회덕동054,1,대전광역시 대덕구 아리랑로89번길 56,,36.37793137,127.4127814,,,042-608-5205,대전광역시 대덕구청,2025-11-13
회덕동055,1,대전광역시 대덕구 아리랑로89번길 52,,36.37783341,127.4129637,,,042-608-5205,대전광역시 대덕구청,2025-11-13
회덕동056,1,대전광역시 대덕구 아리랑로89번길 40,,36.37747791,127.4136126,,,042-608-5205,대전광역시 대덕구청,2025-11-13
회덕동057,1,대전광역시 대덕구 아리랑로89번길 34,,36.37722853,127.413803,,,042-608-5205,대전광역시 대덕구청,2025-11-13
회덕동058,1,대전광역시 대덕구 아리랑로89번길 15,,36.37662153,127.4142098,,,042-608-5205,대전광역시 대덕구청,2025-11-13
회덕동059,1,대전광역시 대덕구 아리랑로89번길 15,,36.37662153,127.4142098,,,042-608-5205,대전광역시 대덕구청,2025-11-13
회덕동060,1,대전광역시 대덕구 아리랑로89번길 4,,36.37623411,127.414707,,,042-608-5205,대전광역시 대덕구청,2025-11-13
덕암동040,1,대전광역시 대덕구 신탄진로681번길 40,,36.43928214,127.4242502,,,042-608-5205,대전광역시 대덕구청,2025-11-13
회덕동061,1,,대전광역시 대덕구 회덕동 489-2,,,,,042-608-5205,대전광역시 대덕구청,2025-11-13
회덕동062,1,대전광역시 대덕구 아리랑로 113-15,,36.37570454,127.4166878,,,042-608-5205,대전광역시 대덕구청,2025-11-13
회덕동063,1,대전광역시 대덕구 아리랑로 113-15,,36.37570454,127.4166878,,,042-608-5205,대전광역시 대덕구청,2025-11-13
회덕동064,1,대전광역시 대덕구 아리랑로 113-15,,36.37570454,127.4166878,,,042-608-5205,대전광역시 대덕구청,2025-11-13
회덕동065,1,대전광역시 대덕구 아리랑로113번안길 48,,36.37640781,127.4165846,,,042-608-5205,대전광역시 대덕구청,2025-11-13
회덕동066,1,대전광역시 대덕구 아리랑로113번안길 52,,36.37626398,127.4164813,,,042-608-5205,대전광역시 대덕구청,2025-11-13
회덕동067,1,대전광역시 대덕구 아리랑로113번안길 58,,36.37604453,127.4163553,,,042-608-5205,대전광역시 대덕구청,2025-11-13
회덕동068,1,대전광역시 대덕구 아리랑로113번안길 63,,36.37570555,127.4163981,,,042-608-5205,대전광역시 대덕구청,2025-11-13
회덕동069,1,대전광역시 대덕구 아리랑로113번안길 46,,36.37672375,127.4169474,,,042-608-5205,대전광역시 대덕구청,2025-11-13
회덕동070,1,대전광역시 대덕구 아리랑로113번안길 36,,36.37646324,127.4172268,,,042-608-5205,대전광역시 대덕구청,2025-11-13
덕암동041,1,대전광역시 대덕구 신탄진로681번길 40-11,,36.43959594,127.4241939,,,042-608-5205,대전광역시 대덕구청,2025-11-13
회덕동071,1,대전광역시 대덕구 아리랑로113번안길 36,,36.37646324,127.4172268,,,042-608-5205,대전광역시 대덕구청,2025-11-13
회덕동072,1,대전광역시 대덕구 아리랑로113번안길 32,,36.3767175,127.4177051,,,042-608-5205,대전광역시 대덕구청,2025-11-13
회덕동073,1,,대전광역시 대덕구 회덕동 490-16,,,,,042-608-5205,대전광역시 대덕구청,2025-11-13
회덕동074,1,,대전광역시 대덕구 회덕동 496-15,,,,,042-608-5205,대전광역시 대덕구청,2025-11-13
회덕동075,1,,대전광역시 대덕구 회덕동 496-15,,,,,042-608-5205,대전광역시 대덕구청,2025-11-13
회덕동076,1,대전광역시 대덕구 아리랑로113번안길 20,,36.3763905,127.4184434,,,042-608-5205,대전광역시 대덕구청,2025-11-13
회덕동077,1,대전광역시 대덕구 아리랑로113번안길 15,,36.37595927,127.4180621,,,042-608-5205,대전광역시 대덕구청,2025-11-13
회덕동078,1,대전광역시 대덕구 아리랑로113-14,,36.37582995,127.4169025,,,042-608-5205,대전광역시 대덕구청,2025-11-13
회덕동079,1,대전광역시 대덕구 아리랑로113번안길 7,,36.37573536,127.4181813,,,042-608-5205,대전광역시 대덕구청,2025-11-13
회덕동080,1,대전광역시 대덕구 아리랑로113번길 21,,36.37549665,127.4184118,,,042-608-5205,대전광역시 대덕구청,2025-11-13
대화동042,1,대전광역시 대덕구 대전로 1241,,36.3647801,127.4183634,,,042-608-5205,대전광역시 대덕구청,2025-11-13
덕암동042,1,대전광역시 대덕구 신탄진로681번길40,,36.43928214,127.4242502,,,042-608-5205,대전광역시 대덕구청,2025-11-13
회덕동081,1,대전광역시 대덕구 아리랑로113번길 13,,36.37534667,127.4180054,,,042-608-5205,대전광역시 대덕구청,2025-11-13
회덕동082,1,대전광역시 대덕구 아리랑로113번길 13,,36.37534667,127.4180054,,,042-608-5205,대전광역시 대덕구청,2025-11-13
회덕동083,1,대전광역시 대덕구 아리랑로113번길 13,,36.37534667,127.4180054,,,042-608-5205,대전광역시 대덕구청,2025-11-13
회덕동084,1,대전광역시 대덕구 아리랑로 113,,36.37516482,127.4174383,,,042-608-5205,대전광역시 대덕구청,2025-11-13
회덕동085,1,,대전광역시 대덕구 회덕동 493-13,,,,,042-608-5205,대전광역시 대덕구청,2025-11-13
회덕동086,1,대전광역시 대덕구 아리랑로113번길 15-16,,36.37592391,127.4178658,,,042-608-5205,대전광역시 대덕구청,2025-11-13
회덕동087,1,대전광역시 대덕구 아리랑로113번길 15-20,,36.37615136,127.4177645,,,042-608-5205,대전광역시 대덕구청,2025-11-13
회덕동088,1,대전광역시 대덕구 아리랑로113번길 15-23,,36.37600502,127.4173492,,,042-608-5205,대전광역시 대덕구청,2025-11-13
회덕동089,1,대전광역시 대덕구 아리랑로113번길 15-21,,36.37588573,127.4174466,,,042-608-5205,대전광역시 대덕구청,2025-11-13
회덕동090,1,대전광역시 대덕구 아리랑로113번길 31,,36.37568224,127.4189388,,,042-608-5205,대전광역시 대덕구청,2025-11-13
덕암동043,1,대전광역시 대덕구 덕암로222번길 15-9,,36.44042301,127.4247561,,,042-608-5205,대전광역시 대덕구청,2025-11-13
회덕동091,1,대전광역시 대덕구 아리랑로113번길 37-6,,36.37591891,127.4192922,,,042-608-5205,대전광역시 대덕구청,2025-11-13
회덕동092,1,대전광역시 대덕구 아리랑로113번길 37,,36.37577084,127.4193717,,,042-608-5205,대전광역시 대덕구청,2025-11-13
회덕동093,1,대전광역시 대덕구 아리랑로113번길 48,,36.37561039,127.4198968,,,042-608-5205,대전광역시 대덕구청,2025-11-13
회덕동094,1,대전광역시 대덕구 대전로 1369,,36.37606279,127.4204074,,,042-608-5205,대전광역시 대덕구청,2025-11-13
회덕동095,1,대전광역시 대덕구 대전로 1371,,36.37618508,127.4204838,,,042-608-5205,대전광역시 대덕구청,2025-11-13
회덕동096,1,대전광역시 대덕구 대전로 1369-6,,,,,,042-608-5205,대전광역시 대덕구청,2025-11-13
회덕동097,1,대전광역시 대덕구 대전로1375번길 7,,36.37643434,127.4203292,,,042-608-5205,대전광역시 대덕구청,2025-11-13
회덕동098,1,대전광역시 대덕구 대전로1375번길 12,,36.37664346,127.4203169,,,042-608-5205,대전광역시 대덕구청,2025-11-13
회덕동099,1,대전광역시 대덕구 대전로1375번길 20,,36.3767098,127.4199027,,,042-608-5205,대전광역시 대덕구청,2025-11-13
회덕동100,1,대전광역시 대덕구 대전로1375번길 26,,36.376819,127.4195978,,,042-608-5205,대전광역시 대덕구청,2025-11-13
덕암동044,1,대전광역시 대덕구 덕암로222번길 15-17,,36.44075774,127.4248962,,,042-608-5205,대전광역시 대덕구청,2025-11-13
회덕동101,1,대전광역시 대덕구 대전로1375번길 25-10,,36.37639174,127.4191165,,,042-608-5205,대전광역시 대덕구청,2025-11-13
회덕동102,1,대전광역시 대덕구 대전로1375번길 31,,36.37694971,127.4193334,,,042-608-5205,대전광역시 대덕구청,2025-11-13
회덕동103,1,대전광역시 대덕구 대전로1375번길 22-9,,36.3770673,127.4197219,,,042-608-5205,대전광역시 대덕구청,2025-11-13
회덕동104,1,대전광역시 대덕구 대전로1375번길 17-20,,36.37632512,127.4196109,,,042-608-5205,대전광역시 대덕구청,2025-11-13
회덕동105,1,대전광역시 대덕구 대전로1375번길 17-24,,36.37624284,127.4194322,,,042-608-5205,대전광역시 대덕구청,2025-11-13
회덕동106,1,대전광역시 대덕구 대전로1375번길 17-13,,36.37612011,127.4194805,,,042-608-5205,대전광역시 대덕구청,2025-11-13
회덕동107,1,대전광역시 대덕구 아리랑로125번길 33,,36.37540822,127.4199849,,,042-608-5205,대전광역시 대덕구청,2025-11-13
회덕동108,1,대전광역시 대덕구 대전로 1357,,36.37507617,127.4201034,,,042-608-5205,대전광역시 대덕구청,2025-11-13
회덕동109,1,대전광역시 대덕구 아리랑로125번길 18,,36.3746268,127.4197578,,,042-608-5205,대전광역시 대덕구청,2025-11-13
회덕동110,1,대전광역시 대덕구 아리랑로125번길 10,,36.37446657,127.4191953,,,042-608-5205,대전광역시 대덕구청,2025-11-13
덕암동045,1,대전광역시 대덕구 덕암로222번길 24,,36.43974049,127.4251048,,,042-608-5205,대전광역시 대덕구청,2025-11-13
회덕동111,1,대전광역시 대덕구 아리랑로125번길 11,,36.37478307,127.4193976,,,042-608-5205,대전광역시 대덕구청,2025-11-13
회덕동112,1,대전광역시 대덕구 아리랑로 121,,36.37496688,127.4183778,,,042-608-5205,대전광역시 대덕구청,2025-11-13
회덕동113,1,대전광역시 대덕구 아리랑로113번길 28-8,,36.37519974,127.4187133,,,042-608-5205,대전광역시 대덕구청,2025-11-13
회덕동114,1,대전광역시 대덕구 아리랑로113번길 44,,36.37560365,127.419763,,,042-608-5205,대전광역시 대덕구청,2025-11-13
회덕동115,1,대전광역시 대덕구 아리랑로125번길 9-16,,36.37529833,127.4194583,,,042-608-5205,대전광역시 대덕구청,2025-11-13
회덕동116,1,대전광역시 대덕구 아리랑로125번길 25,,36.37503085,127.4196664,,,042-608-5205,대전광역시 대덕구청,2025-11-13
회덕동117,1,대전광역시 대덕구 아리랑로113번길 44-9,,36.3752615,127.419681,,,042-608-5205,대전광역시 대덕구청,2025-11-13
회덕동118,1,대전광역시 대덕구 아리랑로113번길 44-7,,36.37537316,127.4197039,,,042-608-5205,대전광역시 대덕구청,2025-11-13
회덕동119,1,대전광역시 대덕구 대전로1375번길 27-1,,36.37766918,127.4187221,,,042-608-5205,대전광역시 대덕구청,2025-11-13
회덕동120,1,대전광역시 대덕구 대전로1375번길 27,,36.37731921,127.4188139,,,042-608-5205,대전광역시 대덕구청,2025-11-13
덕암동046,1,대전광역시 대덕구 덕암로222번길 29,,36.43989785,127.4254536,,,042-608-5205,대전광역시 대덕구청,2025-11-13
회덕동121,1,대전광역시 대덕구 대전로1375번길 27,,36.37731921,127.4188139,,,042-608-5205,대전광역시 대덕구청,2025-11-13
회덕동122,1,대전광역시 대덕구 대전로1375번길 27,,36.37731921,127.4188139,,,042-608-5205,대전광역시 대덕구청,2025-11-13
회덕동123,1,대전광역시 대덕구 대전로1375번길 39,,36.37727382,127.4194199,,,042-608-5205,대전광역시 대덕구청,2025-11-13
회덕동124,1,,대전광역시 대덕구 회덕동 237-11,,,,,042-608-5205,대전광역시 대덕구청,2025-11-13
회덕동125,1,대전광역시 대덕구 대전로1375번길 22-14,,36.37729011,127.4199147,,,042-608-5205,대전광역시 대덕구청,2025-11-13
회덕동126,1,대전광역시 대덕구 대전로1375번길 48,,36.37754616,127.4198805,,,042-608-5205,대전광역시 대덕구청,2025-11-13
회덕동127,1,대전광역시 대덕구 대전로1387번길 35-5,,36.37760623,127.4191988,,,042-608-5205,대전광역시 대덕구청,2025-11-13
회덕동128,1,대전광역시 대덕구 대전로1387번길 34,,36.37798047,127.4193835,,,042-608-5205,대전광역시 대덕구청,2025-11-13
회덕동129,1,,대전광역시 대덕구 회덕동 231,,,,,042-608-5205,대전광역시 대덕구청,2025-11-13
회덕동130,1,대전광역시 대덕구 대전로1387번길 20,,36.37781565,127.4201271,,,042-608-5205,대전광역시 대덕구청,2025-11-13
덕암동047,1,대전광역시 대덕구 덕암북로96번길 76,,36.44010973,127.425602,,,042-608-5205,대전광역시 대덕구청,2025-11-13
회덕동131,1,대전광역시 대덕구 대전로1387번길 12,,36.37775242,127.4206795,,,042-608-5205,대전광역시 대덕구청,2025-11-13
회덕동132,1,대전광역시 대덕구 대전로1387번길 14,,36.37776042,127.4204567,,,042-608-5205,대전광역시 대덕구청,2025-11-13
회덕동133,1,대전광역시 대덕구 대전로 1387,,36.37769752,127.4209155,,,042-608-5205,대전광역시 대덕구청,2025-11-13
회덕동134,1,,대전광역시 대덕구 회덕동 227-3,,,,,042-608-5205,대전광역시 대덕구청,2025-11-13
회덕동135,1,대전광역시 대덕구 대전로1395번길 13,,36.37835811,127.4206516,,,042-608-5205,대전광역시 대덕구청,2025-11-13
회덕동136,1,대전광역시 대덕구 대전로1395번길 14,,36.37849864,127.4206657,,,042-608-5205,대전광역시 대덕구청,2025-11-13
회덕동137,1,대전광역시 대덕구 대전로1397번길 21,,36.37865152,127.420243,,,042-608-5205,대전광역시 대덕구청,2025-11-13
회덕동138,1,대전광역시 대덕구 대전로1397번길 12,,36.37866699,127.4209697,,,042-608-5205,대전광역시 대덕구청,2025-11-13
회덕동139,1,대전광역시 대덕구 대전로1397번길 13,,36.37857777,127.4207151,,,042-608-5205,대전광역시 대덕구청,2025-11-13
회덕동140,1,,대전광역시 대덕구 회덕동 210-6,,,,,042-608-5205,대전광역시 대덕구청,2025-11-13
덕암동048,1,대전광역시 대덕구 덕암북로96번길 72-15,,36.44021963,127.4251832,,,042-608-5205,대전광역시 대덕구청,2025-11-13
회덕동141,1,대전광역시 대덕구 대전로1397번길 26-4,,36.3791267,127.4204239,,,042-608-5205,대전광역시 대덕구청,2025-11-13
회덕동142,1,대전광역시 대덕구 대전로 1397번길 33,,36.3787444,127.419459,,,042-608-5205,대전광역시 대덕구청,2025-11-13
회덕동143,1,대전광역시 대덕구 대전로1397번길 50,,36.3795684,127.419878,,,042-608-5205,대전광역시 대덕구청,2025-11-13
회덕동144,1,대전광역시 대덕구 대전로 1397번길 47-9,,36.37961809,127.4190714,,,042-608-5205,대전광역시 대덕구청,2025-11-13
회덕동145,1,대전광역시 대덕구 대전로1397번길 47-16,,36.37981509,127.419429,,,042-608-5205,대전광역시 대덕구청,2025-11-13
회덕동146,1,대전광역시 대덕구 대전로1397번길 62,,36.37986277,127.4202228,,,042-608-5205,대전광역시 대덕구청,2025-11-13
회덕동147,1,대전광역시 대덕구 대전로1397번길 58,,36.37988189,127.4199108,,,042-608-5205,대전광역시 대덕구청,2025-11-13
회덕동148,1,대전광역시 대덕구 대전로 1397번길 70,,36.37980758,127.420539,,,042-608-5205,대전광역시 대덕구청,2025-11-13
회덕동149,1,,대전광역시 대덕구 회덕동 218-2,,,,,042-608-5205,대전광역시 대덕구청,2025-11-13
회덕동150,1,,대전광역시 대덕구 회덕동 203-2,,,,,042-608-5205,대전광역시 대덕구청,2025-11-13
덕암동049,1,대전광역시 대덕구 덕암로213번길 16,,36.43979913,127.4228031,,,042-608-5205,대전광역시 대덕구청,2025-11-13
회덕동151,1,,대전광역시 대덕구 회덕동 203-2,,,,,042-608-5205,대전광역시 대덕구청,2025-11-13
회덕동152,1,,대전광역시 대덕구 회덕동 219-1,,,,,042-608-5205,대전광역시 대덕구청,2025-11-13
회덕동153,1,,대전광역시 대덕구 회덕동 218-4,,,,,042-608-5205,대전광역시 대덕구청,2025-11-13
회덕동154,1,대전광역시 대덕구 대전로1397번안길 19,,36.37938706,127.4212143,,,042-608-5205,대전광역시 대덕구청,2025-11-13
회덕동155,1,대전광역시 대덕구 대전로1397번안길 15,,36.37924676,127.4211333,,,042-608-5205,대전광역시 대덕구청,2025-11-13
회덕동156,1,대전광역시 대덕구 대전로 1397번길 15,,,,,,042-608-5205,대전광역시 대덕구청,2025-11-13
회덕동157,1,대전광역시 대덕구 아리랑로197번길 51,,36.375879,127.4254836,,,042-608-5205,대전광역시 대덕구청,2025-11-13
회덕동158,1,,대전광역시 대덕구 회덕동 406-14,,,,,042-608-5205,대전광역시 대덕구청,2025-11-13
회덕동159,1,대전광역시 대덕구 아리랑로197번길 61,,36.37627543,127.4255081,,,042-608-5205,대전광역시 대덕구청,2025-11-13
회덕동160,1,대전광역시 대덕구 아리랑로197번길 64,,36.37633188,127.4258516,,,042-608-5205,대전광역시 대덕구청,2025-11-13
덕암동050,1,대전광역시 대덕구 덕암북로72번길 99,,36.43987353,127.4231693,,,042-608-5205,대전광역시 대덕구청,2025-11-13
회덕동161,1,대전광역시 대덕구 아리랑로197번길 69,,36.37660727,127.4254475,,,042-608-5205,대전광역시 대덕구청,2025-11-13
회덕동162,1,,대전광역시 대덕구 회덕동 51-8,,,,,042-608-5205,대전광역시 대덕구청,2025-11-13
회덕동163,1,대전광역시 대덕구 아리랑로197번길 80,,36.37700189,127.4259801,,,042-608-5205,대전광역시 대덕구청,2025-11-13
회덕동164,1,대전광역시 대덕구 아리랑로 197번길 80,,36.37700189,127.4259801,,,042-608-5205,대전광역시 대덕구청,2025-11-13
회덕동165,1,대전광역시 대덕구 아리랑로197번길 85,,36.37746188,127.425363,,,042-608-5205,대전광역시 대덕구청,2025-11-13
회덕동166,1,대전광역시 대덕구 아리랑로197번길 86-5,,36.37737048,127.4257235,,,042-608-5205,대전광역시 대덕구청,2025-11-13
회덕동167,1,,대전광역시 대덕구 회덕동 517-69,,,,,042-608-5205,대전광역시 대덕구청,2025-11-13
회덕동168,1,대전광역시 대덕구 계족로741번길 43,,36.37751074,127.4248016,,,042-608-5205,대전광역시 대덕구청,2025-11-13
회덕동169,1,,대전광역시 대덕구 회덕동 289-3,,,,,042-608-5205,대전광역시 대덕구청,2025-11-13
회덕동170,1,,대전광역시 대덕구 회덕동 289-3,,,,,042-608-5205,대전광역시 대덕구청,2025-11-13
덕암동051,1,대전광역시 대덕구 덕암로213번길 16,,36.43979913,127.4228031,,,042-608-5205,대전광역시 대덕구청,2025-11-13
회덕동171,1,대전광역시 대덕구 계족로741번길 38,,36.37790085,127.4245763,,,042-608-5205,대전광역시 대덕구청,2025-11-13
회덕동172,1,,대전광역시 대덕구 회덕동 51-15,,,,,042-608-5205,대전광역시 대덕구청,2025-11-13
회덕동173,1,,대전광역시 대덕구 회덕동 51-4,,,,,042-608-5205,대전광역시 대덕구청,2025-11-13
회덕동174,1,,대전광역시 대덕구 회덕동 517-30,,,,,042-608-5205,대전광역시 대덕구청,2025-11-13
회덕동175,1,,대전광역시 대덕구 회덕동 517-27,,,,,042-608-5205,대전광역시 대덕구청,2025-11-13
회덕동176,1,,대전광역시 대덕구 회덕동 413-1,,,,,042-608-5205,대전광역시 대덕구청,2025-11-13
회덕동177,1,,대전광역시 대덕구 회덕동 42-5,,,,,042-608-5205,대전광역시 대덕구청,2025-11-13
회덕동178,1,,대전광역시 대덕구 회덕동 517-71,,,,,042-608-5205,대전광역시 대덕구청,2025-11-13
회덕동179,1,,대전광역시 대덕구 회덕동 517-9,,,,,042-608-5205,대전광역시 대덕구청,2025-11-13
회덕동180,1,,대전광역시 대덕구 회덕동 82-15,,,,,042-608-5205,대전광역시 대덕구청,2025-11-13
대화동043,1,대전광역시 대덕구 대전로 1243-1,,36.36498172,127.4184313,,,042-608-5205,대전광역시 대덕구청,2025-11-13
덕암동052,1,대전광역시 대덕구 덕암로213번길 30,,36.43986297,127.4220807,,,042-608-5205,대전광역시 대덕구청,2025-11-13
회덕동181,1,대전광역시 대덕구 계족로740번길 23-9,,36.37803675,127.4289144,,,042-608-5205,대전광역시 대덕구청,2025-11-13
회덕동182,1,,대전광역시 대덕구 회덕동 517-62,,,,,042-608-5205,대전광역시 대덕구청,2025-11-13
회덕동183,1,대전광역시 대덕구 계족로740번길 45,,36.37863078,127.4301213,,,042-608-5205,대전광역시 대덕구청,2025-11-13
회덕동184,1,,대전광역시 대덕구 회덕동 517-53,,,,,042-608-5205,대전광역시 대덕구청,2025-11-13
회덕동185,1,,대전광역시 대덕구 회덕동 8-16,,,,,042-608-5205,대전광역시 대덕구청,2025-11-13
회덕동186,1,,대전광역시 대덕구 회덕동 1-14,,,,,042-608-5205,대전광역시 대덕구청,2025-11-13
회덕동187,1,,대전광역시 대덕구 회덕동 5-2,,,,,042-608-5205,대전광역시 대덕구청,2025-11-13
회덕동188,1,,대전광역시 대덕구 회덕동 산1-26,,,,,042-608-5205,대전광역시 대덕구청,2025-11-13
회덕동189,1,,대전광역시 대덕구 회덕동 83-1,,,,,042-608-5205,대전광역시 대덕구청,2025-11-13
회덕동190,1,대전광역시 대덕구 계족로740번길 43-22,,36.37863923,127.4287751,,,042-608-5205,대전광역시 대덕구청,2025-11-13
덕암동053,1,대전광역시 대덕구 덕암로213번길 36,,36.43998653,127.4217959,,,042-608-5205,대전광역시 대덕구청,2025-11-13
회덕동191,1,대전광역시 대덕구 계족로 762번길 22-19,,36.37904003,127.4285856,,,042-608-5205,대전광역시 대덕구청,2025-11-13
회덕동192,1,,대전광역시 대덕구 회덕동 84-2,,,,,042-608-5205,대전광역시 대덕구청,2025-11-13
회덕동193,1,대전광역시 대덕구 계족로762번길 7,,36.37947415,127.4271437,,,042-608-5205,대전광역시 대덕구청,2025-11-13
회덕동194,1,,대전광역시 대덕구 회덕동 87-1,,,,,042-608-5205,대전광역시 대덕구청,2025-11-13
회덕동195,1,,대전광역시 대덕구 회덕동 90-15,,,,,042-608-5205,대전광역시 대덕구청,2025-11-13
회덕동196,1,대전광역시 대덕구 계족로762번길 82,,36.38222649,127.4276018,,,042-608-5205,대전광역시 대덕구청,2025-11-13
회덕동197,1,,대전광역시 대덕구 회덕동 119-1,,,,,042-608-5205,대전광역시 대덕구청,2025-11-13
회덕동198,1,,대전광역시 대덕구 회덕동 124-9,,,,,042-608-5205,대전광역시 대덕구청,2025-11-13
회덕동199,1,,대전광역시 대덕구 회덕동 126-3,,,,,042-608-5205,대전광역시 대덕구청,2025-11-13
회덕동200,1,,대전광역시 대덕구 회덕동 126-1,,,,,042-608-5205,대전광역시 대덕구청,2025-11-13
덕암동054,1,대전광역시 대덕구 덕암로213번길 42,,36.44000087,127.4212829,,,042-608-5205,대전광역시 대덕구청,2025-11-13
회덕동201,1,대전광역시 대덕구 계족로762번길 157-5,,36.38537528,127.4270645,,,042-608-5205,대전광역시 대덕구청,2025-11-13
회덕동202,1,,대전광역시 대덕구 회덕동 123,,,,,042-608-5205,대전광역시 대덕구청,2025-11-13
회덕동203,1,대전광역시 대덕구 계족로762번길 168,,36.38512865,127.4274866,,,042-608-5205,대전광역시 대덕구청,2025-11-13
회덕동204,1,대전광역시 대덕구 계족로762번길 182,,36.38525244,127.4281516,,,042-608-5205,대전광역시 대덕구청,2025-11-13
회덕동205,1,,대전광역시 대덕구 회덕동 123-3,,,,,042-608-5205,대전광역시 대덕구청,2025-11-13
회덕동206,1,대전광역시 대덕구 계족로762번길 202,,36.3857625,127.4286537,,,042-608-5205,대전광역시 대덕구청,2025-11-13
회덕동207,1,대전광역시 대덕구 계족로762번길 157-25,,36.3857247,127.4281363,,,042-608-5205,대전광역시 대덕구청,2025-11-13
회덕동208,1,대전광역시 대덕구 대전로1397번안길 124,,36.38377514,127.4218978,,,042-608-5205,대전광역시 대덕구청,2025-11-13
회덕동209,1,,대전광역시 대덕구 회덕동 188,,,,,042-608-5205,대전광역시 대덕구청,2025-11-13
회덕동210,1,,대전광역시 대덕구 회덕동 187,,,,,042-608-5205,대전광역시 대덕구청,2025-11-13
덕암동055,1,대전광역시 대덕구 덕암로213번길36,,36.43998653,127.4217959,,,042-608-5205,대전광역시 대덕구청,2025-11-13
회덕동211,1,대전광역시 대덕구 대전로1397번안길 90,,36.38203732,127.4220043,,,042-608-5205,대전광역시 대덕구청,2025-11-13
회덕동212,1,대전광역시 대덕구 대전로 1397번안길 90,,36.38203732,127.4220043,,,042-608-5205,대전광역시 대덕구청,2025-11-13
회덕동213,1,대전광역시 대덕구 대전로1397번안길 62,,36.38111175,127.4217675,,,042-608-5205,대전광역시 대덕구청,2025-11-13
회덕동214,1,대전광역시 대덕구 대전로 1397번안길 58,,36.3809237,127.4219403,,,042-608-5205,대전광역시 대덕구청,2025-11-13
회덕동215,1,,대전광역시 대덕구 회덕동 534,,,,,042-608-5205,대전광역시 대덕구청,2025-11-13
회덕동216,1,,대전광역시 대덕구 회덕동 200-1,,,,,042-608-5205,대전광역시 대덕구청,2025-11-13
회덕동217,1,,대전광역시 대덕구 회덕동 173-9,,,,,042-608-5205,대전광역시 대덕구청,2025-11-13
회덕동218,1,대전광역시 대덕구 계족로761번길 57,,36.37840687,127.4241913,,,042-608-5205,대전광역시 대덕구청,2025-11-13
회덕동219,1,대전광역시 대덕구 계족로761번길 57,,36.37840687,127.4241913,,,042-608-5205,대전광역시 대덕구청,2025-11-13
회덕동220,1,,대전광역시 대덕구 회덕동 258-8,,,,,042-608-5205,대전광역시 대덕구청,2025-11-13
덕암동056,1,대전광역시 대덕구 덕암로213번길42,,36.44000087,127.4212829,,,042-608-5205,대전광역시 대덕구청,2025-11-13
회덕동221,1,대전광역시 대덕구 계족로741번길 30,,36.37789096,127.4253296,,,042-608-5205,대전광역시 대덕구청,2025-11-13
회덕동222,1,대전광역시 대덕구 계족로741번길 12,,36.37795168,127.4264979,,,042-608-5205,대전광역시 대덕구청,2025-11-13
회덕동223,1,,대전광역시 대덕구 회덕동 273,,,,,042-608-5205,대전광역시 대덕구청,2025-11-13
회덕동224,1,대전광역시 대덕구 신탄진로115번길 10,,36.39108417,127.4202074,,,042-608-5205,대전광역시 대덕구청,2025-11-13
회덕동225,1,,대전광역시 대덕구 회덕동 320-1,,,,,042-608-5205,대전광역시 대덕구청,2025-11-13
회덕동226,1,,대전광역시 대덕구 회덕동 산36-3,,,,,042-608-5205,대전광역시 대덕구청,2025-11-13
회덕동227,1,대전광역시 대덕구 신탄진로36번길 58,,36.38661997,127.4267637,,,042-608-5205,대전광역시 대덕구청,2025-11-13
회덕동228,1,,대전광역시 대덕구 회덕동 39-1,,,,,042-608-5205,대전광역시 대덕구청,2025-11-13
회덕동229,1,대전광역시 대덕구 신탄진로 36번길 82-10,,36.38755186,127.4272458,,,042-608-5205,대전광역시 대덕구청,2025-11-13
회덕동230,1,,대전광역시 대덕구 회덕동 52,,,,,042-608-5205,대전광역시 대덕구청,2025-11-13
덕암동057,1,대전광역시 대덕구 덕암북로4번길 177,,36.44020525,127.4211056,,,042-608-5205,대전광역시 대덕구청,2025-11-13
회덕동231,1,,대전광역시 대덕구 회덕동 31,,,,,042-608-5205,대전광역시 대덕구청,2025-11-13
회덕동232,1,,대전광역시 대덕구 회덕동 31,,,,,042-608-5205,대전광역시 대덕구청,2025-11-13
회덕동233,1,대전광역시 대덕구 신탄진로36번길 210,,36.38907639,127.4323233,,,042-608-5205,대전광역시 대덕구청,2025-11-13
회덕동234,1,대전광역시 대덕구 신탄진로36번길 218,,36.38888772,127.4326611,,,042-608-5205,대전광역시 대덕구청,2025-11-13
회덕동235,1,,대전광역시 대덕구 회덕동 31-14,,,,,042-608-5205,대전광역시 대덕구청,2025-11-13
회덕동236,1,,대전광역시 대덕구 회덕동 31-15,,,,,042-608-5205,대전광역시 대덕구청,2025-11-13
회덕동237,1,,대전광역시 대덕구 회덕동 31-15,,,,,042-608-5205,대전광역시 대덕구청,2025-11-13
회덕동238,1,,대전광역시 대덕구 회덕동 31-15,,,,,042-608-5205,대전광역시 대덕구청,2025-11-13
회덕동239,1,,대전광역시 대덕구 회덕동 79,,,,,042-608-5205,대전광역시 대덕구청,2025-11-13
회덕동240,1,대전광역시 대덕구 신탄진로 150-79,,36.39100373,127.4235909,,,042-608-5205,대전광역시 대덕구청,2025-11-13
덕암동058,1,대전광역시 대덕구 덕암로221번길 43,,36.44016385,127.4215985,,,042-608-5205,대전광역시 대덕구청,2025-11-13
회덕동241,1,,대전광역시 대덕구 회덕동 251-1,,,,,042-608-5205,대전광역시 대덕구청,2025-11-13
회덕동242,1,,대전광역시 대덕구 회덕동 235-1,,,,,042-608-5205,대전광역시 대덕구청,2025-11-13
회덕동243,1,,대전광역시 대덕구 회덕동 253-7,,,,,042-608-5205,대전광역시 대덕구청,2025-11-13
회덕동244,1,,대전광역시 대덕구 회덕동 218,,,,,042-608-5205,대전광역시 대덕구청,2025-11-13
회덕동245,1,대전광역시 대덕구 신탄진로 162번길 20,,36.3946535,127.4230712,,,042-608-5205,대전광역시 대덕구청,2025-11-13
회덕동246,1,,대전광역시 대덕구 회덕동 198-1,,,,,042-608-5205,대전광역시 대덕구청,2025-11-13
회덕동247,1,,대전광역시 대덕구 회덕동 101,,,,,042-608-5205,대전광역시 대덕구청,2025-11-13
회덕동248,1,대전광역시 대덕구 신탄진로162번길 57,,36.39424928,127.4252404,,,042-608-5205,대전광역시 대덕구청,2025-11-13
회덕동249,1,대전광역시 대덕구 신탄진로162번길 63,,36.39416942,127.425396,,,042-608-5205,대전광역시 대덕구청,2025-11-13
회덕동250,1,,대전광역시 대덕구 회덕동 102-3,,,,,042-608-5205,대전광역시 대덕구청,2025-11-13
덕암동059,1,대전광역시 대덕구 덕암로221번길 33,,36.44016196,127.4221359,,,042-608-5205,대전광역시 대덕구청,2025-11-13
회덕동251,1,대전광역시 대덕구 신탄진로162번길 73,,36.39393719,127.4258272,,,042-608-5205,대전광역시 대덕구청,2025-11-13
회덕동252,1,,대전광역시 대덕구 회덕동 104,,,,,042-608-5205,대전광역시 대덕구청,2025-11-13
회덕동253,1,,대전광역시 대덕구 회덕동 산12-3,,,,,042-608-5205,대전광역시 대덕구청,2025-11-13
회덕동254,1,대전광역시 대덕구 신탄진로162번길 83-10,,36.39414528,127.4260996,,,042-608-5205,대전광역시 대덕구청,2025-11-13
회덕동255,1,대전광역시 대덕구 신탄진로162번길 85,,36.39385923,127.4264599,,,042-608-5205,대전광역시 대덕구청,2025-11-13
회덕동256,1,대전광역시 대덕구 신탄진로162번길 101,,36.39394704,127.4271069,,,042-608-5205,대전광역시 대덕구청,2025-11-13
회덕동257,1,,대전광역시 대덕구 회덕동 114-3,,,,,042-608-5205,대전광역시 대덕구청,2025-11-13
회덕동258,1,,대전광역시 대덕구 회덕동 산15,,,,,042-608-5205,대전광역시 대덕구청,2025-11-13
회덕동259,1,,대전광역시 대덕구 회덕동 112,,,,,042-608-5205,대전광역시 대덕구청,2025-11-13
회덕동260,1,대전광역시 대덕구 신탄진로162번길 119-26,,36.39406372,127.4277407,,,042-608-5205,대전광역시 대덕구청,2025-11-13
덕암동060,1,대전광역시 대덕구 덕암북로22번길 168,,36.43994842,127.4223801,,,042-608-5205,대전광역시 대덕구청,2025-11-13
회덕동261,1,대전광역시 대덕구 신탄진로162번길 119-18,,36.39427915,127.4279782,,,042-608-5205,대전광역시 대덕구청,2025-11-13
회덕동262,1,대전광역시 대덕구 신탄진로162번길125,,36.39393105,127.4285514,,,042-608-5205,대전광역시 대덕구청,2025-11-13
회덕동263,1,대전광역시 대덕구 신탄진로162번길 119-26,,36.39406372,127.4277407,,,042-608-5205,대전광역시 대덕구청,2025-11-13
회덕동264,1,대전광역시 대덕구 신탄진로162번길 143,,36.39408989,127.4294886,,,042-608-5205,대전광역시 대덕구청,2025-11-13
회덕동265,1,,대전광역시 대덕구 회덕동 1-17,,,,,042-608-5205,대전광역시 대덕구청,2025-11-13
회덕동266,1,,대전광역시 대덕구 회덕동 14,,,,,042-608-5205,대전광역시 대덕구청,2025-11-13
회덕동267,1,대전광역시 대덕구 신탄진로162번길 195-5,,36.39483621,127.4324443,,,042-608-5205,대전광역시 대덕구청,2025-11-13
회덕동268,1,대전광역시 대덕구 신탄진로162번길 187,,36.39462163,127.431975,,,042-608-5205,대전광역시 대덕구청,2025-11-13
회덕동269,1,대전광역시 대덕구 신탄진로162번길 226,,36.39292755,127.4329376,,,042-608-5205,대전광역시 대덕구청,2025-11-13
회덕동270,1,,대전광역시 대덕구 회덕동 5-26,,,,,042-608-5205,대전광역시 대덕구청,2025-11-13
덕암동061,1,대전광역시 대덕구 덕암로221번길 30,,36.44052901,127.4223119,,,042-608-5205,대전광역시 대덕구청,2025-11-13
회덕동271,1,,대전광역시 대덕구 회덕동 6-26,,,,,042-608-5205,대전광역시 대덕구청,2025-11-13
회덕동272,1,대전광역시 대덕구 신탄진로190번길26-10,,,,,,042-608-5205,대전광역시 대덕구청,2025-11-13
회덕동273,1,대전광역시 대덕구 신탄진로190번길 20-15,,36.39632943,127.4241549,,,042-608-5205,대전광역시 대덕구청,2025-11-13
회덕동274,1,대전광역시 대덕구 신탄진로190번길 20-25,,36.39607608,127.4244433,,,042-608-5205,대전광역시 대덕구청,2025-11-13
회덕동275,1,대전광역시 대덕구 신탄진로190번길91,,36.39624611,127.4273023,,,042-608-5205,대전광역시 대덕구청,2025-11-13
회덕동276,1,대전광역시 대덕구 신탄진로190번길 83,,36.3962616,127.4270036,,,042-608-5205,대전광역시 대덕구청,2025-11-13
회덕동277,1,대전광역시 대덕구 신탄진로190번길 73,,36.39636739,127.426652,,,042-608-5205,대전광역시 대덕구청,2025-11-13
회덕동278,1,대전광역시 대덕구 신탄진로190번길 71,,36.39653349,127.4265726,,,042-608-5205,대전광역시 대덕구청,2025-11-13
회덕동279,1,대전광역시 대덕구 아리랑로55번길 101,,,,,,042-608-5205,대전광역시 대덕구청,2025-11-13
회덕동280,1,,대전광역시 대덕구 회덕동 453-11,,,,,042-608-5205,대전광역시 대덕구청,2025-11-13
대화동044,1,대전광역시 대덕구 대화14길 16,,36.36519488,127.4182943,,,042-608-5205,대전광역시 대덕구청,2025-11-13
덕암동062,1,대전광역시 대덕구 덕암북로22번길 161,,36.44027209,127.4225915,,,042-608-5205,대전광역시 대덕구청,2025-11-13
회덕동281,1,,대전광역시 대덕구 회덕동 451-1,,,,,042-608-5205,대전광역시 대덕구청,2025-11-13
회덕동282,1,,대전광역시 대덕구 회덕동 439-1,,,,,042-608-5205,대전광역시 대덕구청,2025-11-13
회덕동283,1,대전광역시 대덕구 아리랑로55번길 149,,36.38976768,127.413199,,,042-608-5205,대전광역시 대덕구청,2025-11-13
회덕동284,1,대전광역시 대덕구 아리랑로55번길 187,,36.39281926,127.4136537,,,042-608-5205,대전광역시 대덕구청,2025-11-13
회덕동285,1,,대전광역시 대덕구 회덕동 422-4,,,,,042-608-5205,대전광역시 대덕구청,2025-11-13
회덕동286,1,대전광역시 대덕구 아리랑로55번길 166,,36.39099466,127.4148791,,,042-608-5205,대전광역시 대덕구청,2025-11-13
회덕동287,1,대전광역시 대덕구 아리랑로55번길 162,,36.3907105,127.4147037,,,042-608-5205,대전광역시 대덕구청,2025-11-13
회덕동288,1,대전광역시 대덕구 아리랑로55번길 156,,,,,,042-608-5205,대전광역시 대덕구청,2025-11-13
회덕동289,1,대전광역시 대덕구 아리랑로55번길 126,,36.38812599,127.4146899,,,042-608-5205,대전광역시 대덕구청,2025-11-13
회덕동290,1,,대전광역시 대덕구 회덕동 512-6,,,,,042-608-5205,대전광역시 대덕구청,2025-11-13
덕암동063,1,대전광역시 대덕구 덕암로221번길 17,,36.44022063,127.4228723,,,042-608-5205,대전광역시 대덕구청,2025-11-13
회덕동291,1,대전광역시 대덕구 아리랑로55번길 238,,,,,,042-608-5205,대전광역시 대덕구청,2025-11-13
회덕동292,1,대전광역시 대덕구 아리랑로55번길 238,,,,,,042-608-5205,대전광역시 대덕구청,2025-11-13
회덕동293,1,,대전광역시 대덕구 회덕동 411-18,,,,,042-608-5205,대전광역시 대덕구청,2025-11-13
회덕동294,1,대전광역시 대덕구 회덕로33번길 140,,36.39416592,127.4171921,,,042-608-5205,대전광역시 대덕구청,2025-11-13
회덕동295,1,,대전광역시 대덕구 회덕동 10-1,,,,,042-608-5205,대전광역시 대덕구청,2025-11-13
회덕동296,1,,대전광역시 대덕구 회덕동 10-1,,,,,042-608-5205,대전광역시 대덕구청,2025-11-13
회덕동297,1,,대전광역시 대덕구 회덕동 10-1,,,,,042-608-5205,대전광역시 대덕구청,2025-11-13
회덕동298,1,대전광역시 대덕구 회덕로 97,,,,,,042-608-5205,대전광역시 대덕구청,2025-11-13
회덕동299,1,대전광역시 대덕구 회덕로88,,,,,,042-608-5205,대전광역시 대덕구청,2025-11-13
회덕동300,1,대전광역시 대덕구 회덕로33번길 83,,36.39629057,127.417792,,,042-608-5205,대전광역시 대덕구청,2025-11-13
덕암동064,1,대전광역시 대덕구 덕암북로72번길 90,,36.44044399,127.4229092,,,042-608-5205,대전광역시 대덕구청,2025-11-13
회덕동301,1,대전광역시 대덕구 회덕로33번길 79-5,,36.39647725,127.4180115,,,042-608-5205,대전광역시 대덕구청,2025-11-13
회덕동302,1,대전광역시 대덕구 회덕로 71,,,,,,042-608-5205,대전광역시 대덕구청,2025-11-13
회덕동303,1,,대전광역시 대덕구 회덕동 1-2,,,,,042-608-5205,대전광역시 대덕구청,2025-11-13
회덕동304,1,대전광역시 대덕구 회덕로33번길30-32,,,,,,042-608-5205,대전광역시 대덕구청,2025-11-13
회덕동305,1,대전광역시 대덕구 회덕로33번길 6,,,,,,042-608-5205,대전광역시 대덕구청,2025-11-13
회덕동306,1,대전광역시 대덕구 회덕로33번길 37,,,,,,042-608-5205,대전광역시 대덕구청,2025-11-13
회덕동307,1,대전광역시 대덕구 회덕로34번길 19,,,,,,042-608-5205,대전광역시 대덕구청,2025-11-13
회덕동308,1,대전광역시 대덕구 신탄진로 217,,36.39975823,127.4208828,,,042-608-5205,대전광역시 대덕구청,2025-11-13
회덕동309,1,대전광역시 대덕구 신탄진로 217,,36.39975823,127.4208828,,,042-608-5205,대전광역시 대덕구청,2025-11-13
회덕동310,1,,대전광역시 대덕구 회덕동 157-1,,,,,042-608-5205,대전광역시 대덕구청,2025-11-13
덕암동065,1,대전광역시 대덕구 덕암북로72번길 90,,36.44044399,127.4229092,,,042-608-5205,대전광역시 대덕구청,2025-11-13
회덕동311,1,대전광역시 대덕구 회덕로33번길 6-9,,36.39877742,127.418929,,,042-608-5205,대전광역시 대덕구청,2025-11-13
회덕동312,1,대전광역시 대덕구 회덕로33번길 6-7,,36.39872322,127.4189643,,,042-608-5205,대전광역시 대덕구청,2025-11-13
회덕동313,1,대전광역시 대덕구 회덕로34번길 51,,36.40068552,127.4206292,,,042-608-5205,대전광역시 대덕구청,2025-11-13
회덕동314,1,대전광역시 대덕구 회덕로34번길 70,,36.40134746,127.4217168,,,042-608-5205,대전광역시 대덕구청,2025-11-13
회덕동315,1,,대전광역시 대덕구 회덕동 494-5,,,,,042-608-5205,대전광역시 대덕구청,2025-11-13
회덕동316,1,,대전광역시 대덕구 회덕동 496-3,,,,,042-608-5205,대전광역시 대덕구청,2025-11-13
회덕동317,1,대전광역시 대덕구 신탄진로 217,,36.39975823,127.4208828,,,042-608-5205,대전광역시 대덕구청,2025-11-13
회덕동318,1,대전광역시 대덕구 신탄진로 217,,36.39975823,127.4208828,,,042-608-5205,대전광역시 대덕구청,2025-11-13
회덕동319,1,대전광역시 대덕구 신탄진로 217,,36.39975823,127.4208828,,,042-608-5205,대전광역시 대덕구청,2025-11-13
회덕동320,1,대전광역시 대덕구 신탄진로 217,,36.39975823,127.4208828,,,042-608-5205,대전광역시 대덕구청,2025-11-13
덕암동066,1,대전광역시 대덕구 덕암북로72번길 80,,36.44096584,127.4231396,,,042-608-5205,대전광역시 대덕구청,2025-11-13
회덕동321,1,대전광역시 대덕구 회덕로33번길 4,,36.39863515,127.4194098,,,042-608-5205,대전광역시 대덕구청,2025-11-13
회덕동322,1,대전광역시 대덕구 회덕로22번길 15,,36.39920378,127.4206925,,,042-608-5205,대전광역시 대덕구청,2025-11-13
회덕동323,1,,대전광역시 대덕구 회덕동 504-3,,,,,042-608-5205,대전광역시 대덕구청,2025-11-13
회덕동324,1,,대전광역시 대덕구 회덕동 504-3,,,,,042-608-5205,대전광역시 대덕구청,2025-11-13
회덕동325,1,대전광역시 대덕구 회덕로 20,,36.39871193,127.4211491,,,042-608-5205,대전광역시 대덕구청,2025-11-13
회덕동326,1,대전광역시 대덕구 신탄진로 217,,36.39975823,127.4208828,,,042-608-5205,대전광역시 대덕구청,2025-11-13
회덕동327,1,대전광역시 대덕구 회덕로 12-15,,36.39881507,127.4215465,,,042-608-5205,대전광역시 대덕구청,2025-11-13
회덕동328,1,대전광역시 대덕구 신탄진로 217,,36.39975823,127.4208828,,,042-608-5205,대전광역시 대덕구청,2025-11-13
회덕동329,1,대전광역시 대덕구 회덕로 12-26,,36.39921991,127.4212277,,,042-608-5205,대전광역시 대덕구청,2025-11-13
회덕동330,1,대전광역시 대덕구 회덕로 12-49,,36.39934736,127.4208627,,,042-608-5205,대전광역시 대덕구청,2025-11-13
덕암동067,1,대전광역시 대덕구 덕암로233번길 24,,36.44250914,127.4229963,,,042-608-5205,대전광역시 대덕구청,2025-11-13
회덕동331,1,,대전광역시 대덕구 회덕동 220-22,,,,,042-608-5205,대전광역시 대덕구청,2025-11-13
회덕동332,1,대전광역시 대덕구 회덕로22번길 5,,36.39875041,127.4204582,,,042-608-5205,대전광역시 대덕구청,2025-11-13
회덕동333,1,대전광역시 대덕구 회덕로34번길 6,,36.39889689,127.419808,,,042-608-5205,대전광역시 대덕구청,2025-11-13
회덕동334,1,,대전광역시 대덕구 회덕동 166-3,,,,,042-608-5205,대전광역시 대덕구청,2025-11-13
회덕동335,1,대전광역시 대덕구 신탄진로 217,,36.39975823,127.4208828,,,042-608-5205,대전광역시 대덕구청,2025-11-13
회덕동336,1,대전광역시 대덕구 신탄진로 217,,36.39975823,127.4208828,,,042-608-5205,대전광역시 대덕구청,2025-11-13
회덕동337,1,대전광역시 대덕구 신탄진로 217,,36.39975823,127.4208828,,,042-608-5205,대전광역시 대덕구청,2025-11-13
회덕동338,1,대전광역시 대덕구 신탄진로 217,,36.39975823,127.4208828,,,042-608-5205,대전광역시 대덕구청,2025-11-13
회덕동339,1,,대전광역시 대덕구 회덕동 12-1,,,,,042-608-5205,대전광역시 대덕구청,2025-11-13
회덕동340,1,대전광역시 대덕구 회덕로 4,,36.39855517,127.4226688,,,042-608-5205,대전광역시 대덕구청,2025-11-13
덕암동068,1,대전광역시 대덕구 덕암로233번길 24,,36.44250914,127.4229963,,,042-608-5205,대전광역시 대덕구청,2025-11-13
회덕동341,1,대전광역시 대덕구 회덕로 7,,36.39822473,127.4223326,,,042-608-5205,대전광역시 대덕구청,2025-11-13
회덕동342,1,대전광역시 대덕구 회덕로 7-1,,36.39809153,127.4222828,,,042-608-5205,대전광역시 대덕구청,2025-11-13
회덕동343,1,대전광역시 대덕구 회덕로 9-2,,36.39807442,127.4220241,,,042-608-5205,대전광역시 대덕구청,2025-11-13
회덕동344,1,대전광역시 대덕구 신탄진로 189,,36.39720475,127.4222914,,,042-608-5205,대전광역시 대덕구청,2025-11-13
회덕동345,1,대전광역시 대덕구 회덕로 13-1,,36.39826243,127.4218646,,,042-608-5205,대전광역시 대덕구청,2025-11-13
회덕동346,1,대전광역시 대덕구 회덕로 13-8,,36.39811933,127.4215562,,,042-608-5205,대전광역시 대덕구청,2025-11-13
회덕동347,1,대전광역시 대덕구 회덕로 19-15,,36.39802991,127.4213595,,,042-608-5205,대전광역시 대덕구청,2025-11-13
회덕동348,1,대전광역시 대덕구 회덕로 19-14,,36.39791481,127.4212875,,,042-608-5205,대전광역시 대덕구청,2025-11-13
회덕동349,1,대전광역시 대덕구 회덕로 19,,36.3982581,127.4210486,,,042-608-5205,대전광역시 대덕구청,2025-11-13
회덕동350,1,대전광역시 대덕구 회덕로 21,,36.39830932,127.4208348,,,042-608-5205,대전광역시 대덕구청,2025-11-13
덕암동069,1,대전광역시 대덕구 덕암로233번길 24,,36.44250914,127.4229963,,,042-608-5205,대전광역시 대덕구청,2025-11-13
회덕동351,1,,대전광역시 대덕구 회덕동 228-1,,,,,042-608-5205,대전광역시 대덕구청,2025-11-13
회덕동352,1,대전광역시 대덕구 회덕로21번길 19-22,,36.39751499,127.4212051,,,042-608-5205,대전광역시 대덕구청,2025-11-13
회덕동353,1,대전광역시 대덕구 회덕로21번길 19-24,,36.3975181,127.4213433,,,042-608-5205,대전광역시 대덕구청,2025-11-13
회덕동354,1,대전광역시 대덕구 회덕로21번길 27-1,,36.39717779,127.4217606,,,042-608-5205,대전광역시 대덕구청,2025-11-13
회덕동355,1,대전광역시 대덕구 신탄진로 189,,36.39720475,127.4222914,,,042-608-5205,대전광역시 대덕구청,2025-11-13
회덕동356,1,대전광역시 대덕구 신탄진로 189,,36.39720475,127.4222914,,,042-608-5205,대전광역시 대덕구청,2025-11-13
회덕동357,1,대전광역시 대덕구 신탄진로 189,,36.39720475,127.4222914,,,042-608-5205,대전광역시 대덕구청,2025-11-13
회덕동358,1,대전광역시 대덕구 신탄진로 189,,36.39720475,127.4222914,,,042-608-5205,대전광역시 대덕구청,2025-11-13
회덕동359,1,대전광역시 대덕구 신탄진로 193,,36.3977325,127.4228962,,,042-608-5205,대전광역시 대덕구청,2025-11-13
회덕동360,1,대전광역시 대덕구 회덕로21번길 14,,36.39778093,127.4204084,,,042-608-5205,대전광역시 대덕구청,2025-11-13
덕암동070,1,대전광역시 대덕구 덕암로233번길 24,,36.44250914,127.4229963,,,042-608-5205,대전광역시 대덕구청,2025-11-13
회덕동361,1,,대전광역시 대덕구 회덕동 502-18,,,,,042-608-5205,대전광역시 대덕구청,2025-11-13
회덕동362,1,,대전광역시 대덕구 회덕동 502-20,,,,,042-608-5205,대전광역시 대덕구청,2025-11-13
회덕동363,1,대전광역시 대덕구 회덕로21번길 14,,36.39778093,127.4204084,,,042-608-5205,대전광역시 대덕구청,2025-11-13
회덕동364,1,대전광역시 대덕구 회덕로21번길 20-31,,36.39798779,127.4200127,,,042-608-5205,대전광역시 대덕구청,2025-11-13
회덕동365,1,대전광역시 대덕구 회덕로21번길 20-22,,36.39834104,127.4200146,,,042-608-5205,대전광역시 대덕구청,2025-11-13
회덕동366,1,대전광역시 대덕구 회덕로21번길 20-59,,36.39825974,127.4195593,,,042-608-5205,대전광역시 대덕구청,2025-11-13
회덕동367,1,,대전광역시 대덕구 회덕동 1-1,,,,,042-608-5205,대전광역시 대덕구청,2025-11-13
회덕동368,1,대전광역시 대덕구 회덕로21번길 30-7,,36.3969426,127.4199669,,,042-608-5205,대전광역시 대덕구청,2025-11-13
회덕동369,1,대전광역시 대덕구 회덕로21번길 30-10,,36.39737064,127.4202278,,,042-608-5205,대전광역시 대덕구청,2025-11-13
회덕동370,1,대전광역시 대덕구 회덕로21번길 30-3,,36.39640611,127.4197946,,,042-608-5205,대전광역시 대덕구청,2025-11-13
덕암동071,1,대전광역시 대덕구 덕암로233번길 24,,36.44250914,127.4229963,,,042-608-5205,대전광역시 대덕구청,2025-11-13
회덕동371,1,,대전광역시 대덕구 회덕동 393,,,,,042-608-5205,대전광역시 대덕구청,2025-11-13
회덕동372,1,대전광역시 대덕구 회덕로21번길 49,,36.39628695,127.4208774,,,042-608-5205,대전광역시 대덕구청,2025-11-13
회덕동373,1,대전광역시 대덕구 회덕로21번길 71,,36.39583836,127.4213343,,,042-608-5205,대전광역시 대덕구청,2025-11-13
회덕동374,1,대전광역시 대덕구 회덕로21번길 19-10,,36.39752662,127.4209733,,,042-608-5205,대전광역시 대덕구청,2025-11-13
회덕동375,1,대전광역시 대덕구 신탄진로210번길 166,,36.39847003,127.4313587,,,042-608-5205,대전광역시 대덕구청,2025-11-13
회덕동376,1,대전광역시 대덕구 신탄진로210번길 174,,36.39880555,127.4312803,,,042-608-5205,대전광역시 대덕구청,2025-11-13
회덕동377,1,,대전광역시 대덕구 회덕동 12,,,,,042-608-5205,대전광역시 대덕구청,2025-11-13
회덕동378,1,,대전광역시 대덕구 회덕동 9-2,,,,,042-608-5205,대전광역시 대덕구청,2025-11-13
회덕동379,1,,대전광역시 대덕구 회덕동 9-2,,,,,042-608-5205,대전광역시 대덕구청,2025-11-13
회덕동380,1,,대전광역시 대덕구 회덕동 12-7,,,,,042-608-5205,대전광역시 대덕구청,2025-11-13
대화동045,1,대전광역시 대덕구 대화14길 26,,36.3646617,127.4182023,,,042-608-5205,대전광역시 대덕구청,2025-11-13
덕암동072,1,대전광역시 대덕구 덕암북로72번길 45,,36.44222717,127.4242395,,,042-608-5205,대전광역시 대덕구청,2025-11-13
회덕동381,1,,대전광역시 대덕구 회덕동 12-7,,,,,042-608-5205,대전광역시 대덕구청,2025-11-13
회덕동382,1,대전광역시 대덕구 신탄진로 200,,36.39791698,127.423731,,,042-608-5205,대전광역시 대덕구청,2025-11-13
회덕동383,1,대전광역시 대덕구 신탄진로218번길 12,,36.39835755,127.4255348,,,042-608-5205,대전광역시 대덕구청,2025-11-13
회덕동384,1,대전광역시 대덕구 신탄진로210번길 31,,36.39855806,127.4249027,,,042-608-5205,대전광역시 대덕구청,2025-11-13
회덕동385,1,대전광역시 대덕구 신탄진로218번길 12,,36.39835755,127.4255348,,,042-608-5205,대전광역시 대덕구청,2025-11-13
회덕동386,1,대전광역시 대덕구 신탄진로218번길 12,,36.39835755,127.4255348,,,042-608-5205,대전광역시 대덕구청,2025-11-13
회덕동387,1,대전광역시 대덕구 신탄진로218번길 12,,36.39835755,127.4255348,,,042-608-5205,대전광역시 대덕구청,2025-11-13
회덕동388,1,대전광역시 대덕구 신탄진로218번길 4,,36.39977417,127.4235092,,,042-608-5205,대전광역시 대덕구청,2025-11-13
회덕동389,1,대전광역시 대덕구 신탄진로218번길 4,,36.39977417,127.4235092,,,042-608-5205,대전광역시 대덕구청,2025-11-13
회덕동390,1,대전광역시 대덕구 신탄진로218번길 25,,36.40030207,127.4240694,,,042-608-5205,대전광역시 대덕구청,2025-11-13
덕암동073,1,대전광역시 대덕구 덕암북로72번길 37,,36.4425872,127.4243619,,,042-608-5205,대전광역시 대덕구청,2025-11-13
회덕동391,1,대전광역시 대덕구 신탄진로218번길 28,,36.40049261,127.4242132,,,042-608-5205,대전광역시 대덕구청,2025-11-13
회덕동392,1,대전광역시 대덕구 신탄진로218번길 32,,36.40069081,127.4242276,,,042-608-5205,대전광역시 대덕구청,2025-11-13
회덕동393,1,대전광역시 대덕구 신탄진로218번길 34,,36.40087085,127.4242821,,,042-608-5205,대전광역시 대덕구청,2025-11-13
회덕동394,1,대전광역시 대덕구 신탄진로232번길 36,,36.4007688,127.4245981,,,042-608-5205,대전광역시 대덕구청,2025-11-13
회덕동395,1,대전광역시 대덕구 신탄진로232번길 40,,36.40061083,127.4244189,,,042-608-5205,대전광역시 대덕구청,2025-11-13
회덕동396,1,대전광역시 대덕구 신탄진로218번길 22,,36.40116102,127.4258042,,,042-608-5205,대전광역시 대덕구청,2025-11-13
회덕동397,1,대전광역시 대덕구 신탄진로232번길 10,,36.40076199,127.4234685,,,042-608-5205,대전광역시 대덕구청,2025-11-13
회덕동398,1,대전광역시 대덕구 신탄진로232번길 11,,36.401227,127.423468,,,042-608-5205,대전광역시 대덕구청,2025-11-13
회덕동399,1,대전광역시 대덕구 신탄진로232번길 10,,36.40076199,127.4234685,,,042-608-5205,대전광역시 대덕구청,2025-11-13
회덕동400,1,대전광역시 대덕구 신탄진로218번길 7,,36.40020984,127.4236498,,,042-608-5205,대전광역시 대덕구청,2025-11-13
덕암동074,1,대전광역시 대덕구 덕암북로72번길 33,,36.44277452,127.4243941,,,042-608-5205,대전광역시 대덕구청,2025-11-13
회덕동401,1,대전광역시 대덕구 신탄진로218번길 25,,36.40030207,127.4240694,,,042-608-5205,대전광역시 대덕구청,2025-11-13
회덕동402,1,대전광역시 대덕구 신탄진로218번길 51,,36.40146029,127.4237547,,,042-608-5205,대전광역시 대덕구청,2025-11-13
회덕동403,1,대전광역시 대덕구 신탄진로218번길 57-29,,36.4013247,127.4233615,,,042-608-5205,대전광역시 대덕구청,2025-11-13
회덕동404,1,대전광역시 대덕구 신탄진로218번길 57-33,,36.40152737,127.4231352,,,042-608-5205,대전광역시 대덕구청,2025-11-13
회덕동405,1,대전광역시 대덕구 신탄진로218번길 57-37,,,,,,042-608-5205,대전광역시 대덕구청,2025-11-13
회덕동406,1,,대전광역시 대덕구 회덕동 238-1,,,,,042-608-5205,대전광역시 대덕구청,2025-11-13
회덕동407,1,대전광역시 대덕구 신탄진로 240,,36.40184942,127.4227847,,,042-608-5205,대전광역시 대덕구청,2025-11-13
회덕동408,1,,대전광역시 대덕구 회덕동 360-8,,,,,042-608-5205,대전광역시 대덕구청,2025-11-13
회덕동409,1,대전광역시 대덕구 신탄진로254번길 8-9,,36.40244249,127.4232651,,,042-608-5205,대전광역시 대덕구청,2025-11-13
회덕동410,1,대전광역시 대덕구 신탄진로254번길 8-9,,36.40244249,127.4232651,,,042-608-5205,대전광역시 대덕구청,2025-11-13
덕암동075,1,대전광역시 대덕구 덕암북로72번길37,,36.4425872,127.4243619,,,042-608-5205,대전광역시 대덕구청,2025-11-13
회덕동411,1,대전광역시 대덕구 신탄진로254번길 8-5,,36.40261172,127.4233195,,,042-608-5205,대전광역시 대덕구청,2025-11-13
회덕동412,1,대전광역시 대덕구 신탄진로218번길57-9,,36.40167438,127.4233545,,,042-608-5205,대전광역시 대덕구청,2025-11-13
회덕동413,1,,대전광역시 대덕구 회덕동 369-11,,,,,042-608-5205,대전광역시 대덕구청,2025-11-13
회덕동414,1,,대전광역시 대덕구 회덕동 369-11,,,,,042-608-5205,대전광역시 대덕구청,2025-11-13
회덕동415,1,대전광역시 대덕구 신탄진로218번길 67,,36.40212437,127.423522,,,042-608-5205,대전광역시 대덕구청,2025-11-13
회덕동416,1,대전광역시 대덕구 신탄진로218번길 73,,36.40245199,127.4236352,,,042-608-5205,대전광역시 대덕구청,2025-11-13
회덕동417,1,대전광역시 대덕구 신탄진로254번길 7,,36.40294683,127.4233525,,,042-608-5205,대전광역시 대덕구청,2025-11-13
회덕동418,1,대전광역시 대덕구 신탄진로254번길 7,,36.40294683,127.4233525,,,042-608-5205,대전광역시 대덕구청,2025-11-13
회덕동419,1,대전광역시 대덕구 신탄진로218번길 88,,36.40303053,127.4241467,,,042-608-5205,대전광역시 대덕구청,2025-11-13
회덕동420,1,대전광역시 대덕구 신탄진로218번길 93,,36.40340925,127.4240819,,,042-608-5205,대전광역시 대덕구청,2025-11-13
덕암동076,1,대전광역시 대덕구 덕암북로22번길 89-14,,36.44325079,127.4232501,,,042-608-5205,대전광역시 대덕구청,2025-11-13
회덕동421,1,,대전광역시 대덕구 회덕동 346-21,,,,,042-608-5205,대전광역시 대덕구청,2025-11-13
회덕동422,1,,대전광역시 대덕구 회덕동 346-19,,,,,042-608-5205,대전광역시 대덕구청,2025-11-13
회덕동423,1,대전광역시 대덕구 신탄진로218번길 84-25,,36.40349308,127.4248359,,,042-608-5205,대전광역시 대덕구청,2025-11-13
회덕동424,1,대전광역시 대덕구 신탄진로218번길 84-25,,36.40349308,127.4248359,,,042-608-5205,대전광역시 대덕구청,2025-11-13
회덕동425,1,대전광역시 대덕구 신탄진로218번길 84,,36.40300465,127.4243294,,,042-608-5205,대전광역시 대덕구청,2025-11-13
회덕동426,1,대전광역시 대덕구 신탄진로254번길 23,,36.4027922,127.4242658,,,042-608-5205,대전광역시 대덕구청,2025-11-13
회덕동427,1,대전광역시 대덕구 신탄진로254번길 31,,36.40274412,127.4246089,,,042-608-5205,대전광역시 대덕구청,2025-11-13
회덕동428,1,,대전광역시 대덕구 회덕동 110,,,,,042-608-5205,대전광역시 대덕구청,2025-11-13
회덕동429,1,,대전광역시 대덕구 회덕동 93-17,,,,,042-608-5205,대전광역시 대덕구청,2025-11-13
회덕동430,1,대전광역시 대덕구 장동로 9,,36.40447015,127.4260663,,,042-608-5205,대전광역시 대덕구청,2025-11-13
덕암동077,1,대전광역시 대덕구 덕암북로22번길 89-14,,36.44325079,127.4232501,,,042-608-5205,대전광역시 대덕구청,2025-11-13
회덕동431,1,,대전광역시 대덕구 회덕동 산 39-1,,,,,042-608-5205,대전광역시 대덕구청,2025-11-13
회덕동432,1,,대전광역시 대덕구 회덕동 산 39-1,,,,,042-608-5205,대전광역시 대덕구청,2025-11-13
회덕동433,1,대전광역시 대덕구 신탄진로232-42,,,,,,042-608-5205,대전광역시 대덕구청,2025-11-13
회덕동434,1,대전광역시 대덕구 신탄진로218번길 22,,36.40116102,127.4258042,,,042-608-5205,대전광역시 대덕구청,2025-11-13
회덕동435,1,,대전광역시 대덕구 회덕동 64,,,,,042-608-5205,대전광역시 대덕구청,2025-11-13
회덕동436,1,대전광역시 대덕구 신탄진로218번길 62,,36.40155509,127.4244642,,,042-608-5205,대전광역시 대덕구청,2025-11-13
회덕동437,1,대전광역시 대덕구 신탄진로218번길 22,,36.40116102,127.4258042,,,042-608-5205,대전광역시 대덕구청,2025-11-13
회덕동438,1,,대전광역시 대덕구 회덕동 79-5,,,,,042-608-5205,대전광역시 대덕구청,2025-11-13
회덕동439,1,대전광역시 대덕구 신탄진로232번길 77,,36.40161489,127.4269036,,,042-608-5205,대전광역시 대덕구청,2025-11-13
회덕동440,1,대전광역시 대덕구 신탄진로232번길 81,,36.40142667,127.4271211,,,042-608-5205,대전광역시 대덕구청,2025-11-13
덕암동078,1,대전광역시 대덕구 덕암로249번길 30,,36.44299703,127.4226375,,,042-608-5205,대전광역시 대덕구청,2025-11-13
회덕동441,1,대전광역시 대덕구 신탄진로232번길 90,,36.40112565,127.4276322,,,042-608-5205,대전광역시 대덕구청,2025-11-13
회덕동442,1,,대전광역시 대덕구 회덕동 90,,,,,042-608-5205,대전광역시 대덕구청,2025-11-13
회덕동443,1,,대전광역시 대덕구 회덕동 92-6,,,,,042-608-5205,대전광역시 대덕구청,2025-11-13
회덕동444,1,대전광역시 대덕구 신탄진로232번길 111,,36.40176513,127.4282332,,,042-608-5205,대전광역시 대덕구청,2025-11-13
회덕동445,1,,대전광역시 대덕구 회덕동 75,,,,,042-608-5205,대전광역시 대덕구청,2025-11-13
회덕동446,1,,대전광역시 대덕구 회덕동 73,,,,,042-608-5205,대전광역시 대덕구청,2025-11-13
회덕동447,1,,대전광역시 대덕구 회덕동 77-2,,,,,042-608-5205,대전광역시 대덕구청,2025-11-13
회덕동448,1,대전광역시 대덕구 신탄진로232번길 67,,36.40157026,127.4262791,,,042-608-5205,대전광역시 대덕구청,2025-11-13
회덕동449,1,,대전광역시 대덕구 회덕동 406-5,,,,,042-608-5205,대전광역시 대덕구청,2025-11-13
회덕동450,1,,대전광역시 대덕구 회덕동 산 39-8,,,,,042-608-5205,대전광역시 대덕구청,2025-11-13
덕암동079,1,대전광역시 대덕구 덕암북로22번길 122-2,,36.44198345,127.4218112,,,042-608-5205,대전광역시 대덕구청,2025-11-13
회덕동451,1,,대전광역시 대덕구 회덕동 423,,,,,042-608-5205,대전광역시 대덕구청,2025-11-13
회덕동452,1,,대전광역시 대덕구 회덕동 348-7,,,,,042-608-5205,대전광역시 대덕구청,2025-11-13
회덕동453,1,대전광역시 대덕구 신탄진로 347,,36.41095708,127.4241719,,,042-608-5205,대전광역시 대덕구청,2025-11-13
회덕동454,1,대전광역시 대덕구 신탄진로318번길 12,,36.40776433,127.4249127,,,042-608-5205,대전광역시 대덕구청,2025-11-13
회덕동455,1,대전광역시 대덕구 신탄진로348번길 2-65,,36.40960437,127.4254578,,,042-608-5205,대전광역시 대덕구청,2025-11-13
회덕동456,1,대전광역시 대덕구 신탄진로348번길 2-41,,36.41074739,127.4253615,,,042-608-5205,대전광역시 대덕구청,2025-11-13
회덕동457,1,대전광역시 대덕구 신탄진로348번길 2-13,,36.4109304,127.4255944,,,042-608-5205,대전광역시 대덕구청,2025-11-13
회덕동458,1,대전광역시 대덕구 신탄진로348번길5,,,,,,042-608-5205,대전광역시 대덕구청,2025-11-13
회덕동459,1,대전광역시 대덕구 신탄진로348번길 18,,36.41136204,127.425851,,,042-608-5205,대전광역시 대덕구청,2025-11-13
회덕동460,1,,대전광역시 대덕구 회덕동 3-15,,,,,042-608-5205,대전광역시 대덕구청,2025-11-13
덕암동080,1,대전광역시 대덕구 덕암로233번길 36,,36.44151263,127.4224377,,,042-608-5205,대전광역시 대덕구청,2025-11-13
회덕동461,1,,대전광역시 대덕구 회덕동 11-2,,,,,042-608-5205,대전광역시 대덕구청,2025-11-13
회덕동462,1,대전광역시 대덕구 신탄진로348번길 21,,36.41161114,127.4257453,,,042-608-5205,대전광역시 대덕구청,2025-11-13
회덕동463,1,대전광역시 대덕구 신탄진로350번길 17,,36.41195853,127.4253681,,,042-608-5205,대전광역시 대덕구청,2025-11-13
회덕동464,1,,대전광역시 대덕구 회덕동 391-4,,,,,042-608-5205,대전광역시 대덕구청,2025-11-13
회덕동465,1,대전광역시 대덕구 신탄진로232번길 26,,36.40110445,127.4244796,,,042-608-5205,대전광역시 대덕구청,2025-11-13
회덕동466,1,대전광역시 대덕구 신탄진로348번길 38,,36.41203541,127.4260464,,,042-608-5205,대전광역시 대덕구청,2025-11-13
회덕동467,1,대전광역시 대덕구 신탄진로350번길 29,,36.41256432,127.425309,,,042-608-5205,대전광역시 대덕구청,2025-11-13
회덕동468,1,대전광역시 대덕구 신탄진로368번길 18,,36.41277639,127.4254796,,,042-608-5205,대전광역시 대덕구청,2025-11-13
회덕동469,1,대전광역시 대덕구 신탄진로350번길 42,,36.41271641,127.4261259,,,042-608-5205,대전광역시 대덕구청,2025-11-13
회덕동470,1,대전광역시 대덕구 신탄진로368번길 14,,36.41280643,127.4251408,,,042-608-5205,대전광역시 대덕구청,2025-11-13
덕암동081,1,대전광역시 대덕구 덕암로233번길 24,,36.44250914,127.4229963,,,042-608-5205,대전광역시 대덕구청,2025-11-13
회덕동471,1,대전광역시 대덕구 신탄진로368번길18,,36.41277639,127.4254796,,,042-608-5205,대전광역시 대덕구청,2025-11-13
회덕동472,1,대전광역시 대덕구 신탄진로376번길 33,,36.41324105,127.4255758,,,042-608-5205,대전광역시 대덕구청,2025-11-13
회덕동473,1,대전광역시 대덕구 신탄진로376번길 23,,36.41353781,127.4252429,,,042-608-5205,대전광역시 대덕구청,2025-11-13
회덕동474,1,대전광역시 대덕구 신탄진로376번길 26,,36.41340483,127.4251352,,,042-608-5205,대전광역시 대덕구청,2025-11-13
회덕동475,1,대전광역시 대덕구 신탄진로376번길19,,36.41405592,127.4255133,,,042-608-5205,대전광역시 대덕구청,2025-11-13
회덕동476,1,,대전광역시 대덕구 회덕동 175-3,,,,,042-608-5205,대전광역시 대덕구청,2025-11-13
회덕동477,1,대전광역시 대덕구 신탄진로376번길 3,,36.41364163,127.4244318,,,042-608-5205,대전광역시 대덕구청,2025-11-13
회덕동478,1,대전광역시 대덕구 신탄진로376번길 6,,36.41335628,127.4245953,,,042-608-5205,대전광역시 대덕구청,2025-11-13
회덕동479,1,대전광역시 대덕구 장동로195,,36.41274122,127.4352372,,,042-608-5205,대전광역시 대덕구청,2025-11-13
회덕동480,1,대전광역시 대덕구 장동로 223-37,,36.41520143,127.4357237,,,042-608-5205,대전광역시 대덕구청,2025-11-13
대화동046,1,대전광역시 대덕구 대화14길 22,,36.36489226,127.4182436,,,042-608-5205,대전광역시 대덕구청,2025-11-13
덕암동082,1,대전광역시 대덕구 덕암로233번길 24,,36.44250914,127.4229963,,,042-608-5205,대전광역시 대덕구청,2025-11-13
회덕동481,1,대전광역시 대덕구 장동로 223-37,,36.41520143,127.4357237,,,042-608-5205,대전광역시 대덕구청,2025-11-13
회덕동482,1,대전광역시 대덕구 장동로223-26,,36.41458688,127.437192,,,042-608-5205,대전광역시 대덕구청,2025-11-13
회덕동483,1,대전광역시 대덕구 장동로 223-10,,36.41406112,127.4380319,,,042-608-5205,대전광역시 대덕구청,2025-11-13
회덕동484,1,,대전광역시 대덕구 회덕동 156,,,,,042-608-5205,대전광역시 대덕구청,2025-11-13
회덕동485,1,대전광역시 대덕구 장동로 233-17,,36.41440521,127.4385646,,,042-608-5205,대전광역시 대덕구청,2025-11-13
회덕동486,1,대전광역시 대덕구 장동로 233-19,,36.41484499,127.4385626,,,042-608-5205,대전광역시 대덕구청,2025-11-13
회덕동487,1,대전광역시 대덕구 장동로 233-19,,36.41484499,127.4385626,,,042-608-5205,대전광역시 대덕구청,2025-11-13
회덕동488,1,,대전광역시 대덕구 회덕동 349-3,,,,,042-608-5205,대전광역시 대덕구청,2025-11-13
회덕동489,1,대전광역시 대덕구 장동로234번길 11,,36.41401059,127.4400118,,,042-608-5205,대전광역시 대덕구청,2025-11-13
회덕동490,1,대전광역시 대덕구 장동로234번길 27,,36.41437236,127.4406337,,,042-608-5205,대전광역시 대덕구청,2025-11-13
덕암동083,1,대전광역시 대덕구 덕암북로22번길 148,,36.44081753,127.4222688,,,042-608-5205,대전광역시 대덕구청,2025-11-13
회덕동491,1,대전광역시 대덕구 장동로 245-1,,36.41481168,127.4397799,,,042-608-5205,대전광역시 대덕구청,2025-11-13
회덕동492,1,대전광역시 대덕구 장동로 252,,,,,,042-608-5205,대전광역시 대덕구청,2025-11-13
회덕동493,1,대전광역시 대덕구 장동로234번길 27-9,,36.41465683,127.4407156,,,042-608-5205,대전광역시 대덕구청,2025-11-13
회덕동494,1,대전광역시 대덕구 장동로228번길87-21,,36.41600213,127.4414859,,,042-608-5205,대전광역시 대덕구청,2025-11-13
회덕동495,1,대전광역시 대덕구 장동로228번길 87-20,,36.4159536,127.441936,,,042-608-5205,대전광역시 대덕구청,2025-11-13
회덕동496,1,,대전광역시 대덕구 회덕동 136-1,,,,,042-608-5205,대전광역시 대덕구청,2025-11-13
회덕동497,1,대전광역시 대덕구 장동로 257-12,,36.41607916,127.4401483,,,042-608-5205,대전광역시 대덕구청,2025-11-13
회덕동498,1,대전광역시 대덕구 장동로 257-16,,36.41590019,127.4398039,,,042-608-5205,대전광역시 대덕구청,2025-11-13
회덕동499,1,대전광역시 대덕구 장동로 263-7,,36.41629074,127.4404439,,,042-608-5205,대전광역시 대덕구청,2025-11-13
회덕동500,1,대전광역시 대덕구 장동로 277-13,,36.41775186,127.4410854,,,042-608-5205,대전광역시 대덕구청,2025-11-13
덕암동084,1,대전광역시 대덕구 덕암북로4번길 165,,36.44072065,127.4211217,,,042-608-5205,대전광역시 대덕구청,2025-11-13
회덕동501,1,대전광역시 대덕구 장동로 263-13,,36.41647166,127.4402576,,,042-608-5205,대전광역시 대덕구청,2025-11-13
회덕동502,1,대전광역시 대덕구 장동로 263-18,,36.41667324,127.4403345,,,042-608-5205,대전광역시 대덕구청,2025-11-13
회덕동503,1,대전광역시 대덕구 장동로 263-18,,36.41667324,127.4403345,,,042-608-5205,대전광역시 대덕구청,2025-11-13
회덕동504,1,대전광역시 대덕구 장동로 263-14,,36.41664384,127.440486,,,042-608-5205,대전광역시 대덕구청,2025-11-13
회덕동505,1,대전광역시 대덕구 장동로 263-14,,36.41664384,127.440486,,,042-608-5205,대전광역시 대덕구청,2025-11-13
회덕동506,1,대전광역시 대덕구 장동로269-29,,36.41698916,127.4406842,,,042-608-5205,대전광역시 대덕구청,2025-11-13
회덕동507,1,대전광역시 대덕구 장동로 269-37,,36.41712142,127.4409838,,,042-608-5205,대전광역시 대덕구청,2025-11-13
회덕동508,1,대전광역시 대덕구 장동로 277-9,,36.41739239,127.4408158,,,042-608-5205,대전광역시 대덕구청,2025-11-13
회덕동509,1,대전광역시 대덕구 장동로 244-1,,36.41451349,127.4404874,,,042-608-5205,대전광역시 대덕구청,2025-11-13
회덕동510,1,대전광역시 대덕구 장동로 229-13,,36.41386905,127.4383118,,,042-608-5205,대전광역시 대덕구청,2025-11-13
덕암동085,1,대전광역시 대덕구 덕암북로4번길 157,,36.44114259,127.421066,,,042-608-5205,대전광역시 대덕구청,2025-11-13
회덕동511,1,대전광역시 대덕구 장동로 229-14,,36.41402426,127.4382547,,,042-608-5205,대전광역시 대덕구청,2025-11-13
회덕동512,1,대전광역시 대덕구 장동로 277-1,,36.41731447,127.4414175,,,042-608-5205,대전광역시 대덕구청,2025-11-13
회덕동513,1,대전광역시 대덕구 장동로 277-7,,36.41753509,127.441218,,,042-608-5205,대전광역시 대덕구청,2025-11-13
회덕동514,1,대전광역시 대덕구 장동로 277-21,,36.41816257,127.4411457,,,042-608-5205,대전광역시 대덕구청,2025-11-13
회덕동515,1,대전광역시 대덕구 장동로 277-27,,36.41843648,127.4411562,,,042-608-5205,대전광역시 대덕구청,2025-11-13
회덕동516,1,,대전광역시 대덕구 회덕동 113-1,,,,,042-608-5205,대전광역시 대덕구청,2025-11-13
회덕동517,1,대전광역시 대덕구 장동로 283-21,,36.41830552,127.4414811,,,042-608-5205,대전광역시 대덕구청,2025-11-13
회덕동518,1,대전광역시 대덕구 장동로 283-12,,36.41816377,127.4417969,,,042-608-5205,대전광역시 대덕구청,2025-11-13
회덕동519,1,대전광역시 대덕구 장동로 283-31,,36.41859377,127.4415139,,,042-608-5205,대전광역시 대덕구청,2025-11-13
회덕동520,1,대전광역시 대덕구 장동로278번길35-40,,36.41604009,127.4438855,,,042-608-5205,대전광역시 대덕구청,2025-11-13
덕암동086,1,대전광역시 대덕구 덕암북로4번길 150,,36.44128038,127.4208348,,,042-608-5205,대전광역시 대덕구청,2025-11-13
회덕동521,1,,대전광역시 대덕구 회덕동 179-1,,,,,042-608-5205,대전광역시 대덕구청,2025-11-13
회덕동522,1,대전광역시 대덕구 장동로278번안길 9-10,,36.41509926,127.4458246,,,042-608-5205,대전광역시 대덕구청,2025-11-13
회덕동523,1,대전광역시 대덕구 장동로278번안길 9-17,,36.41529833,127.4456072,,,042-608-5205,대전광역시 대덕구청,2025-11-13
회덕동524,1,,대전광역시 대덕구 회덕동 17,,,,,042-608-5205,대전광역시 대덕구청,2025-11-13
회덕동525,1,,대전광역시 대덕구 회덕동 191,,,,,042-608-5205,대전광역시 대덕구청,2025-11-13
회덕동526,1,,대전광역시 대덕구 회덕동 190-3,,,,,042-608-5205,대전광역시 대덕구청,2025-11-13
회덕동527,1,,대전광역시 대덕구 회덕동 501,,,,,042-608-5205,대전광역시 대덕구청,2025-11-13
회덕동528,1,대전광역시 대덕구 장동로278번길35-162,,36.41637166,127.447763,,,042-608-5205,대전광역시 대덕구청,2025-11-13
회덕동529,1,대전광역시 대덕구 장동로278번길35-162,,36.41637166,127.447763,,,042-608-5205,대전광역시 대덕구청,2025-11-13
회덕동530,1,대전광역시 대덕구 장동로278번안길 25,,36.41465961,127.4467587,,,042-608-5205,대전광역시 대덕구청,2025-11-13
덕암동087,1,대전광역시 대덕구 덕암로233번길 58,,36.44160037,127.4212988,,,042-608-5205,대전광역시 대덕구청,2025-11-13
회덕동531,1,대전광역시 대덕구 장동로278번안길 21,,36.41455684,127.4462853,,,042-608-5205,대전광역시 대덕구청,2025-11-13
회덕동532,1,,대전광역시 대덕구 회덕동 166-7,,,,,042-608-5205,대전광역시 대덕구청,2025-11-13
회덕동533,1,,대전광역시 대덕구 회덕동 166-5,,,,,042-608-5205,대전광역시 대덕구청,2025-11-13
회덕동534,1,대전광역시 대덕구 장동로278번안길 26-22,,36.41383703,127.4469502,,,042-608-5205,대전광역시 대덕구청,2025-11-13
회덕동535,1,대전광역시 대덕구 장동로278번안길 33,,36.41451846,127.4469095,,,042-608-5205,대전광역시 대덕구청,2025-11-13
회덕동536,1,대전광역시 대덕구 장동로278번길33,,,,,,042-608-5205,대전광역시 대덕구청,2025-11-13
회덕동537,1,,대전광역시 대덕구 회덕동 796,,,,,042-608-5205,대전광역시 대덕구청,2025-11-13
회덕동538,1,,대전광역시 대덕구 회덕동 84,,,,,042-608-5205,대전광역시 대덕구청,2025-11-13
회덕동539,1,대전광역시 대덕구 장동로278번안길 60,,36.41371402,127.4480332,,,042-608-5205,대전광역시 대덕구청,2025-11-13
회덕동540,1,대전광역시 대덕구 장동로278번안길 70,,36.41358622,127.4484695,,,042-608-5205,대전광역시 대덕구청,2025-11-13
덕암동088,1,대전광역시 대덕구 덕암로233번길 52,,36.441516,127.4214829,,,042-608-5205,대전광역시 대덕구청,2025-11-13
회덕동541,1,대전광역시 대덕구 장동로278번안길 47-16,,36.41463254,127.4472491,,,042-608-5205,대전광역시 대덕구청,2025-11-13
회덕동542,1,대전광역시 대덕구 장동로278번안길 47-21,,36.41486365,127.4471389,,,042-608-5205,대전광역시 대덕구청,2025-11-13
회덕동543,1,대전광역시 대덕구 장동로278번안길 47-21,,36.41486365,127.4471389,,,042-608-5205,대전광역시 대덕구청,2025-11-13
회덕동544,1,,대전광역시 대덕구 회덕동 147-1,,,,,042-608-5205,대전광역시 대덕구청,2025-11-13
회덕동545,1,대전광역시 대덕구 장동로228번길 76-56,,36.41453012,127.4437832,,,042-608-5205,대전광역시 대덕구청,2025-11-13
회덕동546,1,대전광역시 대덕구 장동로228번길76-56,,36.41453012,127.4437832,,,042-608-5205,대전광역시 대덕구청,2025-11-13
회덕동547,1,,대전광역시 대덕구 회덕동 146-2,,,,,042-608-5205,대전광역시 대덕구청,2025-11-13
회덕동548,1,,대전광역시 대덕구 회덕동 132,,,,,042-608-5205,대전광역시 대덕구청,2025-11-13
회덕동549,1,,대전광역시 대덕구 회덕동 405-2,,,,,042-608-5205,대전광역시 대덕구청,2025-11-13
회덕동550,1,,대전광역시 대덕구 회덕동 336-1,,,,,042-608-5205,대전광역시 대덕구청,2025-11-13
덕암동089,1,대전광역시 대덕구 덕암북로10번길 150,,36.44117357,127.4214811,,,042-608-5205,대전광역시 대덕구청,2025-11-13
회덕동551,1,,대전광역시 대덕구 회덕동 133-3,,,,,042-608-5205,대전광역시 대덕구청,2025-11-13
회덕동552,1,,대전광역시 대덕구 회덕동 133-3,,,,,042-608-5205,대전광역시 대덕구청,2025-11-13
회덕동553,1,,대전광역시 대덕구 회덕동 39,,,,,042-608-5205,대전광역시 대덕구청,2025-11-13
회덕동554,1,,대전광역시 대덕구 회덕동 111-4,,,,,042-608-5205,대전광역시 대덕구청,2025-11-13
회덕동555,1,,대전광역시 대덕구 회덕동 108,,,,,042-608-5205,대전광역시 대덕구청,2025-11-13
회덕동556,1,대전광역시 대덕구 산디로15번길 129,,36.41123491,127.443934,,,042-608-5205,대전광역시 대덕구청,2025-11-13
회덕동557,1,대전광역시 대덕구 산디로15번길 133-5,,36.4114607,127.4442831,,,042-608-5205,대전광역시 대덕구청,2025-11-13
회덕동558,1,,대전광역시 대덕구 회덕동 108,,,,,042-608-5205,대전광역시 대덕구청,2025-11-13
회덕동559,1,,대전광역시 대덕구 회덕동 42-7,,,,,042-608-5205,대전광역시 대덕구청,2025-11-13
회덕동560,1,대전광역시 대덕구 산디로15번길155,,36.41112876,127.4453337,,,042-608-5205,대전광역시 대덕구청,2025-11-13
덕암동090,1,대전광역시 대덕구 덕암북로10번길 158,,36.44087796,127.4214884,,,042-608-5205,대전광역시 대덕구청,2025-11-13
회덕동561,1,,대전광역시 대덕구 회덕동 124-6,,,,,042-608-5205,대전광역시 대덕구청,2025-11-13
회덕동562,1,,대전광역시 대덕구 회덕동 448,,,,,042-608-5205,대전광역시 대덕구청,2025-11-13
회덕동563,1,,대전광역시 대덕구 회덕동 64-10,,,,,042-608-5205,대전광역시 대덕구청,2025-11-13
회덕동564,1,,대전광역시 대덕구 회덕동 839,,,,,042-608-5205,대전광역시 대덕구청,2025-11-13
회덕동565,1,,대전광역시 대덕구 회덕동 780,,,,,042-608-5205,대전광역시 대덕구청,2025-11-13
회덕동566,1,,대전광역시 대덕구 회덕동 765-2,,,,,042-608-5205,대전광역시 대덕구청,2025-11-13
회덕동567,1,대전광역시 대덕구 산디로132번길 47,,36.402797,127.4359443,,,042-608-5205,대전광역시 대덕구청,2025-11-13
회덕동568,1,,대전광역시 대덕구 회덕동 775-6,,,,,042-608-5205,대전광역시 대덕구청,2025-11-13
회덕동569,1,,대전광역시 대덕구 회덕동 775-7,,,,,042-608-5205,대전광역시 대덕구청,2025-11-13
회덕동570,1,대전광역시 대덕구 산디로132번길 46-22,,36.40255085,127.4352383,,,042-608-5205,대전광역시 대덕구청,2025-11-13
덕암동091,1,대전광역시 대덕구 덕암북로10번길150,,36.44117357,127.4214811,,,042-608-5205,대전광역시 대덕구청,2025-11-13
회덕동571,1,대전광역시 대덕구 산디로132번길 46-29,,36.4022853,127.4349114,,,042-608-5205,대전광역시 대덕구청,2025-11-13
회덕동572,1,,대전광역시 대덕구 회덕동 791,,,,,042-608-5205,대전광역시 대덕구청,2025-11-13
회덕동573,1,대전광역시 대덕구 산디로132번길 46-16,,36.40292203,127.4352672,,,042-608-5205,대전광역시 대덕구청,2025-11-13
회덕동574,1,대전광역시 대덕구 산디로132번길 42,,36.40306075,127.4357763,,,042-608-5205,대전광역시 대덕구청,2025-11-13
회덕동575,1,,대전광역시 대덕구 회덕동 64-14,,,,,042-608-5205,대전광역시 대덕구청,2025-11-13
회덕동576,1,,대전광역시 대덕구 회덕동 64-14,,,,,042-608-5205,대전광역시 대덕구청,2025-11-13
회덕동577,1,,대전광역시 대덕구 회덕동 64-14,,,,,042-608-5205,대전광역시 대덕구청,2025-11-13
회덕동578,1,대전광역시 대덕구 산디로 190,,36.39696959,127.4385335,,,042-608-5205,대전광역시 대덕구청,2025-11-13
회덕동579,1,,대전광역시 대덕구 회덕동 696,,,,,042-608-5205,대전광역시 대덕구청,2025-11-13
회덕동580,1,,대전광역시 대덕구 회덕동 697-3,,,,,042-608-5205,대전광역시 대덕구청,2025-11-13
대화동047,1,대전광역시 대덕구 대화14길 30,,36.36517408,127.4180579,,,042-608-5205,대전광역시 대덕구청,2025-11-13
덕암동092,1,대전광역시 대덕구 덕암로249번길 52,,36.44293998,127.4214416,,,042-608-5205,대전광역시 대덕구청,2025-11-13
회덕동581,1,,대전광역시 대덕구 회덕동 184-36,,,,,042-608-5205,대전광역시 대덕구청,2025-11-13
회덕동582,1,,대전광역시 대덕구 회덕동 45-4,,,,,042-608-5205,대전광역시 대덕구청,2025-11-13
회덕동583,1,,대전광역시 대덕구 회덕동 465,,,,,042-608-5205,대전광역시 대덕구청,2025-11-13
회덕동584,1,대전광역시 대덕구 산디로 190,,36.39696959,127.4385335,,,042-608-5205,대전광역시 대덕구청,2025-11-13
회덕동585,1,대전광역시 대덕구 산디로 190,,36.39696959,127.4385335,,,042-608-5205,대전광역시 대덕구청,2025-11-13
회덕동586,1,대전광역시 대덕구 산디로 190,,36.39696959,127.4385335,,,042-608-5205,대전광역시 대덕구청,2025-11-13
회덕동587,1,,대전광역시 대덕구 회덕동 841,,,,,042-608-5205,대전광역시 대덕구청,2025-11-13
회덕동588,1,,대전광역시 대덕구 회덕동 65,,,,,042-608-5205,대전광역시 대덕구청,2025-11-13
회덕동589,1,,대전광역시 대덕구 회덕동 65,,,,,042-608-5205,대전광역시 대덕구청,2025-11-13
회덕동590,1,,대전광역시 대덕구 회덕동 601,,,,,042-608-5205,대전광역시 대덕구청,2025-11-13
덕암동093,1,대전광역시 대덕구 덕암로249번길 51,,36.44271979,127.4215296,,,042-608-5205,대전광역시 대덕구청,2025-11-13
회덕동591,1,대전광역시 대덕구 산디로231번길 9,,36.395458,127.4427786,,,042-608-5205,대전광역시 대덕구청,2025-11-13
회덕동592,1,대전광역시 대덕구 산디로231번길 12,,36.39542828,127.4430147,,,042-608-5205,대전광역시 대덕구청,2025-11-13
회덕동593,1,,대전광역시 대덕구 회덕동 630,,,,,042-608-5205,대전광역시 대덕구청,2025-11-13
회덕동594,1,대전광역시 대덕구 산디로231번길 36,,36.39625568,127.4434653,,,042-608-5205,대전광역시 대덕구청,2025-11-13
회덕동595,1,대전광역시 대덕구 산디로231번길 31,,36.39640777,127.4432789,,,042-608-5205,대전광역시 대덕구청,2025-11-13
회덕동596,1,대전광역시 대덕구 산디로231번길 32-3,,36.39615798,127.4435673,,,042-608-5205,대전광역시 대덕구청,2025-11-13
회덕동597,1,대전광역시 대덕구 산디로231번길 32-9,,36.39598324,127.4440283,,,042-608-5205,대전광역시 대덕구청,2025-11-13
회덕동598,1,대전광역시 대덕구 산디로231번길 32-16,,36.39576807,127.4437301,,,042-608-5205,대전광역시 대덕구청,2025-11-13
회덕동599,1,,대전광역시 대덕구 회덕동 603,,,,,042-608-5205,대전광역시 대덕구청,2025-11-13
회덕동600,1,대전광역시 대덕구 산디로242-2,,36.38765924,127.447148,,,042-608-5205,대전광역시 대덕구청,2025-11-13
덕암동094,1,대전광역시 대덕구 덕암북로10번길 129,,36.44223649,127.4216073,,,042-608-5205,대전광역시 대덕구청,2025-11-13
회덕동601,1,대전광역시 대덕구 산디로 242-2,,36.38765924,127.447148,,,042-608-5205,대전광역시 대덕구청,2025-11-13
회덕동602,1,,대전광역시 대덕구 회덕동 413-1,,,,,042-608-5205,대전광역시 대덕구청,2025-11-13
회덕동603,1,,대전광역시 대덕구 회덕동 409,,,,,042-608-5205,대전광역시 대덕구청,2025-11-13
회덕동604,1,,대전광역시 대덕구 회덕동 359-6,,,,,042-608-5205,대전광역시 대덕구청,2025-11-13
회덕동605,1,,대전광역시 대덕구 회덕동 398,,,,,042-608-5205,대전광역시 대덕구청,2025-11-13
회덕동606,1,,대전광역시 대덕구 회덕동 374-2,,,,,042-608-5205,대전광역시 대덕구청,2025-11-13
회덕동607,1,,대전광역시 대덕구 회덕동 31,,,,,042-608-5205,대전광역시 대덕구청,2025-11-13
회덕동608,1,대전광역시 대덕구 신탄진로 101,,36.38984798,127.4201472,,,042-608-5205,대전광역시 대덕구청,2025-11-13
회덕동609,1,대전광역시 대덕구 대전로1397번길 45-1,,36.37952649,127.4194944,,,042-608-5205,대전광역시 대덕구청,2025-11-13
회덕동610,1,대전광역시 대덕구 대전로 1350,,36.37465191,127.4218396,,,042-608-5205,대전광역시 대덕구청,2025-11-13
덕암동095,1,대전광역시 대덕구 덕암북로10번길 138,,36.44178685,127.4213416,,,042-608-5205,대전광역시 대덕구청,2025-11-13
회덕동611,1,,대전광역시 대덕구 회덕동 439-2,,,,,042-608-5205,대전광역시 대덕구청,2025-11-13
회덕동612,1,대전광역시 대덕구 대전로1291번길 168,,36.37518202,127.4156063,,,042-608-5205,대전광역시 대덕구청,2025-11-13
회덕동613,1,,대전광역시 대덕구 회덕동 219-1,,,,,042-608-5205,대전광역시 대덕구청,2025-11-13
회덕동614,1,,대전광역시 대덕구 회덕동 251-4,,,,,042-608-5205,대전광역시 대덕구청,2025-11-13
회덕동615,1,,대전광역시 대덕구 회덕동 314-5,,,,,042-608-5205,대전광역시 대덕구청,2025-11-13
회덕동616,1,,대전광역시 대덕구 회덕동 450-25,,,,,042-608-5205,대전광역시 대덕구청,2025-11-13
회덕동617,1,,대전광역시 대덕구 회덕동 450-1,,,,,042-608-5205,대전광역시 대덕구청,2025-11-13
회덕동618,1,,대전광역시 대덕구 회덕동 472-1,,,,,042-608-5205,대전광역시 대덕구청,2025-11-13
회덕동619,1,,대전광역시 대덕구 회덕동 450-4,,,,,042-608-5205,대전광역시 대덕구청,2025-11-13
회덕동620,1,,대전광역시 대덕구 회덕동 124,,,,,042-608-5205,대전광역시 대덕구청,2025-11-13
덕암동096,1,대전광역시 대덕구 덕암북로4번길 141,,36.44183135,127.4209894,,,042-608-5205,대전광역시 대덕구청,2025-11-13
회덕동621,1,,대전광역시 대덕구 회덕동 111-4,,,,,042-608-5205,대전광역시 대덕구청,2025-11-13
회덕동622,1,,대전광역시 대덕구 회덕동 111-5,,,,,042-608-5205,대전광역시 대덕구청,2025-11-13
회덕동623,1,,대전광역시 대덕구 회덕동 4-18,,,,,042-608-5205,대전광역시 대덕구청,2025-11-13
회덕동624,1,,대전광역시 대덕구 회덕동 483-114,,,,,042-608-5205,대전광역시 대덕구청,2025-11-13
회덕동625,1,,대전광역시 대덕구 회덕동 483-79,,,,,042-608-5205,대전광역시 대덕구청,2025-11-13
회덕동626,1,,대전광역시 대덕구 회덕동 495-10,,,,,042-608-5205,대전광역시 대덕구청,2025-11-13
회덕동627,1,,대전광역시 대덕구 회덕동 78-1,,,,,042-608-5205,대전광역시 대덕구청,2025-11-13
회덕동628,1,,대전광역시 대덕구 회덕동 297-6,,,,,042-608-5205,대전광역시 대덕구청,2025-11-13
회덕동629,1,,대전광역시 대덕구 회덕동 245-10,,,,,042-608-5205,대전광역시 대덕구청,2025-11-13
회덕동630,1,,대전광역시 대덕구 회덕동 299-4,,,,,042-608-5205,대전광역시 대덕구청,2025-11-13
덕암동097,1,대전광역시 대덕구 덕암북로4번길 135,,36.44217744,127.4209779,,,042-608-5205,대전광역시 대덕구청,2025-11-13
회덕동631,1,,대전광역시 대덕구 회덕동 483-117,,,,,042-608-5205,대전광역시 대덕구청,2025-11-13
회덕동632,1,,대전광역시 대덕구 회덕동 17,,,,,042-608-5205,대전광역시 대덕구청,2025-11-13
회덕동633,1,,대전광역시 대덕구 회덕동 8,,,,,042-608-5205,대전광역시 대덕구청,2025-11-13
회덕동634,1,,대전광역시 대덕구 회덕동 344-37,,,,,042-608-5205,대전광역시 대덕구청,2025-11-13
회덕동635,1,,대전광역시 대덕구 회덕동 500,,,,,042-608-5205,대전광역시 대덕구청,2025-11-13
회덕동636,1,,대전광역시 대덕구 회덕동 410-10,,,,,042-608-5205,대전광역시 대덕구청,2025-11-13
회덕동637,1,,대전광역시 대덕구 회덕동 75,,,,,042-608-5205,대전광역시 대덕구청,2025-11-13
회덕동638,1,,대전광역시 대덕구 회덕동 814,,,,,042-608-5205,대전광역시 대덕구청,2025-11-13
회덕동639,1,,대전광역시 대덕구 회덕동 227-11,,,,,042-608-5205,대전광역시 대덕구청,2025-11-13
회덕동640,1,,대전광역시 대덕구 회덕동 186-7,,,,,042-608-5205,대전광역시 대덕구청,2025-11-13
덕암동098,1,대전광역시 대덕구 덕암북로4번길 129,,36.44244087,127.4208946,,,042-608-5205,대전광역시 대덕구청,2025-11-13
회덕동641,1,,대전광역시 대덕구 회덕동 172-13,,,,,042-608-5205,대전광역시 대덕구청,2025-11-13
회덕동642,1,,대전광역시 대덕구 회덕동 502-29,,,,,042-608-5205,대전광역시 대덕구청,2025-11-13
회덕동643,1,,대전광역시 대덕구 회덕동 245-8,,,,,042-608-5205,대전광역시 대덕구청,2025-11-13
회덕동644,1,,대전광역시 대덕구 회덕동 169,,,,,042-608-5205,대전광역시 대덕구청,2025-11-13
회덕동645,1,,대전광역시 대덕구 회덕동 169,,,,,042-608-5205,대전광역시 대덕구청,2025-11-13
회덕동646,1,,대전광역시 대덕구 회덕동 517,,,,,042-608-5205,대전광역시 대덕구청,2025-11-13
회덕동647,1,대전광역시 대덕구 장동로 14,,36.4036843,127.4247879,,,042-608-5205,대전광역시 대덕구청,2025-11-13
회덕동648,1,대전광역시 대덕구 장동로 14,,36.4036843,127.4247879,,,042-608-5205,대전광역시 대덕구청,2025-11-13
회덕동649,1,,대전광역시 대덕구 회덕동 81-1,,,,,042-608-5205,대전광역시 대덕구청,2025-11-13
회덕동650,1,,대전광역시 대덕구 회덕동 190-1,,,,,042-608-5205,대전광역시 대덕구청,2025-11-13
덕암동099,1,대전광역시 대덕구 덕암북로4번길 119,,36.44284862,127.4207719,,,042-608-5205,대전광역시 대덕구청,2025-11-13
회덕동651,1,,대전광역시 대덕구 회덕동 247-3,,,,,042-608-5205,대전광역시 대덕구청,2025-11-13
회덕동652,1,대전광역시 대덕구 대전로 1392번길 22,,36.37757437,127.422105,,,042-608-5205,대전광역시 대덕구청,2025-11-13
회덕동653,1,대전광역시 대덕구 산디로 15번길 110,,36.41162421,127.442964,,,042-608-5205,대전광역시 대덕구청,2025-11-13
회덕동654,1,,대전광역시 대덕구 회덕동 230-7,,,,,042-608-5205,대전광역시 대덕구청,2025-11-13
회덕동655,1,,대전광역시 대덕구 회덕동 2-16,,,,,042-608-5205,대전광역시 대덕구청,2025-11-13
회덕동656,1,,대전광역시 대덕구 회덕동 산7-3,,,,,042-608-5205,대전광역시 대덕구청,2025-11-13
회덕동657,1,,대전광역시 대덕구 회덕동 73-11,,,,,042-608-5205,대전광역시 대덕구청,2025-11-13
회덕동659,1,,대전광역시 대덕구 회덕동 399-2,,,,,042-608-5205,대전광역시 대덕구청,2025-11-13
회덕동660,1,,대전광역시 대덕구 회덕동 726-2,,,,,042-608-5205,대전광역시 대덕구청,2025-11-13
회덕동661,1,,대전광역시 대덕구 회덕동 산39,,,,,042-608-5205,대전광역시 대덕구청,2025-11-13
덕암동100,1,대전광역시 대덕구 덕암로249번길 52,,36.44293998,127.4214416,,,042-608-5205,대전광역시 대덕구청,2025-11-13
회덕동662,1,,대전광역시 대덕구 회덕동 12-5,,,,,042-608-5205,대전광역시 대덕구청,2025-11-13
회덕동663,1,,대전광역시 대덕구 회덕동 12-5,,,,,042-608-5205,대전광역시 대덕구청,2025-11-13
회덕동664,1,,대전광역시 대덕구 회덕동 12-5,,,,,042-608-5205,대전광역시 대덕구청,2025-11-13
회덕동665,1,대전광역시 대덕구 신탄진로210번길,,,,,,042-608-5205,대전광역시 대덕구청,2025-11-13
회덕동666,1,대전광역시 대덕구 신탄진로210번길,,,,,,042-608-5205,대전광역시 대덕구청,2025-11-13
회덕동667,1,,대전광역시 대덕구 회덕동 196-9,,,,,042-608-5205,대전광역시 대덕구청,2025-11-13
회덕동668,1,,대전광역시 대덕구 회덕동 196-9,,,,,042-608-5205,대전광역시 대덕구청,2025-11-13
회덕동669,1,,대전광역시 대덕구 읍내동 산 14-9,,,,,042-608-5205,대전광역시 대덕구청,2025-11-13
회덕동670,1,,대전광역시 대덕구 읍내동 112-4,,,,,042-608-5205,대전광역시 대덕구청,2025-11-13
회덕동671,1,대전광역시 대덕구 산디로15번길 133,,36.41170441,127.4436914,,,042-608-5205,대전광역시 대덕구청,2025-11-13
덕암동101,1,대전광역시 대덕구 덕암로249번길 52,,36.44293998,127.4214416,,,042-608-5205,대전광역시 대덕구청,2025-11-13
회덕동672,1,대전광역시 대덕구 산디로15번길 133,,36.41170441,127.4436914,,,042-608-5205,대전광역시 대덕구청,2025-11-13
회덕동673,1,대전광역시 대덕구 신탄진로218번길 101,,36.40362687,127.423704,,,042-608-5205,대전광역시 대덕구청,2025-11-13
회덕동674,1,,대전광역시 대덕구 연축동 산1-3,,,,,042-608-5205,대전광역시 대덕구청,2025-11-13
회덕동675,1,,대전광역시 대덕구 연축동 7-6,,,,,042-608-5205,대전광역시 대덕구청,2025-11-13
회덕동676,1,,대전광역시 대덕구 회덕동 30-1,,,,,042-608-5205,대전광역시 대덕구청,2025-11-13
회덕동677,1,,대전광역시 대덕구 신대동 산 2,,,,,042-608-5205,대전광역시 대덕구청,2025-11-13
회덕동679,1,,대전광역시 대덕구 연축동 31-35,,,,,042-608-5205,대전광역시 대덕구청,2025-11-13
회덕동680,1,대전광역시 대덕구 신탄진로210번길 174,,36.39880555,127.4312803,,,042-608-5205,대전광역시 대덕구청,2025-11-13
대화동048,1,대전광역시 대덕구 대화14길 64,,36.36489065,127.4176731,,,042-608-5205,대전광역시 대덕구청,2025-11-13
덕암동102,1,대전광역시 대덕구 덕암북로70번길 64,,36.44407992,127.4211934,,,042-608-5205,대전광역시 대덕구청,2025-11-13
덕암동103,1,대전광역시 대덕구 덕암북로70번길 55,,36.44390561,127.4215583,,,042-608-5205,대전광역시 대덕구청,2025-11-13
덕암동104,1,대전광역시 대덕구 덕암북로70번길64,,36.44407992,127.4211934,,,042-608-5205,대전광역시 대덕구청,2025-11-13
덕암동105,1,대전광역시 대덕구 덕암북로70번길 35,,36.44395163,127.4228167,,,042-608-5205,대전광역시 대덕구청,2025-11-13
덕암동106,1,대전광역시 대덕구 덕암북로70번길 27,,36.4439998,127.4232096,,,042-608-5205,대전광역시 대덕구청,2025-11-13
덕암동107,1,대전광역시 대덕구 덕암북로70번길 20,,36.44434535,127.4236041,,,042-608-5205,대전광역시 대덕구청,2025-11-13
덕암동108,1,대전광역시 대덕구 덕암북로70번길 19,,36.44411456,127.4236296,,,042-608-5205,대전광역시 대덕구청,2025-11-13
덕암동109,1,대전광역시 대덕구 덕암북로60번길 30,,36.44370369,127.423614,,,042-608-5205,대전광역시 대덕구청,2025-11-13
덕암동110,1,대전광역시 대덕구 덕암북로60번길 36,,36.44344394,127.423675,,,042-608-5205,대전광역시 대덕구청,2025-11-13
덕암동111,1,대전광역시 대덕구 덕암북로60번길 38,,36.44330329,127.4236921,,,042-608-5205,대전광역시 대덕구청,2025-11-13
대화동004,1,대전광역시 대덕구 대화1길 77,,36.36391396,127.4165893,,,042-608-5205,대전광역시 대덕구청,2025-11-13
대화동049,1,대전광역시 대덕구 대화14길 58,,36.36519335,127.4177015,,,042-608-5205,대전광역시 대덕구청,2025-11-13
덕암동112,1,대전광역시 대덕구 덕암북로22번길 87,,36.44357534,127.4221945,,,042-608-5205,대전광역시 대덕구청,2025-11-13
덕암동113,1,대전광역시 대덕구 덕암북로22번길 89-9,,36.44367868,127.4225342,,,042-608-5205,대전광역시 대덕구청,2025-11-13
덕암동114,1,대전광역시 대덕구 덕암북로22번길 89-23,,36.44375877,127.4233287,,,042-608-5205,대전광역시 대덕구청,2025-11-13
덕암동115,1,대전광역시 대덕구 덕암북로22번길89-9,,36.44367868,127.4225342,,,042-608-5205,대전광역시 대덕구청,2025-11-13
덕암동116,1,대전광역시 대덕구 덕암북로72번길 8,,36.44384497,127.4244312,,,042-608-5205,대전광역시 대덕구청,2025-11-13
덕암동117,1,대전광역시 대덕구 덕암로 259,,36.44363124,127.4247289,,,042-608-5205,대전광역시 대덕구청,2025-11-13
덕암동118,1,대전광역시 대덕구 덕암북로72번길 22,,36.44327233,127.4242898,,,042-608-5205,대전광역시 대덕구청,2025-11-13
덕암동119,1,대전광역시 대덕구 덕암북로48번길 10,,36.44549294,127.4222138,,,042-608-5205,대전광역시 대덕구청,2025-11-13
덕암동120,1,대전광역시 대덕구 덕암북로48번길 14,,36.44554078,127.4219375,,,042-608-5205,대전광역시 대덕구청,2025-11-13
덕암동121,1,대전광역시 대덕구 덕암북로48번길 26,,36.44537686,127.4213989,,,042-608-5205,대전광역시 대덕구청,2025-11-13
대화동050,1,대전광역시 대덕구 대화10길 46,,36.36494175,127.4174907,,,042-608-5205,대전광역시 대덕구청,2025-11-13
덕암동122,1,대전광역시 대덕구 덕암북로48번길 23-7,,36.44494022,127.4215372,,,042-608-5205,대전광역시 대덕구청,2025-11-13
덕암동123,1,대전광역시 대덕구 덕암북로48번길 23-15,,36.44455152,127.4213655,,,042-608-5205,대전광역시 대덕구청,2025-11-13
덕암동124,1,대전광역시 대덕구 덕암북로10번길 81,,36.44442987,127.4211106,,,042-608-5205,대전광역시 대덕구청,2025-11-13
덕암동125,1,대전광역시 대덕구 덕암북로10번길 75,,36.44467173,127.4210092,,,042-608-5205,대전광역시 대덕구청,2025-11-13
덕암동126,1,대전광역시 대덕구 덕암북로10번길81,,36.44442987,127.4211106,,,042-608-5205,대전광역시 대덕구청,2025-11-13
덕암동127,1,대전광역시 대덕구 덕암북로10번길 63,,36.44503967,127.4209354,,,042-608-5205,대전광역시 대덕구청,2025-11-13
덕암동128,1,대전광역시 대덕구 덕암북로58번길 11,,36.44466454,127.4230437,,,042-608-5205,대전광역시 대덕구청,2025-11-13
덕암동129,1,대전광역시 대덕구 덕암북로58번길 15,,36.44461457,127.4229051,,,042-608-5205,대전광역시 대덕구청,2025-11-13
덕암동130,1,대전광역시 대덕구 덕암북로58번길 23,,36.44463392,127.4225304,,,042-608-5205,대전광역시 대덕구청,2025-11-13
덕암동131,1,대전광역시 대덕구 덕암북로58번길 3,,36.44483933,127.4235621,,,042-608-5205,대전광역시 대덕구청,2025-11-13
대화동051,1,대전광역시 대덕구 대화10길 52,,36.36529111,127.4175772,,,042-608-5205,대전광역시 대덕구청,2025-11-13
덕암동132,1,대전광역시 대덕구 덕암북로60번길 12,,36.44448602,127.4235781,,,042-608-5205,대전광역시 대덕구청,2025-11-13
덕암동133,1,대전광역시 대덕구 덕암북로70번길 71,,36.44380048,127.4207056,,,042-608-5205,대전광역시 대덕구청,2025-11-13
덕암동134,1,대전광역시 대덕구 덕암북로4번길 94,,36.44402927,127.420225,,,042-608-5205,대전광역시 대덕구청,2025-11-13
덕암동135,1,대전광역시 대덕구 덕암북로4번길 111,,36.44322737,127.4206981,,,042-608-5205,대전광역시 대덕구청,2025-11-13
덕암동136,1,대전광역시 대덕구 덕암북로4번길 91-10,,36.44425449,127.4207571,,,042-608-5205,대전광역시 대덕구청,2025-11-13
덕암동137,1,대전광역시 대덕구 덕암북로4번길 81,,36.44454049,127.4204062,,,042-608-5205,대전광역시 대덕구청,2025-11-13
덕암동138,1,,대전광역시 대덕구 덕암동 23-12,36.44340846,127.4206981,,,042-608-5205,대전광역시 대덕구청,2025-11-13
덕암동139,1,대전광역시 대덕구 덕암북로10번길 60,,36.4452461,127.4206599,,,042-608-5205,대전광역시 대덕구청,2025-11-13
덕암동140,1,대전광역시 대덕구 오정로 38번 안길 9-1,,36.35124223,127.4138347,,,042-608-5205,대전광역시 대덕구청,2025-11-13
덕암동141,1,대전광역시 대덕구 덕암북로4번길 50,,36.44603144,127.4197718,,,042-608-5205,대전광역시 대덕구청,2025-11-13
대화동052,1,대전광역시 대덕구 대화10길 51,,36.36538907,127.417395,,,042-608-5205,대전광역시 대덕구청,2025-11-13
덕암동142,1,대전광역시 대덕구 덕암북로4번길 47,,36.44609527,127.4200711,,,042-608-5205,대전광역시 대덕구청,2025-11-13
덕암동143,1,대전광역시 대덕구 덕암북로4번길 42,,36.44632364,127.4197065,,,042-608-5205,대전광역시 대덕구청,2025-11-13
덕암동144,1,대전광역시 대덕구 덕암북로4번길 44,,36.44615042,127.4197635,,,042-608-5205,대전광역시 대덕구청,2025-11-13
덕암동145,1,대전광역시 대덕구 덕암북로4번길 36,,36.44661955,127.4196144,,,042-608-5205,대전광역시 대덕구청,2025-11-13
덕암동146,1,대전광역시 대덕구 덕암북로4번길 26,,36.44689453,127.4193214,,,042-608-5205,대전광역시 대덕구청,2025-11-13
덕암동147,1,대전광역시 대덕구 대전로 1142번길 17,,36.35690112,127.4160484,,,042-608-5205,대전광역시 대덕구청,2025-11-13
덕암동148,1,대전광역시 대덕구 덕암북로4번길 9,,36.44772974,127.4196248,,,042-608-5205,대전광역시 대덕구청,2025-11-13
덕암동149,1,대전광역시 대덕구 대전로 1134번길 13-11,,36.3561273,127.4157056,,,042-608-5205,대전광역시 대덕구청,2025-11-13
덕암동150,1,대전광역시 대덕구 덕암북로4번길 9,,36.44772974,127.4196248,,,042-608-5205,대전광역시 대덕구청,2025-11-13
덕암동151,1,대전광역시 대덕구 대전로 1134번길 37,,,,,,042-608-5205,대전광역시 대덕구청,2025-11-13
대화동053,1,대전광역시 대덕구 대화10길 56,,36.36551801,127.4176319,,,042-608-5205,대전광역시 대덕구청,2025-11-13
덕암동152,1,대전광역시 대덕구 대전로 1118번길 19,,36.35510671,127.4158383,,,042-608-5205,대전광역시 대덕구청,2025-11-13
덕암동153,1,대전광역시 대덕구 대전로 1118번길 13,,36.35490195,127.4156367,,,042-608-5205,대전광역시 대덕구청,2025-11-13
덕암동154,1,,대전광역시 대덕구 덕암동 359-3,,,,,042-608-5205,대전광역시 대덕구청,2025-11-13
덕암동155,1,,대전광역시 대덕구 덕암동 359-3,,,,,042-608-5205,대전광역시 대덕구청,2025-11-13
덕암동156,1,,대전광역시 대덕구 덕암동 359-3,,,,,042-608-5205,대전광역시 대덕구청,2025-11-13
덕암동157,1,대전광역시 대덕구 옛신탄진로 208-2,,36.357666,127.4168858,,,042-608-5205,대전광역시 대덕구청,2025-11-13
덕암동158,1,대전광역시 대덕구 대전로 1207,,36.36195046,127.4173187,,,042-608-5205,대전광역시 대덕구청,2025-11-13
덕암동159,1,대전광역시 대덕구 동심1길 9,,36.3621641,127.4170435,,,042-608-5205,대전광역시 대덕구청,2025-11-13
덕암동160,1,대전광역시 대덕구 동심1길 17,,36.36223649,127.4169592,,,042-608-5205,대전광역시 대덕구청,2025-11-13
덕암동161,1,대전광역시 대덕구 동심1길 21,,36.36242477,127.4167195,,,042-608-5205,대전광역시 대덕구청,2025-11-13
대화동054,1,대전광역시 대덕구 대화10길 57,,36.36557744,127.4171286,,,042-608-5205,대전광역시 대덕구청,2025-11-13
덕암동162,1,대전광역시 대덕구 동심1길 35,,36.3626976,127.4160079,,,042-608-5205,대전광역시 대덕구청,2025-11-13
덕암동163,1,대전광역시 대덕구 대화16번길 16,,,,,,042-608-5205,대전광역시 대덕구청,2025-11-13
덕암동164,1,대전광역시 대덕구 덕암로162번길 22,,36.43460034,127.4232076,,,042-608-5205,대전광역시 대덕구청,2025-11-13
덕암동165,1,대전광역시 대덕구 덕암로162번길 40,,36.4345424,127.4241486,,,042-608-5205,대전광역시 대덕구청,2025-11-13
덕암동166,1,대전광역시 대덕구 덕암로162번길 22,,36.43460034,127.4232076,,,042-608-5205,대전광역시 대덕구청,2025-11-13
덕암동167,1,대전광역시 대덕구 덕암로162번길 40,,36.4345424,127.4241486,,,042-608-5205,대전광역시 대덕구청,2025-11-13
덕암동168,1,대전광역시 대덕구 대전로 1178-5,,36.35957134,127.4162943,,,042-608-5205,대전광역시 대덕구청,2025-11-13
덕암동169,1,대전광역시 대덕구 대전로 1172-16,,36.35935475,127.4163823,,,042-608-5205,대전광역시 대덕구청,2025-11-13
덕암동170,1,대전광역시 대덕구 덕암로154번길 6,,36.43414183,127.4222416,,,042-608-5205,대전광역시 대덕구청,2025-11-13
덕암동171,1,대전광역시 대덕구 신탄진로 591,,36.4316714,127.422594,,,042-608-5205,대전광역시 대덕구청,2025-11-13
대화동055,1,대전광역시 대덕구 대화10길 60,,36.3657699,127.417758,,,042-608-5205,대전광역시 대덕구청,2025-11-13
덕암동172,1,대전광역시 대덕구 한밭대로1043번길 12-11,,36.35907119,127.4149992,,,042-608-5205,대전광역시 대덕구청,2025-11-13
덕암동173,1,,대전광역시 대덕구 덕암동 200-2,,,,,042-608-5205,대전광역시 대덕구청,2025-11-13
덕암동174,1,대전광역시 대덕구 덕암로136번길 19,,36.43234087,127.4218571,,,042-608-5205,대전광역시 대덕구청,2025-11-13
덕암동175,1,대전광역시 대덕구 덕암로136번길 11,,36.43306929,127.4217763,,,042-608-5205,대전광역시 대덕구청,2025-11-13
덕암동176,1,대전광역시 대덕구 덕암로136번길 11,,36.43306929,127.4217763,,,042-608-5205,대전광역시 대덕구청,2025-11-13
덕암동177,1,대전광역시 대덕구 덕암로118번길 29-16,,36.43253388,127.4213006,,,042-608-5205,대전광역시 대덕구청,2025-11-13
덕암동178,1,대전광역시 대덕구 덕암로118번길 29-10,,36.43231715,127.4214287,,,042-608-5205,대전광역시 대덕구청,2025-11-13
덕암동179,1,대전광역시 대덕구 덕암로 107-2,,36.43105407,127.4187678,,,042-608-5205,대전광역시 대덕구청,2025-11-13
덕암동180,1,대전광역시 대덕구 신탄진로583번길 30,,36.43105907,127.4204227,,,042-608-5205,대전광역시 대덕구청,2025-11-13
덕암동181,1,대전광역시 대덕구 신탄진로583번길 42,,36.43068885,127.4201219,,,042-608-5205,대전광역시 대덕구청,2025-11-13
대화동056,1,대전광역시 대덕구 대화13길 9,,36.36574008,127.4180387,,,042-608-5205,대전광역시 대덕구청,2025-11-13
덕암동182,1,대전광역시 대덕구 덕암로 116,,36.43111827,127.4199904,,,042-608-5205,대전광역시 대덕구청,2025-11-13
덕암동183,1,대전광역시 대덕구 덕암로 108,,36.43094007,127.4194095,,,042-608-5205,대전광역시 대덕구청,2025-11-13
덕암동184,1,대전광역시 대덕구 신탄진로583번길 61,,36.43063459,127.4191491,,,042-608-5205,대전광역시 대덕구청,2025-11-13
덕암동185,1,대전광역시 대덕구 신탄진로583번길 51,,36.43048127,127.419697,,,042-608-5205,대전광역시 대덕구청,2025-11-13
덕암동186,1,대전광역시 대덕구 신탄진로583번길 43,,36.43036455,127.4200889,,,042-608-5205,대전광역시 대덕구청,2025-11-13
덕암동187,1,대전광역시 대덕구 신탄진로583번길 43-22,,36.42996555,127.4197678,,,042-608-5205,대전광역시 대덕구청,2025-11-13
덕암동188,1,대전광역시 대덕구 신탄진로583번길 53-12,,36.4301542,127.4194276,,,042-608-5205,대전광역시 대덕구청,2025-11-13
덕암동189,1,대전광역시 대덕구 신탄진로583번길 43-16,,36.43004426,127.4199394,,,042-608-5205,대전광역시 대덕구청,2025-11-13
덕암동190,1,대전광역시 대덕구 신탄진로583번길 41,,36.43033453,127.4204233,,,042-608-5205,대전광역시 대덕구청,2025-11-13
덕암동191,1,대전광역시 대덕구 신탄진로583번길43-16,,36.43004426,127.4199394,,,042-608-5205,대전광역시 대덕구청,2025-11-13
대화동057,1,대전광역시 대덕구 대화13길 5,,36.36570302,127.4183282,,,042-608-5205,대전광역시 대덕구청,2025-11-13
덕암동192,1,대전광역시 대덕구 신탄진로567번길 19,,36.42961377,127.4203748,,,042-608-5205,대전광역시 대덕구청,2025-11-13
덕암동193,1,대전광역시 대덕구 신탄진로567번길 9,,36.42970937,127.420866,,,042-608-5205,대전광역시 대덕구청,2025-11-13
덕암동194,1,대전광역시 대덕구 신탄진로567번길 1-7,,36.42940986,127.420958,,,042-608-5205,대전광역시 대덕구청,2025-11-13
덕암동195,1,대전광역시 대덕구 신탄진로567번길 25,,36.4294879,127.4202938,,,042-608-5205,대전광역시 대덕구청,2025-11-13
덕암동196,1,대전광역시 대덕구 신탄진로567번길1-7,,36.42940986,127.420958,,,042-608-5205,대전광역시 대덕구청,2025-11-13
덕암동197,1,대전광역시 대덕구 신탄진로567번길 30,,36.42953302,127.4197633,,,042-608-5205,대전광역시 대덕구청,2025-11-13
덕암동198,1,대전광역시 대덕구 신탄진로583번길 43-27,,36.42958768,127.419594,,,042-608-5205,대전광역시 대덕구청,2025-11-13
덕암동199,1,대전광역시 대덕구 신탄진로567번길 32,,36.42947939,127.4196381,,,042-608-5205,대전광역시 대덕구청,2025-11-13
덕암동200,1,대전광역시 대덕구 덕암로 88,,36.42912291,127.4195291,,,042-608-5205,대전광역시 대덕구청,2025-11-13
덕암동201,1,대전광역시 대덕구 덕암로125번길15,,36.43179027,127.4195524,,,042-608-5205,대전광역시 대덕구청,2025-11-13
대화동058,1,대전광역시 대덕구 대전로 1247,,36.36552085,127.4178503,,,042-608-5205,대전광역시 대덕구청,2025-11-13
덕암동202,1,대전광역시 대덕구 덕암로125번길15,,36.43179027,127.4195524,,,042-608-5205,대전광역시 대덕구청,2025-11-13
덕암동203,1,대전광역시 대덕구 덕암로125번길12,,36.43250592,127.4200291,,,042-608-5205,대전광역시 대덕구청,2025-11-13
덕암동204,1,대전광역시 대덕구 덕암로125번길12,,36.43250592,127.4200291,,,042-608-5205,대전광역시 대덕구청,2025-11-13
덕암동205,1,대전광역시 대덕구 덕암로125번안길14,,36.4327499,127.4203516,,,042-608-5205,대전광역시 대덕구청,2025-11-13
덕암동206,1,대전광역시 대덕구 덕암로125번안길11-7,,36.43288224,127.4196207,,,042-608-5205,대전광역시 대덕구청,2025-11-13
덕암동207,1,대전광역시 대덕구 덕암로125번안길17-5,,36.43308658,127.4199385,,,042-608-5205,대전광역시 대덕구청,2025-11-13
덕암동208,1,대전광역시 대덕구 덕암로125번안길18,,36.43301291,127.4203887,,,042-608-5205,대전광역시 대덕구청,2025-11-13
덕암동209,1,,대전광역시 대덕구 덕암동 79-14,36.43337182,127.4208278,,,042-608-5205,대전광역시 대덕구청,2025-11-13
덕암동210,1,대전광역시 대덕구 덕암로137번길16,,36.4335571,127.4204184,,,042-608-5205,대전광역시 대덕구청,2025-11-13
덕암동211,1,대전광역시 대덕구 덕암로137번길28,,36.43377536,127.4198575,,,042-608-5205,대전광역시 대덕구청,2025-11-13
대화동005,1,대전광역시 대덕구 대화1길 77,,36.36391396,127.4165893,,,042-608-5205,대전광역시 대덕구청,2025-11-13
대화동059,1,대전광역시 대덕구 대전로 1247,,36.36552085,127.4178503,,,042-608-5205,대전광역시 대덕구청,2025-11-13
덕암동212,1,대전광역시 대덕구 덕암로125번길30-6,,36.43292728,127.4191124,,,042-608-5205,대전광역시 대덕구청,2025-11-13
덕암동213,1,대전광역시 대덕구 덕암로125번길30-10,,36.43300639,127.4191664,,,042-608-5205,대전광역시 대덕구청,2025-11-13
덕암동214,1,대전광역시 대덕구 덕암로125번길30-16,,36.43333717,127.419409,,,042-608-5205,대전광역시 대덕구청,2025-11-13
덕암동215,1,,대전광역시 대덕구 덕암동 78-13,36.43376631,127.4193533,,,042-608-5205,대전광역시 대덕구청,2025-11-13
덕암동216,1,,대전광역시 대덕구 덕암동 78-1,36.43410485,127.4194399,,,042-608-5205,대전광역시 대덕구청,2025-11-13
덕암동217,1,대전광역시 대덕구 덕암로147번길20,,36.43433093,127.4197266,,,042-608-5205,대전광역시 대덕구청,2025-11-13
덕암동218,1,대전광역시 대덕구 덕암로147번길18-9,,36.43460463,127.4197995,,,042-608-5205,대전광역시 대덕구청,2025-11-13
덕암동219,1,대전광역시 대덕구 덕암로147번길8,,36.43420618,127.4203505,,,042-608-5205,대전광역시 대덕구청,2025-11-13
덕암동220,1,대전광역시 대덕구 덕암로125번안길36,,36.43383686,127.4208169,,,042-608-5205,대전광역시 대덕구청,2025-11-13
덕암동221,1,대전광역시 대덕구 덕암로125번안길36,,36.43383686,127.4208169,,,042-608-5205,대전광역시 대덕구청,2025-11-13
대화동060,1,대전광역시 대덕구 대화13길 18,,36.36604171,127.4173405,,,042-608-5205,대전광역시 대덕구청,2025-11-13
덕암동222,1,대전광역시 대덕구 덕암로125번안길44,,36.43412136,127.4208943,,,042-608-5205,대전광역시 대덕구청,2025-11-13
덕암동223,1,,대전광역시 대덕구 덕암동 79-1,36.43437693,127.4209938,,,042-608-5205,대전광역시 대덕구청,2025-11-13
덕암동224,1,대전광역시 대덕구 덕암로125번안길55,,36.43470549,127.4208439,,,042-608-5205,대전광역시 대덕구청,2025-11-13
덕암동225,1,대전광역시 대덕구 덕암로153번길2,,36.4345582,127.4217219,,,042-608-5205,대전광역시 대덕구청,2025-11-13
덕암동226,1,,대전광역시 대덕구 덕암동 77-8,36.43474554,127.4197066,,,042-608-5205,대전광역시 대덕구청,2025-11-13
덕암동227,1,대전광역시 대덕구 덕암로147번길26-6,,36.43450077,127.4196071,,,042-608-5205,대전광역시 대덕구청,2025-11-13
덕암동228,1,대전광역시 대덕구 덕암로147번길41,,,,,,042-608-5205,대전광역시 대덕구청,2025-11-13
덕암동229,1,,대전광역시 대덕구 덕암동 208,,,,,042-608-5205,대전광역시 대덕구청,2025-11-13
덕암동230,1,대전광역시 대덕구 덕암로159번길44-1,,36.43546687,127.4195916,,,042-608-5205,대전광역시 대덕구청,2025-11-13
덕암동231,1,대전광역시 대덕구 덕암로159번길40,,36.43546893,127.4200316,,,042-608-5205,대전광역시 대덕구청,2025-11-13
대화동061,1,대전광역시 대덕구 대화10길 61,,36.36577941,127.4170985,,,042-608-5205,대전광역시 대덕구청,2025-11-13
덕암동232,1,대전광역시 대덕구 덕암로159번길30,,36.43537332,127.4205665,,,042-608-5205,대전광역시 대덕구청,2025-11-13
덕암동233,1,대전광역시 대덕구 덕암로159번길24,,36.43526037,127.4209093,,,042-608-5205,대전광역시 대덕구청,2025-11-13
덕암동234,1,,대전광역시 대덕구 덕암동 72-8,36.43504032,127.4209572,,,042-608-5205,대전광역시 대덕구청,2025-11-13
덕암동235,1,대전광역시 대덕구 덕암로125번안길58-11,,36.43483629,127.4215717,,,042-608-5205,대전광역시 대덕구청,2025-11-13
덕암동236,1,대전광역시 대덕구 억암로159번길18,,,,,,042-608-5205,대전광역시 대덕구청,2025-11-13
덕암동237,1,대전광역시 대덕구 덕암로159번길10,,36.43513914,127.4215555,,,042-608-5205,대전광역시 대덕구청,2025-11-13
덕암동238,1,대전광역시 대덕구 덕암로125번안길73,,36.43555881,127.4211206,,,042-608-5205,대전광역시 대덕구청,2025-11-13
덕암동239,1,대전광역시 대덕구 덕암로167번길11,,36.43551011,127.4216423,,,042-608-5205,대전광역시 대덕구청,2025-11-13
덕암동240,1,대전광역시 대덕구 덕암로167번길26,,36.43598476,127.4209489,,,042-608-5205,대전광역시 대덕구청,2025-11-13
덕암동241,1,대전광역시 대덕구 덕암로167번길32,,36.43602189,127.4206413,,,042-608-5205,대전광역시 대덕구청,2025-11-13
대화동062,1,대전광역시 대덕구 대화13길 28,,36.36584271,127.4165194,,,042-608-5205,대전광역시 대덕구청,2025-11-13
덕암동242,1,대전광역시 대덕구 덕암로167번길40,,36.43606722,127.4200527,,,042-608-5205,대전광역시 대덕구청,2025-11-13
덕암동243,1,,대전광역시 대덕구 덕암동 215-1,36.4357154,127.4196449,,,042-608-5205,대전광역시 대덕구청,2025-11-13
덕암동244,1,,대전광역시 대덕구 덕암동 64-17,36.43606722,127.4200527,,,042-608-5205,대전광역시 대덕구청,2025-11-13
덕암동245,1,대전광역시 대덕구 덕암로173번길23,,36.43650298,127.4201666,,,042-608-5205,대전광역시 대덕구청,2025-11-13
덕암동246,1,대전광역시 대덕구 덕암로173번길23,,36.43650298,127.4201666,,,042-608-5205,대전광역시 대덕구청,2025-11-13
덕암동247,1,대전광역시 대덕구 덕암로173번길13,,36.43637451,127.4208217,,,042-608-5205,대전광역시 대덕구청,2025-11-13
덕암동248,1,,대전광역시 대덕구 덕암동 64-4,36.43628621,127.4213298,,,042-608-5205,대전광역시 대덕구청,2025-11-13
덕암동249,1,대전광역시 대덕구 덕암로125번안길,,,,,,042-608-5205,대전광역시 대덕구청,2025-11-13
덕암동250,1,,대전광역시 대덕구 덕암동 62-29,36.43677554,127.4215867,,,042-608-5205,대전광역시 대덕구청,2025-11-13
덕암동251,1,,대전광역시 대덕구 덕암동 65-2,36.4365858,127.422237,,,042-608-5205,대전광역시 대덕구청,2025-11-13
대화동063,1,대전광역시 대덕구 대화8길 9,,36.36555127,127.4163663,,,042-608-5205,대전광역시 대덕구청,2025-11-13
덕암동252,1,,대전광역시 대덕구 덕암동 65-2,36.4365858,127.422237,,,042-608-5205,대전광역시 대덕구청,2025-11-13
덕암동253,1,,대전광역시 대덕구 덕암동 60-6,36.43695612,127.4225066,,,042-608-5205,대전광역시 대덕구청,2025-11-13
덕암동254,1,,대전광역시 대덕구 덕암동 62-29,36.43677554,127.4215867,,,042-608-5205,대전광역시 대덕구청,2025-11-13
덕암동255,1,,대전광역시 대덕구 덕암동 62-20,36.43675846,127.4213189,,,042-608-5205,대전광역시 대덕구청,2025-11-13
덕암동256,1,,대전광역시 대덕구 덕암동 62-19,36.43700506,127.4208965,,,042-608-5205,대전광역시 대덕구청,2025-11-13
덕암동257,1,,대전광역시 대덕구 덕암동 62-15,36.43709722,127.420317,,,042-608-5205,대전광역시 대덕구청,2025-11-13
덕암동258,1,,대전광역시 대덕구 덕암동 227-1,36.43732845,127.4201666,,,042-608-5205,대전광역시 대덕구청,2025-11-13
덕암동259,1,,대전광역시 대덕구 덕암동 62-1,36.43766194,127.4206591,,,042-608-5205,대전광역시 대덕구청,2025-11-13
덕암동260,1,,대전광역시 대덕구 덕암동 62-3,,,,,042-608-5205,대전광역시 대덕구청,2025-11-13
덕암동261,1,대전광역시 대덕구 덕암로187번길11,,36.43754441,127.4212786,,,042-608-5205,대전광역시 대덕구청,2025-11-13
대화동064,1,대전광역시 대덕구 대화6길 25,,36.36540989,127.4165928,,,042-608-5205,대전광역시 대덕구청,2025-11-13
덕암동262,1,대전광역시 대덕구 덕암로187번길11,,36.43754441,127.4212786,,,042-608-5205,대전광역시 대덕구청,2025-11-13
덕암동263,1,대전광역시 대덕구 덕암로187번길11,,36.43754441,127.4212786,,,042-608-5205,대전광역시 대덕구청,2025-11-13
덕암동264,1,,대전광역시 대덕구 덕암동 61-31,36.4377261,127.4218863,,,042-608-5205,대전광역시 대덕구청,2025-11-13
덕암동265,1,,대전광역시 대덕구 덕암동 59-20,36.43814769,127.4229503,,,042-608-5205,대전광역시 대덕구청,2025-11-13
덕암동266,1,대전광역시 대덕구 덕암로195번길20,,36.43824828,127.4220274,,,042-608-5205,대전광역시 대덕구청,2025-11-13
덕암동267,1,대전광역시 대덕구 덕암로195번길22,,36.43846183,127.4217787,,,042-608-5205,대전광역시 대덕구청,2025-11-13
덕암동268,1,대전광역시 대덕구 덕암로195번길24,,36.43830348,127.4217065,,,042-608-5205,대전광역시 대덕구청,2025-11-13
덕암동269,1,대전광역시 대덕구 덕암로195번길32,,36.43841699,127.4212074,,,042-608-5205,대전광역시 대덕구청,2025-11-13
덕암동270,1,대전광역시 대덕구 덕암로195번길36-1,,36.43850773,127.4210295,,,042-608-5205,대전광역시 대덕구청,2025-11-13
덕암동271,1,,대전광역시 대덕구 덕암동 61-16,36.43787476,127.4206201,,,042-608-5205,대전광역시 대덕구청,2025-11-13
대화동065,1,대전광역시 대덕구 대화15길 102,,36.36521018,127.4170107,,,042-608-5205,대전광역시 대덕구청,2025-11-13
덕암동272,1,,대전광역시 대덕구 덕암동 61-1,36.4382423,127.4206578,,,042-608-5205,대전광역시 대덕구청,2025-11-13
덕암동273,1,,대전광역시 대덕구 덕암동 58-27,36.43872112,127.4208254,,,042-608-5205,대전광역시 대덕구청,2025-11-13
덕암동274,1,,대전광역시 대덕구 덕암동 58-1,,,,,042-608-5205,대전광역시 대덕구청,2025-11-13
덕암동275,1,대전광역시 대덕구 대덕로203번길39,,,,,,042-608-5205,대전광역시 대덕구청,2025-11-13
덕암동276,1,대전광역시 대덕구 덕암로203번길31,,36.43883797,127.4214239,,,042-608-5205,대전광역시 대덕구청,2025-11-13
덕암동277,1,대전광역시 대덕구 덕암로203번길25,,36.43882898,127.4219279,,,042-608-5205,대전광역시 대덕구청,2025-11-13
덕암동278,1,대전광역시 대덕구 덕암로203번길17,,36.43874131,127.4222531,,,042-608-5205,대전광역시 대덕구청,2025-11-13
덕암동279,1,,대전광역시 대덕구 덕암동 59-18,36.43871012,127.4229177,,,042-608-5205,대전광역시 대덕구청,2025-11-13
덕암동280,1,대전광역시 대덕구 덕암로125번안길41,,36.43416906,127.4206536,,,042-608-5205,대전광역시 대덕구청,2025-11-13
덕암동281,1,대전광역시 대덕구 덕암로 200,,36.43870325,127.4238411,,,042-608-5205,대전광역시 대덕구청,2025-11-13
대화동066,1,,대전광역시 대덕구 대화동 16-182,,,,,042-608-5205,대전광역시 대덕구청,2025-11-13
덕암동282,1,대전광역시 대덕구 덕암로 200,,36.43870325,127.4238411,,,042-608-5205,대전광역시 대덕구청,2025-11-13
덕암동283,1,대전광역시 대덕구 덕암로148번안길 126-5,,36.43814969,127.4254307,,,042-608-5205,대전광역시 대덕구청,2025-11-13
덕암동284,1,대전광역시 대덕구 덕암로148번안길 126-11,,36.43841871,127.4258024,,,042-608-5205,대전광역시 대덕구청,2025-11-13
덕암동285,1,,대전광역시 대덕구 덕암동 542-36,,,,,042-608-5205,대전광역시 대덕구청,2025-11-13
덕암동286,1,대전광역시 대덕구 덕암로 200,,36.43870325,127.4238411,,,042-608-5205,대전광역시 대덕구청,2025-11-13
덕암동287,1,대전광역시 대덕구 덕암로 200,,36.43870325,127.4238411,,,042-608-5205,대전광역시 대덕구청,2025-11-13
덕암동288,1,대전광역시 대덕구 덕암로 200,,36.43870325,127.4238411,,,042-608-5205,대전광역시 대덕구청,2025-11-13
덕암동289,1,대전광역시 대덕구 덕암로 186,,36.43715991,127.4229806,,,042-608-5205,대전광역시 대덕구청,2025-11-13
덕암동290,1,대전광역시 대덕구 덕암로 186,,36.43715991,127.4229806,,,042-608-5205,대전광역시 대덕구청,2025-11-13
덕암동291,1,대전광역시 대덕구 덕암로188번길 16,,36.43695898,127.4237335,,,042-608-5205,대전광역시 대덕구청,2025-11-13
대화동067,1,대전광역시 대덕구 대화10길 31,,36.36469189,127.4167851,,,042-608-5205,대전광역시 대덕구청,2025-11-13
덕암동292,1,대전광역시 대덕구 덕암로148번안길 95,,36.43662223,127.4241599,,,042-608-5205,대전광역시 대덕구청,2025-11-13
덕암동293,1,대전광역시 대덕구 덕암로188번길37,,36.43701588,127.424965,,,042-608-5205,대전광역시 대덕구청,2025-11-13
덕암동294,1,대전광역시 대덕구 덕암로188번길 37-11,,36.43737229,127.4250919,,,042-608-5205,대전광역시 대덕구청,2025-11-13
덕암동295,1,,대전광역시 대덕구 덕암동 542-15,,,,,042-608-5205,대전광역시 대덕구청,2025-11-13
덕암동296,1,,대전광역시 대덕구 덕암동 542-25,,,,,042-608-5205,대전광역시 대덕구청,2025-11-13
덕암동297,1,대전광역시 대덕구 덕암로188번길 43-7,,36.43718387,127.4253674,,,042-608-5205,대전광역시 대덕구청,2025-11-13
덕암동298,1,대전광역시 대덕구 덕암로188번길 43-7,,36.43718387,127.4253674,,,042-608-5205,대전광역시 대덕구청,2025-11-13
덕암동299,1,대전광역시 대덕구 덕암로174번길 46,,36.43547301,127.4249878,,,042-608-5205,대전광역시 대덕구청,2025-11-13
덕암동300,1,대전광역시 대덕구 덕암로174번길 40,,36.43562237,127.424547,,,042-608-5205,대전광역시 대덕구청,2025-11-13
덕암동301,1,대전광역시 대덕구 덕암로148번안길 82,,36.4362815,127.4246934,,,042-608-5205,대전광역시 대덕구청,2025-11-13
대화동068,1,,대전광역시 대덕구 대화동 16-173,,,,,042-608-5205,대전광역시 대덕구청,2025-11-13
덕암동302,1,대전광역시 대덕구 덕암로174번길 34,,36.43569562,127.4242218,,,042-608-5205,대전광역시 대덕구청,2025-11-13
덕암동303,1,대전광역시 대덕구 덕암로148번안길 81,,36.43633009,127.4242074,,,042-608-5205,대전광역시 대덕구청,2025-11-13
덕암동304,1,대전광역시 대덕구 덕암로148번안길 95,,36.43662223,127.4241599,,,042-608-5205,대전광역시 대덕구청,2025-11-13
덕암동305,1,대전광역시 대덕구 덕암로148번안길 95,,36.43662223,127.4241599,,,042-608-5205,대전광역시 대덕구청,2025-11-13
덕암동306,1,대전광역시 대덕구 덕암로182번길 18,,36.43648013,127.4235747,,,042-608-5205,대전광역시 대덕구청,2025-11-13
덕암동307,1,대전광역시 대덕구 덕암로182번길18,,36.43648013,127.4235747,,,042-608-5205,대전광역시 대덕구청,2025-11-13
덕암동308,1,대전광역시 대덕구 덕암로174번길 26,,36.43579059,127.4238699,,,042-608-5205,대전광역시 대덕구청,2025-11-13
덕암동309,1,대전광역시 대덕구 덕암로174번길 25-12,,36.43633063,127.4240557,,,042-608-5205,대전광역시 대덕구청,2025-11-13
덕암동310,1,대전광역시 대덕구 덕암로174번길25-12,,36.43633063,127.4240557,,,042-608-5205,대전광역시 대덕구청,2025-11-13
덕암동311,1,대전광역시 대덕구 덕암로174번길 19-10,,36.43634986,127.4237168,,,042-608-5205,대전광역시 대덕구청,2025-11-13
대화동006,1,대전광역시 대덕구 대화5길 2,,36.36373844,127.4162719,,,042-608-5205,대전광역시 대덕구청,2025-11-13
대화동069,1,대전광역시 대덕구 대화10길 29,,36.36459497,127.4166687,,,042-608-5205,대전광역시 대덕구청,2025-11-13
덕암동312,1,대전광역시 대덕구 덕암로168번길 11,,36.43555265,127.4228648,,,042-608-5205,대전광역시 대덕구청,2025-11-13
덕암동313,1,대전광역시 대덕구 덕암로168번길 14,,36.43528199,127.4229526,,,042-608-5205,대전광역시 대덕구청,2025-11-13
덕암동314,1,대전광역시 대덕구 덕암로168번길 16,,36.43523808,127.4231352,,,042-608-5205,대전광역시 대덕구청,2025-11-13
덕암동315,1,대전광역시 대덕구 덕암로168번길 16,,36.43523808,127.4231352,,,042-608-5205,대전광역시 대덕구청,2025-11-13
덕암동316,1,대전광역시 대덕구 덕암로174번길 16,,36.43592637,127.4231925,,,042-608-5205,대전광역시 대덕구청,2025-11-13
덕암동317,1,대전광역시 대덕구 덕암로168번길 25-6,,36.43554219,127.4237793,,,042-608-5205,대전광역시 대덕구청,2025-11-13
덕암동318,1,대전광역시 대덕구 덕암로148번안길 58,,36.43516645,127.4240226,,,042-608-5205,대전광역시 대덕구청,2025-11-13
덕암동319,1,대전광역시 대덕구 덕암로162번길 37-20,,36.43551789,127.4245331,,,042-608-5205,대전광역시 대덕구청,2025-11-13
덕암동320,1,대전광역시 대덕구 덕암로162번길37-20,,36.43551789,127.4245331,,,042-608-5205,대전광역시 대덕구청,2025-11-13
덕암동321,1,대전광역시 대덕구 덕암로162번길37-8,,36.43494909,127.4243248,,,042-608-5205,대전광역시 대덕구청,2025-11-13
대화동070,1,대전광역시 대덕구 대화1길 53,,36.36418264,127.4170676,,,042-608-5205,대전광역시 대덕구청,2025-11-13
덕암동322,1,대전광역시 대덕구 덕암로162번길34,,36.43459391,127.4238544,,,042-608-5205,대전광역시 대덕구청,2025-11-13
덕암동323,1,대전광역시 대덕구 덕암로148번안길 56,,36.43505472,127.4240175,,,042-608-5205,대전광역시 대덕구청,2025-11-13
덕암동324,1,대전광역시 대덕구 덕암로162번길 25-8,,36.43510658,127.4236252,,,042-608-5205,대전광역시 대덕구청,2025-11-13
덕암동325,1,대전광역시 대덕구 무지니1길4,,36.43686953,127.4345778,,,042-608-5205,대전광역시 대덕구청,2025-11-13
덕암동326,1,대전광역시 대덕구 태양마을길 1,,36.43711071,127.4346684,,,042-608-5205,대전광역시 대덕구청,2025-11-13
덕암동327,1,대전광역시 대덕구 태양마을길 11,,36.43761535,127.4346712,,,042-608-5205,대전광역시 대덕구청,2025-11-13
덕암동328,1,대전광역시 대덕구 태양마을길 19,,36.43799962,127.434892,,,042-608-5205,대전광역시 대덕구청,2025-11-13
덕암동329,1,대전광역시 대덕구 태양마을길 41,,36.43851906,127.4349618,,,042-608-5205,대전광역시 대덕구청,2025-11-13
덕암동330,1,대전광역시 대덕구 태양마을길 55,,36.43819591,127.4356024,,,042-608-5205,대전광역시 대덕구청,2025-11-13
덕암동331,1,대전광역시 대덕구 태양마을길 61,,36.43791852,127.4355562,,,042-608-5205,대전광역시 대덕구청,2025-11-13
대화동071,1,대전광역시 대덕구 대화1길 77,,36.36391396,127.4165893,,,042-608-5205,대전광역시 대덕구청,2025-11-13
덕암동332,1,대전광역시 대덕구 무지니1길 17,,36.43736855,127.4351338,,,042-608-5205,대전광역시 대덕구청,2025-11-13
덕암동333,1,대전광역시 대덕구 무지니1길 25,,36.43706078,127.4355113,,,042-608-5205,대전광역시 대덕구청,2025-11-13
덕암동334,1,,대전광역시 대덕구 덕암동 144-1,,,,,042-608-5205,대전광역시 대덕구청,2025-11-13
덕암동335,1,,대전광역시 대덕구 덕암동 144-1,,,,,042-608-5205,대전광역시 대덕구청,2025-11-13
덕암동336,1,대전광역시 대덕구 무지니1길 37,,36.43666869,127.4362764,,,042-608-5205,대전광역시 대덕구청,2025-11-13
덕암동337,1,,대전광역시 대덕구 덕암동 168,,,,,042-608-5205,대전광역시 대덕구청,2025-11-13
덕암동338,1,대전광역시 대덕구 청자마을길 11,,36.43682165,127.4368349,,,042-608-5205,대전광역시 대덕구청,2025-11-13
덕암동339,1,대전광역시 대덕구 청자마을길 12,,36.43683482,127.437174,,,042-608-5205,대전광역시 대덕구청,2025-11-13
덕암동340,1,대전광역시 대덕구 청자마을길 22,,36.43703314,127.4371573,,,042-608-5205,대전광역시 대덕구청,2025-11-13
덕암동341,1,대전광역시 대덕구 청자마을길 19,,36.43700928,127.4367824,,,042-608-5205,대전광역시 대덕구청,2025-11-13
대화동072,1,대전광역시 대덕구 대화1길 77,,36.36391396,127.4165893,,,042-608-5205,대전광역시 대덕구청,2025-11-13
덕암동342,1,대전광역시 대덕구 청자마을길 15,,36.43697442,127.4364565,,,042-608-5205,대전광역시 대덕구청,2025-11-13
덕암동343,1,,대전광역시 대덕구 덕암동 163,,,,,042-608-5205,대전광역시 대덕구청,2025-11-13
덕암동344,1,대전광역시 대덕구 청자마을길 48,,36.43736133,127.4371082,,,042-608-5205,대전광역시 대덕구청,2025-11-13
덕암동345,1,,대전광역시 대덕구 덕암동 1775,,,,,042-608-5205,대전광역시 대덕구청,2025-11-13
덕암동346,1,대전광역시 대덕구 청자마을길 72,,36.4379065,127.4378581,,,042-608-5205,대전광역시 대덕구청,2025-11-13
덕암동347,1,대전광역시 대덕구 청자마을길 64,,36.43762443,127.4381063,,,042-608-5205,대전광역시 대덕구청,2025-11-13
덕암동348,1,대전광역시 대덕구 청자마을길 64,,36.43762443,127.4381063,,,042-608-5205,대전광역시 대덕구청,2025-11-13
덕암동349,1,대전광역시 대덕구 청자마을길 18,,36.43706088,127.4374563,,,042-608-5205,대전광역시 대덕구청,2025-11-13
덕암동350,1,대전광역시 대덕구 청자마을길 42,,36.4373956,127.4375965,,,042-608-5205,대전광역시 대덕구청,2025-11-13
덕암동351,1,대전광역시 대덕구 무지니1길 43,,36.43600488,127.4364288,,,042-608-5205,대전광역시 대덕구청,2025-11-13
대화동073,1,대전광역시 대덕구 대화15길 23,,36.36376337,127.4173908,,,042-608-5205,대전광역시 대덕구청,2025-11-13
덕암동352,1,대전광역시 대덕구 무지니2길 4,,36.43581253,127.4367846,,,042-608-5205,대전광역시 대덕구청,2025-11-13
덕암동353,1,대전광역시 대덕구 무지니2길 12,,36.43622192,127.4372062,,,042-608-5205,대전광역시 대덕구청,2025-11-13
덕암동354,1,대전광역시 대덕구 무지니1길 45,,36.43551818,127.4364484,,,042-608-5205,대전광역시 대덕구청,2025-11-13
덕암동355,1,대전광역시 대덕구 무지니1길 49,,36.4355637,127.4368144,,,042-608-5205,대전광역시 대덕구청,2025-11-13
덕암동356,1,대전광역시 대덕구 무지니1길 49,,36.4355637,127.4368144,,,042-608-5205,대전광역시 대덕구청,2025-11-13
덕암동357,1,,대전광역시 대덕구 덕암동 154-12,,,,,042-608-5205,대전광역시 대덕구청,2025-11-13
덕암동358,1,대전광역시 대덕구 무지니1길 49,,36.4355637,127.4368144,,,042-608-5205,대전광역시 대덕구청,2025-11-13
덕암동359,1,대전광역시 대덕구 무지니1길 49,,36.4355637,127.4368144,,,042-608-5205,대전광역시 대덕구청,2025-11-13
덕암동360,1,대전광역시 대덕구 무지니1길 55,,36.43501331,127.436508,,,042-608-5205,대전광역시 대덕구청,2025-11-13
덕암동361,1,대전광역시 대덕구 평촌2길 43,,36.43427462,127.436437,,,042-608-5205,대전광역시 대덕구청,2025-11-13
대화동074,1,대전광역시 대덕구 대화1길 43,,36.364542,127.416352,,,042-608-5205,대전광역시 대덕구청,2025-11-13
덕암동362,1,,대전광역시 대덕구 덕암동 7-3,36.44516858,127.4212511,,,042-608-5205,대전광역시 대덕구청,2025-11-13
덕암동363,1,대전광역시 대덕구 무지니1길 65,,36.43500044,127.4360841,,,042-608-5205,대전광역시 대덕구청,2025-11-13
덕암동364,1,,대전광역시 대덕구 덕암동 150-1,,,,,042-608-5205,대전광역시 대덕구청,2025-11-13
덕암동365,1,,대전광역시 대덕구 덕암동 491-1,,,,,042-608-5205,대전광역시 대덕구청,2025-11-13
덕암동366,1,,대전광역시 대덕구 덕암동 531,,,,,042-608-5205,대전광역시 대덕구청,2025-11-13
덕암동367,1,,대전광역시 대덕구 덕암동 531,,,,,042-608-5205,대전광역시 대덕구청,2025-11-13
덕암동368,1,,대전광역시 대덕구 덕암동 120,,,,,042-608-5205,대전광역시 대덕구청,2025-11-13
덕암동369,1,,대전광역시 대덕구 덕암동 148-3,,,,,042-608-5205,대전광역시 대덕구청,2025-11-13
덕암동370,1,,대전광역시 대덕구 덕암동 113-8,,,,,042-608-5205,대전광역시 대덕구청,2025-11-13
덕암동371,1,대전광역시 대덕구 평촌2길 30,,36.43520917,127.4351887,,,042-608-5205,대전광역시 대덕구청,2025-11-13
대화동075,1,대전광역시 대덕구 대화7길 17,,36.36484184,127.4161664,,,042-608-5205,대전광역시 대덕구청,2025-11-13
덕암동371-1,1,대전광역시 대덕구 덕암북로22번길 101,,36.44298021,127.4222984,,,042-608-5205,대전광역시 대덕구청,2025-11-13
덕암동372,1,,대전광역시 대덕구 덕암동 112-6,,,,,042-608-5205,대전광역시 대덕구청,2025-11-13
덕암동373,1,,대전광역시 대덕구 덕암동 109-1,36.43354651,127.4193299,,,042-608-5205,대전광역시 대덕구청,2025-11-13
덕암동374,1,대전광역시 대덕구 평촌2길 47,대전광역시 대덕구 덕암동 79-1,36.43376397,127.4351181,,,042-608-5205,대전광역시 대덕구청,2025-11-13
덕암동375,1,대전광역시 대덕구 평촌2길 47,대전광역시 대덕구 덕암동 78-2,36.43376397,127.4351181,,,042-608-5205,대전광역시 대덕구청,2025-11-13
덕암동376,1,,대전광역시 대덕구 덕암동 75-22,,,,,042-608-5205,대전광역시 대덕구청,2025-11-13
덕암동377,1,,대전광역시 대덕구 덕암동 75-12,,,,,042-608-5205,대전광역시 대덕구청,2025-11-13
덕암동378,1,대전광역시 대덕구 평촌2길 56,,36.43234758,127.4340619,,,042-608-5205,대전광역시 대덕구청,2025-11-13
덕암동379,1,대전광역시 대덕구 평촌2길 62,,36.43187428,127.4333723,,,042-608-5205,대전광역시 대덕구청,2025-11-13
덕암동380,1,대전광역시 대덕구 벚꽃길 71,,36.436126,127.428868,,,042-608-5205,대전광역시 대덕구청,2025-11-13
대화동076,1,대전광역시 대덕구 대화7길 15,,36.36474762,127.4163085,,,042-608-5205,대전광역시 대덕구청,2025-11-13
덕암동381,1,대전광역시 대덕구 평촌1길 39,,36.4374544,127.4323416,,,042-608-5205,대전광역시 대덕구청,2025-11-13
덕암동382,1,대전광역시 대덕구 평촌2길 6,,36.43752768,127.4330067,,,042-608-5205,대전광역시 대덕구청,2025-11-13
덕암동383,1,대전광역시 대덕구 평촌2길 8,,36.43746172,127.4333053,,,042-608-5205,대전광역시 대덕구청,2025-11-13
덕암동384,1,대전광역시 대덕구 평촌2길 11,,36.4375172,127.4339078,,,042-608-5205,대전광역시 대덕구청,2025-11-13
덕암동385,1,대전광역시 대덕구 평촌1길 39,,36.4374544,127.4323416,,,042-608-5205,대전광역시 대덕구청,2025-11-13
덕암동386,1,,대전광역시 대덕구 덕암동 103-4,,,,,042-608-5205,대전광역시 대덕구청,2025-11-13
덕암동387,1,대전광역시 대덕구 평촌1길 45,,36.43671176,127.4323643,,,042-608-5205,대전광역시 대덕구청,2025-11-13
덕암동388,1,대전광역시 대덕구 평촌1길 47,,36.43692735,127.4325528,,,042-608-5205,대전광역시 대덕구청,2025-11-13
덕암동389,1,대전광역시 대덕구 평촌1길 51,,36.43648877,127.4322247,,,042-608-5205,대전광역시 대덕구청,2025-11-13
덕암동390,1,대전광역시 대덕구 평촌1길 57,,36.4360213,127.4329091,,,042-608-5205,대전광역시 대덕구청,2025-11-13
대화동077,1,대전광역시 대덕구 대화7길 31,,36.36496761,127.4162785,,,042-608-5205,대전광역시 대덕구청,2025-11-13
덕암동391,1,대전광역시 대덕구 평촌1길 66,,36.4345452,127.4324102,,,042-608-5205,대전광역시 대덕구청,2025-11-13
덕암동392,1,대전광역시 대덕구 평촌1길 72,,36.43389555,127.4326341,,,042-608-5205,대전광역시 대덕구청,2025-11-13
덕암동393,1,대전광역시 대덕구 평촌1길 82,,36.43289942,127.432981,,,042-608-5205,대전광역시 대덕구청,2025-11-13
덕암동394,1,대전광역시 대덕구 평촌4길 14,,36.43269079,127.4328594,,,042-608-5205,대전광역시 대덕구청,2025-11-13
덕암동395,1,대전광역시 대덕구 평촌4길 16,,36.43239911,127.4327775,,,042-608-5205,대전광역시 대덕구청,2025-11-13
덕암동396,1,,대전광역시 대덕구 덕암동 67-3,,,,,042-608-5205,대전광역시 대덕구청,2025-11-13
덕암동397,1,대전광역시 대덕구 평촌4길 15,,36.43117897,127.4322711,,,042-608-5205,대전광역시 대덕구청,2025-11-13
덕암동398,1,대전광역시 대덕구 벚꽃길 71,,36.436126,127.428868,,,042-608-5205,대전광역시 대덕구청,2025-11-13
덕암동399,1,대전광역시 대덕구 벚꽃길 71,,36.436126,127.428868,,,042-608-5205,대전광역시 대덕구청,2025-11-13
덕암동400,1,대전광역시 대덕구 벚꽃길 71,,36.436126,127.428868,,,042-608-5205,대전광역시 대덕구청,2025-11-13
대화동078,1,대전광역시 대덕구 대화7길 41,,36.36514427,127.4162705,,,042-608-5205,대전광역시 대덕구청,2025-11-13
덕암동401,1,대전광역시 대덕구 벚꽃길 71,,36.436126,127.428868,,,042-608-5205,대전광역시 대덕구청,2025-11-13
덕암동402,1,대전광역시 대덕구 벚꽃길 71,,36.436126,127.428868,,,042-608-5205,대전광역시 대덕구청,2025-11-13
덕암동403,1,대전광역시 대덕구 벚꽃길 71,,36.436126,127.428868,,,042-608-5205,대전광역시 대덕구청,2025-11-13
덕암동404,1,대전광역시 대덕구 벚꽃길 71,,36.436126,127.428868,,,042-608-5205,대전광역시 대덕구청,2025-11-13
덕암동405,1,대전광역시 대덕구 벚꽃길 71,,36.436126,127.428868,,,042-608-5205,대전광역시 대덕구청,2025-11-13
덕암동406,1,대전광역시 대덕구 벚꽃길 71,,36.436126,127.428868,,,042-608-5205,대전광역시 대덕구청,2025-11-13
덕암동407,1,대전광역시 대덕구 벚꽃길 71,,36.436126,127.428868,,,042-608-5205,대전광역시 대덕구청,2025-11-13
덕암동408,1,대전광역시 대덕구 평촌1길 87,,36.43262583,127.4338717,,,042-608-5205,대전광역시 대덕구청,2025-11-13
덕암동409,1,대전광역시 대덕구 평촌4길 2,,36.432285,127.4334282,,,042-608-5205,대전광역시 대덕구청,2025-11-13
덕암동410,1,대전광역시 대덕구 평촌1길 63,,36.4345746,127.4332491,,,042-608-5205,대전광역시 대덕구청,2025-11-13
대화동007,1,대전광역시 대덕구 대화5길 10,,36.36378296,127.4159067,,,042-608-5205,대전광역시 대덕구청,2025-11-13
대화동079,1,대전광역시 대덕구 대화8길 2,,36.36510525,127.4160876,,,042-608-5205,대전광역시 대덕구청,2025-11-13
덕암동411,1,대전광역시 대덕구 평촌3길 7,,36.43470635,127.4336959,,,042-608-5205,대전광역시 대덕구청,2025-11-13
덕암동412,1,대전광역시 대덕구 평촌3길 12,,36.43423087,127.433604,,,042-608-5205,대전광역시 대덕구청,2025-11-13
덕암동413,1,,대전광역시 대덕구 덕암동 24-4,,,,,042-608-5205,대전광역시 대덕구청,2025-11-13
덕암동414,1,,대전광역시 대덕구 덕암동 24-5,,,,,042-608-5205,대전광역시 대덕구청,2025-11-13
덕암동415,1,,대전광역시 대덕구 덕암동 44-1,36.44232773,127.4243426,,,042-608-5205,대전광역시 대덕구청,2025-11-13
덕암동416,1,,대전광역시 대덕구 덕암동 44-1,36.44232773,127.4243426,,,042-608-5205,대전광역시 대덕구청,2025-11-13
덕암동417,1,,대전광역시 대덕구 덕암동 287-13,,,,,042-608-5205,대전광역시 대덕구청,2025-11-13
덕암동418,1,,대전광역시 대덕구 덕암동 287-13,,,,,042-608-5205,대전광역시 대덕구청,2025-11-13
덕암동419,1,대전광역시 대덕구 평촌5길 4,,36.4291677,127.4282365,,,042-608-5205,대전광역시 대덕구청,2025-11-13
덕암동420,1,대전광역시 대덕구 평촌5길 3,,36.42930714,127.428554,,,042-608-5205,대전광역시 대덕구청,2025-11-13
대화동080,1,대전광역시 대덕구 대화9길 30,,36.36566455,127.4159256,,,042-608-5205,대전광역시 대덕구청,2025-11-13
덕암동421,1,대전광역시 대덕구 평촌5길 17,,36.42973437,127.4280275,,,042-608-5205,대전광역시 대덕구청,2025-11-13
덕암동422,1,,대전광역시 대덕구 덕암동 287-7,,,,,042-608-5205,대전광역시 대덕구청,2025-11-13
덕암동423,1,,대전광역시 대덕구 덕암동 297-3,,,,,042-608-5205,대전광역시 대덕구청,2025-11-13
덕암동424,1,대전광역시 대덕구 방두말4길 23,,36.42906161,127.4286686,,,042-608-5205,대전광역시 대덕구청,2025-11-13
덕암동425,1,대전광역시 대덕구 방두말4길 35,,36.42788162,127.4280198,,,042-608-5205,대전광역시 대덕구청,2025-11-13
덕암동426,1,대전광역시 대덕구 방두말4길 35,,36.42788162,127.4280198,,,042-608-5205,대전광역시 대덕구청,2025-11-13
덕암동427,1,,대전광역시 대덕구 덕암동 317-2,,,,,042-608-5205,대전광역시 대덕구청,2025-11-13
덕암동428,1,대전광역시 대덕구 방두말1길 25,,36.42904336,127.4267192,,,042-608-5205,대전광역시 대덕구청,2025-11-13
덕암동429,1,대전광역시 대덕구 방두말4길 31,,36.42876265,127.4275991,,,042-608-5205,대전광역시 대덕구청,2025-11-13
덕암동430,1,대전광역시 대덕구 방두말4길 29,,36.42862296,127.4283584,,,042-608-5205,대전광역시 대덕구청,2025-11-13
대화동081,1,대전광역시 대덕구 대화13길 36,,36.36559203,127.4160456,,,042-608-5205,대전광역시 대덕구청,2025-11-13
덕암동431,1,대전광역시 대덕구 방두말4길 29,,36.42862296,127.4283584,,,042-608-5205,대전광역시 대덕구청,2025-11-13
덕암동432,1,대전광역시 대덕구 방두말4길 29,,36.42862296,127.4283584,,,042-608-5205,대전광역시 대덕구청,2025-11-13
덕암동433,1,대전광역시 대덕구 평촌5길 29,,36.42953004,127.4277121,,,042-608-5205,대전광역시 대덕구청,2025-11-13
덕암동434,1,대전광역시 대덕구 방두말4길 9,,36.430025,127.4273981,,,042-608-5205,대전광역시 대덕구청,2025-11-13
덕암동435,1,대전광역시 대덕구 방두말4길 5,,36.43030319,127.4272212,,,042-608-5205,대전광역시 대덕구청,2025-11-13
덕암동436,1,대전광역시 대덕구 방두말4길 5,,36.43030319,127.4272212,,,042-608-5205,대전광역시 대덕구청,2025-11-13
덕암동437,1,,대전광역시 대덕구 덕암동 297-1,,,,,042-608-5205,대전광역시 대덕구청,2025-11-13
덕암동438,1,대전광역시 대덕구 벚꽃길 71,,36.436126,127.428868,,,042-608-5205,대전광역시 대덕구청,2025-11-13
덕암동439,1,대전광역시 대덕구 벚꽃길 71,,36.436126,127.428868,,,042-608-5205,대전광역시 대덕구청,2025-11-13
덕암동440,1,,대전광역시 대덕구 덕암동 184-3,,,,,042-608-5205,대전광역시 대덕구청,2025-11-13
대화동082,1,대전광역시 대덕구 대화9길 24,,36.36580427,127.4161715,,,042-608-5205,대전광역시 대덕구청,2025-11-13
덕암동441,1,,대전광역시 대덕구 덕암동 184-3,,,,,042-608-5205,대전광역시 대덕구청,2025-11-13
덕암동442,1,,대전광역시 대덕구 덕암동 184-3,,,,,042-608-5205,대전광역시 대덕구청,2025-11-13
덕암동443,1,대전광역시 대덕구 태양마을길 11,,36.43761535,127.4346712,,,042-608-5205,대전광역시 대덕구청,2025-11-13
덕암동444,1,대전광역시 대덕구 태양마을길 39,,36.4385376,127.4348191,,,042-608-5205,대전광역시 대덕구청,2025-11-13
덕암동445,1,,대전광역시 대덕구 덕암동 166,,,,,042-608-5205,대전광역시 대덕구청,2025-11-13
덕암동446,1,대전광역시 대덕구 청자마을길 78,,36.43768829,127.4374018,,,042-608-5205,대전광역시 대덕구청,2025-11-13
덕암동447,1,대전광역시 대덕구 청자마을길 16,,36.43707104,127.4376348,,,042-608-5205,대전광역시 대덕구청,2025-11-13
덕암동448,1,대전광역시 대덕구 태양마을길 34,,36.43827695,127.4351255,,,042-608-5205,대전광역시 대덕구청,2025-11-13
덕암동449,1,대전광역시 대덕구 태양마을길 52,,36.43807055,127.4353831,,,042-608-5205,대전광역시 대덕구청,2025-11-13
덕암동450,1,대전광역시 대덕구 무지니2길 22,,36.43654109,127.4376541,,,042-608-5205,대전광역시 대덕구청,2025-11-13
대화동083,1,대전광역시 대덕구 대화8길 6,,36.36526683,127.4162712,,,042-608-5205,대전광역시 대덕구청,2025-11-13
덕암동451,1,대전광역시 대덕구 신탄진로567번길 35,,36.42920039,127.4200469,,,042-608-5205,대전광역시 대덕구청,2025-11-13
덕암동452,1,대전광역시 대덕구 덕암로 84,,36.42888388,127.419849,,,042-608-5205,대전광역시 대덕구청,2025-11-13
덕암동453,1,대전광역시 대덕구 신탄진로567번길 37-18,,36.42873526,127.4200846,,,042-608-5205,대전광역시 대덕구청,2025-11-13
덕암동454,1,대전광역시 대덕구 신탄진로567번길 37-15,,36.4289435,127.4203221,,,042-608-5205,대전광역시 대덕구청,2025-11-13
덕암동455,1,대전광역시 대덕구 덕암로 34,,36.42431572,127.4191286,,,042-608-5205,대전광역시 대덕구청,2025-11-13
덕암동456,1,대전광역시 대덕구 덕암로 28,,36.42383283,127.4190903,,,042-608-5205,대전광역시 대덕구청,2025-11-13
덕암동457,1,대전광역시 대덕구 상서당1길52,,36.42151633,127.4217941,,,042-608-5205,대전광역시 대덕구청,2025-11-13
덕암동458,1,대전광역시 대덕구 상서당1길52,,36.42151633,127.4217941,,,042-608-5205,대전광역시 대덕구청,2025-11-13
덕암동459,1,,대전광역시 대덕구 덕암동 435-8,,,,,042-608-5205,대전광역시 대덕구청,2025-11-13
덕암동460,1,대전광역시 대덕구 상서당1길 60,,36.42128715,127.4223861,,,042-608-5205,대전광역시 대덕구청,2025-11-13
대화동084,1,대전광역시 대덕구 대화7길 8,,36.36523024,127.416427,,,042-608-5205,대전광역시 대덕구청,2025-11-13
덕암동461,1,대전광역시 대덕구 상서당1길 62,,36.42093681,127.4225804,,,042-608-5205,대전광역시 대덕구청,2025-11-13
덕암동462,1,대전광역시 대덕구 상서당1길 70,,36.4205816,127.4231315,,,042-608-5205,대전광역시 대덕구청,2025-11-13
덕암동463,1,,대전광역시 대덕구 덕암동 426-1,,,,,042-608-5205,대전광역시 대덕구청,2025-11-13
덕암동464,1,,대전광역시 대덕구 덕암동 425,,,,,042-608-5205,대전광역시 대덕구청,2025-11-13
덕암동465,1,대전광역시 대덕구 상서당3길 7,,36.42244269,127.422825,,,042-608-5205,대전광역시 대덕구청,2025-11-13
덕암동466,1,대전광역시 대덕구 상서당1길 43,,36.42146475,127.4231274,,,042-608-5205,대전광역시 대덕구청,2025-11-13
덕암동467,1,대전광역시 대덕구 상서당3길 23,,36.42168228,127.4248056,,,042-608-5205,대전광역시 대덕구청,2025-11-13
덕암동468,1,대전광역시 대덕구 상서당3길 27,,36.42101207,127.4247351,,,042-608-5205,대전광역시 대덕구청,2025-11-13
덕암동469,1,,대전광역시 대덕구 덕암동 414,,,,,042-608-5205,대전광역시 대덕구청,2025-11-13
덕암동470,1,대전광역시 대덕구 상서당3길 31,,36.42103624,127.425034,,,042-608-5205,대전광역시 대덕구청,2025-11-13
대화동085,1,대전광역시 대덕구 대화6길 10,,36.36479673,127.4166965,,,042-608-5205,대전광역시 대덕구청,2025-11-13
덕암동471,1,대전광역시 대덕구 상서당1길 4,,36.42749498,127.4222104,,,042-608-5205,대전광역시 대덕구청,2025-11-13
덕암동472,1,대전광역시 대덕구 상서당1길 4,,36.42749498,127.4222104,,,042-608-5205,대전광역시 대덕구청,2025-11-13
덕암동473,1,대전광역시 대덕구 상서당1길 12,,36.42652708,127.4217141,,,042-608-5205,대전광역시 대덕구청,2025-11-13
덕암동474,1,대전광역시 대덕구 상서당1길 12,,36.42652708,127.4217141,,,042-608-5205,대전광역시 대덕구청,2025-11-13
덕암동475,1,,대전광역시 대덕구 덕암동 336,,,,,042-608-5205,대전광역시 대덕구청,2025-11-13
덕암동476,1,,대전광역시 대덕구 덕암동 337-1,,,,,042-608-5205,대전광역시 대덕구청,2025-11-13
덕암동477,1,대전광역시 대덕구 상서당1길 22-3,,36.42505268,127.4217419,,,042-608-5205,대전광역시 대덕구청,2025-11-13
덕암동478,1,대전광역시 대덕구 상서당1길 22-2,,36.42480514,127.421406,,,042-608-5205,대전광역시 대덕구청,2025-11-13
덕암동479,1,대전광역시 대덕구 상서당1길 28,,36.42427793,127.4216708,,,042-608-5205,대전광역시 대덕구청,2025-11-13
덕암동480,1,대전광역시 대덕구 상서당1길 30,,36.42404283,127.421897,,,042-608-5205,대전광역시 대덕구청,2025-11-13
대화동086,1,대전광역시 대덕구 대화6길 16,,36.3650742,127.4167248,,,042-608-5205,대전광역시 대덕구청,2025-11-13
덕암동481,1,대전광역시 대덕구 상서당1길 32-1,,36.42373403,127.4215563,,,042-608-5205,대전광역시 대덕구청,2025-11-13
덕암동482,1,대전광역시 대덕구 상서당2길 2,,36.42302989,127.4219049,,,042-608-5205,대전광역시 대덕구청,2025-11-13
덕암동483,1,대전광역시 대덕구 새말1길 51,,36.42334595,127.4222322,,,042-608-5205,대전광역시 대덕구청,2025-11-13
덕암동484,1,대전광역시 대덕구 새말2길 55,,36.42377891,127.4228324,,,042-608-5205,대전광역시 대덕구청,2025-11-13
덕암동485,1,대전광역시 대덕구 새말1길 41,,36.42403768,127.4223341,,,042-608-5205,대전광역시 대덕구청,2025-11-13
덕암동486,1,대전광역시 대덕구 새말2길 42,,36.42489473,127.4225751,,,042-608-5205,대전광역시 대덕구청,2025-11-13
덕암동487,1,대전광역시 대덕구 새말2길 66,,36.42327302,127.4224682,,,042-608-5205,대전광역시 대덕구청,2025-11-13
덕암동488,1,대전광역시 대덕구 새말3길 42,,36.42377583,127.4229883,,,042-608-5205,대전광역시 대덕구청,2025-11-13
덕암동489,1,,대전광역시 대덕구 덕암동 323-24,,,,,042-608-5205,대전광역시 대덕구청,2025-11-13
덕암동490,1,대전광역시 대덕구 상서당1길 27,,36.42466935,127.4220922,,,042-608-5205,대전광역시 대덕구청,2025-11-13
대화동087,1,대전광역시 대덕구 대화10길 15,,36.36421368,127.4153993,,,042-608-5205,대전광역시 대덕구청,2025-11-13
덕암동491,1,대전광역시 대덕구 상서당1길 21,,36.42524594,127.4221354,,,042-608-5205,대전광역시 대덕구청,2025-11-13
덕암동492,1,대전광역시 대덕구 새말2길 44,,36.42476083,127.422726,,,042-608-5205,대전광역시 대덕구청,2025-11-13
덕암동493,1,대전광역시 대덕구 새말2길 49,,36.42435648,127.4229022,,,042-608-5205,대전광역시 대덕구청,2025-11-13
덕암동494,1,대전광역시 대덕구 벚꽃길 142,,36.42599979,127.4250477,,,042-608-5205,대전광역시 대덕구청,2025-11-13
덕암동495,1,대전광역시 대덕구 새말3길 26,,36.42496787,127.4232981,,,042-608-5205,대전광역시 대덕구청,2025-11-13
덕암동496,1,대전광역시 대덕구 새말3길 24,,36.42524534,127.4233219,,,042-608-5205,대전광역시 대덕구청,2025-11-13
덕암동497,1,대전광역시 대덕구 벚꽃길 142,,36.42599979,127.4250477,,,042-608-5205,대전광역시 대덕구청,2025-11-13
덕암동497-1,1,대전광역시 대덕구 덕암로249번길 28,,36.44297854,127.4227713,,,042-608-5205,대전광역시 대덕구청,2025-11-13
덕암동498,1,대전광역시 대덕구 새말3길 16,,36.4257965,127.423423,,,042-608-5205,대전광역시 대덕구청,2025-11-13
덕암동499,1,대전광역시 대덕구 새말3길 10,,36.42645561,127.4235738,,,042-608-5205,대전광역시 대덕구청,2025-11-13
대화동088,1,대전광역시 대덕구 늘봄1길 8,,36.36431365,127.4146393,,,042-608-5205,대전광역시 대덕구청,2025-11-13
덕암동500,1,대전광역시 대덕구 새말3길 4,,36.42691349,127.4235495,,,042-608-5205,대전광역시 대덕구청,2025-11-13
덕암동501,1,대전광역시 대덕구 새말2길 5,,36.42693576,127.4233667,,,042-608-5205,대전광역시 대덕구청,2025-11-13
덕암동502,1,대전광역시 대덕구 새말2길 9,,36.42665514,127.4232136,,,042-608-5205,대전광역시 대덕구청,2025-11-13
덕암동503,1,대전광역시 대덕구 새말2길 18,,36.42620535,127.4229926,,,042-608-5205,대전광역시 대덕구청,2025-11-13
덕암동504,1,대전광역시 대덕구 새말2길 17,,36.42623352,127.4231801,,,042-608-5205,대전광역시 대덕구청,2025-11-13
덕암동505,1,대전광역시 대덕구 새말2길 23,,36.42582619,127.4231823,,,042-608-5205,대전광역시 대덕구청,2025-11-13
덕암동506,1,대전광역시 대덕구 새말2길 25,,36.4256749,127.4231503,,,042-608-5205,대전광역시 대덕구청,2025-11-13
덕암동507,1,대전광역시 대덕구 새말2길 29,,36.42545536,127.4230554,,,042-608-5205,대전광역시 대덕구청,2025-11-13
덕암동508,1,대전광역시 대덕구 새말1길 25,,36.42550772,127.4225204,,,042-608-5205,대전광역시 대덕구청,2025-11-13
덕암동509,1,대전광역시 대덕구 새말1길 21,,36.42574533,127.422602,,,042-608-5205,대전광역시 대덕구청,2025-11-13
대화동008,1,대전광역시 대덕구 대오길 58,,36.36354209,127.4157227,,,042-608-5205,대전광역시 대덕구청,2025-11-13
대화동089,1,대전광역시 대덕구 대화4길 13,,36.36453421,127.4154829,,,042-608-5205,대전광역시 대덕구청,2025-11-13
덕암동510,1,대전광역시 대덕구 새말1길 21,,36.42574533,127.422602,,,042-608-5205,대전광역시 대덕구청,2025-11-13
덕암동511,1,대전광역시 대덕구 상서당1길 13,,36.42631562,127.422391,,,042-608-5205,대전광역시 대덕구청,2025-11-13
덕암동512,1,대전광역시 대덕구 상서당1길 11,,36.42651741,127.4224099,,,042-608-5205,대전광역시 대덕구청,2025-11-13
덕암동513,1,대전광역시 대덕구 상서당1길 5,,36.42720903,127.422543,,,042-608-5205,대전광역시 대덕구청,2025-11-13
덕암동514,1,대전광역시 대덕구 상서당1길 5,,36.42720903,127.422543,,,042-608-5205,대전광역시 대덕구청,2025-11-13
덕암동515,1,대전광역시 대덕구 방두말5길 35,,36.42687596,127.4249811,,,042-608-5205,대전광역시 대덕구청,2025-11-13
덕암동516,1,대전광역시 대덕구 방두말5길 35,,36.42687596,127.4249811,,,042-608-5205,대전광역시 대덕구청,2025-11-13
덕암동517,1,대전광역시 대덕구 방두말5길 7,,36.42714903,127.4262405,,,042-608-5205,대전광역시 대덕구청,2025-11-13
덕암동518,1,대전광역시 대덕구 방두말5길 21,,36.42719519,127.4254245,,,042-608-5205,대전광역시 대덕구청,2025-11-13
덕암동519,1,,대전광역시 대덕구 덕암동 144-12,,,,,042-608-5205,대전광역시 대덕구청,2025-11-13
대화동090,1,대전광역시 대덕구 대화4길 24,,36.36462558,127.4151223,,,042-608-5205,대전광역시 대덕구청,2025-11-13
덕암동520,1,대전광역시 대덕구 방두말5길 13,,36.42641168,127.4257904,,,042-608-5205,대전광역시 대덕구청,2025-11-13
덕암동521,1,대전광역시 대덕구 상서당2길 26,,36.42255354,127.4251048,,,042-608-5205,대전광역시 대덕구청,2025-11-13
덕암동522,1,대전광역시 대덕구 상서당2길 29,,36.42258571,127.4241683,,,042-608-5205,대전광역시 대덕구청,2025-11-13
덕암동523,1,대전광역시 대덕구 상서당3길 17,,36.42181417,127.4242087,,,042-608-5205,대전광역시 대덕구청,2025-11-13
덕암동524,1,대전광역시 대덕구 상서당1길 43,,36.42146475,127.4231274,,,042-608-5205,대전광역시 대덕구청,2025-11-13
덕암동525,1,대전광역시 대덕구 상서당2길 11,,36.42258556,127.4231959,,,042-608-5205,대전광역시 대덕구청,2025-11-13
덕암동526,1,대전광역시 대덕구 벚꽃길 103,,36.42940702,127.4237995,,,042-608-5205,대전광역시 대덕구청,2025-11-13
덕암동527,1,대전광역시 대덕구 방두말2길 10,,36.42875764,127.4239521,,,042-608-5205,대전광역시 대덕구청,2025-11-13
덕암동528,1,대전광역시 대덕구 방두말1길 20-22,,36.42935707,127.424669,,,042-608-5205,대전광역시 대덕구청,2025-11-13
덕암동529,1,대전광역시 대덕구 방두말1길 20-22,,36.42935707,127.424669,,,042-608-5205,대전광역시 대덕구청,2025-11-13
대화동091,1,대전광역시 대덕구 대오길 53,,36.36463037,127.4147836,,,042-608-5205,대전광역시 대덕구청,2025-11-13
덕암동530,1,대전광역시 대덕구 벚꽃길 91,,36.43072274,127.4248058,,,042-608-5205,대전광역시 대덕구청,2025-11-13
덕암동531,1,,대전광역시 대덕구 덕암동 172-1,,,,,042-608-5205,대전광역시 대덕구청,2025-11-13
덕암동532,1,대전광역시 대덕구 방두말5길 2,,36.42813426,127.4259158,,,042-608-5205,대전광역시 대덕구청,2025-11-13
덕암동533,1,대전광역시 대덕구 방두말4길 43,,36.42746547,127.4274644,,,042-608-5205,대전광역시 대덕구청,2025-11-13
덕암동534,1,대전광역시 대덕구 방두말4길 43,,36.42746547,127.4274644,,,042-608-5205,대전광역시 대덕구청,2025-11-13
덕암동535,1,대전광역시 대덕구 새말1길 55,,36.42302825,127.4223687,,,042-608-5205,대전광역시 대덕구청,2025-11-13
덕암동536,1,대전광역시 대덕구 새말1길 45,,36.42373515,127.422261,,,042-608-5205,대전광역시 대덕구청,2025-11-13
덕암동537,1,대전광역시 대덕구 덕암북로4번길87,,36.44436012,127.4204454,,,042-608-5205,대전광역시 대덕구청,2025-11-13
덕암동538,1,,대전광역시 대덕구 덕암동 31-4,,,,,042-608-5205,대전광역시 대덕구청,2025-11-13
덕암동539,1,대전광역시 대덕구 무지니1길 32,,36.43527594,127.4356619,,,042-608-5205,대전광역시 대덕구청,2025-11-13
대화동092,1,대전광역시 대덕구 대오길 55,,36.36473513,127.4147173,,,042-608-5205,대전광역시 대덕구청,2025-11-13
덕암동540,1,,대전광역시 대덕구 덕암동 838,,,,,042-608-5205,대전광역시 대덕구청,2025-11-13
덕암동541,1,,대전광역시 대덕구 덕암동 837,,,,,042-608-5205,대전광역시 대덕구청,2025-11-13
덕암동542,1,대전광역시 대덕구 덕암로187번길 1,,36.43726656,127.4215675,,,042-608-5205,대전광역시 대덕구청,2025-11-13
덕암동543,1,,대전광역시 대덕구 덕암동 110-1,36.43179027,127.4195524,,,042-608-5205,대전광역시 대덕구청,2025-11-13
덕암동544,1,대전광역시 대덕구 덕암로125번길 15,,36.43179027,127.4195524,,,042-608-5205,대전광역시 대덕구청,2025-11-13
덕암동545,1,,대전광역시 대덕구 덕암동 110-1,36.43179027,127.4195524,,,042-608-5205,대전광역시 대덕구청,2025-11-13
덕암동546,1,대전광역시 대덕구 덕암로81번길 94,,36.4325563,127.4148994,,,042-608-5205,대전광역시 대덕구청,2025-11-13
덕암동547,1,,대전광역시 대덕구 덕암동 252-2,,,,,042-608-5205,대전광역시 대덕구청,2025-11-13
덕암동548,1,,대전광역시 대덕구 덕암동 산 41-3,,,,,042-608-5205,대전광역시 대덕구청,2025-11-13
덕암동549,1,,대전광역시 대덕구 덕암동 산 41-3,,,,,042-608-5205,대전광역시 대덕구청,2025-11-13
대화동093,1,대전광역시 대덕구 대오길 86,,36.36517053,127.414938,,,042-608-5205,대전광역시 대덕구청,2025-11-13
덕암동550,1,대전광역시 대덕구 평촌2길 53,,36.43171496,127.4355483,,,042-608-5205,대전광역시 대덕구청,2025-11-13
덕암동551,1,대전광역시 대덕구 방두말1길 20-32,,36.42833887,127.4241282,,,042-608-5205,대전광역시 대덕구청,2025-11-13
덕암동552,1,대전광역시 대덕구 덕암로233번길 48,,36.44152189,127.4218577,,,042-608-5205,대전광역시 대덕구청,2025-11-13
덕암동553,1,,대전광역시 대덕구 덕암동 78-7,36.43396027,127.4205767,,,042-608-5205,대전광역시 대덕구청,2025-11-13
덕암동554,1,,대전광역시 대덕구 덕암동 149,,,,,042-608-5205,대전광역시 대덕구청,2025-11-13
덕암동555,1,,대전광역시 대덕구 덕암동 62-4,36.43755603,127.4210511,,,042-608-5205,대전광역시 대덕구청,2025-11-13
덕암동556,1,,대전광역시 대덕구 덕암동 78-12,36.43376547,127.4195942,,,042-608-5205,대전광역시 대덕구청,2025-11-13
덕암동557,1,,대전광역시 대덕구 덕암동 79-8,36.43399532,127.4208579,,,042-608-5205,대전광역시 대덕구청,2025-11-13
덕암동558,1,,대전광역시 대덕구 덕암동 55-22,36.44015767,127.4223277,,,042-608-5205,대전광역시 대덕구청,2025-11-13
덕암동559,1,,대전광역시 대덕구 덕암동 138-9,,,,,042-608-5205,대전광역시 대덕구청,2025-11-13
대화동094,1,,대전광역시 대덕구 대화동 35-588,,,,,042-608-5205,대전광역시 대덕구청,2025-11-13
덕암동560,1,,대전광역시 대덕구 덕암동 182-60,,,,,042-608-5205,대전광역시 대덕구청,2025-11-13
덕암동561,1,,대전광역시 대덕구 덕암동 55-1,36.44020525,127.4211056,,,042-608-5205,대전광역시 대덕구청,2025-11-13
덕암동562,1,,대전광역시 대덕구 덕암동 435-34,,,,,042-608-5205,대전광역시 대덕구청,2025-11-13
덕암동563,1,,대전광역시 대덕구 덕암동 539-1,,,,,042-608-5205,대전광역시 대덕구청,2025-11-13
덕암동564,1,,대전광역시 대덕구 덕암동 435-34,,,,,042-608-5205,대전광역시 대덕구청,2025-11-13
덕암동565,1,,대전광역시 대덕구 덕암동 59-5,36.43817864,127.4223527,,,042-608-5205,대전광역시 대덕구청,2025-11-13
덕암동566,1,,대전광역시 대덕구 덕암동 167,,,,,042-608-5205,대전광역시 대덕구청,2025-11-13
덕암동567,1,,대전광역시 대덕구 덕암동 250-1,,,,,042-608-5205,대전광역시 대덕구청,2025-11-13
덕암동568,1,대전광역시 대덕구 덕암북로 22번길 89-23,,36.44375877,127.4233287,,,042-608-5205,대전광역시 대덕구청,2025-11-13
덕암동569,1,대전광역시 대덕구 덕암로 118번길 29,,36.43203623,127.4213603,,,042-608-5205,대전광역시 대덕구청,2025-11-13
대화동095,1,대전광역시 대덕구 대화13길 42,,36.36538455,127.4155899,,,042-608-5205,대전광역시 대덕구청,2025-11-13
덕암동570,1,,대전광역시 대덕구 덕암동 326-38,,,,,042-608-5205,대전광역시 대덕구청,2025-11-13
덕암동571,1,대전광역시 대덕구 덕암로 125번안길 130,,36.43785826,127.4222305,,,042-608-5205,대전광역시 대덕구청,2025-11-13
덕암동572,1,,대전광역시 대덕구 덕암동 255-15,,,,,042-608-5205,대전광역시 대덕구청,2025-11-13
덕암동573,1,,대전광역시 대덕구 덕암동 52-5,36.44054604,127.4246229,,,042-608-5205,대전광역시 대덕구청,2025-11-13
덕암동574,1,,대전광역시 대덕구 덕암동 58-12,36.43880284,127.4221821,,,042-608-5205,대전광역시 대덕구청,2025-11-13
덕암동575,1,,대전광역시 대덕구 덕암동 4-6,36.44603036,127.4210992,,,042-608-5205,대전광역시 대덕구청,2025-11-13
덕암동576,1,,대전광역시 대덕구 덕암동 77-22,36.43418408,127.4204842,,,042-608-5205,대전광역시 대덕구청,2025-11-13
덕암동577,1,대전광역시 대덕구 덕암북로10번길 61,,36.44529221,127.4208743,,,042-608-5205,대전광역시 대덕구청,2025-11-13
덕암동578,1,대전광역시 대덕구 덕암로148번안길 126-15,,36.43806576,127.4257158,,,042-608-5205,대전광역시 대덕구청,2025-11-13
덕암동579,1,,대전광역시 대덕구 덕암동 832-15,,,,,042-608-5205,대전광역시 대덕구청,2025-11-13
대화동096,1,대전광역시 대덕구 대화4길 3,,36.36490832,127.4157077,,,042-608-5205,대전광역시 대덕구청,2025-11-13
덕암동580,1,대전광역시 대덕구 덕암로154번길 27,,36.43423527,127.4233395,,,042-608-5205,대전광역시 대덕구청,2025-11-13
덕암동581,1,대전광역시 대덕구 덕암로 219,,36.44009618,127.423407,,,042-608-5205,대전광역시 대덕구청,2025-11-13
덕암동582,1,대전광역시 대덕구 덕암로221번길 17,,36.44022063,127.4228723,,,042-608-5205,대전광역시 대덕구청,2025-11-13
덕암동583,1,대전광역시 대덕구 덕암로137번길 18,,36.43362265,127.4202314,,,042-608-5205,대전광역시 대덕구청,2025-11-13
덕암동584,1,,대전광역시 대덕구 덕암동 산7-61,,,,,042-608-5205,대전광역시 대덕구청,2025-11-13
덕암동585,1,대전광역시 대덕구 덕암북로96번길 12,,36.44268933,127.4270571,,,042-608-5205,대전광역시 대덕구청,2025-11-13
덕암동586,1,,대전광역시 대덕구 덕암동 329,,,,,042-608-5205,대전광역시 대덕구청,2025-11-13
덕암동587,1,대전광역시 대덕구 덕암로118번길 23-1,,36.43205913,127.4209991,,,042-608-5205,대전광역시 대덕구청,2025-11-13
덕암동588,1,대전광역시 대덕구 덕암북로96번길 63,,36.44035966,127.4263484,,,042-608-5205,대전광역시 대덕구청,2025-11-13
목상동001,1,대전광역시 대덕구 대덕대로1454번길 101,,36.44380829,127.411225,,,042-608-5205,대전광역시 대덕구청,2025-11-13
대화동097,1,대전광역시 대덕구 대화4길 8,,36.36488444,127.4153198,,,042-608-5205,대전광역시 대덕구청,2025-11-13
목상동002,1,대전광역시 대덕구 대덕대로1454번길 109,,36.44351183,127.4114778,,,042-608-5205,대전광역시 대덕구청,2025-11-13
목상동003,1,대전광역시 대덕구 대덕대로1486번길 216,,36.4431794,127.4117125,,,042-608-5205,대전광역시 대덕구청,2025-11-13
목상동004,1,,대전광역시 대덕구 목상동 875,,,,,042-608-5205,대전광역시 대덕구청,2025-11-13
목상동005,1,대전광역시 대덕구 대덕대로1486번길206,,36.44359431,127.4116031,,,042-608-5205,대전광역시 대덕구청,2025-11-13
목상동006,1,대전광역시 대덕구 대덕대로1486번길19,,36.44877289,127.4140577,,,042-608-5205,대전광역시 대덕구청,2025-11-13
목상동007,1,대전광역시 대덕구 대덕대로1486번길190,,36.44417966,127.4111958,,,042-608-5205,대전광역시 대덕구청,2025-11-13
목상동008,1,대전광역시 대덕구 대덕대로1486번길180,,36.44462726,127.4110152,,,042-608-5205,대전광역시 대덕구청,2025-11-13
목상동009,1,대전광역시 대덕구 대덕대로1486번길180,,36.44462726,127.4110152,,,042-608-5205,대전광역시 대덕구청,2025-11-13
목상동010,1,대전광역시 대덕구 대덕대로1486번길172,,36.4448874,127.4108381,,,042-608-5205,대전광역시 대덕구청,2025-11-13
목상동011,1,대전광역시 대덕구 대덕대로1454번길 70,,36.44501088,127.4105711,,,042-608-5205,대전광역시 대덕구청,2025-11-13
대화동098,1,대전광역시 대덕구 동심1길 41,,36.36281859,127.4154247,,,042-608-5205,대전광역시 대덕구청,2025-11-13
목상동012,1,대전광역시 대덕구 대덕대로1448번길 71,,36.4447841,127.4104806,,,042-608-5205,대전광역시 대덕구청,2025-11-13
목상동013,1,대전광역시 대덕구 대덕대로1454번길 81,,36.44455221,127.4108274,,,042-608-5205,대전광역시 대덕구청,2025-11-13
목상동014,1,대전광역시 대덕구 대덕대로1486번길 190,,36.44417966,127.4111958,,,042-608-5205,대전광역시 대덕구청,2025-11-13
목상동015,1,대전광역시 대덕구 대덕대로1454번길 93,,36.44408667,127.4109856,,,042-608-5205,대전광역시 대덕구청,2025-11-13
목상동016,1,,대전광역시 대덕구 목상동 875,,,,,042-608-5205,대전광역시 대덕구청,2025-11-13
목상동017,1,,대전광역시 대덕구 목상동 875,,,,,042-608-5205,대전광역시 대덕구청,2025-11-13
목상동018,1,,대전광역시 대덕구 목상동 875,,,,,042-608-5205,대전광역시 대덕구청,2025-11-13
목상동019,1,대전광역시 대덕구 대덕대로1486번길 151,,36.44564286,127.4112793,,,042-608-5205,대전광역시 대덕구청,2025-11-13
목상동020,1,대전광역시 대덕구 대덕대로1486번길 149,,36.4457685,127.4114317,,,042-608-5205,대전광역시 대덕구청,2025-11-13
목상동021,1,대전광역시 대덕구 대덕대로1486번길 145,,36.445887,127.4115617,,,042-608-5205,대전광역시 대덕구청,2025-11-13
