보안등위치명,설치개수,소재지도로명주소,소재지지번주소,위도,경도,설치연도,설치형태,관리기관전화번호,관리기관명,데이터기준일자
가양동001,1,,대전광역시 동구 가양동 360-36,36.33623621,127.4423925,,한전주,042-271-4871,대전광역시 동구청,2023-12-01
가양동002,1,,대전광역시 동구 가양동 302-74,36.33637151,127.4420916,,한전주,042-271-4871,대전광역시 동구청,2023-12-01
가양동003,1,,대전광역시 동구 가양동 561-19,36.33780199,127.4392692,,한전주,042-271-4871,대전광역시 동구청,2023-12-01
가양동004,1,,대전광역시 동구 가양동 359-6,36.33690921,127.4423189,,한전주,042-271-4871,대전광역시 동구청,2023-12-01
가양동005,1,,대전광역시 동구 가양동 359-5,36.33714229,127.4426005,,한전주,042-271-4871,대전광역시 동구청,2023-12-01
가양동006,1,,대전광역시 동구 가양동 359-24,36.33721603,127.4427175,,한전주,042-271-4871,대전광역시 동구청,2023-12-01
가양동007,1,,대전광역시 동구 가양동 359-11,36.33745644,127.4429677,,한전주,042-271-4871,대전광역시 동구청,2023-12-01
가양동008,1,,대전광역시 동구 가양동 357-10,36.33753302,127.443311,,한전주,042-271-4871,대전광역시 동구청,2023-12-01
가양동010,1,,대전광역시 동구 가양동 571-13,36.33787913,127.4423478,,한전주,042-271-4871,대전광역시 동구청,2023-12-01
가양동011,1,,대전광역시 동구 가양동 572-17,36.33815181,127.4419626,,한전주,042-271-4871,대전광역시 동구청,2023-12-01
가양동012,1,,대전광역시 동구 가양동 358-2,36.338162325,127.443672085,,한전주,042-271-4871,대전광역시 동구청,2023-12-01
가양동014,1,,대전광역시 동구 가양동 355-7,36.33841252,127.4438576,,한전주,042-271-4871,대전광역시 동구청,2023-12-01
가양동015,1,,대전광역시 동구 가양동 356-1,36.33872236,127.4445562,,한전주,042-271-4871,대전광역시 동구청,2023-12-01
가양동016,1,,대전광역시 동구 가양동 355-25,36.33856877,127.4438128,,한전주,042-271-4871,대전광역시 동구청,2023-12-01
가양동017,1,,대전광역시 동구 가양동 355-4,36.338701066,127.443594385,,한전주,042-271-4871,대전광역시 동구청,2023-12-01
가양동018,1,,대전광역시 동구 가양동 355-2,36.33887586,127.4433354,,한전주,042-271-4871,대전광역시 동구청,2023-12-01
가양동019,1,,대전광역시 동구 가양동 353-26,36.33908507,127.4431049,,한전주,042-271-4871,대전광역시 동구청,2023-12-01
가양동020,1,,대전광역시 동구 가양동 353-17,36.33932338,127.4432162,,한전주,042-271-4871,대전광역시 동구청,2023-12-01
가양동021,1,,대전광역시 동구 가양동 355-20,36.33861936,127.4433185,,한전주,042-271-4871,대전광역시 동구청,2023-12-01
가양동022,1,,대전광역시 동구 가양동 355-17,36.33851803,127.4435242,,한전주,042-271-4871,대전광역시 동구청,2023-12-01
가양동023,1,,대전광역시 동구 가양동 570-6,36.33815896,127.4428059,,한전주,042-271-4871,대전광역시 동구청,2023-12-01
가양동024,1,,대전광역시 동구 가양동 358-29,36.33797536,127.4429839,,한전주,042-271-4871,대전광역시 동구청,2023-12-01
가양동025,1,,대전광역시 동구 가양동 571-11,36.33764668,127.4424071,,한전주,042-271-4871,대전광역시 동구청,2023-12-01
가양동026,1,,대전광역시 동구 가양동 359-16,36.33715306,127.4422728,,한전주,042-271-4871,대전광역시 동구청,2023-12-01
가양동027,1,,대전광역시 동구 가양동 359-6,36.33690921,127.4423189,,한전주,042-271-4871,대전광역시 동구청,2023-12-01
가양동028,1,,대전광역시 동구 가양동 429-10,36.34829791,127.4429448,,한전주,042-271-4871,대전광역시 동구청,2023-12-01
가양동029,1,,대전광역시 동구 가양동 358-24,36.33777172,127.4429292,,한전주,042-271-4871,대전광역시 동구청,2023-12-01
가양동030,1,,대전광역시 동구 가양동 570-19,36.33798918,127.4425859,,한전주,042-271-4871,대전광역시 동구청,2023-12-01
가양동031,1,,대전광역시 동구 가양동 571-1,36.33794488,127.4422608,,한전주,042-271-4871,대전광역시 동구청,2023-12-01
가양동032,1,,대전광역시 동구 가양동 162-12,36.34730175,127.4509192,,한전주,042-271-4871,대전광역시 동구청,2023-12-01
가양동032-2,1,,대전광역시 동구 가양동 561-19,36.33780199,127.4392692,,한전주,042-271-4871,대전광역시 동구청,2023-12-01
가양동033,1,,대전광역시 동구 가양동 561-19,36.33780199,127.4392692,,한전주,042-271-4871,대전광역시 동구청,2023-12-01
가양동034,1,,대전광역시 동구 가양동 571-6,36.33770516,127.4420678,,한전주,042-271-4871,대전광역시 동구청,2023-12-01
가양동035,1,,대전광역시 동구 가양동 570-27,36.33819599,127.4425166,,한전주,042-271-4871,대전광역시 동구청,2023-12-01
가양동036,1,,대전광역시 동구 가양동 570-14,36.33832238,127.4427216,,한전주,042-271-4871,대전광역시 동구청,2023-12-01
가양동037,1,,대전광역시 동구 가양동 568-5,36.33863734,127.4426261,,전용주,042-271-4871,대전광역시 동구청,2023-12-01
가양동038,1,,대전광역시 동구 가양동 568-3,36.3387164,127.4427649,,한전주,042-271-4871,대전광역시 동구청,2023-12-01
가양동039,1,,대전광역시 동구 가양동 568-10,36.33887757,127.4426326,,한전주,042-271-4871,대전광역시 동구청,2023-12-01
가양동040,1,,대전광역시 동구 가양동 568-39,36.33902099,127.4423781,,한전주,042-271-4871,대전광역시 동구청,2023-12-01
가양동041,1,,대전광역시 동구 가양동 353-9,36.33918991,127.4424638,,한전주,042-271-4871,대전광역시 동구청,2023-12-01
가양동042,1,,대전광역시 동구 가양동 353-15,36.33938751,127.4431033,,한전주,042-271-4871,대전광역시 동구청,2023-12-01
가양동043,1,,대전광역시 동구 가양동 568-1,36.3390797,127.4422438,,한전주,042-271-4871,대전광역시 동구청,2023-12-01
가양동044,1,,대전광역시 동구 가양동 569-1,36.33867251,127.441938,,전용주,042-271-4871,대전광역시 동구청,2023-12-01
가양동045,1,,대전광역시 동구 가양동 568-8,36.33888753,127.4423527,,전용주,042-271-4871,대전광역시 동구청,2023-12-01
가양동046,1,,대전광역시 동구 가양동 568-1,36.3390797,127.4422438,,전용주,042-271-4871,대전광역시 동구청,2023-12-01
가양동047,1,,대전광역시 동구 가양동 574-33,36.3391065,127.4418187,,한전주,042-271-4871,대전광역시 동구청,2023-12-01
가양동048,1,,대전광역시 동구 가양동 569-2,36.33861086,127.4422088,,한전주,042-271-4871,대전광역시 동구청,2023-12-01
가양동049,1,,대전광역시 동구 가양동 569-3,36.33851602,127.4423399,,한전주,042-271-4871,대전광역시 동구청,2023-12-01
가양동050,1,,대전광역시 동구 가양동 572-38,36.33802544,127.4416288,,한전주,042-271-4871,대전광역시 동구청,2023-12-01
가양동051,1,,대전광역시 동구 가양동 309-117,36.3380735,127.4413261,,한전주,042-271-4871,대전광역시 동구청,2023-12-01
가양동052,1,,대전광역시 동구 가양동 309-52,36.33811258,127.4411167,,전용주,042-271-4871,대전광역시 동구청,2023-12-01
가양동053,1,,대전광역시 동구 가양동 571-5,36.33758886,127.4421279,,전용주,042-271-4871,대전광역시 동구청,2023-12-01
가양동054,1,,대전광역시 동구 가양동 310-12,36.3382505,127.4412523,,한전주,042-271-4871,대전광역시 동구청,2023-12-01
가양동055,1,,대전광역시 동구 가양동 310-3,36.33849555,127.4410746,,한전주,042-271-4871,대전광역시 동구청,2023-12-01
가양동056,1,,대전광역시 동구 가양동 572-30,36.33868245,127.4414186,,한전주,042-271-4871,대전광역시 동구청,2023-12-01
가양동057,1,,대전광역시 동구 가양동 574-19,36.3390132,127.4416563,,한전주,042-271-4871,대전광역시 동구청,2023-12-01
가양동058,1,,대전광역시 동구 가양동 569-18,36.33863563,127.4418956,,한전주,042-271-4871,대전광역시 동구청,2023-12-01
가양동059,1,,대전광역시 동구 가양동 569-21,36.33841763,127.4420668,,한전주,042-271-4871,대전광역시 동구청,2023-12-01
가양동060,1,,대전광역시 동구 가양동 578-1,36.33888637,127.4407384,,한전주,042-271-4871,대전광역시 동구청,2023-12-01
가양동061,1,,대전광역시 동구 가양동 578-31,36.33852726,127.4406642,,한전주,042-271-4871,대전광역시 동구청,2023-12-01
가양동062,1,,대전광역시 동구 가양동 578-21,36.33851544,127.4405446,,한전주,042-271-4871,대전광역시 동구청,2023-12-01
가양동063,1,,대전광역시 동구 가양동 309-87,36.33814926,127.4406522,,한전주,042-271-4871,대전광역시 동구청,2023-12-01
가양동064,1,,대전광역시 동구 가양동 561-19,36.33780199,127.4392692,,한전주,042-271-4871,대전광역시 동구청,2023-12-01
가양동065,1,,대전광역시 동구 가양동 579-3,36.33821593,127.439971,,한전주,042-271-4871,대전광역시 동구청,2023-12-01
가양동066,1,,대전광역시 동구 가양동 579-26,36.338147231,127.439831972,,한전주,042-271-4871,대전광역시 동구청,2023-12-01
가양동067,1,,대전광역시 동구 가양동 561-19,36.33780199,127.4392692,,한전주,042-271-4871,대전광역시 동구청,2023-12-01
가양동068,1,,대전광역시 동구 가양동 309-3,36.33772604,127.4405617,,한전주,042-271-4871,대전광역시 동구청,2023-12-01
가양동069,1,,대전광역시 동구 소제동 305-227,36.3373859,127.440027,,한전주,042-271-4871,대전광역시 동구청,2023-12-01
가양동070,1,,대전광역시 동구 소제동 305-246,36.3372489,127.440516,,한전주,042-271-4871,대전광역시 동구청,2023-12-01
가양동071,1,,대전광역시 동구 소제동 305-259,36.33719794,127.440662018,,한전주,042-271-4871,대전광역시 동구청,2023-12-01
가양동072,1,,대전광역시 동구 소제동 305-277,36.336944076,127.441078279,,한전주,042-271-4871,대전광역시 동구청,2023-12-01
가양동073,1,,대전광역시 동구 가양동 162-43,36.34763124,127.4514075,,한전주,042-271-4871,대전광역시 동구청,2023-12-01
가양동074,1,,대전광역시 동구 소제동 305-289,36.33675469,127.441726022,,한전주,042-271-4871,대전광역시 동구청,2023-12-01
가양동075,1,,대전광역시 동구 가양동 302-77,36.33636981,127.4419923,,한전주,042-271-4871,대전광역시 동구청,2023-12-01
가양동076,1,,대전광역시 동구 가양동 309-15,36.33649921,127.4419442,,건축물,042-271-4871,대전광역시 동구청,2023-12-01
가양동077,1,,대전광역시 동구 가양동 302-115,36.33597777,127.4421211,,한전주,042-271-4871,대전광역시 동구청,2023-12-01
가양동078,1,,대전광역시 동구 가양동 309-37,36.33788372,127.4387566,,한전주,042-271-4871,대전광역시 동구청,2023-12-01
가양동079,1,,대전광역시 동구 가양동 561-17,36.33933925,127.4413189,,한전주,042-271-4871,대전광역시 동구청,2023-12-01
가양동080,1,,대전광역시 동구 가양동 561-19,36.33780199,127.4392692,,한전주,042-271-4871,대전광역시 동구청,2023-12-01
가양동081,1,,대전광역시 동구 가양동 352-13,36.33963633,127.4424682,,한전주,042-271-4871,대전광역시 동구청,2023-12-01
가양동082,1,,대전광역시 동구 가양동 354-3,36.33900976,127.4440933,,건축물,042-271-4871,대전광역시 동구청,2023-12-01
가양동083,1,,대전광역시 동구 가양동 351-4,36.34003398,127.4425286,,한전주,042-271-4871,대전광역시 동구청,2023-12-01
가양동084,1,,대전광역시 동구 가양동 351-7,36.33982535,127.4421664,,한전주,042-271-4871,대전광역시 동구청,2023-12-01
가양동085,1,,대전광역시 동구 가양동 351-31,36.34008721,127.4419515,,한전주,042-271-4871,대전광역시 동구청,2023-12-01
가양동086,1,,대전광역시 동구 가양동 351-6,36.34000285,127.4421507,,전용주,042-271-4871,대전광역시 동구청,2023-12-01
가양동087,1,,대전광역시 동구 가양동 592-25,36.33955018,127.4415424,,한전주,042-271-4871,대전광역시 동구청,2023-12-01
가양동088,1,,대전광역시 동구 가양동 592-22,36.3394605,127.4413281,,한전주,042-271-4871,대전광역시 동구청,2023-12-01
가양동089,1,,대전광역시 동구 가양동 592-19,36.33965318,127.4411531,,한전주,042-271-4871,대전광역시 동구청,2023-12-01
가양동090,1,,대전광역시 동구 가양동 592-10,36.33932298,127.4408869,,한전주,042-271-4871,대전광역시 동구청,2023-12-01
가양동091,1,,대전광역시 동구 가양동 592-12,36.33956481,127.4406799,,전용주,042-271-4871,대전광역시 동구청,2023-12-01
가양동092,1,,대전광역시 동구 가양동 576-3,36.33950504,127.4402464,,한전주,042-271-4871,대전광역시 동구청,2023-12-01
가양동093,1,,대전광역시 동구 가양동 576-11,36.33928632,127.4397334,,한전주,042-271-4871,대전광역시 동구청,2023-12-01
가양동094,1,,대전광역시 동구 가양동 588-2,36.33914054,127.4394069,,전용주,042-271-4871,대전광역시 동구청,2023-12-01
가양동095,1,,대전광역시 동구 가양동 588-18,36.33900273,127.4391666,,한전주,042-271-4871,대전광역시 동구청,2023-12-01
가양동096,1,,대전광역시 동구 가양동 588-16,36.33889138,127.4389377,,한전주,042-271-4871,대전광역시 동구청,2023-12-01
가양동097,1,,대전광역시 동구 가양동 588-15,36.33923489,127.4393329,,한전주,042-271-4871,대전광역시 동구청,2023-12-01
가양동098,1,,대전광역시 동구 가양동 580-18,36.338725,127.4396783,,한전주,042-271-4871,대전광역시 동구청,2023-12-01
가양동099,1,,대전광역시 동구 가양동 577-17,36.33898195,127.4402599,,한전주,042-271-4871,대전광역시 동구청,2023-12-01
가양동100,1,,대전광역시 동구 가양동 561-17,36.33933925,127.4413189,,한전주,042-271-4871,대전광역시 동구청,2023-12-01
가양동101,1,,대전광역시 동구 가양동 580-16,36.33889875,127.4395548,,한전주,042-271-4871,대전광역시 동구청,2023-12-01
가양동102,1,,대전광역시 동구 가양동 580-25,36.33849071,127.4391599,,한전주,042-271-4871,대전광역시 동구청,2023-12-01
가양동103,1,,대전광역시 동구 가양동 561-17,36.33933925,127.4413189,,한전주,042-271-4871,대전광역시 동구청,2023-12-01
가양동104,1,,대전광역시 동구 가양동 589-22,36.33861543,127.4386704,,한전주,042-271-4871,대전광역시 동구청,2023-12-01
가양동105,1,,대전광역시 동구 가양동 580-11,36.3385707,127.4389721,,전용주,042-271-4871,대전광역시 동구청,2023-12-01
가양동106,1,,대전광역시 동구 가양동 589-24,36.33828145,127.4387203,,한전주,042-271-4871,대전광역시 동구청,2023-12-01
가양동107,1,,대전광역시 동구 가양동 589-9,36.33822143,127.438278,,한전주,042-271-4871,대전광역시 동구청,2023-12-01
가양동108,1,,대전광역시 동구 가양동 561-18,36.33941859,127.4402697,,전용주,042-271-4871,대전광역시 동구청,2023-12-01
가양동109,1,,대전광역시 동구 가양동 308-17,36.33931671,127.4450597,,한전주,042-271-4871,대전광역시 동구청,2023-12-01
가양동110,1,,대전광역시 동구 가양동 328-37,36.33950856,127.4442879,,한전주,042-271-4871,대전광역시 동구청,2023-12-01
가양동111,1,,대전광역시 동구 가양동 328-2,36.33958811,127.4441715,,한전주,042-271-4871,대전광역시 동구청,2023-12-01
가양동112,1,,대전광역시 동구 가양동 327-19,36.34001061,127.4445758,,한전주,042-271-4871,대전광역시 동구청,2023-12-01
가양동113,1,,대전광역시 동구 가양동 327-25,36.34007376,127.4447021,,한전주,042-271-4871,대전광역시 동구청,2023-12-01
가양동114,1,,대전광역시 동구 가양동 308-18,36.33947249,127.4452376,,한전주,042-271-4871,대전광역시 동구청,2023-12-01
가양동115,1,,대전광역시 동구 가양동 304-32,36.33955739,127.4450165,,한전주,042-271-4871,대전광역시 동구청,2023-12-01
가양동116,1,,대전광역시 동구 가양동 304-31,36.33990464,127.4452525,,한전주,042-271-4871,대전광역시 동구청,2023-12-01
가양동117,1,,대전광역시 동구 가양동 307-19,36.34000139,127.4457933,,한전주,042-271-4871,대전광역시 동구청,2023-12-01
가양동118,1,,대전광역시 동구 가양동 306-9,36.34034239,127.4452874,,한전주,042-271-4871,대전광역시 동구청,2023-12-01
가양동119,1,,대전광역시 동구 가양동 562-2,36.34160654,127.4429238,,한전주,042-271-4871,대전광역시 동구청,2023-12-01
가양동120,1,,대전광역시 동구 가양동 326-15,36.34054053,127.4449552,,한전주,042-271-4871,대전광역시 동구청,2023-12-01
가양동121,1,,대전광역시 동구 가양동 322-3,36.34049182,127.4443863,,한전주,042-271-4871,대전광역시 동구청,2023-12-01
가양동122,1,,대전광역시 동구 가양동 322-4,36.34029925,127.4442395,,한전주,042-271-4871,대전광역시 동구청,2023-12-01
가양동123,1,,대전광역시 동구 가양동 321-6,36.33984202,127.4438427,,한전주,042-271-4871,대전광역시 동구청,2023-12-01
가양동124,1,,대전광역시 동구 가양동 321-5,36.33990175,127.443677,,한전주,042-271-4871,대전광역시 동구청,2023-12-01
가양동125,1,,대전광역시 동구 가양동 440-30,36.34589847,127.4407772,,한전주,042-271-4871,대전광역시 동구청,2023-12-01
가양동126,1,,대전광역시 동구 가양동 322-7,36.34025763,127.4439446,,한전주,042-271-4871,대전광역시 동구청,2023-12-01
가양동127,1,,대전광역시 동구 가양동 322-17,36.34032189,127.4440384,,한전주,042-271-4871,대전광역시 동구청,2023-12-01
가양동128,1,,대전광역시 동구 가양동 637,36.34697657,127.4407083,,전용주,042-271-4871,대전광역시 동구청,2023-12-01
가양동129,1,,대전광역시 동구 가양동 20-16,36.35070004,127.4436126,,한전주,042-271-4871,대전광역시 동구청,2023-12-01
가양동130,1,,대전광역시 동구 가양동 319-28,36.340980707,127.444289575,,한전주,042-271-4871,대전광역시 동구청,2023-12-01
가양동131,1,,대전광역시 동구 가양동 323-12,36.34122646,127.444911,,한전주,042-271-4871,대전광역시 동구청,2023-12-01
가양동132,1,,대전광역시 동구 가양동 323-14,36.34153561,127.4450517,,한전주,042-271-4871,대전광역시 동구청,2023-12-01
가양동133,1,,대전광역시 동구 가양동 323-15,36.34174773,127.4452487,,한전주,042-271-4871,대전광역시 동구청,2023-12-01
가양동134,1,,대전광역시 동구 가양동 562-2,36.34160654,127.4429238,,한전주,042-271-4871,대전광역시 동구청,2023-12-01
가양동135,1,,대전광역시 동구 가양동 323-33,36.34167357,127.4453213,,한전주,042-271-4871,대전광역시 동구청,2023-12-01
가양동136,1,,대전광역시 동구 가양동 562-2,36.34160654,127.4429238,,한전주,042-271-4871,대전광역시 동구청,2023-12-01
가양동137,1,,대전광역시 동구 가양동 326-1,36.34131572,127.4455349,,한전주,042-271-4871,대전광역시 동구청,2023-12-01
가양동138,1,,대전광역시 동구 가양동 323-3,36.34126269,127.4450887,,한전주,042-271-4871,대전광역시 동구청,2023-12-01
가양동139,1,,대전광역시 동구 가양동 323-4,36.341026,127.4449528,,한전주,042-271-4871,대전광역시 동구청,2023-12-01
가양동140,1,,대전광역시 동구 가양동 323-24,36.340778315,127.444795249,,한전주,042-271-4871,대전광역시 동구청,2023-12-01
가양동141,1,,대전광역시 동구 가양동 326-11,36.3409872,127.4455958,,한전주,042-271-4871,대전광역시 동구청,2023-12-01
가양동142,1,,대전광역시 동구 가양동 306-10,36.34058732,127.4455061,,한전주,042-271-4871,대전광역시 동구청,2023-12-01
가양동143,1,,대전광역시 동구 가양동 326-22,36.34062871,127.4453308,,한전주,042-271-4871,대전광역시 동구청,2023-12-01
가양동144,1,,대전광역시 동구 가양동 177-30,36.34103107,127.4460117,,한전주,042-271-4871,대전광역시 동구청,2023-12-01
가양동145,1,,대전광역시 동구 가양동 562-2,36.34160654,127.4429238,,한전주,042-271-4871,대전광역시 동구청,2023-12-01
가양동146,1,,대전광역시 동구 가양동 562-2,36.34160654,127.4429238,,한전주,042-271-4871,대전광역시 동구청,2023-12-01
가양동147,1,,대전광역시 동구 가양동 307-17,36.34030905,127.4460597,,한전주,042-271-4871,대전광역시 동구청,2023-12-01
가양동148,1,,대전광역시 동구 가양동 308-37,36.33955365,127.4454887,,전용주,042-271-4871,대전광역시 동구청,2023-12-01
가양동149,1,,대전광역시 동구 가양동 318-2,36.34225715,127.4448404,,한전주,042-271-4871,대전광역시 동구청,2023-12-01
가양동151,1,,대전광역시 동구 가양동 318-29,36.34200731,127.4444882,,한전주,042-271-4871,대전광역시 동구청,2023-12-01
가양동152,1,,대전광역시 동구 가양동 318-42,36.34178252,127.4443272,,한전주,042-271-4871,대전광역시 동구청,2023-12-01
가양동153,1,,대전광역시 동구 가양동 318-20,36.34143272,127.4440021,,한전주,042-271-4871,대전광역시 동구청,2023-12-01
가양동155,1,,대전광역시 동구 가양동 318-8,36.34159286,127.443688,,한전주,042-271-4871,대전광역시 동구청,2023-12-01
가양동157,1,,대전광역시 동구 가양동 297-13,36.3416947,127.4426524,,건축물,042-271-4871,대전광역시 동구청,2023-12-01
가양동158,1,,대전광역시 동구 가양동 562-2,36.34160654,127.4429238,,한전주,042-271-4871,대전광역시 동구청,2023-12-01
가양동159,1,,대전광역시 동구 가양동 317-8,36.34093083,127.443549,,한전주,042-271-4871,대전광역시 동구청,2023-12-01
가양동161,1,,대전광역시 동구 가양동 562-2,36.34160654,127.4429238,,한전주,042-271-4871,대전광역시 동구청,2023-12-01
가양동162,1,,대전광역시 동구 가양동 316-10,36.34088744,127.443074,,전용주,042-271-4871,대전광역시 동구청,2023-12-01
가양동163,1,,대전광역시 동구 가양동 562-2,36.34160654,127.4429238,,한전주,042-271-4871,대전광역시 동구청,2023-12-01
가양동164,1,,대전광역시 동구 가양동 562-2,36.34160654,127.4429238,,전용주,042-271-4871,대전광역시 동구청,2023-12-01
가양동165,1,,대전광역시 동구 가양동 562-2,36.34160654,127.4429238,,한전주,042-271-4871,대전광역시 동구청,2023-12-01
가양동166,1,,대전광역시 동구 가양동 316-27,36.34118126,127.4429179,,한전주,042-271-4871,대전광역시 동구청,2023-12-01
가양동168,1,,대전광역시 동구 가양동 317-16,36.3416111,127.4431432,,한전주,042-271-4871,대전광역시 동구청,2023-12-01
가양동169,1,,대전광역시 동구 가양동 562-2,36.34160654,127.4429238,,한전주,042-271-4871,대전광역시 동구청,2023-12-01
가양동170,1,,대전광역시 동구 가양동 297-18,36.34186484,127.4432256,,한전주,042-271-4871,대전광역시 동구청,2023-12-01
가양동171,1,,대전광역시 동구 가양동 297-17,36.34196012,127.4431682,,한전주,042-271-4871,대전광역시 동구청,2023-12-01
가양동172,1,,대전광역시 동구 가양동 296-17,36.34207511,127.4436537,,한전주,042-271-4871,대전광역시 동구청,2023-12-01
가양동173,1,,대전광역시 동구 가양동 296-5,36.34228119,127.4439749,,한전주,042-271-4871,대전광역시 동구청,2023-12-01
가양동174,1,,대전광역시 동구 가양동 296-5,36.34228119,127.4439749,,한전주,042-271-4871,대전광역시 동구청,2023-12-01
가양동175,1,,대전광역시 동구 가양동 296-37,36.34245837,127.4444341,,한전주,042-271-4871,대전광역시 동구청,2023-12-01
가양동176,1,,대전광역시 동구 가양동 296-35,36.34264572,127.4446283,,한전주,042-271-4871,대전광역시 동구청,2023-12-01
가양동177,1,,대전광역시 동구 가양동 562-2,36.34160654,127.4429238,,한전주,042-271-4871,대전광역시 동구청,2023-12-01
가양동178,1,,대전광역시 동구 가양동 296-27,36.34276615,127.4445949,,한전주,042-271-4871,대전광역시 동구청,2023-12-01
가양동180,1,,대전광역시 동구 가양동 296-14,36.34252107,127.4438078,,한전주,042-271-4871,대전광역시 동구청,2023-12-01
가양동181,1,,대전광역시 동구 가양동 296-18,36.34229214,127.4433563,,한전주,042-271-4871,대전광역시 동구청,2023-12-01
가양동182,1,,대전광역시 동구 가양동 562-2,36.34160654,127.4429238,,한전주,042-271-4871,대전광역시 동구청,2023-12-01
가양동183,1,,대전광역시 동구 가양동 297-1,36.34215108,127.4430462,,한전주,042-271-4871,대전광역시 동구청,2023-12-01
가양동184,1,,대전광역시 동구 가양동 562-2,36.34160654,127.4429238,,한전주,042-271-4871,대전광역시 동구청,2023-12-01
가양동185,1,,대전광역시 동구 가양동 295-8,36.3425433,127.4430885,,한전주,042-271-4871,대전광역시 동구청,2023-12-01
가양동186,1,,대전광역시 동구 가양동 293-5,36.34269165,127.4426202,,한전주,042-271-4871,대전광역시 동구청,2023-12-01
가양동187,1,,대전광역시 동구 가양동 562-2,36.34160654,127.4429238,,한전주,042-271-4871,대전광역시 동구청,2023-12-01
가양동188,1,,대전광역시 동구 가양동 562-2,36.34160654,127.4429238,,한전주,042-271-4871,대전광역시 동구청,2023-12-01
가양동189,1,,대전광역시 동구 가양동 292-6,36.34314745,127.4429887,,한전주,042-271-4871,대전광역시 동구청,2023-12-01
가양동190,1,,대전광역시 동구 가양동 295-10,36.34290604,127.4435443,,한전주,042-271-4871,대전광역시 동구청,2023-12-01
가양동193,1,,대전광역시 동구 가양동 295-23,36.34308107,127.4442661,,한전주,042-271-4871,대전광역시 동구청,2023-12-01
가양동194,1,,대전광역시 동구 가양동 292-1,36.3435923,127.443954,,한전주,042-271-4871,대전광역시 동구청,2023-12-01
가양동196,1,,대전광역시 동구 가양동 562-2,36.34160654,127.4429238,,한전주,042-271-4871,대전광역시 동구청,2023-12-01
가양동197,1,,대전광역시 동구 가양동 288-27,36.34348697,127.4430973,,한전주,042-271-4871,대전광역시 동구청,2023-12-01
가양동198,1,,대전광역시 동구 가양동 288-27,36.34348697,127.4430973,,한전주,042-271-4871,대전광역시 동구청,2023-12-01
가양동199,1,,대전광역시 동구 가양동 288-28,36.34324908,127.442654,,한전주,042-271-4871,대전광역시 동구청,2023-12-01
가양동200,1,,대전광역시 동구 가양동 298-44,36.34029372,127.4426933,,건축물,042-271-4871,대전광역시 동구청,2023-12-01
가양동201,1,,대전광역시 동구 가양동 298-3,36.34105067,127.4425454,,한전주,042-271-4871,대전광역시 동구청,2023-12-01
가양동202,1,,대전광역시 동구 가양동 696,36.34200603,127.4472914,,한전주,042-271-4871,대전광역시 동구청,2023-12-01
가양동203,1,,대전광역시 동구 가양동 177-26,36.34122117,127.446169,,건축물,042-271-4871,대전광역시 동구청,2023-12-01
가양동204,1,,대전광역시 동구 가양동 178-12,36.34100941,127.4467667,,한전주,042-271-4871,대전광역시 동구청,2023-12-01
가양동205,1,,대전광역시 동구 가양동 178-1,36.34123611,127.4468979,,전용주,042-271-4871,대전광역시 동구청,2023-12-01
가양동206,1,,대전광역시 동구 가양동 178-5,36.34102356,127.4469588,,한전주,042-271-4871,대전광역시 동구청,2023-12-01
가양동207,1,,대전광역시 동구 가양동 177-1,36.34154793,127.4465812,,한전주,042-271-4871,대전광역시 동구청,2023-12-01
가양동208,1,,대전광역시 동구 가양동 176-9,36.34183308,127.4466705,,한전주,042-271-4871,대전광역시 동구청,2023-12-01
가양동209,1,,대전광역시 동구 가양동 176-18,36.34199378,127.446883,,한전주,042-271-4871,대전광역시 동구청,2023-12-01
가양동210,1,,대전광역시 동구 가양동 176-29,36.34206044,127.4470985,,한전주,042-271-4871,대전광역시 동구청,2023-12-01
가양동211,1,,대전광역시 동구 가양동 176-13,36.34173042,127.4464597,,한전주,042-271-4871,대전광역시 동구청,2023-12-01
가양동212,1,,대전광역시 동구 가양동 176-32,36.34154684,127.4460524,,한전주,042-271-4871,대전광역시 동구청,2023-12-01
가양동213,1,,대전광역시 동구 가양동 176-48,36.34147862,127.4459066,,한전주,042-271-4871,대전광역시 동구청,2023-12-01
가양동214,1,,대전광역시 동구 가양동 176-34,36.3419757,127.4457389,,한전주,042-271-4871,대전광역시 동구청,2023-12-01
가양동215,1,,대전광역시 동구 가양동 175-57,36.34226058,127.4453974,,전용주,042-271-4871,대전광역시 동구청,2023-12-01
가양동216,1,,대전광역시 동구 가양동 176-14,36.341996,127.4460711,,한전주,042-271-4871,대전광역시 동구청,2023-12-01
가양동217,1,,대전광역시 동구 가양동 176-25,36.34219394,127.4463064,,한전주,042-271-4871,대전광역시 동구청,2023-12-01
가양동218,1,,대전광역시 동구 가양동 176-58,36.34242094,127.4466402,,한전주,042-271-4871,대전광역시 동구청,2023-12-01
가양동219,1,,대전광역시 동구 가양동 696,36.34200603,127.4472914,,한전주,042-271-4871,대전광역시 동구청,2023-12-01
가양동220,1,,대전광역시 동구 가양동 176-44,36.34250239,127.4469097,,한전주,042-271-4871,대전광역시 동구청,2023-12-01
가양동221,1,,대전광역시 동구 가양동 179-15,36.34185411,127.4475052,,한전주,042-271-4871,대전광역시 동구청,2023-12-01
가양동222,1,,대전광역시 동구 가양동 182-7,36.34227762,127.4475408,,한전주,042-271-4871,대전광역시 동구청,2023-12-01
가양동223,1,,대전광역시 동구 가양동 182-13,36.34261545,127.4473296,,한전주,042-271-4871,대전광역시 동구청,2023-12-01
가양동224,1,,대전광역시 동구 가양동 182-9,36.34271347,127.4472641,,한전주,042-271-4871,대전광역시 동구청,2023-12-01
가양동225,1,,대전광역시 동구 가양동 696,36.34200603,127.4472914,,한전주,042-271-4871,대전광역시 동구청,2023-12-01
가양동226,1,,대전광역시 동구 가양동 183-5,36.34295496,127.4470558,,한전주,042-271-4871,대전광역시 동구청,2023-12-01
가양동227,1,,대전광역시 동구 가양동 696,36.34200603,127.4472914,,한전주,042-271-4871,대전광역시 동구청,2023-12-01
가양동228,1,,대전광역시 동구 가양동 175-1,36.34306406,127.4466538,,한전주,042-271-4871,대전광역시 동구청,2023-12-01
가양동229,1,,대전광역시 동구 가양동 175-17,36.34288927,127.4463022,,한전주,042-271-4871,대전광역시 동구청,2023-12-01
가양동231,1,,대전광역시 동구 가양동 696,36.34200603,127.4472914,,한전주,042-271-4871,대전광역시 동구청,2023-12-01
가양동232,1,,대전광역시 동구 가양동 696,36.34200603,127.4472914,,한전주,042-271-4871,대전광역시 동구청,2023-12-01
가양동233,1,,대전광역시 동구 가양동 174-49,36.3429291,127.445051,,한전주,042-271-4871,대전광역시 동구청,2023-12-01
가양동234,1,,대전광역시 동구 가양동 174-6,36.34292323,127.4454405,,한전주,042-271-4871,대전광역시 동구청,2023-12-01
가양동235,1,,대전광역시 동구 가양동 174-43,36.34317375,127.445588,,한전주,042-271-4871,대전광역시 동구청,2023-12-01
가양동236,1,,대전광역시 동구 가양동 406-6,36.34315896,127.4447685,,한전주,042-271-4871,대전광역시 동구청,2023-12-01
가양동237,1,,대전광역시 동구 가양동 174-52,36.34309204,127.4450965,,한전주,042-271-4871,대전광역시 동구청,2023-12-01
가양동238,1,,대전광역시 동구 가양동 174-9,36.34327298,127.4454879,,한전주,042-271-4871,대전광역시 동구청,2023-12-01
가양동239,1,,대전광역시 동구 가양동 174-25,36.34340306,127.4457434,,한전주,042-271-4871,대전광역시 동구청,2023-12-01
가양동240,1,,대전광역시 동구 가양동 174-29,36.34330016,127.445642,,전용주,042-271-4871,대전광역시 동구청,2023-12-01
가양동241,1,,대전광역시 동구 가양동 695,36.34346913,127.4464376,,한전주,042-271-4871,대전광역시 동구청,2023-12-01
가양동242,1,,대전광역시 동구 가양동 172-4,36.34356819,127.4469645,,한전주,042-271-4871,대전광역시 동구청,2023-12-01
가양동243,1,,대전광역시 동구 가양동 172-7,36.34365307,127.446582,,한전주,042-271-4871,대전광역시 동구청,2023-12-01
가양동244,1,,대전광역시 동구 가양동 172-2,36.34372199,127.4466816,,한전주,042-271-4871,대전광역시 동구청,2023-12-01
가양동245,1,,대전광역시 동구 가양동 404-20,36.34394105,127.4463251,,한전주,042-271-4871,대전광역시 동구청,2023-12-01
가양동246,1,,대전광역시 동구 가양동 693,36.34343767,127.4456369,,한전주,042-271-4871,대전광역시 동구청,2023-12-01
가양동247,1,,대전광역시 동구 가양동 631,36.34395926,127.4457548,,전용주,042-271-4871,대전광역시 동구청,2023-12-01
가양동248,1,,대전광역시 동구 가양동 406-3,36.34355017,127.4451288,,한전주,042-271-4871,대전광역시 동구청,2023-12-01
가양동249,1,,대전광역시 동구 가양동 406-8,36.3434089,127.4448532,,한전주,042-271-4871,대전광역시 동구청,2023-12-01
가양동250,1,,대전광역시 동구 가양동 631,36.34395926,127.4457548,,한전주,042-271-4871,대전광역시 동구청,2023-12-01
가양동251,1,,대전광역시 동구 가양동 409-11,36.34402411,127.4451473,,한전주,042-271-4871,대전광역시 동구청,2023-12-01
가양동252,1,,대전광역시 동구 가양동 631,36.34395926,127.4457548,,한전주,042-271-4871,대전광역시 동구청,2023-12-01
가양동253,1,,대전광역시 동구 가양동 405-3,36.34384696,127.4457969,,한전주,042-271-4871,대전광역시 동구청,2023-12-01
가양동254,1,,대전광역시 동구 가양동 631,36.34395926,127.4457548,,한전주,042-271-4871,대전광역시 동구청,2023-12-01
가양동255,1,,대전광역시 동구 가양동 411-1,36.34504784,127.4456343,,한전주,042-271-4871,대전광역시 동구청,2023-12-01
가양동256,1,,대전광역시 동구 가양동 411-1,36.34504784,127.4456343,,한전주,042-271-4871,대전광역시 동구청,2023-12-01
가양동257,1,,대전광역시 동구 가양동 411-1,36.34504784,127.4456343,,한전주,042-271-4871,대전광역시 동구청,2023-12-01
가양동258,1,,대전광역시 동구 가양동 411-1,36.34504784,127.4456343,,한전주,042-271-4871,대전광역시 동구청,2023-12-01
가양동259,1,,대전광역시 동구 가양동 631,36.34395926,127.4457548,,한전주,042-271-4871,대전광역시 동구청,2023-12-01
가양동260,1,,대전광역시 동구 가양동 410-6,36.34420545,127.4450459,,전용주,042-271-4871,대전광역시 동구청,2023-12-01
가양동261,1,,대전광역시 동구 가양동 410-1,36.34439309,127.4449212,,전용주,042-271-4871,대전광역시 동구청,2023-12-01
가양동262,1,,대전광역시 동구 가양동 408-8,36.34409108,127.4448559,,한전주,042-271-4871,대전광역시 동구청,2023-12-01
가양동263,1,,대전광역시 동구 가양동 408-9,36.3439059,127.4444167,,한전주,042-271-4871,대전광역시 동구청,2023-12-01
가양동265,1,,대전광역시 동구 가양동 631,36.34395926,127.4457548,,한전주,042-271-4871,대전광역시 동구청,2023-12-01
가양동266,1,,대전광역시 동구 가양동 412-12,36.34437979,127.4444357,,한전주,042-271-4871,대전광역시 동구청,2023-12-01
가양동267,1,,대전광역시 동구 가양동 414-24,36.34548825,127.4444456,,한전주,042-271-4871,대전광역시 동구청,2023-12-01
가양동268,1,,대전광역시 동구 가양동 414-7,36.34573883,127.444965,,한전주,042-271-4871,대전광역시 동구청,2023-12-01
가양동269,1,,대전광역시 동구 가양동 413-8,36.34512675,127.4441908,,한전주,042-271-4871,대전광역시 동구청,2023-12-01
가양동270,1,,대전광역시 동구 가양동 413-6,36.34548625,127.4439646,,한전주,042-271-4871,대전광역시 동구청,2023-12-01
가양동271,1,,대전광역시 동구 가양동 419-7,36.34607904,127.4442574,,한전주,042-271-4871,대전광역시 동구청,2023-12-01
가양동272,1,,대전광역시 동구 가양동 419-15,36.34605162,127.4447711,,한전주,042-271-4871,대전광역시 동구청,2023-12-01
가양동273,1,,대전광역시 동구 가양동 435-39,36.34565206,127.4438466,,한전주,042-271-4871,대전광역시 동구청,2023-12-01
가양동274,1,,대전광역시 동구 가양동 435-1,36.34590197,127.443672,,한전주,042-271-4871,대전광역시 동구청,2023-12-01
가양동275,1,,대전광역시 동구 가양동 413-19,36.34520907,127.4436054,,한전주,042-271-4871,대전광역시 동구청,2023-12-01
가양동276,1,,대전광역시 동구 가양동 435-9,36.34535393,127.4431478,,한전주,042-271-4871,대전광역시 동구청,2023-12-01
가양동277,1,,대전광역시 동구 가양동 435-26,36.34523502,127.4429407,,한전주,042-271-4871,대전광역시 동구청,2023-12-01
가양동278,1,,대전광역시 동구 가양동 435-21,36.34505347,127.4425654,,한전주,042-271-4871,대전광역시 동구청,2023-12-01
가양동279,1,,대전광역시 동구 가양동 436-4,36.34467882,127.4431348,,한전주,042-271-4871,대전광역시 동구청,2023-12-01
가양동280,1,,대전광역시 동구 가양동 436-19,36.34472844,127.442875,,전용주,042-251-4756,대전광역시 동구청,2023-12-01
가양동281,1,,대전광역시 동구 가양동 435-35,36.34576336,127.4434789,,한전주,042-271-4871,대전광역시 동구청,2023-12-01
가양동282,1,,대전광역시 동구 가양동 420-10,36.34703406,127.4442679,,한전주,042-271-4871,대전광역시 동구청,2023-12-01
가양동283,1,,대전광역시 동구 가양동 634,36.34805128,127.4417192,,한전주,042-271-4871,대전광역시 동구청,2023-12-01
가양동284,1,,대전광역시 동구 가양동 434,36.34626329,127.4431993,,한전주,042-271-4871,대전광역시 동구청,2023-12-01
가양동285,1,,대전광역시 동구 가양동 434,36.34626329,127.4431993,,한전주,042-271-4871,대전광역시 동구청,2023-12-01
가양동286,1,,대전광역시 동구 가양동 433-7,36.34579441,127.442446,,한전주,042-271-4871,대전광역시 동구청,2023-12-01
가양동287,1,,대전광역시 동구 가양동 433-8,36.34569922,127.4423054,,한전주,042-271-4871,대전광역시 동구청,2023-12-01
가양동288,1,,대전광역시 동구 가양동 420-57,36.34716429,127.4437569,,전용주,042-271-4871,대전광역시 동구청,2023-12-01
가양동290,1,,대전광역시 동구 가양동 420-5,36.34769748,127.4438382,,한전주,042-271-4871,대전광역시 동구청,2023-12-01
가양동291,1,,대전광역시 동구 가양동 420-1,36.34792893,127.443589,,한전주,042-271-4871,대전광역시 동구청,2023-12-01
가양동292,1,,대전광역시 동구 가양동 634,36.34805128,127.4417192,,한전주,042-271-4871,대전광역시 동구청,2023-12-01
가양동293,1,,대전광역시 동구 가양동 429-9,36.34798309,127.4431035,,한전주,042-271-4871,대전광역시 동구청,2023-12-01
가양동294,1,,대전광역시 동구 가양동 420-44,36.34770552,127.4433896,,한전주,042-271-4871,대전광역시 동구청,2023-12-01
가양동295,1,,대전광역시 동구 가양동 430-9,36.34787872,127.4428135,,한전주,042-271-4871,대전광역시 동구청,2023-12-01
가양동296,1,,대전광역시 동구 가양동 430-50,36.34780662,127.4426695,,한전주,042-271-4871,대전광역시 동구청,2023-12-01
가양동297,1,,대전광역시 동구 가양동 431-34,36.34748536,127.4426435,,한전주,042-271-4871,대전광역시 동구청,2023-12-01
가양동298,1,,대전광역시 동구 가양동 431-18,36.34737018,127.4427445,,한전주,042-271-4871,대전광역시 동구청,2023-12-01
가양동299,1,,대전광역시 동구 가양동 420-34,36.34713333,127.443357,,한전주,042-271-4871,대전광역시 동구청,2023-12-01
가양동300,1,,대전광역시 동구 가양동 431-11,36.34700181,127.442975,,한전주,042-271-4871,대전광역시 동구청,2023-12-01
가양동301,1,,대전광역시 동구 가양동 634,36.34805128,127.4417192,,한전주,042-271-4871,대전광역시 동구청,2023-12-01
가양동302,1,,대전광역시 동구 가양동 420-33,36.34708911,127.4435921,,전용주,042-271-4871,대전광역시 동구청,2023-12-01
가양동303,1,,대전광역시 동구 가양동 434,36.34626329,127.4431993,,한전주,042-271-4871,대전광역시 동구청,2023-12-01
가양동304,1,,대전광역시 동구 가양동 434,36.34626329,127.4431993,,전용주,042-271-4871,대전광역시 동구청,2023-12-01
가양동305,1,,대전광역시 동구 가양동 634,36.34805128,127.4417192,,한전주,042-271-4871,대전광역시 동구청,2023-12-01
가양동306,1,,대전광역시 동구 가양동 430-32,36.34761698,127.4421437,,한전주,042-271-4871,대전광역시 동구청,2023-12-01
가양동307,1,,대전광역시 동구 가양동 634,36.34805128,127.4417192,,한전주,042-271-4871,대전광역시 동구청,2023-12-01
가양동308,1,,대전광역시 동구 가양동 431-23,36.34684563,127.442603,,한전주,042-271-4871,대전광역시 동구청,2023-12-01
가양동309,1,,대전광역시 동구 가양동 431-25,36.34668673,127.4426961,,한전주,042-271-4871,대전광역시 동구청,2023-12-01
가양동310,1,,대전광역시 동구 가양동 434,36.34626329,127.4431993,,한전주,042-271-4871,대전광역시 동구청,2023-12-01
가양동311,1,,대전광역시 동구 가양동 434,36.34626329,127.4431993,,한전주,042-271-4871,대전광역시 동구청,2023-12-01
가양동312,1,,대전광역시 동구 가양동 433-11,36.34615613,127.4423265,,한전주,042-271-4871,대전광역시 동구청,2023-12-01
가양동313,1,,대전광역시 동구 가양동 433-23,36.34614513,127.4425223,,건축물,042-271-4871,대전광역시 동구청,2023-12-01
가양동314,1,,대전광역시 동구 가양동 432-24,36.34658705,127.4421439,,한전주,042-271-4871,대전광역시 동구청,2023-12-01
가양동316,1,,대전광역시 동구 가양동 634,36.34805128,127.4417192,,한전주,042-271-4871,대전광역시 동구청,2023-12-01
가양동317,1,,대전광역시 동구 가양동 430-25,36.34739027,127.4417229,,한전주,042-271-4871,대전광역시 동구청,2023-12-01
가양동318,1,,대전광역시 동구 가양동 430-14,36.34723969,127.4413549,,한전주,042-271-4871,대전광역시 동구청,2023-12-01
가양동319,1,,대전광역시 동구 가양동 429-9,36.34798309,127.4431035,,한전주,042-271-4871,대전광역시 동구청,2023-12-01
가양동320,1,,대전광역시 동구 가양동 430-6,36.34816016,127.4427395,,한전주,042-271-4871,대전광역시 동구청,2023-12-01
가양동321,1,,대전광역시 동구 가양동 429-10,36.34829791,127.4429448,,한전주,042-271-4871,대전광역시 동구청,2023-12-01
가양동322,1,,대전광역시 동구 가양동 430-6,36.34816016,127.4427395,,한전주,042-271-4871,대전광역시 동구청,2023-12-01
가양동323,1,,대전광역시 동구 가양동 430-5,36.34802215,127.4421918,,한전주,042-271-4871,대전광역시 동구청,2023-12-01
가양동324,1,,대전광역시 동구 가양동 430-39,36.34800718,127.4418904,,한전주,042-271-4871,대전광역시 동구청,2023-12-01
가양동325,1,,대전광역시 동구 가양동 430-1,36.34781009,127.4413431,,한전주,042-271-4871,대전광역시 동구청,2023-12-01
가양동326,1,,대전광역시 동구 가양동 429-11,36.34882919,127.4426932,,한전주,042-271-4871,대전광역시 동구청,2023-12-01
가양동327,1,,대전광역시 동구 가양동 427-18,36.34894494,127.442001,,한전주,042-271-4871,대전광역시 동구청,2023-12-01
가양동328,1,,대전광역시 동구 가양동 428-23,36.34875735,127.4421859,,건축물,042-271-4871,대전광역시 동구청,2023-12-01
가양동329,1,,대전광역시 동구 가양동 428-39,36.34859815,127.4418366,,한전주,042-271-4871,대전광역시 동구청,2023-12-01
가양동330,1,,대전광역시 동구 가양동 427-34,36.34865521,127.4414395,,한전주,042-271-4871,대전광역시 동구청,2023-12-01
가양동331,1,,대전광역시 동구 가양동 426-19,36.34904674,127.4424225,,한전주,042-271-4871,대전광역시 동구청,2023-12-01
가양동332,1,,대전광역시 동구 가양동 426-33,36.34918175,127.4427732,,한전주,042-271-4871,대전광역시 동구청,2023-12-01
가양동333,1,,대전광역시 동구 가양동 426-9,36.34913197,127.4423805,,한전주,042-271-4871,대전광역시 동구청,2023-12-01
가양동334,1,,대전광역시 동구 가양동 426-27,36.34938169,127.4422156,,한전주,042-271-4871,대전광역시 동구청,2023-12-01
가양동335,1,,대전광역시 동구 가양동 426-20,36.34960053,127.4420771,,한전주,042-271-4871,대전광역시 동구청,2023-12-01
가양동336,1,,대전광역시 동구 가양동 426-13,36.34977634,127.4419805,,한전주,042-271-4871,대전광역시 동구청,2023-12-01
가양동337,1,,대전광역시 동구 가양동 426-24,36.34984511,127.4419057,,한전주,042-271-4871,대전광역시 동구청,2023-12-01
가양동338,1,,대전광역시 동구 가양동 427-2,36.34979962,127.4416573,,한전주,042-271-4871,대전광역시 동구청,2023-12-01
가양동339,1,,대전광역시 동구 가양동 426-2,36.34990735,127.4421564,,한전주,042-271-4871,대전광역시 동구청,2023-12-01
가양동340,1,,대전광역시 동구 가양동 430-21,36.34778273,127.4414053,,전용주,042-271-4871,대전광역시 동구청,2023-12-01
가양동341,1,,대전광역시 동구 가양동 427-25,36.34902121,127.4416536,,한전주,042-271-4871,대전광역시 동구청,2023-12-01
가양동342,1,,대전광역시 동구 가양동 448-4,36.34958183,127.4410402,,한전주,042-271-4871,대전광역시 동구청,2023-12-01
가양동343,1,,대전광역시 동구 가양동 448-3,36.34952991,127.4408719,,한전주,042-271-4871,대전광역시 동구청,2023-12-01
가양동344,1,,대전광역시 동구 가양동 448-73,36.3494144,127.4406563,,한전주,042-271-4871,대전광역시 동구청,2023-12-01
가양동345,1,,대전광역시 동구 가양동 448-38,36.34888973,127.4406248,,한전주,042-271-4871,대전광역시 동구청,2023-12-01
가양동346,1,,대전광역시 동구 가양동 448-77,36.34807089,127.4407327,,한전주,042-271-4871,대전광역시 동구청,2023-12-01
가양동347,1,,대전광역시 동구 가양동 447-29,36.34764525,127.4407839,,전용주,042-271-4871,대전광역시 동구청,2023-12-01
가양동348,1,,대전광역시 동구 가양동 448-31,36.34865392,127.4404955,,전용주,042-271-4871,대전광역시 동구청,2023-12-01
가양동349,1,,대전광역시 동구 가양동 447-5,36.3471101,127.4408425,,한전주,042-271-4871,대전광역시 동구청,2023-12-01
가양동350,1,,대전광역시 동구 가양동 440-3,36.34601853,127.4410572,,한전주,042-271-4871,대전광역시 동구청,2023-12-01
가양동352,1,,대전광역시 동구 가양동 448-26,36.3485395,127.4408045,,전용주,042-271-4871,대전광역시 동구청,2023-12-01
가양동353,1,,대전광역시 동구 가양동 442-17,36.34644408,127.4408828,,한전주,042-271-4871,대전광역시 동구청,2023-12-01
가양동354,1,,대전광역시 동구 가양동 440-49,36.34550348,127.4415296,,한전주,042-271-4871,대전광역시 동구청,2023-12-01
가양동355,1,,대전광역시 동구 가양동 440-20,36.34561301,127.4411265,,한전주,042-271-4871,대전광역시 동구청,2023-12-01
가양동356,1,,대전광역시 동구 가양동 439-52,36.34513212,127.4411333,,한전주,042-271-4871,대전광역시 동구청,2023-12-01
가양동357,1,,대전광역시 동구 가양동 439-8,36.34493641,127.442078,,한전주,042-271-4871,대전광역시 동구청,2023-12-01
가양동358,1,,대전광역시 동구 가양동 637,36.34697657,127.4407083,,한전주,042-271-4871,대전광역시 동구청,2023-12-01
가양동359,1,,대전광역시 동구 가양동 637,36.34697657,127.4407083,,한전주,042-271-4871,대전광역시 동구청,2023-12-01
가양동360,1,,대전광역시 동구 가양동 439-24,36.34477296,127.4415836,,한전주,042-271-4871,대전광역시 동구청,2023-12-01
가양동361,1,,대전광역시 동구 가양동 439-22,36.34496395,127.4415522,,전용주,042-271-4871,대전광역시 동구청,2023-12-01
가양동362,1,,대전광역시 동구 가양동 439-42,36.34491048,127.4412178,,건축물,042-271-4871,대전광역시 동구청,2023-12-01
가양동363,1,,대전광역시 동구 가양동 439-39,36.34474503,127.4410702,,한전주,042-271-4871,대전광역시 동구청,2023-12-01
가양동364,1,,대전광역시 동구 가양동 637,36.34697657,127.4407083,,한전주,042-271-4871,대전광역시 동구청,2023-12-01
가양동365,1,,대전광역시 동구 가양동 438-39,36.34402697,127.441195,,한전주,042-271-4871,대전광역시 동구청,2023-12-01
가양동366,1,,대전광역시 동구 가양동 438-4,36.34377225,127.4412569,,한전주,042-271-4871,대전광역시 동구청,2023-12-01
가양동367,1,,대전광역시 동구 가양동 438-7,36.34375587,127.4410313,,전용주,042-271-4871,대전광역시 동구청,2023-12-01
가양동368,1,,대전광역시 동구 가양동 437-36,36.34430627,127.4420392,,한전주,042-271-4871,대전광역시 동구청,2023-12-01
가양동369,1,,대전광역시 동구 가양동 451-43,36.34927475,127.4395875,,한전주,042-271-4871,대전광역시 동구청,2023-12-01
가양동370,1,,대전광역시 동구 가양동 640,36.34723839,127.4390626,,한전주,042-271-4871,대전광역시 동구청,2023-12-01
가양동371,1,,대전광역시 동구 가양동 451-20,36.34948736,127.4392217,,한전주,042-271-4871,대전광역시 동구청,2023-12-01
가양동372,1,,대전광역시 동구 가양동 640,36.34723839,127.4390626,,전용주,042-271-4871,대전광역시 동구청,2023-12-01
가양동373,1,,대전광역시 동구 가양동 640,36.34723839,127.4390626,,한전주,042-271-4871,대전광역시 동구청,2023-12-01
가양동374,1,,대전광역시 동구 가양동 450-15,36.34860238,127.4383113,,한전주,042-271-4871,대전광역시 동구청,2023-12-01
가양동375,1,,대전광역시 동구 가양동 449-37,36.34892247,127.4395905,,한전주,042-271-4871,대전광역시 동구청,2023-12-01
가양동376,1,,대전광역시 동구 가양동 449-42,36.348603901,127.439615061,,한전주,042-271-4871,대전광역시 동구청,2023-12-01
가양동377,1,,대전광역시 동구 가양동 449-60,36.34831595,127.4397155,,한전주,042-271-4871,대전광역시 동구청,2023-12-01
가양동378,1,,대전광역시 동구 가양동 640,36.34723839,127.4390626,,전용주,042-271-4871,대전광역시 동구청,2023-12-01
가양동379,1,,대전광역시 동구 가양동 449-65,36.348013,127.4396151,,한전주,042-271-4871,대전광역시 동구청,2023-12-01
가양동380,1,,대전광역시 동구 가양동 449-20,36.34805621,127.4394559,,한전주,042-271-4871,대전광역시 동구청,2023-12-01
가양동381,1,,대전광역시 동구 가양동 449-64,36.34799303,127.4392628,,한전주,042-271-4871,대전광역시 동구청,2023-12-01
가양동382,1,,대전광역시 동구 가양동 450-34,36.34812735,127.4389064,,한전주,042-271-4871,대전광역시 동구청,2023-12-01
가양동383,1,,대전광역시 동구 가양동 640,36.34723839,127.4390626,,한전주,042-271-4871,대전광역시 동구청,2023-12-01
가양동384,1,,대전광역시 동구 가양동 450-3,36.34866586,127.4388418,,한전주,042-271-4871,대전광역시 동구청,2023-12-01
가양동385,1,,대전광역시 동구 가양동 450-19,36.34823136,127.4387531,,한전주,042-271-4871,대전광역시 동구청,2023-12-01
가양동386,1,,대전광역시 동구 가양동 450-9,36.3482123,127.4385717,,한전주,042-271-4871,대전광역시 동구청,2023-12-01
가양동387,1,,대전광역시 동구 가양동 450-10,36.34801231,127.4385523,,한전주,042-271-4871,대전광역시 동구청,2023-12-01
가양동388,1,,대전광역시 동구 가양동 450-11,36.34794494,127.4384439,,한전주,042-271-4871,대전광역시 동구청,2023-12-01
가양동389,1,,대전광역시 동구 가양동 450-42,36.34795734,127.4381601,,한전주,042-271-4871,대전광역시 동구청,2023-12-01
가양동390,1,,대전광역시 동구 가양동 450-12,36.34807872,127.4384064,,전용주,042-271-4871,대전광역시 동구청,2023-12-01
가양동391,1,,대전광역시 동구 가양동 450-13,36.34832763,127.4384048,,한전주,042-271-4871,대전광역시 동구청,2023-12-01
가양동392,1,,대전광역시 동구 가양동 450-15,36.34860238,127.4383113,,전용주,042-271-4871,대전광역시 동구청,2023-12-01
가양동393,1,,대전광역시 동구 가양동 445-33,36.34705303,127.438155,,한전주,042-271-4871,대전광역시 동구청,2023-12-01
가양동394,1,,대전광역시 동구 가양동 445-38,36.34725847,127.438358,,한전주,042-271-4871,대전광역시 동구청,2023-12-01
가양동395,1,,대전광역시 동구 가양동 445-29,36.34747833,127.4383667,,한전주,042-271-4871,대전광역시 동구청,2023-12-01
가양동396,1,,대전광역시 동구 가양동 445-27,36.34762822,127.4383333,,전용주,042-271-4871,대전광역시 동구청,2023-12-01
가양동397,1,,대전광역시 동구 가양동 445-54,36.34768027,127.4386629,,한전주,042-271-4871,대전광역시 동구청,2023-12-01
가양동398,1,,대전광역시 동구 가양동 445-9,36.34742306,127.4385465,,한전주,042-271-4871,대전광역시 동구청,2023-12-01
가양동399,1,,대전광역시 동구 가양동 445-45,36.34719855,127.4385532,,한전주,042-271-4871,대전광역시 동구청,2023-12-01
가양동400,1,,대전광역시 동구 가양동 445-48,36.34712468,127.4387558,,한전주,042-271-4871,대전광역시 동구청,2023-12-01
가양동401,1,,대전광역시 동구 가양동 444-5,36.34638323,127.4389534,,전용주,042-271-4871,대전광역시 동구청,2023-12-01
가양동402,1,,대전광역시 동구 가양동 444-37,36.3468565,127.4386403,,한전주,042-271-4871,대전광역시 동구청,2023-12-01
가양동403,1,,대전광역시 동구 가양동 444-35,36.34666341,127.4384358,,한전주,042-271-4871,대전광역시 동구청,2023-12-01
가양동404,1,,대전광역시 동구 가양동 445-8,36.34733077,127.4388904,,한전주,042-271-4871,대전광역시 동구청,2023-12-01
가양동405,1,,대전광역시 동구 가양동 445-40,36.34763985,127.4389469,,한전주,042-271-4871,대전광역시 동구청,2023-12-01
가양동406,1,,대전광역시 동구 가양동 443-16,36.34671994,127.4392147,,한전주,042-271-4871,대전광역시 동구청,2023-12-01
가양동407,1,,대전광역시 동구 가양동 444-26,36.34666176,127.4382966,,한전주,042-271-4871,대전광역시 동구청,2023-12-01
가양동408,1,,대전광역시 동구 가양동 443-17,36.34685113,127.4391948,,한전주,042-271-4871,대전광역시 동구청,2023-12-01
가양동409,1,,대전광역시 동구 가양동 640,36.34723839,127.4390626,,한전주,042-271-4871,대전광역시 동구청,2023-12-01
가양동410,1,,대전광역시 동구 가양동 446-36,36.34733594,127.4397398,,한전주,042-271-4871,대전광역시 동구청,2023-12-01
가양동411,1,,대전광역시 동구 가양동 446-10,36.34782593,127.4396613,,한전주,042-271-4871,대전광역시 동구청,2023-12-01
가양동412,1,,대전광역시 동구 가양동 443-27,36.34663549,127.4395105,,한전주,042-271-4871,대전광역시 동구청,2023-12-01
가양동413,1,,대전광역시 동구 가양동 443-2,36.34685869,127.4397618,,한전주,042-271-4871,대전광역시 동구청,2023-12-01
가양동414,1,,대전광역시 동구 가양동 446-32,36.34754203,127.4398419,,한전주,042-271-4871,대전광역시 동구청,2023-12-01
가양동415,1,,대전광역시 동구 가양동 446-53,36.34705934,127.4401884,,한전주,042-271-4871,대전광역시 동구청,2023-12-01
가양동416,1,,대전광역시 동구 가양동 443-38,36.34633082,127.4402903,,한전주,042-271-4871,대전광역시 동구청,2023-12-01
가양동417,1,,대전광역시 동구 가양동 443-2,36.34685869,127.4397618,,한전주,042-271-4871,대전광역시 동구청,2023-12-01
가양동418,1,,대전광역시 동구 가양동 640-1,36.34625961,127.4393401,,한전주,042-271-4871,대전광역시 동구청,2023-12-01
가양동419,1,,대전광역시 동구 가양동 640-1,36.34626133,127.4388722,,한전주,042-271-4871,대전광역시 동구청,2023-12-01
가양동420,1,,대전광역시 동구 가양동 640-1,36.34627581,127.4386105,,한전주,042-271-4871,대전광역시 동구청,2023-12-01
가양동421,1,,대전광역시 동구 가양동 444-7,36.34636426,127.4384748,,한전주,042-271-4871,대전광역시 동구청,2023-12-01
가양동444,1,,대전광역시 동구 가양동 509-15,36.34449206,127.4399965,,전용주,042-271-4871,대전광역시 동구청,2023-12-01
가양동445,1,,대전광역시 동구 가양동 531-30,36.34412275,127.4405096,,한전주,042-271-4871,대전광역시 동구청,2023-12-01
가양동446,1,,대전광역시 동구 가양동 509-18,36.34426595,127.440073,,한전주,042-271-4871,대전광역시 동구청,2023-12-01
가양동447,1,,대전광역시 동구 가양동 531-69,36.34392455,127.4402768,,한전주,042-271-4871,대전광역시 동구청,2023-12-01
가양동448,1,,대전광역시 동구 가양동 531-35,36.34377801,127.4403774,,한전주,042-271-4871,대전광역시 동구청,2023-12-01
가양동449,1,,대전광역시 동구 가양동 531-7,36.34364865,127.4402677,,한전주,042-271-4871,대전광역시 동구청,2023-12-01
가양동450,1,,대전광역시 동구 가양동 531-8,36.34373161,127.4400579,,전용주,042-271-4871,대전광역시 동구청,2023-12-01
가양동451,1,,대전광역시 동구 가양동 531-38,36.343903364,127.439864339,,한전주,042-271-4871,대전광역시 동구청,2023-12-01
가양동452,1,,대전광역시 동구 가양동 533-3,36.34362751,127.439522,,한전주,042-271-4871,대전광역시 동구청,2023-12-01
가양동453,1,,대전광역시 동구 가양동 534-7,36.34401546,127.4395254,,한전주,042-271-4871,대전광역시 동구청,2023-12-01
가양동454,1,,대전광역시 동구 가양동 534-6,36.34387883,127.4394297,,한전주,042-271-4871,대전광역시 동구청,2023-12-01
가양동455,1,,대전광역시 동구 가양동 508-52,36.34364179,127.4392327,,한전주,042-271-4871,대전광역시 동구청,2023-12-01
가양동456,1,,대전광역시 동구 가양동 508-41,36.34436607,127.4392085,,한전주,042-271-4871,대전광역시 동구청,2023-12-01
가양동457,1,,대전광역시 동구 가양동 508-52,36.34364179,127.4392327,,한전주,042-271-4871,대전광역시 동구청,2023-12-01
가양동458,1,,대전광역시 동구 가양동 536-2,36.34356203,127.4393176,,한전주,042-271-4871,대전광역시 동구청,2023-12-01
가양동459,1,,대전광역시 동구 가양동 508-26,36.34420248,127.4390028,,한전주,042-271-4871,대전광역시 동구청,2023-12-01
가양동460,1,,대전광역시 동구 가양동 508-51,36.34402678,127.438971,,한전주,042-271-4871,대전광역시 동구청,2023-12-01
가양동461,1,,대전광역시 동구 가양동 539-3,36.3429451,127.4390166,,한전주,042-271-4871,대전광역시 동구청,2023-12-01
가양동462,1,,대전광역시 동구 가양동 539-5,36.342453,127.4389358,,한전주,042-271-4871,대전광역시 동구청,2023-12-01
가양동463,1,,대전광역시 동구 가양동 538-3,36.34301095,127.4392007,,한전주,042-271-4871,대전광역시 동구청,2023-12-01
가양동464,1,,대전광역시 동구 가양동 531-45,36.34320077,127.4397594,,한전주,042-271-4871,대전광역시 동구청,2023-12-01
가양동465,1,,대전광역시 동구 가양동 531-45,36.34320077,127.4397594,,한전주,042-271-4871,대전광역시 동구청,2023-12-01
가양동466,1,,대전광역시 동구 가양동 531-40,36.34320338,127.440096,,한전주,042-271-4871,대전광역시 동구청,2023-12-01
가양동467,1,,대전광역시 동구 가양동 531-95,36.34285685,127.4397118,,건축물,042-271-4871,대전광역시 동구청,2023-12-01
가양동468,1,,대전광역시 동구 가양동 343-21,36.3429537,127.4413325,,한전주,042-271-4871,대전광역시 동구청,2023-12-01
가양동470,1,,대전광역시 동구 가양동 348-3,36.34287688,127.4417325,,건축물,042-271-4871,대전광역시 동구청,2023-12-01
가양동471,1,,대전광역시 동구 가양동 531-165,36.342856099,127.440991869,,한전주,042-271-4871,대전광역시 동구청,2023-12-01
가양동472,1,,대전광역시 동구 가양동 340-34,36.34240283,127.4411562,,한전주,042-271-4871,대전광역시 동구청,2023-12-01
가양동473,1,,대전광역시 동구 가양동 531-54,36.34258144,127.4407927,,건축물,042-271-4871,대전광역시 동구청,2023-12-01
가양동474,1,,대전광역시 동구 가양동 531-128,36.34269934,127.4405392,,건축물,042-271-4871,대전광역시 동구청,2023-12-01
가양동475,1,,대전광역시 동구 가양동 154-7,36.34565839,127.4533216,,한전주,042-271-4871,대전광역시 동구청,2023-12-01
가양동476,1,,대전광역시 동구 가양동 154-5,36.34591493,127.4531164,,한전주,042-271-4871,대전광역시 동구청,2023-12-01
가양동477,1,,대전광역시 동구 가양동 166-13,36.3453851,127.4530507,,한전주,042-271-4871,대전광역시 동구청,2023-12-01
가양동479,1,,대전광역시 동구 가양동 165-15,36.34519451,127.451979,,한전주,042-271-4871,대전광역시 동구청,2023-12-01
가양동480,1,,대전광역시 동구 가양동 687,36.34560965,127.4520267,,한전주,042-271-4871,대전광역시 동구청,2023-12-01
가양동481,1,,대전광역시 동구 가양동 166-24,36.34450072,127.4520905,,한전주,042-271-4871,대전광역시 동구청,2023-12-01
가양동482,1,,대전광역시 동구 가양동 168-33,36.34485982,127.4513105,,한전주,042-271-4871,대전광역시 동구청,2023-12-01
가양동483,1,,대전광역시 동구 가양동 167-34,36.34445246,127.451508,,건축물,042-271-4871,대전광역시 동구청,2023-12-01
가양동484,1,,대전광역시 동구 가양동 168-5,36.34478732,127.4511558,,한전주,042-271-4871,대전광역시 동구청,2023-12-01
가양동485,1,,대전광역시 동구 가양동 167-28,36.3444943,127.4510958,,건축물,042-271-4871,대전광역시 동구청,2023-12-01
가양동486,1,,대전광역시 동구 가양동 168-12,36.34458602,127.4506224,,한전주,042-271-4871,대전광역시 동구청,2023-12-01
가양동487,1,,대전광역시 동구 가양동 168-10,36.34442999,127.4503232,,한전주,042-271-4871,대전광역시 동구청,2023-12-01
가양동488,1,,대전광역시 동구 가양동 652-4,36.34438053,127.449889,,한전주,042-271-4871,대전광역시 동구청,2023-12-01
가양동489,1,,대전광역시 동구 가양동 655-17,36.34392009,127.4502061,,한전주,042-271-4871,대전광역시 동구청,2023-12-01
가양동490,1,,대전광역시 동구 가양동 652-4,36.34438053,127.449889,,한전주,042-271-4871,대전광역시 동구청,2023-12-01
가양동491,1,,대전광역시 동구 가양동 652-4,36.34438053,127.449889,,한전주,042-271-4871,대전광역시 동구청,2023-12-01
가양동492,1,,대전광역시 동구 가양동 165-12,36.34526667,127.451651,,한전주,042-271-4871,대전광역시 동구청,2023-12-01
가양동493,1,,대전광역시 동구 가양동 154-30,36.34589656,127.4535865,,한전주,042-271-4871,대전광역시 동구청,2023-12-01
가양동494,1,,대전광역시 동구 가양동 151-13,36.34639142,127.4548374,,전용주,042-271-4871,대전광역시 동구청,2023-12-01
가양동495,1,,대전광역시 동구 가양동 10-1,36.34659626,127.4571016,,전용주,042-271-4871,대전광역시 동구청,2023-12-01
가양동496,1,,대전광역시 동구 가양동 151-14,36.34678762,127.4557229,,한전주,042-271-4871,대전광역시 동구청,2023-12-01
가양동497,1,,대전광역시 동구 가양동 151-5,36.34663172,127.4553908,,한전주,042-271-4871,대전광역시 동구청,2023-12-01
가양동498,1,,대전광역시 동구 가양동 151-10,36.34639777,127.4550613,,한전주,042-271-4871,대전광역시 동구청,2023-12-01
가양동499,1,,대전광역시 동구 가양동 687,36.34560965,127.4520267,,한전주,042-271-4871,대전광역시 동구청,2023-12-01
가양동500,1,,대전광역시 동구 가양동 10,36.34517648,127.4559184,,한전주,042-271-4871,대전광역시 동구청,2023-12-01
가양동501,1,,대전광역시 동구 가양동 13-1,36.34647922,127.4563412,,한전주,042-271-4871,대전광역시 동구청,2023-12-01
가양동502,1,,대전광역시 동구 가양동 154-42,36.34599826,127.4544291,,한전주,042-271-4871,대전광역시 동구청,2023-12-01
가양동503,1,,대전광역시 동구 가양동 154-40,36.34622101,127.4542902,,한전주,042-271-4871,대전광역시 동구청,2023-12-01
가양동504,1,,대전광역시 동구 가양동 154-39,36.34574768,127.4539227,,한전주,042-271-4871,대전광역시 동구청,2023-12-01
가양동505,1,,대전광역시 동구 가양동 154-25,36.34547985,127.4536351,,한전주,042-271-4871,대전광역시 동구청,2023-12-01
가양동506,1,,대전광역시 동구 가양동 154-39,36.34574768,127.4539227,,한전주,042-271-4871,대전광역시 동구청,2023-12-01
가양동507,1,,대전광역시 동구 가양동 166-11,36.34526241,127.453277,,한전주,042-271-4871,대전광역시 동구청,2023-12-01
가양동508,1,,대전광역시 동구 가양동 166-8,36.3450534,127.4529269,,한전주,042-271-4871,대전광역시 동구청,2023-12-01
가양동509,1,,대전광역시 동구 가양동 166-30,36.34493146,127.4527394,,한전주,042-271-4871,대전광역시 동구청,2023-12-01
가양동510,1,,대전광역시 동구 가양동 166-28,36.34474126,127.4524672,,한전주,042-271-4871,대전광역시 동구청,2023-12-01
가양동511,1,,대전광역시 동구 가양동 166-24,36.34450072,127.4520905,,한전주,042-271-4871,대전광역시 동구청,2023-12-01
가양동512,1,,대전광역시 동구 가양동 167-36,36.34427207,127.4516439,,한전주,042-271-4871,대전광역시 동구청,2023-12-01
가양동513,1,,대전광역시 동구 가양동 167-11,36.3441466,127.4510082,,한전주,042-271-4871,대전광역시 동구청,2023-12-01
가양동514,1,,대전광역시 동구 가양동 167-12,36.34400007,127.4506967,,한전주,042-271-4871,대전광역시 동구청,2023-12-01
가양동515,1,,대전광역시 동구 가양동 655-10,36.34366913,127.4503949,,한전주,042-271-4871,대전광역시 동구청,2023-12-01
가양동516,1,,대전광역시 동구 가양동 655-12,36.34356384,127.4501632,,한전주,042-271-4871,대전광역시 동구청,2023-12-01
가양동518,1,,대전광역시 동구 가양동 657,36.34417174,127.4479279,,한전주,042-271-4871,대전광역시 동구청,2023-12-01
가양동519,1,,대전광역시 동구 가양동 629,36.34533848,127.4486502,,한전주,042-271-4871,대전광역시 동구청,2023-12-01
가양동520,1,,대전광역시 동구 가양동 650-12,36.34409323,127.4476327,,한전주,042-271-4871,대전광역시 동구청,2023-12-01
가양동521,1,,대전광역시 동구 가양동 656,36.34396334,127.4497628,,한전주,042-271-4871,대전광역시 동구청,2023-12-01
가양동522,1,,대전광역시 동구 가양동 656,36.34396334,127.4497628,,한전주,042-271-4871,대전광역시 동구청,2023-12-01
가양동523,1,,대전광역시 동구 가양동 629,36.34533848,127.4486502,,한전주,042-271-4871,대전광역시 동구청,2023-12-01
가양동524,1,,대전광역시 동구 가양동 398-16,36.34508697,127.4487814,,한전주,042-271-4871,대전광역시 동구청,2023-12-01
가양동525,1,,대전광역시 동구 가양동 398-10,36.34518544,127.4491009,,한전주,042-271-4871,대전광역시 동구청,2023-12-01
가양동526,1,,대전광역시 동구 가양동 169-10,36.34524115,127.4497909,,전용주,042-271-4871,대전광역시 동구청,2023-12-01
가양동527,1,,대전광역시 동구 가양동 170-9,36.34550031,127.4494133,,한전주,042-271-4871,대전광역시 동구청,2023-12-01
가양동528,1,,대전광역시 동구 가양동 170-10,36.34554184,127.4495844,,한전주,042-271-4871,대전광역시 동구청,2023-12-01
가양동529,1,,대전광역시 동구 가양동 683,36.34700678,127.4532671,,한전주,042-271-4871,대전광역시 동구청,2023-12-01
가양동530,1,,대전광역시 동구 가양동 683,36.34700678,127.4532671,,한전주,042-271-4871,대전광역시 동구청,2023-12-01
가양동531,1,,대전광역시 동구 가양동 683,36.34700678,127.4532671,,한전주,042-271-4871,대전광역시 동구청,2023-12-01
가양동532,1,,대전광역시 동구 가양동 164-8,36.34587412,127.4511105,,한전주,042-271-4871,대전광역시 동구청,2023-12-01
가양동533,1,,대전광역시 동구 가양동 164-8,36.34587412,127.4511105,,한전주,042-271-4871,대전광역시 동구청,2023-12-01
가양동534,1,,대전광역시 동구 가양동 163-26,36.34623162,127.4511107,,한전주,042-271-4871,대전광역시 동구청,2023-12-01
가양동535,1,,대전광역시 동구 가양동 683,36.34700678,127.4532671,,한전주,042-271-4871,대전광역시 동구청,2023-12-01
가양동536,1,,대전광역시 동구 가양동 163-11,36.34648283,127.451572,,한전주,042-271-4871,대전광역시 동구청,2023-12-01
가양동537,1,,대전광역시 동구 가양동 163-4,36.34665116,127.4512652,,건축물,042-271-4871,대전광역시 동구청,2023-12-01
가양동538,1,,대전광역시 동구 가양동 683,36.34700678,127.4532671,,한전주,042-271-4871,대전광역시 동구청,2023-12-01
가양동539,1,,대전광역시 동구 가양동 685,36.34620593,127.4531328,,한전주,042-271-4871,대전광역시 동구청,2023-12-01
가양동540,1,,대전광역시 동구 가양동 159-10,36.34645263,127.4530145,,한전주,042-271-4871,대전광역시 동구청,2023-12-01
가양동541,1,,대전광역시 동구 가양동 159-11,36.34626951,127.4529332,,한전주,042-271-4871,대전광역시 동구청,2023-12-01
가양동542,1,,대전광역시 동구 가양동 159-9,36.34654659,127.4527748,,한전주,042-271-4871,대전광역시 동구청,2023-12-01
가양동543,1,,대전광역시 동구 가양동 683,36.34700678,127.4532671,,한전주,042-271-4871,대전광역시 동구청,2023-12-01
가양동544,1,,대전광역시 동구 가양동 683,36.34700678,127.4532671,,한전주,042-271-4871,대전광역시 동구청,2023-12-01
가양동545,1,,대전광역시 동구 가양동 160-4,36.34732882,127.453128,,건축물,042-271-4871,대전광역시 동구청,2023-12-01
가양동546,1,,대전광역시 동구 가양동 159-31,36.34712072,127.4537513,,한전주,042-271-4871,대전광역시 동구청,2023-12-01
가양동547,1,,대전광역시 동구 가양동 149-46,36.34714232,127.454185,,한전주,042-271-4871,대전광역시 동구청,2023-12-01
가양동548,1,,대전광역시 동구 가양동 149-16,36.3470255,127.4543117,,한전주,042-271-4871,대전광역시 동구청,2023-12-01
가양동549,1,,대전광역시 동구 가양동 150-14,36.34685976,127.454693,,한전주,042-271-4871,대전광역시 동구청,2023-12-01
가양동550,1,,대전광역시 동구 가양동 150-23,36.34702469,127.4550227,,한전주,042-271-4871,대전광역시 동구청,2023-12-01
가양동551,1,,대전광역시 동구 가양동 150-28,36.34719415,127.4553692,,한전주,042-271-4871,대전광역시 동구청,2023-12-01
가양동552,1,,대전광역시 동구 가양동 150-6,36.34730131,127.4560006,,한전주,042-271-4871,대전광역시 동구청,2023-12-01
가양동553,1,,대전광역시 동구 가양동 149-49,36.34734733,127.4542832,,한전주,042-271-4871,대전광역시 동구청,2023-12-01
가양동554,1,,대전광역시 동구 가양동 683,36.34700678,127.4532671,,한전주,042-271-4871,대전광역시 동구청,2023-12-01
가양동555,1,,대전광역시 동구 가양동 683,36.34700678,127.4532671,,한전주,042-271-4871,대전광역시 동구청,2023-12-01
가양동556,1,,대전광역시 동구 가양동 683,36.34700678,127.4532671,,전용주,042-271-4871,대전광역시 동구청,2023-12-01
가양동557,1,,대전광역시 동구 가양동 683,36.34700678,127.4532671,,한전주,042-271-4871,대전광역시 동구청,2023-12-01
가양동558,1,,대전광역시 동구 가양동 148-7,36.34807052,127.4548276,,한전주,042-271-4871,대전광역시 동구청,2023-12-01
가양동559,1,,대전광역시 동구 가양동 684,36.34720409,127.4516922,,한전주,042-271-4871,대전광역시 동구청,2023-12-01
가양동560,1,,대전광역시 동구 가양동 147-11,36.34800135,127.4542017,,한전주,042-271-4871,대전광역시 동구청,2023-12-01
가양동561,1,,대전광역시 동구 가양동 160-55,36.3476231,127.4536859,,한전주,042-271-4871,대전광역시 동구청,2023-12-01
가양동562,1,,대전광역시 동구 가양동 684,36.34720409,127.4516922,,한전주,042-271-4871,대전광역시 동구청,2023-12-01
가양동563,1,,대전광역시 동구 가양동 684,36.34720409,127.4516922,,한전주,042-271-4871,대전광역시 동구청,2023-12-01
가양동564,1,,대전광역시 동구 가양동 147-15,36.34810705,127.4532543,,한전주,042-271-4871,대전광역시 동구청,2023-12-01
가양동565,1,,대전광역시 동구 가양동 161-1,36.34781711,127.452714,,한전주,042-271-4871,대전광역시 동구청,2023-12-01
가양동566,1,,대전광역시 동구 가양동 161-1,36.34781711,127.452714,,한전주,042-271-4871,대전광역시 동구청,2023-12-01
가양동567,1,,대전광역시 동구 가양동 161-7,36.34786022,127.4519693,,한전주,042-271-4871,대전광역시 동구청,2023-12-01
가양동568,1,,대전광역시 동구 가양동 146-12,36.34827624,127.4512657,,한전주,042-271-4871,대전광역시 동구청,2023-12-01
가양동569,1,,대전광역시 동구 가양동 684,36.34720409,127.4516922,,한전주,042-271-4871,대전광역시 동구청,2023-12-01
가양동570,1,,대전광역시 동구 가양동 146-1,36.34868069,127.4515043,,한전주,042-271-4871,대전광역시 동구청,2023-12-01
가양동571,1,,대전광역시 동구 가양동 146-42,36.34836747,127.4522596,,한전주,042-271-4871,대전광역시 동구청,2023-12-01
가양동572,1,,대전광역시 동구 가양동 146-38,36.34830298,127.4527254,,전용주,042-271-4871,대전광역시 동구청,2023-12-01
가양동573,1,,대전광역시 동구 가양동 160-41,36.34748012,127.4531777,,한전주,042-271-4871,대전광역시 동구청,2023-12-01
가양동574,1,,대전광역시 동구 가양동 160-40,36.34759699,127.4531098,,한전주,042-271-4871,대전광역시 동구청,2023-12-01
가양동575,1,,대전광역시 동구 가양동 160-47,36.3476302,127.4528595,,한전주,042-271-4871,대전광역시 동구청,2023-12-01
가양동576,1,,대전광역시 동구 가양동 160-10,36.34744762,127.4525039,,한전주,042-271-4871,대전광역시 동구청,2023-12-01
가양동577,1,,대전광역시 동구 가양동 684,36.34720409,127.4516922,,건축물,042-271-4871,대전광역시 동구청,2023-12-01
가양동578,1,,대전광역시 동구 가양동 161-8,36.34775334,127.4518737,,한전주,042-271-4871,대전광역시 동구청,2023-12-01
가양동579,1,,대전광역시 동구 가양동 160-36,36.34731112,127.4521617,,한전주,042-271-4871,대전광역시 동구청,2023-12-01
가양동580,1,,대전광역시 동구 가양동 160-53,36.34698224,127.4523635,,한전주,042-271-4871,대전광역시 동구청,2023-12-01
가양동581,1,,대전광역시 동구 가양동 684,36.34720409,127.4516922,,한전주,042-271-4871,대전광역시 동구청,2023-12-01
가양동582,1,,대전광역시 동구 가양동 163-2,36.34697154,127.4518584,,한전주,042-271-4871,대전광역시 동구청,2023-12-01
가양동583,1,,대전광역시 동구 가양동 684,36.34720409,127.4516922,,한전주,042-271-4871,대전광역시 동구청,2023-12-01
가양동584,1,,대전광역시 동구 가양동 170-27,36.34599285,127.4505735,,한전주,042-271-4871,대전광역시 동구청,2023-12-01
가양동585,1,,대전광역시 동구 가양동 684,36.34720409,127.4516922,,한전주,042-271-4871,대전광역시 동구청,2023-12-01
가양동586,1,,대전광역시 동구 가양동 171-54,36.34644763,127.4499629,,한전주,042-271-4871,대전광역시 동구청,2023-12-01
가양동587,1,,대전광역시 동구 가양동 171-56,36.3463898,127.4497173,,한전주,042-271-4871,대전광역시 동구청,2023-12-01
가양동588,1,,대전광역시 동구 가양동 171-50,36.34651047,127.449538,,한전주,042-271-4871,대전광역시 동구청,2023-12-01
가양동589,1,,대전광역시 동구 가양동 171-50,36.34651047,127.449538,,한전주,042-271-4871,대전광역시 동구청,2023-12-01
가양동590,1,,대전광역시 동구 가양동 171-53,36.34654449,127.4499667,,한전주,042-271-4871,대전광역시 동구청,2023-12-01
가양동591,1,,대전광역시 동구 가양동 170-4,36.34618666,127.4497216,,한전주,042-271-4871,대전광역시 동구청,2023-12-01
가양동592,1,,대전광역시 동구 가양동 170-5,36.34598769,127.4496234,,전용주,042-271-4871,대전광역시 동구청,2023-12-01
가양동593,1,,대전광역시 동구 가양동 170-6,36.3460368,127.4494079,,한전주,042-271-4871,대전광역시 동구청,2023-12-01
가양동594,1,,대전광역시 동구 가양동 684,36.34720409,127.4516922,,한전주,042-271-4871,대전광역시 동구청,2023-12-01
가양동595,1,,대전광역시 동구 가양동 170-21,36.34592504,127.4494832,,한전주,042-271-4871,대전광역시 동구청,2023-12-01
가양동596,1,,대전광역시 동구 가양동 171-12,36.34637712,127.449085,,한전주,042-271-4871,대전광역시 동구청,2023-12-01
가양동597,1,,대전광역시 동구 가양동 397-2,36.3457584,127.4489123,,한전주,042-271-4871,대전광역시 동구청,2023-12-01
가양동598,1,,대전광역시 동구 가양동 170-9,36.34550031,127.4494133,,한전주,042-271-4871,대전광역시 동구청,2023-12-01
가양동599,1,,대전광역시 동구 가양동 397-3,36.345654,127.4489702,,한전주,042-271-4871,대전광역시 동구청,2023-12-01
가양동600,1,,대전광역시 동구 가양동 398-11,36.3452187,127.4486451,,한전주,042-271-4871,대전광역시 동구청,2023-12-01
가양동601,1,,대전광역시 동구 가양동 397-9,36.34566451,127.4487156,,한전주,042-271-4871,대전광역시 동구청,2023-12-01
가양동603,1,,대전광역시 동구 가양동 398-1,36.34511543,127.4485232,,한전주,042-271-4871,대전광역시 동구청,2023-12-01
가양동604,1,,대전광역시 동구 가양동 629,36.34533848,127.4486502,,한전주,042-271-4871,대전광역시 동구청,2023-12-01
가양동605,1,,대전광역시 동구 가양동 399-1,36.34556389,127.4479362,,한전주,042-271-4871,대전광역시 동구청,2023-12-01
가양동606,1,,대전광역시 동구 가양동 399-1,36.34556389,127.4479362,,한전주,042-271-4871,대전광역시 동구청,2023-12-01
가양동607,1,,대전광역시 동구 가양동 402-9,36.34524378,127.4466393,,한전주,042-271-4871,대전광역시 동구청,2023-12-01
가양동608,1,,대전광역시 동구 가양동 629,36.34533848,127.4486502,,한전주,042-271-4871,대전광역시 동구청,2023-12-01
가양동609,1,,대전광역시 동구 가양동 629,36.34533848,127.4486502,,한전주,042-271-4871,대전광역시 동구청,2023-12-01
가양동610,1,,대전광역시 동구 가양동 402-13,36.34538914,127.446858,,한전주,042-271-4871,대전광역시 동구청,2023-12-01
가양동611,1,,대전광역시 동구 가양동 629,36.34533848,127.4486502,,전용주,042-271-4871,대전광역시 동구청,2023-12-01
가양동612,1,,대전광역시 동구 가양동 393-1,36.34617695,127.4477697,,한전주,042-271-4871,대전광역시 동구청,2023-12-01
가양동613,1,,대전광역시 동구 가양동 396-9,36.34596081,127.4484295,,한전주,042-271-4871,대전광역시 동구청,2023-12-01
가양동614,1,,대전광역시 동구 가양동 629,36.34533848,127.4486502,,한전주,042-271-4871,대전광역시 동구청,2023-12-01
가양동615,1,,대전광역시 동구 가양동 629,36.34533848,127.4486502,,한전주,042-271-4871,대전광역시 동구청,2023-12-01
가양동616,1,,대전광역시 동구 가양동 684,36.34720409,127.4516922,,한전주,042-271-4871,대전광역시 동구청,2023-12-01
가양동617,1,,대전광역시 동구 가양동 171-19,36.3469414,127.4500539,,한전주,042-271-4871,대전광역시 동구청,2023-12-01
가양동618,1,,대전광역시 동구 가양동 162-12,36.34730175,127.4509192,,한전주,042-271-4871,대전광역시 동구청,2023-12-01
가양동619,1,,대전광역시 동구 가양동 162-27,36.34732789,127.4511358,,한전주,042-271-4871,대전광역시 동구청,2023-12-01
가양동620,1,,대전광역시 동구 가양동 162-55,36.34744326,127.4514885,,한전주,042-271-4871,대전광역시 동구청,2023-12-01
가양동621,1,,대전광역시 동구 가양동 87-36,36.34877271,127.4505125,,한전주,042-271-4871,대전광역시 동구청,2023-12-01
가양동622,1,,대전광역시 동구 가양동 54-2,36.34888964,127.4500799,,한전주,042-271-4871,대전광역시 동구청,2023-12-01
가양동623,1,,대전광역시 동구 가양동 54-24,36.34852741,127.4498526,,한전주,042-271-4871,대전광역시 동구청,2023-12-01
가양동624,1,,대전광역시 동구 가양동 87-45,36.34842565,127.4501153,,한전주,042-271-4871,대전광역시 동구청,2023-12-01
가양동625,1,,대전광역시 동구 가양동 54-41,36.34843234,127.4497558,,한전주,042-271-4871,대전광역시 동구청,2023-12-01
가양동626,1,,대전광역시 동구 가양동 680,36.34890466,127.4505682,,한전주,042-271-4871,대전광역시 동구청,2023-12-01
가양동627,1,,대전광역시 동구 가양동 682,36.3477516,127.4496586,,한전주,042-271-4871,대전광역시 동구청,2023-12-01
가양동628,1,,대전광역시 동구 가양동 87-11,36.34769673,127.4500852,,전용주,042-271-4871,대전광역시 동구청,2023-12-01
가양동629,1,,대전광역시 동구 가양동 675,36.34925774,127.4484833,,한전주,042-271-4871,대전광역시 동구청,2023-12-01
가양동630,1,,대전광역시 동구 가양동 675,36.34925774,127.4484833,,전용주,042-271-4871,대전광역시 동구청,2023-12-01
가양동631,1,,대전광역시 동구 가양동 55-13,36.34837925,127.4490394,,한전주,042-271-4871,대전광역시 동구청,2023-12-01
가양동632,1,,대전광역시 동구 가양동 54-39,36.3486257,127.449525,,한전주,042-271-4871,대전광역시 동구청,2023-12-01
가양동633,1,,대전광역시 동구 가양동 54-2,36.34888964,127.4500799,,한전주,042-271-4871,대전광역시 동구청,2023-12-01
가양동634,1,,대전광역시 동구 가양동 675,36.34925774,127.4484833,,한전주,042-271-4871,대전광역시 동구청,2023-12-01
가양동635,1,,대전광역시 동구 가양동 54-13,36.34919268,127.4491521,,한전주,042-271-4871,대전광역시 동구청,2023-12-01
가양동636,1,,대전광역시 동구 가양동 55-52,36.34865339,127.4486792,,한전주,042-271-4871,대전광역시 동구청,2023-12-01
가양동637,1,,대전광역시 동구 가양동 55-53,36.34838586,127.4483346,,한전주,042-271-4871,대전광역시 동구청,2023-12-01
가양동638,1,,대전광역시 동구 가양동 84-34,36.34844377,127.4479847,,한전주,042-271-4871,대전광역시 동구청,2023-12-01
가양동639,1,,대전광역시 동구 가양동 675,36.34925774,127.4484833,,한전주,042-271-4871,대전광역시 동구청,2023-12-01
가양동640,1,,대전광역시 동구 가양동 84-7,36.34826377,127.4476346,,한전주,042-271-4871,대전광역시 동구청,2023-12-01
가양동641,1,,대전광역시 동구 가양동 84-10,36.34807445,127.4479906,,한전주,042-271-4871,대전광역시 동구청,2023-12-01
가양동642,1,,대전광역시 동구 가양동 55-18,36.34803126,127.4486198,,한전주,042-271-4871,대전광역시 동구청,2023-12-01
가양동643,1,,대전광역시 동구 가양동 680,36.34890466,127.4505682,,한전주,042-271-4871,대전광역시 동구청,2023-12-01
가양동644,1,,대전광역시 동구 가양동 55-37,36.34800673,127.4489565,,한전주,042-271-4871,대전광역시 동구청,2023-12-01
가양동645,1,,대전광역시 동구 가양동 680,36.34890466,127.4505682,,한전주,042-271-4871,대전광역시 동구청,2023-12-01
가양동646,1,,대전광역시 동구 가양동 84-29,36.34776113,127.4482017,,한전주,042-271-4871,대전광역시 동구청,2023-12-01
가양동647,1,,대전광역시 동구 가양동 86-9,36.34739818,127.4482619,,한전주,042-271-4871,대전광역시 동구청,2023-12-01
가양동648,1,,대전광역시 동구 가양동 392-2,36.34704022,127.448002,,한전주,042-271-4871,대전광역시 동구청,2023-12-01
가양동649,1,,대전광역시 동구 가양동 392-20,36.34698353,127.4480247,,한전주,042-271-4871,대전광역시 동구청,2023-12-01
가양동650,1,,대전광역시 동구 가양동 392-14,36.34674483,127.4481888,,한전주,042-271-4871,대전광역시 동구청,2023-12-01
가양동651,1,,대전광역시 동구 가양동 675,36.34925774,127.4484833,,한전주,042-271-4871,대전광역시 동구청,2023-12-01
가양동653,1,,대전광역시 동구 가양동 85-5,36.34787108,127.4473568,,한전주,042-271-4871,대전광역시 동구청,2023-12-01
가양동654,1,,대전광역시 동구 가양동 85-5,36.34787108,127.4473568,,한전주,042-271-4871,대전광역시 동구청,2023-12-01
가양동655,1,,대전광역시 동구 가양동 84-3,36.34843657,127.4472601,,한전주,042-271-4871,대전광역시 동구청,2023-12-01
가양동656,1,,대전광역시 동구 가양동 675,36.34925774,127.4484833,,한전주,042-271-4871,대전광역시 동구청,2023-12-01
가양동657,1,,대전광역시 동구 가양동 392-15,36.34717312,127.4477419,,한전주,042-271-4871,대전광역시 동구청,2023-12-01
가양동658,1,,대전광역시 동구 가양동 628,36.34710499,127.4460014,,한전주,042-271-4871,대전광역시 동구청,2023-12-01
가양동659,1,,대전광역시 동구 가양동 391-5,36.34667045,127.4474041,,한전주,042-271-4871,대전광역시 동구청,2023-12-01
가양동660,1,,대전광역시 동구 가양동 391-34,36.34653962,127.4475926,,한전주,042-271-4871,대전광역시 동구청,2023-12-01
가양동661,1,,대전광역시 동구 가양동 85-10,36.34748138,127.4472457,,한전주,042-271-4871,대전광역시 동구청,2023-12-01
가양동662,1,,대전광역시 동구 가양동 85-3,36.34794123,127.4470101,,한전주,042-271-4871,대전광역시 동구청,2023-12-01
가양동663,1,,대전광역시 동구 가양동 85-23,36.34807539,127.4468237,,한전주,042-271-4871,대전광역시 동구청,2023-12-01
가양동664,1,,대전광역시 동구 가양동 85-21,36.34824831,127.4467074,,한전주,042-271-4871,대전광역시 동구청,2023-12-01
가양동665,1,,대전광역시 동구 가양동 390-5,36.34731016,127.4467391,,한전주,042-271-4871,대전광역시 동구청,2023-12-01
가양동666,1,,대전광역시 동구 가양동 390-28,36.34714694,127.4463287,,한전주,042-271-4871,대전광역시 동구청,2023-12-01
가양동667,1,,대전광역시 동구 가양동 390-32,36.34712467,127.4471569,,한전주,042-271-4871,대전광역시 동구청,2023-12-01
가양동668,1,,대전광역시 동구 가양동 390-32,36.34712467,127.4471569,,전용주,042-271-4871,대전광역시 동구청,2023-12-01
가양동669,1,,대전광역시 동구 가양동 391-15,36.34661332,127.4468746,,한전주,042-271-4871,대전광역시 동구청,2023-12-01
가양동670,1,,대전광역시 동구 가양동 628,36.34710499,127.4460014,,한전주,042-271-4871,대전광역시 동구청,2023-12-01
가양동671,1,,대전광역시 동구 가양동 416-21,36.34626709,127.4461029,,한전주,042-271-4871,대전광역시 동구청,2023-12-01
가양동672,1,,대전광역시 동구 가양동 416-3,36.34607081,127.4462252,,한전주,042-271-4871,대전광역시 동구청,2023-12-01
가양동673,1,,대전광역시 동구 가양동 628,36.34710499,127.4460014,,한전주,042-271-4871,대전광역시 동구청,2023-12-01
가양동674,1,,대전광역시 동구 가양동 418-28,36.34695675,127.4456464,,한전주,042-271-4871,대전광역시 동구청,2023-12-01
가양동675,1,,대전광역시 동구 가양동 418-12,36.34738307,127.4453864,,한전주,042-271-4871,대전광역시 동구청,2023-12-01
가양동676,1,,대전광역시 동구 가양동 628,36.34710499,127.4460014,,한전주,042-271-4871,대전광역시 동구청,2023-12-01
가양동677,1,,대전광역시 동구 가양동 416-13,36.34616345,127.4458141,,한전주,042-271-4871,대전광역시 동구청,2023-12-01
가양동678,1,,대전광역시 동구 가양동 416-7,36.34578673,127.4459894,,한전주,042-271-4871,대전광역시 동구청,2023-12-01
가양동679,1,,대전광역시 동구 가양동 87-17,36.34825642,127.4505241,,한전주,042-271-4871,대전광역시 동구청,2023-12-01
가양동680,1,,대전광역시 동구 가양동 55-3,36.34892157,127.4481041,,한전주,042-271-4871,대전광역시 동구청,2023-12-01
가양동681,1,,대전광역시 동구 가양동 36-2,36.35085594,127.4486569,,한전주,042-271-4871,대전광역시 동구청,2023-12-01
가양동682,1,,대전광역시 동구 가양동 36-2,36.35085594,127.4486569,,한전주,042-271-4871,대전광역시 동구청,2023-12-01
가양동684,1,,대전광역시 동구 가양동 666,36.3511878,127.4474844,,한전주,042-271-4871,대전광역시 동구청,2023-12-01
가양동685,1,,대전광역시 동구 가양동 36-2,36.35085594,127.4486569,,한전주,042-271-4871,대전광역시 동구청,2023-12-01
가양동687,1,,대전광역시 동구 가양동 666,36.3511878,127.4474844,,한전주,042-271-4871,대전광역시 동구청,2023-12-01
가양동688,1,,대전광역시 동구 가양동 666,36.3511878,127.4474844,,건축물,042-271-4871,대전광역시 동구청,2023-12-01
가양동689,1,,대전광역시 동구 가양동 22-11,36.34881814,127.4458587,,한전주,042-271-4871,대전광역시 동구청,2023-12-01
가양동690,1,,대전광역시 동구 가양동 40-4,36.34855466,127.4456828,,한전주,042-271-4871,대전광역시 동구청,2023-12-01
가양동691,1,,대전광역시 동구 가양동 22-4,36.3490901,127.4447489,,한전주,042-271-4871,대전광역시 동구청,2023-12-01
가양동692,1,,대전광역시 동구 가양동 677,36.34953993,127.4444413,,한전주,042-271-4871,대전광역시 동구청,2023-12-01
가양동693,1,,대전광역시 동구 가양동 677,36.34953993,127.4444413,,한전주,042-271-4871,대전광역시 동구청,2023-12-01
가양동694,1,,대전광역시 동구 가양동 40-36,36.3482485,127.4452397,,한전주,042-271-4871,대전광역시 동구청,2023-12-01
가양동695,1,,대전광역시 동구 가양동 40-17,36.34802085,127.4454524,,한전주,042-271-4871,대전광역시 동구청,2023-12-01
가양동696,1,,대전광역시 동구 가양동 22-4,36.3490901,127.4447489,,한전주,042-271-4871,대전광역시 동구청,2023-12-01
가양동697,1,,대전광역시 동구 가양동 421-1,36.34845207,127.4447252,,한전주,042-271-4871,대전광역시 동구청,2023-12-01
가양동698,1,,대전광역시 동구 가양동 626,36.34946843,127.4437124,,한전주,042-271-4871,대전광역시 동구청,2023-12-01
가양동699,1,,대전광역시 동구 가양동 626,36.34946843,127.4437124,,한전주,042-271-4871,대전광역시 동구청,2023-12-01
가양동700,1,,대전광역시 동구 가양동 422-3,36.34924172,127.444157,,한전주,042-271-4871,대전광역시 동구청,2023-12-01
가양동701,1,,대전광역시 동구 가양동 422-1,36.34949799,127.4440413,,한전주,042-271-4871,대전광역시 동구청,2023-12-01
가양동702,1,,대전광역시 동구 가양동 626,36.34946843,127.4437124,,한전주,042-271-4871,대전광역시 동구청,2023-12-01
가양동703,1,,대전광역시 동구 가양동 626,36.34946843,127.4437124,,한전주,042-271-4871,대전광역시 동구청,2023-12-01
가양동704,1,,대전광역시 동구 가양동 423-4,36.35022312,127.4433978,,한전주,042-271-4871,대전광역시 동구청,2023-12-01
가양동705,1,,대전광역시 동구 가양동 626,36.34946843,127.4437124,,한전주,042-271-4871,대전광역시 동구청,2023-12-01
가양동706,1,,대전광역시 동구 가양동 424-13,36.35056886,127.4432628,,한전주,042-271-4871,대전광역시 동구청,2023-12-01
가양동707,1,,대전광역시 동구 가양동 677,36.34953993,127.4444413,,한전주,042-271-4871,대전광역시 동구청,2023-12-01
가양동708,1,,대전광역시 동구 가양동 677,36.34953993,127.4444413,,한전주,042-271-4871,대전광역시 동구청,2023-12-01
가양동709,1,,대전광역시 동구 가양동 21-12,36.35002412,127.4443024,,한전주,042-271-4871,대전광역시 동구청,2023-12-01
가양동710,1,,대전광역시 동구 가양동 20-28,36.35033228,127.4445802,,한전주,042-271-4871,대전광역시 동구청,2023-12-01
가양동711,1,,대전광역시 동구 가양동 677,36.34953993,127.4444413,,한전주,042-271-4871,대전광역시 동구청,2023-12-01
가양동712,1,,대전광역시 동구 가양동 677,36.34953993,127.4444413,,전용주,042-271-4871,대전광역시 동구청,2023-12-01
가양동713,1,,대전광역시 동구 가양동 21-18,36.34982543,127.4444187,,한전주,042-271-4871,대전광역시 동구청,2023-12-01
가양동714,1,,대전광역시 동구 가양동 22-1,36.3493805,127.4444242,,한전주,042-271-4871,대전광역시 동구청,2023-12-01
가양동715,1,,대전광역시 동구 가양동 22-3,36.34929248,127.4446359,,한전주,042-271-4871,대전광역시 동구청,2023-12-01
가양동716,1,,대전광역시 동구 가양동 677,36.34953993,127.4444413,,한전주,042-271-4871,대전광역시 동구청,2023-12-01
가양동717,1,,대전광역시 동구 가양동 22-4,36.3490901,127.4447489,,한전주,042-271-4871,대전광역시 동구청,2023-12-01
가양동718,1,,대전광역시 동구 가양동 677,36.34953993,127.4444413,,한전주,042-271-4871,대전광역시 동구청,2023-12-01
가양동719,1,,대전광역시 동구 가양동 24-12,36.3493393,127.4453712,,한전주,042-271-4871,대전광역시 동구청,2023-12-01
가양동720,1,,대전광역시 동구 가양동 677,36.34953993,127.4444413,,한전주,042-271-4871,대전광역시 동구청,2023-12-01
가양동721,1,,대전광역시 동구 가양동 666,36.3511878,127.4474844,,한전주,042-271-4871,대전광역시 동구청,2023-12-01
가양동722,1,,대전광역시 동구 가양동 677,36.34953993,127.4444413,,한전주,042-271-4871,대전광역시 동구청,2023-12-01
가양동723,1,,대전광역시 동구 가양동 677,36.34953993,127.4444413,,한전주,042-271-4871,대전광역시 동구청,2023-12-01
가양동724,1,,대전광역시 동구 가양동 24-2,36.34971651,127.4456187,,한전주,042-271-4871,대전광역시 동구청,2023-12-01
가양동725,1,,대전광역시 동구 가양동 677,36.34953993,127.4444413,,한전주,042-271-4871,대전광역시 동구청,2023-12-01
가양동726,1,,대전광역시 동구 가양동 20-26,36.35036709,127.4447774,,한전주,042-271-4871,대전광역시 동구청,2023-12-01
가양동727,1,,대전광역시 동구 가양동 20-11,36.3507781,127.4448193,,한전주,042-271-4871,대전광역시 동구청,2023-12-01
가양동728,1,,대전광역시 동구 가양동 660,36.35122909,127.4439775,,한전주,042-271-4871,대전광역시 동구청,2023-12-01
가양동729,1,,대전광역시 동구 가양동 660,36.35122909,127.4439775,,한전주,042-271-4871,대전광역시 동구청,2023-12-01
가양동730,1,,대전광역시 동구 가양동 660,36.35122909,127.4439775,,한전주,042-271-4871,대전광역시 동구청,2023-12-01
가양동731,1,,대전광역시 동구 가양동 20-8,36.35114661,127.4439894,,한전주,042-271-4871,대전광역시 동구청,2023-12-01
가양동732,1,,대전광역시 동구 가양동 20-2,36.35120764,127.4438136,,한전주,042-271-4871,대전광역시 동구청,2023-12-01
가양동733,1,,대전광역시 동구 가양동 20-5,36.3510527,127.443865,,한전주,042-271-4871,대전광역시 동구청,2023-12-01
가양동734,1,,대전광역시 동구 가양동 20-13,36.3508107,127.443905,,한전주,042-271-4871,대전광역시 동구청,2023-12-01
가양동735,1,,대전광역시 동구 가양동 660,36.35122909,127.4439775,,한전주,042-271-4871,대전광역시 동구청,2023-12-01
가양동736,1,,대전광역시 동구 가양동 20-1,36.35125724,127.4435608,,한전주,042-271-4871,대전광역시 동구청,2023-12-01
가양동737,1,,대전광역시 동구 가양동 20-1,36.35125724,127.4435608,,한전주,042-271-4871,대전광역시 동구청,2023-12-01
가양동738,1,,대전광역시 동구 가양동 19-6,36.35137775,127.4433112,,한전주,042-271-4871,대전광역시 동구청,2023-12-01
가양동739,1,,대전광역시 동구 가양동 660,36.35122909,127.4439775,,한전주,042-271-4871,대전광역시 동구청,2023-12-01
가양동740,1,,대전광역시 동구 가양동 660,36.35122909,127.4439775,,한전주,042-271-4871,대전광역시 동구청,2023-12-01
가양동741,1,,대전광역시 동구 가양동 660,36.35122909,127.4439775,,한전주,042-271-4871,대전광역시 동구청,2023-12-01
가양동742,1,,대전광역시 동구 가양동 26-8,36.35066304,127.4457093,,한전주,042-271-4871,대전광역시 동구청,2023-12-01
가양동743,1,,대전광역시 동구 가양동 25-3,36.35029041,127.4463096,,한전주,042-271-4871,대전광역시 동구청,2023-12-01
가양동744,1,,대전광역시 동구 가양동 660,36.35122909,127.4439775,,한전주,042-271-4871,대전광역시 동구청,2023-12-01
가양동745,1,,대전광역시 동구 가양동 666,36.3511878,127.4474844,,전용주,042-271-4871,대전광역시 동구청,2023-12-01
가양동746,1,,대전광역시 동구 가양동 38-33,36.34987322,127.4468737,,전용주,042-271-4871,대전광역시 동구청,2023-12-01
가양동747,1,,대전광역시 동구 가양동 39-28,36.34901906,127.447004,,한전주,042-271-4871,대전광역시 동구청,2023-12-01
가양동748,1,,대전광역시 동구 가양동 39-11,36.34917759,127.4471677,,전용주,042-271-4871,대전광역시 동구청,2023-12-01
가양동749,1,,대전광역시 동구 가양동 26-20,36.35061797,127.4470141,,한전주,042-271-4871,대전광역시 동구청,2023-12-01
가양동750,1,,대전광역시 동구 가양동 697,36.35071925,127.4475261,,한전주,042-271-4871,대전광역시 동구청,2023-12-01
가양동751,1,,대전광역시 동구 가양동 27-38,36.35095292,127.4471861,,한전주,042-271-4871,대전광역시 동구청,2023-12-01
가양동752,1,,대전광역시 동구 가양동 27-24,36.35109858,127.4467698,,한전주,042-271-4871,대전광역시 동구청,2023-12-01
가양동753,1,,대전광역시 동구 가양동 26-3,36.35094928,127.4464501,,전용주,042-271-4871,대전광역시 동구청,2023-12-01
가양동754,1,,대전광역시 동구 가양동 27-44,36.35132833,127.4464666,,한전주,042-271-4871,대전광역시 동구청,2023-12-01
가양동755,1,,대전광역시 동구 가양동 27-5,36.35148296,127.4462547,,한전주,042-271-4871,대전광역시 동구청,2023-12-01
가양동756,1,,대전광역시 동구 가양동 28-3,36.35222672,127.4460808,,한전주,042-271-4871,대전광역시 동구청,2023-12-01
가양동757,1,,대전광역시 동구 가양동 662,36.35161678,127.4471775,,한전주,042-271-4871,대전광역시 동구청,2023-12-01
가양동758,1,,대전광역시 동구 가양동 662,36.35161678,127.4471775,,한전주,042-271-4871,대전광역시 동구청,2023-12-01
가양동759,1,,대전광역시 동구 가양동 27-13,36.35160338,127.4469479,,한전주,042-271-4871,대전광역시 동구청,2023-12-01
가양동760,1,,대전광역시 동구 가양동 662,36.35161678,127.4471775,,한전주,042-271-4871,대전광역시 동구청,2023-12-01
가양동761,1,,대전광역시 동구 가양동 647-17,36.35258851,127.4460625,,한전주,042-271-4871,대전광역시 동구청,2023-12-01
가양동762,1,,대전광역시 동구 가양동 647-12,36.35244905,127.4458114,,한전주,042-271-4871,대전광역시 동구청,2023-12-01
가양동763,1,,대전광역시 동구 가양동 648,36.3531411,127.4464738,,한전주,042-271-4871,대전광역시 동구청,2023-12-01
가양동764,1,,대전광역시 동구 가양동 646-8,36.35287685,127.4462178,,한전주,042-271-4871,대전광역시 동구청,2023-12-01
가양동765,1,,대전광역시 동구 가양동 646-21,36.35316872,127.4463923,,한전주,042-271-4871,대전광역시 동구청,2023-12-01
가양동766,1,,대전광역시 동구 가양동 648,36.3531411,127.4464738,,한전주,042-271-4871,대전광역시 동구청,2023-12-01
가양동767,1,,대전광역시 동구 가양동 646-28,36.35327901,127.445985,,한전주,042-271-4871,대전광역시 동구청,2023-12-01
가양동768,1,,대전광역시 동구 가양동 30-3,36.3535428,127.4476186,,전용주,042-271-4871,대전광역시 동구청,2023-12-01
가양동769,1,,대전광역시 동구 가양동 33-1,36.35319772,127.448828,,한전주,042-271-4871,대전광역시 동구청,2023-12-01
가양동770,1,,대전광역시 동구 가양동 666,36.3511878,127.4474844,,한전주,042-271-4871,대전광역시 동구청,2023-12-01
가양동771,1,,대전광역시 동구 가양동 30-8,36.35308902,127.4483511,,한전주,042-271-4871,대전광역시 동구청,2023-12-01
가양동772,1,,대전광역시 동구 가양동 664,36.35305367,127.4474873,,한전주,042-271-4871,대전광역시 동구청,2023-12-01
가양동773,1,,대전광역시 동구 가양동 664,36.35305367,127.4474873,,한전주,042-271-4871,대전광역시 동구청,2023-12-01
가양동774,1,,대전광역시 동구 가양동 29-5,36.35281123,127.4477643,,한전주,042-271-4871,대전광역시 동구청,2023-12-01
가양동775,1,,대전광역시 동구 가양동 29-3,36.3529867,127.4469656,,한전주,042-271-4871,대전광역시 동구청,2023-12-01
가양동776,1,,대전광역시 동구 가양동 30-28,36.353293,127.4474252,,한전주,042-271-4871,대전광역시 동구청,2023-12-01
가양동777,1,,대전광역시 동구 가양동 664,36.35305367,127.4474873,,한전주,042-271-4871,대전광역시 동구청,2023-12-01
가양동778,1,,대전광역시 동구 가양동 29-10,36.35256593,127.4481109,,한전주,042-271-4871,대전광역시 동구청,2023-12-01
가양동779,1,,대전광역시 동구 가양동 29-13,36.35236706,127.4479932,,한전주,042-271-4871,대전광역시 동구청,2023-12-01
가양동780,1,,대전광역시 동구 가양동 663,36.35241195,127.447144,,한전주,042-271-4871,대전광역시 동구청,2023-12-01
가양동781,1,,대전광역시 동구 가양동 663,36.35241195,127.447144,,한전주,042-271-4871,대전광역시 동구청,2023-12-01
가양동783,1,,대전광역시 동구 가양동 28-17,36.35205724,127.4478308,,한전주,042-271-4871,대전광역시 동구청,2023-12-01
가양동784,1,,대전광역시 동구 가양동 28-15,36.35171988,127.4476282,,한전주,042-271-4871,대전광역시 동구청,2023-12-01
가양동785,1,,대전광역시 동구 가양동 27-29,36.35141566,127.4474558,,한전주,042-271-4871,대전광역시 동구청,2023-12-01
가양동786,1,,대전광역시 동구 가양동 27-38,36.35095292,127.4471861,,한전주,042-271-4871,대전광역시 동구청,2023-12-01
가양동787,1,,대전광역시 동구 가양동 676,36.35047693,127.450258,,한전주,042-271-4871,대전광역시 동구청,2023-12-01
가양동788,1,,대전광역시 동구 가양동 676,36.35047693,127.450258,,한전주,042-271-4871,대전광역시 동구청,2023-12-01
가양동789,1,,대전광역시 동구 가양동 676,36.35047693,127.450258,,한전주,042-271-4871,대전광역시 동구청,2023-12-01
가양동790,1,,대전광역시 동구 가양동 676,36.35047693,127.450258,,한전주,042-271-4871,대전광역시 동구청,2023-12-01
가양동791,1,,대전광역시 동구 가양동 35-13,36.35124163,127.4488272,,한전주,042-271-4871,대전광역시 동구청,2023-12-01
가양동792,1,,대전광역시 동구 가양동 676,36.35047693,127.450258,,한전주,042-271-4871,대전광역시 동구청,2023-12-01
가양동793,1,,대전광역시 동구 가양동 676,36.35047693,127.450258,,한전주,042-271-4871,대전광역시 동구청,2023-12-01
가양동794,1,,대전광역시 동구 가양동 34-5,36.35250275,127.4486557,,한전주,042-271-4871,대전광역시 동구청,2023-12-01
가양동795,1,,대전광역시 동구 가양동 667,36.35246257,127.4490882,,한전주,042-271-4871,대전광역시 동구청,2023-12-01
가양동796,1,,대전광역시 동구 가양동 34-6,36.35219362,127.4493577,,한전주,042-271-4871,대전광역시 동구청,2023-12-01
가양동797,1,,대전광역시 동구 가양동 34-6,36.35219362,127.4493577,,한전주,042-271-4871,대전광역시 동구청,2023-12-01
가양동798,1,,대전광역시 동구 가양동 32-17,36.35346224,127.4491075,,한전주,042-271-4871,대전광역시 동구청,2023-12-01
가양동799,1,,대전광역시 동구 가양동 32-32,36.3533478,127.4494401,,한전주,042-271-4871,대전광역시 동구청,2023-12-01
가양동800,1,,대전광역시 동구 가양동 32-15,36.35312223,127.4496573,,한전주,042-271-4871,대전광역시 동구청,2023-12-01
가양동801,1,,대전광역시 동구 가양동 32-19,36.35306061,127.4497974,,한전주,042-271-4871,대전광역시 동구청,2023-12-01
가양동802,1,,대전광역시 동구 가양동 32-20,36.35300765,127.4499807,,한전주,042-271-4871,대전광역시 동구청,2023-12-01
가양동803,1,,대전광역시 동구 가양동 32-8,36.3528757,127.4503435,,한전주,042-271-4871,대전광역시 동구청,2023-12-01
가양동804,1,,대전광역시 동구 가양동 31-1,36.35396973,127.4494811,,한전주,042-271-4871,대전광역시 동구청,2023-12-01
가양동805,1,,대전광역시 동구 가양동 31-3,36.35383093,127.4498939,,한전주,042-271-4871,대전광역시 동구청,2023-12-01
가양동806,1,,대전광역시 동구 가양동 32-29,36.35341718,127.4496359,,한전주,042-271-4871,대전광역시 동구청,2023-12-01
가양동807,1,,대전광역시 동구 가양동 31-10,36.35368408,127.4502636,,한전주,042-271-4871,대전광역시 동구청,2023-12-01
가양동808,1,,대전광역시 동구 가양동 31-13,36.35356537,127.4506049,,한전주,042-271-4871,대전광역시 동구청,2023-12-01
가양동809,1,,대전광역시 동구 가양동 31-16,36.3540551,127.4509795,,한전주,042-271-4871,대전광역시 동구청,2023-12-01
가양동810,1,,대전광역시 동구 가양동 31-19,36.35378516,127.450871,,한전주,042-271-4871,대전광역시 동구청,2023-12-01
가양동811,1,,대전광역시 동구 가양동 31-19,36.35378516,127.450871,,한전주,042-271-4871,대전광역시 동구청,2023-12-01
가양동812,1,,대전광역시 동구 가양동 667,36.35246257,127.4490882,,한전주,042-271-4871,대전광역시 동구청,2023-12-01
가양동813,1,,대전광역시 동구 가양동 45-10,36.35302137,127.451025,,한전주,042-271-4871,대전광역시 동구청,2023-12-01
가양동814,1,,대전광역시 동구 가양동 46-41,36.3532795,127.4514462,,한전주,042-271-4871,대전광역시 동구청,2023-12-01
가양동815,1,,대전광역시 동구 가양동 46-22,36.35340197,127.4516374,,한전주,042-271-4871,대전광역시 동구청,2023-12-01
가양동816,1,,대전광역시 동구 가양동 46-15,36.35359091,127.451789,,한전주,042-271-4871,대전광역시 동구청,2023-12-01
가양동817,1,,대전광역시 동구 가양동 46-2,36.35413146,127.4517827,,한전주,042-271-4871,대전광역시 동구청,2023-12-01
가양동818,1,,대전광역시 동구 가양동 667,36.35246257,127.4490882,,한전주,042-271-4871,대전광역시 동구청,2023-12-01
가양동819,1,,대전광역시 동구 가양동 45-36,36.35293057,127.4506825,,한전주,042-271-4871,대전광역시 동구청,2023-12-01
가양동820,1,,대전광역시 동구 가양동 667,36.35246257,127.4490882,,한전주,042-271-4871,대전광역시 동구청,2023-12-01
가양동821,1,,대전광역시 동구 가양동 667,36.35246257,127.4490882,,한전주,042-271-4871,대전광역시 동구청,2023-12-01
가양동822,1,,대전광역시 동구 가양동 45-12,36.35281756,127.4510896,,한전주,042-271-4871,대전광역시 동구청,2023-12-01
가양동823,1,,대전광역시 동구 가양동 45-15,36.35267026,127.4515301,,한전주,042-271-4871,대전광역시 동구청,2023-12-01
가양동824,1,,대전광역시 동구 가양동 667,36.35246257,127.4490882,,한전주,042-271-4871,대전광역시 동구청,2023-12-01
가양동825,1,,대전광역시 동구 가양동 44-37,36.35212228,127.4510941,,한전주,042-271-4871,대전광역시 동구청,2023-12-01
가양동826,1,,대전광역시 동구 가양동 669,36.35259896,127.4518205,,한전주,042-271-4871,대전광역시 동구청,2023-12-01
가양동827,1,,대전광역시 동구 가양동 669,36.35259896,127.4518205,,한전주,042-271-4871,대전광역시 동구청,2023-12-01
가양동828,1,,대전광역시 동구 가양동 45-16,36.35261558,127.4516693,,한전주,042-271-4871,대전광역시 동구청,2023-12-01
가양동829,1,,대전광역시 동구 가양동 667,36.35246257,127.4490882,,한전주,042-271-4871,대전광역시 동구청,2023-12-01
가양동830,1,,대전광역시 동구 가양동 46-32,36.35330649,127.4520061,,한전주,042-271-4871,대전광역시 동구청,2023-12-01
가양동832,1,,대전광역시 동구 가양동 46-42,36.35387447,127.4524425,,한전주,042-271-4871,대전광역시 동구청,2023-12-01
가양동833,1,,대전광역시 동구 가양동 46-4,36.35415229,127.452113,,한전주,042-271-4871,대전광역시 동구청,2023-12-01
가양동834,1,,대전광역시 동구 가양동 47-15,36.35376966,127.452967,,한전주,042-271-4871,대전광역시 동구청,2023-12-01
가양동835,1,,대전광역시 동구 가양동 47-47,36.35361463,127.4533539,,한전주,042-271-4871,대전광역시 동구청,2023-12-01
가양동836,1,,대전광역시 동구 가양동 47-56,36.35351074,127.4526624,,한전주,042-271-4871,대전광역시 동구청,2023-12-01
가양동837,1,,대전광역시 동구 가양동 47-19,36.35337227,127.4525077,,한전주,042-271-4871,대전광역시 동구청,2023-12-01
가양동838,1,,대전광역시 동구 가양동 47-16,36.35347676,127.4534248,,한전주,042-271-4871,대전광역시 동구청,2023-12-01
가양동839,1,,대전광역시 동구 가양동 48-13,36.35282508,127.4531507,,전용주,042-271-4871,대전광역시 동구청,2023-12-01
가양동840,1,,대전광역시 동구 가양동 47-41,36.35323658,127.4528337,,한전주,042-271-4871,대전광역시 동구청,2023-12-01
가양동841,1,,대전광역시 동구 가양동 47-21,36.35357918,127.4530317,,한전주,042-271-4871,대전광역시 동구청,2023-12-01
가양동842,1,,대전광역시 동구 가양동 47-16,36.35347676,127.4534248,,한전주,042-271-4871,대전광역시 동구청,2023-12-01
가양동843,1,,대전광역시 동구 가양동 49-13,36.35180062,127.4522002,,한전주,042-271-4871,대전광역시 동구청,2023-12-01
가양동844,1,,대전광역시 동구 가양동 48-27,36.3522858,127.4523259,,전용주,042-271-4871,대전광역시 동구청,2023-12-01
가양동845,1,,대전광역시 동구 가양동 48-27,36.3522858,127.4523259,,한전주,042-271-4871,대전광역시 동구청,2023-12-01
가양동846,1,,대전광역시 동구 가양동 48-11,36.35271956,127.4528628,,한전주,042-271-4871,대전광역시 동구청,2023-12-01
가양동847,1,,대전광역시 동구 가양동 44-1,36.35251356,127.4507881,,한전주,042-271-4871,대전광역시 동구청,2023-12-01
가양동848,1,,대전광역시 동구 가양동 44-1,36.35251356,127.4507881,,한전주,042-271-4871,대전광역시 동구청,2023-12-01
가양동849,1,,대전광역시 동구 가양동 667,36.35246257,127.4490882,,한전주,042-271-4871,대전광역시 동구청,2023-12-01
가양동850,1,,대전광역시 동구 가양동 667,36.35246257,127.4490882,,한전주,042-271-4871,대전광역시 동구청,2023-12-01
가양동851,1,,대전광역시 동구 가양동 44-9,36.35177123,127.4512029,,한전주,042-271-4871,대전광역시 동구청,2023-12-01
가양동852,1,,대전광역시 동구 가양동 667,36.35246257,127.4490882,,한전주,042-271-4871,대전광역시 동구청,2023-12-01
가양동853,1,,대전광역시 동구 가양동 44-12,36.35160691,127.451664,,한전주,042-271-4871,대전광역시 동구청,2023-12-01
가양동854,1,,대전광역시 동구 가양동 667,36.35246257,127.4490882,,한전주,042-271-4871,대전광역시 동구청,2023-12-01
가양동855,1,,대전광역시 동구 가양동 667,36.35246257,127.4490882,,한전주,042-271-4871,대전광역시 동구청,2023-12-01
가양동856,1,,대전광역시 동구 가양동 667,36.35246257,127.4490882,,한전주,042-271-4871,대전광역시 동구청,2023-12-01
가양동857,1,,대전광역시 동구 가양동 43-1,36.35181556,127.4504399,,전용주,042-271-4871,대전광역시 동구청,2023-12-01
가양동858,1,,대전광역시 동구 가양동 667,36.35246257,127.4490882,,한전주,042-271-4871,대전광역시 동구청,2023-12-01
가양동859,1,,대전광역시 동구 가양동 667,36.35246257,127.4490882,,한전주,042-271-4871,대전광역시 동구청,2023-12-01
가양동860,1,,대전광역시 동구 가양동 42-18,36.35076168,127.4510974,,한전주,042-271-4871,대전광역시 동구청,2023-12-01
가양동861,1,,대전광역시 동구 가양동 669,36.35259896,127.4518205,,한전주,042-271-4871,대전광역시 동구청,2023-12-01
가양동862,1,,대전광역시 동구 가양동 669,36.35259896,127.4518205,,한전주,042-271-4871,대전광역시 동구청,2023-12-01
가양동863,1,,대전광역시 동구 가양동 49-5,36.35149041,127.4519211,,한전주,042-271-4871,대전광역시 동구청,2023-12-01
가양동864,1,,대전광역시 동구 가양동 669,36.35259896,127.4518205,,한전주,042-271-4871,대전광역시 동구청,2023-12-01
가양동865,1,,대전광역시 동구 가양동 42-1,36.35127989,127.4497246,,한전주,042-271-4871,대전광역시 동구청,2023-12-01
가양동866,1,,대전광역시 동구 가양동 676,36.35047693,127.450258,,한전주,042-271-4871,대전광역시 동구청,2023-12-01
가양동867,1,,대전광역시 동구 가양동 41-8,36.35037825,127.4501741,,한전주,042-271-4871,대전광역시 동구청,2023-12-01
가양동868,1,,대전광역시 동구 가양동 676,36.35047693,127.450258,,전용주,042-271-4871,대전광역시 동구청,2023-12-01
가양동869,1,,대전광역시 동구 가양동 41-1,36.35068098,127.4494588,,한전주,042-271-4871,대전광역시 동구청,2023-12-01
가양동870,1,,대전광역시 동구 가양동 41-25,36.35022365,127.4491443,,한전주,042-271-4871,대전광역시 동구청,2023-12-01
가양동871,1,,대전광역시 동구 가양동 41-4,36.35005221,127.4490109,,한전주,042-271-4871,대전광역시 동구청,2023-12-01
가양동872,1,,대전광역시 동구 가양동 36-2,36.35085594,127.4486569,,한전주,042-271-4871,대전광역시 동구청,2023-12-01
가양동873,1,,대전광역시 동구 가양동 36-2,36.35085594,127.4486569,,한전주,042-271-4871,대전광역시 동구청,2023-12-01
가양동874,1,,대전광역시 동구 가양동 36-2,36.35085594,127.4486569,,한전주,042-271-4871,대전광역시 동구청,2023-12-01
가양동875,1,,대전광역시 동구 가양동 91-2,36.3510399,127.4537574,,한전주,042-271-4871,대전광역시 동구청,2023-12-01
가양동876,1,,대전광역시 동구 가양동 162-26,36.34752857,127.4510198,,건축물,042-271-4871,대전광역시 동구청,2023-12-01
가양동877,1,,대전광역시 동구 가양동 35-1,36.35184921,127.4483209,,한전주,042-271-4871,대전광역시 동구청,2023-12-01
가양동878,1,,대전광역시 동구 가양동 683,36.34700678,127.4532671,,한전주,042-271-4871,대전광역시 동구청,2023-12-01
가양동879,1,,대전광역시 동구 가양동 162-12,36.34730175,127.4509192,,한전주,042-271-4871,대전광역시 동구청,2023-12-01
가양동880,1,,대전광역시 동구 가양동 687,36.34560965,127.4520267,,한전주,042-271-4871,대전광역시 동구청,2023-12-01
가양동881,1,,대전광역시 동구 가양동 36-2,36.35085594,127.4486569,,한전주,042-271-4871,대전광역시 동구청,2023-12-01
가양동882,1,,대전광역시 동구 가양동 651-21,36.34440396,127.4486528,,한전주,042-271-4871,대전광역시 동구청,2023-12-01
가양동883,1,,대전광역시 동구 가양동 32-13,36.35311505,127.4500335,,한전주,042-271-4871,대전광역시 동구청,2023-12-01
가양동884,1,,대전광역시 동구 가양동 680,36.34890466,127.4505682,,한전주,042-271-4871,대전광역시 동구청,2023-12-01
가양동885,1,,대전광역시 동구 가양동 47-82,36.35425794,127.4534352,,한전주,042-271-4871,대전광역시 동구청,2023-12-01
가양동886,1,,대전광역시 동구 가양동 86-55,36.34745047,127.4488567,,한전주,042-271-4871,대전광역시 동구청,2023-12-01
가양동889,1,,대전광역시 동구 가양동 680,36.34890466,127.4505682,,한전주,042-271-4871,대전광역시 동구청,2023-12-01
가양동890,1,,대전광역시 동구 가양동 499-2,36.34907438,127.4500087,,한전주,042-271-4871,대전광역시 동구청,2023-12-01
가양동891,1,,대전광역시 동구 가양동 53-9,36.34933114,127.4495002,,한전주,042-271-4871,대전광역시 동구청,2023-12-01
가양동892,1,,대전광역시 동구 가양동 53-13,36.34939789,127.4492931,,한전주,042-271-4871,대전광역시 동구청,2023-12-01
가양동893,1,,대전광역시 동구 가양동 53-13,36.34939789,127.4492931,,전용주,042-271-4871,대전광역시 동구청,2023-12-01
가양동894,1,,대전광역시 동구 가양동 52-10,36.34987644,127.4500023,,한전주,042-271-4871,대전광역시 동구청,2023-12-01
가양동895,1,,대전광역시 동구 가양동 675,36.34925774,127.4484833,,한전주,042-271-4871,대전광역시 동구청,2023-12-01
가양동896,1,,대전광역시 동구 가양동 680,36.34890466,127.4505682,,전용주,042-271-4871,대전광역시 동구청,2023-12-01
가양동897,1,,대전광역시 동구 가양동 145-5,36.34961089,127.4511208,,전용주,042-271-4871,대전광역시 동구청,2023-12-01
가양동898,1,,대전광역시 동구 가양동 145-18,36.34956211,127.451271,,전용주,042-271-4871,대전광역시 동구청,2023-12-01
가양동899,1,,대전광역시 동구 가양동 680,36.34890466,127.4505682,,한전주,042-271-4871,대전광역시 동구청,2023-12-01
가양동900,1,,대전광역시 동구 가양동 681,36.34998862,127.4513486,,한전주,042-271-4871,대전광역시 동구청,2023-12-01
가양동901,1,,대전광역시 동구 가양동 145-3,36.3498392,127.4514434,,한전주,042-271-4871,대전광역시 동구청,2023-12-01
가양동902,1,,대전광역시 동구 가양동 680,36.34890466,127.4505682,,한전주,042-271-4871,대전광역시 동구청,2023-12-01
가양동903,1,,대전광역시 동구 가양동 50-11,36.35026495,127.4515771,,한전주,042-271-4871,대전광역시 동구청,2023-12-01
가양동904,1,,대전광역시 동구 가양동 88-1,36.34906739,127.4518118,,한전주,042-271-4871,대전광역시 동구청,2023-12-01
가양동905,1,,대전광역시 동구 가양동 95-3,36.3494557,127.4529087,,전용주,042-271-4871,대전광역시 동구청,2023-12-01
가양동906,1,,대전광역시 동구 가양동 88-1,36.34906739,127.4518118,,한전주,042-271-4871,대전광역시 동구청,2023-12-01
가양동907,1,,대전광역시 동구 가양동 88-1,36.34906739,127.4518118,,전용주,042-271-4871,대전광역시 동구청,2023-12-01
가양동908,1,,대전광역시 동구 가양동 94-4,36.34974035,127.4525352,,한전주,042-271-4871,대전광역시 동구청,2023-12-01
가양동909,1,,대전광역시 동구 가양동 93-15,36.3500459,127.4524993,,건축물,042-271-4871,대전광역시 동구청,2023-12-01
가양동910,1,,대전광역시 동구 가양동 93-1,36.35015246,127.4525579,,한전주,042-271-4871,대전광역시 동구청,2023-12-01
가양동911,1,,대전광역시 동구 가양동 601-5,36.35042267,127.4525032,,한전주,042-271-4871,대전광역시 동구청,2023-12-01
가양동912,1,,대전광역시 동구 가양동 105-9,36.35091886,127.4531175,,한전주,042-271-4871,대전광역시 동구청,2023-12-01
가양동913,1,,대전광역시 동구 가양동 105-8,36.35104587,127.4531816,,한전주,042-271-4871,대전광역시 동구청,2023-12-01
가양동914,1,,대전광역시 동구 가양동 113-11,36.35142754,127.4535523,,한전주,042-271-4871,대전광역시 동구청,2023-12-01
가양동915,1,,대전광역시 동구 가양동 113-7,36.35152083,127.4535499,,한전주,042-271-4871,대전광역시 동구청,2023-12-01
가양동916,1,,대전광역시 동구 가양동 110-1,36.35149549,127.4530087,,한전주,042-271-4871,대전광역시 동구청,2023-12-01
가양동917,1,,대전광역시 동구 가양동 561-19,36.33780199,127.4392692,,한전주,042-271-4871,대전광역시 동구청,2023-12-01
가양동918,1,,대전광역시 동구 가양동 77-3,36.35050616,127.4559042,,전용주,042-271-4871,대전광역시 동구청,2023-12-01
가양동923,1,,대전광역시 동구 가양동 297-25,36.34205873,127.4431151,,한전주,042-271-4871,대전광역시 동구청,2023-12-01
가양동924,1,,대전광역시 동구 가양동 3,36.34817814,127.4589703,,한전주,042-271-4871,대전광역시 동구청,2023-12-01
가양동925,1,,대전광역시 동구 가양동 3,36.34817814,127.4589703,,한전주,042-271-4871,대전광역시 동구청,2023-12-01
가양동926,1,,대전광역시 동구 가양동 3,36.34817814,127.4589703,,한전주,042-271-4871,대전광역시 동구청,2023-12-01
가양동927,1,,대전광역시 동구 가양동 3,36.34817814,127.4589703,,한전주,042-271-4871,대전광역시 동구청,2023-12-01
가양동928,1,,대전광역시 동구 가양동 3-19,36.34725298,127.4597484,,한전주,042-271-4871,대전광역시 동구청,2023-12-01
가양동930,1,,대전광역시 동구 가양동 3,36.34817814,127.4589703,,한전주,042-271-4871,대전광역시 동구청,2023-12-01
가양동931,1,,대전광역시 동구 가양동 8,36.34817814,127.4589703,,한전주,042-271-4871,대전광역시 동구청,2023-12-01
가양동932,1,,대전광역시 동구 가양동 8-2,36.34806223,127.4596306,,한전주,042-271-4871,대전광역시 동구청,2023-12-01
가양동933,1,,대전광역시 동구 가양동 3-15,36.34820381,127.4597233,,전용주,042-271-4871,대전광역시 동구청,2023-12-01
가양동934,1,,대전광역시 동구 가양동 3-2,36.34817814,127.4589703,,전용주,042-271-4871,대전광역시 동구청,2023-12-01
가양동935,1,,대전광역시 동구 가양동 40-28,36.3481538,127.4457606,,한전주,042-271-4871,대전광역시 동구청,2023-12-01
가양동936,1,,대전광역시 동구 가양동 42-6,36.35085711,127.4506214,,한전주,042-271-4871,대전광역시 동구청,2023-12-01
가양동937,1,,대전광역시 동구 가양동 660-2,36.35044554,127.4460339,,전용주,042-271-4871,대전광역시 동구청,2023-12-01
가양동942,1,,대전광역시 동구 가양동 637,36.34697657,127.4407083,,한전주,042-271-4871,대전광역시 동구청,2023-12-01
가양동946,1,,대전광역시 동구 가양동 631,36.34395926,127.4457548,,한전주,042-271-4871,대전광역시 동구청,2023-12-01
가양동948,1,,대전광역시 동구 가양동 358-8,36.33784981,127.4428663,,한전주,042-271-4871,대전광역시 동구청,2023-12-01
가양동951,1,,대전광역시 동구 가양동 348-4,36.34236049,127.4415665,,전용주,042-271-4871,대전광역시 동구청,2023-12-01
가양동952,1,,대전광역시 동구 가양동 288-28,36.34324908,127.442654,,한전주,042-271-4871,대전광역시 동구청,2023-12-01
가양동953,1,,대전광역시 동구 가양동 288-3,36.34395681,127.4431067,,전용주,042-271-4871,대전광역시 동구청,2023-12-01
가양동954,1,,대전광역시 동구 가양동 412-23,36.34416507,127.4438129,,전용주,042-271-4871,대전광역시 동구청,2023-12-01
가양동955,1,,대전광역시 동구 가양동 410-1,36.34439309,127.4449212,,전용주,042-271-4871,대전광역시 동구청,2023-12-01
가양동956,1,,대전광역시 동구 가양동 562-2,36.34160654,127.4429238,,한전주,042-271-4871,대전광역시 동구청,2023-12-01
가양동957,1,,대전광역시 동구 가양동 408-11,36.34382547,127.4442338,,한전주,042-271-4871,대전광역시 동구청,2023-12-01
가양동958,1,,대전광역시 동구 가양동 295-19,36.34311637,127.4440305,,한전주,042-271-4871,대전광역시 동구청,2023-12-01
가양동959,1,,대전광역시 동구 가양동 295-11,36.34299434,127.443671,,한전주,042-271-4871,대전광역시 동구청,2023-12-01
가양동960,1,,대전광역시 동구 가양동 296-25,36.34276243,127.4443357,,한전주,042-271-4871,대전광역시 동구청,2023-12-01
가양동961,1,,대전광역시 동구 가양동 318-3,36.34215254,127.4447148,,한전주,042-271-4871,대전광역시 동구청,2023-12-01
가양동962,1,,대전광역시 동구 가양동 562-2,36.34160654,127.4429238,,한전주,042-271-4871,대전광역시 동구청,2023-12-01
가양동963,1,,대전광역시 동구 가양동 316-8,36.34065715,127.4432549,,한전주,042-271-4871,대전광역시 동구청,2023-12-01
가양동964,1,,대전광역시 동구 가양동 321-2,36.34014403,127.4433023,,한전주,042-271-4871,대전광역시 동구청,2023-12-01
가양동965,1,,대전광역시 동구 가양동 323-8,36.34087925,127.4444309,,한전주,042-271-4871,대전광역시 동구청,2023-12-01
가양동966,1,,대전광역시 동구 가양동 323-29,36.3408311,127.4445361,,한전주,042-271-4871,대전광역시 동구청,2023-12-01
가양동967,1,,대전광역시 동구 가양동 323-18,36.34108772,127.4446422,,한전주,042-271-4871,대전광역시 동구청,2023-12-01
가양동968,1,,대전광역시 동구 가양동 175-59,36.34264374,127.4458848,,한전주,042-271-4871,대전광역시 동구청,2023-12-01
가양동969,1,,대전광역시 동구 가양동 304-8,36.33958188,127.4447085,,한전주,042-271-4871,대전광역시 동구청,2023-12-01
가양동970,1,,대전광역시 동구 가양동 308-12,36.33898108,127.444946,,한전주,042-271-4871,대전광역시 동구청,2023-12-01
가양동971,1,,대전광역시 동구 가양동 561-19,36.33780199,127.4392692,,한전주,042-271-4871,대전광역시 동구청,2023-12-01
가양동972,1,,대전광역시 동구 가양동 561-19,36.33780199,127.4392692,,한전주,042-271-4871,대전광역시 동구청,2023-12-01
가양동973,1,,대전광역시 동구 가양동 309-7,36.33772604,127.4405617,,한전주,042-271-4871,대전광역시 동구청,2023-12-01
가양동974,1,,대전광역시 동구 가양동 580-5,36.33870272,127.439536,,한전주,042-271-4871,대전광역시 동구청,2023-12-01
가양동975,1,,대전광역시 동구 가양동 562-2,36.34160654,127.4429238,,한전주,042-271-4871,대전광역시 동구청,2023-12-01
가양동977,1,,대전광역시 동구 가양동 440-55,36.34554684,127.4418654,,한전주,042-271-4871,대전광역시 동구청,2023-12-01
가양동978,1,,대전광역시 동구 가양동 420-65,36.34678689,127.4436552,,건축물,042-271-4871,대전광역시 동구청,2023-12-01
가양동979,1,,대전광역시 동구 가양동 391-1,36.34649971,127.4462151,,한전주,042-271-4871,대전광역시 동구청,2023-12-01
가양동980,1,,대전광역시 동구 가양동 675,36.34925774,127.4484833,,한전주,042-271-4871,대전광역시 동구청,2023-12-01
가양동981,1,,대전광역시 동구 가양동 86-5,36.34770556,127.448913,,한전주,042-271-4871,대전광역시 동구청,2023-12-01
가양동982,1,,대전광역시 동구 가양동 675,36.34925774,127.4484833,,한전주,042-271-4871,대전광역시 동구청,2023-12-01
가양동983,1,,대전광역시 동구 가양동 36-2,36.35085594,127.4486569,,한전주,042-271-4871,대전광역시 동구청,2023-12-01
가양동984,1,,대전광역시 동구 가양동 26-27,36.35034759,127.4468779,,전용주,042-271-4871,대전광역시 동구청,2023-12-01
가양동985,1,,대전광역시 동구 가양동 25-1,36.35051727,127.4457779,,전용주,042-271-4871,대전광역시 동구청,2023-12-01
가양동986,1,,대전광역시 동구 가양동 666,36.3511878,127.4474844,,건축물,042-271-4871,대전광역시 동구청,2023-12-01
가양동987,1,,대전광역시 동구 가양동 27-12,36.35158958,127.4468448,,한전주,042-271-4871,대전광역시 동구청,2023-12-01
가양동988,1,,대전광역시 동구 가양동 34-7,36.35255467,127.4485087,,한전주,042-271-4871,대전광역시 동구청,2023-12-01
가양동989,1,,대전광역시 동구 가양동 35-1,36.35184921,127.4483209,,한전주,042-271-4871,대전광역시 동구청,2023-12-01
가양동990,1,,대전광역시 동구 가양동 29-24,36.35266145,127.447742,,한전주,042-271-4871,대전광역시 동구청,2023-12-01
가양동991,1,,대전광역시 동구 가양동 669,36.35259896,127.4518205,,한전주,042-271-4871,대전광역시 동구청,2023-12-01
가양동992,1,,대전광역시 동구 가양동 46-35,36.35371935,127.4523066,,한전주,042-271-4871,대전광역시 동구청,2023-12-01
가양동993,1,,대전광역시 동구 가양동 107-4,36.35073515,127.4527007,,한전주,042-271-4871,대전광역시 동구청,2023-12-01
가양동994,1,,대전광역시 동구 가양동 88-1,36.34906739,127.4518118,,한전주,042-271-4871,대전광역시 동구청,2023-12-01
가양동995,1,,대전광역시 동구 가양동 684,36.34720409,127.4516922,,한전주,042-271-4871,대전광역시 동구청,2023-12-01
가양동996,1,,대전광역시 동구 가양동 160-34,36.34711876,127.4522939,,전용주,042-271-4871,대전광역시 동구청,2023-12-01
가양동997,1,,대전광역시 동구 가양동 163-3,36.34649293,127.4517391,,한전주,042-271-4871,대전광역시 동구청,2023-12-01
가양동998,1,,대전광역시 동구 가양동 171-6,36.34683493,127.4496106,,전용주,042-271-4871,대전광역시 동구청,2023-12-01
가양동999,1,,대전광역시 동구 가양동 687,36.34560965,127.4520267,,한전주,042-271-4871,대전광역시 동구청,2023-12-01
가양동1000,1,,대전광역시 동구 가양동 51-4,36.34629042,127.456717,,전용주,042-271-4871,대전광역시 동구청,2023-12-01
가양동1001,1,,대전광역시 동구 가양동 444-3,36.34683142,127.4389425,,,042-271-4871,대전광역시 동구청,2023-12-01
가양동1002,1,,대전광역시 동구 가양동 147-34,36.34817356,127.4538922,,,042-271-4871,대전광역시 동구청,2023-12-01
가양동1003,1,,대전광역시 동구 가양동 430-16,36.34746329,127.4414715,,건축물,042-271-4871,대전광역시 동구청,2023-12-01
가양동1004,1,,대전광역시 동구 가양동 435-13,36.34551928,127.4427151,,전용주,042-271-4871,대전광역시 동구청,2023-12-01
가양동1005,1,,대전광역시 동구 가양동 663,36.35241195,127.447144,,한전주,042-271-4871,대전광역시 동구청,2023-12-01
가양동1006,1,,대전광역시 동구 가양동 161-12,36.34764969,127.4519017,,전용주,042-271-4871,대전광역시 동구청,2023-12-01
가양동1007,1,,대전광역시 동구 가양동 676,36.35047693,127.450258,,한전주,042-271-4871,대전광역시 동구청,2023-12-01
가양동1008,1,,대전광역시 동구 가양동 340-33,36.34249633,127.4409975,,한전주,042-271-4871,대전광역시 동구청,2023-12-01
가오동001,1,,대전광역시 동구 가오동 420-52,36.3020267,127.4558936,,전용주,042-271-4871,대전광역시 동구청,2023-12-01
가오동002,1,,대전광역시 동구 가오동 420-22,36.30246658,127.4550904,,한전주,042-271-4871,대전광역시 동구청,2023-12-01
가오동003,1,,대전광역시 동구 가오동 420-15,36.30209289,127.4552497,,한전주,042-271-4871,대전광역시 동구청,2023-12-01
가오동004,1,,대전광역시 동구 가오동 374-30,36.30273058,127.4548187,,한전주,042-271-4871,대전광역시 동구청,2023-12-01
가오동005,1,,대전광역시 동구 가오동 374-106,36.30290596,127.4545376,,한전주,042-271-4871,대전광역시 동구청,2023-12-01
가오동006,1,,대전광역시 동구 가오동 377-1,36.30372449,127.4531254,,한전주,042-271-4871,대전광역시 동구청,2023-12-01
가오동007,1,,대전광역시 동구 가오동 237-7,36.30507378,127.4526208,,한전주,042-271-4871,대전광역시 동구청,2023-12-01
가오동008,1,,대전광역시 동구 가오동 237-21,36.30483699,127.4519217,,한전주,042-271-4871,대전광역시 동구청,2023-12-01
가오동009,1,,대전광역시 동구 가오동 388-35,36.30526955,127.4516592,,한전주,042-271-4871,대전광역시 동구청,2023-12-01
가오동010,1,,대전광역시 동구 가오동 388-35,36.30526955,127.4516592,,한전주,042-271-4871,대전광역시 동구청,2023-12-01
가오동011,1,,대전광역시 동구 가오동 237-1,36.30544913,127.4519759,,한전주,042-271-4871,대전광역시 동구청,2023-12-01
가오동012,1,,대전광역시 동구 가오동 386-5,36.30632087,127.4511578,,한전주,042-271-4871,대전광역시 동구청,2023-12-01
가오동013,1,,대전광역시 동구 가오동 235-16,36.30629745,127.4520624,,한전주,042-271-4871,대전광역시 동구청,2023-12-01
가오동014,1,,대전광역시 동구 가오동 407-1,36.30799456,127.4527733,,전용주,042-271-4871,대전광역시 동구청,2023-12-01
가오동015,1,,대전광역시 동구 가오동 381-1,36.30755498,127.4520076,,한전주,042-271-4871,대전광역시 동구청,2023-12-01
가오동016,1,,대전광역시 동구 가오동 381-1,36.30755498,127.4520076,,한전주,042-271-4871,대전광역시 동구청,2023-12-01
가오동017,1,,대전광역시 동구 가오동 151-2,36.30822446,127.4526287,,한전주,042-271-4871,대전광역시 동구청,2023-12-01
가오동018,1,,대전광역시 동구 가오동 153-4,36.30818918,127.4531401,,한전주,042-271-4871,대전광역시 동구청,2023-12-01
가오동019,1,,대전광역시 동구 가오동 153-3,36.30818209,127.4535112,,한전주,042-271-4871,대전광역시 동구청,2023-12-01
가오동020,1,,대전광역시 동구 가오동 125-6,36.30827594,127.4538805,,한전주,042-271-4871,대전광역시 동구청,2023-12-01
가오동021,1,,대전광역시 동구 가오동 155-1,36.30814597,127.4540302,,전용주,042-271-4871,대전광역시 동구청,2023-12-01
가오동022,1,,대전광역시 동구 가오동 155,36.30815375,127.454164,,한전주,042-271-4871,대전광역시 동구청,2023-12-01
가오동023,1,,대전광역시 동구 가오동 155,36.30815375,127.454164,,한전주,042-271-4871,대전광역시 동구청,2023-12-01
가오동024,1,,대전광역시 동구 가오동 123-11,36.30861469,127.4544526,,한전주,042-271-4871,대전광역시 동구청,2023-12-01
가오동025,1,,대전광역시 동구 가오동 115,36.30884709,127.4547861,,한전주,042-271-4871,대전광역시 동구청,2023-12-01
가오동026,1,,대전광역시 동구 가오동 123-2,36.3086792,127.4542672,,한전주,042-271-4871,대전광역시 동구청,2023-12-01
가오동027,1,,대전광역시 동구 가오동 124,36.30879937,127.4538747,,한전주,042-271-4871,대전광역시 동구청,2023-12-01
가오동028,1,,대전광역시 동구 가오동 127-1,36.3088709,127.4535248,,한전주,042-271-4871,대전광역시 동구청,2023-12-01
가오동029,1,,대전광역시 동구 가오동 128-1,36.30924415,127.4535779,,한전주,042-271-4871,대전광역시 동구청,2023-12-01
가오동030,1,,대전광역시 동구 가오동 120-5,36.3093722,127.4541486,,한전주,042-271-4871,대전광역시 동구청,2023-12-01
가오동031,1,,대전광역시 동구 가오동 120-7,36.30957424,127.4541737,,한전주,042-271-4871,대전광역시 동구청,2023-12-01
가오동032,1,,대전광역시 동구 가오동 134-68,36.30937311,127.4535773,,한전주,042-271-4871,대전광역시 동구청,2023-12-01
가오동033,1,,대전광역시 동구 가오동 131,36.30846738,127.4533272,,한전주,042-271-4871,대전광역시 동구청,2023-12-01
가오동034,1,,대전광역시 동구 가오동 129-1,36.30905466,127.453355,,한전주,042-271-4871,대전광역시 동구청,2023-12-01
가오동035,1,,대전광역시 동구 가오동 147,36.30886693,127.4526716,,한전주,042-271-4871,대전광역시 동구청,2023-12-01
가오동036,1,,대전광역시 동구 가오동 133-4,36.30906273,127.4530107,,한전주,042-271-4871,대전광역시 동구청,2023-12-01
가오동037,1,,대전광역시 동구 가오동 134-10,36.30945716,127.4530862,,한전주,042-271-4871,대전광역시 동구청,2023-12-01
가오동038,1,,대전광역시 동구 가오동 151-4,36.30830003,127.4524722,,한전주,042-271-4871,대전광역시 동구청,2023-12-01
가오동039,1,,대전광역시 동구 가오동 151-5,36.30828616,127.4522556,,한전주,042-271-4871,대전광역시 동구청,2023-12-01
가오동040,1,,대전광역시 동구 가오동 150-1,36.30860215,127.4521987,,한전주,042-271-4871,대전광역시 동구청,2023-12-01
가오동042,1,,대전광역시 동구 가오동 151-7,36.3082013,127.4520553,,한전주,042-271-4871,대전광역시 동구청,2023-12-01
가오동043,1,,대전광역시 동구 가오동 400-3,36.30825319,127.4513465,,한전주,042-271-4871,대전광역시 동구청,2023-12-01
가오동044,1,,대전광역시 동구 가오동 380-7,36.30789961,127.451597,,한전주,042-271-4871,대전광역시 동구청,2023-12-01
가오동045,1,,대전광역시 동구 가오동 143-2,36.30939178,127.4524031,,한전주,042-271-4871,대전광역시 동구청,2023-12-01
가오동046,1,,대전광역시 동구 가오동 137-8,36.30974252,127.4525157,,한전주,042-271-4871,대전광역시 동구청,2023-12-01
가오동047,1,,대전광역시 동구 가오동 139-2,36.31010256,127.452711,,한전주,042-271-4871,대전광역시 동구청,2023-12-01
가오동048,1,,대전광역시 동구 가오동 140-10,36.30999717,127.4522934,,한전주,042-271-4871,대전광역시 동구청,2023-12-01
가오동049,1,,대전광역시 동구 가오동 481,36.31131339,127.4578676,,전용주,042-271-4871,대전광역시 동구청,2023-12-01
가오동050,1,,대전광역시 동구 가오동 78-1,36.31177938,127.4610139,,한전주,042-271-4871,대전광역시 동구청,2023-12-01
가오동051,1,,대전광역시 동구 가오동 77-7,36.31179702,127.4613217,,한전주,042-271-4871,대전광역시 동구청,2023-12-01
가오동052,1,,대전광역시 동구 가오동 72-1,36.31227462,127.4620743,,한전주,042-271-4871,대전광역시 동구청,2023-12-01
가오동053,1,,대전광역시 동구 가오동 70,36.31147234,127.4625086,,한전주,042-271-4871,대전광역시 동구청,2023-12-01
가오동054,1,,대전광역시 동구 가오동 12-3,36.30846116,127.4620076,,한전주,042-271-4871,대전광역시 동구청,2023-12-01
가오동055,1,,대전광역시 동구 가오동 9,36.30838579,127.4635352,,한전주,042-271-4871,대전광역시 동구청,2023-12-01
가오동056,1,,대전광역시 동구 가오동 7-12,36.30925027,127.4646076,,한전주,042-271-4871,대전광역시 동구청,2023-12-01
가오동057,1,,대전광역시 동구 가오동 86-122,36.30762566,127.461016,,한전주,042-271-4871,대전광역시 동구청,2023-12-01
가오동058,1,,대전광역시 동구 가오동 363-2,36.30335894,127.4554646,,한전주,042-271-4871,대전광역시 동구청,2023-12-01
가오동059,1,,대전광역시 동구 가오동 240-8,36.30397502,127.4557548,,한전주,042-271-4871,대전광역시 동구청,2023-12-01
가오동060,1,,대전광역시 동구 가오동 362-2,36.30284063,127.4559024,,한전주,042-271-4871,대전광역시 동구청,2023-12-01
가오동061,1,,대전광역시 동구 가오동 362-5,36.30310935,127.4559529,,전용주,042-271-4871,대전광역시 동구청,2023-12-01
가오동062,1,,대전광역시 동구 가오동 418-8,36.30356119,127.4547942,,전용주,042-271-4871,대전광역시 동구청,2023-12-01
가오동064,1,,대전광역시 동구 가오동 122-4,36.30912435,127.4539585,,한전주,042-271-4871,대전광역시 동구청,2023-12-01
가오동065,1,,대전광역시 동구 가오동 149,36.30898832,127.4523359,,한전주,042-271-4871,대전광역시 동구청,2023-12-01
가오동066,1,,대전광역시 동구 가오동 416,36.30976208,127.4523911,,전용주,042-271-4871,대전광역시 동구청,2023-12-01
가오동067,1,,대전광역시 동구 가오동 420-9,36.30218859,127.4554700321,,한전주,042-271-4871,대전광역시 동구청,2023-12-01
가오동068,1,,대전광역시 동구 가오동 산 5-24,36.30868486,127.462873,,한전주,042-271-4871,대전광역시 동구청,2023-12-01
가오동069,1,,대전광역시 동구 가오동 산 5-24,36.30868486,127.462873,,한전주,042-271-4871,대전광역시 동구청,2023-12-01
가오동070,1,,대전광역시 동구 가오동 284-9,36.30672495,127.4609339,,한전주,042-271-4871,대전광역시 동구청,2023-12-01
구도동001,1,,대전광역시 동구 구도동 156-5,36.27341794,127.4728003,,한전주,042-271-4871,대전광역시 동구청,2023-12-01
구도동002,1,,대전광역시 동구 구도동 159,36.27395013,127.4713097,,한전주,042-271-4871,대전광역시 동구청,2023-12-01
구도동003,1,,대전광역시 동구 구도동 161-8,36.27398171,127.4701285,,한전주,042-271-4871,대전광역시 동구청,2023-12-01
구도동004,1,,대전광역시 동구 구도동 156-3,36.27333971,127.4730454,,한전주,042-271-4871,대전광역시 동구청,2023-12-01
구도동005,1,,대전광역시 동구 구도동 164-16,36.27255197,127.473376,,한전주,042-271-4871,대전광역시 동구청,2023-12-01
구도동006,1,,대전광역시 동구 구도동 235-1,36.26713667,127.4712544,,한전주,042-271-4871,대전광역시 동구청,2023-12-01
구도동007,1,,대전광역시 동구 구도동 235-1,36.26713667,127.4712544,,한전주,042-271-4871,대전광역시 동구청,2023-12-01
구도동008,1,,대전광역시 동구 구도동 225-3,36.26648462,127.4714941,,한전주,042-271-4871,대전광역시 동구청,2023-12-01
구도동009,1,,대전광역시 동구 구도동 산12-9,36.26610692,127.4715413,,한전주,042-271-4871,대전광역시 동구청,2023-12-01
구도동010,1,,대전광역시 동구 구도동 143-8,36.27247349,127.4757585,,전용주,042-271-4871,대전광역시 동구청,2023-12-01
구도동011,1,,대전광역시 동구 구도동 142-9,36.27269341,127.4759767,,전용주,042-271-4871,대전광역시 동구청,2023-12-01
구도동012,1,,대전광역시 동구 구도동 142-5,36.27283134,127.4756703,,한전주,042-271-4871,대전광역시 동구청,2023-12-01
구도동013,1,,대전광역시 동구 구도동 126-1,36.2713505,127.4775397,,전용주,042-271-4871,대전광역시 동구청,2023-12-01
구도동014,1,,대전광역시 동구 구도동 6,36.26664857,127.4819825,,전용주,042-271-4871,대전광역시 동구청,2023-12-01
구도동015,1,,대전광역시 동구 구도동 산2-4,36.26604339,127.482363,,전용주,042-271-4871,대전광역시 동구청,2023-12-01
구도동016,1,,대전광역시 동구 구도동 13,36.2665242,127.4801879,,한전주,042-271-4871,대전광역시 동구청,2023-12-01
구도동017,1,,대전광역시 동구 구도동 13-1,36.26567086,127.4798292,,한전주,042-271-4871,대전광역시 동구청,2023-12-01
구도동018,1,,대전광역시 동구 구도동 74,36.26535974,127.4793586,,한전주,042-271-4871,대전광역시 동구청,2023-12-01
구도동019,1,,대전광역시 동구 구도동 39,36.26449018,127.4781497,,한전주,042-271-4871,대전광역시 동구청,2023-12-01
낭월동001,1,,대전광역시 동구 낭월동 213-5,36.28581015,127.4658325,,한전주,042-271-4871,대전광역시 동구청,2023-12-01
낭월동003,1,,대전광역시 동구 낭월동 214-9,36.2851673,127.4663251,,한전주,042-271-4871,대전광역시 동구청,2023-12-01
낭월동004,1,,대전광역시 동구 낭월동 212-25,36.28483706,127.466106,,건축물,042-271-4871,대전광역시 동구청,2023-12-01
낭월동005,1,,대전광역시 동구 낭월동 64-11,36.28053115,127.469049,,전용주,042-271-4871,대전광역시 동구청,2023-12-01
낭월동006,1,,대전광역시 동구 낭월동 698,36.2780322,127.4643829,,한전주,042-271-4871,대전광역시 동구청,2023-12-01
낭월동007,1,,대전광역시 동구 낭월동 593,36.27977075,127.4681703,,전용주,042-271-4871,대전광역시 동구청,2023-12-01
낭월동008,1,,대전광역시 동구 낭월동 212-20,36.28475687,127.4662412,,한전주,042-271-4871,대전광역시 동구청,2023-12-01
낭월동011,1,,대전광역시 동구 낭월동 212-6,36.28511505,127.4669915,,한전주,042-271-4871,대전광역시 동구청,2023-12-01
낭월동012,1,,대전광역시 동구 낭월동 208-18,36.28476861,127.4668828,,한전주,042-271-4871,대전광역시 동구청,2023-12-01
낭월동013,1,,대전광역시 동구 낭월동 207-3,36.28462968,127.4667811,,전용주,042-271-4871,대전광역시 동구청,2023-12-01
낭월동014,1,,대전광역시 동구 낭월동 208-4,36.28434119,127.4669034,,전용주,042-271-4871,대전광역시 동구청,2023-12-01
낭월동015,1,,대전광역시 동구 낭월동 209-4,36.28461156,127.4664148,,한전주,042-271-4871,대전광역시 동구청,2023-12-01
낭월동016,1,,대전광역시 동구 낭월동 208-33,36.28434754,127.4662684,,한전주,042-271-4871,대전광역시 동구청,2023-12-01
낭월동017,1,,대전광역시 동구 낭월동 203-4,36.2841192,127.4667019,,한전주,042-271-4871,대전광역시 동구청,2023-12-01
낭월동018,1,,대전광역시 동구 낭월동 204-1,36.28406781,127.4672169,,한전주,042-271-4871,대전광역시 동구청,2023-12-01
낭월동019,1,,대전광역시 동구 낭월동 201-1,36.28377788,127.4666899,,한전주,042-271-4871,대전광역시 동구청,2023-12-01
낭월동020,1,,대전광역시 동구 낭월동 202-12,36.28359761,127.4669055,,한전주,042-271-4871,대전광역시 동구청,2023-12-01
낭월동021,1,,대전광역시 동구 낭월동 202-17,36.28355156,127.4673675,,한전주,042-271-4871,대전광역시 동구청,2023-12-01
낭월동022,1,,대전광역시 동구 낭월동 197-5,36.28322573,127.4667806,,한전주,042-271-4871,대전광역시 동구청,2023-12-01
낭월동023,1,,대전광역시 동구 낭월동 202-2,36.28322923,127.4675931,,한전주,042-271-4871,대전광역시 동구청,2023-12-01
낭월동024,1,,대전광역시 동구 낭월동 292-5,36.28445284,127.465942,,전용주,042-271-4871,대전광역시 동구청,2023-12-01
낭월동025,1,,대전광역시 동구 낭월동 32-2,36.28395389,127.4689584,,한전주,042-271-4871,대전광역시 동구청,2023-12-01
낭월동026,1,,대전광역시 동구 낭월동 34,36.2833084,127.4709111,,한전주,042-271-4871,대전광역시 동구청,2023-12-01
낭월동027,1,,대전광역시 동구 낭월동 23-2,36.28377717,127.4738206,,한전주,042-271-4871,대전광역시 동구청,2023-12-01
낭월동028,1,,대전광역시 동구 낭월동 23-2,36.28377717,127.4738206,,한전주,042-271-4871,대전광역시 동구청,2023-12-01
낭월동029,1,,대전광역시 동구 낭월동 23-5,36.28368813,127.4748681,,한전주,042-271-4871,대전광역시 동구청,2023-12-01
낭월동030,1,,대전광역시 동구 낭월동 23-2,36.28377717,127.4738206,,한전주,042-271-4871,대전광역시 동구청,2023-12-01
낭월동031,1,,대전광역시 동구 낭월동 23-4,36.28457222,127.4761658,,한전주,042-271-4871,대전광역시 동구청,2023-12-01
낭월동032,1,,대전광역시 동구 낭월동 23-4,36.28457222,127.4761658,,한전주,042-271-4871,대전광역시 동구청,2023-12-01
낭월동033,1,,대전광역시 동구 낭월동 17-2,36.28529297,127.4771869,,한전주,042-271-4871,대전광역시 동구청,2023-12-01
낭월동034,1,,대전광역시 동구 낭월동 295,36.28453673,127.4773503,,한전주,042-271-4871,대전광역시 동구청,2023-12-01
낭월동035,1,,대전광역시 동구 낭월동 14-1,36.28410574,127.4784774,,한전주,042-271-4871,대전광역시 동구청,2023-12-01
낭월동036,1,,대전광역시 동구 낭월동 38,36.28328424,127.4723591,,한전주,042-271-4871,대전광역시 동구청,2023-12-01
낭월동037,1,,대전광역시 동구 낭월동 40-2,36.28297065,127.4716147,,한전주,042-271-4871,대전광역시 동구청,2023-12-01
낭월동038,1,,대전광역시 동구 낭월동 53-10,36.28228069,127.4709108,,한전주,042-271-4871,대전광역시 동구청,2023-12-01
낭월동039,1,,대전광역시 동구 낭월동 52-4,36.2821703,127.470635,,전용주,042-271-4871,대전광역시 동구청,2023-12-01
낭월동040,1,,대전광역시 동구 낭월동 53-5,36.28243108,127.4707315,,한전주,042-271-4871,대전광역시 동구청,2023-12-01
낭월동041,1,,대전광역시 동구 낭월동 51,36.28213538,127.4703264,,한전주,042-271-4871,대전광역시 동구청,2023-12-01
낭월동042,1,,대전광역시 동구 낭월동 194-9,36.282742,127.4672592,,전용주,042-271-4871,대전광역시 동구청,2023-12-01
낭월동043,1,,대전광역시 동구 낭월동 189-7,36.28086815,127.4679798,,한전주,042-271-4871,대전광역시 동구청,2023-12-01
낭월동044,1,,대전광역시 동구 낭월동 189-9,36.2809700004,127.4682516,,한전주,042-271-4871,대전광역시 동구청,2023-12-01
낭월동045,1,,대전광역시 동구 낭월동 61-6,36.28117774,127.4690278,,한전주,042-271-4871,대전광역시 동구청,2023-12-01
낭월동046,1,,대전광역시 동구 낭월동 61-2,36.2812603,127.4691187,,한전주,042-271-4871,대전광역시 동구청,2023-12-01
낭월동047,1,,대전광역시 동구 낭월동 69-1,36.28137876,127.4698413,,한전주,042-271-4871,대전광역시 동구청,2023-12-01
낭월동048,1,,대전광역시 동구 낭월동 71-2,36.28108562,127.4701579,,한전주,042-271-4871,대전광역시 동구청,2023-12-01
낭월동049,1,,대전광역시 동구 낭월동 66,36.28073726,127.4698272,,전용주,042-271-4871,대전광역시 동구청,2023-12-01
낭월동050,1,,대전광역시 동구 낭월동 64-14,36.28053885,127.4693394,,전용주,042-271-4871,대전광역시 동구청,2023-12-01
낭월동051,1,,대전광역시 동구 낭월동 64-10,36.2804262,127.4689487,,전용주,042-271-4871,대전광역시 동구청,2023-12-01
낭월동052,1,,대전광역시 동구 낭월동 64-16,36.28024595,127.468355,,한전주,042-271-4871,대전광역시 동구청,2023-12-01
낭월동053,1,,대전광역시 동구 낭월동 65-8,36.28030468,127.468958,,한전주,042-271-4871,대전광역시 동구청,2023-12-01
낭월동054,1,,대전광역시 동구 낭월동 288-5,36.28024039,127.4692889,,한전주,042-271-4871,대전광역시 동구청,2023-12-01
낭월동055,1,,대전광역시 동구 낭월동 288-50,36.28029784,127.4699202,,한전주,042-271-4871,대전광역시 동구청,2023-12-01
낭월동056,1,,대전광역시 동구 낭월동 288-48,36.28018054,127.4696818,,전용주,042-271-4871,대전광역시 동구청,2023-12-01
낭월동057,1,,대전광역시 동구 낭월동 73,36.28063886,127.4701925,,한전주,042-271-4871,대전광역시 동구청,2023-12-01
낭월동058,1,,대전광역시 동구 낭월동 199,36.28029009,127.4682217,,전용주,042-271-4871,대전광역시 동구청,2023-12-01
낭월동059,1,,대전광역시 동구 낭월동 56-27,36.28102429,127.4703556,,한전주,042-271-4871,대전광역시 동구청,2023-12-01
낭월동060,1,,대전광역시 동구 낭월동 56-20,36.28129822,127.4707795,,한전주,042-271-4871,대전광역시 동구청,2023-12-01
낭월동061,1,,대전광역시 동구 낭월동 56-12,36.28150927,127.4709362,,한전주,042-271-4871,대전광역시 동구청,2023-12-01
낭월동062,1,,대전광역시 동구 낭월동 56-3,36.28169099,127.4705825,,한전주,042-271-4871,대전광역시 동구청,2023-12-01
낭월동063,1,,대전광역시 동구 낭월동 288-62,36.2801018,127.4706165,,한전주,042-271-4871,대전광역시 동구청,2023-12-01
낭월동064,1,,대전광역시 동구 낭월동 288-69,36.27993752,127.4709587,,한전주,042-271-4871,대전광역시 동구청,2023-12-01
낭월동065,1,,대전광역시 동구 낭월동 288-88,36.27984045,127.4715783,,한전주,042-271-4871,대전광역시 동구청,2023-12-01
낭월동066,1,,대전광역시 동구 낭월동 80-4,36.28000962,127.471643,,한전주,042-271-4871,대전광역시 동구청,2023-12-01
낭월동067,1,,대전광역시 동구 낭월동 80-5,36.27999243,127.4719803,,한전주,042-271-4871,대전광역시 동구청,2023-12-01
낭월동068,1,,대전광역시 동구 낭월동 77-1,36.27981312,127.4724295,,한전주,042-271-4871,대전광역시 동구청,2023-12-01
낭월동069,1,,대전광역시 동구 낭월동 77-6,36.28009688,127.4726173,,한전주,042-271-4871,대전광역시 동구청,2023-12-01
낭월동070,1,,대전광역시 동구 낭월동 77-4,36.27989237,127.4726946,,한전주,042-271-4871,대전광역시 동구청,2023-12-01
낭월동071,1,,대전광역시 동구 낭월동 199,36.28029009,127.4682217,,한전주,042-271-4871,대전광역시 동구청,2023-12-01
낭월동072,1,,대전광역시 동구 낭월동 78-10,36.28016372,127.4753078,,한전주,042-271-4871,대전광역시 동구청,2023-12-01
낭월동073,1,,대전광역시 동구 낭월동 298,36.27956374,127.4750069,,한전주,042-271-4871,대전광역시 동구청,2023-12-01
낭월동074,1,,대전광역시 동구 낭월동 298,36.27956374,127.4750069,,한전주,042-271-4871,대전광역시 동구청,2023-12-01
낭월동075,1,,대전광역시 동구 낭월동 644,36.27838129,127.4697392,,한전주,042-271-4871,대전광역시 동구청,2023-12-01
낭월동076,1,,대전광역시 동구 낭월동 652,36.27731869,127.4698807,,한전주,042-271-4871,대전광역시 동구청,2023-12-01
낭월동077,1,,대전광역시 동구 낭월동 652,36.27731869,127.4698807,,한전주,042-271-4871,대전광역시 동구청,2023-12-01
낭월동078,1,,대전광역시 동구 낭월동 641,36.27932962,127.4713597,,한전주,042-271-4871,대전광역시 동구청,2023-12-01
낭월동079,1,,대전광역시 동구 낭월동 641,36.27932962,127.4713597,,한전주,042-271-4871,대전광역시 동구청,2023-12-01
낭월동080,1,,대전광역시 동구 낭월동 산14-1,36.2788062,127.4745845,,한전주,042-271-4871,대전광역시 동구청,2023-12-01
낭월동081,1,,대전광역시 동구 낭월동 산14-1,36.2788062,127.4745845,,한전주,042-271-4871,대전광역시 동구청,2023-12-01
낭월동082,1,,대전광역시 동구 낭월동 298,36.27956374,127.4750069,,한전주,042-271-4871,대전광역시 동구청,2023-12-01
낭월동083,1,,대전광역시 동구 낭월동 298,36.27956374,127.4750069,,한전주,042-271-4871,대전광역시 동구청,2023-12-01
낭월동084,1,,대전광역시 동구 낭월동 298,36.27956374,127.4750069,,한전주,042-271-4871,대전광역시 동구청,2023-12-01
낭월동085,1,,대전광역시 동구 낭월동 298,36.27956374,127.4750069,,한전주,042-271-4871,대전광역시 동구청,2023-12-01
낭월동086,1,,대전광역시 동구 낭월동 12-5,36.27977809,127.4757193,,한전주,042-271-4871,대전광역시 동구청,2023-12-01
낭월동087,1,,대전광역시 동구 낭월동 12-2,36.2804621,127.4767326,,한전주,042-271-4871,대전광역시 동구청,2023-12-01
낭월동088,1,,대전광역시 동구 낭월동 12-2,36.2804621,127.4767326,,한전주,042-271-4871,대전광역시 동구청,2023-12-01
낭월동089,1,,대전광역시 동구 낭월동 12-2,36.2804621,127.4767326,,한전주,042-271-4871,대전광역시 동구청,2023-12-01
낭월동090,1,,대전광역시 동구 낭월동 13-1,36.28128497,127.4766218,,한전주,042-271-4871,대전광역시 동구청,2023-12-01
낭월동091,1,,대전광역시 동구 낭월동 13,36.28174321,127.4770323,,한전주,042-271-4871,대전광역시 동구청,2023-12-01
낭월동092,1,,대전광역시 동구 낭월동 11-8,36.28081678,127.4771942,,한전주,042-271-4871,대전광역시 동구청,2023-12-01
낭월동093,1,,대전광역시 동구 낭월동 11-2,36.28110632,127.4773304,,한전주,042-271-4871,대전광역시 동구청,2023-12-01
낭월동094,1,,대전광역시 동구 낭월동 11-1,36.28139132,127.4775005,,한전주,042-271-4871,대전광역시 동구청,2023-12-01
낭월동095,1,,대전광역시 동구 낭월동 11-1,36.28139132,127.4775005,,한전주,042-271-4871,대전광역시 동구청,2023-12-01
낭월동096,1,,대전광역시 동구 낭월동 11-5,36.28183023,127.4791134,,한전주,042-271-4871,대전광역시 동구청,2023-12-01
낭월동097,1,,대전광역시 동구 낭월동 96-1,36.27594315,127.4704952,,한전주,042-271-4871,대전광역시 동구청,2023-12-01
낭월동098,1,,대전광역시 동구 낭월동 95,36.27604318,127.4713909,,한전주,042-271-4871,대전광역시 동구청,2023-12-01
낭월동099,1,,대전광역시 동구 낭월동 299,36.27607359,127.4719667,,한전주,042-271-4871,대전광역시 동구청,2023-12-01
낭월동100,1,,대전광역시 동구 낭월동 93,36.27598393,127.4724291,,한전주,042-271-4871,대전광역시 동구청,2023-12-01
낭월동101,1,,대전광역시 동구 낭월동 92-1,36.27608852,127.4739634,,한전주,042-271-4871,대전광역시 동구청,2023-12-01
낭월동102,1,,대전광역시 동구 낭월동 92-2,36.27562232,127.4745264,,한전주,042-271-4871,대전광역시 동구청,2023-12-01
낭월동103,1,,대전광역시 동구 낭월동 92-3,36.27567731,127.4754803,,한전주,042-271-4871,대전광역시 동구청,2023-12-01
낭월동108,1,,대전광역시 동구 낭월동 614,36.2781633,127.4687274,,한전주,042-271-4871,대전광역시 동구청,2023-12-01
낭월동109,1,,대전광역시 동구 낭월동 601,36.27861847,127.4687779,,한전주,042-271-4871,대전광역시 동구청,2023-12-01
낭월동110,1,,대전광역시 동구 낭월동 583,36.27862622,127.4681569,,한전주,042-271-4871,대전광역시 동구청,2023-12-01
낭월동111,1,,대전광역시 동구 낭월동 585,36.27863365,127.4677995,,한전주,042-271-4872,대전광역시 동구청,2023-12-01
낭월동112,1,,대전광역시 동구 낭월동 588,36.27862973,127.4672589,,한전주,042-271-4873,대전광역시 동구청,2023-12-01
낭월동113,1,,대전광역시 동구 낭월동 590,36.27862625,127.4668808,,한전주,042-271-4871,대전광역시 동구청,2023-12-01
낭월동114,1,,대전광역시 동구 낭월동 709,36.27848382,127.4676004,,한전주,042-271-4871,대전광역시 동구청,2023-12-01
낭월동115,1,,대전광역시 동구 낭월동 558,36.27881647,127.4665385,,한전주,042-271-4871,대전광역시 동구청,2023-12-01
낭월동116,1,,대전광역시 동구 낭월동 577,36.27882144,127.4671595,,한전주,042-271-4871,대전광역시 동구청,2023-12-01
낭월동117,1,,대전광역시 동구 낭월동 580,36.27885995,127.4677498,,한전주,042-271-4871,대전광역시 동구청,2023-12-01
낭월동118,1,,대전광역시 동구 낭월동 582,36.27885627,127.4680694,,한전주,042-271-4871,대전광역시 동구청,2023-12-01
낭월동119,1,,대전광역시 동구 낭월동 603,36.27871538,127.4684699,,한전주,042-271-4871,대전광역시 동구청,2023-12-01
낭월동120,1,,대전광역시 동구 낭월동 606,36.2791502,127.4682619,,한전주,042-271-4871,대전광역시 동구청,2023-12-01
낭월동121,1,,대전광역시 동구 낭월동 569,36.27932435,127.4677678,,한전주,042-271-4871,대전광역시 동구청,2023-12-01
낭월동122,1,,대전광역시 동구 낭월동 568,36.27928288,127.4675874,,한전주,042-271-4871,대전광역시 동구청,2023-12-01
낭월동123,1,,대전광역시 동구 낭월동 567,36.2792976,127.4672121,,한전주,042-271-4871,대전광역시 동구청,2023-12-01
낭월동124,1,,대전광역시 동구 낭월동 704,36.27942615,127.4669875,,한전주,042-271-4871,대전광역시 동구청,2023-12-01
낭월동125,1,,대전광역시 동구 낭월동 510,36.27926512,127.4659746,,한전주,042-271-4871,대전광역시 동구청,2023-12-01
낭월동126,1,,대전광역시 동구 낭월동 694,36.27939244,127.4653075,,한전주,042-271-4871,대전광역시 동구청,2023-12-01
낭월동127,1,,대전광역시 동구 낭월동 485,36.27922512,127.465182,,한전주,042-271-4871,대전광역시 동구청,2023-12-01
낭월동128,1,,대전광역시 동구 낭월동 490,36.27903947,127.4647436,,한전주,042-271-4871,대전광역시 동구청,2023-12-01
낭월동129,1,,대전광역시 동구 낭월동 490,36.27903947,127.4647436,,한전주,042-271-4871,대전광역시 동구청,2023-12-01
낭월동130,1,,대전광역시 동구 낭월동 518,36.27899401,127.4657751,,한전주,042-271-4871,대전광역시 동구청,2023-12-01
낭월동131,1,,대전광역시 동구 낭월동 518,36.27899401,127.4657751,,한전주,042-271-4871,대전광역시 동구청,2023-12-01
낭월동132,1,,대전광역시 동구 낭월동 519,36.27830053,127.4658255,,한전주,042-271-4871,대전광역시 동구청,2023-12-01
낭월동133,1,,대전광역시 동구 낭월동 527,36.27787337,127.4658261,,한전주,042-271-4871,대전광역시 동구청,2023-12-01
낭월동134,1,,대전광역시 동구 낭월동 534,36.27720338,127.4655603,,한전주,042-271-4871,대전광역시 동구청,2023-12-01
낭월동135,1,,대전광역시 동구 낭월동 507,36.27795351,127.4651927,,전용주,042-271-4871,대전광역시 동구청,2023-12-01
낭월동136,1,,대전광역시 동구 낭월동 508,36.27815147,127.4652239,,한전주,042-271-4871,대전광역시 동구청,2023-12-01
낭월동137,1,,대전광역시 동구 낭월동 494,36.27830933,127.4647924,,한전주,042-271-4871,대전광역시 동구청,2023-12-01
낭월동138,1,,대전광역시 동구 낭월동 494,36.27830933,127.4647924,,한전주,042-271-4871,대전광역시 동구청,2023-12-01
낭월동139,1,,대전광역시 동구 낭월동 529,36.27754514,127.4644645,,한전주,042-271-4871,대전광역시 동구청,2023-12-01
낭월동140,1,,대전광역시 동구 낭월동 496,36.27786152,127.4647718,,한전주,042-271-4871,대전광역시 동구청,2023-12-01
낭월동141,1,,대전광역시 동구 낭월동 404,36.28025299,127.4660667,,한전주,042-271-4871,대전광역시 동구청,2023-12-01
낭월동142,1,,대전광역시 동구 낭월동 401,36.28061425,127.4659126,,한전주,042-271-4871,대전광역시 동구청,2023-12-01
낭월동143,1,,대전광역시 동구 낭월동 541,36.27967809,127.4663311,,한전주,042-271-4871,대전광역시 동구청,2023-12-01
낭월동144,1,,대전광역시 동구 낭월동 541,36.27967809,127.4663311,,한전주,042-271-4871,대전광역시 동구청,2023-12-01
낭월동145,1,,대전광역시 동구 낭월동 442,36.28025311,127.4665233,,한전주,042-271-4871,대전광역시 동구청,2023-12-01
낭월동146,1,,대전광역시 동구 낭월동 443,36.28016066,127.4668193,,한전주,042-271-4871,대전광역시 동구청,2023-12-01
낭월동147,1,,대전광역시 동구 낭월동 421,36.28089818,127.4670756,,한전주,042-271-4871,대전광역시 동구청,2023-12-01
낭월동148,1,,대전광역시 동구 낭월동 458,36.28145403,127.4672368,,한전주,042-271-4871,대전광역시 동구청,2023-12-01
낭월동149,1,,대전광역시 동구 낭월동 413,36.28141076,127.4668243,,한전주,042-271-4871,대전광역시 동구청,2023-12-01
낭월동150,1,,대전광역시 동구 낭월동 422,36.28093028,127.466794,,한전주,042-271-4871,대전광역시 동구청,2023-12-01
낭월동151,1,,대전광역시 동구 낭월동 425,36.28089566,127.466242,,한전주,042-271-4871,대전광역시 동구청,2023-12-01
낭월동152,1,,대전광역시 동구 낭월동 395,36.28093837,127.4655971,,한전주,042-271-4871,대전광역시 동구청,2023-12-01
낭월동153,1,,대전광역시 동구 낭월동 397,36.28085692,127.4649903,,한전주,042-271-4871,대전광역시 동구청,2023-12-01
낭월동154,1,,대전광역시 동구 낭월동 384,36.28138947,127.4650958,,한전주,042-271-4871,대전광역시 동구청,2023-12-01
낭월동155,1,,대전광역시 동구 낭월동 390,36.28108256,127.4653652,,한전주,042-271-4871,대전광역시 동구청,2023-12-01
낭월동156,1,,대전광역시 동구 낭월동 419,36.28107996,127.4668195,,한전주,042-271-4871,대전광역시 동구청,2023-12-01
낭월동157,1,,대전광역시 동구 낭월동 410,36.28161656,127.4662329,,한전주,042-271-4871,대전광역시 동구청,2023-12-01
낭월동158,1,,대전광역시 동구 낭월동 376,36.28168581,127.4650408,,한전주,042-271-4871,대전광역시 동구청,2023-12-01
낭월동159,1,,대전광역시 동구 낭월동 663,36.28210424,127.4645138,,한전주,042-271-4871,대전광역시 동구청,2023-12-01
낭월동160,1,,대전광역시 동구 낭월동 358,36.28205466,127.4651815,,한전주,042-271-4871,대전광역시 동구청,2023-12-01
낭월동161,1,,대전광역시 동구 낭월동 911,36.27451754,127.4668625,,한전주,042-271-4871,대전광역시 동구청,2023-12-01
낭월동162,1,,대전광역시 동구 낭월동 331,36.2832135,127.4662200162,,한전주,042-271-4871,대전광역시 동구청,2023-12-01
낭월동163,1,,대전광역시 동구 낭월동 313,36.28290529,127.4655515,,한전주,042-271-4871,대전광역시 동구청,2023-12-01
낭월동164,1,,대전광역시 동구 낭월동 307,36.28336303,127.4651715,,한전주,042-271-4871,대전광역시 동구청,2023-12-01
낭월동165,1,,대전광역시 동구 낭월동 306,36.28319423,127.4649892,,한전주,042-271-4871,대전광역시 동구청,2023-12-01
낭월동166,1,,대전광역시 동구 낭월동 11-18,36.28172283,127.4795178,,한전주,042-271-4871,대전광역시 동구청,2023-12-01
낭월동167,1,,대전광역시 동구 낭월동 11-15,36.28232446,127.4802757,,한전주,042-271-4871,대전광역시 동구청,2023-12-01
낭월동168,1,,대전광역시 동구 낭월동 산4-28,36.28279529,127.4825932,,한전주,042-271-4871,대전광역시 동구청,2023-12-01
낭월동169,1,,대전광역시 동구 낭월동 산4-28,36.28279529,127.4825932,,한전주,042-271-4871,대전광역시 동구청,2023-12-01
낭월동170,1,,대전광역시 동구 낭월동 산4-28,36.28279529,127.4825932,,한전주,042-271-4871,대전광역시 동구청,2023-12-01
낭월동171,1,,대전광역시 동구 낭월동 산4-28,36.28279529,127.4825932,,한전주,042-271-4871,대전광역시 동구청,2023-12-01
낭월동172,1,,대전광역시 동구 낭월동 산4-23,36.2825406,127.4837557,,한전주,042-271-4871,대전광역시 동구청,2023-12-01
낭월동173,1,,대전광역시 동구 낭월동 698,36.2780322,127.4643829,,한전주,042-271-4871,대전광역시 동구청,2023-12-01
낭월동174,1,,대전광역시 동구 낭월동 산4-28,36.28279529,127.4825932,,한전주,042-271-4871,대전광역시 동구청,2023-12-01
낭월동175,1,,대전광역시 동구 낭월동 911,36.27451754,127.4668625,,한전주,042-271-4871,대전광역시 동구청,2023-12-01
낭월동176,1,,대전광역시 동구 낭월동 911,36.27451754,127.4668625,,한전주,042-271-4871,대전광역시 동구청,2023-12-01
낭월동177,1,,대전광역시 동구 낭월동 911,36.27451754,127.4668625,,한전주,042-271-4871,대전광역시 동구청,2023-12-01
낭월동178,1,,대전광역시 동구 낭월동 392,36.2811356,127.4659315,,한전주,042-271-4871,대전광역시 동구청,2023-12-01
낭월동179,1,,대전광역시 동구 낭월동 373,36.28197878,127.4669859,,한전주,042-271-4871,대전광역시 동구청,2023-12-01
낭월동180,1,,대전광역시 동구 낭월동 288-4,36.28351497,127.4666761,,한전주,042-271-4871,대전광역시 동구청,2023-12-01
낭월동181,1,,대전광역시 동구 낭월동 산 13-1,36.28049631,127.4713098,,전용주,042-271-4871,대전광역시 동구청,2023-12-01
낭월동182,1,,대전광역시 동구 낭월동 10-13,36.2824429,127.4800574,,한전주,042-271-4871,대전광역시 동구청,2023-12-01
낭월동183,1,,대전광역시 동구 낭월동 288-151,36.28305496,127.4674024,,한전주,042-271-4871,대전광역시 동구청,2023-12-01
대동001,1,,대전광역시 동구 대동 179-7,36.3300512,127.442798,,건축물,042-271-4871,대전광역시 동구청,2023-12-01
대동002,1,,대전광역시 동구 대동 179-9,36.33009381,127.4425596,,한전주,042-271-4871,대전광역시 동구청,2023-12-01
대동003,1,,대전광역시 동구 대동 178-17,36.33035802,127.4425406,,전용주,042-271-4871,대전광역시 동구청,2023-12-01
대동004,1,,대전광역시 동구 대동 178-17,36.33035802,127.4425406,,한전주,042-271-4871,대전광역시 동구청,2023-12-01
대동005,1,,대전광역시 동구 대동 408,36.33169956,127.4458992,,한전주,042-271-4871,대전광역시 동구청,2023-12-01
대동006,1,,대전광역시 동구 대동 192-18,36.33084395,127.4431689,,한전주,042-271-4871,대전광역시 동구청,2023-12-01
대동007,1,,대전광역시 동구 대동 66-31,36.33106883,127.443376,,한전주,042-271-4871,대전광역시 동구청,2023-12-01
대동008,1,,대전광역시 동구 대동 66-23,36.33131259,127.4435001,,한전주,042-271-4871,대전광역시 동구청,2023-12-01
대동009,1,,대전광역시 동구 대동 66-28,36.33157926,127.4436432,,한전주,042-271-4871,대전광역시 동구청,2023-12-01
대동010,1,,대전광역시 동구 대동 66-25,36.33162381,127.4439747,,전용주,042-271-4871,대전광역시 동구청,2023-12-01
대동011,1,,대전광역시 동구 대동 66-33,36.33202466,127.4438517,,한전주,042-271-4871,대전광역시 동구청,2023-12-01
대동012,1,,대전광역시 동구 대동 402-19,36.33240373,127.4442061,,한전주,042-271-4871,대전광역시 동구청,2023-12-01
대동013,1,,대전광역시 동구 대동 401-6,36.33359955,127.4449677,,한전주,042-271-4871,대전광역시 동구청,2023-12-01
대동014,1,,대전광역시 동구 대동 401-26,36.33323741,127.4448572,,한전주,042-271-4871,대전광역시 동구청,2023-12-01
대동015,1,,대전광역시 동구 대동 401-35,36.33306121,127.4446206,,전용주,042-271-4871,대전광역시 동구청,2023-12-01
대동016,1,,대전광역시 동구 대동 402-23,36.33217589,127.4442104,,전용주,042-271-4871,대전광역시 동구청,2023-12-01
대동017,1,,대전광역시 동구 대동 192-20,36.33083071,127.4434094,,한전주,042-271-4871,대전광역시 동구청,2023-12-01
대동018,1,,대전광역시 동구 대동 192-10,36.33042243,127.4431779,,전용주,042-271-4871,대전광역시 동구청,2023-12-01
대동019,1,,대전광역시 동구 대동 192-14,36.33035048,127.4429947,,한전주,042-271-4871,대전광역시 동구청,2023-12-01
대동020,1,,대전광역시 동구 대동 178-13,36.33058536,127.442376,,한전주,042-271-4871,대전광역시 동구청,2023-12-01
대동021,1,,대전광역시 동구 대동 208-2,36.33116421,127.442711,,한전주,042-271-4871,대전광역시 동구청,2023-12-01
대동022,1,,대전광역시 동구 대동 209-2,36.3311655,127.4423877,,건축물,042-271-4871,대전광역시 동구청,2023-12-01
대동023,1,,대전광역시 동구 대동 172-55,36.33105534,127.4419081,,한전주,042-271-4871,대전광역시 동구청,2023-12-01
대동024,1,,대전광역시 동구 대동 207-43,36.33121553,127.4413334,,한전주,042-271-4871,대전광역시 동구청,2023-12-01
대동025,1,,대전광역시 동구 대동 207-42,36.33128093,127.4414143,,한전주,042-271-4871,대전광역시 동구청,2023-12-01
대동026,1,,대전광역시 동구 대동 207-44,36.33165532,127.4417703,,한전주,042-271-4871,대전광역시 동구청,2023-12-01
대동027,1,,대전광역시 동구 대동 207-48,36.3315691,127.4419576,,한전주,042-271-4871,대전광역시 동구청,2023-12-01
대동028,1,,대전광역시 동구 대동 207-82,36.33143252,127.4424343,,한전주,042-271-4871,대전광역시 동구청,2023-12-01
대동029,1,,대전광역시 동구 대동 207-20,36.33145525,127.4426241,,한전주,042-271-4871,대전광역시 동구청,2023-12-01
대동030,1,,대전광역시 동구 대동 207-34,36.33147169,127.4409557,,전용주,042-271-4871,대전광역시 동구청,2023-12-01
대동031,1,,대전광역시 동구 대동 207-13,36.33160105,127.4414587,,전용주,042-271-4871,대전광역시 동구청,2023-12-01
대동032,1,,대전광역시 동구 대동 207-13,36.33160105,127.4414587,,전용주,042-271-4871,대전광역시 동구청,2023-12-01
대동033,1,,대전광역시 동구 대동 207-49,36.33165856,127.4422079,,전용주,042-271-4871,대전광역시 동구청,2023-12-01
대동034,1,,대전광역시 동구 대동 207-27,36.33184745,127.4418678,,한전주,042-271-4871,대전광역시 동구청,2023-12-01
대동035,1,,대전광역시 동구 대동 207-27,36.33184745,127.4418678,,한전주,042-271-4871,대전광역시 동구청,2023-12-01
대동036,1,,대전광역시 동구 대동 204-8,36.3314997,127.4430547,,한전주,042-271-4871,대전광역시 동구청,2023-12-01
대동037,1,,대전광역시 동구 대동 205-4,36.33171261,127.4432373,,한전주,042-271-4871,대전광역시 동구청,2023-12-01
대동038,1,,대전광역시 동구 대동 205-26,36.33181052,127.4435202,,한전주,042-271-4871,대전광역시 동구청,2023-12-01
대동039,1,,대전광역시 동구 신안동 320,36.33110277,127.4392627,,한전주,042-271-4871,대전광역시 동구청,2023-12-01
대동040,1,,대전광역시 동구 대동 246-5,36.33065203,127.4405509,,한전주,042-271-4871,대전광역시 동구청,2023-12-01
대동041,1,,대전광역시 동구 대동 173-5,36.33041076,127.4404859,,한전주,042-271-4871,대전광역시 동구청,2023-12-01
대동042,1,,대전광역시 동구 대동 173-47,36.33041279,127.4407405,,한전주,042-271-4871,대전광역시 동구청,2023-12-01
대동043,1,,대전광역시 동구 대동 173-6,36.33053321,127.4410035,,전용주,042-271-4871,대전광역시 동구청,2023-12-01
대동044,1,,대전광역시 동구 대동 174-8,36.33077588,127.4408858,,전용주,042-271-4871,대전광역시 동구청,2023-12-01
대동045,1,,대전광역시 동구 대동 173-18,36.33028783,127.441244,,전용주,042-271-4871,대전광역시 동구청,2023-12-01
대동046,1,,대전광역시 동구 대동 173-15,36.33029407,127.4414573,,전용주,042-271-4871,대전광역시 동구청,2023-12-01
대동047,1,,대전광역시 동구 대동 167-33,36.32991261,127.4417012,,전용주,042-271-4871,대전광역시 동구청,2023-12-01
대동048,1,,대전광역시 동구 대동 335-33,36.33004535,127.4410171,,한전주,042-271-4871,대전광역시 동구청,2023-12-01
대동049,1,,대전광역시 동구 대동 166-18,36.32988743,127.4410271,,건축물,042-271-4871,대전광역시 동구청,2023-12-01
대동050,1,,대전광역시 동구 대동 167-28,36.32983887,127.4412919,,한전주,042-271-4871,대전광역시 동구청,2023-12-01
대동051,1,,대전광역시 동구 대동 164-1,36.32963903,127.4414029,,전용주,042-271-4871,대전광역시 동구청,2023-12-01
대동052,1,,대전광역시 동구 대동 167-20,36.32985693,127.4416715,,한전주,042-271-4871,대전광역시 동구청,2023-12-01
대동053,1,,대전광역시 동구 대동 167-10,36.32980529,127.4419414,,한전주,042-271-4871,대전광역시 동구청,2023-12-01
대동054,1,,대전광역시 동구 대동 164-15,36.32956721,127.4413279,,전용주,042-271-4871,대전광역시 동구청,2023-12-01
대동055,1,,대전광역시 동구 대동 166-13,36.32957347,127.4410988,,건축물,042-271-4871,대전광역시 동구청,2023-12-01
대동056,1,,대전광역시 동구 대동 166-8,36.32975228,127.4408729,,전용주,042-271-4871,대전광역시 동구청,2023-12-01
대동057,1,,대전광역시 동구 대동 166-1,36.32990116,127.440701,,건축물,042-271-4871,대전광역시 동구청,2023-12-01
대동058,1,,대전광역시 동구 대동 163-15,36.32918174,127.441022,,건축물,042-271-4871,대전광역시 동구청,2023-12-01
대동059,1,,대전광역시 동구 대동 360,36.32496812,127.448467,,한전주,042-271-4871,대전광역시 동구청,2023-12-01
대동060,1,,대전광역시 동구 대동 547,36.32826305,127.4405894,,한전주,042-271-4871,대전광역시 동구청,2023-12-01
대동061,1,,대전광역시 동구 대동 78-10,36.3298937,127.4441759,,한전주,042-271-4871,대전광역시 동구청,2023-12-01
대동062,1,,대전광역시 동구 대동 78-17,36.32985071,127.4447663,,건축물,042-271-4871,대전광역시 동구청,2023-12-01
대동063,1,,대전광역시 동구 대동 339-3,36.33184844,127.443412,,한전주,042-271-4871,대전광역시 동구청,2023-12-01
대동064,1,,대전광역시 동구 대동 1-161,36.33081711,127.4505637,,건축물,042-271-4871,대전광역시 동구청,2023-12-01
대동065,1,,대전광역시 동구 대동 180-28,36.32952514,127.4434906,,전용주,042-271-4871,대전광역시 동구청,2023-12-01
대동066,1,,대전광역시 동구 대동 180-13,36.32969295,127.4436597,,전용주,042-271-4871,대전광역시 동구청,2023-12-01
대동067,1,,대전광역시 동구 대동 180-4,36.3299205,127.4437296,,전용주,042-271-4871,대전광역시 동구청,2023-12-01
대동068,1,,대전광역시 동구 대동 180-9,36.32952706,127.4439205,,건축물,042-271-4871,대전광역시 동구청,2023-12-01
대동069,1,,대전광역시 동구 대동 148-71,36.32932712,127.4437443,,한전주,042-271-4871,대전광역시 동구청,2023-12-01
대동070,1,,대전광역시 동구 대동 127-47,36.32947508,127.4444249,,한전주,042-271-4871,대전광역시 동구청,2023-12-01
대동071,1,,대전광역시 동구 대동 180-5,36.32986699,127.4438456,,한전주,042-271-4871,대전광역시 동구청,2023-12-01
대동072,1,,대전광역시 동구 대동 78-29,36.33004534,127.4443295,,한전주,042-271-4871,대전광역시 동구청,2023-12-01
대동073,1,,대전광역시 동구 대동 78-6,36.33018483,127.4442855,,한전주,042-271-4871,대전광역시 동구청,2023-12-01
대동074,1,,대전광역시 동구 대동 77-26,36.33048214,127.4444275,,한전주,042-271-4871,대전광역시 동구청,2023-12-01
대동075,1,,대전광역시 동구 대동 408,36.33169956,127.4458992,,한전주,042-271-4871,대전광역시 동구청,2023-12-01
대동076,1,,대전광역시 동구 대동 64-13,36.33091307,127.4444529,,전용주,042-271-4871,대전광역시 동구청,2023-12-01
대동077,1,,대전광역시 동구 대동 76-34,36.33095912,127.4447453,,한전주,042-271-4871,대전광역시 동구청,2023-12-01
대동078,1,,대전광역시 동구 대동 76-12,36.33118123,127.4448732,,한전주,042-271-4871,대전광역시 동구청,2023-12-01
대동079,1,,대전광역시 동구 대동 76-12,36.33118123,127.4448732,,한전주,042-271-4871,대전광역시 동구청,2023-12-01
대동080,1,,대전광역시 동구 대동 63-15,36.33136419,127.4449904,,한전주,042-271-4871,대전광역시 동구청,2023-12-01
대동081,1,,대전광역시 동구 대동 63-1,36.33146162,127.4450818,,한전주,042-271-4871,대전광역시 동구청,2023-12-01
대동082,1,,대전광역시 동구 대동 64-4,36.33167494,127.4446185,,한전주,042-271-4871,대전광역시 동구청,2023-12-01
대동083,1,,대전광역시 동구 대동 403-13,36.33187898,127.4448093,,한전주,042-271-4871,대전광역시 동구청,2023-12-01
대동084,1,,대전광역시 동구 대동 404-2,36.33199239,127.4453803,,한전주,042-271-4871,대전광역시 동구청,2023-12-01
대동085,1,,대전광역시 동구 대동 403-17,36.33215301,127.4448635,,전용주,042-271-4871,대전광역시 동구청,2023-12-01
대동086,1,,대전광역시 동구 대동 405-74,36.33242096,127.4457018,,한전주,042-271-4871,대전광역시 동구청,2023-12-01
대동087,1,,대전광역시 동구 대동 405-44,36.33255053,127.4457313,,한전주,042-271-4871,대전광역시 동구청,2023-12-01
대동088,1,,대전광역시 동구 대동 400-6,36.33274336,127.445568,,한전주,042-271-4871,대전광역시 동구청,2023-12-01
대동089,1,,대전광역시 동구 대동 400-15,36.33300554,127.4457292,,전용주,042-271-4871,대전광역시 동구청,2023-12-01
대동090,1,,대전광역시 동구 대동 358-8,36.33334856,127.4462519,,한전주,042-271-4871,대전광역시 동구청,2023-12-01
대동091,1,,대전광역시 동구 대동 400-4,36.3334602,127.4460137,,한전주,042-271-4871,대전광역시 동구청,2023-12-01
대동092,1,,대전광역시 동구 대동 357-17,36.33295116,127.4469705,,한전주,042-271-4871,대전광역시 동구청,2023-12-01
대동093,1,,대전광역시 동구 대동 358-6,36.33324002,127.4464778,,한전주,042-271-4871,대전광역시 동구청,2023-12-01
대동094,1,,대전광역시 동구 대동 405-71,36.33260729,127.4464597,,한전주,042-271-4871,대전광역시 동구청,2023-12-01
대동095,1,,대전광역시 동구 대동 405-66,36.33278868,127.4459808,,한전주,042-271-4871,대전광역시 동구청,2023-12-01
대동096,1,,대전광역시 동구 대동 405-8,36.33262507,127.4461848,,전용주,042-271-4871,대전광역시 동구청,2023-12-01
대동097,1,,대전광역시 동구 대동 405-70,36.3326085,127.446328,,전용주,042-271-4871,대전광역시 동구청,2023-12-01
대동098,1,,대전광역시 동구 대동 405-9,36.33244058,127.4466965,,한전주,042-271-4871,대전광역시 동구청,2023-12-01
대동099,1,,대전광역시 동구 대동 357-11,36.33257214,127.4472312,,한전주,042-271-4871,대전광역시 동구청,2023-12-01
대동100,1,,대전광역시 동구 대동 6-26,36.33255973,127.447633,,한전주,042-271-4871,대전광역시 동구청,2023-12-01
대동101,1,,대전광역시 동구 대동 6-1,36.3328467,127.4477211,,한전주,042-271-4871,대전광역시 동구청,2023-12-01
대동103,1,,대전광역시 동구 대동 357-27,36.33292126,127.4473985,,건축물,042-271-4871,대전광역시 동구청,2023-12-01
대동104,1,,대전광역시 동구 대동 6-38,36.33243976,127.4481681,,건축물,042-271-4871,대전광역시 동구청,2023-12-01
대동105,1,,대전광역시 동구 대동 6-33,36.33231086,127.4483215,,한전주,042-271-4871,대전광역시 동구청,2023-12-01
대동106,1,,대전광역시 동구 대동 8-6,36.33197368,127.448694,,한전주,042-271-4871,대전광역시 동구청,2023-12-01
대동107,1,,대전광역시 동구 대동 7-11,36.33195848,127.4479424,,한전주,042-271-4871,대전광역시 동구청,2023-12-01
대동108,1,,대전광역시 동구 대동 7-12,36.33204846,127.4476893,,한전주,042-271-4871,대전광역시 동구청,2023-12-01
대동109,1,,대전광역시 동구 대동 6-21,36.33241072,127.4475731,,전용주,042-271-4871,대전광역시 동구청,2023-12-01
대동110,1,,대전광역시 동구 대동 7-14,36.33207333,127.4474747,,한전주,042-271-4871,대전광역시 동구청,2023-12-01
대동111,1,,대전광역시 동구 대동 405-3,36.33227281,127.4470747,,한전주,042-271-4871,대전광역시 동구청,2023-12-01
대동112,1,,대전광역시 동구 대동 405-6,36.33230822,127.4467871,,한전주,042-271-4871,대전광역시 동구청,2023-12-01
대동113,1,,대전광역시 동구 대동 405-18,36.33227344,127.4460636,,한전주,042-271-4871,대전광역시 동구청,2023-12-01
대동114,1,,대전광역시 동구 대동 405-21,36.33217074,127.4467531,,전용주,042-271-4871,대전광역시 동구청,2023-12-01
대동115,1,,대전광역시 동구 대동 405-18,36.33227344,127.4460636,,전용주,042-271-4871,대전광역시 동구청,2023-12-01
대동116,1,,대전광역시 동구 대동 405-32,36.33200172,127.4468136,,전용주,042-271-4871,대전광역시 동구청,2023-12-01
대동117,1,,대전광역시 동구 대동 405-23,36.33213387,127.4470703,,전용주,042-271-4871,대전광역시 동구청,2023-12-01
대동118,1,,대전광역시 동구 대동 405-25,36.33195186,127.4472545,,한전주,042-271-4871,대전광역시 동구청,2023-12-01
대동119,1,,대전광역시 동구 대동 405-29,36.33173101,127.4472242,,한전주,042-271-4871,대전광역시 동구청,2023-12-01
대동120,1,,대전광역시 동구 대동 58-2,36.33166894,127.4475803,,한전주,042-271-4871,대전광역시 동구청,2023-12-01
대동121,1,,대전광역시 동구 대동 58-4,36.33157314,127.4479662,,한전주,042-271-4871,대전광역시 동구청,2023-12-01
대동122,1,,대전광역시 동구 대동 7-3,36.33187008,127.4482051,,전용주,042-271-4871,대전광역시 동구청,2023-12-01
대동123,1,,대전광역시 동구 대동 58-9,36.3315005,127.447919,,한전주,042-271-4871,대전광역시 동구청,2023-12-01
대동124,1,,대전광역시 동구 대동 59-4,36.33125644,127.4477308,,한전주,042-271-4871,대전광역시 동구청,2023-12-01
대동125,1,,대전광역시 동구 대동 59-3,36.33131261,127.4475799678,,한전주,042-271-4871,대전광역시 동구청,2023-12-01
대동126,1,,대전광역시 동구 대동 59-10,36.33155496,127.4469491,,한전주,042-271-4871,대전광역시 동구청,2023-12-01
대동127,1,,대전광역시 동구 대동 405-60,36.33186858,127.4468499538,,한전주,042-271-4871,대전광역시 동구청,2023-12-01
대동128,1,,대전광역시 동구 대동 404-12,36.33176917,127.4464422,,한전주,042-271-4871,대전광역시 동구청,2023-12-01
대동129,1,,대전광역시 동구 대동 404-7,36.33188773,127.4459673,,한전주,042-271-4871,대전광역시 동구청,2023-12-01
대동130,1,,대전광역시 동구 대동 404-5,36.33199254,127.4458948,,한전주,042-271-4871,대전광역시 동구청,2023-12-01
대동131,1,,대전광역시 동구 대동 404-27,36.33211856,127.4455467,,한전주,042-271-4871,대전광역시 동구청,2023-12-01
대동132,1,,대전광역시 동구 대동 62-26,36.33171887,127.4453571,,전용주,042-271-4871,대전광역시 동구청,2023-12-01
대동133,1,,대전광역시 동구 대동 404-3,36.33193966,127.4456731,,한전주,042-271-4871,대전광역시 동구청,2023-12-01
대동134,1,,대전광역시 동구 대동 62-8,36.33155221,127.4460674,,한전주,042-271-4871,대전광역시 동구청,2023-12-01
대동135,1,,대전광역시 동구 대동 62-10,36.33146909,127.446342,,한전주,042-271-4871,대전광역시 동구청,2023-12-01
대동136,1,,대전광역시 동구 대동 61-34,36.33133415,127.446616,,한전주,042-271-4871,대전광역시 동구청,2023-12-01
대동137,1,,대전광역시 동구 대동 61-53,36.33114535,127.4464233,,한전주,042-271-4871,대전광역시 동구청,2023-12-01
대동138,1,,대전광역시 동구 대동 62-14,36.33143275,127.4459136,,한전주,042-271-4871,대전광역시 동구청,2023-12-01
대동139,1,,대전광역시 동구 대동 63-3,36.3312782,127.4455738,,한전주,042-271-4871,대전광역시 동구청,2023-12-01
대동140,1,,대전광역시 동구 대동 62-34,36.33151866,127.4454221,,전용주,042-271-4871,대전광역시 동구청,2023-12-01
대동141,1,,대전광역시 동구 대동 76-44,36.33103725,127.4451086,,건축물,042-271-4871,대전광역시 동구청,2023-12-01
대동142,1,,대전광역시 동구 대동 76-36,36.33104827,127.4452723,,한전주,042-271-4871,대전광역시 동구청,2023-12-01
대동143,1,,대전광역시 동구 대동 76-21,36.33084037,127.445682,,한전주,042-271-4871,대전광역시 동구청,2023-12-01
대동144,1,,대전광역시 동구 대동 61-30,36.33104455,127.4462677,,한전주,042-271-4871,대전광역시 동구청,2023-12-01
대동146,1,,대전광역시 동구 대동 191-32,36.33075392,127.4459793,,한전주,042-271-4871,대전광역시 동구청,2023-12-01
대동147,1,,대전광역시 동구 대동 76-29,36.33081414,127.4453946,,전용주,042-271-4871,대전광역시 동구청,2023-12-01
대동148,1,,대전광역시 동구 대동 188-31,36.33042618,127.445659,,한전주,042-271-4871,대전광역시 동구청,2023-12-01
대동149,1,,대전광역시 동구 대동 188-33,36.33032374,127.4455571,,한전주,042-271-4871,대전광역시 동구청,2023-12-01
대동150,1,,대전광역시 동구 대동 76-5,36.33070706,127.4453263,,한전주,042-271-4871,대전광역시 동구청,2023-12-01
대동151,1,,대전광역시 동구 대동 76-7,36.33066527,127.445078,,한전주,042-271-4871,대전광역시 동구청,2023-12-01
대동152,1,,대전광역시 동구 대동 76-10,36.33080124,127.4447924,,한전주,042-271-4871,대전광역시 동구청,2023-12-01
대동153,1,,대전광역시 동구 대동 78-3,36.33008708,127.4445185,,한전주,042-271-4871,대전광역시 동구청,2023-12-01
대동154,1,,대전광역시 동구 대동 185-19,36.32994905,127.4451652,,한전주,042-271-4871,대전광역시 동구청,2023-12-01
대동155,1,,대전광역시 동구 대동 77-3,36.33019935,127.4451535,,전용주,042-271-4871,대전광역시 동구청,2023-12-01
대동156,1,,대전광역시 동구 대동 77-12,36.330357,127.4450962,,전용주,042-271-4871,대전광역시 동구청,2023-12-01
대동157,1,,대전광역시 동구 대동 77-15,36.33030852,127.4448296,,전용주,042-271-4871,대전광역시 동구청,2023-12-01
대동158,1,,대전광역시 동구 대동 78-1,36.32996119,127.4448817,,전용주,042-271-4871,대전광역시 동구청,2023-12-01
대동159,1,,대전광역시 동구 대동 78-22,36.32989531,127.4444465,,전용주,042-271-4871,대전광역시 동구청,2023-12-01
대동161,1,,대전광역시 동구 대동 127-10,36.32950814,127.4446226,,한전주,042-271-4871,대전광역시 동구청,2023-12-01
대동162,1,,대전광역시 동구 대동 78-13,36.32966445,127.4443672,,한전주,042-271-4871,대전광역시 동구청,2023-12-01
대동163,1,,대전광역시 동구 대동 127-9,36.32920666,127.444561,,한전주,042-271-4871,대전광역시 동구청,2023-12-01
대동164,1,,대전광역시 동구 대동 127-36,36.32918855,127.4446804,,전용주,042-271-4871,대전광역시 동구청,2023-12-01
대동165,1,,대전광역시 동구 대동 127-43,36.32895297,127.4448053,,한전주,042-271-4871,대전광역시 동구청,2023-12-01
대동166,1,,대전광역시 동구 대동 133-12,36.32859915,127.4452221,,한전주,042-271-4871,대전광역시 동구청,2023-12-01
대동167,1,,대전광역시 동구 대동 125-10,36.3286126,127.4456745,,전용주,042-271-4871,대전광역시 동구청,2023-12-01
대동168,1,,대전광역시 동구 대동 125-2,36.32856174,127.4459975,,한전주,042-271-4871,대전광역시 동구청,2023-12-01
대동169,1,,대전광역시 동구 대동 125-5,36.32832024,127.4462844,,전용주,042-271-4871,대전광역시 동구청,2023-12-01
대동170,1,,대전광역시 동구 대동 126-5,36.32896819,127.4454131,,한전주,042-271-4871,대전광역시 동구청,2023-12-01
대동171,1,,대전광역시 동구 대동 127-5,36.32940388,127.4447914,,한전주,042-271-4871,대전광역시 동구청,2023-12-01
대동172,1,,대전광역시 동구 대동 184-3,36.32973945,127.4450886,,전용주,042-271-4871,대전광역시 동구청,2023-12-01
대동173,1,,대전광역시 동구 대동 184-1,36.32977743,127.4453694,,한전주,042-271-4871,대전광역시 동구청,2023-12-01
대동174,1,,대전광역시 동구 대동 129-1,36.32954233,127.4456533,,한전주,042-271-4871,대전광역시 동구청,2023-12-01
대동175,1,,대전광역시 동구 대동 188-2,36.32995691,127.4457645,,한전주,042-271-4871,대전광역시 동구청,2023-12-01
대동177,1,,대전광역시 동구 대동 191-29,36.33069625,127.4460911,,한전주,042-271-4871,대전광역시 동구청,2023-12-01
대동178,1,,대전광역시 동구 대동 61-22,36.33072288,127.4466899,,한전주,042-271-4871,대전광역시 동구청,2023-12-01
대동179,1,,대전광역시 동구 대동 16-48,36.33052496,127.4463334,,한전주,042-271-4871,대전광역시 동구청,2023-12-01
대동180,1,,대전광역시 동구 대동 16-140,36.33030536,127.4464974,,한전주,042-271-4871,대전광역시 동구청,2023-12-01
대동181,1,,대전광역시 동구 대동 16-130,36.33045279,127.4468604,,한전주,042-271-4871,대전광역시 동구청,2023-12-01
대동182,1,,대전광역시 동구 대동 16-79,36.33036375,127.4468128,,전용주,042-271-4871,대전광역시 동구청,2023-12-01
대동184,1,,대전광역시 동구 대동 61-24,36.33087584,127.4469214,,한전주,042-271-4871,대전광역시 동구청,2023-12-01
대동185,1,,대전광역시 동구 대동 61-38,36.33128549,127.4469052,,한전주,042-271-4871,대전광역시 동구청,2023-12-01
대동186,1,,대전광역시 동구 대동 59-7,36.33139975,127.4470747,,한전주,042-271-4871,대전광역시 동구청,2023-12-01
대동187,1,,대전광역시 동구 대동 61-36,36.33132094,127.4467513,,한전주,042-271-4871,대전광역시 동구청,2023-12-01
대동188,1,,대전광역시 동구 대동 59-4,36.33125644,127.4477308,,한전주,042-271-4871,대전광역시 동구청,2023-12-01
대동189,1,,대전광역시 동구 대동 61-6,36.3308036,127.4474200170,,한전주,042-271-4871,대전광역시 동구청,2023-12-01
대동190,1,,대전광역시 동구 대동 61-16,36.33048852,127.4473788,,한전주,042-271-4871,대전광역시 동구청,2023-12-01
대동191,1,,대전광역시 동구 대동 16-112,36.33029976,127.4471996,,한전주,042-271-4871,대전광역시 동구청,2023-12-01
대동192,1,,대전광역시 동구 대동 16-94,36.33022662,127.4475998,,전용주,042-271-4871,대전광역시 동구청,2023-12-01
대동193,1,,대전광역시 동구 대동 16-94,36.33022662,127.4475998,,전용주,042-271-4871,대전광역시 동구청,2023-12-01
대동194,1,,대전광역시 동구 대동 17-4,36.33011445,127.448077,,전용주,042-271-4871,대전광역시 동구청,2023-12-01
대동195,1,,대전광역시 동구 대동 16-102,36.3303672,127.4479609,,전용주,042-271-4871,대전광역시 동구청,2023-12-01
대동196,1,,대전광역시 동구 대동 16-102,36.3303672,127.4479609,,한전주,042-271-4871,대전광역시 동구청,2023-12-01
대동197,1,,대전광역시 동구 대동 13-24,36.33064804,127.4482658,,한전주,042-271-4871,대전광역시 동구청,2023-12-01
대동198,1,,대전광역시 동구 대동 59-8,36.3314266,127.4469088,,한전주,042-271-4871,대전광역시 동구청,2023-12-01
대동199,1,,대전광역시 동구 대동 60-8,36.33084938,127.4486216,,한전주,042-271-4871,대전광역시 동구청,2023-12-01
대동200,1,,대전광역시 동구 대동 23-23,36.33051263,127.4487831,,한전주,042-271-4871,대전광역시 동구청,2023-12-01
대동201,1,,대전광역시 동구 대동 24-27,36.33091793,127.4491079,,한전주,042-271-4871,대전광역시 동구청,2023-12-01
대동202,1,,대전광역시 동구 대동 60-15,36.33095249,127.4484738,,한전주,042-271-4871,대전광역시 동구청,2023-12-01
대동203,1,,대전광역시 동구 대동 9-32,36.33127418,127.4481692,,한전주,042-271-4871,대전광역시 동구청,2023-12-01
대동204,1,,대전광역시 동구 대동 9-38,36.33129918,127.4486144,,한전주,042-271-4871,대전광역시 동구청,2023-12-01
대동205,1,,대전광역시 동구 대동 9-3,36.33127232,127.4486894,,한전주,042-271-4871,대전광역시 동구청,2023-12-01
대동206,1,,대전광역시 동구 대동 9-5,36.33107286,127.4489132,,한전주,042-271-4871,대전광역시 동구청,2023-12-01
대동207,1,,대전광역시 동구 대동 5-242,36.33107815,127.449158,,한전주,042-271-4871,대전광역시 동구청,2023-12-01
대동208,1,,대전광역시 동구 대동 5-239,36.33150249,127.4492618,,한전주,042-271-4871,대전광역시 동구청,2023-12-01
대동209,1,,대전광역시 동구 대동 8-21,36.33151304,127.4488267,,한전주,042-271-4871,대전광역시 동구청,2023-12-01
대동210,1,,대전광역시 동구 대동 8-17,36.33163176,127.4485543,,건축물,042-271-4871,대전광역시 동구청,2023-12-01
대동211,1,,대전광역시 동구 대동 8-23,36.3318921,127.4489644,,한전주,042-271-4871,대전광역시 동구청,2023-12-01
대동212,1,,대전광역시 동구 대동 5-208,36.3322222,127.449013,,한전주,042-271-4871,대전광역시 동구청,2023-12-01
대동213,1,,대전광역시 동구 대동 5-234,36.33232646,127.4490399,,전용주,042-271-4871,대전광역시 동구청,2023-12-01
대동214,1,,대전광역시 동구 대동 5-247,36.33256902,127.4485926,,한전주,042-271-4871,대전광역시 동구청,2023-12-01
대동215,1,,대전광역시 동구 대동 1-691,36.33225913,127.4494252,,한전주,042-271-4871,대전광역시 동구청,2023-12-01
대동217,1,,대전광역시 동구 대동 20-13,36.33253327,127.4488248,,한전주,042-271-4871,대전광역시 동구청,2023-12-01
대동219,1,,대전광역시 동구 대동 5-51,36.3319931,127.4498571,,전용주,042-271-4871,대전광역시 동구청,2023-12-01
대동222,1,,대전광역시 동구 대동 6-4,36.33262632,127.4480925,,건축물,042-271-4871,대전광역시 동구청,2023-12-01
대동223,1,,대전광역시 동구 대동 5-140,36.33169401,127.4492323,,한전주,042-271-4871,대전광역시 동구청,2023-12-01
대동224,1,,대전광역시 동구 대동 5-171,36.33137064,127.4495032,,전용주,042-271-4871,대전광역시 동구청,2023-12-01
대동225,1,,대전광역시 동구 대동 5-167,36.33144432,127.449705,,한전주,042-271-4871,대전광역시 동구청,2023-12-01
대동226,1,,대전광역시 동구 대동 5-164,36.33133833,127.449851,,전용주,042-271-4871,대전광역시 동구청,2023-12-01
대동227,1,,대전광역시 동구 대동 1-420,36.33169212,127.4501165,,전용주,042-271-4871,대전광역시 동구청,2023-12-01
대동228,1,,대전광역시 동구 대동 1-416,36.33159214,127.4501752,,한전주,042-271-4871,대전광역시 동구청,2023-12-01
대동229,1,,대전광역시 동구 대동 1-422,36.33177554,127.4501719,,한전주,042-271-4871,대전광역시 동구청,2023-12-01
대동231,1,,대전광역시 동구 대동 1-442,36.33218546,127.4501319,,전용주,042-271-4871,대전광역시 동구청,2023-12-01
대동232,1,,대전광역시 동구 대동 1-697,36.33223908,127.4506829,,건축물,042-271-4871,대전광역시 동구청,2023-12-01
대동233,1,,대전광역시 동구 대동 1-445,36.331221,127.4503538,,한전주,042-271-4871,대전광역시 동구청,2023-12-01
대동234,1,,대전광역시 동구 대동 1-379,36.33150812,127.4506391,,한전주,042-271-4871,대전광역시 동구청,2023-12-01
대동235,1,,대전광역시 동구 대동 1-679,36.33156693,127.4510064,,한전주,042-271-4871,대전광역시 동구청,2023-12-01
대동236,1,,대전광역시 동구 대동 1-379,36.33150812,127.4506391,,한전주,042-271-4871,대전광역시 동구청,2023-12-01
대동237,1,,대전광역시 동구 대동 1-399,36.33181644,127.4506556,,건축물,042-271-4871,대전광역시 동구청,2023-12-01
대동238,1,,대전광역시 동구 대동 1-677,36.33204682,127.450882,,한전주,042-271-4871,대전광역시 동구청,2023-12-01
대동239,1,,대전광역시 동구 대동 1-713,36.33202619,127.4506676,,한전주,042-271-4871,대전광역시 동구청,2023-12-01
대동240,1,,대전광역시 동구 대동 1-1217,36.33215075,127.4514254,,한전주,042-271-4871,대전광역시 동구청,2023-12-01
대동241,1,,대전광역시 동구 대동 1-1217,36.33215075,127.4514254,,한전주,042-271-4871,대전광역시 동구청,2023-12-01
대동243,1,,대전광역시 동구 대동 1-360,36.33168279,127.4512296,,한전주,042-271-4871,대전광역시 동구청,2023-12-01
대동244,1,,대전광역시 동구 대동 1-361,36.33181952,127.4510819,,한전주,042-271-4871,대전광역시 동구청,2023-12-01
대동245,1,,대전광역시 동구 대동 1-357,36.33183139,127.4512303,,전용주,042-271-4871,대전광역시 동구청,2023-12-01
대동246,1,,대전광역시 동구 대동 1-635,36.33209761,127.4513453,,전용주,042-271-4871,대전광역시 동구청,2023-12-01
대동247,1,,대전광역시 동구 대동 1-732,36.33137507,127.4513301,,한전주,042-271-4871,대전광역시 동구청,2023-12-01
대동248,1,,대전광역시 동구 대동 1-35,36.33091285,127.4514853,,전용주,042-271-4871,대전광역시 동구청,2023-12-01
대동249,1,,대전광역시 동구 대동 1-1015,36.33115219,127.4518234,,건축물,042-271-4871,대전광역시 동구청,2023-12-01
대동250,1,,대전광역시 동구 대동 1-1016,36.33106481,127.4517888,,건축물,042-271-4871,대전광역시 동구청,2023-12-01
대동251,1,,대전광역시 동구 대동 1-35,36.33091285,127.4514853,,한전주,042-271-4871,대전광역시 동구청,2023-12-01
대동252,1,,대전광역시 동구 대동 1-31,36.33057973,127.4514749,,한전주,042-271-4871,대전광역시 동구청,2023-12-01
대동253,1,,대전광역시 동구 대동 1-30,36.33058036,127.4510775,,전용주,042-271-4871,대전광역시 동구청,2023-12-01
대동254,1,,대전광역시 동구 대동 1-31,36.33057973,127.4514749,,한전주,042-271-4871,대전광역시 동구청,2023-12-01
대동255,1,,대전광역시 동구 대동 1-1021,36.33013937,127.4512727,,한전주,042-271-4871,대전광역시 동구청,2023-12-01
대동256,1,,대전광역시 동구 대동 1-432,36.33002217,127.4513182,,전용주,042-271-4871,대전광역시 동구청,2023-12-01
대동257,1,,대전광역시 동구 대동 1-1021,36.33013937,127.4512727,,전용주,042-271-4871,대전광역시 동구청,2023-12-01
대동258,1,,대전광역시 동구 대동 1-439,36.32982194,127.4512117,,한전주,042-271-4871,대전광역시 동구청,2023-12-01
대동259,1,,대전광역시 동구 용운동 산 45-4,36.32948539,127.4510811,,전용주,042-271-4871,대전광역시 동구청,2023-12-01
대동260,1,,대전광역시 동구 용운동 산 45-4,36.32948539,127.4510811,,전용주,042-271-4871,대전광역시 동구청,2023-12-01
대동261,1,,대전광역시 동구 대동 28-9,36.32955799,127.4506577,,한전주,042-271-4871,대전광역시 동구청,2023-12-01
대동263,1,,대전광역시 동구 대동 1-929,36.33003852,127.4506697,,전용주,042-271-4871,대전광역시 동구청,2023-12-01
대동264,1,,대전광역시 동구 대동 1-929,36.33003852,127.4506697,,한전주,042-271-4871,대전광역시 동구청,2023-12-01
대동265,1,,대전광역시 동구 대동 1-567,36.33037714,127.4509262,,전용주,042-271-4871,대전광역시 동구청,2023-12-01
대동267,1,,대전광역시 동구 대동 1-1184,36.33077527,127.4506906,,한전주,042-271-4871,대전광역시 동구청,2023-12-01
대동268,1,,대전광역시 동구 대동 1-102,36.33098406,127.4508841,,한전주,042-271-4871,대전광역시 동구청,2023-12-01
대동269,1,,대전광역시 동구 대동 1-102,36.33098406,127.4508841,,한전주,042-271-4871,대전광역시 동구청,2023-12-01
대동270,1,,대전광역시 동구 대동 1-652,36.33115189,127.4510681,,건축물,042-271-4871,대전광역시 동구청,2023-12-01
대동271,1,,대전광역시 동구 대동 1-87,36.33107479,127.4506272,,전용주,042-271-4871,대전광역시 동구청,2023-12-01
대동272,1,,대전광역시 동구 대동 1-74,36.33126305,127.4509117,,한전주,042-271-4871,대전광역시 동구청,2023-12-01
대동273,1,,대전광역시 동구 대동 1-475,36.33113986,127.4505042,,한전주,042-271-4871,대전광역시 동구청,2023-12-01
대동274,1,,대전광역시 동구 대동 2-3,36.33110726,127.4502131,,전용주,042-271-4871,대전광역시 동구청,2023-12-01
대동275,1,,대전광역시 동구 대동 2-9,36.33090279,127.4501618,,한전주,042-271-4871,대전광역시 동구청,2023-12-01
대동277,1,,대전광역시 동구 대동 1-155,36.3309069,127.4503866,,한전주,042-271-4871,대전광역시 동구청,2023-12-01
대동278,1,,대전광역시 동구 대동 1-1197,36.33082852,127.4503807,,전용주,042-271-4871,대전광역시 동구청,2023-12-01
대동279,1,,대전광역시 동구 대동 1-1182,36.33070429,127.450514,,전용주,042-271-4871,대전광역시 동구청,2023-12-01
대동280,1,,대전광역시 동구 대동 1-526,36.33067055,127.4505956,,건축물,042-271-4871,대전광역시 동구청,2023-12-01
대동281,1,,대전광역시 동구 대동 1-523,36.3305659,127.4505546,,건축물,042-271-4871,대전광역시 동구청,2023-12-01
대동282,1,,대전광역시 동구 대동 5-188,36.33071599,127.4496792,,전용주,042-271-4871,대전광역시 동구청,2023-12-01
대동283,1,,대전광역시 동구 대동 5-58,36.33084821,127.4496753,,한전주,042-271-4871,대전광역시 동구청,2023-12-01
대동284,1,,대전광역시 동구 대동 6-7,36.33238087,127.4482522,,한전주,042-271-4871,대전광역시 동구청,2023-12-01
대동285,1,,대전광역시 동구 대동 2-20,36.33102424,127.449404,,한전주,042-271-4871,대전광역시 동구청,2023-12-01
대동286,1,,대전광역시 동구 대동 1-454,36.33130797,127.4499684,,전용주,042-271-4871,대전광역시 동구청,2023-12-01
대동287,1,,대전광역시 동구 대동 5-184,36.33077376,127.4499428,,한전주,042-271-4871,대전광역시 동구청,2023-12-01
대동288,1,,대전광역시 동구 대동 1-8,36.33042181,127.4505483,,한전주,042-271-4871,대전광역시 동구청,2023-12-01
대동289,1,,대전광역시 동구 대동 1-207,36.33029689,127.4501029,,한전주,042-271-4871,대전광역시 동구청,2023-12-01
대동290,1,,대전광역시 동구 대동 27-50,36.32996792,127.4498971,,전용주,042-271-4871,대전광역시 동구청,2023-12-01
대동291,1,,대전광역시 동구 대동 23-18,36.3300659,127.4496286,,전용주,042-271-4871,대전광역시 동구청,2023-12-01
대동292,1,,대전광역시 동구 대동 28-5,36.32960944,127.4500379,,한전주,042-271-4871,대전광역시 동구청,2023-12-01
대동293,1,,대전광역시 동구 대동 26-30,36.33053816,127.4495909,,한전주,042-271-4871,대전광역시 동구청,2023-12-01
대동294,1,,대전광역시 동구 대동 24-23,36.33058709,127.4492572,,한전주,042-271-4871,대전광역시 동구청,2023-12-01
대동295,1,,대전광역시 동구 대동 24-25,36.33079352,127.4491932,,전용주,042-271-4871,대전광역시 동구청,2023-12-01
대동296,1,,대전광역시 동구 대동 23-44,36.33055447,127.4485854,,한전주,042-271-4871,대전광역시 동구청,2023-12-01
대동297,1,,대전광역시 동구 대동 23-37,36.33039904,127.4486017,,한전주,042-271-4871,대전광역시 동구청,2023-12-01
대동299,1,,대전광역시 동구 대동 23-29,36.33024472,127.4495002,,전용주,042-271-4871,대전광역시 동구청,2023-12-01
대동300,1,,대전광역시 동구 대동 16-95,36.33023205,127.4481241,,전용주,042-271-4871,대전광역시 동구청,2023-12-01
대동301,1,,대전광역시 동구 대동 28,36.33016869,127.4488209,,전용주,042-271-4871,대전광역시 동구청,2023-12-01
대동302,1,,대전광역시 동구 대동 28,36.33016869,127.4488209,,전용주,042-271-4871,대전광역시 동구청,2023-12-01
대동303,1,,대전광역시 동구 대동 28,36.33016869,127.4488209,,전용주,042-271-4871,대전광역시 동구청,2023-12-01
대동304,1,,대전광역시 동구 대동 33-80,36.32900865,127.4484488,,한전주,042-271-4871,대전광역시 동구청,2023-12-01
대동305,1,,대전광역시 동구 대동 37-5,36.32890957,127.448003,,한전주,042-271-4871,대전광역시 동구청,2023-12-01
대동306,1,,대전광역시 동구 대동 33-102,36.32874774,127.4481194,,한전주,042-271-4871,대전광역시 동구청,2023-12-01
대동307,1,,대전광역시 동구 대동 37-14,36.32852854,127.4479824,,한전주,042-271-4871,대전광역시 동구청,2023-12-01
대동309,1,,대전광역시 동구 대동 46-1,36.32852852,127.4475306,,전용주,042-271-4871,대전광역시 동구청,2023-12-01
대동310,1,,대전광역시 동구 대동 36-1,36.328341,127.4479374,,한전주,042-271-4871,대전광역시 동구청,2023-12-01
대동311,1,,대전광역시 동구 대동 335-32,36.32780181,127.4470667,,전용주,042-271-4871,대전광역시 동구청,2023-12-01
대동312,1,,대전광역시 동구 대동 510-22,36.32776927,127.4473664,,전용주,042-271-4871,대전광역시 동구청,2023-12-01
대동313,1,,대전광역시 동구 대동 50-4,36.32823046,127.4467969,,건축물,042-271-4871,대전광역시 동구청,2023-12-01
대동314,1,,대전광역시 동구 대동 46-6,36.32825163,127.4469047,,전용주,042-271-4871,대전광역시 동구청,2023-12-01
대동315,1,,대전광역시 동구 대동 50-13,36.32808754,127.4472756,,한전주,042-271-4871,대전광역시 동구청,2023-12-01
대동316,1,,대전광역시 동구 대동 47-3,36.32854338,127.4467624,,전용주,042-271-4871,대전광역시 동구청,2023-12-01
대동317,1,,대전광역시 동구 대동 48-4,36.32860442,127.4464168,,전용주,042-271-4871,대전광역시 동구청,2023-12-01
대동318,1,,대전광역시 동구 대동 35-1,36.32808181,127.4481812,,한전주,042-271-4871,대전광역시 동구청,2023-12-01
대동319,1,,대전광역시 동구 대동 33-103,36.32836747,127.4483512,,한전주,042-271-4871,대전광역시 동구청,2023-12-01
대동320,1,,대전광역시 동구 대동 33-110,36.32860464,127.4485735,,전용주,042-271-4871,대전광역시 동구청,2023-12-01
대동321,1,,대전광역시 동구 대동 33-118,36.32871011,127.4484438,,전용주,042-271-4871,대전광역시 동구청,2023-12-01
대동322,1,,대전광역시 동구 대동 33-73,36.32873962,127.4489606,,한전주,042-271-4871,대전광역시 동구청,2023-12-01
대동323,1,,대전광역시 동구 대동 33-125,36.32882145,127.4492729,,한전주,042-271-4871,대전광역시 동구청,2023-12-01
대동324,1,,대전광역시 동구 대동 33-122,36.32835718,127.4490999961,,전용주,042-271-4871,대전광역시 동구청,2023-12-01
대동325,1,,대전광역시 동구 대동 33-138,36.3280643,127.4485959,,한전주,042-271-4871,대전광역시 동구청,2023-12-01
대동326,1,,대전광역시 동구 대동 33-58,36.32816396,127.4489117,,한전주,042-271-4871,대전광역시 동구청,2023-12-01
대동327,1,,대전광역시 동구 대동 33-121,36.32822911,127.4492968,,한전주,042-271-4871,대전광역시 동구청,2023-12-01
대동328,1,,대전광역시 동구 대동 33-132,36.32800175,127.4489814,,전용주,042-271-4871,대전광역시 동구청,2023-12-01
대동329,1,,대전광역시 동구 대동 33-178,36.32842273,127.4497395,,전용주,042-271-4871,대전광역시 동구청,2023-12-01
대동330,1,,대전광역시 동구 대동 28-25,36.32874054,127.4498679,,전용주,042-271-4871,대전광역시 동구청,2023-12-01
대동331,1,,대전광역시 동구 대동 28-25,36.32874054,127.4498679,,한전주,042-271-4871,대전광역시 동구청,2023-12-01
대동332,1,,대전광역시 동구 대동 28-22,36.32931318,127.4500753,,한전주,042-271-4871,대전광역시 동구청,2023-12-01
대동333,1,,대전광역시 동구 대동 28-22,36.32931318,127.4500753,,한전주,042-271-4871,대전광역시 동구청,2023-12-01
대동334,1,,대전광역시 동구 대동 140-6,36.32882495,127.4438739,,건축물,042-271-4871,대전광역시 동구청,2023-12-01
대동335,1,,대전광역시 동구 대동 352-8,36.32577602,127.4476387,,한전주,042-271-4871,대전광역시 동구청,2023-12-01
대동336,1,,대전광역시 동구 대동 198-7,36.32559491,127.4474377,,한전주,042-271-4871,대전광역시 동구청,2023-12-01
대동337,1,,대전광역시 동구 대동 353-10,36.32528813,127.4477325,,한전주,042-271-4871,대전광역시 동구청,2023-12-01
대동338,1,,대전광역시 동구 대동 353-8,36.32539072,127.4479166,,한전주,042-271-4871,대전광역시 동구청,2023-12-01
대동339,1,,대전광역시 동구 대동 353-1,36.3255183,127.4480438,,한전주,042-271-4871,대전광역시 동구청,2023-12-01
대동340,1,,대전광역시 동구 대동 352-1,36.32598965,127.4477199,,한전주,042-271-4871,대전광역시 동구청,2023-12-01
대동341,1,,대전광역시 동구 대동 353-3,36.32542735,127.4481675,,한전주,042-271-4871,대전광역시 동구청,2023-12-01
대동342,1,,대전광역시 동구 대동 353-11,36.32537083,127.448126,,한전주,042-271-4871,대전광역시 동구청,2023-12-01
대동343,1,,대전광역시 동구 대동 353-15,36.32522202,127.447916,,한전주,042-271-4871,대전광역시 동구청,2023-12-01
대동344,1,,대전광역시 동구 대동 198-12,36.32497052,127.4476204,,한전주,042-271-4871,대전광역시 동구청,2023-12-01
대동345,1,,대전광역시 동구 대동 198-18,36.32475862,127.4473182,,한전주,042-271-4871,대전광역시 동구청,2023-12-01
대동346,1,,대전광역시 동구 대동 198-20,36.32462779,127.4471425,,한전주,042-271-4871,대전광역시 동구청,2023-12-01
대동347,1,,대전광역시 동구 대동 200-21,36.32445141,127.4466675,,한전주,042-271-4871,대전광역시 동구청,2023-12-01
대동348,1,,대전광역시 동구 대동 200-23,36.32441305,127.4464892,,한전주,042-271-4871,대전광역시 동구청,2023-12-01
대동349,1,,대전광역시 동구 대동 200-10,36.32427291,127.4461768,,한전주,042-271-4871,대전광역시 동구청,2023-12-01
대동350,1,,대전광역시 동구 대동 200-6,36.32454688,127.4465859,,한전주,042-271-4871,대전광역시 동구청,2023-12-01
대동351,1,,대전광역시 동구 대동 200-4,36.32480741,127.446369,,한전주,042-271-4871,대전광역시 동구청,2023-12-01
대동352,1,,대전광역시 동구 대동 199-14,36.32518886,127.4460583,,건축물,042-271-4871,대전광역시 동구청,2023-12-01
대동353,1,,대전광역시 동구 대동 199-9,36.32518248,127.445932,,한전주,042-271-4871,대전광역시 동구청,2023-12-01
대동354,1,,대전광역시 동구 대동 199-13,36.3253419,127.4459322,,한전주,042-271-4871,대전광역시 동구청,2023-12-01
대동355,1,,대전광역시 동구 대동 197-7,36.32578027,127.4460907,,한전주,042-271-4871,대전광역시 동구청,2023-12-01
대동356,1,,대전광역시 동구 대동 199-1,36.32566164,127.4457616,,한전주,042-271-4871,대전광역시 동구청,2023-12-01
대동357,1,,대전광역시 동구 대동 199-8,36.325597,127.4456242,,한전주,042-271-4871,대전광역시 동구청,2023-12-01
대동359,1,,대전광역시 동구 대동 197-5,36.32580872,127.4463631,,한전주,042-271-4871,대전광역시 동구청,2023-12-01
대동360,1,,대전광역시 동구 대동 196-7,36.32611032,127.4464434,,전용주,042-271-4871,대전광역시 동구청,2023-12-01
대동361,1,,대전광역시 동구 대동 197-12,36.32569229,127.4463407,,한전주,042-271-4871,대전광역시 동구청,2023-12-01
대동363,1,,대전광역시 동구 대동 355-10,36.32437682,127.4470463,,한전주,042-271-4871,대전광역시 동구청,2023-12-01
대동364,1,,대전광역시 동구 대동 355-21,36.32402502,127.4470600037,,한전주,042-271-4871,대전광역시 동구청,2023-12-01
대동365,1,,대전광역시 동구 대동 355-19,36.32418067,127.4473016,,한전주,042-271-4871,대전광역시 동구청,2023-12-01
대동366,1,,대전광역시 동구 대동 355-27,36.32440759,127.4475636,,한전주,042-271-4871,대전광역시 동구청,2023-12-01
대동368,1,,대전광역시 동구 대동 354-2,36.32505314,127.4483947,,한전주,042-271-4871,대전광역시 동구청,2023-12-01
대동369,1,,대전광역시 동구 대동 354-1,36.3251209,127.4485195,,한전주,042-271-4871,대전광역시 동구청,2023-12-01
대동370,1,,대전광역시 동구 대동 119-13,36.32685954,127.4449727,,한전주,042-271-4871,대전광역시 동구청,2023-12-01
대동371,1,,대전광역시 동구 대동 119-16,36.32680388,127.4448685,,한전주,042-271-4871,대전광역시 동구청,2023-12-01
대동372,1,,대전광역시 동구 대동 118-9,36.3270387,127.4447058,,한전주,042-271-4871,대전광역시 동구청,2023-12-01
대동373,1,,대전광역시 동구 대동 118-2,36.3273244,127.4446269,,전용주,042-271-4871,대전광역시 동구청,2023-12-01
대동374,1,,대전광역시 동구 대동 118,36.32740558,127.4444616,,한전주,042-271-4871,대전광역시 동구청,2023-12-01
대동376,1,,대전광역시 동구 대동 336-1,36.32857436,127.4429332,,건축물,042-271-4871,대전광역시 동구청,2023-12-01
대동377,1,,대전광역시 동구 대동 116-10,36.3279276,127.4435224,,건축물,042-271-4871,대전광역시 동구청,2023-12-01
대동379,1,,대전광역시 동구 대동 148-65,36.32917844,127.4427912,,전용주,042-271-4871,대전광역시 동구청,2023-12-01
대동380,1,,대전광역시 동구 대동 25-16,36.33080572,127.449471,,한전주,042-271-4871,대전광역시 동구청,2023-12-01
대동381,1,,대전광역시 동구 대동 37-8,36.32871716,127.4479838,,전용주,042-271-4871,대전광역시 동구청,2023-12-01
대동382,1,,대전광역시 동구 대동 202-2,36.32392092,127.4468037,,한전주,042-271-4871,대전광역시 동구청,2023-12-01
대동383,1,,대전광역시 동구 대동 35-12,36.32795101,127.4483596,,전용주,042-271-4871,대전광역시 동구청,2023-12-01
대동391,1,,대전광역시 동구 대동 1-775,36.33243299,127.4500205,,한전주,042-271-4871,대전광역시 동구청,2023-12-01
대동392,1,,대전광역시 동구 대동 5-68,36.3321789,127.4494074,,한전주,042-271-4871,대전광역시 동구청,2023-12-01
대동393,1,,대전광역시 동구 대동 1-694,36.33235048,127.4496256,,전용주,042-271-4871,대전광역시 동구청,2023-12-01
대동394,1,,대전광역시 동구 대동 5-298,36.3318873,127.4498807,,한전주,042-271-4871,대전광역시 동구청,2023-12-01
대동395,1,,대전광역시 동구 대동 1-352,36.33214354,127.4506608,,건축물,042-271-4871,대전광역시 동구청,2023-12-01
대동396,1,,대전광역시 동구 대동 1-1236,36.33216115,127.4502201,,한전주,042-271-4871,대전광역시 동구청,2023-12-01
대동397,1,,대전광역시 동구 대동 1-873,36.33164519,127.4513838,,한전주,042-271-4871,대전광역시 동구청,2023-12-01
대동398,1,,대전광역시 동구 대동 1-522,36.33053641,127.4504883,,건축물,042-271-4871,대전광역시 동구청,2023-12-01
대동399,1,,대전광역시 동구 대동 1-789,36.33060781,127.4507391,,한전주,042-271-4871,대전광역시 동구청,2023-12-01
대동400,1,,대전광역시 동구 대동 28-9,36.32955799,127.4506577,,한전주,042-271-4871,대전광역시 동구청,2023-12-01
대동401,1,,대전광역시 동구 대동 1-187,36.3304883,127.4501985,,전용주,042-271-4871,대전광역시 동구청,2023-12-01
대동402,1,,대전광역시 동구 대동 1-477,36.33100624,127.4504499,,건축물,042-271-4871,대전광역시 동구청,2023-12-01
대동403,1,,대전광역시 동구 대동 23-25,36.33041357,127.4490297,,한전주,042-271-4871,대전광역시 동구청,2023-12-01
대동404,1,,대전광역시 동구 대동 1-456,36.33235132,127.4497376,,전용주,042-271-4871,대전광역시 동구청,2023-12-01
대동405,1,,대전광역시 동구 대동 5-51,36.3319931,127.4498571,,전용주,042-271-4871,대전광역시 동구청,2023-12-01
대동406,1,,대전광역시 동구 대동 5-301,36.33193992,127.4492343,,전용주,042-271-4871,대전광역시 동구청,2023-12-01
대동407,1,,대전광역시 동구 대동 5-304,36.33190208,127.4496274,,전용주,042-271-4871,대전광역시 동구청,2023-12-01
대동408,1,,대전광역시 동구 대동 357-30,36.33314838,127.4471985,,한전주,042-271-4871,대전광역시 동구청,2023-12-01
대동409,1,,대전광역시 동구 대동 408,36.33169956,127.4458992,,한전주,042-271-4871,대전광역시 동구청,2023-12-01
대동410,1,,대전광역시 동구 대동 61-56,36.33095755,127.4466404,,한전주,042-271-4871,대전광역시 동구청,2023-12-01
대동411,1,,대전광역시 동구 대동 130-7,36.32957234,127.4448559,,한전주,042-271-4871,대전광역시 동구청,2023-12-01
대동412,1,,대전광역시 동구 대동 130-1,36.32956827,127.4454389,,전용주,042-271-4871,대전광역시 동구청,2023-12-01
대동413,1,,대전광역시 동구 대동 127-49,36.32921316,127.4453583,,한전주,042-271-4871,대전광역시 동구청,2023-12-01
대동414,1,,대전광역시 동구 대동 127-14,36.32923827,127.4457039,,전용주,042-271-4871,대전광역시 동구청,2023-12-01
대동415,1,,대전광역시 동구 대동 126-1,36.32894387,127.4454824,,한전주,042-271-4871,대전광역시 동구청,2023-12-01
대동416,1,,대전광역시 동구 대동 36-4,36.3282889,127.4476993,,전용주,042-271-4871,대전광역시 동구청,2023-12-01
대동417,1,,대전광역시 동구 대동 353-1,36.3255183,127.4480438,,한전주,042-271-4871,대전광역시 동구청,2023-12-01
대동418,1,,대전광역시 동구 대동 360,36.32496812,127.448467,,한전주,042-271-4871,대전광역시 동구청,2023-12-01
대동419,1,,대전광역시 동구 대동 196-4,36.32606254,127.445843,,한전주,042-271-4871,대전광역시 동구청,2023-12-01
대동420,1,,대전광역시 동구 대동 198-10,36.32548999,127.4472997,,한전주,042-271-4871,대전광역시 동구청,2023-12-01
대동421,1,,대전광역시 동구 대동 336-9,36.32906462,127.4419866,,전용주,042-271-4871,대전광역시 동구청,2023-12-01
대동422,1,,대전광역시 동구 대동 153-5,36.32894317,127.4426387,,전용주,042-271-4871,대전광역시 동구청,2023-12-01
대동423,1,,대전광역시 동구 대동 146-1,36.3287637,127.4429899,,전용주,042-271-4871,대전광역시 동구청,2023-12-01
대동424,1,,대전광역시 동구 대동 163-4,36.32956133,127.4416248,,한전주,042-271-4871,대전광역시 동구청,2023-12-01
대동425,1,,대전광역시 동구 대동 247-1,36.33048832,127.4404191,,한전주,042-271-4871,대전광역시 동구청,2023-12-01
대동426,1,,대전광역시 동구 대동 406-1,36.33015739,127.442449,,한전주,042-271-4871,대전광역시 동구청,2023-12-01
대동427,1,,대전광역시 동구 대동 192-24,36.33058688,127.4430361,,한전주,042-271-4871,대전광역시 동구청,2023-12-01
대동428,1,,대전광역시 동구 대동 207-3,36.33139637,127.4421938,,건축물,042-271-4871,대전광역시 동구청,2023-12-01
대동429,1,,대전광역시 동구 대동 408,36.33169956,127.4458992,,한전주,042-271-4871,대전광역시 동구청,2023-12-01
대동431,1,,대전광역시 동구 대동 333-11,36.33003272,127.4481673,,전용주,042-271-4871,대전광역시 동구청,2023-12-01
대동432,1,,대전광역시 동구 대동 49-3,36.32830446,127.4464069,,건축물,042-271-4871,대전광역시 동구청,2023-12-01
대동433,1,,대전광역시 동구 대동 5-278,36.33153208,127.4496019,,전용주,042-271-4871,대전광역시 동구청,2023-12-01
대동434,1,,대전광역시 동구 대동 16-52,36.33055569,127.446045,,한전주,042-271-4871,대전광역시 동구청,2023-12-01
대동435,1,,대전광역시 동구 대동 408,36.33169956,127.4458992,,한전주,042-271-4871,대전광역시 동구청,2023-12-01
대동436,1,,대전광역시 동구 대동 406-1,36.33015739,127.442449,,전용주,042-271-4871,대전광역시 동구청,2023-12-01
대별동001,1,,대전광역시 동구 대별동 210-1,36.29139109,127.4583187,,전용주,042-271-4871,대전광역시 동구청,2023-12-01
대별동002,1,,대전광역시 동구 대별동 210-1,36.29139109,127.4583187,,한전주,042-271-4871,대전광역시 동구청,2023-12-01
대별동003,1,,대전광역시 동구 대별동 210-1,36.29139109,127.4583187,,한전주,042-271-4871,대전광역시 동구청,2023-12-01
대별동004,1,,대전광역시 동구 대별동 211-1,36.29071208,127.4588732,,한전주,042-271-4871,대전광역시 동구청,2023-12-01
대별동005,1,,대전광역시 동구 대별동 211-1,36.29071208,127.4588732,,한전주,042-271-4871,대전광역시 동구청,2023-12-01
대별동006,1,,대전광역시 동구 대별동 211-9,36.29044112,127.4590925,,한전주,042-271-4871,대전광역시 동구청,2023-12-01
대별동007,1,,대전광역시 동구 대별동 211-9,36.29044112,127.4590925,,한전주,042-271-4871,대전광역시 동구청,2023-12-01
대별동008,1,,대전광역시 동구 대별동 141-1,36.28912987,127.4583338,,한전주,042-271-4871,대전광역시 동구청,2023-12-01
대별동009,1,,대전광역시 동구 대별동 142,36.29110002,127.4609415,,건축물,042-271-4871,대전광역시 동구청,2023-12-01
대별동010,1,,대전광역시 동구 대별동 142,36.29110002,127.4609415,,전용주,042-271-4871,대전광역시 동구청,2023-12-01
대별동011,1,,대전광역시 동구 대별동 142,36.29110002,127.4609415,,전용주,042-271-4871,대전광역시 동구청,2023-12-01
대별동012,1,,대전광역시 동구 대별동 142,36.29110002,127.4609415,,전용주,042-271-4871,대전광역시 동구청,2023-12-01
대별동013,1,,대전광역시 동구 대별동 154-12,36.28775015,127.4587424,,한전주,042-271-4871,대전광역시 동구청,2023-12-01
대별동015,1,,대전광역시 동구 대별동 155-3,36.28780831,127.4589864,,한전주,042-271-4871,대전광역시 동구청,2023-12-01
대별동016,1,,대전광역시 동구 대별동 155-9,36.28786567,127.4591622,,한전주,042-271-4871,대전광역시 동구청,2023-12-01
대별동017,1,,대전광역시 동구 대별동 155-9,36.28786567,127.4591622,,한전주,042-271-4871,대전광역시 동구청,2023-12-01
대별동018,1,,대전광역시 동구 대별동 155-3,36.28780831,127.4589864,,한전주,042-271-4871,대전광역시 동구청,2023-12-01
대별동019,1,,대전광역시 동구 대별동 155-1,36.2880833,127.4595393,,한전주,042-271-4871,대전광역시 동구청,2023-12-01
대별동020,1,,대전광역시 동구 대별동 154-1,36.288494,127.4593198,,한전주,042-271-4871,대전광역시 동구청,2023-12-01
대별동021,1,,대전광역시 동구 대별동 46-11,36.28880692,127.4597397,,한전주,042-271-4871,대전광역시 동구청,2023-12-01
대별동023,1,,대전광역시 동구 대별동 213-2,36.28661272,127.454336,,한전주,042-271-4871,대전광역시 동구청,2023-12-01
대별동024,1,,대전광역시 동구 대별동 126-2,36.28757732,127.458205,,전용주,042-271-4871,대전광역시 동구청,2023-12-01
대별동025,1,,대전광역시 동구 대별동 375,36.28737208,127.4571992,,전용주,042-271-4871,대전광역시 동구청,2023-12-01
대별동026,1,,대전광역시 동구 대별동 223-1,36.28749192,127.455804,,한전주,042-271-4871,대전광역시 동구청,2023-12-01
대별동027,1,,대전광역시 동구 대별동 220-6,36.28768455,127.4561935,,한전주,042-271-4871,대전광역시 동구청,2023-12-01
대별동028,1,,대전광역시 동구 대별동 223-8,36.28741526,127.4552046,,한전주,042-271-4871,대전광역시 동구청,2023-12-01
대별동029,1,,대전광역시 동구 대별동 223-11,36.28727183,127.4554386,,한전주,042-271-4871,대전광역시 동구청,2023-12-01
대별동030,1,,대전광역시 동구 대별동 227-2,36.28709313,127.4548827,,한전주,042-271-4871,대전광역시 동구청,2023-12-01
대별동031,1,,대전광역시 동구 대별동 224-3,36.28768777,127.4550409,,전용주,042-271-4871,대전광역시 동구청,2023-12-01
대별동032,1,,대전광역시 동구 대별동 227,36.2870917,127.4543371,,한전주,042-271-4871,대전광역시 동구청,2023-12-01
대별동033,1,,대전광역시 동구 대별동 226-3,36.28724896,127.4540969,,한전주,042-271-4871,대전광역시 동구청,2023-12-01
대별동034,1,,대전광역시 동구 대별동 227,36.2870917,127.4543371,,한전주,042-271-4871,대전광역시 동구청,2023-12-01
대별동035,1,,대전광역시 동구 대별동 227,36.2870917,127.4543371,,전용주,042-271-4871,대전광역시 동구청,2023-12-01
대별동036,1,,대전광역시 동구 대별동 222-3,36.28712538,127.4555279,,한전주,042-271-4871,대전광역시 동구청,2023-12-01
대별동037,1,,대전광역시 동구 대별동 222-3,36.28712538,127.4555279,,한전주,042-271-4871,대전광역시 동구청,2023-12-01
대별동038,1,,대전광역시 동구 대별동 216,36.28704936,127.4566832,,한전주,042-271-4871,대전광역시 동구청,2023-12-01
대별동039,1,,대전광역시 동구 대별동 228,36.28705034,127.4536238,,한전주,042-271-4871,대전광역시 동구청,2023-12-01
대별동040,1,,대전광역시 동구 대별동 229-1,36.28690526,127.4534295,,한전주,042-271-4871,대전광역시 동구청,2023-12-01
대별동041,1,,대전광역시 동구 대별동 231-1,36.28688495,127.4528687,,한전주,042-271-4871,대전광역시 동구청,2023-12-01
대별동042,1,,대전광역시 동구 대별동 231-1,36.28688495,127.4528687,,한전주,042-271-4871,대전광역시 동구청,2023-12-01
대별동043,1,,대전광역시 동구 대별동 232-1,36.28671773,127.4517865,,한전주,042-271-4871,대전광역시 동구청,2023-12-01
대별동044,1,,대전광역시 동구 대별동 213-2,36.28661272,127.454336,,한전주,042-271-4871,대전광역시 동구청,2023-12-01
대별동045,1,,대전광역시 동구 대별동 213-17,36.28661113,127.4536876,,한전주,042-271-4871,대전광역시 동구청,2023-12-01
대별동046,1,,대전광역시 동구 대별동 247-1,36.2863751,127.4528738,,한전주,042-271-4871,대전광역시 동구청,2023-12-01
대별동047,1,,대전광역시 동구 대별동 245,36.28617326,127.4519774,,한전주,042-271-4871,대전광역시 동구청,2023-12-01
대별동049,1,,대전광역시 동구 대별동 212,36.28672587,127.4546082,,한전주,042-271-4871,대전광역시 동구청,2023-12-01
대별동050,1,,대전광역시 동구 대별동 212,36.28672587,127.4546082,,한전주,042-271-4871,대전광역시 동구청,2023-12-01
대별동051,1,,대전광역시 동구 대별동 213-27,36.28631648,127.4542839,,한전주,042-271-4871,대전광역시 동구청,2023-12-01
대별동052,1,,대전광역시 동구 대별동 213-3,36.28638244,127.4539873,,한전주,042-271-4871,대전광역시 동구청,2023-12-01
대별동053,1,,대전광역시 동구 대별동 213-3,36.28638244,127.4539873,,한전주,042-271-4871,대전광역시 동구청,2023-12-01
대별동054,1,,대전광역시 동구 대별동 248,36.28597703,127.4524591,,한전주,042-271-4871,대전광역시 동구청,2023-12-01
대별동055,1,,대전광역시 동구 대별동 248,36.28597703,127.4524591,,한전주,042-271-4871,대전광역시 동구청,2023-12-01
대별동056,1,,대전광역시 동구 대별동 250-3,36.28538463,127.4523054,,한전주,042-271-4871,대전광역시 동구청,2023-12-01
대별동057,1,,대전광역시 동구 대별동 250-12,36.28530347,127.4522001,,한전주,042-271-4871,대전광역시 동구청,2023-12-01
대별동059,1,,대전광역시 동구 대별동 118,36.28618145,127.4575179,,한전주,042-271-4871,대전광역시 동구청,2023-12-01
대별동060,1,,대전광역시 동구 대별동 292-7,36.28613342,127.4571158,,한전주,042-271-4871,대전광역시 동구청,2023-12-01
대별동062,1,,대전광역시 동구 대별동 287-1,36.28540669,127.4562728,,한전주,042-271-4871,대전광역시 동구청,2023-12-01
대별동063,1,,대전광역시 동구 대별동 286-7,36.28535101,127.4556784,,한전주,042-271-4871,대전광역시 동구청,2023-12-01
대별동064,1,,대전광역시 동구 대별동 256,36.28563492,127.4559266,,한전주,042-271-4871,대전광역시 동구청,2023-12-01
대별동065,1,,대전광역시 동구 대별동 286-15,36.285042,127.4562184,,한전주,042-271-4871,대전광역시 동구청,2023-12-01
대별동066,1,,대전광역시 동구 대별동 284-1,36.28464141,127.455844,,한전주,042-271-4871,대전광역시 동구청,2023-12-01
대별동067,1,,대전광역시 동구 대별동 284-1,36.28464141,127.455844,,한전주,042-271-4871,대전광역시 동구청,2023-12-01
대별동068,1,,대전광역시 동구 대별동 257-2,36.28446624,127.4549172,,한전주,042-271-4871,대전광역시 동구청,2023-12-01
대별동069,1,,대전광역시 동구 대별동 275-3,36.28412708,127.4547384,,한전주,042-271-4871,대전광역시 동구청,2023-12-01
대별동070,1,,대전광역시 동구 대별동 271-2,36.28366402,127.4542308,,한전주,042-271-4871,대전광역시 동구청,2023-12-01
대별동071,1,,대전광역시 동구 대별동 274,36.28372005,127.4541004,,한전주,042-271-4871,대전광역시 동구청,2023-12-01
대별동072,1,,대전광역시 동구 대별동 270-5,36.28328663,127.4540288,,한전주,042-271-4871,대전광역시 동구청,2023-12-01
대별동073,1,,대전광역시 동구 대별동 270-5,36.28328663,127.4540288,,한전주,042-271-4871,대전광역시 동구청,2023-12-01
대별동074,1,,대전광역시 동구 대별동 270-1,36.28295462,127.4537482,,한전주,042-271-4871,대전광역시 동구청,2023-12-01
대별동075,1,,대전광역시 동구 대별동 316,36.28286667,127.4534866,,한전주,042-271-4871,대전광역시 동구청,2023-12-01
대별동076,1,,대전광역시 동구 대별동 316-5,36.28248159,127.4531064,,한전주,042-271-4871,대전광역시 동구청,2023-12-01
대별동077,1,,대전광역시 동구 대별동 265,36.28387569,127.4534954,,한전주,042-271-4871,대전광역시 동구청,2023-12-01
대별동078,1,,대전광역시 동구 대별동 374,36.28327818,127.4548313,,한전주,042-271-4871,대전광역시 동구청,2023-12-01
대별동079,1,,대전광역시 동구 대별동 326,36.2826974,127.4550364,,한전주,042-271-4871,대전광역시 동구청,2023-12-01
대별동080,1,,대전광역시 동구 대별동 326-2,36.2824244,127.4551144,,한전주,042-271-4871,대전광역시 동구청,2023-12-01
대별동081,1,,대전광역시 동구 대별동 330-2,36.28189501,127.4555274,,한전주,042-271-4871,대전광역시 동구청,2023-12-01
대별동082,1,,대전광역시 동구 대별동 322-1,36.28223379,127.4550926,,한전주,042-271-4871,대전광역시 동구청,2023-12-01
대별동083,1,,대전광역시 동구 대별동 331-3,36.28117959,127.4554254,,한전주,042-271-4871,대전광역시 동구청,2023-12-01
대별동084,1,,대전광역시 동구 대별동 332-3,36.28128074,127.4557461,,한전주,042-271-4871,대전광역시 동구청,2023-12-01
대별동086,1,,대전광역시 동구 대별동 372-7,36.28115979,127.4564092,,한전주,042-271-4871,대전광역시 동구청,2023-12-01
대별동087,1,,대전광역시 동구 대별동 46,36.2819600022,127.457552,,한전주,042-271-4871,대전광역시 동구청,2023-12-01
대별동088,1,,대전광역시 동구 대별동 302-1,36.28487446,127.4571422,,한전주,042-271-4871,대전광역시 동구청,2023-12-01
대별동089,1,,대전광역시 동구 대별동 157-10,36.28720013,127.4588869,,한전주,042-271-4871,대전광역시 동구청,2023-12-01
대별동090,1,,대전광역시 동구 대별동 157-3,36.28680456,127.458921,,한전주,042-271-4871,대전광역시 동구청,2023-12-01
대별동091,1,,대전광역시 동구 대별동 122,36.28639102,127.4586829,,한전주,042-271-4871,대전광역시 동구청,2023-12-01
대별동092,1,,대전광역시 동구 대별동 121,36.28612556,127.4587919,,한전주,042-271-4871,대전광역시 동구청,2023-12-01
대별동093,1,,대전광역시 동구 대별동 120-1,36.28577725,127.4584405,,한전주,042-271-4871,대전광역시 동구청,2023-12-01
대별동094,1,,대전광역시 동구 대별동 119,36.28562563,127.4581218,,한전주,042-271-4871,대전광역시 동구청,2023-12-01
대별동095,1,,대전광역시 동구 대별동 114-1,36.28520262,127.4582392,,한전주,042-271-4871,대전광역시 동구청,2023-12-01
대별동096,1,,대전광역시 동구 대별동 90-2,36.28503931,127.4583596,,한전주,042-271-4871,대전광역시 동구청,2023-12-01
대별동097,1,,대전광역시 동구 대별동 302-1,36.28487446,127.4571422,,전용주,042-271-4871,대전광역시 동구청,2023-12-01
대별동098,1,,대전광역시 동구 대별동 109-1,36.28404014,127.4580868,,한전주,042-271-4871,대전광역시 동구청,2023-12-01
대별동099,1,,대전광역시 동구 대별동 52-1,36.2834208,127.4579975,,한전주,042-271-4871,대전광역시 동구청,2023-12-01
대별동100,1,,대전광역시 동구 대별동 372-3,36.28057406,127.4559213,,한전주,042-271-4871,대전광역시 동구청,2023-12-01
대별동101,1,,대전광역시 동구 대별동 50-2,36.28269842,127.458144,,한전주,042-271-4871,대전광역시 동구청,2023-12-01
대별동103,1,,대전광역시 동구 대별동 38-2,36.28097404,127.4578762,,한전주,042-271-4871,대전광역시 동구청,2023-12-01
대별동104,1,,대전광역시 동구 대별동 32,36.27993907,127.4575354,,한전주,042-271-4871,대전광역시 동구청,2023-12-01
대별동105,1,,대전광역시 동구 대별동 31-2,36.27939818,127.4572998,,한전주,042-271-4871,대전광역시 동구청,2023-12-01
대별동106,1,,대전광역시 동구 대별동 31-2,36.27939818,127.4572998,,한전주,042-271-4871,대전광역시 동구청,2023-12-01
대별동107,1,,대전광역시 동구 대별동 345,36.27919419,127.4568417,,한전주,042-271-4871,대전광역시 동구청,2023-12-01
대별동108,1,,대전광역시 동구 대별동 355,36.27845952,127.4565579,,한전주,042-271-4871,대전광역시 동구청,2023-12-01
대별동109,1,,대전광역시 동구 대별동 21-1,36.27714505,127.4576521,,한전주,042-271-4871,대전광역시 동구청,2023-12-01
대별동110,1,,대전광역시 동구 대별동 349-2,36.27665272,127.4557215,,한전주,042-271-4871,대전광역시 동구청,2023-12-01
대별동111,1,,대전광역시 동구 대별동 산5-13,36.27459568,127.4573976,,한전주,042-271-4871,대전광역시 동구청,2023-12-01
대별동112,1,,대전광역시 동구 대별동 산5-13,36.27459568,127.4573976,,전용주,042-271-4871,대전광역시 동구청,2023-12-01
대별동113,1,,대전광역시 동구 대별동 산10,36.27256183,127.4556373,,한전주,042-271-4871,대전광역시 동구청,2023-12-01
대별동114,1,,대전광역시 동구 대별동 산10,36.27256183,127.4556373,,한전주,042-271-4871,대전광역시 동구청,2023-12-01
대별동115,1,,대전광역시 동구 대별동 산10,36.27256183,127.4556373,,한전주,042-271-4871,대전광역시 동구청,2023-12-01
대별동116,1,,대전광역시 동구 대별동 산10-2,36.27343497,127.4545724,,한전주,042-271-4871,대전광역시 동구청,2023-12-01
대별동117,1,,대전광역시 동구 대별동 산10-2,36.27343497,127.4545724,,한전주,042-271-4871,대전광역시 동구청,2023-12-01
대별동118,1,,대전광역시 동구 대별동 21-17,36.271379,127.4512735,,한전주,042-271-4871,대전광역시 동구청,2023-12-01
대별동119,1,,대전광역시 동구 소호동 389-25,36.27106618,127.4511827,,한전주,042-271-4871,대전광역시 동구청,2023-12-01
대별동120,1,,대전광역시 동구 소호동 389-6,36.2702254,127.4512476,,한전주,042-271-4871,대전광역시 동구청,2023-12-01
대별동121,1,,대전광역시 동구 대별동 186-4,36.28863971,127.4609171,,한전주,042-271-4871,대전광역시 동구청,2023-12-01
대별동122,1,,대전광역시 동구 대별동 170-2,36.28798397,127.4609969,,한전주,042-271-4871,대전광역시 동구청,2023-12-01
대별동123,1,,대전광역시 동구 대별동 159-2,36.28738962,127.4590814,,한전주,042-271-4871,대전광역시 동구청,2023-12-01
대별동124,1,,대전광역시 동구 대별동 160-6,36.28632659,127.4593383,,한전주,042-271-4871,대전광역시 동구청,2023-12-01
대별동125,1,,대전광역시 동구 대별동 81,36.28601099,127.4598807,,한전주,042-271-4871,대전광역시 동구청,2023-12-01
대별동126,1,,대전광역시 동구 대별동 81-3,36.28597925,127.4606093,,한전주,042-271-4871,대전광역시 동구청,2023-12-01
대별동127,1,,대전광역시 동구 대별동 82-1,36.28629753,127.4611289,,한전주,042-271-4871,대전광역시 동구청,2023-12-01
대별동128,1,,대전광역시 동구 대별동 80-4,36.28558824,127.4595754,,한전주,042-271-4871,대전광역시 동구청,2023-12-01
대별동129,1,,대전광역시 동구 대별동 72-2,36.28538439,127.4596715,,한전주,042-271-4871,대전광역시 동구청,2023-12-01
대별동130,1,,대전광역시 동구 대별동 72-34,36.28543775,127.4599739,,한전주,042-271-4871,대전광역시 동구청,2023-12-01
대별동131,1,,대전광역시 동구 대별동 89-5,36.28547461,127.4585647,,전용주,042-271-4871,대전광역시 동구청,2023-12-01
대별동133,1,,대전광역시 동구 대별동 72-52,36.28469171,127.4601464,,한전주,042-271-4871,대전광역시 동구청,2023-12-01
대별동134,1,,대전광역시 동구 대별동 99-1,36.28424818,127.4604716,,한전주,042-271-4871,대전광역시 동구청,2023-12-01
대별동135,1,,대전광역시 동구 대별동 99-3,36.28385675,127.4605972,,한전주,042-271-4871,대전광역시 동구청,2023-12-01
대별동136,1,,대전광역시 동구 대별동 72-10,36.2844987,127.4607752,,한전주,042-271-4871,대전광역시 동구청,2023-12-01
대별동137,1,,대전광역시 동구 대별동 74-5,36.28408797,127.4618163,,한전주,042-271-4871,대전광역시 동구청,2023-12-01
대별동138,1,,대전광역시 동구 대별동 364-4,36.28388046,127.4619165,,한전주,042-271-4871,대전광역시 동구청,2023-12-01
대별동139,1,,대전광역시 동구 대별동 1-5,36.28384602,127.4632995,,한전주,042-271-4871,대전광역시 동구청,2023-12-01
대별동140,1,,대전광역시 동구 대별동 2-5,36.28348392,127.4630032,,한전주,042-271-4871,대전광역시 동구청,2023-12-01
대별동141,1,,대전광역시 동구 대별동 7-4,36.28222317,127.4630003,,한전주,042-271-4871,대전광역시 동구청,2023-12-01
대별동142,1,,대전광역시 동구 대별동 64,36.28221839,127.4625599,,한전주,042-271-4871,대전광역시 동구청,2023-12-01
대별동143,1,,대전광역시 동구 대별동 64-1,36.28187762,127.4625926,,한전주,042-271-4871,대전광역시 동구청,2023-12-01
대별동144,1,,대전광역시 동구 대별동 113,36.2851664,127.4574361,,한전주,042-271-4871,대전광역시 동구청,2023-12-01
대별동145,1,,대전광역시 동구 대별동 232-1,36.28671773,127.4517865,,한전주,042-271-4871,대전광역시 동구청,2023-12-01
대별동146,1,,대전광역시 동구 대별동 88-3,36.28526321,127.4590545,,한전주,042-251-4756,대전광역시 동구청,2023-12-01
대별동147,1,,대전광역시 동구 대별동 197-12,36.2902267,127.4619421,,한전주,042-271-4871,대전광역시 동구청,2023-12-01
대별동149,1,,대전광역시 동구 대별동 197-7,36.29001644,127.4623118,,한전주,042-271-4871,대전광역시 동구청,2023-12-01
대별동152,1,,대전광역시 동구 대별동 286-4,36.28489158,127.4559077,,한전주,042-271-4871,대전광역시 동구청,2023-12-01
대별동153,1,,대전광역시 동구 대별동 41-1,36.28133014,127.4579601,,한전주,042-271-4871,대전광역시 동구청,2023-12-01
대별동154,1,,대전광역시 동구 대별동 45,36.28130453,127.4571483,,한전주,042-271-4871,대전광역시 동구청,2023-12-01
대별동155,1,,대전광역시 동구 대별동 331-3,36.28117959,127.4554254,,한전주,042-271-4871,대전광역시 동구청,2023-12-01
대별동156,1,,대전광역시 동구 대별동 372-3,36.28057406,127.4559213,,한전주,042-271-4871,대전광역시 동구청,2023-12-01
대별동157,1,,대전광역시 동구 대별동 90-2,36.28503931,127.4583596,,한전주,042-271-4871,대전광역시 동구청,2023-12-01
대별동158,1,,대전광역시 동구 대별동 377,36.28505301,127.4597368,,한전주,042-271-4871,대전광역시 동구청,2023-12-01
대별동159,1,,대전광역시 동구 대별동 124-4,36.28703743,127.4581699,,한전주,042-271-4871,대전광역시 동구청,2023-12-01
대별동160,1,,대전광역시 동구 대별동 132-6,36.28648594,127.4580107,,전용주,042-271-4871,대전광역시 동구청,2023-12-01
대별동161,1,,대전광역시 동구 대별동 157-5,36.28677905,127.4590865,,전용주,042-271-4871,대전광역시 동구청,2023-12-01
대별동162,1,,대전광역시 동구 대별동 126-3,36.28735111,127.4584308,,한전주,042-271-4871,대전광역시 동구청,2023-12-01
대별동163,1,,대전광역시 동구 대별동 134-2,36.28641226,127.4577967,,한전주,042-271-4871,대전광역시 동구청,2023-12-01
대별동165,1,,대전광역시 동구 대별동 163-3,36.28708047,127.4602377,,한전주,042-271-4871,대전광역시 동구청,2023-12-01
대별동166,1,,대전광역시 동구 대별동 213-1,36.28653722,127.4554926,,전용주,042-271-4871,대전광역시 동구청,2023-12-01
대별동167,1,,대전광역시 동구 대별동 213-1,36.28653722,127.4554926,,전용주,042-271-4871,대전광역시 동구청,2023-12-01
대별동168,1,,대전광역시 동구 대별동 213-28,36.28668585,127.4550098,,전용주,042-271-4871,대전광역시 동구청,2023-12-01
대별동169,1,,대전광역시 동구 대별동 216,36.28704936,127.4566832,,전용주,042-271-4871,대전광역시 동구청,2023-12-01
대별동170,1,,대전광역시 동구 대별동 216,36.28704936,127.4566832,,전용주,042-271-4871,대전광역시 동구청,2023-12-01
대별동171,1,,대전광역시 동구 대별동 216,36.28704936,127.4566832,,전용주,042-271-4871,대전광역시 동구청,2023-12-01
대별동172,1,,대전광역시 동구 대별동 247-1,36.2863751,127.4528738,,전용주,042-271-4871,대전광역시 동구청,2023-12-01
대별동173,1,,대전광역시 동구 대별동 293-5,36.28548469,127.4566364,,한전주,042-271-4871,대전광역시 동구청,2023-12-01
대별동174,1,,대전광역시 동구 대별동 322-2,36.28215807,127.4546958,,한전주,042-271-4871,대전광역시 동구청,2023-12-01
대별동175,1,,대전광역시 동구 대별동 146-11,36.2890366,127.4596014,,전용주,042-271-4871,대전광역시 동구청,2023-12-01
대별동176,1,,대전광역시 동구 대별동 372-7,36.28115979,127.4564092,,한전주,042-271-4871,대전광역시 동구청,2023-12-01
대별동177,1,,대전광역시 동구 대별동 375,36.28737208,127.4571992,,전용주,042-271-4871,대전광역시 동구청,2023-12-01
대별동178,1,,대전광역시 동구 대별동 137-1,36.28838357,127.4577926,,전용주,042-271-4871,대전광역시 동구청,2023-12-01
대별동179,1,,대전광역시 동구 대별동 112,36.2849828,127.4574153,,한전주,042-271-4871,대전광역시 동구청,2023-12-01
대별동180,1,,대전광역시 동구 대별동 112-1,36.28492178,127.4580571,,한전주,042-271-4871,대전광역시 동구청,2023-12-01
대별동181,1,,대전광역시 동구 대별동 293-3,36.28542413,127.4570863,,한전주,042-271-4871,대전광역시 동구청,2023-12-01
대별동182,1,,대전광역시 동구 대별동 220-2,36.28767977,127.4559794,,한전주,042-271-4871,대전광역시 동구청,2023-12-01
대별동183,1,,대전광역시 동구 대별동 186-6,36.28868719,127.4614111,,한전주,042-271-4871,대전광역시 동구청,2023-12-01
대별동184,1,,대전광역시 동구 대별동 122-10,36.28655553,127.4583201,,전용주,042-271-4871,대전광역시 동구청,2023-12-01
대성동007,1,,대전광역시 동구 대성동 139,36.29949861,127.4586353,,한전주,042-271-4871,대전광역시 동구청,2023-12-01
대성동011,1,,대전광역시 동구 대성동 225-5,36.29691455,127.4602336,,전용주,042-271-4871,대전광역시 동구청,2023-12-01
대성동012,1,,대전광역시 동구 대성동 31-24,36.29718434,127.4605906,,전용주,042-271-4871,대전광역시 동구청,2023-12-01
대성동013,1,,대전광역시 동구 대성동 31-22,36.29733345,127.4606928,,한전주,042-271-4871,대전광역시 동구청,2023-12-01
대성동014,1,,대전광역시 동구 대성동 31-10,36.29746877,127.4608429,,한전주,042-271-4871,대전광역시 동구청,2023-12-01
대성동015,1,,대전광역시 동구 대성동 33-2,36.29759678,127.4611593,,한전주,042-271-4871,대전광역시 동구청,2023-12-01
대성동016,1,,대전광역시 동구 대성동 31-12,36.29735356,127.4609225,,한전주,042-271-4871,대전광역시 동구청,2023-12-01
대성동017,1,,대전광역시 동구 대성동 224-1,36.29627122,127.4604843,,한전주,042-271-4871,대전광역시 동구청,2023-12-01
대성동018,1,,대전광역시 동구 대성동 228-1,36.29619246,127.4609509,,한전주,042-271-4871,대전광역시 동구청,2023-12-01
대성동019,1,,대전광역시 동구 대성동 35,36.29695896,127.4608926,,전용주,042-271-4871,대전광역시 동구청,2023-12-01
대성동020,1,,대전광역시 동구 대성동 231-14,36.29657021,127.4616813,,한전주,042-271-4871,대전광역시 동구청,2023-12-01
대성동021,1,,대전광역시 동구 대성동 231-20,36.29688145,127.4616424,,전용주,042-271-4871,대전광역시 동구청,2023-12-01
대성동022,1,,대전광역시 동구 대성동 231-10,36.29716724,127.4622664,,한전주,042-271-4871,대전광역시 동구청,2023-12-01
대성동023,1,,대전광역시 동구 대성동 231-10,36.29716724,127.4622664,,전용주,042-271-4871,대전광역시 동구청,2023-12-01
대성동024,1,,대전광역시 동구 대성동 21-12,36.29730591,127.4623655,,한전주,042-271-4871,대전광역시 동구청,2023-12-01
대성동025,1,,대전광역시 동구 대성동 12-8,36.29771337,127.4625274,,한전주,042-271-4871,대전광역시 동구청,2023-12-01
대성동026,1,,대전광역시 동구 대성동 31-28,36.2980656,127.462763,,한전주,042-271-4871,대전광역시 동구청,2023-12-01
대성동027,1,,대전광역시 동구 대성동 31-28,36.2980656,127.462763,,전용주,042-271-4871,대전광역시 동구청,2023-12-01
대성동028,1,,대전광역시 동구 대성동 17-1,36.29765199,127.4630553,,전용주,042-271-4871,대전광역시 동구청,2023-12-01
대성동029,1,,대전광역시 동구 대성동 12-3,36.29804948,127.4634012,,건축물,042-271-4871,대전광역시 동구청,2023-12-01
대성동030,1,,대전광역시 동구 대성동 12-3,36.29804948,127.4634012,,건축물,042-271-4871,대전광역시 동구청,2023-12-01
대성동031,1,,대전광역시 동구 대성동 산19-24,36.29829143,127.4637918,,전용주,042-271-4871,대전광역시 동구청,2023-12-01
대성동032,1,,대전광역시 동구 대성동 14-4,36.29840162,127.4637701,,한전주,042-271-4871,대전광역시 동구청,2023-12-01
대성동033,1,,대전광역시 동구 대성동 14-4,36.29840162,127.4637701,,한전주,042-271-4871,대전광역시 동구청,2023-12-01
대성동034,1,,대전광역시 동구 대성동 산19-21,36.29877835,127.4641722,,한전주,042-271-4871,대전광역시 동구청,2023-12-01
대성동035,1,,대전광역시 동구 대성동 12-1,36.29890394,127.4644957,,한전주,042-271-4871,대전광역시 동구청,2023-12-01
대성동036,1,,대전광역시 동구 대성동 12-1,36.29890394,127.4644957,,한전주,042-271-4871,대전광역시 동구청,2023-12-01
대성동037,1,,대전광역시 동구 대성동 11,36.29917111,127.4653799953,,한전주,042-271-4871,대전광역시 동구청,2023-12-01
대성동038,1,,대전광역시 동구 대성동 산15-1,36.29976748,127.465237,,한전주,042-271-4871,대전광역시 동구청,2023-12-01
대성동039,1,,대전광역시 동구 대성동 산15-1,36.29976748,127.465237,,한전주,042-271-4871,대전광역시 동구청,2023-12-01
대성동040,1,,대전광역시 동구 대성동 산15-1,36.29976748,127.465237,,한전주,042-271-4871,대전광역시 동구청,2023-12-01
대성동041,1,,대전광역시 동구 대성동 산15-1,36.29976748,127.465237,,한전주,042-271-4871,대전광역시 동구청,2023-12-01
대성동042,1,,대전광역시 동구 대성동 산15-1,36.29976748,127.465237,,한전주,042-271-4871,대전광역시 동구청,2023-12-01
대성동043,1,,대전광역시 동구 대성동 산15-1,36.29976748,127.465237,,한전주,042-271-4871,대전광역시 동구청,2023-12-01
대성동044,1,,대전광역시 동구 대성동 산15-1,36.29976748,127.465237,,한전주,042-271-4871,대전광역시 동구청,2023-12-01
대성동045,1,,대전광역시 동구 대성동 산9-4,36.30034154,127.4688826,,한전주,042-271-4871,대전광역시 동구청,2023-12-01
대성동046,1,,대전광역시 동구 대성동 3,36.30148532,127.469645,,한전주,042-271-4871,대전광역시 동구청,2023-12-01
대성동047,1,,대전광역시 동구 대성동 3,36.30148532,127.469645,,한전주,042-271-4871,대전광역시 동구청,2023-12-01
대성동048,1,,대전광역시 동구 대성동 4-1,36.30044437,127.4703541,,전용주,042-271-4871,대전광역시 동구청,2023-12-01
대성동049,1,,대전광역시 동구 대성동 산10-1,36.30062038,127.4736781,,전용주,042-271-4871,대전광역시 동구청,2023-12-01
대성동050,1,,대전광역시 동구 대성동 산10-1,36.30062038,127.4736781,,전용주,042-271-4871,대전광역시 동구청,2023-12-01
대성동051,1,,대전광역시 동구 대성동 산10-1,36.30062038,127.4736781,,전용주,042-271-4871,대전광역시 동구청,2023-12-01
대성동052,1,,대전광역시 동구 대성동 산10-1,36.30062038,127.4736781,,전용주,042-271-4871,대전광역시 동구청,2023-12-01
대성동053,1,,대전광역시 동구 대성동 산10-1,36.30062038,127.4736781,,전용주,042-271-4871,대전광역시 동구청,2023-12-01
대성동054,1,,대전광역시 동구 대성동 산10-1,36.30062038,127.4736781,,전용주,042-271-4871,대전광역시 동구청,2023-12-01
대성동055,1,,대전광역시 동구 대성동 산10-1,36.30062038,127.4736781,,전용주,042-271-4871,대전광역시 동구청,2023-12-01
대성동056,1,,대전광역시 동구 대성동 산10-1,36.30062038,127.4736781,,전용주,042-271-4871,대전광역시 동구청,2023-12-01
대성동057,1,,대전광역시 동구 대성동 168-4,36.29566951,127.4588888,,한전주,042-271-4871,대전광역시 동구청,2023-12-01
대성동058,1,,대전광역시 동구 대성동 191-3,36.29593961,127.4590026,,한전주,042-271-4871,대전광역시 동구청,2023-12-01
대성동059,1,,대전광역시 동구 대성동 28-2,36.29957687,127.460757,,한전주,042-271-4871,대전광역시 동구청,2023-12-01
대성동060,1,,대전광역시 동구 대성동 산14-1,36.29993857,127.4638899,,한전주,042-271-4871,대전광역시 동구청,2023-12-01
대성동061,1,,대전광역시 동구 대성동 산11-1,36.30073502,127.4647965,,한전주,042-271-4871,대전광역시 동구청,2023-12-01
대성동065,1,,대전광역시 동구 대성동 223-8,36.29574046,127.4610374,,전용주,042-271-4871,대전광역시 동구청,2023-12-01
대성동066,1,,대전광역시 동구 대성동 220-2,36.29581915,127.4617793,,한전주,042-271-4871,대전광역시 동구청,2023-12-01
대성동067,1,,대전광역시 동구 대성동 221-3,36.29568932,127.4615166,,한전주,042-271-4871,대전광역시 동구청,2023-12-01
대성동068,1,,대전광역시 동구 대성동 223-16,36.2954757,127.4611998,,한전주,042-271-4871,대전광역시 동구청,2023-12-01
대성동069,1,,대전광역시 동구 대성동 240,36.29599137,127.4619891,,한전주,042-271-4871,대전광역시 동구청,2023-12-01
대성동070,1,,대전광역시 동구 대성동 400,36.29420693,127.4626675,,한전주,042-251-4756,대전광역시 동구청,2023-12-01
대성동071,1,,대전광역시 동구 대성동 239-4,36.29643504,127.4624269,,전용주,042-251-4756,대전광역시 동구청,2023-12-01
대성동072,1,,대전광역시 동구 대성동 236-1,36.29663961,127.4622389,,전용주,042-251-4756,대전광역시 동구청,2023-12-01
대성동073,1,,대전광역시 동구 대성동 240,36.29599137,127.4619891,,전용주,042-251-4756,대전광역시 동구청,2023-12-01
대성동074,1,,대전광역시 동구 대성동 240,36.29599137,127.4619891,,한전주,042-271-4871,대전광역시 동구청,2023-12-01
대성동075,1,,대전광역시 동구 대성동 산19-14,36.29587492,127.4624595,,한전주,042-271-4871,대전광역시 동구청,2023-12-01
대성동076,1,,대전광역시 동구 대성동 243-2,36.295746,127.4620309,,전용주,042-271-4871,대전광역시 동구청,2023-12-01
대성동077,1,,대전광역시 동구 대성동 244,36.29551901,127.4621881,,전용주,042-271-4871,대전광역시 동구청,2023-12-01
대성동078,1,,대전광역시 동구 대성동 220-1,36.29552376,127.461986,,한전주,042-271-4871,대전광역시 동구청,2023-12-01
대성동079,1,,대전광역시 동구 대성동 247-2,36.29515382,127.4621029,,전용주,042-271-4871,대전광역시 동구청,2023-12-01
대성동080,1,,대전광역시 동구 대성동 218,36.29515398,127.4617365,,전용주,042-271-4871,대전광역시 동구청,2023-12-01
대성동081,1,,대전광역시 동구 대성동 214,36.29486298,127.4615281,,한전주,042-271-4871,대전광역시 동구청,2023-12-01
대성동082,1,,대전광역시 동구 대성동 215-5,36.29482856,127.4613175,,한전주,042-271-4871,대전광역시 동구청,2023-12-01
대성동083,1,,대전광역시 동구 대성동 249-7,36.2949674,127.4619091,,한전주,042-271-4871,대전광역시 동구청,2023-12-01
대성동084,1,,대전광역시 동구 대성동 249-3,36.29479176,127.4623035,,한전주,042-271-4871,대전광역시 동구청,2023-12-01
대성동085,1,,대전광역시 동구 대성동 211-2,36.29437607,127.4623921,,한전주,042-271-4871,대전광역시 동구청,2023-12-01
대성동086,1,,대전광역시 동구 대성동 211-9,36.29437008,127.4619836,,한전주,042-271-4871,대전광역시 동구청,2023-12-01
대성동087,1,,대전광역시 동구 대성동 252-4,36.29409118,127.4620956,,한전주,042-271-4871,대전광역시 동구청,2023-12-01
대성동088,1,,대전광역시 동구 대성동 253-3,36.29380653,127.4622488,,한전주,042-271-4871,대전광역시 동구청,2023-12-01
대성동089,1,,대전광역시 동구 대성동 211-9,36.29437008,127.4619836,,전용주,042-271-4871,대전광역시 동구청,2023-12-01
대성동090,1,,대전광역시 동구 대성동 266,36.29010397,127.4638006,,한전주,042-271-4871,대전광역시 동구청,2023-12-01
대성동091,1,,대전광역시 동구 대성동 269-3,36.29053215,127.464327,,한전주,042-271-4871,대전광역시 동구청,2023-12-01
대성동093,1,,대전광역시 동구 대성동 295-19,36.28778609,127.4655743,,한전주,042-271-4871,대전광역시 동구청,2023-12-01
대성동094,1,,대전광역시 동구 대성동 303-5,36.28828473,127.4650613,,한전주,042-271-4871,대전광역시 동구청,2023-12-01
대성동095,1,,대전광역시 동구 대성동 414,36.28758928,127.4654833,,전용주,042-271-4871,대전광역시 동구청,2023-12-01
대성동096,1,,대전광역시 동구 대성동 321,36.28733594,127.4658069,,한전주,042-271-4871,대전광역시 동구청,2023-12-01
대성동097,1,,대전광역시 동구 대성동 315-2,36.28722596,127.4655173,,한전주,042-271-4871,대전광역시 동구청,2023-12-01
대성동098,1,,대전광역시 동구 대성동 320,36.2868459,127.4659169,,한전주,042-271-4871,대전광역시 동구청,2023-12-01
대성동099,1,,대전광역시 동구 대성동 315-1,36.2871681,127.4652636,,전용주,042-271-4871,대전광역시 동구청,2023-12-01
대성동100,1,,대전광역시 동구 대성동 313-1,36.28643909,127.4658066,,한전주,042-271-4871,대전광역시 동구청,2023-12-01
대성동105,1,,대전광역시 동구 대성동 282-17,36.29256632,127.4602188,,한전주,042-271-4871,대전광역시 동구청,2023-12-01
대성동106,1,,대전광역시 동구 대성동 255-1,36.29520874,127.4635966,,한전주,042-271-4871,대전광역시 동구청,2023-12-01
대성동107,1,,대전광역시 동구 대성동 10,36.30038666,127.4703885,,한전주,042-271-4871,대전광역시 동구청,2023-12-01
대성동108,1,,대전광역시 동구 대성동 184,36.29509309,127.4591769,,한전주,042-271-4871,대전광역시 동구청,2023-12-01
대성동109,1,,대전광역시 동구 대성동 산 10,36.2999837,127.4731842,,한전주,042-271-4871,대전광역시 동구청,2023-12-01
대성동110,1,,대전광역시 동구 대성동 산 10,36.2999837,127.4731842,,한전주,042-271-4871,대전광역시 동구청,2023-12-01
대성동111,1,,대전광역시 동구 대성동 13-2,36.29893586,127.4629234,,한전주,042-271-4871,대전광역시 동구청,2023-12-01
대성동112,1,,대전광역시 동구 대성동 202-1,36.29509102,127.4603258,,한전주,042-271-4871,대전광역시 동구청,2023-12-01
대성동113,1,,대전광역시 동구 대성동 233-2,36.29600218,127.4614989,,전용주,042-271-4871,대전광역시 동구청,2023-12-01
대성동114,1,,대전광역시 동구 대성동 400-19,36.2954989,127.4590407,,전용주,042-271-4871,대전광역시 동구청,2023-12-01
대성동123,1,,대전광역시 동구 대성동 400,36.29420693,127.4626675,,한전주,042-271-4871,대전광역시 동구청,2023-12-01
마산동001,1,,대전광역시 동구 마산동 산35,36.39180105,127.4783112,,전용주,042-271-4871,대전광역시 동구청,2023-12-01
마산동002,1,,대전광역시 동구 마산동 산33,36.3931208,127.4777573,,한전주,042-271-4871,대전광역시 동구청,2023-12-01
마산동003,1,,대전광역시 동구 마산동 산33,36.3931208,127.4777573,,전용주,042-271-4871,대전광역시 동구청,2023-12-01
마산동004,1,,대전광역시 동구 마산동 산32,36.39325472,127.4810988,,한전주,042-271-4871,대전광역시 동구청,2023-12-01
마산동005,1,,대전광역시 동구 마산동 산31-1,36.39216232,127.4812923,,한전주,042-271-4871,대전광역시 동구청,2023-12-01
마산동006,1,,대전광역시 동구 마산동 514-1,36.39078958,127.4803924,,한전주,042-271-4871,대전광역시 동구청,2023-12-01
마산동007,1,,대전광역시 동구 마산동 513,36.38974579,127.480854,,한전주,042-271-4871,대전광역시 동구청,2023-12-01
마산동008,1,,대전광역시 동구 마산동 산40-6,36.38880033,127.4810383,,한전주,042-271-4871,대전광역시 동구청,2023-12-01
마산동009,1,,대전광역시 동구 마산동 산39-1,36.38739064,127.4818511,,한전주,042-271-4871,대전광역시 동구청,2023-12-01
마산동010,1,,대전광역시 동구 마산동 487-3,36.38692975,127.4807658,,한전주,042-271-4871,대전광역시 동구청,2023-12-01
마산동011,1,,대전광역시 동구 마산동 488,36.38674072,127.4805561,,한전주,042-271-4871,대전광역시 동구청,2023-12-01
마산동012,1,,대전광역시 동구 마산동 489,36.38688323,127.4802782,,한전주,042-271-4871,대전광역시 동구청,2023-12-01
마산동013,1,,대전광역시 동구 마산동 531-4,36.3872156,127.4798874,,한전주,042-271-4871,대전광역시 동구청,2023-12-01
마산동014,1,,대전광역시 동구 마산동 483-4,36.38616114,127.4811297,,한전주,042-271-4871,대전광역시 동구청,2023-12-01
마산동015,1,,대전광역시 동구 마산동 533-5,36.38653666,127.4800949,,한전주,042-271-4871,대전광역시 동구청,2023-12-01
마산동016,1,,대전광역시 동구 마산동 533-2,36.38655496,127.4796647,,한전주,042-271-4871,대전광역시 동구청,2023-12-01
마산동017,1,,대전광역시 동구 마산동 533-7,36.38705855,127.4791226,,전용주,042-271-4871,대전광역시 동구청,2023-12-01
마산동018,1,,대전광역시 동구 마산동 533-7,36.38705855,127.4791226,,한전주,042-271-4871,대전광역시 동구청,2023-12-01
마산동019,1,,대전광역시 동구 마산동 482-1,36.3865546,127.4808728,,한전주,042-271-4871,대전광역시 동구청,2023-12-01
마산동020,1,,대전광역시 동구 마산동 482-1,36.3865546,127.4808728,,한전주,042-271-4871,대전광역시 동구청,2023-12-01
마산동021,1,,대전광역시 동구 마산동 474,36.38584197,127.4821708,,한전주,042-271-4871,대전광역시 동구청,2023-12-01
마산동022,1,,대전광역시 동구 마산동 474,36.38584197,127.4821708,,한전주,042-271-4871,대전광역시 동구청,2023-12-01
마산동023,1,,대전광역시 동구 마산동 485-9,36.38594552,127.4822001,,한전주,042-271-4871,대전광역시 동구청,2023-12-01
마산동024,1,,대전광역시 동구 마산동 468-1,36.38609636,127.4831137,,한전주,042-271-4871,대전광역시 동구청,2023-12-01
마산동025,1,,대전광역시 동구 마산동 468-11,36.38634002,127.483616,,한전주,042-271-4871,대전광역시 동구청,2023-12-01
마산동026,1,,대전광역시 동구 마산동 439-5,36.38658347,127.4841799567,,한전주,042-271-4871,대전광역시 동구청,2023-12-01
마산동027,1,,대전광역시 동구 마산동 438,36.38679144,127.4847526,,한전주,042-271-4871,대전광역시 동구청,2023-12-01
마산동028,1,,대전광역시 동구 마산동 269-3,36.38664642,127.4855798,,한전주,042-271-4871,대전광역시 동구청,2023-12-01
마산동029,1,,대전광역시 동구 마산동 산38-1,36.38640016,127.4865017,,한전주,042-271-4871,대전광역시 동구청,2023-12-01
마산동030,1,,대전광역시 동구 마산동 196-5,36.38989244,127.489966,,한전주,042-271-4871,대전광역시 동구청,2023-12-01
마산동031,1,,대전광역시 동구 마산동 산26-3,36.38864991,127.4917373,,한전주,042-271-4871,대전광역시 동구청,2023-12-01
마산동032,1,,대전광역시 동구 마산동 산 25-1,36.38802636,127.4922844,,한전주,042-271-4871,대전광역시 동구청,2023-12-01
마산동033,1,,대전광역시 동구 마산동 135-3,36.38719398,127.4920808,,한전주,042-271-4871,대전광역시 동구청,2023-12-01
마산동034,1,,대전광역시 동구 마산동 산 23-25,36.38617677,127.4922466,,한전주,042-271-4871,대전광역시 동구청,2023-12-01
마산동035,1,,대전광역시 동구 마산동 133-4,36.38425984,127.4924524,,한전주,042-271-4871,대전광역시 동구청,2023-12-01
마산동036,1,,대전광역시 동구 마산동 133-4,36.38425984,127.4924524,,한전주,042-271-4871,대전광역시 동구청,2023-12-01
마산동037,1,,대전광역시 동구 마산동 산 21-1,36.38387075,127.4938636,,한전주,042-271-4871,대전광역시 동구청,2023-12-01
마산동038,1,,대전광역시 동구 마산동 산 19-1,36.38503587,127.4941327,,한전주,042-271-4871,대전광역시 동구청,2023-12-01
마산동039,1,,대전광역시 동구 마산동 산20-1,36.38500121,127.4952768,,한전주,042-271-4871,대전광역시 동구청,2023-12-01
마산동040,1,,대전광역시 동구 마산동 산 18-13,36.38489147,127.496425,,한전주,042-271-4871,대전광역시 동구청,2023-12-01
마산동041,1,,대전광역시 동구 마산동 97-2,36.38554827,127.4966455,,한전주,042-271-4871,대전광역시 동구청,2023-12-01
마산동042,1,,대전광역시 동구 마산동 94-1,36.3861321,127.497044,,한전주,042-271-4871,대전광역시 동구청,2023-12-01
마산동043,1,,대전광역시 동구 마산동 150,36.3936567,127.4953606,,한전주,042-271-4871,대전광역시 동구청,2023-12-01
마산동044,1,,대전광역시 동구 마산동 480,36.38577726,127.4810878,,한전주,042-271-4871,대전광역시 동구청,2023-12-01
마산동045,1,,대전광역시 동구 마산동 388,36.38415862,127.4807394,,한전주,042-271-4871,대전광역시 동구청,2023-12-01
마산동046,1,,대전광역시 동구 마산동 542-1,36.38305726,127.4800929,,전용주,042-271-4871,대전광역시 동구청,2023-12-01
마산동047,1,,대전광역시 동구 마산동 542-1,36.38305726,127.4800929,,한전주,042-271-4871,대전광역시 동구청,2023-12-01
마산동048,1,,대전광역시 동구 마산동 556-3,36.38254032,127.478236,,한전주,042-271-4871,대전광역시 동구청,2023-12-01
마산동049,1,,대전광역시 동구 마산동 544-6,36.38223006,127.4783027,,한전주,042-271-4871,대전광역시 동구청,2023-12-01
마산동050,1,,대전광역시 동구 마산동 551-4,36.3811388,127.4790352,,한전주,042-271-4871,대전광역시 동구청,2023-12-01
마산동051,1,,대전광역시 동구 마산동 산45-6,36.38116019,127.4787599,,한전주,042-271-4871,대전광역시 동구청,2023-12-01
마산동052,1,,대전광역시 동구 마산동 562,36.38320972,127.4771638,,한전주,042-271-4871,대전광역시 동구청,2023-12-01
마산동053,1,,대전광역시 동구 마산동 산 23-2,36.38506263,127.4925021,,한전주,042-271-4871,대전광역시 동구청,2023-12-01
마산동054,1,,대전광역시 동구 마산동 산 38-10,36.38663137,127.4845383,,한전주,042-271-4871,대전광역시 동구청,2023-12-01
마산동055,1,,대전광역시 동구 마산동 산 38-19,36.38627082,127.4861533,,한전주,042-271-4871,대전광역시 동구청,2023-12-01
마산동056,1,,대전광역시 동구 마산동 산 38-23,36.38766626,127.4886245,,한전주,042-271-4871,대전광역시 동구청,2023-12-01
마산동057,1,,대전광역시 동구 마산동 산 38-26,36.38640172,127.4884105,,한전주,042-271-4871,대전광역시 동구청,2023-12-01
마산동058,1,,대전광역시 동구 마산동 산 29-9,36.38896811,127.4872344,,한전주,042-271-4871,대전광역시 동구청,2023-12-01
마산동059,1,,대전광역시 동구 마산동 산 29-4,36.38948599,127.4885755,,한전주,042-271-4871,대전광역시 동구청,2023-12-01
마산동060,1,,대전광역시 동구 마산동 124,36.38557666,127.4888106,,한전주,042-271-4871,대전광역시 동구청,2023-12-01
마산동061,1,,대전광역시 동구 마산동 772,36.39046088,127.4895502,,한전주,042-271-4871,대전광역시 동구청,2023-12-01
마산동062,1,,대전광역시 동구 마산동 545-3,36.38185942,127.4785861,,한전주,042-271-4871,대전광역시 동구청,2023-12-01
마산동063,1,,대전광역시 동구 마산동 482-1,36.3865546,127.4808728,,한전주,042-271-4871,대전광역시 동구청,2023-12-01
마산동064,1,,대전광역시 동구 마산동 산 27-13,36.39245318,127.4904579,,한전주,042-271-4871,대전광역시 동구청,2023-12-01
마산동065,1,,대전광역시 동구 마산동 산 26-9,36.39094004,127.4899848,,한전주,042-271-4871,대전광역시 동구청,2023-12-01
마산동066,1,,대전광역시 동구 마산동 755,36.38136817,127.4784965,,한전주,042-271-4871,대전광역시 동구청,2023-12-01
마산동067,1,,대전광역시 동구 마산동 361,36.38248929,127.4830433,,한전주,042-271-4871,대전광역시 동구청,2023-12-01
마산동068,1,,대전광역시 동구 마산동 387-3,36.3840164,127.4801016,,한전주,042-271-4871,대전광역시 동구청,2023-12-01
마산동069,1,,대전광역시 동구 마산동 259,36.38627262,127.4882482,,한전주,042-271-4871,대전광역시 동구청,2023-12-01
마산동070,1,,대전광역시 동구 마산동 산 38-12,36.38689159,127.4888886,,한전주,042-271-4871,대전광역시 동구청,2023-12-01
마산동071,1,,대전광역시 동구 마산동 산 23-23,36.38446338,127.4926587,,한전주,042-271-4871,대전광역시 동구청,2023-12-01
마산동072,1,,대전광역시 동구 마산동 산 22-3,36.38426157,127.493232,,한전주,042-271-4871,대전광역시 동구청,2023-12-01
마산동073,1,,대전광역시 동구 마산동 산 22-3,36.38426157,127.493232,,한전주,042-271-4871,대전광역시 동구청,2023-12-01
마산동074,1,,대전광역시 동구 마산동 산 20-6,36.38436677,127.4940821,,한전주,042-271-4871,대전광역시 동구청,2023-12-01
마산동075,1,,대전광역시 동구 마산동 산 19-1,36.38503587,127.4941327,,한전주,042-271-4871,대전광역시 동구청,2023-12-01
마산동076,1,,대전광역시 동구 마산동 산 20-3,36.3848041,127.494807,,한전주,042-271-4871,대전광역시 동구청,2023-12-01
마산동077,1,,대전광역시 동구 마산동 483-4,36.38616114,127.4811297,,전용주,042-271-4871,대전광역시 동구청,2023-12-01
마산동078,1,,대전광역시 동구 마산동 496-1,36.38735272,127.4809899589,,한전주,042-271-4871,대전광역시 동구청,2023-12-01
마산동079,1,,대전광역시 동구 마산동 산 42-10,36.38327455,127.4794201,,한전주,042-271-4871,대전광역시 동구청,2023-12-01
마산동080,1,,대전광역시 동구 마산동 392-4,36.38472207,127.4805621,,한전주,042-271-4871,대전광역시 동구청,2023-12-01
마산동081,1,,대전광역시 동구 마산동 481-2,36.3856799986,127.4807782,,한전주,042-271-4871,대전광역시 동구청,2023-12-01
마산동082,1,,대전광역시 동구 마산동 481-2,36.3856799986,127.4807782,,한전주,042-271-4871,대전광역시 동구청,2023-12-01
마산동083,1,,대전광역시 동구 마산동 산 38-6,36.38625214,127.4880449,,한전주,042-271-4871,대전광역시 동구청,2023-12-01
마산동084,1,,대전광역시 동구 마산동 241-3,36.38710672,127.4887622,,한전주,042-271-4871,대전광역시 동구청,2023-12-01
마산동085,1,,대전광역시 동구 마산동 239-2,36.38815272,127.4871664,,한전주,042-271-4871,대전광역시 동구청,2023-12-01
마산동086,1,,대전광역시 동구 마산동 산 29-4,36.38948599,127.4885755,,한전주,042-271-4871,대전광역시 동구청,2023-12-01
마산동087,1,,대전광역시 동구 마산동 221-2,36.38985574,127.4890878,,한전주,042-271-4871,대전광역시 동구청,2023-12-01
마산동088,1,,대전광역시 동구 마산동 산 26-9,36.39094004,127.4899848,,한전주,042-271-4871,대전광역시 동구청,2023-12-01
마산동090,1,,대전광역시 동구 마산동 산 26-11,36.38873358,127.4907068,,한전주,042-271-4871,대전광역시 동구청,2023-12-01
마산동091,1,,대전광역시 동구 마산동 산 26-11,36.38873358,127.4907068,,한전주,042-271-4871,대전광역시 동구청,2023-12-01
마산동092,1,,대전광역시 동구 마산동 산 23-22,36.38498362,127.4921733,,한전주,042-271-4871,대전광역시 동구청,2023-12-01
마산동093,1,,대전광역시 동구 마산동 산 38-4,36.38853412,127.4864222,,한전주,042-271-4871,대전광역시 동구청,2023-12-01
마산동094,1,,대전광역시 동구 마산동 산 38-17,36.38747978,127.4884733,,한전주,042-271-4871,대전광역시 동구청,2023-12-01
마산동095,1,,대전광역시 동구 마산동 189-1,36.39179411,127.489911,,한전주,042-271-4871,대전광역시 동구청,2023-12-01
마산동096,1,,대전광역시 동구 마산동 산 26-8,36.39286118,127.4908952,,한전주,042-271-4871,대전광역시 동구청,2023-12-01
비룡동001,1,,대전광역시 동구 비룡동 281,36.34891644,127.4720478,,한전주,042-271-4871,대전광역시 동구청,2023-12-01
비룡동002,1,,대전광역시 동구 비룡동 281,36.34891644,127.4720478,,한전주,042-271-4871,대전광역시 동구청,2023-12-01
비룡동003,1,,대전광역시 동구 비룡동 282-1,36.34918866,127.4720322,,한전주,042-271-4871,대전광역시 동구청,2023-12-01
비룡동004,1,,대전광역시 동구 비룡동 278,36.34957096,127.4717973,,한전주,042-271-4871,대전광역시 동구청,2023-12-01
비룡동005,1,,대전광역시 동구 비룡동 278,36.34957096,127.4717973,,한전주,042-271-4871,대전광역시 동구청,2023-12-01
비룡동006,1,,대전광역시 동구 비룡동 279,36.34916058,127.4717946,,한전주,042-271-4871,대전광역시 동구청,2023-12-01
비룡동007,1,,대전광역시 동구 비룡동 279,36.34916058,127.4717946,,한전주,042-271-4871,대전광역시 동구청,2023-12-01
비룡동008,1,,대전광역시 동구 비룡동 279,36.34916058,127.4717946,,한전주,042-271-4871,대전광역시 동구청,2023-12-01
비룡동009,1,,대전광역시 동구 비룡동 307-4,36.34873625,127.4703451,,한전주,042-271-4871,대전광역시 동구청,2023-12-01
비룡동010,1,,대전광역시 동구 비룡동 309,36.34898965,127.4699122,,한전주,042-271-4871,대전광역시 동구청,2023-12-01
비룡동011,1,,대전광역시 동구 비룡동 309,36.34898965,127.4699122,,한전주,042-271-4871,대전광역시 동구청,2023-12-01
비룡동012,1,,대전광역시 동구 비룡동 431-5,36.34603511,127.4738194,,전용주,042-271-4871,대전광역시 동구청,2023-12-01
비룡동013,1,,대전광역시 동구 비룡동 431-5,36.34603511,127.4738194,,전용주,042-271-4871,대전광역시 동구청,2023-12-01
비룡동014,1,,대전광역시 동구 비룡동 202-1,36.34463541,127.4772915,,한전주,042-271-4871,대전광역시 동구청,2023-12-01
비룡동015,1,,대전광역시 동구 비룡동 202-2,36.34447014,127.4773349,,한전주,042-271-4871,대전광역시 동구청,2023-12-01
비룡동016,1,,대전광역시 동구 비룡동 202-5,36.34393513,127.4774905,,한전주,042-271-4871,대전광역시 동구청,2023-12-01
비룡동017,1,,대전광역시 동구 비룡동 203-6,36.34430624,127.4780977,,한전주,042-271-4871,대전광역시 동구청,2023-12-01
비룡동018,1,,대전광역시 동구 비룡동 203-1,36.34425205,127.4785545,,한전주,042-271-4871,대전광역시 동구청,2023-12-01
비룡동019,1,,대전광역시 동구 비룡동 203-1,36.34425205,127.4785545,,한전주,042-271-4871,대전광역시 동구청,2023-12-01
비룡동020,1,,대전광역시 동구 비룡동 203-3,36.34425129,127.4788115,,한전주,042-271-4871,대전광역시 동구청,2023-12-01
비룡동021,1,,대전광역시 동구 비룡동 16-8,36.34426102,127.479239,,한전주,042-271-4871,대전광역시 동구청,2023-12-01
비룡동022,1,,대전광역시 동구 비룡동 202-6,36.34372322,127.4776821,,한전주,042-271-4871,대전광역시 동구청,2023-12-01
비룡동023,1,,대전광역시 동구 비룡동 202-6,36.34372322,127.4776821,,한전주,042-271-4871,대전광역시 동구청,2023-12-01
비룡동024,1,,대전광역시 동구 비룡동 160,36.342152,127.4784102,,한전주,042-271-4871,대전광역시 동구청,2023-12-01
비룡동025,1,,대전광역시 동구 비룡동 152-2,36.34081038,127.4787584,,한전주,042-271-4871,대전광역시 동구청,2023-12-01
비룡동026,1,,대전광역시 동구 비룡동 83-1,36.33865426,127.4774226,,한전주,042-271-4871,대전광역시 동구청,2023-12-01
비룡동027,1,,대전광역시 동구 비룡동 91-1,36.33792787,127.4775169,,한전주,042-271-4871,대전광역시 동구청,2023-12-01
비룡동028,1,,대전광역시 동구 비룡동 82,36.33832215,127.4775408,,한전주,042-271-4871,대전광역시 동구청,2023-12-01
비룡동029,1,,대전광역시 동구 비룡동 83-2,36.33854005,127.4773628,,한전주,042-271-4871,대전광역시 동구청,2023-12-01
비룡동030,1,,대전광역시 동구 비룡동 115,36.33885203,127.4771831,,한전주,042-271-4871,대전광역시 동구청,2023-12-01
비룡동031,1,,대전광역시 동구 비룡동 110-1,36.33827207,127.4767911,,한전주,042-271-4871,대전광역시 동구청,2023-12-01
비룡동032,1,,대전광역시 동구 비룡동 125,36.33859924,127.4762825,,한전주,042-271-4871,대전광역시 동구청,2023-12-01
비룡동033,1,,대전광역시 동구 비룡동 113,36.3391358,127.4764398,,한전주,042-271-4871,대전광역시 동구청,2023-12-01
비룡동034,1,,대전광역시 동구 비룡동 산33-6,36.33925864,127.4760764,,전용주,042-271-4871,대전광역시 동구청,2023-12-01
비룡동035,1,,대전광역시 동구 비룡동 산 34-3,36.34093441,127.4745473,,한전주,042-271-4871,대전광역시 동구청,2023-12-01
비룡동036,1,,대전광역시 동구 비룡동 139,36.34128251,127.4756831,,전용주,042-271-4871,대전광역시 동구청,2023-12-01
비룡동037,1,,대전광역시 동구 비룡동 123-2,36.33908783,127.4760854,,한전주,042-271-4871,대전광역시 동구청,2023-12-01
비룡동038,1,,대전광역시 동구 비룡동 127,36.33903312,127.4756331,,한전주,042-271-4871,대전광역시 동구청,2023-12-01
비룡동039,1,,대전광역시 동구 비룡동 125,36.33859924,127.4762825,,한전주,042-271-4871,대전광역시 동구청,2023-12-01
비룡동040,1,,대전광역시 동구 비룡동 110-1,36.33827207,127.4767911,,한전주,042-271-4871,대전광역시 동구청,2023-12-01
비룡동041,1,,대전광역시 동구 비룡동 85,36.33778762,127.4768965,,한전주,042-271-4871,대전광역시 동구청,2023-12-01
비룡동042,1,,대전광역시 동구 비룡동 105,36.33796475,127.4765235,,한전주,042-271-4871,대전광역시 동구청,2023-12-01
비룡동043,1,,대전광역시 동구 비룡동 105,36.33796475,127.4765235,,한전주,042-271-4871,대전광역시 동구청,2023-12-01
비룡동044,1,,대전광역시 동구 비룡동 104,36.33787402,127.4762483,,한전주,042-271-4871,대전광역시 동구청,2023-12-01
비룡동045,1,,대전광역시 동구 비룡동 99,36.33715851,127.4763563,,한전주,042-271-4871,대전광역시 동구청,2023-12-01
비룡동046,1,,대전광역시 동구 비룡동 86-3,36.33772315,127.477133,,한전주,042-271-4871,대전광역시 동구청,2023-12-01
비룡동047,1,,대전광역시 동구 비룡동 90,36.33760069,127.4776039,,한전주,042-271-4871,대전광역시 동구청,2023-12-01
비룡동048,1,,대전광역시 동구 비룡동 76-2,36.33813981,127.4785191,,한전주,042-271-4871,대전광역시 동구청,2023-12-01
비룡동049,1,,대전광역시 동구 비룡동 76-2,36.33813981,127.4785191,,한전주,042-271-4871,대전광역시 동구청,2023-12-01
비룡동050,1,,대전광역시 동구 비룡동 76-4,36.33835225,127.4788709,,한전주,042-271-4871,대전광역시 동구청,2023-12-01
비룡동051,1,,대전광역시 동구 비룡동 94-1,36.33713096,127.4777927,,한전주,042-271-4871,대전광역시 동구청,2023-12-01
비룡동052,1,,대전광역시 동구 비룡동 94-1,36.33713096,127.4777927,,한전주,042-271-4871,대전광역시 동구청,2023-12-01
비룡동053,1,,대전광역시 동구 비룡동 534,36.33635721,127.4769335,,한전주,042-271-4871,대전광역시 동구청,2023-12-01
비룡동054,1,,대전광역시 동구 비룡동 533-1,36.3361226,127.4767642,,한전주,042-271-4871,대전광역시 동구청,2023-12-01
비룡동055,1,,대전광역시 동구 비룡동 532,36.33563668,127.4767662,,한전주,042-271-4871,대전광역시 동구청,2023-12-01
비룡동056,1,,대전광역시 동구 비룡동 529,36.33550169,127.4765389,,한전주,042-271-4871,대전광역시 동구청,2023-12-01
비룡동057,1,,대전광역시 동구 비룡동 529-1,36.3352909,127.4766096,,한전주,042-271-4871,대전광역시 동구청,2023-12-01
비룡동058,1,,대전광역시 동구 비룡동 527,36.33505083,127.4763594,,한전주,042-271-4871,대전광역시 동구청,2023-12-01
비룡동059,1,,대전광역시 동구 비룡동 532-3,36.33507076,127.4767801,,한전주,042-271-4871,대전광역시 동구청,2023-12-01
비룡동060,1,,대전광역시 동구 비룡동 524-1,36.33429261,127.4766675,,한전주,042-271-4871,대전광역시 동구청,2023-12-01
비룡동061,1,,대전광역시 동구 비룡동 535-7,36.33359781,127.4770294,,한전주,042-271-4871,대전광역시 동구청,2023-12-01
비룡동062,1,,대전광역시 동구 비룡동 543-4,36.33309622,127.4775023,,한전주,042-271-4871,대전광역시 동구청,2023-12-01
비룡동063,1,,대전광역시 동구 비룡동 549-1,36.33230348,127.4759157,,한전주,042-271-4871,대전광역시 동구청,2023-12-01
비룡동064,1,,대전광역시 동구 비룡동 555-1,36.33285837,127.4743643,,한전주,042-271-4871,대전광역시 동구청,2023-12-01
비룡동065,1,,대전광역시 동구 비룡동 555-1,36.33285837,127.4743643,,전용주,042-271-4871,대전광역시 동구청,2023-12-01
비룡동066,1,,대전광역시 동구 비룡동 555-1,36.33285837,127.4743643,,전용주,042-271-4871,대전광역시 동구청,2023-12-01
비룡동067,1,,대전광역시 동구 비룡동 555-1,36.33285837,127.4743643,,전용주,042-271-4871,대전광역시 동구청,2023-12-01
비룡동068,1,,대전광역시 동구 비룡동 567-3,36.34824689,127.4712199594,,한전주,042-271-4871,대전광역시 동구청,2023-12-01
비룡동069,1,,대전광역시 동구 비룡동 192-21,36.34861291,127.4735296,,한전주,042-271-4871,대전광역시 동구청,2023-12-01
비룡동070,1,,대전광역시 동구 비룡동 192-4,36.34844248,127.4732592,,한전주,042-271-4871,대전광역시 동구청,2023-12-01
비룡동071,1,,대전광역시 동구 비룡동 192-2,36.34822699,127.4728862,,한전주,042-271-4871,대전광역시 동구청,2023-12-01
비룡동072,1,,대전광역시 동구 비룡동 48-1,36.33846486,127.4824733,,한전주,042-251-4756,대전광역시 동구청,2023-12-01
사성동001,1,,대전광역시 동구 사성동 산13-33,36.386441,127.5188535,,한전주,042-271-4871,대전광역시 동구청,2023-12-01
사성동002,1,,대전광역시 동구 사성동 산13-33,36.386441,127.5188535,,한전주,042-271-4871,대전광역시 동구청,2023-12-01
사성동003,1,,대전광역시 동구 사성동 13-29,36.38653415,127.519318,,한전주,042-271-4871,대전광역시 동구청,2023-12-01
사성동004,1,,대전광역시 동구 사성동 105-2,36.38646349,127.5196509,,한전주,042-271-4871,대전광역시 동구청,2023-12-01
사성동005,1,,대전광역시 동구 사성동 105-3,36.38651831,127.5198321,,한전주,042-271-4871,대전광역시 동구청,2023-12-01
사성동006,1,,대전광역시 동구 사성동 644,36.38523011,127.5187768,,한전주,042-271-4871,대전광역시 동구청,2023-12-01
사성동007,1,,대전광역시 동구 사성동 644,36.38523011,127.5187768,,한전주,042-271-4871,대전광역시 동구청,2023-12-01
사성동008,1,,대전광역시 동구 사성동 산13-35,36.3841816,127.5171824,,한전주,042-271-4871,대전광역시 동구청,2023-12-01
사성동009,1,,대전광역시 동구 사성동 61,36.38247673,127.5185397,,한전주,042-271-4871,대전광역시 동구청,2023-12-01
사성동010,1,,대전광역시 동구 사성동 63,36.38224057,127.5183201,,한전주,042-271-4871,대전광역시 동구청,2023-12-01
사성동011,1,,대전광역시 동구 사성동 49-1,36.38198491,127.5163381,,한전주,042-271-4871,대전광역시 동구청,2023-12-01
사성동012,1,,대전광역시 동구 사성동 산17-1,36.38221304,127.5158705,,한전주,042-271-4871,대전광역시 동구청,2023-12-01
사성동013,1,,대전광역시 동구 사성동 산17-4,36.38243803,127.5159265,,한전주,042-271-4871,대전광역시 동구청,2023-12-01
사성동014,1,,대전광역시 동구 사성동 47,36.3821232,127.5167769,,한전주,042-271-4871,대전광역시 동구청,2023-12-01
사성동015,1,,대전광역시 동구 사성동 49-1,36.38198491,127.5163381,,한전주,042-271-4871,대전광역시 동구청,2023-12-01
사성동016,1,,대전광역시 동구 사성동 52,36.38134915,127.5164833,,한전주,042-271-4871,대전광역시 동구청,2023-12-01
사성동017,1,,대전광역시 동구 사성동 50,36.38182526,127.5159621,,한전주,042-271-4871,대전광역시 동구청,2023-12-01
사성동018,1,,대전광역시 동구 사성동 27-2,36.38105247,127.5161979,,한전주,042-271-4871,대전광역시 동구청,2023-12-01
사성동019,1,,대전광역시 동구 사성동 31-1,36.3809979,127.5159575,,한전주,042-271-4871,대전광역시 동구청,2023-12-01
사성동020,1,,대전광역시 동구 사성동 31-4,36.38082336,127.5161418,,한전주,042-271-4871,대전광역시 동구청,2023-12-01
사성동021,1,,대전광역시 동구 사성동 28-2,36.38164125,127.5157251,,한전주,042-271-4871,대전광역시 동구청,2023-12-01
사성동022,1,,대전광역시 동구 사성동 36-2,36.38144181,127.5153985,,한전주,042-271-4871,대전광역시 동구청,2023-12-01
사성동023,1,,대전광역시 동구 사성동 37,36.38207443,127.5148337,,한전주,042-271-4871,대전광역시 동구청,2023-12-01
사성동024,1,,대전광역시 동구 사성동 37,36.38207443,127.5148337,,한전주,042-271-4871,대전광역시 동구청,2023-12-01
사성동025,1,,대전광역시 동구 사성동 38-1,36.3827102,127.5143705,,한전주,042-271-4871,대전광역시 동구청,2023-12-01
사성동026,1,,대전광역시 동구 사성동 30-1,36.38122503,127.5156984,,한전주,042-271-4871,대전광역시 동구청,2023-12-01
사성동027,1,,대전광역시 동구 사성동 31-1,36.3809979,127.5159575,,한전주,042-271-4871,대전광역시 동구청,2023-12-01
사성동028,1,,대전광역시 동구 사성동 산16-25,36.38178169,127.5118348,,한전주,042-271-4871,대전광역시 동구청,2023-12-01
사성동030,1,,대전광역시 동구 사성동 산 16-24,36.38014749,127.5131723,,한전주,042-271-4871,대전광역시 동구청,2023-12-01
사성동031,1,,대전광역시 동구 사성동 산 16-24,36.38014749,127.5131723,,한전주,042-271-4871,대전광역시 동구청,2023-12-01
사성동032,1,,대전광역시 동구 사성동 48-3,36.38169153,127.5168788,,한전주,042-271-4871,대전광역시 동구청,2023-12-01
사성동036,1,,대전광역시 동구 사성동 48-3,36.38169153,127.5168788,,한전주,042-271-4871,대전광역시 동구청,2023-12-01
사성동037,1,,대전광역시 동구 사성동 산 17-5,36.38167826,127.5163536,,한전주,042-271-4871,대전광역시 동구청,2023-12-01
사성동038,1,,대전광역시 동구 사성동 27-3,36.38134744,127.5155213,,한전주,042-271-4871,대전광역시 동구청,2023-12-01
사성동039,1,,대전광역시 동구 사성동 산 16-20,36.38099505,127.5149828,,한전주,042-271-4871,대전광역시 동구청,2023-12-01
사성동040,1,,대전광역시 동구 사성동 산 16-22,36.38064036,127.5141733,,한전주,042-271-4871,대전광역시 동구청,2023-12-01
사성동041,1,,대전광역시 동구 사성동 산 16-24,36.38014749,127.5131723,,한전주,042-271-4871,대전광역시 동구청,2023-12-01
사성동042,1,,대전광역시 동구 사성동 산 16-24,36.38014749,127.5131723,,한전주,042-271-4871,대전광역시 동구청,2023-12-01
사성동043,1,,대전광역시 동구 사성동 산 16-24,36.38014749,127.5131723,,한전주,042-271-4871,대전광역시 동구청,2023-12-01
사성동044,1,,대전광역시 동구 신촌동 산 6-22,36.37910837,127.5125516,,한전주,042-271-4871,대전광역시 동구청,2023-12-01
삼괴동001,1,,대전광역시 동구 삼괴동 45-4,36.25781738,127.4796983,,한전주,042-271-4871,대전광역시 동구청,2023-12-01
삼괴동002,1,,대전광역시 동구 삼괴동 54-2,36.25798143,127.4798477,,한전주,042-271-4871,대전광역시 동구청,2023-12-01
삼괴동003,1,,대전광역시 동구 삼괴동 55,36.2582591,127.4799556,,한전주,042-271-4871,대전광역시 동구청,2023-12-01
삼괴동004,1,,대전광역시 동구 삼괴동 189-11,36.25238747,127.4754532,,한전주,042-271-4871,대전광역시 동구청,2023-12-01
삼괴동005,1,,대전광역시 동구 삼괴동 43-16,36.25749796,127.479552,,전용주,042-271-4871,대전광역시 동구청,2023-12-01
삼괴동007,1,,대전광역시 동구 삼괴동 43-21,36.25725511,127.4792538,,한전주,042-271-4871,대전광역시 동구청,2023-12-01
삼괴동008,1,,대전광역시 동구 삼괴동 135-4,36.25654435,127.4787412,,한전주,042-271-4871,대전광역시 동구청,2023-12-01
삼괴동009,1,,대전광역시 동구 삼괴동 140-5,36.25564796,127.4783693,,한전주,042-271-4871,대전광역시 동구청,2023-12-01
삼괴동010,1,,대전광역시 동구 삼괴동 154-1,36.2549723,127.4782006,,한전주,042-271-4871,대전광역시 동구청,2023-12-01
삼괴동011,1,,대전광역시 동구 삼괴동 143-2,36.25513807,127.4783473,,한전주,042-271-4871,대전광역시 동구청,2023-12-01
삼괴동012,1,,대전광역시 동구 삼괴동 147,36.25501737,127.4788741,,전용주,042-271-4871,대전광역시 동구청,2023-12-01
삼괴동013,1,,대전광역시 동구 삼괴동 261-1,36.2537461,127.4778959,,전용주,042-271-4871,대전광역시 동구청,2023-12-01
삼괴동014,1,,대전광역시 동구 삼괴동 256-11,36.25264401,127.4788049,,한전주,042-271-4871,대전광역시 동구청,2023-12-01
삼괴동015,1,,대전광역시 동구 삼괴동 258-7,36.25299435,127.4779584,,한전주,042-271-4871,대전광역시 동구청,2023-12-01
삼괴동016,1,,대전광역시 동구 삼괴동 258-1,36.25318461,127.4779539,,한전주,042-271-4871,대전광역시 동구청,2023-12-01
삼괴동017,1,,대전광역시 동구 삼괴동 260-1,36.25363674,127.4776831,,한전주,042-271-4871,대전광역시 동구청,2023-12-01
삼괴동018,1,,대전광역시 동구 삼괴동 252-7,36.25239782,127.4782391,,한전주,042-271-4871,대전광역시 동구청,2023-12-01
삼괴동019,1,,대전광역시 동구 삼괴동 252-7,36.25239782,127.4782391,,한전주,042-271-4871,대전광역시 동구청,2023-12-01
삼괴동020,1,,대전광역시 동구 삼괴동 256-9,36.25253407,127.4788932,,한전주,042-271-4871,대전광역시 동구청,2023-12-01
삼괴동021,1,,대전광역시 동구 삼괴동 253-6,36.25172579,127.4786708,,전용주,042-271-4871,대전광역시 동구청,2023-12-01
삼괴동022,1,,대전광역시 동구 삼괴동 253-8,36.25099357,127.4789413,,한전주,042-271-4871,대전광역시 동구청,2023-12-01
삼괴동023,1,,대전광역시 동구 삼괴동 254,36.2507207,127.4789552,,전용주,042-271-4871,대전광역시 동구청,2023-12-01
삼괴동024,1,,대전광역시 동구 삼괴동 254,36.2507207,127.4789552,,한전주,042-271-4871,대전광역시 동구청,2023-12-01
삼괴동025,1,,대전광역시 동구 삼괴동 254,36.2507207,127.4789552,,한전주,042-271-4871,대전광역시 동구청,2023-12-01
삼괴동026,1,,대전광역시 동구 삼괴동 241,36.25166115,127.4776216,,한전주,042-271-4871,대전광역시 동구청,2023-12-01
삼괴동027,1,,대전광역시 동구 삼괴동 785-4,36.25223829,127.4772479,,건축물,042-271-4871,대전광역시 동구청,2023-12-01
삼괴동028,1,,대전광역시 동구 삼괴동 785-4,36.25223829,127.4772479,,건축물,042-271-4871,대전광역시 동구청,2023-12-01
삼괴동029,1,,대전광역시 동구 삼괴동 785-4,36.25223829,127.4772479,,건축물,042-271-4871,대전광역시 동구청,2023-12-01
삼괴동030,1,,대전광역시 동구 삼괴동 208-6,36.25248798,127.4768057,,한전주,042-271-4871,대전광역시 동구청,2023-12-01
삼괴동031,1,,대전광역시 동구 삼괴동 210-3,36.25219081,127.476751,,한전주,042-271-4871,대전광역시 동구청,2023-12-01
삼괴동032,1,,대전광역시 동구 삼괴동 211-12,36.25169586,127.4766662,,한전주,042-271-4871,대전광역시 동구청,2023-12-01
삼괴동033,1,,대전광역시 동구 삼괴동 229,36.2512402,127.4752661,,한전주,042-271-4871,대전광역시 동구청,2023-12-01
삼괴동034,1,,대전광역시 동구 삼괴동 229,36.2512402,127.4752661,,한전주,042-271-4871,대전광역시 동구청,2023-12-01
삼괴동035,1,,대전광역시 동구 삼괴동 218,36.25164356,127.4752677,,한전주,042-271-4871,대전광역시 동구청,2023-12-01
삼괴동036,1,,대전광역시 동구 삼괴동 221,36.25209403,127.475232,,한전주,042-271-4871,대전광역시 동구청,2023-12-01
삼괴동037,1,,대전광역시 동구 삼괴동 198-2,36.25272044,127.4757983,,전용주,042-271-4871,대전광역시 동구청,2023-12-01
삼괴동038,1,,대전광역시 동구 삼괴동 197-6,36.25282298,127.4762999,,한전주,042-271-4871,대전광역시 동구청,2023-12-01
삼괴동039,1,,대전광역시 동구 삼괴동 202-1,36.25292399,127.4764856,,한전주,042-271-4871,대전광역시 동구청,2023-12-01
삼괴동040,1,,대전광역시 동구 삼괴동 197-3,36.25310789,127.4764714,,전용주,042-271-4871,대전광역시 동구청,2023-12-01
삼괴동041,1,,대전광역시 동구 삼괴동 203-5,36.25298553,127.4766915,,한전주,042-271-4871,대전광역시 동구청,2023-12-01
삼괴동042,1,,대전광역시 동구 삼괴동 197-1,36.25320007,127.4765413,,한전주,042-271-4871,대전광역시 동구청,2023-12-01
삼괴동043,1,,대전광역시 동구 삼괴동 195,36.25370484,127.4758815,,한전주,042-271-4871,대전광역시 동구청,2023-12-01
삼괴동044,1,,대전광역시 동구 삼괴동 193-4,36.25329813,127.4756326,,한전주,042-271-4871,대전광역시 동구청,2023-12-01
삼괴동045,1,,대전광역시 동구 삼괴동 192-4,36.2529777,127.4754876,,한전주,042-271-4871,대전광역시 동구청,2023-12-01
삼괴동046,1,,대전광역시 동구 삼괴동 589,36.24893494,127.4673682,,한전주,042-271-4871,대전광역시 동구청,2023-12-01
삼괴동048,1,,대전광역시 동구 삼괴동 575-4,36.24989432,127.4638313,,한전주,042-271-4871,대전광역시 동구청,2023-12-01
삼괴동049,1,,대전광역시 동구 삼괴동 574,36.2501076,127.4634314,,한전주,042-271-4871,대전광역시 동구청,2023-12-01
삼괴동050,1,,대전광역시 동구 삼괴동 493-1,36.24999196,127.4695392,,한전주,042-271-4871,대전광역시 동구청,2023-12-01
삼괴동051,1,,대전광역시 동구 삼괴동 330-2,36.24688865,127.4748754,,전용주,042-271-4871,대전광역시 동구청,2023-12-01
삼괴동052,1,,대전광역시 동구 삼괴동 330-2,36.24688865,127.4748754,,한전주,042-271-4871,대전광역시 동구청,2023-12-01
삼괴동053,1,,대전광역시 동구 삼괴동 336,36.24586613,127.4736985,,전용주,042-271-4871,대전광역시 동구청,2023-12-01
삼괴동055,1,,대전광역시 동구 삼괴동 354-3,36.24438811,127.472946,,한전주,042-271-4871,대전광역시 동구청,2023-12-01
삼괴동056,1,,대전광역시 동구 삼괴동 456-2,36.24421389,127.4726601,,한전주,042-271-4871,대전광역시 동구청,2023-12-01
삼괴동057,1,,대전광역시 동구 삼괴동 453-1,36.24466807,127.4713348,,한전주,042-271-4871,대전광역시 동구청,2023-12-01
삼괴동058,1,,대전광역시 동구 삼괴동 453-1,36.24466807,127.4713348,,한전주,042-271-4871,대전광역시 동구청,2023-12-01
삼괴동059,1,,대전광역시 동구 삼괴동 446-3,36.24426769,127.4685377,,한전주,042-271-4871,대전광역시 동구청,2023-12-01
삼괴동060,1,,대전광역시 동구 삼괴동 446-4,36.24439328,127.4678005,,한전주,042-271-4871,대전광역시 동구청,2023-12-01
삼괴동061,1,,대전광역시 동구 삼괴동 607-2,36.24407716,127.4675184,,한전주,042-271-4871,대전광역시 동구청,2023-12-01
삼괴동062,1,,대전광역시 동구 삼괴동 610-3,36.24364194,127.4671554,,한전주,042-271-4871,대전광역시 동구청,2023-12-01
삼괴동063,1,,대전광역시 동구 삼괴동 609-3,36.24324909,127.4664465,,한전주,042-271-4871,대전광역시 동구청,2023-12-01
삼괴동064,1,,대전광역시 동구 삼괴동 613-2,36.24303057,127.4656114,,한전주,042-271-4871,대전광역시 동구청,2023-12-01
삼괴동065,1,,대전광역시 동구 삼괴동 621-2,36.24329079,127.4639578,,한전주,042-271-4871,대전광역시 동구청,2023-12-01
삼괴동066,1,,대전광역시 동구 삼괴동 621-2,36.24329079,127.4639578,,한전주,042-271-4871,대전광역시 동구청,2023-12-01
삼괴동067,1,,대전광역시 동구 삼괴동 620-3,36.24280419,127.4631628,,한전주,042-271-4871,대전광역시 동구청,2023-12-01
삼괴동068,1,,대전광역시 동구 삼괴동 661-1,36.24300732,127.461617,,한전주,042-271-4871,대전광역시 동구청,2023-12-01
삼괴동069,1,,대전광역시 동구 삼괴동 635,36.24257423,127.4609078,,한전주,042-271-4871,대전광역시 동구청,2023-12-01
삼괴동070,1,,대전광역시 동구 삼괴동 654-4,36.24338315,127.4612788,,전용주,042-271-4871,대전광역시 동구청,2023-12-01
삼괴동071,1,,대전광역시 동구 삼괴동 657-1,36.24318173,127.4607204,,한전주,042-271-4871,대전광역시 동구청,2023-12-01
삼괴동072,1,,대전광역시 동구 삼괴동 654-9,36.24345012,127.460646,,전용주,042-271-4871,대전광역시 동구청,2023-12-01
삼괴동073,1,,대전광역시 동구 삼괴동 650-1,36.24365255,127.4595865,,한전주,042-271-4871,대전광역시 동구청,2023-12-01
삼괴동074,1,,대전광역시 동구 삼괴동 643-2,36.24305903,127.456807,,한전주,042-271-4871,대전광역시 동구청,2023-12-01
삼괴동075,1,,대전광역시 동구 삼괴동 702,36.24287795,127.4568173,,한전주,042-271-4871,대전광역시 동구청,2023-12-01
삼괴동076,1,,대전광역시 동구 삼괴동 696-5,36.24264672,127.4553456,,한전주,042-271-4871,대전광역시 동구청,2023-12-01
삼괴동077,1,,대전광역시 동구 삼괴동 696-6,36.24276542,127.4545516,,한전주,042-271-4871,대전광역시 동구청,2023-12-01
삼괴동078,1,,대전광역시 동구 삼괴동 696-2,36.24292711,127.4541991,,한전주,042-271-4871,대전광역시 동구청,2023-12-01
삼괴동079,1,,대전광역시 동구 삼괴동 697,36.24308819,127.4541441,,한전주,042-271-4871,대전광역시 동구청,2023-12-01
삼괴동080,1,,대전광역시 동구 삼괴동 686,36.24323451,127.4540573,,한전주,042-271-4871,대전광역시 동구청,2023-12-01
삼괴동081,1,,대전광역시 동구 삼괴동 685-1,36.24349908,127.4537531,,한전주,042-271-4871,대전광역시 동구청,2023-12-01
삼괴동082,1,,대전광역시 동구 삼괴동 690-3,36.24338897,127.4530589,,전용주,042-271-4871,대전광역시 동구청,2023-12-01
삼괴동083,1,,대전광역시 동구 삼괴동 693-5,36.24309073,127.4534247,,한전주,042-271-4871,대전광역시 동구청,2023-12-01
삼괴동084,1,,대전광역시 동구 삼괴동 690-6,36.24340086,127.4533224,,전용주,042-271-4871,대전광역시 동구청,2023-12-01
삼괴동085,1,,대전광역시 동구 삼괴동 690-5,36.24357088,127.4531649,,한전주,042-271-4871,대전광역시 동구청,2023-12-01
삼괴동086,1,,대전광역시 동구 삼괴동 690-3,36.24338897,127.4530589,,전용주,042-271-4871,대전광역시 동구청,2023-12-01
삼괴동087,1,,대전광역시 동구 삼괴동 710,36.2428476,127.4524222,,한전주,042-271-4871,대전광역시 동구청,2023-12-01
삼괴동088,1,,대전광역시 동구 삼괴동 723,36.24341598,127.4516841,,한전주,042-271-4871,대전광역시 동구청,2023-12-01
삼괴동089,1,,대전광역시 동구 삼괴동 340-2,36.2441996,127.4734217,,한전주,042-271-4871,대전광역시 동구청,2023-12-01
삼괴동090,1,,대전광역시 동구 삼괴동 354-9,36.24354916,127.4740481,,한전주,042-271-4871,대전광역시 동구청,2023-12-01
삼괴동091,1,,대전광역시 동구 삼괴동 354-9,36.24354916,127.4740481,,한전주,042-271-4871,대전광역시 동구청,2023-12-01
삼괴동092,1,,대전광역시 동구 삼괴동 782-117,36.24384863,127.4753241,,한전주,042-271-4871,대전광역시 동구청,2023-12-01
삼괴동093,1,,대전광역시 동구 삼괴동 381,36.24275865,127.4754354,,한전주,042-271-4871,대전광역시 동구청,2023-12-01
삼괴동094,1,,대전광역시 동구 삼괴동 산9-3,36.24314478,127.4758375,,한전주,042-271-4871,대전광역시 동구청,2023-12-01
삼괴동095,1,,대전광역시 동구 삼괴동 382,36.24204241,127.4759421,,한전주,042-271-4871,대전광역시 동구청,2023-12-01
삼괴동096,1,,대전광역시 동구 삼괴동 산12-13,36.2418269,127.4763862,,한전주,042-271-4871,대전광역시 동구청,2023-12-01
삼괴동097,1,,대전광역시 동구 삼괴동 384,36.24154871,127.4763029,,한전주,042-271-4871,대전광역시 동구청,2023-12-01
삼괴동098,1,,대전광역시 동구 삼괴동 383-2,36.24099283,127.4765725,,한전주,042-271-4871,대전광역시 동구청,2023-12-01
삼괴동099,1,,대전광역시 동구 삼괴동 383-2,36.24099283,127.4765725,,한전주,042-271-4871,대전광역시 동구청,2023-12-01
삼괴동100,1,,대전광역시 동구 삼괴동 376-2,36.24082136,127.4776488,,한전주,042-271-4871,대전광역시 동구청,2023-12-01
삼괴동101,1,,대전광역시 동구 삼괴동 829,36.24030846,127.4768686,,한전주,042-271-4871,대전광역시 동구청,2023-12-01
삼괴동102,1,,대전광역시 동구 삼괴동 376-2,36.24082136,127.4776488,,한전주,042-271-4871,대전광역시 동구청,2023-12-01
삼괴동103,1,,대전광역시 동구 삼괴동 376-2,36.24082136,127.4776488,,한전주,042-271-4871,대전광역시 동구청,2023-12-01
삼괴동106,1,,대전광역시 동구 삼괴동 43-15,36.25766595,127.4794811,,전용주,042-271-4871,대전광역시 동구청,2023-12-01
삼괴동107,1,,대전광역시 동구 삼괴동 46-6,36.25711348,127.4798069,,한전주,042-271-4871,대전광역시 동구청,2023-12-01
삼괴동108,1,,대전광역시 동구 삼괴동 137-1,36.25660782,127.4790888,,한전주,042-271-4871,대전광역시 동구청,2023-12-01
삼괴동109,1,,대전광역시 동구 삼괴동 155-4,36.25432551,127.4780506,,한전주,042-271-4871,대전광역시 동구청,2023-12-01
삼괴동110,1,,대전광역시 동구 삼괴동 193-6,36.25342941,127.4756393,,한전주,042-271-4871,대전광역시 동구청,2023-12-01
삼괴동111,1,,대전광역시 동구 삼괴동 197-15,36.25330368,127.4760497,,한전주,042-271-4871,대전광역시 동구청,2023-12-01
삼괴동112,1,,대전광역시 동구 삼괴동 328-1,36.24845513,127.4740762,,한전주,042-271-4871,대전광역시 동구청,2023-12-01
삼괴동113,1,,대전광역시 동구 삼괴동 114,36.24865051,127.4784779,,한전주,042-271-4871,대전광역시 동구청,2023-12-01
삼괴동114,1,,대전광역시 동구 삼괴동 577-12,36.24940791,127.4662533,,한전주,042-271-4871,대전광역시 동구청,2023-12-01
삼괴동115,1,,대전광역시 동구 삼괴동 582-1,36.24983544,127.4649216,,한전주,042-271-4871,대전광역시 동구청,2023-12-01
삼괴동116,1,,대전광역시 동구 삼괴동 650-1,36.24365255,127.4595865,,한전주,042-271-4871,대전광역시 동구청,2023-12-01
삼괴동117,1,,대전광역시 동구 삼괴동 814,36.24314805,127.4638197,,한전주,042-271-4871,대전광역시 동구청,2023-12-01
삼괴동118,1,,대전광역시 동구 삼괴동 114,36.24865051,127.4784779,,전용주,042-271-4871,대전광역시 동구청,2023-12-01
삼괴동119,1,,대전광역시 동구 삼괴동 252-6,36.25248486,127.478054,,전용주,042-271-4871,대전광역시 동구청,2023-12-01
삼괴동120,1,,대전광역시 동구 삼괴동 263-2,36.25334126,127.4782157,,전용주,042-271-4871,대전광역시 동구청,2023-12-01
삼괴동121,1,,대전광역시 동구 삼괴동 262-2,36.25351165,127.478129,,전용주,042-271-4871,대전광역시 동구청,2023-12-01
삼괴동122,1,,대전광역시 동구 삼괴동 158-3,36.25422805,127.4776578,,한전주,042-271-4871,대전광역시 동구청,2023-12-01
삼괴동123,1,,대전광역시 동구 삼괴동 352-10,36.24454789,127.4748666,,,042-271-4871,대전광역시 동구청,2023-12-01
삼괴동124,1,,대전광역시 동구 삼괴동 620-2,36.2429511,127.4634177,,한전주,042-271-4871,대전광역시 동구청,2023-12-01
삼괴동125,1,,대전광역시 동구 삼괴동 295-1,36.24833931,127.4766255,,전용주,042-271-4871,대전광역시 동구청,2023-12-01
삼괴동126,1,,대전광역시 동구 삼괴동 308-5,36.24976439,127.4770831,,한전주,042-271-4871,대전광역시 동구청,2023-12-01
삼괴동127,1,,대전광역시 동구 삼괴동 704-5,36.24256981,127.4544904,,한전주,042-271-4871,대전광역시 동구청,2023-12-01
삼괴동128,1,,대전광역시 동구 삼괴동 705-4,36.24243055,127.4546269,,한전주,042-271-4871,대전광역시 동구청,2023-12-01
삼괴동129,1,,대전광역시 동구 삼괴동 산 16-35,36.24171338,127.4651593,,한전주,042-271-4871,대전광역시 동구청,2023-12-01
삼괴동130,1,,대전광역시 동구 삼괴동 704-6,36.24187811,127.4550102,,한전주,042-271-4871,대전광역시 동구청,2023-12-01
삼괴동131,1,,대전광역시 동구 삼괴동 704-6,36.24187811,127.4550102,,한전주,042-271-4871,대전광역시 동구청,2023-12-01
삼괴동132,1,,대전광역시 동구 삼괴동 704-6,36.24187811,127.4550102,,한전주,042-271-4871,대전광역시 동구청,2023-12-01
삼괴동134,1,,대전광역시 동구 삼괴동 201,36.25262289,127.4761483,,전용주,042-271-4871,대전광역시 동구청,2023-12-01
삼괴동135,1,,대전광역시 동구 삼괴동 197-20,36.25296894,127.4760606,,전용주,042-271-4871,대전광역시 동구청,2023-12-01
삼성동001,1,,대전광역시 동구 삼성동 416-33,36.34392619,127.4142859,,한전주,042-271-4871,대전광역시 동구청,2023-12-01
삼성동002,1,,대전광역시 동구 삼성동 392-31,36.34406523,127.4147845,,한전주,042-271-4871,대전광역시 동구청,2023-12-01
삼성동003,1,,대전광역시 동구 삼성동 385-8,36.34434907,127.4162439,,한전주,042-271-4871,대전광역시 동구청,2023-12-01
삼성동004,1,,대전광역시 동구 삼성동 385-8,36.34434907,127.4162439,,한전주,042-271-4871,대전광역시 동구청,2023-12-01
삼성동005,1,,대전광역시 동구 삼성동 382-16,36.34455763,127.4177354,,한전주,042-271-4871,대전광역시 동구청,2023-12-01
삼성동006,1,,대전광역시 동구 삼성동 474,36.34366152,127.4208388,,전용주,042-271-4871,대전광역시 동구청,2023-12-01
삼성동007,1,,대전광역시 동구 삼성동 382-21,36.34456744,127.4182525,,한전주,042-271-4871,대전광역시 동구청,2023-12-01
삼성동008,1,,대전광역시 동구 삼성동 474,36.34366152,127.4208388,,한전주,042-271-4871,대전광역시 동구청,2023-12-01
삼성동009,1,,대전광역시 동구 삼성동 380-14,36.34454393,127.419228,,한전주,042-271-4871,대전광역시 동구청,2023-12-01
삼성동010,1,,대전광역시 동구 삼성동 380-1,36.34446244,127.419543,,한전주,042-271-4871,대전광역시 동구청,2023-12-01
삼성동011,1,,대전광역시 동구 삼성동 380-3,36.34438733,127.4194269,,한전주,042-271-4871,대전광역시 동구청,2023-12-01
삼성동012,1,,대전광역시 동구 삼성동 378-12,36.34404722,127.4193246,,한전주,042-271-4871,대전광역시 동구청,2023-12-01
삼성동013,1,,대전광역시 동구 삼성동 380-6,36.34444451,127.4188723,,한전주,042-271-4871,대전광역시 동구청,2023-12-01
삼성동014,1,,대전광역시 동구 삼성동 377-50,36.34384954,127.4190312,,한전주,042-271-4871,대전광역시 동구청,2023-12-01
삼성동015,1,,대전광역시 동구 삼성동 377-51,36.34365148,127.4187432,,한전주,042-271-4871,대전광역시 동구청,2023-12-01
삼성동016,1,,대전광역시 동구 삼성동 382-44,36.34397415,127.4185249,,한전주,042-271-4871,대전광역시 동구청,2023-12-01
삼성동017,1,,대전광역시 동구 삼성동 383-14,36.34406308,127.4179102,,한전주,042-271-4871,대전광역시 동구청,2023-12-01
삼성동018,1,,대전광역시 동구 삼성동 122-12,36.33672381,127.4278719,,전용주,042-271-4871,대전광역시 동구청,2023-12-01
삼성동019,1,,대전광역시 동구 삼성동 376-6,36.34337477,127.418372,,한전주,042-271-4871,대전광역시 동구청,2023-12-01
삼성동020,1,,대전광역시 동구 삼성동 376-13,36.34328627,127.4182455,,한전주,042-271-4871,대전광역시 동구청,2023-12-01
삼성동021,1,,대전광역시 동구 삼성동 388-9,36.34305809,127.4178592,,한전주,042-271-4871,대전광역시 동구청,2023-12-01
삼성동022,1,,대전광역시 동구 삼성동 388-6,36.34291221,127.417749,,한전주,042-271-4871,대전광역시 동구청,2023-12-01
삼성동023,1,,대전광역시 동구 삼성동 475,36.34339201,127.4159857,,건축물,042-271-4871,대전광역시 동구청,2023-12-01
삼성동024,1,,대전광역시 동구 삼성동 390-21,36.34315767,127.4171115,,한전주,042-271-4871,대전광역시 동구청,2023-12-01
삼성동025,1,,대전광역시 동구 삼성동 387-15,36.34349489,127.4170583,,한전주,042-271-4871,대전광역시 동구청,2023-12-01
삼성동026,1,,대전광역시 동구 삼성동 387-14,36.34365336,127.4168902,,한전주,042-271-4871,대전광역시 동구청,2023-12-01
삼성동027,1,,대전광역시 동구 삼성동 387-1,36.3438076,127.417084,,전용주,042-271-4871,대전광역시 동구청,2023-12-01
삼성동028,1,,대전광역시 동구 삼성동 385-17,36.34416643,127.4164427,,한전주,042-271-4871,대전광역시 동구청,2023-12-01
삼성동029,1,,대전광역시 동구 삼성동 385-7,36.34423165,127.4162954,,한전주,042-271-4871,대전광역시 동구청,2023-12-01
삼성동030,1,,대전광역시 동구 삼성동 391-23,36.34390674,127.4158656,,한전주,042-271-4871,대전광역시 동구청,2023-12-01
삼성동031,1,,대전광역시 동구 삼성동 391-32,36.34367509,127.4160358,,한전주,042-271-4871,대전광역시 동구청,2023-12-01
삼성동032,1,,대전광역시 동구 삼성동 121-14,36.33644018,127.4271994,,한전주,042-271-4871,대전광역시 동구청,2023-12-01
삼성동033,1,,대전광역시 동구 삼성동 391-31,36.34360693,127.4163029,,한전주,042-271-4871,대전광역시 동구청,2023-12-01
삼성동034,1,,대전광역시 동구 삼성동 389-7,36.34281228,127.4172063,,한전주,042-271-4871,대전광역시 동구청,2023-12-01
삼성동035,1,,대전광역시 동구 삼성동 390-38,36.34301905,127.4168839,,한전주,042-271-4871,대전광역시 동구청,2023-12-01
삼성동036,1,,대전광역시 동구 삼성동 390-41,36.34324995,127.4168279,,건축물,042-271-4871,대전광역시 동구청,2023-12-01
삼성동037,1,,대전광역시 동구 삼성동 390-35,36.34307401,127.4165244,,한전주,042-271-4871,대전광역시 동구청,2023-12-01
삼성동038,1,,대전광역시 동구 삼성동 390-9,36.34331751,127.4162666,,건축물,042-271-4871,대전광역시 동구청,2023-12-01
삼성동039,1,,대전광역시 동구 삼성동 390-24,36.34298629,127.4161983,,한전주,042-271-4871,대전광역시 동구청,2023-12-01
삼성동040,1,,대전광역시 동구 삼성동 394-2,36.34308023,127.4159037,,전용주,042-271-4871,대전광역시 동구청,2023-12-01
삼성동041,1,,대전광역시 동구 삼성동 458,36.3410933,127.425455,,한전주,042-271-4871,대전광역시 동구청,2023-12-01
삼성동042,1,,대전광역시 동구 삼성동 395-1,36.34275751,127.415984,,한전주,042-271-4871,대전광역시 동구청,2023-12-01
삼성동043,1,,대전광역시 동구 삼성동 394-11,36.34296716,127.4159476,,한전주,042-271-4871,대전광역시 동구청,2023-12-01
삼성동044,1,,대전광역시 동구 삼성동 394-14,36.34293639,127.415621,,한전주,042-271-4871,대전광역시 동구청,2023-12-01
삼성동045,1,,대전광역시 동구 삼성동 394-19,36.34284196,127.4153323,,한전주,042-271-4871,대전광역시 동구청,2023-12-01
삼성동046,1,,대전광역시 동구 삼성동 396-10,36.34261205,127.4147674,,한전주,042-271-4871,대전광역시 동구청,2023-12-01
삼성동047,1,,대전광역시 동구 삼성동 396-1,36.34301168,127.4146508,,한전주,042-271-4871,대전광역시 동구청,2023-12-01
삼성동048,1,,대전광역시 동구 삼성동 393-17,36.34331314,127.4152422,,한전주,042-271-4871,대전광역시 동구청,2023-12-01
삼성동049,1,,대전광역시 동구 삼성동 394-35,36.34317859,127.4157361,,한전주,042-271-4871,대전광역시 동구청,2023-12-01
삼성동050,1,,대전광역시 동구 삼성동 416-26,36.34338317,127.4145123,,한전주,042-271-4871,대전광역시 동구청,2023-12-01
삼성동051,1,,대전광역시 동구 삼성동 416-30,36.3436037,127.4144313,,한전주,042-271-4871,대전광역시 동구청,2023-12-01
삼성동052,1,,대전광역시 동구 삼성동 475,36.34339201,127.4159857,,전용주,042-271-4871,대전광역시 동구청,2023-12-01
삼성동053,1,,대전광역시 동구 삼성동 392-30,36.34392116,127.414932,,한전주,042-271-4871,대전광역시 동구청,2023-12-01
삼성동054,1,,대전광역시 동구 삼성동 392-23,36.3438724,127.4153736,,한전주,042-271-4871,대전광역시 동구청,2023-12-01
삼성동055,1,,대전광역시 동구 삼성동 392-15,36.34403903,127.4151391,,건축물,042-271-4871,대전광역시 동구청,2023-12-01
삼성동056,1,,대전광역시 동구 삼성동 416-22,36.34322433,127.4143739,,전용주,042-271-4871,대전광역시 동구청,2023-12-01
삼성동057,1,,대전광역시 동구 삼성동 416-13,36.34352755,127.4140687,,한전주,042-271-4871,대전광역시 동구청,2023-12-01
삼성동058,1,,대전광역시 동구 삼성동 416-19,36.3432898,127.4141785,,한전주,042-271-4871,대전광역시 동구청,2023-12-01
삼성동059,1,,대전광역시 동구 삼성동 416-20,36.34332072,127.4142788,,전용주,042-271-4871,대전광역시 동구청,2023-12-01
삼성동060,1,,대전광역시 동구 삼성동 416-4,36.34313534,127.4142289,,한전주,042-271-4871,대전광역시 동구청,2023-12-01
삼성동061,1,,대전광역시 동구 삼성동 376-11,36.34293812,127.4188423,,한전주,042-271-4871,대전광역시 동구청,2023-12-01
삼성동062,1,,대전광역시 동구 삼성동 375-9,36.34293499,127.4192227,,한전주,042-271-4871,대전광역시 동구청,2023-12-01
삼성동063,1,,대전광역시 동구 삼성동 376-24,36.34320069,127.418903,,한전주,042-271-4871,대전광역시 동구청,2023-12-01
삼성동064,1,,대전광역시 동구 삼성동 377-21,36.34357656,127.4188288,,한전주,042-271-4871,대전광역시 동구청,2023-12-01
삼성동065,1,,대전광역시 동구 삼성동 375-1,36.34299502,127.4195527,,한전주,042-271-4871,대전광역시 동구청,2023-12-01
삼성동066,1,,대전광역시 동구 삼성동 374-9,36.34290887,127.4198098,,한전주,042-271-4871,대전광역시 동구청,2023-12-01
삼성동067,1,,대전광역시 동구 삼성동 374-7,36.34300885,127.4201322,,한전주,042-271-4871,대전광역시 동구청,2023-12-01
삼성동068,1,,대전광역시 동구 삼성동 373-34,36.34319531,127.4206921,,한전주,042-271-4871,대전광역시 동구청,2023-12-01
삼성동069,1,,대전광역시 동구 삼성동 372-21,36.34307893,127.4210346,,한전주,042-271-4871,대전광역시 동구청,2023-12-01
삼성동070,1,,대전광역시 동구 삼성동 372-26,36.34284665,127.4209987,,한전주,042-271-4871,대전광역시 동구청,2023-12-01
삼성동071,1,,대전광역시 동구 삼성동 373-2,36.34334848,127.4206747,,한전주,042-271-4871,대전광역시 동구청,2023-12-01
삼성동072,1,,대전광역시 동구 삼성동 378-15,36.3437054,127.4206606,,한전주,042-271-4871,대전광역시 동구청,2023-12-01
삼성동073,1,,대전광역시 동구 삼성동 474,36.34366152,127.4208388,,한전주,042-271-4871,대전광역시 동구청,2023-12-01
삼성동074,1,,대전광역시 동구 삼성동 372-29,36.34335118,127.4211362,,한전주,042-271-4871,대전광역시 동구청,2023-12-01
삼성동075,1,,대전광역시 동구 삼성동 371-24,36.34316783,127.421789,,한전주,042-271-4871,대전광역시 동구청,2023-12-01
삼성동076,1,,대전광역시 동구 삼성동 372-17,36.34293402,127.4217273,,한전주,042-271-4871,대전광역시 동구청,2023-12-01
삼성동078,1,,대전광역시 동구 삼성동 378-2,36.34423352,127.4198829,,한전주,042-271-4871,대전광역시 동구청,2023-12-01
삼성동079,1,,대전광역시 동구 삼성동 378-10,36.34403941,127.4196258,,한전주,042-271-4871,대전광역시 동구청,2023-12-01
삼성동080,1,,대전광역시 동구 삼성동 377-3,36.3435929,127.4194896,,한전주,042-271-4871,대전광역시 동구청,2023-12-01
삼성동081,1,,대전광역시 동구 삼성동 373-8,36.34347696,127.4199409,,한전주,042-271-4871,대전광역시 동구청,2023-12-01
삼성동082,1,,대전광역시 동구 삼성동 373-28,36.34355861,127.4205017,,한전주,042-271-4871,대전광역시 동구청,2023-12-01
삼성동083,1,,대전광역시 동구 삼성동 377-46,36.34332086,127.4193038,,한전주,042-271-4871,대전광역시 동구청,2023-12-01
삼성동084,1,,대전광역시 동구 삼성동 377-46,36.34332086,127.4193038,,전용주,042-271-4871,대전광역시 동구청,2023-12-01
삼성동085,1,,대전광역시 동구 삼성동 377-26,36.34377159,127.4191072,,전용주,042-271-4871,대전광역시 동구청,2023-12-01
삼성동088,1,,대전광역시 동구 삼성동 364-2,36.3418326,127.4221353,,한전주,042-271-4871,대전광역시 동구청,2023-12-01
삼성동089,1,,대전광역시 동구 삼성동 365-2,36.34204538,127.4215719,,한전주,042-271-4871,대전광역시 동구청,2023-12-01
삼성동090,1,,대전광역시 동구 삼성동 366-5,36.34224689,127.4210142,,한전주,042-271-4871,대전광역시 동구청,2023-12-01
삼성동091,1,,대전광역시 동구 삼성동 366-11,36.34226998,127.4211298,,전용주,042-271-4871,대전광역시 동구청,2023-12-01
삼성동092,1,,대전광역시 동구 삼성동 366-7,36.34215968,127.4213053,,전용주,042-271-4871,대전광역시 동구청,2023-12-01
삼성동093,1,,대전광역시 동구 삼성동 365-6,36.341957,127.4213748,,전용주,042-271-4871,대전광역시 동구청,2023-12-01
삼성동094,1,,대전광역시 동구 삼성동 364-7,36.34179049,127.4218373,,한전주,042-271-4871,대전광역시 동구청,2023-12-01
삼성동095,1,,대전광역시 동구 삼성동 364-9,36.34156701,127.4215026,,한전주,042-271-4871,대전광역시 동구청,2023-12-01
삼성동096,1,,대전광역시 동구 삼성동 472-2,36.3417451,127.421561,,전용주,042-271-4871,대전광역시 동구청,2023-12-01
삼성동097,1,,대전광역시 동구 삼성동 458,36.3410933,127.425455,,전용주,042-271-4871,대전광역시 동구청,2023-12-01
삼성동098,1,,대전광역시 동구 삼성동 353-10,36.34217599,127.4196935,,건축물,042-271-4871,대전광역시 동구청,2023-12-01
삼성동099,1,,대전광역시 동구 삼성동 471,36.34079186,127.4196339,,한전주,042-271-4871,대전광역시 동구청,2023-12-01
삼성동100,1,,대전광역시 동구 삼성동 355-6,36.34179568,127.419056,,한전주,042-271-4871,대전광역시 동구청,2023-12-01
삼성동101,1,,대전광역시 동구 삼성동 352-11,36.34194778,127.4186234,,한전주,042-271-4871,대전광역시 동구청,2023-12-01
삼성동102,1,,대전광역시 동구 삼성동 352-19,36.34196313,127.4184599,,한전주,042-271-4871,대전광역시 동구청,2023-12-01
삼성동103,1,,대전광역시 동구 삼성동 352-4,36.34225278,127.4184309,,건축물,042-271-4871,대전광역시 동구청,2023-12-01
삼성동104,1,,대전광역시 동구 삼성동 350-1,36.34173825,127.418264,,한전주,042-271-4871,대전광역시 동구청,2023-12-01
삼성동105,1,,대전광역시 동구 삼성동 350-7,36.34177027,127.417998,,한전주,042-271-4871,대전광역시 동구청,2023-12-01
삼성동106,1,,대전광역시 동구 삼성동 471,36.34079186,127.4196339,,전용주,042-271-4871,대전광역시 동구청,2023-12-01
삼성동107,1,,대전광역시 동구 삼성동 345-1,36.34173403,127.4174364,,한전주,042-271-4871,대전광역시 동구청,2023-12-01
삼성동109,1,,대전광역시 동구 삼성동 345-6,36.34165308,127.4169769,,한전주,042-271-4871,대전광역시 동구청,2023-12-01
삼성동110,1,,대전광역시 동구 삼성동 345-22,36.3417019,127.4163901,,한전주,042-271-4871,대전광역시 동구청,2023-12-01
삼성동111,1,,대전광역시 동구 삼성동 343-17,36.34191017,127.4160779,,한전주,042-271-4871,대전광역시 동구청,2023-12-01
삼성동112,1,,대전광역시 동구 삼성동 471,36.34079186,127.4196339,,한전주,042-271-4871,대전광역시 동구청,2023-12-01
삼성동113,1,,대전광역시 동구 삼성동 471,36.34079186,127.4196339,,한전주,042-271-4871,대전광역시 동구청,2023-12-01
삼성동114,1,,대전광역시 동구 삼성동 342-15,36.34145628,127.4152649,,한전주,042-271-4871,대전광역시 동구청,2023-12-01
삼성동115,1,,대전광역시 동구 삼성동 342-26,36.34118407,127.4152554,,한전주,042-271-4871,대전광역시 동구청,2023-12-01
삼성동116,1,,대전광역시 동구 삼성동 341-17,36.34109555,127.4157794,,한전주,042-271-4871,대전광역시 동구청,2023-12-01
삼성동117,1,,대전광역시 동구 삼성동 341-16,36.34120057,127.4160812,,한전주,042-271-4871,대전광역시 동구청,2023-12-01
삼성동118,1,,대전광역시 동구 삼성동 346-4,36.34128437,127.4164462,,한전주,042-271-4871,대전광역시 동구청,2023-12-01
삼성동119,1,,대전광역시 동구 삼성동 342-12,36.34157586,127.4162004,,한전주,042-271-4871,대전광역시 동구청,2023-12-01
삼성동120,1,,대전광역시 동구 삼성동 346-20,36.34125807,127.4167276,,한전주,042-271-4871,대전광역시 동구청,2023-12-01
삼성동121,1,,대전광역시 동구 삼성동 346-12,36.34131056,127.4171276,,한전주,042-271-4871,대전광역시 동구청,2023-12-01
삼성동122,1,,대전광역시 동구 삼성동 350-5,36.34140656,127.4177932,,한전주,042-271-4871,대전광역시 동구청,2023-12-01
삼성동123,1,,대전광역시 동구 삼성동 347-4,36.34118461,127.4174274,,한전주,042-271-4871,대전광역시 동구청,2023-12-01
삼성동124,1,,대전광역시 동구 삼성동 347-12,36.34096612,127.4170797,,한전주,042-271-4871,대전광역시 동구청,2023-12-01
삼성동125,1,,대전광역시 동구 삼성동 339-1,36.34064206,127.4167679,,한전주,042-271-4871,대전광역시 동구청,2023-12-01
삼성동126,1,,대전광역시 동구 삼성동 340-19,36.34082781,127.416506,,한전주,042-271-4871,대전광역시 동구청,2023-12-01
삼성동127,1,,대전광역시 동구 삼성동 339-15,36.34044197,127.4165693,,한전주,042-271-4871,대전광역시 동구청,2023-12-01
삼성동128,1,,대전광역시 동구 삼성동 339-10,36.3402062,127.416241,,한전주,042-271-4871,대전광역시 동구청,2023-12-01
삼성동129,1,,대전광역시 동구 삼성동 341-12,36.34083595,127.4158248,,한전주,042-271-4871,대전광역시 동구청,2023-12-01
삼성동130,1,,대전광역시 동구 삼성동 341-4,36.34094328,127.4158513,,한전주,042-271-4871,대전광역시 동구청,2023-12-01
삼성동131,1,,대전광역시 동구 삼성동 341-1,36.34124221,127.4162345,,한전주,042-271-4871,대전광역시 동구청,2023-12-01
삼성동132,1,,대전광역시 동구 삼성동 338-1,36.34032038,127.4170925,,한전주,042-271-4871,대전광역시 동구청,2023-12-01
삼성동133,1,,대전광역시 동구 삼성동 338-7,36.34014595,127.4169534,,한전주,042-271-4871,대전광역시 동구청,2023-12-01
삼성동134,1,,대전광역시 동구 삼성동 338-2,36.34012685,127.4171857,,한전주,042-271-4871,대전광역시 동구청,2023-12-01
삼성동135,1,,대전광역시 동구 삼성동 338-10,36.34015568,127.4173667,,한전주,042-271-4871,대전광역시 동구청,2023-12-01
삼성동136,1,,대전광역시 동구 삼성동 336-18,36.34029539,127.4179513,,한전주,042-271-4871,대전광역시 동구청,2023-12-01
삼성동137,1,,대전광역시 동구 삼성동 348-7,36.34066654,127.4179905,,전용주,042-271-4871,대전광역시 동구청,2023-12-01
삼성동138,1,,대전광역시 동구 삼성동 336-1,36.34068754,127.4182465,,한전주,042-271-4871,대전광역시 동구청,2023-12-01
삼성동139,1,,대전광역시 동구 삼성동 349-11,36.3411799,127.418467,,한전주,042-271-4871,대전광역시 동구청,2023-12-01
삼성동140,1,,대전광역시 동구 삼성동 349-9,36.34134996,127.4187456,,한전주,042-271-4871,대전광역시 동구청,2023-12-01
삼성동141,1,,대전광역시 동구 삼성동 349-9,36.34134996,127.4187456,,전용주,042-271-4871,대전광역시 동구청,2023-12-01
삼성동142,1,,대전광역시 동구 삼성동 350-2,36.3416651,127.4184113,,한전주,042-271-4871,대전광역시 동구청,2023-12-01
삼성동143,1,,대전광역시 동구 삼성동 350-3,36.34154954,127.4181878,,한전주,042-271-4871,대전광역시 동구청,2023-12-01
삼성동144,1,,대전광역시 동구 삼성동 349-4,36.34116465,127.4182127,,한전주,042-271-4871,대전광역시 동구청,2023-12-01
삼성동145,1,,대전광역시 동구 삼성동 349-18,36.34097019,127.4182098,,한전주,042-271-4871,대전광역시 동구청,2023-12-01
삼성동146,1,,대전광역시 동구 삼성동 348-2,36.34086755,127.4180793,,한전주,042-271-4871,대전광역시 동구청,2023-12-01
삼성동148,1,,대전광역시 동구 삼성동 348-30,36.34059645,127.417547,,한전주,042-271-4871,대전광역시 동구청,2023-12-01
삼성동149,1,,대전광역시 동구 삼성동 337-7,36.33998318,127.4175521,,한전주,042-271-4871,대전광역시 동구청,2023-12-01
삼성동150,1,,대전광역시 동구 삼성동 337-11,36.33990187,127.4175861,,한전주,042-271-4871,대전광역시 동구청,2023-12-01
삼성동151,1,,대전광역시 동구 삼성동 335-17,36.33991401,127.4180307,,한전주,042-271-4871,대전광역시 동구청,2023-12-01
삼성동152,1,,대전광역시 동구 삼성동 335-20,36.34011952,127.4184051,,한전주,042-271-4871,대전광역시 동구청,2023-12-01
삼성동153,1,,대전광역시 동구 삼성동 335-1,36.34036087,127.4186329,,한전주,042-271-4871,대전광역시 동구청,2023-12-01
삼성동154,1,,대전광역시 동구 삼성동 356-10,36.34067409,127.4186395,,전용주,042-271-4871,대전광역시 동구청,2023-12-01
삼성동155,1,,대전광역시 동구 삼성동 357-15,36.3405158,127.4188078,,전용주,042-271-4871,대전광역시 동구청,2023-12-01
삼성동156,1,,대전광역시 동구 삼성동 357-14,36.3406133,127.4189625,,한전주,042-271-4871,대전광역시 동구청,2023-12-01
삼성동157,1,,대전광역시 동구 삼성동 357-9,36.340922,127.4192328,,한전주,042-271-4871,대전광역시 동구청,2023-12-01
삼성동158,1,,대전광역시 동구 삼성동 356-2,36.34110902,127.4190963,,한전주,042-271-4871,대전광역시 동구청,2023-12-01
삼성동159,1,,대전광역시 동구 삼성동 355-20,36.34130329,127.4193338,,한전주,042-271-4871,대전광역시 동구청,2023-12-01
삼성동160,1,,대전광역시 동구 삼성동 355-8,36.34160017,127.4197871,,한전주,042-271-4871,대전광역시 동구청,2023-12-01
삼성동161,1,,대전광역시 동구 삼성동 358-12,36.34128988,127.4201499,,건축물,042-271-4871,대전광역시 동구청,2023-12-01
삼성동162,1,,대전광역시 동구 삼성동 358-20,36.34103997,127.4197179,,한전주,042-271-4871,대전광역시 동구청,2023-12-01
삼성동163,1,,대전광역시 동구 삼성동 333-1,36.34060748,127.4196717,,한전주,042-271-4871,대전광역시 동구청,2023-12-01
삼성동164,1,,대전광역시 동구 삼성동 357-20,36.34072533,127.4194725,,한전주,042-271-4871,대전광역시 동구청,2023-12-01
삼성동165,1,,대전광역시 동구 삼성동 357-3,36.34064282,127.419361,,한전주,042-271-4871,대전광역시 동구청,2023-12-01
삼성동167,1,,대전광역시 동구 삼성동 471,36.34079186,127.4196339,,한전주,042-271-4871,대전광역시 동구청,2023-12-01
삼성동168,1,,대전광역시 동구 삼성동 335-8,36.34003395,127.4185485,,한전주,042-271-4871,대전광역시 동구청,2023-12-01
삼성동169,1,,대전광역시 동구 삼성동 335-11,36.33985602,127.4183012,,한전주,042-271-4871,대전광역시 동구청,2023-12-01
삼성동170,1,,대전광역시 동구 삼성동 334-25,36.33953878,127.4182839,,한전주,042-271-4871,대전광역시 동구청,2023-12-01
삼성동171,1,,대전광역시 동구 삼성동 334-7,36.33942172,127.4185899,,한전주,042-271-4871,대전광역시 동구청,2023-12-01
삼성동172,1,,대전광역시 동구 삼성동 334-4,36.3398121,127.4188751,,한전주,042-271-4871,대전광역시 동구청,2023-12-01
삼성동173,1,,대전광역시 동구 삼성동 471,36.34079186,127.4196339,,한전주,042-271-4871,대전광역시 동구청,2023-12-01
삼성동174,1,,대전광역시 동구 삼성동 333-3,36.34033382,127.419561,,한전주,042-271-4871,대전광역시 동구청,2023-12-01
삼성동175,1,,대전광역시 동구 삼성동 332-1,36.34028651,127.4199959,,한전주,042-271-4871,대전광역시 동구청,2023-12-01
삼성동176,1,,대전광역시 동구 삼성동 471,36.34079186,127.4196339,,한전주,042-271-4871,대전광역시 동구청,2023-12-01
삼성동177,1,,대전광역시 동구 삼성동 471,36.34079186,127.4196339,,전용주,042-271-4871,대전광역시 동구청,2023-12-01
삼성동178,1,,대전광역시 동구 삼성동 468,36.33939856,127.427176,,한전주,042-271-4871,대전광역시 동구청,2023-12-01
삼성동179,1,,대전광역시 동구 삼성동 323-15,36.3399156,127.4213241,,한전주,042-271-4871,대전광역시 동구청,2023-12-01
삼성동180,1,,대전광역시 동구 삼성동 323-11,36.33978018,127.4210858,,한전주,042-271-4871,대전광역시 동구청,2023-12-01
삼성동181,1,,대전광역시 동구 삼성동 328-1,36.33958595,127.4208383,,한전주,042-271-4871,대전광역시 동구청,2023-12-01
삼성동182,1,,대전광역시 동구 삼성동 328-27,36.33932735,127.4206998,,한전주,042-271-4871,대전광역시 동구청,2023-12-01
삼성동183,1,,대전광역시 동구 삼성동 328-30,36.3392233,127.420563,,한전주,042-271-4871,대전광역시 동구청,2023-12-01
삼성동184,1,,대전광역시 동구 삼성동 328-10,36.33904732,127.4200964,,한전주,042-271-4871,대전광역시 동구청,2023-12-01
삼성동185,1,,대전광역시 동구 삼성동 328-6,36.33890319,127.4204107,,한전주,042-271-4871,대전광역시 동구청,2023-12-01
삼성동186,1,,대전광역시 동구 삼성동 328-32,36.33915579,127.4206942,,한전주,042-271-4871,대전광역시 동구청,2023-12-01
삼성동187,1,,대전광역시 동구 삼성동 328-22,36.33929019,127.4209405,,한전주,042-271-4871,대전광역시 동구청,2023-12-01
삼성동188,1,,대전광역시 동구 삼성동 327-1,36.33932072,127.4212517,,한전주,042-271-4871,대전광역시 동구청,2023-12-01
삼성동189,1,,대전광역시 동구 삼성동 324-10,36.33959064,127.4215800361,,한전주,042-271-4871,대전광역시 동구청,2023-12-01
삼성동190,1,,대전광역시 동구 삼성동 324-13,36.33971278,127.4218255,,한전주,042-271-4871,대전광역시 동구청,2023-12-01
삼성동191,1,,대전광역시 동구 삼성동 324-6,36.33957521,127.4220199,,한전주,042-271-4871,대전광역시 동구청,2023-12-01
삼성동192,1,,대전광역시 동구 삼성동 324-8,36.3393573,127.4217139,,한전주,042-271-4871,대전광역시 동구청,2023-12-01
삼성동193,1,,대전광역시 동구 삼성동 327-2,36.33910729,127.4214135,,한전주,042-271-4871,대전광역시 동구청,2023-12-01
삼성동194,1,,대전광역시 동구 삼성동 327-3,36.33904978,127.4212385,,한전주,042-271-4871,대전광역시 동구청,2023-12-01
삼성동195,1,,대전광역시 동구 삼성동 327-19,36.3387492,127.4209187,,한전주,042-271-4871,대전광역시 동구청,2023-12-01
삼성동197,1,,대전광역시 동구 삼성동 317-16,36.33879189,127.4221508,,한전주,042-271-4871,대전광역시 동구청,2023-12-01
삼성동198,1,,대전광역시 동구 삼성동 317-14,36.33900691,127.4223315,,한전주,042-271-4871,대전광역시 동구청,2023-12-01
삼성동199,1,,대전광역시 동구 삼성동 317-23,36.33878101,127.4227554,,한전주,042-271-4871,대전광역시 동구청,2023-12-01
삼성동200,1,,대전광역시 동구 삼성동 317-21,36.33869897,127.4225363,,한전주,042-271-4871,대전광역시 동구청,2023-12-01
삼성동201,1,,대전광역시 동구 삼성동 315-7,36.33823896,127.4224485,,한전주,042-271-4871,대전광역시 동구청,2023-12-01
삼성동202,1,,대전광역시 동구 삼성동 316-25,36.33854334,127.4220761,,한전주,042-271-4871,대전광역시 동구청,2023-12-01
삼성동203,1,,대전광역시 동구 삼성동 316-4,36.33809899,127.4219931,,한전주,042-271-4871,대전광역시 동구청,2023-12-01
삼성동204,1,,대전광역시 동구 삼성동 315-1,36.33786843,127.4229229,,한전주,042-271-4871,대전광역시 동구청,2023-12-01
삼성동205,1,,대전광역시 동구 삼성동 315-9,36.3380725,127.4226808,,한전주,042-271-4871,대전광역시 동구청,2023-12-01
삼성동206,1,,대전광역시 동구 삼성동 313-9,36.33786397,127.4233166,,한전주,042-271-4871,대전광역시 동구청,2023-12-01
삼성동207,1,,대전광역시 동구 삼성동 313-13,36.33809321,127.4236543,,한전주,042-271-4871,대전광역시 동구청,2023-12-01
삼성동208,1,,대전광역시 동구 삼성동 314-4,36.33846497,127.4233157,,한전주,042-271-4871,대전광역시 동구청,2023-12-01
삼성동209,1,,대전광역시 동구 삼성동 313-5,36.33805169,127.4237487,,한전주,042-271-4871,대전광역시 동구청,2023-12-01
삼성동210,1,,대전광역시 동구 삼성동 313-8,36.33774387,127.4236398,,한전주,042-271-4871,대전광역시 동구청,2023-12-01
삼성동211,1,,대전광역시 동구 삼성동 286-51,36.33794074,127.4249471,,한전주,042-271-4871,대전광역시 동구청,2023-12-01
삼성동212,1,,대전광역시 동구 삼성동 286-49,36.33793245,127.4252232,,한전주,042-271-4871,대전광역시 동구청,2023-12-01
삼성동213,1,,대전광역시 동구 삼성동 286-21,36.33805803,127.4252376,,한전주,042-271-4871,대전광역시 동구청,2023-12-01
삼성동214,1,,대전광역시 동구 삼성동 286-18,36.33818904,127.4250409,,한전주,042-271-4871,대전광역시 동구청,2023-12-01
삼성동215,1,,대전광역시 동구 삼성동 286-4,36.33839669,127.425388,,한전주,042-271-4871,대전광역시 동구청,2023-12-01
삼성동216,1,,대전광역시 동구 삼성동 309-12,36.3388523,127.4255978,,한전주,042-271-4871,대전광역시 동구청,2023-12-01
삼성동217,1,,대전광역시 동구 삼성동 309-11,36.33892039,127.4257107,,한전주,042-271-4871,대전광역시 동구청,2023-12-01
삼성동218,1,,대전광역시 동구 삼성동 308-4,36.33920149,127.4259575,,한전주,042-271-4871,대전광역시 동구청,2023-12-01
삼성동219,1,,대전광역시 동구 삼성동 308-10,36.33924411,127.4261103,,한전주,042-271-4871,대전광역시 동구청,2023-12-01
삼성동220,1,,대전광역시 동구 삼성동 307-3,36.33953817,127.4265117,,전용주,042-271-4871,대전광역시 동구청,2023-12-01
삼성동221,1,,대전광역시 동구 삼성동 456,36.33847967,127.4258946,,건축물,042-271-4871,대전광역시 동구청,2023-12-01
삼성동223,1,,대전광역시 동구 삼성동 306-8,36.33955139,127.4270992,,전용주,042-271-4871,대전광역시 동구청,2023-12-01
삼성동224,1,,대전광역시 동구 삼성동 306-11,36.33969048,127.4269383,,한전주,042-271-4871,대전광역시 동구청,2023-12-01
삼성동225,1,,대전광역시 동구 삼성동 306-2,36.34003468,127.426598,,한전주,042-271-4871,대전광역시 동구청,2023-12-01
삼성동226,1,,대전광역시 동구 삼성동 307-9,36.33961921,127.4264036,,한전주,042-271-4871,대전광역시 동구청,2023-12-01
삼성동227,1,,대전광역시 동구 삼성동 307-7,36.33952433,127.4260727,,한전주,042-271-4871,대전광역시 동구청,2023-12-01
삼성동228,1,,대전광역시 동구 삼성동 308-13,36.33929203,127.4259152,,전용주,042-271-4871,대전광역시 동구청,2023-12-01
삼성동229,1,,대전광역시 동구 삼성동 308-7,36.33936645,127.4257418,,한전주,042-271-4871,대전광역시 동구청,2023-12-01
삼성동230,1,,대전광역시 동구 삼성동 305-16,36.33952843,127.4253762,,한전주,042-271-4871,대전광역시 동구청,2023-12-01
삼성동231,1,,대전광역시 동구 삼성동 309-4,36.33913411,127.425494,,한전주,042-271-4871,대전광역시 동구청,2023-12-01
삼성동232,1,,대전광역시 동구 삼성동 309-33,36.33917631,127.4253346,,한전주,042-271-4871,대전광역시 동구청,2023-12-01
삼성동233,1,,대전광역시 동구 삼성동 309-36,36.33891733,127.4252409,,전용주,042-271-4871,대전광역시 동구청,2023-12-01
삼성동234,1,,대전광역시 동구 삼성동 309-36,36.33891733,127.4252409,,한전주,042-271-4871,대전광역시 동구청,2023-12-01
삼성동235,1,,대전광역시 동구 삼성동 309-35,36.33926913,127.4252335,,한전주,042-271-4871,대전광역시 동구청,2023-12-01
삼성동236,1,,대전광역시 동구 삼성동 468,36.33939856,127.427176,,한전주,042-271-4871,대전광역시 동구청,2023-12-01
삼성동237,1,,대전광역시 동구 삼성동 309-26,36.3390582,127.424641,,한전주,042-271-4871,대전광역시 동구청,2023-12-01
삼성동238,1,,대전광역시 동구 삼성동 310-1,36.33898557,127.4243338,,한전주,042-271-4871,대전광역시 동구청,2023-12-01
삼성동239,1,,대전광역시 동구 삼성동 310-2,36.33873383,127.4246765,,한전주,042-271-4871,대전광역시 동구청,2023-12-01
삼성동240,1,,대전광역시 동구 삼성동 310-3,36.33869455,127.4247508,,한전주,042-271-4871,대전광역시 동구청,2023-12-01
삼성동241,1,,대전광역시 동구 삼성동 286-2,36.33846307,127.4252486,,한전주,042-271-4871,대전광역시 동구청,2023-12-01
삼성동242,1,,대전광역시 동구 삼성동 286-3,36.33846382,127.425467,,전용주,042-271-4871,대전광역시 동구청,2023-12-01
삼성동243,1,,대전광역시 동구 삼성동 309-19,36.33882818,127.4250334,,전용주,042-271-4871,대전광역시 동구청,2023-12-01
삼성동244,1,,대전광역시 동구 삼성동 286-39,36.33831637,127.4247365,,한전주,042-271-4871,대전광역시 동구청,2023-12-01
삼성동245,1,,대전광역시 동구 삼성동 286-33,36.33826652,127.4246649,,한전주,042-271-4871,대전광역시 동구청,2023-12-01
삼성동246,1,,대전광역시 동구 삼성동 286-16,36.33827533,127.4249007,,건축물,042-271-4871,대전광역시 동구청,2023-12-01
삼성동247,1,,대전광역시 동구 삼성동 286-43,36.33802712,127.424957,,전용주,042-271-4871,대전광역시 동구청,2023-12-01
삼성동248,1,,대전광역시 동구 삼성동 310-9,36.33853413,127.4246244,,한전주,042-271-4871,대전광역시 동구청,2023-12-01
삼성동249,1,,대전광역시 동구 삼성동 311-2,36.33869452,127.424047,,한전주,042-271-4871,대전광역시 동구청,2023-12-01
삼성동250,1,,대전광역시 동구 삼성동 311-1,36.33882654,127.4239476,,한전주,042-271-4871,대전광역시 동구청,2023-12-01
삼성동251,1,,대전광역시 동구 삼성동 318-12,36.3389801,127.4236918,,한전주,042-271-4871,대전광역시 동구청,2023-12-01
삼성동252,1,,대전광역시 동구 삼성동 319-16,36.3392573,127.4237685,,한전주,042-271-4871,대전광역시 동구청,2023-12-01
삼성동253,1,,대전광역시 동구 삼성동 319-18,36.33944755,127.423538,,한전주,042-271-4871,대전광역시 동구청,2023-12-01
삼성동254,1,,대전광역시 동구 삼성동 319-22,36.33975193,127.4231154,,한전주,042-271-4871,대전광역시 동구청,2023-12-01
삼성동255,1,,대전광역시 동구 삼성동 320-2,36.33996975,127.4239007,,한전주,042-271-4871,대전광역시 동구청,2023-12-01
삼성동256,1,,대전광역시 동구 삼성동 318-30,36.33952762,127.4226853,,건축물,042-271-4871,대전광역시 동구청,2023-12-01
삼성동257,1,,대전광역시 동구 삼성동 321-13,36.34026409,127.4223949,,한전주,042-271-4871,대전광역시 동구청,2023-12-01
삼성동258,1,,대전광역시 동구 삼성동 320-23,36.33994668,127.4234684,,한전주,042-271-4871,대전광역시 동구청,2023-12-01
삼성동259,1,,대전광역시 동구 삼성동 320-1,36.34002955,127.4237345,,한전주,042-271-4871,대전광역시 동구청,2023-12-01
삼성동260,1,,대전광역시 동구 삼성동 320-3,36.33989143,127.4240319,,한전주,042-271-4871,대전광역시 동구청,2023-12-01
삼성동261,1,,대전광역시 동구 삼성동 320-7,36.33962315,127.4243106,,한전주,042-271-4871,대전광역시 동구청,2023-12-01
삼성동262,1,,대전광역시 동구 삼성동 320-9,36.33937615,127.4244596,,한전주,042-271-4871,대전광역시 동구청,2023-12-01
삼성동263,1,,대전광역시 동구 삼성동 319-10,36.33929591,127.4239611,,한전주,042-271-4871,대전광역시 동구청,2023-12-01
삼성동264,1,,대전광역시 동구 삼성동 319-6,36.33956876,127.423638,,한전주,042-271-4871,대전광역시 동구청,2023-12-01
삼성동265,1,,대전광역시 동구 삼성동 319-2,36.33974595,127.4233772,,한전주,042-271-4871,대전광역시 동구청,2023-12-01
삼성동266,1,,대전광역시 동구 삼성동 283-20,36.33702653,127.4248087,,한전주,042-271-4871,대전광역시 동구청,2023-12-01
삼성동267,1,,대전광역시 동구 삼성동 283-62,36.33684062,127.4250617,,한전주,042-271-4871,대전광역시 동구청,2023-12-01
삼성동268,1,,대전광역시 동구 삼성동 283-29,36.33662386,127.4250705,,전용주,042-271-4871,대전광역시 동구청,2023-12-01
삼성동269,1,,대전광역시 동구 삼성동 283-30,36.33657169,127.4251445,,한전주,042-271-4871,대전광역시 동구청,2023-12-01
삼성동270,1,,대전광역시 동구 삼성동 283-47,36.33604895,127.4241216,,한전주,042-271-4871,대전광역시 동구청,2023-12-01
삼성동271,1,,대전광역시 동구 삼성동 283-69,36.33587207,127.4238347,,한전주,042-271-4871,대전광역시 동구청,2023-12-01
삼성동272,1,,대전광역시 동구 삼성동 464,36.33873906,127.4271028,,한전주,042-271-4871,대전광역시 동구청,2023-12-01
삼성동273,1,,대전광역시 동구 삼성동 464,36.33873906,127.4271028,,한전주,042-271-4871,대전광역시 동구청,2023-12-01
삼성동274,1,,대전광역시 동구 삼성동 464,36.33873906,127.4271028,,한전주,042-271-4871,대전광역시 동구청,2023-12-01
삼성동276,1,,대전광역시 동구 삼성동 464,36.33873906,127.4271028,,한전주,042-271-4871,대전광역시 동구청,2023-12-01
삼성동277,1,,대전광역시 동구 삼성동 285-37,36.33768152,127.4258939,,전용주,042-271-4871,대전광역시 동구청,2023-12-01
삼성동278,1,,대전광역시 동구 삼성동 464,36.33873906,127.4271028,,한전주,042-271-4871,대전광역시 동구청,2023-12-01
삼성동279,1,,대전광역시 동구 삼성동 285-18,36.33772142,127.4263809,,전용주,042-271-4871,대전광역시 동구청,2023-12-01
삼성동280,1,,대전광역시 동구 삼성동 464,36.33873906,127.4271028,,한전주,042-271-4871,대전광역시 동구청,2023-12-01
삼성동281,1,,대전광역시 동구 삼성동 285-24,36.3375624,127.4263714,,전용주,042-271-4871,대전광역시 동구청,2023-12-01
삼성동282,1,,대전광역시 동구 삼성동 285-27,36.3372424,127.4260385,,한전주,042-271-4871,대전광역시 동구청,2023-12-01
삼성동283,1,,대전광역시 동구 삼성동 285-25,36.33734687,127.4260957,,한전주,042-271-4871,대전광역시 동구청,2023-12-01
삼성동284,1,,대전광역시 동구 삼성동 285-25,36.33734687,127.4260957,,한전주,042-271-4871,대전광역시 동구청,2023-12-01
삼성동285,1,,대전광역시 동구 삼성동 290-19,36.33738835,127.4269088,,한전주,042-271-4871,대전광역시 동구청,2023-12-01
삼성동286,1,,대전광역시 동구 삼성동 285-3,36.33738262,127.426622,,한전주,042-271-4871,대전광역시 동구청,2023-12-01
삼성동287,1,,대전광역시 동구 삼성동 285-7,36.33719953,127.4262608,,한전주,042-271-4871,대전광역시 동구청,2023-12-01
삼성동288,1,,대전광역시 동구 삼성동 285-31,36.33710524,127.4260156,,한전주,042-271-4871,대전광역시 동구청,2023-12-01
삼성동289,1,,대전광역시 동구 삼성동 285-30,36.33704045,127.4258876,,건축물,042-271-4871,대전광역시 동구청,2023-12-01
삼성동290,1,,대전광역시 동구 삼성동 287-21,36.33830531,127.4262503,,한전주,042-271-4871,대전광역시 동구청,2023-12-01
삼성동291,1,,대전광역시 동구 삼성동 287-21,36.33830531,127.4262503,,한전주,042-271-4871,대전광역시 동구청,2023-12-01
삼성동293,1,,대전광역시 동구 삼성동 287-22,36.33843725,127.4262979,,한전주,042-271-4871,대전광역시 동구청,2023-12-01
삼성동295,1,,대전광역시 동구 삼성동 456,36.33847967,127.4258946,,한전주,042-271-4871,대전광역시 동구청,2023-12-01
삼성동296,1,,대전광역시 동구 삼성동 287-4,36.33864369,127.4271848,,한전주,042-271-4871,대전광역시 동구청,2023-12-01
삼성동297,1,,대전광역시 동구 삼성동 287-3,36.33871479,127.4269354,,한전주,042-271-4871,대전광역시 동구청,2023-12-01
삼성동298,1,,대전광역시 동구 삼성동 287-25,36.33861029,127.426671,,전용주,042-271-4871,대전광역시 동구청,2023-12-01
삼성동299,1,,대전광역시 동구 삼성동 288-13,36.33813227,127.4267589,,한전주,042-271-4871,대전광역시 동구청,2023-12-01
삼성동300,1,,대전광역시 동구 삼성동 289-16,36.3380365,127.4274083,,한전주,042-271-4871,대전광역시 동구청,2023-12-01
삼성동301,1,,대전광역시 동구 삼성동 289-15,36.33793435,127.427193,,한전주,042-271-4871,대전광역시 동구청,2023-12-01
삼성동302,1,,대전광역시 동구 삼성동 289-14,36.33788101,127.4270896,,한전주,042-271-4871,대전광역시 동구청,2023-12-01
삼성동303,1,,대전광역시 동구 삼성동 289-3,36.33788635,127.4274359,,한전주,042-271-4871,대전광역시 동구청,2023-12-01
삼성동304,1,,대전광역시 동구 삼성동 289-5,36.33773029,127.4270014,,한전주,042-271-4871,대전광역시 동구청,2023-12-01
삼성동305,1,,대전광역시 동구 삼성동 291-7,36.33784378,127.4280261,,한전주,042-271-4871,대전광역시 동구청,2023-12-01
삼성동306,1,,대전광역시 동구 삼성동 292-16,36.33816641,127.4276949,,한전주,042-271-4871,대전광역시 동구청,2023-12-01
삼성동307,1,,대전광역시 동구 삼성동 292-18,36.33845834,127.4276072,,한전주,042-271-4871,대전광역시 동구청,2023-12-01
삼성동308,1,,대전광역시 동구 삼성동 464,36.33873906,127.4271028,,한전주,042-271-4871,대전광역시 동구청,2023-12-01
삼성동309,1,,대전광역시 동구 삼성동 292-26,36.33886422,127.4275365,,한전주,042-271-4871,대전광역시 동구청,2023-12-01
삼성동310,1,,대전광역시 동구 삼성동 292-26,36.33886422,127.4275365,,한전주,042-271-4871,대전광역시 동구청,2023-12-01
삼성동311,1,,대전광역시 동구 삼성동 456,36.33847967,127.4258946,,건축물,042-271-4871,대전광역시 동구청,2023-12-01
삼성동312,1,,대전광역시 동구 삼성동 292-2,36.33873365,127.4278355,,한전주,042-271-4871,대전광역시 동구청,2023-12-01
삼성동313,1,,대전광역시 동구 삼성동 293-14,36.33840727,127.4283546,,한전주,042-271-4871,대전광역시 동구청,2023-12-01
삼성동314,1,,대전광역시 동구 삼성동 291-1,36.33799046,127.4283224,,한전주,042-271-4871,대전광역시 동구청,2023-12-01
삼성동315,1,,대전광역시 동구 삼성동 294-5,36.3380893,127.4286683,,한전주,042-271-4871,대전광역시 동구청,2023-12-01
삼성동316,1,,대전광역시 동구 삼성동 291-10,36.33794629,127.4279873,,한전주,042-271-4871,대전광역시 동구청,2023-12-01
삼성동317,1,,대전광역시 동구 삼성동 295-22,36.33878958,127.4292756,,전용주,042-271-4871,대전광역시 동구청,2023-12-01
삼성동318,1,,대전광역시 동구 삼성동 296-10,36.33904249,127.4292159,,한전주,042-271-4871,대전광역시 동구청,2023-12-01
삼성동319,1,,대전광역시 동구 삼성동 296-29,36.33924229,127.4296877,,전용주,042-271-4871,대전광역시 동구청,2023-12-01
삼성동320,1,,대전광역시 동구 삼성동 295-1,36.33909245,127.4297827,,한전주,042-271-4871,대전광역시 동구청,2023-12-01
삼성동321,1,,대전광역시 동구 삼성동 465,36.33908742,127.4295382,,한전주,042-271-4871,대전광역시 동구청,2023-12-01
삼성동322,1,,대전광역시 동구 삼성동 105-19,36.33898413,127.4301068,,한전주,042-271-4871,대전광역시 동구청,2023-12-01
삼성동323,1,,대전광역시 동구 삼성동 105-57,36.33876649,127.4304488,,한전주,042-271-4871,대전광역시 동구청,2023-12-01
삼성동324,1,,대전광역시 동구 삼성동 295-28,36.33865258,127.4295838,,전용주,042-271-4871,대전광역시 동구청,2023-12-01
삼성동325,1,,대전광역시 동구 삼성동 295-3,36.33868432,127.4297038,,건축물,042-271-4871,대전광역시 동구청,2023-12-01
삼성동326,1,,대전광역시 동구 삼성동 295-25,36.3388338,127.4295100468,,한전주,042-271-4871,대전광역시 동구청,2023-12-01
삼성동327,1,,대전광역시 동구 삼성동 296-1,36.33942383,127.4295259,,한전주,042-271-4871,대전광역시 동구청,2023-12-01
삼성동328,1,,대전광역시 동구 삼성동 296-22,36.33935161,127.429285,,전용주,042-271-4871,대전광역시 동구청,2023-12-01
삼성동329,1,,대전광역시 동구 삼성동 456,36.33847967,127.4258946,,,042-271-4871,대전광역시 동구청,2023-12-01
삼성동330,1,,대전광역시 동구 삼성동 296-21,36.33925807,127.4290587,,한전주,042-271-4871,대전광역시 동구청,2023-12-01
삼성동331,1,,대전광역시 동구 삼성동 456,36.33847967,127.4258946,,한전주,042-271-4871,대전광역시 동구청,2023-12-01
삼성동332,1,,대전광역시 동구 삼성동 297-19,36.33983546,127.4285557,,한전주,042-271-4871,대전광역시 동구청,2023-12-01
삼성동333,1,,대전광역시 동구 삼성동 297-13,36.33993623,127.4289279,,한전주,042-271-4871,대전광역시 동구청,2023-12-01
삼성동334,1,,대전광역시 동구 삼성동 297-10,36.34004911,127.4289872,,한전주,042-271-4871,대전광역시 동구청,2023-12-01
삼성동335,1,,대전광역시 동구 삼성동 297-30,36.34045549,127.4290265,,한전주,042-271-4871,대전광역시 동구청,2023-12-01
삼성동336,1,,대전광역시 동구 삼성동 297-27,36.34013286,127.4288286,,한전주,042-271-4871,대전광역시 동구청,2023-12-01
삼성동337,1,,대전광역시 동구 삼성동 297-35,36.34010023,127.4285788,,한전주,042-271-4871,대전광역시 동구청,2023-12-01
삼성동338,1,,대전광역시 동구 삼성동 297-21,36.33980606,127.4284093,,한전주,042-271-4871,대전광역시 동구청,2023-12-01
삼성동339,1,,대전광역시 동구 삼성동 466,36.34051104,127.4276074,,한전주,042-271-4871,대전광역시 동구청,2023-12-01
삼성동340,1,,대전광역시 동구 삼성동 298-5,36.34002473,127.427693,,한전주,042-271-4871,대전광역시 동구청,2023-12-01
삼성동341,1,,대전광역시 동구 삼성동 299-26,36.34017763,127.4281043,,한전주,042-271-4871,대전광역시 동구청,2023-12-01
삼성동342,1,,대전광역시 동구 삼성동 299-14,36.34050278,127.4283804,,한전주,042-271-4871,대전광역시 동구청,2023-12-01
삼성동343,1,,대전광역시 동구 삼성동 300-1,36.34075741,127.4280889,,한전주,042-271-4871,대전광역시 동구청,2023-12-01
삼성동344,1,,대전광역시 동구 삼성동 300-1,36.34075741,127.4280889,,한전주,042-271-4871,대전광역시 동구청,2023-12-01
삼성동345,1,,대전광역시 동구 삼성동 301-1,36.34074894,127.4277373,,한전주,042-271-4871,대전광역시 동구청,2023-12-01
삼성동347,1,,대전광역시 동구 삼성동 301-8,36.34056475,127.4268526,,한전주,042-271-4871,대전광역시 동구청,2023-12-01
삼성동348,1,,대전광역시 동구 삼성동 301-9,36.34060026,127.4271019,,한전주,042-271-4871,대전광역시 동구청,2023-12-01
삼성동349,1,,대전광역시 동구 삼성동 302-59,36.34083312,127.4274314,,한전주,042-271-4871,대전광역시 동구청,2023-12-01
삼성동350,1,,대전광역시 동구 삼성동 302-18,36.34093362,127.4263157,,한전주,042-271-4871,대전광역시 동구청,2023-12-01
삼성동351,1,,대전광역시 동구 삼성동 302-138,36.34129856,127.4259224,,한전주,042-271-4871,대전광역시 동구청,2023-12-01
삼성동352,1,,대전광역시 동구 삼성동 302-8,36.34219007,127.4255981,,한전주,042-271-4871,대전광역시 동구청,2023-12-01
삼성동353,1,,대전광역시 동구 삼성동 304-35,36.34217423,127.4250624,,한전주,042-271-4871,대전광역시 동구청,2023-12-01
삼성동354,1,,대전광역시 동구 삼성동 302-5,36.34274101,127.425583,,한전주,042-271-4871,대전광역시 동구청,2023-12-01
삼성동355,1,,대전광역시 동구 삼성동 303-15,36.34221749,127.4245776,,한전주,042-271-4871,대전광역시 동구청,2023-12-01
삼성동356,1,,대전광역시 동구 삼성동 303-2,36.34249439,127.4247896,,한전주,042-271-4871,대전광역시 동구청,2023-12-01
삼성동357,1,,대전광역시 동구 삼성동 369-9,36.34308028,127.4243026,,한전주,042-271-4871,대전광역시 동구청,2023-12-01
삼성동358,1,,대전광역시 동구 삼성동 473,36.34367443,127.4230321,,한전주,042-271-4871,대전광역시 동구청,2023-12-01
삼성동359,1,,대전광역시 동구 삼성동 473,36.34367443,127.4230321,,한전주,042-271-4871,대전광역시 동구청,2023-12-01
삼성동360,1,,대전광역시 동구 삼성동 370-4,36.34362034,127.4228793,,한전주,042-271-4871,대전광역시 동구청,2023-12-01
삼성동361,1,,대전광역시 동구 삼성동 370-12,36.34379207,127.4222768,,한전주,042-271-4871,대전광역시 동구청,2023-12-01
삼성동362,1,,대전광역시 동구 삼성동 370-2,36.34392319,127.4220475,,전용주,042-271-4871,대전광역시 동구청,2023-12-01
삼성동363,1,,대전광역시 동구 삼성동 473,36.34367443,127.4230321,,한전주,042-271-4871,대전광역시 동구청,2023-12-01
삼성동364,1,,대전광역시 동구 삼성동 107-8,36.33800439,127.4300523,,전용주,042-271-4871,대전광역시 동구청,2023-12-01
삼성동365,1,,대전광역시 동구 삼성동 107-2,36.33805441,127.4303004,,한전주,042-271-4871,대전광역시 동구청,2023-12-01
삼성동366,1,,대전광역시 동구 삼성동 107-11,36.33780284,127.4303651,,한전주,042-271-4871,대전광역시 동구청,2023-12-01
삼성동367,1,,대전광역시 동구 삼성동 108-1,36.33735842,127.4304562,,건축물,042-271-4871,대전광역시 동구청,2023-12-01
삼성동371,1,,대전광역시 동구 삼성동 459,36.33784957,127.4311021,,한전주,042-271-4871,대전광역시 동구청,2023-12-01
삼성동372,1,,대전광역시 동구 삼성동 110-3,36.33644533,127.4312855,,한전주,042-271-4871,대전광역시 동구청,2023-12-01
삼성동376,1,,대전광역시 동구 삼성동 111-2,36.33641331,127.4307925,,건축물,042-271-4871,대전광역시 동구청,2023-12-01
삼성동377,1,,대전광역시 동구 삼성동 144-11,36.3381798,127.4335585,,한전주,042-271-4871,대전광역시 동구청,2023-12-01
삼성동378,1,,대전광역시 동구 삼성동 144-10,36.33828453,127.4335544,,건축물,042-271-4871,대전광역시 동구청,2023-12-01
삼성동379,1,,대전광역시 동구 삼성동 144-36,36.33833583,127.4339213,,전용주,042-271-4871,대전광역시 동구청,2023-12-01
삼성동380,1,,대전광역시 동구 삼성동 144-8,36.33864253,127.4336381,,건축물,042-271-4871,대전광역시 동구청,2023-12-01
삼성동381,1,,대전광역시 동구 삼성동 144-8,36.33864253,127.4336381,,한전주,042-271-4871,대전광역시 동구청,2023-12-01
삼성동382,1,,대전광역시 동구 삼성동 150-266,36.33910716,127.433599,,한전주,042-271-4871,대전광역시 동구청,2023-12-01
삼성동383,1,,대전광역시 동구 삼성동 150-27,36.33916914,127.4334244,,한전주,042-271-4871,대전광역시 동구청,2023-12-01
삼성동384,1,,대전광역시 동구 삼성동 148-44,36.33907724,127.4339888,,건축물,042-271-4871,대전광역시 동구청,2023-12-01
삼성동386,1,,대전광역시 동구 삼성동 148-54,36.33845052,127.4342001,,한전주,042-271-4871,대전광역시 동구청,2023-12-01
삼성동387,1,,대전광역시 동구 삼성동 144-35,36.33841774,127.4339457,,한전주,042-271-4871,대전광역시 동구청,2023-12-01
삼성동388,1,,대전광역시 동구 삼성동 80-11,36.33847104,127.4357602,,전용주,042-271-4871,대전광역시 동구청,2023-12-01
삼성동389,1,,대전광역시 동구 삼성동 132-8,36.33787778,127.4322249,,한전주,042-271-4871,대전광역시 동구청,2023-12-01
삼성동390,1,,대전광역시 동구 삼성동 132-11,36.33757127,127.4321301,,건축물,042-271-4871,대전광역시 동구청,2023-12-01
삼성동391,1,,대전광역시 동구 삼성동 364-1,36.34187337,127.4219199,,한전주,042-271-4871,대전광역시 동구청,2023-12-01
삼성동392,1,,대전광역시 동구 삼성동 362-9,36.34132823,127.4211851,,전용주,042-271-4871,대전광역시 동구청,2023-12-01
삼성동393,1,,대전광역시 동구 삼성동 151-3,36.33850319,127.431778,,한전주,042-271-4871,대전광역시 동구청,2023-12-01
삼성동396,1,,대전광역시 동구 삼성동 154-8,36.34113912,127.4327004,,한전주,042-271-4871,대전광역시 동구청,2023-12-01
삼성동397,1,,대전광역시 동구 삼성동 154-8,36.34113912,127.4327004,,전용주,042-271-4871,대전광역시 동구청,2023-12-01
삼성동398,1,,대전광역시 동구 삼성동 154-8,36.34113912,127.4327004,,한전주,042-271-4871,대전광역시 동구청,2023-12-01
삼성동399,1,,대전광역시 동구 삼성동 150-212,36.34085009,127.4333299791,,한전주,042-271-4871,대전광역시 동구청,2023-12-01
삼성동400,1,,대전광역시 동구 삼성동 150-212,36.34085009,127.4333299791,,한전주,042-271-4871,대전광역시 동구청,2023-12-01
삼성동401,1,,대전광역시 동구 삼성동 150-224,36.34054706,127.4338406,,한전주,042-271-4871,대전광역시 동구청,2023-12-01
삼성동402,1,,대전광역시 동구 삼성동 150-208,36.34036572,127.4337974,,한전주,042-271-4871,대전광역시 동구청,2023-12-01
삼성동403,1,,대전광역시 동구 삼성동 150-107,36.34002374,127.4335942,,한전주,042-271-4871,대전광역시 동구청,2023-12-01
삼성동404,1,,대전광역시 동구 삼성동 150-103,36.34021102,127.4335661,,한전주,042-271-4871,대전광역시 동구청,2023-12-01
삼성동405,1,,대전광역시 동구 삼성동 150-5,36.34027981,127.4332091,,한전주,042-271-4871,대전광역시 동구청,2023-12-01
삼성동406,1,,대전광역시 동구 삼성동 150-97,36.3400004,127.433247,,한전주,042-271-4871,대전광역시 동구청,2023-12-01
삼성동407,1,,대전광역시 동구 삼성동 150-232,36.33965025,127.4329094,,한전주,042-271-4871,대전광역시 동구청,2023-12-01
삼성동408,1,,대전광역시 동구 삼성동 150-230,36.3402279,127.4328362,,한전주,042-271-4871,대전광역시 동구청,2023-12-01
삼성동409,1,,대전광역시 동구 삼성동 150-230,36.3402279,127.4328362,,한전주,042-271-4871,대전광역시 동구청,2023-12-01
삼성동410,1,,대전광역시 동구 삼성동 150-228,36.34059402,127.4327939,,한전주,042-271-4871,대전광역시 동구청,2023-12-01
삼성동411,1,,대전광역시 동구 삼성동 150-8,36.34099495,127.4327457,,한전주,042-271-4871,대전광역시 동구청,2023-12-01
삼성동412,1,,대전광역시 동구 삼성동 150-217,36.34061896,127.4332991,,한전주,042-271-4871,대전광역시 동구청,2023-12-01
삼성동413,1,,대전광역시 동구 삼성동 150-216,36.3405931,127.4331732,,한전주,042-271-4871,대전광역시 동구청,2023-12-01
삼성동414,1,,대전광역시 동구 삼성동 148-17,36.33948798,127.4341194,,한전주,042-271-4871,대전광역시 동구청,2023-12-01
삼성동415,1,,대전광역시 동구 삼성동 474,36.34366152,127.4208388,,전용주,042-271-4871,대전광역시 동구청,2023-12-01
삼성동416,1,,대전광역시 동구 삼성동 474,36.34366152,127.4208388,,한전주,042-271-4871,대전광역시 동구청,2023-12-01
삼성동417,1,,대전광역시 동구 삼성동 148-38,36.33890154,127.4345297,,전용주,042-271-4871,대전광역시 동구청,2023-12-01
삼성동418,1,,대전광역시 동구 삼성동 148-37,36.33899848,127.4346605,,한전주,042-271-4871,대전광역시 동구청,2023-12-01
삼성동422,1,,대전광역시 동구 삼성동 80-222,36.33790148,127.4358711,,한전주,042-271-4871,대전광역시 동구청,2023-12-01
삼성동423,1,,대전광역시 동구 삼성동 80-166,36.33784912,127.4359708,,한전주,042-271-4871,대전광역시 동구청,2023-12-01
삼성동424,1,,대전광역시 동구 삼성동 101-14,36.33622056,127.4346177,,건축물,042-271-4871,대전광역시 동구청,2023-12-01
삼성동425,1,,대전광역시 동구 삼성동 80-97,36.33800852,127.4361254,,한전주,042-271-4871,대전광역시 동구청,2023-12-01
삼성동426,1,,대전광역시 동구 삼성동 471,36.34079186,127.4196339,,전용주,042-271-4871,대전광역시 동구청,2023-12-01
삼성동427,1,,대전광역시 동구 삼성동 474,36.34366152,127.4208388,,전용주,042-271-4871,대전광역시 동구청,2023-12-01
삼성동428,1,,대전광역시 동구 삼성동 100-87,36.3372712,127.4366344,,한전주,042-271-4871,대전광역시 동구청,2023-12-01
삼성동429,1,,대전광역시 동구 삼성동 100-37,36.33739627,127.4368371,,한전주,042-271-4871,대전광역시 동구청,2023-12-01
삼성동432,1,,대전광역시 동구 삼성동 97-2,36.33755767,127.4373031,,한전주,042-271-4871,대전광역시 동구청,2023-12-01
삼성동433,1,,대전광역시 동구 삼성동 93-26,36.33801822,127.4373672,,한전주,042-271-4871,대전광역시 동구청,2023-12-01
삼성동435,1,,대전광역시 동구 삼성동 83-4,36.33770425,127.4351695,,전용주,042-271-4871,대전광역시 동구청,2023-12-01
삼성동436,1,,대전광역시 동구 삼성동 83-13,36.33761838,127.4349424,,전용주,042-271-4871,대전광역시 동구청,2023-12-01
삼성동437,1,,대전광역시 동구 삼성동 85-4,36.3372136,127.4357529,,한전주,042-271-4871,대전광역시 동구청,2023-12-01
삼성동438,1,,대전광역시 동구 삼성동 100-17,36.33676186,127.4359694,,한전주,042-271-4871,대전광역시 동구청,2023-12-01
삼성동439,1,,대전광역시 동구 삼성동 100-18,36.33666461,127.4357995,,한전주,042-271-4871,대전광역시 동구청,2023-12-01
삼성동440,1,,대전광역시 동구 삼성동 100-18,36.33666461,127.4357995,,전용주,042-271-4871,대전광역시 동구청,2023-12-01
삼성동441,1,,대전광역시 동구 삼성동 100-76,36.33681019,127.4355911,,전용주,042-271-4871,대전광역시 동구청,2023-12-01
삼성동442,1,,대전광역시 동구 삼성동 100-14,36.33694087,127.4355142,,한전주,042-271-4871,대전광역시 동구청,2023-12-01
삼성동443,1,,대전광역시 동구 삼성동 100-55,36.3368286,127.4353125,,한전주,042-271-4871,대전광역시 동구청,2023-12-01
삼성동444,1,,대전광역시 동구 삼성동 101-4,36.3366451,127.4351679,,한전주,042-271-4871,대전광역시 동구청,2023-12-01
삼성동445,1,,대전광역시 동구 삼성동 101-9,36.33669898,127.4348993,,건축물,042-271-4871,대전광역시 동구청,2023-12-01
삼성동446,1,,대전광역시 동구 삼성동 104-30,36.33651579,127.434646,,건축물,042-271-4871,대전광역시 동구청,2023-12-01
삼성동447,1,,대전광역시 동구 삼성동 101-20,36.33630889,127.4346685,,한전주,042-271-4871,대전광역시 동구청,2023-12-01
삼성동448,1,,대전광역시 동구 삼성동 104-67,36.33623689,127.4344939,,한전주,042-271-4871,대전광역시 동구청,2023-12-01
삼성동449,1,,대전광역시 동구 삼성동 104-67,36.33623689,127.4344939,,한전주,042-271-4871,대전광역시 동구청,2023-12-01
삼성동450,1,,대전광역시 동구 삼성동 104-1,36.33762549,127.4344749,,한전주,042-271-4871,대전광역시 동구청,2023-12-01
삼성동451,1,,대전광역시 동구 삼성동 104-1,36.33762549,127.4344749,,한전주,042-271-4871,대전광역시 동구청,2023-12-01
삼성동452,1,,대전광역시 동구 삼성동 103-9,36.33556807,127.4339649,,한전주,042-271-4871,대전광역시 동구청,2023-12-01
삼성동453,1,,대전광역시 동구 삼성동 103-24,36.33555861,127.4345347,,한전주,042-271-4871,대전광역시 동구청,2023-12-01
삼성동454,1,,대전광역시 동구 삼성동 100-35,36.33567678,127.4348739,,한전주,042-271-4871,대전광역시 동구청,2023-12-01
삼성동455,1,,대전광역시 동구 삼성동 100-30,36.33604038,127.435253,,한전주,042-271-4871,대전광역시 동구청,2023-12-01
삼성동456,1,,대전광역시 동구 삼성동 100-29,36.33611438,127.4353236,,한전주,042-271-4871,대전광역시 동구청,2023-12-01
삼성동457,1,,대전광역시 동구 삼성동 101-40,36.33645171,127.4349704,,한전주,042-271-4871,대전광역시 동구청,2023-12-01
삼성동458,1,,대전광역시 동구 삼성동 100-24,36.33632706,127.4352485,,전용주,042-271-4871,대전광역시 동구청,2023-12-01
삼성동459,1,,대전광역시 동구 삼성동 101-17,36.33629563,127.4347974,,한전주,042-271-4871,대전광역시 동구청,2023-12-01
삼성동460,1,,대전광역시 동구 삼성동 100-32,36.33595068,127.4348654,,한전주,042-271-4871,대전광역시 동구청,2023-12-01
삼성동461,1,,대전광역시 동구 삼성동 102-5,36.33580329,127.4343583,,전용주,042-271-4871,대전광역시 동구청,2023-12-01
삼성동463,1,,대전광역시 동구 삼성동 148-25,36.3393801,127.434594,,전용주,042-271-4871,대전광역시 동구청,2023-12-01
삼성동464,1,,대전광역시 동구 삼성동 148-26,36.33932347,127.4347021,,전용주,042-271-4871,대전광역시 동구청,2023-12-01
삼성동466,1,,대전광역시 동구 삼성동 114-1,36.33720859,127.4280606,,한전주,042-271-4871,대전광역시 동구청,2023-12-01
삼성동467,1,,대전광역시 동구 삼성동 113-1,36.33739295,127.4287971,,한전주,042-271-4871,대전광역시 동구청,2023-12-01
삼성동468,1,,대전광역시 동구 삼성동 123-1,36.33657843,127.4285314,,한전주,042-271-4871,대전광역시 동구청,2023-12-01
삼성동469,1,,대전광역시 동구 삼성동 113-1,36.33739295,127.4287971,,한전주,042-271-4871,대전광역시 동구청,2023-12-01
삼성동470,1,,대전광역시 동구 삼성동 112-1,36.33611781,127.4292679,,한전주,042-271-4871,대전광역시 동구청,2023-12-01
삼성동471,1,,대전광역시 동구 삼성동 112-1,36.33611781,127.4292679,,한전주,042-271-4871,대전광역시 동구청,2023-12-01
삼성동472,1,,대전광역시 동구 삼성동 460,36.33722952,127.4282063,,전용주,042-271-4871,대전광역시 동구청,2023-12-01
삼성동473,1,,대전광역시 동구 삼성동 113-1,36.33739295,127.4287971,,전용주,042-271-4871,대전광역시 동구청,2023-12-01
삼성동474,1,,대전광역시 동구 삼성동 112-1,36.33611781,127.4292679,,한전주,042-271-4871,대전광역시 동구청,2023-12-01
삼성동475,1,,대전광역시 동구 삼성동 112-1,36.33611781,127.4292679,,한전주,042-271-4871,대전광역시 동구청,2023-12-01
삼성동476,1,,대전광역시 동구 삼성동 270-5,36.33550347,127.4293202,,한전주,042-271-4871,대전광역시 동구청,2023-12-01
삼성동477,1,,대전광역시 동구 삼성동 271-2,36.33533164,127.4294646,,한전주,042-271-4871,대전광역시 동구청,2023-12-01
삼성동478,1,,대전광역시 동구 삼성동 270-7,36.33536936,127.4290468,,한전주,042-271-4871,대전광역시 동구청,2023-12-01
삼성동479,1,,대전광역시 동구 삼성동 270-22,36.33515485,127.4288051,,한전주,042-271-4871,대전광역시 동구청,2023-12-01
삼성동480,1,,대전광역시 동구 삼성동 272-5,36.33486168,127.4285835,,한전주,042-271-4871,대전광역시 동구청,2023-12-01
삼성동481,1,,대전광역시 동구 삼성동 269-11,36.33542919,127.4282705,,한전주,042-271-4871,대전광역시 동구청,2023-12-01
삼성동482,1,,대전광역시 동구 삼성동 269-7,36.33569362,127.4286669,,한전주,042-271-4871,대전광역시 동구청,2023-12-01
삼성동483,1,,대전광역시 동구 삼성동 269-3,36.33580856,127.4290813,,한전주,042-271-4871,대전광역시 동구청,2023-12-01
삼성동485,1,,대전광역시 동구 삼성동 269-25,36.33574218,127.4284446,,한전주,042-271-4871,대전광역시 동구청,2023-12-01
삼성동486,1,,대전광역시 동구 삼성동 269-19,36.33542919,127.4282705,,한전주,042-271-4871,대전광역시 동구청,2023-12-01
삼성동487,1,,대전광역시 동구 삼성동 124-7,36.33581501,127.4272565,,한전주,042-271-4871,대전광역시 동구청,2023-12-01
삼성동488,1,,대전광역시 동구 삼성동 125-8,36.33576337,127.4276589,,한전주,042-271-4871,대전광역시 동구청,2023-12-01
삼성동489,1,,대전광역시 동구 삼성동 126-11,36.33601174,127.4281621,,한전주,042-271-4871,대전광역시 동구청,2023-12-01
삼성동490,1,,대전광역시 동구 삼성동 126-12,36.33609372,127.4283465,,한전주,042-271-4871,대전광역시 동구청,2023-12-01
삼성동491,1,,대전광역시 동구 삼성동 126-14,36.3361719,127.4285342,,한전주,042-271-4871,대전광역시 동구청,2023-12-01
삼성동492,1,,대전광역시 동구 삼성동 123-20,36.3364081,127.4281806,,한전주,042-271-4871,대전광역시 동구청,2023-12-01
삼성동493,1,,대전광역시 동구 삼성동 123-11,36.33632124,127.4279008,,한전주,042-271-4871,대전광역시 동구청,2023-12-01
삼성동494,1,,대전광역시 동구 삼성동 123-10,36.33628368,127.4279953,,한전주,042-271-4871,대전광역시 동구청,2023-12-01
삼성동495,1,,대전광역시 동구 삼성동 121-4,36.33638865,127.4274205,,한전주,042-271-4871,대전광역시 동구청,2023-12-01
삼성동496,1,,대전광역시 동구 삼성동 124-9,36.33606208,127.4272652,,한전주,042-271-4871,대전광역시 동구청,2023-12-01
삼성동497,1,,대전광역시 동구 삼성동 460,36.33722952,127.4282063,,한전주,042-271-4871,대전광역시 동구청,2023-12-01
삼성동498,1,,대전광역시 동구 삼성동 121-10,36.33620033,127.4267846,,한전주,042-271-4871,대전광역시 동구청,2023-12-01
삼성동499,1,,대전광역시 동구 삼성동 120-3,36.33648738,127.4270023,,한전주,042-271-4871,대전광역시 동구청,2023-12-01
삼성동500,1,,대전광역시 동구 삼성동 121-1,36.33651778,127.427374,,한전주,042-271-4871,대전광역시 동구청,2023-12-01
삼성동501,1,,대전광역시 동구 삼성동 122-13,36.33676991,127.4280337,,한전주,042-271-4871,대전광역시 동구청,2023-12-01
삼성동502,1,,대전광역시 동구 삼성동 282-4,36.33502062,127.4274835,,한전주,042-271-4871,대전광역시 동구청,2023-12-01
삼성동503,1,,대전광역시 동구 삼성동 282-5,36.33507922,127.4273003,,한전주,042-271-4871,대전광역시 동구청,2023-12-01
삼성동505,1,,대전광역시 동구 삼성동 282-18,36.33456506,127.4266829,,한전주,042-271-4871,대전광역시 동구청,2023-12-01
삼성동506,1,,대전광역시 동구 삼성동 282-20,36.33443177,127.4265077,,한전주,042-271-4871,대전광역시 동구청,2023-12-01
삼성동507,1,,대전광역시 동구 삼성동 461,36.33470377,127.4271802,,한전주,042-271-4871,대전광역시 동구청,2023-12-01
삼성동508,1,,대전광역시 동구 삼성동 277-16,36.3339673,127.4264571,,한전주,042-271-4871,대전광역시 동구청,2023-12-01
삼성동509,1,,대전광역시 동구 삼성동 461,36.33470377,127.4271802,,한전주,042-271-4871,대전광역시 동구청,2023-12-01
삼성동510,1,,대전광역시 동구 삼성동 277-6,36.33376959,127.4269611,,한전주,042-271-4871,대전광역시 동구청,2023-12-01
삼성동511,1,,대전광역시 동구 삼성동 277-4,36.33389042,127.426787,,전용주,042-271-4871,대전광역시 동구청,2023-12-01
삼성동512,1,,대전광역시 동구 삼성동 275-10,36.33420344,127.4265998,,한전주,042-271-4871,대전광역시 동구청,2023-12-01
삼성동513,1,,대전광역시 동구 삼성동 277-5,36.33375351,127.4267943,,전용주,042-271-4871,대전광역시 동구청,2023-12-01
삼성동514,1,,대전광역시 동구 삼성동 276-14,36.33413157,127.4271162,,한전주,042-271-4871,대전광역시 동구청,2023-12-01
삼성동515,1,,대전광역시 동구 삼성동 275-3,36.33450326,127.4272812,,한전주,042-271-4871,대전광역시 동구청,2023-12-01
삼성동516,1,,대전광역시 동구 삼성동 273-8,36.33454001,127.4278655,,한전주,042-271-4871,대전광역시 동구청,2023-12-01
삼성동517,1,,대전광역시 동구 삼성동 273-9,36.33446106,127.4278153,,건축물,042-271-4871,대전광역시 동구청,2023-12-01
삼성동518,1,,대전광역시 동구 삼성동 276-3,36.33415696,127.4275777,,한전주,042-271-4871,대전광역시 동구청,2023-12-01
삼성동519,1,,대전광역시 동구 삼성동 276-7,36.33415296,127.4274108,,전용주,042-271-4871,대전광역시 동구청,2023-12-01
삼성동520,1,,대전광역시 동구 삼성동 282-33,36.33460909,127.4258585,,한전주,042-271-4871,대전광역시 동구청,2023-12-01
삼성동521,1,,대전광역시 동구 삼성동 282-40,36.33491095,127.4254369,,한전주,042-271-4871,대전광역시 동구청,2023-12-01
삼성동522,1,,대전광역시 동구 삼성동 280-22,36.33497967,127.4249167,,한전주,042-271-4871,대전광역시 동구청,2023-12-01
삼성동523,1,,대전광역시 동구 삼성동 280-21,36.33499373,127.4250424,,한전주,042-271-4871,대전광역시 동구청,2023-12-01
삼성동524,1,,대전광역시 동구 삼성동 280-21,36.33499373,127.4250424,,한전주,042-271-4871,대전광역시 동구청,2023-12-01
삼성동525,1,,대전광역시 동구 삼성동 281-12,36.33570312,127.4247192,,한전주,042-271-4871,대전광역시 동구청,2023-12-01
삼성동526,1,,대전광역시 동구 삼성동 280-12,36.33522023,127.4242464,,한전주,042-271-4871,대전광역시 동구청,2023-12-01
삼성동527,1,,대전광역시 동구 삼성동 280-27,36.33495448,127.4244999,,한전주,042-271-4871,대전광역시 동구청,2023-12-01
삼성동528,1,,대전광역시 동구 삼성동 280-15,36.33518364,127.4245004,,한전주,042-271-4871,대전광역시 동구청,2023-12-01
삼성동529,1,,대전광역시 동구 삼성동 280-16,36.33526908,127.4247032,,한전주,042-271-4871,대전광역시 동구청,2023-12-01
삼성동530,1,,대전광역시 동구 삼성동 282-42,36.33506824,127.4252519,,전용주,042-271-4871,대전광역시 동구청,2023-12-01
삼성동531,1,,대전광역시 동구 삼성동 282-1,36.33490751,127.4266301,,전용주,042-271-4871,대전광역시 동구청,2023-12-01
삼성동532,1,,대전광역시 동구 삼성동 461,36.33470377,127.4271802,,한전주,042-271-4871,대전광역시 동구청,2023-12-01
삼성동533,1,,대전광역시 동구 삼성동 281-2,36.33563839,127.4250802,,한전주,042-271-4871,대전광역시 동구청,2023-12-01
삼성동534,1,,대전광역시 동구 삼성동 473,36.34367443,127.4230321,,한전주,042-271-4871,대전광역시 동구청,2023-12-01
삼성동536,1,,대전광역시 동구 삼성동 334-26,36.33989655,127.4191563,,한전주,042-271-4871,대전광역시 동구청,2023-12-01
삼성동544,1,,대전광역시 동구 삼성동 468,36.33939856,127.427176,,한전주,042-271-4871,대전광역시 동구청,2023-12-01
삼성동553,1,,대전광역시 동구 삼성동 85-13,36.33730946,127.4357333,,한전주,042-271-4871,대전광역시 동구청,2023-12-01
삼성동554,1,,대전광역시 동구 삼성동 85-13,36.33730946,127.4357333,,한전주,042-271-4871,대전광역시 동구청,2023-12-01
삼성동555,1,,대전광역시 동구 삼성동 82-1,36.33787964,127.4369572,,한전주,042-271-4871,대전광역시 동구청,2023-12-01
삼성동556,1,,대전광역시 동구 삼성동 82-1,36.33787964,127.4369572,,전용주,042-271-4871,대전광역시 동구청,2023-12-01
삼성동557,1,,대전광역시 동구 삼성동 82-1,36.33787964,127.4369572,,전용주,042-271-4871,대전광역시 동구청,2023-12-01
삼성동558,1,,대전광역시 동구 성남동 80-3,36.33907452,127.4354249,,전용주,042-271-4871,대전광역시 동구청,2023-12-01
삼성동559,1,,대전광역시 동구 삼성동 439,36.33995658,127.4343983,,전용주,042-271-4871,대전광역시 동구청,2023-12-01
삼성동560,1,,대전광역시 동구 삼성동 81-1,36.33909593,127.4350954,,전용주,042-271-4871,대전광역시 동구청,2023-12-01
삼성동561,1,,대전광역시 동구 삼성동 81-1,36.33909593,127.4350954,,전용주,042-271-4871,대전광역시 동구청,2023-12-01
삼성동562,1,,대전광역시 동구 소제동 298-2,36.33560584,127.4379941,,한전주,042-271-4871,대전광역시 동구청,2023-12-01
삼성동563,1,,대전광역시 동구 삼성동 97-1,36.33767432,127.4375667,,전용주,042-271-4871,대전광역시 동구청,2023-12-01
삼성동564,1,,대전광역시 동구 삼성동 80-58,36.33858955,127.4352273,,한전주,042-271-4871,대전광역시 동구청,2023-12-01
삼성동565,1,,대전광역시 동구 삼성동 148-4,36.33971337,127.4343441,,한전주,042-271-4871,대전광역시 동구청,2023-12-01
삼성동566,1,,대전광역시 동구 삼성동 440-5,36.33772332,127.4331529,,한전주,042-271-4871,대전광역시 동구청,2023-12-01
삼성동567,1,,대전광역시 동구 삼성동 104-17,36.33673968,127.4329491,,전용주,042-271-4871,대전광역시 동구청,2023-12-01
삼성동568,1,,대전광역시 동구 삼성동 122-8,36.33648961,127.4278408,,한전주,042-271-4871,대전광역시 동구청,2023-12-01
삼성동569,1,,대전광역시 동구 삼성동 269-1,36.33597926,127.4289529,,한전주,042-271-4871,대전광역시 동구청,2023-12-01
삼성동570,1,,대전광역시 동구 삼성동 461,36.33470377,127.4271802,,한전주,042-271-4871,대전광역시 동구청,2023-12-01
삼성동571,1,,대전광역시 동구 삼성동 284-11,36.33672739,127.4260123,,한전주,042-271-4871,대전광역시 동구청,2023-12-01
삼성동572,1,,대전광역시 동구 삼성동 318-14,36.33898006,127.423561,,한전주,042-271-4871,대전광역시 동구청,2023-12-01
삼성동573,1,,대전광역시 동구 삼성동 317-15,36.33916657,127.4224914,,한전주,042-271-4871,대전광역시 동구청,2023-12-01
삼성동574,1,,대전광역시 동구 삼성동 316-9,36.33867373,127.421901,,한전주,042-271-4871,대전광역시 동구청,2023-12-01
삼성동575,1,,대전광역시 동구 삼성동 470,36.33906377,127.4199268,,전용주,042-271-4871,대전광역시 동구청,2023-12-01
삼성동576,1,,대전광역시 동구 삼성동 470,36.33906377,127.4199268,,한전주,042-271-4871,대전광역시 동구청,2023-12-01
삼성동577,1,,대전광역시 동구 삼성동 471,36.34079186,127.4196339,,한전주,042-271-4871,대전광역시 동구청,2023-12-01
삼성동578,1,,대전광역시 동구 삼성동 348-1,36.34099292,127.417894,,전용주,042-271-4871,대전광역시 동구청,2023-12-01
삼성동579,1,,대전광역시 동구 삼성동 345-7,36.34168089,127.417144,,한전주,042-271-4871,대전광역시 동구청,2023-12-01
삼성동580,1,,대전광역시 동구 삼성동 475,36.34339201,127.4159857,,한전주,042-271-4871,대전광역시 동구청,2023-12-01
삼성동581,1,,대전광역시 동구 삼성동 391-6,36.3435233,127.416017,,전용주,042-271-4871,대전광역시 동구청,2023-12-01
삼성동582,1,,대전광역시 동구 삼성동 390-8,36.34332915,127.4160799,,한전주,042-271-4871,대전광역시 동구청,2023-12-01
삼성동583,1,,대전광역시 동구 삼성동 390-10,36.34323937,127.4161121,,한전주,042-271-4871,대전광역시 동구청,2023-12-01
삼성동584,1,,대전광역시 동구 삼성동 396-7,36.34277148,127.4144001,,한전주,042-271-4871,대전광역시 동구청,2023-12-01
삼성동585,1,,대전광역시 동구 삼성동 458,36.3410933,127.425455,,한전주,042-271-4871,대전광역시 동구청,2023-12-01
삼성동586,1,,대전광역시 동구 삼성동 474,36.34366152,127.4208388,,전용주,042-271-4871,대전광역시 동구청,2023-12-01
삼성동587,1,,대전광역시 동구 삼성동 474,36.34366152,127.4208388,,한전주,042-271-4871,대전광역시 동구청,2023-12-01
삼성동588,1,,대전광역시 동구 삼성동 382-18,36.34447406,127.4178203,,한전주,042-271-4871,대전광역시 동구청,2023-12-01
삼성동589,1,,대전광역시 동구 삼성동 380-8,36.34455277,127.4195471,,건축물,042-271-4871,대전광역시 동구청,2023-12-01
삼성동590,1,,대전광역시 동구 삼성동 378-4,36.34393208,127.4202646,,한전주,042-271-4871,대전광역시 동구청,2023-12-01
삼성동591,1,,대전광역시 동구 삼성동 374-1,36.34298696,127.4204617,,한전주,042-271-4871,대전광역시 동구청,2023-12-01
삼성동593,1,,대전광역시 동구 삼성동 306-12,36.33944067,127.4270141,,한전주,042-271-4871,대전광역시 동구청,2023-12-01
삼성동594,1,,대전광역시 동구 삼성동 110-15,36.33675412,127.4309472,,한전주,042-271-4871,대전광역시 동구청,2023-12-01
삼성동595,1,,대전광역시 동구 삼성동 110-1,36.33671398,127.4312065,,한전주,042-271-4871,대전광역시 동구청,2023-12-01
삼성동596,1,,대전광역시 동구 삼성동 459,36.33784957,127.4311021,,한전주,042-271-4871,대전광역시 동구청,2023-12-01
삼성동599,1,,대전광역시 동구 삼성동 108-1,36.33735842,127.4304562,,전용주,042-271-4871,대전광역시 동구청,2023-12-01
삼성동600,1,,대전광역시 동구 삼성동 456,36.33847967,127.4258946,,한전주,042-271-4871,대전광역시 동구청,2023-12-01
삼성동602,1,,대전광역시 동구 삼성동 122-1,36.33685447,127.4282267,,한전주,042-271-4871,대전광역시 동구청,2023-12-01
삼성동603,1,,대전광역시 동구 삼성동 114-8,36.33684096,127.4273943,,건축물,042-271-4871,대전광역시 동구청,2023-12-01
삼성동604,1,,대전광역시 동구 삼성동 473,36.34367443,127.4230321,,전용주,042-271-4871,대전광역시 동구청,2023-12-01
삼성동605,1,,대전광역시 동구 삼성동 460,36.33722952,127.4282063,,한전주,042-271-4871,대전광역시 동구청,2023-12-01
삼성동606,1,,대전광역시 동구 삼성동 338-11,36.33998893,127.4167822,,한전주,042-271-4871,대전광역시 동구청,2023-12-01
삼정동001,1,,대전광역시 동구 삼정동 388,36.33143101,127.4795564,,한전주,042-271-4871,대전광역시 동구청,2023-12-01
삼정동002,1,,대전광역시 동구 삼정동 388,36.33143101,127.4795564,,한전주,042-271-4871,대전광역시 동구청,2023-12-01
삼정동003,1,,대전광역시 동구 삼정동 3-5,36.33076299,127.4793708,,한전주,042-271-4871,대전광역시 동구청,2023-12-01
삼정동004,1,,대전광역시 동구 삼정동 24-1,36.3306817,127.4789661,,한전주,042-271-4871,대전광역시 동구청,2023-12-01
삼정동005,1,,대전광역시 동구 삼정동 24,36.33031635,127.4785205,,한전주,042-271-4871,대전광역시 동구청,2023-12-01
삼정동006,1,,대전광역시 동구 삼정동 25-3,36.32998682,127.478131,,한전주,042-271-4871,대전광역시 동구청,2023-12-01
삼정동007,1,,대전광역시 동구 삼정동 25-1,36.32995626,127.4778665,,한전주,042-271-4871,대전광역시 동구청,2023-12-01
삼정동008,1,,대전광역시 동구 삼정동 25-5,36.32981613,127.4777197,,한전주,042-271-4871,대전광역시 동구청,2023-12-01
삼정동009,1,,대전광역시 동구 삼정동 27,36.32977376,127.4769992,,한전주,042-271-4871,대전광역시 동구청,2023-12-01
삼정동010,1,,대전광역시 동구 삼정동 45-10,36.32888121,127.476562,,한전주,042-271-4871,대전광역시 동구청,2023-12-01
삼정동011,1,,대전광역시 동구 삼정동 50-1,36.32875513,127.4761288,,한전주,042-271-4871,대전광역시 동구청,2023-12-01
삼정동012,1,,대전광역시 동구 삼정동 55-5,36.32766301,127.4757447,,한전주,042-271-4871,대전광역시 동구청,2023-12-01
삼정동013,1,,대전광역시 동구 삼정동 60-4,36.32713306,127.4753086,,한전주,042-271-4871,대전광역시 동구청,2023-12-01
삼정동014,1,,대전광역시 동구 삼정동 60-10,36.32669987,127.4757599,,전용주,042-271-4871,대전광역시 동구청,2023-12-01
삼정동015,1,,대전광역시 동구 삼정동 60-8,36.32691052,127.4754531,,전용주,042-271-4871,대전광역시 동구청,2023-12-01
삼정동016,1,,대전광역시 동구 삼정동 73-6,36.3264818,127.4753839,,한전주,042-271-4871,대전광역시 동구청,2023-12-01
삼정동017,1,,대전광역시 동구 삼정동 69-1,36.32610243,127.4755915,,전용주,042-271-4871,대전광역시 동구청,2023-12-01
삼정동018,1,,대전광역시 동구 삼정동 71,36.32583342,127.4754117,,한전주,042-271-4871,대전광역시 동구청,2023-12-01
삼정동019,1,,대전광역시 동구 삼정동 3-4,36.33106066,127.4804073,,한전주,042-271-4871,대전광역시 동구청,2023-12-01
삼정동020,1,,대전광역시 동구 삼정동 388-6,36.33126225,127.4804222,,한전주,042-271-4871,대전광역시 동구청,2023-12-01
삼정동021,1,,대전광역시 동구 삼정동 92-3,36.32674578,127.472683,,한전주,042-271-4871,대전광역시 동구청,2023-12-01
삼정동022,1,,대전광역시 동구 삼정동 97,36.32597059,127.472479,,한전주,042-271-4871,대전광역시 동구청,2023-12-01
삼정동023,1,,대전광역시 동구 삼정동 98-11,36.32585292,127.4724034,,한전주,042-271-4871,대전광역시 동구청,2023-12-01
삼정동024,1,,대전광역시 동구 삼정동 99-1,36.32535859,127.4721623,,한전주,042-271-4871,대전광역시 동구청,2023-12-01
삼정동025,1,,대전광역시 동구 삼정동 97,36.32597059,127.472479,,한전주,042-271-4871,대전광역시 동구청,2023-12-01
삼정동026,1,,대전광역시 동구 삼정동 98-12,36.32583795,127.4721782,,한전주,042-271-4871,대전광역시 동구청,2023-12-01
삼정동027,1,,대전광역시 동구 삼정동 98-46,36.32617302,127.4722884,,한전주,042-271-4871,대전광역시 동구청,2023-12-01
삼정동028,1,,대전광역시 동구 삼정동 98-5,36.32584501,127.4719187,,전용주,042-271-4871,대전광역시 동구청,2023-12-01
삼정동030,1,,대전광역시 동구 삼정동 98-1,36.32635428,127.4717328,,한전주,042-271-4871,대전광역시 동구청,2023-12-01
삼정동031,1,,대전광역시 동구 삼정동 98-1,36.32635428,127.4717328,,한전주,042-271-4871,대전광역시 동구청,2023-12-01
삼정동032,1,,대전광역시 동구 삼정동 97-28,36.32693619,127.4719568,,한전주,042-271-4871,대전광역시 동구청,2023-12-01
삼정동033,1,,대전광역시 동구 삼정동 99-14,36.32536576,127.4724695,,전용주,042-271-4871,대전광역시 동구청,2023-12-01
삼정동034,1,,대전광역시 동구 삼정동 118-5,36.32348165,127.4701198,,한전주,042-271-4871,대전광역시 동구청,2023-12-01
삼정동036,1,,대전광역시 동구 삼정동 189-22,36.32132389,127.4711914,,한전주,042-271-4871,대전광역시 동구청,2023-12-01
삼정동037,1,,대전광역시 동구 삼정동 98-66,36.32507455,127.4726903,,한전주,042-271-4871,대전광역시 동구청,2023-12-01
삼정동038,1,,대전광역시 동구 삼정동 189-29,36.3208474,127.4709712,,한전주,042-271-4871,대전광역시 동구청,2023-12-01
삼정동039,1,,대전광역시 동구 삼정동 189-22,36.32132389,127.4711914,,한전주,042-271-4871,대전광역시 동구청,2023-12-01
삼정동040,1,,대전광역시 동구 삼정동 189-19,36.32140463,127.4707359,,한전주,042-271-4871,대전광역시 동구청,2023-12-01
삼정동041,1,,대전광역시 동구 삼정동 189-33,36.32093334,127.4704772,,한전주,042-271-4871,대전광역시 동구청,2023-12-01
삼정동042,1,,대전광역시 동구 삼정동 189-33,36.32093334,127.4704772,,한전주,042-271-4871,대전광역시 동구청,2023-12-01
삼정동043,1,,대전광역시 동구 삼정동 189-29,36.3208474,127.4709712,,한전주,042-271-4871,대전광역시 동구청,2023-12-01
삼정동044,1,,대전광역시 동구 삼정동 98-66,36.32507455,127.4726903,,한전주,042-271-4871,대전광역시 동구청,2023-12-01
삼정동045,1,,대전광역시 동구 삼정동 190-6,36.31974939,127.4694181,,한전주,042-271-4871,대전광역시 동구청,2023-12-01
삼정동046,1,,대전광역시 동구 삼정동 199-2,36.31725185,127.4687104,,한전주,042-271-4871,대전광역시 동구청,2023-12-01
삼정동047,1,,대전광역시 동구 삼정동 199-2,36.31725185,127.4687104,,한전주,042-271-4871,대전광역시 동구청,2023-12-01
삼정동048,1,,대전광역시 동구 삼정동 256-2,36.315841,127.4719119,,한전주,042-271-4871,대전광역시 동구청,2023-12-01
삼정동049,1,,대전광역시 동구 삼정동 257,36.31607166,127.4728089,,전용주,042-271-4871,대전광역시 동구청,2023-12-01
삼정동050,1,,대전광역시 동구 삼정동 236,36.31618447,127.4730853,,전용주,042-271-4871,대전광역시 동구청,2023-12-01
삼정동051,1,,대전광역시 동구 삼정동 269,36.31548035,127.474027,,한전주,042-271-4871,대전광역시 동구청,2023-12-01
삼정동052,1,,대전광역시 동구 삼정동 267,36.31509172,127.4739945,,한전주,042-271-4871,대전광역시 동구청,2023-12-01
삼정동053,1,,대전광역시 동구 삼정동 270-2,36.31527955,127.4742151,,한전주,042-271-4871,대전광역시 동구청,2023-12-01
삼정동054,1,,대전광역시 동구 삼정동 359-3,36.31490913,127.474246,,한전주,042-271-4871,대전광역시 동구청,2023-12-01
삼정동055,1,,대전광역시 동구 삼정동 356,36.31461759,127.4745669,,한전주,042-271-4871,대전광역시 동구청,2023-12-01
삼정동056,1,,대전광역시 동구 삼정동 36-1,36.31417527,127.4749808,,한전주,042-271-4871,대전광역시 동구청,2023-12-01
삼정동057,1,,대전광역시 동구 삼정동 266-1,36.31486399,127.4732471,,한전주,042-271-4871,대전광역시 동구청,2023-12-01
삼정동058,1,,대전광역시 동구 삼정동 378,36.31499751,127.4724084,,한전주,042-271-4871,대전광역시 동구청,2023-12-01
삼정동059,1,,대전광역시 동구 삼정동 378,36.31499751,127.4724084,,한전주,042-271-4871,대전광역시 동구청,2023-12-01
삼정동060,1,,대전광역시 동구 삼정동 378,36.31499751,127.4724084,,한전주,042-271-4871,대전광역시 동구청,2023-12-01
삼정동061,1,,대전광역시 동구 삼정동 404,36.31754728,127.4749781,,한전주,042-271-4871,대전광역시 동구청,2023-12-01
삼정동062,1,,대전광역시 동구 삼정동 281-1,36.31740475,127.475049,,한전주,042-271-4871,대전광역시 동구청,2023-12-01
삼정동063,1,,대전광역시 동구 삼정동 284,36.31772786,127.4751758,,한전주,042-271-4871,대전광역시 동구청,2023-12-01
삼정동064,1,,대전광역시 동구 삼정동 327,36.31737412,127.4759277,,한전주,042-271-4871,대전광역시 동구청,2023-12-01
삼정동065,1,,대전광역시 동구 삼정동 327,36.31737412,127.4759277,,한전주,042-271-4871,대전광역시 동구청,2023-12-01
삼정동066,1,,대전광역시 동구 삼정동 330,36.317528,127.4763838,,한전주,042-271-4871,대전광역시 동구청,2023-12-01
삼정동067,1,,대전광역시 동구 삼정동 332-1,36.31775762,127.4771263,,한전주,042-271-4871,대전광역시 동구청,2023-12-01
삼정동068,1,,대전광역시 동구 삼정동 338,36.3185954,127.4771685,,한전주,042-271-4871,대전광역시 동구청,2023-12-01
삼정동069,1,,대전광역시 동구 삼정동 3472-3,36.31856496,127.4773414,,한전주,042-271-4871,대전광역시 동구청,2023-12-01
삼정동070,1,,대전광역시 동구 삼정동 154-4,36.31902605,127.4771931,,전용주,042-271-4871,대전광역시 동구청,2023-12-01
삼정동071,1,,대전광역시 동구 삼정동 159,36.31899058,127.4768019,,한전주,042-271-4871,대전광역시 동구청,2023-12-01
삼정동072,1,,대전광역시 동구 삼정동 154-3,36.31943421,127.4766707,,한전주,042-271-4871,대전광역시 동구청,2023-12-01
삼정동073,1,,대전광역시 동구 삼정동 154-1,36.31948442,127.4768245,,전용주,042-271-4871,대전광역시 동구청,2023-12-01
삼정동074,1,,대전광역시 동구 삼정동 151-2,36.31965741,127.4766300292,,전용주,042-271-4871,대전광역시 동구청,2023-12-01
삼정동075,1,,대전광역시 동구 삼정동 153-2,36.3197223,127.4771712,,한전주,042-271-4871,대전광역시 동구청,2023-12-01
삼정동076,1,,대전광역시 동구 삼정동 330,36.317528,127.4763838,,한전주,042-271-4871,대전광역시 동구청,2023-12-01
삼정동077,1,,대전광역시 동구 삼정동 326-1,36.3171711,127.4764419,,한전주,042-271-4871,대전광역시 동구청,2023-12-01
삼정동078,1,,대전광역시 동구 삼정동 286-1,36.31708086,127.4757368,,한전주,042-271-4871,대전광역시 동구청,2023-12-01
삼정동079,1,,대전광역시 동구 삼정동 327,36.31737412,127.4759277,,전용주,042-271-4871,대전광역시 동구청,2023-12-01
삼정동080,1,,대전광역시 동구 삼정동 325-1,36.31662752,127.4762789,,한전주,042-271-4871,대전광역시 동구청,2023-12-01
삼정동081,1,,대전광역시 동구 삼정동 325-1,36.31662752,127.4762789,,한전주,042-271-4871,대전광역시 동구청,2023-12-01
삼정동082,1,,대전광역시 동구 삼정동 319,36.31632815,127.4769351,,한전주,042-271-4871,대전광역시 동구청,2023-12-01
삼정동083,1,,대전광역시 동구 삼정동 288,36.3158691,127.4763911,,한전주,042-271-4871,대전광역시 동구청,2023-12-01
삼정동084,1,,대전광역시 동구 삼정동 292-1,36.31585443,127.4758886,,한전주,042-271-4871,대전광역시 동구청,2023-12-01
삼정동085,1,,대전광역시 동구 삼정동 298,36.31599321,127.4769500239,,한전주,042-271-4871,대전광역시 동구청,2023-12-01
삼정동086,1,,대전광역시 동구 삼정동 346-7,36.31478177,127.4776601,,전용주,042-271-4871,대전광역시 동구청,2023-12-01
삼정동087,1,,대전광역시 동구 삼정동 346-3,36.31359861,127.4787512,,전용주,042-271-4871,대전광역시 동구청,2023-12-01
삼정동088,1,,대전광역시 동구 삼정동 산25,36.31662725,127.4784457,,한전주,042-271-4871,대전광역시 동구청,2023-12-01
삼정동089,1,,대전광역시 동구 삼정동 산25,36.31662725,127.4784457,,한전주,042-271-4871,대전광역시 동구청,2023-12-01
삼정동090,1,,대전광역시 동구 삼정동 산 43-1,36.31684047,127.4701916,,한전주,042-271-4871,대전광역시 동구청,2023-12-01
삼정동091,1,,대전광역시 동구 삼정동 산 43-8,36.31648132,127.4706096,,건축물,042-271-4871,대전광역시 동구청,2023-12-01
삼정동092,1,,대전광역시 동구 삼정동 243-6,36.31712976,127.4705766,,한전주,042-271-4871,대전광역시 동구청,2023-12-01
삼정동093,1,,대전광역시 동구 삼정동 302,36.31558905,127.4770425,,한전주,042-271-4871,대전광역시 동구청,2023-12-01
삼정동094,1,,대전광역시 동구 삼정동 산 18-1,36.31992177,127.4795559,,한전주,042-271-4871,대전광역시 동구청,2023-12-01
삼정동095,1,,대전광역시 동구 삼정동 산 18-1,36.31992177,127.4795559,,한전주,042-271-4871,대전광역시 동구청,2023-12-01
삼정동096,1,,대전광역시 동구 삼정동 산 18-1,36.31992177,127.4795559,,한전주,042-271-4871,대전광역시 동구청,2023-12-01
삼정동097,1,,대전광역시 동구 삼정동 산 18-1,36.31992177,127.4795559,,한전주,042-271-4871,대전광역시 동구청,2023-12-01
삼정동098,1,,대전광역시 동구 삼정동 산 18-1,36.31992177,127.4795559,,한전주,042-271-4871,대전광역시 동구청,2023-12-01
삼정동099,1,,대전광역시 동구 삼정동 산 19-11,36.31613767,127.4807631,,한전주,042-271-4871,대전광역시 동구청,2023-12-01
삼정동100,1,,대전광역시 동구 삼정동 3-9,36.32959389,127.4800368,,한전주,042-271-4871,대전광역시 동구청,2023-12-01
삼정동101,1,,대전광역시 동구 삼정동 산 5-23,36.32918308,127.4798293,,한전주,042-271-4871,대전광역시 동구청,2023-12-01
삼정동102,1,,대전광역시 동구 삼정동 산 5-27,36.32840468,127.4794044,,한전주,042-271-4871,대전광역시 동구청,2023-12-01
삼정동103,1,,대전광역시 동구 삼정동 24-15,36.32797232,127.4790515,,한전주,042-271-4871,대전광역시 동구청,2023-12-01
삼정동104,1,,대전광역시 동구 삼정동 산 6-5,36.32700773,127.4786283,,한전주,042-271-4871,대전광역시 동구청,2023-12-01
삼정동105,1,,대전광역시 동구 삼정동 산 6-5,36.32700773,127.4786283,,한전주,042-271-4871,대전광역시 동구청,2023-12-01
삼정동106,1,,대전광역시 동구 삼정동 산 6-5,36.32700773,127.4786283,,한전주,042-271-4871,대전광역시 동구청,2023-12-01
삼정동107,1,,대전광역시 동구 삼정동 산 7-7,36.32560033,127.4788786,,한전주,042-271-4871,대전광역시 동구청,2023-12-01
삼정동108,1,,대전광역시 동구 삼정동 산 7-10,36.32374181,127.4778017,,한전주,042-271-4871,대전광역시 동구청,2023-12-01
삼정동109,1,,대전광역시 동구 삼정동 산 7-10,36.32374181,127.4778017,,한전주,042-271-4871,대전광역시 동구청,2023-12-01
삼정동110,1,,대전광역시 동구 삼정동 산 7-10,36.32374181,127.4778017,,한전주,042-271-4871,대전광역시 동구청,2023-12-01
삼정동111,1,,대전광역시 동구 삼정동 산 7-7,36.32560033,127.4788786,,한전주,042-271-4871,대전광역시 동구청,2023-12-01
삼정동112,1,,대전광역시 동구 삼정동 산 7-10,36.32374181,127.4778017,,한전주,042-271-4871,대전광역시 동구청,2023-12-01
삼정동113,1,,대전광역시 동구 삼정동 산 7-10,36.32374181,127.4778017,,한전주,042-271-4871,대전광역시 동구청,2023-12-01
삼정동114,1,,대전광역시 동구 삼정동 산 7-10,36.32374181,127.4778017,,한전주,042-271-4871,대전광역시 동구청,2023-12-01
삼정동116,1,,대전광역시 동구 삼정동 산 9-1,36.32190421,127.4787651,,한전주,042-271-4871,대전광역시 동구청,2023-12-01
삼정동117,1,,대전광역시 동구 삼정동 산 9-1,36.32190421,127.4787651,,한전주,042-271-4871,대전광역시 동구청,2023-12-01
삼정동118,1,,대전광역시 동구 삼정동 산 9-1,36.32190421,127.4787651,,한전주,042-271-4871,대전광역시 동구청,2023-12-01
삼정동119,1,,대전광역시 동구 삼정동 산 18-1,36.31992177,127.4795559,,한전주,042-271-4871,대전광역시 동구청,2023-12-01
삼정동120,1,,대전광역시 동구 삼정동 산 18-1,36.31992177,127.4795559,,한전주,042-271-4871,대전광역시 동구청,2023-12-01
삼정동121,1,,대전광역시 동구 삼정동 산 18-1,36.31992177,127.4795559,,한전주,042-271-4871,대전광역시 동구청,2023-12-01
삼정동122,1,,대전광역시 동구 삼정동 산 18-1,36.31992177,127.4795559,,한전주,042-271-4871,대전광역시 동구청,2023-12-01
삼정동123,1,,대전광역시 동구 삼정동 산 29-9,36.31421458,127.4812529,,한전주,042-271-4871,대전광역시 동구청,2023-12-01
삼정동124,1,,대전광역시 동구 삼정동 산 29-15,36.31293691,127.4812986,,한전주,042-271-4871,대전광역시 동구청,2023-12-01
삼정동125,1,,대전광역시 동구 삼정동 산 29-11,36.31298837,127.4816091,,한전주,042-271-4871,대전광역시 동구청,2023-12-01
삼정동126,1,,대전광역시 동구 삼정동 산 19-11,36.31613767,127.4807631,,한전주,042-271-4871,대전광역시 동구청,2023-12-01
삼정동127,1,,대전광역시 동구 삼정동 산 19-11,36.31613767,127.4807631,,한전주,042-271-4871,대전광역시 동구청,2023-12-01
삼정동128,1,,대전광역시 동구 삼정동 산 29-1,36.31448571,127.4805652,,한전주,042-271-4871,대전광역시 동구청,2023-12-01
삼정동129,1,,대전광역시 동구 삼정동 산 29-4,36.31381642,127.4799215,,한전주,042-271-4871,대전광역시 동구청,2023-12-01
삼정동130,1,,대전광역시 동구 삼정동 산 29-11,36.31298837,127.4816091,,한전주,042-271-4871,대전광역시 동구청,2023-12-01
삼정동131,1,,대전광역시 동구 삼정동 산 19-11,36.31613767,127.4807631,,한전주,042-271-4871,대전광역시 동구청,2023-12-01
삼정동132,1,,대전광역시 동구 삼정동 산 18-1,36.31992177,127.4795559,,한전주,042-271-4871,대전광역시 동구청,2023-12-01
삼정동133,1,,대전광역시 동구 삼정동 산 19-11,36.31613767,127.4807631,,한전주,042-271-4871,대전광역시 동구청,2023-12-01
삼정동134,1,,대전광역시 동구 삼정동 산 19-11,36.31613767,127.4807631,,한전주,042-271-4871,대전광역시 동구청,2023-12-01
삼정동135,1,,대전광역시 동구 삼정동 산 19-14,36.31567254,127.4806558,,한전주,042-271-4871,대전광역시 동구청,2023-12-01
삼정동136,1,,대전광역시 동구 삼정동 산 19-14,36.31567254,127.4806558,,한전주,042-271-4871,대전광역시 동구청,2023-12-01
삼정동137,1,,대전광역시 동구 삼정동 252,36.31625267,127.4717775,,한전주,042-271-4871,대전광역시 동구청,2023-12-01
삼정동138,1,,대전광역시 동구 삼정동 232-1,36.31595742,127.4738425,,한전주,042-271-4871,대전광역시 동구청,2023-12-01
삼정동139,1,,대전광역시 동구 삼정동 산 36-1,36.31371556,127.475494,,한전주,042-271-4871,대전광역시 동구청,2023-12-01
상소동001,1,,대전광역시 동구 상소동 42-20,36.23616205,127.4682911,,전용주,042-271-4871,대전광역시 동구청,2023-12-01
상소동005,1,,대전광역시 동구 상소동 18-2,36.23582826,127.4671202,,한전주,042-271-4871,대전광역시 동구청,2023-12-01
상소동006,1,,대전광역시 동구 상소동 18-2,36.23582826,127.4671202,,전용주,042-271-4871,대전광역시 동구청,2023-12-01
상소동012,1,,대전광역시 동구 상소동 142,36.23497801,127.461499,,한전주,042-271-4871,대전광역시 동구청,2023-12-01
상소동013,1,,대전광역시 동구 상소동 134,36.23518806,127.4607842,,한전주,042-271-4871,대전광역시 동구청,2023-12-01
상소동014,1,,대전광역시 동구 상소동 133-2,36.23534069,127.4602464,,한전주,042-271-4871,대전광역시 동구청,2023-12-01
상소동015,1,,대전광역시 동구 상소동 101-1,36.23521669,127.4593376,,한전주,042-271-4871,대전광역시 동구청,2023-12-01
상소동016,1,,대전광역시 동구 상소동 109-2,36.23546584,127.4579708,,전용주,042-271-4871,대전광역시 동구청,2023-12-01
상소동017,1,,대전광역시 동구 상소동 886-1,36.2346562,127.4558762,,한전주,042-271-4871,대전광역시 동구청,2023-12-01
상소동018,1,,대전광역시 동구 상소동 853,36.23459306,127.4554302,,한전주,042-271-4871,대전광역시 동구청,2023-12-01
상소동019,1,,대전광역시 동구 상소동 854-3,36.23445227,127.455197,,한전주,042-271-4871,대전광역시 동구청,2023-12-01
상소동020,1,,대전광역시 동구 상소동 844-3,36.23466069,127.4548393,,한전주,042-271-4871,대전광역시 동구청,2023-12-01
상소동021,1,,대전광역시 동구 상소동 848,36.23497515,127.4549235,,전용주,042-271-4871,대전광역시 동구청,2023-12-01
상소동022,1,,대전광역시 동구 상소동 845,36.23540436,127.4544572,,전용주,042-271-4871,대전광역시 동구청,2023-12-01
상소동023,1,,대전광역시 동구 상소동 844-1,36.23488025,127.454617,,한전주,042-271-4871,대전광역시 동구청,2023-12-01
상소동024,1,,대전광역시 동구 상소동 812-1,36.23365515,127.4540749,,한전주,042-271-4871,대전광역시 동구청,2023-12-01
상소동025,1,,대전광역시 동구 상소동 811,36.23355918,127.4543039,,한전주,042-271-4871,대전광역시 동구청,2023-12-01
상소동026,1,,대전광역시 동구 상소동 461-1,36.22752505,127.4549301,,한전주,042-271-4871,대전광역시 동구청,2023-12-01
상소동027,1,,대전광역시 동구 상소동 859-7,36.23276718,127.4544875,,한전주,042-271-4871,대전광역시 동구청,2023-12-01
상소동028,1,,대전광역시 동구 상소동 464-1,36.226746,127.4561863,,한전주,042-271-4871,대전광역시 동구청,2023-12-01
상소동029,1,,대전광역시 동구 상소동 809-5,36.2324072,127.4536918,,전용주,042-271-4871,대전광역시 동구청,2023-12-01
상소동032,1,,대전광역시 동구 상소동 519,36.22971167,127.4548736,,전용주,042-271-4871,대전광역시 동구청,2023-12-01
상소동033,1,,대전광역시 동구 상소동 518-1,36.2297915,127.4552572,,한전주,042-271-4871,대전광역시 동구청,2023-12-01
상소동034,1,,대전광역시 동구 상소동 515,36.22936616,127.4551798,,한전주,042-271-4871,대전광역시 동구청,2023-12-01
상소동035,1,,대전광역시 동구 상소동 502-1,36.22918878,127.4551635,,한전주,042-271-4871,대전광역시 동구청,2023-12-01
상소동036,1,,대전광역시 동구 상소동 507-4,36.22930177,127.4555713,,한전주,042-271-4871,대전광역시 동구청,2023-12-01
상소동037,1,,대전광역시 동구 상소동 506-6,36.22909546,127.4554355,,한전주,042-271-4871,대전광역시 동구청,2023-12-01
상소동038,1,,대전광역시 동구 상소동 504-2,36.22873193,127.4559069,,한전주,042-271-4871,대전광역시 동구청,2023-12-01
상소동039,1,,대전광역시 동구 상소동 464,36.22679397,127.4564073,,한전주,042-271-4871,대전광역시 동구청,2023-12-01
상소동040,1,,대전광역시 동구 상소동 479-2,36.22839917,127.4558237,,한전주,042-271-4871,대전광역시 동구청,2023-12-01
상소동041,1,,대전광역시 동구 상소동 474,36.22809714,127.4568729,,전용주,042-271-4871,대전광역시 동구청,2023-12-01
상소동042,1,,대전광역시 동구 상소동 466-1,36.22785436,127.456472,,한전주,042-271-4871,대전광역시 동구청,2023-12-01
상소동045,1,,대전광역시 동구 상소동 266,36.22716233,127.4573929,,한전주,042-271-4871,대전광역시 동구청,2023-12-01
상소동046,1,,대전광역시 동구 상소동 263,36.22757171,127.457189,,한전주,042-271-4871,대전광역시 동구청,2023-12-01
상소동050,1,,대전광역시 동구 상소동 486,36.2286807,127.4540685,,한전주,042-271-4871,대전광역시 동구청,2023-12-01
상소동051,1,,대전광역시 동구 상소동 482-4,36.22822969,127.4543687,,한전주,042-271-4871,대전광역시 동구청,2023-12-01
상소동052,1,,대전광역시 동구 상소동 481,36.22856364,127.4548587,,한전주,042-271-4871,대전광역시 동구청,2023-12-01
상소동053,1,,대전광역시 동구 상소동 483,36.22762159,127.4541246,,한전주,042-271-4871,대전광역시 동구청,2023-12-01
상소동054,1,,대전광역시 동구 상소동 456,36.22750774,127.4534433,,한전주,042-271-4871,대전광역시 동구청,2023-12-01
상소동055,1,,대전광역시 동구 상소동 456,36.22707321,127.4527707,,한전주,042-271-4871,대전광역시 동구청,2023-12-01
상소동057,1,,대전광역시 동구 상소동 574-3,36.22689271,127.4503721,,한전주,042-271-4871,대전광역시 동구청,2023-12-01
상소동059,1,,대전광역시 동구 상소동 482-5,36.22784029,127.4543639,,한전주,042-271-4871,대전광역시 동구청,2023-12-01
상소동060,1,,대전광역시 동구 상소동 460-1,36.22807099,127.4550428,,한전주,042-271-4871,대전광역시 동구청,2023-12-01
상소동061,1,,대전광역시 동구 상소동 463-1,36.22756763,127.4552808,,한전주,042-271-4871,대전광역시 동구청,2023-12-01
상소동062,1,,대전광역시 동구 상소동 284,36.22474496,127.4588806,,한전주,042-271-4871,대전광역시 동구청,2023-12-01
상소동063,1,,대전광역시 동구 상소동 6-1,36.2373366,127.4682509,,한전주,042-271-4871,대전광역시 동구청,2023-12-01
상소동068,1,,대전광역시 동구 상소동 1061-4,36.22757394,127.4496336,,한전주,042-271-4871,대전광역시 동구청,2023-12-01
상소동069,1,,대전광역시 동구 상소동 572-7,36.22762833,127.4492127,,한전주,042-271-4871,대전광역시 동구청,2023-12-01
상소동070,1,,대전광역시 동구 상소동 561-1,36.22816846,127.4487889,,한전주,042-271-4871,대전광역시 동구청,2023-12-01
상소동071,1,,대전광역시 동구 상소동 561-5,36.22818713,127.4490817,,한전주,042-271-4871,대전광역시 동구청,2023-12-01
상소동072,1,,대전광역시 동구 상소동 665-1,36.22916279,127.4494022,,한전주,042-271-4871,대전광역시 동구청,2023-12-01
상소동073,1,,대전광역시 동구 상소동 665-1,36.22916279,127.4494022,,한전주,042-271-4871,대전광역시 동구청,2023-12-01
상소동074,1,,대전광역시 동구 상소동 1081,36.23024985,127.4492236,,한전주,042-271-4871,대전광역시 동구청,2023-12-01
상소동075,1,,대전광역시 동구 상소동 692,36.23024985,127.4492236,,한전주,042-271-4871,대전광역시 동구청,2023-12-01
상소동076,1,,대전광역시 동구 상소동 681-1,36.23016359,127.4486989,,한전주,042-271-4871,대전광역시 동구청,2023-12-01
상소동077,1,,대전광역시 동구 상소동 690,36.23058707,127.4492967,,전용주,042-271-4871,대전광역시 동구청,2023-12-01
상소동078,1,,대전광역시 동구 상소동 718,36.23090382,127.449087,,한전주,042-271-4871,대전광역시 동구청,2023-12-01
상소동079,1,,대전광역시 동구 상소동 715,36.23139708,127.4489798,,한전주,042-271-4871,대전광역시 동구청,2023-12-01
상소동080,1,,대전광역시 동구 상소동 731-1,36.23154174,127.4484229,,한전주,042-271-4871,대전광역시 동구청,2023-12-01
상소동081,1,,대전광역시 동구 상소동 731,36.23169665,127.4482792,,전용주,042-271-4871,대전광역시 동구청,2023-12-01
상소동082,1,,대전광역시 동구 상소동 726-2,36.23123637,127.4481494,,한전주,042-271-4871,대전광역시 동구청,2023-12-01
상소동083,1,,대전광역시 동구 상소동 563-1,36.22828125,127.4483731,,한전주,042-271-4871,대전광역시 동구청,2023-12-01
상소동084,1,,대전광역시 동구 상소동 572-3,36.22773042,127.4486622,,한전주,042-271-4871,대전광역시 동구청,2023-12-01
상소동085,1,,대전광역시 동구 상소동 567-15,36.2282721,127.4479249,,건축물,042-271-4871,대전광역시 동구청,2023-12-01
상소동086,1,,대전광역시 동구 상소동 660-1,36.2288801,127.4479087,,건축물,042-271-4871,대전광역시 동구청,2023-12-01
상소동087,1,,대전광역시 동구 상소동 660,36.22905735,127.4478407,,전용주,042-271-4871,대전광역시 동구청,2023-12-01
상소동088,1,,대전광역시 동구 상소동 567-18,36.22815022,127.4478346,,전용주,042-271-4871,대전광역시 동구청,2023-12-01
상소동089,1,,대전광역시 동구 상소동 565,36.22865385,127.4476827,,전용주,042-271-4871,대전광역시 동구청,2023-12-01
상소동090,1,,대전광역시 동구 상소동 658-8,36.2289991,127.4474884,,전용주,042-271-4871,대전광역시 동구청,2023-12-01
상소동091,1,,대전광역시 동구 상소동 567-15,36.2282721,127.4479249,,한전주,042-271-4871,대전광역시 동구청,2023-12-01
상소동092,1,,대전광역시 동구 상소동 571-1,36.22789622,127.4481304,,전용주,042-271-4871,대전광역시 동구청,2023-12-01
상소동093,1,,대전광역시 동구 상소동 569-2,36.22779926,127.4475604,,한전주,042-271-4871,대전광역시 동구청,2023-12-01
상소동094,1,,대전광역시 동구 상소동 1086,36.2307613,127.4456389,,한전주,042-271-4871,대전광역시 동구청,2023-12-01
상소동095,1,,대전광역시 동구 상소동 567-9,36.22829557,127.447337,,한전주,042-271-4871,대전광역시 동구청,2023-12-01
상소동096,1,,대전광역시 동구 상소동 658-6,36.2289267,127.4471843,,한전주,042-271-4871,대전광역시 동구청,2023-12-01
상소동097,1,,대전광역시 동구 상소동 658-2,36.22920625,127.4468946,,한전주,042-271-4871,대전광역시 동구청,2023-12-01
상소동098,1,,대전광역시 동구 상소동 655-1,36.22949379,127.4461547,,한전주,042-271-4871,대전광역시 동구청,2023-12-01
상소동099,1,,대전광역시 동구 상소동 655-1,36.22949379,127.4461547,,한전주,042-271-4871,대전광역시 동구청,2023-12-01
상소동100,1,,대전광역시 동구 상소동 631-5,36.22941939,127.445854,,한전주,042-271-4871,대전광역시 동구청,2023-12-01
상소동101,1,,대전광역시 동구 상소동 1010,36.22973122,127.4454619,,전용주,042-271-4871,대전광역시 동구청,2023-12-01
상소동103,1,,대전광역시 동구 상소동 633,36.22963622,127.4459005,,한전주,042-271-4871,대전광역시 동구청,2023-12-01
상소동105,1,,대전광역시 동구 상소동 1086,36.2307613,127.4456389,,한전주,042-271-4871,대전광역시 동구청,2023-12-01
상소동106,1,,대전광역시 동구 상소동 641-1,36.23069233,127.4461165,,한전주,042-271-4871,대전광역시 동구청,2023-12-01
상소동107,1,,대전광역시 동구 상소동 658-10,36.2286846,127.4474598,,전용주,042-271-4871,대전광역시 동구청,2023-12-01
상소동108,1,,대전광역시 동구 상소동 1061-8,36.22760406,127.4473425,,한전주,042-271-4871,대전광역시 동구청,2023-12-01
상소동109,1,,대전광역시 동구 상소동 629-6,36.22824343,127.4464332,,한전주,042-271-4871,대전광역시 동구청,2023-12-01
상소동110,1,,대전광역시 동구 상소동 629-6,36.22824343,127.4464332,,전용주,042-271-4871,대전광역시 동구청,2023-12-01
상소동111,1,,대전광역시 동구 상소동 629-6,36.22824343,127.4464332,,한전주,042-271-4871,대전광역시 동구청,2023-12-01
상소동112,1,,대전광역시 동구 상소동 622-4,36.22680924,127.4468769,,한전주,042-271-4871,대전광역시 동구청,2023-12-01
상소동113,1,,대전광역시 동구 상소동 1060-15,36.2268887,127.4470729,,한전주,042-271-4871,대전광역시 동구청,2023-12-01
상소동114,1,,대전광역시 동구 상소동 616-1,36.2252344,127.4469448,,한전주,042-271-4871,대전광역시 동구청,2023-12-01
상소동115,1,,대전광역시 동구 상소동 399-6,36.22489409,127.446546,,한전주,042-271-4871,대전광역시 동구청,2023-12-01
상소동116,1,,대전광역시 동구 상소동 399-3,36.22452072,127.4470872,,한전주,042-271-4871,대전광역시 동구청,2023-12-01
상소동117,1,,대전광역시 동구 상소동 396,36.22462171,127.4474968,,한전주,042-271-4871,대전광역시 동구청,2023-12-01
상소동118,1,,대전광역시 동구 상소동 402,36.22473033,127.4480841,,전용주,042-271-4871,대전광역시 동구청,2023-12-01
상소동119,1,,대전광역시 동구 상소동 614-2,36.22517724,127.447801,,전용주,042-271-4871,대전광역시 동구청,2023-12-01
상소동120,1,,대전광역시 동구 상소동 395-2,36.22410087,127.4476289,,한전주,042-271-4871,대전광역시 동구청,2023-12-01
상소동121,1,,대전광역시 동구 상소동 386-1,36.22336572,127.448557,,한전주,042-271-4871,대전광역시 동구청,2023-12-01
상소동122,1,,대전광역시 동구 상소동 386-1,36.22336572,127.448557,,한전주,042-271-4871,대전광역시 동구청,2023-12-01
상소동123,1,,대전광역시 동구 상소동 383-2,36.22299793,127.4487532,,전용주,042-271-4871,대전광역시 동구청,2023-12-01
상소동124,1,,대전광역시 동구 상소동 381,36.22220909,127.4491921,,한전주,042-271-4871,대전광역시 동구청,2023-12-01
상소동125,1,,대전광역시 동구 상소동 376-1,36.22211858,127.4497278,,한전주,042-271-4871,대전광역시 동구청,2023-12-01
상소동126,1,,대전광역시 동구 상소동 373-1,36.22166556,127.4501247,,한전주,042-271-4871,대전광역시 동구청,2023-12-01
상소동127,1,,대전광역시 동구 상소동 418-1,36.22196869,127.4504048,,한전주,042-271-4871,대전광역시 동구청,2023-12-01
상소동128,1,,대전광역시 동구 상소동 367-1,36.22123717,127.4509844,,한전주,042-271-4871,대전광역시 동구청,2023-12-01
상소동129,1,,대전광역시 동구 상소동 366,36.22105124,127.4512614,,한전주,042-271-4871,대전광역시 동구청,2023-12-01
상소동130,1,,대전광역시 동구 상소동 347-12,36.22061869,127.4515073,,한전주,042-271-4871,대전광역시 동구청,2023-12-01
상소동131,1,,대전광역시 동구 상소동 347-7,36.22022684,127.451994,,한전주,042-271-4871,대전광역시 동구청,2023-12-01
상소동132,1,,대전광역시 동구 상소동 348-1,36.21937404,127.4527416,,한전주,042-271-4871,대전광역시 동구청,2023-12-01
상소동133,1,,대전광역시 동구 상소동 342-2,36.21884414,127.4530615,,한전주,042-271-4871,대전광역시 동구청,2023-12-01
상소동134,1,,대전광역시 동구 상소동 342-5,36.21854901,127.4533448,,한전주,042-271-4871,대전광역시 동구청,2023-12-01
상소동135,1,,대전광역시 동구 상소동 809-2,36.23280048,127.454001,,전용주,042-271-4871,대전광역시 동구청,2023-12-01
상소동136,1,,대전광역시 동구 상소동 6-1,36.2373366,127.4682509,,한전주,042-271-4871,대전광역시 동구청,2023-12-01
상소동137,1,,대전광역시 동구 상소동 6-1,36.2373366,127.4682509,,한전주,042-271-4871,대전광역시 동구청,2023-12-01
상소동141,1,,대전광역시 동구 상소동 466-5,36.22750416,127.4563136,,한전주,042-271-4871,대전광역시 동구청,2023-12-01
상소동142,1,,대전광역시 동구 상소동 270,36.22709739,127.4567823,,한전주,042-271-4871,대전광역시 동구청,2023-12-01
상소동143,1,,대전광역시 동구 상소동 465-5,36.22682869,127.4570836,,한전주,042-271-4871,대전광역시 동구청,2023-12-01
상소동144,1,,대전광역시 동구 상소동 270,36.22709739,127.4567823,,한전주,042-271-4871,대전광역시 동구청,2023-12-01
상소동145,1,,대전광역시 동구 상소동 466-5,36.22750416,127.4563136,,한전주,042-271-4871,대전광역시 동구청,2023-12-01
상소동146,1,,대전광역시 동구 상소동 504-2,36.22873193,127.4559069,,한전주,042-271-4871,대전광역시 동구청,2023-12-01
상소동147,1,,대전광역시 동구 상소동 440,36.23068572,127.4545897,,한전주,042-271-4871,대전광역시 동구청,2023-12-01
상소동148,1,,대전광역시 동구 상소동 1062,36.22861139,127.4532700354,,한전주,042-271-4871,대전광역시 동구청,2023-12-01
상소동149,1,,대전광역시 동구 상소동 581-2,36.22699478,127.448858,,한전주,042-271-4871,대전광역시 동구청,2023-12-01
상소동150,1,,대전광역시 동구 상소동 578,36.22693047,127.4508372,,한전주,042-271-4871,대전광역시 동구청,2023-12-01
상소동151,1,,대전광역시 동구 상소동 1085-3,36.2292408,127.4466019,,한전주,042-271-4871,대전광역시 동구청,2023-12-01
상소동152,1,,대전광역시 동구 상소동 1010,36.22973122,127.4454619,,한전주,042-271-4871,대전광역시 동구청,2023-12-01
상소동153,1,,대전광역시 동구 상소동 676,36.22938533,127.448553,,한전주,042-271-4871,대전광역시 동구청,2023-12-01
상소동154,1,,대전광역시 동구 상소동 545-1,36.23216007,127.4537085,,한전주,042-271-4871,대전광역시 동구청,2023-12-01
상소동155,1,,대전광역시 동구 상소동 858-2,36.23318295,127.4545349,,한전주,042-271-4871,대전광역시 동구청,2023-12-01
상소동156,1,,대전광역시 동구 상소동 920-4,36.24083686,127.4552371,,한전주,042-271-4871,대전광역시 동구청,2023-12-01
상소동157,1,,대전광역시 동구 상소동 산 18-1,36.23833363,127.4647315,,한전주,042-271-4871,대전광역시 동구청,2023-12-01
상소동158,1,,대전광역시 동구 상소동 918,36.24016587,127.4552809,,한전주,042-271-4871,대전광역시 동구청,2023-12-01
상소동159,1,,대전광역시 동구 상소동 894-1,36.23925694,127.4548975,,한전주,042-271-4871,대전광역시 동구청,2023-12-01
상소동160,1,,대전광역시 동구 상소동 894-1,36.23925694,127.4548975,,한전주,042-271-4871,대전광역시 동구청,2023-12-01
상소동161,1,,대전광역시 동구 상소동 894-1,36.23925694,127.4548975,,한전주,042-271-4871,대전광역시 동구청,2023-12-01
상소동162,1,,대전광역시 동구 상소동 894-1,36.23925694,127.4548975,,한전주,042-271-4871,대전광역시 동구청,2023-12-01
상소동163,1,,대전광역시 동구 상소동 893,36.23814298,127.4545891,,한전주,042-271-4871,대전광역시 동구청,2023-12-01
상소동164,1,,대전광역시 동구 상소동 893-2,36.23809253,127.4549978,,한전주,042-271-4871,대전광역시 동구청,2023-12-01
상소동165,1,,대전광역시 동구 상소동 841,36.23513971,127.4542087,,한전주,042-271-4871,대전광역시 동구청,2023-12-01
상소동166,1,,대전광역시 동구 상소동 820-4,36.23446267,127.453423,,한전주,042-271-4871,대전광역시 동구청,2023-12-01
상소동167,1,,대전광역시 동구 상소동 875-1,36.23692148,127.4550666,,전용주,042-271-4871,대전광역시 동구청,2023-12-01
상소동168,1,,대전광역시 동구 상소동 875-1,36.23692148,127.4550666,,전용주,042-271-4871,대전광역시 동구청,2023-12-01
상소동169,1,,대전광역시 동구 상소동 875-1,36.23692148,127.4550666,,전용주,042-271-4871,대전광역시 동구청,2023-12-01
상소동170,1,,대전광역시 동구 상소동 875-1,36.23692148,127.4550666,,전용주,042-271-4871,대전광역시 동구청,2023-12-01
상소동171,1,,대전광역시 동구 상소동 875-1,36.23692148,127.4550666,,전용주,042-271-4871,대전광역시 동구청,2023-12-01
상소동172,1,,대전광역시 동구 상소동 875-1,36.23692148,127.4550666,,전용주,042-271-4871,대전광역시 동구청,2023-12-01
상소동173,1,,대전광역시 동구 상소동 산 18-52,36.23639566,127.4543638,,전용주,042-271-4871,대전광역시 동구청,2023-12-01
상소동174,1,,대전광역시 동구 상소동 875-1,36.23692148,127.4550666,,전용주,042-271-4871,대전광역시 동구청,2023-12-01
상소동175,1,,대전광역시 동구 상소동 875-1,36.23692148,127.4550666,,전용주,042-271-4871,대전광역시 동구청,2023-12-01
상소동176,1,,대전광역시 동구 상소동 836-8,36.23569977,127.4538918,,전용주,042-271-4871,대전광역시 동구청,2023-12-01
상소동177,1,,대전광역시 동구 상소동 820-4,36.23446267,127.453423,,전용주,042-271-4871,대전광역시 동구청,2023-12-01
상소동178,1,,대전광역시 동구 상소동 820-4,36.23446267,127.453423,,전용주,042-271-4871,대전광역시 동구청,2023-12-01
상소동179,1,,대전광역시 동구 상소동 831,36.23448119,127.4526863,,전용주,042-271-4871,대전광역시 동구청,2023-12-01
상소동180,1,,대전광역시 동구 상소동 1039,36.23523747,127.4538585,,한전주,042-271-4871,대전광역시 동구청,2023-12-01
상소동181,1,,대전광역시 동구 상소동 812-2,36.2333781,127.4536179,,한전주,042-271-4871,대전광역시 동구청,2023-12-01
상소동182,1,,대전광역시 동구 상소동 399-7,36.22467715,127.446826,,한전주,042-271-4871,대전광역시 동구청,2023-12-01
성남동001,1,,대전광역시 동구 성남동 71-4,36.33887682,127.4368591,,한전주,042-271-4871,대전광역시 동구청,2023-12-01
성남동002,1,,대전광역시 동구 성남동 78-23,36.33888381,127.4366234,,한전주,042-271-4871,대전광역시 동구청,2023-12-01
성남동003,1,,대전광역시 동구 성남동 78-18,36.33893703,127.4362642,,한전주,042-271-4871,대전광역시 동구청,2023-12-01
성남동004,1,,대전광역시 동구 성남동 512,36.34686473,127.4330127,,전용주,042-271-4871,대전광역시 동구청,2023-12-01
성남동005,1,,대전광역시 동구 성남동 78-31,36.33929093,127.4358185,,한전주,042-271-4871,대전광역시 동구청,2023-12-01
성남동006,1,,대전광역시 동구 성남동 43-12,36.34346017,127.4346162,,전용주,042-271-4871,대전광역시 동구청,2023-12-01
성남동007,1,,대전광역시 동구 성남동 77-6,36.33980226,127.4352965,,한전주,042-271-4871,대전광역시 동구청,2023-12-01
성남동008,1,,대전광역시 동구 성남동 72-9,36.33941551,127.4358318,,한전주,042-271-4871,대전광역시 동구청,2023-12-01
성남동009,1,,대전광역시 동구 성남동 72-35,36.33927183,127.4364103,,한전주,042-271-4871,대전광역시 동구청,2023-12-01
성남동010,1,,대전광역시 동구 성남동 72-20,36.33943894,127.4362518,,한전주,042-271-4871,대전광역시 동구청,2023-12-01
성남동012,1,,대전광역시 동구 성남동 52-5,36.34091075,127.434987,,전용주,042-271-4871,대전광역시 동구청,2023-12-01
성남동013,1,,대전광역시 동구 성남동 51,36.34092911,127.4353906,,건축물,042-271-4871,대전광역시 동구청,2023-12-01
성남동014,1,,대전광역시 동구 성남동 157-6,36.34114172,127.4344921,,한전주,042-271-4871,대전광역시 동구청,2023-12-01
성남동015,1,,대전광역시 동구 성남동 157-6,36.34114172,127.4344921,,전용주,042-271-4871,대전광역시 동구청,2023-12-01
성남동016,1,,대전광역시 동구 성남동 158-7,36.3410782,127.4348115,,한전주,042-271-4871,대전광역시 동구청,2023-12-01
성남동017,1,,대전광역시 동구 성남동 160,36.34143146,127.4349858,,한전주,042-271-4871,대전광역시 동구청,2023-12-01
성남동018,1,,대전광역시 동구 성남동 162-2,36.34181198,127.4349718,,한전주,042-271-4871,대전광역시 동구청,2023-12-01
성남동019,1,,대전광역시 동구 성남동 158-3,36.34139856,127.4346908,,한전주,042-271-4871,대전광역시 동구청,2023-12-01
성남동020,1,,대전광역시 동구 성남동 162-8,36.34189551,127.4344299,,한전주,042-271-4871,대전광역시 동구청,2023-12-01
성남동021,1,,대전광역시 동구 성남동 168-12,36.34201591,127.434281,,한전주,042-271-4871,대전광역시 동구청,2023-12-01
성남동022,1,,대전광역시 동구 성남동 157-6,36.34114172,127.4344921,,한전주,042-271-4871,대전광역시 동구청,2023-12-01
성남동023,1,,대전광역시 동구 성남동 157-6,36.34114172,127.4344921,,전용주,042-271-4871,대전광역시 동구청,2023-12-01
성남동024,1,,대전광역시 동구 성남동 157-6,36.34114172,127.4344921,,전용주,042-271-4871,대전광역시 동구청,2023-12-01
성남동025,1,,대전광역시 동구 성남동 158-4,36.34188826,127.4342402,,전용주,042-271-4871,대전광역시 동구청,2023-12-01
성남동026,1,,대전광역시 동구 성남동 54-2,36.3405613,127.4361102,,한전주,042-271-4871,대전광역시 동구청,2023-12-01
성남동027,1,,대전광역시 동구 성남동 63-2,36.34057544,127.436539,,한전주,042-271-4871,대전광역시 동구청,2023-12-01
성남동028,1,,대전광역시 동구 성남동 62-6,36.34066495,127.4369782,,한전주,042-271-4871,대전광역시 동구청,2023-12-01
성남동029,1,,대전광역시 동구 성남동 63-7,36.34040158,127.4367195,,한전주,042-271-4871,대전광역시 동구청,2023-12-01
성남동030,1,,대전광역시 동구 성남동 58-1,36.34150314,127.4364089,,한전주,042-271-4871,대전광역시 동구청,2023-12-01
성남동031,1,,대전광역시 동구 성남동 58-1,36.34150314,127.4364089,,전용주,042-271-4871,대전광역시 동구청,2023-12-01
성남동032,1,,대전광역시 동구 성남동 17-6,36.3422135,127.4383283,,한전주,042-271-4871,대전광역시 동구청,2023-12-01
성남동033,1,,대전광역시 동구 성남동 17-11,36.34246932,127.4382554,,한전주,042-271-4871,대전광역시 동구청,2023-12-01
성남동034,1,,대전광역시 동구 성남동 18-19,36.34252738,127.4379215,,전용주,042-271-4871,대전광역시 동구청,2023-12-01
성남동035,1,,대전광역시 동구 성남동 20-13,36.34227672,127.4375625,,한전주,042-271-4871,대전광역시 동구청,2023-12-01
성남동036,1,,대전광역시 동구 성남동 18-16,36.34250077,127.4374358,,건축물,042-271-4871,대전광역시 동구청,2023-12-01
성남동037,1,,대전광역시 동구 성남동 20-16,36.34215185,127.4377528,,한전주,042-271-4871,대전광역시 동구청,2023-12-01
성남동038,1,,대전광역시 동구 성남동 33-10,36.34199863,127.4375606,,한전주,042-271-4871,대전광역시 동구청,2023-12-01
성남동039,1,,대전광역시 동구 성남동 33-10,36.34199863,127.4375606,,한전주,042-271-4871,대전광역시 동구청,2023-12-01
성남동040,1,,대전광역시 동구 성남동 20-12,36.34194138,127.4371144,,한전주,042-271-4871,대전광역시 동구청,2023-12-01
성남동041,1,,대전광역시 동구 성남동 20-12,36.34194138,127.4371144,,한전주,042-271-4871,대전광역시 동구청,2023-12-01
성남동042,1,,대전광역시 동구 성남동 59-9,36.34157954,127.4367351,,한전주,042-271-4871,대전광역시 동구청,2023-12-01
성남동043,1,,대전광역시 동구 성남동 59-24,36.34162122,127.4363035,,한전주,042-271-4871,대전광역시 동구청,2023-12-01
성남동044,1,,대전광역시 동구 성남동 20-12,36.34194138,127.4371144,,한전주,042-271-4871,대전광역시 동구청,2023-12-01
성남동045,1,,대전광역시 동구 성남동 47-53,36.34175306,127.4359084,,한전주,042-271-4871,대전광역시 동구청,2023-12-01
성남동046,1,,대전광역시 동구 성남동 31-5,36.34183451,127.4361588,,한전주,042-271-4871,대전광역시 동구청,2023-12-01
성남동047,1,,대전광역시 동구 성남동 31-7,36.34222326,127.4361138,,한전주,042-271-4871,대전광역시 동구청,2023-12-01
성남동048,1,,대전광역시 동구 성남동 34-8,36.3426675,127.4366542,,한전주,042-271-4871,대전광역시 동구청,2023-12-01
성남동049,1,,대전광역시 동구 성남동 9-146,36.3438909,127.4363567,,전용주,042-271-4871,대전광역시 동구청,2023-12-01
성남동050,1,,대전광역시 동구 성남동 33-8,36.34216677,127.4371701,,한전주,042-271-4871,대전광역시 동구청,2023-12-01
성남동051,1,,대전광역시 동구 성남동 18-5,36.34256707,127.4371225,,한전주,042-271-4871,대전광역시 동구청,2023-12-01
성남동052,1,,대전광역시 동구 성남동 35-18,36.34283961,127.4370411,,한전주,042-271-4871,대전광역시 동구청,2023-12-01
성남동053,1,,대전광역시 동구 성남동 37,36.3428987,127.4366538,,한전주,042-271-4871,대전광역시 동구청,2023-12-01
성남동054,1,,대전광역시 동구 성남동 34-8,36.3426675,127.4366542,,한전주,042-271-4871,대전광역시 동구청,2023-12-01
성남동055,1,,대전광역시 동구 성남동 17-1,36.34262839,127.4383662,,한전주,042-271-4871,대전광역시 동구청,2023-12-01
성남동056,1,,대전광역시 동구 성남동 35-53,36.34271849,127.4380511,,한전주,042-271-4871,대전광역시 동구청,2023-12-01
성남동058,1,,대전광역시 동구 성남동 12-42,36.34310195,127.4383439,,전용주,042-271-4871,대전광역시 동구청,2023-12-01
성남동059,1,,대전광역시 동구 성남동 12-57,36.34353832,127.4385111,,한전주,042-271-4871,대전광역시 동구청,2023-12-01
성남동060,1,,대전광역시 동구 성남동 12-56,36.34364911,127.4384992,,전용주,042-271-4871,대전광역시 동구청,2023-12-01
성남동061,1,,대전광역시 동구 성남동 35-14,36.34269759,127.4377048,,한전주,042-271-4871,대전광역시 동구청,2023-12-01
성남동062,1,,대전광역시 동구 성남동 35-15,36.34271439,127.4374989,,한전주,042-271-4871,대전광역시 동구청,2023-12-01
성남동063,1,,대전광역시 동구 성남동 35-18,36.34283961,127.4370411,,한전주,042-271-4871,대전광역시 동구청,2023-12-01
성남동064,1,,대전광역시 동구 성남동 12-159,36.34307313,127.4380784,,한전주,042-271-4871,대전광역시 동구청,2023-12-01
성남동065,1,,대전광역시 동구 성남동 35-8,36.34296385,127.4375187,,한전주,042-271-4871,대전광역시 동구청,2023-12-01
성남동066,1,,대전광역시 동구 성남동 35-5,36.34317067,127.4376912,,한전주,042-271-4871,대전광역시 동구청,2023-12-01
성남동067,1,,대전광역시 동구 성남동 35-32,36.3434288,127.4377059,,한전주,042-271-4871,대전광역시 동구청,2023-12-01
성남동068,1,,대전광역시 동구 성남동 12-46,36.34354723,127.4373806,,한전주,042-271-4871,대전광역시 동구청,2023-12-01
성남동069,1,,대전광역시 동구 성남동 12-15,36.34340432,127.4372038,,한전주,042-271-4871,대전광역시 동구청,2023-12-01
성남동070,1,,대전광역시 동구 성남동 12-189,36.34317518,127.4370978,,전용주,042-271-4871,대전광역시 동구청,2023-12-01
성남동071,1,,대전광역시 동구 성남동 37-29,36.34364298,127.4370491,,한전주,042-271-4871,대전광역시 동구청,2023-12-01
성남동072,1,,대전광역시 동구 성남동 12-13,36.34358507,127.4371219,,한전주,042-271-4871,대전광역시 동구청,2023-12-01
성남동073,1,,대전광역시 동구 성남동 12-248,36.34374817,127.4373276,,전용주,042-271-4871,대전광역시 동구청,2023-12-01
성남동074,1,,대전광역시 동구 성남동 12-20,36.34370211,127.4378588,,한전주,042-271-4871,대전광역시 동구청,2023-12-01
성남동075,1,,대전광역시 동구 성남동 12-201,36.34383611,127.4382766,,전용주,042-271-4871,대전광역시 동구청,2023-12-01
성남동076,1,,대전광역시 동구 성남동 12-95,36.34395792,127.4378171,,한전주,042-271-4871,대전광역시 동구청,2023-12-01
성남동077,1,,대전광역시 동구 성남동 12,36.34406276,127.4381772,,한전주,042-271-4871,대전광역시 동구청,2023-12-01
성남동078,1,,대전광역시 동구 성남동 12-75,36.34442513,127.4382259,,건축물,042-271-4871,대전광역시 동구청,2023-12-01
성남동079,1,,대전광역시 동구 성남동 12-101,36.34405105,127.4385948,,한전주,042-271-4871,대전광역시 동구청,2023-12-01
성남동080,1,,대전광역시 동구 성남동 12-202,36.34390398,127.4383977,,한전주,042-271-4871,대전광역시 동구청,2023-12-01
성남동081,1,,대전광역시 동구 성남동 12-83,36.34436402,127.4376133,,한전주,042-271-4871,대전광역시 동구청,2023-12-01
성남동082,1,,대전광역시 동구 성남동 11-4,36.3443496,127.4387939,,한전주,042-271-4871,대전광역시 동구청,2023-12-01
성남동083,1,,대전광역시 동구 성남동 12-102,36.34396627,127.4387858,,한전주,042-271-4871,대전광역시 동구청,2023-12-01
성남동084,1,,대전광역시 동구 성남동 13-3,36.34351047,127.438831,,한전주,042-271-4871,대전광역시 동구청,2023-12-01
성남동085,1,,대전광역시 동구 성남동 12-85,36.34447478,127.4377328,,한전주,042-271-4871,대전광역시 동구청,2023-12-01
성남동086,1,,대전광역시 동구 성남동 12-169,36.34431026,127.4379453,,한전주,042-271-4871,대전광역시 동구청,2023-12-01
성남동087,1,,대전광역시 동구 성남동 12-92,36.34407207,127.4376543,,한전주,042-271-4871,대전광역시 동구청,2023-12-01
성남동088,1,,대전광역시 동구 성남동 9-193,36.34432868,127.4371973,,한전주,042-271-4871,대전광역시 동구청,2023-12-01
성남동090,1,,대전광역시 동구 성남동 9-25,36.34399519,127.4369167,,전용주,042-271-4871,대전광역시 동구청,2023-12-01
성남동092,1,,대전광역시 동구 성남동 37-15,36.34360039,127.4366939,,한전주,042-271-4871,대전광역시 동구청,2023-12-01
성남동093,1,,대전광역시 동구 성남동 9-2,36.34348008,127.4363261,,한전주,042-271-4871,대전광역시 동구청,2023-12-01
성남동094,1,,대전광역시 동구 성남동 9-88,36.34329228,127.4361017,,한전주,042-271-4871,대전광역시 동구청,2023-12-01
성남동095,1,,대전광역시 동구 성남동 9-49,36.34332077,127.4356316,,한전주,042-271-4871,대전광역시 동구청,2023-12-01
성남동096,1,,대전광역시 동구 성남동 35-74,36.34304723,127.4366178,,한전주,042-271-4871,대전광역시 동구청,2023-12-01
성남동098,1,,대전광역시 동구 성남동 37-40,36.34283311,127.4357857,,전용주,042-271-4871,대전광역시 동구청,2023-12-01
성남동099,1,,대전광역시 동구 성남동 42-2,36.34265416,127.4357797,,한전주,042-271-4871,대전광역시 동구청,2023-12-01
성남동100,1,,대전광역시 동구 성남동 40-2,36.34248686,127.4359905,,한전주,042-271-4871,대전광역시 동구청,2023-12-01
성남동101,1,,대전광역시 동구 성남동 41-2,36.34269559,127.4361829,,한전주,042-271-4871,대전광역시 동구청,2023-12-01
성남동102,1,,대전광역시 동구 성남동 20-12,36.34194138,127.4371144,,한전주,042-271-4871,대전광역시 동구청,2023-12-01
성남동103,1,,대전광역시 동구 성남동 474-1,36.34296267,127.4358099,,건축물,042-271-4871,대전광역시 동구청,2023-12-01
성남동104,1,,대전광역시 동구 성남동 44-9,36.3430104,127.4354583,,한전주,042-271-4871,대전광역시 동구청,2023-12-01
성남동105,1,,대전광역시 동구 성남동 44-29,36.34316315,127.4353837,,한전주,042-271-4871,대전광역시 동구청,2023-12-01
성남동106,1,,대전광역시 동구 성남동 43-99,36.34344545,127.4351704,,건축물,042-271-4871,대전광역시 동구청,2023-12-01
성남동107,1,,대전광역시 동구 성남동 43-77,36.3436756,127.4350501,,한전주,042-271-4871,대전광역시 동구청,2023-12-01
성남동108,1,,대전광역시 동구 성남동 43-106,36.34361175,127.4353341,,한전주,042-271-4871,대전광역시 동구청,2023-12-01
성남동109,1,,대전광역시 동구 성남동 43-69,36.34386302,127.4349556,,한전주,042-271-4871,대전광역시 동구청,2023-12-01
성남동110,1,,대전광역시 동구 성남동 43-78,36.34394948,127.4350963,,한전주,042-271-4871,대전광역시 동구청,2023-12-01
성남동113,1,,대전광역시 동구 성남동 166-89,36.34441559,127.4346184,,한전주,042-271-4871,대전광역시 동구청,2023-12-01
성남동114,1,,대전광역시 동구 성남동 200-280,36.34449425,127.4343244,,한전주,042-271-4871,대전광역시 동구청,2023-12-01
성남동115,1,,대전광역시 동구 성남동 166-85,36.34448922,127.4347151,,전용주,042-271-4871,대전광역시 동구청,2023-12-01
성남동116,1,,대전광역시 동구 성남동 43-84,36.34441392,127.4353731,,한전주,042-271-4871,대전광역시 동구청,2023-12-01
성남동117,1,,대전광역시 동구 성남동 43-90,36.34416986,127.4350087,,한전주,042-271-4871,대전광역시 동구청,2023-12-01
성남동118,1,,대전광역시 동구 성남동 43-89,36.34415509,127.4351801,,한전주,042-271-4871,대전광역시 동구청,2023-12-01
성남동119,1,,대전광역시 동구 성남동 43-87,36.34411749,127.4354837,,한전주,042-271-4871,대전광역시 동구청,2023-12-01
성남동120,1,,대전광역시 동구 성남동 43-28,36.34366701,127.4355037,,한전주,042-271-4871,대전광역시 동구청,2023-12-01
성남동121,1,,대전광역시 동구 성남동 44-2,36.34336887,127.4354867,,건축물,042-271-4871,대전광역시 동구청,2023-12-01
성남동122,1,,대전광역시 동구 성남동 44-28,36.34328342,127.4355152,,전용주,042-271-4871,대전광역시 동구청,2023-12-01
성남동123,1,,대전광역시 동구 성남동 9-277,36.34352295,127.4361345,,전용주,042-271-4871,대전광역시 동구청,2023-12-01
성남동124,1,,대전광역시 동구 성남동 9-148,36.34375872,127.4363022,,전용주,042-271-4871,대전광역시 동구청,2023-12-01
성남동125,1,,대전광역시 동구 성남동 9-82,36.34380536,127.4360664,,전용주,042-271-4871,대전광역시 동구청,2023-12-01
성남동126,1,,대전광역시 동구 성남동 9-91,36.34398707,127.4358353,,한전주,042-271-4871,대전광역시 동구청,2023-12-01
성남동127,1,,대전광역시 동구 성남동 43-105,36.3444413,127.4357487,,한전주,042-271-4871,대전광역시 동구청,2023-12-01
성남동128,1,,대전광역시 동구 성남동 9-170,36.3441445,127.4360326,,한전주,042-271-4871,대전광역시 동구청,2023-12-01
성남동129,1,,대전광역시 동구 성남동 9-64,36.34431739,127.4362441,,한전주,042-271-4871,대전광역시 동구청,2023-12-01
성남동130,1,,대전광역시 동구 성남동 9-70,36.3441179,127.4366292,,한전주,042-271-4871,대전광역시 동구청,2023-12-01
성남동131,1,,대전광역시 동구 성남동 9-76,36.34413422,127.4369232,,전용주,042-271-4871,대전광역시 동구청,2023-12-01
성남동132,1,,대전광역시 동구 성남동 9-195,36.34432702,127.4370099,,전용주,042-271-4871,대전광역시 동구청,2023-12-01
성남동133,1,,대전광역시 동구 성남동 9-198,36.34458494,127.4370352,,한전주,042-271-4871,대전광역시 동구청,2023-12-01
성남동134,1,,대전광역시 동구 성남동 9-54,36.34441341,127.4364772,,전용주,042-271-4871,대전광역시 동구청,2023-12-01
성남동135,1,,대전광역시 동구 성남동 9-56,36.34441065,127.4366908,,전용주,042-271-4871,대전광역시 동구청,2023-12-01
성남동143,1,,대전광역시 동구 성남동 216-432,36.34623414,127.4363292,,한전주,042-271-4871,대전광역시 동구청,2023-12-01
성남동166,1,,대전광역시 동구 성남동 1-221,36.34629184,127.4366946,,한전주,042-271-4871,대전광역시 동구청,2023-12-01
성남동167,1,,대전광역시 동구 성남동 499-1,36.34685596,127.4371899,,전용주,042-271-4871,대전광역시 동구청,2023-12-01
성남동170,1,,대전광역시 동구 성남동 1-159,36.34617114,127.4377125,,한전주,042-271-4871,대전광역시 동구청,2023-12-01
성남동184,1,,대전광역시 동구 성남동 499-1,36.34685596,127.4371899,,한전주,042-271-4871,대전광역시 동구청,2023-12-01
성남동185,1,,대전광역시 동구 성남동 498-21,36.34706306,127.4377283,,한전주,042-271-4871,대전광역시 동구청,2023-12-01
성남동186,1,,대전광역시 동구 성남동 498-6,36.34746337,127.4377502,,한전주,042-271-4871,대전광역시 동구청,2023-12-01
성남동187,1,,대전광역시 동구 성남동 498-5,36.34756127,127.4377681,,한전주,042-271-4871,대전광역시 동구청,2023-12-01
성남동188,1,,대전광역시 동구 성남동 495-31,36.34805655,127.4378407,,한전주,042-271-4871,대전광역시 동구청,2023-12-01
성남동189,1,,대전광역시 동구 성남동 495-30,36.34806436,127.4376788,,전용주,042-271-4871,대전광역시 동구청,2023-12-01
성남동190,1,,대전광역시 동구 성남동 495-6,36.34819792,127.4377264,,한전주,042-271-4871,대전광역시 동구청,2023-12-01
성남동191,1,,대전광역시 동구 성남동 510,36.34774364,127.4355267,,한전주,042-271-4871,대전광역시 동구청,2023-12-01
성남동192,1,,대전광역시 동구 성남동 494-16,36.34874802,127.4377444,,한전주,042-271-4871,대전광역시 동구청,2023-12-01
성남동193,1,,대전광역시 동구 성남동 494-1,36.34853541,127.436445,,한전주,042-271-4871,대전광역시 동구청,2023-12-01
성남동194,1,,대전광역시 동구 성남동 494-13,36.34830675,127.4366755,,한전주,042-271-4871,대전광역시 동구청,2023-12-01
성남동195,1,,대전광역시 동구 성남동 494-13,36.34830675,127.4366755,,한전주,042-271-4871,대전광역시 동구청,2023-12-01
성남동196,1,,대전광역시 동구 성남동 494-12,36.34839017,127.4368545,,한전주,042-271-4871,대전광역시 동구청,2023-12-01
성남동197,1,,대전광역시 동구 성남동 494-11,36.34857851,127.4373016,,한전주,042-271-4871,대전광역시 동구청,2023-12-01
성남동198,1,,대전광역시 동구 성남동 495-37,36.34817816,127.4373636,,한전주,042-271-4871,대전광역시 동구청,2023-12-01
성남동199,1,,대전광역시 동구 성남동 495-4,36.34843617,127.4378299,,한전주,042-271-4871,대전광역시 동구청,2023-12-01
성남동200,1,,대전광역시 동구 성남동 498-41,36.34747556,127.4375972,,전용주,042-271-4871,대전광역시 동구청,2023-12-01
성남동201,1,,대전광역시 동구 성남동 495-9,36.34783115,127.4373543,,한전주,042-271-4871,대전광역시 동구청,2023-12-01
성남동202,1,,대전광역시 동구 성남동 498-3,36.34756081,127.4372531,,한전주,042-271-4871,대전광역시 동구청,2023-12-01
성남동203,1,,대전광역시 동구 성남동 495-20,36.34802095,127.4372264,,한전주,042-271-4871,대전광역시 동구청,2023-12-01
성남동204,1,,대전광역시 동구 성남동 498-45,36.34739191,127.4370846,,전용주,042-271-4871,대전광역시 동구청,2023-12-01
성남동205,1,,대전광역시 동구 성남동 510,36.34774364,127.4355267,,전용주,042-271-4871,대전광역시 동구청,2023-12-01
성남동206,1,,대전광역시 동구 성남동 498-1,36.34757835,127.4366697,,한전주,042-271-4871,대전광역시 동구청,2023-12-01
성남동207,1,,대전광역시 동구 성남동 497-45,36.34762216,127.4364442,,한전주,042-271-4871,대전광역시 동구청,2023-12-01
성남동208,1,,대전광역시 동구 성남동 497-31,36.34785884,127.436411,,한전주,042-271-4871,대전광역시 동구청,2023-12-01
성남동209,1,,대전광역시 동구 성남동 497-34,36.34745382,127.4364188,,한전주,042-271-4871,대전광역시 동구청,2023-12-01
성남동210,1,,대전광역시 동구 성남동 497-55,36.34710469,127.4363008,,한전주,042-271-4871,대전광역시 동구청,2023-12-01
성남동211,1,,대전광역시 동구 성남동 497-55,36.34710469,127.4363008,,한전주,042-271-4871,대전광역시 동구청,2023-12-01
성남동212,1,,대전광역시 동구 성남동 498-24,36.34708587,127.4368875,,한전주,042-271-4871,대전광역시 동구청,2023-12-01
성남동213,1,,대전광역시 동구 성남동 498-31,36.34707916,127.4372444,,한전주,042-271-4871,대전광역시 동구청,2023-12-01
성남동214,1,,대전광역시 동구 성남동 498-49,36.34706212,127.4373947,,한전주,042-271-4871,대전광역시 동구청,2023-12-01
성남동215,1,,대전광역시 동구 성남동 499-5,36.34666377,127.4368115,,전용주,042-271-4871,대전광역시 동구청,2023-12-01
성남동216,1,,대전광역시 동구 성남동 500-29,36.34661844,127.4363696,,한전주,042-271-4871,대전광역시 동구청,2023-12-01
성남동217,1,,대전광역시 동구 성남동 500-26,36.34642381,127.436213,,한전주,042-271-4871,대전광역시 동구청,2023-12-01
성남동218,1,,대전광역시 동구 성남동 500-35,36.34644467,127.4356344,,한전주,042-271-4871,대전광역시 동구청,2023-12-01
성남동219,1,,대전광역시 동구 성남동 500-34,36.34644945,127.4354587,,한전주,042-271-4871,대전광역시 동구청,2023-12-01
성남동220,1,,대전광역시 동구 성남동 501-20,36.34645372,127.4349312,,한전주,042-271-4871,대전광역시 동구청,2023-12-01
성남동221,1,,대전광역시 동구 성남동 501-4,36.34706392,127.4346041,,한전주,042-271-4871,대전광역시 동구청,2023-12-01
성남동222,1,,대전광역시 동구 성남동 500-16,36.34693657,127.4354006,,한전주,042-271-4871,대전광역시 동구청,2023-12-01
성남동223,1,,대전광역시 동구 성남동 497-9,36.34716768,127.4360791,,한전주,042-271-4871,대전광역시 동구청,2023-12-01
성남동224,1,,대전광역시 동구 성남동 497-2,36.34765204,127.4355902,,한전주,042-271-4871,대전광역시 동구청,2023-12-01
성남동225,1,,대전광역시 동구 성남동 497-23,36.34766664,127.4356899,,한전주,042-271-4871,대전광역시 동구청,2023-12-01
성남동226,1,,대전광역시 동구 성남동 497-53,36.34780326,127.4359852,,한전주,042-271-4871,대전광역시 동구청,2023-12-01
성남동227,1,,대전광역시 동구 성남동 497-4,36.34797192,127.4364169,,한전주,042-271-4871,대전광역시 동구청,2023-12-01
성남동228,1,,대전광역시 동구 성남동 497-39,36.34744395,127.4360641,,한전주,042-271-4871,대전광역시 동구청,2023-12-01
성남동229,1,,대전광역시 동구 성남동 501-7,36.34646286,127.434773,,한전주,042-271-4871,대전광역시 동구청,2023-12-01
성남동230,1,,대전광역시 동구 성남동 501-32,36.34652329,127.4343353,,한전주,042-271-4871,대전광역시 동구청,2023-12-01
성남동232,1,,대전광역시 동구 성남동 520,36.34627059,127.4349353,,한전주,042-271-4871,대전광역시 동구청,2023-12-01
성남동233,1,,대전광역시 동구 성남동 520,36.34627059,127.4349353,,한전주,042-271-4871,대전광역시 동구청,2023-12-01
성남동234,1,,대전광역시 동구 성남동 504-30,36.34624364,127.4331974,,한전주,042-271-4871,대전광역시 동구청,2023-12-01
성남동236,1,,대전광역시 동구 성남동 504-51,36.34668095,127.4327577,,한전주,042-271-4871,대전광역시 동구청,2023-12-01
성남동237,1,,대전광역시 동구 성남동 504-45,36.34689502,127.4333696,,한전주,042-271-4871,대전광역시 동구청,2023-12-01
성남동238,1,,대전광역시 동구 성남동 503-13,36.34708581,127.4331914,,한전주,042-271-4871,대전광역시 동구청,2023-12-01
성남동239,1,,대전광역시 동구 성남동 503-7,36.34724237,127.4337305,,한전주,042-271-4871,대전광역시 동구청,2023-12-01
성남동240,1,,대전광역시 동구 성남동 501-23,36.34698503,127.4341426,,한전주,042-271-4871,대전광역시 동구청,2023-12-01
성남동241,1,,대전광역시 동구 성남동 501-10,36.34679394,127.4342297,,한전주,042-271-4871,대전광역시 동구청,2023-12-01
성남동242,1,,대전광역시 동구 성남동 503-6,36.34750465,127.4336471,,한전주,042-271-4871,대전광역시 동구청,2023-12-01
성남동243,1,,대전광역시 동구 성남동 501-13,36.3471712,127.4342218,,한전주,042-271-4871,대전광역시 동구청,2023-12-01
성남동244,1,,대전광역시 동구 성남동 501-14,36.34722001,127.4343304,,전용주,042-271-4871,대전광역시 동구청,2023-12-01
성남동245,1,,대전광역시 동구 성남동 502-10,36.34754807,127.4345702,,한전주,042-271-4871,대전광역시 동구청,2023-12-01
성남동246,1,,대전광역시 동구 성남동 502-26,36.34760657,127.4346883,,한전주,042-271-4871,대전광역시 동구청,2023-12-01
성남동247,1,,대전광역시 동구 성남동 505-8,36.34663413,127.4320003,,한전주,042-271-4871,대전광역시 동구청,2023-12-01
성남동248,1,,대전광역시 동구 성남동 209-6,36.34618449,127.4317634,,한전주,042-271-4871,대전광역시 동구청,2023-12-01
성남동249,1,,대전광역시 동구 성남동 505-18,36.34598294,127.4312525,,건축물,042-271-4871,대전광역시 동구청,2023-12-01
성남동250,1,,대전광역시 동구 성남동 513,36.34468566,127.4300300287,,한전주,042-271-4871,대전광역시 동구청,2023-12-01
성남동251,1,,대전광역시 동구 성남동 506-21,36.34558637,127.430918,,한전주,042-271-4871,대전광역시 동구청,2023-12-01
성남동252,1,,대전광역시 동구 성남동 506-33,36.34542871,127.4306557,,한전주,042-271-4871,대전광역시 동구청,2023-12-01
성남동253,1,,대전광역시 동구 성남동 506-53,36.34532724,127.4304539,,한전주,042-271-4871,대전광역시 동구청,2023-12-01
성남동254,1,,대전광역시 동구 성남동 507-10,36.34528118,127.4301072,,한전주,042-271-4871,대전광역시 동구청,2023-12-01
성남동255,1,,대전광역시 동구 성남동 195-117,36.34475512,127.4305703,,한전주,042-271-4871,대전광역시 동구청,2023-12-01
성남동256,1,,대전광역시 동구 성남동 506-36,36.34519204,127.4307848,,한전주,042-271-4871,대전광역시 동구청,2023-12-01
성남동257,1,,대전광역시 동구 성남동 506-34,36.34529869,127.4306989,,한전주,042-271-4871,대전광역시 동구청,2023-12-01
성남동258,1,,대전광역시 동구 성남동 195-39,36.34522279,127.4312551,,한전주,042-271-4871,대전광역시 동구청,2023-12-01
성남동259,1,,대전광역시 동구 성남동 197-3,36.3455347,127.4312767,,한전주,042-271-4871,대전광역시 동구청,2023-12-01
성남동260,1,,대전광역시 동구 성남동 195-36,36.34512773,127.4313525,,한전주,042-271-4871,대전광역시 동구청,2023-12-01
성남동261,1,,대전광역시 동구 성남동 198-18,36.3452331,127.4314957,,한전주,042-271-4871,대전광역시 동구청,2023-12-01
성남동262,1,,대전광역시 동구 성남동 198-29,36.34549399,127.4315188,,한전주,042-271-4871,대전광역시 동구청,2023-12-01
성남동263,1,,대전광역시 동구 성남동 198-1,36.34565465,127.4318994,,한전주,042-271-4871,대전광역시 동구청,2023-12-01
성남동264,1,,대전광역시 동구 성남동 209-17,36.3459133,127.4317952,,전용주,042-271-4871,대전광역시 동구청,2023-12-01
성남동265,1,,대전광역시 동구 성남동 209-5,36.34620048,127.4319262,,한전주,042-271-4871,대전광역시 동구청,2023-12-01
성남동266,1,,대전광역시 동구 성남동 205-18,36.34618646,127.4323643,,한전주,042-271-4871,대전광역시 동구청,2023-12-01
성남동267,1,,대전광역시 동구 성남동 205-26,36.34606166,127.4321631,,한전주,042-271-4871,대전광역시 동구청,2023-12-01
성남동268,1,,대전광역시 동구 성남동 205-43,36.34586496,127.4323297,,한전주,042-271-4871,대전광역시 동구청,2023-12-01
성남동269,1,,대전광역시 동구 성남동 205-161,36.34560034,127.4324629,,한전주,042-271-4871,대전광역시 동구청,2023-12-01
성남동270,1,,대전광역시 동구 성남동 205-400,36.34564128,127.432062,,전용주,042-271-4871,대전광역시 동구청,2023-12-01
성남동271,1,,대전광역시 동구 성남동 205-173,36.34526956,127.4326512,,한전주,042-271-4871,대전광역시 동구청,2023-12-01
성남동272,1,,대전광역시 동구 성남동 205-115,36.34533554,127.4328482,,한전주,042-271-4871,대전광역시 동구청,2023-12-01
성남동273,1,,대전광역시 동구 성남동 199-15,36.34504858,127.4328044,,한전주,042-271-4871,대전광역시 동구청,2023-12-01
성남동274,1,,대전광역시 동구 성남동 198-11,36.34534767,127.4323100016,,한전주,042-271-4871,대전광역시 동구청,2023-12-01
성남동275,1,,대전광역시 동구 성남동 198,36.3453097,127.4317934,,전용주,042-271-4871,대전광역시 동구청,2023-12-01
성남동276,1,,대전광역시 동구 성남동 198-33,36.3451833,127.4321088,,한전주,042-271-4871,대전광역시 동구청,2023-12-01
성남동277,1,,대전광역시 동구 성남동 198-33,36.3451833,127.4321088,,전용주,042-271-4871,대전광역시 동구청,2023-12-01
성남동278,1,,대전광역시 동구 성남동 200-225,36.34478141,127.4325982,,한전주,042-271-4871,대전광역시 동구청,2023-12-01
성남동279,1,,대전광역시 동구 성남동 200-210,36.34502421,127.433139,,한전주,042-271-4871,대전광역시 동구청,2023-12-01
성남동280,1,,대전광역시 동구 성남동 200-287,36.34469344,127.4332001,,전용주,042-271-4871,대전광역시 동구청,2023-12-01
성남동281,1,,대전광역시 동구 성남동 200-193,36.34431171,127.4334706,,건축물,042-271-4871,대전광역시 동구청,2023-12-01
성남동282,1,,대전광역시 동구 성남동 200-272,36.3443284,127.4329927,,한전주,042-271-4871,대전광역시 동구청,2023-12-01
성남동283,1,,대전광역시 동구 성남동 200-319,36.34468595,127.4327801,,한전주,042-271-4871,대전광역시 동구청,2023-12-01
성남동284,1,,대전광역시 동구 성남동 200-259,36.34476844,127.432719,,한전주,042-271-4871,대전광역시 동구청,2023-12-01
성남동285,1,,대전광역시 동구 성남동 200-186,36.344393,127.4332214,,한전주,042-271-4871,대전광역시 동구청,2023-12-01
성남동286,1,,대전광역시 동구 성남동 200-344,36.34466821,127.4321041,,전용주,042-271-4871,대전광역시 동구청,2023-12-01
성남동287,1,,대전광역시 동구 성남동 200-13,36.34443074,127.4325291,,한전주,042-271-4871,대전광역시 동구청,2023-12-01
성남동288,1,,대전광역시 동구 성남동 200-226,36.34464574,127.4325593,,한전주,042-271-4871,대전광역시 동구청,2023-12-01
성남동289,1,,대전광역시 동구 성남동 200-260,36.3444774,127.4321106,,전용주,042-271-4871,대전광역시 동구청,2023-12-01
성남동290,1,,대전광역시 동구 성남동 200-327,36.34414153,127.4327103,,건축물,042-271-4871,대전광역시 동구청,2023-12-01
성남동291,1,,대전광역시 동구 성남동 200-272,36.3443284,127.4329927,,전용주,042-271-4871,대전광역시 동구청,2023-12-01
성남동292,1,,대전광역시 동구 성남동 200-356,36.34405231,127.4322115,,한전주,042-271-4871,대전광역시 동구청,2023-12-01
성남동293,1,,대전광역시 동구 성남동 200-216,36.3435954,127.431468,,한전주,042-271-4871,대전광역시 동구청,2023-12-01
성남동294,1,,대전광역시 동구 성남동 200-35,36.34425851,127.4315126,,한전주,042-271-4871,대전광역시 동구청,2023-12-01
성남동295,1,,대전광역시 동구 성남동 200-32,36.34417472,127.4317799,,한전주,042-271-4871,대전광역시 동구청,2023-12-01
성남동296,1,,대전광역시 동구 성남동 200-369,36.34430534,127.432056,,한전주,042-271-4871,대전광역시 동구청,2023-12-01
성남동297,1,,대전광역시 동구 성남동 200-317,36.34472018,127.4316125,,한전주,042-271-4871,대전광역시 동구청,2023-12-01
성남동298,1,,대전광역시 동구 성남동 200-311,36.34481707,127.4316322,,한전주,042-271-4871,대전광역시 동구청,2023-12-01
성남동299,1,,대전광역시 동구 성남동 198-28,36.34498937,127.4318597,,한전주,042-271-4871,대전광역시 동구청,2023-12-01
성남동300,1,,대전광역시 동구 성남동 483,36.34414361,127.4313505,,한전주,042-271-4871,대전광역시 동구청,2023-12-01
성남동301,1,,대전광역시 동구 성남동 194-170,36.34343752,127.4306688,,한전주,042-271-4871,대전광역시 동구청,2023-12-01
성남동302,1,,대전광역시 동구 성남동 194-263,36.34380448,127.4306178,,전용주,042-271-4871,대전광역시 동구청,2023-12-01
성남동303,1,,대전광역시 동구 성남동 194-266,36.34380461,127.4308556,,한전주,042-271-4871,대전광역시 동구청,2023-12-01
성남동304,1,,대전광역시 동구 성남동 194-260,36.34400449,127.4305816,,한전주,042-271-4871,대전광역시 동구청,2023-12-01
성남동305,1,,대전광역시 동구 성남동 195-8,36.34420935,127.4309506,,한전주,042-271-4871,대전광역시 동구청,2023-12-01
성남동306,1,,대전광역시 동구 성남동 195-24,36.34457356,127.4309121,,한전주,042-271-4871,대전광역시 동구청,2023-12-01
성남동307,1,,대전광역시 동구 성남동 195-4,36.34465201,127.4308491,,한전주,042-271-4871,대전광역시 동구청,2023-12-01
성남동308,1,,대전광역시 동구 성남동 195-78,36.34489129,127.4310694,,전용주,042-271-4871,대전광역시 동구청,2023-12-01
성남동309,1,,대전광역시 동구 성남동 194-296,36.34387345,127.4312086,,건축물,042-271-4871,대전광역시 동구청,2023-12-01
성남동310,1,,대전광역시 동구 성남동 195-19,36.34414091,127.4306617,,전용주,042-271-4871,대전광역시 동구청,2023-12-01
성남동311,1,,대전광역시 동구 성남동 195-94,36.34408324,127.430886,,전용주,042-271-4871,대전광역시 동구청,2023-12-01
성남동312,1,,대전광역시 동구 성남동 195-105,36.34440454,127.4304014,,한전주,042-271-4871,대전광역시 동구청,2023-12-01
성남동313,1,,대전광역시 동구 성남동 194-280,36.34409272,127.4304711,,전용주,042-271-4871,대전광역시 동구청,2023-12-01
성남동314,1,,대전광역시 동구 성남동 194-309,36.34375412,127.4303474,,한전주,042-271-4871,대전광역시 동구청,2023-12-01
성남동315,1,,대전광역시 동구 성남동 194-302,36.34394288,127.4304219,,한전주,042-271-4871,대전광역시 동구청,2023-12-01
성남동316,1,,대전광역시 동구 성남동 194-173,36.34353088,127.430642,,한전주,042-271-4871,대전광역시 동구청,2023-12-01
성남동318,1,,대전광역시 동구 성남동 194-192,36.34445602,127.4302438,,한전주,042-271-4871,대전광역시 동구청,2023-12-01
성남동319,1,,대전광역시 동구 성남동 194-204,36.34430901,127.4297004,,한전주,042-271-4871,대전광역시 동구청,2023-12-01
성남동320,1,,대전광역시 동구 성남동 194-167,36.34442178,127.4298545,,한전주,042-271-4871,대전광역시 동구청,2023-12-01
성남동321,1,,대전광역시 동구 성남동 507-58,36.34485273,127.4301908,,한전주,042-271-4871,대전광역시 동구청,2023-12-01
성남동322,1,,대전광역시 동구 성남동 507-52,36.34493719,127.4297833,,한전주,042-271-4871,대전광역시 동구청,2023-12-01
성남동323,1,,대전광역시 동구 성남동 507-11,36.34517327,127.429993,,한전주,042-271-4871,대전광역시 동구청,2023-12-01
성남동324,1,,대전광역시 동구 성남동 507-41,36.34472228,127.4294027,,전용주,042-271-4871,대전광역시 동구청,2023-12-01
성남동325,1,,대전광역시 동구 성남동 507-35,36.34465816,127.4291897,,전용주,042-271-4871,대전광역시 동구청,2023-12-01
성남동326,1,,대전광역시 동구 성남동 507-28,36.34435196,127.4288327,,한전주,042-271-4871,대전광역시 동구청,2023-12-01
성남동327,1,,대전광역시 동구 성남동 194-282,36.34422507,127.4292876,,한전주,042-271-4871,대전광역시 동구청,2023-12-01
성남동328,1,,대전광역시 동구 성남동 507-51,36.34455336,127.4293395,,전용주,042-271-4871,대전광역시 동구청,2023-12-01
성남동329,1,,대전광역시 동구 성남동 194-168,36.34432449,127.4295815,,한전주,042-271-4871,대전광역시 동구청,2023-12-01
성남동330,1,,대전광역시 동구 성남동 508-42,36.34393051,127.4285998,,한전주,042-271-4871,대전광역시 동구청,2023-12-01
성남동331,1,,대전광역시 동구 성남동 508-64,36.34362366,127.4284722,,한전주,042-271-4871,대전광역시 동구청,2023-12-01
성남동332,1,,대전광역시 동구 성남동 508-43,36.34353059,127.4281403,,한전주,042-271-4871,대전광역시 동구청,2023-12-01
성남동333,1,,대전광역시 동구 성남동 508-37,36.34325235,127.4283791,,한전주,042-271-4871,대전광역시 동구청,2023-12-01
성남동334,1,,대전광역시 동구 성남동 508-30,36.34318823,127.4281415,,전용주,042-271-4871,대전광역시 동구청,2023-12-01
성남동337,1,,대전광역시 동구 성남동 508-48,36.34339301,127.4277546,,한전주,042-271-4871,대전광역시 동구청,2023-12-01
성남동338,1,,대전광역시 동구 성남동 508-27,36.34307478,127.428014,,한전주,042-271-4871,대전광역시 동구청,2023-12-01
성남동339,1,,대전광역시 동구 성남동 508-24,36.34292091,127.4282505,,한전주,042-271-4871,대전광역시 동구청,2023-12-01
성남동340,1,,대전광역시 동구 성남동 508-23,36.34295321,127.4283654,,한전주,042-271-4871,대전광역시 동구청,2023-12-01
성남동341,1,,대전광역시 동구 성남동 194-187,36.34267384,127.4285434,,한전주,042-271-4871,대전광역시 동구청,2023-12-01
성남동342,1,,대전광역시 동구 성남동 223-10,36.34259432,127.4289555,,한전주,042-271-4871,대전광역시 동구청,2023-12-01
성남동343,1,,대전광역시 동구 성남동 508-19,36.34316297,127.4285772,,한전주,042-271-4871,대전광역시 동구청,2023-12-01
성남동344,1,,대전광역시 동구 성남동 219-9,36.34331038,127.4290588,,한전주,042-271-4871,대전광역시 동구청,2023-12-01
성남동345,1,,대전광역시 동구 성남동 508-50,36.34381809,127.4288366,,한전주,042-271-4871,대전광역시 동구청,2023-12-01
성남동346,1,,대전광역시 동구 성남동 183-2,36.34076779,127.4307344,,한전주,042-271-4871,대전광역시 동구청,2023-12-01
성남동347,1,,대전광역시 동구 성남동 182-1,36.34100074,127.4310522,,한전주,042-271-4871,대전광역시 동구청,2023-12-01
성남동351,1,,대전광역시 동구 성남동 238-1,36.34355016,127.4246003,,한전주,042-271-4871,대전광역시 동구청,2023-12-01
성남동352,1,,대전광역시 동구 성남동 236-1,36.34354043,127.424829,,한전주,042-271-4871,대전광역시 동구청,2023-12-01
성남동353,1,,대전광역시 동구 성남동 236-3,36.34333505,127.4250044,,한전주,042-271-4871,대전광역시 동구청,2023-12-01
성남동358,1,,대전광역시 동구 성남동 16-11,36.34362356,127.4256768,,한전주,042-271-4871,대전광역시 동구청,2023-12-01
성남동359,1,,대전광역시 동구 성남동 236-8,36.3434466,127.4250598,,한전주,042-271-4871,대전광역시 동구청,2023-12-01
성남동360,1,,대전광역시 동구 성남동 16-1,36.34367898,127.4246634,,한전주,042-271-4871,대전광역시 동구청,2023-12-01
성남동361,1,,대전광역시 동구 성남동 194-299,36.34367134,127.4311783,,한전주,042-271-4871,대전광역시 동구청,2023-12-01
성남동362,1,,대전광역시 동구 성남동 206-2,36.34647168,127.4320875,,한전주,042-271-4871,대전광역시 동구청,2023-12-01
성남동363,1,,대전광역시 동구 성남동 195-110,36.34418056,127.431261,,전용주,042-271-4871,대전광역시 동구청,2023-12-01
성남동370,1,,대전광역시 동구 성남동 20-19,36.34231134,127.4368272,,한전주,042-271-4871,대전광역시 동구청,2023-12-01
성남동371,1,,대전광역시 동구 성남동 37-43,36.34284272,127.4364186,,전용주,042-271-4871,대전광역시 동구청,2023-12-01
성남동372,1,,대전광역시 동구 성남동 37-121,36.34310859,127.4366307,,한전주,042-271-4871,대전광역시 동구청,2023-12-01
성남동373,1,,대전광역시 동구 성남동 9-187,36.34378454,127.4366332,,한전주,042-271-4871,대전광역시 동구청,2023-12-01
성남동374,1,,대전광역시 동구 성남동 12-8,36.34398348,127.4371377,,한전주,042-271-4871,대전광역시 동구청,2023-12-01
성남동375,1,,대전광역시 동구 성남동 15-12,36.34289037,127.438609,,한전주,042-271-4871,대전광역시 동구청,2023-12-01
성남동376,1,,대전광역시 동구 성남동 15-12,36.34289037,127.438609,,한전주,042-271-4871,대전광역시 동구청,2023-12-01
성남동377,1,,대전광역시 동구 성남동 499-1,36.34685596,127.4371899,,한전주,042-271-4871,대전광역시 동구청,2023-12-01
성남동378,1,,대전광역시 동구 성남동 510,36.34774364,127.4355267,,한전주,042-271-4871,대전광역시 동구청,2023-12-01
성남동379,1,,대전광역시 동구 성남동 501-12,36.34710003,127.4340659,,한전주,042-271-4871,대전광역시 동구청,2023-12-01
성남동380,1,,대전광역시 동구 성남동 520,36.34627059,127.4349353,,한전주,042-271-4871,대전광역시 동구청,2023-12-01
성남동381,1,,대전광역시 동구 성남동 166-100,36.34433277,127.4343217,,전용주,042-271-4871,대전광역시 동구청,2023-12-01
성남동382,1,,대전광역시 동구 성남동 166-15,36.34417902,127.4347052,,한전주,042-271-4871,대전광역시 동구청,2023-12-01
성남동383,1,,대전광역시 동구 성남동 520,36.34627059,127.4349353,,한전주,042-271-4871,대전광역시 동구청,2023-12-01
성남동384,1,,대전광역시 동구 성남동 504-48,36.34666846,127.4331476,,전용주,042-271-4871,대전광역시 동구청,2023-12-01
성남동385,1,,대전광역시 동구 성남동 504-46,36.34677231,127.4334115,,한전주,042-271-4871,대전광역시 동구청,2023-12-01
성남동386,1,,대전광역시 동구 성남동 197-7,36.34577672,127.4312871,,한전주,042-271-4871,대전광역시 동구청,2023-12-01
성남동387,1,,대전광역시 동구 성남동 193-5,36.34394433,127.4293687,,한전주,042-271-4871,대전광역시 동구청,2023-12-01
성남동388,1,,대전광역시 동구 성남동 77-3,36.33930332,127.4354868,,전용주,042-271-4871,대전광역시 동구청,2023-12-01
성남동389,1,,대전광역시 동구 성남동 77-3,36.33930332,127.4354868,,한전주,042-271-4871,대전광역시 동구청,2023-12-01
성남동390,1,,대전광역시 동구 성남동 78-38,36.3390341,127.4361036,,한전주,042-271-4871,대전광역시 동구청,2023-12-01
성남동391,1,,대전광역시 동구 성남동 9-49,36.34332077,127.4356316,,한전주,042-271-4871,대전광역시 동구청,2023-12-01
성남동392,1,,대전광역시 동구 성남동 43,36.34362934,127.4356666,,전용주,042-271-4871,대전광역시 동구청,2023-12-01
성남동393,1,,대전광역시 동구 성남동 495-34,36.34792764,127.4378283,,한전주,042-271-4871,대전광역시 동구청,2023-12-01
성남동394,1,,대전광역시 동구 성남동 31-7,36.34222326,127.4361138,,한전주,042-271-4871,대전광역시 동구청,2023-12-01
성남동395,1,,대전광역시 동구 성남동 52-6,36.3408163,127.4353615,,전용주,042-271-4871,대전광역시 동구청,2023-12-01
성남동396,1,,대전광역시 동구 성남동 35-12,36.34297381,127.4368869,,한전주,042-271-4871,대전광역시 동구청,2023-12-01
성남동397,1,,대전광역시 동구 성남동 20-9,36.34228333,127.4372099,,전용주,042-271-4871,대전광역시 동구청,2023-12-01
세천동001,1,,대전광역시 동구 세천동 188-2,36.3347602,127.4827303,,전용주,042-271-4871,대전광역시 동구청,2023-12-01
세천동002,1,,대전광역시 동구 세천동 산67-19,36.33402873,127.4820843,,전용주,042-271-4871,대전광역시 동구청,2023-12-01
세천동003,1,,대전광역시 동구 세천동 190-4,36.33430817,127.4833848,,전용주,042-271-4871,대전광역시 동구청,2023-12-01
세천동004,1,,대전광역시 동구 세천동 190-7,36.33421822,127.4835817,,전용주,042-271-4871,대전광역시 동구청,2023-12-01
세천동005,1,,대전광역시 동구 세천동 산68-4,36.33358863,127.4842307,,전용주,042-271-4871,대전광역시 동구청,2023-12-01
세천동006,1,,대전광역시 동구 세천동 산68-4,36.33358863,127.4842307,,전용주,042-271-4871,대전광역시 동구청,2023-12-01
세천동007,1,,대전광역시 동구 세천동 191,36.33338512,127.4835678,,한전주,042-271-4871,대전광역시 동구청,2023-12-01
세천동008,1,,대전광역시 동구 세천동 194-1,36.33327993,127.4841413,,한전주,042-271-4871,대전광역시 동구청,2023-12-01
세천동009,1,,대전광역시 동구 세천동 197,36.33318305,127.4847446,,한전주,042-271-4871,대전광역시 동구청,2023-12-01
세천동010,1,,대전광역시 동구 세천동 198,36.33336922,127.4846575,,전용주,042-271-4871,대전광역시 동구청,2023-12-01
세천동011,1,,대전광역시 동구 세천동 568,36.33317978,127.4852595,,한전주,042-271-4871,대전광역시 동구청,2023-12-01
세천동012,1,,대전광역시 동구 세천동 321-1,36.332967,127.4850636,,한전주,042-271-4871,대전광역시 동구청,2023-12-01
세천동013,1,,대전광역시 동구 세천동 199-2,36.33307103,127.4853222,,한전주,042-271-4871,대전광역시 동구청,2023-12-01
세천동014,1,,대전광역시 동구 세천동 314-1,36.33302884,127.4854817,,전용주,042-271-4871,대전광역시 동구청,2023-12-01
세천동015,1,,대전광역시 동구 세천동 322,36.33251284,127.4847442,,한전주,042-271-4871,대전광역시 동구청,2023-12-01
세천동016,1,,대전광역시 동구 세천동 322,36.33251284,127.4847442,,한전주,042-271-4871,대전광역시 동구청,2023-12-01
세천동017,1,,대전광역시 동구 세천동 317-1,36.33184819,127.4849542,,한전주,042-271-4871,대전광역시 동구청,2023-12-01
세천동018,1,,대전광역시 동구 세천동 317-1,36.33184819,127.4849542,,한전주,042-271-4871,대전광역시 동구청,2023-12-01
세천동019,1,,대전광역시 동구 세천동 330,36.33154291,127.4829422,,한전주,042-271-4871,대전광역시 동구청,2023-12-01
세천동020,1,,대전광역시 동구 세천동 334-2,36.33180045,127.4821423,,한전주,042-271-4871,대전광역시 동구청,2023-12-01
세천동021,1,,대전광역시 동구 세천동 338-1,36.33168906,127.4817189,,한전주,042-271-4871,대전광역시 동구청,2023-12-01
세천동022,1,,대전광역시 동구 세천동 337-1,36.33220808,127.4818665,,한전주,042-271-4871,대전광역시 동구청,2023-12-01
세천동023,1,,대전광역시 동구 세천동 336,36.33285638,127.4824256,,한전주,042-271-4871,대전광역시 동구청,2023-12-01
세천동024,1,,대전광역시 동구 세천동 336,36.33285638,127.4824256,,한전주,042-271-4871,대전광역시 동구청,2023-12-01
세천동025,1,,대전광역시 동구 세천동 337-8,36.33327031,127.4828301,,한전주,042-271-4871,대전광역시 동구청,2023-12-01
세천동026,1,,대전광역시 동구 세천동 340-1,36.33099107,127.481591,,한전주,042-271-4871,대전광역시 동구청,2023-12-01
세천동027,1,,대전광역시 동구 세천동 340-4,36.33086036,127.4815345,,한전주,042-271-4871,대전광역시 동구청,2023-12-01
세천동028,1,,대전광역시 동구 세천동 340-4,36.33086036,127.4815345,,한전주,042-271-4871,대전광역시 동구청,2023-12-01
세천동029,1,,대전광역시 동구 세천동 344-1,36.33070655,127.4823884,,한전주,042-271-4871,대전광역시 동구청,2023-12-01
세천동030,1,,대전광역시 동구 세천동 348-3,36.33058074,127.4827588,,한전주,042-271-4871,대전광역시 동구청,2023-12-01
세천동031,1,,대전광역시 동구 세천동 349-2,36.33043726,127.4830518,,한전주,042-271-4871,대전광역시 동구청,2023-12-01
세천동032,1,,대전광역시 동구 세천동 350-1,36.33045851,127.483281,,한전주,042-271-4871,대전광역시 동구청,2023-12-01
세천동033,1,,대전광역시 동구 세천동 351-3,36.33035736,127.4837573,,한전주,042-271-4871,대전광역시 동구청,2023-12-01
세천동034,1,,대전광역시 동구 세천동 353-4,36.33063627,127.4839997,,한전주,042-271-4871,대전광역시 동구청,2023-12-01
세천동035,1,,대전광역시 동구 세천동 358-1,36.33060178,127.4846198,,한전주,042-271-4871,대전광역시 동구청,2023-12-01
세천동036,1,,대전광역시 동구 세천동 566-3,36.33062395,127.4852746,,한전주,042-271-4871,대전광역시 동구청,2023-12-01
세천동039,1,,대전광역시 동구 세천동 566-5,36.33130616,127.4861166,,한전주,042-271-4871,대전광역시 동구청,2023-12-01
세천동040,1,,대전광역시 동구 세천동 304-2,36.33162972,127.4865595,,한전주,042-271-4871,대전광역시 동구청,2023-12-01
세천동041,1,,대전광역시 동구 세천동 304-1,36.33162582,127.4866718,,한전주,042-271-4871,대전광역시 동구청,2023-12-01
세천동042,1,,대전광역시 동구 세천동 294-1,36.33187287,127.487291,,한전주,042-271-4871,대전광역시 동구청,2023-12-01
세천동043,1,,대전광역시 동구 세천동 294-1,36.33187287,127.487291,,한전주,042-271-4871,대전광역시 동구청,2023-12-01
세천동044,1,,대전광역시 동구 세천동 290,36.33209914,127.4873998,,한전주,042-271-4871,대전광역시 동구청,2023-12-01
세천동045,1,,대전광역시 동구 세천동 289-1,36.33233549,127.4880655,,한전주,042-271-4871,대전광역시 동구청,2023-12-01
세천동046,1,,대전광역시 동구 세천동 286,36.33241554,127.4882343,,한전주,042-271-4871,대전광역시 동구청,2023-12-01
세천동047,1,,대전광역시 동구 세천동 285,36.33269452,127.4890313,,한전주,042-271-4871,대전광역시 동구청,2023-12-01
세천동048,1,,대전광역시 동구 세천동 284,36.33278301,127.4894943,,한전주,042-271-4871,대전광역시 동구청,2023-12-01
세천동049,1,,대전광역시 동구 세천동 244-6,36.33260583,127.4903131,,한전주,042-271-4871,대전광역시 동구청,2023-12-01
세천동050,1,,대전광역시 동구 세천동 244-5,36.33241958,127.4906554,,한전주,042-271-4871,대전광역시 동구청,2023-12-01
세천동051,1,,대전광역시 동구 세천동 244,36.33192141,127.4912365,,한전주,042-271-4871,대전광역시 동구청,2023-12-01
세천동052,1,,대전광역시 동구 세천동 240-7,36.3323552,127.4919626,,한전주,042-271-4871,대전광역시 동구청,2023-12-01
세천동053,1,,대전광역시 동구 세천동 240-7,36.3323552,127.4919626,,한전주,042-271-4871,대전광역시 동구청,2023-12-01
세천동054,1,,대전광역시 동구 세천동 240-6,36.33236329,127.4921208,,한전주,042-271-4871,대전광역시 동구청,2023-12-01
세천동055,1,,대전광역시 동구 세천동 256,36.33236734,127.4926707,,한전주,042-271-4871,대전광역시 동구청,2023-12-01
세천동056,1,,대전광역시 동구 세천동 257,36.33224401,127.4927247,,전용주,042-271-4871,대전광역시 동구청,2023-12-01
세천동057,1,,대전광역시 동구 세천동 250,36.33192625,127.4927049,,전용주,042-271-4871,대전광역시 동구청,2023-12-01
세천동058,1,,대전광역시 동구 세천동 238-1,36.33248936,127.4929747,,한전주,042-271-4871,대전광역시 동구청,2023-12-01
세천동059,1,,대전광역시 동구 세천동 237,36.33241225,127.4932091,,전용주,042-271-4871,대전광역시 동구청,2023-12-01
세천동060,1,,대전광역시 동구 세천동 552,36.33230692,127.4932704,,전용주,042-271-4871,대전광역시 동구청,2023-12-01
세천동061,1,,대전광역시 동구 세천동 240-1,36.33291991,127.4923257,,한전주,042-271-4871,대전광역시 동구청,2023-12-01
세천동062,1,,대전광역시 동구 세천동 227-3,36.3326817,127.4929589,,한전주,042-271-4871,대전광역시 동구청,2023-12-01
세천동063,1,,대전광역시 동구 세천동 227-4,36.33317038,127.493048,,한전주,042-271-4871,대전광역시 동구청,2023-12-01
세천동064,1,,대전광역시 동구 세천동 225,36.33358541,127.4924284,,전용주,042-271-4871,대전광역시 동구청,2023-12-01
세천동065,1,,대전광역시 동구 세천동 228,36.33388543,127.4928249,,한전주,042-271-4871,대전광역시 동구청,2023-12-01
세천동066,1,,대전광역시 동구 세천동 221,36.33458174,127.4922822,,한전주,042-271-4871,대전광역시 동구청,2023-12-01
세천동067,1,,대전광역시 동구 세천동 217-2,36.33497313,127.4915334,,한전주,042-271-4871,대전광역시 동구청,2023-12-01
세천동068,1,,대전광역시 동구 세천동 214-1,36.33520988,127.490822,,전용주,042-271-4871,대전광역시 동구청,2023-12-01
세천동069,1,,대전광역시 동구 세천동 214-1,36.33520988,127.490822,,전용주,042-271-4871,대전광역시 동구청,2023-12-01
세천동070,1,,대전광역시 동구 세천동 601,36.33541776,127.4893575,,건축물,042-271-4871,대전광역시 동구청,2023-12-01
세천동071,1,,대전광역시 동구 세천동 161-1,36.33752237,127.4892279,,한전주,042-271-4871,대전광역시 동구청,2023-12-01
세천동072,1,,대전광역시 동구 세천동 169-2,36.33774178,127.4890888,,한전주,042-271-4871,대전광역시 동구청,2023-12-01
세천동073,1,,대전광역시 동구 세천동 161-1,36.33752237,127.4892279,,한전주,042-271-4871,대전광역시 동구청,2023-12-01
세천동074,1,,대전광역시 동구 세천동 166,36.33760919,127.4896571,,한전주,042-271-4871,대전광역시 동구청,2023-12-01
세천동075,1,,대전광역시 동구 세천동 165,36.33778526,127.4899352,,한전주,042-271-4871,대전광역시 동구청,2023-12-01
세천동076,1,,대전광역시 동구 세천동 161-1,36.33752237,127.4892279,,한전주,042-271-4871,대전광역시 동구청,2023-12-01
세천동077,1,,대전광역시 동구 세천동 27-3,36.33961806,127.4919096,,한전주,042-271-4871,대전광역시 동구청,2023-12-01
세천동078,1,,대전광역시 동구 세천동 26-2,36.33971016,127.4924574,,한전주,042-271-4871,대전광역시 동구청,2023-12-01
세천동079,1,,대전광역시 동구 세천동 26-2,36.33971016,127.4924574,,한전주,042-271-4871,대전광역시 동구청,2023-12-01
세천동080,1,,대전광역시 동구 세천동 26-9,36.33965767,127.4922922,,한전주,042-271-4871,대전광역시 동구청,2023-12-01
세천동081,1,,대전광역시 동구 세천동 7-1,36.33881356,127.492092,,한전주,042-271-4871,대전광역시 동구청,2023-12-01
세천동082,1,,대전광역시 동구 세천동 7-1,36.33881356,127.492092,,한전주,042-271-4871,대전광역시 동구청,2023-12-01
세천동083,1,,대전광역시 동구 세천동 19-23,36.33800244,127.4912976,,전용주,042-271-4871,대전광역시 동구청,2023-12-01
세천동084,1,,대전광역시 동구 세천동 550-2,36.3377646,127.4912798,,한전주,042-251-4756,대전광역시 동구청,2023-12-01
세천동085,1,,대전광역시 동구 세천동 13-4,36.33804377,127.4934436,,전용주,042-271-4871,대전광역시 동구청,2023-12-01
세천동086,1,,대전광역시 동구 세천동 18-16,36.33820029,127.4923782,,한전주,042-271-4871,대전광역시 동구청,2023-12-01
세천동087,1,,대전광역시 동구 세천동 16-5,36.33836394,127.4930591,,한전주,042-271-4871,대전광역시 동구청,2023-12-01
세천동088,1,,대전광역시 동구 세천동 16-5,36.33836394,127.4930591,,한전주,042-271-4871,대전광역시 동구청,2023-12-01
세천동089,1,,대전광역시 동구 세천동 16-1,36.3384411,127.4936945,,전용주,042-271-4871,대전광역시 동구청,2023-12-01
세천동090,1,,대전광역시 동구 세천동 13-4,36.33804377,127.4934436,,전용주,042-271-4871,대전광역시 동구청,2023-12-01
세천동091,1,,대전광역시 동구 세천동 13-4,36.33804377,127.4934436,,전용주,042-271-4871,대전광역시 동구청,2023-12-01
세천동093,1,,대전광역시 동구 세천동,36.33955225,127.4953193,,전용주,042-271-4871,대전광역시 동구청,2023-12-01
세천동094,1,,대전광역시 동구 세천동 74-7,36.33992483,127.4953036,,전용주,042-271-4871,대전광역시 동구청,2023-12-01
세천동095,1,,대전광역시 동구 세천동 74-4,36.34004004,127.4955155,,전용주,042-271-4871,대전광역시 동구청,2023-12-01
세천동096,1,,대전광역시 동구 세천동 74-32,36.34053781,127.4957688,,한전주,042-271-4871,대전광역시 동구청,2023-12-01
세천동097,1,,대전광역시 동구 세천동 14-4,36.33863063,127.4935314,,한전주,042-271-4871,대전광역시 동구청,2023-12-01
세천동098,1,,대전광역시 동구 세천동 14-6,36.33907817,127.4934846,,한전주,042-251-4756,대전광역시 동구청,2023-12-01
세천동099,1,,대전광역시 동구 세천동 10-3,36.33913452,127.4930399,,한전주,042-271-4871,대전광역시 동구청,2023-12-01
세천동100,1,,대전광역시 동구 세천동 13-3,36.3389941,127.4941589,,전용주,042-271-4871,대전광역시 동구청,2023-12-01
세천동101,1,,대전광역시 동구 세천동 11-4,36.33941005,127.493401,,한전주,042-271-4871,대전광역시 동구청,2023-12-01
세천동102,1,,대전광역시 동구 세천동 5-6,36.33970978,127.4929659,,한전주,042-271-4871,대전광역시 동구청,2023-12-01
세천동103,1,,대전광역시 동구 세천동 7,36.33940251,127.4927844,,전용주,042-251-4756,대전광역시 동구청,2023-12-01
세천동104,1,,대전광역시 동구 세천동 7-4,36.33896275,127.4923876,,한전주,042-271-4871,대전광역시 동구청,2023-12-01
세천동105,1,,대전광역시 동구 세천동 8-9,36.33852811,127.492759,,한전주,042-271-4871,대전광역시 동구청,2023-12-01
세천동106,1,,대전광역시 동구 세천동 5-1,36.33990655,127.4929102,,한전주,042-271-4871,대전광역시 동구청,2023-12-01
세천동107,1,,대전광역시 동구 세천동 4-7,36.34012669,127.4931769,,전용주,042-271-4871,대전광역시 동구청,2023-12-01
세천동108,1,,대전광역시 동구 세천동 4-9,36.3405809,127.4926553,,한전주,042-271-4871,대전광역시 동구청,2023-12-01
세천동109,1,,대전광역시 동구 세천동 62-4,36.34056385,127.4925856,,한전주,042-271-4871,대전광역시 동구청,2023-12-01
세천동110,1,,대전광역시 동구 세천동 62-1,36.34064296,127.4933975,,한전주,042-271-4871,대전광역시 동구청,2023-12-01
세천동111,1,,대전광역시 동구 세천동 545-9,36.34125742,127.4925578,,한전주,042-271-4871,대전광역시 동구청,2023-12-01
세천동112,1,,대전광역시 동구 세천동 65,36.34056734,127.4939606,,한전주,042-271-4871,대전광역시 동구청,2023-12-01
세천동113,1,,대전광역시 동구 세천동 61-14,36.34150188,127.4931998,,한전주,042-271-4871,대전광역시 동구청,2023-12-01
세천동114,1,,대전광역시 동구 세천동 61-2,36.3418883,127.4930038,,한전주,042-271-4871,대전광역시 동구청,2023-12-01
세천동115,1,,대전광역시 동구 세천동 75-14,36.34253184,127.4935227,,전용주,042-271-4871,대전광역시 동구청,2023-12-01
세천동116,1,,대전광역시 동구 세천동 75-1,36.34267294,127.4937263,,한전주,042-271-4871,대전광역시 동구청,2023-12-01
세천동117,1,,대전광역시 동구 세천동 75-17,36.34246649,127.4939408,,전용주,042-271-4871,대전광역시 동구청,2023-12-01
세천동118,1,,대전광역시 동구 세천동 75-12,36.34266193,127.4940345,,한전주,042-271-4871,대전광역시 동구청,2023-12-01
세천동119,1,,대전광역시 동구 세천동 77-8,36.34312019,127.4938134,,한전주,042-271-4871,대전광역시 동구청,2023-12-01
세천동120,1,,대전광역시 동구 세천동 77-3,36.34348573,127.4940024,,한전주,042-271-4871,대전광역시 동구청,2023-12-01
세천동121,1,,대전광역시 동구 세천동 77-4,36.34338389,127.4941372,,한전주,042-251-4756,대전광역시 동구청,2023-12-01
세천동122,1,,대전광역시 동구 세천동 79,36.34372815,127.4937835,,한전주,042-271-4871,대전광역시 동구청,2023-12-01
세천동123,1,,대전광역시 동구 세천동 59-25,36.3438115,127.4933285,,한전주,042-271-4871,대전광역시 동구청,2023-12-01
세천동124,1,,대전광역시 동구 세천동 93-7,36.34622858,127.4914756,,한전주,042-271-4871,대전광역시 동구청,2023-12-01
세천동125,1,,대전광역시 동구 세천동 96,36.34581251,127.491689,,한전주,042-271-4871,대전광역시 동구청,2023-12-01
세천동126,1,,대전광역시 동구 세천동 산52-3,36.34669471,127.4909978,,한전주,042-271-4871,대전광역시 동구청,2023-12-01
세천동127,1,,대전광역시 동구 세천동 105-9,36.34762527,127.4911557,,전용주,042-271-4871,대전광역시 동구청,2023-12-01
세천동128,1,,대전광역시 동구 세천동 산50-5,36.34802652,127.4910169,,한전주,042-271-4871,대전광역시 동구청,2023-12-01
세천동129,1,,대전광역시 동구 세천동 산50-3,36.34829423,127.4919105,,한전주,042-271-4871,대전광역시 동구청,2023-12-01
세천동130,1,,대전광역시 동구 세천동 산50-6,36.34883074,127.4912865,,한전주,042-271-4871,대전광역시 동구청,2023-12-01
세천동131,1,,대전광역시 동구 세천동 51-3,36.34304188,127.4920833,,한전주,042-271-4871,대전광역시 동구청,2023-12-01
세천동132,1,,대전광역시 동구 세천동 51-9,36.34338721,127.491562,,한전주,042-271-4871,대전광역시 동구청,2023-12-01
세천동133,1,,대전광역시 동구 세천동 545-1,36.34255055,127.4920577,,한전주,042-271-4871,대전광역시 동구청,2023-12-01
세천동134,1,,대전광역시 동구 세천동 47-3,36.34262955,127.4913331,,한전주,042-271-4871,대전광역시 동구청,2023-12-01
세천동135,1,,대전광역시 동구 세천동 50-9,36.34281588,127.4913163,,전용주,042-271-4871,대전광역시 동구청,2023-12-01
세천동136,1,,대전광역시 동구 세천동 50-15,36.3430913,127.4910075,,한전주,042-251-4756,대전광역시 동구청,2023-12-01
세천동137,1,,대전광역시 동구 세천동 140-2,36.3423794,127.4904283,,한전주,042-271-4871,대전광역시 동구청,2023-12-01
세천동138,1,,대전광역시 동구 세천동 143-5,36.34137444,127.4908605,,한전주,042-271-4871,대전광역시 동구청,2023-12-01
세천동139,1,,대전광역시 동구 세천동 144-1,36.34104385,127.4908926,,한전주,042-271-4871,대전광역시 동구청,2023-12-01
세천동140,1,,대전광역시 동구 세천동 41-2,36.34120801,127.4917759,,한전주,042-271-4871,대전광역시 동구청,2023-12-01
세천동141,1,,대전광역시 동구 세천동 144-3,36.3411302,127.4905367,,전용주,042-271-4871,대전광역시 동구청,2023-12-01
세천동142,1,,대전광역시 동구 세천동 146-7,36.34075622,127.4909085,,한전주,042-271-4871,대전광역시 동구청,2023-12-01
세천동143,1,,대전광역시 동구 세천동 146-8,36.34072045,127.4907533,,전용주,042-271-4871,대전광역시 동구청,2023-12-01
세천동144,1,,대전광역시 동구 세천동 148-1,36.34040682,127.4902756,,전용주,042-271-4871,대전광역시 동구청,2023-12-01
세천동145,1,,대전광역시 동구 세천동 147-2,36.34039409,127.4906314,,전용주,042-271-4871,대전광역시 동구청,2023-12-01
세천동146,1,,대전광역시 동구 세천동 156-1,36.33944296,127.4900033,,한전주,042-271-4871,대전광역시 동구청,2023-12-01
세천동147,1,,대전광역시 동구 세천동 156-7,36.33975367,127.4897873,,한전주,042-271-4871,대전광역시 동구청,2023-12-01
세천동148,1,,대전광역시 동구 세천동 204-1,36.33625188,127.486083,,전용주,042-271-4871,대전광역시 동구청,2023-12-01
세천동149,1,,대전광역시 동구 세천동 203-21,36.33654648,127.4858579,,전용주,042-271-4871,대전광역시 동구청,2023-12-01
세천동150,1,,대전광역시 동구 세천동 203-19,36.33679366,127.4859499667,,한전주,042-271-4871,대전광역시 동구청,2023-12-01
세천동151,1,,대전광역시 동구 세천동 203-17,36.33698458,127.4857372,,한전주,042-271-4871,대전광역시 동구청,2023-12-01
세천동152,1,,대전광역시 동구 세천동 203-14,36.33694023,127.4853409,,전용주,042-271-4871,대전광역시 동구청,2023-12-01
세천동153,1,,대전광역시 동구 세천동 203-11,36.33660101,127.4851915,,한전주,042-271-4871,대전광역시 동구청,2023-12-01
세천동154,1,,대전광역시 동구 세천동 203-10,36.33648867,127.4853134,,한전주,042-271-4871,대전광역시 동구청,2023-12-01
세천동155,1,,대전광역시 동구 세천동 203-8,36.33630156,127.4855642,,한전주,042-271-4871,대전광역시 동구청,2023-12-01
세천동156,1,,대전광역시 동구 세천동 550-6,36.33745931,127.4909892,,한전주,042-271-4871,대전광역시 동구청,2023-12-01
세천동157,1,,대전광역시 동구 세천동 26-9,36.33965767,127.4922922,,한전주,042-271-4871,대전광역시 동구청,2023-12-01
세천동158,1,,대전광역시 동구 세천동 산 45-1,36.31240522,127.4833244,,한전주,042-271-4871,대전광역시 동구청,2023-12-01
세천동159,1,,대전광역시 동구 세천동 산 43-3,36.30426429,127.483362,,한전주,042-271-4871,대전광역시 동구청,2023-12-01
세천동160,1,,대전광역시 동구 세천동 산 45-1,36.31240522,127.4833244,,한전주,042-271-4871,대전광역시 동구청,2023-12-01
세천동161,1,,대전광역시 동구 세천동 산 43-3,36.30426429,127.483362,,한전주,042-271-4871,대전광역시 동구청,2023-12-01
세천동162,1,,대전광역시 동구 세천동 산 45-1,36.31240522,127.4833244,,한전주,042-271-4871,대전광역시 동구청,2023-12-01
세천동163,1,,대전광역시 동구 세천동 산 43-1,36.30962943,127.4821857,,한전주,042-271-4871,대전광역시 동구청,2023-12-01
세천동164,1,,대전광역시 동구 세천동 산 43-1,36.30962943,127.4821857,,한전주,042-271-4871,대전광역시 동구청,2023-12-01
세천동165,1,,대전광역시 동구 세천동 산 43-1,36.30962943,127.4821857,,한전주,042-271-4871,대전광역시 동구청,2023-12-01
세천동166,1,,대전광역시 동구 세천동 산 43-1,36.30962943,127.4821857,,한전주,042-271-4871,대전광역시 동구청,2023-12-01
세천동167,1,,대전광역시 동구 세천동 산 43-1,36.30962943,127.4821857,,한전주,042-271-4871,대전광역시 동구청,2023-12-01
세천동168,1,,대전광역시 동구 세천동 산 43-3,36.30426429,127.483362,,한전주,042-271-4871,대전광역시 동구청,2023-12-01
세천동169,1,,대전광역시 동구 세천동 산 43-3,36.30426429,127.483362,,한전주,042-271-4871,대전광역시 동구청,2023-12-01
세천동170,1,,대전광역시 동구 세천동 산 43-3,36.30426429,127.483362,,한전주,042-271-4871,대전광역시 동구청,2023-12-01
세천동171,1,,대전광역시 동구 세천동 산 43-3,36.30426429,127.483362,,한전주,042-271-4871,대전광역시 동구청,2023-12-01
세천동172,1,,대전광역시 동구 세천동 산 43-3,36.30426429,127.483362,,한전주,042-271-4871,대전광역시 동구청,2023-12-01
세천동173,1,,대전광역시 동구 세천동 산 43-3,36.30426429,127.483362,,한전주,042-271-4871,대전광역시 동구청,2023-12-01
세천동174,1,,대전광역시 동구 세천동 산 43-3,36.30426429,127.483362,,한전주,042-271-4871,대전광역시 동구청,2023-12-01
세천동175,1,,대전광역시 동구 세천동 산 43-3,36.30426429,127.483362,,한전주,042-271-4871,대전광역시 동구청,2023-12-01
세천동176,1,,대전광역시 동구 세천동 산 43-3,36.30426429,127.483362,,한전주,042-271-4871,대전광역시 동구청,2023-12-01
세천동177,1,,대전광역시 동구 세천동 산 43-3,36.30426429,127.483362,,한전주,042-271-4871,대전광역시 동구청,2023-12-01
세천동178,1,,대전광역시 동구 세천동 산 43-3,36.30426429,127.483362,,한전주,042-271-4871,대전광역시 동구청,2023-12-01
세천동179,1,,대전광역시 동구 세천동 산 43-3,36.30426429,127.483362,,한전주,042-271-4871,대전광역시 동구청,2023-12-01
세천동180,1,,대전광역시 동구 세천동 산 43-3,36.30426429,127.483362,,한전주,042-271-4871,대전광역시 동구청,2023-12-01
세천동181,1,,대전광역시 동구 세천동 산 43-3,36.30426429,127.483362,,한전주,042-271-4871,대전광역시 동구청,2023-12-01
세천동182,1,,대전광역시 동구 세천동 산 43-3,36.30426429,127.483362,,한전주,042-271-4871,대전광역시 동구청,2023-12-01
세천동183,1,,대전광역시 동구 세천동 산 43-3,36.30426429,127.483362,,한전주,042-271-4871,대전광역시 동구청,2023-12-01
세천동184,1,,대전광역시 동구 세천동 산 43-3,36.30426429,127.483362,,한전주,042-271-4871,대전광역시 동구청,2023-12-01
세천동185,1,,대전광역시 동구 세천동 산 43-3,36.30426429,127.483362,,한전주,042-271-4871,대전광역시 동구청,2023-12-01
세천동186,1,,대전광역시 동구 세천동 산 43-3,36.30426429,127.483362,,한전주,042-271-4871,대전광역시 동구청,2023-12-01
세천동187,1,,대전광역시 동구 세천동 산 43-3,36.30426429,127.483362,,한전주,042-271-4871,대전광역시 동구청,2023-12-01
세천동188,1,,대전광역시 동구 세천동 산 43-3,36.30426429,127.483362,,한전주,042-271-4871,대전광역시 동구청,2023-12-01
세천동189,1,,대전광역시 동구 세천동 산 43-3,36.30426429,127.483362,,한전주,042-271-4871,대전광역시 동구청,2023-12-01
세천동190,1,,대전광역시 동구 세천동 산 43-3,36.30426429,127.483362,,한전주,042-271-4871,대전광역시 동구청,2023-12-01
세천동191,1,,대전광역시 동구 세천동 산 43-3,36.30426429,127.483362,,한전주,042-271-4871,대전광역시 동구청,2023-12-01
세천동192,1,,대전광역시 동구 세천동 산 43-3,36.30426429,127.483362,,전용주,042-271-4871,대전광역시 동구청,2023-12-01
세천동193,1,,대전광역시 동구 세천동 산 43-3,36.30426429,127.483362,,한전주,042-271-4871,대전광역시 동구청,2023-12-01
세천동194,1,,대전광역시 동구 세천동 산 43-3,36.30426429,127.483362,,한전주,042-271-4871,대전광역시 동구청,2023-12-01
세천동195,1,,대전광역시 동구 세천동 산 43-3,36.30426429,127.483362,,한전주,042-271-4871,대전광역시 동구청,2023-12-01
세천동196,1,,대전광역시 동구 세천동 산 43-3,36.30426429,127.483362,,한전주,042-271-4871,대전광역시 동구청,2023-12-01
세천동197,1,,대전광역시 동구 세천동 산 43-3,36.30426429,127.483362,,한전주,042-271-4871,대전광역시 동구청,2023-12-01
세천동198,1,,대전광역시 동구 세천동 산 43-3,36.30426429,127.483362,,한전주,042-271-4871,대전광역시 동구청,2023-12-01
세천동199,1,,대전광역시 동구 세천동 산 43-3,36.30426429,127.483362,,한전주,042-271-4871,대전광역시 동구청,2023-12-01
세천동200,1,,대전광역시 동구 세천동 산 43-19,36.30156566,127.4808954,,한전주,042-271-4871,대전광역시 동구청,2023-12-01
세천동201,1,,대전광역시 동구 세천동 산 43-3,36.30426429,127.483362,,전용주,042-271-4871,대전광역시 동구청,2023-12-01
세천동202,1,,대전광역시 동구 세천동 산 43-3,36.30426429,127.483362,,한전주,042-271-4871,대전광역시 동구청,2023-12-01
세천동203,1,,대전광역시 동구 세천동 147-5,36.34020243,127.4909125,,한전주,042-271-4871,대전광역시 동구청,2023-12-01
세천동204,1,,대전광역시 동구 세천동 553,36.33551225,127.4904335,,한전주,042-271-4871,대전광역시 동구청,2023-12-01
세천동205,1,,대전광역시 동구 세천동 550,36.33679436,127.4914118,,한전주,042-271-4871,대전광역시 동구청,2023-12-01
세천동206,1,,대전광역시 동구 세천동 170-5,36.33693061,127.4892168,,한전주,042-271-4871,대전광역시 동구청,2023-12-01
세천동207,1,,대전광역시 동구 세천동 14-15,36.33850709,127.4930933,,한전주,042-271-4871,대전광역시 동구청,2023-12-01
세천동208,1,,대전광역시 동구 세천동 179-39,36.33589324,127.4820015,,한전주,042-271-4871,대전광역시 동구청,2023-12-01
세천동209,1,,대전광역시 동구 세천동 178-2,36.33662699,127.4819883,,한전주,042-271-4871,대전광역시 동구청,2023-12-01
세천동210,1,,대전광역시 동구 세천동 산 63,36.3368507,127.4827174,,한전주,042-271-4871,대전광역시 동구청,2023-12-01
소제동001,1,,대전광역시 동구 소제동 299-149,36.3363736,127.4358295,,한전주,042-271-4871,대전광역시 동구청,2023-12-01
소제동002,1,,대전광역시 동구 소제동 299-95,36.33611339,127.4359149,,한전주,042-271-4871,대전광역시 동구청,2023-12-01
소제동003,1,,대전광역시 동구 소제동 299-94,36.33617102,127.4356554,,한전주,042-271-4871,대전광역시 동구청,2023-12-01
소제동004,1,,대전광역시 동구 소제동 299-99,36.33595403,127.4357023,,전용주,042-271-4871,대전광역시 동구청,2023-12-01
소제동005,1,,대전광역시 동구 소제동 299-154,36.33580419,127.4360164,,한전주,042-271-4871,대전광역시 동구청,2023-12-01
소제동006,1,,대전광역시 동구 소제동 299-472,36.33575668,127.4359473,,전용주,042-271-4871,대전광역시 동구청,2023-12-01
소제동007,1,,대전광역시 동구 소제동 299-293,36.33553097,127.4360124,,한전주,042-271-4871,대전광역시 동구청,2023-12-01
소제동008,1,,대전광역시 동구 소제동 299-293,36.33553097,127.4360124,,한전주,042-271-4871,대전광역시 동구청,2023-12-01
소제동009,1,,대전광역시 동구 소제동 299-286,36.33556473,127.4362445,,한전주,042-271-4871,대전광역시 동구청,2023-12-01
소제동012,1,,대전광역시 동구 소제동 299-140,36.33704889,127.4369303,,한전주,042-271-4871,대전광역시 동구청,2023-12-01
소제동013,1,,대전광역시 동구 소제동 299-81,36.33615708,127.4372019,,한전주,042-271-4871,대전광역시 동구청,2023-12-01
소제동014,1,,대전광역시 동구 소제동 299-1237,36.33580868,127.4373768,,한전주,042-271-4871,대전광역시 동구청,2023-12-01
소제동015,1,,대전광역시 동구 소제동 299-89,36.33570329,127.4372909,,한전주,042-271-4871,대전광역시 동구청,2023-12-01
소제동016,1,,대전광역시 동구 소제동 299-23,36.33535662,127.4374828,,전용주,042-271-4871,대전광역시 동구청,2023-12-01
소제동023,1,,대전광역시 동구 소제동 299-357,36.33480091,127.4377916,,한전주,042-271-4871,대전광역시 동구청,2023-12-01
소제동024,1,,대전광역시 동구 소제동 299-362,36.33455453,127.437742,,한전주,042-271-4871,대전광역시 동구청,2023-12-01
소제동025,1,,대전광역시 동구 소제동 299-44,36.33427751,127.4379641,,한전주,042-271-4871,대전광역시 동구청,2023-12-01
소제동026,1,,대전광역시 동구 소제동 299-214,36.33400692,127.438078,,한전주,042-271-4871,대전광역시 동구청,2023-12-01
소제동027,1,,대전광역시 동구 소제동 299-638,36.33369552,127.4380382,,한전주,042-271-4871,대전광역시 동구청,2023-12-01
소제동028,1,,대전광역시 동구 소제동 299-499,36.33357131,127.4377781,,한전주,042-271-4871,대전광역시 동구청,2023-12-01
소제동030,1,,대전광역시 동구 소제동 299-16,36.33390115,127.4371823,,한전주,042-271-4871,대전광역시 동구청,2023-12-01
소제동031,1,,대전광역시 동구 소제동 299-16,36.33403912,127.4370355,,한전주,042-271-4871,대전광역시 동구청,2023-12-01
소제동032,1,,대전광역시 동구 소제동 299-504,36.33422985,127.4370477,,한전주,042-271-4871,대전광역시 동구청,2023-12-01
소제동033,1,,대전광역시 동구 소제동 299-115,36.33459977,127.4368318,,한전주,042-271-4871,대전광역시 동구청,2023-12-01
소제동034,1,,대전광역시 동구 소제동 299-268,36.33476188,127.4366374,,한전주,042-271-4871,대전광역시 동구청,2023-12-01
소제동035,1,,대전광역시 동구 소제동 299-109,36.33519285,127.4365797,,한전주,042-271-4871,대전광역시 동구청,2023-12-01
소제동036,1,,대전광역시 동구 소제동 299-109,36.33519285,127.4365797,,한전주,042-271-4871,대전광역시 동구청,2023-12-01
소제동037,1,,대전광역시 동구 소제동 299-718,36.33574124,127.4365967,,한전주,042-271-4871,대전광역시 동구청,2023-12-01
소제동040,1,,대전광역시 동구 소제동 299-73,36.3366658,127.4369792,,한전주,042-271-4871,대전광역시 동구청,2023-12-01
소제동042,1,,대전광역시 동구 소제동 299-75,36.33651378,127.4366329,,한전주,042-271-4871,대전광역시 동구청,2023-12-01
소제동043,1,,대전광역시 동구 소제동 299-70,36.33680162,127.4367061,,한전주,042-271-4871,대전광역시 동구청,2023-12-01
소제동044,1,,대전광역시 동구 소제동 299-448,36.33699478,127.4368434,,한전주,042-271-4871,대전광역시 동구청,2023-12-01
소제동045,1,,대전광역시 동구 소제동 299-126,36.33717287,127.4369596,,한전주,042-271-4871,대전광역시 동구청,2023-12-01
소제동046,1,,대전광역시 동구 소제동 299-66,36.33706244,127.4366248,,한전주,042-271-4871,대전광역시 동구청,2023-12-01
소제동047,1,,대전광역시 동구 소제동 299-100,36.33587059,127.4356242,,전용주,042-271-4871,대전광역시 동구청,2023-12-01
소제동048,1,,대전광역시 동구 소제동 299-161,36.33575448,127.4355618,,한전주,042-271-4871,대전광역시 동구청,2023-12-01
소제동049,1,,대전광역시 동구 소제동 299-264,36.33541349,127.4356318,,전용주,042-271-4871,대전광역시 동구청,2023-12-01
소제동050,1,,대전광역시 동구 소제동 299-263,36.33556326,127.4355586,,전용주,042-271-4871,대전광역시 동구청,2023-12-01
소제동051,1,,대전광역시 동구 소제동 314-5,36.33540798,127.4348192,,한전주,042-271-4871,대전광역시 동구청,2023-12-01
소제동052,1,,대전광역시 동구 소제동 313-5,36.3353477,127.4352116,,한전주,042-271-4871,대전광역시 동구청,2023-12-01
소제동053,1,,대전광역시 동구 소제동 299-172,36.33531583,127.4355743,,한전주,042-271-4871,대전광역시 동구청,2023-12-01
소제동054,1,,대전광역시 동구 소제동 313-8,36.33524794,127.4353617,,한전주,042-271-4871,대전광역시 동구청,2023-12-01
소제동055,1,,대전광역시 동구 소제동 295-5,36.33518966,127.4358976,,한전주,042-271-4871,대전광역시 동구청,2023-12-01
소제동056,1,,대전광역시 동구 소제동 291-5,36.33492871,127.4357906,,한전주,042-271-4871,대전광역시 동구청,2023-12-01
소제동059,1,,대전광역시 동구 소제동 299-179,36.33518781,127.4360599,,건축물,042-271-4871,대전광역시 동구청,2023-12-01
소제동060,1,,대전광역시 동구 소제동 315-10,36.33531671,127.4345908,,전용주,042-271-4871,대전광역시 동구청,2023-12-01
소제동061,1,,대전광역시 동구 소제동 320-7,36.33531798,127.4342171,,한전주,042-271-4871,대전광역시 동구청,2023-12-01
소제동062,1,,대전광역시 동구 소제동 317-2,36.33512977,127.4340547,,한전주,042-271-4871,대전광역시 동구청,2023-12-01
소제동063,1,,대전광역시 동구 소제동 318-2,36.33499699,127.4343132,,전용주,042-271-4871,대전광역시 동구청,2023-12-01
소제동064,1,,대전광역시 동구 소제동 299-316,36.33664971,127.4382227,,한전주,042-271-4871,대전광역시 동구청,2023-12-01
소제동065,1,,대전광역시 동구 소제동 299-350,36.33525183,127.4388302,,한전주,042-271-4871,대전광역시 동구청,2023-12-01
소제동066,1,,대전광역시 동구 소제동 299-493,36.33498342,127.4387925,,전용주,042-271-4871,대전광역시 동구청,2023-12-01
소제동067,1,,대전광역시 동구 소제동 299-572,36.33399445,127.4390207,,한전주,042-271-4871,대전광역시 동구청,2023-12-01
소제동068,1,,대전광역시 동구 소제동 288-13,36.3328054,127.4385153,,건축물,042-271-4871,대전광역시 동구청,2023-12-01
소제동069,1,,대전광역시 동구 소제동 293-27,36.33213584,127.4374032,,한전주,042-271-4871,대전광역시 동구청,2023-12-01
소제동070,1,,대전광역시 동구 소제동 293-46,36.33215221,127.4370929,,한전주,042-271-4871,대전광역시 동구청,2023-12-01
소제동071,1,,대전광역시 동구 소제동 246-31,36.33206566,127.437005,,한전주,042-271-4871,대전광역시 동구청,2023-12-01
소제동072,1,,대전광역시 동구 소제동 319,36.33189392,127.4367981,,한전주,042-271-4871,대전광역시 동구청,2023-12-01
소제동073,1,,대전광역시 동구 소제동 270-5,36.33162689,127.4366684,,전용주,042-271-4871,대전광역시 동구청,2023-12-01
소제동074,1,,대전광역시 동구 소제동 284-4,36.33209521,127.4407138,,한전주,042-271-4871,대전광역시 동구청,2023-12-01
소제동075,1,,대전광역시 동구 소제동 299-78,36.3363318,127.4369133,,한전주,042-271-4871,대전광역시 동구청,2023-12-01
소제동076,1,,대전광역시 동구 소제동 283-1,36.33261564,127.4405645,,한전주,042-271-4871,대전광역시 동구청,2023-12-01
소제동077,1,,대전광역시 동구 소제동 219-147,36.33250638,127.4408314,,한전주,042-271-4871,대전광역시 동구청,2023-12-01
소제동078,1,,대전광역시 동구 소제동 219-135,36.33281592,127.4412086,,한전주,042-271-4871,대전광역시 동구청,2023-12-01
소제동079,1,,대전광역시 동구 자양동 281-1,36.33247676,127.4421046,,한전주,042-271-4871,대전광역시 동구청,2023-12-01
소제동080,1,,대전광역시 동구 소제동 282-15,36.33275811,127.4408364,,한전주,042-271-4871,대전광역시 동구청,2023-12-01
소제동081,1,,대전광역시 동구 소제동 282-14,36.33287613,127.4405154,,한전주,042-271-4871,대전광역시 동구청,2023-12-01
소제동082,1,,대전광역시 동구 소제동 219-95,36.33307116,127.4412814,,한전주,042-271-4871,대전광역시 동구청,2023-12-01
소제동083,1,,대전광역시 동구 소제동 305-170,36.33314395,127.4403111,,전용주,042-271-4871,대전광역시 동구청,2023-12-01
소제동084,1,,대전광역시 동구 소제동 282-6,36.3332401,127.4407014,,한전주,042-271-4871,대전광역시 동구청,2023-12-01
소제동085,1,,대전광역시 동구 소제동 218-22,36.33347753,127.4408829,,한전주,042-271-4871,대전광역시 동구청,2023-12-01
소제동086,1,,대전광역시 동구 소제동 218-26,36.33339384,127.4406552,,전용주,042-271-4871,대전광역시 동구청,2023-12-01
소제동087,1,,대전광역시 동구 소제동 218-20,36.33358742,127.4407497,,건축물,042-271-4871,대전광역시 동구청,2023-12-01
소제동088,1,,대전광역시 동구 소제동 219-40,36.33347406,127.4411622,,전용주,042-271-4871,대전광역시 동구청,2023-12-01
소제동089,1,,대전광역시 동구 소제동 219-93,36.33327745,127.4413499784,,전용주,042-271-4871,대전광역시 동구청,2023-12-01
소제동090,1,,대전광역시 동구 소제동 219-32,36.333873,127.4415554,,한전주,042-271-4871,대전광역시 동구청,2023-12-01
소제동096,1,,대전광역시 동구 소제동 218-19,36.33366554,127.440777,,한전주,042-271-4871,대전광역시 동구청,2023-12-01
소제동097,1,,대전광역시 동구 소제동 305-153,36.33359376,127.4405699,,한전주,042-271-4871,대전광역시 동구청,2023-12-01
소제동098,1,,대전광역시 동구 소제동 305-154,36.33351705,127.4405023,,한전주,042-271-4871,대전광역시 동구청,2023-12-01
소제동099,1,,대전광역시 동구 소제동 305-162,36.33343185,127.4402936,,전용주,042-271-4871,대전광역시 동구청,2023-12-01
소제동100,1,,대전광역시 동구 소제동 305-514,36.33329914,127.4401622,,전용주,042-271-4871,대전광역시 동구청,2023-12-01
소제동101,1,,대전광역시 동구 소제동 305-168,36.33325347,127.4400342,,한전주,042-271-4871,대전광역시 동구청,2023-12-01
소제동102,1,,대전광역시 동구 소제동 305-171,36.33307276,127.4401856,,한전주,042-271-4871,대전광역시 동구청,2023-12-01
소제동105,1,,대전광역시 동구 소제동 219-50,36.33394059,127.4412878,,한전주,042-271-4871,대전광역시 동구청,2023-12-01
소제동106,1,,대전광역시 동구 소제동 219-28,36.3340367,127.4416153,,전용주,042-271-4871,대전광역시 동구청,2023-12-01
소제동107,1,,대전광역시 동구 소제동 219-16,36.33428004,127.4417814,,한전주,042-271-4871,대전광역시 동구청,2023-12-01
소제동108,1,,대전광역시 동구 소제동 299-413,36.33602743,127.436826,,한전주,042-271-4871,대전광역시 동구청,2023-12-01
소제동109,1,,대전광역시 동구 소제동 219-146,36.33492793,127.4423083,,한전주,042-271-4871,대전광역시 동구청,2023-12-01
소제동111,1,,대전광역시 동구 소제동 305-408,36.33554898,127.4418548,,한전주,042-271-4871,대전광역시 동구청,2023-12-01
소제동113,1,,대전광역시 동구 소제동 305-390,36.33565459,127.4412977,,전용주,042-271-4871,대전광역시 동구청,2023-12-01
소제동114,1,,대전광역시 동구 소제동 305-394,36.3353662,127.4409101,,한전주,042-271-4871,대전광역시 동구청,2023-12-01
소제동115,1,,대전광역시 동구 소제동 305-392,36.33541042,127.4412111,,전용주,042-271-4871,대전광역시 동구청,2023-12-01
소제동116,1,,대전광역시 동구 소제동 305-396,36.33525125,127.4408742,,건축물,042-271-4871,대전광역시 동구청,2023-12-01
소제동117,1,,대전광역시 동구 소제동 305-365,36.3358834,127.4412229,,전용주,042-271-4871,대전광역시 동구청,2023-12-01
소제동118,1,,대전광역시 동구 소제동 305-361,36.33570249,127.4406243,,한전주,042-271-4871,대전광역시 동구청,2023-12-01
소제동119,1,,대전광역시 동구 소제동 305-354,36.33578971,127.4402615,,한전주,042-271-4871,대전광역시 동구청,2023-12-01
소제동120,1,,대전광역시 동구 소제동 305-311,36.33596752,127.4398664,,한전주,042-271-4871,대전광역시 동구청,2023-12-01
소제동121,1,,대전광역시 동구 소제동 305-32,36.33632131,127.4396248,,전용주,042-271-4871,대전광역시 동구청,2023-12-01
소제동122,1,,대전광역시 동구 소제동 305-626,36.33619848,127.4399918,,건축물,042-271-4871,대전광역시 동구청,2023-12-01
소제동123,1,,대전광역시 동구 소제동 305-68,36.3364042,127.4398023,,한전주,042-271-4871,대전광역시 동구청,2023-12-01
소제동124,1,,대전광역시 동구 소제동 305-308,36.33616575,127.4401933,,전용주,042-271-4871,대전광역시 동구청,2023-12-01
소제동125,1,,대전광역시 동구 소제동 305-314,36.3360239,127.4402934,,건축물,042-271-4871,대전광역시 동구청,2023-12-01
소제동126,1,,대전광역시 동구 소제동 305-307,36.33619901,127.4403139,,한전주,042-271-4871,대전광역시 동구청,2023-12-01
소제동127,1,,대전광역시 동구 소제동 305-63,36.33640613,127.4403537,,전용주,042-271-4871,대전광역시 동구청,2023-12-01
소제동128,1,,대전광역시 동구 소제동 305-574,36.33624941,127.4405514,,한전주,042-271-4871,대전광역시 동구청,2023-12-01
소제동129,1,,대전광역시 동구 소제동 305-345,36.33602218,127.440685,,한전주,042-271-4871,대전광역시 동구청,2023-12-01
소제동130,1,,대전광역시 동구 소제동 305-135,36.33450883,127.4411756,,전용주,042-271-4871,대전광역시 동구청,2023-12-01
소제동131,1,,대전광역시 동구 소제동 305-319,36.33615709,127.4410500065,,한전주,042-271-4871,대전광역시 동구청,2023-12-01
소제동132,1,,대전광역시 동구 소제동 305-333,36.33595102,127.4418986,,건축물,042-271-4871,대전광역시 동구청,2023-12-01
소제동133,1,,대전광역시 동구 소제동 305-369,36.33593724,127.441553,,건축물,042-271-4871,대전광역시 동구청,2023-12-01
소제동134,1,,대전광역시 동구 소제동 305-380,36.33575201,127.4420038,,한전주,042-271-4871,대전광역시 동구청,2023-12-01
소제동135,1,,대전광역시 동구 소제동 305-382,36.33565375,127.4418884,,전용주,042-271-4871,대전광역시 동구청,2023-12-01
소제동136,1,,대전광역시 동구 소제동 305-399,36.33513829,127.4412754,,한전주,042-271-4871,대전광역시 동구청,2023-12-01
소제동137,1,,대전광역시 동구 소제동 305-415,36.33473911,127.441118,,한전주,042-271-4871,대전광역시 동구청,2023-12-01
소제동138,1,,대전광역시 동구 소제동 305-416,36.33474181,127.4409487,,한전주,042-271-4871,대전광역시 동구청,2023-12-01
소제동139,1,,대전광역시 동구 소제동 305-494,36.33460435,127.4411038,,건축물,042-271-4871,대전광역시 동구청,2023-12-01
소제동140,1,,대전광역시 동구 소제동 305-138,36.33451631,127.4409817,,전용주,042-271-4871,대전광역시 동구청,2023-12-01
소제동141,1,,대전광역시 동구 소제동 305-187,36.33478548,127.440616,,한전주,042-271-4871,대전광역시 동구청,2023-12-01
소제동142,1,,대전광역시 동구 소제동 305-433,36.33414683,127.4403199,,한전주,042-271-4871,대전광역시 동구청,2023-12-01
소제동143,1,,대전광역시 동구 소제동 305-444,36.33399434,127.4400202,,한전주,042-271-4871,대전광역시 동구청,2023-12-01
소제동144,1,,대전광역시 동구 소제동 305-97,36.33459195,127.4402135,,한전주,042-271-4871,대전광역시 동구청,2023-12-01
소제동145,1,,대전광역시 동구 소제동 305-563,36.33480735,127.4402575,,한전주,042-271-4871,대전광역시 동구청,2023-12-01
소제동146,1,,대전광역시 동구 소제동 305-91,36.33491202,127.4401231,,건축물,042-271-4871,대전광역시 동구청,2023-12-01
소제동147,1,,대전광역시 동구 소제동 299-437,36.33489729,127.4397683,,한전주,042-271-4871,대전광역시 동구청,2023-12-01
소제동148,1,,대전광역시 동구 소제동 299-374,36.33464578,127.4396911,,건축물,042-271-4871,대전광역시 동구청,2023-12-01
소제동149,1,,대전광역시 동구 소제동 299-122,36.33508164,127.439777,,한전주,042-271-4871,대전광역시 동구청,2023-12-01
소제동150,1,,대전광역시 동구 소제동 305-88,36.33506887,127.4404300484,,한전주,042-271-4871,대전광역시 동구청,2023-12-01
소제동151,1,,대전광역시 동구 소제동 305-81,36.33531387,127.4398267,,한전주,042-271-4871,대전광역시 동구청,2023-12-01
소제동152,1,,대전광역시 동구 소제동 305-596,36.33565863,127.4400541,,건축물,042-271-4871,대전광역시 동구청,2023-12-01
소제동153,1,,대전광역시 동구 소제동 305-597,36.33557907,127.4400005,,건축물,042-271-4871,대전광역시 동구청,2023-12-01
소제동154,1,,대전광역시 동구 소제동 305-178,36.33567262,127.4395328,,한전주,042-271-4871,대전광역시 동구청,2023-12-01
소제동155,1,,대전광역시 동구 소제동 305-71,36.33580627,127.4396782,,한전주,042-271-4871,대전광역시 동구청,2023-12-01
소제동156,1,,대전광역시 동구 소제동 305-29,36.3360814,127.4395331,,건축물,042-271-4871,대전광역시 동구청,2023-12-01
소제동157,1,,대전광역시 동구 소제동 305-550,36.33694054,127.4389798,,건축물,042-271-4871,대전광역시 동구청,2023-12-01
소제동158,1,,대전광역시 동구 소제동 305-546,36.33698903,127.4391488,,전용주,042-271-4871,대전광역시 동구청,2023-12-01
소제동159,1,,대전광역시 동구 소제동 305-194,36.33729888,127.4388476,,전용주,042-271-4871,대전광역시 동구청,2023-12-01
소제동160,1,,대전광역시 동구 소제동 305-200,36.33745624,127.4391857,,한전주,042-271-4871,대전광역시 동구청,2023-12-01
소제동161,1,,대전광역시 동구 소제동 305-204,36.3373886,127.4392501,,한전주,042-271-4871,대전광역시 동구청,2023-12-01
소제동162,1,,대전광역시 동구 소제동 308,36.33756887,127.4388483,,건축물,042-271-4871,대전광역시 동구청,2023-12-01
소제동163,1,,대전광역시 동구 소제동 305-197,36.33755471,127.4390483,,한전주,042-271-4871,대전광역시 동구청,2023-12-01
소제동164,1,,대전광역시 동구 소제동 305-222,36.33731858,127.4394944,,한전주,042-271-4871,대전광역시 동구청,2023-12-01
소제동165,1,,대전광역시 동구 소제동 305-1,36.33687995,127.4394778,,한전주,042-271-4871,대전광역시 동구청,2023-12-01
소제동166,1,,대전광역시 동구 소제동 305-236,36.33694598,127.4398534,,전용주,042-271-4871,대전광역시 동구청,2023-12-01
소제동167,1,,대전광역시 동구 소제동 305-561,36.33694795,127.4402242,,전용주,042-271-4871,대전광역시 동구청,2023-12-01
소제동168,1,,대전광역시 동구 소제동 305-639,36.33705977,127.440717,,한전주,042-271-4871,대전광역시 동구청,2023-12-01
소제동169,1,,대전광역시 동구 소제동 305-632,36.33688673,127.4407201,,한전주,042-271-4871,대전광역시 동구청,2023-12-01
소제동170,1,,대전광역시 동구 소제동 305-501,36.33650606,127.4411625,,한전주,042-271-4871,대전광역시 동구청,2023-12-01
소제동171,1,,대전광역시 동구 소제동 305-295,36.3364354,127.4416289,,건축물,042-271-4871,대전광역시 동구청,2023-12-01
소제동172,1,,대전광역시 동구 소제동 305-482,36.33653463,127.4416013,,건축물,042-271-4871,대전광역시 동구청,2023-12-01
소제동174,1,,대전광역시 동구 소제동 305-488,36.33509654,127.441577,,한전주,042-271-4871,대전광역시 동구청,2023-12-01
소제동175,1,,대전광역시 동구 소제동 305-128,36.33483572,127.4415096,,한전주,042-271-4871,대전광역시 동구청,2023-12-01
소제동176,1,,대전광역시 동구 소제동 305-493,36.33474932,127.4413568,,전용주,042-271-4871,대전광역시 동구청,2023-12-01
소제동177,1,,대전광역시 동구 소제동 305-235,36.33713769,127.4397698,,전용주,042-271-4871,대전광역시 동구청,2023-12-01
소제동187,1,,대전광역시 동구 소제동 320-2,36.33354752,127.4395899,,전용주,042-271-4871,대전광역시 동구청,2023-12-01
소제동188,1,,대전광역시 동구 소제동 305-389,36.33548597,127.4415428,,전용주,042-271-4871,대전광역시 동구청,2023-12-01
소제동189,1,,대전광역시 동구 소제동 305-313,36.33606283,127.4401209,,한전주,042-271-4871,대전광역시 동구청,2023-12-01
소제동190,1,,대전광역시 동구 소제동 312-1,36.33565653,127.4351881,,전용주,042-271-4871,대전광역시 동구청,2023-12-01
소제동192,1,,대전광역시 동구 소제동 305-137,36.33441857,127.4410511,,한전주,042-271-4871,대전광역시 동구청,2023-12-01
소제동193,1,,대전광역시 동구 소제동 219-143,36.33511041,127.4417182,,한전주,042-251-4756,대전광역시 동구청,2023-12-01
소제동194,1,,대전광역시 동구 소제동 288-54,36.33268359,127.4384097,,한전주,042-271-4871,대전광역시 동구청,2023-12-01
소제동195,1,,대전광역시 동구 소제동 305-465,36.33553079,127.4421751,,전용주,042-271-4871,대전광역시 동구청,2023-12-01
소제동197,1,,대전광역시 동구 소제동 219-147,36.33250638,127.4408314,,한전주,042-271-4871,대전광역시 동구청,2023-12-01
소제동198,1,,대전광역시 동구 소제동 219-147,36.33250638,127.4408314,,전용주,042-271-4871,대전광역시 동구청,2023-12-01
소제동199,1,,대전광역시 동구 소제동 219-39,36.33358822,127.4411192,,건축물,042-271-4871,대전광역시 동구청,2023-12-01
소제동200,1,,대전광역시 동구 소제동 219,36.33470643,127.4418714,,한전주,042-271-4871,대전광역시 동구청,2023-12-01
소제동201,1,,대전광역시 동구 소제동 219,36.33470643,127.4418714,,한전주,042-271-4871,대전광역시 동구청,2023-12-01
소제동202,1,,대전광역시 동구 소제동 305-95,36.33467405,127.4404346,,전용주,042-271-4871,대전광역시 동구청,2023-12-01
소제동203,1,,대전광역시 동구 소제동 299-56,36.33505977,127.4386902,,한전주,042-271-4871,대전광역시 동구청,2023-12-01
소제동204,1,,대전광역시 동구 소제동 299-47,36.33616627,127.4387287,,건축물,042-271-4871,대전광역시 동구청,2023-12-01
소제동205,1,,대전광역시 동구 소제동 299-553,36.33592491,127.4387838,,전용주,042-271-4871,대전광역시 동구청,2023-12-01
소제동206,1,,대전광역시 동구 소제동 299-509,36.33594977,127.4387397,,전용주,042-271-4871,대전광역시 동구청,2023-12-01
소제동207,1,,대전광역시 동구 소제동 299-444,36.33554915,127.438898,,건축물,042-271-4871,대전광역시 동구청,2023-12-01
소제동208,1,,대전광역시 동구 소제동 299-558,36.33442802,127.4390886,,건축물,042-271-4871,대전광역시 동구청,2023-12-01
소호동001,1,,대전광역시 동구 소호동 87-4,36.26819264,127.4518999962,,한전주,042-271-4871,대전광역시 동구청,2023-12-01
소호동002,1,,대전광역시 동구 소호동 89-4,36.2669517,127.4514723,,한전주,042-271-4871,대전광역시 동구청,2023-12-01
소호동003,1,,대전광역시 동구 소호동 108-1,36.26769776,127.4533419,,한전주,042-271-4871,대전광역시 동구청,2023-12-01
소호동004,1,,대전광역시 동구 소호동 110,36.26779264,127.4537768,,한전주,042-271-4871,대전광역시 동구청,2023-12-01
소호동005,1,,대전광역시 동구 소호동 116,36.26793952,127.4543259,,한전주,042-271-4871,대전광역시 동구청,2023-12-01
소호동006,1,,대전광역시 동구 소호동 119,36.26813674,127.4545056,,한전주,042-271-4871,대전광역시 동구청,2023-12-01
소호동007,1,,대전광역시 동구 소호동 85-1,36.26825441,127.454726,,한전주,042-271-4871,대전광역시 동구청,2023-12-01
소호동008,1,,대전광역시 동구 소호동 132-2,36.26811733,127.4556511,,한전주,042-271-4871,대전광역시 동구청,2023-12-01
소호동009,1,,대전광역시 동구 소호동 81,36.26836302,127.4553601,,한전주,042-271-4871,대전광역시 동구청,2023-12-01
소호동010,1,,대전광역시 동구 소호동 73,36.26850182,127.4558038,,한전주,042-271-4871,대전광역시 동구청,2023-12-01
소호동011,1,,대전광역시 동구 소호동 554,36.2671453,127.4533862,,한전주,042-271-4871,대전광역시 동구청,2023-12-01
소호동012,1,,대전광역시 동구 소호동 144,36.26737382,127.4548544,,한전주,042-271-4871,대전광역시 동구청,2023-12-01
소호동013,1,,대전광역시 동구 소호동 131-2,36.26775128,127.455956,,한전주,042-271-4871,대전광역시 동구청,2023-12-01
소호동014,1,,대전광역시 동구 소호동 150-2,36.26734683,127.4544619,,한전주,042-271-4871,대전광역시 동구청,2023-12-01
소호동015,1,,대전광역시 동구 소호동 145-2,36.26729614,127.4546177,,한전주,042-271-4871,대전광역시 동구청,2023-12-01
소호동016,1,,대전광역시 동구 소호동 산11-9,36.26439938,127.4501318,,한전주,042-271-4871,대전광역시 동구청,2023-12-01
소호동017,1,,대전광역시 동구 소호동 315-3,36.26397897,127.4498366,,한전주,042-271-4871,대전광역시 동구청,2023-12-01
소호동018,1,,대전광역시 동구 소호동 311,36.26329169,127.4498485,,한전주,042-271-4871,대전광역시 동구청,2023-12-01
소호동019,1,,대전광역시 동구 소호동 327,36.26325962,127.4508608,,한전주,042-271-4871,대전광역시 동구청,2023-12-01
소호동020,1,,대전광역시 동구 소호동 326,36.26351236,127.4509205,,한전주,042-271-4871,대전광역시 동구청,2023-12-01
소호동021,1,,대전광역시 동구 소호동 325,36.26356381,127.4511377,,한전주,042-271-4871,대전광역시 동구청,2023-12-01
소호동022,1,,대전광역시 동구 소호동 322-3,36.26282071,127.4506786,,한전주,042-271-4871,대전광역시 동구청,2023-12-01
소호동023,1,,대전광역시 동구 소호동 268-1,36.26116792,127.4503975,,한전주,042-271-4871,대전광역시 동구청,2023-12-01
소호동024,1,,대전광역시 동구 소호동 197-2,36.25949776,127.4515561,,한전주,042-271-4871,대전광역시 동구청,2023-12-01
소호동025,1,,대전광역시 동구 소호동 199-1,36.25871626,127.4524902,,한전주,042-271-4871,대전광역시 동구청,2023-12-01
소호동026,1,,대전광역시 동구 소호동 201-2,36.25748876,127.4527922,,한전주,042-271-4871,대전광역시 동구청,2023-12-01
소호동027,1,,대전광역시 동구 소호동 225-1,36.25499677,127.4559758,,한전주,042-271-4871,대전광역시 동구청,2023-12-01
소호동028,1,,대전광역시 동구 소호동 52-3,36.25431935,127.4571244,,한전주,042-271-4871,대전광역시 동구청,2023-12-01
소호동029,1,,대전광역시 동구 소호동 48-1,36.25351869,127.4584957,,한전주,042-271-4871,대전광역시 동구청,2023-12-01
소호동030,1,,대전광역시 동구 소호동 23-2,36.25262869,127.458978,,한전주,042-271-4871,대전광역시 동구청,2023-12-01
소호동031,1,,대전광역시 동구 소호동 24-6,36.2520271,127.4596114,,한전주,042-271-4871,대전광역시 동구청,2023-12-01
소호동032,1,,대전광역시 동구 소호동 550-3,36.25251819,127.4589666,,한전주,042-271-4871,대전광역시 동구청,2023-12-01
소호동033,1,,대전광역시 동구 소호동 25-1,36.25161765,127.4603417,,한전주,042-271-4871,대전광역시 동구청,2023-12-01
소호동034,1,,대전광역시 동구 소호동 28-3,36.25130736,127.4609819,,한전주,042-271-4871,대전광역시 동구청,2023-12-01
소호동035,1,,대전광역시 동구 소호동 26-8,36.25178947,127.4608581,,한전주,042-271-4871,대전광역시 동구청,2023-12-01
소호동036,1,,대전광역시 동구 소호동 32,36.2520937,127.4617613,,한전주,042-271-4871,대전광역시 동구청,2023-12-01
소호동037,1,,대전광역시 동구 소호동 32,36.2520937,127.4617613,,한전주,042-271-4871,대전광역시 동구청,2023-12-01
소호동038,1,,대전광역시 동구 소호동 32,36.2520937,127.4617613,,한전주,042-271-4871,대전광역시 동구청,2023-12-01
소호동039,1,,대전광역시 동구 소호동 2,36.25129392,127.4625413,,한전주,042-271-4871,대전광역시 동구청,2023-12-01
소호동040,1,,대전광역시 동구 소호동 11-2,36.25030912,127.4624977,,한전주,042-271-4871,대전광역시 동구청,2023-12-01
소호동041,1,,대전광역시 동구 소호동 11-2,36.25030912,127.4624977,,한전주,042-271-4871,대전광역시 동구청,2023-12-01
소호동042,1,,대전광역시 동구 소호동 11-8,36.25074603,127.4616766,,한전주,042-271-4871,대전광역시 동구청,2023-12-01
소호동043,1,,대전광역시 동구 소호동 11-8,36.25074603,127.4616766,,한전주,042-271-4871,대전광역시 동구청,2023-12-01
소호동044,1,,대전광역시 동구 소호동 439-4,36.2651136,127.4413232,,전용주,042-271-4871,대전광역시 동구청,2023-12-01
소호동045,1,,대전광역시 동구 소호동 536-1,36.264779,127.4395599,,한전주,042-271-4871,대전광역시 동구청,2023-12-01
소호동046,1,,대전광역시 동구 소호동 523-2,36.26462872,127.4388873,,한전주,042-271-4871,대전광역시 동구청,2023-12-01
소호동047,1,,대전광역시 동구 소호동 523-1,36.26482908,127.4388556,,전용주,042-271-4871,대전광역시 동구청,2023-12-01
소호동048,1,,대전광역시 동구 소호동 535-1,36.26492903,127.439123,,전용주,042-271-4871,대전광역시 동구청,2023-12-01
소호동049,1,,대전광역시 동구 소호동 537-1,36.2650675,127.439601,,한전주,042-271-4871,대전광역시 동구청,2023-12-01
소호동050,1,,대전광역시 동구 소호동 543,36.26538441,127.4391921,,한전주,042-271-4871,대전광역시 동구청,2023-12-01
소호동051,1,,대전광역시 동구 소호동 540-2,36.26535059,127.4399853,,한전주,042-271-4871,대전광역시 동구청,2023-12-01
소호동052,1,,대전광역시 동구 소호동 540-2,36.26535059,127.4399853,,한전주,042-271-4871,대전광역시 동구청,2023-12-01
소호동053,1,,대전광역시 동구 소호동 537-3,36.26483209,127.4398262,,한전주,042-271-4871,대전광역시 동구청,2023-12-01
소호동054,1,,대전광역시 동구 소호동 501-2,36.26401023,127.4398438,,한전주,042-271-4871,대전광역시 동구청,2023-12-01
소호동055,1,,대전광역시 동구 소호동 518-1,36.26390894,127.4392800262,,한전주,042-271-4871,대전광역시 동구청,2023-12-01
소호동056,1,,대전광역시 동구 소호동 518-3,36.26341714,127.4387945,,한전주,042-271-4871,대전광역시 동구청,2023-12-01
소호동057,1,,대전광역시 동구 소호동 518-5,36.26304391,127.4385392,,한전주,042-271-4871,대전광역시 동구청,2023-12-01
소호동058,1,,대전광역시 동구 소호동 491-1,36.26219289,127.4393807,,한전주,042-271-4871,대전광역시 동구청,2023-12-01
소호동059,1,,대전광역시 동구 소호동 492-2,36.26141814,127.4396519,,한전주,042-271-4871,대전광역시 동구청,2023-12-01
소호동060,1,,대전광역시 동구 소호동 산33-2,36.2605649,127.4382677,,한전주,042-271-4871,대전광역시 동구청,2023-12-01
소호동061,1,,대전광역시 동구 소호동 산33-2,36.2605649,127.4382677,,한전주,042-271-4871,대전광역시 동구청,2023-12-01
소호동062,1,,대전광역시 동구 소호동 산33-2,36.2605649,127.4382677,,한전주,042-271-4871,대전광역시 동구청,2023-12-01
소호동063,1,,대전광역시 동구 소호동 315,36.26390881,127.4496334,,한전주,042-271-4871,대전광역시 동구청,2023-12-01
소호동064,1,,대전광역시 동구 소호동 14,36.25102104,127.4609331,,전용주,042-271-4871,대전광역시 동구청,2023-12-01
소호동065,1,,대전광역시 동구 소호동 산 33-1,36.2621593,127.4400353,,한전주,042-271-4871,대전광역시 동구청,2023-12-01
신상동001,1,,대전광역시 동구 신상동 282,36.35359044,127.4980431,,한전주,042-271-4871,대전광역시 동구청,2023-12-01
신상동002,1,,대전광역시 동구 신상동 292-13,36.35407644,127.4970499761,,한전주,042-271-4871,대전광역시 동구청,2023-12-01
신상동003,1,,대전광역시 동구 신하동 691-3,36.35421016,127.4960521,,한전주,042-271-4871,대전광역시 동구청,2023-12-01
신상동004,1,,대전광역시 동구 신상동 산 39-7,36.35423406,127.4945137,,한전주,042-271-4871,대전광역시 동구청,2023-12-01
신상동005,1,,대전광역시 동구 신상동 산39-7,36.35423406,127.4945137,,한전주,042-271-4871,대전광역시 동구청,2023-12-01
신상동006,1,,대전광역시 동구 신상동 산39-1,36.35302048,127.4931752,,한전주,042-271-4871,대전광역시 동구청,2023-12-01
신상동007,1,,대전광역시 동구 신상동 산39-1,36.35302048,127.4931752,,한전주,042-271-4871,대전광역시 동구청,2023-12-01
신상동008,1,,대전광역시 동구 신상동 산39-1,36.35302048,127.4931752,,한전주,042-271-4871,대전광역시 동구청,2023-12-01
신상동009,1,,대전광역시 동구 신상동 319,36.35410009,127.4931523,,한전주,042-271-4871,대전광역시 동구청,2023-12-01
신상동010,1,,대전광역시 동구 신상동 324-1,36.3544407,127.4924591,,한전주,042-271-4871,대전광역시 동구청,2023-12-01
신상동011,1,,대전광역시 동구 신상동 311-1,36.35505742,127.4922074,,한전주,042-271-4871,대전광역시 동구청,2023-12-01
신상동012,1,,대전광역시 동구 신상동 314,36.35476882,127.4924374,,한전주,042-271-4871,대전광역시 동구청,2023-12-01
신상동013,1,,대전광역시 동구 신상동 300-10,36.35578518,127.4920823,,한전주,042-271-4871,대전광역시 동구청,2023-12-01
신상동014,1,,대전광역시 동구 신상동 300-5,36.3562894,127.4922753,,한전주,042-271-4871,대전광역시 동구청,2023-12-01
신상동015,1,,대전광역시 동구 신상동 280-9,36.35381083,127.4989866,,전용주,042-271-4871,대전광역시 동구청,2023-12-01
신상동016,1,,대전광역시 동구 신상동 280-9,36.35381083,127.4989866,,한전주,042-271-4871,대전광역시 동구청,2023-12-01
신상동017,1,,대전광역시 동구 신상동 280-5,36.35382007,127.4992777,,한전주,042-271-4871,대전광역시 동구청,2023-12-01
신상동018,1,,대전광역시 동구 신상동 278-6,36.35296497,127.4992932,,한전주,042-271-4871,대전광역시 동구청,2023-12-01
신상동019,1,,대전광역시 동구 신상동 278-6,36.35296497,127.4992932,,한전주,042-271-4871,대전광역시 동구청,2023-12-01
신상동020,1,,대전광역시 동구 신상동 273-3,36.35242666,127.4996274,,한전주,042-271-4871,대전광역시 동구청,2023-12-01
신상동021,1,,대전광역시 동구 신상동 272,36.35233094,127.5016533,,한전주,042-271-4871,대전광역시 동구청,2023-12-01
신상동022,1,,대전광역시 동구 신상동 643,36.35190307,127.5043717,,한전주,042-271-4871,대전광역시 동구청,2023-12-01
신상동023,1,,대전광역시 동구 신상동 산31-4,36.35159733,127.5119809,,한전주,042-271-4871,대전광역시 동구청,2023-12-01
신상동024,1,,대전광역시 동구 신상동 160,36.35168393,127.513119,,한전주,042-271-4871,대전광역시 동구청,2023-12-01
신상동025,1,,대전광역시 동구 신상동 산31-1,36.35384714,127.5122121,,한전주,042-271-4871,대전광역시 동구청,2023-12-01
신상동026,1,,대전광역시 동구 신상동 산31-1,36.35384714,127.5122121,,한전주,042-271-4871,대전광역시 동구청,2023-12-01
신상동027,1,,대전광역시 동구 신상동 산30-1,36.35441214,127.5146569,,한전주,042-271-4871,대전광역시 동구청,2023-12-01
신상동028,1,,대전광역시 동구 신상동 148-4,36.35397854,127.5163985,,한전주,042-271-4871,대전광역시 동구청,2023-12-01
신상동029,1,,대전광역시 동구 신상동 148-4,36.35397854,127.5163985,,한전주,042-271-4871,대전광역시 동구청,2023-12-01
신상동030,1,,대전광역시 동구 신상동 148-2,36.35463936,127.5170461,,한전주,042-271-4871,대전광역시 동구청,2023-12-01
신상동031,1,,대전광역시 동구 신상동 75-1,36.35541453,127.5174668,,한전주,042-271-4871,대전광역시 동구청,2023-12-01
신상동032,1,,대전광역시 동구 신상동 78,36.3549859,127.5178288,,한전주,042-271-4871,대전광역시 동구청,2023-12-01
신상동033,1,,대전광역시 동구 신상동 76-2,36.35515347,127.5176519,,한전주,042-271-4871,대전광역시 동구청,2023-12-01
신상동034,1,,대전광역시 동구 신상동 81,36.3552736,127.5182751,,한전주,042-271-4871,대전광역시 동구청,2023-12-01
신상동035,1,,대전광역시 동구 신상동 70-1,36.35571806,127.5179614,,한전주,042-271-4871,대전광역시 동구청,2023-12-01
신상동036,1,,대전광역시 동구 신상동 39-1,36.35989902,127.5192732,,한전주,042-271-4871,대전광역시 동구청,2023-12-01
신상동037,1,,대전광역시 동구 신상동 산13-1,36.3498729,127.4999414,,한전주,042-271-4871,대전광역시 동구청,2023-12-01
신상동038,1,,대전광역시 동구 신상동 249,36.34982394,127.4983893,,한전주,042-271-4871,대전광역시 동구청,2023-12-01
신상동039,1,,대전광역시 동구 신상동 산14-5,36.34808484,127.4989368,,한전주,042-271-4871,대전광역시 동구청,2023-12-01
신상동040,1,,대전광역시 동구 신상동 228-4,36.34724236,127.497954,,한전주,042-271-4871,대전광역시 동구청,2023-12-01
신상동041,1,,대전광역시 동구 신상동 228-4,36.34724236,127.497954,,한전주,042-271-4871,대전광역시 동구청,2023-12-01
신상동042,1,,대전광역시 동구 신상동 228-4,36.34724236,127.497954,,한전주,042-271-4871,대전광역시 동구청,2023-12-01
신상동043,1,,대전광역시 동구 신상동 366-8,36.34815884,127.4950359,,한전주,042-271-4871,대전광역시 동구청,2023-12-01
신상동044,1,,대전광역시 동구 신상동 산47-1,36.34944954,127.4915161,,한전주,042-271-4871,대전광역시 동구청,2023-12-01
신상동045,1,,대전광역시 동구 신상동 374,36.34993512,127.4920534,,한전주,042-271-4871,대전광역시 동구청,2023-12-01
신상동046,1,,대전광역시 동구 신상동 373,36.35026252,127.4915382,,한전주,042-271-4871,대전광역시 동구청,2023-12-01
신상동047,1,,대전광역시 동구 신상동 산46-3,36.35033792,127.4916121,,한전주,042-271-4871,대전광역시 동구청,2023-12-01
신상동048,1,,대전광역시 동구 신상동 374-2,36.35036228,127.4906641,,한전주,042-271-4871,대전광역시 동구청,2023-12-01
신상동049,1,,대전광역시 동구 신상동 374-2,36.35036228,127.4906641,,한전주,042-271-4871,대전광역시 동구청,2023-12-01
신상동050,1,,대전광역시 동구 신상동 산48-2,36.34911663,127.4899576,,한전주,042-271-4871,대전광역시 동구청,2023-12-01
신상동051,1,,대전광역시 동구 신상동 산48-2,36.34911663,127.4899576,,한전주,042-271-4871,대전광역시 동구청,2023-12-01
신상동052,1,,대전광역시 동구 신상동 399-1,36.34962968,127.4893963,,한전주,042-271-4871,대전광역시 동구청,2023-12-01
신상동053,1,,대전광역시 동구 신상동 292-10,36.3490876,127.4890714,,한전주,042-271-4871,대전광역시 동구청,2023-12-01
신상동054,1,,대전광역시 동구 신상동 292-9,36.34887901,127.4892402,,한전주,042-271-4871,대전광역시 동구청,2023-12-01
신상동055,1,,대전광역시 동구 신상동 383,36.34742512,127.4885441,,한전주,042-271-4871,대전광역시 동구청,2023-12-01
신상동056,1,,대전광역시 동구 신상동 383-1,36.34734027,127.4885114,,한전주,042-271-4871,대전광역시 동구청,2023-12-01
신상동057,1,,대전광역시 동구 신상동 383-2,36.34738194,127.4887001,,한전주,042-271-4871,대전광역시 동구청,2023-12-01
신상동058,1,,대전광역시 동구 신상동 397-1,36.34960474,127.4883956,,한전주,042-271-4871,대전광역시 동구청,2023-12-01
신상동059,1,,대전광역시 동구 신상동 389-7,36.34947577,127.4875412,,한전주,042-271-4871,대전광역시 동구청,2023-12-01
신상동060,1,,대전광역시 동구 신상동 389-33,36.34952447,127.4870477,,한전주,042-271-4871,대전광역시 동구청,2023-12-01
신상동061,1,,대전광역시 동구 신상동 389-10,36.34912802,127.4869414,,한전주,042-271-4871,대전광역시 동구청,2023-12-01
신상동062,1,,대전광역시 동구 신상동 389-12,36.34917035,127.4874338,,한전주,042-271-4871,대전광역시 동구청,2023-12-01
신상동063,1,,대전광역시 동구 신상동 389,36.34860603,127.4871263,,한전주,042-271-4871,대전광역시 동구청,2023-12-01
신상동064,1,,대전광역시 동구 신상동 산51-16,36.34880409,127.4871094,,한전주,042-271-4871,대전광역시 동구청,2023-12-01
신상동065,1,,대전광역시 동구 신상동 389-21,36.34849326,127.4868045,,한전주,042-271-4871,대전광역시 동구청,2023-12-01
신상동066,1,,대전광역시 동구 신상동 389-26,36.34810335,127.4865095,,한전주,042-271-4871,대전광역시 동구청,2023-12-01
신상동067,1,,대전광역시 동구 신상동 387-1,36.34792264,127.4870902,,한전주,042-271-4871,대전광역시 동구청,2023-12-01
신상동068,1,,대전광역시 동구 신상동 387,36.34764313,127.4869488,,한전주,042-271-4871,대전광역시 동구청,2023-12-01
신상동069,1,,대전광역시 동구 신상동 77-3,36.35503708,127.5174419,,한전주,042-271-4871,대전광역시 동구청,2023-12-01
신상동073,1,,대전광역시 동구 신상동 282-4,36.35433212,127.4984126,,한전주,042-271-4871,대전광역시 동구청,2023-12-01
신상동074,1,,대전광역시 동구 신상동 282-4,36.35453741,127.4983471,,한전주,042-271-4871,대전광역시 동구청,2023-12-01
신상동075,1,,대전광역시 동구 신상동 291-3,36.35413482,127.4963857,,한전주,042-271-4871,대전광역시 동구청,2023-12-01
신상동076,1,,대전광역시 동구 신하동 690-4,36.35424763,127.4955128,,한전주,042-271-4871,대전광역시 동구청,2023-12-01
신상동081,1,,대전광역시 동구 신상동 286-5,36.35409852,127.4976588,,한전주,042-271-4871,대전광역시 동구청,2023-12-01
신상동082,1,,대전광역시 동구 신상동 281,36.35382919,127.4986143,,한전주,042-271-4871,대전광역시 동구청,2023-12-01
신상동083,1,,대전광역시 동구 신상동 281,36.35382919,127.4986143,,한전주,042-271-4871,대전광역시 동구청,2023-12-01
신상동084,1,,대전광역시 동구 신상동 281,36.35382919,127.4986143,,한전주,042-271-4871,대전광역시 동구청,2023-12-01
신상동085,1,,대전광역시 동구 신상동 674,36.35338009,127.4914668,,한전주,042-271-4871,대전광역시 동구청,2023-12-01
신안동001,1,,대전광역시 동구 신안동 249-12,36.32977787,127.4394797,,한전주,042-271-4871,대전광역시 동구청,2023-12-01
신안동003,1,,대전광역시 동구 신안동 250-1,36.33040931,127.4390173,,건축물,042-271-4871,대전광역시 동구청,2023-12-01
신안동004,1,,대전광역시 동구 신안동 238-4,36.33086262,127.4393812,,한전주,042-271-4871,대전광역시 동구청,2023-12-01
신안동005,1,,대전광역시 동구 신안동 216-23,36.3314696,127.438856,,한전주,042-271-4871,대전광역시 동구청,2023-12-01
신안동006,1,,대전광역시 동구 신안동 216-19,36.331391,127.4389582,,전용주,042-271-4871,대전광역시 동구청,2023-12-01
신안동007,1,,대전광역시 동구 신안동 222-13,36.33173799,127.438702,,전용주,042-271-4871,대전광역시 동구청,2023-12-01
신안동008,1,,대전광역시 동구 신안동 216-18,36.33154015,127.4389321,,한전주,042-271-4871,대전광역시 동구청,2023-12-01
신안동009,1,,대전광역시 동구 신안동 222-15,36.33173527,127.438854,,건축물,042-271-4871,대전광역시 동구청,2023-12-01
신안동010,1,,대전광역시 동구 신안동 222-16,36.33226231,127.4388699,,한전주,042-271-4871,대전광역시 동구청,2023-12-01
신안동012,1,,대전광역시 동구 신안동 225-12,36.33249809,127.4383463,,한전주,042-271-4871,대전광역시 동구청,2023-12-01
신안동013,1,,대전광역시 동구 신안동 225-2,36.3327017,127.4387278,,한전주,042-271-4871,대전광역시 동구청,2023-12-01
신안동014,1,,대전광역시 동구 신안동 225-13,36.33255009,127.438444,,전용주,042-271-4871,대전광역시 동구청,2023-12-01
신안동015,1,,대전광역시 동구 신안동 224-3,36.33189632,127.4377936,,한전주,042-271-4871,대전광역시 동구청,2023-12-01
신안동016,1,,대전광역시 동구 신안동 230-3,36.3316506,127.4376889,,한전주,042-271-4871,대전광역시 동구청,2023-12-01
신안동017,1,,대전광역시 동구 신안동 230-19,36.33155733,127.4375157,,한전주,042-271-4871,대전광역시 동구청,2023-12-01
신안동018,1,,대전광역시 동구 신안동 270-10,36.33135692,127.4371179,,한전주,042-271-4871,대전광역시 동구청,2023-12-01
신안동019,1,,대전광역시 동구 신안동 269-4,36.33156692,127.4369132,,한전주,042-271-4871,대전광역시 동구청,2023-12-01
신안동029,1,,대전광역시 동구 신안동 266-5,36.33055335,127.4372132,,한전주,042-271-4871,대전광역시 동구청,2023-12-01
신안동030,1,,대전광역시 동구 신안동 272-7,36.33066673,127.4371857,,한전주,042-271-4871,대전광역시 동구청,2023-12-01
신안동031,1,,대전광역시 동구 신안동 272-8,36.33083089,127.4370964,,한전주,042-271-4871,대전광역시 동구청,2023-12-01
신안동032,1,,대전광역시 동구 신안동 270-16,36.33101714,127.4370302,,한전주,042-271-4871,대전광역시 동구청,2023-12-01
신안동033,1,,대전광역시 동구 신안동 270-13,36.33124397,127.4368801,,한전주,042-271-4871,대전광역시 동구청,2023-12-01
신안동034,1,,대전광역시 동구 신안동 262-4,36.32992916,127.4371244,,한전주,042-271-4871,대전광역시 동구청,2023-12-01
신안동035,1,,대전광역시 동구 신안동 260-13,36.3298929,127.4371823,,한전주,042-271-4871,대전광역시 동구청,2023-12-01
신안동036,1,,대전광역시 동구 신안동 278-4,36.32963762,127.437029,,한전주,042-271-4871,대전광역시 동구청,2023-12-01
신안동037,1,,대전광역시 동구 신안동 278-2,36.32922328,127.4370224,,한전주,042-271-4871,대전광역시 동구청,2023-12-01
신안동038,1,,대전광역시 동구 신안동 281-14,36.32954907,127.4375608,,한전주,042-271-4871,대전광역시 동구청,2023-12-01
신안동039,1,,대전광역시 동구 신안동 280-1,36.32966705,127.4372116,,한전주,042-271-4871,대전광역시 동구청,2023-12-01
신안동040,1,,대전광역시 동구 신안동 260-2,36.32995028,127.437288,,건축물,042-271-4871,대전광역시 동구청,2023-12-01
신안동041,1,,대전광역시 동구 신안동 259-4,36.33010025,127.4374076,,한전주,042-271-4871,대전광역시 동구청,2023-12-01
신안동042,1,,대전광역시 동구 신안동 257-5,36.33012228,127.4376931,,한전주,042-271-4871,대전광역시 동구청,2023-12-01
신안동043,1,,대전광역시 동구 신안동 255-6,36.32985617,127.4375177,,건축물,042-271-4871,대전광역시 동구청,2023-12-01
신안동044,1,,대전광역시 동구 신안동 254-24,36.32993539,127.4380316,,한전주,042-271-4871,대전광역시 동구청,2023-12-01
신안동045,1,,대전광역시 동구 신안동 254-13,36.32981722,127.4380144,,건축물,042-271-4871,대전광역시 동구청,2023-12-01
신안동046,1,,대전광역시 동구 신안동 235-11,36.33037092,127.4382319,,한전주,042-251-4756,대전광역시 동구청,2023-12-01
신안동047,1,,대전광역시 동구 신안동 254-8,36.33004417,127.4382275,,한전주,042-271-4871,대전광역시 동구청,2023-12-01
신안동048,1,,대전광역시 동구 신안동 236-4,36.33032927,127.438408,,한전주,042-271-4871,대전광역시 동구청,2023-12-01
신안동049,1,,대전광역시 동구 신안동 236-3,36.33041008,127.4385371,,한전주,042-271-4871,대전광역시 동구청,2023-12-01
신안동050,1,,대전광역시 동구 신안동 249-21,36.32981929,127.4387528,,한전주,042-271-4871,대전광역시 동구청,2023-12-01
신안동051,1,,대전광역시 동구 신안동 254-25,36.33002195,127.4386084,,전용주,042-271-4871,대전광역시 동구청,2023-12-01
신안동052,1,,대전광역시 동구 신안동 284-6,36.32938341,127.4384295,,한전주,042-271-4871,대전광역시 동구청,2023-12-01
신안동053,1,,대전광역시 동구 신안동 286-6,36.32969881,127.4387518,,전용주,042-271-4871,대전광역시 동구청,2023-12-01
신안동054,1,,대전광역시 동구 신안동 285-6,36.32958865,127.4380986,,한전주,042-271-4871,대전광역시 동구청,2023-12-01
신안동055,1,,대전광역시 동구 신안동 254-19,36.32968985,127.4380746,,한전주,042-271-4871,대전광역시 동구청,2023-12-01
신안동056,1,,대전광역시 동구 신안동 254-15,36.32979174,127.4376407,,건축물,042-271-4871,대전광역시 동구청,2023-12-01
신안동057,1,,대전광역시 동구 신안동 281-23,36.32930171,127.4373355,,한전주,042-271-4871,대전광역시 동구청,2023-12-01
신안동058,1,,대전광역시 동구 신안동 282-1,36.3291359,127.4375064,,전용주,042-271-4871,대전광역시 동구청,2023-12-01
신안동059,1,,대전광역시 동구 신안동 281-6,36.32928899,127.4380792,,한전주,042-271-4871,대전광역시 동구청,2023-12-01
신안동060,1,,대전광역시 동구 신안동 284-10,36.32924159,127.4382259,,전용주,042-271-4871,대전광역시 동구청,2023-12-01
신안동061,1,,대전광역시 동구 신안동 282-9,36.32908695,127.4377575,,한전주,042-271-4871,대전광역시 동구청,2023-12-01
신안동062,1,,대전광역시 동구 신안동 282-5,36.32881294,127.4377478,,전용주,042-271-4871,대전광역시 동구청,2023-12-01
신안동063,1,,대전광역시 동구 신안동 282-53,36.32866844,127.4376342,,건축물,042-271-4871,대전광역시 동구청,2023-12-01
신안동064,1,,대전광역시 동구 신안동 282-35,36.32847997,127.4378413,,한전주,042-271-4871,대전광역시 동구청,2023-12-01
신안동065,1,,대전광역시 동구 신안동 293-15,36.32822461,127.4379555,,건축물,042-271-4871,대전광역시 동구청,2023-12-01
신안동067,1,,대전광역시 동구 신안동 283-4,36.32827815,127.4373368,,한전주,042-271-4871,대전광역시 동구청,2023-12-01
신안동068,1,,대전광역시 동구 신안동 283-6,36.32824312,127.437282,,한전주,042-271-4871,대전광역시 동구청,2023-12-01
신안동069,1,,대전광역시 동구 신안동 283-10,36.32803138,127.4370418,,한전주,042-271-4871,대전광역시 동구청,2023-12-01
신안동070,1,,대전광역시 동구 신안동 282-2,36.32913478,127.4370739,,한전주,042-271-4871,대전광역시 동구청,2023-12-01
신안동071,1,,대전광역시 동구 신안동 282-2,36.32913478,127.4370739,,한전주,042-271-4871,대전광역시 동구청,2023-12-01
신안동072,1,,대전광역시 동구 신안동 282-16,36.32903563,127.4381128,,한전주,042-271-4871,대전광역시 동구청,2023-12-01
신안동073,1,,대전광역시 동구 신안동 293-32,36.32847233,127.4382783,,한전주,042-271-4871,대전광역시 동구청,2023-12-01
신안동074,1,,대전광역시 동구 신안동 293-27,36.32833661,127.4385007,,한전주,042-271-4871,대전광역시 동구청,2023-12-01
신안동075,1,,대전광역시 동구 신안동 284-16,36.32909608,127.438316,,한전주,042-271-4871,대전광역시 동구청,2023-12-01
신안동076,1,,대전광역시 동구 신안동 284-32,36.32924121,127.4385757,,한전주,042-271-4871,대전광역시 동구청,2023-12-01
신안동077,1,,대전광역시 동구 신안동 284-1,36.32933947,127.4386154,,한전주,042-271-4871,대전광역시 동구청,2023-12-01
신안동078,1,,대전광역시 동구 신안동 297,36.32801171,127.4376469,,한전주,042-271-4871,대전광역시 동구청,2023-12-01
신안동086,1,,대전광역시 동구 신안동 244-3,36.33102728,127.4401602,,한전주,042-271-4871,대전광역시 동구청,2023-12-01
신안동087,1,,대전광역시 동구 신안동 215-15,36.33136396,127.4402094,,한전주,042-271-4871,대전광역시 동구청,2023-12-01
신안동089,1,,대전광역시 동구 신안동 297-1,36.32806873,127.4376083,,한전주,042-271-4871,대전광역시 동구청,2023-12-01
신안동090,1,,대전광역시 동구 신안동 254-5,36.33002195,127.4386084,,전용주,042-271-4871,대전광역시 동구청,2023-12-01
신안동092,1,,대전광역시 동구 신안동 319-19,36.33019866,127.4368933,,한전주,042-271-4871,대전광역시 동구청,2023-12-01
신안동093,1,,대전광역시 동구 신안동 227-9,36.3318238,127.4372463,,전용주,042-271-4871,대전광역시 동구청,2023-12-01
신안동094,1,,대전광역시 동구 신안동 319-21,36.33189582,127.4370958,,한전주,042-271-4871,대전광역시 동구청,2023-12-01
신안동095,1,,대전광역시 동구 신안동 227-3,36.33189667,127.4376245,,한전주,042-251-4756,대전광역시 동구청,2023-12-01
신안동096,1,,대전광역시 동구 신안동 319-21,36.33189582,127.4370958,,한전주,042-251-4756,대전광역시 동구청,2023-12-01
신안동097,1,,대전광역시 동구 신안동 218-6,36.33180449,127.4400777,,전용주,042-271-4871,대전광역시 동구청,2023-12-01
신안동098,1,,대전광역시 동구 신안동 293-3,36.32819039,127.4375798,,한전주,042-271-4871,대전광역시 동구청,2023-12-01
신안동099,1,,대전광역시 동구 신안동 229-12,36.33182382,127.4373893,,건축물,042-271-4871,대전광역시 동구청,2023-12-01
신촌동001,1,,대전광역시 동구 신촌동 91,36.3753375,127.5132858,,한전주,042-271-4871,대전광역시 동구청,2023-12-01
신촌동002,1,,대전광역시 동구 신촌동 산15-9,36.37468259,127.5140789,,한전주,042-271-4871,대전광역시 동구청,2023-12-01
신촌동003,1,,대전광역시 동구 신촌동 96,36.37436485,127.5147595,,한전주,042-271-4871,대전광역시 동구청,2023-12-01
신촌동004,1,,대전광역시 동구 신촌동 98,36.37387362,127.515614,,한전주,042-271-4871,대전광역시 동구청,2023-12-01
신촌동005,1,,대전광역시 동구 신촌동 98,36.37387362,127.515614,,한전주,042-271-4871,대전광역시 동구청,2023-12-01
신촌동006,1,,대전광역시 동구 신촌동 100,36.37322002,127.5164679,,한전주,042-271-4871,대전광역시 동구청,2023-12-01
신촌동007,1,,대전광역시 동구 신촌동 102,36.37289359,127.5167474,,한전주,042-271-4871,대전광역시 동구청,2023-12-01
신촌동008,1,,대전광역시 동구 신촌동 706,36.37259865,127.5170077,,한전주,042-251-4756,대전광역시 동구청,2023-12-01
신촌동009,1,,대전광역시 동구 신촌동 706,36.37259865,127.5170077,,한전주,042-271-4871,대전광역시 동구청,2023-12-01
신촌동010,1,,대전광역시 동구 신촌동 429-2,36.37532893,127.5037662,,한전주,042-271-4871,대전광역시 동구청,2023-12-01
신촌동011,1,,대전광역시 동구 신촌동 415-5,36.37481346,127.5041599,,한전주,042-271-4871,대전광역시 동구청,2023-12-01
신촌동012,1,,대전광역시 동구 신촌동 415-10,36.37436059,127.5043742,,한전주,042-271-4871,대전광역시 동구청,2023-12-01
신촌동013,1,,대전광역시 동구 신촌동 410,36.37386609,127.5045731,,한전주,042-271-4871,대전광역시 동구청,2023-12-01
신촌동014,1,,대전광역시 동구 신촌동 362-6,36.37742707,127.5041798,,한전주,042-271-4871,대전광역시 동구청,2023-12-01
신촌동015,1,,대전광역시 동구 신촌동 산16-3,36.37482109,127.5104776,,한전주,042-271-4871,대전광역시 동구청,2023-12-01
신촌동016,1,,대전광역시 동구 신촌동 산16-3,36.37482109,127.5104776,,한전주,042-271-4871,대전광역시 동구청,2023-12-01
신촌동017,1,,대전광역시 동구 신촌동 59-4,36.37376226,127.5102989,,한전주,042-271-4871,대전광역시 동구청,2023-12-01
신촌동018,1,,대전광역시 동구 신촌동 59-4,36.37376226,127.5102989,,한전주,042-271-4871,대전광역시 동구청,2023-12-01
신촌동019,1,,대전광역시 동구 신촌동 58-2,36.37265726,127.5097621,,한전주,042-271-4871,대전광역시 동구청,2023-12-01
신촌동020,1,,대전광역시 동구 신촌동 48,36.37215394,127.5096218,,한전주,042-271-4871,대전광역시 동구청,2023-12-01
신촌동021,1,,대전광역시 동구 신촌동 58-2,36.37265726,127.5097621,,한전주,042-271-4871,대전광역시 동구청,2023-12-01
신촌동022,1,,대전광역시 동구 신촌동 51,36.3728253,127.5090473,,한전주,042-271-4871,대전광역시 동구청,2023-12-01
신촌동023,1,,대전광역시 동구 신촌동 56,36.37318295,127.5094627,,한전주,042-271-4871,대전광역시 동구청,2023-12-01
신촌동024,1,,대전광역시 동구 신촌동 69-1,36.37415811,127.509983,,한전주,042-271-4871,대전광역시 동구청,2023-12-01
신촌동025,1,,대전광역시 동구 신촌동 43,36.3717812,127.5096074,,한전주,042-271-4871,대전광역시 동구청,2023-12-01
신촌동026,1,,대전광역시 동구 신촌동 411-5,36.37387619,127.503915,,한전주,042-271-4871,대전광역시 동구청,2023-12-01
신촌동027,1,,대전광역시 동구 신촌동 429-2,36.37532893,127.5037662,,한전주,042-271-4871,대전광역시 동구청,2023-12-01
신촌동028,1,,대전광역시 동구 신촌동 436-4,36.37600082,127.5032555,,한전주,042-271-4871,대전광역시 동구청,2023-12-01
신촌동029,1,,대전광역시 동구 신촌동 333-50,36.37671014,127.5026214,,한전주,042-271-4871,대전광역시 동구청,2023-12-01
신촌동030,1,,대전광역시 동구 신촌동 335-10,36.37666305,127.5036825,,한전주,042-271-4871,대전광역시 동구청,2023-12-01
신촌동031,1,,대전광역시 동구 신촌동 110-4,36.37671014,127.5026214,,한전주,042-271-4871,대전광역시 동구청,2023-12-01
신촌동032,1,,대전광역시 동구 신촌동 11,36.37230881,127.5174077,,한전주,042-271-4871,대전광역시 동구청,2023-12-01
신촌동033,1,,대전광역시 동구 신촌동 10,36.37255634,127.5173334,,한전주,042-271-4871,대전광역시 동구청,2023-12-01
신촌동034,1,,대전광역시 동구 신촌동 12-1,36.37205844,127.5178802,,한전주,042-271-4871,대전광역시 동구청,2023-12-01
신촌동035,1,,대전광역시 동구 신촌동 13-1,36.37225456,127.5181644,,한전주,042-271-4871,대전광역시 동구청,2023-12-01
신촌동036,1,,대전광역시 동구 신촌동 산 15-10,36.37460694,127.5107807,,한전주,042-271-4871,대전광역시 동구청,2023-12-01
신촌동037,1,,대전광역시 동구 신촌동 111-8,36.37682461,127.5131523,,한전주,042-271-4871,대전광역시 동구청,2023-12-01
신촌동038,1,,대전광역시 동구 신촌동 112-11,36.37774007,127.5129008,,한전주,042-271-4871,대전광역시 동구청,2023-12-01
신촌동039,1,,대전광역시 동구 신촌동 117-2,36.37857318,127.5125173,,한전주,042-271-4871,대전광역시 동구청,2023-12-01
신촌동040,1,,대전광역시 동구 신촌동 산 6-22,36.37910837,127.5125516,,한전주,042-271-4871,대전광역시 동구청,2023-12-01
신촌동050,1,,대전광역시 동구 신촌동 산 6-34,36.37603123,127.5133436,,한전주,042-271-4871,대전광역시 동구청,2023-12-01
신촌동051,1,,대전광역시 동구 신촌동 산 6-22,36.37910837,127.5125516,,한전주,042-271-4871,대전광역시 동구청,2023-12-01
신촌동052,1,,대전광역시 동구 신촌동 산 6-22,36.37910837,127.5125516,,한전주,042-271-4871,대전광역시 동구청,2023-12-01
신촌동053,1,,대전광역시 동구 신촌동 산 6-30,36.37820066,127.5127453,,한전주,042-271-4871,대전광역시 동구청,2023-12-01
신촌동054,1,,대전광역시 동구 신촌동 112-11,36.37774007,127.5129008,,한전주,042-271-4871,대전광역시 동구청,2023-12-01
신촌동055,1,,대전광역시 동구 신촌동 산 6-25,36.37705941,127.5131977,,한전주,042-271-4871,대전광역시 동구청,2023-12-01
신촌동056,1,,대전광역시 동구 신촌동 111-8,36.37682461,127.5131523,,한전주,042-271-4871,대전광역시 동구청,2023-12-01
신촌동057,1,,대전광역시 동구 신촌동 89-5,36.37640707,127.5134096,,한전주,042-271-4871,대전광역시 동구청,2023-12-01
신촌동058,1,,대전광역시 동구 신촌동 산 6-33,36.37581682,127.5136859,,한전주,042-271-4871,대전광역시 동구청,2023-12-01
신촌동059,1,,대전광역시 동구 신촌동 산 6-14,36.3757915,127.5133936,,한전주,042-271-4871,대전광역시 동구청,2023-12-01
신촌동060,1,,대전광역시 동구 신촌동 산 15-10,36.37460694,127.5107807,,한전주,042-271-4871,대전광역시 동구청,2023-12-01
신촌동061,1,,대전광역시 동구 신촌동 산 15-10,36.37460694,127.5107807,,한전주,042-271-4871,대전광역시 동구청,2023-12-01
신촌동062,1,,대전광역시 동구 신촌동 산 15-10,36.37460694,127.5107807,,한전주,042-271-4871,대전광역시 동구청,2023-12-01
신촌동063,1,,대전광역시 동구 신촌동 산 15-10,36.37460694,127.5107807,,한전주,042-271-4871,대전광역시 동구청,2023-12-01
신촌동064,1,,대전광역시 동구 신촌동 59-4,36.37376226,127.5102989,,한전주,042-271-4871,대전광역시 동구청,2023-12-01
신촌동065,1,,대전광역시 동구 신촌동 59-4,36.37376226,127.5102989,,한전주,042-271-4871,대전광역시 동구청,2023-12-01
신촌동066,1,,대전광역시 동구 신촌동 산 16-8,36.37326754,127.5102577,,한전주,042-271-4871,대전광역시 동구청,2023-12-01
신촌동067,1,,대전광역시 동구 신촌동 59-4,36.37376226,127.5102989,,한전주,042-271-4871,대전광역시 동구청,2023-12-01
신촌동068,1,,대전광역시 동구 신촌동 43-1,36.37185533,127.5097853,,한전주,042-271-4871,대전광역시 동구청,2023-12-01
신촌동069,1,,대전광역시 동구 신촌동 39-1,36.37127912,127.509297,,한전주,042-271-4871,대전광역시 동구청,2023-12-01
신하동001,1,,대전광역시 동구 신하동 748-3,36.37094404,127.5088923,,한전주,042-271-4871,대전광역시 동구청,2023-12-01
신하동002,1,,대전광역시 동구 신하동 8-2,36.37054402,127.5075181,,한전주,042-271-4871,대전광역시 동구청,2023-12-01
신하동003,1,,대전광역시 동구 신하동 8-3,36.37063352,127.5071972,,한전주,042-271-4871,대전광역시 동구청,2023-12-01
신하동004,1,,대전광역시 동구 신하동 8-4,36.37077735,127.5069833,,한전주,042-271-4871,대전광역시 동구청,2023-12-01
신하동005,1,,대전광역시 동구 신하동 8-4,36.37077735,127.5069833,,전용주,042-271-4871,대전광역시 동구청,2023-12-01
신하동006,1,,대전광역시 동구 신하동 8-4,36.37077735,127.5069833,,한전주,042-271-4871,대전광역시 동구청,2023-12-01
신하동007,1,,대전광역시 동구 신하동 13-2,36.37041237,127.5066037,,한전주,042-271-4871,대전광역시 동구청,2023-12-01
신하동008,1,,대전광역시 동구 신하동 43-5,36.37101695,127.5058224,,한전주,042-271-4871,대전광역시 동구청,2023-12-01
신하동009,1,,대전광역시 동구 신하동 46,36.37125453,127.5058335,,한전주,042-271-4871,대전광역시 동구청,2023-12-01
신하동010,1,,대전광역시 동구 신하동 50,36.37162738,127.505889,,한전주,042-271-4871,대전광역시 동구청,2023-12-01
신하동011,1,,대전광역시 동구 신하동 57,36.37231204,127.5060048,,한전주,042-271-4871,대전광역시 동구청,2023-12-01
신하동012,1,,대전광역시 동구 신하동 57,36.37231204,127.5060048,,한전주,042-271-4871,대전광역시 동구청,2023-12-01
신하동013,1,,대전광역시 동구 신하동 산5-1,36.37269284,127.5045644,,한전주,042-271-4871,대전광역시 동구청,2023-12-01
신하동014,1,,대전광역시 동구 신하동 산7,36.37260068,127.5063004,,한전주,042-271-4871,대전광역시 동구청,2023-12-01
신하동015,1,,대전광역시 동구 신하동 산7,36.37260068,127.5063004,,한전주,042-271-4871,대전광역시 동구청,2023-12-01
신하동016,1,,대전광역시 동구 신하동 20-1,36.37018326,127.5064844,,한전주,042-271-4871,대전광역시 동구청,2023-12-01
신하동017,1,,대전광역시 동구 신하동 20-1,36.37018326,127.5064844,,한전주,042-271-4871,대전광역시 동구청,2023-12-01
신하동018,1,,대전광역시 동구 신하동 12,36.37015421,127.5072567,,한전주,042-271-4871,대전광역시 동구청,2023-12-01
신하동019,1,,대전광역시 동구 신하동 14-4,36.36989491,127.5070948,,한전주,042-271-4871,대전광역시 동구청,2023-12-01
신하동020,1,,대전광역시 동구 신하동 10,36.37010855,127.5077359,,한전주,042-271-4871,대전광역시 동구청,2023-12-01
신하동021,1,,대전광역시 동구 신하동 16-5,36.36940069,127.5072252,,한전주,042-271-4871,대전광역시 동구청,2023-12-01
신하동022,1,,대전광역시 동구 신하동 16-5,36.36940069,127.5072252,,전용주,042-271-4871,대전광역시 동구청,2023-12-01
신하동023,1,,대전광역시 동구 신하동 14,36.37000315,127.5065829,,한전주,042-271-4871,대전광역시 동구청,2023-12-01
신하동024,1,,대전광역시 동구 신하동 180,36.36718809,127.5040997,,한전주,042-271-4871,대전광역시 동구청,2023-12-01
신하동025,1,,대전광역시 동구 신하동 산14-1,36.36730616,127.5031458,,한전주,042-271-4871,대전광역시 동구청,2023-12-01
신하동026,1,,대전광역시 동구 신하동 174-11,36.36617764,127.5034185,,한전주,042-271-4871,대전광역시 동구청,2023-12-01
신하동027,1,,대전광역시 동구 신하동 173-2,36.36592051,127.5030828,,한전주,042-271-4871,대전광역시 동구청,2023-12-01
신하동028,1,,대전광역시 동구 신하동 173-2,36.36592051,127.5030828,,한전주,042-271-4871,대전광역시 동구청,2023-12-01
신하동029,1,,대전광역시 동구 신하동 173,36.36600308,127.5029482,,전용주,042-271-4871,대전광역시 동구청,2023-12-01
신하동030,1,,대전광역시 동구 신하동 174-1,36.3662445,127.5029061,,한전주,042-271-4871,대전광역시 동구청,2023-12-01
신하동031,1,,대전광역시 동구 신하동 174-8,36.36668666,127.5033876,,한전주,042-271-4871,대전광역시 동구청,2023-12-01
신하동032,1,,대전광역시 동구 신하동 174-9,36.36673165,127.5032309,,전용주,042-271-4871,대전광역시 동구청,2023-12-01
신하동033,1,,대전광역시 동구 신하동 174-5,36.36643859,127.5029747,,한전주,042-271-4871,대전광역시 동구청,2023-12-01
신하동034,1,,대전광역시 동구 신하동 215-8,36.36533968,127.5031743,,한전주,042-271-4871,대전광역시 동구청,2023-12-01
신하동035,1,,대전광역시 동구 신하동 215-17,36.36488578,127.5030636,,한전주,042-271-4871,대전광역시 동구청,2023-12-01
신하동036,1,,대전광역시 동구 신하동 172,36.36572802,127.5027181,,한전주,042-271-4871,대전광역시 동구청,2023-12-01
신하동037,1,,대전광역시 동구 신하동 215-3,36.36489819,127.5022325,,한전주,042-271-4871,대전광역시 동구청,2023-12-01
신하동038,1,,대전광역시 동구 신하동 356,36.3631762,127.5006952,,한전주,042-271-4871,대전광역시 동구청,2023-12-01
신하동039,1,,대전광역시 동구 신하동 357,36.36310408,127.5004438,,한전주,042-271-4871,대전광역시 동구청,2023-12-01
신하동040,1,,대전광역시 동구 신하동 341-3,36.36286331,127.500353,,한전주,042-271-4871,대전광역시 동구청,2023-12-01
신하동041,1,,대전광역시 동구 신하동 340-4,36.3625387,127.5007529,,한전주,042-271-4871,대전광역시 동구청,2023-12-01
신하동042,1,,대전광역시 동구 신하동 344-9,36.36323307,127.5015972,,한전주,042-271-4871,대전광역시 동구청,2023-12-01
신하동043,1,,대전광역시 동구 신하동 344-9,36.36323307,127.5015972,,한전주,042-271-4871,대전광역시 동구청,2023-12-01
신하동044,1,,대전광역시 동구 신하동 219-16,36.36273204,127.5020637,,한전주,042-271-4871,대전광역시 동구청,2023-12-01
신하동045,1,,대전광역시 동구 신하동 219-7,36.36228278,127.5022218,,한전주,042-271-4871,대전광역시 동구청,2023-12-01
신하동046,1,,대전광역시 동구 신하동 219-11,36.362066,127.502148,,전용주,042-271-4871,대전광역시 동구청,2023-12-01
신하동047,1,,대전광역시 동구 신하동 340-4,36.3625387,127.5007529,,한전주,042-271-4871,대전광역시 동구청,2023-12-01
신하동048,1,,대전광역시 동구 신하동 343-5,36.36261591,127.5011344,,한전주,042-271-4871,대전광역시 동구청,2023-12-01
신하동049,1,,대전광역시 동구 신하동 343-5,36.36261591,127.5011344,,한전주,042-271-4871,대전광역시 동구청,2023-12-01
신하동050,1,,대전광역시 동구 신하동 343-8,36.36221332,127.5015727,,한전주,042-271-4871,대전광역시 동구청,2023-12-01
신하동051,1,,대전광역시 동구 신하동 344-15,36.36194416,127.5016529,,한전주,042-271-4871,대전광역시 동구청,2023-12-01
신하동052,1,,대전광역시 동구 신하동 316-1,36.36168442,127.5020454,,한전주,042-271-4871,대전광역시 동구청,2023-12-01
신하동053,1,,대전광역시 동구 신하동 317-2,36.36163012,127.5005848,,한전주,042-271-4871,대전광역시 동구청,2023-12-01
신하동054,1,,대전광역시 동구 신하동 356-1,36.36322986,127.5009326,,한전주,042-271-4871,대전광역시 동구청,2023-12-01
신하동055,1,,대전광역시 동구 신하동 289-2,36.35801527,127.4996968,,한전주,042-271-4871,대전광역시 동구청,2023-12-01
신하동056,1,,대전광역시 동구 신하동 286-2,36.35760821,127.5003792,,전용주,042-271-4871,대전광역시 동구청,2023-12-01
신하동057,1,,대전광역시 동구 신하동 산 17-4,36.36333823,127.5011635,,한전주,042-271-4871,대전광역시 동구청,2023-12-01
신하동058,1,,대전광역시 동구 신하동 271-6,36.35690345,127.4992056,,한전주,042-271-4871,대전광역시 동구청,2023-12-01
신하동059,1,,대전광역시 동구 신하동 271-6,36.35690345,127.4992056,,한전주,042-271-4871,대전광역시 동구청,2023-12-01
신하동060,1,,대전광역시 동구 신하동 271-1,36.35705589,127.499063,,한전주,042-271-4871,대전광역시 동구청,2023-12-01
신하동061,1,,대전광역시 동구 신하동 278-3,36.35679357,127.5001815,,한전주,042-271-4871,대전광역시 동구청,2023-12-01
신하동062,1,,대전광역시 동구 신하동 275-5,36.35651006,127.4996001,,한전주,042-271-4871,대전광역시 동구청,2023-12-01
신하동063,1,,대전광역시 동구 신하동 244,36.35632357,127.5001272,,한전주,042-271-4871,대전광역시 동구청,2023-12-01
신하동064,1,,대전광역시 동구 신하동 278-3,36.35679357,127.5001815,,한전주,042-271-4871,대전광역시 동구청,2023-12-01
신하동065,1,,대전광역시 동구 신하동 280-2,36.35697249,127.5007114,,전용주,042-271-4871,대전광역시 동구청,2023-12-01
신하동066,1,,대전광역시 동구 신하동 280-1,36.35712076,127.5008336,,한전주,042-271-4871,대전광역시 동구청,2023-12-01
신하동067,1,,대전광역시 동구 신하동 281,36.35734688,127.5010226,,한전주,042-271-4871,대전광역시 동구청,2023-12-01
신하동068,1,,대전광역시 동구 신하동 243-1,36.35611681,127.4998437,,한전주,042-271-4871,대전광역시 동구청,2023-12-01
신하동069,1,,대전광역시 동구 신하동 270-4,36.35623632,127.4992179,,한전주,042-271-4871,대전광역시 동구청,2023-12-01
신하동070,1,,대전광역시 동구 신하동 250-4,36.35532882,127.4985866,,한전주,042-271-4871,대전광역시 동구청,2023-12-01
신하동071,1,,대전광역시 동구 신하동 65,36.37468917,127.5035452,,한전주,042-271-4871,대전광역시 동구청,2023-12-01
신하동072,1,,대전광역시 동구 신하동 산20-6,36.36358237,127.5007593,,전용주,042-271-4871,대전광역시 동구청,2023-12-01
신하동073,1,,대전광역시 동구 신하동 산 17-4,36.36333823,127.5011635,,한전주,042-271-4871,대전광역시 동구청,2023-12-01
신하동074,1,,대전광역시 동구 신하동 348-2,36.36436184,127.5018535,,한전주,042-271-4871,대전광역시 동구청,2023-12-01
신하동075,1,,대전광역시 동구 신하동 353-11,36.36398458,127.5014149,,한전주,042-271-4871,대전광역시 동구청,2023-12-01
신하동076,1,,대전광역시 동구 신하동 산 13-3,36.36794373,127.5056085,,한전주,042-271-4871,대전광역시 동구청,2023-12-01
신하동077,1,,대전광역시 동구 신하동 산 13-3,36.36794373,127.5056085,,한전주,042-271-4871,대전광역시 동구청,2023-12-01
신하동078,1,,대전광역시 동구 신하동 산 13,36.36895633,127.5055712,,한전주,042-271-4871,대전광역시 동구청,2023-12-01
신하동079,1,,대전광역시 동구 신하동 산 14-16,36.36533509,127.5044695,,한전주,042-271-4871,대전광역시 동구청,2023-12-01
신하동080,1,,대전광역시 동구 신하동 174-17,36.36615599,127.5030127,,한전주,042-271-4871,대전광역시 동구청,2023-12-01
신하동081,1,,대전광역시 동구 신하동 721-1,36.36120628,127.5020545,,전용주,042-271-4871,대전광역시 동구청,2023-12-01
신하동082,1,,대전광역시 동구 신하동 175-3,36.36641236,127.5034044,,한전주,042-271-4871,대전광역시 동구청,2023-12-01
신하동083,1,,대전광역시 동구 신하동 718,36.36183239,127.5002117,,한전주,042-271-4871,대전광역시 동구청,2023-12-01
신하동084,1,,대전광역시 동구 신하동 285,36.35757058,127.4997159,,한전주,042-271-4871,대전광역시 동구청,2023-12-01
신하동085,1,,대전광역시 동구 신하동 285,36.35757058,127.4997159,,한전주,042-271-4871,대전광역시 동구청,2023-12-01
신하동086,1,,대전광역시 동구 신하동 285,36.35757058,127.4997159,,한전주,042-271-4871,대전광역시 동구청,2023-12-01
신하동087,1,,대전광역시 동구 신하동 290,36.3584759,127.4999492,,한전주,042-271-4871,대전광역시 동구청,2023-12-01
신하동088,1,,대전광역시 동구 신하동 293-2,36.35915307,127.5001008,,한전주,042-271-4871,대전광역시 동구청,2023-12-01
신하동089,1,,대전광역시 동구 신하동 산 27-10,36.35981157,127.5004396,,한전주,042-271-4871,대전광역시 동구청,2023-12-01
신하동090,1,,대전광역시 동구 신하동 산 27-10,36.35981157,127.5004396,,한전주,042-271-4871,대전광역시 동구청,2023-12-01
신하동091,1,,대전광역시 동구 신하동 311-3,36.36058523,127.5006095,,한전주,042-271-4871,대전광역시 동구청,2023-12-01
신하동092,1,,대전광역시 동구 신하동 721-1,36.36120628,127.5020545,,한전주,042-271-4871,대전광역시 동구청,2023-12-01
신하동093,1,,대전광역시 동구 신하동 318-1,36.36118028,127.5005868,,한전주,042-271-4871,대전광역시 동구청,2023-12-01
신하동094,1,,대전광역시 동구 신하동 산 19,36.36216935,127.5007066,,한전주,042-271-4871,대전광역시 동구청,2023-12-01
신하동095,1,,대전광역시 동구 신하동 340-4,36.3625387,127.5007529,,한전주,042-271-4871,대전광역시 동구청,2023-12-01
신하동096,1,,대전광역시 동구 신하동 173-1,36.36529678,127.5028506,,한전주,042-271-4871,대전광역시 동구청,2023-12-01
신하동097,1,,대전광역시 동구 신하동 산 14-15,36.36656842,127.5040875,,한전주,042-271-4871,대전광역시 동구청,2023-12-01
신하동098,1,,대전광역시 동구 신하동 산 13-5,36.36719013,127.5047587,,한전주,042-271-4871,대전광역시 동구청,2023-12-01
신하동099,1,,대전광역시 동구 신하동 205,36.36843848,127.5056865,,한전주,042-271-4871,대전광역시 동구청,2023-12-01
신하동100,1,,대전광역시 동구 신하동 205,36.36843848,127.5056865,,한전주,042-271-4871,대전광역시 동구청,2023-12-01
신하동101,1,,대전광역시 동구 신하동 704,36.36851242,127.5056585,,한전주,042-271-4871,대전광역시 동구청,2023-12-01
신하동102,1,,대전광역시 동구 신하동 16-1,36.36901466,127.5068689,,한전주,042-271-4871,대전광역시 동구청,2023-12-01
신하동103,1,,대전광역시 동구 신하동 산 9-10,36.36937612,127.5078129,,한전주,042-271-4871,대전광역시 동구청,2023-12-01
신하동104,1,,대전광역시 동구 신하동 산 9-9,36.36965644,127.508094,,한전주,042-271-4871,대전광역시 동구청,2023-12-01
신하동105,1,,대전광역시 동구 신하동 3-3,36.36996811,127.508298,,한전주,042-271-4871,대전광역시 동구청,2023-12-01
신하동106,1,,대전광역시 동구 신하동 2-1,36.37027342,127.5084397,,한전주,042-271-4871,대전광역시 동구청,2023-12-01
신하동107,1,,대전광역시 동구 신하동 산 9-5,36.37049254,127.5085959,,한전주,042-271-4871,대전광역시 동구청,2023-12-01
신하동108,1,,대전광역시 동구 신하동 748-2,36.37091672,127.5088456,,한전주,042-271-4871,대전광역시 동구청,2023-12-01
신하동109,1,,대전광역시 동구 신하동 270-3,36.35636351,127.4991267,,한전주,042-271-4871,대전광역시 동구청,2023-12-01
신하동110,1,,대전광역시 동구 신하동 250-4,36.35532882,127.4985866,,한전주,042-271-4871,대전광역시 동구청,2023-12-01
신하동111,1,,대전광역시 동구 신하동 250-4,36.35532882,127.4985866,,한전주,042-271-4871,대전광역시 동구청,2023-12-01
신흥동001,1,,대전광역시 동구 신흥동 202-4,36.32108897,127.4462465,,한전주,042-271-4871,대전광역시 동구청,2023-12-01
신흥동082,1,,대전광역시 동구 신흥동 1-1,36.32278722,127.4437122,,한전주,042-271-4871,대전광역시 동구청,2023-12-01
신흥동083,1,,대전광역시 동구 신흥동 1-16,36.32260433,127.4436263,,전용주,042-271-4871,대전광역시 동구청,2023-12-01
신흥동084,1,,대전광역시 동구 신흥동 2-9,36.32292277,127.4439269,,한전주,042-271-4871,대전광역시 동구청,2023-12-01
신흥동085,1,,대전광역시 동구 신흥동 1-3,36.3227481,127.443811,,한전주,042-271-4871,대전광역시 동구청,2023-12-01
신흥동086,1,,대전광역시 동구 신흥동 2-5,36.32271484,127.4441767,,한전주,042-271-4871,대전광역시 동구청,2023-12-01
신흥동087,1,,대전광역시 동구 신흥동 3-23,36.32334126,127.4443685,,한전주,042-271-4871,대전광역시 동구청,2023-12-01
신흥동088,1,,대전광역시 동구 신흥동 2-2,36.3231352,127.4441879,,건축물,042-271-4871,대전광역시 동구청,2023-12-01
신흥동089,1,,대전광역시 동구 신흥동 3-21,36.32318121,127.4445373,,한전주,042-271-4871,대전광역시 동구청,2023-12-01
신흥동090,1,,대전광역시 동구 신흥동 3-33,36.32312632,127.4448065,,한전주,042-271-4871,대전광역시 동구청,2023-12-01
신흥동091,1,,대전광역시 동구 신흥동 3-28,36.32298318,127.4445251,,한전주,042-271-4871,대전광역시 동구청,2023-12-01
신흥동092,1,,대전광역시 동구 신흥동 5-14,36.32270647,127.4447296,,전용주,042-271-4871,대전광역시 동구청,2023-12-01
신흥동093,1,,대전광역시 동구 신흥동 2-4,36.32291253,127.4443282,,한전주,042-271-4871,대전광역시 동구청,2023-12-01
신흥동094,1,,대전광역시 동구 신흥동 1-8,36.32246556,127.4440341,,한전주,042-271-4871,대전광역시 동구청,2023-12-01
신흥동095,1,,대전광역시 동구 신흥동 5-13,36.32280623,127.4444892,,한전주,042-271-4871,대전광역시 동구청,2023-12-01
신흥동096,1,,대전광역시 동구 신흥동 5-13,36.32280623,127.4444892,,한전주,042-271-4871,대전광역시 동구청,2023-12-01
신흥동097,1,,대전광역시 동구 신흥동 3-20,36.32310718,127.4450322,,전용주,042-271-4871,대전광역시 동구청,2023-12-01
신흥동098,1,,대전광역시 동구 신흥동 10-4,36.32254218,127.4455319,,한전주,042-271-4871,대전광역시 동구청,2023-12-01
신흥동100,1,,대전광역시 동구 신흥동 13-14,36.32194351,127.445826,,한전주,042-271-4871,대전광역시 동구청,2023-12-01
신흥동101,1,,대전광역시 동구 신흥동 13-18,36.32179529,127.446206,,한전주,042-271-4871,대전광역시 동구청,2023-12-01
신흥동102,1,,대전광역시 동구 신흥동 20-6,36.3216901,127.4465246,,한전주,042-271-4871,대전광역시 동구청,2023-12-01
신흥동103,1,,대전광역시 동구 신흥동 20-6,36.3216901,127.4465246,,한전주,042-271-4871,대전광역시 동구청,2023-12-01
신흥동104,1,,대전광역시 동구 신흥동 21-18,36.32144173,127.4463824,,한전주,042-271-4871,대전광역시 동구청,2023-12-01
신흥동105,1,,대전광역시 동구 신흥동 20-17,36.3214274,127.4471069,,한전주,042-271-4871,대전광역시 동구청,2023-12-01
신흥동106,1,,대전광역시 동구 신흥동 22-32,36.32112514,127.4474919,,한전주,042-271-4871,대전광역시 동구청,2023-12-01
신흥동107,1,,대전광역시 동구 신흥동 22-12,36.32099193,127.4476409,,한전주,042-271-4871,대전광역시 동구청,2023-12-01
신흥동108,1,,대전광역시 동구 신흥동 21-4,36.3210371,127.4470111,,한전주,042-271-4871,대전광역시 동구청,2023-12-01
신흥동109,1,,대전광역시 동구 신흥동 22-17,36.32136885,127.4477016,,한전주,042-271-4871,대전광역시 동구청,2023-12-01
신흥동110,1,,대전광역시 동구 신흥동 20-18,36.32146083,127.4474193,,한전주,042-271-4871,대전광역시 동구청,2023-12-01
신흥동111,1,,대전광역시 동구 신흥동 19-20,36.32172984,127.4475852,,한전주,042-271-4871,대전광역시 동구청,2023-12-01
신흥동112,1,,대전광역시 동구 신흥동 22-40,36.32113545,127.4481331,,한전주,042-271-4871,대전광역시 동구청,2023-12-01
신흥동113,1,,대전광역시 동구 신흥동 22-45,36.32083323,127.4478599,,한전주,042-271-4871,대전광역시 동구청,2023-12-01
신흥동114,1,,대전광역시 동구 신흥동 22-28,36.32055747,127.4476677,,전용주,042-271-4871,대전광역시 동구청,2023-12-01
신흥동115,1,,대전광역시 동구 신흥동 22-7,36.32064981,127.4477473,,전용주,042-271-4871,대전광역시 동구청,2023-12-01
신흥동116,1,,대전광역시 동구 신흥동 22-21,36.32074933,127.4474735,,전용주,042-271-4871,대전광역시 동구청,2023-12-01
신흥동117,1,,대전광역시 동구 신흥동 23-10,36.32153947,127.4482958,,한전주,042-271-4871,대전광역시 동구청,2023-12-01
신흥동118,1,,대전광역시 동구 신흥동 24-11,36.32203389,127.4480941,,한전주,042-271-4871,대전광역시 동구청,2023-12-01
신흥동119,1,,대전광역시 동구 신흥동 18-7,36.3221133,127.4475603,,한전주,042-271-4871,대전광역시 동구청,2023-12-01
신흥동120,1,,대전광역시 동구 신흥동 18-18,36.32219595,127.447269,,한전주,042-271-4871,대전광역시 동구청,2023-12-01
신흥동121,1,,대전광역시 동구 신흥동 15-13,36.32241426,127.4467499820,,한전주,042-271-4871,대전광역시 동구청,2023-12-01
신흥동122,1,,대전광역시 동구 신흥동 14-4,36.32214367,127.4465955,,한전주,042-271-4871,대전광역시 동구청,2023-12-01
신흥동123,1,,대전광역시 동구 신흥동 13-21,36.32191681,127.4464352,,한전주,042-271-4871,대전광역시 동구청,2023-12-01
신흥동124,1,,대전광역시 동구 신흥동 20-8,36.32175413,127.4467069,,한전주,042-271-4871,대전광역시 동구청,2023-12-01
신흥동125,1,,대전광역시 동구 신흥동 20-12,36.3216396,127.4472088,,한전주,042-271-4871,대전광역시 동구청,2023-12-01
신흥동126,1,,대전광역시 동구 신흥동 13-1,36.32204285,127.4460348,,한전주,042-271-4871,대전광역시 동구청,2023-12-01
신흥동128,1,,대전광역시 동구 신흥동 10-3,36.32277927,127.445703,,한전주,042-271-4871,대전광역시 동구청,2023-12-01
신흥동129,1,,대전광역시 동구 신흥동 15-18,36.32263654,127.4464217,,한전주,042-271-4871,대전광역시 동구청,2023-12-01
신흥동130,1,,대전광역시 동구 신흥동 16-9,36.3228113,127.4470211,,한전주,042-271-4871,대전광역시 동구청,2023-12-01
신흥동131,1,,대전광역시 동구 신흥동 15-14,36.32273267,127.4467668,,한전주,042-271-4871,대전광역시 동구청,2023-12-01
신흥동132,1,,대전광역시 동구 신흥동 15-7,36.32292684,127.446295,,전용주,042-271-4871,대전광역시 동구청,2023-12-01
신흥동133,1,,대전광역시 동구 신흥동 16-14,36.32315258,127.4462458,,한전주,042-271-4871,대전광역시 동구청,2023-12-01
신흥동134,1,,대전광역시 동구 신흥동 8,36.32210235,127.4462349,,한전주,042-271-4871,대전광역시 동구청,2023-12-01
신흥동135,1,,대전광역시 동구 신흥동 17-27,36.32328071,127.4470224,,한전주,042-271-4871,대전광역시 동구청,2023-12-01
신흥동137,1,,대전광역시 동구 신흥동 168,36.32568497,127.443513,,한전주,042-271-4871,대전광역시 동구청,2023-12-01
신흥동138,1,,대전광역시 동구 신흥동 168,36.32568497,127.443513,,한전주,042-271-4871,대전광역시 동구청,2023-12-01
신흥동139,1,,대전광역시 동구 신흥동 168,36.32568497,127.443513,,한전주,042-271-4871,대전광역시 동구청,2023-12-01
신흥동140,1,,대전광역시 동구 신흥동 135-25,36.32254997,127.4430362,,한전주,042-271-4871,대전광역시 동구청,2023-12-01
신흥동141,1,,대전광역시 동구 신흥동 8,36.32210235,127.4462349,,한전주,042-271-4871,대전광역시 동구청,2023-12-01
신흥동142,1,,대전광역시 동구 신흥동 8,36.32210235,127.4462349,,한전주,042-271-4871,대전광역시 동구청,2023-12-01
신흥동143,1,,대전광역시 동구 신흥동 13-22,36.32197949,127.4463278,,한전주,042-271-4871,대전광역시 동구청,2023-12-01
신흥동144,1,,대전광역시 동구 신흥동 8,36.32210235,127.4462349,,한전주,042-271-4871,대전광역시 동구청,2023-12-01
신흥동145,1,,대전광역시 동구 신흥동 15-1,36.32266708,127.446908,,한전주,042-271-4871,대전광역시 동구청,2023-12-01
오동001,1,,대전광역시 동구 오동 340-5,36.41729173,127.5237714,,한전주,042-271-4871,대전광역시 동구청,2023-12-01
오동002,1,,대전광역시 동구 오동 산15-7,36.41662164,127.524416,,한전주,042-271-4871,대전광역시 동구청,2023-12-01
오동003,1,,대전광역시 동구 오동 산14-12,36.41660551,127.5261661,,한전주,042-271-4871,대전광역시 동구청,2023-12-01
오동004,1,,대전광역시 동구 오동 산12-5,36.41632911,127.5267477,,한전주,042-271-4871,대전광역시 동구청,2023-12-01
오동005,1,,대전광역시 동구 오동 296-1,36.41739347,127.5275367,,한전주,042-271-4871,대전광역시 동구청,2023-12-01
오동006,1,,대전광역시 동구 오동 300,36.41820428,127.5276512,,전용주,042-271-4871,대전광역시 동구청,2023-12-01
오동007,1,,대전광역시 동구 오동 292,36.41677532,127.5281397,,한전주,042-271-4871,대전광역시 동구청,2023-12-01
오동008,1,,대전광역시 동구 오동 293,36.41650241,127.5283303,,한전주,042-271-4871,대전광역시 동구청,2023-12-01
오동009,1,,대전광역시 동구 오동 292-4,36.41650207,127.5284525,,한전주,042-271-4871,대전광역시 동구청,2023-12-01
오동010,1,,대전광역시 동구 오동 291-1,36.41635094,127.5293665,,한전주,042-271-4871,대전광역시 동구청,2023-12-01
오동011,1,,대전광역시 동구 오동 산9-7,36.41649807,127.5305761,,한전주,042-271-4871,대전광역시 동구청,2023-12-01
오동012,1,,대전광역시 동구 오동 94-2,36.41582589,127.5332056,,전용주,042-271-4871,대전광역시 동구청,2023-12-01
오동013,1,,대전광역시 동구 오동 93,36.41552571,127.5330608,,한전주,042-271-4871,대전광역시 동구청,2023-12-01
오동014,1,,대전광역시 동구 오동 90-1,36.41548464,127.5325705,,한전주,042-271-4871,대전광역시 동구청,2023-12-01
오동015,1,,대전광역시 동구 오동 90-1,36.41548464,127.5325705,,한전주,042-271-4871,대전광역시 동구청,2023-12-01
오동016,1,,대전광역시 동구 오동 86-1,36.41473071,127.5314631,,한전주,042-271-4871,대전광역시 동구청,2023-12-01
오동017,1,,대전광역시 동구 오동 77-1,36.41405857,127.5315373,,한전주,042-271-4871,대전광역시 동구청,2023-12-01
오동018,1,,대전광역시 동구 오동 산2,36.4169193,127.5357511,,전용주,042-271-4871,대전광역시 동구청,2023-12-01
오동019,1,,대전광역시 동구 오동 산2,36.4169193,127.5357511,,한전주,042-271-4871,대전광역시 동구청,2023-12-01
오동020,1,,대전광역시 동구 오동 산2,36.4169193,127.5357511,,한전주,042-271-4871,대전광역시 동구청,2023-12-01
오동021,1,,대전광역시 동구 오동 5-1,36.41629667,127.5314735,,한전주,042-271-4871,대전광역시 동구청,2023-12-01
오동023,1,,대전광역시 동구 오동 산 4-3,36.41603175,127.5339974,,한전주,042-271-4871,대전광역시 동구청,2023-12-01
오동024,1,,대전광역시 동구 오동 산 2-1,36.4159509,127.5349712,,한전주,042-271-4871,대전광역시 동구청,2023-12-01
용운동001,1,,대전광역시 동구 용운동 303,36.32630154,127.4637479,,한전주,042-271-4871,대전광역시 동구청,2023-12-01
용운동002,1,,대전광역시 동구 용운동 304-12,36.32714096,127.4630338,,한전주,042-271-4871,대전광역시 동구청,2023-12-01
용운동003,1,,대전광역시 동구 용운동 304-15,36.3272694,127.4626089,,한전주,042-271-4871,대전광역시 동구청,2023-12-01
용운동004,1,,대전광역시 동구 용운동 304-18,36.32737494,127.4621405,,한전주,042-271-4871,대전광역시 동구청,2023-12-01
용운동005,1,,대전광역시 동구 용운동 304-20,36.32744833,127.4618512,,한전주,042-271-4871,대전광역시 동구청,2023-12-01
용운동006,1,,대전광역시 동구 용운동 303,36.32630154,127.4637479,,한전주,042-271-4871,대전광역시 동구청,2023-12-01
용운동007,1,,대전광역시 동구 용운동 370-2,36.32664884,127.4628439,,한전주,042-271-4871,대전광역시 동구청,2023-12-01
용운동008,1,,대전광역시 동구 용운동 370-1,36.32666926,127.4627376,,한전주,042-271-4871,대전광역시 동구청,2023-12-01
용운동009,1,,대전광역시 동구 용운동 369-1,36.32682008,127.4622354,,한전주,042-271-4871,대전광역시 동구청,2023-12-01
용운동010,1,,대전광역시 동구 용운동 354-1,36.32692917,127.4618023,,한전주,042-271-4871,대전광역시 동구청,2023-12-01
용운동011,1,,대전광역시 동구 용운동 354-4,36.32664444,127.4619552,,한전주,042-271-4871,대전광역시 동구청,2023-12-01
용운동012,1,,대전광역시 동구 용운동 354-5,36.32651809,127.4619548,,한전주,042-271-4871,대전광역시 동구청,2023-12-01
용운동013,1,,대전광역시 동구 용운동 369-5,36.32641203,127.4623726,,한전주,042-271-4871,대전광역시 동구청,2023-12-01
용운동014,1,,대전광역시 동구 용운동 303,36.32630154,127.4637479,,한전주,042-271-4871,대전광역시 동구청,2023-12-01
용운동015,1,,대전광역시 동구 용운동 371-7,36.32602303,127.462643,,한전주,042-271-4871,대전광역시 동구청,2023-12-01
용운동016,1,,대전광역시 동구 용운동 371-5,36.32591746,127.4623747,,한전주,042-271-4871,대전광역시 동구청,2023-12-01
용운동017,1,,대전광역시 동구 용운동 354-8,36.32613401,127.4619787,,한전주,042-271-4871,대전광역시 동구청,2023-12-01
용운동018,1,,대전광역시 동구 용운동 387-5,36.32575906,127.4628101,,한전주,042-271-4871,대전광역시 동구청,2023-12-01
용운동019,1,,대전광역시 동구 용운동 371-11,36.3257645,127.4621257,,한전주,042-271-4871,대전광역시 동구청,2023-12-01
용운동020,1,,대전광역시 동구 용운동 386-1,36.32541123,127.4624072,,한전주,042-271-4871,대전광역시 동구청,2023-12-01
용운동021,1,,대전광역시 동구 용운동 386-3,36.32519185,127.4625103,,한전주,042-271-4871,대전광역시 동구청,2023-12-01
용운동022,1,,대전광역시 동구 용운동 386-6,36.32486075,127.4626763,,한전주,042-271-4871,대전광역시 동구청,2023-12-01
용운동023,1,,대전광역시 동구 용운동 386-9,36.32453383,127.4628307,,한전주,042-271-4871,대전광역시 동구청,2023-12-01
용운동024,1,,대전광역시 동구 용운동 387-6,36.32564263,127.4627634,,한전주,042-271-4871,대전광역시 동구청,2023-12-01
용운동025,1,,대전광역시 동구 용운동 389-16,36.32514142,127.4628972,,한전주,042-271-4871,대전광역시 동구청,2023-12-01
용운동026,1,,대전광역시 동구 용운동 389-16,36.32514142,127.4628972,,한전주,042-271-4871,대전광역시 동구청,2023-12-01
용운동027,1,,대전광역시 동구 용운동 394-6,36.3243144,127.4632477,,한전주,042-271-4871,대전광역시 동구청,2023-12-01
용운동028,1,,대전광역시 동구 용운동 394-3,36.32433734,127.4627478,,한전주,042-271-4871,대전광역시 동구청,2023-12-01
용운동029,1,,대전광역시 동구 용운동 545,36.32490588,127.4625026,,한전주,042-271-4871,대전광역시 동구청,2023-12-01
용운동030,1,,대전광역시 동구 용운동 311-4,36.32413764,127.4639334,,한전주,042-271-4871,대전광역시 동구청,2023-12-01
용운동031,1,,대전광역시 동구 용운동 311-4,36.32413764,127.4639334,,전용주,042-271-4871,대전광역시 동구청,2023-12-01
용운동032,1,,대전광역시 동구 용운동 393-2,36.32422433,127.4640499,,한전주,042-271-4871,대전광역시 동구청,2023-12-01
용운동033,1,,대전광역시 동구 용운동 393-6,36.32420837,127.4643063,,한전주,042-271-4871,대전광역시 동구청,2023-12-01
용운동034,1,,대전광역시 동구 용운동 392-4,36.3245496,127.4649200225,,한전주,042-271-4871,대전광역시 동구청,2023-12-01
용운동035,1,,대전광역시 동구 용운동 392-2,36.32479135,127.4650925,,한전주,042-271-4871,대전광역시 동구청,2023-12-01
용운동036,1,,대전광역시 동구 용운동 300,36.32556291,127.4649845,,한전주,042-271-4871,대전광역시 동구청,2023-12-01
용운동037,1,,대전광역시 동구 용운동 300,36.32556291,127.4649845,,한전주,042-271-4871,대전광역시 동구청,2023-12-01
용운동038,1,,대전광역시 동구 용운동 300,36.32556291,127.4649845,,한전주,042-271-4871,대전광역시 동구청,2023-12-01
용운동039,1,,대전광역시 동구 용운동 391-1,36.32506966,127.4647841,,한전주,042-271-4871,대전광역시 동구청,2023-12-01
용운동040,1,,대전광역시 동구 용운동 391-12,36.32475483,127.4645884,,한전주,042-271-4871,대전광역시 동구청,2023-12-01
용운동041,1,,대전광역시 동구 용운동 390-9,36.32444483,127.4640299,,전용주,042-271-4871,대전광역시 동구청,2023-12-01
용운동042,1,,대전광역시 동구 용운동 390-10,36.32447317,127.463881,,한전주,042-271-4871,대전광역시 동구청,2023-12-01
용운동043,1,,대전광역시 동구 용운동 390-12,36.32469662,127.464031,,한전주,042-271-4871,대전광역시 동구청,2023-12-01
용운동044,1,,대전광역시 동구 용운동 74-6,36.34284255,127.4617557,,전용주,042-271-4871,대전광역시 동구청,2023-12-01
용운동045,1,,대전광역시 동구 용운동 300,36.32556291,127.4649845,,한전주,042-271-4871,대전광역시 동구청,2023-12-01
용운동046,1,,대전광역시 동구 용운동 300,36.32556291,127.4649845,,한전주,042-271-4871,대전광역시 동구청,2023-12-01
용운동047,1,,대전광역시 동구 용운동 300,36.32556291,127.4649845,,한전주,042-271-4871,대전광역시 동구청,2023-12-01
용운동048,1,,대전광역시 동구 용운동 300,36.32556291,127.4649845,,한전주,042-271-4871,대전광역시 동구청,2023-12-01
용운동049,1,,대전광역시 동구 용운동 303,36.32630154,127.4637479,,한전주,042-271-4871,대전광역시 동구청,2023-12-01
용운동050,1,,대전광역시 동구 용운동 303,36.32630154,127.4637479,,한전주,042-271-4871,대전광역시 동구청,2023-12-01
용운동051,1,,대전광역시 동구 용운동 303,36.32630154,127.4637479,,전용주,042-271-4871,대전광역시 동구청,2023-12-01
용운동052,1,,대전광역시 동구 용운동 387-12,36.32601786,127.4631172,,한전주,042-271-4871,대전광역시 동구청,2023-12-01
용운동053,1,,대전광역시 동구 용운동 387-9,36.3257124,127.4629674,,한전주,042-271-4871,대전광역시 동구청,2023-12-01
용운동054,1,,대전광역시 동구 용운동 387-15,36.3253826,127.4628209,,한전주,042-271-4871,대전광역시 동구청,2023-12-01
용운동056,1,,대전광역시 동구 용운동 372-1,36.32638186,127.4613201,,한전주,042-271-4871,대전광역시 동구청,2023-12-01
용운동057,1,,대전광역시 동구 용운동 372-1,36.32638186,127.4613201,,한전주,042-271-4871,대전광역시 동구청,2023-12-01
용운동058,1,,대전광역시 동구 용운동 372-12,36.32600525,127.4613456,,한전주,042-271-4871,대전광역시 동구청,2023-12-01
용운동059,1,,대전광역시 동구 용운동 372-9,36.32563661,127.4613822,,한전주,042-271-4871,대전광역시 동구청,2023-12-01
용운동060,1,,대전광역시 동구 용운동 372-9,36.32563661,127.4613822,,한전주,042-271-4871,대전광역시 동구청,2023-12-01
용운동061,1,,대전광역시 동구 용운동 384-6,36.32536616,127.4611281,,한전주,042-271-4871,대전광역시 동구청,2023-12-01
용운동062,1,,대전광역시 동구 용운동 375-9,36.32551153,127.4607036,,한전주,042-271-4871,대전광역시 동구청,2023-12-01
용운동063,1,,대전광역시 동구 용운동 375-7,36.32576066,127.4606687,,한전주,042-271-4871,대전광역시 동구청,2023-12-01
용운동064,1,,대전광역시 동구 용운동 375-4,36.32613942,127.4606469,,한전주,042-271-4871,대전광역시 동구청,2023-12-01
용운동065,1,,대전광역시 동구 용운동 349-2,36.32745814,127.460709,,한전주,042-271-4871,대전광역시 동구청,2023-12-01
용운동066,1,,대전광역시 동구 용운동 375-16,36.32625351,127.460484,,한전주,042-271-4871,대전광역시 동구청,2023-12-01
용운동067,1,,대전광역시 동구 용운동 375-13,36.32587564,127.4605314,,한전주,042-271-4871,대전광역시 동구청,2023-12-01
용운동068,1,,대전광역시 동구 용운동 383-3,36.32570038,127.4602008,,한전주,042-271-4871,대전광역시 동구청,2023-12-01
용운동069,1,,대전광역시 동구 용운동 383-5,36.32546707,127.4603162,,한전주,042-271-4871,대전광역시 동구청,2023-12-01
용운동070,1,,대전광역시 동구 용운동 383-7,36.32526257,127.4602972,,한전주,042-271-4871,대전광역시 동구청,2023-12-01
용운동071,1,,대전광역시 동구 용운동 395-2,36.32507612,127.4615824,,한전주,042-271-4871,대전광역시 동구청,2023-12-01
용운동072,1,,대전광역시 동구 용운동 384-13,36.32525817,127.4612051,,한전주,042-271-4871,대전광역시 동구청,2023-12-01
용운동073,1,,대전광역시 동구 용운동 396-1,36.32501474,127.4610235,,한전주,042-271-4871,대전광역시 동구청,2023-12-01
용운동074,1,,대전광역시 동구 용운동 396-3,36.32494983,127.4612635,,한전주,042-271-4871,대전광역시 동구청,2023-12-01
용운동075,1,,대전광역시 동구 용운동 396-6,36.32462533,127.4615412,,한전주,042-271-4871,대전광역시 동구청,2023-12-01
용운동076,1,,대전광역시 동구 용운동 396-9,36.32435536,127.4616283,,한전주,042-271-4871,대전광역시 동구청,2023-12-01
용운동077,1,,대전광역시 동구 용운동 396-11,36.32454681,127.461456,,한전주,042-271-4871,대전광역시 동구청,2023-12-01
용운동078,1,,대전광역시 동구 용운동 396-15,36.32492663,127.4611113,,한전주,042-271-4871,대전광역시 동구청,2023-12-01
용운동079,1,,대전광역시 동구 용운동 397-16,36.32482783,127.4606983,,한전주,042-271-4871,대전광역시 동구청,2023-12-01
용운동080,1,,대전광역시 동구 용운동 397-13,36.32454244,127.4609758,,한전주,042-271-4871,대전광역시 동구청,2023-12-01
용운동081,1,,대전광역시 동구 용운동 397-11,36.32434737,127.4611304,,한전주,042-271-4871,대전광역시 동구청,2023-12-01
용운동082,1,,대전광역시 동구 용운동 402-7,36.32387724,127.4612429,,건축물,042-271-4871,대전광역시 동구청,2023-12-01
용운동083,1,,대전광역시 동구 용운동 402-7,36.32387724,127.4612429,,한전주,042-271-4871,대전광역시 동구청,2023-12-01
용운동084,1,,대전광역시 동구 용운동 397-9,36.32416214,127.4613052,,한전주,042-271-4871,대전광역시 동구청,2023-12-01
용운동085,1,,대전광역시 동구 용운동 402-6,36.32380162,127.4611531,,한전주,042-271-4871,대전광역시 동구청,2023-12-01
용운동086,1,,대전광역시 동구 용운동 399-6,36.32393131,127.4607067,,한전주,042-271-4871,대전광역시 동구청,2023-12-01
용운동087,1,,대전광역시 동구 용운동 399-2,36.32431624,127.4603456,,한전주,042-271-4871,대전광역시 동구청,2023-12-01
용운동088,1,,대전광역시 동구 용운동 549,36.32455399,127.4602446,,한전주,042-271-4871,대전광역시 동구청,2023-12-01
용운동089,1,,대전광역시 동구 용운동 399-13,36.32427034,127.4602146,,한전주,042-271-4871,대전광역시 동구청,2023-12-01
용운동090,1,,대전광역시 동구 용운동 400-1,36.32406959,127.4600886,,한전주,042-271-4871,대전광역시 동구청,2023-12-01
용운동091,1,,대전광역시 동구 용운동 400-3,36.3238326,127.4602945,,한전주,042-271-4871,대전광역시 동구청,2023-12-01
용운동092,1,,대전광역시 동구 용운동 402-3,36.32355269,127.4607641,,한전주,042-271-4871,대전광역시 동구청,2023-12-01
용운동093,1,,대전광역시 동구 용운동 402-1,36.32340123,127.4604752,,한전주,042-271-4871,대전광역시 동구청,2023-12-01
용운동094,1,,대전광역시 동구 용운동 324-1,36.3234215,127.4608051,,한전주,042-271-4871,대전광역시 동구청,2023-12-01
용운동095,1,,대전광역시 동구 용운동 336-1,36.3237814,127.4613723,,한전주,042-271-4871,대전광역시 동구청,2023-12-01
용운동096,1,,대전광역시 동구 용운동 319-1,36.32319483,127.4619532,,한전주,042-271-4871,대전광역시 동구청,2023-12-01
용운동097,1,,대전광역시 동구 용운동 319-1,36.32319483,127.4619532,,한전주,042-271-4871,대전광역시 동구청,2023-12-01
용운동098,1,,대전광역시 동구 용운동 321-2,36.32270693,127.4614179,,한전주,042-271-4871,대전광역시 동구청,2023-12-01
용운동099,1,,대전광역시 동구 용운동 321-2,36.32270693,127.4614179,,한전주,042-271-4871,대전광역시 동구청,2023-12-01
용운동100,1,,대전광역시 동구 용운동 321,36.32291223,127.4613923,,한전주,042-271-4871,대전광역시 동구청,2023-12-01
용운동101,1,,대전광역시 동구 용운동 320-1,36.32323745,127.4613959,,전용주,042-271-4871,대전광역시 동구청,2023-12-01
용운동102,1,,대전광역시 동구 용운동 340-10,36.32385575,127.4617452,,한전주,042-271-4871,대전광역시 동구청,2023-12-01
용운동103,1,,대전광역시 동구 용운동 400-8,36.32376467,127.4601713,,한전주,042-271-4871,대전광역시 동구청,2023-12-01
용운동104,1,,대전광역시 동구 용운동 401-3,36.32394567,127.459668,,한전주,042-271-4871,대전광역시 동구청,2023-12-01
용운동105,1,,대전광역시 동구 용운동 401-3,36.32394567,127.459668,,한전주,042-271-4871,대전광역시 동구청,2023-12-01
용운동106,1,,대전광역시 동구 용운동 401-1,36.32415882,127.4594767,,한전주,042-271-4871,대전광역시 동구청,2023-12-01
용운동107,1,,대전광역시 동구 용운동 380-15,36.3245736,127.459438,,한전주,042-271-4871,대전광역시 동구청,2023-12-01
용운동108,1,,대전광역시 동구 용운동 380-17,36.32477772,127.4592494,,한전주,042-271-4871,대전광역시 동구청,2023-12-01
용운동109,1,,대전광역시 동구 용운동 380-20,36.32508051,127.4589679,,한전주,042-271-4871,대전광역시 동구청,2023-12-01
용운동110,1,,대전광역시 동구 용운동 380-21,36.32519052,127.4588806,,한전주,042-271-4871,대전광역시 동구청,2023-12-01
용운동111,1,,대전광역시 동구 용운동 380-22,36.32530214,127.4587726,,한전주,042-271-4871,대전광역시 동구청,2023-12-01
용운동112,1,,대전광역시 동구 용운동 381-1,36.32565447,127.4589449,,한전주,042-271-4871,대전광역시 동구청,2023-12-01
용운동113,1,,대전광역시 동구 용운동 381-1,36.32565447,127.4589449,,한전주,042-271-4871,대전광역시 동구청,2023-12-01
용운동114,1,,대전광역시 동구 용운동 381-18,36.32546663,127.4591182,,한전주,042-271-4871,대전광역시 동구청,2023-12-01
용운동115,1,,대전광역시 동구 용운동 381-14,36.32506562,127.4594896,,한전주,042-271-4871,대전광역시 동구청,2023-12-01
용운동116,1,,대전광역시 동구 용운동 381-11,36.32474288,127.4597538,,한전주,042-271-4871,대전광역시 동구청,2023-12-01
용운동117,1,,대전광역시 동구 용운동 356-1,36.32458509,127.4601751,,한전주,042-271-4871,대전광역시 동구청,2023-12-01
용운동118,1,,대전광역시 동구 용운동 381-7,36.32518212,127.4595649,,한전주,042-271-4871,대전광역시 동구청,2023-12-01
용운동119,1,,대전광역시 동구 용운동 381-5,36.32538833,127.4593727,,한전주,042-271-4871,대전광역시 동구청,2023-12-01
용운동120,1,,대전광역시 동구 용운동 381-2,36.32567035,127.4591024,,한전주,042-271-4871,대전광역시 동구청,2023-12-01
용운동121,1,,대전광역시 동구 용운동 377-9,36.32591579,127.459537,,한전주,042-271-4871,대전광역시 동구청,2023-12-01
용운동122,1,,대전광역시 동구 용운동 377-7,36.32602972,127.4603026,,한전주,042-271-4871,대전광역시 동구청,2023-12-01
용운동123,1,,대전광역시 동구 용운동 383-10,36.32561483,127.4600201,,한전주,042-271-4871,대전광역시 동구청,2023-12-01
용운동124,1,,대전광역시 동구 용운동 383-8,36.32535859,127.4602154,,한전주,042-271-4871,대전광역시 동구청,2023-12-01
용운동125,1,,대전광역시 동구 용운동 378-10,36.32578673,127.4584593,,한전주,042-271-4871,대전광역시 동구청,2023-12-01
용운동126,1,,대전광역시 동구 용운동 379-14,36.32550108,127.458314,,한전주,042-271-4871,대전광역시 동구청,2023-12-01
용운동127,1,,대전광역시 동구 용운동 378-13,36.32613126,127.4585735,,한전주,042-271-4871,대전광역시 동구청,2023-12-01
용운동128,1,,대전광역시 동구 용운동 378-1,36.32656104,127.4588315,,한전주,042-271-4871,대전광역시 동구청,2023-12-01
용운동129,1,,대전광역시 동구 용운동 329-11,36.32675477,127.4589062,,한전주,042-271-4871,대전광역시 동구청,2023-12-01
용운동130,1,,대전광역시 동구 용운동 376-6,36.32643055,127.4598843,,한전주,042-271-4871,대전광역시 동구청,2023-12-01
용운동131,1,,대전광역시 동구 용운동 376-6,36.32643055,127.4598843,,전용주,042-271-4871,대전광역시 동구청,2023-12-01
용운동132,1,,대전광역시 동구 용운동 377-1,36.32599536,127.4589516,,한전주,042-271-4871,대전광역시 동구청,2023-12-01
용운동133,1,,대전광역시 동구 용운동 377-2,36.32599019,127.4590763,,한전주,042-271-4871,대전광역시 동구청,2023-12-01
용운동134,1,,대전광역시 동구 용운동 377-4,36.3260157,127.4593797,,한전주,042-271-4871,대전광역시 동구청,2023-12-01
용운동135,1,,대전광역시 동구 용운동 377-6,36.32605056,127.4596654,,한전주,042-271-4871,대전광역시 동구청,2023-12-01
용운동136,1,,대전광역시 동구 용운동 377-7,36.32602972,127.4603026,,한전주,042-271-4871,대전광역시 동구청,2023-12-01
용운동137,1,,대전광역시 동구 용운동 329-14,36.327072,127.4591147,,한전주,042-271-4871,대전광역시 동구청,2023-12-01
용운동138,1,,대전광역시 동구 용운동 329-18,36.32752367,127.4593003,,한전주,042-271-4871,대전광역시 동구청,2023-12-01
용운동139,1,,대전광역시 동구 용운동 401-3,36.32394567,127.459668,,한전주,042-271-4871,대전광역시 동구청,2023-12-01
용운동140,1,,대전광역시 동구 용운동 539,36.3276436,127.4599011,,한전주,042-271-4871,대전광역시 동구청,2023-12-01
용운동141,1,,대전광역시 동구 용운동 539,36.3276436,127.4599011,,한전주,042-271-4871,대전광역시 동구청,2023-12-01
용운동142,1,,대전광역시 동구 용운동 338-18,36.32738728,127.4601094,,한전주,042-271-4871,대전광역시 동구청,2023-12-01
용운동143,1,,대전광역시 동구 용운동 338-17,36.32726763,127.460101,,한전주,042-271-4871,대전광역시 동구청,2023-12-01
용운동144,1,,대전광역시 동구 용운동 335-13,36.32687465,127.4598848,,한전주,042-271-4871,대전광역시 동구청,2023-12-01
용운동145,1,,대전광역시 동구 용운동 338-19,36.32663904,127.4598952,,한전주,042-271-4871,대전광역시 동구청,2023-12-01
용운동146,1,,대전광역시 동구 용운동 376-7,36.32641762,127.4600142,,한전주,042-271-4871,대전광역시 동구청,2023-12-01
용운동147,1,,대전광역시 동구 용운동 338-8,36.32682976,127.460193,,한전주,042-271-4871,대전광역시 동구청,2023-12-01
용운동148,1,,대전광역시 동구 용운동 338-5,36.3271484,127.460219,,한전주,042-271-4871,대전광역시 동구청,2023-12-01
용운동149,1,,대전광역시 동구 용운동 338-2,36.32750152,127.4602794,,한전주,042-271-4871,대전광역시 동구청,2023-12-01
용운동150,1,,대전광역시 동구 용운동 306-9,36.32768565,127.4602985,,한전주,042-271-4871,대전광역시 동구청,2023-12-01
용운동151,1,,대전광역시 동구 용운동 352-9,36.32674872,127.4613208,,한전주,042-271-4871,대전광역시 동구청,2023-12-01
용운동152,1,,대전광역시 동구 용운동 352-12,36.32720653,127.4613644,,한전주,042-271-4871,대전광역시 동구청,2023-12-01
용운동153,1,,대전광역시 동구 용운동 349-4,36.32718065,127.4606901,,한전주,042-271-4871,대전광역시 동구청,2023-12-01
용운동154,1,,대전광역시 동구 용운동 349-9,36.32670459,127.4606364,,한전주,042-271-4871,대전광역시 동구청,2023-12-01
용운동155,1,,대전광역시 동구 용운동 328-7,36.32765268,127.4574311,,건축물,042-271-4871,대전광역시 동구청,2023-12-01
용운동156,1,,대전광역시 동구 용운동 328-18,36.32762244,127.4589018,,건축물,042-271-4871,대전광역시 동구청,2023-12-01
용운동157,1,,대전광역시 동구 용운동 328-16,36.32759624,127.458614,,건축물,042-271-4871,대전광역시 동구청,2023-12-01
용운동158,1,,대전광역시 동구 용운동 328-13,36.32758204,127.4581808,,건축물,042-271-4871,대전광역시 동구청,2023-12-01
용운동159,1,,대전광역시 동구 용운동 307-23,36.32780001,127.4576938,,건축물,042-271-4871,대전광역시 동구청,2023-12-01
용운동160,1,,대전광역시 동구 용운동 421,36.3272988,127.4572905,,건축물,042-271-4871,대전광역시 동구청,2023-12-01
용운동161,1,,대전광역시 동구 용운동 307-1,36.32792872,127.4572173,,건축물,042-271-4871,대전광역시 동구청,2023-12-01
용운동162,1,,대전광역시 동구 용운동 428-4,36.32776909,127.4562101,,건축물,042-271-4871,대전광역시 동구청,2023-12-01
용운동163,1,,대전광역시 동구 용운동 423-22,36.32755905,127.4565115,,건축물,042-271-4871,대전광역시 동구청,2023-12-01
용운동164,1,,대전광역시 동구 용운동 423-7,36.32703846,127.4559594,,전용주,042-271-4871,대전광역시 동구청,2023-12-01
용운동165,1,,대전광역시 동구 용운동 462-3,36.32689405,127.4559035,,한전주,042-271-4871,대전광역시 동구청,2023-12-01
용운동166,1,,대전광역시 동구 용운동 464-6,36.32658488,127.4561099927,,전용주,042-271-4871,대전광역시 동구청,2023-12-01
용운동167,1,,대전광역시 동구 용운동 464-6,36.32658488,127.4561099927,,전용주,042-271-4871,대전광역시 동구청,2023-12-01
용운동168,1,,대전광역시 동구 용운동 465-2,36.32638239,127.4553756,,한전주,042-271-4871,대전광역시 동구청,2023-12-01
용운동169,1,,대전광역시 동구 용운동 424-2,36.32732175,127.455477,,한전주,042-271-4871,대전광역시 동구청,2023-12-01
용운동170,1,,대전광역시 동구 용운동 423-10,36.32730541,127.4556733,,한전주,042-271-4871,대전광역시 동구청,2023-12-01
용운동171,1,,대전광역시 동구 용운동 293-1,36.32820502,127.4563219,,전용주,042-271-4871,대전광역시 동구청,2023-12-01
용운동172,1,,대전광역시 동구 용운동 293-2,36.32826498,127.4564785,,한전주,042-271-4871,대전광역시 동구청,2023-12-01
용운동173,1,,대전광역시 동구 용운동 293-4,36.32837642,127.4567473,,한전주,042-271-4871,대전광역시 동구청,2023-12-01
용운동174,1,,대전광역시 동구 용운동 166-55,36.32874463,127.457083,,한전주,042-271-4871,대전광역시 동구청,2023-12-01
용운동175,1,,대전광역시 동구 용운동 292-11,36.32870883,127.4575801,,한전주,042-271-4871,대전광역시 동구청,2023-12-01
용운동176,1,,대전광역시 동구 용운동 166-44,36.3291719,127.4577321,,한전주,042-271-4871,대전광역시 동구청,2023-12-01
용운동177,1,,대전광역시 동구 용운동 415-2,36.3291204,127.4582383,,한전주,042-271-4871,대전광역시 동구청,2023-12-01
용운동178,1,,대전광역시 동구 용운동 292-2,36.32873399,127.4581155,,한전주,042-271-4871,대전광역시 동구청,2023-12-01
용운동179,1,,대전광역시 동구 용운동 291-9,36.32859853,127.4584032,,한전주,042-271-4871,대전광역시 동구청,2023-12-01
용운동180,1,,대전광역시 동구 용운동 292-4,36.32864235,127.4579718,,한전주,042-271-4871,대전광역시 동구청,2023-12-01
용운동181,1,,대전광역시 동구 용운동 292-7,36.32857779,127.4575831,,한전주,042-271-4871,대전광역시 동구청,2023-12-01
용운동182,1,,대전광역시 동구 용운동 329-16,36.32728669,127.459247,,전용주,042-271-4871,대전광역시 동구청,2023-12-01
용운동183,1,,대전광역시 동구 용운동 291-15,36.32926405,127.4587547,,한전주,042-271-4871,대전광역시 동구청,2023-12-01
용운동184,1,,대전광역시 동구 용운동 291-1,36.32940549,127.4589769,,한전주,042-271-4871,대전광역시 동구청,2023-12-01
용운동185,1,,대전광역시 동구 용운동 178-11,36.32958144,127.4590824,,한전주,042-271-4871,대전광역시 동구청,2023-12-01
용운동186,1,,대전광역시 동구 용운동 291-16,36.32930344,127.4589382,,한전주,042-271-4871,대전광역시 동구청,2023-12-01
용운동187,1,,대전광역시 동구 용운동 291-5,36.32898648,127.4586624,,한전주,042-271-4871,대전광역시 동구청,2023-12-01
용운동188,1,,대전광역시 동구 용운동 291-6,36.32887662,127.4585695,,한전주,042-271-4871,대전광역시 동구청,2023-12-01
용운동189,1,,대전광역시 동구 용운동 290-16,36.32858414,127.4588402,,한전주,042-271-4871,대전광역시 동구청,2023-12-01
용운동190,1,,대전광역시 동구 용운동 294-12,36.32823174,127.4585937,,한전주,042-271-4871,대전광역시 동구청,2023-12-01
용운동191,1,,대전광역시 동구 용운동 290-2,36.32926687,127.4593792,,한전주,042-271-4871,대전광역시 동구청,2023-12-01
용운동192,1,,대전광역시 동구 용운동 178-9,36.32982748,127.4592431,,한전주,042-271-4871,대전광역시 동구청,2023-12-01
용운동193,1,,대전광역시 동구 용운동 178-6,36.33013699,127.4594639,,한전주,042-271-4871,대전광역시 동구청,2023-12-01
용운동194,1,,대전광역시 동구 용운동 179-9,36.33015977,127.4597517,,전용주,042-271-4871,대전광역시 동구청,2023-12-01
용운동195,1,,대전광역시 동구 용운동 178-13,36.33047779,127.4596833,,한전주,042-271-4871,대전광역시 동구청,2023-12-01
용운동196,1,,대전광역시 동구 용운동 178-12,36.3305814,127.4597583,,한전주,042-271-4871,대전광역시 동구청,2023-12-01
용운동197,1,,대전광역시 동구 용운동 178-19,36.33071997,127.4596264,,한전주,042-271-4871,대전광역시 동구청,2023-12-01
용운동198,1,,대전광역시 동구 용운동 178-15,36.33088549,127.4599849,,한전주,042-271-4871,대전광역시 동구청,2023-12-01
용운동199,1,,대전광역시 동구 용운동 176,36.33104198,127.4607378,,한전주,042-271-4871,대전광역시 동구청,2023-12-01
용운동200,1,,대전광역시 동구 용운동 176,36.33104198,127.4607378,,한전주,042-271-4871,대전광역시 동구청,2023-12-01
용운동201,1,,대전광역시 동구 용운동 295-2,36.32839231,127.4594673,,한전주,042-271-4871,대전광역시 동구청,2023-12-01
용운동202,1,,대전광역시 동구 용운동 288-11,36.32858333,127.4598015,,한전주,042-271-4871,대전광역시 동구청,2023-12-01
용운동203,1,,대전광역시 동구 용운동 295-5,36.32835842,127.4598889,,한전주,042-271-4871,대전광역시 동구청,2023-12-01
용운동204,1,,대전광역시 동구 용운동 285-12,36.32847163,127.4603973,,한전주,042-271-4871,대전광역시 동구청,2023-12-01
용운동205,1,,대전광역시 동구 용운동 536,36.32880212,127.4598294,,한전주,042-271-4871,대전광역시 동구청,2023-12-01
용운동206,1,,대전광역시 동구 용운동 284-10,36.3284116,127.4608455,,한전주,042-271-4871,대전광역시 동구청,2023-12-01
용운동207,1,,대전광역시 동구 용운동 536,36.32880212,127.4598294,,한전주,042-271-4871,대전광역시 동구청,2023-12-01
용운동208,1,,대전광역시 동구 용운동 296-2,36.32802807,127.4610065,,한전주,042-271-4871,대전광역시 동구청,2023-12-01
용운동209,1,,대전광역시 동구 용운동 296-4,36.32795138,127.4615661,,한전주,042-271-4871,대전광역시 동구청,2023-12-01
용운동212,1,,대전광역시 동구 용운동 282-12,36.32850866,127.4616389,,한전주,042-271-4871,대전광역시 동구청,2023-12-01
용운동213,1,,대전광역시 동구 용운동 283-7,36.32882955,127.4615508,,한전주,042-271-4871,대전광역시 동구청,2023-12-01
용운동214,1,,대전광역시 동구 용운동 283-4,36.32915043,127.4617668,,한전주,042-271-4871,대전광역시 동구청,2023-12-01
용운동215,1,,대전광역시 동구 용운동 283-2,36.32933751,127.4619078,,한전주,042-271-4871,대전광역시 동구청,2023-12-01
용운동216,1,,대전광역시 동구 용운동 284-1,36.32944383,127.4613736,,한전주,042-271-4871,대전광역시 동구청,2023-12-01
용운동217,1,,대전광역시 동구 용운동 284-1,36.32944383,127.4613736,,한전주,042-271-4871,대전광역시 동구청,2023-12-01
용운동218,1,,대전광역시 동구 용운동 284-1,36.32944383,127.4613736,,한전주,042-271-4871,대전광역시 동구청,2023-12-01
용운동219,1,,대전광역시 동구 용운동 283-1,36.32941021,127.4617743,,한전주,042-271-4871,대전광역시 동구청,2023-12-01
용운동220,1,,대전광역시 동구 용운동 283-19,36.32920653,127.4616394,,한전주,042-271-4871,대전광역시 동구청,2023-12-01
용운동221,1,,대전광역시 동구 용운동 283-16,36.32887744,127.4614234,,한전주,042-271-4871,대전광역시 동구청,2023-12-01
용운동222,1,,대전광역시 동구 용운동 283-14,36.32865644,127.4612922,,한전주,042-271-4871,대전광역시 동구청,2023-12-01
용운동223,1,,대전광역시 동구 용운동 284-11,36.32843655,127.4606626,,한전주,042-271-4871,대전광역시 동구청,2023-12-01
용운동224,1,,대전광역시 동구 용운동 284-15,36.32885601,127.4609512,,한전주,042-271-4871,대전광역시 동구청,2023-12-01
용운동225,1,,대전광역시 동구 용운동 284-17,36.32904462,127.461071,,한전주,042-271-4871,대전광역시 동구청,2023-12-01
용운동226,1,,대전광역시 동구 용운동 284-2,36.32921584,127.461353,,한전주,042-271-4871,대전광역시 동구청,2023-12-01
용운동227,1,,대전광역시 동구 용운동 285-2,36.32953378,127.4607658,,건축물,042-271-4871,대전광역시 동구청,2023-12-01
용운동228,1,,대전광역시 동구 용운동 536,36.32880212,127.4598294,,한전주,042-271-4871,대전광역시 동구청,2023-12-01
용운동229,1,,대전광역시 동구 용운동 285-20,36.32929144,127.4607221,,한전주,042-271-4871,대전광역시 동구청,2023-12-01
용운동230,1,,대전광역시 동구 용운동 285-18,36.32907381,127.4606056,,한전주,042-271-4871,대전광역시 동구청,2023-12-01
용운동231,1,,대전광역시 동구 용운동 288-7,36.32890444,127.4601954,,한전주,042-271-4871,대전광역시 동구청,2023-12-01
용운동232,1,,대전광역시 동구 용운동 288-9,36.32868247,127.4600562,,한전주,042-271-4871,대전광역시 동구청,2023-12-01
용운동233,1,,대전광역시 동구 용운동 288-12,36.32871366,127.4599138,,한전주,042-271-4871,대전광역시 동구청,2023-12-01
용운동234,1,,대전광역시 동구 용운동 288-14,36.32892874,127.4600617,,한전주,042-271-4871,대전광역시 동구청,2023-12-01
용운동235,1,,대전광역시 동구 용운동 288-16,36.32913235,127.4601931,,한전주,042-271-4871,대전광역시 동구청,2023-12-01
용운동236,1,,대전광역시 동구 용운동 288-17,36.32926282,127.4602685,,한전주,042-271-4871,대전광역시 동구청,2023-12-01
용운동237,1,,대전광역시 동구 용운동 289-2,36.32951618,127.4600704,,한전주,042-271-4871,대전광역시 동구청,2023-12-01
용운동238,1,,대전광역시 동구 용운동 180-17,36.32983661,127.4603833,,한전주,042-271-4871,대전광역시 동구청,2023-12-01
용운동239,1,,대전광역시 동구 용운동 180-15,36.33009533,127.4605011,,한전주,042-271-4871,대전광역시 동구청,2023-12-01
용운동240,1,,대전광역시 동구 용운동 180-6,36.33031072,127.4606398,,한전주,042-271-4871,대전광역시 동구청,2023-12-01
용운동241,1,,대전광역시 동구 용운동 180-4,36.33052745,127.4607815,,한전주,042-271-4871,대전광역시 동구청,2023-12-01
용운동242,1,,대전광역시 동구 용운동 181-2,36.33068355,127.4613361,,한전주,042-271-4871,대전광역시 동구청,2023-12-01
용운동243,1,,대전광역시 동구 용운동 181-4,36.33044432,127.4611877,,한전주,042-271-4871,대전광역시 동구청,2023-12-01
용운동244,1,,대전광역시 동구 용운동 181-8,36.33000429,127.4609038,,한전주,042-271-4871,대전광역시 동구청,2023-12-01
용운동245,1,,대전광역시 동구 용운동 181-10,36.32972944,127.4608805,,한전주,042-271-4871,대전광역시 동구청,2023-12-01
용운동246,1,,대전광역시 동구 용운동 183-9,36.32974809,127.461511,,한전주,042-271-4871,대전광역시 동구청,2023-12-01
용운동247,1,,대전광역시 동구 용운동 183-12,36.33008824,127.4617547,,한전주,042-271-4871,대전광역시 동구청,2023-12-01
용운동248,1,,대전광역시 동구 용운동 183-14,36.33029739,127.4618748,,한전주,042-271-4871,대전광역시 동구청,2023-12-01
용운동249,1,,대전광역시 동구 용운동 276-17,36.3302215,127.4622978,,한전주,042-271-4871,대전광역시 동구청,2023-12-01
용운동250,1,,대전광역시 동구 용운동 276-14,36.32990718,127.4621085,,한전주,042-271-4871,대전광역시 동구청,2023-12-01
용운동251,1,,대전광역시 동구 용운동 331-14,36.32701455,127.4595716,,한전주,042-271-4871,대전광역시 동구청,2023-12-01
용운동252,1,,대전광역시 동구 용운동 276-6,36.32994669,127.4623078,,한전주,042-271-4871,대전광역시 동구청,2023-12-01
용운동253,1,,대전광역시 동구 용운동 276-4,36.33018341,127.4624539,,한전주,042-271-4871,대전광역시 동구청,2023-12-01
용운동254,1,,대전광역시 동구 용운동 276-3,36.33027657,127.4625292,,한전주,042-271-4871,대전광역시 동구청,2023-12-01
용운동257,1,,대전광역시 동구 용운동 277-11,36.32957018,127.4624941,,한전주,042-271-4871,대전광역시 동구청,2023-12-01
용운동258,1,,대전광역시 동구 용운동 277-13,36.32936975,127.4623578,,한전주,042-271-4871,대전광역시 동구청,2023-12-01
용운동260,1,,대전광역시 동구 용운동 184-5,36.33086503,127.4630423,,한전주,042-271-4871,대전광역시 동구청,2023-12-01
용운동261,1,,대전광역시 동구 용운동 184-2,36.33094001,127.4625539,,한전주,042-271-4871,대전광역시 동구청,2023-12-01
용운동262,1,,대전광역시 동구 용운동 174-21,36.33067707,127.462291,,한전주,042-271-4871,대전광역시 동구청,2023-12-01
용운동265,1,,대전광역시 동구 용운동 175-1,36.3310892,127.4635641,,한전주,042-271-4871,대전광역시 동구청,2023-12-01
용운동266,1,,대전광역시 동구 용운동 185-10,36.33185055,127.4632298,,한전주,042-271-4871,대전광역시 동구청,2023-12-01
용운동267,1,,대전광역시 동구 용운동 185-5,36.33153111,127.4629201,,한전주,042-271-4871,대전광역시 동구청,2023-12-01
용운동268,1,,대전광역시 동구 용운동 210-7,36.33053067,127.465878,,한전주,042-271-4871,대전광역시 동구청,2023-12-01
용운동269,1,,대전광역시 동구 용운동 238-6,36.33024293,127.4660394,,전용주,042-271-4871,대전광역시 동구청,2023-12-01
용운동270,1,,대전광역시 동구 용운동 237-3,36.33008002,127.4663195,,한전주,042-271-4871,대전광역시 동구청,2023-12-01
용운동271,1,,대전광역시 동구 용운동 241-4,36.3296922,127.4660453,,한전주,042-271-4871,대전광역시 동구청,2023-12-01
용운동272,1,,대전광역시 동구 용운동 258-5,36.32941373,127.4656294,,한전주,042-271-4871,대전광역시 동구청,2023-12-01
용운동273,1,,대전광역시 동구 용운동 240-7,36.32971391,127.4656759,,한전주,042-271-4871,대전광역시 동구청,2023-12-01
용운동274,1,,대전광역시 동구 용운동 240-10,36.32967908,127.4655486,,한전주,042-271-4871,대전광역시 동구청,2023-12-01
용운동275,1,,대전광역시 동구 용운동 240-3,36.32981727,127.4656313,,한전주,042-271-4871,대전광역시 동구청,2023-12-01
용운동276,1,,대전광역시 동구 용운동 210-8,36.33026996,127.4654848,,한전주,042-271-4871,대전광역시 동구청,2023-12-01
용운동277,1,,대전광역시 동구 용운동 202-1,36.33041335,127.4649502,,한전주,042-271-4871,대전광역시 동구청,2023-12-01
용운동278,1,,대전광역시 동구 용운동 202-1,36.33041335,127.4649502,,전용주,042-271-4871,대전광역시 동구청,2023-12-01
용운동279,1,,대전광역시 동구 용운동 201-1,36.33066708,127.4647051,,한전주,042-271-4871,대전광역시 동구청,2023-12-01
용운동282,1,,대전광역시 동구 용운동 206-7,36.32979663,127.4651987,,한전주,042-271-4871,대전광역시 동구청,2023-12-01
용운동283,1,,대전광역시 동구 용운동 206-3,36.32963996,127.4649508,,한전주,042-271-4871,대전광역시 동구청,2023-12-01
용운동284,1,,대전광역시 동구 용운동 256-1,36.3290318,127.4657945,,한전주,042-271-4871,대전광역시 동구청,2023-12-01
용운동285,1,,대전광역시 동구 용운동 265-1,36.32889488,127.465293,,한전주,042-271-4871,대전광역시 동구청,2023-12-01
용운동286,1,,대전광역시 동구 용운동 258-9,36.32908668,127.4653801,,전용주,042-271-4871,대전광역시 동구청,2023-12-01
용운동287,1,,대전광역시 동구 용운동 263-6,36.3286800027,127.4656505,,한전주,042-271-4871,대전광역시 동구청,2023-12-01
용운동288,1,,대전광역시 동구 용운동 271-1,36.32886143,127.4663146,,한전주,042-271-4871,대전광역시 동구청,2023-12-01
용운동289,1,,대전광역시 동구 용운동 269-1,36.32868137,127.4660408,,건축물,042-271-4871,대전광역시 동구청,2023-12-01
용운동291,1,,대전광역시 동구 용운동 280-4,36.32837718,127.4658653,,전용주,042-271-4871,대전광역시 동구청,2023-12-01
용운동292,1,,대전광역시 동구 용운동 273-5,36.32819514,127.4662129,,한전주,042-271-4871,대전광역시 동구청,2023-12-01
용운동296,1,,대전광역시 동구 용운동 243-1,36.32919251,127.4681853,,한전주,042-271-4871,대전광역시 동구청,2023-12-01
용운동297,1,,대전광역시 동구 용운동 236-1,36.33095597,127.4668385,,한전주,042-271-4871,대전광역시 동구청,2023-12-01
용운동298,1,,대전광역시 동구 용운동 235,36.33099572,127.4671132,,한전주,042-271-4871,대전광역시 동구청,2023-12-01
용운동299,1,,대전광역시 동구 용운동 235,36.33099572,127.4671132,,한전주,042-271-4871,대전광역시 동구청,2023-12-01
용운동300,1,,대전광역시 동구 용운동 231-1,36.33184643,127.4672529,,한전주,042-271-4871,대전광역시 동구청,2023-12-01
용운동301,1,,대전광역시 동구 용운동 4,36.33362849,127.4675778,,한전주,042-271-4871,대전광역시 동구청,2023-12-01
용운동302,1,,대전광역시 동구 용운동 4,36.33362849,127.4675778,,한전주,042-271-4871,대전광역시 동구청,2023-12-01
용운동303,1,,대전광역시 동구 용운동 4,36.33362849,127.4675778,,한전주,042-271-4871,대전광역시 동구청,2023-12-01
용운동304,1,,대전광역시 동구 용운동 4,36.33362849,127.4675778,,한전주,042-271-4871,대전광역시 동구청,2023-12-01
용운동305,1,,대전광역시 동구 용운동 50-5,36.3363131,127.4652432,,한전주,042-271-4871,대전광역시 동구청,2023-12-01
용운동306,1,,대전광역시 동구 용운동 4,36.33362849,127.4675778,,한전주,042-271-4871,대전광역시 동구청,2023-12-01
용운동307,1,,대전광역시 동구 용운동 54,36.33667739,127.4653163,,한전주,042-271-4871,대전광역시 동구청,2023-12-01
용운동308,1,,대전광역시 동구 용운동 56-5,36.33686178,127.4655543,,한전주,042-271-4871,대전광역시 동구청,2023-12-01
용운동309,1,,대전광역시 동구 용운동 58-2,36.33693075,127.4652005,,한전주,042-271-4871,대전광역시 동구청,2023-12-01
용운동310,1,,대전광역시 동구 용운동 4,36.33362849,127.4675778,,한전주,042-271-4871,대전광역시 동구청,2023-12-01
용운동311,1,,대전광역시 동구 용운동 4,36.33362849,127.4675778,,한전주,042-271-4871,대전광역시 동구청,2023-12-01
용운동312,1,,대전광역시 동구 용운동 4,36.33362849,127.4675778,,한전주,042-271-4871,대전광역시 동구청,2023-12-01
용운동313,1,,대전광역시 동구 용운동 432-6,36.32838776,127.4552159,,한전주,042-271-4871,대전광역시 동구청,2023-12-01
용운동314,1,,대전광역시 동구 용운동 431-2,36.32824024,127.455072,,전용주,042-271-4871,대전광역시 동구청,2023-12-01
용운동315,1,,대전광역시 동구 용운동 662-1,36.33278733,127.4560089,,한전주,042-271-4871,대전광역시 동구청,2023-12-01
용운동316,1,,대전광역시 동구 용운동 662,36.3328407,127.4558855,,한전주,042-271-4871,대전광역시 동구청,2023-12-01
용운동317,1,,대전광역시 동구 용운동 659,36.33344181,127.4557371,,한전주,042-271-4871,대전광역시 동구청,2023-12-01
용운동318,1,,대전광역시 동구 용운동 670,36.33273688,127.4566907,,한전주,042-271-4871,대전광역시 동구청,2023-12-01
용운동319,1,,대전광역시 동구 용운동 649,36.33352127,127.4567603,,한전주,042-271-4871,대전광역시 동구청,2023-12-01
용운동320,1,,대전광역시 동구 용운동 618,36.33547226,127.4570336,,한전주,042-271-4871,대전광역시 동구청,2023-12-01
용운동321,1,,대전광역시 동구 용운동 616,36.33569539,127.457127,,한전주,042-271-4871,대전광역시 동구청,2023-12-01
용운동322,1,,대전광역시 동구 용운동 614-1,36.33595627,127.4572469,,한전주,042-271-4871,대전광역시 동구청,2023-12-01
용운동323,1,,대전광역시 동구 용운동 613,36.33623465,127.4573403,,한전주,042-271-4871,대전광역시 동구청,2023-12-01
용운동324,1,,대전광역시 동구 용운동 609,36.33686437,127.4574875,,한전주,042-271-4871,대전광역시 동구청,2023-12-01
용운동325,1,,대전광역시 동구 용운동 605,36.33733365,127.4577819,,한전주,042-271-4871,대전광역시 동구청,2023-12-01
용운동326,1,,대전광역시 동구 용운동 603,36.33759832,127.4578778,,한전주,042-271-4871,대전광역시 동구청,2023-12-01
용운동327,1,,대전광역시 동구 용운동 600-1,36.33801273,127.4580298,,한전주,042-271-4871,대전광역시 동구청,2023-12-01
용운동328,1,,대전광역시 동구 용운동 600,36.33812009,127.4580681,,한전주,042-271-4871,대전광역시 동구청,2023-12-01
용운동329,1,,대전광역시 동구 용운동 552,36.33873238,127.4574719,,한전주,042-271-4871,대전광역시 동구청,2023-12-01
용운동330,1,,대전광역시 동구 용운동 554,36.33850945,127.4574434,,전용주,042-271-4871,대전광역시 동구청,2023-12-01
용운동331,1,,대전광역시 동구 용운동 558,36.33790689,127.4571922,,전용주,042-271-4871,대전광역시 동구청,2023-12-01
용운동332,1,,대전광역시 동구 용운동 558,36.33790689,127.4571922,,전용주,042-271-4871,대전광역시 동구청,2023-12-01
용운동333,1,,대전광역시 동구 용운동 563,36.33719683,127.4569176,,전용주,042-271-4871,대전광역시 동구청,2023-12-01
용운동334,1,,대전광역시 동구 용운동 565,36.33689564,127.4568035,,한전주,042-271-4871,대전광역시 동구청,2023-12-01
용운동335,1,,대전광역시 동구 용운동 568,36.33638403,127.4565948,,한전주,042-271-4871,대전광역시 동구청,2023-12-01
용운동336,1,,대전광역시 동구 용운동 571,36.33597818,127.4564431,,한전주,042-271-4871,대전광역시 동구청,2023-12-01
용운동337,1,,대전광역시 동구 용운동 625,36.3349598,127.4560069,,한전주,042-271-4871,대전광역시 동구청,2023-12-01
용운동338,1,,대전광역시 동구 용운동 629,36.33453773,127.4558093,,전용주,042-271-4871,대전광역시 동구청,2023-12-01
용운동339,1,,대전광역시 동구 용운동 748,36.33369556,127.4551911,,전용주,042-271-4871,대전광역시 동구청,2023-12-01
용운동340,1,,대전광역시 동구 용운동 747,36.33400708,127.4550581,,한전주,042-271-4871,대전광역시 동구청,2023-12-01
용운동341,1,,대전광역시 동구 용운동 707,36.33356947,127.4548248,,한전주,042-271-4871,대전광역시 동구청,2023-12-01
용운동342,1,,대전광역시 동구 용운동 705,36.33360827,127.4543333,,한전주,042-271-4871,대전광역시 동구청,2023-12-01
용운동343,1,,대전광역시 동구 용운동 498-22,36.32698635,127.4476476,,한전주,042-271-4871,대전광역시 동구청,2023-12-01
용운동344,1,,대전광역시 동구 용운동 498-38,36.3268812,127.447641,,한전주,042-271-4871,대전광역시 동구청,2023-12-01
용운동345,1,,대전광역시 동구 용운동 527,36.32695597,127.4475422,,한전주,042-271-4871,대전광역시 동구청,2023-12-01
용운동346,1,,대전광역시 동구 용운동 198-24,36.32739549,127.4473113,,건축물,042-271-4871,대전광역시 동구청,2023-12-01
용운동347,1,,대전광역시 동구 용운동 495-5,36.32718187,127.4480674,,건축물,042-271-4871,대전광역시 동구청,2023-12-01
용운동348,1,,대전광역시 동구 용운동 498-7,36.32660696,127.4482716,,전용주,042-271-4871,대전광역시 동구청,2023-12-01
용운동349,1,,대전광역시 동구 용운동 501-8,36.32598682,127.448018,,건축물,042-271-4871,대전광역시 동구청,2023-12-01
용운동350,1,,대전광역시 동구 용운동 487-5,36.32657732,127.4493742,,전용주,042-271-4871,대전광역시 동구청,2023-12-01
용운동351,1,,대전광역시 동구 용운동 486-2,36.32635591,127.4493238,,건축물,042-271-4871,대전광역시 동구청,2023-12-01
용운동352,1,,대전광역시 동구 용운동 486-7,36.32628265,127.4494915,,한전주,042-271-4871,대전광역시 동구청,2023-12-01
용운동353,1,,대전광역시 동구 용운동 486-8,36.32621143,127.4493786,,한전주,042-271-4871,대전광역시 동구청,2023-12-01
용운동354,1,,대전광역시 동구 용운동 486-4,36.3261652,127.4492095,,건축물,042-271-4871,대전광역시 동구청,2023-12-01
용운동355,1,,대전광역시 동구 용운동 486-3,36.32626795,127.4492783,,전용주,042-271-4871,대전광역시 동구청,2023-12-01
용운동356,1,,대전광역시 동구 용운동 503-5,36.32589006,127.4489245,,한전주,042-271-4871,대전광역시 동구청,2023-12-01
용운동357,1,,대전광역시 동구 용운동 497-13,36.32607363,127.4487566,,한전주,042-271-4871,대전광역시 동구청,2023-12-01
용운동358,1,,대전광역시 동구 용운동 497-16,36.32628346,127.448747,,한전주,042-271-4871,대전광역시 동구청,2023-12-01
용운동359,1,,대전광역시 동구 용운동 497-5,36.32624897,127.4489085,,전용주,042-271-4871,대전광역시 동구청,2023-12-01
용운동360,1,,대전광역시 동구 용운동 500-11,36.32615343,127.4483374,,전용주,042-271-4871,대전광역시 동구청,2023-12-01
용운동361,1,,대전광역시 동구 용운동 503-4,36.32594692,127.4490216,,한전주,042-271-4871,대전광역시 동구청,2023-12-01
용운동362,1,,대전광역시 동구 용운동 503-6,36.32581928,127.4488389,,한전주,042-271-4871,대전광역시 동구청,2023-12-01
용운동363,1,,대전광역시 동구 용운동 503-14,36.32560031,127.4484257,,한전주,042-271-4871,대전광역시 동구청,2023-12-01
용운동364,1,,대전광역시 동구 용운동 505-183,36.3248361,127.4489805,,한전주,042-271-4871,대전광역시 동구청,2023-12-01
용운동365,1,,대전광역시 동구 용운동 502-6,36.32591169,127.4483713,,한전주,042-271-4871,대전광역시 동구청,2023-12-01
용운동366,1,,대전광역시 동구 용운동 505-177,36.32416267,127.4489276,,한전주,042-271-4871,대전광역시 동구청,2023-12-01
용운동367,1,,대전광역시 동구 용운동 505-177,36.32416267,127.4489276,,한전주,042-271-4871,대전광역시 동구청,2023-12-01
용운동368,1,,대전광역시 동구 용운동 505-218,36.32468675,127.4491561,,건축물,042-271-4871,대전광역시 동구청,2023-12-01
용운동369,1,,대전광역시 동구 용운동 505-27,36.32412328,127.4493875,,한전주,042-271-4871,대전광역시 동구청,2023-12-01
용운동370,1,,대전광역시 동구 용운동 505-198,36.32470727,127.4485638,,한전주,042-271-4871,대전광역시 동구청,2023-12-01
용운동372,1,,대전광역시 동구 용운동 505-187,36.32478998,127.4486886,,한전주,042-271-4871,대전광역시 동구청,2023-12-01
용운동373,1,,대전광역시 동구 용운동 505-239,36.32449247,127.4487936,,전용주,042-271-4871,대전광역시 동구청,2023-12-01
용운동374,1,,대전광역시 동구 용운동 505-215,36.32419995,127.4478127,,한전주,042-271-4871,대전광역시 동구청,2023-12-01
용운동375,1,,대전광역시 동구 용운동 154-3,36.32981021,127.4536898,,한전주,042-271-4871,대전광역시 동구청,2023-12-01
용운동376,1,,대전광역시 동구 용운동 153-3,36.32962495,127.4538011,,한전주,042-271-4871,대전광역시 동구청,2023-12-01
용운동377,1,,대전광역시 동구 용운동 153-5,36.32942915,127.4533436,,한전주,042-271-4871,대전광역시 동구청,2023-12-01
용운동378,1,,대전광역시 동구 용운동 444-20,36.32940389,127.4532076,,한전주,042-271-4871,대전광역시 동구청,2023-12-01
용운동379,1,,대전광역시 동구 용운동 152,36.32997424,127.4534705,,한전주,042-271-4871,대전광역시 동구청,2023-12-01
용운동380,1,,대전광역시 동구 용운동 444-10,36.32919902,127.4530453,,한전주,042-271-4871,대전광역시 동구청,2023-12-01
용운동381,1,,대전광역시 동구 용운동 444-10,36.32919902,127.4530453,,한전주,042-271-4871,대전광역시 동구청,2023-12-01
용운동382,1,,대전광역시 동구 용운동 440-3,36.32897856,127.452759,,한전주,042-271-4871,대전광역시 동구청,2023-12-01
용운동383,1,,대전광역시 동구 용운동 444-7,36.3287265,127.4522953,,건축물,042-271-4871,대전광역시 동구청,2023-12-01
용운동384,1,,대전광역시 동구 용운동 439-1,36.32867439,127.4527563,,한전주,042-271-4871,대전광역시 동구청,2023-12-01
용운동385,1,,대전광역시 동구 용운동 447-14,36.32830241,127.4523758,,한전주,042-271-4871,대전광역시 동구청,2023-12-01
용운동386,1,,대전광역시 동구 용운동 447-21,36.32792721,127.4519514,,한전주,042-271-4871,대전광역시 동구청,2023-12-01
용운동387,1,,대전광역시 동구 용운동 480-26,36.32796252,127.4509776,,한전주,042-271-4871,대전광역시 동구청,2023-12-01
용운동388,1,,대전광역시 동구 용운동 477-14,36.32822311,127.4515331,,전용주,042-271-4871,대전광역시 동구청,2023-12-01
용운동389,1,,대전광역시 동구 용운동 477-16,36.32829689,127.4514699761,,전용주,042-271-4871,대전광역시 동구청,2023-12-01
용운동390,1,,대전광역시 동구 용운동 477-9,36.32880784,127.4514964,,전용주,042-271-4871,대전광역시 동구청,2023-12-01
용운동391,1,,대전광역시 동구 용운동 524-6,36.32734454,127.450104,,한전주,042-271-4871,대전광역시 동구청,2023-12-01
용운동392,1,,대전광역시 동구 용운동 491-10,36.32761284,127.4500985,,한전주,042-271-4871,대전광역시 동구청,2023-12-01
용운동393,1,,대전광역시 동구 용운동 46-3,36.32793073,127.4498714,,전용주,042-271-4871,대전광역시 동구청,2023-12-01
용운동394,1,,대전광역시 동구 용운동 491-8,36.3277805,127.4498236,,한전주,042-271-4871,대전광역시 동구청,2023-12-01
용운동395,1,,대전광역시 동구 용운동 492-4,36.32732825,127.4497383,,한전주,042-271-4871,대전광역시 동구청,2023-12-01
용운동396,1,,대전광역시 동구 용운동 492-15,36.32740217,127.4494929,,한전주,042-271-4871,대전광역시 동구청,2023-12-01
용운동397,1,,대전광역시 동구 용운동 492-51,36.32725786,127.4493825,,한전주,042-271-4871,대전광역시 동구청,2023-12-01
용운동398,1,,대전광역시 동구 용운동 492-13,36.32715573,127.4491483,,건축물,042-271-4871,대전광역시 동구청,2023-12-01
용운동399,1,,대전광역시 동구 용운동 492-2,36.32744596,127.4492309,,한전주,042-271-4871,대전광역시 동구청,2023-12-01
용운동400,1,,대전광역시 동구 용운동 46-3,36.32793073,127.4498714,,전용주,042-271-4871,대전광역시 동구청,2023-12-01
용운동401,1,,대전광역시 동구 용운동 524-9,36.32764715,127.4484866,,한전주,042-271-4871,대전광역시 동구청,2023-12-01
용운동402,1,,대전광역시 동구 용운동 492-46,36.32736545,127.4484733,,한전주,042-271-4871,대전광역시 동구청,2023-12-01
용운동403,1,,대전광역시 동구 용운동 493-5,36.32778163,127.4479872,,전용주,042-271-4871,대전광역시 동구청,2023-12-01
용운동404,1,,대전광역시 동구 용운동 493-5,36.32778163,127.4479872,,한전주,042-271-4871,대전광역시 동구청,2023-12-01
용운동405,1,,대전광역시 동구 대동 493-1,36.32797672,127.4479188,,한전주,042-271-4871,대전광역시 동구청,2023-12-01
용운동406,1,,대전광역시 동구 용운동 493-10,36.32769528,127.4477988,,한전주,042-271-4871,대전광역시 동구청,2023-12-01
용운동407,1,,대전광역시 동구 용운동 493,36.32782128,127.4475542,,한전주,042-271-4871,대전광역시 동구청,2023-12-01
용운동408,1,,대전광역시 동구 용운동 493,36.32782128,127.4475542,,전용주,042-271-4871,대전광역시 동구청,2023-12-01
용운동409,1,,대전광역시 동구 용운동 779,36.33164173,127.4550781,,한전주,042-271-4871,대전광역시 동구청,2023-12-01
용운동410,1,,대전광역시 동구 용운동 696,36.33141372,127.4551688,,한전주,042-271-4871,대전광역시 동구청,2023-12-01
용운동412,1,,대전광역시 동구 용운동 687-2,36.33211695,127.4552062,,한전주,042-271-4871,대전광역시 동구청,2023-12-01
용운동413,1,,대전광역시 동구 용운동 492-26,36.32743207,127.4490413,,건축물,042-271-4871,대전광역시 동구청,2023-12-01
용운동414,1,,대전광역시 동구 용운동 447-21,36.32792721,127.4519514,,한전주,042-271-4871,대전광역시 동구청,2023-12-01
용운동415,1,,대전광역시 동구 용운동 478-1,36.32815725,127.4518644,,한전주,042-271-4871,대전광역시 동구청,2023-12-01
용운동416,1,,대전광역시 동구 용운동 491-14,36.32807068,127.4497353,,건축물,042-271-4871,대전광역시 동구청,2023-12-01
용운동417,1,,대전광역시 동구 용운동 491-1,36.32813235,127.4497895,,전용주,042-271-4871,대전광역시 동구청,2023-12-01
용운동418,1,,대전광역시 동구 대동 28-31,36.32835113,127.449966,,건축물,042-271-4871,대전광역시 동구청,2023-12-01
용운동419,1,,대전광역시 동구 용운동 178-5,36.33026001,127.4595332,,한전주,042-271-4871,대전광역시 동구청,2023-12-01
용운동425,1,,대전광역시 동구 용운동 505-194,36.32460825,127.4481732,,한전주,042-271-4871,대전광역시 동구청,2023-12-01
용운동426,1,,대전광역시 동구 용운동 505-194,36.32460825,127.4481732,,한전주,042-271-4871,대전광역시 동구청,2023-12-01
용운동427,1,,대전광역시 동구 용운동 451-32,36.32812183,127.4542544,,한전주,042-271-4871,대전광역시 동구청,2023-12-01
용운동428,1,,대전광역시 동구 용운동 458,36.32677326,127.4551293,,한전주,042-271-4871,대전광역시 동구청,2023-12-01
용운동429,1,,대전광역시 동구 용운동 458,36.32677326,127.4551293,,한전주,042-271-4871,대전광역시 동구청,2023-12-01
용운동430,1,,대전광역시 동구 용운동 458,36.32677326,127.4551293,,한전주,042-271-4871,대전광역시 동구청,2023-12-01
용운동431,1,,대전광역시 동구 용운동 306-1,36.3279886,127.4592968,,한전주,042-271-4871,대전광역시 동구청,2023-12-01
용운동432,1,,대전광역시 동구 용운동 179-41,36.32998768,127.4598828,,한전주,042-271-4871,대전광역시 동구청,2023-12-01
용운동433,1,,대전광역시 동구 용운동 276-9,36.32960541,127.462077,,한전주,042-271-4871,대전광역시 동구청,2023-12-01
용운동435,1,,대전광역시 동구 용운동 778,36.33181779,127.4549676,,전용주,042-271-4871,대전광역시 동구청,2023-12-01
용운동436,1,,대전광역시 동구 용운동 779,36.33164173,127.4550781,,한전주,042-271-4871,대전광역시 동구청,2023-12-01
용운동437,1,,대전광역시 동구 용운동 205-3,36.32957805,127.464811,,한전주,042-271-4871,대전광역시 동구청,2023-12-01
용운동438,1,,대전광역시 동구 용운동 390-16,36.32511989,127.4643359,,한전주,042-271-4871,대전광역시 동구청,2023-12-01
용운동439,1,,대전광역시 동구 용운동 259-1,36.32962599,127.4653909,,전용주,042-271-4871,대전광역시 동구청,2023-12-01
용운동443,1,,대전광역시 동구 용운동 707,36.33356947,127.4548248,,한전주,042-271-4871,대전광역시 동구청,2023-12-01
용운동444,1,,대전광역시 동구 용운동 748,36.33369556,127.4551911,,전용주,042-271-4871,대전광역시 동구청,2023-12-01
용운동445,1,,대전광역시 동구 용운동 320-8,36.32280213,127.4616495,,전용주,042-271-4871,대전광역시 동구청,2023-12-01
용운동446,1,,대전광역시 동구 용운동 779,36.33164173,127.4550781,,한전주,042-271-4871,대전광역시 동구청,2023-12-01
용운동447,1,,대전광역시 동구 용운동 437-8,36.32881351,127.4543136,,한전주,042-271-4871,대전광역시 동구청,2023-12-01
용운동448,1,,대전광역시 동구 용운동 185-12,36.33147033,127.4634552,,전용주,042-271-4871,대전광역시 동구청,2023-12-01
용운동449,1,,대전광역시 동구 용운동 539,36.3276436,127.4599011,,한전주,042-271-4871,대전광역시 동구청,2023-12-01
용운동450,1,,대전광역시 동구 용운동 544,36.32556261,127.4630258,,한전주,042-271-4871,대전광역시 동구청,2023-12-01
용운동451,1,,대전광역시 동구 용운동 240-4,36.32964481,127.4661542,,전용주,042-271-4871,대전광역시 동구청,2023-12-01
용전동001,1,,대전광역시 동구 용전동 42-16,36.35558997,127.4319319,,한전주,042-271-4871,대전광역시 동구청,2023-12-01
용전동002,1,,대전광역시 동구 용전동 42-20,36.3556885,127.4318284,,전용주,042-271-4871,대전광역시 동구청,2023-12-01
용전동003,1,,대전광역시 동구 용전동 27-22,36.3562243,127.4319648,,한전주,042-271-4871,대전광역시 동구청,2023-12-01
용전동004,1,,대전광역시 동구 용전동 27-57,36.35603104,127.4318717,,건축물,042-271-4871,대전광역시 동구청,2023-12-01
용전동005,1,,대전광역시 동구 용전동 27-72,36.35617039,127.4316145,,한전주,042-271-4871,대전광역시 동구청,2023-12-01
용전동006,1,,대전광역시 동구 용전동 27-62,36.35650591,127.4316858,,전용주,042-271-4871,대전광역시 동구청,2023-12-01
용전동007,1,,대전광역시 동구 용전동 27-40,36.35635468,127.4320614,,한전주,042-271-4871,대전광역시 동구청,2023-12-01
용전동008,1,,대전광역시 동구 용전동 27-42,36.35652866,127.4319971,,한전주,042-271-4871,대전광역시 동구청,2023-12-01
용전동009,1,,대전광역시 동구 용전동 27-22,36.3562243,127.4319648,,한전주,042-271-4871,대전광역시 동구청,2023-12-01
용전동010,1,,대전광역시 동구 용전동 27-22,36.3562243,127.4319648,,한전주,042-271-4871,대전광역시 동구청,2023-12-01
용전동011,1,,대전광역시 동구 용전동 27-22,36.3562243,127.4319648,,건축물,042-271-4871,대전광역시 동구청,2023-12-01
용전동012,1,,대전광역시 동구 용전동 27-36,36.35595829,127.4322022,,건축물,042-271-4871,대전광역시 동구청,2023-12-01
용전동013,1,,대전광역시 동구 용전동 42-15,36.3555771,127.4323248,,전용주,042-271-4871,대전광역시 동구청,2023-12-01
용전동014,1,,대전광역시 동구 용전동 41-19,36.35608433,127.4313876,,한전주,042-271-4871,대전광역시 동구청,2023-12-01
용전동015,1,,대전광역시 동구 용전동 41-21,36.35639892,127.431191,,한전주,042-271-4871,대전광역시 동구청,2023-12-01
용전동016,1,,대전광역시 동구 용전동 42-1,36.35668123,127.4313861,,한전주,042-271-4871,대전광역시 동구청,2023-12-01
용전동017,1,,대전광역시 동구 용전동 41-27,36.35568735,127.4312929,,한전주,042-271-4871,대전광역시 동구청,2023-12-01
용전동018,1,,대전광역시 동구 용전동 229,36.35611881,127.4307987,,한전주,042-271-4871,대전광역시 동구청,2023-12-01
용전동019,1,,대전광역시 동구 용전동 40-2,36.35622928,127.4303267,,한전주,042-271-4871,대전광역시 동구청,2023-12-01
용전동020,1,,대전광역시 동구 용전동 40-2,36.35622928,127.4303267,,한전주,042-271-4871,대전광역시 동구청,2023-12-01
용전동021,1,,대전광역시 동구 용전동 40-2,36.35622928,127.4303267,,한전주,042-271-4871,대전광역시 동구청,2023-12-01
용전동022,1,,대전광역시 동구 용전동 229,36.35611881,127.4307987,,한전주,042-271-4871,대전광역시 동구청,2023-12-01
용전동023,1,,대전광역시 동구 용전동 229,36.35611881,127.4307987,,한전주,042-271-4871,대전광역시 동구청,2023-12-01
용전동024,1,,대전광역시 동구 용전동 229,36.35611881,127.4307987,,한전주,042-271-4871,대전광역시 동구청,2023-12-01
용전동025,1,,대전광역시 동구 용전동 229,36.35611881,127.4307987,,한전주,042-271-4871,대전광역시 동구청,2023-12-01
용전동026,1,,대전광역시 동구 용전동 229,36.35611881,127.4307987,,한전주,042-271-4871,대전광역시 동구청,2023-12-01
용전동027,1,,대전광역시 동구 용전동 39-27,36.35695607,127.4311052,,한전주,042-271-4871,대전광역시 동구청,2023-12-01
용전동028,1,,대전광역시 동구 용전동 39-16,36.35688361,127.4315285,,한전주,042-271-4871,대전광역시 동구청,2023-12-01
용전동029,1,,대전광역시 동구 용전동 39-10,36.35697513,127.4319143,,한전주,042-271-4871,대전광역시 동구청,2023-12-01
용전동030,1,,대전광역시 동구 용전동 39-21,36.35696798,127.4320481,,한전주,042-271-4871,대전광역시 동구청,2023-12-01
용전동031,1,,대전광역시 동구 용전동 39-24,36.35696333,127.4323625,,한전주,042-271-4871,대전광역시 동구청,2023-12-01
용전동032,1,,대전광역시 동구 용전동 28-25,36.35740238,127.4308663,,한전주,042-271-4871,대전광역시 동구청,2023-12-01
용전동033,1,,대전광역시 동구 용전동 28-14,36.35749353,127.4312296,,한전주,042-271-4871,대전광역시 동구청,2023-12-01
용전동034,1,,대전광역시 동구 용전동 28-35,36.35748776,127.431729,,한전주,042-271-4871,대전광역시 동구청,2023-12-01
용전동035,1,,대전광역시 동구 용전동 28-9,36.35754117,127.432186,,한전주,042-271-4871,대전광역시 동구청,2023-12-01
용전동036,1,,대전광역시 동구 용전동 26-8,36.35811395,127.4310982,,한전주,042-271-4871,대전광역시 동구청,2023-12-01
용전동037,1,,대전광역시 동구 용전동 26-31,36.35808318,127.4312258,,한전주,042-271-4871,대전광역시 동구청,2023-12-01
용전동038,1,,대전광역시 동구 용전동 28-3,36.35776949,127.431397,,한전주,042-271-4871,대전광역시 동구청,2023-12-01
용전동039,1,,대전광역시 동구 용전동 228,36.35722244,127.4307722,,한전주,042-271-4871,대전광역시 동구청,2023-12-01
용전동040,1,,대전광역시 동구 용전동 26-19,36.35801597,127.4321325,,한전주,042-271-4871,대전광역시 동구청,2023-12-01
용전동041,1,,대전광역시 동구 용전동 26-29,36.35803112,127.4322652,,한전주,042-271-4871,대전광역시 동구청,2023-12-01
용전동042,1,,대전광역시 동구 용전동 26-7,36.35827502,127.431006,,한전주,042-271-4871,대전광역시 동구청,2023-12-01
용전동043,1,,대전광역시 동구 용전동 26-10,36.35824794,127.431368,,한전주,042-271-4871,대전광역시 동구청,2023-12-01
용전동044,1,,대전광역시 동구 용전동 26-14,36.3581847,127.4316363,,한전주,042-271-4871,대전광역시 동구청,2023-12-01
용전동045,1,,대전광역시 동구 용전동 228,36.35722244,127.4307722,,한전주,042-271-4871,대전광역시 동구청,2023-12-01
용전동046,1,,대전광역시 동구 용전동 147-7,36.35545769,127.4314047,,한전주,042-271-4871,대전광역시 동구청,2023-12-01
용전동047,1,,대전광역시 동구 용전동 146-17,36.35516853,127.4316945,,한전주,042-271-4871,대전광역시 동구청,2023-12-01
용전동048,1,,대전광역시 동구 용전동 146-5,36.35515463,127.4322755,,한전주,042-271-4871,대전광역시 동구청,2023-12-01
용전동049,1,,대전광역시 동구 용전동 147-22,36.35507738,127.4313931,,한전주,042-271-4871,대전광역시 동구청,2023-12-01
용전동050,1,,대전광역시 동구 용전동 146-11,36.35504211,127.4317662,,한전주,042-271-4871,대전광역시 동구청,2023-12-01
용전동051,1,,대전광역시 동구 용전동 146-14,36.35500587,127.4322448,,한전주,042-271-4871,대전광역시 동구청,2023-12-01
용전동052,1,,대전광역시 동구 용전동 146-16,36.35498069,127.4324282,,한전주,042-271-4871,대전광역시 동구청,2023-12-01
용전동053,1,,대전광역시 동구 용전동 147-16,36.35508169,127.4309378,,한전주,042-271-4871,대전광역시 동구청,2023-12-01
용전동054,1,,대전광역시 동구 용전동 147-16,36.35508169,127.4309378,,한전주,042-271-4871,대전광역시 동구청,2023-12-01
용전동055,1,,대전광역시 동구 용전동 160-1,36.35485064,127.431583,,한전주,042-271-4871,대전광역시 동구청,2023-12-01
용전동056,1,,대전광역시 동구 용전동 158-10,36.35469748,127.4310484,,한전주,042-271-4871,대전광역시 동구청,2023-12-01
용전동057,1,,대전광역시 동구 용전동 158-11,36.35472155,127.4309215,,한전주,042-271-4871,대전광역시 동구청,2023-12-01
용전동058,1,,대전광역시 동구 용전동 222,36.35264736,127.4308738,,한전주,042-271-4871,대전광역시 동구청,2023-12-01
용전동059,1,,대전광역시 동구 용전동 160-16,36.35445715,127.4318679,,한전주,042-271-4871,대전광역시 동구청,2023-12-01
용전동060,1,,대전광역시 동구 용전동 222,36.35264736,127.4308738,,건축물,042-271-4871,대전광역시 동구청,2023-12-01
용전동061,1,,대전광역시 동구 용전동 160-8,36.35465189,127.4322197,,건축물,042-271-4871,대전광역시 동구청,2023-12-01
용전동062,1,,대전광역시 동구 용전동 160-10,36.35466552,127.4319128,,한전주,042-271-4871,대전광역시 동구청,2023-12-01
용전동063,1,,대전광역시 동구 용전동 160-11,36.35466532,127.4316946,,한전주,042-271-4871,대전광역시 동구청,2023-12-01
용전동064,1,,대전광역시 동구 용전동 158-21,36.35449281,127.4313015,,한전주,042-271-4871,대전광역시 동구청,2023-12-01
용전동065,1,,대전광역시 동구 용전동 222,36.35264736,127.4308738,,한전주,042-271-4871,대전광역시 동구청,2023-12-01
용전동066,1,,대전광역시 동구 용전동 222,36.35264736,127.4308738,,한전주,042-271-4871,대전광역시 동구청,2023-12-01
용전동067,1,,대전광역시 동구 용전동 161-1,36.35411545,127.4315383,,건축물,042-271-4871,대전광역시 동구청,2023-12-01
용전동068,1,,대전광역시 동구 용전동 162-23,36.35397601,127.4312457,,한전주,042-271-4871,대전광역시 동구청,2023-12-01
용전동069,1,,대전광역시 동구 용전동 162-10,36.35412625,127.430868,,한전주,042-271-4871,대전광역시 동구청,2023-12-01
용전동070,1,,대전광역시 동구 용전동 161-7,36.35405368,127.4317994,,한전주,042-271-4871,대전광역시 동구청,2023-12-01
용전동071,1,,대전광역시 동구 용전동 161-18,36.3540399,127.4320197,,한전주,042-271-4871,대전광역시 동구청,2023-12-01
용전동072,1,,대전광역시 동구 용전동 161-14,36.35383216,127.4319763,,한전주,042-271-4871,대전광역시 동구청,2023-12-01
용전동073,1,,대전광역시 동구 용전동 222,36.35264736,127.4308738,,한전주,042-271-4871,대전광역시 동구청,2023-12-01
용전동074,1,,대전광역시 동구 용전동 161-11,36.35388828,127.4314574,,한전주,042-271-4871,대전광역시 동구청,2023-12-01
용전동075,1,,대전광역시 동구 용전동 162-18,36.35393137,127.4311063,,한전주,042-271-4871,대전광역시 동구청,2023-12-01
용전동076,1,,대전광역시 동구 용전동 165-3,36.35371666,127.4306932,,한전주,042-271-4871,대전광역시 동구청,2023-12-01
용전동077,1,,대전광역시 동구 용전동 164-6,36.35375581,127.4302072,,한전주,042-271-4871,대전광역시 동구청,2023-12-01
용전동078,1,,대전광역시 동구 용전동 166-11,36.35341769,127.4317823,,한전주,042-271-4871,대전광역시 동구청,2023-12-01
용전동079,1,,대전광역시 동구 용전동 166-25,36.35354191,127.4320268,,한전주,042-271-4871,대전광역시 동구청,2023-12-01
용전동080,1,,대전광역시 동구 용전동 165-22,36.35335381,127.4311809,,한전주,042-271-4871,대전광역시 동구청,2023-12-01
용전동081,1,,대전광역시 동구 용전동 165-10,36.35354446,127.4309397,,한전주,042-271-4871,대전광역시 동구청,2023-12-01
용전동082,1,,대전광역시 동구 용전동 166-16,36.35328885,127.4317489,,한전주,042-271-4871,대전광역시 동구청,2023-12-01
용전동083,1,,대전광역시 동구 용전동 166-17,36.35327699,127.4319139,,전용주,042-271-4871,대전광역시 동구청,2023-12-01
용전동084,1,,대전광역시 동구 용전동 165-20,36.35334002,127.430904,,한전주,042-271-4871,대전광역시 동구청,2023-12-01
용전동085,1,,대전광역시 동구 용전동 165-19,36.35337163,127.4307872,,한전주,042-271-4871,대전광역시 동구청,2023-12-01
용전동086,1,,대전광역시 동구 용전동 165-16,36.35338736,127.4303981,,한전주,042-271-4871,대전광역시 동구청,2023-12-01
용전동087,1,,대전광역시 동구 용전동 167-1,36.35290817,127.4318548,,한전주,042-271-4871,대전광역시 동구청,2023-12-01
용전동088,1,,대전광역시 동구 용전동 167-1,36.35290817,127.4318548,,한전주,042-271-4871,대전광역시 동구청,2023-12-01
용전동089,1,,대전광역시 동구 용전동 168-11,36.35294379,127.4307515,,한전주,042-271-4871,대전광역시 동구청,2023-12-01
용전동090,1,,대전광역시 동구 용전동 167-1,36.35290817,127.4318548,,한전주,042-271-4871,대전광역시 동구청,2023-12-01
용전동091,1,,대전광역시 동구 용전동 167-1,36.35290817,127.4318548,,한전주,042-271-4871,대전광역시 동구청,2023-12-01
용전동092,1,,대전광역시 동구 용전동 222,36.35264736,127.4308738,,한전주,042-271-4871,대전광역시 동구청,2023-12-01
용전동093,1,,대전광역시 동구 용전동 171-4,36.35257108,127.4306976,,한전주,042-271-4871,대전광역시 동구청,2023-12-01
용전동094,1,,대전광역시 동구 용전동 222,36.35264736,127.4308738,,한전주,042-271-4871,대전광역시 동구청,2023-12-01
용전동095,1,,대전광역시 동구 용전동 172-1,36.3523607,127.4313846,,한전주,042-271-4871,대전광역시 동구청,2023-12-01
용전동096,1,,대전광역시 동구 용전동 172-1,36.3523607,127.4313846,,한전주,042-271-4871,대전광역시 동구청,2023-12-01
용전동097,1,,대전광역시 동구 용전동 171-15,36.35231873,127.4306273,,한전주,042-271-4871,대전광역시 동구청,2023-12-01
용전동098,1,,대전광역시 동구 용전동 171-13,36.35242262,127.4303582,,한전주,042-271-4871,대전광역시 동구청,2023-12-01
용전동099,1,,대전광역시 동구 용전동 222,36.35264736,127.4308738,,한전주,042-271-4871,대전광역시 동구청,2023-12-01
용전동100,1,,대전광역시 동구 용전동 222,36.35264736,127.4308738,,한전주,042-271-4871,대전광역시 동구청,2023-12-01
용전동101,1,,대전광역시 동구 용전동 172-7,36.35233954,127.4319787,,전용주,042-271-4871,대전광역시 동구청,2023-12-01
용전동102,1,,대전광역시 동구 용전동 132-5,36.35163182,127.4342497,,한전주,042-271-4871,대전광역시 동구청,2023-12-01
용전동103,1,,대전광역시 동구 용전동 173-1,36.35189372,127.4312561,,한전주,042-271-4871,대전광역시 동구청,2023-12-01
용전동104,1,,대전광역시 동구 용전동 222,36.35264736,127.4308738,,한전주,042-271-4871,대전광역시 동구청,2023-12-01
용전동105,1,,대전광역시 동구 용전동 222,36.35264736,127.4308738,,한전주,042-271-4871,대전광역시 동구청,2023-12-01
용전동106,1,,대전광역시 동구 용전동 173-1,36.35189372,127.4312561,,한전주,042-271-4871,대전광역시 동구청,2023-12-01
용전동107,1,,대전광역시 동구 용전동 174-11,36.35182589,127.4307499,,한전주,042-271-4871,대전광역시 동구청,2023-12-01
용전동108,1,,대전광역시 동구 용전동 174-16,36.35170711,127.4306126,,한전주,042-271-4871,대전광역시 동구청,2023-12-01
용전동109,1,,대전광역시 동구 용전동 222,36.35264736,127.4308738,,한전주,042-271-4871,대전광역시 동구청,2023-12-01
용전동110,1,,대전광역시 동구 용전동 178,36.35115132,127.4316106,,전용주,042-271-4871,대전광역시 동구청,2023-12-01
용전동111,1,,대전광역시 동구 용전동 178,36.35115132,127.4316106,,전용주,042-271-4871,대전광역시 동구청,2023-12-01
용전동112,1,,대전광역시 동구 용전동 174-20,36.35162039,127.4305328,,한전주,042-271-4871,대전광역시 동구청,2023-12-01
용전동113,1,,대전광역시 동구 용전동 145-8,36.34837958,127.4323326,,한전주,042-271-4871,대전광역시 동구청,2023-12-01
용전동114,1,,대전광역시 동구 용전동 222,36.35264736,127.4308738,,한전주,042-271-4871,대전광역시 동구청,2023-12-01
용전동115,1,,대전광역시 동구 용전동 177-13,36.35110441,127.4307473,,한전주,042-271-4871,대전광역시 동구청,2023-12-01
용전동116,1,,대전광역시 동구 용전동 179-1,36.35071917,127.4311458,,한전주,042-271-4871,대전광역시 동구청,2023-12-01
용전동117,1,,대전광역시 동구 용전동 222,36.35264736,127.4308738,,한전주,042-271-4871,대전광역시 동구청,2023-12-01
용전동118,1,,대전광역시 동구 용전동 179-26,36.35076842,127.4317335,,한전주,042-271-4871,대전광역시 동구청,2023-12-01
용전동119,1,,대전광역시 동구 용전동 180-5,36.35077641,127.4306422,,한전주,042-271-4871,대전광역시 동구청,2023-12-01
용전동120,1,,대전광역시 동구 용전동 222,36.35264736,127.4308738,,한전주,042-271-4871,대전광역시 동구청,2023-12-01
용전동121,1,,대전광역시 동구 용전동 179-14,36.35042388,127.4311142,,한전주,042-271-4871,대전광역시 동구청,2023-12-01
용전동122,1,,대전광역시 동구 용전동 179-21,36.35066078,127.4312952,,한전주,042-271-4871,대전광역시 동구청,2023-12-01
용전동123,1,,대전광역시 동구 용전동 179-9,36.35053159,127.4315331,,전용주,042-271-4871,대전광역시 동구청,2023-12-01
용전동124,1,,대전광역시 동구 용전동 180-12,36.35066251,127.4303643,,전용주,042-271-4871,대전광역시 동구청,2023-12-01
용전동125,1,,대전광역시 동구 용전동 179-14,36.35042388,127.4311142,,한전주,042-271-4871,대전광역시 동구청,2023-12-01
용전동126,1,,대전광역시 동구 용전동 179-16,36.35034988,127.4314423,,한전주,042-271-4871,대전광역시 동구청,2023-12-01
용전동127,1,,대전광역시 동구 용전동 179-18,36.35039289,127.431785,,한전주,042-271-4871,대전광역시 동구청,2023-12-01
용전동128,1,,대전광역시 동구 용전동 180-18,36.35043026,127.4303445,,한전주,042-271-4871,대전광역시 동구청,2023-12-01
용전동129,1,,대전광역시 동구 용전동 180-17,36.35048542,127.4302172,,한전주,042-271-4871,대전광역시 동구청,2023-12-01
용전동130,1,,대전광역시 동구 용전동 182-23,36.35001088,127.4307623,,한전주,042-271-4871,대전광역시 동구청,2023-12-01
용전동131,1,,대전광역시 동구 용전동 182-45,36.34999045,127.4313551,,한전주,042-271-4871,대전광역시 동구청,2023-12-01
용전동132,1,,대전광역시 동구 용전동 182-25,36.35005748,127.4305611,,한전주,042-271-4871,대전광역시 동구청,2023-12-01
용전동133,1,,대전광역시 동구 용전동 182-27,36.35006732,127.4303044,,한전주,042-271-4871,대전광역시 동구청,2023-12-01
용전동134,1,,대전광역시 동구 용전동 222,36.35264736,127.4308738,,한전주,042-271-4871,대전광역시 동구청,2023-12-01
용전동135,1,,대전광역시 동구 용전동 182-15,36.34988634,127.4298099,,한전주,042-271-4871,대전광역시 동구청,2023-12-01
용전동136,1,,대전광역시 동구 용전동 182-61,36.35000532,127.429372,,한전주,042-271-4871,대전광역시 동구청,2023-12-01
용전동137,1,,대전광역시 동구 용전동 182-7,36.35013301,127.4291293,,한전주,042-271-4871,대전광역시 동구청,2023-12-01
용전동138,1,,대전광역시 동구 용전동 182-68,36.35020294,127.4290185,,한전주,042-271-4871,대전광역시 동구청,2023-12-01
용전동139,1,,대전광역시 동구 용전동 181-1,36.35085867,127.4298973,,한전주,042-271-4871,대전광역시 동구청,2023-12-01
용전동140,1,,대전광역시 동구 용전동 181-1,36.35085867,127.4298973,,한전주,042-271-4871,대전광역시 동구청,2023-12-01
용전동141,1,,대전광역시 동구 용전동 222-1,36.35085867,127.4298973,,한전주,042-271-4871,대전광역시 동구청,2023-12-01
용전동142,1,,대전광역시 동구 용전동 222-1,36.35085867,127.4298973,,한전주,042-271-4871,대전광역시 동구청,2023-12-01
용전동143,1,,대전광역시 동구 용전동 182-2,36.35008465,127.429848,,한전주,042-271-4871,대전광역시 동구청,2023-12-01
용전동144,1,,대전광역시 동구 용전동 181-1,36.35085867,127.4298973,,한전주,042-271-4871,대전광역시 동구청,2023-12-01
용전동145,1,,대전광역시 동구 용전동 181-1,36.35085867,127.4298973,,한전주,042-271-4871,대전광역시 동구청,2023-12-01
용전동146,1,,대전광역시 동구 용전동 176-14,36.35108634,127.4295849,,한전주,042-271-4871,대전광역시 동구청,2023-12-01
용전동147,1,,대전광역시 동구 용전동 176-16,36.35110748,127.4298979,,한전주,042-271-4871,대전광역시 동구청,2023-12-01
용전동148,1,,대전광역시 동구 용전동 176-7,36.35127205,127.4299692,,한전주,042-271-4871,대전광역시 동구청,2023-12-01
용전동149,1,,대전광역시 동구 용전동 176-15,36.35107789,127.429757,,전용주,042-271-4871,대전광역시 동구청,2023-12-01
용전동150,1,,대전광역시 동구 용전동 176-23,36.35118244,127.4293043,,전용주,042-271-4871,대전광역시 동구청,2023-12-01
용전동151,1,,대전광역시 동구 용전동 176-5,36.3514441,127.4298139,,한전주,042-271-4871,대전광역시 동구청,2023-12-01
용전동152,1,,대전광역시 동구 용전동 175-19,36.35164726,127.4299787,,한전주,042-271-4871,대전광역시 동구청,2023-12-01
용전동153,1,,대전광역시 동구 용전동 222,36.35264736,127.4308738,,한전주,042-271-4871,대전광역시 동구청,2023-12-01
용전동154,1,,대전광역시 동구 용전동 175-10,36.35186823,127.4292499820,,한전주,042-271-4871,대전광역시 동구청,2023-12-01
용전동155,1,,대전광역시 동구 용전동 175-9,36.35187674,127.429467,,한전주,042-271-4871,대전광역시 동구청,2023-12-01
용전동156,1,,대전광역시 동구 용전동 175-7,36.35180193,127.4300209,,한전주,042-271-4871,대전광역시 동구청,2023-12-01
용전동157,1,,대전광역시 동구 용전동 170-13,36.35228999,127.4300491,,한전주,042-271-4871,대전광역시 동구청,2023-12-01
용전동158,1,,대전광역시 동구 용전동 170-4,36.35260497,127.430095,,한전주,042-271-4871,대전광역시 동구청,2023-12-01
용전동159,1,,대전광역시 동구 용전동 170-13,36.35228999,127.4300491,,한전주,042-271-4871,대전광역시 동구청,2023-12-01
용전동160,1,,대전광역시 동구 용전동 170-22,36.35230958,127.4295404,,한전주,042-271-4871,대전광역시 동구청,2023-12-01
용전동161,1,,대전광역시 동구 용전동 170-9,36.35233678,127.4292674,,한전주,042-271-4871,대전광역시 동구청,2023-12-01
용전동162,1,,대전광역시 동구 용전동 170-7,36.35251909,127.4292915,,한전주,042-271-4871,대전광역시 동구청,2023-12-01
용전동163,1,,대전광역시 동구 용전동 170-1,36.35265119,127.4292962,,한전주,042-271-4871,대전광역시 동구청,2023-12-01
용전동164,1,,대전광역시 동구 용전동 170-17,36.35248457,127.429595,,한전주,042-271-4871,대전광역시 동구청,2023-12-01
용전동165,1,,대전광역시 동구 용전동 170-6,36.35245744,127.4298965,,한전주,042-271-4871,대전광역시 동구청,2023-12-01
용전동166,1,,대전광역시 동구 용전동 169-16,36.35283027,127.4299426,,한전주,042-271-4871,대전광역시 동구청,2023-12-01
용전동167,1,,대전광역시 동구 용전동 169-14,36.35284957,127.429612,,한전주,042-271-4871,대전광역시 동구청,2023-12-01
용전동168,1,,대전광역시 동구 용전동 197-1,36.35292054,127.429097,,한전주,042-271-4871,대전광역시 동구청,2023-12-01
용전동169,1,,대전광역시 동구 용전동 169-10,36.35304271,127.4296089,,한전주,042-271-4871,대전광역시 동구청,2023-12-01
용전동170,1,,대전광역시 동구 용전동 169-8,36.35300788,127.4299714,,한전주,042-271-4871,대전광역시 동구청,2023-12-01
용전동171,1,,대전광역시 동구 용전동 169-7,36.35301938,127.4301297,,한전주,042-271-4871,대전광역시 동구청,2023-12-01
용전동172,1,,대전광역시 동구 용전동 222,36.35264736,127.4308738,,한전주,042-271-4871,대전광역시 동구청,2023-12-01
용전동173,1,,대전광역시 동구 용전동 164-18,36.35341104,127.4300022,,한전주,042-271-4871,대전광역시 동구청,2023-12-01
용전동174,1,,대전광역시 동구 용전동 164-16,36.35342972,127.4296955,,한전주,042-271-4871,대전광역시 동구청,2023-12-01
용전동175,1,,대전광역시 동구 용전동 164-14,36.35345863,127.4293735,,한전주,042-271-4871,대전광역시 동구청,2023-12-01
용전동176,1,,대전광역시 동구 용전동 164-9,36.35365227,127.4298571,,한전주,042-271-4871,대전광역시 동구청,2023-12-01
용전동177,1,,대전광역시 동구 용전동 222,36.35264736,127.4308738,,한전주,042-271-4871,대전광역시 동구청,2023-12-01
용전동178,1,,대전광역시 동구 용전동 222,36.35264736,127.4308738,,한전주,042-271-4871,대전광역시 동구청,2023-12-01
용전동179,1,,대전광역시 동구 용전동 164-1,36.35378528,127.4295574,,한전주,042-271-4871,대전광역시 동구청,2023-12-01
용전동180,1,,대전광역시 동구 용전동 194-3,36.35530729,127.4290738,,한전주,042-271-4871,대전광역시 동구청,2023-12-01
용전동181,1,,대전광역시 동구 용전동 194-3,36.35530729,127.4290738,,한전주,042-271-4871,대전광역시 동구청,2023-12-01
용전동182,1,,대전광역시 동구 용전동 194-3,36.35530729,127.4290738,,한전주,042-271-4871,대전광역시 동구청,2023-12-01
용전동183,1,,대전광역시 동구 용전동 149-3,36.35456211,127.4293014,,한전주,042-271-4871,대전광역시 동구청,2023-12-01
용전동184,1,,대전광역시 동구 용전동 194-3,36.35530729,127.4290738,,한전주,042-271-4871,대전광역시 동구청,2023-12-01
용전동185,1,,대전광역시 동구 용전동 149-32,36.35460411,127.4296261,,한전주,042-271-4871,대전광역시 동구청,2023-12-01
용전동186,1,,대전광역시 동구 용전동 149-37,36.35454939,127.4299549,,한전주,042-271-4871,대전광역시 동구청,2023-12-01
용전동187,1,,대전광역시 동구 용전동 149-5,36.35485444,127.4302542,,한전주,042-271-4871,대전광역시 동구청,2023-12-01
용전동188,1,,대전광역시 동구 용전동 148-29,36.35510149,127.4302484,,한전주,042-271-4871,대전광역시 동구청,2023-12-01
용전동189,1,,대전광역시 동구 용전동 148-25,36.35515274,127.4297256,,한전주,042-271-4871,대전광역시 동구청,2023-12-01
용전동190,1,,대전광역시 동구 용전동 148-17,36.35536983,127.4297272,,한전주,042-271-4871,대전광역시 동구청,2023-12-01
용전동191,1,,대전광역시 동구 용전동 194-3,36.35530729,127.4290738,,한전주,042-271-4871,대전광역시 동구청,2023-12-01
용전동192,1,,대전광역시 동구 용전동 194-9,36.35414237,127.429292,,한전주,042-271-4871,대전광역시 동구청,2023-12-01
용전동193,1,,대전광역시 동구 용전동 194-9,36.35414237,127.429292,,한전주,042-271-4871,대전광역시 동구청,2023-12-01
용전동194,1,,대전광역시 동구 용전동 194-9,36.35414237,127.429292,,한전주,042-271-4871,대전광역시 동구청,2023-12-01
용전동195,1,,대전광역시 동구 용전동 194-9,36.35414237,127.429292,,한전주,042-271-4871,대전광역시 동구청,2023-12-01
용전동196,1,,대전광역시 동구 용전동 194-9,36.35414237,127.429292,,한전주,042-271-4871,대전광역시 동구청,2023-12-01
용전동197,1,,대전광역시 동구 용전동 194-3,36.35530729,127.4290738,,한전주,042-271-4871,대전광역시 동구청,2023-12-01
용전동198,1,,대전광역시 동구 용전동 194-3,36.35530729,127.4290738,,한전주,042-271-4871,대전광역시 동구청,2023-12-01
용전동199,1,,대전광역시 동구 용전동 80-15,36.35187486,127.4285589,,한전주,042-271-4871,대전광역시 동구청,2023-12-01
용전동200,1,,대전광역시 동구 용전동 80-33,36.35161136,127.4284335,,전용주,042-271-4871,대전광역시 동구청,2023-12-01
용전동201,1,,대전광역시 동구 용전동 80-4,36.35222607,127.4285026,,한전주,042-271-4871,대전광역시 동구청,2023-12-01
용전동202,1,,대전광역시 동구 용전동 198-34,36.35278664,127.4284662,,한전주,042-271-4871,대전광역시 동구청,2023-12-01
용전동203,1,,대전광역시 동구 용전동 238,36.35140085,127.4290576,,전용주,042-271-4871,대전광역시 동구청,2023-12-01
용전동204,1,,대전광역시 동구 용전동 198-30,36.35283342,127.428991,,한전주,042-271-4871,대전광역시 동구청,2023-12-01
용전동205,1,,대전광역시 동구 용전동 238,36.35140085,127.4290576,,한전주,042-271-4871,대전광역시 동구청,2023-12-01
용전동206,1,,대전광역시 동구 용전동 82-12,36.35045558,127.4286154,,전용주,042-271-4871,대전광역시 동구청,2023-12-01
용전동207,1,,대전광역시 동구 용전동 139-5,36.35028682,127.4325325,,한전주,042-271-4871,대전광역시 동구청,2023-12-01
용전동208,1,,대전광역시 동구 용전동 139-14,36.35027618,127.4329827,,한전주,042-271-4871,대전광역시 동구청,2023-12-01
용전동209,1,,대전광역시 동구 용전동 140-21,36.35010687,127.4332756,,한전주,042-271-4871,대전광역시 동구청,2023-12-01
용전동210,1,,대전광역시 동구 용전동 140-29,36.34964536,127.433231,,한전주,042-271-4871,대전광역시 동구청,2023-12-01
용전동211,1,,대전광역시 동구 용전동 140-28,36.34965687,127.4331135,,한전주,042-271-4871,대전광역시 동구청,2023-12-01
용전동212,1,,대전광역시 동구 용전동 144-1,36.34941741,127.4327721,,한전주,042-271-4871,대전광역시 동구청,2023-12-01
용전동213,1,,대전광역시 동구 용전동 144-12,36.34937722,127.4331447,,한전주,042-271-4871,대전광역시 동구청,2023-12-01
용전동214,1,,대전광역시 동구 용전동 144-3,36.34926738,127.4331401,,한전주,042-271-4871,대전광역시 동구청,2023-12-01
용전동215,1,,대전광역시 동구 용전동 143-3,36.34894565,127.4333679,,한전주,042-271-4871,대전광역시 동구청,2023-12-01
용전동216,1,,대전광역시 동구 용전동 144-4,36.34915735,127.4329639,,한전주,042-271-4871,대전광역시 동구청,2023-12-01
용전동217,1,,대전광역시 동구 용전동 144-5,36.3490832,127.4326627,,한전주,042-271-4871,대전광역시 동구청,2023-12-01
용전동218,1,,대전광역시 동구 용전동 145-24,36.34870727,127.4330478,,한전주,042-271-4871,대전광역시 동구청,2023-12-01
용전동219,1,,대전광역시 동구 용전동 143-54,36.34869118,127.4336597,,한전주,042-271-4871,대전광역시 동구청,2023-12-01
용전동220,1,,대전광역시 동구 용전동 143-84,36.34894555,127.4334935,,전용주,042-271-4871,대전광역시 동구청,2023-12-01
용전동221,1,,대전광역시 동구 용전동 143-26,36.34878022,127.4338807,,전용주,042-271-4871,대전광역시 동구청,2023-12-01
용전동222,1,,대전광역시 동구 용전동 143-26,36.34878022,127.4338807,,한전주,042-271-4871,대전광역시 동구청,2023-12-01
용전동223,1,,대전광역시 동구 용전동 143-28,36.34910046,127.4344869,,한전주,042-271-4871,대전광역시 동구청,2023-12-01
용전동224,1,,대전광역시 동구 용전동 143-28,36.34910046,127.4344869,,한전주,042-271-4871,대전광역시 동구청,2023-12-01
용전동225,1,,대전광역시 동구 용전동 143-13,36.34897215,127.4350762,,한전주,042-271-4871,대전광역시 동구청,2023-12-01
용전동226,1,,대전광역시 동구 용전동 141-28,36.34966368,127.4337962,,한전주,042-271-4871,대전광역시 동구청,2023-12-01
용전동227,1,,대전광역시 동구 용전동 143-36,36.34935158,127.4336041,,한전주,042-271-4871,대전광역시 동구청,2023-12-01
용전동228,1,,대전광역시 동구 용전동 221,36.35314259,127.4328193,,한전주,042-271-4871,대전광역시 동구청,2023-12-01
용전동229,1,,대전광역시 동구 용전동 143-10,36.3493165,127.4345523,,한전주,042-271-4871,대전광역시 동구청,2023-12-01
용전동230,1,,대전광역시 동구 용전동 143-87,36.34937324,127.4348853,,한전주,042-271-4871,대전광역시 동구청,2023-12-01
용전동231,1,,대전광역시 동구 용전동 138-14,36.35026621,127.433522,,한전주,042-271-4871,대전광역시 동구청,2023-12-01
용전동232,1,,대전광역시 동구 용전동 138-22,36.35022779,127.4338514,,한전주,042-271-4871,대전광역시 동구청,2023-12-01
용전동233,1,,대전광역시 동구 용전동 138-10,36.35025859,127.4341565,,한전주,042-271-4871,대전광역시 동구청,2023-12-01
용전동234,1,,대전광역시 동구 용전동 137-15,36.3501847,127.4347233,,한전주,042-271-4871,대전광역시 동구청,2023-12-01
용전동235,1,,대전광역시 동구 용전동 137-11,36.35025766,127.4350549,,한전주,042-271-4871,대전광역시 동구청,2023-12-01
용전동236,1,,대전광역시 동구 용전동 117-5,36.35002048,127.4356228,,한전주,042-271-4871,대전광역시 동구청,2023-12-01
용전동237,1,,대전광역시 동구 용전동 117-5,36.35002048,127.4356228,,한전주,042-271-4871,대전광역시 동구청,2023-12-01
용전동238,1,,대전광역시 동구 용전동 117-35,36.34964819,127.4351568,,한전주,042-271-4871,대전광역시 동구청,2023-12-01
용전동239,1,,대전광역시 동구 용전동 142-13,36.34978305,127.434997,,한전주,042-271-4871,대전광역시 동구청,2023-12-01
용전동240,1,,대전광역시 동구 용전동 221,36.35314259,127.4328193,,한전주,042-271-4871,대전광역시 동구청,2023-12-01
용전동241,1,,대전광역시 동구 용전동 139-13,36.35025112,127.4332835,,한전주,042-271-4871,대전광역시 동구청,2023-12-01
용전동242,1,,대전광역시 동구 용전동 139-11,36.35051963,127.4332939,,한전주,042-271-4871,대전광역시 동구청,2023-12-01
용전동243,1,,대전광역시 동구 용전동 134-26,36.35086717,127.433126,,한전주,042-271-4871,대전광역시 동구청,2023-12-01
용전동244,1,,대전광역시 동구 용전동 134-28,36.35088125,127.4328049,,한전주,042-271-4871,대전광역시 동구청,2023-12-01
용전동245,1,,대전광역시 동구 용전동 134-23,36.3508204,127.4333311,,한전주,042-271-4871,대전광역시 동구청,2023-12-01
용전동246,1,,대전광역시 동구 용전동 221,36.35314259,127.4328193,,한전주,042-271-4871,대전광역시 동구청,2023-12-01
용전동247,1,,대전광역시 동구 용전동 135-15,36.35085973,127.4337181,,한전주,042-271-4871,대전광역시 동구청,2023-12-01
용전동248,1,,대전광역시 동구 용전동 135-27,36.35078348,127.4341123,,한전주,042-271-4871,대전광역시 동구청,2023-12-01
용전동249,1,,대전광역시 동구 용전동 134-20,36.35112672,127.4333766,,한전주,042-271-4871,대전광역시 동구청,2023-12-01
용전동250,1,,대전광역시 동구 용전동 134-21,36.35125403,127.4333851,,한전주,042-271-4871,대전광역시 동구청,2023-12-01
용전동251,1,,대전광역시 동구 용전동 133-13,36.35146133,127.4332511,,건축물,042-271-4871,대전광역시 동구청,2023-12-01
용전동252,1,,대전광역시 동구 용전동 134-2,36.35127437,127.4329441,,한전주,042-271-4871,대전광역시 동구청,2023-12-01
용전동253,1,,대전광역시 동구 용전동 134-13,36.35123475,127.4327623,,전용주,042-271-4871,대전광역시 동구청,2023-12-01
용전동254,1,,대전광역시 동구 용전동 221,36.35314259,127.4328193,,한전주,042-271-4871,대전광역시 동구청,2023-12-01
용전동255,1,,대전광역시 동구 용전동 221,36.35314259,127.4328193,,한전주,042-271-4871,대전광역시 동구청,2023-12-01
용전동256,1,,대전광역시 동구 용전동 132-7,36.35144787,127.4346005,,한전주,042-271-4871,대전광역시 동구청,2023-12-01
용전동257,1,,대전광역시 동구 용전동 221,36.35314259,127.4328193,,한전주,042-271-4871,대전광역시 동구청,2023-12-01
용전동258,1,,대전광역시 동구 용전동 133-17,36.35171881,127.4330975,,한전주,042-271-4871,대전광역시 동구청,2023-12-01
용전동259,1,,대전광역시 동구 용전동 128-48,36.35197026,127.4329603,,한전주,042-271-4871,대전광역시 동구청,2023-12-01
용전동260,1,,대전광역시 동구 용전동 128-48,36.35197026,127.4329603,,한전주,042-271-4871,대전광역시 동구청,2023-12-01
용전동261,1,,대전광역시 동구 용전동 128-19,36.35240753,127.4329883,,한전주,042-271-4871,대전광역시 동구청,2023-12-01
용전동262,1,,대전광역시 동구 용전동 128-34,36.35280322,127.4327683,,전용주,042-271-4871,대전광역시 동구청,2023-12-01
용전동263,1,,대전광역시 동구 용전동 130-24,36.35188788,127.4339654,,한전주,042-271-4871,대전광역시 동구청,2023-12-01
용전동264,1,,대전광역시 동구 용전동 130-8,36.35180884,127.4342652,,한전주,042-271-4871,대전광역시 동구청,2023-12-01
용전동265,1,,대전광역시 동구 용전동 128-41,36.35222384,127.4334435,,한전주,042-271-4871,대전광역시 동구청,2023-12-01
용전동266,1,,대전광역시 동구 용전동 130-28,36.35196416,127.4341892,,한전주,042-271-4871,대전광역시 동구청,2023-12-01
용전동267,1,,대전광역시 동구 용전동 129-21,36.35252779,127.4341686,,한전주,042-271-4871,대전광역시 동구청,2023-12-01
용전동268,1,,대전광역시 동구 용전동 129-17,36.35253755,127.4344416,,한전주,042-271-4871,대전광역시 동구청,2023-12-01
용전동269,1,,대전광역시 동구 용전동 128-36,36.35274149,127.4334878,,한전주,042-271-4871,대전광역시 동구청,2023-12-01
용전동270,1,,대전광역시 동구 용전동 128-35,36.35298052,127.4335776,,한전주,042-271-4871,대전광역시 동구청,2023-12-01
용전동271,1,,대전광역시 동구 용전동 127-5,36.35318177,127.4335219,,한전주,042-271-4871,대전광역시 동구청,2023-12-01
용전동272,1,,대전광역시 동구 용전동 127-33,36.35321399,127.433086,,한전주,042-271-4871,대전광역시 동구청,2023-12-01
용전동273,1,,대전광역시 동구 용전동 127-30,36.35333694,127.4332198,,전용주,042-271-4871,대전광역시 동구청,2023-12-01
용전동274,1,,대전광역시 동구 용전동 127-3,36.3536405,127.4334634,,한전주,042-271-4871,대전광역시 동구청,2023-12-01
용전동275,1,,대전광역시 동구 용전동 127-7,36.35366118,127.4332341,,한전주,042-271-4871,대전광역시 동구청,2023-12-01
용전동276,1,,대전광역시 동구 용전동 127-49,36.35342386,127.433338,,한전주,042-271-4871,대전광역시 동구청,2023-12-01
용전동277,1,,대전광역시 동구 용전동 126-30,36.35315824,127.4338232,,전용주,042-271-4871,대전광역시 동구청,2023-12-01
용전동278,1,,대전광역시 동구 용전동 126-6,36.35321515,127.4340834,,한전주,042-271-4871,대전광역시 동구청,2023-12-01
용전동279,1,,대전광역시 동구 용전동 129-33,36.35279662,127.4341648,,한전주,042-271-4871,대전광역시 동구청,2023-12-01
용전동280,1,,대전광역시 동구 용전동 126-12,36.35325025,127.4344682,,한전주,042-271-4871,대전광역시 동구청,2023-12-01
용전동281,1,,대전광역시 동구 용전동 129-38,36.35277521,127.4343773,,한전주,042-271-4871,대전광역시 동구청,2023-12-01
용전동282,1,,대전광역시 동구 용전동 126-5,36.35317568,127.4346788,,한전주,042-271-4871,대전광역시 동구청,2023-12-01
용전동283,1,,대전광역시 동구 용전동 125-32,36.35369612,127.4341312,,한전주,042-271-4871,대전광역시 동구청,2023-12-01
용전동284,1,,대전광역시 동구 용전동 125-36,36.35369127,127.4343726,,한전주,042-271-4871,대전광역시 동구청,2023-12-01
용전동285,1,,대전광역시 동구 용전동 126-20,36.35350459,127.4343366,,한전주,042-271-4871,대전광역시 동구청,2023-12-01
용전동286,1,,대전광역시 동구 용전동 125-41,36.35364506,127.4348125,,한전주,042-271-4871,대전광역시 동구청,2023-12-01
용전동287,1,,대전광역시 동구 용전동 125-6,36.35379975,127.4343788,,전용주,042-271-4871,대전광역시 동구청,2023-12-01
용전동288,1,,대전광역시 동구 용전동 127-23,36.3538099,127.4334953,,한전주,042-271-4871,대전광역시 동구청,2023-12-01
용전동289,1,,대전광역시 동구 용전동 125-9,36.35410709,127.4339459,,한전주,042-271-4871,대전광역시 동구청,2023-12-01
용전동290,1,,대전광역시 동구 용전동 221,36.35314259,127.4328193,,한전주,042-271-4871,대전광역시 동구청,2023-12-01
용전동291,1,,대전광역시 동구 용전동 123-22,36.35432496,127.4337059,,한전주,042-271-4871,대전광역시 동구청,2023-12-01
용전동292,1,,대전광역시 동구 용전동 123-60,36.35432624,127.4334272,,한전주,042-271-4871,대전광역시 동구청,2023-12-01
용전동293,1,,대전광역시 동구 용전동 124-12,36.35442551,127.4339607,,한전주,042-271-4871,대전광역시 동구청,2023-12-01
용전동294,1,,대전광역시 동구 용전동 123-27,36.35490808,127.4332606,,한전주,042-271-4871,대전광역시 동구청,2023-12-01
용전동295,1,,대전광역시 동구 용전동 123-36,36.35519091,127.4332808,,한전주,042-271-4871,대전광역시 동구청,2023-12-01
용전동296,1,,대전광역시 동구 용전동 124-33,36.35428156,127.4339441,,한전주,042-271-4871,대전광역시 동구청,2023-12-01
용전동297,1,,대전광역시 동구 용전동 124-9,36.35438404,127.4346843,,한전주,042-271-4871,대전광역시 동구청,2023-12-01
용전동298,1,,대전광역시 동구 용전동 221,36.35314259,127.4328193,,한전주,042-271-4871,대전광역시 동구청,2023-12-01
용전동299,1,,대전광역시 동구 용전동 123-49,36.35495811,127.4336106,,한전주,042-271-4871,대전광역시 동구청,2023-12-01
용전동300,1,,대전광역시 동구 용전동 122-22,36.35493504,127.4341816,,한전주,042-271-4871,대전광역시 동구청,2023-12-01
용전동301,1,,대전광역시 동구 용전동 122-6,36.35499132,127.4346646,,한전주,042-271-4871,대전광역시 동구청,2023-12-01
용전동302,1,,대전광역시 동구 용전동 123-52,36.35519638,127.4337839,,한전주,042-271-4871,대전광역시 동구청,2023-12-01
용전동303,1,,대전광역시 동구 용전동 47-12,36.3555578,127.4338207,,한전주,042-271-4871,대전광역시 동구청,2023-12-01
용전동304,1,,대전광역시 동구 용전동 221,36.35314259,127.4328193,,한전주,042-271-4871,대전광역시 동구청,2023-12-01
용전동306,1,,대전광역시 동구 용전동 231,36.35594403,127.433977,,한전주,042-271-4871,대전광역시 동구청,2023-12-01
용전동307,1,,대전광역시 동구 용전동 230,36.35583565,127.435811,,한전주,042-271-4871,대전광역시 동구청,2023-12-01
용전동308,1,,대전광역시 동구 용전동 48-11,36.3557844,127.4341051,,한전주,042-271-4871,대전광역시 동구청,2023-12-01
용전동309,1,,대전광역시 동구 용전동 231,36.35594403,127.433977,,한전주,042-271-4871,대전광역시 동구청,2023-12-01
용전동310,1,,대전광역시 동구 용전동 46-8,36.35629306,127.4335755,,한전주,042-271-4871,대전광역시 동구청,2023-12-01
용전동311,1,,대전광역시 동구 용전동 46-15,36.35628604,127.4332973,,한전주,042-271-4871,대전광역시 동구청,2023-12-01
용전동312,1,,대전광역시 동구 용전동 231,36.35594403,127.433977,,한전주,042-271-4871,대전광역시 동구청,2023-12-01
용전동313,1,,대전광역시 동구 용전동 45-5,36.35671509,127.4342175,,한전주,042-271-4871,대전광역시 동구청,2023-12-01
용전동314,1,,대전광역시 동구 용전동 230,36.35583565,127.435811,,한전주,042-271-4871,대전광역시 동구청,2023-12-01
용전동315,1,,대전광역시 동구 용전동 230,36.35583565,127.435811,,한전주,042-271-4871,대전광역시 동구청,2023-12-01
용전동316,1,,대전광역시 동구 용전동 230,36.35583565,127.435811,,한전주,042-271-4871,대전광역시 동구청,2023-12-01
용전동317,1,,대전광역시 동구 용전동 230,36.35583565,127.435811,,한전주,042-271-4871,대전광역시 동구청,2023-12-01
용전동318,1,,대전광역시 동구 용전동 230,36.35583565,127.435811,,한전주,042-271-4871,대전광역시 동구청,2023-12-01
용전동319,1,,대전광역시 동구 용전동 45-13,36.35682619,127.4343698,,한전주,042-271-4871,대전광역시 동구청,2023-12-01
용전동320,1,,대전광역시 동구 용전동 48-1,36.35610324,127.434377,,한전주,042-271-4871,대전광역시 동구청,2023-12-01
용전동321,1,,대전광역시 동구 용전동 230,36.35583565,127.435811,,한전주,042-271-4871,대전광역시 동구청,2023-12-01
용전동322,1,,대전광역시 동구 용전동 230,36.35583565,127.435811,,한전주,042-271-4871,대전광역시 동구청,2023-12-01
용전동324,1,,대전광역시 동구 용전동 231,36.35594403,127.433977,,한전주,042-271-4871,대전광역시 동구청,2023-12-01
용전동325,1,,대전광역시 동구 용전동 48-8,36.35538827,127.4350164,,한전주,042-271-4871,대전광역시 동구청,2023-12-01
용전동326,1,,대전광역시 동구 용전동 50-2,36.35529821,127.4355449,,한전주,042-271-4871,대전광역시 동구청,2023-12-01
용전동327,1,,대전광역시 동구 용전동 50-5,36.35505772,127.4359064,,한전주,042-271-4871,대전광역시 동구청,2023-12-01
용전동328,1,,대전광역시 동구 용전동 50-14,36.35481896,127.436213,,한전주,042-271-4871,대전광역시 동구청,2023-12-01
용전동329,1,,대전광역시 동구 용전동 230,36.35583565,127.435811,,한전주,042-271-4871,대전광역시 동구청,2023-12-01
용전동330,1,,대전광역시 동구 용전동 232,36.35348041,127.4358163,,한전주,042-271-4871,대전광역시 동구청,2023-12-01
용전동331,1,,대전광역시 동구 용전동 230,36.35583565,127.435811,,한전주,042-271-4871,대전광역시 동구청,2023-12-01
용전동332,1,,대전광역시 동구 용전동 221,36.35314259,127.4328193,,한전주,042-271-4871,대전광역시 동구청,2023-12-01
용전동333,1,,대전광역시 동구 용전동 122-14,36.35525175,127.4348172,,한전주,042-271-4871,대전광역시 동구청,2023-12-01
용전동334,1,,대전광역시 동구 용전동 232,36.35348041,127.4358163,,한전주,042-271-4871,대전광역시 동구청,2023-12-01
용전동335,1,,대전광역시 동구 용전동 124-5,36.35463925,127.4348827,,한전주,042-271-4871,대전광역시 동구청,2023-12-01
용전동336,1,,대전광역시 동구 용전동 50-22,36.35488222,127.4357448,,한전주,042-271-4871,대전광역시 동구청,2023-12-01
용전동337,1,,대전광역시 동구 용전동 57-16,36.35439175,127.435694,,한전주,042-271-4871,대전광역시 동구청,2023-12-01
용전동338,1,,대전광역시 동구 용전동 57-18,36.35443269,127.4358008,,한전주,042-271-4871,대전광역시 동구청,2023-12-01
용전동339,1,,대전광역시 동구 용전동 57-13,36.35436835,127.4355784,,전용주,042-271-4871,대전광역시 동구청,2023-12-01
용전동340,1,,대전광역시 동구 용전동 57-2,36.35441137,127.4351737,,한전주,042-271-4871,대전광역시 동구청,2023-12-01
용전동341,1,,대전광역시 동구 용전동 222,36.35264736,127.4308738,,한전주,042-271-4871,대전광역시 동구청,2023-12-01
용전동342,1,,대전광역시 동구 용전동 60-20,36.35388151,127.4351155,,한전주,042-271-4871,대전광역시 동구청,2023-12-01
용전동343,1,,대전광역시 동구 용전동 57-4,36.35417121,127.4351711,,한전주,042-271-4871,대전광역시 동구청,2023-12-01
용전동344,1,,대전광역시 동구 용전동 57-15,36.35415387,127.4355288,,한전주,042-271-4871,대전광역시 동구청,2023-12-01
용전동345,1,,대전광역시 동구 용전동 57-20,36.35415442,127.4357495,,한전주,042-271-4871,대전광역시 동구청,2023-12-01
용전동346,1,,대전광역시 동구 용전동 57-21,36.35431214,127.4362877,,한전주,042-271-4871,대전광역시 동구청,2023-12-01
용전동347,1,,대전광역시 동구 용전동 57-21,36.35431214,127.4362877,,전용주,042-271-4871,대전광역시 동구청,2023-12-01
용전동348,1,,대전광역시 동구 용전동 61-1,36.35345962,127.435079,,한전주,042-271-4871,대전광역시 동구청,2023-12-01
용전동349,1,,대전광역시 동구 용전동 60-11,36.35361017,127.4354354,,한전주,042-271-4871,대전광역시 동구청,2023-12-01
용전동350,1,,대전광역시 동구 용전동 61-2,36.3534265,127.4353645,,한전주,042-271-4871,대전광역시 동구청,2023-12-01
용전동351,1,,대전광역시 동구 용전동 60-27,36.35360647,127.4357343,,한전주,042-271-4871,대전광역시 동구청,2023-12-01
용전동352,1,,대전광역시 동구 용전동 60-24,36.35357578,127.436019,,한전주,042-271-4871,대전광역시 동구청,2023-12-01
용전동353,1,,대전광역시 동구 용전동 232,36.35348041,127.4358163,,한전주,042-271-4871,대전광역시 동구청,2023-12-01
용전동354,1,,대전광역시 동구 용전동 61-20,36.35293455,127.4350184,,한전주,042-271-4871,대전광역시 동구청,2023-12-01
용전동355,1,,대전광역시 동구 용전동 61-41,36.35257138,127.4349675,,한전주,042-271-4871,대전광역시 동구청,2023-12-01
용전동356,1,,대전광역시 동구 용전동 61-44,36.3525532,127.4351585,,한전주,042-271-4871,대전광역시 동구청,2023-12-01
용전동357,1,,대전광역시 동구 용전동 61-28,36.35258854,127.4354037,,한전주,042-271-4871,대전광역시 동구청,2023-12-01
용전동358,1,,대전광역시 동구 용전동 232,36.35348041,127.4358163,,한전주,042-271-4871,대전광역시 동구청,2023-12-01
용전동359,1,,대전광역시 동구 용전동 232,36.35348041,127.4358163,,한전주,042-271-4871,대전광역시 동구청,2023-12-01
용전동360,1,,대전광역시 동구 용전동 62-21,36.35187783,127.4351132,,한전주,042-271-4871,대전광역시 동구청,2023-12-01
용전동361,1,,대전광역시 동구 용전동 221,36.35314259,127.4328193,,한전주,042-271-4871,대전광역시 동구청,2023-12-01
용전동362,1,,대전광역시 동구 용전동 131-1,36.35146145,127.4351527,,한전주,042-271-4871,대전광역시 동구청,2023-12-01
용전동363,1,,대전광역시 동구 용전동 131-4,36.35131255,127.4348634,,한전주,042-271-4871,대전광역시 동구청,2023-12-01
용전동364,1,,대전광역시 동구 용전동 131-1,36.35146145,127.4351527,,한전주,042-251-4756,대전광역시 동구청,2023-12-01
용전동365,1,,대전광역시 동구 용전동 136-1,36.35111132,127.4348128,,한전주,042-271-4871,대전광역시 동구청,2023-12-01
용전동366,1,,대전광역시 동구 용전동 135-10,36.35083363,127.434379,,전용주,042-271-4871,대전광역시 동구청,2023-12-01
용전동367,1,,대전광역시 동구 용전동 221,36.35314259,127.4328193,,한전주,042-271-4871,대전광역시 동구청,2023-12-01
용전동368,1,,대전광역시 동구 용전동 221,36.35314259,127.4328193,,한전주,042-271-4871,대전광역시 동구청,2023-12-01
용전동369,1,,대전광역시 동구 용전동 117-44,36.34919285,127.4353941,,전용주,042-271-4871,대전광역시 동구청,2023-12-01
용전동370,1,,대전광역시 동구 용전동 117-42,36.34988596,127.4356153,,한전주,042-271-4871,대전광역시 동구청,2023-12-01
용전동371,1,,대전광역시 동구 용전동 221,36.35314259,127.4328193,,한전주,042-271-4871,대전광역시 동구청,2023-12-01
용전동372,1,,대전광역시 동구 용전동 221,36.35314259,127.4328193,,한전주,042-271-4871,대전광역시 동구청,2023-12-01
용전동373,1,,대전광역시 동구 용전동 221,36.35314259,127.4328193,,한전주,042-271-4871,대전광역시 동구청,2023-12-01
용전동374,1,,대전광역시 동구 용전동 136-7,36.35083697,127.4354671,,한전주,042-271-4871,대전광역시 동구청,2023-12-01
용전동375,1,,대전광역시 동구 용전동 221,36.35314259,127.4328193,,한전주,042-271-4871,대전광역시 동구청,2023-12-01
용전동376,1,,대전광역시 동구 용전동 63-15,36.35166487,127.4361095,,한전주,042-271-4871,대전광역시 동구청,2023-12-01
용전동377,1,,대전광역시 동구 용전동 221,36.35314259,127.4328193,,한전주,042-271-4871,대전광역시 동구청,2023-12-01
용전동378,1,,대전광역시 동구 용전동 63-12,36.35177354,127.4360584,,한전주,042-271-4871,대전광역시 동구청,2023-12-01
용전동379,1,,대전광역시 동구 용전동 233,36.35192592,127.4355323,,한전주,042-271-4871,대전광역시 동구청,2023-12-01
용전동380,1,,대전광역시 동구 용전동 63-7,36.35190714,127.4357798,,한전주,042-271-4871,대전광역시 동구청,2023-12-01
용전동381,1,,대전광역시 동구 용전동 62-11,36.35215074,127.4353318,,한전주,042-271-4871,대전광역시 동구청,2023-12-01
용전동382,1,,대전광역시 동구 용전동 61-28,36.35258854,127.4354037,,한전주,042-271-4871,대전광역시 동구청,2023-12-01
용전동383,1,,대전광역시 동구 용전동 64-36,36.35264195,127.4358794,,한전주,042-271-4871,대전광역시 동구청,2023-12-01
용전동384,1,,대전광역시 동구 용전동 64-35,36.35270345,127.4361155,,한전주,042-271-4871,대전광역시 동구청,2023-12-01
용전동385,1,,대전광역시 동구 용전동 61-10,36.35285619,127.4355255,,전용주,042-271-4871,대전광역시 동구청,2023-12-01
용전동386,1,,대전광역시 동구 용전동 61-38,36.35296193,127.435518,,한전주,042-271-4871,대전광역시 동구청,2023-12-01
용전동387,1,,대전광역시 동구 용전동 111-16,36.35042121,127.438812,,한전주,042-271-4871,대전광역시 동구청,2023-12-01
용전동388,1,,대전광역시 동구 용전동 111-36,36.35070819,127.4391847,,한전주,042-271-4871,대전광역시 동구청,2023-12-01
용전동389,1,,대전광역시 동구 용전동 111-18,36.35092196,127.4396711,,한전주,042-271-4871,대전광역시 동구청,2023-12-01
용전동390,1,,대전광역시 동구 용전동 219,36.35089998,127.4393496,,한전주,042-271-4871,대전광역시 동구청,2023-12-01
용전동391,1,,대전광역시 동구 용전동 54-4,36.35097796,127.4409585,,한전주,042-271-4871,대전광역시 동구청,2023-12-01
용전동392,1,,대전광역시 동구 용전동 76-5,36.35180887,127.4401445,,한전주,042-271-4871,대전광역시 동구청,2023-12-01
용전동393,1,,대전광역시 동구 용전동 77-5,36.35159597,127.4393215,,한전주,042-271-4871,대전광역시 동구청,2023-12-01
용전동394,1,,대전광역시 동구 용전동 77-24,36.3513747,127.4386413,,한전주,042-271-4871,대전광역시 동구청,2023-12-01
용전동395,1,,대전광역시 동구 용전동 236,36.35120942,127.4385527,,한전주,042-271-4871,대전광역시 동구청,2023-12-01
용전동397,1,,대전광역시 동구 용전동 77-5,36.35159597,127.4393215,,한전주,042-271-4871,대전광역시 동구청,2023-12-01
용전동398,1,,대전광역시 동구 용전동 69-1,36.35221744,127.4378925,,한전주,042-271-4871,대전광역시 동구청,2023-12-01
용전동399,1,,대전광역시 동구 용전동 69-7,36.35188976,127.4384866,,한전주,042-271-4871,대전광역시 동구청,2023-12-01
용전동400,1,,대전광역시 동구 용전동 235,36.35242367,127.4373055,,한전주,042-271-4871,대전광역시 동구청,2023-12-01
용전동401,1,,대전광역시 동구 용전동 235,36.35242367,127.4373055,,한전주,042-271-4871,대전광역시 동구청,2023-12-01
용전동402,1,,대전광역시 동구 용전동 69-4,36.35210249,127.4387172,,한전주,042-271-4871,대전광역시 동구청,2023-12-01
용전동403,1,,대전광역시 동구 용전동 70,36.35261813,127.438401,,한전주,042-271-4871,대전광역시 동구청,2023-12-01
용전동404,1,,대전광역시 동구 용전동 67-8,36.3526297,127.4373597,,한전주,042-271-4871,대전광역시 동구청,2023-12-01
용전동405,1,,대전광역시 동구 용전동 70,36.35261813,127.438401,,한전주,042-271-4871,대전광역시 동구청,2023-12-01
용전동406,1,,대전광역시 동구 용전동 23-12,36.35300133,127.4413341,,한전주,042-271-4871,대전광역시 동구청,2023-12-01
용전동407,1,,대전광역시 동구 용전동 225,36.35357927,127.4404349,,한전주,042-271-4871,대전광역시 동구청,2023-12-01
용전동408,1,,대전광역시 동구 용전동 23-16,36.35330253,127.4412288,,한전주,042-271-4871,대전광역시 동구청,2023-12-01
용전동409,1,,대전광역시 동구 용전동 23-29,36.35354573,127.4406489,,한전주,042-271-4871,대전광역시 동구청,2023-12-01
용전동410,1,,대전광역시 동구 용전동 225,36.35357927,127.4404349,,한전주,042-271-4871,대전광역시 동구청,2023-12-01
용전동411,1,,대전광역시 동구 용전동 23-22,36.35376852,127.4404481,,한전주,042-271-4871,대전광역시 동구청,2023-12-01
용전동412,1,,대전광역시 동구 용전동 22-2,36.35405917,127.4401248,,한전주,042-271-4871,대전광역시 동구청,2023-12-01
용전동413,1,,대전광역시 동구 용전동 22-1,36.35487935,127.4396044,,한전주,042-271-4871,대전광역시 동구청,2023-12-01
용전동414,1,,대전광역시 동구 용전동 225,36.35357927,127.4404349,,한전주,042-271-4871,대전광역시 동구청,2023-12-01
용전동415,1,,대전광역시 동구 용전동 22-1,36.35487935,127.4396044,,한전주,042-271-4871,대전광역시 동구청,2023-12-01
용전동416,1,,대전광역시 동구 용전동 22-1,36.35487935,127.4396044,,한전주,042-271-4871,대전광역시 동구청,2023-12-01
용전동417,1,,대전광역시 동구 용전동 22-1,36.35487935,127.4396044,,한전주,042-271-4871,대전광역시 동구청,2023-12-01
용전동418,1,,대전광역시 동구 용전동 22-8,36.35417112,127.4399223,,한전주,042-271-4871,대전광역시 동구청,2023-12-01
용전동419,1,,대전광역시 동구 용전동 22-3,36.354363,127.4397684,,한전주,042-271-4871,대전광역시 동구청,2023-12-01
용전동420,1,,대전광역시 동구 용전동 22-4,36.35462452,127.4395725,,한전주,042-271-4871,대전광역시 동구청,2023-12-01
용전동421,1,,대전광역시 동구 용전동 22-1,36.35487935,127.4396044,,한전주,042-271-4871,대전광역시 동구청,2023-12-01
용전동422,1,,대전광역시 동구 용전동 20-6,36.35444383,127.4386441,,전용주,042-271-4871,대전광역시 동구청,2023-12-01
용전동423,1,,대전광역시 동구 용전동 15-5,36.35495464,127.4390538,,한전주,042-271-4871,대전광역시 동구청,2023-12-01
용전동424,1,,대전광역시 동구 용전동 15-7,36.35524064,127.4388654,,한전주,042-271-4871,대전광역시 동구청,2023-12-01
용전동425,1,,대전광역시 동구 용전동 15-1,36.35573261,127.4384907,,한전주,042-271-4871,대전광역시 동구청,2023-12-01
용전동426,1,,대전광역시 동구 용전동 20-1,36.35517201,127.4378722,,한전주,042-271-4871,대전광역시 동구청,2023-12-01
용전동427,1,,대전광역시 동구 용전동 224,36.3559161,127.4376092,,한전주,042-271-4871,대전광역시 동구청,2023-12-01
용전동428,1,,대전광역시 동구 용전동 78-38,36.35660881,127.437289,,한전주,042-271-4871,대전광역시 동구청,2023-12-01
용전동429,1,,대전광역시 동구 용전동 73-2,36.35708401,127.4362883,,한전주,042-271-4871,대전광역시 동구청,2023-12-01
용전동430,1,,대전광역시 동구 용전동 78-38,36.35660881,127.437289,,한전주,042-271-4871,대전광역시 동구청,2023-12-01
용전동431,1,,대전광역시 동구 용전동 산 3-2,36.35717004,127.4370562,,한전주,042-271-4871,대전광역시 동구청,2023-12-01
용전동432,1,,대전광역시 동구 용전동 224,36.3559161,127.4376092,,한전주,042-271-4871,대전광역시 동구청,2023-12-01
용전동433,1,,대전광역시 동구 용전동 3-1,36.35686291,127.4366088,,한전주,042-271-4871,대전광역시 동구청,2023-12-01
용전동434,1,,대전광역시 동구 용전동 3-1,36.35708017,127.4363398,,한전주,042-271-4871,대전광역시 동구청,2023-12-01
용전동435,1,,대전광역시 동구 용전동 3-1,36.35719557,127.436204,,한전주,042-271-4871,대전광역시 동구청,2023-12-01
용전동436,1,,대전광역시 동구 용전동 13-20,36.35714185,127.4358271,,전용주,042-271-4871,대전광역시 동구청,2023-12-01
용전동437,1,,대전광역시 동구 용전동 산 2-6,36.35702544,127.4383814,,한전주,042-271-4871,대전광역시 동구청,2023-12-01
용전동438,1,,대전광역시 동구 용전동 8-27,36.35889741,127.4367521,,한전주,042-271-4871,대전광역시 동구청,2023-12-01
용전동439,1,,대전광역시 동구 용전동 8-2,36.35904323,127.4366753,,한전주,042-271-4871,대전광역시 동구청,2023-12-01
용전동440,1,,대전광역시 동구 용전동 8-1,36.35915806,127.4365227,,한전주,042-271-4871,대전광역시 동구청,2023-12-01
용전동441,1,,대전광역시 동구 용전동 223,36.35858817,127.4337934,,한전주,042-271-4871,대전광역시 동구청,2023-12-01
용전동442,1,,대전광역시 동구 용전동 8-7,36.35897169,127.4362035,,한전주,042-271-4871,대전광역시 동구청,2023-12-01
용전동443,1,,대전광역시 동구 용전동 8-19,36.35896838,127.4364688,,건축물,042-271-4871,대전광역시 동구청,2023-12-01
용전동444,1,,대전광역시 동구 용전동 9-7,36.35972438,127.434462,,한전주,042-271-4871,대전광역시 동구청,2023-12-01
용전동445,1,,대전광역시 동구 용전동 9-7,36.35972438,127.434462,,한전주,042-271-4871,대전광역시 동구청,2023-12-01
용전동446,1,,대전광역시 동구 용전동 223,36.35858817,127.4337934,,한전주,042-271-4871,대전광역시 동구청,2023-12-01
용전동447,1,,대전광역시 동구 용전동 11-12,36.35832291,127.4343801,,한전주,042-271-4871,대전광역시 동구청,2023-12-01
용전동448,1,,대전광역시 동구 용전동 223,36.35858817,127.4337934,,한전주,042-271-4871,대전광역시 동구청,2023-12-01
용전동449,1,,대전광역시 동구 용전동 10-4,36.35910215,127.4336617,,한전주,042-271-4871,대전광역시 동구청,2023-12-01
용전동450,1,,대전광역시 동구 용전동 10-16,36.35922588,127.4335179,,한전주,042-271-4871,대전광역시 동구청,2023-12-01
용전동451,1,,대전광역시 동구 용전동 223,36.35858817,127.4337934,,한전주,042-271-4871,대전광역시 동구청,2023-12-01
용전동452,1,,대전광역시 동구 용전동 177-14,36.35101289,127.4305379,,전용주,042-271-4871,대전광역시 동구청,2023-12-01
용전동453,1,,대전광역시 동구 용전동 177-12,36.35124803,127.4304311,,전용주,042-271-4871,대전광역시 동구청,2023-12-01
용전동454,1,,대전광역시 동구 용전동 177-12,36.35124803,127.4304311,,전용주,042-271-4871,대전광역시 동구청,2023-12-01
용전동455,1,,대전광역시 동구 용전동 222,36.35264736,127.4308738,,한전주,042-271-4871,대전광역시 동구청,2023-12-01
용전동456,1,,대전광역시 동구 용전동 222,36.35264736,127.4308738,,한전주,042-271-4871,대전광역시 동구청,2023-12-01
용전동457,1,,대전광역시 동구 용전동 132-21,36.35163831,127.4338264,,건축물,042-271-4871,대전광역시 동구청,2023-12-01
용전동460,1,,대전광역시 동구 용전동 221,36.35314259,127.4328193,,전용주,042-271-4871,대전광역시 동구청,2023-12-01
용전동463,1,,대전광역시 동구 용전동 136-15,36.35076231,127.4347861,,한전주,042-271-4871,대전광역시 동구청,2023-12-01
용전동464,1,,대전광역시 동구 용전동 174-9,36.35178663,127.4310169,,한전주,042-271-4871,대전광역시 동구청,2023-12-01
용전동465,1,,대전광역시 동구 용전동 57-21,36.35431214,127.4362877,,한전주,042-271-4871,대전광역시 동구청,2023-12-01
용전동466,1,,대전광역시 동구 용전동 140-8,36.35002077,127.4326146,,전용주,042-271-4871,대전광역시 동구청,2023-12-01
용전동467,1,,대전광역시 동구 용전동 137-1,36.35055371,127.4347532,,한전주,042-271-4871,대전광역시 동구청,2023-12-01
용전동468,1,,대전광역시 동구 용전동 137-13,36.35032001,127.4347357,,한전주,042-271-4871,대전광역시 동구청,2023-12-01
용전동469,1,,대전광역시 동구 용전동 68-15,36.35070881,127.4379356,,한전주,042-271-4871,대전광역시 동구청,2023-12-01
용전동470,1,,대전광역시 동구 용전동 68-11,36.35027129,127.4382563,,전용주,042-271-4871,대전광역시 동구청,2023-12-01
용전동471,1,,대전광역시 동구 용전동 49-14,36.35596587,127.4356991,,한전주,042-271-4871,대전광역시 동구청,2023-12-01
용전동472,1,,대전광역시 동구 용전동 170-16,36.35249327,127.4294314,,한전주,042-271-4871,대전광역시 동구청,2023-12-01
용전동473,1,,대전광역시 동구 용전동 1,36.35993635,127.4362879,,한전주,042-271-4871,대전광역시 동구청,2023-12-01
용전동474,1,,대전광역시 동구 용전동 221,36.35314259,127.4328193,,전용주,042-271-4871,대전광역시 동구청,2023-12-01
용전동475,1,,대전광역시 동구 용전동 126-1,36.35352587,127.4338602,,전용주,042-271-4871,대전광역시 동구청,2023-12-01
용전동476,1,,대전광역시 동구 용전동 63-4,36.35205228,127.4359677,,전용주,042-271-4871,대전광역시 동구청,2023-12-01
용전동477,1,,대전광역시 동구 용전동 128-39,36.3524122,127.4334653,,한전주,042-271-4871,대전광역시 동구청,2023-12-01
용전동478,1,,대전광역시 동구 용전동 163-17,36.35433981,127.430272,,한전주,042-271-4871,대전광역시 동구청,2023-12-01
용전동479,1,,대전광역시 동구 용전동 50-16,36.35472145,127.4360898,,한전주,042-271-4871,대전광역시 동구청,2023-12-01
용전동480,1,,대전광역시 동구 용전동 27-37,36.35604554,127.4321733,,한전주,042-271-4871,대전광역시 동구청,2023-12-01
용전동481,1,,대전광역시 동구 용전동 41-28,36.35568178,127.4314373,,한전주,042-271-4871,대전광역시 동구청,2023-12-01
용전동482,1,,대전광역시 동구 용전동 42-22,36.35580853,127.4324972,,한전주,042-271-4871,대전광역시 동구청,2023-12-01
용전동483,1,,대전광역시 동구 용전동 40-2,36.35622928,127.4303267,,한전주,042-271-4871,대전광역시 동구청,2023-12-01
용전동484,1,,대전광역시 동구 용전동 10-9,36.35887778,127.4339269,,전용주,042-271-4871,대전광역시 동구청,2023-12-01
용전동485,1,,대전광역시 동구 용전동 10-11,36.35862211,127.4335581,,전용주,042-271-4871,대전광역시 동구청,2023-12-01
용전동486,1,,대전광역시 동구 용전동 130-39,36.3518055,127.4346385,,한전주,042-271-4871,대전광역시 동구청,2023-12-01
용전동487,1,,대전광역시 동구 용전동 235,36.35242367,127.4373055,,한전주,042-271-4871,대전광역시 동구청,2023-12-01
용전동488,1,,대전광역시 동구 용전동 127-7,36.35366118,127.4332341,,한전주,042-271-4871,대전광역시 동구청,2023-12-01
용전동489,1,,대전광역시 동구 용전동 8-17,36.35859186,127.4366429,,건축물,042-271-4871,대전광역시 동구청,2023-12-01
용전동490,1,,대전광역시 동구 용전동 78-25,36.35082274,127.4385942,,한전주,042-271-4871,대전광역시 동구청,2023-12-01
용전동497,1,,대전광역시 동구 용전동 233,36.35192592,127.4355323,,한전주,042-271-4871,대전광역시 동구청,2023-12-01
용전동498,1,,대전광역시 동구 용전동 63-14,36.35174722,127.4362625,,한전주,042-271-4871,대전광역시 동구청,2023-12-01
용전동499,1,,대전광역시 동구 용전동 63-18,36.35154054,127.4356833,,한전주,042-271-4871,대전광역시 동구청,2023-12-01
용전동500,1,,대전광역시 동구 용전동 235,36.35242367,127.4373055,,한전주,042-271-4871,대전광역시 동구청,2023-12-01
용전동501,1,,대전광역시 동구 용전동 235,36.35242367,127.4373055,,한전주,042-271-4871,대전광역시 동구청,2023-12-01
용전동502,1,,대전광역시 동구 용전동 235,36.35242367,127.4373055,,한전주,042-271-4871,대전광역시 동구청,2023-12-01
용전동503,1,,대전광역시 동구 용전동 235,36.35242367,127.4373055,,한전주,042-271-4871,대전광역시 동구청,2023-12-01
용전동504,1,,대전광역시 동구 용전동 235,36.35242367,127.4373055,,한전주,042-271-4871,대전광역시 동구청,2023-12-01
용전동505,1,,대전광역시 동구 용전동 235,36.35242367,127.4373055,,한전주,042-271-4871,대전광역시 동구청,2023-12-01
용전동506,1,,대전광역시 동구 용전동 77-11,36.35128877,127.4383627,,한전주,042-271-4871,대전광역시 동구청,2023-12-01
용전동507,1,,대전광역시 동구 용전동 68-2,36.35127601,127.4375183,,한전주,042-271-4871,대전광역시 동구청,2023-12-01
용전동508,1,,대전광역시 동구 용전동 78-17,36.35123704,127.4396154,,한전주,042-271-4871,대전광역시 동구청,2023-12-01
용전동509,1,,대전광역시 동구 용전동 235,36.35242367,127.4373055,,한전주,042-271-4871,대전광역시 동구청,2023-12-01
용전동510,1,,대전광역시 동구 용전동 235,36.35242367,127.4373055,,한전주,042-271-4871,대전광역시 동구청,2023-12-01
용전동511,1,,대전광역시 동구 용전동 219,36.35089998,127.4393496,,한전주,042-271-4871,대전광역시 동구청,2023-12-01
용전동512,1,,대전광역시 동구 용전동 219,36.35089998,127.4393496,,한전주,042-271-4871,대전광역시 동구청,2023-12-01
용전동513,1,,대전광역시 동구 용전동 219,36.35089998,127.4393496,,한전주,042-271-4871,대전광역시 동구청,2023-12-01
원동001,1,,대전광역시 동구 원동 22-1,36.32845585,127.4349445,,한전주,042-271-4871,대전광역시 동구청,2023-12-01
원동003,1,,대전광역시 동구 원동 406-2,36.32953053,127.4334249,,한전주,042-271-4871,대전광역시 동구청,2023-12-01
원동004,1,,대전광역시 동구 원동 30-3,36.32796691,127.435207,,한전주,042-271-4871,대전광역시 동구청,2023-12-01
원동005,1,,대전광역시 동구 원동 30-8,36.328148,127.4351445,,한전주,042-271-4871,대전광역시 동구청,2023-12-01
원동006,1,,대전광역시 동구 원동 21-12,36.32812959,127.4347315,,건축물,042-271-4871,대전광역시 동구청,2023-12-01
원동007,1,,대전광역시 동구 원동 21-13,36.32844523,127.4346675,,건축물,042-271-4871,대전광역시 동구청,2023-12-01
원동008,1,,대전광역시 동구 원동 31-9,36.32764812,127.4354171,,한전주,042-271-4871,대전광역시 동구청,2023-12-01
원동009,1,,대전광역시 동구 원동 31-1,36.32787269,127.4356403,,한전주,042-271-4871,대전광역시 동구청,2023-12-01
원동010,1,,대전광역시 동구 원동 102-9,36.32739071,127.4351798,,건축물,042-271-4871,대전광역시 동구청,2023-12-01
원동011,1,,대전광역시 동구 원동 101-53,36.327284,127.4355776,,한전주,042-251-4756,대전광역시 동구청,2023-12-01
원동012,1,,대전광역시 동구 원동 101-46,36.32730163,127.4359333,,한전주,042-251-4756,대전광역시 동구청,2023-12-01
원동013,1,,대전광역시 동구 원동 98-28,36.32655921,127.4360641,,한전주,042-271-4871,대전광역시 동구청,2023-12-01
원동014,1,,대전광역시 동구 원동 98-19,36.32665753,127.4362136,,한전주,042-271-4871,대전광역시 동구청,2023-12-01
원동015,1,,대전광역시 동구 원동 98-11,36.32680578,127.4362365,,건축물,042-271-4871,대전광역시 동구청,2023-12-01
원동016,1,,대전광역시 동구 원동 97-8,36.32654231,127.436474,,전용주,042-271-4871,대전광역시 동구청,2023-12-01
원동017,1,,대전광역시 동구 원동 97-5,36.32612797,127.4362701,,한전주,042-271-4871,대전광역시 동구청,2023-12-01
원동018,1,,대전광역시 동구 원동 96-3,36.32589253,127.4361859,,한전주,042-271-4871,대전광역시 동구청,2023-12-01
원동019,1,,대전광역시 동구 원동 107-13,36.32609504,127.4367488,,한전주,042-271-4871,대전광역시 동구청,2023-12-01
원동020,1,,대전광역시 동구 원동 107-26,36.32572606,127.4365115,,한전주,042-271-4871,대전광역시 동구청,2023-12-01
원동021,1,,대전광역시 동구 원동 107-6,36.32553881,127.436682,,한전주,042-271-4871,대전광역시 동구청,2023-12-01
원동022,1,,대전광역시 동구 원동 107-29,36.32502472,127.4370178,,한전주,042-271-4871,대전광역시 동구청,2023-12-01
원동023,1,,대전광역시 동구 원동 85-41,36.32739724,127.4321358,,건축물,042-271-4871,대전광역시 동구청,2023-12-01
원동024,1,,대전광역시 동구 원동 85-41,36.32739724,127.4321358,,건축물,042-271-4871,대전광역시 동구청,2023-12-01
원동025,1,,대전광역시 동구 원동 60-8,36.32786825,127.4325452,,건축물,042-271-4871,대전광역시 동구청,2023-12-01
원동026,1,,대전광역시 동구 원동 60-8,36.32786825,127.4325452,,건축물,042-271-4871,대전광역시 동구청,2023-12-01
원동027,1,,대전광역시 동구 원동 31-15,36.32795013,127.435987,,전용주,042-271-4871,대전광역시 동구청,2023-12-01
원동028,1,,대전광역시 동구 원동 61-3,36.32767281,127.4321902,,건축물,042-271-4871,대전광역시 동구청,2023-12-01
원동031,1,,대전광역시 동구 원동 63-51,36.32893054,127.431378,,건축물,042-271-4871,대전광역시 동구청,2023-12-01
원동032,1,,대전광역시 동구 원동 63-55,36.32884025,127.4314272,,건축물,042-271-4871,대전광역시 동구청,2023-12-01
원동033,1,,대전광역시 동구 원동 63-63,36.32886455,127.4315536,,건축물,042-271-4871,대전광역시 동구청,2023-12-01
원동034,1,,대전광역시 동구 원동 30-12,36.32796297,127.4353308,,건축물,042-271-4871,대전광역시 동구청,2023-12-01
원동035,1,,대전광역시 동구 원동 22-1,36.32845585,127.4349445,,한전주,042-271-4871,대전광역시 동구청,2023-12-01
원동036,1,,대전광역시 동구 원동 406-4,36.32826375,127.4356407,,한전주,042-271-4871,대전광역시 동구청,2023-12-01
이사동001,1,,대전광역시 동구 이사동 35-9,36.28674319,127.4512481,,한전주,042-271-4871,대전광역시 동구청,2023-12-01
이사동002,1,,대전광역시 동구 이사동 35-7,36.28714484,127.450964,,한전주,042-271-4871,대전광역시 동구청,2023-12-01
이사동003,1,,대전광역시 동구 이사동 35-8,36.28680805,127.4510173,,한전주,042-271-4871,대전광역시 동구청,2023-12-01
이사동004,1,,대전광역시 동구 이사동 35-2,36.28679544,127.4508944,,한전주,042-271-4871,대전광역시 동구청,2023-12-01
이사동005,1,,대전광역시 동구 이사동 33-3,36.28712019,127.4503777,,한전주,042-271-4871,대전광역시 동구청,2023-12-01
이사동006,1,,대전광역시 동구 이사동 34-3,36.28688002,127.4498172,,한전주,042-271-4871,대전광역시 동구청,2023-12-01
이사동007,1,,대전광역시 동구 이사동 361,36.28677761,127.4492143,,한전주,042-271-4871,대전광역시 동구청,2023-12-01
이사동008,1,,대전광역시 동구 이사동 31,36.28713799,127.4491757,,한전주,042-271-4871,대전광역시 동구청,2023-12-01
이사동010,1,,대전광역시 동구 이사동 3,36.29154393,127.4523271,,한전주,042-271-4871,대전광역시 동구청,2023-12-01
이사동011,1,,대전광역시 동구 이사동 3,36.29154393,127.4523271,,한전주,042-271-4871,대전광역시 동구청,2023-12-01
이사동012,1,,대전광역시 동구 이사동 22,36.28888328,127.4504616,,한전주,042-271-4871,대전광역시 동구청,2023-12-01
이사동013,1,,대전광역시 동구 이사동 20,36.28914549,127.4502597,,한전주,042-271-4871,대전광역시 동구청,2023-12-01
이사동014,1,,대전광역시 동구 이사동 1-41,36.29045013,127.4511504,,한전주,042-271-4871,대전광역시 동구청,2023-12-01
이사동015,1,,대전광역시 동구 이사동 276-2,36.29159627,127.4505218,,한전주,042-271-4871,대전광역시 동구청,2023-12-01
이사동016,1,,대전광역시 동구 이사동 276-2,36.29159627,127.4505218,,한전주,042-271-4871,대전광역시 동구청,2023-12-01
이사동017,1,,대전광역시 동구 이사동 1-30,36.29103071,127.4512341,,한전주,042-271-4871,대전광역시 동구청,2023-12-01
이사동018,1,,대전광역시 동구 이사동 4,36.29103918,127.4515912,,한전주,042-271-4871,대전광역시 동구청,2023-12-01
이사동019,1,,대전광역시 동구 이사동 1-59,36.29151838,127.4509117,,한전주,042-271-4871,대전광역시 동구청,2023-12-01
이사동020,1,,대전광역시 동구 이사동 1-52,36.29150859,127.4515008,,한전주,042-271-4871,대전광역시 동구청,2023-12-01
이사동021,1,,대전광역시 동구 이사동 1-47,36.29167769,127.4508932,,한전주,042-271-4871,대전광역시 동구청,2023-12-01
이사동022,1,,대전광역시 동구 이사동 1-34,36.29221398,127.450965,,한전주,042-271-4871,대전광역시 동구청,2023-12-01
이사동023,1,,대전광역시 동구 이사동 1-39,36.29196526,127.4517754,,한전주,042-271-4871,대전광역시 동구청,2023-12-01
이사동024,1,,대전광역시 동구 이사동 1-3,36.29229642,127.4517813,,한전주,042-271-4871,대전광역시 동구청,2023-12-01
이사동025,1,,대전광역시 동구 이사동 1-14,36.29267041,127.4511838,,한전주,042-271-4871,대전광역시 동구청,2023-12-01
이사동026,1,,대전광역시 동구 이사동 1-18,36.29263073,127.4508817,,한전주,042-271-4871,대전광역시 동구청,2023-12-01
이사동027,1,,대전광역시 동구 이사동 1-44,36.29283029,127.4517321,,한전주,042-271-4871,대전광역시 동구청,2023-12-01
이사동028,1,,대전광역시 동구 이사동 1-44,36.29283029,127.4517321,,한전주,042-271-4871,대전광역시 동구청,2023-12-01
이사동029,1,,대전광역시 동구 이사동 1-16,36.29342734,127.4518941,,한전주,042-271-4871,대전광역시 동구청,2023-12-01
이사동030,1,,대전광역시 동구 이사동 1-24,36.29349817,127.4515852,,한전주,042-271-4871,대전광역시 동구청,2023-12-01
이사동031,1,,대전광역시 동구 이사동 1-57,36.29339669,127.4512034,,한전주,042-271-4871,대전광역시 동구청,2023-12-01
이사동032,1,,대전광역시 동구 이사동 1-25,36.29335144,127.4521599,,한전주,042-271-4871,대전광역시 동구청,2023-12-01
이사동034,1,,대전광역시 동구 이사동 3,36.29154393,127.4523271,,한전주,042-271-4871,대전광역시 동구청,2023-12-01
이사동035,1,,대전광역시 동구 이사동 3,36.29154393,127.4523271,,한전주,042-271-4871,대전광역시 동구청,2023-12-01
이사동036,1,,대전광역시 동구 이사동 40-4,36.28699202,127.4480567,,한전주,042-271-4871,대전광역시 동구청,2023-12-01
이사동037,1,,대전광역시 동구 이사동 41-7,36.28672554,127.4477677,,한전주,042-271-4871,대전광역시 동구청,2023-12-01
이사동038,1,,대전광역시 동구 이사동 42-1,36.28663867,127.4474799972,,한전주,042-271-4871,대전광역시 동구청,2023-12-01
이사동039,1,,대전광역시 동구 이사동 42-1,36.28663867,127.4474799972,,한전주,042-271-4871,대전광역시 동구청,2023-12-01
이사동040,1,,대전광역시 동구 이사동 41-7,36.28672554,127.4477677,,한전주,042-271-4871,대전광역시 동구청,2023-12-01
이사동041,1,,대전광역시 동구 이사동 38-2,36.28667298,127.448451,,한전주,042-271-4871,대전광역시 동구청,2023-12-01
이사동042,1,,대전광역시 동구 이사동 60-4,36.28618344,127.4484999,,한전주,042-271-4871,대전광역시 동구청,2023-12-01
이사동043,1,,대전광역시 동구 이사동 38-2,36.28667298,127.448451,,한전주,042-271-4871,대전광역시 동구청,2023-12-01
이사동044,1,,대전광역시 동구 이사동 40-9,36.28699732,127.4483979,,한전주,042-271-4871,대전광역시 동구청,2023-12-01
이사동045,1,,대전광역시 동구 이사동 3,36.29154393,127.4523271,,한전주,042-271-4871,대전광역시 동구청,2023-12-01
이사동046,1,,대전광역시 동구 이사동 61-1,36.2861418,127.4506579,,전용주,042-271-4871,대전광역시 동구청,2023-12-01
이사동047,1,,대전광역시 동구 이사동 61-1,36.2861418,127.4506579,,한전주,042-271-4871,대전광역시 동구청,2023-12-01
이사동048,1,,대전광역시 동구 이사동 57-1,36.28566423,127.4475721,,한전주,042-271-4871,대전광역시 동구청,2023-12-01
이사동049,1,,대전광역시 동구 이사동 395,36.28528849,127.4480737,,전용주,042-271-4871,대전광역시 동구청,2023-12-01
이사동050,1,,대전광역시 동구 이사동 395,36.28528849,127.4480737,,한전주,042-271-4871,대전광역시 동구청,2023-12-01
이사동051,1,,대전광역시 동구 이사동 55-2,36.28528849,127.4477206,,한전주,042-271-4871,대전광역시 동구청,2023-12-01
이사동052,1,,대전광역시 동구 이사동 219-4,36.28464574,127.4460472,,한전주,042-271-4871,대전광역시 동구청,2023-12-01
이사동053,1,,대전광역시 동구 이사동 219-1,36.28453464,127.445606,,한전주,042-271-4871,대전광역시 동구청,2023-12-01
이사동054,1,,대전광역시 동구 이사동 220-1,36.28418439,127.4450402,,한전주,042-271-4871,대전광역시 동구청,2023-12-01
이사동055,1,,대전광역시 동구 이사동 366,36.28061162,127.443954,,한전주,042-271-4871,대전광역시 동구청,2023-12-01
이사동056,1,,대전광역시 동구 이사동 171-1,36.28232695,127.4437151,,한전주,042-271-4871,대전광역시 동구청,2023-12-01
이사동057,1,,대전광역시 동구 이사동 130-1,36.28151011,127.4430309,,전용주,042-271-4871,대전광역시 동구청,2023-12-01
이사동058,1,,대전광역시 동구 이사동 131-1,36.28144864,127.4432286,,한전주,042-271-4871,대전광역시 동구청,2023-12-01
이사동059,1,,대전광역시 동구 이사동 169-1,36.28166306,127.4440454,,한전주,042-271-4871,대전광역시 동구청,2023-12-01
이사동060,1,,대전광역시 동구 이사동 132-2,36.2807544,127.4436559,,한전주,042-271-4871,대전광역시 동구청,2023-12-01
이사동061,1,,대전광역시 동구 이사동 167-1,36.28090388,127.4440767,,한전주,042-271-4871,대전광역시 동구청,2023-12-01
이사동062,1,,대전광역시 동구 이사동 156,36.27990879,127.4440281,,한전주,042-271-4871,대전광역시 동구청,2023-12-01
이사동063,1,,대전광역시 동구 이사동 157-1,36.27978954,127.4442055,,한전주,042-271-4871,대전광역시 동구청,2023-12-01
이사동064,1,,대전광역시 동구 이사동 145-1,36.27987174,127.4434484,,한전주,042-271-4871,대전광역시 동구청,2023-12-01
이사동065,1,,대전광역시 동구 이사동 106,36.27778285,127.442753,,한전주,042-271-4871,대전광역시 동구청,2023-12-01
이사동066,1,,대전광역시 동구 이사동 106,36.27778285,127.442753,,한전주,042-271-4871,대전광역시 동구청,2023-12-01
이사동067,1,,대전광역시 동구 이사동 102-4,36.27745136,127.4425184,,한전주,042-271-4871,대전광역시 동구청,2023-12-01
이사동068,1,,대전광역시 동구 이사동 102-3,36.27684557,127.4420837,,한전주,042-271-4871,대전광역시 동구청,2023-12-01
이사동069,1,,대전광역시 동구 이사동 102-3,36.27684557,127.4420837,,한전주,042-271-4871,대전광역시 동구청,2023-12-01
이사동070,1,,대전광역시 동구 이사동 115,36.27868782,127.4422215,,한전주,042-271-4871,대전광역시 동구청,2023-12-01
이사동071,1,,대전광역시 동구 이사동 146,36.27974772,127.4430401,,한전주,042-271-4871,대전광역시 동구청,2023-12-01
이사동072,1,,대전광역시 동구 이사동 143,36.27961983,127.4428736,,한전주,042-271-4871,대전광역시 동구청,2023-12-01
이사동073,1,,대전광역시 동구 이사동 136-3,36.28042146,127.4424268,,전용주,042-271-4871,대전광역시 동구청,2023-12-01
이사동074,1,,대전광역시 동구 이사동 150,36.28018432,127.4429971,,한전주,042-271-4871,대전광역시 동구청,2023-12-01
이사동075,1,,대전광역시 동구 이사동 134,36.28074391,127.4432769,,전용주,042-271-4871,대전광역시 동구청,2023-12-01
이사동076,1,,대전광역시 동구 이사동 136-3,36.28042146,127.4424268,,한전주,042-271-4871,대전광역시 동구청,2023-12-01
이사동077,1,,대전광역시 동구 이사동 133-4,36.28064617,127.4426823,,전용주,042-271-4871,대전광역시 동구청,2023-12-01
이사동078,1,,대전광역시 동구 이사동 178-2,36.28112852,127.4415998,,한전주,042-271-4871,대전광역시 동구청,2023-12-01
이사동079,1,,대전광역시 동구 이사동 178-2,36.28112852,127.4415998,,한전주,042-271-4871,대전광역시 동구청,2023-12-01
이사동080,1,,대전광역시 동구 이사동 191,36.28164062,127.4412455,,한전주,042-271-4871,대전광역시 동구청,2023-12-01
이사동081,1,,대전광역시 동구 이사동 331-1,36.28148031,127.4400436,,한전주,042-271-4871,대전광역시 동구청,2023-12-01
이사동082,1,,대전광역시 동구 이사동 331-1,36.28148031,127.4400436,,한전주,042-271-4871,대전광역시 동구청,2023-12-01
이사동083,1,,대전광역시 동구 이사동 192,36.28150118,127.4413743,,한전주,042-271-4871,대전광역시 동구청,2023-12-01
이사동084,1,,대전광역시 동구 이사동 195-1,36.2819464,127.4416346,,한전주,042-271-4871,대전광역시 동구청,2023-12-01
이사동085,1,,대전광역시 동구 이사동 378,36.28281823,127.4426257,,한전주,042-271-4871,대전광역시 동구청,2023-12-01
이사동086,1,,대전광역시 동구 이사동 198,36.28295075,127.4423955,,한전주,042-271-4871,대전광역시 동구청,2023-12-01
이사동087,1,,대전광역시 동구 이사동 200,36.28318362,127.4437522,,한전주,042-271-4871,대전광역시 동구청,2023-12-01
이사동088,1,,대전광역시 동구 이사동 17,36.28951212,127.4516655,,한전주,042-271-4871,대전광역시 동구청,2023-12-01
이사동089,1,,대전광역시 동구 이사동 209,36.28454443,127.4429000349,,한전주,042-271-4871,대전광역시 동구청,2023-12-01
이사동091,1,,대전광역시 동구 이사동 204-2,36.28513585,127.4415651,,한전주,042-271-4871,대전광역시 동구청,2023-12-01
이사동092,1,,대전광역시 동구 이사동 245-1,36.28557351,127.4415768,,한전주,042-271-4871,대전광역시 동구청,2023-12-01
이사동093,1,,대전광역시 동구 이사동 204-1,36.28530758,127.4417638,,한전주,042-271-4871,대전광역시 동구청,2023-12-01
이사동094,1,,대전광역시 동구 이사동 316-2,36.28611488,127.4398324,,한전주,042-271-4871,대전광역시 동구청,2023-12-01
이사동095,1,,대전광역시 동구 이사동 306,36.28643016,127.4388149,,한전주,042-271-4871,대전광역시 동구청,2023-12-01
이사동096,1,,대전광역시 동구 이사동 325-3,36.28613075,127.4383069,,한전주,042-271-4871,대전광역시 동구청,2023-12-01
이사동097,1,,대전광역시 동구 이사동 325-3,36.28613075,127.4383069,,한전주,042-271-4871,대전광역시 동구청,2023-12-01
이사동098,1,,대전광역시 동구 이사동 308-2,36.28650249,127.4373725,,한전주,042-271-4871,대전광역시 동구청,2023-12-01
이사동099,1,,대전광역시 동구 이사동 308-9,36.28658683,127.4366887,,한전주,042-271-4871,대전광역시 동구청,2023-12-01
이사동100,1,,대전광역시 동구 이사동 산13-14,36.28732141,127.4357395,,한전주,042-271-4871,대전광역시 동구청,2023-12-01
이사동101,1,,대전광역시 동구 이사동 300-1,36.28698135,127.4383151,,한전주,042-271-4871,대전광역시 동구청,2023-12-01
이사동102,1,,대전광역시 동구 이사동 300-1,36.28698135,127.4383151,,한전주,042-271-4871,대전광역시 동구청,2023-12-01
이사동103,1,,대전광역시 동구 이사동 304-1,36.28674484,127.4402152,,한전주,042-271-4871,대전광역시 동구청,2023-12-01
이사동104,1,,대전광역시 동구 이사동 304-1,36.28674484,127.4402152,,한전주,042-271-4871,대전광역시 동구청,2023-12-01
이사동105,1,,대전광역시 동구 이사동 산4-4,36.28660497,127.4418797,,한전주,042-271-4871,대전광역시 동구청,2023-12-01
이사동106,1,,대전광역시 동구 이사동 244,36.28586344,127.441622,,한전주,042-271-4871,대전광역시 동구청,2023-12-01
이사동107,1,,대전광역시 동구 이사동 245-3,36.28559877,127.4420341,,한전주,042-271-4871,대전광역시 동구청,2023-12-01
이사동108,1,,대전광역시 동구 이사동 243,36.2864079,127.4428254,,한전주,042-271-4871,대전광역시 동구청,2023-12-01
이사동109,1,,대전광역시 동구 이사동 242-2,36.28626387,127.4431219,,한전주,042-271-4871,대전광역시 동구청,2023-12-01
이사동110,1,,대전광역시 동구 이사동 산3,36.28806967,127.4496862,,한전주,042-271-4871,대전광역시 동구청,2023-12-01
이사동111,1,,대전광역시 동구 이사동 산3,36.28806967,127.4496862,,한전주,042-271-4871,대전광역시 동구청,2023-12-01
이사동112,1,,대전광역시 동구 이사동 232-1,36.2856696,127.4447319,,한전주,042-271-4871,대전광역시 동구청,2023-12-01
이사동113,1,,대전광역시 동구 이사동 231-1,36.28564587,127.445443,,한전주,042-271-4871,대전광역시 동구청,2023-12-01
이사동114,1,,대전광역시 동구 이사동 231-1,36.28564587,127.445443,,한전주,042-271-4871,대전광역시 동구청,2023-12-01
이사동115,1,,대전광역시 동구 이사동 50-3,36.28571177,127.4459672,,한전주,042-271-4871,대전광역시 동구청,2023-12-01
이사동116,1,,대전광역시 동구 이사동 230,36.2856065,127.4458502,,한전주,042-271-4871,대전광역시 동구청,2023-12-01
이사동117,1,,대전광역시 동구 이사동 221-1,36.28454621,127.4450424,,한전주,042-271-4871,대전광역시 동구청,2023-12-01
이사동118,1,,대전광역시 동구 이사동 49,36.28597687,127.4464832,,한전주,042-271-4871,대전광역시 동구청,2023-12-01
이사동119,1,,대전광역시 동구 이사동 45-2,36.28657019,127.4464151,,한전주,042-271-4871,대전광역시 동구청,2023-12-01
이사동120,1,,대전광역시 동구 이사동 45-1,36.28682803,127.4459768,,한전주,042-271-4871,대전광역시 동구청,2023-12-01
이사동121,1,,대전광역시 동구 이사동 44,36.2866945,127.4466471,,한전주,042-271-4871,대전광역시 동구청,2023-12-01
이사동122,1,,대전광역시 동구 이사동 산 3,36.28806967,127.4496862,,전용주,042-271-4871,대전광역시 동구청,2023-12-01
이사동123,1,,대전광역시 동구 이사동 27,36.28838909,127.4507421,,한전주,042-271-4871,대전광역시 동구청,2023-12-01
이사동125,1,,대전광역시 동구 이사동 60-3,36.28627666,127.4493347,,한전주,042-271-4871,대전광역시 동구청,2023-12-01
이사동126,1,,대전광역시 동구 이사동 60-3,36.28627666,127.4493347,,전용주,042-271-4871,대전광역시 동구청,2023-12-01
이사동127,1,,대전광역시 동구 이사동 산 15,36.28438421,127.4480245,,전용주,042-271-4871,대전광역시 동구청,2023-12-01
이사동128,1,,대전광역시 동구 이사동 산 15,36.28438421,127.4480245,,전용주,042-271-4871,대전광역시 동구청,2023-12-01
이사동129,1,,대전광역시 동구 이사동 산 15,36.28438421,127.4480245,,전용주,042-271-4871,대전광역시 동구청,2023-12-01
이사동134,1,,대전광역시 동구 이사동 30-1,36.28771313,127.4493583,,전용주,042-271-4871,대전광역시 동구청,2023-12-01
이사동135,1,,대전광역시 동구 이사동 360,36.28597687,127.4464832,,한전주,042-271-4871,대전광역시 동구청,2023-12-01
이사동136,1,,대전광역시 동구 이사동 50-2,36.28580384,127.4461799930,,한전주,042-271-4871,대전광역시 동구청,2023-12-01
이사동137,1,,대전광역시 동구 이사동 363,36.28421313,127.4457326,,한전주,042-271-4871,대전광역시 동구청,2023-12-01
이사동138,1,,대전광역시 동구 이사동 150-4,36.28023588,127.4429283,,한전주,042-271-4871,대전광역시 동구청,2023-12-01
이사동139,1,,대전광역시 동구 이사동 159,36.27946414,127.445457,,한전주,042-271-4871,대전광역시 동구청,2023-12-01
이사동140,1,,대전광역시 동구 이사동 372,36.29050845,127.4438843,,한전주,042-271-4871,대전광역시 동구청,2023-12-01
이사동141,1,,대전광역시 동구 이사동 372,36.29050845,127.4438843,,한전주,042-271-4871,대전광역시 동구청,2023-12-01
이사동142,1,,대전광역시 동구 이사동 산 6-3,36.2909634,127.4433101,,한전주,042-271-4871,대전광역시 동구청,2023-12-01
이사동143,1,,대전광역시 동구 이사동 258-9,36.29148421,127.4441296,,한전주,042-271-4871,대전광역시 동구청,2023-12-01
이사동144,1,,대전광역시 동구 이사동 258-5,36.29183311,127.4442077,,한전주,042-271-4871,대전광역시 동구청,2023-12-01
이사동145,1,,대전광역시 동구 이사동 370,36.29289976,127.4451164,,한전주,042-271-4871,대전광역시 동구청,2023-12-01
이사동146,1,,대전광역시 동구 이사동 264,36.29270344,127.4439143,,한전주,042-271-4871,대전광역시 동구청,2023-12-01
이사동147,1,,대전광역시 동구 이사동 284-1,36.29519688,127.445635,,한전주,042-271-4871,대전광역시 동구청,2023-12-01
이사동148,1,,대전광역시 동구 이사동 389,36.29581953,127.445647,,한전주,042-271-4871,대전광역시 동구청,2023-12-01
이사동149,1,,대전광역시 동구 이사동 389,36.29581953,127.445647,,한전주,042-271-4871,대전광역시 동구청,2023-12-01
이사동150,1,,대전광역시 동구 이사동 205-1,36.28490315,127.4422774,,한전주,042-271-4871,대전광역시 동구청,2023-12-01
이사동151,1,,대전광역시 동구 이사동 308-7,36.28666916,127.4364624,,한전주,042-271-4871,대전광역시 동구청,2023-12-01
이사동152,1,,대전광역시 동구 이사동 41-10,36.2868019,127.4482661,,전용주,042-271-4871,대전광역시 동구청,2023-12-01
이사동155,1,,대전광역시 동구 이사동 245-1,36.28557351,127.4415768,,한전주,042-271-4871,대전광역시 동구청,2023-12-01
이사동156,1,,대전광역시 동구 이사동 205-2,36.28479909,127.4420949,,한전주,042-271-4871,대전광역시 동구청,2023-12-01
인동001,1,,대전광역시 동구 인동 17-1,36.32441484,127.4367119,,한전주,042-271-4871,대전광역시 동구청,2023-12-01
인동002,1,,대전광역시 동구 인동 14-13,36.32460649,127.4371633,,한전주,042-271-4871,대전광역시 동구청,2023-12-01
인동003,1,,대전광역시 동구 인동 14-1,36.32453768,127.4373736,,한전주,042-271-4871,대전광역시 동구청,2023-12-01
인동004,1,,대전광역시 동구 인동 14-7,36.32448873,127.4372325,,한전주,042-271-4871,대전광역시 동구청,2023-12-01
인동005,1,,대전광역시 동구 인동 23-11,36.32295907,127.4376985,,건축물,042-271-4871,대전광역시 동구청,2023-12-01
인동006,1,,대전광역시 동구 인동 16-41,36.32389616,127.4377741,,한전주,042-271-4871,대전광역시 동구청,2023-12-01
인동007,1,,대전광역시 동구 인동 24-35,36.32388968,127.4379803,,한전주,042-271-4871,대전광역시 동구청,2023-12-01
인동008,1,,대전광역시 동구 인동 24-66,36.32347386,127.4382078,,한전주,042-271-4871,대전광역시 동구청,2023-12-01
인동009,1,,대전광역시 동구 인동 24-53,36.32336291,127.4382098,,한전주,042-271-4871,대전광역시 동구청,2023-12-01
인동010,1,,대전광역시 동구 인동 352,36.32323484,127.4351041,,한전주,042-271-4871,대전광역시 동구청,2023-12-01
인동011,1,,대전광역시 동구 인동 118-4,36.32299999,127.438019,,한전주,042-271-4871,대전광역시 동구청,2023-12-01
인동012,1,,대전광역시 동구 인동 16-34,36.32328103,127.4378562,,한전주,042-271-4871,대전광역시 동구청,2023-12-01
인동013,1,,대전광역시 동구 인동 16-20,36.32361524,127.4376692,,한전주,042-271-4871,대전광역시 동구청,2023-12-01
인동014,1,,대전광역시 동구 인동 16-14,36.3237579,127.4376172,,한전주,042-271-4871,대전광역시 동구청,2023-12-01
인동015,1,,대전광역시 동구 인동 118-5,36.32291886,127.4381712,,한전주,042-271-4871,대전광역시 동구청,2023-12-01
인동016,1,,대전광역시 동구 인동 118-5,36.32291886,127.4381712,,건축물,042-271-4871,대전광역시 동구청,2023-12-01
인동017,1,,대전광역시 동구 인동 153-1,36.32259961,127.4383829,,한전주,042-271-4871,대전광역시 동구청,2023-12-01
인동018,1,,대전광역시 동구 인동 118-33,36.3230681,127.4383416,,한전주,042-271-4871,대전광역시 동구청,2023-12-01
인동019,1,,대전광역시 동구 인동 116-3,36.32216203,127.4382025,,한전주,042-271-4871,대전광역시 동구청,2023-12-01
인동020,1,,대전광역시 동구 인동 101-11,36.32065219,127.4391368,,한전주,042-271-4871,대전광역시 동구청,2023-12-01
인동021,1,,대전광역시 동구 인동 154-14,36.321539,127.438853,,한전주,042-271-4871,대전광역시 동구청,2023-12-01
인동022,1,,대전광역시 동구 인동 154-14,36.321539,127.438853,,한전주,042-271-4871,대전광역시 동구청,2023-12-01
인동023,1,,대전광역시 동구 인동 112-6,36.3210822,127.4385091,,한전주,042-271-4871,대전광역시 동구청,2023-12-01
인동024,1,,대전광역시 동구 인동 112-10,36.32106715,127.4388268,,전용주,042-271-4871,대전광역시 동구청,2023-12-01
인동026,1,,대전광역시 동구 인동 101-11,36.32065219,127.4391368,,한전주,042-271-4871,대전광역시 동구청,2023-12-01
인동027,1,,대전광역시 동구 인동 112-13,36.32085462,127.4388351,,한전주,042-271-4871,대전광역시 동구청,2023-12-01
인동028,1,,대전광역시 동구 인동 352,36.32323484,127.4351041,,한전주,042-271-4871,대전광역시 동구청,2023-12-01
인동029,1,,대전광역시 동구 인동 165-8,36.32082544,127.4396899686,,한전주,042-271-4871,대전광역시 동구청,2023-12-01
인동030,1,,대전광역시 동구 인동 101-16,36.32041447,127.4388633,,전용주,042-271-4871,대전광역시 동구청,2023-12-01
인동031,1,,대전광역시 동구 인동 101-12,36.32047663,127.4390912,,한전주,042-271-4871,대전광역시 동구청,2023-12-01
인동032,1,,대전광역시 동구 인동 165-16,36.32050886,127.4398609,,한전주,042-271-4871,대전광역시 동구청,2023-12-01
인동037,1,,대전광역시 동구 인동 259-2,36.31958378,127.4415998,,전용주,042-271-4871,대전광역시 동구청,2023-12-01
인동038,1,,대전광역시 동구 인동 344-3,36.31959689,127.4414669,,한전주,042-271-4871,대전광역시 동구청,2023-12-01
인동042,1,,대전광역시 동구 인동 256-3,36.31932223,127.4425337,,한전주,042-271-4871,대전광역시 동구청,2023-12-01
인동043,1,,대전광역시 동구 인동 212-29,36.31888366,127.4383192,,한전주,042-271-4871,대전광역시 동구청,2023-12-01
인동044,1,,대전광역시 동구 인동 212-30,36.31910639,127.4387717,,한전주,042-271-4871,대전광역시 동구청,2023-12-01
인동045,1,,대전광역시 동구 인동 212-25,36.31944309,127.4384231,,전용주,042-271-4871,대전광역시 동구청,2023-12-01
인동046,1,,대전광역시 동구 인동 212-17,36.31972539,127.4383349,,한전주,042-271-4871,대전광역시 동구청,2023-12-01
인동047,1,,대전광역시 동구 인동 102-18,36.32010682,127.4379527,,한전주,042-271-4871,대전광역시 동구청,2023-12-01
인동048,1,,대전광역시 동구 인동 102-17,36.32017416,127.4380692,,한전주,042-271-4871,대전광역시 동구청,2023-12-01
인동049,1,,대전광역시 동구 인동 102-2,36.32035975,127.4379841,,한전주,042-271-4871,대전광역시 동구청,2023-12-01
인동050,1,,대전광역시 동구 인동 102-10,36.32040375,127.4377813,,한전주,042-271-4871,대전광역시 동구청,2023-12-01
인동051,1,,대전광역시 동구 인동 102-9,36.32043572,127.4379598,,한전주,042-271-4871,대전광역시 동구청,2023-12-01
인동052,1,,대전광역시 동구 인동 43-2,36.32080784,127.4375603,,한전주,042-271-4871,대전광역시 동구청,2023-12-01
인동053,1,,대전광역시 동구 인동 44-3,36.32060033,127.4371829,,건축물,042-271-4871,대전광역시 동구청,2023-12-01
인동054,1,,대전광역시 동구 인동 45-4,36.32095562,127.4374649,,한전주,042-271-4871,대전광역시 동구청,2023-12-01
인동055,1,,대전광역시 동구 인동 45-3,36.32101804,127.4375712,,전용주,042-271-4871,대전광역시 동구청,2023-12-01
인동056,1,,대전광역시 동구 인동 45-5,36.32107436,127.4373997,,한전주,042-271-4871,대전광역시 동구청,2023-12-01
인동057,1,,대전광역시 동구 인동 42-6,36.32132453,127.4377455,,한전주,042-271-4871,대전광역시 동구청,2023-12-01
인동058,1,,대전광역시 동구 인동 40-6,36.321743,127.4371395,,한전주,042-271-4871,대전광역시 동구청,2023-12-01
인동059,1,,대전광역시 동구 인동 54-10,36.32251962,127.4367499,,한전주,042-271-4871,대전광역시 동구청,2023-12-01
인동060,1,,대전광역시 동구 인동 54-9,36.32227831,127.4371619,,건축물,042-271-4871,대전광역시 동구청,2023-12-01
인동061,1,,대전광역시 동구 인동 52-1,36.32178813,127.4366521,,건축물,042-271-4871,대전광역시 동구청,2023-12-01
인동062,1,,대전광역시 동구 인동 54-10,36.32251962,127.4367499,,건축물,042-271-4871,대전광역시 동구청,2023-12-01
인동063,1,,대전광역시 동구 인동 54-10,36.32251962,127.4367499,,건축물,042-271-4871,대전광역시 동구청,2023-12-01
인동064,1,,대전광역시 동구 인동 54-10,36.32251962,127.4367499,,한전주,042-271-4871,대전광역시 동구청,2023-12-01
인동065,1,,대전광역시 동구 인동 53-1,36.32227362,127.4363246,,한전주,042-271-4871,대전광역시 동구청,2023-12-01
인동066,1,,대전광역시 동구 인동 53-1,36.32227362,127.4363246,,한전주,042-271-4871,대전광역시 동구청,2023-12-01
인동067,1,,대전광역시 동구 인동 30-2,36.32265886,127.4359578,,전용주,042-271-4871,대전광역시 동구청,2023-12-01
인동068,1,,대전광역시 동구 인동 54-2,36.32273608,127.4370689,,건축물,042-271-4871,대전광역시 동구청,2023-12-01
인동069,1,,대전광역시 동구 인동 26-23,36.32297732,127.4364053,,한전주,042-271-4871,대전광역시 동구청,2023-12-01
인동070,1,,대전광역시 동구 인동 25-6,36.32316321,127.4366824,,건축물,042-271-4871,대전광역시 동구청,2023-12-01
인동071,1,,대전광역시 동구 인동 30-1,36.32275269,127.436145,,한전주,042-271-4871,대전광역시 동구청,2023-12-01
인동072,1,,대전광역시 동구 인동 30-7,36.32270128,127.4357414,,한전주,042-271-4871,대전광역시 동구청,2023-12-01
인동073,1,,대전광역시 동구 인동 29-7,36.32333464,127.4359366,,한전주,042-271-4871,대전광역시 동구청,2023-12-01
인동074,1,,대전광역시 동구 인동 29-1,36.32338663,127.4358619,,한전주,042-271-4871,대전광역시 동구청,2023-12-01
인동075,1,,대전광역시 동구 인동 25-9,36.32363609,127.4365766,,한전주,042-271-4871,대전광역시 동구청,2023-12-01
인동076,1,,대전광역시 동구 인동 29-4,36.32322494,127.4355481,,한전주,042-271-4871,대전광역시 동구청,2023-12-01
인동077,1,,대전광역시 동구 인동 29-4,36.32322494,127.4355481,,한전주,042-271-4871,대전광역시 동구청,2023-12-01
인동079,1,,대전광역시 동구 인동 77-19,36.3245458,127.4352502,,한전주,042-271-4871,대전광역시 동구청,2023-12-01
인동080,1,,대전광역시 동구 인동 74-11,36.32466095,127.4356988,,전용주,042-271-4871,대전광역시 동구청,2023-12-01
인동081,1,,대전광역시 동구 인동 77-20,36.32452033,127.4351901,,건축물,042-271-4871,대전광역시 동구청,2023-12-01
인동082,1,,대전광역시 동구 인동 78-17,36.32433428,127.4346574,,한전주,042-271-4871,대전광역시 동구청,2023-12-01
인동083,1,,대전광역시 동구 인동 78-20,36.32427758,127.4345622,,한전주,042-271-4871,대전광역시 동구청,2023-12-01
인동084,1,,대전광역시 동구 인동 78-6,36.32437747,127.4348001,,한전주,042-271-4871,대전광역시 동구청,2023-12-01
인동085,1,,대전광역시 동구 인동 77-49,36.32482325,127.4347842,,한전주,042-271-4871,대전광역시 동구청,2023-12-01
인동086,1,,대전광역시 동구 인동 78-3,36.32469939,127.4342239,,전용주,042-271-4871,대전광역시 동구청,2023-12-01
인동087,1,,대전광역시 동구 인동 78-1,36.32508964,127.4342894,,한전주,042-271-4871,대전광역시 동구청,2023-12-01
인동088,1,,대전광역시 동구 인동 12-9,36.3254879,127.4344044,,한전주,042-271-4871,대전광역시 동구청,2023-12-01
인동089,1,,대전광역시 동구 인동 83-9,36.32522293,127.4337906,,한전주,042-271-4871,대전광역시 동구청,2023-12-01
인동090,1,,대전광역시 동구 인동 82-11,36.32554085,127.4338187,,한전주,042-271-4871,대전광역시 동구청,2023-12-01
인동091,1,,대전광역시 동구 인동 83-1,36.32588365,127.4334241,,한전주,042-271-4871,대전광역시 동구청,2023-12-01
인동092,1,,대전광역시 동구 인동 82-6,36.32550258,127.4341324,,한전주,042-271-4871,대전광역시 동구청,2023-12-01
인동093,1,,대전광역시 동구 인동 12-1,36.3258335,127.4345534,,한전주,042-271-4871,대전광역시 동구청,2023-12-01
인동094,1,,대전광역시 동구 인동 77-95,36.32537719,127.4347875,,전용주,042-271-4871,대전광역시 동구청,2023-12-01
인동095,1,,대전광역시 동구 인동 74-4,36.32488324,127.4354867,,한전주,042-271-4871,대전광역시 동구청,2023-12-01
인동096,1,,대전광역시 동구 인동 77-31,36.32487257,127.4349264,,전용주,042-271-4871,대전광역시 동구청,2023-12-01
인동097,1,,대전광역시 동구 인동 77-54,36.32489675,127.4349913,,전용주,042-271-4871,대전광역시 동구청,2023-12-01
인동098,1,,대전광역시 동구 인동 74-17,36.32517342,127.4352117,,한전주,042-271-4871,대전광역시 동구청,2023-12-01
인동099,1,,대전광역시 동구 인동 74-15,36.32528222,127.4351053,,건축물,042-271-4871,대전광역시 동구청,2023-12-01
인동100,1,,대전광역시 동구 인동 74-15,36.32528222,127.4351053,,한전주,042-271-4871,대전광역시 동구청,2023-12-01
인동101,1,,대전광역시 동구 인동 6-1,36.32596523,127.4352284,,전용주,042-271-4871,대전광역시 동구청,2023-12-01
인동102,1,,대전광역시 동구 인동 6-1,36.32596523,127.4352284,,전용주,042-271-4871,대전광역시 동구청,2023-12-01
인동103,1,,대전광역시 동구 인동 74-16,36.3253906,127.4352638,,한전주,042-271-4871,대전광역시 동구청,2023-12-01
인동104,1,,대전광역시 동구 인동 6-1,36.32596523,127.4352284,,한전주,042-271-4871,대전광역시 동구청,2023-12-01
인동105,1,,대전광역시 동구 인동 6-1,36.32596523,127.4352284,,한전주,042-271-4871,대전광역시 동구청,2023-12-01
인동106,1,,대전광역시 동구 인동 10-8,36.32615063,127.4346768,,한전주,042-271-4871,대전광역시 동구청,2023-12-01
인동107,1,,대전광역시 동구 인동 10-12,36.32628466,127.4345954,,한전주,042-271-4871,대전광역시 동구청,2023-12-01
인동109,1,,대전광역시 동구 인동 142-4,36.32271804,127.4405126,,한전주,042-271-4871,대전광역시 동구청,2023-12-01
인동110,1,,대전광역시 동구 인동 72-1,36.32449781,127.436029,,한전주,042-271-4871,대전광역시 동구청,2023-12-01
인동111,1,,대전광역시 동구 인동 77-64,36.32488847,127.4351386,,건축물,042-271-4871,대전광역시 동구청,2023-12-01
인동112,1,,대전광역시 동구 인동 77-38,36.32498893,127.4350456,,건축물,042-271-4871,대전광역시 동구청,2023-12-01
인동114,1,,대전광역시 동구 인동 352,36.32323484,127.4351041,,한전주,042-271-4871,대전광역시 동구청,2023-12-01
인동115,1,,대전광역시 동구 인동 352,36.32323484,127.4351041,,한전주,042-271-4871,대전광역시 동구청,2023-12-01
인동116,1,,대전광역시 동구 인동 26-20,36.32297414,127.436906,,건축물,042-271-4871,대전광역시 동구청,2023-12-01
인동117,1,,대전광역시 동구 인동 257-10,36.3193861,127.4419087,,한전주,042-271-4871,대전광역시 동구청,2023-12-01
인동118,1,,대전광역시 동구 인동 256-25,36.3190932,127.4426216,,전용주,042-271-4871,대전광역시 동구청,2023-12-01
인동119,1,,대전광역시 동구 효동 135-1,36.31883992,127.4419242,,한전주,042-271-4871,대전광역시 동구청,2023-12-01
인동120,1,,대전광역시 동구 인동 154-8,36.32143372,127.4390802,,한전주,042-271-4871,대전광역시 동구청,2023-12-01
인동121,1,,대전광역시 동구 인동 352,36.32323484,127.4351041,,한전주,042-271-4871,대전광역시 동구청,2023-12-01
인동126,1,,대전광역시 동구 인동 352,36.32323484,127.4351041,,한전주,042-271-4871,대전광역시 동구청,2023-12-01
자양동001,1,,대전광역시 동구 자양동 328,36.33881475,127.4524816,,한전주,042-271-4871,대전광역시 동구청,2023-12-01
자양동002,1,,대전광역시 동구 자양동 91-10,36.33733289,127.4516568,,한전주,042-271-4871,대전광역시 동구청,2023-12-01
자양동003,1,,대전광역시 동구 자양동 91-5,36.33756894,127.4518401,,한전주,042-271-4871,대전광역시 동구청,2023-12-01
자양동004,1,,대전광역시 동구 자양동 329,36.33826796,127.4512098,,한전주,042-271-4871,대전광역시 동구청,2023-12-01
자양동005,1,,대전광역시 동구 자양동 90-13,36.33758721,127.4522744,,한전주,042-271-4871,대전광역시 동구청,2023-12-01
자양동006,1,,대전광역시 동구 자양동 90-10,36.33767092,127.4524695,,한전주,042-271-4871,대전광역시 동구청,2023-12-01
자양동007,1,,대전광역시 동구 자양동 90-37,36.33781203,127.4521147,,한전주,042-271-4871,대전광역시 동구청,2023-12-01
자양동008,1,,대전광역시 동구 자양동 90-5,36.3379909,127.4519766,,한전주,042-271-4871,대전광역시 동구청,2023-12-01
자양동009,1,,대전광역시 동구 자양동 90-22,36.33831612,127.4517872,,한전주,042-271-4871,대전광역시 동구청,2023-12-01
자양동010,1,,대전광역시 동구 자양동 91-35,36.33801273,127.4516114,,한전주,042-271-4871,대전광역시 동구청,2023-12-01
자양동011,1,,대전광역시 동구 자양동 91-32,36.33787767,127.4512719,,한전주,042-271-4871,대전광역시 동구청,2023-12-01
자양동012,1,,대전광역시 동구 자양동 91-30,36.3380259,127.4511781,,한전주,042-271-4871,대전광역시 동구청,2023-12-01
자양동013,1,,대전광역시 동구 자양동 329,36.33826796,127.4512098,,한전주,042-271-4871,대전광역시 동구청,2023-12-01
자양동014,1,,대전광역시 동구 자양동 329,36.33826796,127.4512098,,전용주,042-271-4871,대전광역시 동구청,2023-12-01
자양동015,1,,대전광역시 동구 자양동 85-28,36.33848028,127.4512013,,전용주,042-271-4871,대전광역시 동구청,2023-12-01
자양동016,1,,대전광역시 동구 자양동 105-19,36.33508181,127.4491572,,한전주,042-271-4871,대전광역시 동구청,2023-12-01
자양동017,1,,대전광역시 동구 자양동 329,36.33826796,127.4512098,,한전주,042-271-4871,대전광역시 동구청,2023-12-01
자양동018,1,,대전광역시 동구 자양동 86-4,36.33860712,127.4517387,,한전주,042-271-4871,대전광역시 동구청,2023-12-01
자양동019,1,,대전광역시 동구 자양동 86-2,36.3391362,127.4517387,,한전주,042-271-4871,대전광역시 동구청,2023-12-01
자양동020,1,,대전광역시 동구 자양동 20-71,36.33261669,127.4516431,,한전주,042-271-4871,대전광역시 동구청,2023-12-01
자양동021,1,,대전광역시 동구 자양동 20-71,36.33261669,127.4516431,,한전주,042-271-4871,대전광역시 동구청,2023-12-01
자양동022,1,,대전광역시 동구 자양동 329,36.33826796,127.4512098,,한전주,042-271-4871,대전광역시 동구청,2023-12-01
자양동023,1,,대전광역시 동구 자양동 85-21,36.33873406,127.4510072,,한전주,042-271-4871,대전광역시 동구청,2023-12-01
자양동024,1,,대전광역시 동구 자양동 329,36.33826796,127.4512098,,한전주,042-271-4871,대전광역시 동구청,2023-12-01
자양동025,1,,대전광역시 동구 자양동 328,36.33881475,127.4524816,,한전주,042-271-4871,대전광역시 동구청,2023-12-01
자양동026,1,,대전광역시 동구 자양동 328,36.33881475,127.4524816,,한전주,042-271-4871,대전광역시 동구청,2023-12-01
자양동027,1,,대전광역시 동구 자양동 328,36.33881475,127.4524816,,한전주,042-271-4871,대전광역시 동구청,2023-12-01
자양동028,1,,대전광역시 동구 자양동 85-2,36.33918644,127.4506277,,한전주,042-271-4871,대전광역시 동구청,2023-12-01
자양동029,1,,대전광역시 동구 자양동 328,36.33881475,127.4524816,,한전주,042-271-4871,대전광역시 동구청,2023-12-01
자양동030,1,,대전광역시 동구 자양동 328,36.33881475,127.4524816,,한전주,042-271-4871,대전광역시 동구청,2023-12-01
자양동031,1,,대전광역시 동구 자양동 85-8,36.33893639,127.4506962,,건축물,042-271-4871,대전광역시 동구청,2023-12-01
자양동032,1,,대전광역시 동구 자양동 328,36.33881475,127.4524816,,한전주,042-271-4871,대전광역시 동구청,2023-12-01
자양동033,1,,대전광역시 동구 자양동 84-16,36.33836892,127.4506925,,전용주,042-271-4871,대전광역시 동구청,2023-12-01
자양동034,1,,대전광역시 동구 자양동 348,36.34026393,127.4495538,,한전주,042-271-4871,대전광역시 동구청,2023-12-01
자양동035,1,,대전광역시 동구 자양동 348,36.34026393,127.4495538,,한전주,042-271-4871,대전광역시 동구청,2023-12-01
자양동036,1,,대전광역시 동구 자양동 346,36.34004133,127.4503539,,한전주,042-271-4871,대전광역시 동구청,2023-12-01
자양동037,1,,대전광역시 동구 자양동 346,36.34004133,127.4503539,,한전주,042-271-4871,대전광역시 동구청,2023-12-01
자양동038,1,,대전광역시 동구 자양동 195-15,36.34004133,127.4503539,,한전주,042-271-4871,대전광역시 동구청,2023-12-01
자양동039,1,,대전광역시 동구 자양동 195-11,36.34033095,127.4504792,,한전주,042-271-4871,대전광역시 동구청,2023-12-01
자양동040,1,,대전광역시 동구 자양동 347,36.34073437,127.4503682,,한전주,042-271-4871,대전광역시 동구청,2023-12-01
자양동041,1,,대전광역시 동구 자양동 200-21,36.34091391,127.450841,,한전주,042-271-4871,대전광역시 동구청,2023-12-01
자양동042,1,,대전광역시 동구 자양동 328,36.33881475,127.4524816,,한전주,042-271-4871,대전광역시 동구청,2023-12-01
자양동043,1,,대전광역시 동구 자양동 83-6,36.33993381,127.451218,,한전주,042-271-4871,대전광역시 동구청,2023-12-01
자양동044,1,,대전광역시 동구 자양동 83-6,36.33993381,127.451218,,한전주,042-271-4871,대전광역시 동구청,2023-12-01
자양동045,1,,대전광역시 동구 자양동 86-2,36.3391362,127.4517387,,한전주,042-271-4871,대전광역시 동구청,2023-12-01
자양동046,1,,대전광역시 동구 자양동 86-2,36.3391362,127.4517387,,한전주,042-271-4871,대전광역시 동구청,2023-12-01
자양동047,1,,대전광역시 동구 자양동 86-2,36.3391362,127.4517387,,한전주,042-271-4871,대전광역시 동구청,2023-12-01
자양동048,1,,대전광역시 동구 자양동 86-2,36.3391362,127.4517387,,한전주,042-271-4871,대전광역시 동구청,2023-12-01
자양동049,1,,대전광역시 동구 자양동 86-2,36.3391362,127.4517387,,한전주,042-271-4871,대전광역시 동구청,2023-12-01
자양동050,1,,대전광역시 동구 자양동 86-2,36.3391362,127.4517387,,한전주,042-271-4871,대전광역시 동구청,2023-12-01
자양동051,1,,대전광역시 동구 자양동 328,36.33881475,127.4524816,,한전주,042-271-4871,대전광역시 동구청,2023-12-01
자양동052,1,,대전광역시 동구 자양동 90-48,36.33809486,127.452471,,한전주,042-271-4871,대전광역시 동구청,2023-12-01
자양동053,1,,대전광역시 동구 자양동 328,36.33881475,127.4524816,,한전주,042-271-4871,대전광역시 동구청,2023-12-01
자양동054,1,,대전광역시 동구 자양동 83-16,36.33962816,127.4509447,,한전주,042-271-4871,대전광역시 동구청,2023-12-01
자양동055,1,,대전광역시 동구 자양동 90-11,36.33748902,127.4527667,,한전주,042-271-4871,대전광역시 동구청,2023-12-01
자양동056,1,,대전광역시 동구 자양동 90-11,36.33748902,127.4527667,,한전주,042-271-4871,대전광역시 동구청,2023-12-01
자양동057,1,,대전광역시 동구 자양동 17-2,36.33702928,127.4535859,,한전주,042-271-4871,대전광역시 동구청,2023-12-01
자양동058,1,,대전광역시 동구 자양동 17-2,36.33702928,127.4535859,,한전주,042-271-4871,대전광역시 동구청,2023-12-01
자양동059,1,,대전광역시 동구 자양동 17-2,36.33702928,127.4535859,,한전주,042-271-4871,대전광역시 동구청,2023-12-01
자양동060,1,,대전광역시 동구 자양동 91-8,36.33734186,127.4519794,,전용주,042-271-4871,대전광역시 동구청,2023-12-01
자양동061,1,,대전광역시 동구 자양동 17-2,36.33702928,127.4535859,,한전주,042-271-4871,대전광역시 동구청,2023-12-01
자양동062,1,,대전광역시 동구 자양동 17-2,36.33702928,127.4535859,,한전주,042-271-4871,대전광역시 동구청,2023-12-01
자양동063,1,,대전광역시 동구 자양동 15-8,36.33702928,127.4535859,,전용주,042-271-4871,대전광역시 동구청,2023-12-01
자양동064,1,,대전광역시 동구 자양동 126-19,36.3378518,127.4536759,,한전주,042-271-4871,대전광역시 동구청,2023-12-01
자양동065,1,,대전광역시 동구 자양동 126-9,36.33808895,127.4535923,,한전주,042-271-4871,대전광역시 동구청,2023-12-01
자양동066,1,,대전광역시 동구 자양동 89-4,36.33811102,127.453382,,한전주,042-271-4871,대전광역시 동구청,2023-12-01
자양동067,1,,대전광역시 동구 자양동 89-49,36.33868934,127.4530148,,한전주,042-271-4871,대전광역시 동구청,2023-12-01
자양동068,1,,대전광역시 동구 자양동 5-1,36.33901975,127.4529332,,한전주,042-271-4871,대전광역시 동구청,2023-12-01
자양동069,1,,대전광역시 동구 자양동 127-20,36.33936291,127.4528243,,한전주,042-271-4871,대전광역시 동구청,2023-12-01
자양동070,1,,대전광역시 동구 자양동 5-1,36.33957307,127.4525772,,한전주,042-271-4871,대전광역시 동구청,2023-12-01
자양동071,1,,대전광역시 동구 자양동 87-15,36.33937451,127.4521334,,전용주,042-271-4871,대전광역시 동구청,2023-12-01
자양동072,1,,대전광역시 동구 자양동 5-1,36.33978306,127.4524531,,한전주,042-271-4871,대전광역시 동구청,2023-12-01
자양동073,1,,대전광역시 동구 자양동 87-10,36.33984999,127.4521976,,한전주,042-271-4871,대전광역시 동구청,2023-12-01
자양동074,1,,대전광역시 동구 자양동 87-9,36.33978998,127.4520544,,한전주,042-271-4871,대전광역시 동구청,2023-12-01
자양동075,1,,대전광역시 동구 자양동 328,36.33881475,127.4524816,,한전주,042-271-4871,대전광역시 동구청,2023-12-01
자양동076,1,,대전광역시 동구 자양동 89-50,36.33859186,127.4530784,,한전주,042-271-4871,대전광역시 동구청,2023-12-01
자양동077,1,,대전광역시 동구 자양동 87-37,36.33887699,127.4524149,,전용주,042-271-4871,대전광역시 동구청,2023-12-01
자양동078,1,,대전광역시 동구 자양동 89-41,36.33832633,127.4526662,,전용주,042-271-4871,대전광역시 동구청,2023-12-01
자양동079,1,,대전광역시 동구 자양동 80-25,36.34042459,127.4517911,,한전주,042-271-4871,대전광역시 동구청,2023-12-01
자양동080,1,,대전광역시 동구 자양동 80-25,36.34042459,127.4517911,,한전주,042-271-4871,대전광역시 동구청,2023-12-01
자양동081,1,,대전광역시 동구 자양동 80-35,36.34013476,127.4515779,,한전주,042-271-4871,대전광역시 동구청,2023-12-01
자양동082,1,,대전광역시 동구 자양동 80-35,36.34013476,127.4515779,,한전주,042-271-4871,대전광역시 동구청,2023-12-01
자양동083,1,,대전광역시 동구 자양동 80-22,36.34062351,127.4514953,,한전주,042-271-4871,대전광역시 동구청,2023-12-01
자양동084,1,,대전광역시 동구 자양동 201-25,36.34093715,127.4512259,,한전주,042-271-4871,대전광역시 동구청,2023-12-01
자양동085,1,,대전광역시 동구 자양동 201-26,36.34094666,127.4514266,,한전주,042-271-4871,대전광역시 동구청,2023-12-01
자양동086,1,,대전광역시 동구 자양동 201-26,36.34094666,127.4514266,,한전주,042-271-4871,대전광역시 동구청,2023-12-01
자양동087,1,,대전광역시 동구 자양동 80-23,36.34066179,127.4516443,,한전주,042-271-4871,대전광역시 동구청,2023-12-01
자양동088,1,,대전광역시 동구 자양동 80-24,36.34053003,127.4517187,,한전주,042-271-4871,대전광역시 동구청,2023-12-01
자양동089,1,,대전광역시 동구 자양동 200-8,36.34133817,127.4506773,,한전주,042-271-4871,대전광역시 동구청,2023-12-01
자양동090,1,,대전광역시 동구 자양동 200-9,36.34147695,127.4507962,,한전주,042-271-4871,대전광역시 동구청,2023-12-01
자양동091,1,,대전광역시 동구 자양동 200-11,36.34154939,127.4508956,,한전주,042-271-4871,대전광역시 동구청,2023-12-01
자양동092,1,,대전광역시 동구 자양동 200-11,36.34154939,127.4508956,,전용주,042-271-4871,대전광역시 동구청,2023-12-01
자양동093,1,,대전광역시 동구 자양동 200-18,36.34133074,127.4511177,,한전주,042-271-4871,대전광역시 동구청,2023-12-01
자양동094,1,,대전광역시 동구 자양동 201,36.34239727,127.4515967,,한전주,042-271-4871,대전광역시 동구청,2023-12-01
자양동095,1,,대전광역시 동구 자양동 394-4,36.34176006,127.4509496,,한전주,042-271-4871,대전광역시 동구청,2023-12-01
자양동096,1,,대전광역시 동구 자양동 394-4,36.34160541,127.4507371,,전용주,042-271-4871,대전광역시 동구청,2023-12-01
자양동097,1,,대전광역시 동구 자양동 319-1,36.34228779,127.4511187,,한전주,042-271-4871,대전광역시 동구청,2023-12-01
자양동098,1,,대전광역시 동구 자양동 319-1,36.34228779,127.4511187,,한전주,042-271-4871,대전광역시 동구청,2023-12-01
자양동099,1,,대전광역시 동구 자양동 319-1,36.34228779,127.4511187,,한전주,042-271-4871,대전광역시 동구청,2023-12-01
자양동100,1,,대전광역시 동구 자양동 6-2,36.34272694,127.4517807,,한전주,042-271-4871,대전광역시 동구청,2023-12-01
자양동101,1,,대전광역시 동구 자양동 6-7,36.34253591,127.4515859,,한전주,042-271-4871,대전광역시 동구청,2023-12-01
자양동102,1,,대전광역시 동구 자양동 211-20,36.34294946,127.4519677,,한전주,042-271-4871,대전광역시 동구청,2023-12-01
자양동103,1,,대전광역시 동구 자양동 212-3,36.34309539,127.4519841,,한전주,042-271-4871,대전광역시 동구청,2023-12-01
자양동104,1,,대전광역시 동구 자양동 212-14,36.34340508,127.4519228,,건축물,042-271-4871,대전광역시 동구청,2023-12-01
자양동105,1,,대전광역시 동구 자양동 213-12,36.34357995,127.4518873,,한전주,042-271-4871,대전광역시 동구청,2023-12-01
자양동106,1,,대전광역시 동구 자양동 213-13,36.34355784,127.4517541,,건축물,042-271-4871,대전광역시 동구청,2023-12-01
자양동107,1,,대전광역시 동구 자양동 213-14,36.34348933,127.4516647,,한전주,042-271-4871,대전광역시 동구청,2023-12-01
자양동108,1,,대전광역시 동구 자양동 173-4,36.34388506,127.4513458,,한전주,042-271-4871,대전광역시 동구청,2023-12-01
자양동109,1,,대전광역시 동구 자양동 212-7,36.34296665,127.4515686,,한전주,042-271-4871,대전광역시 동구청,2023-12-01
자양동110,1,,대전광역시 동구 자양동 210-12,36.34325854,127.4513836,,한전주,042-271-4871,대전광역시 동구청,2023-12-01
자양동111,1,,대전광역시 동구 자양동 210-9,36.34340561,127.4512807,,한전주,042-271-4871,대전광역시 동구청,2023-12-01
자양동112,1,,대전광역시 동구 자양동 214-18,36.34315488,127.450749,,한전주,042-271-4871,대전광역시 동구청,2023-12-01
자양동113,1,,대전광역시 동구 자양동 341,36.34345035,127.4506832,,한전주,042-271-4871,대전광역시 동구청,2023-12-01
자양동114,1,,대전광역시 동구 자양동 210-15,36.34304999,127.4511636,,한전주,042-271-4871,대전광역시 동구청,2023-12-01
자양동115,1,,대전광역시 동구 자양동 209-7,36.34288861,127.4505068,,한전주,042-271-4871,대전광역시 동구청,2023-12-01
자양동116,1,,대전광역시 동구 자양동 209-2,36.34266756,127.450537,,한전주,042-271-4871,대전광역시 동구청,2023-12-01
자양동118,1,,대전광역시 동구 자양동 209-3,36.34244249,127.4503354,,한전주,042-271-4871,대전광역시 동구청,2023-12-01
자양동119,1,,대전광역시 동구 자양동 209,36.34269748,127.4501563,,한전주,042-271-4871,대전광역시 동구청,2023-12-01
자양동120,1,,대전광역시 동구 자양동 174-5,36.34305212,127.4498127,,한전주,042-271-4871,대전광역시 동구청,2023-12-01
자양동121,1,,대전광역시 동구 자양동 340,36.34415738,127.4522104,,한전주,042-271-4871,대전광역시 동구청,2023-12-01
자양동122,1,,대전광역시 동구 자양동 342,36.34169905,127.4494574,,건축물,042-271-4871,대전광역시 동구청,2023-12-01
자양동123,1,,대전광역시 동구 자양동 188-24,36.34253753,127.4497948,,한전주,042-271-4871,대전광역시 동구청,2023-12-01
자양동124,1,,대전광역시 동구 자양동 188-2,36.34259293,127.4494649,,한전주,042-271-4871,대전광역시 동구청,2023-12-01
자양동125,1,,대전광역시 동구 자양동 188-33,36.34229751,127.4495929,,한전주,042-271-4871,대전광역시 동구청,2023-12-01
자양동126,1,,대전광역시 동구 자양동 342,36.34169905,127.4494574,,한전주,042-271-4871,대전광역시 동구청,2023-12-01
자양동127,1,,대전광역시 동구 자양동 343,36.3422723,127.4492693,,한전주,042-251-4756,대전광역시 동구청,2023-12-01
자양동128,1,,대전광역시 동구 자양동 190-3,36.34215549,127.4492039,,전용주,042-271-4871,대전광역시 동구청,2023-12-01
자양동129,1,,대전광역시 동구 자양동 343,36.3422723,127.4492693,,한전주,042-251-4756,대전광역시 동구청,2023-12-01
자양동130,1,,대전광역시 동구 자양동 192-30,36.34152211,127.4496452,,한전주,042-271-4871,대전광역시 동구청,2023-12-01
자양동131,1,,대전광역시 동구 자양동 190-8,36.34186211,127.449216,,한전주,042-271-4871,대전광역시 동구청,2023-12-01
자양동132,1,,대전광역시 동구 자양동 190-10,36.34140261,127.448974,,한전주,042-271-4871,대전광역시 동구청,2023-12-01
자양동133,1,,대전광역시 동구 자양동 192-7,36.34052537,127.4495596,,한전주,042-271-4871,대전광역시 동구청,2023-12-01
자양동134,1,,대전광역시 동구 자양동 192-28,36.34091381,127.4494315,,한전주,042-271-4871,대전광역시 동구청,2023-12-01
자양동135,1,,대전광역시 동구 자양동 192-21,36.3410958,127.4495389,,전용주,042-271-4871,대전광역시 동구청,2023-12-01
자양동136,1,,대전광역시 동구 자양동 190-12,36.34163989,127.4488302,,전용주,042-271-4871,대전광역시 동구청,2023-12-01
자양동137,1,,대전광역시 동구 자양동 190-29,36.3422917,127.4489532,,건축물,042-271-4871,대전광역시 동구청,2023-12-01
자양동138,1,,대전광역시 동구 자양동 195-37,36.33971235,127.4501062,,전용주,042-271-4871,대전광역시 동구청,2023-12-01
자양동139,1,,대전광역시 동구 자양동 195-17,36.33985211,127.4499879,,한전주,042-271-4871,대전광역시 동구청,2023-12-01
자양동140,1,,대전광역시 동구 자양동 195-33,36.34036912,127.4501543,,한전주,042-271-4871,대전광역시 동구청,2023-12-01
자양동141,1,,대전광역시 동구 자양동 195-1,36.34088707,127.4501203,,한전주,042-271-4871,대전광역시 동구청,2023-12-01
자양동142,1,,대전광역시 동구 자양동 195-22,36.34051388,127.4502429,,한전주,042-271-4871,대전광역시 동구청,2023-12-01
자양동143,1,,대전광역시 동구 자양동 196-22,36.33893085,127.4499582,,한전주,042-271-4871,대전광역시 동구청,2023-12-01
자양동144,1,,대전광역시 동구 자양동 52-2,36.3385503,127.4496951,,한전주,042-271-4871,대전광역시 동구청,2023-12-01
자양동145,1,,대전광역시 동구 자양동 52-12,36.33810547,127.449684,,한전주,042-271-4871,대전광역시 동구청,2023-12-01
자양동146,1,,대전광역시 동구 자양동 84-10,36.33843611,127.4504831,,전용주,042-271-4871,대전광역시 동구청,2023-12-01
자양동147,1,,대전광역시 동구 자양동 84-15,36.33833014,127.4505100268,,한전주,042-271-4871,대전광역시 동구청,2023-12-01
자양동148,1,,대전광역시 동구 자양동 84-18,36.33819687,127.4506495,,전용주,042-271-4871,대전광역시 동구청,2023-12-01
자양동149,1,,대전광역시 동구 자양동 84-20,36.33813016,127.4503911,,한전주,042-271-4871,대전광역시 동구청,2023-12-01
자양동150,1,,대전광역시 동구 자양동 93-1,36.3380796,127.4508953,,건축물,042-271-4871,대전광역시 동구청,2023-12-01
자양동151,1,,대전광역시 동구 자양동 92-4,36.3374517,127.4509316,,한전주,042-271-4871,대전광역시 동구청,2023-12-01
자양동152,1,,대전광역시 동구 자양동 92-3,36.33735266,127.4513145,,건축물,042-271-4871,대전광역시 동구청,2023-12-01
자양동153,1,,대전광역시 동구 자양동 332,36.33542841,127.4521324,,전용주,042-271-4871,대전광역시 동구청,2023-12-01
자양동154,1,,대전광역시 동구 자양동 96-9,36.33687202,127.4513495,,전용주,042-271-4871,대전광역시 동구청,2023-12-01
자양동155,1,,대전광역시 동구 자양동 330,36.33712883,127.4510384,,한전주,042-271-4871,대전광역시 동구청,2023-12-01
자양동156,1,,대전광역시 동구 자양동 95-23,36.33711641,127.4508024,,한전주,042-271-4871,대전광역시 동구청,2023-12-01
자양동157,1,,대전광역시 동구 자양동 94-3,36.3373476,127.4495505,,한전주,042-271-4871,대전광역시 동구청,2023-12-01
자양동158,1,,대전광역시 동구 자양동 330,36.33712883,127.4510384,,한전주,042-271-4871,대전광역시 동구청,2023-12-01
자양동159,1,,대전광역시 동구 자양동 330,36.33712883,127.4510384,,전용주,042-271-4871,대전광역시 동구청,2023-12-01
자양동160,1,,대전광역시 동구 자양동 330,36.33712883,127.4510384,,한전주,042-271-4871,대전광역시 동구청,2023-12-01
자양동161,1,,대전광역시 동구 자양동 94-2,36.33772328,127.4497941,,한전주,042-271-4871,대전광역시 동구청,2023-12-01
자양동165,1,,대전광역시 동구 자양동 94-3,36.3373476,127.4495505,,한전주,042-271-4871,대전광역시 동구청,2023-12-01
자양동166,1,,대전광역시 동구 자양동 94-3,36.3373476,127.4495505,,한전주,042-271-4871,대전광역시 동구청,2023-12-01
자양동167,1,,대전광역시 동구 자양동 53-3,36.33722594,127.4488293,,한전주,042-271-4871,대전광역시 동구청,2023-12-01
자양동168,1,,대전광역시 동구 자양동 94-3,36.3373476,127.4495505,,한전주,042-271-4871,대전광역시 동구청,2023-12-01
자양동169,1,,대전광역시 동구 자양동 103-6,36.33560898,127.449618,,한전주,042-271-4871,대전광역시 동구청,2023-12-01
자양동170,1,,대전광역시 동구 자양동 94-6,36.3365512,127.4491373,,한전주,042-271-4871,대전광역시 동구청,2023-12-01
자양동171,1,,대전광역시 동구 자양동 331,36.33520538,127.450746,,한전주,042-271-4871,대전광역시 동구청,2023-12-01
자양동172,1,,대전광역시 동구 자양동 94-6,36.3365512,127.4491373,,한전주,042-271-4871,대전광역시 동구청,2023-12-01
자양동173,1,,대전광역시 동구 자양동 104-2,36.33631737,127.4487586,,한전주,042-271-4871,대전광역시 동구청,2023-12-01
자양동174,1,,대전광역시 동구 자양동 104-27,36.33610537,127.4487254,,한전주,042-271-4871,대전광역시 동구청,2023-12-01
자양동175,1,,대전광역시 동구 자양동 330,36.33712883,127.4510384,,한전주,042-271-4871,대전광역시 동구청,2023-12-01
자양동176,1,,대전광역시 동구 자양동 95-38,36.33661435,127.4503046,,한전주,042-271-4871,대전광역시 동구청,2023-12-01
자양동177,1,,대전광역시 동구 자양동 330,36.33712883,127.4510384,,한전주,042-271-4871,대전광역시 동구청,2023-12-01
자양동178,1,,대전광역시 동구 자양동 330,36.33712883,127.4510384,,한전주,042-271-4871,대전광역시 동구청,2023-12-01
자양동179,1,,대전광역시 동구 자양동 95-16,36.3368374,127.4509476,,한전주,042-271-4871,대전광역시 동구청,2023-12-01
자양동180,1,,대전광역시 동구 자양동 330,36.33712883,127.4510384,,한전주,042-271-4871,대전광역시 동구청,2023-12-01
자양동181,1,,대전광역시 동구 자양동 330,36.33712883,127.4510384,,한전주,042-271-4871,대전광역시 동구청,2023-12-01
자양동182,1,,대전광역시 동구 자양동 330,36.33712883,127.4510384,,전용주,042-271-4871,대전광역시 동구청,2023-12-01
자양동183,1,,대전광역시 동구 자양동 103-24,36.3361716,127.4501162,,한전주,042-271-4871,대전광역시 동구청,2023-12-01
자양동184,1,,대전광역시 동구 자양동 103-25,36.33605287,127.4499586,,한전주,042-271-4871,대전광역시 동구청,2023-12-01
자양동185,1,,대전광역시 동구 자양동 103-7,36.33580074,127.4497151,,한전주,042-271-4871,대전광역시 동구청,2023-12-01
자양동186,1,,대전광역시 동구 자양동 104-24,36.33586985,127.4493811,,한전주,042-271-4871,대전광역시 동구청,2023-12-01
자양동187,1,,대전광역시 동구 자양동 102-1,36.33608153,127.4506768,,한전주,042-271-4871,대전광역시 동구청,2023-12-01
자양동188,1,,대전광역시 동구 자양동 102-3,36.33598795,127.4505421,,전용주,042-271-4871,대전광역시 동구청,2023-12-01
자양동189,1,,대전광역시 동구 자양동 102-15,36.3357624,127.4504668,,한전주,042-271-4871,대전광역시 동구청,2023-12-01
자양동190,1,,대전광역시 동구 자양동 102-12,36.3355084,127.4502421,,한전주,042-271-4871,대전광역시 동구청,2023-12-01
자양동191,1,,대전광역시 동구 자양동 97-1,36.3367932,127.4515555,,한전주,042-271-4871,대전광역시 동구청,2023-12-01
자양동192,1,,대전광역시 동구 자양동 97-2,36.33656794,127.4515944,,한전주,042-271-4871,대전광역시 동구청,2023-12-01
자양동193,1,,대전광역시 동구 자양동 97-8,36.33629884,127.4515273,,한전주,042-271-4871,대전광역시 동구청,2023-12-01
자양동194,1,,대전광역시 동구 자양동 97-7,36.33611961,127.4515216,,한전주,042-271-4871,대전광역시 동구청,2023-12-01
자양동195,1,,대전광역시 동구 자양동 97-21,36.33611177,127.4516889,,한전주,042-271-4871,대전광역시 동구청,2023-12-01
자양동196,1,,대전광역시 동구 자양동 96-5,36.33621279,127.4510218,,한전주,042-271-4871,대전광역시 동구청,2023-12-01
자양동197,1,,대전광역시 동구 자양동 100-1,36.33598828,127.4511013,,한전주,042-271-4871,대전광역시 동구청,2023-12-01
자양동198,1,,대전광역시 동구 자양동 100-14,36.33564664,127.451031,,한전주,042-271-4871,대전광역시 동구청,2023-12-01
자양동199,1,,대전광역시 동구 자양동 102-6,36.33536562,127.4506079,,한전주,042-271-4871,대전광역시 동구청,2023-12-01
자양동200,1,,대전광역시 동구 자양동 100-5,36.33514479,127.450836,,한전주,042-271-4871,대전광역시 동구청,2023-12-01
자양동201,1,,대전광역시 동구 자양동 112-6,36.33702928,127.4535859,,한전주,042-271-4871,대전광역시 동구청,2023-12-01
자양동202,1,,대전광역시 동구 자양동 112-8,36.33645676,127.4520255,,한전주,042-271-4871,대전광역시 동구청,2023-12-01
자양동203,1,,대전광역시 동구 자양동 112-7,36.33624405,127.4520744,,한전주,042-271-4871,대전광역시 동구청,2023-12-01
자양동204,1,,대전광역시 동구 자양동 17-3,36.33605774,127.4520988,,한전주,042-271-4871,대전광역시 동구청,2023-12-01
자양동205,1,,대전광역시 동구 자양동 17-2,36.33702928,127.4535859,,한전주,042-271-4871,대전광역시 동구청,2023-12-01
자양동206,1,,대전광역시 동구 자양동 101-8,36.3349132,127.4522118,,한전주,042-271-4871,대전광역시 동구청,2023-12-01
자양동207,1,,대전광역시 동구 자양동 101-17,36.33702928,127.4535859,,전용주,042-271-4871,대전광역시 동구청,2023-12-01
자양동209,1,,대전광역시 동구 자양동 98-13,36.33573613,127.4516734,,한전주,042-271-4871,대전광역시 동구청,2023-12-01
자양동210,1,,대전광역시 동구 자양동 98-22,36.33535794,127.4517414,,한전주,042-271-4871,대전광역시 동구청,2023-12-01
자양동211,1,,대전광역시 동구 자양동 98-15,36.33550702,127.4516948,,한전주,042-271-4871,대전광역시 동구청,2023-12-01
자양동213,1,,대전광역시 동구 자양동 98-2,36.33577353,127.4515073,,한전주,042-271-4871,대전광역시 동구청,2023-12-01
자양동214,1,,대전광역시 동구 자양동 98-6,36.33540152,127.4514613,,한전주,042-271-4871,대전광역시 동구청,2023-12-01
자양동215,1,,대전광역시 동구 자양동 98-8,36.33518069,127.4515179,,한전주,042-271-4871,대전광역시 동구청,2023-12-01
자양동216,1,,대전광역시 동구 자양동 331,36.33520538,127.450746,,한전주,042-271-4871,대전광역시 동구청,2023-12-01
자양동217,1,,대전광역시 동구 자양동 331,36.33520538,127.450746,,한전주,042-271-4871,대전광역시 동구청,2023-12-01
자양동218,1,,대전광역시 동구 자양동 109-26,36.33469953,127.4515871,,한전주,042-271-4871,대전광역시 동구청,2023-12-01
자양동219,1,,대전광역시 동구 자양동 109-18,36.33444174,127.4515632,,한전주,042-271-4871,대전광역시 동구청,2023-12-01
자양동220,1,,대전광역시 동구 자양동 108-20,36.33431903,127.4511975,,전용주,042-271-4871,대전광역시 동구청,2023-12-01
자양동221,1,,대전광역시 동구 자양동 109-15,36.33414351,127.451644,,한전주,042-271-4871,대전광역시 동구청,2023-12-01
자양동222,1,,대전광역시 동구 자양동 110-16,36.33380823,127.4515601,,한전주,042-271-4871,대전광역시 동구청,2023-12-01
자양동223,1,,대전광역시 동구 자양동 110-12,36.33383089,127.4517156,,한전주,042-271-4871,대전광역시 동구청,2023-12-01
자양동224,1,,대전광역시 동구 자양동 109-13,36.33409856,127.4517801,,전용주,042-271-4871,대전광역시 동구청,2023-12-01
자양동225,1,,대전광역시 동구 자양동 108-2,36.33473807,127.4510072,,전용주,042-271-4871,대전광역시 동구청,2023-12-01
자양동226,1,,대전광역시 동구 자양동 59-27,36.33635512,127.4481135,,한전주,042-271-4871,대전광역시 동구청,2023-12-01
자양동227,1,,대전광역시 동구 자양동 59-4,36.33674033,127.4483656,,한전주,042-271-4871,대전광역시 동구청,2023-12-01
자양동228,1,,대전광역시 동구 자양동 149,36.33767337,127.4491862,,한전주,042-271-4871,대전광역시 동구청,2023-12-01
자양동229,1,,대전광역시 동구 자양동 54-18,36.337213,127.4480995,,한전주,042-271-4871,대전광역시 동구청,2023-12-01
자양동230,1,,대전광역시 동구 자양동 149,36.33767337,127.4491862,,한전주,042-271-4871,대전광역시 동구청,2023-12-01
자양동231,1,,대전광역시 동구 자양동 53-30,36.3372417,127.4486407,,한전주,042-271-4871,대전광역시 동구청,2023-12-01
자양동232,1,,대전광역시 동구 자양동 149,36.33767337,127.4491862,,한전주,042-271-4871,대전광역시 동구청,2023-12-01
자양동234,1,,대전광역시 동구 자양동 51-22,36.3379589,127.4487492,,한전주,042-271-4871,대전광역시 동구청,2023-12-01
자양동235,1,,대전광역시 동구 자양동 52-7,36.33802483,127.4490942,,한전주,042-271-4871,대전광역시 동구청,2023-12-01
자양동236,1,,대전광역시 동구 자양동 52-24,36.33816776,127.4492139,,한전주,042-271-4871,대전광역시 동구청,2023-12-01
자양동237,1,,대전광역시 동구 자양동 52-30,36.33840729,127.449334,,한전주,042-271-4871,대전광역시 동구청,2023-12-01
자양동238,1,,대전광역시 동구 자양동 149,36.33767337,127.4491862,,건축물,042-271-4871,대전광역시 동구청,2023-12-01
자양동239,1,,대전광역시 동구 자양동 52-1,36.33870989,127.4494567,,한전주,042-271-4871,대전광역시 동구청,2023-12-01
자양동240,1,,대전광역시 동구 자양동 51-2,36.33886761,127.4491414,,전용주,042-271-4871,대전광역시 동구청,2023-12-01
자양동241,1,,대전광역시 동구 자양동 198-37,36.34027533,127.448398,,한전주,042-271-4871,대전광역시 동구청,2023-12-01
자양동242,1,,대전광역시 동구 자양동 198-12,36.34046044,127.4483972,,한전주,042-271-4871,대전광역시 동구청,2023-12-01
자양동243,1,,대전광역시 동구 자양동 198-6,36.34084584,127.4483818,,한전주,042-271-4871,대전광역시 동구청,2023-12-01
자양동244,1,,대전광역시 동구 자양동 198-4,36.34101117,127.448368,,한전주,042-271-4871,대전광역시 동구청,2023-12-01
자양동245,1,,대전광역시 동구 자양동 198-33,36.34111446,127.4483142,,전용주,042-271-4871,대전광역시 동구청,2023-12-01
자양동246,1,,대전광역시 동구 자양동 198-2,36.34133504,127.4481786,,한전주,042-271-4871,대전광역시 동구청,2023-12-01
자양동247,1,,대전광역시 동구 자양동 178-8,36.34016225,127.4476735,,한전주,042-271-4871,대전광역시 동구청,2023-12-01
자양동248,1,,대전광역시 동구 자양동 191-28,36.3404303,127.4474704,,한전주,042-271-4871,대전광역시 동구청,2023-12-01
자양동249,1,,대전광역시 동구 자양동 199-30,36.3405581,127.4478275,,한전주,042-271-4871,대전광역시 동구청,2023-12-01
자양동250,1,,대전광역시 동구 자양동 199-36,36.3407546,127.4477205,,한전주,042-271-4871,대전광역시 동구청,2023-12-01
자양동251,1,,대전광역시 동구 자양동 199-11,36.3409404,127.4476762,,건축물,042-271-4871,대전광역시 동구청,2023-12-01
자양동252,1,,대전광역시 동구 자양동 191-22,36.3406011,127.4473431,,한전주,042-271-4871,대전광역시 동구청,2023-12-01
자양동253,1,,대전광역시 동구 자양동 152,36.33918278,127.4481681,,한전주,042-271-4871,대전광역시 동구청,2023-12-01
자양동254,1,,대전광역시 동구 자양동 152,36.33918278,127.4481681,,한전주,042-271-4871,대전광역시 동구청,2023-12-01
자양동255,1,,대전광역시 동구 자양동 180-3,36.3395129,127.4481929,,한전주,042-271-4871,대전광역시 동구청,2023-12-01
자양동256,1,,대전광역시 동구 자양동 48-13,36.33940156,127.4483957,,한전주,042-271-4871,대전광역시 동구청,2023-12-01
자양동257,1,,대전광역시 동구 자양동 152,36.33918278,127.4481681,,한전주,042-271-4871,대전광역시 동구청,2023-12-01
자양동258,1,,대전광역시 동구 자양동 152,36.33918278,127.4481681,,한전주,042-271-4871,대전광역시 동구청,2023-12-01
자양동259,1,,대전광역시 동구 자양동 152,36.33918278,127.4481681,,한전주,042-271-4871,대전광역시 동구청,2023-12-01
자양동260,1,,대전광역시 동구 자양동 55-1,36.33806248,127.4479963,,한전주,042-271-4871,대전광역시 동구청,2023-12-01
자양동261,1,,대전광역시 동구 자양동 56-10,36.33703477,127.4471563,,한전주,042-271-4871,대전광역시 동구청,2023-12-01
자양동262,1,,대전광역시 동구 자양동 67-19,36.33666918,127.4468624,,한전주,042-271-4871,대전광역시 동구청,2023-12-01
자양동263,1,,대전광역시 동구 자양동 67-25,36.33646034,127.4467263,,한전주,042-271-4871,대전광역시 동구청,2023-12-01
자양동264,1,,대전광역시 동구 자양동 67-6,36.33607551,127.4464647,,한전주,042-271-4871,대전광역시 동구청,2023-12-01
자양동265,1,,대전광역시 동구 자양동 67-12,36.33587707,127.4463937,,한전주,042-271-4871,대전광역시 동구청,2023-12-01
자양동266,1,,대전광역시 동구 자양동 67-10,36.33584898,127.4465394,,한전주,042-271-4871,대전광역시 동구청,2023-12-01
자양동267,1,,대전광역시 동구 자양동 68-20,36.33563404,127.4461996,,한전주,042-271-4871,대전광역시 동구청,2023-12-01
자양동268,1,,대전광역시 동구 자양동 68-19,36.33538563,127.4460915,,한전주,042-271-4871,대전광역시 동구청,2023-12-01
자양동269,1,,대전광역시 동구 자양동 68-8,36.33526335,127.4460176,,한전주,042-271-4871,대전광역시 동구청,2023-12-01
자양동270,1,,대전광역시 동구 자양동 152-2,36.33580266,127.4462322,,한전주,042-271-4871,대전광역시 동구청,2023-12-01
자양동271,1,,대전광역시 동구 자양동 141-1,36.33477168,127.4459179,,한전주,042-271-4871,대전광역시 동구청,2023-12-01
자양동272,1,,대전광역시 동구 자양동 141-24,36.33474578,127.4456132,,한전주,042-271-4871,대전광역시 동구청,2023-12-01
자양동273,1,,대전광역시 동구 자양동 252-17,36.33487258,127.4454902,,한전주,042-271-4871,대전광역시 동구청,2023-12-01
자양동274,1,,대전광역시 동구 자양동 325-3,36.33498754,127.444709,,한전주,042-271-4871,대전광역시 동구청,2023-12-01
자양동275,1,,대전광역시 동구 자양동 261-1,36.33464018,127.4451013,,전용주,042-271-4871,대전광역시 동구청,2023-12-01
자양동276,1,,대전광역시 동구 자양동 250-2,36.33491115,127.4448852,,한전주,042-271-4871,대전광역시 동구청,2023-12-01
자양동277,1,,대전광역시 동구 자양동 250-4,36.33515994,127.4446712,,한전주,042-271-4871,대전광역시 동구청,2023-12-01
자양동278,1,,대전광역시 동구 자양동 237-1,36.3351677,127.4444059,,한전주,042-271-4871,대전광역시 동구청,2023-12-01
자양동279,1,,대전광역시 동구 자양동 241-17,36.33525856,127.4441288,,한전주,042-271-4871,대전광역시 동구청,2023-12-01
자양동280,1,,대전광역시 동구 자양동 348,36.34026393,127.4495538,,전용주,042-271-4871,대전광역시 동구청,2023-12-01
자양동281,1,,대전광역시 동구 자양동 277-46,36.33212047,127.4428177,,한전주,042-271-4871,대전광역시 동구청,2023-12-01
자양동282,1,,대전광역시 동구 자양동 152,36.33918278,127.4481681,,한전주,042-271-4871,대전광역시 동구청,2023-12-01
자양동283,1,,대전광역시 동구 자양동 226-38,36.33561252,127.4427294,,한전주,042-271-4871,대전광역시 동구청,2023-12-01
자양동284,1,,대전광역시 동구 자양동 226-38,36.33561252,127.4427294,,한전주,042-271-4871,대전광역시 동구청,2023-12-01
자양동285,1,,대전광역시 동구 자양동 226-25,36.33531655,127.4426137,,한전주,042-271-4871,대전광역시 동구청,2023-12-01
자양동286,1,,대전광역시 동구 자양동 226-16,36.33488837,127.4427223,,한전주,042-271-4871,대전광역시 동구청,2023-12-01
자양동287,1,,대전광역시 동구 자양동 226-10,36.33471324,127.443217,,한전주,042-271-4871,대전광역시 동구청,2023-12-01
자양동288,1,,대전광역시 동구 자양동 226-20,36.33468646,127.4426845,,전용주,042-271-4871,대전광역시 동구청,2023-12-01
자양동289,1,,대전광역시 동구 자양동 226-22,36.33481944,127.4426443,,한전주,042-271-4871,대전광역시 동구청,2023-12-01
자양동290,1,,대전광역시 동구 자양동 226-15,36.33496642,127.4425738,,전용주,042-271-4871,대전광역시 동구청,2023-12-01
자양동291,1,,대전광역시 동구 자양동 224-31,36.3342761,127.4426028,,전용주,042-271-4871,대전광역시 동구청,2023-12-01
자양동292,1,,대전광역시 동구 자양동 224-18,36.33432157,127.4422489,,건축물,042-271-4871,대전광역시 동구청,2023-12-01
자양동293,1,,대전광역시 동구 자양동 219-123,36.33441675,127.4421695,,한전주,042-271-4871,대전광역시 동구청,2023-12-01
자양동294,1,,대전광역시 동구 자양동 223-6,36.33446721,127.4430977,,한전주,042-271-4871,대전광역시 동구청,2023-12-01
자양동295,1,,대전광역시 동구 자양동 223-10,36.33418657,127.4432704,,한전주,042-271-4871,대전광역시 동구청,2023-12-01
자양동296,1,,대전광역시 동구 자양동 224-7,36.33412649,127.4429476,,건축물,042-271-4871,대전광역시 동구청,2023-12-01
자양동297,1,,대전광역시 동구 자양동 223-10,36.33418657,127.4432704,,한전주,042-271-4871,대전광역시 동구청,2023-12-01
자양동298,1,,대전광역시 동구 자양동 223-10,36.33418657,127.4432704,,한전주,042-271-4871,대전광역시 동구청,2023-12-01
자양동299,1,,대전광역시 동구 자양동 221-33,36.33369144,127.4437928,,한전주,042-271-4871,대전광역시 동구청,2023-12-01
자양동300,1,,대전광역시 동구 자양동 221-36,36.33317556,127.4439632,,한전주,042-271-4871,대전광역시 동구청,2023-12-01
자양동301,1,,대전광역시 동구 자양동 230-2,36.33305958,127.444236,,한전주,042-271-4871,대전광역시 동구청,2023-12-01
자양동302,1,,대전광역시 동구 자양동 230-1,36.33320938,127.4442783,,한전주,042-271-4871,대전광역시 동구청,2023-12-01
자양동303,1,,대전광역시 동구 자양동 235-6,36.33361071,127.444703,,한전주,042-271-4871,대전광역시 동구청,2023-12-01
자양동304,1,,대전광역시 동구 자양동 275-2,36.33289698,127.4441961,,한전주,042-271-4871,대전광역시 동구청,2023-12-01
자양동305,1,,대전광역시 동구 자양동 223-13,36.33432845,127.4430186,,한전주,042-271-4871,대전광역시 동구청,2023-12-01
자양동306,1,,대전광역시 동구 자양동 225-17,36.33469454,127.4423514,,한전주,042-271-4871,대전광역시 동구청,2023-12-01
자양동307,1,,대전광역시 동구 자양동 281-53,36.33386929,127.4420488,,한전주,042-271-4871,대전광역시 동구청,2023-12-01
자양동308,1,,대전광역시 동구 자양동 220-2,36.3338837,127.4421972,,전용주,042-271-4871,대전광역시 동구청,2023-12-01
자양동310,1,,대전광역시 동구 자양동 220-5,36.33360752,127.4421142,,건축물,042-271-4871,대전광역시 동구청,2023-12-01
자양동311,1,,대전광역시 동구 자양동 281,36.33326298,127.4420233,,전용주,042-271-4871,대전광역시 동구청,2023-12-01
자양동312,1,,대전광역시 동구 자양동 221-2,36.33390118,127.4434141,,전용주,042-271-4871,대전광역시 동구청,2023-12-01
자양동313,1,,대전광역시 동구 자양동 279-7,36.33275486,127.4427158,,한전주,042-271-4871,대전광역시 동구청,2023-12-01
자양동314,1,,대전광역시 동구 자양동 280-15,36.33282155,127.442518,,한전주,042-271-4871,대전광역시 동구청,2023-12-01
자양동315,1,,대전광역시 동구 자양동 279-1,36.3330189,127.442352,,한전주,042-271-4871,대전광역시 동구청,2023-12-01
자양동316,1,,대전광역시 동구 자양동 280-4,36.33282328,127.4422231,,전용주,042-271-4871,대전광역시 동구청,2023-12-01
자양동317,1,,대전광역시 동구 자양동 281-27,36.33303283,127.4419485,,전용주,042-271-4871,대전광역시 동구청,2023-12-01
자양동318,1,,대전광역시 동구 자양동 279-9,36.33259984,127.442818,,한전주,042-271-4871,대전광역시 동구청,2023-12-01
자양동319,1,,대전광역시 동구 자양동 221-20,36.33256052,127.4429326,,한전주,042-271-4871,대전광역시 동구청,2023-12-01
자양동320,1,,대전광역시 동구 자양동 221-20,36.33256052,127.4429326,,한전주,042-271-4871,대전광역시 동구청,2023-12-01
자양동321,1,,대전광역시 동구 자양동 276-3,36.3319754,127.4432336,,한전주,042-271-4871,대전광역시 동구청,2023-12-01
자양동322,1,,대전광역시 동구 자양동 281-48,36.33356172,127.4419247,,한전주,042-271-4871,대전광역시 동구청,2023-12-01
자양동323,1,,대전광역시 동구 자양동 281-47,36.33329791,127.4418377,,한전주,042-271-4871,대전광역시 동구청,2023-12-01
자양동324,1,,대전광역시 동구 자양동 281-41,36.3329016,127.4418295,,한전주,042-271-4871,대전광역시 동구청,2023-12-01
자양동325,1,,대전광역시 동구 자양동 281-10,36.33244404,127.4418392,,전용주,042-271-4871,대전광역시 동구청,2023-12-01
자양동326,1,,대전광역시 동구 자양동 281-17,36.33261259,127.4418081,,한전주,042-271-4871,대전광역시 동구청,2023-12-01
자양동327,1,,대전광역시 동구 자양동 281-72,36.33237754,127.4422268,,전용주,042-271-4871,대전광역시 동구청,2023-12-01
자양동328,1,,대전광역시 동구 자양동 281-6,36.33224444,127.4419098,,전용주,042-271-4871,대전광역시 동구청,2023-12-01
자양동329,1,,대전광역시 동구 자양동 278-4,36.33246474,127.4426008,,한전주,042-271-4871,대전광역시 동구청,2023-12-01
자양동330,1,,대전광역시 동구 자양동 277-9,36.33187239,127.4425311,,한전주,042-271-4871,대전광역시 동구청,2023-12-01
자양동331,1,,대전광역시 동구 자양동 277-30,36.33176668,127.4425807,,전용주,042-271-4871,대전광역시 동구청,2023-12-01
자양동332,1,,대전광역시 동구 자양동 277-4,36.33179408,127.4428454,,전용주,042-271-4871,대전광역시 동구청,2023-12-01
자양동333,1,,대전광역시 동구 자양동 221-15,36.33254218,127.4440268,,전용주,042-271-4871,대전광역시 동구청,2023-12-01
자양동334,1,,대전광역시 동구 자양동 335,36.33346849,127.4490876,,한전주,042-271-4871,대전광역시 동구청,2023-12-01
자양동335,1,,대전광역시 동구 자양동 336,36.33321241,127.4482466,,한전주,042-271-4871,대전광역시 동구청,2023-12-01
자양동336,1,,대전광역시 동구 자양동 336,36.33321241,127.4482466,,한전주,042-271-4871,대전광역시 동구청,2023-12-01
자양동337,1,,대전광역시 동구 자양동 117-20,36.33267106,127.4486093,,한전주,042-271-4871,대전광역시 동구청,2023-12-01
자양동338,1,,대전광역시 동구 자양동 335,36.33346849,127.4490876,,한전주,042-271-4871,대전광역시 동구청,2023-12-01
자양동339,1,,대전광역시 동구 자양동 20-72,36.33286247,127.4502521,,한전주,042-271-4871,대전광역시 동구청,2023-12-01
자양동340,1,,대전광역시 동구 자양동 20-68,36.33251569,127.4502379,,한전주,042-271-4871,대전광역시 동구청,2023-12-01
자양동341,1,,대전광역시 동구 자양동 111-6,36.3329683,127.4507811,,한전주,042-271-4871,대전광역시 동구청,2023-12-01
자양동343,1,,대전광역시 동구 자양동 20-14,36.33257043,127.4504472,,전용주,042-271-4871,대전광역시 동구청,2023-12-01
자양동344,1,,대전광역시 동구 자양동 111-5,36.33305266,127.4512567,,전용주,042-271-4871,대전광역시 동구청,2023-12-01
자양동345,1,,대전광역시 동구 자양동 111-5,36.33305266,127.4512567,,전용주,042-271-4871,대전광역시 동구청,2023-12-01
자양동346,1,,대전광역시 동구 자양동 113-30,36.33327687,127.4504916,,한전주,042-271-4871,대전광역시 동구청,2023-12-01
자양동347,1,,대전광역시 동구 자양동 113-27,36.33346763,127.4506883,,한전주,042-271-4871,대전광역시 동구청,2023-12-01
자양동348,1,,대전광역시 동구 자양동 111-1,36.3329683,127.4507811,,한전주,042-271-4871,대전광역시 동구청,2023-12-01
자양동349,1,,대전광역시 동구 자양동 334,36.33412828,127.450347,,한전주,042-271-4871,대전광역시 동구청,2023-12-01
자양동350,1,,대전광역시 동구 자양동 334,36.33412828,127.450347,,한전주,042-271-4871,대전광역시 동구청,2023-12-01
자양동351,1,,대전광역시 동구 자양동 114-33,36.33381716,127.4502673,,한전주,042-271-4871,대전광역시 동구청,2023-12-01
자양동352,1,,대전광역시 동구 자양동 334,36.33412828,127.450347,,한전주,042-271-4871,대전광역시 동구청,2023-12-01
자양동353,1,,대전광역시 동구 자양동 334,36.33412828,127.450347,,한전주,042-271-4871,대전광역시 동구청,2023-12-01
자양동354,1,,대전광역시 동구 자양동 107-9,36.33427557,127.4503909,,한전주,042-271-4871,대전광역시 동구청,2023-12-01
자양동355,1,,대전광역시 동구 자양동 107-2,36.3344489,127.450477,,한전주,042-271-4871,대전광역시 동구청,2023-12-01
자양동356,1,,대전광역시 동구 자양동 114-28,36.33408061,127.4499926,,한전주,042-271-4871,대전광역시 동구청,2023-12-01
자양동357,1,,대전광역시 동구 자양동 115-25,36.33393045,127.4495669,,한전주,042-271-4871,대전광역시 동구청,2023-12-01
자양동358,1,,대전광역시 동구 자양동 334,36.33412828,127.450347,,한전주,042-271-4871,대전광역시 동구청,2023-12-01
자양동359,1,,대전광역시 동구 자양동 114-19,36.33374866,127.4495518,,한전주,042-271-4871,대전광역시 동구청,2023-12-01
자양동360,1,,대전광역시 동구 자양동 335,36.33346849,127.4490876,,한전주,042-271-4871,대전광역시 동구청,2023-12-01
자양동361,1,,대전광역시 동구 자양동 335,36.33346849,127.4490876,,한전주,042-271-4871,대전광역시 동구청,2023-12-01
자양동362,1,,대전광역시 동구 자양동 335,36.33346849,127.4490876,,한전주,042-271-4871,대전광역시 동구청,2023-12-01
자양동363,1,,대전광역시 동구 자양동 335,36.33346849,127.4490876,,한전주,042-271-4871,대전광역시 동구청,2023-12-01
자양동364,1,,대전광역시 동구 자양동 118-27,36.33377415,127.4481146,,한전주,042-271-4871,대전광역시 동구청,2023-12-01
자양동365,1,,대전광역시 동구 자양동 151,36.33463044,127.4466442,,한전주,042-271-4871,대전광역시 동구청,2023-12-01
자양동366,1,,대전광역시 동구 자양동 118-23,36.33345997,127.4477389,,한전주,042-271-4871,대전광역시 동구청,2023-12-01
자양동367,1,,대전광역시 동구 자양동 118-17,36.33319081,127.4477844,,전용주,042-271-4871,대전광역시 동구청,2023-12-01
자양동368,1,,대전광역시 동구 자양동 118-17,36.33319081,127.4477844,,전용주,042-271-4871,대전광역시 동구청,2023-12-01
자양동369,1,,대전광역시 동구 자양동 118-24,36.33300899,127.4478666,,한전주,042-271-4871,대전광역시 동구청,2023-12-01
자양동370,1,,대전광역시 동구 자양동 118-11,36.33336299,127.4481504,,한전주,042-271-4871,대전광역시 동구청,2023-12-01
자양동371,1,,대전광역시 동구 자양동 116-11,36.33328521,127.4486328,,한전주,042-271-4871,대전광역시 동구청,2023-12-01
자양동372,1,,대전광역시 동구 자양동 116-9,36.33310165,127.4487024,,한전주,042-271-4871,대전광역시 동구청,2023-12-01
자양동373,1,,대전광역시 동구 자양동 118-9,36.33349171,127.4482625,,한전주,042-271-4871,대전광역시 동구청,2023-12-01
자양동374,1,,대전광역시 동구 자양동 151,36.33463044,127.4466442,,한전주,042-271-4871,대전광역시 동구청,2023-12-01
자양동375,1,,대전광역시 동구 자양동 115-1,36.33438681,127.4488725,,한전주,042-271-4871,대전광역시 동구청,2023-12-01
자양동376,1,,대전광역시 동구 자양동 334,36.33412828,127.450347,,한전주,042-271-4871,대전광역시 동구청,2023-12-01
자양동377,1,,대전광역시 동구 자양동 334,36.33412828,127.450347,,한전주,042-271-4871,대전광역시 동구청,2023-12-01
자양동378,1,,대전광역시 동구 자양동 334,36.33412828,127.450347,,한전주,042-271-4871,대전광역시 동구청,2023-12-01
자양동379,1,,대전광역시 동구 자양동 106-11,36.33449672,127.4499123,,전용주,042-271-4871,대전광역시 동구청,2023-12-01
자양동380,1,,대전광역시 동구 자양동 106-26,36.33479432,127.4496648,,한전주,042-271-4871,대전광역시 동구청,2023-12-01
자양동381,1,,대전광역시 동구 자양동 106-28,36.33497459,127.4498704,,한전주,042-271-4871,대전광역시 동구청,2023-12-01
자양동382,1,,대전광역시 동구 자양동 105-17,36.33492029,127.4489801,,전용주,042-271-4871,대전광역시 동구청,2023-12-01
자양동383,1,,대전광역시 동구 자양동 105-21,36.33521345,127.4492341,,한전주,042-271-4871,대전광역시 동구청,2023-12-01
자양동384,1,,대전광역시 동구 자양동 105-26,36.33497457,127.4492533,,한전주,042-271-4871,대전광역시 동구청,2023-12-01
자양동385,1,,대전광역시 동구 자양동 151,36.33463044,127.4466442,,전용주,042-271-4871,대전광역시 동구청,2023-12-01
자양동386,1,,대전광역시 동구 자양동 65-2,36.33568878,127.4483573,,한전주,042-271-4871,대전광역시 동구청,2023-12-01
자양동387,1,,대전광역시 동구 자양동 151,36.33463044,127.4466442,,한전주,042-271-4871,대전광역시 동구청,2023-12-01
자양동388,1,,대전광역시 동구 자양동 62-3,36.33535369,127.4481973,,한전주,042-271-4871,대전광역시 동구청,2023-12-01
자양동389,1,,대전광역시 동구 자양동 151,36.33463044,127.4466442,,한전주,042-271-4871,대전광역시 동구청,2023-12-01
자양동390,1,,대전광역시 동구 자양동 73-12,36.33499382,127.447963,,한전주,042-271-4871,대전광역시 동구청,2023-12-01
자양동391,1,,대전광역시 동구 자양동 151,36.33463044,127.4466442,,한전주,042-271-4871,대전광역시 동구청,2023-12-01
자양동392,1,,대전광역시 동구 자양동 73-14,36.33475613,127.4478342,,한전주,042-271-4871,대전광역시 동구청,2023-12-01
자양동393,1,,대전광역시 동구 자양동 151,36.33463044,127.4466442,,한전주,042-271-4871,대전광역시 동구청,2023-12-01
자양동394,1,,대전광역시 동구 자양동 151,36.33463044,127.4466442,,한전주,042-271-4871,대전광역시 동구청,2023-12-01
자양동395,1,,대전광역시 동구 자양동 151,36.33463044,127.4466442,,한전주,042-271-4871,대전광역시 동구청,2023-12-01
자양동396,1,,대전광역시 동구 자양동 151,36.33463044,127.4466442,,한전주,042-271-4871,대전광역시 동구청,2023-12-01
자양동397,1,,대전광역시 동구 자양동 151,36.33463044,127.4466442,,한전주,042-271-4871,대전광역시 동구청,2023-12-01
자양동398,1,,대전광역시 동구 자양동 151,36.33463044,127.4466442,,한전주,042-271-4871,대전광역시 동구청,2023-12-01
자양동399,1,,대전광역시 동구 자양동 77-12,36.33391054,127.4473101,,한전주,042-271-4871,대전광역시 동구청,2023-12-01
자양동400,1,,대전광역시 동구 자양동 151,36.33463044,127.4466442,,한전주,042-271-4871,대전광역시 동구청,2023-12-01
자양동401,1,,대전광역시 동구 자양동 77-3,36.33406725,127.4471185,,한전주,042-271-4871,대전광역시 동구청,2023-12-01
자양동402,1,,대전광역시 동구 자양동 139-16,36.33357435,127.4470838,,한전주,042-271-4871,대전광역시 동구청,2023-12-01
자양동403,1,,대전광역시 동구 자양동 139-18,36.33361746,127.4467115,,한전주,042-271-4871,대전광역시 동구청,2023-12-01
자양동404,1,,대전광역시 동구 자양동 140-11,36.33382749,127.4461657,,한전주,042-271-4871,대전광역시 동구청,2023-12-01
자양동405,1,,대전광역시 동구 자양동 140-15,36.3340112,127.4463461,,한전주,042-271-4871,대전광역시 동구청,2023-12-01
자양동406,1,,대전광역시 동구 자양동 140-3,36.33416997,127.4464483,,한전주,042-271-4871,대전광역시 동구청,2023-12-01
자양동407,1,,대전광역시 동구 자양동 140-2,36.33436651,127.4465925,,한전주,042-271-4871,대전광역시 동구청,2023-12-01
자양동408,1,,대전광역시 동구 자양동 140-9,36.33455177,127.4465306,,한전주,042-271-4871,대전광역시 동구청,2023-12-01
자양동409,1,,대전광역시 동구 자양동 69-11,36.33499961,127.446948,,한전주,042-271-4871,대전광역시 동구청,2023-12-01
자양동410,1,,대전광역시 동구 자양동 151,36.33463044,127.4466442,,한전주,042-271-4871,대전광역시 동구청,2023-12-01
자양동411,1,,대전광역시 동구 자양동 73-8,36.33505512,127.4473100030,,한전주,042-271-4871,대전광역시 동구청,2023-12-01
자양동412,1,,대전광역시 동구 자양동 151,36.33463044,127.4466442,,한전주,042-271-4871,대전광역시 동구청,2023-12-01
자양동413,1,,대전광역시 동구 자양동 62-1,36.33563991,127.4476672,,한전주,042-271-4871,대전광역시 동구청,2023-12-01
자양동414,1,,대전광역시 동구 자양동 151,36.33463044,127.4466442,,한전주,042-271-4871,대전광역시 동구청,2023-12-01
자양동415,1,,대전광역시 동구 자양동 105-8,36.33510094,127.4494857,,한전주,042-271-4871,대전광역시 동구청,2023-12-01
자양동416,1,,대전광역시 동구 자양동 106-3,36.33488329,127.4501363,,전용주,042-271-4871,대전광역시 동구청,2023-12-01
자양동417,1,,대전광역시 동구 자양동 20-7,36.3327175,127.4507106,,전용주,042-271-4871,대전광역시 동구청,2023-12-01
자양동418,1,,대전광역시 동구 자양동 20-69,36.33276217,127.4514711,,전용주,042-271-4871,대전광역시 동구청,2023-12-01
자양동419,1,,대전광역시 동구 자양동 117-9,36.33277322,127.4484272,,한전주,042-271-4871,대전광역시 동구청,2023-12-01
자양동424,1,,대전광역시 동구 자양동 87-22,36.33906569,127.4526379,,한전주,042-271-4871,대전광역시 동구청,2023-12-01
자양동425,1,,대전광역시 동구 자양동 89-10,36.33810985,127.4530249,,한전주,042-271-4871,대전광역시 동구청,2023-12-01
자양동426,1,,대전광역시 동구 자양동 329,36.33826796,127.4512098,,한전주,042-271-4871,대전광역시 동구청,2023-12-01
자양동427,1,,대전광역시 동구 자양동 17-2,36.33702928,127.4535859,,한전주,042-271-4871,대전광역시 동구청,2023-12-01
자양동428,1,,대전광역시 동구 자양동 331,36.33520538,127.450746,,한전주,042-271-4871,대전광역시 동구청,2023-12-01
자양동429,1,,대전광역시 동구 자양동 52-12,36.33810547,127.449684,,한전주,042-271-4871,대전광역시 동구청,2023-12-01
자양동430,1,,대전광역시 동구 자양동 52-12,36.33810547,127.449684,,한전주,042-271-4871,대전광역시 동구청,2023-12-01
자양동431,1,,대전광역시 동구 자양동 94-4,36.33773318,127.449607,,한전주,042-271-4871,대전광역시 동구청,2023-12-01
자양동432,1,,대전광역시 동구 자양동 52-8,36.33779227,127.4491809,,한전주,042-271-4871,대전광역시 동구청,2023-12-01
자양동433,1,,대전광역시 동구 자양동 115-12,36.33383603,127.4491557,,한전주,042-271-4871,대전광역시 동구청,2023-12-01
자양동434,1,,대전광역시 동구 자양동 20-6,36.3328474,127.4506034,,전용주,042-271-4871,대전광역시 동구청,2023-12-01
자양동435,1,,대전광역시 동구 자양동 20-3,36.33287377,127.4496562,,건축물,042-271-4871,대전광역시 동구청,2023-12-01
자양동436,1,,대전광역시 동구 자양동 20-3,36.33287377,127.4496562,,한전주,042-271-4871,대전광역시 동구청,2023-12-01
자양동437,1,,대전광역시 동구 자양동 212-12,36.34327536,127.4521239,,,042-271-4871,대전광역시 동구청,2023-12-01
자양동438,1,,대전광역시 동구 자양동 225-8,36.33444773,127.4426389,,전용주,042-271-4871,대전광역시 동구청,2023-12-01
자양동439,1,,대전광역시 동구 자양동 85-10,36.33898838,127.4510284,,한전주,042-271-4871,대전광역시 동구청,2023-12-01
자양동440,1,,대전광역시 동구 자양동 338,36.34361801,127.4505842,,건축물,042-271-4871,대전광역시 동구청,2023-12-01
자양동441,1,,대전광역시 동구 자양동 83-18,36.33969063,127.4504751,,한전주,042-271-4871,대전광역시 동구청,2023-12-01
장척동001,1,,대전광역시 동구 장척동 206-3,36.25635983,127.4369079,,한전주,042-271-4871,대전광역시 동구청,2023-12-01
장척동002,1,,대전광역시 동구 장척동 207-2,36.25560135,127.4368456,,한전주,042-271-4871,대전광역시 동구청,2023-12-01
장척동003,1,,대전광역시 동구 장척동 236-6,36.25555118,127.4357245,,한전주,042-271-4871,대전광역시 동구청,2023-12-01
장척동004,1,,대전광역시 동구 장척동 236-2,36.25556789,127.4354917,,한전주,042-271-4871,대전광역시 동구청,2023-12-01
장척동005,1,,대전광역시 동구 장척동 238,36.25539373,127.4355015,,한전주,042-271-4871,대전광역시 동구청,2023-12-01
장척동006,1,,대전광역시 동구 장척동 240,36.25472514,127.4356185,,전용주,042-271-4871,대전광역시 동구청,2023-12-01
장척동007,1,,대전광역시 동구 장척동 233,36.25493175,127.4363528,,한전주,042-271-4871,대전광역시 동구청,2023-12-01
장척동008,1,,대전광역시 동구 장척동 232,36.25510237,127.4368044,,한전주,042-271-4871,대전광역시 동구청,2023-12-01
장척동009,1,,대전광역시 동구 장척동 231-1,36.25472689,127.4364837,,한전주,042-271-4871,대전광역시 동구청,2023-12-01
장척동010,1,,대전광역시 동구 장척동 242,36.25431243,127.4361608,,한전주,042-271-4871,대전광역시 동구청,2023-12-01
장척동011,1,,대전광역시 동구 장척동 230,36.2545632,127.4373622,,한전주,042-271-4871,대전광역시 동구청,2023-12-01
장척동012,1,,대전광역시 동구 장척동 230,36.2545632,127.4373622,,한전주,042-271-4871,대전광역시 동구청,2023-12-01
장척동013,1,,대전광역시 동구 장척동 228,36.25435411,127.4383513,,한전주,042-271-4871,대전광역시 동구청,2023-12-01
장척동014,1,,대전광역시 동구 장척동 226,36.25400518,127.4388504,,한전주,042-271-4871,대전광역시 동구청,2023-12-01
장척동015,1,,대전광역시 동구 장척동 258,36.25296339,127.4390907,,한전주,042-271-4871,대전광역시 동구청,2023-12-01
장척동016,1,,대전광역시 동구 장척동 252,36.25338467,127.4397792,,한전주,042-271-4871,대전광역시 동구청,2023-12-01
장척동017,1,,대전광역시 동구 장척동 255-1,36.25299283,127.4397562,,한전주,042-271-4871,대전광역시 동구청,2023-12-01
장척동018,1,,대전광역시 동구 장척동 256,36.25267302,127.4395736,,전용주,042-271-4871,대전광역시 동구청,2023-12-01
장척동019,1,,대전광역시 동구 장척동 293-1,36.25229017,127.4385544,,한전주,042-271-4871,대전광역시 동구청,2023-12-01
장척동020,1,,대전광역시 동구 장척동 296-2,36.25289758,127.4386978,,한전주,042-271-4871,대전광역시 동구청,2023-12-01
장척동021,1,,대전광역시 동구 장척동 296-1,36.25305831,127.4388077,,한전주,042-271-4871,대전광역시 동구청,2023-12-01
장척동022,1,,대전광역시 동구 장척동 289-1,36.25230268,127.439149,,한전주,042-271-4871,대전광역시 동구청,2023-12-01
장척동023,1,,대전광역시 동구 장척동 289-3,36.25206088,127.4394445,,한전주,042-271-4871,대전광역시 동구청,2023-12-01
장척동024,1,,대전광역시 동구 장척동 286,36.25183219,127.4386762,,한전주,042-271-4871,대전광역시 동구청,2023-12-01
장척동025,1,,대전광역시 동구 장척동 302-1,36.25216021,127.4382868,,한전주,042-271-4871,대전광역시 동구청,2023-12-01
장척동026,1,,대전광역시 동구 장척동 304,36.2513234,127.4375427,,한전주,042-271-4871,대전광역시 동구청,2023-12-01
장척동027,1,,대전광역시 동구 장척동 277,36.25095637,127.4379017,,한전주,042-271-4871,대전광역시 동구청,2023-12-01
정동002,1,,대전광역시 동구 정동 17-8,36.33219313,127.4324074,,한전주,042-271-4871,대전광역시 동구청,2023-12-01
정동003,1,,대전광역시 동구 정동 15-1,36.33276128,127.4321949,,전용주,042-271-4871,대전광역시 동구청,2023-12-01
정동004,1,,대전광역시 동구 정동 15-1,36.33276128,127.4321949,,한전주,042-271-4871,대전광역시 동구청,2023-12-01
정동005,1,,대전광역시 동구 정동 14-29,36.3331882,127.4321359,,한전주,042-271-4871,대전광역시 동구청,2023-12-01
정동006,1,,대전광역시 동구 정동 13-9,36.33358818,127.4321769,,한전주,042-271-4871,대전광역시 동구청,2023-12-01
정동007,1,,대전광역시 동구 정동 2-33,36.33392281,127.4319476,,한전주,042-271-4871,대전광역시 동구청,2023-12-01
정동008,1,,대전광역시 동구 정동 2-16,36.33414523,127.431892,,한전주,042-271-4871,대전광역시 동구청,2023-12-01
정동009,1,,대전광역시 동구 정동 1-236,36.3345864,127.4319294,,한전주,042-271-4871,대전광역시 동구청,2023-12-01
정동010,1,,대전광역시 동구 정동 1-235,36.3347503,127.4318876,,한전주,042-271-4871,대전광역시 동구청,2023-12-01
정동011,1,,대전광역시 동구 정동 3-83,36.33511648,127.4314285,,한전주,042-271-4871,대전광역시 동구청,2023-12-01
정동012,1,,대전광역시 동구 정동 3-95,36.33496982,127.4316876,,한전주,042-271-4871,대전광역시 동구청,2023-12-01
정동013,1,,대전광역시 동구 정동 1-214,36.33536256,127.4317359,,한전주,042-271-4871,대전광역시 동구청,2023-12-01
정동014,1,,대전광역시 동구 정동 3-35,36.33537875,127.4313454,,한전주,042-271-4871,대전광역시 동구청,2023-12-01
정동015,1,,대전광역시 동구 정동 3-76,36.33548325,127.4311569,,한전주,042-271-4871,대전광역시 동구청,2023-12-01
정동016,1,,대전광역시 동구 정동 3-175,36.33548638,127.4310381,,전용주,042-271-4871,대전광역시 동구청,2023-12-01
정동017,1,,대전광역시 동구 정동 3-28,36.33556109,127.4313365,,한전주,042-271-4871,대전광역시 동구청,2023-12-01
정동018,1,,대전광역시 동구 정동 3-31,36.3355803,127.4312593,,건축물,042-271-4871,대전광역시 동구청,2023-12-01
정동019,1,,대전광역시 동구 정동 1-205,36.33566833,127.4316615,,한전주,042-271-4871,대전광역시 동구청,2023-12-01
정동020,1,,대전광역시 동구 정동 3-12,36.33586631,127.431464,,한전주,042-271-4871,대전광역시 동구청,2023-12-01
정동021,1,,대전광역시 동구 정동 3-12,36.33586631,127.431464,,한전주,042-271-4871,대전광역시 동구청,2023-12-01
정동022,1,,대전광역시 동구 정동 3-18,36.33570411,127.4313599681,,건축물,042-271-4871,대전광역시 동구청,2023-12-01
정동023,1,,대전광역시 동구 정동 1-26,36.3363966,127.4328734,,한전주,042-271-4871,대전광역시 동구청,2023-12-01
정동024,1,,대전광역시 동구 정동 1-36,36.33614557,127.4330119,,건축물,042-271-4871,대전광역시 동구청,2023-12-01
정동025,1,,대전광역시 동구 정동 1-35,36.33614135,127.4329591,,한전주,042-271-4871,대전광역시 동구청,2023-12-01
정동026,1,,대전광역시 동구 정동 1-70,36.33571485,127.4333494,,한전주,042-271-4871,대전광역시 동구청,2023-12-01
정동027,1,,대전광역시 동구 정동 1-83,36.33557192,127.4337241,,한전주,042-271-4871,대전광역시 동구청,2023-12-01
정동028,1,,대전광역시 동구 정동 1-168,36.33544324,127.4336968,,한전주,042-271-4871,대전광역시 동구청,2023-12-01
정동029,1,,대전광역시 동구 정동 6-14,36.33509417,127.4299434,,한전주,042-271-4871,대전광역시 동구청,2023-12-01
정동030,1,,대전광역시 동구 정동 7-19,36.33476379,127.4302209,,한전주,042-271-4871,대전광역시 동구청,2023-12-01
정동031,1,,대전광역시 동구 정동 39-11,36.33465804,127.4299556,,건축물,042-271-4871,대전광역시 동구청,2023-12-01
정동032,1,,대전광역시 동구 정동 27-3,36.33250984,127.4315766,,전용주,042-271-4871,대전광역시 동구청,2023-12-01
정동033,1,,대전광역시 동구 정동 39-46,36.33449254,127.4299432,,한전주,042-271-4871,대전광역시 동구청,2023-12-01
정동034,1,,대전광역시 동구 정동 40-1,36.33443576,127.4301463,,한전주,042-271-4871,대전광역시 동구청,2023-12-01
정동035,1,,대전광역시 동구 정동 9-5,36.33453335,127.4305736,,한전주,042-271-4871,대전광역시 동구청,2023-12-01
정동036,1,,대전광역시 동구 정동 11-5,36.33415121,127.4306351,,한전주,042-271-4871,대전광역시 동구청,2023-12-01
정동037,1,,대전광역시 동구 정동 11-3,36.33425544,127.4307959,,한전주,042-271-4871,대전광역시 동구청,2023-12-01
정동038,1,,대전광역시 동구 정동 39-47,36.33399737,127.4301866,,한전주,042-271-4871,대전광역시 동구청,2023-12-01
정동039,1,,대전광역시 동구 정동 36-56,36.33404392,127.4298466,,한전주,042-271-4871,대전광역시 동구청,2023-12-01
정동040,1,,대전광역시 동구 정동 39-17,36.33431555,127.4297924,,한전주,042-271-4871,대전광역시 동구청,2023-12-01
정동041,1,,대전광역시 동구 정동 36-15,36.33443521,127.4292967,,한전주,042-271-4871,대전광역시 동구청,2023-12-01
정동042,1,,대전광역시 동구 정동 36-26,36.33430385,127.4293129,,건축물,042-271-4871,대전광역시 동구청,2023-12-01
정동043,1,,대전광역시 동구 정동 39-28,36.33470039,127.429581,,한전주,042-271-4871,대전광역시 동구청,2023-12-01
정동044,1,,대전광역시 동구 정동 36-46,36.33377783,127.429741,,한전주,042-271-4871,대전광역시 동구청,2023-12-01
정동045,1,,대전광역시 동구 정동 36-47,36.33382739,127.4296916,,한전주,042-271-4871,대전광역시 동구청,2023-12-01
정동046,1,,대전광역시 동구 정동 36-42,36.3336526,127.4296816,,한전주,042-271-4871,대전광역시 동구청,2023-12-01
정동047,1,,대전광역시 동구 정동 36-23,36.33404817,127.4291162,,한전주,042-271-4871,대전광역시 동구청,2023-12-01
정동048,1,,대전광역시 동구 정동 36-13,36.33438307,127.4290846,,한전주,042-271-4871,대전광역시 동구청,2023-12-01
정동049,1,,대전광역시 동구 정동 33-17,36.33323455,127.429278,,한전주,042-271-4871,대전광역시 동구청,2023-12-01
정동050,1,,대전광역시 동구 정동 31-15,36.33328948,127.430067,,건축물,042-271-4871,대전광역시 동구청,2023-12-01
정동051,1,,대전광역시 동구 정동 31-22,36.33306803,127.4298749,,건축물,042-271-4871,대전광역시 동구청,2023-12-01
정동052,1,,대전광역시 동구 정동 30-9,36.33247544,127.430769,,한전주,042-271-4871,대전광역시 동구청,2023-12-01
정동053,1,,대전광역시 동구 정동 30-29,36.33220385,127.4310886,,한전주,042-271-4871,대전광역시 동구청,2023-12-01
정동054,1,,대전광역시 동구 정동 30-25,36.33237872,127.4308519,,한전주,042-271-4871,대전광역시 동구청,2023-12-01
정동055,1,,대전광역시 동구 정동 27-7,36.33219833,127.4315689,,한전주,042-271-4871,대전광역시 동구청,2023-12-01
정동056,1,,대전광역시 동구 정동 30-24,36.33245686,127.431099,,한전주,042-271-4871,대전광역시 동구청,2023-12-01
정동057,1,,대전광역시 동구 정동 30-47,36.33263909,127.4311452,,한전주,042-271-4871,대전광역시 동구청,2023-12-01
정동058,1,,대전광역시 동구 정동 31-36,36.33292733,127.4306082,,한전주,042-271-4871,대전광역시 동구청,2023-12-01
정동059,1,,대전광역시 동구 정동 31-51,36.33275468,127.4309034,,한전주,042-271-4871,대전광역시 동구청,2023-12-01
정동060,1,,대전광역시 동구 정동 31-47,36.33279718,127.4304622,,한전주,042-271-4871,대전광역시 동구청,2023-12-01
정동061,1,,대전광역시 동구 정동 31-63,36.33309759,127.4306264,,한전주,042-271-4871,대전광역시 동구청,2023-12-01
정동062,1,,대전광역시 동구 정동 13-49,36.33380569,127.4308866,,한전주,042-271-4871,대전광역시 동구청,2023-12-01
정동063,1,,대전광역시 동구 정동 13-25,36.33365139,127.4312436,,한전주,042-271-4871,대전광역시 동구청,2023-12-01
정동064,1,,대전광역시 동구 정동 31-74,36.3331623,127.4310241,,한전주,042-271-4871,대전광역시 동구청,2023-12-01
정동065,1,,대전광역시 동구 정동 27-1,36.33282336,127.4314018,,한전주,042-271-4871,대전광역시 동구청,2023-12-01
정동066,1,,대전광역시 동구 정동 27-31,36.33207289,127.4317406,,한전주,042-271-4871,대전광역시 동구청,2023-12-01
정동067,1,,대전광역시 동구 정동 27-50,36.33279268,127.4313621,,한전주,042-271-4871,대전광역시 동구청,2023-12-01
정동068,1,,대전광역시 동구 정동 1-286,36.33103286,127.433878,,한전주,042-271-4871,대전광역시 동구청,2023-12-01
정동069,1,,대전광역시 동구 정동 1-287,36.33067121,127.4340291,,한전주,042-271-4871,대전광역시 동구청,2023-12-01
정동070,1,,대전광역시 동구 정동 1-4,36.33046596,127.4340183,,한전주,042-271-4871,대전광역시 동구청,2023-12-01
정동071,1,,대전광역시 동구 정동 1-160,36.33033902,127.434082,,한전주,042-271-4871,대전광역시 동구청,2023-12-01
정동072,1,,대전광역시 동구 정동 1-188,36.33008034,127.4344674,,한전주,042-271-4871,대전광역시 동구청,2023-12-01
정동073,1,,대전광역시 동구 정동 1-10,36.32953981,127.4346416,,한전주,042-271-4871,대전광역시 동구청,2023-12-01
정동074,1,,대전광역시 동구 정동 1-14,36.32913212,127.4346911,,한전주,042-271-4871,대전광역시 동구청,2023-12-01
정동075,1,,대전광역시 동구 정동 1-284,36.32926782,127.4349423,,한전주,042-271-4871,대전광역시 동구청,2023-12-01
정동076,1,,대전광역시 동구 정동 1-270,36.32911336,127.4344961,,한전주,042-271-4871,대전광역시 동구청,2023-12-01
정동077,1,,대전광역시 동구 정동 1-106,36.32871902,127.4349614,,한전주,042-271-4871,대전광역시 동구청,2023-12-01
정동078,1,,대전광역시 동구 정동 1-105,36.3287552,127.4352467,,한전주,042-271-4871,대전광역시 동구청,2023-12-01
정동079,1,,대전광역시 동구 원동 406-2,36.32953053,127.4334249,,한전주,042-271-4871,대전광역시 동구청,2023-12-01
정동080,1,,대전광역시 동구 정동 31-45,36.33273142,127.4305063,,전용주,042-271-4871,대전광역시 동구청,2023-12-01
정동081,1,,대전광역시 동구 정동 26-10,36.33176362,127.4317637,,전용주,042-271-4871,대전광역시 동구청,2023-12-01
정동082,1,,대전광역시 동구 정동 24-1,36.3316503,127.4320497,,전용주,042-271-4871,대전광역시 동구청,2023-12-01
정동083,1,,대전광역시 동구 정동 30-9,36.33247544,127.430769,,전용주,042-271-4871,대전광역시 동구청,2023-12-01
정동084,1,,대전광역시 동구 정동 26-26,36.33195276,127.4319419,,전용주,042-271-4871,대전광역시 동구청,2023-12-01
정동085,1,,대전광역시 동구 정동 1-282,36.33360121,127.4321852,,전용주,042-271-4871,대전광역시 동구청,2023-12-01
정동086,1,,대전광역시 동구 정동 1-170,36.33045601,127.4337313,,전용주,042-271-4871,대전광역시 동구청,2023-12-01
정동087,1,,대전광역시 동구 정동 1-286,36.33103286,127.433878,,한전주,042-271-4871,대전광역시 동구청,2023-12-01
정동088,1,,대전광역시 동구 정동 1-286,36.33103286,127.433878,,한전주,042-271-4871,대전광역시 동구청,2023-12-01
정동089,1,,대전광역시 동구 정동 1-265,36.33023108,127.4347605,,한전주,042-271-4871,대전광역시 동구청,2023-12-01
정동090,1,,대전광역시 동구 정동 1-185,36.33023984,127.4343207,,건축물,042-271-4871,대전광역시 동구청,2023-12-01
정동091,1,,대전광역시 동구 정동 1-282,36.33360121,127.4321852,,건축물,042-271-4871,대전광역시 동구청,2023-12-01
정동092,1,,대전광역시 동구 정동 1-282,36.33360121,127.4321852,,건축물,042-271-4871,대전광역시 동구청,2023-12-01
정동093,1,,대전광역시 동구 정동 1-282,36.33360121,127.4321852,,건축물,042-271-4871,대전광역시 동구청,2023-12-01
정동094,1,,대전광역시 동구 정동 1-282,36.33360121,127.4321852,,건축물,042-271-4871,대전광역시 동구청,2023-12-01
정동095,1,,대전광역시 동구 정동 3-25,36.33563451,127.4313188,,건축물,042-271-4871,대전광역시 동구청,2023-12-01
정동096,1,,대전광역시 동구 정동 7-18,36.33478785,127.4303705,,건축물,042-271-4871,대전광역시 동구청,2023-12-01
정동097,1,,대전광역시 동구 정동 6-3,36.33503886,127.4300100323,,한전주,042-271-4871,대전광역시 동구청,2023-12-01
정동098,1,,대전광역시 동구 정동 39-37,36.33443402,127.4294477,,한전주,042-271-4871,대전광역시 동구청,2023-12-01
정동099,1,,대전광역시 동구 정동 27-21,36.33237771,127.4313801,,건축물,042-271-4871,대전광역시 동구청,2023-12-01
정동100,1,,대전광역시 동구 정동 1-1,36.33439758,127.4321118,,전용주,042-271-4871,대전광역시 동구청,2023-12-01
정동101,1,,대전광역시 동구 정동 1-378,36.33370774,127.432133,,한전주,042-271-4871,대전광역시 동구청,2023-12-01
정동102,1,,대전광역시 동구 정동 1-378,36.333926704,127.432014438,,전용주,042-271-4871,대전광역시 동구청,2023-12-01
주산동001,1,,대전광역시 동구 주산동 산9-8,36.36228614,127.4793719,,한전주,042-271-4871,대전광역시 동구청,2023-12-01
주산동002,1,,대전광역시 동구 주산동 198,36.36302607,127.478985,,한전주,042-271-4871,대전광역시 동구청,2023-12-01
주산동003,1,,대전광역시 동구 주산동 195-1,36.36366566,127.4795094,,한전주,042-271-4871,대전광역시 동구청,2023-12-01
주산동004,1,,대전광역시 동구 주산동 196-2,36.36331501,127.4799382,,한전주,042-271-4871,대전광역시 동구청,2023-12-01
주산동005,1,,대전광역시 동구 주산동 156,36.36326024,127.480224,,한전주,042-271-4871,대전광역시 동구청,2023-12-01
주산동006,1,,대전광역시 동구 주산동 155-2,36.36328496,127.4805552,,한전주,042-271-4871,대전광역시 동구청,2023-12-01
주산동007,1,,대전광역시 동구 주산동 160-1,36.36380338,127.4810664,,한전주,042-271-4871,대전광역시 동구청,2023-12-01
주산동008,1,,대전광역시 동구 주산동 159-2,36.36399792,127.4811461,,한전주,042-271-4871,대전광역시 동구청,2023-12-01
주산동009,1,,대전광역시 동구 주산동 167-1,36.36432907,127.481602,,한전주,042-271-4871,대전광역시 동구청,2023-12-01
주산동010,1,,대전광역시 동구 주산동 168,36.3645913,127.4816457,,한전주,042-271-4871,대전광역시 동구청,2023-12-01
주산동011,1,,대전광역시 동구 주산동 170,36.36531053,127.481803,,한전주,042-271-4871,대전광역시 동구청,2023-12-01
주산동012,1,,대전광역시 동구 주산동 194-2,36.3655945,127.4819559,,한전주,042-271-4871,대전광역시 동구청,2023-12-01
주산동013,1,,대전광역시 동구 주산동 164-1,36.36368077,127.4816668,,한전주,042-271-4871,대전광역시 동구청,2023-12-01
주산동014,1,,대전광역시 동구 주산동 123-3,36.36120038,127.480463,,한전주,042-271-4871,대전광역시 동구청,2023-12-01
주산동015,1,,대전광역시 동구 주산동 122,36.36047062,127.4802585,,한전주,042-271-4871,대전광역시 동구청,2023-12-01
주산동016,1,,대전광역시 동구 주산동 122-11,36.36016891,127.481524,,한전주,042-271-4871,대전광역시 동구청,2023-12-01
주산동017,1,,대전광역시 동구 주산동 104-1,36.35970363,127.4810638,,한전주,042-271-4871,대전광역시 동구청,2023-12-01
주산동018,1,,대전광역시 동구 주산동 산 13-7,36.35894347,127.4808693,,한전주,042-271-4871,대전광역시 동구청,2023-12-01
주산동019,1,,대전광역시 동구 주산동 산14-5,36.35761519,127.480576,,한전주,042-271-4871,대전광역시 동구청,2023-12-01
주산동020,1,,대전광역시 동구 주산동 산14-5,36.35761519,127.480576,,한전주,042-271-4871,대전광역시 동구청,2023-12-01
주산동021,1,,대전광역시 동구 주산동 산16-9,36.35718183,127.4788695,,한전주,042-271-4871,대전광역시 동구청,2023-12-01
주산동022,1,,대전광역시 동구 주산동 210-3,36.35681497,127.4781646,,전용주,042-271-4871,대전광역시 동구청,2023-12-01
주산동023,1,,대전광역시 동구 주산동 210-2,36.35654297,127.4776044,,한전주,042-271-4871,대전광역시 동구청,2023-12-01
주산동024,1,,대전광역시 동구 주산동 211-70,36.35675973,127.4774699,,한전주,042-271-4871,대전광역시 동구청,2023-12-01
주산동025,1,,대전광역시 동구 주산동 211-72,36.35755856,127.4769291,,한전주,042-271-4871,대전광역시 동구청,2023-12-01
주산동026,1,,대전광역시 동구 주산동 211-66,36.35754293,127.476649,,한전주,042-271-4871,대전광역시 동구청,2023-12-01
주산동027,1,,대전광역시 동구 주산동 211-65,36.35770133,127.4765883,,한전주,042-271-4871,대전광역시 동구청,2023-12-01
주산동028,1,,대전광역시 동구 주산동 211-51,36.35809928,127.4761598,,한전주,042-271-4871,대전광역시 동구청,2023-12-01
주산동029,1,,대전광역시 동구 주산동 211-35,36.35809393,127.4757389,,한전주,042-271-4871,대전광역시 동구청,2023-12-01
주산동030,1,,대전광역시 동구 주산동 211-31,36.35870439,127.4762111,,한전주,042-271-4871,대전광역시 동구청,2023-12-01
주산동031,1,,대전광역시 동구 주산동 211-29,36.35884599,127.4765899934,,한전주,042-271-4871,대전광역시 동구청,2023-12-01
주산동032,1,,대전광역시 동구 주산동 211-47,36.35876561,127.4774004,,한전주,042-271-4871,대전광역시 동구청,2023-12-01
주산동033,1,,대전광역시 동구 주산동 211-50,36.35887033,127.4778287,,한전주,042-271-4871,대전광역시 동구청,2023-12-01
주산동034,1,,대전광역시 동구 주산동 211-22,36.35923601,127.4778332,,전용주,042-271-4871,대전광역시 동구청,2023-12-01
주산동035,1,,대전광역시 동구 주산동 211-46,36.35861639,127.4771963,,전용주,042-271-4871,대전광역시 동구청,2023-12-01
주산동036,1,,대전광역시 동구 주산동 211-42,36.35855224,127.4767187,,한전주,042-271-4871,대전광역시 동구청,2023-12-01
주산동037,1,,대전광역시 동구 주산동 211-60,36.3570691,127.4767159,,한전주,042-271-4871,대전광역시 동구청,2023-12-01
주산동038,1,,대전광역시 동구 주산동 216,36.35626041,127.4769589,,한전주,042-271-4871,대전광역시 동구청,2023-12-01
주산동039,1,,대전광역시 동구 주산동 237,36.35524778,127.476209,,한전주,042-271-4871,대전광역시 동구청,2023-12-01
주산동040,1,,대전광역시 동구 주산동 226,36.35633383,127.4758367,,한전주,042-271-4871,대전광역시 동구청,2023-12-01
주산동041,1,,대전광역시 동구 주산동 231-1,36.35584344,127.4754893,,한전주,042-271-4871,대전광역시 동구청,2023-12-01
주산동042,1,,대전광역시 동구 주산동 229,36.35549583,127.4759038,,한전주,042-271-4871,대전광역시 동구청,2023-12-01
주산동043,1,,대전광역시 동구 주산동 258,36.35431461,127.4766778,,한전주,042-271-4871,대전광역시 동구청,2023-12-01
주산동044,1,,대전광역시 동구 주산동 251-3,36.35409165,127.4775529,,한전주,042-271-4871,대전광역시 동구청,2023-12-01
주산동045,1,,대전광역시 동구 주산동 251-5,36.35392156,127.4779947,,한전주,042-271-4871,대전광역시 동구청,2023-12-01
주산동046,1,,대전광역시 동구 주산동 산26-22,36.35344437,127.4796489,,한전주,042-271-4871,대전광역시 동구청,2023-12-01
주산동047,1,,대전광역시 동구 주산동 산26-22,36.35344437,127.4796489,,한전주,042-271-4871,대전광역시 동구청,2023-12-01
주산동048,1,,대전광역시 동구 주산동 46-2,36.35281575,127.4805788,,한전주,042-271-4871,대전광역시 동구청,2023-12-01
주산동049,1,,대전광역시 동구 주산동 45,36.35280166,127.4810386,,한전주,042-271-4871,대전광역시 동구청,2023-12-01
주산동050,1,,대전광역시 동구 주산동 45-1,36.35259312,127.4812559,,한전주,042-271-4871,대전광역시 동구청,2023-12-01
주산동051,1,,대전광역시 동구 주산동 44-41,36.3511263,127.4813322,,한전주,042-271-4871,대전광역시 동구청,2023-12-01
주산동052,1,,대전광역시 동구 주산동 43,36.35189271,127.4814873,,한전주,042-271-4871,대전광역시 동구청,2023-12-01
주산동053,1,,대전광역시 동구 주산동 43,36.35189271,127.4814873,,한전주,042-271-4871,대전광역시 동구청,2023-12-01
주산동054,1,,대전광역시 동구 주산동 44-3,36.35236496,127.4814799,,한전주,042-271-4871,대전광역시 동구청,2023-12-01
주산동055,1,,대전광역시 동구 주산동 44-1,36.35287895,127.4815408,,한전주,042-271-4871,대전광역시 동구청,2023-12-01
주산동056,1,,대전광역시 동구 주산동 251-4,36.35389165,127.4775243,,한전주,042-271-4871,대전광역시 동구청,2023-12-01
주산동057,1,,대전광역시 동구 주산동 252-2,36.35325989,127.4771025,,한전주,042-271-4871,대전광역시 동구청,2023-12-01
주산동058,1,,대전광역시 동구 주산동 산25-9,36.3530808,127.4764651,,한전주,042-271-4871,대전광역시 동구청,2023-12-01
주산동059,1,,대전광역시 동구 주산동 산25-9,36.3530808,127.4764651,,한전주,042-271-4871,대전광역시 동구청,2023-12-01
주산동060,1,,대전광역시 동구 주산동 254,36.35255724,127.4753752,,한전주,042-271-4871,대전광역시 동구청,2023-12-01
주산동061,1,,대전광역시 동구 주산동 263,36.35333707,127.4749261,,한전주,042-271-4871,대전광역시 동구청,2023-12-01
주산동062,1,,대전광역시 동구 주산동 산25-10,36.35226474,127.4748487,,한전주,042-271-4871,대전광역시 동구청,2023-12-01
주산동063,1,,대전광역시 동구 주산동 산 25-10,36.35226474,127.4748487,,한전주,042-271-4871,대전광역시 동구청,2023-12-01
주산동064,1,,대전광역시 동구 주산동 산 25-10,36.35226474,127.4748487,,한전주,042-271-4871,대전광역시 동구청,2023-12-01
주산동065,1,,대전광역시 동구 주산동 산 25-10,36.35226474,127.4748487,,한전주,042-271-4871,대전광역시 동구청,2023-12-01
주산동066,1,,대전광역시 동구 비룡동 246,36.35010509,127.475199,,한전주,042-271-4871,대전광역시 동구청,2023-12-01
주산동067,1,,대전광역시 동구 주산동 240-1,36.35485621,127.4764833,,한전주,042-271-4871,대전광역시 동구청,2023-12-01
주산동067-2,1,,대전광역시 동구 주산동 산 9-7,36.36200693,127.4791295,,한전주,042-271-4871,대전광역시 동구청,2023-12-01
주산동068,1,,대전광역시 동구 주산동 219-5,36.35532775,127.4764904,,한전주,042-271-4871,대전광역시 동구청,2023-12-01
주산동069,1,,대전광역시 동구 주산동 218-11,36.355615,127.4766400360,,한전주,042-271-4871,대전광역시 동구청,2023-12-01
주산동069-2,1,,대전광역시 동구 주산동 산 9-7,36.36200693,127.4791295,,한전주,042-271-4871,대전광역시 동구청,2023-12-01
주산동070,1,,대전광역시 동구 주산동 210-8,36.35671316,127.478194,,한전주,042-271-4871,대전광역시 동구청,2023-12-01
주산동071,1,,대전광역시 동구 주산동 산 14-5,36.35761519,127.480576,,한전주,042-271-4871,대전광역시 동구청,2023-12-01
주산동072,1,,대전광역시 동구 주산동 산 14-5,36.35761519,127.480576,,한전주,042-271-4871,대전광역시 동구청,2023-12-01
주산동073,1,,대전광역시 동구 주산동 101-9,36.35843244,127.4809477,,한전주,042-271-4871,대전광역시 동구청,2023-12-01
주산동074,1,,대전광역시 동구 주산동 211-26,36.3589573,127.4771504,,한전주,042-271-4871,대전광역시 동구청,2023-12-01
주산동075,1,,대전광역시 동구 주산동 211-13,36.35881654,127.4760663,,한전주,042-271-4871,대전광역시 동구청,2023-12-01
주산동076,1,,대전광역시 동구 주산동 102-4,36.35923251,127.4811926,,한전주,042-271-4871,대전광역시 동구청,2023-12-01
주산동077,1,,대전광역시 동구 주산동 123-4,36.36080273,127.4802147,,한전주,042-271-4871,대전광역시 동구청,2023-12-01
주산동078,1,,대전광역시 동구 주산동 산 8-2,36.3637021,127.4785177,,한전주,042-271-4871,대전광역시 동구청,2023-12-01
주산동079,1,,대전광역시 동구 주산동 산 8-3,36.36329507,127.4775781,,한전주,042-271-4871,대전광역시 동구청,2023-12-01
주산동080,1,,대전광역시 동구 주산동 산 8-2,36.3637021,127.4785177,,한전주,042-271-4871,대전광역시 동구청,2023-12-01
주산동081,1,,대전광역시 동구 주산동 211-28,36.35889191,127.4768042,,한전주,042-271-4871,대전광역시 동구청,2023-12-01
주촌동001,1,,대전광역시 동구 주촌동 160-4,36.41540049,127.5368355,,한전주,042-271-4871,대전광역시 동구청,2023-12-01
주촌동002,1,,대전광역시 동구 주촌동 160-15,36.41520611,127.5369547,,한전주,042-271-4871,대전광역시 동구청,2023-12-01
주촌동003,1,,대전광역시 동구 주촌동 160-19,36.41492477,127.5368739,,한전주,042-271-4871,대전광역시 동구청,2023-12-01
주촌동004,1,,대전광역시 동구 주촌동 170,36.41419802,127.5358824,,한전주,042-271-4871,대전광역시 동구청,2023-12-01
주촌동005,1,,대전광역시 동구 주촌동 171-1,36.41360633,127.5353785,,한전주,042-271-4871,대전광역시 동구청,2023-12-01
주촌동006,1,,대전광역시 동구 주촌동 182-1,36.41300657,127.535546,,한전주,042-271-4871,대전광역시 동구청,2023-12-01
주촌동007,1,,대전광역시 동구 주촌동 183-9,36.41302011,127.5357221,,한전주,042-271-4871,대전광역시 동구청,2023-12-01
주촌동008,1,,대전광역시 동구 주촌동 197,36.412998637,127.535225623,,한전주,042-271-4871,대전광역시 동구청,2023-12-01
주촌동009,1,,대전광역시 동구 주촌동 183-1,36.41302297,127.5359684,,한전주,042-271-4871,대전광역시 동구청,2023-12-01
주촌동010,1,,대전광역시 동구 주촌동 183-1,36.41302297,127.5359684,,한전주,042-271-4871,대전광역시 동구청,2023-12-01
주촌동011,1,,대전광역시 동구 주촌동 160-14,36.41519942,127.5373679,,한전주,042-271-4871,대전광역시 동구청,2023-12-01
주촌동012,1,,대전광역시 동구 주촌동 산24-2,36.39917659,127.5334225,,한전주,042-271-4871,대전광역시 동구청,2023-12-01
주촌동013,1,,대전광역시 동구 주촌동 산24-2,36.39917659,127.5334225,,한전주,042-271-4871,대전광역시 동구청,2023-12-01
주촌동014,1,,대전광역시 동구 주촌동 346-4,36.39831592,127.5329111,,한전주,042-271-4871,대전광역시 동구청,2023-12-01
주촌동015,1,,대전광역시 동구 주촌동 346-6,36.39780462,127.5324928,,한전주,042-271-4871,대전광역시 동구청,2023-12-01
주촌동016,1,,대전광역시 동구 주촌동 353,36.39715391,127.5315359,,전용주,042-271-4871,대전광역시 동구청,2023-12-01
주촌동017,1,,대전광역시 동구 주촌동 353,36.39715391,127.5315359,,한전주,042-271-4871,대전광역시 동구청,2023-12-01
주촌동018,1,,대전광역시 동구 주촌동 산 32-7,36.39741776,127.5310109,,한전주,042-271-4871,대전광역시 동구청,2023-12-01
주촌동019,1,,대전광역시 동구 주촌동 378-4,36.39790537,127.5303154,,한전주,042-271-4871,대전광역시 동구청,2023-12-01
주촌동020,1,,대전광역시 동구 주촌동 351-1,36.39813159,127.530127,,한전주,042-271-4871,대전광역시 동구청,2023-12-01
주촌동021,1,,대전광역시 동구 주촌동 산32-1,36.39793543,127.5297344,,한전주,042-271-4871,대전광역시 동구청,2023-12-01
주촌동022,1,,대전광역시 동구 주촌동 370,36.39220228,127.5320566,,한전주,042-271-4871,대전광역시 동구청,2023-12-01
주촌동027,1,,대전광역시 동구 주촌동 산 2-2,36.41394929,127.5384382,,한전주,042-271-4871,대전광역시 동구청,2023-12-01
주촌동032,1,,대전광역시 동구 주촌동 160-6,36.41594491,127.5362153,,한전주,042-271-4871,대전광역시 동구청,2023-12-01
주촌동033,1,,대전광역시 동구 주촌동 산 2-2,36.41394929,127.5384382,,한전주,042-271-4871,대전광역시 동구청,2023-12-01
주촌동034,1,,대전광역시 동구 주촌동 산 2-2,36.41394929,127.5384382,,한전주,042-271-4871,대전광역시 동구청,2023-12-01
주촌동035,1,,대전광역시 동구 주촌동 산 2-2,36.41394929,127.5384382,,한전주,042-271-4871,대전광역시 동구청,2023-12-01
주촌동036,1,,대전광역시 동구 주촌동 산 9-13,36.41116862,127.5393851,,한전주,042-271-4871,대전광역시 동구청,2023-12-01
주촌동037,1,,대전광역시 동구 주촌동 산 9-13,36.41116862,127.5393851,,한전주,042-271-4871,대전광역시 동구청,2023-12-01
주촌동038,1,,대전광역시 동구 주촌동 산 9-13,36.41116862,127.5393851,,한전주,042-271-4871,대전광역시 동구청,2023-12-01
주촌동039,1,,대전광역시 동구 주촌동 산 9-16,36.40953879,127.5405333,,한전주,042-271-4871,대전광역시 동구청,2023-12-01
주촌동040,1,,대전광역시 동구 주촌동 116,36.40905053,127.5403673,,한전주,042-271-4871,대전광역시 동구청,2023-12-01
주촌동041,1,,대전광역시 동구 주촌동 산 13-1,36.40075411,127.5418546,,한전주,042-271-4871,대전광역시 동구청,2023-12-01
주촌동042,1,,대전광역시 동구 주촌동 산 13-1,36.40075411,127.5418546,,한전주,042-271-4871,대전광역시 동구청,2023-12-01
주촌동043,1,,대전광역시 동구 주촌동 산 13-1,36.40075411,127.5418546,,한전주,042-271-4871,대전광역시 동구청,2023-12-01
주촌동044,1,,대전광역시 동구 주촌동 산 13-1,36.40075411,127.5418546,,한전주,042-271-4871,대전광역시 동구청,2023-12-01
주촌동045,1,,대전광역시 동구 주촌동 산 13-1,36.40075411,127.5418546,,한전주,042-271-4871,대전광역시 동구청,2023-12-01
주촌동046,1,,대전광역시 동구 주촌동 산 13-1,36.40075411,127.5418546,,한전주,042-271-4871,대전광역시 동구청,2023-12-01
주촌동047,1,,대전광역시 동구 주촌동 산 13-1,36.40075411,127.5418546,,한전주,042-271-4871,대전광역시 동구청,2023-12-01
주촌동048,1,,대전광역시 동구 주촌동 103,36.40385817,127.5365637,,한전주,042-271-4871,대전광역시 동구청,2023-12-01
주촌동049,1,,대전광역시 동구 주촌동 산 13-1,36.40075411,127.5418546,,한전주,042-271-4871,대전광역시 동구청,2023-12-01
주촌동050,1,,대전광역시 동구 주촌동 산 13-1,36.40075411,127.5418546,,한전주,042-271-4871,대전광역시 동구청,2023-12-01
주촌동051,1,,대전광역시 동구 주촌동 산 13-1,36.40075411,127.5418546,,한전주,042-271-4871,대전광역시 동구청,2023-12-01
주촌동052,1,,대전광역시 동구 주촌동 산 23-7,36.40108493,127.5356787,,한전주,042-271-4871,대전광역시 동구청,2023-12-01
주촌동053,1,,대전광역시 동구 주촌동 산 23-7,36.40108493,127.5356787,,한전주,042-271-4871,대전광역시 동구청,2023-12-01
주촌동054,1,,대전광역시 동구 주촌동 산 23-6,36.40060982,127.5360525,,한전주,042-271-4871,대전광역시 동구청,2023-12-01
주촌동055,1,,대전광역시 동구 주촌동 산 23-9,36.40016741,127.5354324,,한전주,042-271-4871,대전광역시 동구청,2023-12-01
주촌동056,1,,대전광역시 동구 주촌동 산 24-5,36.39950564,127.5344156,,한전주,042-271-4871,대전광역시 동구청,2023-12-01
주촌동057,1,,대전광역시 동구 주촌동 산 13-1,36.40075411,127.5418546,,한전주,042-271-4871,대전광역시 동구청,2023-12-01
주촌동058,1,,대전광역시 동구 주촌동 370-1,36.39169163,127.5318108,,한전주,042-271-4871,대전광역시 동구청,2023-12-01
주촌동059,1,,대전광역시 동구 주촌동 179,36.41317785,127.5353719,,한전주,042-271-4871,대전광역시 동구청,2023-12-01
중동001,1,,대전광역시 동구 중동 61-4,36.33106851,127.4304968,,한전주,042-271-4871,대전광역시 동구청,2023-12-01
중동002,1,,대전광역시 동구 중동 25-6,36.33094786,127.4302416,,한전주,042-271-4871,대전광역시 동구청,2023-12-01
중동004,1,,대전광역시 동구 중동 56-5,36.33074279,127.4296314,,한전주,042-271-4871,대전광역시 동구청,2023-12-01
중동005,1,,대전광역시 동구 중동 56-16,36.33066674,127.4293514,,한전주,042-271-4871,대전광역시 동구청,2023-12-01
중동007,1,,대전광역시 동구 중동 30-12,36.3310432,127.4291914,,건축물,042-271-4871,대전광역시 동구청,2023-12-01
중동008,1,,대전광역시 동구 중동 56-1,36.33100382,127.4296663,,한전주,042-271-4871,대전광역시 동구청,2023-12-01
중동009,1,,대전광역시 동구 중동 25-1,36.33117268,127.4300752,,한전주,042-271-4871,대전광역시 동구청,2023-12-01
중동010,1,,대전광역시 동구 중동 61-8,36.33129603,127.4304282,,한전주,042-271-4871,대전광역시 동구청,2023-12-01
중동011,1,,대전광역시 동구 중동 10-34,36.3322681,127.4299137,,한전주,042-271-4871,대전광역시 동구청,2023-12-01
중동012,1,,대전광역시 동구 중동 10-49,36.33218427,127.4297427,,한전주,042-271-4871,대전광역시 동구청,2023-12-01
중동013,1,,대전광역시 동구 중동 16-28,36.33176632,127.4297883,,한전주,042-271-4871,대전광역시 동구청,2023-12-01
중동014,1,,대전광역시 동구 중동 16-7,36.33156226,127.4298974,,한전주,042-271-4871,대전광역시 동구청,2023-12-01
중동015,1,,대전광역시 동구 중동 14-4,36.33182661,127.4292874,,한전주,042-271-4871,대전광역시 동구청,2023-12-01
중동016,1,,대전광역시 동구 중동 15-4,36.331588,127.4294813,,한전주,042-271-4871,대전광역시 동구청,2023-12-01
중동017,1,,대전광역시 동구 중동 15-1,36.33174078,127.4296727,,한전주,042-271-4871,대전광역시 동구청,2023-12-01
중동018,1,,대전광역시 동구 중동 32-11,36.33180124,127.4288223,,한전주,042-271-4871,대전광역시 동구청,2023-12-01
중동019,1,,대전광역시 동구 중동 30-7,36.33158219,127.4288906,,한전주,042-271-4871,대전광역시 동구청,2023-12-01
중동020,1,,대전광역시 동구 중동 30-7,36.33158219,127.4288906,,한전주,042-271-4871,대전광역시 동구청,2023-12-01
중동021,1,,대전광역시 동구 중동 30-9,36.33133419,127.4289661,,한전주,042-271-4871,대전광역시 동구청,2023-12-01
중동022,1,,대전광역시 동구 중동 51-30,36.3316636,127.4279271,,한전주,042-271-4871,대전광역시 동구청,2023-12-01
중동023,1,,대전광역시 동구 중동 51-34,36.33208147,127.4276243,,한전주,042-271-4871,대전광역시 동구청,2023-12-01
중동024,1,,대전광역시 동구 중동 51-21,36.33232918,127.4276581,,한전주,042-271-4871,대전광역시 동구청,2023-12-01
중동025,1,,대전광역시 동구 중동 46-4,36.33270994,127.4273773,,한전주,042-271-4871,대전광역시 동구청,2023-12-01
중동026,1,,대전광역시 동구 중동 35-1,36.33273604,127.4278404,,한전주,042-271-4871,대전광역시 동구청,2023-12-01
중동027,1,,대전광역시 동구 중동 32-6,36.33246005,127.4281063,,한전주,042-271-4871,대전광역시 동구청,2023-12-01
중동028,1,,대전광역시 동구 중동 33-5,36.33211368,127.4284957,,한전주,042-271-4871,대전광역시 동구청,2023-12-01
중동029,1,,대전광역시 동구 중동 36-17,36.33286546,127.4280892,,한전주,042-271-4871,대전광역시 동구청,2023-12-01
중동030,1,,대전광역시 동구 중동 32-18,36.33254318,127.428346,,한전주,042-271-4871,대전광역시 동구청,2023-12-01
중동031,1,,대전광역시 동구 중동 10-73,36.33235811,127.4287123,,한전주,042-271-4871,대전광역시 동구청,2023-12-01
중동032,1,,대전광역시 동구 중동 32-14,36.33213833,127.4287591,,한전주,042-271-4871,대전광역시 동구청,2023-12-01
중동033,1,,대전광역시 동구 중동 10-73,36.33235811,127.4287123,,한전주,042-271-4871,대전광역시 동구청,2023-12-01
중동034,1,,대전광역시 동구 중동 10-24,36.33276964,127.4285973,,한전주,042-271-4871,대전광역시 동구청,2023-12-01
중동035,1,,대전광역시 동구 중동 2-12,36.33308283,127.4286155,,한전주,042-271-4871,대전광역시 동구청,2023-12-01
중동036,1,,대전광역시 동구 중동 2-1,36.33329914,127.4287835,,한전주,042-271-4871,대전광역시 동구청,2023-12-01
중동037,1,,대전광역시 동구 중동 9-25,36.33292815,127.4291767,,한전주,042-271-4871,대전광역시 동구청,2023-12-01
중동039,1,,대전광역시 동구 중동 10-45,36.33222254,127.4296248,,한전주,042-271-4871,대전광역시 동구청,2023-12-01
중동040,1,,대전광역시 동구 중동 2-4,36.33338106,127.4287563,,한전주,042-271-4871,대전광역시 동구청,2023-12-01
중동041,1,,대전광역시 동구 중동 1-76,36.33351904,127.4286267,,한전주,042-271-4871,대전광역시 동구청,2023-12-01
중동042,1,,대전광역시 동구 중동 1-29,36.33350672,127.4282424,,건축물,042-271-4871,대전광역시 동구청,2023-12-01
중동044,1,,대전광역시 동구 중동 1-13,36.33372007,127.4280308,,전용주,042-271-4871,대전광역시 동구청,2023-12-01
중동045,1,,대전광역시 동구 중동 3-1,36.33383669,127.4276246,,건축물,042-271-4871,대전광역시 동구청,2023-12-01
중동046,1,,대전광역시 동구 중동 3-17,36.33355418,127.4278742,,한전주,042-271-4871,대전광역시 동구청,2023-12-01
중동047,1,,대전광역시 동구 중동 3-8,36.33336288,127.4280216,,한전주,042-271-4871,대전광역시 동구청,2023-12-01
중동048,1,,대전광역시 동구 중동 3-22,36.33310558,127.428251,,한전주,042-271-4871,대전광역시 동구청,2023-12-01
중동049,1,,대전광역시 동구 중동 3-32,36.33311343,127.4279727,,한전주,042-271-4871,대전광역시 동구청,2023-12-01
중동050,1,,대전광역시 동구 중동 36-4,36.33344943,127.4274057,,한전주,042-271-4871,대전광역시 동구청,2023-12-01
중동051,1,,대전광역시 동구 중동 35-11,36.33321006,127.4276112,,한전주,042-271-4871,대전광역시 동구청,2023-12-01
중동052,1,,대전광역시 동구 중동 46-3,36.33282439,127.4272903,,한전주,042-271-4871,대전광역시 동구청,2023-12-01
중동053,1,,대전광역시 동구 중동 47-4,36.33310903,127.4272107,,한전주,042-271-4871,대전광역시 동구청,2023-12-01
중동054,1,,대전광역시 동구 중동 78-17,36.33058213,127.4326225,,건축물,042-271-4871,대전광역시 동구청,2023-12-01
중동055,1,,대전광역시 동구 중동 77-9,36.33059322,127.4321986,,건축물,042-271-4871,대전광역시 동구청,2023-12-01
중동056,1,,대전광역시 동구 중동 14-7,36.33191412,127.4294611,,한전주,042-271-4871,대전광역시 동구청,2023-12-01
중동056-2,1,,대전광역시 동구 중동 308-6,36.33186644,127.4310021,,전용주,042-271-4871,대전광역시 동구청,2023-12-01
중동057,1,,대전광역시 동구 중동 22-2,36.33235076,127.4307561,,전용주,042-271-4871,대전광역시 동구청,2023-12-01
중동058,1,,대전광역시 동구 중동 308-2,36.33179677,127.4313097,,전용주,042-271-4871,대전광역시 동구청,2023-12-01
중동059,1,,대전광역시 동구 중동 22-8,36.33184304,127.4311057,,전용주,042-271-4871,대전광역시 동구청,2023-12-01
중동060,1,,대전광역시 동구 중동 317,36.33188672,127.4326103,,전용주,042-271-4871,대전광역시 동구청,2023-12-01
중동061,1,,대전광역시 동구 중동 23-15,36.3315702,127.431397,,전용주,042-271-4871,대전광역시 동구청,2023-12-01
중동062,1,,대전광역시 동구 중동 24-6,36.33140241,127.4314693,,전용주,042-271-4871,대전광역시 동구청,2023-12-01
중동063,1,,대전광역시 동구 중동 24-11,36.33144391,127.4315813,,전용주,042-271-4871,대전광역시 동구청,2023-12-01
중동064,1,,대전광역시 동구 중동 317,36.33188672,127.4326103,,전용주,042-271-4871,대전광역시 동구청,2023-12-01
중동065,1,,대전광역시 동구 중동 21-1,36.33229565,127.4305696,,전용주,042-271-4871,대전광역시 동구청,2023-12-01
중동066,1,,대전광역시 동구 중동 64-15,36.33105874,127.4316584,,전용주,042-271-4871,대전광역시 동구청,2023-12-01
중동067,1,,대전광역시 동구 중동 21-33,36.33194077,127.4308189,,전용주,042-271-4871,대전광역시 동구청,2023-12-01
중동068,1,,대전광역시 동구 중동 61-6,36.33120917,127.4307778,,전용주,042-271-4871,대전광역시 동구청,2023-12-01
중동069,1,,대전광역시 동구 중동 61-3,36.33110713,127.4306087,,전용주,042-271-4871,대전광역시 동구청,2023-12-01
중동070,1,,대전광역시 동구 중동 61-1,36.33140263,127.4307342,,전용주,042-271-4871,대전광역시 동구청,2023-12-01
중동071,1,,대전광역시 동구 중동 61-1,36.33140263,127.4307342,,전용주,042-271-4871,대전광역시 동구청,2023-12-01
중동072,1,,대전광역시 동구 중동 61-8,36.33129603,127.4304282,,전용주,042-271-4871,대전광역시 동구청,2023-12-01
중동073,1,,대전광역시 동구 중동 1-67,36.33409752,127.4281976,,한전주,042-271-4871,대전광역시 동구청,2023-12-01
중동074,1,,대전광역시 동구 중동 10-13,36.33273997,127.428854,,한전주,042-271-4871,대전광역시 동구청,2023-12-01
중동075,1,,대전광역시 동구 중동 9-5,36.33264125,127.4295455,,한전주,042-271-4871,대전광역시 동구청,2023-12-01
중동076,1,,대전광역시 동구 중동 77-10,36.3305887,127.4320283,,전용주,042-271-4871,대전광역시 동구청,2023-12-01
중동077,1,,대전광역시 동구 중동 77-13,36.33079614,127.4322553,,건축물,042-271-4871,대전광역시 동구청,2023-12-01
중동078,1,,대전광역시 동구 중동 77-22,36.33076755,127.4321368,,건축물,042-271-4871,대전광역시 동구청,2023-12-01
중동079,1,,대전광역시 동구 중동 77-21,36.33079614,127.4322553,,건축물,042-271-4871,대전광역시 동구청,2023-12-01
중동080,1,,대전광역시 동구 중동 317,36.33188672,127.4326103,,한전주,042-271-4871,대전광역시 동구청,2023-12-01
중동081,1,,대전광역시 동구 중동 30-12,36.3310432,127.4291914,,한전주,042-271-4871,대전광역시 동구청,2023-12-01
중동082,1,,대전광역시 동구 중동 47-4,36.33310903,127.4272107,,전용주,042-271-4871,대전광역시 동구청,2023-12-01
중동083,1,,대전광역시 동구 중동 3-3,36.33337769,127.4279155,,한전주,042-271-4871,대전광역시 동구청,2023-12-01
중동084,1,,대전광역시 동구 중동 47-4,36.33310903,127.4272107,,전용주,042-271-4871,대전광역시 동구청,2023-12-01
직동001,1,,대전광역시 동구 직동 675-1,36.41766365,127.478772,,한전주,042-271-4871,대전광역시 동구청,2023-12-01
직동002,1,,대전광역시 동구 직동 635,36.41850288,127.4786886,,한전주,042-271-4871,대전광역시 동구청,2023-12-01
직동003,1,,대전광역시 동구 직동 641,36.41864086,127.478393,,한전주,042-271-4871,대전광역시 동구청,2023-12-01
직동004,1,,대전광역시 동구 직동 640-1,36.4188635,127.4781996,,한전주,042-271-4871,대전광역시 동구청,2023-12-01
직동005,1,,대전광역시 동구 직동 647-1,36.4181722,127.4782049,,한전주,042-271-4871,대전광역시 동구청,2023-12-01
직동006,1,,대전광역시 동구 직동 633,36.41854677,127.4795539,,한전주,042-271-4871,대전광역시 동구청,2023-12-01
직동007,1,,대전광역시 동구 직동 626,36.41895877,127.4803947,,한전주,042-271-4871,대전광역시 동구청,2023-12-01
직동008,1,,대전광역시 동구 직동 488,36.41978374,127.4813947,,한전주,042-271-4871,대전광역시 동구청,2023-12-01
직동009,1,,대전광역시 동구 직동 492-3,36.42025788,127.4818745,,한전주,042-271-4871,대전광역시 동구청,2023-12-01
직동010,1,,대전광역시 동구 직동 산19-1,36.42014403,127.4815029,,한전주,042-271-4871,대전광역시 동구청,2023-12-01
직동011,1,,대전광역시 동구 직동 492-2,36.42043499,127.4820646,,한전주,042-271-4871,대전광역시 동구청,2023-12-01
직동012,1,,대전광역시 동구 직동 493,36.42032198,127.482224,,한전주,042-271-4871,대전광역시 동구청,2023-12-01
직동013,1,,대전광역시 동구 직동 493,36.42032198,127.482224,,한전주,042-271-4871,대전광역시 동구청,2023-12-01
직동014,1,,대전광역시 동구 직동 496,36.42016305,127.4830857,,한전주,042-271-4871,대전광역시 동구청,2023-12-01
직동015,1,,대전광역시 동구 직동 496-1,36.41997694,127.4832445,,전용주,042-271-4871,대전광역시 동구청,2023-12-01
직동016,1,,대전광역시 동구 직동 532-3,36.41593317,127.4905802,,한전주,042-271-4871,대전광역시 동구청,2023-12-01
직동017,1,,대전광역시 동구 직동 532-8,36.4157509,127.4906819,,한전주,042-251-4756,대전광역시 동구청,2023-12-01
직동018,1,,대전광역시 동구 직동 532-2,36.41594608,127.4907279,,한전주,042-271-4871,대전광역시 동구청,2023-12-01
직동019,1,,대전광역시 동구 직동 532-1,36.41608329,127.4906944,,한전주,042-271-4871,대전광역시 동구청,2023-12-01
직동020,1,,대전광역시 동구 직동 532-2,36.41594608,127.4907279,,한전주,042-271-4871,대전광역시 동구청,2023-12-01
직동021,1,,대전광역시 동구 직동 527,36.41516232,127.4905256,,한전주,042-271-4871,대전광역시 동구청,2023-12-01
직동022,1,,대전광역시 동구 직동 산 90-11,36.40581232,127.4918878,,한전주,042-271-4871,대전광역시 동구청,2023-12-01
직동023,1,,대전광역시 동구 직동 114-5,36.405354,127.4913868,,한전주,042-271-4871,대전광역시 동구청,2023-12-01
직동024,1,,대전광역시 동구 직동 114-6,36.40513077,127.4913448,,한전주,042-271-4871,대전광역시 동구청,2023-12-01
직동025,1,,대전광역시 동구 직동 114-6,36.40513077,127.4913448,,한전주,042-271-4871,대전광역시 동구청,2023-12-01
직동026,1,,대전광역시 동구 직동 산 90-11,36.40581232,127.4918878,,한전주,042-271-4871,대전광역시 동구청,2023-12-01
직동027,1,,대전광역시 동구 직동 114-7,36.4052116,127.4915213,,한전주,042-271-4871,대전광역시 동구청,2023-12-01
직동028,1,,대전광역시 동구 직동 489,36.41972971,127.4815933,,한전주,042-271-4871,대전광역시 동구청,2023-12-01
직동029,1,,대전광역시 동구 직동 675-1,36.41766365,127.478772,,한전주,042-271-4871,대전광역시 동구청,2023-12-01
직동030,1,,대전광역시 동구 직동 675-4,36.4173336,127.4791212,,한전주,042-271-4871,대전광역시 동구청,2023-12-01
직동031,1,,대전광역시 동구 직동 686-2,36.41788909,127.4797477,,한전주,042-271-4871,대전광역시 동구청,2023-12-01
직동032,1,,대전광역시 동구 직동 686-2,36.41788909,127.4797477,,한전주,042-271-4871,대전광역시 동구청,2023-12-01
직동033,1,,대전광역시 동구 직동 612-1,36.41687189,127.480411,,한전주,042-271-4871,대전광역시 동구청,2023-12-01
직동034,1,,대전광역시 동구 직동 688,36.41738527,127.4800552,,한전주,042-271-4871,대전광역시 동구청,2023-12-01
직동035,1,,대전광역시 동구 직동 702,36.41695458,127.4790502,,한전주,042-271-4871,대전광역시 동구청,2023-12-01
직동036,1,,대전광역시 동구 직동 708,36.41658472,127.4798038,,한전주,042-271-4871,대전광역시 동구청,2023-12-01
직동037,1,,대전광역시 동구 직동 710,36.41657578,127.4802302,,한전주,042-271-4871,대전광역시 동구청,2023-12-01
직동038,1,,대전광역시 동구 직동 609,36.41593444,127.4809208,,한전주,042-271-4871,대전광역시 동구청,2023-12-01
직동039,1,,대전광역시 동구 직동 712-2,36.41631405,127.4799004,,한전주,042-271-4871,대전광역시 동구청,2023-12-01
직동040,1,,대전광역시 동구 직동 713-2,36.41568939,127.4791322,,전용주,042-271-4871,대전광역시 동구청,2023-12-01
직동041,1,,대전광역시 동구 직동 714-1,36.41535991,127.4788861,,한전주,042-271-4871,대전광역시 동구청,2023-12-01
직동042,1,,대전광역시 동구 직동 714-5,36.41509896,127.4785153,,한전주,042-271-4871,대전광역시 동구청,2023-12-01
직동043,1,,대전광역시 동구 직동 산79-1,36.41552258,127.4784999999,,한전주,042-271-4871,대전광역시 동구청,2023-12-01
직동044,1,,대전광역시 동구 직동 705,36.41613139,127.479091,,한전주,042-271-4871,대전광역시 동구청,2023-12-01
직동045,1,,대전광역시 동구 직동 676,36.41788909,127.4797477,,한전주,042-271-4871,대전광역시 동구청,2023-12-01
직동048,1,,대전광역시 동구 직동 162-13,36.4099686,127.4910817,,한전주,042-271-4871,대전광역시 동구청,2023-12-01
직동049,1,,대전광역시 동구 직동 산 39-4,36.41598736,127.4911068,,한전주,042-271-4871,대전광역시 동구청,2023-12-01
직동050,1,,대전광역시 동구 직동 산 40-7,36.41532488,127.4907674,,한전주,042-271-4871,대전광역시 동구청,2023-12-01
직동051,1,,대전광역시 동구 직동 529-1,36.41405598,127.4910622,,한전주,042-271-4871,대전광역시 동구청,2023-12-01
직동052,1,,대전광역시 동구 직동 763-2,36.41216411,127.491444,,한전주,042-271-4871,대전광역시 동구청,2023-12-01
직동053,1,,대전광역시 동구 직동 산 56-13,36.41166728,127.4911238,,한전주,042-271-4871,대전광역시 동구청,2023-12-01
직동054,1,,대전광역시 동구 직동 산 56-10,36.41016511,127.4911415,,한전주,042-271-4871,대전광역시 동구청,2023-12-01
직동055,1,,대전광역시 동구 직동 819,36.40934944,127.4897526,,한전주,042-271-4871,대전광역시 동구청,2023-12-01
직동056,1,,대전광역시 동구 직동 산 90-11,36.40581232,127.4918878,,한전주,042-271-4871,대전광역시 동구청,2023-12-01
직동057,1,,대전광역시 동구 직동 산 90-11,36.40581232,127.4918878,,한전주,042-271-4871,대전광역시 동구청,2023-12-01
직동058,1,,대전광역시 동구 직동 산 90-11,36.40581232,127.4918878,,한전주,042-271-4871,대전광역시 동구청,2023-12-01
직동059,1,,대전광역시 동구 직동 산 90-11,36.40581232,127.4918878,,한전주,042-271-4871,대전광역시 동구청,2023-12-01
직동060,1,,대전광역시 동구 직동 산 90-11,36.40581232,127.4918878,,한전주,042-271-4871,대전광역시 동구청,2023-12-01
직동061,1,,대전광역시 동구 직동 831,36.40269972,127.4915194,,한전주,042-271-4871,대전광역시 동구청,2023-12-01
직동062,1,,대전광역시 동구 직동 산 90-17,36.40187127,127.4913975,,한전주,042-271-4871,대전광역시 동구청,2023-12-01
직동063,1,,대전광역시 동구 직동 산 91-4,36.3998989,127.4912641,,한전주,042-271-4871,대전광역시 동구청,2023-12-01
직동064,1,,대전광역시 동구 직동 산 91-4,36.3998989,127.4912641,,한전주,042-271-4871,대전광역시 동구청,2023-12-01
직동065,1,,대전광역시 동구 직동 62-1,36.39792199,127.4916548,,한전주,042-271-4871,대전광역시 동구청,2023-12-01
직동066,1,,대전광역시 동구 직동 78-5,36.39618153,127.4920087,,한전주,042-271-4871,대전광역시 동구청,2023-12-01
직동067,1,,대전광역시 동구 직동 산 98-4,36.39592421,127.4921595,,한전주,042-271-4871,대전광역시 동구청,2023-12-01
직동068,1,,대전광역시 동구 직동 산 98-3,36.39457777,127.4916383,,한전주,042-271-4871,대전광역시 동구청,2023-12-01
직동069,1,,대전광역시 동구 직동 83,36.39353158,127.4911935,,한전주,042-271-4871,대전광역시 동구청,2023-12-01
직동070,1,,대전광역시 동구 직동 산 90-1,36.40474864,127.4890862,,한전주,042-271-4871,대전광역시 동구청,2023-12-01
직동071,1,,대전광역시 동구 직동 산 90-1,36.40474864,127.4890862,,한전주,042-271-4871,대전광역시 동구청,2023-12-01
직동072,1,,대전광역시 동구 직동 산 90-1,36.40474864,127.4890862,,한전주,042-271-4871,대전광역시 동구청,2023-12-01
직동073,1,,대전광역시 동구 직동 820,36.40230457,127.4895088,,한전주,042-271-4871,대전광역시 동구청,2023-12-01
직동074,1,,대전광역시 동구 직동 산 90-1,36.40474864,127.4890862,,한전주,042-271-4871,대전광역시 동구청,2023-12-01
직동075,1,,대전광역시 동구 직동 171-3,36.41299881,127.4913507,,한전주,042-271-4871,대전광역시 동구청,2023-12-01
천동001,1,,대전광역시 동구 천동 528,36.31621587,127.4483868,,한전주,042-271-4871,대전광역시 동구청,2023-12-01
천동029,1,,대전광역시 동구 천동 502-83,36.31506668,127.4411915,,한전주,042-271-4871,대전광역시 동구청,2023-12-01
천동030,1,,대전광역시 동구 천동 540,36.31481639,127.4429103,,한전주,042-271-4871,대전광역시 동구청,2023-12-01
천동031,1,,대전광역시 동구 천동 129-1,36.31457141,127.4413364,,한전주,042-271-4871,대전광역시 동구청,2023-12-01
천동032,1,,대전광역시 동구 천동 106-1,36.31412261,127.442291,,한전주,042-271-4871,대전광역시 동구청,2023-12-01
천동033,1,,대전광역시 동구 천동 106-1,36.31412261,127.442291,,한전주,042-271-4871,대전광역시 동구청,2023-12-01
천동034,1,,대전광역시 동구 천동 106-4,36.31407057,127.4425959,,전용주,042-271-4871,대전광역시 동구청,2023-12-01
천동035,1,,대전광역시 동구 천동 106-6,36.31387964,127.4426132,,전용주,042-271-4871,대전광역시 동구청,2023-12-01
천동036,1,,대전광역시 동구 천동 106-7,36.31368217,127.4427645,,건축물,042-271-4871,대전광역시 동구청,2023-12-01
천동037,1,,대전광역시 동구 천동 108-1,36.3137244,127.4423829,,한전주,042-271-4871,대전광역시 동구청,2023-12-01
천동038,1,,대전광역시 동구 천동 106-10,36.31350466,127.4422701,,한전주,042-271-4871,대전광역시 동구청,2023-12-01
천동039,1,,대전광역시 동구 천동 106-13,36.3132031,127.4421792,,한전주,042-271-4871,대전광역시 동구청,2023-12-01
천동040,1,,대전광역시 동구 효동 301-2,36.31333468,127.4405403,,전용주,042-271-4871,대전광역시 동구청,2023-12-01
천동041,1,,대전광역시 동구 천동 121,36.31294345,127.4408326,,한전주,042-271-4871,대전광역시 동구청,2023-12-01
천동042,1,,대전광역시 동구 천동 71-1,36.31147133,127.4462938,,한전주,042-271-4871,대전광역시 동구청,2023-12-01
천동044,1,,대전광역시 동구 천동 64-3,36.31004134,127.4494703,,한전주,042-271-4871,대전광역시 동구청,2023-12-01
천동045,1,,대전광역시 동구 천동 64-4,36.31006284,127.4495531,,한전주,042-271-4871,대전광역시 동구청,2023-12-01
천동046,1,,대전광역시 동구 천동 64-6,36.31027927,127.4492998,,한전주,042-271-4871,대전광역시 동구청,2023-12-01
천동047,1,,대전광역시 동구 천동 76-84,36.31156454,127.4481428,,한전주,042-271-4871,대전광역시 동구청,2023-12-01
천동048,1,,대전광역시 동구 천동 76-96,36.31171764,127.446485,,한전주,042-271-4871,대전광역시 동구청,2023-12-01
천동049,1,,대전광역시 동구 천동 76-3,36.31278513,127.4463759,,한전주,042-271-4871,대전광역시 동구청,2023-12-01
천동050,1,,대전광역시 동구 천동 226-20,36.31666055,127.4463064,,한전주,042-271-4871,대전광역시 동구청,2023-12-01
천동100,1,,대전광역시 동구 천동 528,36.31621587,127.4483868,,한전주,042-271-4871,대전광역시 동구청,2023-12-01
천동117,1,,대전광역시 동구 천동 516,36.31636941,127.4470705,,한전주,042-271-4871,대전광역시 동구청,2023-12-01
천동118,1,,대전광역시 동구 천동 26-7,36.31674006,127.4473837,,한전주,042-271-4871,대전광역시 동구청,2023-12-01
천동120,1,,대전광역시 동구 천동 36-15,36.3166778,127.4487262,,한전주,042-271-4871,대전광역시 동구청,2023-12-01
천동124,1,,대전광역시 동구 천동 76-13,36.31299533,127.445543,,전용주,042-271-4871,대전광역시 동구청,2023-12-01
천동125,1,,대전광역시 동구 천동 76-38,36.31299378,127.4452573,,한전주,042-271-4871,대전광역시 동구청,2023-12-01
천동126,1,,대전광역시 동구 천동 76-40,36.31282996,127.4449641,,한전주,042-271-4871,대전광역시 동구청,2023-12-01
천동127,1,,대전광역시 동구 천동 76-34,36.31296511,127.4457438,,한전주,042-271-4871,대전광역시 동구청,2023-12-01
천동128,1,,대전광역시 동구 천동 75-13,36.31218393,127.4453434,,한전주,042-271-4871,대전광역시 동구청,2023-12-01
천동129,1,,대전광역시 동구 천동 76-33,36.31221367,127.4450536,,전용주,042-271-4871,대전광역시 동구청,2023-12-01
천동130,1,,대전광역시 동구 천동 76-21,36.31252736,127.4449102,,한전주,042-271-4871,대전광역시 동구청,2023-12-01
천동131,1,,대전광역시 동구 천동 산 18-6,36.31293045,127.4446469,,한전주,042-271-4871,대전광역시 동구청,2023-12-01
천동132,1,,대전광역시 동구 천동 산 18-6,36.31293045,127.4446469,,전용주,042-271-4871,대전광역시 동구청,2023-12-01
천동133,1,,대전광역시 동구 천동 76-68,36.31238866,127.4445011,,전용주,042-271-4871,대전광역시 동구청,2023-12-01
천동134,1,,대전광역시 동구 천동 76-27,36.3123636,127.4448411,,한전주,042-271-4871,대전광역시 동구청,2023-12-01
천동135,1,,대전광역시 동구 천동 76-26,36.31209773,127.4447756,,건축물,042-271-4871,대전광역시 동구청,2023-12-01
천동136,1,,대전광역시 동구 천동 산 18-6,36.31293045,127.4446469,,한전주,042-271-4871,대전광역시 동구청,2023-12-01
천동137,1,,대전광역시 동구 천동 76-51,36.31206569,127.4440862,,한전주,042-271-4871,대전광역시 동구청,2023-12-01
천동138,1,,대전광역시 동구 천동 산 18-6,36.31293045,127.4446469,,한전주,042-271-4871,대전광역시 동구청,2023-12-01
천동139,1,,대전광역시 동구 천동 18-6,36.31834591,127.4471549,,한전주,042-271-4871,대전광역시 동구청,2023-12-01
천동140,1,,대전광역시 동구 천동 76-48,36.31188733,127.4440394,,전용주,042-271-4871,대전광역시 동구청,2023-12-01
천동141,1,,대전광역시 동구 천동 115-3,36.31240908,127.4427614,,전용주,042-271-4871,대전광역시 동구청,2023-12-01
천동142,1,,대전광역시 동구 천동 115-3,36.31240908,127.4427614,,전용주,042-271-4871,대전광역시 동구청,2023-12-01
천동143,1,,대전광역시 동구 천동 109-1,36.31364543,127.4416368,,한전주,042-271-4871,대전광역시 동구청,2023-12-01
천동144,1,,대전광역시 동구 천동 110,36.31349045,127.4413603,,한전주,042-271-4871,대전광역시 동구청,2023-12-01
추동001,1,,대전광역시 동구 추동 624-4,36.3741607,127.4678206,,한전주,042-271-4871,대전광역시 동구청,2023-12-01
추동002,1,,대전광역시 동구 추동 626,36.37357786,127.4675109,,한전주,042-271-4871,대전광역시 동구청,2023-12-01
추동003,1,,대전광역시 동구 추동 627,36.37362254,127.4673765,,한전주,042-271-4871,대전광역시 동구청,2023-12-01
추동004,1,,대전광역시 동구 추동 639-1,36.37329529,127.4669481,,한전주,042-271-4871,대전광역시 동구청,2023-12-01
추동005,1,,대전광역시 동구 추동 637,36.37306499,127.4660858,,한전주,042-271-4871,대전광역시 동구청,2023-12-01
추동006,1,,대전광역시 동구 추동 646-2,36.37305599,127.4676244,,한전주,042-271-4871,대전광역시 동구청,2023-12-01
추동007,1,,대전광역시 동구 추동 653-2,36.37280149,127.4671458,,한전주,042-271-4871,대전광역시 동구청,2023-12-01
추동008,1,,대전광역시 동구 추동 653-7,36.37249704,127.4669709,,한전주,042-271-4871,대전광역시 동구청,2023-12-01
추동009,1,,대전광역시 동구 추동 653-8,36.37231536,127.4667648,,한전주,042-271-4871,대전광역시 동구청,2023-12-01
추동010,1,,대전광역시 동구 추동 646-1,36.37319469,127.4678079,,전용주,042-271-4871,대전광역시 동구청,2023-12-01
추동011,1,,대전광역시 동구 추동 645,36.37312626,127.4680624,,한전주,042-271-4871,대전광역시 동구청,2023-12-01
추동012,1,,대전광역시 동구 추동 454,36.37352821,127.4702706,,한전주,042-271-4871,대전광역시 동구청,2023-12-01
추동013,1,,대전광역시 동구 추동 454-3,36.37334026,127.4707604,,한전주,042-271-4871,대전광역시 동구청,2023-12-01
추동014,1,,대전광역시 동구 추동 36-1,36.37395033,127.4718403,,전용주,042-271-4871,대전광역시 동구청,2023-12-01
추동015,1,,대전광역시 동구 추동 451,36.3736628,127.4717845,,한전주,042-271-4871,대전광역시 동구청,2023-12-01
추동016,1,,대전광역시 동구 추동 451-1,36.37340568,127.471629,,전용주,042-271-4871,대전광역시 동구청,2023-12-01
추동017,1,,대전광역시 동구 추동 451-7,36.37313528,127.4718237,,한전주,042-271-4871,대전광역시 동구청,2023-12-01
추동018,1,,대전광역시 동구 추동 450-12,36.37263921,127.4722067,,한전주,042-271-4871,대전광역시 동구청,2023-12-01
추동019,1,,대전광역시 동구 추동 451-10,36.37359468,127.4719431,,한전주,042-271-4871,대전광역시 동구청,2023-12-01
추동020,1,,대전광역시 동구 추동 449-1,36.37348883,127.4727301,,전용주,042-271-4871,대전광역시 동구청,2023-12-01
추동021,1,,대전광역시 동구 추동 450-3,36.37341016,127.4724342,,한전주,042-271-4871,대전광역시 동구청,2023-12-01
추동022,1,,대전광역시 동구 추동 450-17,36.37283283,127.4726274,,한전주,042-271-4871,대전광역시 동구청,2023-12-01
추동023,1,,대전광역시 동구 추동 327,36.37434465,127.4742833,,한전주,042-271-4871,대전광역시 동구청,2023-12-01
추동024,1,,대전광역시 동구 추동 688-4,36.37347598,127.4731347,,한전주,042-271-4871,대전광역시 동구청,2023-12-01
추동025,1,,대전광역시 동구 추동 445-1,36.37311008,127.4747278,,한전주,042-271-4871,대전광역시 동구청,2023-12-01
추동026,1,,대전광역시 동구 추동 산32-2,36.37316681,127.4753067,,한전주,042-271-4871,대전광역시 동구청,2023-12-01
추동027,1,,대전광역시 동구 추동 484-6,36.37586695,127.4744511,,한전주,042-271-4871,대전광역시 동구청,2023-12-01
추동028,1,,대전광역시 동구 추동 710,36.3762082,127.4739282,,한전주,042-271-4871,대전광역시 동구청,2023-12-01
추동029,1,,대전광역시 동구 추동 484-21,36.37682903,127.4732956,,한전주,042-271-4871,대전광역시 동구청,2023-12-01
추동030,1,,대전광역시 동구 추동 483,36.37693567,127.4724894,,한전주,042-271-4871,대전광역시 동구청,2023-12-01
추동031,1,,대전광역시 동구 추동 483,36.37693567,127.4724894,,한전주,042-271-4871,대전광역시 동구청,2023-12-01
추동032,1,,대전광역시 동구 추동 483-1,36.37716713,127.4723893,,전용주,042-271-4871,대전광역시 동구청,2023-12-01
추동033,1,,대전광역시 동구 추동 483,36.37693567,127.4724894,,한전주,042-271-4871,대전광역시 동구청,2023-12-01
추동034,1,,대전광역시 동구 추동 479-1,36.37595363,127.4718154,,한전주,042-271-4871,대전광역시 동구청,2023-12-01
추동035,1,,대전광역시 동구 추동 479-5,36.37577835,127.4715413,,한전주,042-271-4871,대전광역시 동구청,2023-12-01
추동036,1,,대전광역시 동구 추동 479-2,36.3754464,127.4714732,,한전주,042-271-4871,대전광역시 동구청,2023-12-01
추동037,1,,대전광역시 동구 추동 484-14,36.37635089,127.4741302,,전용주,042-271-4871,대전광역시 동구청,2023-12-01
추동038,1,,대전광역시 동구 추동 484-27,36.3761966,127.4749039,,한전주,042-271-4871,대전광역시 동구청,2023-12-01
추동039,1,,대전광역시 동구 추동 484-3,36.37630672,127.4748143,,전용주,042-271-4871,대전광역시 동구청,2023-12-01
추동040,1,,대전광역시 동구 추동 222-3,36.37726758,127.4763006,,한전주,042-271-4871,대전광역시 동구청,2023-12-01
추동041,1,,대전광역시 동구 추동 244,36.37943826,127.4778478,,한전주,042-271-4871,대전광역시 동구청,2023-12-01
추동042,1,,대전광역시 동구 추동 191,36.37990668,127.4778932,,한전주,042-271-4871,대전광역시 동구청,2023-12-01
추동043,1,,대전광역시 동구 추동 200-11,36.3803346,127.478152,,한전주,042-271-4871,대전광역시 동구청,2023-12-01
추동044,1,,대전광역시 동구 추동 200-10,36.38048569,127.4780268,,한전주,042-271-4871,대전광역시 동구청,2023-12-01
추동045,1,,대전광역시 동구 추동 200-13,36.38065779,127.477626,,한전주,042-271-4871,대전광역시 동구청,2023-12-01
추동046,1,,대전광역시 동구 추동 200-6,36.38094347,127.4775118,,한전주,042-271-4871,대전광역시 동구청,2023-12-01
추동047,1,,대전광역시 동구 추동 552-5,36.38065601,127.4780498,,전용주,042-271-4871,대전광역시 동구청,2023-12-01
추동048,1,,대전광역시 동구 추동 232-2,36.37860844,127.4780302,,한전주,042-271-4871,대전광역시 동구청,2023-12-01
추동049,1,,대전광역시 동구 추동 333,36.37176286,127.475627,,한전주,042-271-4871,대전광역시 동구청,2023-12-01
추동050,1,,대전광역시 동구 추동 441-6,36.37160502,127.4749493,,한전주,042-271-4871,대전광역시 동구청,2023-12-01
추동051,1,,대전광역시 동구 추동 441-1,36.37108984,127.4739794,,한전주,042-271-4871,대전광역시 동구청,2023-12-01
추동052,1,,대전광역시 동구 추동 441-1,36.37108984,127.4739794,,한전주,042-271-4871,대전광역시 동구청,2023-12-01
추동053,1,,대전광역시 동구 추동 440-35,36.37065622,127.4731775,,한전주,042-271-4871,대전광역시 동구청,2023-12-01
추동054,1,,대전광역시 동구 추동 440-9,36.37034038,127.4735145,,한전주,042-271-4871,대전광역시 동구청,2023-12-01
추동055,1,,대전광역시 동구 추동 440-7,36.36980875,127.473521,,한전주,042-271-4871,대전광역시 동구청,2023-12-01
추동056,1,,대전광역시 동구 추동 440-10,36.37020366,127.4736082,,한전주,042-271-4871,대전광역시 동구청,2023-12-01
추동057,1,,대전광역시 동구 추동 440-19,36.37020521,127.4742842,,한전주,042-271-4871,대전광역시 동구청,2023-12-01
추동058,1,,대전광역시 동구 추동 440-19,36.37020521,127.4742842,,한전주,042-271-4871,대전광역시 동구청,2023-12-01
추동059,1,,대전광역시 동구 추동 440-17,36.37041349,127.4740524,,한전주,042-271-4871,대전광역시 동구청,2023-12-01
추동060,1,,대전광역시 동구 추동 440-6,36.37103634,127.4736766,,한전주,042-271-4871,대전광역시 동구청,2023-12-01
추동061,1,,대전광역시 동구 추동 440-42,36.37091055,127.475225,,전용주,042-271-4871,대전광역시 동구청,2023-12-01
추동062,1,,대전광역시 동구 추동 335,36.37116769,127.4754567,,한전주,042-271-4871,대전광역시 동구청,2023-12-01
추동063,1,,대전광역시 동구 추동 339-4,36.37003648,127.4752455,,한전주,042-271-4871,대전광역시 동구청,2023-12-01
추동064,1,,대전광역시 동구 추동 526,36.37873749,127.4655195,,한전주,042-271-4871,대전광역시 동구청,2023-12-01
추동065,1,,대전광역시 동구 추동 381-4,36.36908579,127.4751216,,전용주,042-271-4871,대전광역시 동구청,2023-12-01
추동066,1,,대전광역시 동구 추동 437,36.3686623,127.4741983,,한전주,042-271-4871,대전광역시 동구청,2023-12-01
추동067,1,,대전광역시 동구 추동 437,36.3686623,127.4741983,,한전주,042-271-4871,대전광역시 동구청,2023-12-01
추동068,1,,대전광역시 동구 추동 390-2,36.36882188,127.4754525,,한전주,042-271-4871,대전광역시 동구청,2023-12-01
추동069,1,,대전광역시 동구 추동 391-3,36.36868669,127.4756516,,한전주,042-271-4871,대전광역시 동구청,2023-12-01
추동070,1,,대전광역시 동구 추동 381-3,36.36831298,127.4750169,,전용주,042-271-4871,대전광역시 동구청,2023-12-01
추동071,1,,대전광역시 동구 추동 390-4,36.36827098,127.4753182,,한전주,042-271-4871,대전광역시 동구청,2023-12-01
추동072,1,,대전광역시 동구 추동 390-4,36.36827098,127.4753182,,한전주,042-271-4871,대전광역시 동구청,2023-12-01
추동073,1,,대전광역시 동구 추동 산47,36.36582145,127.4764213,,한전주,042-271-4871,대전광역시 동구청,2023-12-01
추동074,1,,대전광역시 동구 추동 750,36.36579862,127.4758317,,한전주,042-271-4871,대전광역시 동구청,2023-12-01
추동075,1,,대전광역시 동구 추동 414-5,36.36542998,127.4759913,,한전주,042-271-4871,대전광역시 동구청,2023-12-01
추동076,1,,대전광역시 동구 추동 산47,36.36582145,127.4764213,,한전주,042-271-4871,대전광역시 동구청,2023-12-01
추동077,1,,대전광역시 동구 추동 산45-2,36.36494149,127.4760957,,한전주,042-271-4871,대전광역시 동구청,2023-12-01
추동078,1,,대전광역시 동구 추동 415,36.3646457,127.4765991,,한전주,042-271-4871,대전광역시 동구청,2023-12-01
추동079,1,,대전광역시 동구 추동 415,36.3646457,127.4765991,,한전주,042-271-4871,대전광역시 동구청,2023-12-01
추동080,1,,대전광역시 동구 추동 산48-1,36.36416476,127.4765861,,한전주,042-271-4871,대전광역시 동구청,2023-12-01
추동081,1,,대전광역시 동구 추동 749,36.36722033,127.4761091,,한전주,042-271-4871,대전광역시 동구청,2023-12-01
추동082,1,,대전광역시 동구 추동 산 46,36.36761942,127.4759612,,한전주,042-271-4871,대전광역시 동구청,2023-12-01
추동083,1,,대전광역시 동구 추동 산 36-4,36.37408667,127.4750877,,한전주,042-271-4871,대전광역시 동구청,2023-12-01
추동084,1,,대전광역시 동구 추동 279,36.37543331,127.4747691,,한전주,042-271-4871,대전광역시 동구청,2023-12-01
추동085,1,,대전광역시 동구 추동 산 14-6,36.37641537,127.4760634,,한전주,042-271-4871,대전광역시 동구청,2023-12-01
추동086,1,,대전광역시 동구 추동 산 12-12,36.37690011,127.476186,,한전주,042-271-4871,대전광역시 동구청,2023-12-01
추동087,1,,대전광역시 동구 추동 224-2,36.37765371,127.4768421,,한전주,042-271-4871,대전광역시 동구청,2023-12-01
추동089,1,,대전광역시 동구 추동 484-40,36.37599719,127.4743447,,,042-271-4871,대전광역시 동구청,2023-12-01
추동090,1,,대전광역시 동구 추동 477-2,36.3760978,127.4740712,,,042-271-4871,대전광역시 동구청,2023-12-01
추동091,1,,대전광역시 동구 추동 484-19,36.37643155,127.4734547,,,042-271-4871,대전광역시 동구청,2023-12-01
추동092,1,,대전광역시 동구 추동 237-1,36.37889011,127.4777438,,한전주,042-271-4871,대전광역시 동구청,2023-12-01
추동093,1,,대전광역시 동구 추동 산 7-19,36.37946703,127.4781733,,한전주,042-271-4871,대전광역시 동구청,2023-12-01
추동094,1,,대전광역시 동구 추동 327,36.37434465,127.4742833,,한전주,042-271-4871,대전광역시 동구청,2023-12-01
추동095,1,,대전광역시 동구 추동 440-14,36.37062449,127.4735672,,한전주,042-271-4871,대전광역시 동구청,2023-12-01
판암동001,1,,대전광역시 동구 판암동 764,36.32382631,127.4471357,,한전주,042-271-4871,대전광역시 동구청,2023-12-01
판암동002,1,,대전광역시 동구 판암동 766,36.323678,127.4472742,,한전주,042-271-4871,대전광역시 동구청,2023-12-01
판암동003,1,,대전광역시 동구 판암동 768,36.32357849,127.4476719,,한전주,042-271-4871,대전광역시 동구청,2023-12-01
판암동004,1,,대전광역시 동구 판암동 821,36.32319876,127.4487989,,한전주,042-271-4871,대전광역시 동구청,2023-12-01
판암동005,1,,대전광역시 동구 판암동 751,36.32349827,127.4480054,,한전주,042-271-4871,대전광역시 동구청,2023-12-01
판암동006,1,,대전광역시 동구 판암동 730,36.32367139,127.4482924,,한전주,042-271-4871,대전광역시 동구청,2023-12-01
판암동007,1,,대전광역시 동구 판암동 505-177,36.32381757,127.4485799,,한전주,042-271-4871,대전광역시 동구청,2023-12-01
판암동008,1,,대전광역시 동구 판암동 505-229,36.32391088,127.4483299,,한전주,042-271-4871,대전광역시 동구청,2023-12-01
판암동009,1,,대전광역시 동구 판암동 722,36.32399451,127.4478723,,한전주,042-271-4871,대전광역시 동구청,2023-12-01
판암동010,1,,대전광역시 동구 판암동 726,36.3239243,127.4480653,,전용주,042-271-4871,대전광역시 동구청,2023-12-01
판암동011,1,,대전광역시 동구 판암동 748,36.32344592,127.4486035,,한전주,042-271-4871,대전광역시 동구청,2023-12-01
판암동012,1,,대전광역시 동구 판암동 745,36.32332809,127.4488332,,한전주,042-271-4871,대전광역시 동구청,2023-12-01
판암동013,1,,대전광역시 동구 판암동 798,36.32299267,127.4489769,,한전주,042-271-4871,대전광역시 동구청,2023-12-01
판암동014,1,,대전광역시 동구 판암동 535-30,36.32285692,127.4491767,,한전주,042-271-4871,대전광역시 동구청,2023-12-01
판암동015,1,,대전광역시 동구 판암동 740,36.32345456,127.4490402,,전용주,042-271-4871,대전광역시 동구청,2023-12-01
판암동016,1,,대전광역시 동구 판암동 535-43,36.32304518,127.4494003,,전용주,042-271-4871,대전광역시 동구청,2023-12-01
판암동017,1,,대전광역시 동구 판암동 807,36.32254629,127.4488917,,한전주,042-271-4871,대전광역시 동구청,2023-12-01
판암동018,1,,대전광역시 동구 판암동 821,36.32319876,127.4487989,,한전주,042-271-4871,대전광역시 동구청,2023-12-01
판암동019,1,,대전광역시 동구 판암동 737,36.32372992,127.4490491,,한전주,042-271-4871,대전광역시 동구청,2023-12-01
판암동020,1,,대전광역시 동구 판암동 535-23,36.3235968,127.4492708,,한전주,042-271-4871,대전광역시 동구청,2023-12-01
판암동021,1,,대전광역시 동구 판암동 535-62,36.32379253,127.4494644,,건축물,042-271-4871,대전광역시 동구청,2023-12-01
판암동022,1,,대전광역시 동구 판암동 779,36.32309832,127.4479851,,한전주,042-271-4871,대전광역시 동구청,2023-12-01
판암동023,1,,대전광역시 동구 판암동 791,36.32291929,127.4482143,,한전주,042-271-4871,대전광역시 동구청,2023-12-01
판암동024,1,,대전광역시 동구 판암동 803,36.32271669,127.4484107,,한전주,042-271-4871,대전광역시 동구청,2023-12-01
판암동025,1,,대전광역시 동구 판암동 547-5,36.32257407,127.4481389,,한전주,042-271-4871,대전광역시 동구청,2023-12-01
판암동026,1,,대전광역시 동구 판암동 548-15,36.3222599,127.4487683,,한전주,042-271-4871,대전광역시 동구청,2023-12-01
판암동027,1,,대전광역시 동구 판암동 815,36.32243116,127.4490698,,한전주,042-271-4871,대전광역시 동구청,2023-12-01
판암동028,1,,대전광역시 동구 판암동 535-32,36.32234333,127.4493231,,전용주,042-271-4871,대전광역시 동구청,2023-12-01
판암동029,1,,대전광역시 동구 판암동 535-18,36.32270343,127.4495916,,한전주,042-271-4871,대전광역시 동구청,2023-12-01
판암동030,1,,대전광역시 동구 판암동 산 34-2,36.3123156,127.4665457,,건축물,042-271-4871,대전광역시 동구청,2023-12-01
판암동031,1,,대전광역시 동구 판암동 535-22,36.3224697,127.4496061,,한전주,042-271-4871,대전광역시 동구청,2023-12-01
판암동032,1,,대전광역시 동구 판암동 535-13,36.32259227,127.4495799,,한전주,042-271-4871,대전광역시 동구청,2023-12-01
판암동033,1,,대전광역시 동구 판암동 535-9,36.32280183,127.4497359,,한전주,042-271-4871,대전광역시 동구청,2023-12-01
판암동034,1,,대전광역시 동구 판암동 535-24,36.32323197,127.449831,,한전주,042-271-4871,대전광역시 동구청,2023-12-01
판암동035,1,,대전광역시 동구 판암동 538-24,36.32359506,127.4504185,,한전주,042-271-4871,대전광역시 동구청,2023-12-01
판암동036,1,,대전광역시 동구 판암동 536-13,36.32346028,127.4498422,,건축물,042-271-4871,대전광역시 동구청,2023-12-01
판암동037,1,,대전광역시 동구 판암동 535-2,36.32215645,127.4494655,,건축물,042-271-4871,대전광역시 동구청,2023-12-01
판암동038,1,,대전광역시 동구 판암동 536-5,36.32396176,127.4500176,,전용주,042-271-4871,대전광역시 동구청,2023-12-01
판암동039,1,,대전광역시 동구 판암동 538,36.32415816,127.4507502,,한전주,042-271-4871,대전광역시 동구청,2023-12-01
판암동040,1,,대전광역시 동구 판암동 537-5,36.32447821,127.4509066,,한전주,042-271-4871,대전광역시 동구청,2023-12-01
판암동041,1,,대전광역시 동구 판암동 14-1,36.32445884,127.4505449,,한전주,042-271-4871,대전광역시 동구청,2023-12-01
판암동042,1,,대전광역시 동구 판암동 536-3,36.32428361,127.4501511,,한전주,042-271-4871,대전광역시 동구청,2023-12-01
판암동043,1,,대전광역시 동구 판암동 536-1,36.3241314,127.4499842,,한전주,042-271-4871,대전광역시 동구청,2023-12-01
판암동044,1,,대전광역시 동구 판암동 536-21,36.32417035,127.4496181,,전용주,042-271-4871,대전광역시 동구청,2023-12-01
판암동045,1,,대전광역시 동구 판암동 92-1,36.31205874,127.4661213,,건축물,042-271-4871,대전광역시 동구청,2023-12-01
판암동046,1,,대전광역시 동구 판암동 산 33-1,36.31148245,127.4656398,,한전주,042-271-4871,대전광역시 동구청,2023-12-01
판암동047,1,,대전광역시 동구 판암동 678-39,36.31746358,127.4609825,,한전주,042-271-4871,대전광역시 동구청,2023-12-01
판암동048,1,,대전광역시 동구 판암동 678-21,36.31754273,127.4611411,,한전주,042-271-4871,대전광역시 동구청,2023-12-01
판암동049,1,,대전광역시 동구 판암동 351-7,36.31766246,127.4613601,,한전주,042-271-4871,대전광역시 동구청,2023-12-01
판암동050,1,,대전광역시 동구 판암동 351,36.31788914,127.4621198,,한전주,042-271-4871,대전광역시 동구청,2023-12-01
판암동051,1,,대전광역시 동구 판암동 351-15,36.31786313,127.4623459,,한전주,042-271-4871,대전광역시 동구청,2023-12-01
판암동052,1,,대전광역시 동구 판암동 352-5,36.31794704,127.4625974,,한전주,042-271-4871,대전광역시 동구청,2023-12-01
판암동053,1,,대전광역시 동구 판암동 352-2,36.3179374,127.4627833,,한전주,042-271-4871,대전광역시 동구청,2023-12-01
판암동054,1,,대전광역시 동구 판암동 214-4,36.3179359,127.4631709,,한전주,042-271-4871,대전광역시 동구청,2023-12-01
판암동055,1,,대전광역시 동구 판암동 215-6,36.31790074,127.4635013,,한전주,042-271-4871,대전광역시 동구청,2023-12-01
판암동056,1,,대전광역시 동구 판암동 215-3,36.31814393,127.4638599,,한전주,042-271-4871,대전광역시 동구청,2023-12-01
판암동057,1,,대전광역시 동구 판암동 215-1,36.31805946,127.4639827,,한전주,042-271-4871,대전광역시 동구청,2023-12-01
판암동058,1,,대전광역시 동구 판암동 217-6,36.31821812,127.4642567,,한전주,042-271-4871,대전광역시 동구청,2023-12-01
판암동059,1,,대전광역시 동구 판암동 199-3,36.31803956,127.4651147,,한전주,042-271-4871,대전광역시 동구청,2023-12-01
판암동060,1,,대전광역시 동구 판암동 3,36.31818137,127.4666987,,한전주,042-271-4871,대전광역시 동구청,2023-12-01
판암동061,1,,대전광역시 동구 판암동 산 33-2,36.31033007,127.4664428,,한전주,042-271-4871,대전광역시 동구청,2023-12-01
판암동062,1,,대전광역시 동구 판암동 6,36.31709304,127.4683949,,한전주,042-271-4871,대전광역시 동구청,2023-12-01
판암동063,1,,대전광역시 동구 판암동 10-3,36.31675519,127.4689231,,한전주,042-271-4871,대전광역시 동구청,2023-12-01
판암동064,1,,대전광역시 동구 판암동 7-1,36.31664798,127.4686645,,한전주,042-271-4871,대전광역시 동구청,2023-12-01
판암동065,1,,대전광역시 동구 판암동 144-2,36.31630363,127.4683712,,한전주,042-271-4871,대전광역시 동구청,2023-12-01
판암동066,1,,대전광역시 동구 판암동 156-6,36.31603617,127.4675957,,한전주,042-271-4871,대전광역시 동구청,2023-12-01
판암동067,1,,대전광역시 동구 판암동 10-4,36.31546316,127.4687889,,한전주,042-271-4871,대전광역시 동구청,2023-12-01
판암동068,1,,대전광역시 동구 판암동 산 33-2,36.31033007,127.4664428,,한전주,042-271-4871,대전광역시 동구청,2023-12-01
판암동069,1,,대전광역시 동구 판암동 138-2,36.31474161,127.468554,,한전주,042-271-4871,대전광역시 동구청,2023-12-01
판암동070,1,,대전광역시 동구 판암동 130,36.31425076,127.4681286,,한전주,042-271-4871,대전광역시 동구청,2023-12-01
판암동071,1,,대전광역시 동구 판암동 129,36.31389805,127.4678282,,한전주,042-271-4871,대전광역시 동구청,2023-12-01
판암동072,1,,대전광역시 동구 판암동 131-2,36.31397096,127.4676276,,한전주,042-271-4871,대전광역시 동구청,2023-12-01
판암동073,1,,대전광역시 동구 판암동 산 33-2,36.31033007,127.4664428,,한전주,042-271-4871,대전광역시 동구청,2023-12-01
판암동074,1,,대전광역시 동구 판암동 81,36.31269778,127.4678899,,한전주,042-271-4871,대전광역시 동구청,2023-12-01
판암동075,1,,대전광역시 동구 판암동 680-21,36.30955872,127.4688805,,한전주,042-271-4871,대전광역시 동구청,2023-12-01
판암동076,1,,대전광역시 동구 판암동 50-2,36.31020335,127.4691782,,한전주,042-271-4871,대전광역시 동구청,2023-12-01
판암동077,1,,대전광역시 동구 판암동 50-2,36.31020335,127.4691782,,한전주,042-271-4871,대전광역시 동구청,2023-12-01
판암동078,1,,대전광역시 동구 판암동 50-2,36.31020335,127.4691782,,한전주,042-271-4871,대전광역시 동구청,2023-12-01
판암동079,1,,대전광역시 동구 판암동 산 24,36.31193337,127.4708441,,한전주,042-271-4871,대전광역시 동구청,2023-12-01
판암동080,1,,대전광역시 동구 판암동 산 24,36.31193337,127.4708441,,한전주,042-271-4871,대전광역시 동구청,2023-12-01
판암동081,1,,대전광역시 동구 판암동 22-2,36.31159075,127.4701818,,한전주,042-271-4871,대전광역시 동구청,2023-12-01
판암동082,1,,대전광역시 동구 판암동 24,36.3123893,127.469995,,전용주,042-271-4871,대전광역시 동구청,2023-12-01
판암동083,1,,대전광역시 동구 판암동 684,36.31082893,127.4724873,,전용주,042-271-4871,대전광역시 동구청,2023-12-01
판암동084,1,,대전광역시 동구 판암동 산 21-2,36.3121071,127.4699329,,한전주,042-271-4871,대전광역시 동구청,2023-12-01
판암동085,1,,대전광역시 동구 판암동 산 24,36.31193337,127.4708441,,한전주,042-271-4871,대전광역시 동구청,2023-12-01
판암동086,1,,대전광역시 동구 판암동 산 33-2,36.31033007,127.4664428,,한전주,042-271-4871,대전광역시 동구청,2023-12-01
판암동087,1,,대전광역시 동구 판암동 90-1,36.31239259,127.4668104,,한전주,042-271-4871,대전광역시 동구청,2023-12-01
판암동088,1,,대전광역시 동구 판암동 86-2,36.31340604,127.4671104,,한전주,042-271-4871,대전광역시 동구청,2023-12-01
판암동089,1,,대전광역시 동구 판암동 95-3,36.31347414,127.4662121,,한전주,042-271-4871,대전광역시 동구청,2023-12-01
판암동090,1,,대전광역시 동구 판암동 105-1,36.31382157,127.4652847,,전용주,042-271-4871,대전광역시 동구청,2023-12-01
판암동091,1,,대전광역시 동구 판암동 97,36.31352156,127.4657674,,한전주,042-271-4871,대전광역시 동구청,2023-12-01
판암동092,1,,대전광역시 동구 판암동 690,36.31302262,127.4655464,,한전주,042-271-4871,대전광역시 동구청,2023-12-01
판암동093,1,,대전광역시 동구 판암동 102-2,36.31265564,127.4652351,,한전주,042-271-4871,대전광역시 동구청,2023-12-01
판암동094,1,,대전광역시 동구 판암동 689,36.31453484,127.4656276,,전용주,042-271-4871,대전광역시 동구청,2023-12-01
판암동095,1,,대전광역시 동구 판암동 112-17,36.31363178,127.4645665,,한전주,042-271-4871,대전광역시 동구청,2023-12-01
판암동096,1,,대전광역시 동구 판암동 112-2,36.31351442,127.4641796,,한전주,042-271-4871,대전광역시 동구청,2023-12-01
판암동097,1,,대전광역시 동구 판암동 112-12,36.31350815,127.4638455,,전용주,042-271-4871,대전광역시 동구청,2023-12-01
판암동098,1,,대전광역시 동구 판암동 112-12,36.31350815,127.4638455,,전용주,042-271-4871,대전광역시 동구청,2023-12-01
판암동099,1,,대전광역시 동구 판암동 105-2,36.31382739,127.464761,,전용주,042-271-4871,대전광역시 동구청,2023-12-01
판암동100,1,,대전광역시 동구 판암동 152-9,36.31693722,127.4674291,,한전주,042-271-4871,대전광역시 동구청,2023-12-01
판암동101,1,,대전광역시 동구 판암동 152-5,36.31731967,127.4672334,,한전주,042-271-4871,대전광역시 동구청,2023-12-01
판암동102,1,,대전광역시 동구 판암동 680-1,36.31589785,127.4655718,,한전주,042-271-4871,대전광역시 동구청,2023-12-01
판암동103,1,,대전광역시 동구 판암동 199-13,36.31773816,127.4662399836,,한전주,042-271-4871,대전광역시 동구청,2023-12-01
판암동104,1,,대전광역시 동구 판암동 177,36.31704447,127.4657651,,한전주,042-271-4871,대전광역시 동구청,2023-12-01
판암동105,1,,대전광역시 동구 판암동 177,36.31704447,127.4657651,,한전주,042-271-4871,대전광역시 동구청,2023-12-01
판암동106,1,,대전광역시 동구 판암동 산 33-2,36.31033007,127.4664428,,한전주,042-271-4871,대전광역시 동구청,2023-12-01
판암동107,1,,대전광역시 동구 판암동 181-5,36.31661701,127.4654962,,한전주,042-271-4871,대전광역시 동구청,2023-12-01
판암동108,1,,대전광역시 동구 판암동 171-2,36.31620186,127.4662755,,한전주,042-271-4871,대전광역시 동구청,2023-12-01
판암동109,1,,대전광역시 동구 판암동 186-11,36.31613703,127.4656144,,한전주,042-271-4871,대전광역시 동구청,2023-12-01
판암동110,1,,대전광역시 동구 판암동 165-1,36.31628605,127.4658381,,한전주,042-271-4871,대전광역시 동구청,2023-12-01
판암동111,1,,대전광역시 동구 판암동 680-48,36.31624452,127.4658967,,건축물,042-271-4871,대전광역시 동구청,2023-12-01
판암동112,1,,대전광역시 동구 판암동 165-8,36.31611235,127.4658843,,한전주,042-271-4871,대전광역시 동구청,2023-12-01
판암동113,1,,대전광역시 동구 판암동 185-19,36.31619138,127.4651627,,한전주,042-271-4871,대전광역시 동구청,2023-12-01
판암동114,1,,대전광역시 동구 판암동 164-3,36.31589785,127.4655718,,한전주,042-271-4871,대전광역시 동구청,2023-12-01
판암동115,1,,대전광역시 동구 판암동 185-2,36.31622788,127.4646637,,한전주,042-271-4871,대전광역시 동구청,2023-12-01
판암동116,1,,대전광역시 동구 판암동 185-18,36.31609797,127.4648600302,,한전주,042-271-4871,대전광역시 동구청,2023-12-01
판암동117,1,,대전광역시 동구 판암동 185-7,36.31597692,127.4645657,,한전주,042-271-4871,대전광역시 동구청,2023-12-01
판암동118,1,,대전광역시 동구 판암동 184,36.31626617,127.4644105,,한전주,042-271-4871,대전광역시 동구청,2023-12-01
판암동119,1,,대전광역시 동구 판암동 189-2,36.31571785,127.4650252,,한전주,042-271-4871,대전광역시 동구청,2023-12-01
판암동120,1,,대전광역시 동구 판암동 199-11,36.31783732,127.4658352,,한전주,042-271-4871,대전광역시 동구청,2023-12-01
판암동121,1,,대전광역시 동구 판암동 199-10,36.31786885,127.4656322,,한전주,042-271-4871,대전광역시 동구청,2023-12-01
판암동123,1,,대전광역시 동구 판암동 345-2,36.31677483,127.4604296,,한전주,042-271-4871,대전광역시 동구청,2023-12-01
판암동124,1,,대전광역시 동구 판암동 345-9,36.31653829,127.4606004,,전용주,042-271-4871,대전광역시 동구청,2023-12-01
판암동125,1,,대전광역시 동구 판암동 341-2,36.31657431,127.4602565,,한전주,042-271-4871,대전광역시 동구청,2023-12-01
판암동126,1,,대전광역시 동구 판암동 340-6,36.31648475,127.4602042,,전용주,042-271-4871,대전광역시 동구청,2023-12-01
판암동127,1,,대전광역시 동구 판암동 323-3,36.31697319,127.4598294,,한전주,042-271-4871,대전광역시 동구청,2023-12-01
판암동128,1,,대전광역시 동구 판암동 322-30,36.31653147,127.4594691,,한전주,042-271-4871,대전광역시 동구청,2023-12-01
판암동129,1,,대전광역시 동구 판암동 322-2,36.31581311,127.4594052,,한전주,042-271-4871,대전광역시 동구청,2023-12-01
판암동130,1,,대전광역시 동구 판암동 328,36.31552034,127.4589552,,한전주,042-271-4871,대전광역시 동구청,2023-12-01
판암동131,1,,대전광역시 동구 판암동 328,36.31552034,127.4589552,,한전주,042-271-4871,대전광역시 동구청,2023-12-01
판암동132,1,,대전광역시 동구 판암동 326-1,36.3156818,127.4583516,,한전주,042-271-4871,대전광역시 동구청,2023-12-01
판암동133,1,,대전광역시 동구 판암동 326-2,36.31569808,127.4581244,,한전주,042-271-4871,대전광역시 동구청,2023-12-01
판암동134,1,,대전광역시 동구 판암동 326,36.31566904,127.4578961,,한전주,042-271-4871,대전광역시 동구청,2023-12-01
판암동135,1,,대전광역시 동구 판암동 317-1,36.31569583,127.4576289,,한전주,042-271-4871,대전광역시 동구청,2023-12-01
판암동136,1,,대전광역시 동구 판암동 481-5,36.31607811,127.4570633,,한전주,042-271-4871,대전광역시 동구청,2023-12-01
판암동137,1,,대전광역시 동구 판암동 480-8,36.31642929,127.4570672,,한전주,042-271-4871,대전광역시 동구청,2023-12-01
판암동138,1,,대전광역시 동구 판암동 475-1,36.31561559,127.4569561,,한전주,042-271-4871,대전광역시 동구청,2023-12-01
판암동139,1,,대전광역시 동구 판암동 327,36.3155064,127.457772,,한전주,042-271-4871,대전광역시 동구청,2023-12-01
판암동140,1,,대전광역시 동구 판암동 475-8,36.31548318,127.4571036,,한전주,042-271-4871,대전광역시 동구청,2023-12-01
판암동141,1,,대전광역시 동구 판암동 475-5,36.31529976,127.4573726,,한전주,042-271-4871,대전광역시 동구청,2023-12-01
판암동142,1,,대전광역시 동구 판암동 409-1,36.31518594,127.4572066,,한전주,042-271-4871,대전광역시 동구청,2023-12-01
판암동143,1,,대전광역시 동구 판암동 409-4,36.31477897,127.4572293,,한전주,042-271-4871,대전광역시 동구청,2023-12-01
판암동144,1,,대전광역시 동구 판암동 409-10,36.31504059,127.4570628,,전용주,042-271-4871,대전광역시 동구청,2023-12-01
판암동145,1,,대전광역시 동구 판암동 411-3,36.31503252,127.4567697,,한전주,042-271-4871,대전광역시 동구청,2023-12-01
판암동146,1,,대전광역시 동구 판암동 474-1,36.31546835,127.4566934,,한전주,042-271-4871,대전광역시 동구청,2023-12-01
판암동147,1,,대전광역시 동구 판암동 387-7,36.31468756,127.4575213,,한전주,042-271-4871,대전광역시 동구청,2023-12-01
판암동148,1,,대전광역시 동구 판암동 388-12,36.31453764,127.4580047,,한전주,042-271-4871,대전광역시 동구청,2023-12-01
판암동149,1,,대전광역시 동구 판암동 385-9,36.31497458,127.4582034,,전용주,042-271-4871,대전광역시 동구청,2023-12-01
판암동150,1,,대전광역시 동구 판암동 388-7,36.3145534,127.4583306,,한전주,042-271-4871,대전광역시 동구청,2023-12-01
판암동151,1,,대전광역시 동구 판암동 380-13,36.31470967,127.458765,,전용주,042-271-4871,대전광역시 동구청,2023-12-01
판암동152,1,,대전광역시 동구 판암동 380-10,36.31460335,127.4590579,,한전주,042-271-4871,대전광역시 동구청,2023-12-01
판암동153,1,,대전광역시 동구 판암동 332-3,36.31516335,127.4586941,,한전주,042-271-4871,대전광역시 동구청,2023-12-01
판암동154,1,,대전광역시 동구 판암동 385-21,36.31508877,127.4582019,,한전주,042-271-4871,대전광역시 동구청,2023-12-01
판암동155,1,,대전광역시 동구 판암동 382-3,36.31437742,127.4584964,,전용주,042-271-4871,대전광역시 동구청,2023-12-01
판암동156,1,,대전광역시 동구 판암동 327,36.3155064,127.457772,,한전주,042-271-4871,대전광역시 동구청,2023-12-01
판암동157,1,,대전광역시 동구 판암동 328,36.31552034,127.4589552,,한전주,042-271-4871,대전광역시 동구청,2023-12-01
판암동158,1,,대전광역시 동구 판암동 369-1,36.31508774,127.4600886,,한전주,042-271-4871,대전광역시 동구청,2023-12-01
판암동160,1,,대전광역시 동구 판암동 379-1,36.31463162,127.4600741,,한전주,042-271-4871,대전광역시 동구청,2023-12-01
판암동161,1,,대전광역시 동구 판암동 335-10,36.31489004,127.4607625,,한전주,042-271-4871,대전광역시 동구청,2023-12-01
판암동162,1,,대전광역시 동구 판암동 335-10,36.31489004,127.4607625,,한전주,042-271-4871,대전광역시 동구청,2023-12-01
판암동163,1,,대전광역시 동구 판암동 719,36.31620489,127.4611676,,전용주,042-271-4871,대전광역시 동구청,2023-12-01
판암동165,1,,대전광역시 동구 판암동 687-10,36.31364848,127.4580456,,한전주,042-271-4871,대전광역시 동구청,2023-12-01
판암동166,1,,대전광역시 동구 판암동 391-5,36.31348477,127.4582458,,전용주,042-271-4871,대전광역시 동구청,2023-12-01
판암동167,1,,대전광역시 동구 판암동 산 33-2,36.31033007,127.4664428,,한전주,042-271-4871,대전광역시 동구청,2023-12-01
판암동168,1,,대전광역시 동구 판암동 393-1,36.31332962,127.4589017,,한전주,042-271-4871,대전광역시 동구청,2023-12-01
판암동169,1,,대전광역시 동구 판암동 393-37,36.31312078,127.4589988,,한전주,042-271-4871,대전광역시 동구청,2023-12-01
판암동170,1,,대전광역시 동구 판암동 395-34,36.31281712,127.4594363,,한전주,042-271-4871,대전광역시 동구청,2023-12-01
판암동171,1,,대전광역시 동구 판암동 393-17,36.31252468,127.4589205,,한전주,042-271-4871,대전광역시 동구청,2023-12-01
판암동172,1,,대전광역시 동구 판암동 395-6,36.31270268,127.4589177,,한전주,042-271-4871,대전광역시 동구청,2023-12-01
판암동173,1,,대전광역시 동구 판암동 393-31,36.31322381,127.4587825,,전용주,042-271-4871,대전광역시 동구청,2023-12-01
판암동174,1,,대전광역시 동구 판암동 398,36.31341052,127.4575619,,한전주,042-271-4871,대전광역시 동구청,2023-12-01
판암동175,1,,대전광역시 동구 판암동 395-3,36.31304241,127.4582869,,한전주,042-271-4871,대전광역시 동구청,2023-12-01
판암동176,1,,대전광역시 동구 판암동 395-14,36.31281585,127.4584986,,한전주,042-271-4871,대전광역시 동구청,2023-12-01
판암동177,1,,대전광역시 동구 판암동 397-1,36.3135589,127.4575518,,한전주,042-271-4871,대전광역시 동구청,2023-12-01
판암동178,1,,대전광역시 동구 판암동 산 33-2,36.31033007,127.4664428,,전용주,042-271-4871,대전광역시 동구청,2023-12-01
판암동179,1,,대전광역시 동구 판암동 402-15,36.31285659,127.4571097,,한전주,042-271-4871,대전광역시 동구청,2023-12-01
판암동180,1,,대전광역시 동구 판암동 396-18,36.31211747,127.4572436,,한전주,042-271-4871,대전광역시 동구청,2023-12-01
판암동181,1,,대전광역시 동구 판암동 396-4,36.31278608,127.4576129,,전용주,042-271-4871,대전광역시 동구청,2023-12-01
판암동182,1,,대전광역시 동구 판암동 402-64,36.31312948,127.4565862,,한전주,042-271-4871,대전광역시 동구청,2023-12-01
판암동183,1,,대전광역시 동구 판암동 404-7,36.31353784,127.4565521,,전용주,042-271-4871,대전광역시 동구청,2023-12-01
판암동184,1,,대전광역시 동구 판암동 402-18,36.31358048,127.4571624,,한전주,042-271-4871,대전광역시 동구청,2023-12-01
판암동185,1,,대전광역시 동구 판암동 402,36.31356946,127.4573117,,한전주,042-271-4871,대전광역시 동구청,2023-12-01
판암동186,1,,대전광역시 동구 판암동 706-4,36.31383056,127.454909,,한전주,042-271-4871,대전광역시 동구청,2023-12-01
판암동187,1,,대전광역시 동구 판암동 421,36.31385361,127.4545214,,한전주,042-271-4871,대전광역시 동구청,2023-12-01
판암동188,1,,대전광역시 동구 판암동 422-8,36.31329698,127.4542758,,한전주,042-271-4871,대전광역시 동구청,2023-12-01
판암동189,1,,대전광역시 동구 판암동 422-8,36.31329698,127.4542758,,한전주,042-271-4871,대전광역시 동구청,2023-12-01
판암동190,1,,대전광역시 동구 판암동 424,36.31222043,127.4532755,,한전주,042-271-4871,대전광역시 동구청,2023-12-01
판암동191,1,,대전광역시 동구 판암동 425-5,36.31232795,127.4521108,,한전주,042-271-4871,대전광역시 동구청,2023-12-01
판암동192,1,,대전광역시 동구 판암동 425-5,36.31232795,127.4521108,,한전주,042-271-4871,대전광역시 동구청,2023-12-01
판암동193,1,,대전광역시 동구 판암동 417-9,36.31448623,127.4540484,,한전주,042-271-4871,대전광역시 동구청,2023-12-01
판암동195,1,,대전광역시 동구 판암동 426-3,36.31460924,127.4531964,,한전주,042-271-4871,대전광역시 동구청,2023-12-01
판암동196,1,,대전광역시 동구 판암동 426,36.31457206,127.4528886,,한전주,042-271-4871,대전광역시 동구청,2023-12-01
판암동197,1,,대전광역시 동구 판암동 431-7 답,36.31545783,127.4531114,,한전주,042-271-4871,대전광역시 동구청,2023-12-01
판암동198,1,,대전광역시 동구 판암동 430-1,36.31574396,127.452538,,한전주,042-271-4871,대전광역시 동구청,2023-12-01
판암동199,1,,대전광역시 동구 판암동 430-1,36.31574396,127.452538,,한전주,042-271-4871,대전광역시 동구청,2023-12-01
판암동200,1,,대전광역시 동구 판암동 430-1,36.31574396,127.452538,,한전주,042-271-4871,대전광역시 동구청,2023-12-01
판암동201,1,,대전광역시 동구 판암동 636-1,36.31497697,127.4515612,,한전주,042-271-4871,대전광역시 동구청,2023-12-01
판암동202,1,,대전광역시 동구 판암동 636-1,36.31497697,127.4515612,,한전주,042-271-4871,대전광역시 동구청,2023-12-01
판암동203,1,,대전광역시 동구 판암동 637-3,36.31467145,127.451257,,한전주,042-271-4871,대전광역시 동구청,2023-12-01
판암동204,1,,대전광역시 동구 판암동 637-5,36.3145771,127.4511831,,한전주,042-271-4871,대전광역시 동구청,2023-12-01
판암동205,1,,대전광역시 동구 판암동 637-6,36.31416901,127.4508742,,한전주,042-271-4871,대전광역시 동구청,2023-12-01
판암동206,1,,대전광역시 동구 판암동 637-2,36.31429397,127.4506835,,한전주,042-271-4871,대전광역시 동구청,2023-12-01
판암동207,1,,대전광역시 동구 판암동 640-9,36.31371319,127.4505252,,한전주,042-271-4871,대전광역시 동구청,2023-12-01
판암동208,1,,대전광역시 동구 판암동 640-10,36.31359482,127.4504187,,한전주,042-271-4871,대전광역시 동구청,2023-12-01
판암동209,1,,대전광역시 동구 판암동 640-4,36.31314602,127.4505658,,전용주,042-271-4871,대전광역시 동구청,2023-12-01
판암동210,1,,대전광역시 동구 판암동 638,36.31400943,127.4512126,,전용주,042-271-4871,대전광역시 동구청,2023-12-01
판암동211,1,,대전광역시 동구 판암동 640-11,36.31370928,127.4520512,,전용주,042-271-4871,대전광역시 동구청,2023-12-01
판암동212,1,,대전광역시 동구 판암동 687-12,36.31379856,127.4509734,,전용주,042-271-4871,대전광역시 동구청,2023-12-01
판암동213,1,,대전광역시 동구 판암동 47-11,36.3146661,127.4521715,,전용주,042-271-4871,대전광역시 동구청,2023-12-01
판암동214,1,,대전광역시 동구 판암동 687-12,36.31379856,127.4509734,,전용주,042-271-4871,대전광역시 동구청,2023-12-01
판암동216,1,,대전광역시 동구 판암동 633-1,36.31716084,127.4515235,,한전주,042-271-4871,대전광역시 동구청,2023-12-01
판암동217,1,,대전광역시 동구 판암동 630,36.31733918,127.451191,,한전주,042-271-4871,대전광역시 동구청,2023-12-01
판암동219,1,,대전광역시 동구 판암동 631-3,36.31777077,127.450923,,한전주,042-271-4871,대전광역시 동구청,2023-12-01
판암동220,1,,대전광역시 동구 판암동 631-5,36.31748579,127.450883,,전용주,042-271-4871,대전광역시 동구청,2023-12-01
판암동221,1,,대전광역시 동구 판암동 633-2,36.31709248,127.4511218,,전용주,042-271-4871,대전광역시 동구청,2023-12-01
판암동222,1,,대전광역시 동구 판암동 632-2,36.31748579,127.450883,,한전주,042-271-4871,대전광역시 동구청,2023-12-01
판암동223,1,,대전광역시 동구 판암동 632-4,36.31695595,127.4502244,,전용주,042-271-4871,대전광역시 동구청,2023-12-01
판암동225,1,,대전광역시 동구 판암동 51-27,36.31786406,127.4507034,,한전주,042-271-4871,대전광역시 동구청,2023-12-01
판암동228,1,,대전광역시 동구 판암동 687-59,36.31655898,127.4539477,,한전주,042-271-4871,대전광역시 동구청,2023-12-01
판암동229,1,,대전광역시 동구 판암동 436-4,36.31644087,127.4538156,,한전주,042-271-4871,대전광역시 동구청,2023-12-01
판암동230,1,,대전광역시 동구 판암동 457-1,36.31626478,127.4540992,,한전주,042-271-4871,대전광역시 동구청,2023-12-01
판암동231,1,,대전광역시 동구 판암동 461,36.31671027,127.4551076,,전용주,042-271-4871,대전광역시 동구청,2023-12-01
판암동232,1,,대전광역시 동구 판암동 461,36.31671027,127.4551076,,전용주,042-271-4871,대전광역시 동구청,2023-12-01
판암동233,1,,대전광역시 동구 판암동 461,36.31671027,127.4551076,,한전주,042-271-4871,대전광역시 동구청,2023-12-01
판암동234,1,,대전광역시 동구 판암동 461,36.31671027,127.4551076,,한전주,042-271-4871,대전광역시 동구청,2023-12-01
판암동235,1,,대전광역시 동구 판암동 465-5,36.31648103,127.4556235,,한전주,042-271-4871,대전광역시 동구청,2023-12-01
판암동236,1,,대전광역시 동구 판암동 467-10,36.3163251,127.455653,,한전주,042-271-4871,대전광역시 동구청,2023-12-01
판암동238,1,,대전광역시 동구 판암동 470-26,36.31606212,127.4558706,,한전주,042-271-4871,대전광역시 동구청,2023-12-01
판암동239,1,,대전광역시 동구 판암동 467-15,36.31609706,127.4556169,,한전주,042-271-4871,대전광역시 동구청,2023-12-01
판암동240,1,,대전광역시 동구 판암동 436-4,36.31644087,127.4538156,,전용주,042-271-4871,대전광역시 동구청,2023-12-01
판암동242,1,,대전광역시 동구 판암동 498-18,36.31862164,127.4520745,,전용주,042-251-4756,대전광역시 동구청,2023-12-01
판암동243,1,,대전광역시 동구 판암동 498-21,36.31888566,127.4520092,,한전주,042-251-4756,대전광역시 동구청,2023-12-01
판암동244,1,,대전광역시 동구 판암동 575-12,36.31925472,127.4516449,,전용주,042-271-4871,대전광역시 동구청,2023-12-01
판암동245,1,,대전광역시 동구 판암동 498-7,36.31892125,127.4522506,,한전주,042-271-4871,대전광역시 동구청,2023-12-01
판암동246,1,,대전광역시 동구 판암동 498-17,36.31864689,127.4521655,,한전주,042-271-4871,대전광역시 동구청,2023-12-01
판암동247,1,,대전광역시 동구 판암동 498-13,36.31833643,127.452262,,한전주,042-271-4871,대전광역시 동구청,2023-12-01
판암동248,1,,대전광역시 동구 판암동 496-1,36.31881693,127.452693,,한전주,042-271-4871,대전광역시 동구청,2023-12-01
판암동249,1,,대전광역시 동구 판암동 496-12,36.31841898,127.4528819,,한전주,042-271-4871,대전광역시 동구청,2023-12-01
판암동250,1,,대전광역시 동구 판암동 497-7,36.31841366,127.4525489,,한전주,042-271-4871,대전광역시 동구청,2023-12-01
판암동251,1,,대전광역시 동구 판암동 502-2,36.318927,127.4524218,,한전주,042-271-4871,대전광역시 동구청,2023-12-01
판암동252,1,,대전광역시 동구 판암동 502-1,36.31908253,127.452378,,한전주,042-271-4871,대전광역시 동구청,2023-12-01
판암동253,1,,대전광역시 동구 판암동 496-9,36.31927876,127.4527954,,한전주,042-271-4871,대전광역시 동구청,2023-12-01
판암동254,1,,대전광역시 동구 판암동 산 33-2,36.31033007,127.4664428,,한전주,042-271-4871,대전광역시 동구청,2023-12-01
판암동255,1,,대전광역시 동구 판암동 산 32-1,36.3060941,127.4707539,,한전주,042-271-4871,대전광역시 동구청,2023-12-01
판암동255-2,1,,대전광역시 동구 판암동 692-3,36.32052841,127.4549581,,한전주,042-271-4871,대전광역시 동구청,2023-12-01
판암동256,1,,대전광역시 동구 판암동 509-1,36.32035412,127.4542000456,,한전주,042-271-4871,대전광역시 동구청,2023-12-01
판암동257,1,,대전광역시 동구 판암동 509-1,36.32035412,127.4542000456,,전용주,042-271-4871,대전광역시 동구청,2023-12-01
판암동258,1,,대전광역시 동구 판암동 527-2,36.32097187,127.4555504,,한전주,042-271-4871,대전광역시 동구청,2023-12-01
판암동260,1,,대전광역시 동구 판암동 527-10,36.32042413,127.4562146,,한전주,042-271-4871,대전광역시 동구청,2023-12-01
판암동261,1,,대전광역시 동구 판암동 493,36.31750471,127.455332,,한전주,042-271-4871,대전광역시 동구청,2023-12-01
판암동262,1,,대전광역시 동구 판암동 494-65,36.3177175,127.454834,,한전주,042-271-4871,대전광역시 동구청,2023-12-01
판암동263,1,,대전광역시 동구 판암동 494-47,36.31782633,127.4545297,,한전주,042-271-4871,대전광역시 동구청,2023-12-01
판암동264,1,,대전광역시 동구 판암동 494-1,36.31805634,127.4548516,,한전주,042-271-4871,대전광역시 동구청,2023-12-01
판암동265,1,,대전광역시 동구 판암동 498-1,36.31905465,127.4521734,,한전주,042-271-4871,대전광역시 동구청,2023-12-01
판암동266,1,,대전광역시 동구 판암동 560-11,36.32120684,127.4507634,,한전주,042-271-4871,대전광역시 동구청,2023-12-01
판암동267,1,,대전광역시 동구 판암동 574-13,36.31974589,127.4523527,,한전주,042-271-4871,대전광역시 동구청,2023-12-01
판암동268,1,,대전광역시 동구 판암동 506-9,36.31998138,127.4527788,,한전주,042-271-4871,대전광역시 동구청,2023-12-01
판암동269,1,,대전광역시 동구 판암동 506-6,36.31973585,127.4529575,,한전주,042-271-4871,대전광역시 동구청,2023-12-01
판암동270,1,,대전광역시 동구 판암동 509-5,36.32040199,127.4537215,,한전주,042-271-4871,대전광역시 동구청,2023-12-01
판암동271,1,,대전광역시 동구 판암동 701,36.31988989,127.4539431,,한전주,042-271-4871,대전광역시 동구청,2023-12-01
판암동272,1,,대전광역시 동구 판암동 509-6,36.32052914,127.4535806,,한전주,042-271-4871,대전광역시 동구청,2023-12-01
판암동273,1,,대전광역시 동구 판암동 569-8,36.32062644,127.4524456,,한전주,042-271-4871,대전광역시 동구청,2023-12-01
판암동274,1,,대전광역시 동구 판암동 568-4,36.32083924,127.4520333,,한전주,042-271-4871,대전광역시 동구청,2023-12-01
판암동275,1,,대전광역시 동구 판암동 산 32-1,36.3060941,127.4707539,,한전주,042-271-4871,대전광역시 동구청,2023-12-01
판암동276,1,,대전광역시 동구 판암동 568-9,36.32107379,127.4515626,,한전주,042-271-4871,대전광역시 동구청,2023-12-01
판암동277,1,,대전광역시 동구 판암동 560-27,36.32113421,127.4513604,,한전주,042-271-4871,대전광역시 동구청,2023-12-01
판암동278,1,,대전광역시 동구 판암동 580,36.32158951,127.4514006,,한전주,042-271-4871,대전광역시 동구청,2023-12-01
판암동279,1,,대전광역시 동구 판암동 579-20,36.32177527,127.4516800289,,한전주,042-271-4871,대전광역시 동구청,2023-12-01
판암동280,1,,대전광역시 동구 판암동 579-6,36.32187247,127.4518099,,한전주,042-271-4871,대전광역시 동구청,2023-12-01
판암동281,1,,대전광역시 동구 판암동 579-13,36.32208403,127.4517464,,한전주,042-271-4871,대전광역시 동구청,2023-12-01
판암동282,1,,대전광역시 동구 판암동 14-80,36.32229656,127.4522406,,한전주,042-271-4871,대전광역시 동구청,2023-12-01
판암동283,1,,대전광역시 동구 판암동 570,36.32098682,127.4508292,,한전주,042-271-4871,대전광역시 동구청,2023-12-01
판암동284,1,,대전광역시 동구 판암동 582-4,36.32136515,127.4512968,,한전주,042-271-4871,대전광역시 동구청,2023-12-01
판암동285,1,,대전광역시 동구 판암동 577-2,36.32146287,127.4510018,,한전주,042-271-4871,대전광역시 동구청,2023-12-01
판암동286,1,,대전광역시 동구 판암동 578-9,36.321833,127.4509725,,한전주,042-271-4871,대전광역시 동구청,2023-12-01
판암동287,1,,대전광역시 동구 판암동 14-84,36.32182444,127.4507818,,전용주,042-271-4871,대전광역시 동구청,2023-12-01
판암동288,1,,대전광역시 동구 판암동 14-84,36.32194673,127.4512113,,전용주,042-271-4871,대전광역시 동구청,2023-12-01
판암동289,1,,대전광역시 동구 판암동 578-19,36.32159666,127.4508908,,한전주,042-271-4871,대전광역시 동구청,2023-12-01
판암동290,1,,대전광역시 동구 판암동 560-17,36.3213136,127.4507014,,한전주,042-271-4871,대전광역시 동구청,2023-12-01
판암동291,1,,대전광역시 동구 판암동 559-11,36.32155043,127.4502697,,건축물,042-271-4871,대전광역시 동구청,2023-12-01
판암동292,1,,대전광역시 동구 판암동 559-12,36.32165473,127.4502606,,전용주,042-271-4871,대전광역시 동구청,2023-12-01
판암동293,1,,대전광역시 동구 판암동 571-18,36.32185484,127.4501057,,한전주,042-271-4871,대전광역시 동구청,2023-12-01
판암동294,1,,대전광역시 동구 판암동 571-5,36.32205316,127.4498002,,한전주,042-271-4871,대전광역시 동구청,2023-12-01
판암동295,1,,대전광역시 동구 판암동 549-4,36.32194162,127.4496271,,한전주,042-271-4871,대전광역시 동구청,2023-12-01
판암동296,1,,대전광역시 동구 판암동 571-5,36.32205316,127.4498002,,한전주,042-271-4871,대전광역시 동구청,2023-12-01
판암동297,1,,대전광역시 동구 판암동 571-19,36.32208101,127.4500626,,한전주,042-271-4871,대전광역시 동구청,2023-12-01
판암동298,1,,대전광역시 동구 판암동 538-54,36.32222791,127.4502276,,전용주,042-271-4871,대전광역시 동구청,2023-12-01
판암동299,1,,대전광역시 동구 판암동 538-52,36.32203007,127.450262,,한전주,042-271-4871,대전광역시 동구청,2023-12-01
판암동300,1,,대전광역시 동구 판암동 547-14,36.32276459,127.4476299,,한전주,042-271-4871,대전광역시 동구청,2023-12-01
판암동301,1,,대전광역시 동구 판암동 570,36.32098682,127.4508292,,한전주,042-271-4871,대전광역시 동구청,2023-12-01
판암동302,1,,대전광역시 동구 판암동 547-30,36.32243077,127.4479963,,한전주,042-271-4871,대전광역시 동구청,2023-12-01
판암동303,1,,대전광역시 동구 판암동 548-6,36.32232579,127.4483079,,한전주,042-271-4871,대전광역시 동구청,2023-12-01
판암동304,1,,대전광역시 동구 판암동 548-17,36.32211047,127.4485316,,한전주,042-271-4871,대전광역시 동구청,2023-12-01
판암동305,1,,대전광역시 동구 판암동 548-4,36.32202616,127.4488321,,한전주,042-271-4871,대전광역시 동구청,2023-12-01
판암동306,1,,대전광역시 동구 판암동 549-10,36.32191399,127.4490645,,한전주,042-271-4871,대전광역시 동구청,2023-12-01
판암동307,1,,대전광역시 동구 판암동 549-11,36.32184474,127.4491973,,한전주,042-271-4871,대전광역시 동구청,2023-12-01
판암동308,1,,대전광역시 동구 판암동 559-6,36.32163586,127.4498646,,한전주,042-271-4871,대전광역시 동구청,2023-12-01
판암동309,1,,대전광역시 동구 판암동 559-18,36.32146457,127.4502162,,한전주,042-271-4871,대전광역시 동구청,2023-12-01
판암동310,1,,대전광역시 동구 판암동 559-16,36.32131305,127.4503446,,한전주,042-271-4871,대전광역시 동구청,2023-12-01
판암동311,1,,대전광역시 동구 판암동 산 32-1,36.3060941,127.4707539,,한전주,042-271-4871,대전광역시 동구청,2023-12-01
판암동312,1,,대전광역시 동구 판암동 560-8,36.32121486,127.4509326,,한전주,042-271-4871,대전광역시 동구청,2023-12-01
판암동313,1,,대전광역시 동구 판암동 560-5,36.32106033,127.4510927,,한전주,042-271-4871,대전광역시 동구청,2023-12-01
판암동314,1,,대전광역시 동구 판암동 568-8,36.32088791,127.4513856,,한전주,042-271-4871,대전광역시 동구청,2023-12-01
판암동315,1,,대전광역시 동구 판암동 570,36.32098682,127.4508292,,한전주,042-271-4871,대전광역시 동구청,2023-12-01
판암동316,1,,대전광역시 동구 판암동 569-10,36.32047108,127.4523736,,한전주,042-271-4871,대전광역시 동구청,2023-12-01
판암동317,1,,대전광역시 동구 판암동 574-1,36.31979079,127.452252,,한전주,042-271-4871,대전광역시 동구청,2023-12-01
판암동318,1,,대전광역시 동구 판암동 567-16,36.32036055,127.4517429,,한전주,042-271-4871,대전광역시 동구청,2023-12-01
판암동319,1,,대전광역시 동구 판암동 570,36.32098682,127.4508292,,한전주,042-271-4871,대전광역시 동구청,2023-12-01
판암동320,1,,대전광역시 동구 판암동 565-4,36.32013599,127.4515465,,한전주,042-271-4871,대전광역시 동구청,2023-12-01
판암동321,1,,대전광역시 동구 판암동 565-3,36.32018254,127.4513204,,한전주,042-271-4871,대전광역시 동구청,2023-12-01
판암동322,1,,대전광역시 동구 판암동 565-1,36.32028551,127.4511144,,한전주,042-271-4871,대전광역시 동구청,2023-12-01
판암동323,1,,대전광역시 동구 판암동 567-10,36.3205896,127.4512237,,전용주,042-271-4871,대전광역시 동구청,2023-12-01
판암동324,1,,대전광역시 동구 판암동 561-12,36.32067839,127.4506681,,전용주,042-271-4871,대전광역시 동구청,2023-12-01
판암동325,1,,대전광역시 동구 판암동 562-3,36.32058495,127.450403,,한전주,042-271-4871,대전광역시 동구청,2023-12-01
판암동326,1,,대전광역시 동구 판암동 562-1,36.32068936,127.4502216,,한전주,042-271-4871,대전광역시 동구청,2023-12-01
판암동327,1,,대전광역시 동구 판암동 557-9,36.32083292,127.4498614,,한전주,042-271-4871,대전광역시 동구청,2023-12-01
판암동328,1,,대전광역시 동구 판암동 557-3,36.32096641,127.449567,,한전주,042-271-4871,대전광역시 동구청,2023-12-01
판암동329,1,,대전광역시 동구 판암동 558-19,36.32116672,127.4495736,,한전주,042-271-4871,대전광역시 동구청,2023-12-01
판암동330,1,,대전광역시 동구 판암동 551-9,36.32119022,127.4492915,,한전주,042-271-4871,대전광역시 동구청,2023-12-01
판암동331,1,,대전광역시 동구 판암동 550-9,36.32152154,127.4487972,,한전주,042-271-4871,대전광역시 동구청,2023-12-01
판암동332,1,,대전광역시 동구 판암동 550-8,36.3217114,127.448922,,한전주,042-271-4871,대전광역시 동구청,2023-12-01
판암동333,1,,대전광역시 동구 판암동 551-11,36.32118659,127.4485769,,한전주,042-271-4871,대전광역시 동구청,2023-12-01
판암동334,1,,대전광역시 동구 판암동 552-22,36.32092619,127.4485426,,한전주,042-271-4871,대전광역시 동구청,2023-12-01
판암동335,1,,대전광역시 동구 판암동 553-8,36.32064877,127.4491764,,한전주,042-271-4871,대전광역시 동구청,2023-12-01
판암동336,1,,대전광역시 동구 판암동 551-3,36.32092539,127.4490932,,한전주,042-271-4871,대전광역시 동구청,2023-12-01
판암동337,1,,대전광역시 동구 판암동 557-5,36.32085939,127.4494597,,한전주,042-271-4871,대전광역시 동구청,2023-12-01
판암동338,1,,대전광역시 동구 판암동 553-3,36.32035054,127.4491847,,한전주,042-271-4871,대전광역시 동구청,2023-12-01
판암동339,1,,대전광역시 동구 판암동 553-16,36.32020834,127.4490871,,한전주,042-271-4871,대전광역시 동구청,2023-12-01
판암동340,1,,대전광역시 동구 판암동 553-14,36.32017773,127.4488408,,한전주,042-271-4871,대전광역시 동구청,2023-12-01
판암동341,1,,대전광역시 동구 판암동 553-4,36.32038404,127.4490224,,전용주,042-271-4871,대전광역시 동구청,2023-12-01
판암동342,1,,대전광역시 동구 판암동 552-9,36.32060869,127.4481876,,한전주,042-271-4871,대전광역시 동구청,2023-12-01
판암동343,1,,대전광역시 동구 판암동 563-7,36.32032938,127.4499466,,한전주,042-271-4871,대전광역시 동구청,2023-12-01
판암동344,1,,대전광역시 동구 판암동 563-13,36.32027013,127.4500302,,한전주,042-271-4871,대전광역시 동구청,2023-12-01
판암동345,1,,대전광역시 동구 판암동 562-1,36.32068936,127.4502216,,한전주,042-271-4871,대전광역시 동구청,2023-12-01
판암동346,1,,대전광역시 동구 판암동 563-10,36.32018427,127.4502886,,한전주,042-271-4871,대전광역시 동구청,2023-12-01
판암동347,1,,대전광역시 동구 판암동 563-1,36.32008915,127.4505855,,한전주,042-271-4871,대전광역시 동구청,2023-12-01
판암동348,1,,대전광역시 동구 판암동 563-1,36.32008915,127.4505855,,한전주,042-271-4871,대전광역시 동구청,2023-12-01
판암동349,1,,대전광역시 동구 판암동 564-2,36.31987413,127.4508964,,한전주,042-271-4871,대전광역시 동구청,2023-12-01
판암동350,1,,대전광역시 동구 판암동 564-9,36.31987996,127.4510477,,전용주,042-271-4871,대전광역시 동구청,2023-12-01
판암동351,1,,대전광역시 동구 판암동 59,36.30815231,127.4677795,,한전주,042-271-4871,대전광역시 동구청,2023-12-01
판암동352,1,,대전광역시 동구 판암동 575-16,36.31949548,127.4519172,,한전주,042-271-4871,대전광역시 동구청,2023-12-01
판암동353,1,,대전광역시 동구 판암동 564-12,36.31951962,127.4511324,,한전주,042-271-4871,대전광역시 동구청,2023-12-01
판암동354,1,,대전광역시 동구 판암동 564-16,36.31968496,127.4507559,,한전주,042-271-4871,대전광역시 동구청,2023-12-01
판암동355,1,,대전광역시 동구 판암동 564-8,36.31981641,127.4506927,,한전주,042-271-4871,대전광역시 동구청,2023-12-01
판암동356,1,,대전광역시 동구 판암동 563-3,36.31996375,127.4502162,,한전주,042-271-4871,대전광역시 동구청,2023-12-01
판암동357,1,,대전광역시 동구 판암동 605-13,36.31971028,127.4493634,,한전주,042-271-4871,대전광역시 동구청,2023-12-01
판암동358,1,,대전광역시 동구 판암동 554-6,36.32006103,127.4495331,,전용주,042-271-4871,대전광역시 동구청,2023-12-01
판암동359,1,,대전광역시 동구 판암동 산 32-1,36.3060941,127.4707539,,한전주,042-271-4871,대전광역시 동구청,2023-12-01
판암동360,1,,대전광역시 동구 판암동 289-1,36.32048111,127.462678,,전용주,042-271-4871,대전광역시 동구청,2023-12-01
판암동361,1,,대전광역시 동구 판암동 230-28,36.32027055,127.4631092,,한전주,042-271-4871,대전광역시 동구청,2023-12-01
판암동362,1,,대전광역시 동구 판암동 230-1,36.31990102,127.4628668,,한전주,042-271-4871,대전광역시 동구청,2023-12-01
판암동366,1,,대전광역시 동구 판암동 230-48,36.31938325,127.4630175,,한전주,042-271-4871,대전광역시 동구청,2023-12-01
판암동367,1,,대전광역시 동구 판암동 230-48,36.31938325,127.4630175,,한전주,042-271-4871,대전광역시 동구청,2023-12-01
판암동369,1,,대전광역시 동구 판암동 1-18,36.31921886,127.4686724,,한전주,042-271-4871,대전광역시 동구청,2023-12-01
판암동373,1,,대전광역시 동구 판암동 산 32-1,36.3060941,127.4707539,,한전주,042-271-4871,대전광역시 동구청,2023-12-01
판암동374,1,,대전광역시 동구 판암동 산 32-1,36.3060941,127.4707539,,한전주,042-271-4871,대전광역시 동구청,2023-12-01
판암동375,1,,대전광역시 동구 판암동 산 32-1,36.3060941,127.4707539,,한전주,042-271-4871,대전광역시 동구청,2023-12-01
판암동376,1,,대전광역시 동구 판암동 산 32-2,36.30535684,127.4682345,,한전주,042-271-4871,대전광역시 동구청,2023-12-01
판암동377,1,,대전광역시 동구 판암동 산 32-2,36.30535684,127.4682345,,한전주,042-271-4871,대전광역시 동구청,2023-12-01
판암동378,1,,대전광역시 동구 판암동 산 32-2,36.30535684,127.4682345,,한전주,042-271-4871,대전광역시 동구청,2023-12-01
판암동379,1,,대전광역시 동구 판암동 산 32-1,36.3060941,127.4707539,,한전주,042-271-4871,대전광역시 동구청,2023-12-01
판암동380,1,,대전광역시 동구 판암동 산 32-1,36.3060941,127.4707539,,한전주,042-271-4871,대전광역시 동구청,2023-12-01
판암동381,1,,대전광역시 동구 판암동 56-1,36.30568016,127.4686688,,한전주,042-271-4871,대전광역시 동구청,2023-12-01
판암동382,1,,대전광역시 동구 판암동 산 32-1,36.3060941,127.4707539,,한전주,042-271-4871,대전광역시 동구청,2023-12-01
판암동383,1,,대전광역시 동구 판암동 산 32-1,36.3060941,127.4707539,,한전주,042-271-4871,대전광역시 동구청,2023-12-01
판암동384,1,,대전광역시 동구 판암동 산 32-1,36.3060941,127.4707539,,한전주,042-271-4871,대전광역시 동구청,2023-12-01
판암동385,1,,대전광역시 동구 판암동 산 32-1,36.3060941,127.4707539,,한전주,042-271-4871,대전광역시 동구청,2023-12-01
판암동386,1,,대전광역시 동구 판암동 681-5,36.31532037,127.468683,,전용주,042-271-4871,대전광역시 동구청,2023-12-01
판암동387,1,,대전광역시 동구 판암동 716,36.31654299,127.4697711,,한전주,042-271-4871,대전광역시 동구청,2023-12-01
판암동388,1,,대전광역시 동구 판암동 716,36.31654299,127.4697711,,한전주,042-271-4871,대전광역시 동구청,2023-12-01
판암동389,1,,대전광역시 동구 판암동 716,36.31654299,127.4697711,,한전주,042-271-4871,대전광역시 동구청,2023-12-01
판암동390,1,,대전광역시 동구 판암동 141-1,36.31573179,127.4683458,,한전주,042-271-4871,대전광역시 동구청,2023-12-01
판암동391,1,,대전광역시 동구 판암동 138-4,36.31491996,127.4684134,,한전주,042-271-4871,대전광역시 동구청,2023-12-01
판암동392,1,,대전광역시 동구 판암동 13,36.31481961,127.4687256,,한전주,042-271-4871,대전광역시 동구청,2023-12-01
판암동393,1,,대전광역시 동구 판암동 90,36.31295848,127.4672521,,한전주,042-271-4871,대전광역시 동구청,2023-12-01
판암동394,1,,대전광역시 동구 판암동 81-2,36.31272583,127.4676151,,한전주,042-271-4871,대전광역시 동구청,2023-12-01
판암동395,1,,대전광역시 동구 판암동 382-5,36.31356276,127.4589222,,한전주,042-271-4871,대전광역시 동구청,2023-12-01
판암동396,1,,대전광역시 동구 판암동 400-2,36.31283662,127.4573361,,한전주,042-271-4871,대전광역시 동구청,2023-12-01
판암동397,1,,대전광역시 동구 판암동 405-57,36.31390834,127.4549551,,한전주,042-271-4871,대전광역시 동구청,2023-12-01
판암동398,1,,대전광역시 동구 판암동 514-1,36.31999768,127.4563744,,한전주,042-271-4871,대전광역시 동구청,2023-12-01
판암동399,1,,대전광역시 동구 판암동 530,36.32138701,127.4553672,,한전주,042-271-4871,대전광역시 동구청,2023-12-01
판암동400,1,,대전광역시 동구 판암동 692-3,36.32052841,127.4549581,,전용주,042-271-4871,대전광역시 동구청,2023-12-01
판암동401,1,,대전광역시 동구 판암동 508,36.32008538,127.453647,,한전주,042-271-4871,대전광역시 동구청,2023-12-01
판암동402,1,,대전광역시 동구 판암동 702,36.31906365,127.4524552,,한전주,042-271-4871,대전광역시 동구청,2023-12-01
판암동403,1,,대전광역시 동구 판암동 570,36.32098682,127.4508292,,한전주,042-271-4871,대전광역시 동구청,2023-12-01
판암동404,1,,대전광역시 동구 판암동 570,36.32098682,127.4508292,,전용주,042-271-4871,대전광역시 동구청,2023-12-01
판암동405,1,,대전광역시 동구 판암동 570,36.32098682,127.4508292,,한전주,042-271-4871,대전광역시 동구청,2023-12-01
판암동406,1,,대전광역시 동구 판암동 570,36.32098682,127.4508292,,한전주,042-271-4871,대전광역시 동구청,2023-12-01
판암동407,1,,대전광역시 동구 판암동 570,36.32098682,127.4508292,,한전주,042-271-4871,대전광역시 동구청,2023-12-01
판암동408,1,,대전광역시 동구 판암동 535-65,36.3231822,127.4495542,,한전주,042-271-4871,대전광역시 동구청,2023-12-01
판암동409,1,,대전광역시 동구 판암동 535-65,36.3231822,127.4495542,,한전주,042-271-4871,대전광역시 동구청,2023-12-01
판암동410,1,,대전광역시 동구 판암동 535-64,36.32367777,127.4496922,,한전주,042-251-4756,대전광역시 동구청,2023-12-01
판암동411,1,,대전광역시 동구 판암동 679-2,36.31794696,127.4661053,,전용주,042-271-4871,대전광역시 동구청,2023-12-01
판암동412,1,,대전광역시 동구 판암동 680-1,36.31589785,127.4655718,,전용주,042-271-4871,대전광역시 동구청,2023-12-01
판암동413,1,,대전광역시 동구 판암동 680-15,36.31756009,127.4675372,,전용주,042-271-4871,대전광역시 동구청,2023-12-01
판암동414,1,,대전광역시 동구 판암동 152-11,36.31742299,127.4674211,,한전주,042-271-4871,대전광역시 동구청,2023-12-01
판암동415,1,,대전광역시 동구 판암동 149-6,36.31750898,127.4679963,,한전주,042-271-4871,대전광역시 동구청,2023-12-01
판암동416,1,,대전광역시 동구 판암동 172-3,36.31693644,127.4660764,,한전주,042-271-4871,대전광역시 동구청,2023-12-01
판암동417,1,,대전광역시 동구 판암동 산 29-2,36.30881928,127.479065,,한전주,042-271-4871,대전광역시 동구청,2023-12-01
판암동418,1,,대전광역시 동구 판암동 산 29-2,36.30881928,127.479065,,한전주,042-271-4871,대전광역시 동구청,2023-12-01
판암동419,1,,대전광역시 동구 판암동 산 29-2,36.30881928,127.479065,,한전주,042-271-4871,대전광역시 동구청,2023-12-01
판암동420,1,,대전광역시 동구 판암동 산 29-2,36.30881928,127.479065,,한전주,042-271-4871,대전광역시 동구청,2023-12-01
판암동421,1,,대전광역시 동구 판암동 422-13,36.3131839,127.4545323,,한전주,042-271-4871,대전광역시 동구청,2023-12-01
판암동422,1,,대전광역시 동구 판암동 422-8,36.31329698,127.4542758,,한전주,042-271-4871,대전광역시 동구청,2023-12-01
판암동423,1,,대전광역시 동구 판암동 산 32-1,36.3060941,127.4707539,,한전주,042-251-4756,대전광역시 동구청,2023-12-01
판암동424,1,,대전광역시 동구 판암동 10-1,36.31604368,127.468764,,,042-251-4756,대전광역시 동구청,2023-12-01
판암동425,1,,대전광역시 동구 판암동 산 32-1,36.3060941,127.4707539,,한전주,042-251-4756,대전광역시 동구청,2023-12-01
판암동426,1,,대전광역시 동구 판암동 산 32-1,36.3060941,127.4707539,,한전주,042-271-4871,대전광역시 동구청,2023-12-01
판암동427,1,,대전광역시 동구 판암동 산 32-1,36.3060941,127.4707539,,한전주,042-271-4871,대전광역시 동구청,2023-12-01
판암동428,1,,대전광역시 동구 판암동 178,36.31582169,127.4627644,,한전주,042-271-4871,대전광역시 동구청,2023-12-01
판암동429,1,,대전광역시 동구 판암동 680-51,36.31661188,127.4675943,,한전주,042-271-4871,대전광역시 동구청,2023-12-01
판암동430,1,,대전광역시 동구 판암동 550-9,36.32152154,127.4487972,,한전주,042-271-4871,대전광역시 동구청,2023-12-01
판암동431,1,,대전광역시 동구 판암동 692-3,36.32052841,127.4549581,,전용주,042-271-4871,대전광역시 동구청,2023-12-01
판암동432,1,,대전광역시 동구 판암동 402-45,36.31326683,127.4572028,,한전주,042-271-4871,대전광역시 동구청,2023-12-01
판암동434,1,,대전광역시 동구 판암동 6,36.31709304,127.4683949,,한전주,042-271-4871,대전광역시 동구청,2023-12-01
하소동001,1,,대전광역시 동구 하소동 448-5,36.20889706,127.4404627,,한전주,042-271-4871,대전광역시 동구청,2023-12-01
하소동002,1,,대전광역시 동구 하소동 448-5,36.20889706,127.4404627,,한전주,042-271-4871,대전광역시 동구청,2023-12-01
하소동003,1,,대전광역시 동구 하소동 448-5,36.20889706,127.4404627,,한전주,042-271-4871,대전광역시 동구청,2023-12-01
하소동004,1,,대전광역시 동구 하소동 448-5,36.20889706,127.4404627,,한전주,042-271-4871,대전광역시 동구청,2023-12-01
하소동005,1,,대전광역시 동구 하소동 448-1,36.21001166,127.4397399,,한전주,042-271-4871,대전광역시 동구청,2023-12-01
하소동006,1,,대전광역시 동구 하소동 469-9,36.21034949,127.4394800191,,한전주,042-271-4871,대전광역시 동구청,2023-12-01
하소동007,1,,대전광역시 동구 하소동 469-2,36.21074646,127.4391306,,한전주,042-271-4871,대전광역시 동구청,2023-12-01
하소동008,1,,대전광역시 동구 하소동 477-2,36.21021824,127.4382119,,한전주,042-271-4871,대전광역시 동구청,2023-12-01
하소동009,1,,대전광역시 동구 하소동 753,36.21119207,127.4379903,,한전주,042-271-4871,대전광역시 동구청,2023-12-01
하소동010,1,,대전광역시 동구 하소동 768-1,36.20971526,127.4382496,,한전주,042-271-4871,대전광역시 동구청,2023-12-01
하소동011,1,,대전광역시 동구 하소동 753-5,36.20920263,127.4377667,,한전주,042-271-4871,대전광역시 동구청,2023-12-01
하소동012,1,,대전광역시 동구 하소동 산 30-8,36.20839667,127.4363465,,한전주,042-271-4871,대전광역시 동구청,2023-12-01
하소동013,1,,대전광역시 동구 하소동 산 30-8,36.20839667,127.4363465,,한전주,042-271-4871,대전광역시 동구청,2023-12-01
하소동014,1,,대전광역시 동구 하소동 산 30-8,36.20839667,127.4363465,,한전주,042-271-4871,대전광역시 동구청,2023-12-01
하소동015,1,,대전광역시 동구 하소동 산 30-8,36.20839667,127.4363465,,한전주,042-271-4871,대전광역시 동구청,2023-12-01
하소동016,1,,대전광역시 동구 하소동 산 30-8,36.20839667,127.4363465,,한전주,042-271-4871,대전광역시 동구청,2023-12-01
하소동017,1,,대전광역시 동구 하소동 산 30-8,36.20839667,127.4363465,,한전주,042-271-4871,대전광역시 동구청,2023-12-01
하소동018,1,,대전광역시 동구 하소동 502-1,36.20709714,127.4335816,,한전주,042-271-4871,대전광역시 동구청,2023-12-01
하소동019,1,,대전광역시 동구 하소동 506,36.20641942,127.4333582,,한전주,042-271-4871,대전광역시 동구청,2023-12-01
하소동020,1,,대전광역시 동구 하소동 510,36.20580952,127.4330132,,한전주,042-271-4871,대전광역시 동구청,2023-12-01
하소동021,1,,대전광역시 동구 하소동 520,36.20507136,127.4330277,,한전주,042-271-4871,대전광역시 동구청,2023-12-01
하소동022,1,,대전광역시 동구 하소동 419-1,36.2109833,127.4390133,,한전주,042-271-4871,대전광역시 동구청,2023-12-01
하소동023,1,,대전광역시 동구 하소동 416-1,36.21107877,127.4384639,,한전주,042-271-4871,대전광역시 동구청,2023-12-01
하소동024,1,,대전광역시 동구 하소동 421-4,36.21110697,127.4390805,,한전주,042-271-4871,대전광역시 동구청,2023-12-01
하소동025,1,,대전광역시 동구 하소동 411,36.21139097,127.4382838,,한전주,042-271-4871,대전광역시 동구청,2023-12-01
하소동026,1,,대전광역시 동구 하소동 422-1,36.21148704,127.4388501,,한전주,042-271-4871,대전광역시 동구청,2023-12-01
하소동027,1,,대전광역시 동구 하소동 421-2,36.21163127,127.4389855,,전용주,042-271-4871,대전광역시 동구청,2023-12-01
하소동028,1,,대전광역시 동구 하소동 423-9,36.21189837,127.4388931,,한전주,042-271-4871,대전광역시 동구청,2023-12-01
하소동029,1,,대전광역시 동구 하소동 402-1,36.21224024,127.4386383,,한전주,042-271-4871,대전광역시 동구청,2023-12-01
하소동030,1,,대전광역시 동구 하소동 432-4,36.21330971,127.4405409,,전용주,042-271-4871,대전광역시 동구청,2023-12-01
하소동032,1,,대전광역시 동구 하소동 432-1,36.21390355,127.4413106,,전용주,042-271-4871,대전광역시 동구청,2023-12-01
하소동033,1,,대전광역시 동구 하소동 343-1,36.2147293,127.4420962,,전용주,042-271-4871,대전광역시 동구청,2023-12-01
하소동034,1,,대전광역시 동구 하소동 752,36.21436229,127.4414165,,,042-271-4871,대전광역시 동구청,2023-12-01
하소동035,1,,대전광역시 동구 하소동 751-2,36.21322139,127.4398615,,한전주,042-271-4871,대전광역시 동구청,2023-12-01
하소동036,1,,대전광역시 동구 하소동 366-2,36.21570832,127.4417639,,한전주,042-271-4871,대전광역시 동구청,2023-12-01
하소동037,1,,대전광역시 동구 하소동 454-1,36.20727114,127.4403118,,한전주,042-271-4871,대전광역시 동구청,2023-12-01
하소동038,1,,대전광역시 동구 하소동 456-1,36.20648345,127.4414483,,한전주,042-271-4871,대전광역시 동구청,2023-12-01
하소동039,1,,대전광역시 동구 하소동 456-2,36.2063182,127.4413542,,한전주,042-271-4871,대전광역시 동구청,2023-12-01
하소동040,1,,대전광역시 동구 하소동 456-2,36.2063182,127.4413542,,한전주,042-271-4871,대전광역시 동구청,2023-12-01
하소동041,1,,대전광역시 동구 하소동 456-1,36.20648345,127.4414483,,전용주,042-271-4871,대전광역시 동구청,2023-12-01
하소동042,1,,대전광역시 동구 하소동 456-2,36.2063182,127.4413542,,한전주,042-271-4871,대전광역시 동구청,2023-12-01
하소동043,1,,대전광역시 동구 하소동 457-2,36.20581102,127.4417174,,한전주,042-271-4871,대전광역시 동구청,2023-12-01
하소동044,1,,대전광역시 동구 하소동 648-1,36.22112903,127.4325784,,한전주,042-271-4871,대전광역시 동구청,2023-12-01
하소동045,1,,대전광역시 동구 하소동 771,36.2230911,127.4297678,,한전주,042-271-4871,대전광역시 동구청,2023-12-01
하소동046,1,,대전광역시 동구 하소동 684-1,36.22231345,127.4302336,,한전주,042-271-4871,대전광역시 동구청,2023-12-01
하소동047,1,,대전광역시 동구 하소동 685,36.22299766,127.4300501,,한전주,042-271-4871,대전광역시 동구청,2023-12-01
하소동048,1,,대전광역시 동구 하소동 678,36.22341422,127.4292157,,한전주,042-271-4871,대전광역시 동구청,2023-12-01
하소동049,1,,대전광역시 동구 하소동 832,36.20654019,127.4407364,,한전주,042-271-4871,대전광역시 동구청,2023-12-01
하소동050,1,,대전광역시 동구 하소동 산 45-4,36.20501493,127.4418873,,한전주,042-271-4871,대전광역시 동구청,2023-12-01
하소동051,1,,대전광역시 동구 하소동 737-27,36.21848334,127.4412957,,한전주,042-271-4871,대전광역시 동구청,2023-12-01
하소동052,1,,대전광역시 동구 하소동 737-49,36.21889244,127.4411958,,한전주,042-271-4871,대전광역시 동구청,2023-12-01
하소동053,1,,대전광역시 동구 하소동 산 44-3,36.20756443,127.4403551,,한전주,042-271-4871,대전광역시 동구청,2023-12-01
하소동054,1,,대전광역시 동구 하소동 737-7,36.21908195,127.4414751,,한전주,042-271-4871,대전광역시 동구청,2023-12-01
하소동055,1,,대전광역시 동구 하소동 330-4,36.21887995,127.4415538,,한전주,042-271-4871,대전광역시 동구청,2023-12-01
하소동056,1,,대전광역시 동구 하소동 328-6,36.21922913,127.4422435,,한전주,042-271-4871,대전광역시 동구청,2023-12-01
하소동057,1,,대전광역시 동구 하소동 328-3,36.21896214,127.4422352,,한전주,042-271-4871,대전광역시 동구청,2023-12-01
하소동058,1,,대전광역시 동구 하소동 326-1,36.21882761,127.4425223,,전용주,042-271-4871,대전광역시 동구청,2023-12-01
하소동059,1,,대전광역시 동구 하소동 320-10,36.21959112,127.4424445,,한전주,042-271-4871,대전광역시 동구청,2023-12-01
하소동060,1,,대전광역시 동구 하소동 320-11,36.21965677,127.4423346,,한전주,042-271-4871,대전광역시 동구청,2023-12-01
하소동061,1,,대전광역시 동구 하소동 311,36.22004227,127.4420748,,전용주,042-271-4871,대전광역시 동구청,2023-12-01
하소동062,1,,대전광역시 동구 하소동 373-43,36.21979942,127.4416292,,한전주,042-271-4871,대전광역시 동구청,2023-12-01
하소동063,1,,대전광역시 동구 하소동 311,36.22004227,127.4420748,,한전주,042-271-4871,대전광역시 동구청,2023-12-01
하소동065,1,,대전광역시 동구 하소동 315,36.22191544,127.4427227,,한전주,042-271-4871,대전광역시 동구청,2023-12-01
하소동066,1,,대전광역시 동구 하소동 737-19,36.22255179,127.4430572,,한전주,042-271-4871,대전광역시 동구청,2023-12-01
하소동067,1,,대전광역시 동구 하소동 737-19,36.22312742,127.4433635,,한전주,042-271-4871,대전광역시 동구청,2023-12-01
하소동068,1,,대전광역시 동구 하소동 67,36.22351643,127.4435687,,한전주,042-271-4871,대전광역시 동구청,2023-12-01
하소동069,1,,대전광역시 동구 하소동 105-3,36.22348086,127.4426594,,한전주,042-271-4871,대전광역시 동구청,2023-12-01
하소동070,1,,대전광역시 동구 하소동 102-1,36.22337608,127.4422149,,한전주,042-271-4871,대전광역시 동구청,2023-12-01
하소동071,1,,대전광역시 동구 하소동 101-2,36.22349107,127.4418983,,전용주,042-271-4871,대전광역시 동구청,2023-12-01
하소동072,1,,대전광역시 동구 하소동 102,36.22339656,127.4420126,,한전주,042-271-4871,대전광역시 동구청,2023-12-01
하소동073,1,,대전광역시 동구 하소동 737-22,36.22375256,127.4432835,,한전주,042-271-4871,대전광역시 동구청,2023-12-01
하소동074,1,,대전광역시 동구 하소동 108-7,36.22374294,127.4426578,,전용주,042-271-4871,대전광역시 동구청,2023-12-01
하소동075,1,,대전광역시 동구 하소동 108-6,36.22384347,127.4428158,,전용주,042-271-4871,대전광역시 동구청,2023-12-01
하소동076,1,,대전광역시 동구 하소동 100-2,36.22375852,127.442001,,한전주,042-271-4871,대전광역시 동구청,2023-12-01
하소동077,1,,대전광역시 동구 하소동 99-1,36.22388006,127.4418397,,한전주,042-271-4871,대전광역시 동구청,2023-12-01
하소동078,1,,대전광역시 동구 하소동 107-1,36.22395934,127.442554,,전용주,042-271-4871,대전광역시 동구청,2023-12-01
하소동079,1,,대전광역시 동구 하소동 117-1,36.22433876,127.4426684,,전용주,042-271-4871,대전광역시 동구청,2023-12-01
하소동080,1,,대전광역시 동구 하소동 118-2,36.22451837,127.4424739,,한전주,042-271-4871,대전광역시 동구청,2023-12-01
하소동081,1,,대전광역시 동구 하소동 737-22,36.22375256,127.4432835,,전용주,042-271-4871,대전광역시 동구청,2023-12-01
하소동082,1,,대전광역시 동구 하소동 109-3,36.22408205,127.443405,,전용주,042-271-4871,대전광역시 동구청,2023-12-01
하소동083,1,,대전광역시 동구 하소동 116,36.22463615,127.4430359,,한전주,042-271-4871,대전광역시 동구청,2023-12-01
하소동084,1,,대전광역시 동구 하소동 114-3,36.22486534,127.4434942,,건축물,042-271-4871,대전광역시 동구청,2023-12-01
하소동085,1,,대전광역시 동구 하소동 131-6,36.22511307,127.4433014,,한전주,042-271-4871,대전광역시 동구청,2023-12-01
하소동086,1,,대전광역시 동구 하소동 131-7,36.22496045,127.4432899,,한전주,042-271-4871,대전광역시 동구청,2023-12-01
하소동087,1,,대전광역시 동구 하소동 736,36.22509706,127.4418944,,한전주,042-271-4871,대전광역시 동구청,2023-12-01
하소동088,1,,대전광역시 동구 하소동 123,36.2250185,127.4423848,,한전주,042-271-4871,대전광역시 동구청,2023-12-01
하소동089,1,,대전광역시 동구 하소동 123,36.2250185,127.4423848,,한전주,042-271-4871,대전광역시 동구청,2023-12-01
하소동090,1,,대전광역시 동구 하소동 128,36.22546978,127.4413224,,한전주,042-271-4871,대전광역시 동구청,2023-12-01
하소동091,1,,대전광역시 동구 하소동 125,36.22513445,127.4409792,,한전주,042-271-4871,대전광역시 동구청,2023-12-01
하소동092,1,,대전광역시 동구 하소동 131-4,36.22544377,127.4434568,,한전주,042-271-4871,대전광역시 동구청,2023-12-01
하소동093,1,,대전광역시 동구 하소동 133-2,36.22546374,127.4441229,,한전주,042-271-4871,대전광역시 동구청,2023-12-01
하소동094,1,,대전광역시 동구 하소동 143-2,36.22570559,127.4443492,,한전주,042-271-4871,대전광역시 동구청,2023-12-01
하소동095,1,,대전광역시 동구 하소동 143,36.22597471,127.4440655,,한전주,042-271-4871,대전광역시 동구청,2023-12-01
하소동096,1,,대전광역시 동구 하소동 145,36.22611459,127.4433668,,한전주,042-271-4871,대전광역시 동구청,2023-12-01
하소동097,1,,대전광역시 동구 하소동 146-2,36.22648288,127.4430103,,한전주,042-271-4871,대전광역시 동구청,2023-12-01
하소동098,1,,대전광역시 동구 하소동 146,36.22665343,127.4423437,,한전주,042-271-4871,대전광역시 동구청,2023-12-01
하소동099,1,,대전광역시 동구 하소동 156-5,36.22745517,127.4410096,,한전주,042-271-4871,대전광역시 동구청,2023-12-01
하소동100,1,,대전광역시 동구 하소동 737-3,36.21998299,127.4418608,,한전주,042-271-4871,대전광역시 동구청,2023-12-01
하소동101,1,,대전광역시 동구 하소동 51-3,36.22399943,127.4442599,,한전주,042-271-4871,대전광역시 동구청,2023-12-01
하소동102,1,,대전광역시 동구 하소동 52,36.2240315,127.4446026,,한전주,042-271-4871,대전광역시 동구청,2023-12-01
하소동103,1,,대전광역시 동구 하소동 65,36.22295054,127.4446451,,한전주,042-271-4871,대전광역시 동구청,2023-12-01
하소동104,1,,대전광역시 동구 하소동 64,36.22238665,127.445158,,한전주,042-271-4871,대전광역시 동구청,2023-12-01
하소동105,1,,대전광역시 동구 하소동 64,36.22238665,127.445158,,한전주,042-271-4871,대전광역시 동구청,2023-12-01
하소동106,1,,대전광역시 동구 하소동 40,36.22226447,127.4459275,,한전주,042-271-4871,대전광역시 동구청,2023-12-01
하소동107,1,,대전광역시 동구 하소동 36-1,36.22113106,127.4461619,,한전주,042-271-4871,대전광역시 동구청,2023-12-01
하소동108,1,,대전광역시 동구 하소동 37-3,36.22109002,127.4458835,,한전주,042-271-4871,대전광역시 동구청,2023-12-01
하소동109,1,,대전광역시 동구 하소동 36-1,36.22113106,127.4461619,,한전주,042-271-4871,대전광역시 동구청,2023-12-01
하소동110,1,,대전광역시 동구 하소동 448-5,36.20889706,127.4404627,,한전주,042-271-4871,대전광역시 동구청,2023-12-01
하소동111,1,,대전광역시 동구 하소동 832,36.20654019,127.4407364,,한전주,042-271-4871,대전광역시 동구청,2023-12-01
하소동114,1,,대전광역시 동구 하소동 131-1,36.22564035,127.4440196,,한전주,042-271-4871,대전광역시 동구청,2023-12-01
하소동115,1,,대전광역시 동구 하소동 166,36.22665143,127.4413195,,한전주,042-271-4871,대전광역시 동구청,2023-12-01
하소동116,1,,대전광역시 동구 하소동 167,36.22684584,127.4414108,,한전주,042-271-4871,대전광역시 동구청,2023-12-01
하소동117,1,,대전광역시 동구 하소동 187,36.2256944,127.4400247,,한전주,042-271-4871,대전광역시 동구청,2023-12-01
하소동118,1,,대전광역시 동구 하소동 343-1,36.2147293,127.4420962,,한전주,042-271-4871,대전광역시 동구청,2023-12-01
하소동119,1,,대전광역시 동구 하소동 367,36.21524709,127.441887,,한전주,042-271-4871,대전광역시 동구청,2023-12-01
하소동120,1,,대전광역시 동구 하소동 943,36.21945436,127.4408778,,한전주,042-271-4871,대전광역시 동구청,2023-12-01
하소동121,1,,대전광역시 동구 하소동 753,36.21119207,127.4379903,,전용주,042-271-4871,대전광역시 동구청,2023-12-01
하소동122,1,,대전광역시 동구 하소동 737-36,36.21889244,127.4411958,,한전주,042-271-4871,대전광역시 동구청,2023-12-01
하소동123,1,,대전광역시 동구 하소동 98-4,36.22353922,127.4413291,,전용주,042-271-4871,대전광역시 동구청,2023-12-01
하소동124,1,,대전광역시 동구 하소동 169-12,36.2267867,127.4408065,,한전주,042-271-4871,대전광역시 동구청,2023-12-01
홍도동001,1,,대전광역시 동구 홍도동 16-13,36.34402123,127.4243642,,한전주,042-271-4871,대전광역시 동구청,2023-12-01
홍도동002,1,,대전광역시 동구 홍도동 177-1,36.34401677,127.4239696,,한전주,042-271-4871,대전광역시 동구청,2023-12-01
홍도동003,1,,대전광역시 동구 홍도동 166-1,36.34452351,127.4241214,,건축물,042-271-4871,대전광역시 동구청,2023-12-01
홍도동004,1,,대전광역시 동구 홍도동 17-10,36.34454984,127.4246229,,한전주,042-271-4871,대전광역시 동구청,2023-12-01
홍도동005,1,,대전광역시 동구 홍도동 17-12,36.34461283,127.4247753,,전용주,042-271-4871,대전광역시 동구청,2023-12-01
홍도동006,1,,대전광역시 동구 홍도동 164-5,36.34447914,127.4242831,,한전주,042-271-4871,대전광역시 동구청,2023-12-01
홍도동007,1,,대전광역시 동구 홍도동 166-1,36.34452351,127.4241214,,한전주,042-271-4871,대전광역시 동구청,2023-12-01
홍도동008,1,,대전광역시 동구 홍도동 177-1,36.34401677,127.4239696,,한전주,042-271-4871,대전광역시 동구청,2023-12-01
홍도동009,1,,대전광역시 동구 홍도동 175-17,36.34442721,127.4237796,,한전주,042-271-4871,대전광역시 동구청,2023-12-01
홍도동010,1,,대전광역시 동구 홍도동 167-6,36.34485293,127.4237287,,한전주,042-271-4871,대전광역시 동구청,2023-12-01
홍도동011,1,,대전광역시 동구 홍도동 167-8,36.34518412,127.4236996,,한전주,042-271-4871,대전광역시 동구청,2023-12-01
홍도동012,1,,대전광역시 동구 홍도동 821-1,36.34355016,127.4246003,,한전주,042-271-4871,대전광역시 동구청,2023-12-01
홍도동013,1,,대전광역시 동구 홍도동 171-7,36.3457771,127.4231748,,한전주,042-271-4871,대전광역시 동구청,2023-12-01
홍도동014,1,,대전광역시 동구 홍도동 140-6,36.34569486,127.422798,,전용주,042-271-4871,대전광역시 동구청,2023-12-01
홍도동015,1,,대전광역시 동구 홍도동 164-15,36.34503517,127.4238228,,한전주,042-271-4871,대전광역시 동구청,2023-12-01
홍도동016,1,,대전광역시 동구 홍도동 821-11,36.3436132,127.4242558,,한전주,042-271-4871,대전광역시 동구청,2023-12-01
홍도동017,1,,대전광역시 동구 홍도동 177-3,36.34386252,127.423887,,한전주,042-271-4871,대전광역시 동구청,2023-12-01
홍도동018,1,,대전광역시 동구 홍도동 863,36.34489909,127.4231837,,한전주,042-271-4871,대전광역시 동구청,2023-12-01
홍도동019,1,,대전광역시 동구 홍도동 176-9,36.34424369,127.4231043,,한전주,042-271-4871,대전광역시 동구청,2023-12-01
홍도동020,1,,대전광역시 동구 홍도동 176-6,36.34426021,127.4228428,,한전주,042-271-4871,대전광역시 동구청,2023-12-01
홍도동021,1,,대전광역시 동구 홍도동 176-7,36.34432462,127.4226207,,한전주,042-271-4871,대전광역시 동구청,2023-12-01
홍도동022,1,,대전광역시 동구 홍도동 863,36.34489909,127.4231837,,한전주,042-271-4871,대전광역시 동구청,2023-12-01
홍도동023,1,,대전광역시 동구 홍도동 121-5,36.34442002,127.4217377,,한전주,042-271-4871,대전광역시 동구청,2023-12-01
홍도동024,1,,대전광역시 동구 홍도동 129-4,36.34462694,127.4209158,,한전주,042-271-4871,대전광역시 동구청,2023-12-01
홍도동025,1,,대전광역시 동구 홍도동 141-15,36.34487606,127.4214929,,한전주,042-271-4871,대전광역시 동구청,2023-12-01
홍도동026,1,,대전광역시 동구 홍도동 141-17,36.34511821,127.4218243,,한전주,042-271-4871,대전광역시 동구청,2023-12-01
홍도동027,1,,대전광역시 동구 홍도동 141-18,36.34519729,127.4219149,,한전주,042-271-4871,대전광역시 동구청,2023-12-01
홍도동028,1,,대전광역시 동구 홍도동 141-1,36.34525447,127.4220287,,한전주,042-271-4871,대전광역시 동구청,2023-12-01
홍도동029,1,,대전광역시 동구 홍도동 140-11,36.34552375,127.4223061,,한전주,042-271-4871,대전광역시 동구청,2023-12-01
홍도동030,1,,대전광역시 동구 홍도동 140-14,36.34573232,127.4225245,,한전주,042-271-4871,대전광역시 동구청,2023-12-01
홍도동031,1,,대전광역시 동구 홍도동 140-2,36.34609425,127.4227243,,한전주,042-271-4871,대전광역시 동구청,2023-12-01
홍도동032,1,,대전광역시 동구 홍도동 140-21,36.34543258,127.4230865,,전용주,042-271-4871,대전광역시 동구청,2023-12-01
홍도동033,1,,대전광역시 동구 홍도동 140-18,36.3454521,127.4226654,,한전주,042-271-4871,대전광역시 동구청,2023-12-01
홍도동034,1,,대전광역시 동구 홍도동 140-9,36.34535016,127.4222368,,한전주,042-271-4871,대전광역시 동구청,2023-12-01
홍도동035,1,,대전광역시 동구 홍도동 141-26,36.34488274,127.4220533,,한전주,042-271-4871,대전광역시 동구청,2023-12-01
홍도동036,1,,대전광역시 동구 홍도동 176-8,36.34441286,127.4227926,,한전주,042-271-4871,대전광역시 동구청,2023-12-01
홍도동037,1,,대전광역시 동구 홍도동 143-5,36.34489886,127.4229976,,한전주,042-271-4871,대전광역시 동구청,2023-12-01
홍도동038,1,,대전광역시 동구 홍도동 143-3,36.3451279,127.4233139,,한전주,042-271-4871,대전광역시 동구청,2023-12-01
홍도동039,1,,대전광역시 동구 홍도동 176-11,36.34409323,127.4233994,,한전주,042-271-4871,대전광역시 동구청,2023-12-01
홍도동040,1,,대전광역시 동구 홍도동 176-18,36.34440559,127.4230146,,한전주,042-271-4871,대전광역시 동구청,2023-12-01
홍도동041,1,,대전광역시 동구 홍도동 863,36.34489909,127.4231837,,한전주,042-271-4871,대전광역시 동구청,2023-12-01
홍도동042,1,,대전광역시 동구 홍도동 142-9,36.34484261,127.4225183,,전용주,042-271-4871,대전광역시 동구청,2023-12-01
홍도동043,1,,대전광역시 동구 홍도동 134-4,36.34644845,127.4225334,,한전주,042-271-4871,대전광역시 동구청,2023-12-01
홍도동044,1,,대전광역시 동구 홍도동 134-7,36.34609926,127.4221468,,한전주,042-271-4871,대전광역시 동구청,2023-12-01
홍도동045,1,,대전광역시 동구 홍도동 134-19,36.34592087,127.4217781,,한전주,042-271-4871,대전광역시 동구청,2023-12-01
홍도동046,1,,대전광역시 동구 홍도동 133-14,36.34607089,127.4213247,,한전주,042-271-4871,대전광역시 동구청,2023-12-01
홍도동047,1,,대전광역시 동구 홍도동 862,36.34615461,127.4207832,,한전주,042-271-4871,대전광역시 동구청,2023-12-01
홍도동048,1,,대전광역시 동구 홍도동 133-16,36.34650479,127.4214826,,한전주,042-271-4871,대전광역시 동구청,2023-12-01
홍도동049,1,,대전광역시 동구 홍도동 134-8,36.34609088,127.421944,,한전주,042-271-4871,대전광역시 동구청,2023-12-01
홍도동050,1,,대전광역시 동구 홍도동 134-8,36.34609088,127.421944,,한전주,042-271-4871,대전광역시 동구청,2023-12-01
홍도동051,1,,대전광역시 동구 홍도동 127-1,36.34720194,127.4213304,,한전주,042-271-4871,대전광역시 동구청,2023-12-01
홍도동052,1,,대전광역시 동구 홍도동 861,36.34761202,127.421784,,한전주,042-271-4871,대전광역시 동구청,2023-12-01
홍도동053,1,,대전광역시 동구 홍도동 110-17,36.34789855,127.4209711,,한전주,042-271-4871,대전광역시 동구청,2023-12-01
홍도동054,1,,대전광역시 동구 홍도동 110-15,36.34815631,127.4209635,,한전주,042-271-4871,대전광역시 동구청,2023-12-01
홍도동055,1,,대전광역시 동구 홍도동 255-16,36.34844758,127.4210883,,한전주,042-271-4871,대전광역시 동구청,2023-12-01
홍도동056,1,,대전광역시 동구 홍도동 861,36.34761202,127.421784,,한전주,042-271-4871,대전광역시 동구청,2023-12-01
홍도동058,1,,대전광역시 동구 홍도동 133-1,36.34702406,127.4222203,,한전주,042-271-4871,대전광역시 동구청,2023-12-01
홍도동059,1,,대전광역시 동구 홍도동 127-5,36.34716487,127.4218482,,한전주,042-271-4871,대전광역시 동구청,2023-12-01
홍도동060,1,,대전광역시 동구 홍도동 127-8,36.34693368,127.4216813,,한전주,042-271-4871,대전광역시 동구청,2023-12-01
홍도동061,1,,대전광역시 동구 홍도동 133-8,36.34669705,127.4218801,,한전주,042-271-4871,대전광역시 동구청,2023-12-01
홍도동062,1,,대전광역시 동구 홍도동 134-18,36.34659995,127.4224289,,한전주,042-271-4871,대전광역시 동구청,2023-12-01
홍도동063,1,,대전광역시 동구 홍도동 133-11,36.34638508,127.4215698,,한전주,042-271-4871,대전광역시 동구청,2023-12-01
홍도동064,1,,대전광역시 동구 홍도동 133-13,36.3461462,127.4215113,,한전주,042-271-4871,대전광역시 동구청,2023-12-01
홍도동065,1,,대전광역시 동구 홍도동 863,36.34489909,127.4231837,,한전주,042-271-4871,대전광역시 동구청,2023-12-01
홍도동066,1,,대전광역시 동구 홍도동 863,36.34489909,127.4231837,,한전주,042-271-4871,대전광역시 동구청,2023-12-01
홍도동067,1,,대전광역시 동구 홍도동 138-12,36.34512457,127.4211209,,한전주,042-271-4871,대전광역시 동구청,2023-12-01
홍도동068,1,,대전광역시 동구 홍도동 863,36.34489909,127.4231837,,한전주,042-271-4871,대전광역시 동구청,2023-12-01
홍도동069,1,,대전광역시 동구 홍도동 137-2,36.34552074,127.4204262,,한전주,042-271-4871,대전광역시 동구청,2023-12-01
홍도동070,1,,대전광역시 동구 홍도동 862,36.34615461,127.4207832,,한전주,042-271-4871,대전광역시 동구청,2023-12-01
홍도동071,1,,대전광역시 동구 홍도동 137-1,36.34530777,127.4207402,,한전주,042-271-4871,대전광역시 동구청,2023-12-01
홍도동072,1,,대전광역시 동구 홍도동 136-40,36.34610943,127.420337,,한전주,042-271-4871,대전광역시 동구청,2023-12-01
홍도동073,1,,대전광역시 동구 홍도동 135-1,36.34571712,127.4209599,,한전주,042-271-4871,대전광역시 동구청,2023-12-01
홍도동074,1,,대전광역시 동구 홍도동 136-7,36.34644728,127.4202605,,한전주,042-271-4871,대전광역시 동구청,2023-12-01
홍도동075,1,,대전광역시 동구 홍도동 126-15,36.34677832,127.420454,,한전주,042-271-4871,대전광역시 동구청,2023-12-01
홍도동076,1,,대전광역시 동구 홍도동 126-6,36.3467718,127.4207453,,한전주,042-271-4871,대전광역시 동구청,2023-12-01
홍도동077,1,,대전광역시 동구 홍도동 862,36.34615461,127.4207832,,한전주,042-271-4871,대전광역시 동구청,2023-12-01
홍도동078,1,,대전광역시 동구 홍도동 126-1,36.34708768,127.4203554,,한전주,042-271-4871,대전광역시 동구청,2023-12-01
홍도동079,1,,대전광역시 동구 홍도동 111-1,36.34733097,127.4209003,,한전주,042-271-4871,대전광역시 동구청,2023-12-01
홍도동080,1,,대전광역시 동구 홍도동 126-4,36.34715857,127.421055,,한전주,042-271-4871,대전광역시 동구청,2023-12-01
홍도동081,1,,대전광역시 동구 홍도동 110-10,36.3482509,127.4208962,,한전주,042-271-4871,대전광역시 동구청,2023-12-01
홍도동082,1,,대전광역시 동구 홍도동 110-7,36.34800656,127.4204179,,한전주,042-271-4871,대전광역시 동구청,2023-12-01
홍도동083,1,,대전광역시 동구 홍도동 110-2,36.34815894,127.4199359,,한전주,042-271-4871,대전광역시 동구청,2023-12-01
홍도동084,1,,대전광역시 동구 홍도동 124-4,36.34761496,127.4198662,,한전주,042-271-4871,대전광역시 동구청,2023-12-01
홍도동085,1,,대전광역시 동구 홍도동 124-9,36.34761869,127.4202669,,한전주,042-271-4871,대전광역시 동구청,2023-12-01
홍도동086,1,,대전광역시 동구 홍도동 861,36.34761202,127.421784,,한전주,042-271-4871,대전광역시 동구청,2023-12-01
홍도동087,1,,대전광역시 동구 홍도동 110-13,36.34809712,127.4206263,,한전주,042-271-4871,대전광역시 동구청,2023-12-01
홍도동089,1,,대전광역시 동구 홍도동 861,36.34761202,127.421784,,한전주,042-271-4871,대전광역시 동구청,2023-12-01
홍도동090,1,,대전광역시 동구 홍도동 124-10,36.34753318,127.4201876,,한전주,042-271-4871,대전광역시 동구청,2023-12-01
홍도동091,1,,대전광역시 동구 홍도동 124-5,36.34753184,127.4198233,,한전주,042-271-4871,대전광역시 동구청,2023-12-01
홍도동092,1,,대전광역시 동구 홍도동 125-4,36.34721785,127.4198827,,한전주,042-271-4871,대전광역시 동구청,2023-12-01
홍도동093,1,,대전광역시 동구 홍도동 125-2,36.3471949,127.4196432,,건축물,042-271-4871,대전광역시 동구청,2023-12-01
홍도동094,1,,대전광역시 동구 홍도동 125-22,36.34727202,127.419597,,한전주,042-271-4871,대전광역시 동구청,2023-12-01
홍도동095,1,,대전광역시 동구 홍도동 862,36.34615461,127.4207832,,한전주,042-271-4871,대전광역시 동구청,2023-12-01
홍도동096,1,,대전광역시 동구 홍도동 125-17,36.34689314,127.4196038,,한전주,042-271-4871,대전광역시 동구청,2023-12-01
홍도동097,1,,대전광역시 동구 홍도동 125-14,36.34705903,127.4197876,,한전주,042-271-4871,대전광역시 동구청,2023-12-01
홍도동098,1,,대전광역시 동구 홍도동 125-8,36.3468391,127.4201342,,한전주,042-271-4871,대전광역시 동구청,2023-12-01
홍도동099,1,,대전광역시 동구 홍도동 136-4,36.34656389,127.4200537,,한전주,042-271-4871,대전광역시 동구청,2023-12-01
홍도동100,1,,대전광역시 동구 홍도동 136-31,36.34618582,127.4197023,,전용주,042-271-4871,대전광역시 동구청,2023-12-01
홍도동101,1,,대전광역시 동구 홍도동 136-12,36.34613673,127.4199535,,한전주,042-271-4871,대전광역시 동구청,2023-12-01
홍도동102,1,,대전광역시 동구 홍도동 136-16,36.34606242,127.4198207,,전용주,042-271-4871,대전광역시 동구청,2023-12-01
홍도동103,1,,대전광역시 동구 홍도동 136-22,36.3455703,127.4198874,,한전주,042-271-4871,대전광역시 동구청,2023-12-01
홍도동104,1,,대전광역시 동구 홍도동 136-26,36.34562981,127.4196468,,전용주,042-271-4871,대전광역시 동구청,2023-12-01
홍도동105,1,,대전광역시 동구 홍도동 848-25,36.34611303,127.4194911,,전용주,042-271-4871,대전광역시 동구청,2023-12-01
홍도동106,1,,대전광역시 동구 홍도동 848-24,36.34621185,127.4195011,,한전주,042-271-4871,대전광역시 동구청,2023-12-01
홍도동107,1,,대전광역시 동구 홍도동 848-6,36.34657831,127.4195409,,한전주,042-271-4871,대전광역시 동구청,2023-12-01
홍도동108,1,,대전광역시 동구 홍도동 847-6,36.34679216,127.4191562,,전용주,042-271-4871,대전광역시 동구청,2023-12-01
홍도동109,1,,대전광역시 동구 홍도동 848-2,36.34636336,127.4190841,,전용주,042-271-4871,대전광역시 동구청,2023-12-01
홍도동110,1,,대전광역시 동구 홍도동 157-8,36.34693663,127.423777,,한전주,042-271-4871,대전광역시 동구청,2023-12-01
홍도동111,1,,대전광역시 동구 홍도동 152-6,36.34701368,127.4233466,,건축물,042-271-4871,대전광역시 동구청,2023-12-01
홍도동112,1,,대전광역시 동구 홍도동 44-1,36.34715104,127.4243089,,한전주,042-271-4871,대전광역시 동구청,2023-12-01
홍도동113,1,,대전광역시 동구 홍도동 156-5,36.34728042,127.4238528,,한전주,042-271-4871,대전광역시 동구청,2023-12-01
홍도동114,1,,대전광역시 동구 홍도동 155-4,36.34751001,127.4241185,,한전주,042-271-4871,대전광역시 동구청,2023-12-01
홍도동115,1,,대전광역시 동구 홍도동 156-5,36.34728042,127.4238528,,한전주,042-271-4871,대전광역시 동구청,2023-12-01
홍도동116,1,,대전광역시 동구 홍도동 45-5,36.34748771,127.4239275,,건축물,042-271-4871,대전광역시 동구청,2023-12-01
홍도동117,1,,대전광역시 동구 홍도동 153-4,36.34747435,127.4234256,,한전주,042-271-4871,대전광역시 동구청,2023-12-01
홍도동118,1,,대전광역시 동구 홍도동 92-1,36.34965067,127.4274537,,건축물,042-271-4871,대전광역시 동구청,2023-12-01
홍도동119,1,,대전광역시 동구 홍도동 153-3,36.3475411,127.4229482,,전용주,042-271-4871,대전광역시 동구청,2023-12-01
홍도동120,1,,대전광역시 동구 홍도동 149-1,36.34774913,127.4230144,,한전주,042-271-4871,대전광역시 동구청,2023-12-01
홍도동121,1,,대전광역시 동구 홍도동 107-5,36.34780063,127.4238084,,한전주,042-271-4871,대전광역시 동구청,2023-12-01
홍도동122,1,,대전광역시 동구 홍도동 107-13,36.34797294,127.4240414,,전용주,042-271-4871,대전광역시 동구청,2023-12-01
홍도동123,1,,대전광역시 동구 홍도동 45-8,36.34737767,127.4245374,,한전주,042-271-4871,대전광역시 동구청,2023-12-01
홍도동124,1,,대전광역시 동구 홍도동 824-2,36.34728586,127.4243042,,한전주,042-271-4871,대전광역시 동구청,2023-12-01
홍도동125,1,,대전광역시 동구 홍도동 44-4,36.34709213,127.4247025,,한전주,042-271-4871,대전광역시 동구청,2023-12-01
홍도동126,1,,대전광역시 동구 홍도동 50-49,36.34679813,127.4252717,,한전주,042-271-4871,대전광역시 동구청,2023-12-01
홍도동127,1,,대전광역시 동구 홍도동 42-16,36.34627077,127.4250399573,,한전주,042-271-4871,대전광역시 동구청,2023-12-01
홍도동128,1,,대전광역시 동구 홍도동 21-14,36.34617605,127.4245878,,전용주,042-271-4871,대전광역시 동구청,2023-12-01
홍도동129,1,,대전광역시 동구 홍도동 21-19,36.34630492,127.4244601,,전용주,042-271-4871,대전광역시 동구청,2023-12-01
홍도동130,1,,대전광역시 동구 홍도동 57-17,36.34807394,127.4266558,,한전주,042-271-4871,대전광역시 동구청,2023-12-01
홍도동131,1,,대전광역시 동구 홍도동 57-15,36.34818052,127.4268654,,한전주,042-271-4871,대전광역시 동구청,2023-12-01
홍도동132,1,,대전광역시 동구 홍도동 89-15,36.3484347,127.4268015,,한전주,042-271-4871,대전광역시 동구청,2023-12-01
홍도동133,1,,대전광역시 동구 홍도동 89-16,36.34856436,127.4269348,,한전주,042-271-4871,대전광역시 동구청,2023-12-01
홍도동134,1,,대전광역시 동구 홍도동 89-56,36.34856105,127.4273555,,한전주,042-271-4871,대전광역시 동구청,2023-12-01
홍도동135,1,,대전광역시 동구 홍도동 89-46,36.34894803,127.4274764,,한전주,042-271-4871,대전광역시 동구청,2023-12-01
홍도동136,1,,대전광역시 동구 홍도동 89-41,36.34912952,127.4273019,,한전주,042-271-4871,대전광역시 동구청,2023-12-01
홍도동138,1,,대전광역시 동구 홍도동 92-97,36.34936344,127.4270185,,한전주,042-271-4871,대전광역시 동구청,2023-12-01
홍도동139,1,,대전광역시 동구 홍도동 92,36.34974616,127.4269077,,한전주,042-271-4871,대전광역시 동구청,2023-12-01
홍도동140,1,,대전광역시 동구 홍도동 92-144,36.35025549,127.4269324,,한전주,042-271-4871,대전광역시 동구청,2023-12-01
홍도동141,1,,대전광역시 동구 홍도동 92-45,36.35013283,127.4261563,,전용주,042-271-4871,대전광역시 동구청,2023-12-01
홍도동142,1,,대전광역시 동구 홍도동 92-44,36.35027765,127.4262541,,한전주,042-271-4871,대전광역시 동구청,2023-12-01
홍도동143,1,,대전광역시 동구 홍도동 92-43,36.35033566,127.4262152,,한전주,042-271-4871,대전광역시 동구청,2023-12-01
홍도동144,1,,대전광역시 동구 홍도동 223-80,36.35039308,127.4258306,,한전주,042-271-4871,대전광역시 동구청,2023-12-01
홍도동145,1,,대전광역시 동구 홍도동 223-80,36.3502199,127.4257489,,한전주,042-271-4871,대전광역시 동구청,2023-12-01
홍도동146,1,,대전광역시 동구 홍도동 223-48,36.34994324,127.4256221,,한전주,042-271-4871,대전광역시 동구청,2023-12-01
홍도동147,1,,대전광역시 동구 홍도동 92-194,36.34964755,127.4255493,,한전주,042-271-4871,대전광역시 동구청,2023-12-01
홍도동149,1,,대전광역시 동구 홍도동 224-17,36.34851301,127.4236118,,한전주,042-271-4871,대전광역시 동구청,2023-12-01
홍도동150,1,,대전광역시 동구 홍도동 224-6,36.34849804,127.4233862,,한전주,042-271-4871,대전광역시 동구청,2023-12-01
홍도동151,1,,대전광역시 동구 홍도동 224-27,36.34851495,127.4230632,,한전주,042-271-4871,대전광역시 동구청,2023-12-01
홍도동152,1,,대전광역시 동구 홍도동 107-15,36.34839182,127.4227919,,한전주,042-271-4871,대전광역시 동구청,2023-12-01
홍도동153,1,,대전광역시 동구 홍도동 107-6,36.34853283,127.4218295,,한전주,042-271-4871,대전광역시 동구청,2023-12-01
홍도동154,1,,대전광역시 동구 홍도동 91-78,36.34881739,127.4258411,,한전주,042-271-4871,대전광역시 동구청,2023-12-01
홍도동155,1,,대전광역시 동구 홍도동 92-19,36.34909169,127.4261555,,한전주,042-271-4871,대전광역시 동구청,2023-12-01
홍도동156,1,,대전광역시 동구 홍도동 92-78,36.34921701,127.4261695,,한전주,042-271-4871,대전광역시 동구청,2023-12-01
홍도동157,1,,대전광역시 동구 홍도동 92-108,36.34944261,127.4265141,,한전주,042-271-4871,대전광역시 동구청,2023-12-01
홍도동158,1,,대전광역시 동구 홍도동 92-9,36.34952635,127.4262646,,한전주,042-271-4871,대전광역시 동구청,2023-12-01
홍도동159,1,,대전광역시 동구 홍도동 92-102,36.34965065,127.4263479,,한전주,042-271-4871,대전광역시 동구청,2023-12-01
홍도동160,1,,대전광역시 동구 홍도동 92-82,36.34942353,127.4262028,,전용주,042-271-4871,대전광역시 동구청,2023-12-01
홍도동161,1,,대전광역시 동구 홍도동 92-35,36.34956622,127.4259022,,한전주,042-271-4871,대전광역시 동구청,2023-12-01
홍도동162,1,,대전광역시 동구 홍도동 92-38,36.34936766,127.4258800400,,전용주,042-271-4871,대전광역시 동구청,2023-12-01
홍도동163,1,,대전광역시 동구 홍도동 92-55,36.34960268,127.4258262,,한전주,042-271-4871,대전광역시 동구청,2023-12-01
홍도동164,1,,대전광역시 동구 홍도동 92-50,36.35009945,127.4258902,,한전주,042-271-4871,대전광역시 동구청,2023-12-01
홍도동165,1,,대전광역시 동구 홍도동 89-34,36.34913831,127.4269868,,한전주,042-271-4871,대전광역시 동구청,2023-12-01
홍도동166,1,,대전광역시 동구 홍도동 89-3,36.34905162,127.4267079,,한전주,042-271-4871,대전광역시 동구청,2023-12-01
홍도동167,1,,대전광역시 동구 홍도동 89-13,36.34866416,127.4267951,,한전주,042-271-4871,대전광역시 동구청,2023-12-01
홍도동168,1,,대전광역시 동구 홍도동 91-43,36.34865809,127.4263505,,한전주,042-271-4871,대전광역시 동구청,2023-12-01
홍도동169,1,,대전광역시 동구 홍도동 91-43,36.34865809,127.4263505,,한전주,042-271-4871,대전광역시 동구청,2023-12-01
홍도동170,1,,대전광역시 동구 홍도동 91-22,36.34852985,127.4262382,,한전주,042-271-4871,대전광역시 동구청,2023-12-01
홍도동171,1,,대전광역시 동구 홍도동 91-16,36.3489324,127.4261756,,한전주,042-271-4871,대전광역시 동구청,2023-12-01
홍도동172,1,,대전광역시 동구 홍도동 89-6,36.34899581,127.4265392,,한전주,042-271-4871,대전광역시 동구청,2023-12-01
홍도동173,1,,대전광역시 동구 홍도동 92-81,36.34924209,127.4269719,,한전주,042-271-4871,대전광역시 동구청,2023-12-01
홍도동174,1,,대전광역시 동구 홍도동 94-2,36.35008714,127.4268646,,한전주,042-271-4871,대전광역시 동구청,2023-12-01
홍도동175,1,,대전광역시 동구 홍도동 95-8,36.35042484,127.4273088,,한전주,042-271-4871,대전광역시 동구청,2023-12-01
홍도동176,1,,대전광역시 동구 홍도동 98-7,36.35051455,127.4274233,,한전주,042-271-4871,대전광역시 동구청,2023-12-01
홍도동177,1,,대전광역시 동구 홍도동 96-34,36.35070693,127.4273276,,한전주,042-271-4871,대전광역시 동구청,2023-12-01
홍도동178,1,,대전광역시 동구 홍도동 79-16,36.35106369,127.4276853,,전용주,042-271-4871,대전광역시 동구청,2023-12-01
홍도동179,1,,대전광역시 동구 홍도동 102-8,36.35116508,127.4273312,,한전주,042-271-4871,대전광역시 동구청,2023-12-01
홍도동180,1,,대전광역시 동구 홍도동 78-6,36.35165999,127.4275096,,한전주,042-271-4871,대전광역시 동구청,2023-12-01
홍도동181,1,,대전광역시 동구 홍도동 102-4,36.35173732,127.4272563,,한전주,042-271-4871,대전광역시 동구청,2023-12-01
홍도동182,1,,대전광역시 동구 홍도동 78-9,36.352066,127.4275268,,한전주,042-271-4871,대전광역시 동구청,2023-12-01
홍도동183,1,,대전광역시 동구 홍도동 78-10,36.35214413,127.4276533,,전용주,042-271-4871,대전광역시 동구청,2023-12-01
홍도동184,1,,대전광역시 동구 홍도동 740-23,36.35252904,127.4276749,,한전주,042-271-4871,대전광역시 동구청,2023-12-01
홍도동185,1,,대전광역시 동구 홍도동 102-16,36.35160003,127.4270900362,,한전주,042-271-4871,대전광역시 동구청,2023-12-01
홍도동186,1,,대전광역시 동구 홍도동 820,36.35134736,127.4266201,,한전주,042-271-4871,대전광역시 동구청,2023-12-01
홍도동187,1,,대전광역시 동구 홍도동 97,36.35103313,127.4269333,,한전주,042-271-4871,대전광역시 동구청,2023-12-01
홍도동188,1,,대전광역시 동구 홍도동 96,36.350658,127.4268234,,한전주,042-271-4871,대전광역시 동구청,2023-12-01
홍도동189,1,,대전광역시 동구 홍도동 92-70,36.35059612,127.4262818,,한전주,042-271-4871,대전광역시 동구청,2023-12-01
홍도동190,1,,대전광역시 동구 홍도동 96-5,36.3503575,127.4267095,,한전주,042-271-4871,대전광역시 동구청,2023-12-01
홍도동191,1,,대전광역시 동구 홍도동 101-5,36.35055377,127.4275454,,한전주,042-271-4871,대전광역시 동구청,2023-12-01
홍도동192,1,,대전광역시 동구 홍도동 99-2,36.35008354,127.4276946,,한전주,042-271-4871,대전광역시 동구청,2023-12-01
홍도동193,1,,대전광역시 동구 홍도동 93-8,36.34996961,127.4275744,,한전주,042-271-4871,대전광역시 동구청,2023-12-01
홍도동194,1,,대전광역시 동구 홍도동 92-7,36.3498109,127.427353,,한전주,042-271-4871,대전광역시 동구청,2023-12-01
홍도동195,1,,대전광역시 동구 홍도동 92-120,36.34962021,127.4271268,,한전주,042-271-4871,대전광역시 동구청,2023-12-01
홍도동196,1,,대전광역시 동구 홍도동 92-5,36.34945782,127.4273264,,한전주,042-271-4871,대전광역시 동구청,2023-12-01
홍도동197,1,,대전광역시 동구 홍도동 82-3,36.34919048,127.4271653,,한전주,042-271-4871,대전광역시 동구청,2023-12-01
홍도동198,1,,대전광역시 동구 홍도동 1-9,36.34964614,127.4279895,,한전주,042-271-4871,대전광역시 동구청,2023-12-01
홍도동199,1,,대전광역시 동구 홍도동 92-83,36.34978897,127.4275382,,한전주,042-271-4871,대전광역시 동구청,2023-12-01
홍도동200,1,,대전광역시 동구 홍도동 1-8,36.34974692,127.4280557,,한전주,042-271-4871,대전광역시 동구청,2023-12-01
홍도동201,1,,대전광역시 동구 홍도동 1-26,36.34950779,127.4282179,,한전주,042-271-4871,대전광역시 동구청,2023-12-01
홍도동202,1,,대전광역시 동구 홍도동 1-4,36.34914146,127.4285741,,한전주,042-271-4871,대전광역시 동구청,2023-12-01
홍도동203,1,,대전광역시 동구 홍도동 1-16,36.34900927,127.428445,,한전주,042-271-4871,대전광역시 동구청,2023-12-01
홍도동204,1,,대전광역시 동구 홍도동 1-5,36.34922535,127.4282756,,한전주,042-271-4871,대전광역시 동구청,2023-12-01
홍도동205,1,,대전광역시 동구 홍도동 86-19,36.34890121,127.4277665,,한전주,042-271-4871,대전광역시 동구청,2023-12-01
홍도동206,1,,대전광역시 동구 홍도동 89-66,36.34869564,127.4275461,,한전주,042-271-4871,대전광역시 동구청,2023-12-01
홍도동207,1,,대전광역시 동구 홍도동 823-1,36.34838962,127.4284293,,한전주,042-271-4871,대전광역시 동구청,2023-12-01
홍도동208,1,,대전광역시 동구 홍도동 67-4,36.34868807,127.4282652,,한전주,042-271-4871,대전광역시 동구청,2023-12-01
홍도동209,1,,대전광역시 동구 홍도동 72-2,36.3486101,127.4287324,,한전주,042-271-4871,대전광역시 동구청,2023-12-01
홍도동210,1,,대전광역시 동구 홍도동 72-49,36.34816655,127.4289545,,한전주,042-271-4871,대전광역시 동구청,2023-12-01
홍도동211,1,,대전광역시 동구 홍도동 72-25,36.34794589,127.4291207,,한전주,042-271-4871,대전광역시 동구청,2023-12-01
홍도동212,1,,대전광역시 동구 홍도동 59-7,36.34764413,127.4288834,,한전주,042-271-4871,대전광역시 동구청,2023-12-01
홍도동213,1,,대전광역시 동구 홍도동 72-31,36.34767618,127.4292675,,한전주,042-271-4871,대전광역시 동구청,2023-12-01
홍도동214,1,,대전광역시 동구 홍도동 72-32,36.34771174,127.4293788,,한전주,042-271-4871,대전광역시 동구청,2023-12-01
홍도동215,1,,대전광역시 동구 홍도동 71-5,36.34721935,127.4290245,,한전주,042-271-4871,대전광역시 동구청,2023-12-01
홍도동216,1,,대전광역시 동구 홍도동 57-5,36.34691472,127.427852,,한전주,042-271-4871,대전광역시 동구청,2023-12-01
홍도동217,1,,대전광역시 동구 홍도동 63-18,36.34778168,127.4282901,,전용주,042-271-4871,대전광역시 동구청,2023-12-01
홍도동218,1,,대전광역시 동구 홍도동 63-18,36.34778168,127.4282901,,한전주,042-271-4871,대전광역시 동구청,2023-12-01
홍도동219,1,,대전광역시 동구 홍도동 63-21,36.34820287,127.427947,,한전주,042-271-4871,대전광역시 동구청,2023-12-01
홍도동220,1,,대전광역시 동구 홍도동 63-21,36.34820287,127.427947,,한전주,042-271-4871,대전광역시 동구청,2023-12-01
홍도동221,1,,대전광역시 동구 홍도동 63-7,36.34802335,127.4277739,,전용주,042-271-4871,대전광역시 동구청,2023-12-01
홍도동222,1,,대전광역시 동구 홍도동 56-1,36.34691472,127.427852,,한전주,042-271-4871,대전광역시 동구청,2023-12-01
홍도동223,1,,대전광역시 동구 홍도동 56-1,36.34691472,127.427852,,한전주,042-271-4871,대전광역시 동구청,2023-12-01
홍도동224,1,,대전광역시 동구 홍도동 56-1,36.34691472,127.427852,,한전주,042-271-4871,대전광역시 동구청,2023-12-01
홍도동225,1,,대전광역시 동구 홍도동 57-1,36.34793794,127.4268871,,한전주,042-271-4871,대전광역시 동구청,2023-12-01
홍도동226,1,,대전광역시 동구 홍도동 52-1,36.34642237,127.4272328,,한전주,042-271-4871,대전광역시 동구청,2023-12-01
홍도동227,1,,대전광역시 동구 홍도동 1004,36.34699312,127.4264671,,전용주,042-271-4871,대전광역시 동구청,2023-12-01
홍도동229,1,,대전광역시 동구 홍도동 65-5,36.34566439,127.4282667,,한전주,042-271-4871,대전광역시 동구청,2023-12-01
홍도동230,1,,대전광역시 동구 홍도동 65-19,36.34542977,127.4285037,,한전주,042-271-4871,대전광역시 동구청,2023-12-01
홍도동231,1,,대전광역시 동구 홍도동 68-8,36.34599629,127.4284695,,한전주,042-271-4871,대전광역시 동구청,2023-12-01
홍도동232,1,,대전광역시 동구 홍도동 66-23,36.3460357,127.4281594,,한전주,042-271-4871,대전광역시 동구청,2023-12-01
홍도동233,1,,대전광역시 동구 홍도동 66-21,36.34625695,127.4279536,,한전주,042-271-4871,대전광역시 동구청,2023-12-01
홍도동234,1,,대전광역시 동구 홍도동 66-4,36.34653657,127.4276796,,한전주,042-271-4871,대전광역시 동구청,2023-12-01
홍도동235,1,,대전광역시 동구 홍도동 68-6,36.34628655,127.4283957,,한전주,042-271-4871,대전광역시 동구청,2023-12-01
홍도동236,1,,대전광역시 동구 홍도동 69-17,36.34668166,127.428286,,건축물,042-271-4871,대전광역시 동구청,2023-12-01
홍도동237,1,,대전광역시 동구 홍도동 69-20,36.34672307,127.4283971,,전용주,042-271-4871,대전광역시 동구청,2023-12-01
홍도동238,1,,대전광역시 동구 홍도동 69-26,36.34673182,127.428773,,한전주,042-271-4871,대전광역시 동구청,2023-12-01
홍도동239,1,,대전광역시 동구 홍도동 69-12,36.34677703,127.4289308,,한전주,042-271-4871,대전광역시 동구청,2023-12-01
홍도동240,1,,대전광역시 동구 홍도동 69-3,36.34704149,127.4287137,,한전주,042-271-4871,대전광역시 동구청,2023-12-01
홍도동241,1,,대전광역시 동구 홍도동 71-2,36.34696936,127.4291767,,한전주,042-271-4871,대전광역시 동구청,2023-12-01
홍도동242,1,,대전광역시 동구 홍도동 13-3,36.34688508,127.4296845,,한전주,042-271-4871,대전광역시 동구청,2023-12-01
홍도동243,1,,대전광역시 동구 홍도동 13-24,36.34687239,127.4300048,,한전주,042-271-4871,대전광역시 동구청,2023-12-01
홍도동244,1,,대전광역시 동구 홍도동 13-31,36.3467342,127.4296393,,한전주,042-271-4871,대전광역시 동구청,2023-12-01
홍도동245,1,,대전광역시 동구 홍도동 68-16,36.34655025,127.4291196,,한전주,042-271-4871,대전광역시 동구청,2023-12-01
홍도동246,1,,대전광역시 동구 홍도동 68-22,36.34632618,127.4292792,,한전주,042-271-4871,대전광역시 동구청,2023-12-01
홍도동247,1,,대전광역시 동구 홍도동 64-2,36.34571889,127.429353,,한전주,042-271-4871,대전광역시 동구청,2023-12-01
홍도동248,1,,대전광역시 동구 홍도동 68-25,36.34619724,127.428974,,한전주,042-271-4871,대전광역시 동구청,2023-12-01
홍도동249,1,,대전광역시 동구 홍도동 68-13,36.34613654,127.4287881,,한전주,042-271-4871,대전광역시 동구청,2023-12-01
홍도동250,1,,대전광역시 동구 홍도동 53-17,36.34539351,127.4277418,,한전주,042-271-4871,대전광역시 동구청,2023-12-01
홍도동251,1,,대전광역시 동구 홍도동 23-22,36.3454342,127.427292,,한전주,042-271-4871,대전광역시 동구청,2023-12-01
홍도동252,1,,대전광역시 동구 홍도동 23-20,36.34526118,127.426963,,한전주,042-271-4871,대전광역시 동구청,2023-12-01
홍도동253,1,,대전광역시 동구 홍도동 35-9,36.34598179,127.4267024,,한전주,042-271-4871,대전광역시 동구청,2023-12-01
홍도동254,1,,대전광역시 동구 홍도동 35-17,36.34577888,127.4268451,,한전주,042-271-4871,대전광역시 동구청,2023-12-01
홍도동255,1,,대전광역시 동구 홍도동 11-40,36.34738923,127.4305497,,한전주,042-271-4871,대전광역시 동구청,2023-12-01
홍도동256,1,,대전광역시 동구 홍도동 10-6,36.34788067,127.4302668,,한전주,042-271-4871,대전광역시 동구청,2023-12-01
홍도동257,1,,대전광역시 동구 홍도동 10-13,36.34790133,127.4305355,,한전주,042-271-4871,대전광역시 동구청,2023-12-01
홍도동258,1,,대전광역시 동구 홍도동 92-93,36.34955393,127.427038,,한전주,042-271-4871,대전광역시 동구청,2023-12-01
홍도동259,1,,대전광역시 동구 홍도동 9-12,36.34790955,127.4308798,,한전주,042-271-4871,대전광역시 동구청,2023-12-01
홍도동260,1,,대전광역시 동구 홍도동 8-11,36.34839874,127.4308963,,한전주,042-271-4871,대전광역시 동구청,2023-12-01
홍도동261,1,,대전광역시 동구 홍도동 8-10,36.34839541,127.4310691,,한전주,042-271-4871,대전광역시 동구청,2023-12-01
홍도동262,1,,대전광역시 동구 홍도동 8-14,36.34833548,127.4313954,,한전주,042-271-4871,대전광역시 동구청,2023-12-01
홍도동263,1,,대전광역시 동구 홍도동 9-22,36.34784743,127.4312894,,한전주,042-271-4871,대전광역시 동구청,2023-12-01
홍도동264,1,,대전광역시 동구 홍도동 8-2,36.34857568,127.4310862,,한전주,042-271-4871,대전광역시 동구청,2023-12-01
홍도동265,1,,대전광역시 동구 홍도동 8-4,36.34856393,127.4314202,,한전주,042-271-4871,대전광역시 동구청,2023-12-01
홍도동266,1,,대전광역시 동구 홍도동 4-10,36.34920949,127.4309824,,한전주,042-271-4871,대전광역시 동구청,2023-12-01
홍도동267,1,,대전광역시 동구 홍도동 4-12,36.34919307,127.4313105,,한전주,042-271-4871,대전광역시 동구청,2023-12-01
홍도동268,1,,대전광역시 동구 홍도동 5-5,36.34894784,127.4316157,,한전주,042-271-4871,대전광역시 동구청,2023-12-01
홍도동269,1,,대전광역시 동구 홍도동 4-26,36.34938378,127.4310045,,전용주,042-271-4871,대전광역시 동구청,2023-12-01
홍도동270,1,,대전광역시 동구 홍도동 4-17,36.34935956,127.4314485,,한전주,042-271-4871,대전광역시 동구청,2023-12-01
홍도동271,1,,대전광역시 동구 홍도동 4-25,36.34948294,127.4310209,,한전주,042-271-4871,대전광역시 동구청,2023-12-01
홍도동272,1,,대전광역시 동구 홍도동 4-19,36.34957233,127.4311742,,한전주,042-271-4871,대전광역시 동구청,2023-12-01
홍도동273,1,,대전광역시 동구 홍도동 4-22,36.34949354,127.4318548,,한전주,042-271-4871,대전광역시 동구청,2023-12-01
홍도동274,1,,대전광역시 동구 홍도동 3-6,36.34959074,127.4306424,,한전주,042-271-4871,대전광역시 동구청,2023-12-01
홍도동275,1,,대전광역시 동구 홍도동 3-4,36.34958626,127.4303828,,한전주,042-271-4871,대전광역시 동구청,2023-12-01
홍도동276,1,,대전광역시 동구 홍도동 182-15,36.34972719,127.4299628,,한전주,042-271-4871,대전광역시 동구청,2023-12-01
홍도동277,1,,대전광역시 동구 홍도동 2-27,36.34967496,127.4295002,,한전주,042-271-4871,대전광역시 동구청,2023-12-01
홍도동278,1,,대전광역시 동구 홍도동 2-1,36.349978,127.4286298,,한전주,042-271-4871,대전광역시 동구청,2023-12-01
홍도동279,1,,대전광역시 동구 홍도동 839,36.34593339,127.4297228,,한전주,042-271-4871,대전광역시 동구청,2023-12-01
홍도동280,1,,대전광역시 동구 홍도동 2-13,36.349527,127.4295964,,한전주,042-271-4871,대전광역시 동구청,2023-12-01
홍도동281,1,,대전광역시 동구 홍도동 2-15,36.34953647,127.4291678,,한전주,042-271-4871,대전광역시 동구청,2023-12-01
홍도동282,1,,대전광역시 동구 홍도동 2-26,36.34916968,127.4291735,,한전주,042-271-4871,대전광역시 동구청,2023-12-01
홍도동283,1,,대전광역시 동구 홍도동 7-1,36.3486933,127.4299052,,한전주,042-271-4871,대전광역시 동구청,2023-12-01
홍도동284,1,,대전광역시 동구 홍도동 74-14,36.34845237,127.4296668,,한전주,042-271-4871,대전광역시 동구청,2023-12-01
홍도동285,1,,대전광역시 동구 홍도동 7-12,36.34848608,127.4301413,,한전주,042-271-4871,대전광역시 동구청,2023-12-01
홍도동286,1,,대전광역시 동구 홍도동 7-11,36.34847939,127.4302712,,한전주,042-271-4871,대전광역시 동구청,2023-12-01
홍도동287,1,,대전광역시 동구 홍도동 10-19,36.34801556,127.4301715,,한전주,042-271-4871,대전광역시 동구청,2023-12-01
홍도동288,1,,대전광역시 동구 홍도동 7-6,36.34861006,127.4305482,,한전주,042-271-4871,대전광역시 동구청,2023-12-01
홍도동289,1,,대전광역시 동구 홍도동 7-4,36.34862632,127.4302879,,한전주,042-271-4871,대전광역시 동구청,2023-12-01
홍도동290,1,,대전광역시 동구 홍도동 3-22,36.34925439,127.4306013,,한전주,042-271-4871,대전광역시 동구청,2023-12-01
홍도동291,1,,대전광역시 동구 홍도동 3-20,36.34926954,127.4303484,,한전주,042-271-4871,대전광역시 동구청,2023-12-01
홍도동292,1,,대전광역시 동구 홍도동 3-19,36.34929955,127.4302221,,한전주,042-271-4871,대전광역시 동구청,2023-12-01
홍도동293,1,,대전광역시 동구 홍도동 839,36.34593339,127.4297228,,한전주,042-271-4871,대전광역시 동구청,2023-12-01
홍도동294,1,,대전광역시 동구 홍도동 3-13,36.34947583,127.4302438,,한전주,042-271-4871,대전광역시 동구청,2023-12-01
홍도동295,1,,대전광역시 동구 홍도동 64-5,36.34566459,127.4287793,,전용주,042-271-4871,대전광역시 동구청,2023-12-01
홍도동296,1,,대전광역시 동구 홍도동 92-167,36.35067147,127.4260298,,한전주,042-271-4871,대전광역시 동구청,2023-12-01
홍도동297,1,,대전광역시 동구 홍도동 861,36.34761202,127.421784,,한전주,042-271-4871,대전광역시 동구청,2023-12-01
홍도동298,1,,대전광역시 동구 홍도동 171-15,36.34603748,127.4230051,,한전주,042-271-4871,대전광역시 동구청,2023-12-01
홍도동299,1,,대전광역시 동구 홍도동 11-19,36.34735451,127.430858,,한전주,042-271-4871,대전광역시 동구청,2023-12-01
홍도동302,1,,대전광역시 동구 홍도동 83-1,36.34949333,127.4274763,,건축물,042-271-4871,대전광역시 동구청,2023-12-01
홍도동305,1,,대전광역시 동구 홍도동 92-55,36.34960268,127.4258262,,전용주,042-271-4871,대전광역시 동구청,2023-12-01
홍도동307,1,,대전광역시 동구 홍도동 11-10,36.3476047,127.4307763,,한전주,042-271-4871,대전광역시 동구청,2023-12-01
홍도동308,1,,대전광역시 동구 홍도동 862-1,36.3467125,127.422455,,전용주,042-271-4871,대전광역시 동구청,2023-12-01
홍도동309,1,,대전광역시 동구 홍도동 92-80,36.3492379,127.4255628,,건축물,042-271-4871,대전광역시 동구청,2023-12-01
홍도동310,1,,대전광역시 동구 홍도동 92-197,36.34927056,127.4254076,,건축물,042-271-4871,대전광역시 동구청,2023-12-01
홍도동311,1,,대전광역시 동구 홍도동 840,36.34821199,127.4295187,,한전주,042-271-4871,대전광역시 동구청,2023-12-01
홍도동312,1,,대전광역시 동구 홍도동 137-3,36.34513642,127.4208517,,전용주,042-271-4871,대전광역시 동구청,2023-12-01
홍도동313,1,,대전광역시 동구 홍도동 850,36.34691221,127.4193534,,한전주,042-271-4871,대전광역시 동구청,2023-12-01
홍도동314,1,,대전광역시 동구 홍도동 861,36.34761202,127.421784,,한전주,042-271-4871,대전광역시 동구청,2023-12-01
홍도동315,1,,대전광역시 동구 홍도동 110-7,36.34800656,127.4204179,,한전주,042-271-4871,대전광역시 동구청,2023-12-01
홍도동318,1,,대전광역시 동구 홍도동 850,36.34691221,127.4193534,,한전주,042-271-4871,대전광역시 동구청,2023-12-01
홍도동319,1,,대전광역시 동구 홍도동 850,36.34691221,127.4193534,,한전주,042-271-4871,대전광역시 동구청,2023-12-01
효동001,1,,대전광역시 동구 효동 126-16,36.31380194,127.4412521,,전용주,042-271-4871,대전광역시 동구청,2023-12-01
효동002,1,,대전광역시 동구 효동 135-8,36.31892139,127.4407612,,전용주,042-271-4871,대전광역시 동구청,2023-12-01
효동003,1,,대전광역시 동구 효동 135-8,36.31892139,127.4407612,,전용주,042-271-4871,대전광역시 동구청,2023-12-01
효동004,1,,대전광역시 동구 효동 135-8,36.31892139,127.4407612,,전용주,042-271-4871,대전광역시 동구청,2023-12-01
효동005,1,,대전광역시 동구 효동 135-8,36.31892139,127.4407612,,전용주,042-271-4871,대전광역시 동구청,2023-12-01
효동006,1,,대전광역시 동구 효동 135-8,36.31892139,127.4407612,,전용주,042-271-4871,대전광역시 동구청,2023-12-01
효동007,1,,대전광역시 동구 효동 270-4,36.31900355,127.4407587,,전용주,042-271-4871,대전광역시 동구청,2023-12-01
효동008,1,,대전광역시 동구 효동 135-8,36.31892139,127.4407612,,전용주,042-271-4871,대전광역시 동구청,2023-12-01
효동014,1,,대전광역시 동구 효동 154-17,36.31652119,127.4420717,,전용주,042-271-4871,대전광역시 동구청,2023-12-01
효동015,1,,대전광역시 동구 효동 154-16,36.31636469,127.4416968,,전용주,042-271-4871,대전광역시 동구청,2023-12-01
효동016,1,,대전광역시 동구 효동 154-16,36.31636469,127.4416968,,전용주,042-271-4871,대전광역시 동구청,2023-12-01
효동017,1,,대전광역시 동구 효동 154-10,36.31610878,127.4415667,,한전주,042-271-4871,대전광역시 동구청,2023-12-01
효동018,1,,대전광역시 동구 효동 154-9,36.31613014,127.4414219,,한전주,042-271-4871,대전광역시 동구청,2023-12-01
효동020,1,,대전광역시 동구 효동 157-3,36.31548094,127.4413203,,한전주,042-271-4871,대전광역시 동구청,2023-12-01
효동021,1,,대전광역시 동구 효동 157-5,36.31554616,127.4411803,,전용주,042-271-4871,대전광역시 동구청,2023-12-01
효동022,1,,대전광역시 동구 효동 130,36.31514396,127.4410854,,한전주,042-271-4871,대전광역시 동구청,2023-12-01
효동024,1,,대전광역시 동구 효동 126-1,36.31445933,127.4410853,,한전주,042-271-4871,대전광역시 동구청,2023-12-01
효동025,1,,대전광역시 동구 효동 126-1,36.31445933,127.4410853,,한전주,042-271-4871,대전광역시 동구청,2023-12-01
효동026,1,,대전광역시 동구 효동 300-10,36.31362816,127.4405517,,한전주,042-271-4871,대전광역시 동구청,2023-12-01
효동027,1,,대전광역시 동구 효동 300-4,36.31374457,127.4405828,,한전주,042-271-4871,대전광역시 동구청,2023-12-01
효동028,1,,대전광역시 동구 효동 301-1,36.31401504,127.4403316,,한전주,042-271-4871,대전광역시 동구청,2023-12-01
효동029,1,,대전광역시 동구 효동 298-4,36.31410187,127.4401965,,한전주,042-271-4871,대전광역시 동구청,2023-12-01
효동030,1,,대전광역시 동구 효동 289-12,36.31466435,127.4401798,,한전주,042-271-4871,대전광역시 동구청,2023-12-01
효동031,1,,대전광역시 동구 효동 305,36.31584897,127.4389022,,한전주,042-271-4871,대전광역시 동구청,2023-12-01
효동032,1,,대전광역시 동구 효동 287-1,36.31549678,127.4398113,,한전주,042-271-4871,대전광역시 동구청,2023-12-01
효동033,1,,대전광역시 동구 효동 266-6,36.31683911,127.4392899730,,한전주,042-271-4871,대전광역시 동구청,2023-12-01
효동034,1,,대전광역시 동구 효동 268-18,36.31767509,127.4392034,,전용주,042-271-4871,대전광역시 동구청,2023-12-01
효동035,1,,대전광역시 동구 효동 272-24,36.31788588,127.4391519,,전용주,042-271-4871,대전광역시 동구청,2023-12-01
효동036,1,,대전광역시 동구 효동 256-8,36.31589682,127.4398017,,한전주,042-271-4871,대전광역시 동구청,2023-12-01
효동037,1,,대전광역시 동구 효동 258-1,36.31629579,127.439559,,한전주,042-271-4871,대전광역시 동구청,2023-12-01
효동038,1,,대전광역시 동구 효동 133-6,36.31677289,127.4409007,,한전주,042-271-4871,대전광역시 동구청,2023-12-01
효동039,1,,대전광역시 동구 효동 135-2,36.31676075,127.4405023,,한전주,042-271-4871,대전광역시 동구청,2023-12-01
효동040,1,,대전광역시 동구 효동 245-2,36.3167609,127.440266,,한전주,042-271-4871,대전광역시 동구청,2023-12-01
효동041,1,,대전광역시 동구 효동 246-1,36.31664186,127.4402384,,한전주,042-271-4871,대전광역시 동구청,2023-12-01
효동042,1,,대전광역시 동구 효동 135-2,36.31676075,127.4405023,,한전주,042-271-4871,대전광역시 동구청,2023-12-01
효동043,1,,대전광역시 동구 효동 247-4,36.31632585,127.4404987,,한전주,042-271-4871,대전광역시 동구청,2023-12-01
효동044,1,,대전광역시 동구 효동 247-5,36.31624005,127.4405023,,한전주,042-271-4871,대전광역시 동구청,2023-12-01
효동047,1,,대전광역시 동구 효동 128-1,36.31488643,127.440955,,한전주,042-271-4871,대전광역시 동구청,2023-12-01
효동048,1,,대전광역시 동구 효동 126-11,36.31402782,127.4413612,,전용주,042-271-4871,대전광역시 동구청,2023-12-01
효동049,1,,대전광역시 동구 효동 132-14,36.31592109,127.4412438,,전용주,042-271-4871,대전광역시 동구청,2023-12-01
효평동001,1,,대전광역시 동구 효평동 209-1,36.40920554,127.4734365,,한전주,042-271-4871,대전광역시 동구청,2023-12-01
효평동002,1,,대전광역시 동구 효평동 212-2,36.40994017,127.4736156,,한전주,042-271-4871,대전광역시 동구청,2023-12-01
효평동003,1,,대전광역시 동구 효평동 212-2,36.40994017,127.4736156,,한전주,042-271-4871,대전광역시 동구청,2023-12-01
효평동004,1,,대전광역시 동구 효평동 206-2,36.4104089,127.4728992,,한전주,042-271-4871,대전광역시 동구청,2023-12-01
효평동005,1,,대전광역시 동구 효평동 216-1,36.41085616,127.4728759,,한전주,042-271-4871,대전광역시 동구청,2023-12-01
효평동006,1,,대전광역시 동구 효평동 185-5,36.41131223,127.4726069,,한전주,042-271-4871,대전광역시 동구청,2023-12-01
효평동007,1,,대전광역시 동구 효평동 183-2,36.41195009,127.472168,,한전주,042-271-4871,대전광역시 동구청,2023-12-01
효평동008,1,,대전광역시 동구 효평동 183-2,36.41195009,127.472168,,한전주,042-271-4871,대전광역시 동구청,2023-12-01
효평동009,1,,대전광역시 동구 효평동 179,36.41240382,127.4719121,,한전주,042-271-4871,대전광역시 동구청,2023-12-01
효평동010,1,,대전광역시 동구 효평동 산43-1,36.4133963,127.4722548,,한전주,042-271-4871,대전광역시 동구청,2023-12-01
효평동011,1,,대전광역시 동구 효평동 산43-1,36.4133963,127.4722548,,한전주,042-271-4871,대전광역시 동구청,2023-12-01
효평동012,1,,대전광역시 동구 효평동 산43-1,36.4133963,127.4722548,,한전주,042-271-4871,대전광역시 동구청,2023-12-01
효평동013,1,,대전광역시 동구 효평동 산43-1,36.4133963,127.4722548,,한전주,042-271-4871,대전광역시 동구청,2023-12-01
효평동014,1,,대전광역시 동구 효평동 183-2,36.41195009,127.472168,,한전주,042-271-4871,대전광역시 동구청,2023-12-01
효평동015,1,,대전광역시 동구 효평동 204,36.41092595,127.4725924,,한전주,042-271-4871,대전광역시 동구청,2023-12-01
효평동016,1,,대전광역시 동구 효평동 185,36.41135821,127.4722576,,한전주,042-271-4871,대전광역시 동구청,2023-12-01
효평동017,1,,대전광역시 동구 효평동 201-1,36.41049299,127.4712121,,한전주,042-271-4871,대전광역시 동구청,2023-12-01
효평동018,1,,대전광역시 동구 효평동 188-1,36.41065429,127.4711453,,한전주,042-271-4871,대전광역시 동구청,2023-12-01
효평동019,1,,대전광역시 동구 효평동 204,36.41092595,127.4725924,,한전주,042-271-4871,대전광역시 동구청,2023-12-01
효평동020,1,,대전광역시 동구 효평동 148-4,36.41036736,127.4753984,,한전주,042-271-4871,대전광역시 동구청,2023-12-01
효평동021,1,,대전광역시 동구 효평동 137-2,36.40937645,127.476008,,한전주,042-271-4871,대전광역시 동구청,2023-12-01
효평동022,1,,대전광역시 동구 효평동 209-10,36.40902858,127.4734963,,한전주,042-271-4871,대전광역시 동구청,2023-12-01
효평동023,1,,대전광역시 동구 효평동 233,36.40785423,127.4735911,,한전주,042-271-4871,대전광역시 동구청,2023-12-01
효평동024,1,,대전광역시 동구 효평동 253-2,36.4073461,127.4734537,,한전주,042-271-4871,대전광역시 동구청,2023-12-01
효평동025,1,,대전광역시 동구 효평동 254,36.40707401,127.4733673,,한전주,042-271-4871,대전광역시 동구청,2023-12-01
효평동026,1,,대전광역시 동구 효평동 256-1,36.40653816,127.4733511,,한전주,042-271-4871,대전광역시 동구청,2023-12-01
효평동027,1,,대전광역시 동구 효평동 256-6,36.40635316,127.4733483,,한전주,042-271-4871,대전광역시 동구청,2023-12-01
효평동028,1,,대전광역시 동구 효평동 265,36.4053269,127.4739657,,한전주,042-271-4871,대전광역시 동구청,2023-12-01
효평동029,1,,대전광역시 동구 효평동 산30-1,36.40364173,127.4763968,,한전주,042-271-4871,대전광역시 동구청,2023-12-01
효평동030,1,,대전광역시 동구 효평동 산30-1,36.40364173,127.4763968,,한전주,042-271-4871,대전광역시 동구청,2023-12-01
효평동031,1,,대전광역시 동구 효평동 산30-1,36.40364173,127.4763968,,한전주,042-271-4871,대전광역시 동구청,2023-12-01
효평동032,1,,대전광역시 동구 효평동 산30-1,36.40364173,127.4763968,,한전주,042-271-4871,대전광역시 동구청,2023-12-01
효평동033,1,,대전광역시 동구 효평동 103,36.40406067,127.4776205,,한전주,042-271-4871,대전광역시 동구청,2023-12-01
효평동034,1,,대전광역시 동구 효평동 71-1,36.40331415,127.4785189,,한전주,042-271-4871,대전광역시 동구청,2023-12-01
효평동035,1,,대전광역시 동구 효평동 87,36.40270974,127.4791595,,한전주,042-271-4871,대전광역시 동구청,2023-12-01
효평동036,1,,대전광역시 동구 효평동 76,36.40243327,127.4790243,,한전주,042-271-4871,대전광역시 동구청,2023-12-01
효평동037,1,,대전광역시 동구 효평동 79,36.40201197,127.479386,,한전주,042-271-4871,대전광역시 동구청,2023-12-01
효평동038,1,,대전광역시 동구 효평동 76,36.40243327,127.4790243,,한전주,042-271-4871,대전광역시 동구청,2023-12-01
효평동039,1,,대전광역시 동구 효평동 77-2,36.40174606,127.4789965,,한전주,042-271-4871,대전광역시 동구청,2023-12-01
효평동040,1,,대전광역시 동구 효평동 464,36.39890989,127.4674735,,한전주,042-271-4871,대전광역시 동구청,2023-12-01
효평동041,1,,대전광역시 동구 효평동 463-1,36.39895133,127.4672473,,한전주,042-271-4871,대전광역시 동구청,2023-12-01
효평동042,1,,대전광역시 동구 효평동 460,36.399602,127.4666623,,한전주,042-271-4871,대전광역시 동구청,2023-12-01
효평동043,1,,대전광역시 동구 효평동 480,36.3998952,127.4666046,,한전주,042-271-4871,대전광역시 동구청,2023-12-01
효평동044,1,,대전광역시 동구 효평동 482,36.40033108,127.4665827,,한전주,042-271-4871,대전광역시 동구청,2023-12-01
효평동045,1,,대전광역시 동구 효평동 445-2,36.39832716,127.4664928,,한전주,042-271-4871,대전광역시 동구청,2023-12-01
효평동046,1,,대전광역시 동구 효평동 457-2,36.39876853,127.4661048,,한전주,042-271-4871,대전광역시 동구청,2023-12-01
효평동047,1,,대전광역시 동구 효평동 453-4,36.39863334,127.4649752,,한전주,042-271-4871,대전광역시 동구청,2023-12-01
효평동048,1,,대전광역시 동구 효평동 471-3,36.39864433,127.4687837,,한전주,042-271-4871,대전광역시 동구청,2023-12-01
효평동049,1,,대전광역시 동구 효평동 342,36.3982487,127.4700013,,한전주,042-271-4871,대전광역시 동구청,2023-12-01
효평동050,1,,대전광역시 동구 효평동 339,36.39807112,127.4704012,,한전주,042-271-4871,대전광역시 동구청,2023-12-01
효평동051,1,,대전광역시 동구 효평동 354,36.39748774,127.4698063,,한전주,042-271-4871,대전광역시 동구청,2023-12-01
효평동052,1,,대전광역시 동구 효평동 441-3,36.39619884,127.4664100190,,한전주,042-271-4871,대전광역시 동구청,2023-12-01
효평동053,1,,대전광역시 동구 효평동 441-6,36.39564302,127.4664905,,한전주,042-271-4871,대전광역시 동구청,2023-12-01
효평동054,1,,대전광역시 동구 효평동 437,36.39442402,127.4671263,,한전주,042-271-4871,대전광역시 동구청,2023-12-01
효평동055,1,,대전광역시 동구 효평동 405,36.39371049,127.4676875,,한전주,042-271-4871,대전광역시 동구청,2023-12-01
효평동056,1,,대전광역시 동구 효평동 367,36.39489761,127.4693604,,한전주,042-271-4871,대전광역시 동구청,2023-12-01
효평동057,1,,대전광역시 동구 효평동 산36-1,36.39607135,127.4686536,,한전주,042-271-4871,대전광역시 동구청,2023-12-01
효평동058,1,,대전광역시 동구 효평동 산36-1,36.39607135,127.4686536,,한전주,042-271-4871,대전광역시 동구청,2023-12-01
효평동059,1,,대전광역시 동구 효평동 377-1,36.39386922,127.472562,,한전주,042-271-4871,대전광역시 동구청,2023-12-01
효평동060,1,,대전광역시 동구 효평동 378-3,36.3932293,127.4733427,,한전주,042-271-4871,대전광역시 동구청,2023-12-01
효평동061,1,,대전광역시 동구 효평동 산39-6,36.39295281,127.4738605,,한전주,042-271-4871,대전광역시 동구청,2023-12-01
효평동062,1,,대전광역시 동구 효평동 산39-7,36.39184229,127.4740354,,한전주,042-271-4871,대전광역시 동구청,2023-12-01
효평동063,1,,대전광역시 동구 효평동 570-22,36.38574694,127.4593400474,,한전주,042-271-4871,대전광역시 동구청,2023-12-01
효평동064,1,,대전광역시 동구 효평동 573-4,36.38466303,127.4587503,,한전주,042-271-4871,대전광역시 동구청,2023-12-01
효평동065,1,,대전광역시 동구 효평동 582-19,36.38374063,127.4581746,,한전주,042-271-4871,대전광역시 동구청,2023-12-01
효평동066,1,,대전광역시 동구 효평동 582-16,36.3835758,127.4580378,,한전주,042-271-4871,대전광역시 동구청,2023-12-01
효평동067,1,,대전광역시 동구 효평동 570-9,36.38409075,127.4577994,,한전주,042-271-4871,대전광역시 동구청,2023-12-01
효평동068,1,,대전광역시 동구 효평동 570-32,36.38499211,127.4584662,,한전주,042-271-4871,대전광역시 동구청,2023-12-01
효평동069,1,,대전광역시 동구 효평동 570-16,36.38526433,127.4578928,,한전주,042-271-4871,대전광역시 동구청,2023-12-01
효평동070,1,,대전광역시 동구 효평동 574-6,36.38301334,127.458442,,한전주,042-271-4871,대전광역시 동구청,2023-12-01
효평동071,1,,대전광역시 동구 효평동 574-5,36.38199205,127.4576478,,한전주,042-271-4871,대전광역시 동구청,2023-12-01
효평동072,1,,대전광역시 동구 효평동 581,36.38172939,127.4572158,,한전주,042-271-4871,대전광역시 동구청,2023-12-01
효평동073,1,,대전광역시 동구 효평동 581-4,36.3813126,127.4564868,,한전주,042-271-4871,대전광역시 동구청,2023-12-01
효평동074,1,,대전광역시 동구 효평동 581-7,36.38176016,127.4566174,,한전주,042-271-4871,대전광역시 동구청,2023-12-01
효평동075,1,,대전광역시 동구 효평동 582-6,36.38221032,127.4570324,,한전주,042-271-4871,대전광역시 동구청,2023-12-01
효평동076,1,,대전광역시 동구 효평동 582-3,36.38289799,127.4560003,,한전주,042-271-4871,대전광역시 동구청,2023-12-01
효평동077,1,,대전광역시 동구 효평동 582-2,36.38329624,127.4563001,,한전주,042-271-4871,대전광역시 동구청,2023-12-01
효평동078,1,,대전광역시 동구 효평동 570-35,36.38360092,127.4563018,,한전주,042-271-4871,대전광역시 동구청,2023-12-01
효평동079,1,,대전광역시 동구 효평동 581-2,36.38140555,127.4544901,,한전주,042-271-4871,대전광역시 동구청,2023-12-01
효평동080,1,,대전광역시 동구 효평동 574-4,36.38308424,127.4583598,,한전주,042-271-4871,대전광역시 동구청,2023-12-01
효평동081,1,,대전광역시 동구 효평동 574-6,36.38301334,127.458442,,한전주,042-271-4871,대전광역시 동구청,2023-12-01
효평동085,1,,대전광역시 동구 효평동 891,36.40252754,127.4811993,,한전주,042-271-4871,대전광역시 동구청,2023-12-01
효평동086,1,,대전광역시 동구 효평동 442-2,36.3973871,127.466096,,전용주,042-271-4871,대전광역시 동구청,2023-12-01
효평동087,1,,대전광역시 동구 효평동 263-4,36.4065651,127.4737915,,한전주,042-271-4871,대전광역시 동구청,2023-12-01
효평동088,1,,대전광역시 동구 효평동 266-1,36.40656322,127.4739304,,한전주,042-271-4871,대전광역시 동구청,2023-12-01
효평동089,1,,대전광역시 동구 효평동 265,36.4053269,127.4739657,,한전주,042-271-4871,대전광역시 동구청,2023-12-01
효평동090,1,,대전광역시 동구 효평동 981,36.39016959,127.4633937,,한전주,042-271-4871,대전광역시 동구청,2023-12-01
효평동091,1,,대전광역시 동구 효평동 570-1,36.38593865,127.4592341,,한전주,042-271-4871,대전광역시 동구청,2023-12-01
효평동092,1,,대전광역시 동구 효평동 959,36.39278447,127.4669367,,한전주,042-271-4871,대전광역시 동구청,2023-12-01
효평동093,1,,대전광역시 동구 효평동 556-2,36.39040828,127.4643729,,한전주,042-271-4871,대전광역시 동구청,2023-12-01
효평동094,1,,대전광역시 동구 효평동 산 87-2,36.38904849,127.4581591,,한전주,042-271-4871,대전광역시 동구청,2023-12-01
