보안등위치명,설치개수,소재지도로명주소,소재지지번주소,위도,경도,설치연도,설치형태,관리기관전화번호,관리기관명,데이터기준일자
갑동001,1,대전광역시 유성구 현충원로 197,대전광역시 유성구 갑동 433-46,36.3606233,127.2929532,2020,한전주,042-611-2506,대전광역시 유성구청,2025-07-16
갑동002,1,대전광역시 유성구 현충원로 213,대전광역시 유성구 갑동 433-53,36.3603899,127.294563,2020,한전주,042-611-2506,대전광역시 유성구청,2025-07-16
갑동003,1,대전광역시 유성구 현충원로 213,대전광역시 유성구 갑동 433-53,36.3603899,127.294563,2020,전용주,042-611-2506,대전광역시 유성구청,2025-07-16
갑동004,1,대전광역시 유성구 현충원로 213,대전광역시 유성구 갑동 433-53,36.3603899,127.294563,2020,한전주,042-611-2506,대전광역시 유성구청,2025-07-16
갑동005,1,대전광역시 유성구 현충원로 203,대전광역시 유성구 갑동 391-5,36.3605922,127.2938609,2020,한전주,042-611-2506,대전광역시 유성구청,2025-07-16
갑동006,1,대전광역시 유성구 갑동로8번길 75,대전광역시 유성구 갑동 389-15,36.36124714,127.2933764,2020,한전주,042-611-2506,대전광역시 유성구청,2025-07-16
갑동007,1,대전광역시 유성구 갑동로8번길 65,대전광역시 유성구 갑동 389-6,36.3611453,127.2928821,2020,한전주,042-611-2506,대전광역시 유성구청,2025-07-16
갑동008,1,대전광역시 유성구 갑동로8번길 49,대전광역시 유성구 갑동 388-3,36.36143596,127.2923688,2020,한전주,042-611-2506,대전광역시 유성구청,2025-07-16
갑동009,1,대전광역시 유성구 갑동로 32,대전광역시 유성구 갑동 388-42,36.3615111,127.290766,2020,한전주,042-611-2506,대전광역시 유성구청,2025-07-16
갑동010,1,,대전광역시 유성구 갑동 433-12,36.36143018,127.2904446,2020,한전주,042-611-2506,대전광역시 유성구청,2025-07-16
갑동011,1,대전광역시 유성구 갑동로 20,대전광역시 유성구 갑동 388-55,36.3616213,127.2896126,2020,한전주,042-611-2506,대전광역시 유성구청,2025-07-16
갑동012,1,대전광역시 유성구 갑동로 21-11,대전광역시 유성구 갑동 387-90,36.3621352,127.2896238,2020,건축물,042-611-2506,대전광역시 유성구청,2025-07-16
갑동013,1,대전광역시 유성구 갑동로 14,대전광역시 유성구 갑동 388-9,36.3616105,127.2893255,2020,한전주,042-611-2506,대전광역시 유성구청,2025-07-16
갑동014,1,대전광역시 유성구 갑동로 15-11,대전광역시 유성구 갑동 327-9,36.36247115,127.2891202,2020,한전주,042-611-2506,대전광역시 유성구청,2025-07-16
갑동015,1,대전광역시 유성구 갑동로15번길 2-9,대전광역시 유성구 갑동 401-5,36.3618350215,127.2886550911,2020,한전주,042-611-2506,대전광역시 유성구청,2025-07-16
갑동016,1,대전광역시 유성구 갑동로15번길 22,대전광역시 유성구 갑동 401-3,36.36174641,127.2878117,2020,한전주,042-611-2506,대전광역시 유성구청,2025-07-16
갑동017,1,대전광역시 유성구 갑동로15번길 31,대전광역시 유성구 갑동 400-7,36.3614547,127.2873457,2020,한전주,042-611-2506,대전광역시 유성구청,2025-07-16
갑동018,1,대전광역시 유성구 갑동로15번길 22,대전광역시 유성구 갑동 401-3,36.36174641,127.2878117,2020,한전주,042-611-2506,대전광역시 유성구청,2025-07-16
갑동019,1,대전광역시 유성구 갑동로15번길 20-15,대전광역시 유성구 갑동 327-19,36.36213822,127.2875734,2020,한전주,042-611-2506,대전광역시 유성구청,2025-07-16
갑동020,1,대전광역시 유성구 갑동로15번길 20-15,대전광역시 유성구 갑동 327-19,36.36213822,127.2875734,2020,한전주,042-611-2506,대전광역시 유성구청,2025-07-16
갑동021,1,대전광역시 유성구 갑동로 27,대전광역시 유성구 갑동 387-88,36.36194952,127.2904172,2020,한전주,042-611-2506,대전광역시 유성구청,2025-07-16
갑동022,1,대전광역시 유성구 갑동로25번길 24-12,대전광역시 유성구 갑동 387-190,36.3623828,127.2903347,2020,한전주,042-611-2506,대전광역시 유성구청,2025-07-16
갑동023,1,대전광역시 유성구 갑동로25번길 29,대전광역시 유성구 갑동 329-1,36.3629968,127.2904689,2020,한전주,042-611-2506,대전광역시 유성구청,2025-07-16
갑동024,1,대전광역시 유성구 갑동로25번길 25-14,대전광역시 유성구 갑동 326-27,36.36335115,127.2905816,2020,한전주,042-611-2506,대전광역시 유성구청,2025-07-16
갑동025,1,대전광역시 유성구 갑동로25번길 25-22,대전광역시 유성구 갑동 326-11,36.3637066,127.2901667,2020,한전주,042-611-2506,대전광역시 유성구청,2025-07-16
갑동026,1,대전광역시 유성구 갑동로25번길 25-29,대전광역시 유성구 갑동 327-2,36.363901,127.2894596,2020,한전주,042-611-2506,대전광역시 유성구청,2025-07-16
갑동027,1,대전광역시 유성구 갑동로25번길 24-7,대전광역시 유성구 갑동 387-186,36.3626821,127.2907043,2020,한전주,042-611-2506,대전광역시 유성구청,2025-07-16
갑동028,1,대전광역시 유성구 갑동로25번길 28-13,대전광역시 유성구 갑동 387-120,36.3629194,127.2912933,2020,한전주,042-611-2506,대전광역시 유성구청,2025-07-16
갑동029,1,대전광역시 유성구 갑동로25번길 47,대전광역시 유성구 갑동 329,36.36350548,127.2911255,2020,한전주,042-611-2506,대전광역시 유성구청,2025-07-16
갑동030,1,대전광역시 유성구 갑동로25번길 53-9,대전광역시 유성구 갑동 326-2,36.3636563,127.2907982,2020,한전주,042-611-2506,대전광역시 유성구청,2025-07-16
갑동031,1,대전광역시 유성구 갑동로25번길 54,대전광역시 유성구 갑동 330-7,36.3635165,127.2914771,2020,한전주,042-611-2506,대전광역시 유성구청,2025-07-16
갑동032,1,대전광역시 유성구 갑동로25번길 66,대전광역시 유성구 갑동 330-9,36.3633646,127.2917632,2020,한전주,042-611-2506,대전광역시 유성구청,2025-07-16
갑동033,1,대전광역시 유성구 갑동로31번길 34,대전광역시 유성구 갑동 387-123,36.3625158,127.2921292,2020,한전주,042-611-2506,대전광역시 유성구청,2025-07-16
갑동034,1,대전광역시 유성구 갑동로25번길 78,대전광역시 유성구 갑동 387-4,36.36304693,127.2916575,2020,한전주,042-611-2506,대전광역시 유성구청,2025-07-16
갑동035,1,대전광역시 유성구 갑동로25번길 91,대전광역시 유성구 갑동 387-67,36.36282966,127.2930199,2020,한전주,042-611-2506,대전광역시 유성구청,2025-07-16
갑동036,1,대전광역시 유성구 갑동로25번길 95,대전광역시 유성구 갑동 387-225,36.36262065,127.2931408,2020,한전주,042-611-2506,대전광역시 유성구청,2025-07-16
갑동037,1,대전광역시 유성구 갑동로25번길 110,대전광역시 유성구 갑동 387-29,36.362006,127.2936698,2020,한전주,042-611-2506,대전광역시 유성구청,2025-07-16
갑동038,1,대전광역시 유성구 갑동로 61,대전광역시 유성구 갑동 387-169,36.36194927,127.2941837,2020,한전주,042-611-2506,대전광역시 유성구청,2025-07-16
갑동039,1,대전광역시 유성구 갑동로 65,대전광역시 유성구 갑동 387-27,36.3619933,127.2945725,2020,한전주,042-611-2506,대전광역시 유성구청,2025-07-16
갑동040,1,대전광역시 유성구 갑동로63번길 25,대전광역시 유성구 갑동 387-93,36.36265821,127.2942986,2020,한전주,042-611-2506,대전광역시 유성구청,2025-07-16
갑동041,1,대전광역시 유성구 갑동로63번길 33,대전광역시 유성구 갑동 387-16,36.36334002,127.2945498,2020,한전주,042-611-2506,대전광역시 유성구청,2025-07-16
갑동042,1,대전광역시 유성구 갑동로63번길 33-8,대전광역시 유성구 갑동 387-3,36.36345675,127.2940027,2020,한전주,042-611-2506,대전광역시 유성구청,2025-07-16
갑동043,1,대전광역시 유성구 갑동로63번길 56,대전광역시 유성구 갑동 387-134,36.3629364,127.2950913,2020,한전주,042-611-2506,대전광역시 유성구청,2025-07-16
갑동044,1,대전광역시 유성구 갑동로63번길 56,대전광역시 유성구 갑동 387-134,36.3629364,127.2950913,2020,한전주,042-611-2506,대전광역시 유성구청,2025-07-16
갑동045,1,대전광역시 유성구 갑동로25번길 133,대전광역시 유성구 갑동 387-146,36.36261299,127.2950805,2020,한전주,042-611-2506,대전광역시 유성구청,2025-07-16
갑동046,1,대전광역시 유성구 갑동로 71-1,대전광역시 유성구 갑동 387-2,36.36201212,127.295688,2020,한전주,042-611-2506,대전광역시 유성구청,2025-07-16
갑동047,1,대전광역시 유성구 갑동로 32,대전광역시 유성구 갑동 388-42,36.3615111,127.290766,2020,한전주,042-611-2506,대전광역시 유성구청,2025-07-16
갑동048,1,대전광역시 유성구 갑동로25번길 24-20,대전광역시 유성구 갑동 387-177,36.3622155,127.2909937,2020,한전주,042-611-2506,대전광역시 유성구청,2025-07-16
갑동049,1,대전광역시 유성구 갑동로31번길 17,대전광역시 유성구 갑동 387-172,36.3623529,127.2913713,2020,건축물,042-611-2506,대전광역시 유성구청,2025-07-16
갑동050,1,대전광역시 유성구 갑동로 42,대전광역시 유성구 갑동 388-6,36.36160166,127.2917889,2020,한전주,042-611-2506,대전광역시 유성구청,2025-07-16
갑동051,1,대전광역시 유성구 갑동로 42,대전광역시 유성구 갑동 388-6,36.36160166,127.2917889,2020,한전주,042-611-2506,대전광역시 유성구청,2025-07-16
갑동052,1,대전광역시 유성구 갑동로8번길 49,대전광역시 유성구 갑동 388-3,36.36143596,127.2923688,2020,한전주,042-611-2506,대전광역시 유성구청,2025-07-16
갑동053,1,대전광역시 유성구 갑동로 49,대전광역시 유성구 갑동 387-83,36.3618024,127.2927691,2020,한전주,042-611-2506,대전광역시 유성구청,2025-07-16
갑동054,1,대전광역시 유성구 갑동로 53,대전광역시 유성구 갑동 387-82,36.36179951,127.293192,2020,한전주,042-611-2506,대전광역시 유성구청,2025-07-16
갑동055,1,대전광역시 유성구 갑동로 60,대전광역시 유성구 갑동 388-60,36.36147324,127.2939973,2020,한전주,042-611-2506,대전광역시 유성구청,2025-07-16
갑동056,1,대전광역시 유성구 갑동로 61,대전광역시 유성구 갑동 387-169,36.36194927,127.2941837,2020,한전주,042-611-2506,대전광역시 유성구청,2025-07-16
갑동057,1,대전광역시 유성구 갑동로 68,대전광역시 유성구 갑동 388-87,36.361249469,127.2951895921,2020,한전주,042-611-2506,대전광역시 유성구청,2025-07-16
갑동058,1,대전광역시 유성구 갑동로 77,대전광역시 유성구 갑동 388-12,36.36121401,127.295438,2020,한전주,042-611-2506,대전광역시 유성구청,2025-07-16
갑동059,1,대전광역시 유성구 현충원로 124,대전광역시 유성구 갑동 404-16,36.36060561,127.2850632,2020,한전주,042-611-2506,대전광역시 유성구청,2025-07-16
갑동060,1,대전광역시 유성구 갑동로25번길 48,대전광역시 유성구 갑동 330-1,36.3633802,127.2913508,2020,한전주,042-611-2506,대전광역시 유성구청,2025-07-16
갑동061,1,대전광역시 유성구 갑동로25번길 85-7,대전광역시 유성구 갑동 387-35,36.36308745,127.2929909,2020,한전주,042-611-2506,대전광역시 유성구청,2025-07-16
갑동062,1,,대전광역시 유성구 갑동 433-71,36.3605638,127.2951537,2020,한전주,042-611-2506,대전광역시 유성구청,2025-07-16
갑동063,1,,대전광역시 유성구 갑동 433-32,36.3607383,127.2896254,2020,전용주,042-611-2506,대전광역시 유성구청,2025-07-16
갑동064,1,대전광역시 유성구 갑동로 71-20,대전광역시 유성구 갑동 385,36.3614802,127.296204,2020,한전주,042-611-2506,대전광역시 유성구청,2025-07-16
갑동065,1,,대전광역시 유성구 갑동 산 39-2,36.36185397,127.2860278,2020,한전주,042-611-2506,대전광역시 유성구청,2025-07-16
갑동066,1,,대전광역시 유성구 갑동 387-22,36.3622948,127.2959455,2022,한전주,042-611-2506,대전광역시 유성구청,2025-07-16
궁동001,1,대전광역시 유성구 대학로 179-1,대전광역시 유성구 궁동 432-12,36.3606584,127.3533174,2020,한전주,042-611-2506,대전광역시 유성구청,2025-07-16
궁동002,1,대전광역시 유성구 대학로179번길 6,대전광역시 유성구 궁동 433-12,36.3610541,127.3531692,2020,한전주,042-611-2506,대전광역시 유성구청,2025-07-16
궁동003,1,대전광역시 유성구 대학로 175,대전광역시 유성구 궁동 432-8,36.3605922,127.3527496,2020,한전주,042-611-2506,대전광역시 유성구청,2025-07-16
궁동004,1,대전광역시 유성구 대학로 173,대전광역시 유성구 궁동 432-7,36.3605464,127.3526052,2020,한전주,042-611-2506,대전광역시 유성구청,2025-07-16
궁동005,1,대전광역시 유성구 대학로 171-1,대전광역시 유성구 궁동 432-6,36.3605275,127.3524493,2020,한전주,042-611-2506,대전광역시 유성구청,2025-07-16
궁동006,1,대전광역시 유성구 대학로 169,대전광역시 유성구 궁동 432-4,36.3605168,127.3521374,2020,건축물,042-611-2506,대전광역시 유성구청,2025-07-16
궁동007,1,대전광역시 유성구 대학로 165,대전광역시 유성구 궁동 432-1,36.3605322,127.3516582,2020,한전주,042-611-2506,대전광역시 유성구청,2025-07-16
궁동008,1,대전광역시 유성구 대학로163번길 18,대전광역시 유성구 궁동 428-2,36.3609655,127.3517771,2020,한전주,042-611-2506,대전광역시 유성구청,2025-07-16
궁동009,1,대전광역시 유성구 대학로163번길 18,대전광역시 유성구 궁동 428-2,36.3609655,127.3517771,2020,한전주,042-611-2506,대전광역시 유성구청,2025-07-16
궁동010,1,대전광역시 유성구 대학로179번길 7-15,대전광역시 유성구 궁동 431-2,36.3608959,127.3522346,2020,한전주,042-611-2506,대전광역시 유성구청,2025-07-16
궁동011,1,대전광역시 유성구 대학로179번길 7-5,대전광역시 유성구 궁동 431-6,36.3608991,127.3528251,2020,한전주,042-611-2506,대전광역시 유성구청,2025-07-16
궁동012,1,대전광역시 유성구 대학로179번길 14,대전광역시 유성구 궁동 433-15,36.3613596,127.3529884,2020,한전주,042-611-2506,대전광역시 유성구청,2025-07-16
궁동013,1,대전광역시 유성구 대학로179번길 15-5,대전광역시 유성구 궁동 430-4,36.3612669,127.3525212,2020,한전주,042-611-2506,대전광역시 유성구청,2025-07-16
궁동014,1,대전광역시 유성구 대학로179번길 15-13,대전광역시 유성구 궁동 430-1,36.3612646,127.3520978,2020,한전주,042-611-2506,대전광역시 유성구청,2025-07-16
궁동015,1,대전광역시 유성구 대학로179번길 15-13,대전광역시 유성구 궁동 430-1,36.3612646,127.3520978,2020,한전주,042-611-2506,대전광역시 유성구청,2025-07-16
궁동016,1,대전광역시 유성구 농대로15번길 25,대전광역시 유성구 궁동 428-1,36.36164068,127.3516638,2020,한전주,042-611-2506,대전광역시 유성구청,2025-07-16
궁동017,1,대전광역시 유성구 농대로15번길 24,대전광역시 유성구 궁동 406-20,36.3618391,127.3516696,2020,한전주,042-611-2506,대전광역시 유성구청,2025-07-16
궁동018,1,대전광역시 유성구 농대로15번길 16,대전광역시 유성구 궁동 406-16,36.3618421,127.3522267,2020,한전주,042-611-2506,대전광역시 유성구청,2025-07-16
궁동019,1,대전광역시 유성구 농대로15번길 8,대전광역시 유성구 궁동 406-13,36.3618354,127.3526502,2020,한전주,042-611-2506,대전광역시 유성구청,2025-07-16
궁동020,1,대전광역시 유성구 농대로15번길 7,대전광역시 유성구 궁동 429-5,36.3616192,127.3526743,2020,한전주,042-611-2506,대전광역시 유성구청,2025-07-16
궁동021,1,대전광역시 유성구 농대로 17,대전광역시 유성구 궁동 405-11,36.3621795,127.3529593,2020,한전주,042-611-2506,대전광역시 유성구청,2025-07-16
궁동022,1,대전광역시 유성구 농대로17번길 8,대전광역시 유성구 궁동 405-14,36.3621771,127.3525025,2020,한전주,042-611-2506,대전광역시 유성구청,2025-07-16
궁동023,1,대전광역시 유성구 농대로17번길 16,대전광역시 유성구 궁동 405-16,36.3621846,127.3522239,2020,한전주,042-611-2506,대전광역시 유성구청,2025-07-16
궁동024,1,대전광역시 유성구 농대로17번길 24,대전광역시 유성구 궁동 405-20,36.3621816,127.3516668,2020,한전주,042-611-2506,대전광역시 유성구청,2025-07-16
궁동025,1,대전광역시 유성구 농대로21번길 24,대전광역시 유성구 궁동 404-20,36.3625241,127.3516751,2020,한전주,042-611-2506,대전광역시 유성구청,2025-07-16
궁동026,1,대전광역시 유성구 농대로21번길 20,대전광역시 유성구 궁동 404-18,36.3625256,127.3519536,2020,한전주,042-611-2506,대전광역시 유성구청,2025-07-16
궁동027,1,대전광역시 유성구 농대로21번길 12,대전광역시 유성구 궁동 404-15,36.3625278,127.3523659,2020,한전주,042-611-2506,대전광역시 유성구청,2025-07-16
궁동028,1,대전광역시 유성구 농대로21번길 6,대전광역시 유성구 궁동 404-13,36.3625203,127.3526445,2020,한전주,042-611-2506,대전광역시 유성구청,2025-07-16
궁동029,1,대전광역시 유성구 농대로 19,대전광역시 유성구 궁동 405-10,36.3623237,127.3529582,2020,한전주,042-611-2506,대전광역시 유성구청,2025-07-16
궁동035,1,대전광역시 유성구 대학로163번길 37,대전광역시 유성구 궁동 407-6,36.3621982,127.3514215,2020,한전주,042-611-2506,대전광역시 유성구청,2025-07-16
궁동036,1,대전광역시 유성구 대학로163번길 23,대전광역시 유성구 궁동 427-3,36.3615313,127.3514159,2020,한전주,042-611-2506,대전광역시 유성구청,2025-07-16
궁동037,1,대전광역시 유성구 대학로163번길 15,대전광역시 유성구 궁동 427-7,36.36110329,127.3513955,2020,한전주,042-611-2506,대전광역시 유성구청,2025-07-16
궁동039,1,대전광역시 유성구 대학로 157,대전광역시 유성구 궁동 424-5,36.360645,127.3508438,2020,전용주,042-611-2506,대전광역시 유성구청,2025-07-16
궁동040,1,대전광역시 유성구 대학로159번길 1,대전광역시 유성구 궁동 426-10,36.3608169,127.3509649,2020,한전주,042-611-2506,대전광역시 유성구청,2025-07-16
궁동041,1,대전광역시 유성구 대학로159번길 7,대전광역시 유성구 궁동 426-7,36.3611414,127.3509734,2020,한전주,042-611-2506,대전광역시 유성구청,2025-07-16
궁동042,1,대전광역시 유성구 대학로159번길 15,대전광역시 유성구 궁동 426-4,36.3614388,127.3509709,2020,한전주,042-611-2506,대전광역시 유성구청,2025-07-16
궁동043,1,대전광역시 유성구 대학로155번길 16,대전광역시 유성구 궁동 426-17,36.3614467,127.3507703,2020,한전주,042-611-2506,대전광역시 유성구청,2025-07-16
궁동044,1,대전광역시 유성구 대학로155번길 8,대전광역시 유성구 궁동 426-14,36.3611403,127.3507728,2020,한전주,042-611-2506,대전광역시 유성구청,2025-07-16
궁동045,1,대전광역시 유성구 대학로155번길 4,대전광역시 유성구 궁동 426-12,36.3609329,127.3507634,2020,한전주,042-611-2506,대전광역시 유성구청,2025-07-16
궁동046,1,대전광역시 유성구 대학로155번길 21,대전광역시 유성구 궁동 409-4,36.3618327,127.3505046,2020,한전주,042-611-2506,대전광역시 유성구청,2025-07-16
궁동047,1,대전광역시 유성구 대학로155번길 24,대전광역시 유성구 궁동 408-10,36.3618343,127.3507782,2020,한전주,042-611-2506,대전광역시 유성구청,2025-07-16
궁동049,1,대전광역시 유성구 대학로155번길 26,대전광역시 유성구 궁동 408-11,36.3619514,127.3507772,2020,한전주,042-611-2506,대전광역시 유성구청,2025-07-16
궁동050,1,대전광역시 유성구 대학로155번길 37,대전광역시 유성구 궁동 409-2,36.3623825,127.3504871,2020,한전주,042-611-2506,대전광역시 유성구청,2025-07-16
궁동051,1,대전광역시 유성구 대학로155번길 40,대전광역시 유성구 궁동 408-16,36.3625642,127.3507722,2020,한전주,042-611-2506,대전광역시 유성구청,2025-07-16
궁동054,1,대전광역시 유성구 궁동로18번길 66,대전광역시 유성구 궁동 408-2,36.3626825,127.3509717,2020,한전주,042-611-2506,대전광역시 유성구청,2025-07-16
궁동055,1,대전광역시 유성구 대학로159번길 31,대전광역시 유성구 궁동 408-6,36.3621958,127.3509758,2020,한전주,042-611-2506,대전광역시 유성구청,2025-07-16
궁동056,1,대전광역시 유성구 대학로159번길 25,대전광역시 유성구 궁동 408-9,36.3618353,127.3509676,2020,한전주,042-611-2506,대전광역시 유성구청,2025-07-16
궁동059,1,대전광역시 유성구 대학로151번길 66,대전광역시 유성구 궁동 400-17,36.3636342,127.3503175,2020,한전주,042-611-2506,대전광역시 유성구청,2025-07-16
궁동060,1,대전광역시 유성구 궁동로 56,대전광역시 유성구 궁동 401-1,36.3639497399,127.3508126975,2020,한전주,042-611-2506,대전광역시 유성구청,2025-07-16
궁동061,1,대전광역시 유성구 대학로155번길 66,대전광역시 유성구 궁동 401-15,36.3637359,127.3508036,2020,한전주,042-611-2506,대전광역시 유성구청,2025-07-16
궁동062,1,대전광역시 유성구 대학로155번길 56,대전광역시 유성구 궁동 401-12,36.3633934,127.3507764,2020,한전주,042-611-2506,대전광역시 유성구청,2025-07-16
궁동063,1,대전광역시 유성구 대학로155번길 52,대전광역시 유성구 궁동 402-5,36.3631591,127.3507784,2020,한전주,042-611-2506,대전광역시 유성구청,2025-07-16
궁동064,1,대전광역시 유성구 대학로155번길 50,대전광역시 유성구 궁동 402-1,36.3630239,127.3507795,2020,한전주,042-611-2506,대전광역시 유성구청,2025-07-16
궁동065,1,대전광역시 유성구 궁동로18번길 63,대전광역시 유성구 궁동 402-3,36.3628988,127.3509699,2020,한전주,042-611-2506,대전광역시 유성구청,2025-07-16
궁동066,1,대전광역시 유성구 대학로159번길 56,대전광역시 유성구 궁동 403-6,36.3632698,127.3512566,2020,한전주,042-611-2506,대전광역시 유성구청,2025-07-16
궁동067,1,대전광역시 유성구 대학로159번길 68,대전광역시 유성구 궁동 403-3,36.36368445,127.3512419,2020,한전주,042-611-2506,대전광역시 유성구청,2025-07-16
궁동068,1,대전광역시 유성구 대학로159번길 67,대전광역시 유성구 궁동 401-16,36.3638361,127.3509844,2020,한전주,042-611-2506,대전광역시 유성구청,2025-07-16
궁동069,1,대전광역시 유성구 궁동로 60,대전광역시 유성구 궁동 72-3,36.36400233,127.351224,2020,한전주,042-611-2506,대전광역시 유성구청,2025-07-16
궁동070,1,대전광역시 유성구 궁동로 59,대전광역시 유성구 궁동 391,36.36427415,127.3513378,2020,한전주,042-611-2506,대전광역시 유성구청,2025-07-16
궁동071,1,대전광역시 유성구 궁동로 61,대전광역시 유성구 궁동 392-2,36.3641105,127.3517176,2020,한전주,042-611-2506,대전광역시 유성구청,2025-07-16
궁동072,1,대전광역시 유성구 대학로163번길 69,대전광역시 유성구 궁동 1-43,36.3636134,127.3514543,2020,한전주,042-611-2506,대전광역시 유성구청,2025-07-16
궁동073,1,대전광역시 유성구 대학로163번길 68,대전광역시 유성구 궁동 1-6,36.3634795,127.3517006,2020,한전주,042-611-2506,대전광역시 유성구청,2025-07-16
궁동074,1,대전광역시 유성구 대학로163번길 60,대전광역시 유성구 궁동 6-13,36.3631461,127.3516302,2020,한전주,042-611-2506,대전광역시 유성구청,2025-07-16
궁동075,1,대전광역시 유성구 궁동로18번길 87,대전광역시 유성구 궁동 6-23,36.3628871,127.3521401,2020,한전주,042-611-2506,대전광역시 유성구청,2025-07-16
궁동076,1,대전광역시 유성구 궁동로68번길 15,대전광역시 유성구 궁동 6-26,36.3632476,127.3521482,2020,한전주,042-611-2506,대전광역시 유성구청,2025-07-16
궁동077,1,대전광역시 유성구 궁동로68번길 15,대전광역시 유성구 궁동 6-26,36.3632476,127.3521482,2020,한전주,042-611-2506,대전광역시 유성구청,2025-07-16
궁동078,1,대전광역시 유성구 궁동로68번길 9,대전광역시 유성구 궁동 1-14,36.363491,127.3521573,2020,전용주,042-611-2506,대전광역시 유성구청,2025-07-16
궁동079,1,대전광역시 유성구 궁동로68번길 5,대전광역시 유성구 궁동 1-12,36.3637343,127.3521553,2020,한전주,042-611-2506,대전광역시 유성구청,2025-07-16
궁동080,1,대전광역시 유성구 궁동로 71,대전광역시 유성구 궁동 392-1,36.364078,127.3523753,2020,한전주,042-611-2506,대전광역시 유성구청,2025-07-16
궁동081,1,대전광역시 유성구 궁동로 71,대전광역시 유성구 궁동 392-1,36.364078,127.3523753,2020,한전주,042-611-2506,대전광역시 유성구청,2025-07-16
궁동082,1,대전광역시 유성구 궁동로 71,대전광역시 유성구 궁동 392-1,36.364078,127.3523753,2020,한전주,042-611-2506,대전광역시 유성구청,2025-07-16
궁동083,1,대전광역시 유성구 궁동로72번길 7,대전광역시 유성구 궁동 1-21,36.36359275,127.352599983,2020,한전주,042-611-2506,대전광역시 유성구청,2025-07-16
궁동084,1,대전광역시 유성구 궁동로72번길 17,대전광역시 유성구 궁동 1-25,36.3631329,127.352606,2020,한전주,042-611-2506,대전광역시 유성구청,2025-07-16
궁동085,1,대전광역시 유성구 궁동로18번길 95,대전광역시 유성구 궁동 1-27,36.3628896,127.3525969,2020,한전주,042-611-2506,대전광역시 유성구청,2025-07-16
궁동086,1,대전광역시 유성구 궁동로 47,대전광역시 유성구 궁동 393,36.3640649,127.3499685,2020,한전주,042-611-2506,대전광역시 유성구청,2025-07-16
궁동087,1,대전광역시 유성구 대학로151번길 59,대전광역시 유성구 궁동 399-6,36.3633261,127.3500081,2020,한전주,042-611-2506,대전광역시 유성구청,2025-07-16
궁동088,1,대전광역시 유성구 대학로151번길 45,대전광역시 유성구 궁동 410-1,36.3626231,127.3500028,2020,한전주,042-611-2506,대전광역시 유성구청,2025-07-16
궁동089,1,대전광역시 유성구 대학로151번길 27,대전광역시 유성구 궁동 410-12,36.3619562,127.3500083,2020,한전주,042-611-2506,대전광역시 유성구청,2025-07-16
궁동090,1,대전광역시 유성구 대학로151번길 25,대전광역시 유성구 궁동 410-13,36.3618385,127.349909,2020,한전주,042-611-2506,대전광역시 유성구청,2025-07-16
궁동091,1,대전광역시 유성구 대학로151번길 19,대전광역시 유성구 궁동 422-3,36.3615236,127.3499913,2020,한전주,042-611-2506,대전광역시 유성구청,2025-07-16
궁동092,1,대전광역시 유성구 대학로151번길 15,대전광역시 유성구 궁동 422-4,36.36139755,127.3500018,2020,한전주,042-611-2506,대전광역시 유성구청,2025-07-16
궁동093,1,대전광역시 유성구 대학로151번길 7,대전광역시 유성구 궁동 422-7,36.3610279,127.3500049,2020,한전주,042-611-2506,대전광역시 유성구청,2025-07-16
궁동094,1,대전광역시 유성구 대학로145번길 5,대전광역시 유성구 궁동 421-5,36.361278,127.3495794,2020,한전주,042-611-2506,대전광역시 유성구청,2025-07-16
궁동095,1,대전광역시 유성구 대학로145번길 11,대전광역시 유성구 궁동 421-3,36.3615213,127.3495774,2020,한전주,042-611-2506,대전광역시 유성구청,2025-07-16
궁동096,1,대전광역시 유성구 대학로145번길 19,대전광역시 유성구 궁동 411-9,36.3618367,127.3495748,2020,한전주,042-611-2506,대전광역시 유성구청,2025-07-16
궁동097,1,대전광역시 유성구 대학로145번길 21,대전광역시 유성구 궁동 411-8,36.3619539,127.3495849,2020,한전주,042-611-2506,대전광역시 유성구청,2025-07-16
궁동098,1,대전광역시 유성구 대학로145번길 27,대전광역시 유성구 궁동 411-5,36.3623234,127.3495819,2020,한전주,042-611-2506,대전광역시 유성구청,2025-07-16
궁동099,1,대전광역시 유성구 궁동로18번길 40,대전광역시 유성구 궁동 411-2,36.3626839,127.3495789,2020,한전주,042-611-2506,대전광역시 유성구청,2025-07-16
궁동102,1,대전광역시 유성구 대학로145번길 45,대전광역시 유성구 궁동 398-8,36.3629814,127.3495875,2020,한전주,042-611-2506,대전광역시 유성구청,2025-07-16
궁동103,1,대전광역시 유성구 대학로145번길 47,대전광역시 유성구 궁동 398-7,36.3630985,127.3495866,2020,한전주,042-611-2506,대전광역시 유성구청,2025-07-16
궁동104,1,대전광역시 유성구 대학로145번길 53,대전광역시 유성구 궁동 398-4,36.36339783,127.349584,2020,한전주,042-611-2506,대전광역시 유성구청,2025-07-16
궁동105,1,대전광역시 유성구 궁동로 44,대전광역시 유성구 궁동 398-2,36.3636754,127.3495929,2020,한전주,042-611-2506,대전광역시 유성구청,2025-07-16
궁동106,1,대전광역시 유성구 궁동로 44,대전광역시 유성구 궁동 398-2,36.3636754,127.3495929,2020,한전주,042-611-2506,대전광역시 유성구청,2025-07-16
궁동107,1,대전광역시 유성구 궁동로 42,대전광역시 유성구 궁동 398-1,36.3636293,127.349415,2020,한전주,042-611-2506,대전광역시 유성구청,2025-07-16
궁동108,1,대전광역시 유성구 궁동로 40,대전광역시 유성구 궁동 397-2,36.3635559,127.3491705,2020,한전주,042-611-2506,대전광역시 유성구청,2025-07-16
궁동109,1,대전광역시 유성구 대학로141번길 54,대전광역시 유성구 궁동 398-16,36.3635121,127.3494048,2020,한전주,042-611-2506,대전광역시 유성구청,2025-07-16
궁동110,1,대전광역시 유성구 대학로141번길 52,대전광역시 유성구 궁동 398-15,36.36339907,127.3494057,2020,한전주,042-611-2506,대전광역시 유성구청,2025-07-16
궁동111,1,대전광역시 유성구 대학로141번길 44,대전광역시 유성구 궁동 398-12,36.3631007,127.3494083,2020,한전주,042-611-2506,대전광역시 유성구청,2025-07-16
궁동113,1,대전광역시 유성구 궁동로18번길 38,대전광역시 유성구 궁동 411-1,36.362683,127.3494117,2020,한전주,042-611-2506,대전광역시 유성구청,2025-07-16
궁동114,1,대전광역시 유성구 대학로141번길 28,대전광역시 유성구 궁동 411-14,36.3623225,127.3494036,2020,한전주,042-611-2506,대전광역시 유성구청,2025-07-16
궁동115,1,대전광역시 유성구 대학로141번길 20,대전광역시 유성구 궁동 411-11,36.361953,127.3494067,2020,한전주,042-611-2506,대전광역시 유성구청,2025-07-16
궁동116,1,대전광역시 유성구 대학로137번길 18,대전광역시 유성구 궁동 412-10,36.3618335,127.3489842,2020,한전주,042-611-2506,대전광역시 유성구청,2025-07-16
궁동117,1,대전광역시 유성구 대학로141번길 12,대전광역시 유성구 궁동 421-1,36.3616376,127.3494093,2020,한전주,042-611-2506,대전광역시 유성구청,2025-07-16
궁동118,1,대전광역시 유성구 대학로141번길 6,대전광역시 유성구 궁동 421-8,36.361286,127.3494011,2020,한전주,042-611-2506,대전광역시 유성구청,2025-07-16
궁동119,1,대전광역시 유성구 궁동로2번길 21,대전광역시 유성구 궁동 419-8,36.3613544,127.3487096,2020,전용주,042-611-2506,대전광역시 유성구청,2025-07-16
궁동120,1,대전광역시 유성구 대학로137번길 9,대전광역시 유성구 궁동 419-7,36.3614535,127.3487088,2020,한전주,042-611-2506,대전광역시 유성구청,2025-07-16
궁동121,1,대전광역시 유성구 대학로137번길 13,대전광역시 유성구 궁동 419-5,36.3616698,127.3486982,2020,한전주,042-611-2506,대전광역시 유성구청,2025-07-16
궁동122,1,대전광역시 유성구 대학로137번길 19,대전광역시 유성구 궁동 419-3,36.3618861,127.348696,2020,한전주,042-611-2506,대전광역시 유성구청,2025-07-16
궁동123,1,대전광역시 유성구 대학로137번길 22,대전광역시 유성구 궁동 412-12,36.3620768,127.3489822,2020,한전주,042-611-2506,대전광역시 유성구청,2025-07-16
궁동124,1,대전광역시 유성구 궁동로18번길 24,대전광역시 유성구 궁동 413-7,36.36270004,127.3486736,2020,한전주,042-611-2506,대전광역시 유성구청,2025-07-16
궁동125,1,대전광역시 유성구 궁동로18번길 30,대전광역시 유성구 궁동 412-1,36.3626897,127.3489882,2020,한전주,042-611-2506,대전광역시 유성구청,2025-07-16
궁동126,1,대전광역시 유성구 궁동로18번길 21-6,대전광역시 유성구 궁동 396-5,36.3630036,127.3487071,2020,한전주,042-611-2506,대전광역시 유성구청,2025-07-16
궁동127,1,대전광역시 유성구 궁동로 36,대전광역시 유성구 궁동 396-1,36.36331212,127.3487146,2020,한전주,042-611-2506,대전광역시 유성구청,2025-07-16
궁동128,1,대전광역시 유성구 궁동로 36,대전광역시 유성구 궁동 396-1,36.36331212,127.3487146,2020,한전주,042-611-2506,대전광역시 유성구청,2025-07-16
궁동129,1,대전광역시 유성구 궁동로 35,대전광역시 유성구 궁동 394,36.3636888,127.3487459,2020,한전주,042-611-2506,대전광역시 유성구청,2025-07-16
궁동131,1,대전광역시 유성구 궁동로 36,대전광역시 유성구 궁동 396-1,36.36331212,127.3487146,2020,한전주,042-611-2506,대전광역시 유성구청,2025-07-16
궁동133,1,대전광역시 유성구 궁동로 28,대전광역시 유성구 궁동 395-7,36.3631089,127.3481825,2020,한전주,042-611-2506,대전광역시 유성구청,2025-07-16
궁동134,1,대전광역시 유성구 궁동로 24,대전광역시 유성구 궁동 395-4,36.3631067,127.3477813,2020,한전주,042-611-2506,대전광역시 유성구청,2025-07-16
궁동136,1,대전광역시 유성구 궁동로 22,대전광역시 유성구 궁동 395-2,36.3631239,127.3476252,2020,한전주,042-611-2506,대전광역시 유성구청,2025-07-16
궁동137,1,대전광역시 유성구 대학로 99,대전광역시 유성구 궁동 220,36.36836824,127.3420015,2020,한전주,042-611-2506,대전광역시 유성구청,2025-07-16
궁동138,1,대전광역시 유성구 궁동로 5,대전광역시 유성구 궁동 395-3,36.36182012,127.346976,2020,한전주,042-611-2506,대전광역시 유성구청,2025-07-16
궁동139,1,대전광역시 유성구 궁동로 20,대전광역시 유성구 궁동 395-15,36.3629975,127.3475928,2020,한전주,042-611-2506,대전광역시 유성구청,2025-07-16
궁동144,1,대전광역시 유성구 궁동로14번길 1,대전광역시 유성구 궁동 413-13,36.3625376,127.3475409,2020,한전주,042-611-2506,대전광역시 유성구청,2025-07-16
궁동145,1,대전광역시 유성구 궁동로14번길 5,대전광역시 유성구 궁동 413-11,36.36253325,127.3478006,2020,한전주,042-611-2506,대전광역시 유성구청,2025-07-16
궁동146,1,대전광역시 유성구 궁동로14번길 13,대전광역시 유성구 궁동 413-8,36.3625322,127.3482022,2020,한전주,042-611-2506,대전광역시 유성구청,2025-07-16
궁동147,1,대전광역시 유성구 궁동로14번길 22,대전광역시 유성구 궁동 414-7,36.3623358,127.3485343,2020,한전주,042-611-2506,대전광역시 유성구청,2025-07-16
궁동148,1,대전광역시 유성구 궁동로10번길 1,대전광역시 유성구 궁동 414-16,36.3621955,127.3475995,2020,한전주,042-611-2506,대전광역시 유성구청,2025-07-16
궁동149,1,대전광역시 유성구 궁동로10번길 1,대전광역시 유성구 궁동 414-16,36.3621955,127.3475995,2020,한전주,042-611-2506,대전광역시 유성구청,2025-07-16
궁동150,1,대전광역시 유성구 궁동로10번길 7,대전광역시 유성구 궁동 414-14,36.362188,127.3478893,2020,한전주,042-611-2506,대전광역시 유성구청,2025-07-16
궁동151,1,대전광역시 유성구 궁동로10번길 19,대전광역시 유성구 궁동 414-10,36.3621916,127.3485355,2020,한전주,042-611-2506,대전광역시 유성구청,2025-07-16
궁동152,1,대전광역시 유성구 궁동로2번길 17-12,대전광역시 유성구 궁동 419-13,36.3618852,127.3485381,2020,한전주,042-611-2506,대전광역시 유성구청,2025-07-16
궁동153,1,대전광역시 유성구 궁동로2번길 17-10,대전광역시 유성구 궁동 419-12,36.3617769,127.3485278,2020,한전주,042-611-2506,대전광역시 유성구청,2025-07-16
궁동154,1,대전광역시 유성구 대학로 127-1,대전광역시 유성구 궁동 418-2,36.36142944,127.3478844,2020,전용주,042-611-2506,대전광역시 유성구청,2025-07-16
궁동155,1,대전광역시 유성구 궁동로2번길 9-5,대전광역시 유성구 궁동 416-4,36.3617643,127.3478705,2020,한전주,042-611-2506,대전광역시 유성구청,2025-07-16
궁동156,1,대전광역시 유성구 궁동로2번길 9-5,대전광역시 유성구 궁동 416-4,36.3617643,127.3478705,2020,한전주,042-611-2506,대전광역시 유성구청,2025-07-16
궁동157,1,대전광역시 유성구 궁동로 5,대전광역시 유성구 궁동 395-3,36.36182012,127.346976,2020,한전주,042-611-2506,대전광역시 유성구청,2025-07-16
궁동158,1,대전광역시 유성구 대학로 127,대전광역시 유성구 궁동 418-1,36.36149365,127.3477279,2020,한전주,042-611-2506,대전광역시 유성구청,2025-07-16
궁동165,1,대전광역시 유성구 한밭대로 378,대전광역시 유성구 궁동 448-1,36.36292079,127.3410999,2020,건축물,042-611-2506,대전광역시 유성구청,2025-07-16
궁동166,1,대전광역시 유성구 대학로81번길 32-31,대전광역시 유성구 궁동 451-1,36.36239613,127.3422603,2020,건축물,042-611-2506,대전광역시 유성구청,2025-07-16
궁동167,1,대전광역시 유성구 대학로81번길 32-21,대전광역시 유성구 궁동 451-4,36.36230152,127.3426401,2020,건축물,042-611-2506,대전광역시 유성구청,2025-07-16
궁동168,1,대전광역시 유성구 대학로81번길 64,대전광역시 유성구 궁동 448-5,36.3624596,127.3415356,2020,건축물,042-611-2506,대전광역시 유성구청,2025-07-16
궁동169,1,대전광역시 유성구 문화원로37번길 40,대전광역시 유성구 궁동 457-2,36.3620787,127.3411042,2020,건축물,042-611-2506,대전광역시 유성구청,2025-07-16
궁동170,1,대전광역시 유성구 대학로75번길 52-17,대전광역시 유성구 궁동 460-12,36.3613223,127.3412109,2020,건축물,042-611-2506,대전광역시 유성구청,2025-07-16
궁동171,1,대전광역시 유성구 대학로75번길 52,대전광역시 유성구 궁동 460-7,36.3607353,127.3409929,2020,건축물,042-611-2506,대전광역시 유성구청,2025-07-16
궁동172,1,대전광역시 유성구 대학로75번길 52-7,대전광역시 유성구 궁동 460-9,36.3609342,127.3411138,2020,건축물,042-611-2506,대전광역시 유성구청,2025-07-16
궁동173,1,대전광역시 유성구 대학로75번길 52-17,대전광역시 유성구 궁동 460-12,36.3613223,127.3412109,2020,건축물,042-611-2506,대전광역시 유성구청,2025-07-16
궁동174,1,대전광역시 유성구 대학로75번길 52-24,대전광역시 유성구 궁동 458-6,36.3616306,127.3415648,2020,건축물,042-611-2506,대전광역시 유성구청,2025-07-16
궁동175,1,대전광역시 유성구 대학로75번길 52-32,대전광역시 유성구 궁동 458-3,36.3619102,127.3415928,2020,건축물,042-611-2506,대전광역시 유성구청,2025-07-16
궁동176,1,대전광역시 유성구 문화원로47번길 47,대전광역시 유성구 궁동 458-13,36.3620647,127.3418286,2020,건축물,042-611-2506,대전광역시 유성구청,2025-07-16
궁동177,1,대전광역시 유성구 문화원로47번길 45,대전광역시 유성구 궁동 458-12,36.3619475,127.3418296,2020,건축물,042-611-2506,대전광역시 유성구청,2025-07-16
궁동178,1,대전광역시 유성구 문화원로47번길 39,대전광역시 유성구 궁동 458-10,36.3617221,127.3418092,2020,건축물,042-611-2506,대전광역시 유성구청,2025-07-16
궁동179,1,대전광역시 유성구 대학로75번길 52-22,대전광역시 유성구 궁동 458-7,36.36148366,127.3415436,2020,건축물,042-611-2506,대전광역시 유성구청,2025-07-16
궁동180,1,대전광역시 유성구 문화원로37번길 24-20,대전광역시 유성구 궁동 461-15,36.3612266,127.3418468,2020,건축물,042-611-2506,대전광역시 유성구청,2025-07-16
궁동181,1,대전광역시 유성구 문화원로47번길 25,대전광역시 유성구 궁동 461-13,36.36110097,127.3417588,2020,건축물,042-611-2506,대전광역시 유성구청,2025-07-16
궁동182,1,대전광역시 유성구 문화원로47번길 21,대전광역시 유성구 궁동 461-12,36.3609105,127.3417269,2020,건축물,042-611-2506,대전광역시 유성구청,2025-07-16
궁동183,1,대전광역시 유성구 문화원로47번길 15,대전광역시 유성구 궁동 461-10,36.36069772,127.3416506,2020,건축물,042-611-2506,대전광역시 유성구청,2025-07-16
궁동184,1,대전광역시 유성구 대학로75번길 46,대전광역시 유성구 궁동 461-7,36.3605484,127.3414291,2020,건축물,042-611-2506,대전광역시 유성구청,2025-07-16
궁동185,1,대전광역시 유성구 대학로75번길 49,대전광역시 유성구 궁동 462-3,36.3604742,127.3410509,2020,건축물,042-611-2506,대전광역시 유성구청,2025-07-16
궁동186,1,대전광역시 유성구 대학로75번길 37,대전광역시 유성구 궁동 471-1,36.36019993,127.3416547,2020,건축물,042-611-2506,대전광역시 유성구청,2025-07-16
궁동187,1,대전광역시 유성구 대학로75번길 34,대전광역시 유성구 궁동 474-11,36.3603713,127.3419988,2020,건축물,042-611-2506,대전광역시 유성구청,2025-07-16
궁동188,1,대전광역시 유성구 대학로75번길 25,대전광역시 유성구 궁동 471-5,36.3600395,127.3423025,2020,건축물,042-611-2506,대전광역시 유성구청,2025-07-16
궁동189,1,대전광역시 유성구 대학로75번길 17,대전광역시 유성구 궁동 471-7,36.3599691,127.3426151,2020,건축물,042-611-2506,대전광역시 유성구청,2025-07-16
궁동190,1,대전광역시 유성구 대학로75번길 10,대전광역시 유성구 궁동 480-4,36.360252,127.343259,2020,건축물,042-611-2506,대전광역시 유성구청,2025-07-16
궁동191,1,대전광역시 유성구 대학로75번길 24,대전광역시 유성구 궁동 474-6,36.3603471,127.3425228,2020,건축물,042-611-2506,대전광역시 유성구청,2025-07-16
궁동192,1,대전광역시 유성구 대학로75번길 12-16,대전광역시 유성구 궁동 480-2,36.3606407,127.3434563,2020,건축물,042-611-2506,대전광역시 유성구청,2025-07-16
궁동193,1,대전광역시 유성구 문화원로38번길 27,대전광역시 유성구 궁동 465-10,36.3594082,127.3405807,2020,건축물,042-611-2506,대전광역시 유성구청,2025-07-16
궁동194,1,대전광역시 유성구 문화원로46번길 24,대전광역시 유성구 궁동 468-13,36.3594843,127.3413155,2020,전용주,042-611-2506,대전광역시 유성구청,2025-07-16
궁동195,1,대전광역시 유성구 문화원로47번길 20-1,대전광역시 유성구 궁동 475-7,36.3606926,127.342163,2020,건축물,042-611-2506,대전광역시 유성구청,2025-07-16
궁동196,1,대전광역시 유성구 문화원로47번길 35,대전광역시 유성구 궁동 458-14,36.3614791,127.341867,2020,건축물,042-611-2506,대전광역시 유성구청,2025-07-16
궁동197,1,대전광역시 유성구 대학로75번길 52-29,대전광역시 유성구 궁동 457-11,36.3618904,127.3412841,2020,건축물,042-611-2506,대전광역시 유성구청,2025-07-16
궁동198,1,대전광역시 유성구 대학로81번길 59,대전광역시 유성구 궁동 458-1,36.3621267,127.3416386,2020,건축물,042-611-2506,대전광역시 유성구청,2025-07-16
궁동200,1,대전광역시 유성구 대학로163번길 58,대전광역시 유성구 궁동 6-12,36.36302155,127.3517267,2020,한전주,042-611-2506,대전광역시 유성구청,2025-07-16
궁동201,1,,대전광역시 유성구 궁동 248-3,36.3639486,127.3408549,2020,한전주,042-611-2506,대전광역시 유성구청,2025-07-16
궁동202,1,,대전광역시 유성구 궁동 248-3,36.3639486,127.3408549,2020,한전주,042-611-2506,대전광역시 유성구청,2025-07-16
궁동203,1,,대전광역시 유성구 궁동 248-3,36.3639486,127.3408549,2020,한전주,042-611-2506,대전광역시 유성구청,2025-07-16
궁동204,1,대전광역시 유성구 대학로 181,대전광역시 유성구 궁동 432-13,36.3606952,127.3534508,2020,건축물,042-611-2506,대전광역시 유성구청,2025-07-16
궁동205,1,대전광역시 유성구 궁동로 74,대전광역시 유성구 궁동 1-36,36.3638457,127.3527561,2020,한전주,042-611-2506,대전광역시 유성구청,2025-07-16
궁동206,1,대전광역시 유성구 대학로179번길 10,대전광역시 유성구 궁동 433-14,36.3612607,127.353045,2020,한전주,042-611-2506,대전광역시 유성구청,2025-07-16
궁동207,1,대전광역시 유성구 대학로 163,대전광역시 유성구 궁동 424-9,36.3605579,127.3514128,2020,건축물,042-611-2506,대전광역시 유성구청,2025-07-16
궁동208,1,대전광역시 유성구 문화원로47번길 42,대전광역시 유성구 궁동 475-2,36.3618323,127.342176,2020,한전주,042-611-2506,대전광역시 유성구청,2025-07-16
대동001,1,,대전광역시 유성구 대동 산 13-2,36.4842737,127.389306,2020,한전주,042-611-2506,대전광역시 유성구청,2025-07-16
대동002,1,,대전광역시 유성구 대동 산 13-2,36.4842737,127.389306,2020,한전주,042-611-2506,대전광역시 유성구청,2025-07-16
대동003,1,대전광역시 유성구 대금로 234,대전광역시 유성구 대동 536-4,36.48541043,127.3939532,2020,한전주,042-611-2506,대전광역시 유성구청,2025-07-16
대동004,1,대전광역시 유성구 대금로 234,대전광역시 유성구 대동 536-4,36.4854769,127.3939532,2020,한전주,042-611-2506,대전광역시 유성구청,2025-07-16
대동005,1,대전광역시 유성구 대금로 232,대전광역시 유성구 대동 530,36.48552926,127.3941248,2020,한전주,042-611-2506,대전광역시 유성구청,2025-07-16
대동006,1,대전광역시 유성구 대금로 232-16,대전광역시 유성구 대동 534,36.4860862,127.3939002,2020,한전주,042-611-2506,대전광역시 유성구청,2025-07-16
대동007,1,대전광역시 유성구 대금로 230,대전광역시 유성구 대동 529-5,36.48546812,127.3944392,2020,한전주,042-611-2506,대전광역시 유성구청,2025-07-16
대동008,1,대전광역시 유성구 대금로 228-15,대전광역시 유성구 대동 528-1,36.4860451,127.3945369,2020,건축물,042-611-2506,대전광역시 유성구청,2025-07-16
대동009,1,대전광역시 유성구 대금로 228-11,대전광역시 유성구 대동 532-1,36.48601298,127.3942678,2020,한전주,042-611-2506,대전광역시 유성구청,2025-07-16
대동010,1,대전광역시 유성구 대금로 222-2,대전광역시 유성구 대동 527-1,36.48593256,127.3951507,2020,한전주,042-611-2506,대전광역시 유성구청,2025-07-16
대동011,1,대전광역시 유성구 대금로 224,대전광역시 유성구 대동 527-8,36.485535,127.3950466,2020,한전주,042-611-2506,대전광역시 유성구청,2025-07-16
대동012,1,대전광역시 유성구 대금로 224-6,대전광역시 유성구 대동 528-5,36.4857428,127.3949908,2020,한전주,042-611-2506,대전광역시 유성구청,2025-07-16
대동013,1,대전광역시 유성구 대금로 224-6,대전광역시 유성구 대동 528-5,36.48574971,127.3949908,2020,한전주,042-611-2506,대전광역시 유성구청,2025-07-16
대동014,1,대전광역시 유성구 대금로 228-15,대전광역시 유성구 대동 528-1,36.48600281,127.3945369,2020,건축물,042-611-2506,대전광역시 유성구청,2025-07-16
대동015,1,대전광역시 유성구 대금로 222-1,대전광역시 유성구 대동 528-2,36.48572935,127.3952063,2020,한전주,042-611-2506,대전광역시 유성구청,2025-07-16
대동016,1,대전광역시 유성구 대금로 220,대전광역시 유성구 대동 527-3,36.48557829,127.395540,2020,한전주,042-611-2506,대전광역시 유성구청,2025-07-16
대동017,1,대전광역시 유성구 대금로 211,대전광역시 유성구 대동 502-12,36.48546385,127.3963177,2020,한전주,042-611-2506,대전광역시 유성구청,2025-07-16
대동018,1,대전광역시 유성구 대금로212번길 7,대전광역시 유성구 대동 526-4,36.48602057,127.3963568,2020,한전주,042-611-2506,대전광역시 유성구청,2025-07-16
대동019,1,대전광역시 유성구 대금로212번길 25,대전광역시 유성구 대동 526-1,36.48664406,127.3966589,2020,한전주,042-611-2506,대전광역시 유성구청,2025-07-16
대동020,1,대전광역시 유성구 대금로212번길 37,대전광역시 유성구 대동 522-1,36.48723052,127.3965542,2020,한전주,042-611-2506,대전광역시 유성구청,2025-07-16
대동021,1,대전광역시 유성구 대금로212번길 35-36,대전광역시 유성구 대동 515-8,36.48730088,127.3953653,2020,한전주,042-611-2506,대전광역시 유성구청,2025-07-16
대동022,1,대전광역시 유성구 대금로212번길 35-44,대전광역시 유성구 대동 514-1,36.48776395,127.3949948,2020,한전주,042-611-2506,대전광역시 유성구청,2025-07-16
대동023,1,,대전광역시 유성구 대동 642-7,36.48429193,127.3973843,2020,한전주,042-611-2506,대전광역시 유성구청,2025-07-16
대동024,1,대전광역시 유성구 대금로 188,대전광역시 유성구 대동 63-1,36.48368382,127.3974035,2020,한전주,042-611-2506,대전광역시 유성구청,2025-07-16
대동025,1,대전광역시 유성구 대금로 175,대전광역시 유성구 대동 477-6,36.48260058,127.396795,2020,한전주,042-611-2506,대전광역시 유성구청,2025-07-16
대동026,1,대전광역시 유성구 대금로 151-4,대전광역시 유성구 대동 383-1,36.48091803,127.3955216,2020,한전주,042-611-2506,대전광역시 유성구청,2025-07-16
대동027,1,대전광역시 유성구 대금로 151-10,대전광역시 유성구 대동 91,36.48070883,127.3952895,2020,한전주,042-611-2506,대전광역시 유성구청,2025-07-16
대동028,1,대전광역시 유성구 대금로153번길 15,대전광역시 유성구 대동 464-4,36.48158387,127.395094,2020,한전주,042-611-2506,대전광역시 유성구청,2025-07-16
대동029,1,대전광역시 유성구 대금로153번길 30,대전광역시 유성구 대동 459,36.4819406,127.3947727,2020,건축물,042-611-2506,대전광역시 유성구청,2025-07-16
대동030,1,대전광역시 유성구 대금로153번길 22,대전광역시 유성구 대동 465-1,36.48193185,127.3949698,2020,건축물,042-611-2506,대전광역시 유성구청,2025-07-16
대동031,1,대전광역시 유성구 대금로153번길 24-12,대전광역시 유성구 대동 466,36.48234323,127.3952434,2020,한전주,042-611-2506,대전광역시 유성구청,2025-07-16
대동032,1,대전광역시 유성구 대금로153번길 37,대전광역시 유성구 대동 461,36.48176042,127.3942706,2020,한전주,042-611-2506,대전광역시 유성구청,2025-07-16
대동033,1,대전광역시 유성구 대금로153번길 36-10,대전광역시 유성구 대동 438,36.48226861,127.3939624,2020,한전주,042-611-2506,대전광역시 유성구청,2025-07-16
대동034,1,대전광역시 유성구 대금로153번길 36-14,대전광역시 유성구 대동 436,36.48236267,127.3942972,2020,건축물,042-611-2506,대전광역시 유성구청,2025-07-16
대동035,1,대전광역시 유성구 대금로153번길 52-7,대전광역시 유성구 대동 422-1,36.48151424,127.3935834,2020,한전주,042-611-2506,대전광역시 유성구청,2025-07-16
대동036,1,대전광역시 유성구 대금로153번길 52-29,대전광역시 유성구 대동 429,36.4822876,127.3928212,2020,한전주,042-611-2506,대전광역시 유성구청,2025-07-16
대동037,1,대전광역시 유성구 대금로153번길 52-77,대전광역시 유성구 대동 450-1,36.4839355,127.3939273,2020,한전주,042-611-2506,대전광역시 유성구청,2025-07-16
대동038,1,대전광역시 유성구 대금로153번길 56,대전광역시 유성구 대동 422,36.4811222,127.3937879,2020,한전주,042-611-2506,대전광역시 유성구청,2025-07-16
대동039,1,대전광역시 유성구 대금로153번길 56,대전광역시 유성구 대동 422,36.48114361,127.3937713,2020,한전주,042-611-2506,대전광역시 유성구청,2025-07-16
대동040,1,대전광역시 유성구 대금로153번길 70-5,대전광역시 유성구 대동 423-1,36.48135097,127.3932518,2020,한전주,042-611-2506,대전광역시 유성구청,2025-07-16
대동041,1,대전광역시 유성구 대금로153번길 76,대전광역시 유성구 대동 423,36.48141259,127.3930391,2020,한전주,042-611-2506,대전광역시 유성구청,2025-07-16
대동042,1,대전광역시 유성구 대금로153번길 87,대전광역시 유성구 대동 427,36.48173403,127.3921623,2020,한전주,042-611-2506,대전광역시 유성구청,2025-07-16
대동043,1,대전광역시 유성구 대금로153번길 93,대전광역시 유성구 대동 428-2,36.4818881,127.3924447,2020,건축물,042-611-2506,대전광역시 유성구청,2025-07-16
대동044,1,대전광역시 유성구 대금로153번길 69-13,대전광역시 유성구 대동 418,36.48049495,127.3925971,2020,한전주,042-611-2506,대전광역시 유성구청,2025-07-16
대동045,1,,대전광역시 유성구 대동 711,36.47939497,127.3955643,2020,한전주,042-611-2506,대전광역시 유성구청,2025-07-16
대동046,1,대전광역시 유성구 대금로101번길 67,대전광역시 유성구 대동 406,36.47909921,127.3938659,2020,한전주,042-611-2506,대전광역시 유성구청,2025-07-16
대동047,1,대전광역시 유성구 대금로101번길 63,대전광역시 유성구 대동 407,36.47888941,127.3936515,2020,한전주,042-611-2506,대전광역시 유성구청,2025-07-16
대동048,1,대전광역시 유성구 대금로101번길 65-10,대전광역시 유성구 대동 410,36.47929278,127.3935596,2020,한전주,042-611-2506,대전광역시 유성구청,2025-07-16
대동049,1,대전광역시 유성구 대금로101번길 59-2,대전광역시 유성구 대동 408,36.47891488,127.3934947,2020,한전주,042-611-2506,대전광역시 유성구청,2025-07-16
대동050,1,대전광역시 유성구 대금로101번길 59-13,대전광역시 유성구 대동 413,36.47911065,127.3930226,2020,한전주,042-611-2506,대전광역시 유성구청,2025-07-16
대동051,1,대전광역시 유성구 대금로101번길 59-13,대전광역시 유성구 대동 413,36.47911065,127.3930185,2020,건축물,042-611-2506,대전광역시 유성구청,2025-07-16
대동052,1,대전광역시 유성구 대금로101번길 55,대전광역시 유성구 대동 403-1,36.47845367,127.3935777,2020,한전주,042-611-2506,대전광역시 유성구청,2025-07-16
대동053,1,대전광역시 유성구 대금로 103,대전광역시 유성구 대동 334-3,36.47680384,127.3951038,2020,한전주,042-611-2506,대전광역시 유성구청,2025-07-16
대동054,1,대전광역시 유성구 대금로 102-67,대전광역시 유성구 대동 208-1,36.47590417,127.3986496,2020,한전주,042-611-2506,대전광역시 유성구청,2025-07-16
대동055,1,대전광역시 유성구 대금로 102-67,대전광역시 유성구 대동 208-1,36.47590417,127.3986673,2020,한전주,042-611-2506,대전광역시 유성구청,2025-07-16
대동056,1,대전광역시 유성구 대금로 107,대전광역시 유성구 대동 252,36.4770641,127.3952096,2020,한전주,042-611-2506,대전광역시 유성구청,2025-07-16
대동057,1,대전광역시 유성구 대금로 111,대전광역시 유성구 대동 252-4,36.47735405,127.3951691,2020,한전주,042-611-2506,대전광역시 유성구청,2025-07-16
대동058,1,,대전광역시 유성구 대동 711,36.47939497,127.3955643,2020,한전주,042-611-2506,대전광역시 유성구청,2025-07-16
대동059,1,대전광역시 유성구 대금로 87,대전광역시 유성구 대동 327-6,36.4753993,127.3947305,2020,한전주,042-611-2506,대전광역시 유성구청,2025-07-16
대동060,1,대전광역시 유성구 대금로 77,대전광역시 유성구 대동 323,36.47544828,127.3937803,2020,한전주,042-611-2506,대전광역시 유성구청,2025-07-16
대동061,1,대전광역시 유성구 대금로 93-17,대전광역시 유성구 대동 322-2,36.4762287214,127.3943363495,2020,한전주,042-611-2506,대전광역시 유성구청,2025-07-16
대동062,1,대전광역시 유성구 대금로 77,대전광역시 유성구 대동 323,36.47544828,127.3937656,2020,한전주,042-611-2506,대전광역시 유성구청,2025-07-16
대동063,1,대전광역시 유성구 대금로 77,대전광역시 유성구 대동 323,36.47544828,127.3937656,2020,한전주,042-611-2506,대전광역시 유성구청,2025-07-16
대동064,1,대전광역시 유성구 대금로 77,대전광역시 유성구 대동 323,36.47544828,127.3937803,2020,한전주,042-611-2506,대전광역시 유성구청,2025-07-16
대동065,1,,대전광역시 유성구 금고동 228,36.4710225,127.3873861,2020,한전주,042-611-2506,대전광역시 유성구청,2025-07-16
대동069,1,대전광역시 유성구 대금로212번길 15,대전광역시 유성구 대동 526-10,36.48632538,127.3964267,2020,한전주,042-611-2506,대전광역시 유성구청,2025-07-16
대동071,1,,대전광역시 유성구 대동 716,36.47826318,127.4006376,2020,한전주,042-611-2506,대전광역시 유성구청,2025-07-16
대동072,1,,대전광역시 유성구 대동 318,36.47751265,127.3945431,2020,한전주,042-611-2506,대전광역시 유성구청,2025-07-16
대동073,1,대전광역시 유성구 대금로101번길 65-3,대전광역시 유성구 대동 408,36.47898596,127.3937213,2020,한전주,042-611-2506,대전광역시 유성구청,2025-07-16
대동074,1,대전광역시 유성구 대금로153번길 52-75,대전광역시 유성구 대동 450-1,36.48388598,127.3938333,2020,한전주,042-611-2506,대전광역시 유성구청,2025-07-16
대동075,1,,대전광역시 유성구 대동 90,36.48090652,127.3960478,2020,한전주,042-611-2506,대전광역시 유성구청,2025-07-16
대동076,1,,대전광역시 유성구 대동 272-2,36.47578613,127.3966462,2020,한전주,042-611-2506,대전광역시 유성구청,2025-07-16
대동077,1,,대전광역시 유성구 대동 389,36.48010389,127.3943759,2020,한전주,042-611-2506,대전광역시 유성구청,2025-07-16
대동078,1,,대전광역시 유성구 대동 400-1,36.47847938,127.3941295,2020,한전주,042-611-2506,대전광역시 유성구청,2025-07-16
대동079,1,,대전광역시 유성구 대동 464-8,36.48107019,127.3953453,2020,한전주,042-611-2506,대전광역시 유성구청,2025-07-16
방동001,1,대전광역시 유성구 세점길 912,대전광역시 유성구 방동 31-12,36.28373488,127.3117209,2020,한전주,042-611-2506,대전광역시 유성구청,2025-07-16
방동002,1,,대전광역시 유성구 방동 산 14-1,36.28552245,127.3085755,2020,한전주,042-611-2506,대전광역시 유성구청,2025-07-16
방동003,1,,대전광역시 유성구 방동 산 14-1,36.28552245,127.3085755,2020,한전주,042-611-2506,대전광역시 유성구청,2025-07-16
방동004,1,,대전광역시 유성구 방동 산 14-1,36.28552245,127.3085755,2020,한전주,042-611-2506,대전광역시 유성구청,2025-07-16
방동005,1,,대전광역시 유성구 방동 산 14-1,36.28552245,127.3085508,2020,한전주,042-611-2506,대전광역시 유성구청,2025-07-16
방동006,1,대전광역시 유성구 성북로 24,대전광역시 유성구 방동 19-10,36.28518997,127.308474,2020,한전주,042-611-2506,대전광역시 유성구청,2025-07-16
방동007,1,대전광역시 유성구 성북로 28,대전광역시 유성구 방동 19-11,36.2853321,127.3082189,2020,한전주,042-611-2506,대전광역시 유성구청,2025-07-16
방동008,1,대전광역시 유성구 성북로 28,대전광역시 유성구 방동 19-11,36.2853321,127.3082189,2020,한전주,042-611-2506,대전광역시 유성구청,2025-07-16
방동009,1,대전광역시 유성구 성북로 28,대전광역시 유성구 방동 19-11,36.2853496,127.3082189,2020,한전주,042-611-2506,대전광역시 유성구청,2025-07-16
방동010,1,대전광역시 유성구 성북로 58,대전광역시 유성구 방동 161-4,36.28780843,127.3070501,2020,한전주,042-611-2506,대전광역시 유성구청,2025-07-16
방동011,1,대전광역시 유성구 성북로 58,대전광역시 유성구 방동 161-4,36.28780843,127.3070501,2020,한전주,042-611-2506,대전광역시 유성구청,2025-07-16
방동012,1,대전광역시 유성구 성북로 58,대전광역시 유성구 방동 161-4,36.28780843,127.3070501,2020,한전주,042-611-2506,대전광역시 유성구청,2025-07-16
방동013,1,대전광역시 유성구 성북로 60,대전광역시 유성구 방동 161-8,36.28791449,127.306807,2020,한전주,042-611-2506,대전광역시 유성구청,2025-07-16
방동014,1,대전광역시 유성구 성북로 64,대전광역시 유성구 방동 165-1,36.28821826,127.3064637,2020,건축물,042-611-2506,대전광역시 유성구청,2025-07-16
방동015,1,대전광역시 유성구 성북로 64,대전광역시 유성구 방동 165-1,36.28821826,127.3064637,2020,한전주,042-611-2506,대전광역시 유성구청,2025-07-16
방동016,1,,대전광역시 유성구 방동 176-1,36.2885866,127.3059429,2020,한전주,042-611-2506,대전광역시 유성구청,2025-07-16
방동017,1,,대전광역시 유성구 방동 176-1,36.2885866,127.3059383,2020,건축물,042-611-2506,대전광역시 유성구청,2025-07-16
방동018,1,대전광역시 유성구 성북로 72,대전광역시 유성구 방동 151-6,36.2887697,127.3057523,2020,한전주,042-611-2506,대전광역시 유성구청,2025-07-16
방동019,1,대전광역시 유성구 성북로 72,대전광역시 유성구 방동 151-6,36.28879908,127.305793,2020,건축물,042-611-2506,대전광역시 유성구청,2025-07-16
방동020,1,대전광역시 유성구 성북로 78,대전광역시 유성구 방동 151-2,36.28893729,127.3054188,2020,건축물,042-611-2506,대전광역시 유성구청,2025-07-16
방동021,1,대전광역시 유성구 성북로 88,대전광역시 유성구 방동 133-2,36.28954504,127.3045734,2020,한전주,042-611-2506,대전광역시 유성구청,2025-07-16
방동022,1,대전광역시 유성구 성북로 80,대전광역시 유성구 방동 181-2,36.28921001,127.3052364,2020,건축물,042-611-2506,대전광역시 유성구청,2025-07-16
방동023,1,대전광역시 유성구 성북로 80,대전광역시 유성구 방동 181-2,36.28921001,127.3052353,2020,한전주,042-611-2506,대전광역시 유성구청,2025-07-16
방동024,1,대전광역시 유성구 성북로 80-10,대전광역시 유성구 방동 181-1,36.28935631,127.3052888,2020,한전주,042-611-2506,대전광역시 유성구청,2025-07-16
방동025,1,대전광역시 유성구 성북로 80-19,대전광역시 유성구 방동 139-1,36.28981527,127.3050486,2020,건축물,042-611-2506,대전광역시 유성구청,2025-07-16
방동026,1,대전광역시 유성구 성북로 80-13,대전광역시 유성구 방동 139,36.28963414,127.3051857,2020,한전주,042-611-2506,대전광역시 유성구청,2025-07-16
방동027,1,대전광역시 유성구 성북로 80-35,대전광역시 유성구 방동 136,36.29000169,127.3058026,2020,한전주,042-611-2506,대전광역시 유성구청,2025-07-16
방동028,1,대전광역시 유성구 성북로 80-3,대전광역시 유성구 방동 143,36.28956286,127.3048683,2020,건축물,042-611-2506,대전광역시 유성구청,2025-07-16
방동029,1,대전광역시 유성구 성북로 84,대전광역시 유성구 방동 145-1,36.2893577556,127.3046876115,2020,한전주,042-611-2506,대전광역시 유성구청,2025-07-16
방동030,1,대전광역시 유성구 성북로 84,대전광역시 유성구 방동 145-1,36.2893577556,127.3046876115,2020,한전주,042-611-2506,대전광역시 유성구청,2025-07-16
방동031,1,대전광역시 유성구 성북로 84,대전광역시 유성구 방동 145-1,36.2893577556,127.3046876115,2020,한전주,042-611-2506,대전광역시 유성구청,2025-07-16
방동032,1,대전광역시 유성구 성북로 84,대전광역시 유성구 방동 145-1,36.2893577556,127.3046876115,2020,한전주,042-611-2506,대전광역시 유성구청,2025-07-16
방동033,1,대전광역시 유성구 성북로 84,대전광역시 유성구 방동 145-1,36.2893577556,127.3046876115,2020,한전주,042-611-2506,대전광역시 유성구청,2025-07-16
방동034,1,대전광역시 유성구 성북로 88,대전광역시 유성구 방동 133-2,36.28954504,127.3045734,2020,한전주,042-611-2506,대전광역시 유성구청,2025-07-16
방동035,1,대전광역시 유성구 세점길 949,대전광역시 유성구 방동 43-6,36.2824386,127.3096821,2020,한전주,042-611-2506,대전광역시 유성구청,2025-07-16
방동036,1,대전광역시 유성구 세점길 949,대전광역시 유성구 방동 43-6,36.28247776,127.3096254,2020,한전주,042-611-2506,대전광역시 유성구청,2025-07-16
방동037,1,대전광역시 유성구 세점길 912,대전광역시 유성구 방동 31-12,36.28373488,127.3117783,2020,한전주,042-611-2506,대전광역시 유성구청,2025-07-16
방동038,1,대전광역시 유성구 세점길 912,대전광역시 유성구 방동 31-12,36.28373488,127.3117209,2020,한전주,042-611-2506,대전광역시 유성구청,2025-07-16
방동039,1,대전광역시 유성구 세점길 888,대전광역시 유성구 방동 31-6,36.28273534,127.3122182,2020,한전주,042-611-2506,대전광역시 유성구청,2025-07-16
방동040,1,,대전광역시 서구 봉곡동 산 1-19,36.28233066,127.311795,2020,한전주,042-611-2506,대전광역시 유성구청,2025-07-16
방동041,1,대전광역시 유성구 계백로556번길 11-10,대전광역시 유성구 방동 99,36.27992552,127.3016153,2020,한전주,042-611-2506,대전광역시 유성구청,2025-07-16
방동042,1,대전광역시 유성구 계백로556번길 31-25,대전광역시 유성구 방동 100-2,36.27944876,127.3014723,2020,한전주,042-611-2506,대전광역시 유성구청,2025-07-16
방동043,1,대전광역시 유성구 계백로556번길 31-16,대전광역시 유성구 방동 83,36.27916094,127.301370,2020,한전주,042-611-2506,대전광역시 유성구청,2025-07-16
방동044,1,대전광역시 유성구 계백로556번길 31-25,대전광역시 유성구 방동 100-2,36.27944876,127.3014846,2020,건축물,042-611-2506,대전광역시 유성구청,2025-07-16
방동045,1,대전광역시 유성구 계백로556번길 31-8,대전광역시 유성구 방동 286-1,36.27889148,127.3011931,2020,한전주,042-611-2506,대전광역시 유성구청,2025-07-16
방동046,1,대전광역시 유성구 계백로556번길 39,대전광역시 유성구 방동 286-2,36.27874916,127.3008439,2020,한전주,042-611-2506,대전광역시 유성구청,2025-07-16
방동047,1,대전광역시 유성구 계백로556번길 47-7,대전광역시 유성구 방동 288-1,36.27833977,127.3010884,2020,건축물,042-611-2506,대전광역시 유성구청,2025-07-16
방동048,1,대전광역시 유성구 계백로556번길 64,대전광역시 유성구 방동 289-1,36.27783046,127.3003538,2020,한전주,042-611-2506,대전광역시 유성구청,2025-07-16
방동049,1,대전광역시 유성구 계백로556번길 66-15,대전광역시 유성구 방동 279,36.27805439,127.2995335,2020,한전주,042-611-2506,대전광역시 유성구청,2025-07-16
방동050,1,대전광역시 유성구 계백로556번길 66-3,대전광역시 유성구 방동 285-3,36.2776404,127.2997734,2020,한전주,042-611-2506,대전광역시 유성구청,2025-07-16
방동051,1,대전광역시 유성구 계백로556번길 66-3,대전광역시 유성구 방동 285-3,36.27762941,127.299743,2020,건축물,042-611-2506,대전광역시 유성구청,2025-07-16
방동052,1,대전광역시 유성구 계백로556번길 66-3,대전광역시 유성구 방동 285-3,36.27762941,127.299743,2020,한전주,042-611-2506,대전광역시 유성구청,2025-07-16
방동053,1,대전광역시 유성구 계백로556번길 31-15,대전광역시 유성구 방동 산 61-55,36.27957585,127.301725,2020,한전주,042-611-2506,대전광역시 유성구청,2025-07-16
방동054,1,대전광역시 유성구 계백로556번길 117,대전광역시 유성구 방동 294-1,36.27580371,127.2993015,2020,한전주,042-611-2506,대전광역시 유성구청,2025-07-16
방동055,1,대전광역시 유성구 계백로556번길 121,대전광역시 유성구 방동 294-2,36.2759933,127.2989872,2020,한전주,042-611-2506,대전광역시 유성구청,2025-07-16
방동056,1,대전광역시 유성구 계백로556번길 126,대전광역시 유성구 방동 281-2,36.27623986,127.2988429,2020,한전주,042-611-2506,대전광역시 유성구청,2025-07-16
방동057,1,대전광역시 유성구 계백로555번길 16,대전광역시 유성구 방동 253-2,36.28061361,127.2995948,2020,한전주,042-611-2506,대전광역시 유성구청,2025-07-16
방동058,1,대전광역시 유성구 계백로555번길 20,대전광역시 유성구 방동 253-4,36.2807558,127.2993872,2020,한전주,042-611-2506,대전광역시 유성구청,2025-07-16
방동059,1,대전광역시 유성구 계백로555번길 20,대전광역시 유성구 방동 253-4,36.2807558,127.2993872,2020,한전주,042-611-2506,대전광역시 유성구청,2025-07-16
방동060,1,대전광역시 유성구 계백로555번길 44-23,대전광역시 유성구 방동 230-1,36.28255537,127.297873,2020,한전주,042-611-2506,대전광역시 유성구청,2025-07-16
방동061,1,대전광역시 유성구 성북로 132,대전광역시 유성구 방동 211-3,36.29250611,127.3014779,2020,한전주,042-611-2506,대전광역시 유성구청,2025-07-16
방동062,1,대전광역시 유성구 성북로 132,대전광역시 유성구 방동 211-3,36.29250611,127.3014624,2020,한전주,042-611-2506,대전광역시 유성구청,2025-07-16
방동063,1,대전광역시 유성구 성북로 132,대전광역시 유성구 방동 211-3,36.29250611,127.3014624,2020,한전주,042-611-2506,대전광역시 유성구청,2025-07-16
방동064,1,대전광역시 유성구 성북로 132,대전광역시 유성구 방동 211-3,36.29250611,127.3014624,2020,한전주,042-611-2506,대전광역시 유성구청,2025-07-16
방동065,1,대전광역시 유성구 계백로555번길 71-1,대전광역시 유성구 방동 264-1,36.28088894,127.2969131,2020,한전주,042-611-2506,대전광역시 유성구청,2025-07-16
방동066,1,대전광역시 유성구 계백로555번길 71-14,대전광역시 유성구 방동 241,36.28135203,127.2963085,2020,건축물,042-611-2506,대전광역시 유성구청,2025-07-16
방동067,1,대전광역시 유성구 계백로555번길 71-16,대전광역시 유성구 방동 242,36.28146614,127.2960077,2020,한전주,042-611-2506,대전광역시 유성구청,2025-07-16
방동068,1,대전광역시 유성구 계백로555번길 71-31,대전광역시 유성구 방동 268,36.28088707,127.2957401,2020,한전주,042-611-2506,대전광역시 유성구청,2025-07-16
방동069,1,대전광역시 유성구 계백로555번길 90,대전광역시 유성구 방동 234-4,36.2821942,127.2957923,2020,한전주,042-611-2506,대전광역시 유성구청,2025-07-16
방동070,1,대전광역시 유성구 계백로555번길 120,대전광역시 유성구 방동 503,36.28221467,127.2945474,2020,한전주,042-611-2506,대전광역시 유성구청,2025-07-16
방동071,1,대전광역시 유성구 계백로555번길 132,대전광역시 유성구 방동 501,36.28222724,127.2941628,2020,한전주,042-611-2506,대전광역시 유성구청,2025-07-16
방동072,1,대전광역시 유성구 계백로555번길 134,대전광역시 유성구 방동 500,36.2821162,127.2938201,2020,한전주,042-611-2506,대전광역시 유성구청,2025-07-16
방동073,1,대전광역시 유성구 계백로555번길 133-9,대전광역시 유성구 방동 492,36.28166971,127.2934178,2020,한전주,042-611-2506,대전광역시 유성구청,2025-07-16
방동074,1,대전광역시 유성구 계백로555번길 149,대전광역시 유성구 방동 493-5,36.2819523519,127.2931913316,2020,한전주,042-611-2506,대전광역시 유성구청,2025-07-16
방동075,1,대전광역시 유성구 계백로555번길 71-31,대전광역시 유성구 방동 268,36.28088707,127.2957401,2020,한전주,042-611-2506,대전광역시 유성구청,2025-07-16
방동076,1,대전광역시 유성구 계백로555번길 44-23,대전광역시 유성구 방동 230-1,36.28255537,127.297873,2020,한전주,042-611-2506,대전광역시 유성구청,2025-07-16
방동077,1,대전광역시 유성구 계백로555번길 44-23,대전광역시 유성구 방동 230-1,36.28255537,127.297873,2020,한전주,042-611-2506,대전광역시 유성구청,2025-07-16
방동078,1,대전광역시 유성구 계백로555번길 76-58,대전광역시 유성구 방동 225-2,36.28364829,127.2978196,2020,한전주,042-611-2506,대전광역시 유성구청,2025-07-16
방동079,1,대전광역시 유성구 계백로421번길 8,대전광역시 유성구 방동 360-6,36.2716685618,127.2906948238,2020,한전주,042-611-2506,대전광역시 유성구청,2025-07-16
방동080,1,대전광역시 유성구 계백로421번길 18,대전광역시 유성구 방동 359-5,36.27201644,127.2900571,2020,한전주,042-611-2506,대전광역시 유성구청,2025-07-16
방동081,1,대전광역시 유성구 계백로421번길 29,대전광역시 유성구 방동 445-2,36.27214473,127.2893684,2020,한전주,042-611-2506,대전광역시 유성구청,2025-07-16
방동082,1,대전광역시 유성구 계백로421번길 48,대전광역시 유성구 방동 456-7,36.27315477,127.2890755,2020,한전주,042-611-2506,대전광역시 유성구청,2025-07-16
방동083,1,대전광역시 유성구 계백로421번길 53-16,대전광역시 유성구 방동 449,36.273678,127.2882035,2020,한전주,042-611-2506,대전광역시 유성구청,2025-07-16
방동084,1,대전광역시 유성구 계백로421번길 53-40,대전광역시 유성구 방동 451-5,36.27450936,127.2882128,2020,한전주,042-611-2506,대전광역시 유성구청,2025-07-16
방동085,1,대전광역시 유성구 계백로421번길 53-40,대전광역시 유성구 방동 451-5,36.27450936,127.2882128,2020,건축물,042-611-2506,대전광역시 유성구청,2025-07-16
방동086,1,대전광역시 유성구 계백로421번길 53-16,대전광역시 유성구 방동 449,36.273678,127.2882924,2020,한전주,042-611-2506,대전광역시 유성구청,2025-07-16
방동087,1,대전광역시 유성구 계백로421번길 53-74,대전광역시 유성구 방동 587-3,36.27620502,127.2873934,2020,건축물,042-611-2506,대전광역시 유성구청,2025-07-16
방동088,1,대전광역시 유성구 계백로421번길 146,대전광역시 유성구 방동 565-2,36.27713703,127.2896731,2020,한전주,042-611-2506,대전광역시 유성구청,2025-07-16
방동089,1,대전광역시 유성구 계백로408번길 26,대전광역시 유성구 방동 374-3,36.26987338,127.2917746,2020,한전주,042-611-2506,대전광역시 유성구청,2025-07-16
방동090,1,대전광역시 유성구 계백로408번길 27,대전광역시 유성구 방동 318,36.26980888,127.2922456,2020,한전주,042-611-2506,대전광역시 유성구청,2025-07-16
방동091,1,대전광역시 유성구 계백로408번길 23-26,대전광역시 유성구 방동 305-1,36.27079021,127.292937,2020,한전주,042-611-2506,대전광역시 유성구청,2025-07-16
방동092,1,대전광역시 유성구 계백로408번길 23-26,대전광역시 유성구 방동 305-1,36.27079021,127.292937,2020,한전주,042-611-2506,대전광역시 유성구청,2025-07-16
방동093,1,대전광역시 유성구 계백로408번길 23-26,대전광역시 유성구 방동 305-1,36.27079021,127.292937,2020,한전주,042-611-2506,대전광역시 유성구청,2025-07-16
방동094,1,대전광역시 유성구 계백로408번길 35,대전광역시 유성구 방동 337,36.26959881,127.2921712,2020,한전주,042-611-2506,대전광역시 유성구청,2025-07-16
방동095,1,대전광역시 유성구 계백로408번길 45-8,대전광역시 유성구 방동 334-1,36.269195,127.2922246,2020,한전주,042-611-2506,대전광역시 유성구청,2025-07-16
방동096,1,대전광역시 유성구 계백로408번길 45-8,대전광역시 유성구 방동 334-1,36.269195,127.2922246,2020,건축물,042-611-2506,대전광역시 유성구청,2025-07-16
방동097,1,대전광역시 유성구 계백로408번길 45-8,대전광역시 유성구 방동 334-1,36.269195,127.2922246,2020,건축물,042-611-2506,대전광역시 유성구청,2025-07-16
방동098,1,대전광역시 유성구 계백로408번길 45-8,대전광역시 유성구 방동 334-1,36.269195,127.2922246,2020,건축물,042-611-2506,대전광역시 유성구청,2025-07-16
방동099,1,대전광역시 유성구 계백로408번길 45-8,대전광역시 유성구 방동 334-1,36.26915692,127.2922246,2020,건축물,042-611-2506,대전광역시 유성구청,2025-07-16
방동100,1,대전광역시 유성구 계백로408번길 45-8,대전광역시 유성구 방동 334-1,36.26915692,127.2922246,2020,건축물,042-611-2506,대전광역시 유성구청,2025-07-16
방동101,1,대전광역시 유성구 계백로408번길 45-5,대전광역시 유성구 방동 326-5,36.26875652,127.2925209,2020,건축물,042-611-2506,대전광역시 유성구청,2025-07-16
방동102,1,대전광역시 유성구 계백로408번길 47,대전광역시 유성구 방동 321-1,36.26956305,127.2927172,2020,한전주,042-611-2506,대전광역시 유성구청,2025-07-16
방동103,1,대전광역시 유성구 계백로408번길 68-7,대전광역시 유성구 방동 324-3,36.26906293,127.2937839,2020,한전주,042-611-2506,대전광역시 유성구청,2025-07-16
방동104,1,대전광역시 유성구 계백로408번길 68-11,대전광역시 유성구 방동 산 74-7,36.269187,127.2941091,2020,한전주,042-611-2506,대전광역시 유성구청,2025-07-16
방동105,1,대전광역시 유성구 계백로408번길 68-7,대전광역시 유성구 방동 324-3,36.26906293,127.2937669,2020,건축물,042-611-2506,대전광역시 유성구청,2025-07-16
방동106,1,대전광역시 유성구 계백로408번길 68-11,대전광역시 유성구 방동 산 74-7,36.269187,127.2941091,2020,건축물,042-611-2506,대전광역시 유성구청,2025-07-16
방동107,1,대전광역시 유성구 계백로 370,대전광역시 유성구 방동 411-4,36.26723079,127.2898607,2020,한전주,042-611-2506,대전광역시 유성구청,2025-07-16
방동108,1,대전광역시 유성구 계백로372번길 13-6,대전광역시 유성구 방동 385,36.2672271,127.2914637,2020,한전주,042-611-2506,대전광역시 유성구청,2025-07-16
방동109,1,대전광역시 유성구 계백로372번길 13-18,대전광역시 유성구 방동 378-11,36.26765008,127.2920608,2020,한전주,042-611-2506,대전광역시 유성구청,2025-07-16
방동110,1,대전광역시 유성구 계백로372번길 13-6,대전광역시 유성구 방동 385,36.26724756,127.2914527,2020,한전주,042-611-2506,대전광역시 유성구청,2025-07-16
방동111,1,대전광역시 유성구 계백로372번길 41-16,대전광역시 유성구 방동 389-1,36.2663164,127.2929188,2020,건축물,042-611-2506,대전광역시 유성구청,2025-07-16
방동112,1,대전광역시 유성구 계백로372번길 41-16,대전광역시 유성구 방동 389-1,36.26632235,127.2929493,2020,한전주,042-611-2506,대전광역시 유성구청,2025-07-16
방동113,1,대전광역시 유성구 계백로372번길 41-16,대전광역시 유성구 방동 389-1,36.26632235,127.2929493,2020,한전주,042-611-2506,대전광역시 유성구청,2025-07-16
방동114,1,대전광역시 유성구 계백로372번길 79,대전광역시 유성구 방동 산 75-16,36.26494104,127.292935,2020,한전주,042-611-2506,대전광역시 유성구청,2025-07-16
방동115,1,대전광역시 유성구 계백로 371,대전광역시 유성구 방동 405,36.26806648,127.2895926,2020,한전주,042-611-2506,대전광역시 유성구청,2025-07-16
방동116,1,대전광역시 유성구 계백로323번길 58,대전광역시 유성구 방동 620-1,36.2691583,127.2842845,2020,한전주,042-611-2506,대전광역시 유성구청,2025-07-16
방동117,1,대전광역시 유성구 계백로 351-18,대전광역시 유성구 방동 437-1,36.26764028,127.2874774,2020,한전주,042-611-2506,대전광역시 유성구청,2025-07-16
방동118,1,대전광역시 유성구 계백로323번길 58,대전광역시 유성구 방동 620-1,36.26918813,127.2842845,2020,한전주,042-611-2506,대전광역시 유성구청,2025-07-16
방동119,1,대전광역시 유성구 계백로323번길 102,대전광역시 유성구 방동 605-4,36.27046025,127.2821549,2020,한전주,042-611-2506,대전광역시 유성구청,2025-07-16
방동120,1,대전광역시 유성구 계백로323번길 94-10,대전광역시 유성구 방동 612-1,36.27065322,127.2825626,2020,한전주,042-611-2506,대전광역시 유성구청,2025-07-16
방동121,1,,대전광역시 유성구 방동 607-1,36.27016943,127.2821094,2020,한전주,042-611-2506,대전광역시 유성구청,2025-07-16
방동122,1,대전광역시 유성구 계백로323번길 106,대전광역시 유성구 방동 605-3,36.27038756,127.2819111,2020,한전주,042-611-2506,대전광역시 유성구청,2025-07-16
방동123,1,대전광역시 유성구 계백로323번길 112-8,대전광역시 유성구 방동 590,36.27070379,127.2814872,2020,한전주,042-611-2506,대전광역시 유성구청,2025-07-16
방동124,1,대전광역시 유성구 계백로323번길 138,대전광역시 유성구 방동 593,36.27045142,127.2800832,2020,한전주,042-611-2506,대전광역시 유성구청,2025-07-16
방동125,1,대전광역시 유성구 계백로323번길 160,대전광역시 유성구 방동 692-11,36.27051725,127.2789082,2020,한전주,042-611-2506,대전광역시 유성구청,2025-07-16
방동126,1,대전광역시 유성구 계백로323번길 174,대전광역시 유성구 방동 694,36.27027811,127.2781195,2020,건축물,042-611-2506,대전광역시 유성구청,2025-07-16
방동127,1,대전광역시 유성구 계백로323번길 174,대전광역시 유성구 방동 694,36.27027811,127.2781195,2020,건축물,042-611-2506,대전광역시 유성구청,2025-07-16
방동128,1,대전광역시 유성구 계백로323번길 200,대전광역시 유성구 방동 695-6,36.27078911,127.2769417,2020,한전주,042-611-2506,대전광역시 유성구청,2025-07-16
방동129,1,대전광역시 유성구 계백로323번길 282,대전광역시 유성구 방동 716,36.2726093117,127.2754597,2020,한전주,042-611-2506,대전광역시 유성구청,2025-07-16
방동130,1,대전광역시 유성구 계백로323번길 284,대전광역시 유성구 방동 724-10,36.27291314,127.2753368,2020,한전주,042-611-2506,대전광역시 유성구청,2025-07-16
방동131,1,대전광역시 유성구 세동로22번길 33,대전광역시 유성구 방동 724-4,36.2731116,127.2759135,2020,한전주,042-611-2506,대전광역시 유성구청,2025-07-16
방동132,1,대전광역시 유성구 세동로22번길 37,대전광역시 유성구 방동 724-5,36.2730956,127.2760993,2020,한전주,042-611-2506,대전광역시 유성구청,2025-07-16
방동133,1,대전광역시 유성구 세동로 20,대전광역시 유성구 방동 714,36.27296262,127.274233,2020,한전주,042-611-2506,대전광역시 유성구청,2025-07-16
방동134,1,대전광역시 유성구 세동로 19-8,대전광역시 유성구 방동 792-1,36.27317538,127.2736477,2020,한전주,042-611-2506,대전광역시 유성구청,2025-07-16
방동135,1,대전광역시 유성구 세동로 19-26,대전광역시 유성구 방동 792-2,36.27298218,127.2728143,2020,한전주,042-611-2506,대전광역시 유성구청,2025-07-16
방동136,1,대전광역시 유성구 계백로153번길 4-25,대전광역시 유성구 방동 798-1,36.27326232,127.2697751,2020,건축물,042-611-2506,대전광역시 유성구청,2025-07-16
방동137,1,대전광역시 유성구 계백로153번길 6,대전광역시 유성구 방동 800-2,36.27374435,127.2688206,2020,한전주,042-611-2506,대전광역시 유성구청,2025-07-16
방동138,1,대전광역시 유성구 계백로 143,대전광역시 유성구 방동 708-6,36.27429318,127.2676932,2020,한전주,042-611-2506,대전광역시 유성구청,2025-07-16
방동139,1,대전광역시 유성구 계백로 139,대전광역시 유성구 방동 708-1,36.27456544,127.2674044,2020,한전주,042-611-2506,대전광역시 유성구청,2025-07-16
방동140,1,대전광역시 유성구 계백로153번길 6,대전광역시 유성구 방동 800-2,36.27374435,127.2688206,2020,한전주,042-611-2506,대전광역시 유성구청,2025-07-16
방동141,1,대전광역시 유성구 계백로153번길 19,대전광역시 유성구 방동 802-3,36.27437814,127.2689059,2020,한전주,042-611-2506,대전광역시 유성구청,2025-07-16
방동142,1,대전광역시 유성구 계백로153번길 16,대전광역시 유성구 방동 801-8,36.27412552,127.2690768,2020,건축물,042-611-2506,대전광역시 유성구청,2025-07-16
방동143,1,,대전광역시 유성구 방동 768,36.27753526,127.2773006,2020,한전주,042-611-2506,대전광역시 유성구청,2025-07-16
방동144,1,,대전광역시 유성구 방동 893,36.27785432,127.2770434,2020,한전주,042-611-2506,대전광역시 유성구청,2025-07-16
방동145,1,대전광역시 유성구 계백로 248,대전광역시 유성구 방동 626-1,36.26832511,127.2766562,2020,한전주,042-611-2506,대전광역시 유성구청,2025-07-16
방동146,1,,대전광역시 유성구 방동 660-8,36.26678423,127.2798248,2020,한전주,042-611-2506,대전광역시 유성구청,2025-07-16
방동147,1,,대전광역시 유성구 방동 660-8,36.26678423,127.2798248,2020,한전주,042-611-2506,대전광역시 유성구청,2025-07-16
방동148,1,,대전광역시 유성구 방동 816-2,36.26917164,127.2787826,2020,한전주,042-611-2506,대전광역시 유성구청,2025-07-16
방동149,1,,대전광역시 유성구 방동 816-2,36.26917164,127.2787826,2020,한전주,042-611-2506,대전광역시 유성구청,2025-07-16
방동150,1,,대전광역시 유성구 방동산 112-7,36.26678286,127.2869368,2020,한전주,042-611-2506,대전광역시 유성구청,2025-07-16
방동151,1,대전광역시 유성구 계백로323번길 138,대전광역시 유성구 방동 593,36.27045142,127.2800832,2020,한전주,042-611-2506,대전광역시 유성구청,2025-07-16
방동152,1,,대전광역시 유성구 방동 산 21-17,36.28297534,127.3095294,2020,,042-611-2506,대전광역시 유성구청,2025-07-16
방동153,1,,대전광역시 유성구 방동 735,36.27553146,127.2747181,2020,전용주,042-611-2506,대전광역시 유성구청,2025-07-16
방동154,1,대전광역시 유성구 계백로421번길 36,대전광역시 유성구 방동 456-5,36.27250311,127.2893027,2020,한전주,042-611-2506,대전광역시 유성구청,2025-07-16
방동155,1,대전광역시 유성구 계백로421번길 46,대전광역시 유성구 방동 456-8,36.27292426,127.2891801,2020,한전주,042-611-2506,대전광역시 유성구청,2025-07-16
방동156,1,대전광역시 유성구 계백로556번길 39,대전광역시 유성구 방동 286-2,36.27874916,127.3008439,2020,한전주,042-611-2506,대전광역시 유성구청,2025-07-16
방동157,1,,대전광역시 유성구 방동 818-17,36.27074383,127.2741448,2020,한전주,042-611-2506,대전광역시 유성구청,2025-07-16
방동159,1,,대전광역시 유성구 방동 672-4,36.27157672,127.2741634,2020,한전주,042-611-2506,대전광역시 유성구청,2025-07-16
방동160,1,,대전광역시 유성구 방동 672-2,36.27226444,127.2745001,2020,한전주,042-611-2506,대전광역시 유성구청,2025-07-16
방동161,1,,대전광역시 유성구 방동 산 104-2,36.27294023,127.2901204,2020,,042-611-2506,대전광역시 유성구청,2025-07-16
방동162,1,대전광역시 유성구 세동로 84-29,대전광역시 유성구 방동 772,36.27780715,127.2774362,2020,한전주,042-611-2506,대전광역시 유성구청,2025-07-16
세동003,1,대전광역시 유성구 세동로 137-14,대전광역시 유성구 세동 35-4,36.28251593,127.2754562,2020,한전주,042-611-2506,대전광역시 유성구청,2025-07-16
세동004,1,대전광역시 유성구 세동로 153,대전광역시 유성구 세동 43-7,36.28428926,127.2760155,2020,한전주,042-611-2506,대전광역시 유성구청,2025-07-16
세동005,1,대전광역시 유성구 세동로 161,대전광역시 유성구 세동 59-6,36.2847360439,127.2764574855,2020,한전주,042-611-2506,대전광역시 유성구청,2025-07-16
세동006,1,대전광역시 유성구 세동로 160-8,대전광역시 유성구 세동 65-1,36.28456083,127.2770497,2020,한전주,042-611-2506,대전광역시 유성구청,2025-07-16
세동007,1,대전광역시 유성구 세동로 167-17,대전광역시 유성구 세동 산 86,36.28492123,127.275754,2020,한전주,042-611-2506,대전광역시 유성구청,2025-07-16
세동008,1,대전광역시 유성구 세동로 165,대전광역시 유성구 세동 46-1,36.28525112,127.276315,2020,한전주,042-611-2506,대전광역시 유성구청,2025-07-16
세동009,1,대전광역시 유성구 세동로 180,대전광역시 유성구 세동 56-2,36.2865399259,127.2760500767,2020,한전주,042-611-2506,대전광역시 유성구청,2025-07-16
세동010,1,대전광역시 유성구 세동로 171,대전광역시 유성구 세동 53-8,36.2856735975,127.2762009672,2020,한전주,042-611-2506,대전광역시 유성구청,2025-07-16
세동011,1,대전광역시 유성구 세동로 198,대전광역시 유성구 세동 105-7,36.2878222091,127.2753124,2020,한전주,042-611-2506,대전광역시 유성구청,2025-07-16
세동012,1,대전광역시 유성구 세동로 199,대전광역시 유성구 세동 106-5,36.28804294,127.2750141,2020,한전주,042-611-2506,대전광역시 유성구청,2025-07-16
세동013,1,대전광역시 유성구 세동로 205,대전광역시 유성구 세동 106-2,36.28843484,127.2746319,2020,한전주,042-611-2506,대전광역시 유성구청,2025-07-16
세동014,1,대전광역시 유성구 세동로 213,대전광역시 유성구 세동 112-21,36.28889403,127.2740287,2020,한전주,042-611-2506,대전광역시 유성구청,2025-07-16
세동015,1,대전광역시 유성구 세동로 221,대전광역시 유성구 세동 110-1,36.28964963,127.2739709,2020,한전주,042-611-2506,대전광역시 유성구청,2025-07-16
세동016,1,대전광역시 유성구 세동로188번길 61,대전광역시 유성구 세동 124,36.29003095,127.2759549,2020,한전주,042-611-2506,대전광역시 유성구청,2025-07-16
세동017,1,대전광역시 유성구 세동로258번길 77-37,대전광역시 유성구 세동 175-1,36.29166601,127.2773425,2020,한전주,042-611-2506,대전광역시 유성구청,2025-07-16
세동018,1,대전광역시 유성구 세동로249번길 13,대전광역시 유성구 세동 322-1,36.29254682,127.2733953,2020,한전주,042-611-2506,대전광역시 유성구청,2025-07-16
세동019,1,대전광역시 유성구 세동로257번길 11,대전광역시 유성구 세동 319-1,36.29296313,127.2736455,2020,한전주,042-611-2506,대전광역시 유성구청,2025-07-16
세동020,1,대전광역시 유성구 세동로249번길 31,대전광역시 유성구 세동 328,36.29285574,127.2725662,2020,한전주,042-611-2506,대전광역시 유성구청,2025-07-16
세동021,1,대전광역시 유성구 세동로249번길 38,대전광역시 유성구 세동 312-1,36.29330918,127.2726643,2020,한전주,042-611-2506,대전광역시 유성구청,2025-07-16
세동022,1,대전광역시 유성구 계백로93번길 417,대전광역시 유성구 세동 361,36.2923428,127.2694609,2020,한전주,042-611-2506,대전광역시 유성구청,2025-07-16
세동023,1,대전광역시 유성구 계백로93번길 443,대전광역시 유성구 세동 산 63-5,36.29379707,127.2690876,2020,한전주,042-611-2506,대전광역시 유성구청,2025-07-16
세동024,1,대전광역시 유성구 계백로93번길 384,대전광역시 유성구 세동 363-2,36.29116246,127.2688425,2020,한전주,042-611-2506,대전광역시 유성구청,2025-07-16
세동025,1,대전광역시 유성구 계백로93번길 326-9,대전광역시 유성구 세동 371,36.28886521,127.2685365,2020,한전주,042-611-2506,대전광역시 유성구청,2025-07-16
세동026,1,대전광역시 유성구 계백로93번길 443,대전광역시 유성구 세동 산 63-5,36.29379707,127.2690876,2020,한전주,042-611-2506,대전광역시 유성구청,2025-07-16
세동027,1,대전광역시 유성구 세동로257번길 42,대전광역시 유성구 세동 310,36.29359971,127.2729444,2020,한전주,042-611-2506,대전광역시 유성구청,2025-07-16
세동028,1,대전광역시 유성구 세동로257번길 23,대전광역시 유성구 세동 316,36.29358989,127.2735374,2020,한전주,042-611-2506,대전광역시 유성구청,2025-07-16
세동029,1,대전광역시 유성구 세동로257번길 21,대전광역시 유성구 세동 316-1,36.29343476,127.2734737,2020,한전주,042-611-2506,대전광역시 유성구청,2025-07-16
세동030,1,대전광역시 유성구 세동로257번길 11,대전광역시 유성구 세동 319-1,36.29296313,127.2736455,2020,한전주,042-611-2506,대전광역시 유성구청,2025-07-16
세동031,1,대전광역시 유성구 세동로257번길 8,대전광역시 유성구 세동 138-1,36.29300947,127.2739911,2020,한전주,042-611-2506,대전광역시 유성구청,2025-07-16
세동032,1,대전광역시 유성구 세동로258번길 41,대전광역시 유성구 세동 192-2,36.2920535,127.2759085,2020,한전주,042-611-2506,대전광역시 유성구청,2025-07-16
세동033,1,대전광역시 유성구 세동로258번길 35-12,대전광역시 유성구 세동 194,36.29219262,127.2763505,2020,한전주,042-611-2506,대전광역시 유성구청,2025-07-16
세동034,1,대전광역시 유성구 세동로258번길 35-12,대전광역시 유성구 세동 194,36.29219262,127.2763505,2020,한전주,042-611-2506,대전광역시 유성구청,2025-07-16
세동035,1,대전광역시 유성구 세동로258번길 25-6,대전광역시 유성구 세동 199,36.29292833,127.2761998,2020,한전주,042-611-2506,대전광역시 유성구청,2025-07-16
세동036,1,대전광역시 유성구 세동로 269,대전광역시 유성구 세동 147-1,36.29367899,127.2744926,2020,한전주,042-611-2506,대전광역시 유성구청,2025-07-16
세동037,1,대전광역시 유성구 세동로 269-7,대전광역시 유성구 세동 146,36.29400055,127.2741689,2020,한전주,042-611-2506,대전광역시 유성구청,2025-07-16
세동038,1,대전광역시 유성구 세동로 284-7,대전광역시 유성구 세동 229-3,36.29514989,127.2752452,2020,한전주,042-611-2506,대전광역시 유성구청,2025-07-16
세동039,1,대전광역시 유성구 세동로 284-7,대전광역시 유성구 세동 229-3,36.29514989,127.2752452,2020,한전주,042-611-2506,대전광역시 유성구청,2025-07-16
세동040,1,대전광역시 유성구 세동로 284-74,대전광역시 유성구 세동 209-6,36.29583911,127.2780891,2020,한전주,042-611-2506,대전광역시 유성구청,2025-07-16
세동041,1,대전광역시 유성구 세동로 284-74,대전광역시 유성구 세동 209-6,36.29583911,127.2780891,2020,한전주,042-611-2506,대전광역시 유성구청,2025-07-16
세동042,1,대전광역시 유성구 세동로 284-85,대전광역시 유성구 세동 209-3,36.29648642,127.2779792,2020,한전주,042-611-2506,대전광역시 유성구청,2025-07-16
세동043,1,,대전광역시 유성구 세동 산 38-2,36.29861099,127.2743237,2020,한전주,042-611-2506,대전광역시 유성구청,2025-07-16
세동044,1,대전광역시 유성구 세동로 318,대전광역시 유성구 세동 235,36.29716372,127.2737726,2020,한전주,042-611-2506,대전광역시 유성구청,2025-07-16
세동045,1,대전광역시 유성구 세동로 370-21,대전광역시 유성구 세동 415-19,36.30207994,127.2730312,2020,한전주,042-611-2506,대전광역시 유성구청,2025-07-16
세동046,1,대전광역시 유성구 세동로 357-72,대전광역시 유성구 세동 270,36.29823599,127.2704699,2020,한전주,042-611-2506,대전광역시 유성구청,2025-07-16
세동047,1,대전광역시 유성구 세동로 382-7,대전광역시 유성구 세동 416-1,36.30280478,127.2726712,2020,한전주,042-611-2506,대전광역시 유성구청,2025-07-16
세동048,1,대전광역시 유성구 세동로 382-18,대전광역시 유성구 세동 415-9,36.30241353,127.2733989,2020,한전주,042-611-2506,대전광역시 유성구청,2025-07-16
세동049,1,대전광역시 유성구 세동로 382-18,대전광역시 유성구 세동 415-9,36.30241353,127.2733989,2020,한전주,042-611-2506,대전광역시 유성구청,2025-07-16
세동050,1,대전광역시 유성구 세동로 382-35,대전광역시 유성구 세동 415-25,36.30242541,127.2742344,2020,한전주,042-611-2506,대전광역시 유성구청,2025-07-16
세동051,1,대전광역시 유성구 세동로 370-27,대전광역시 유성구 세동 415-8,36.30213308,127.2732827,2020,한전주,042-611-2506,대전광역시 유성구청,2025-07-16
세동052,1,대전광역시 유성구 세동로 370-21,대전광역시 유성구 세동 415-19,36.30207994,127.2730312,2020,한전주,042-611-2506,대전광역시 유성구청,2025-07-16
세동053,1,대전광역시 유성구 세동로 382-7,대전광역시 유성구 세동 416-1,36.30280478,127.2726712,2020,한전주,042-611-2506,대전광역시 유성구청,2025-07-16
세동054,1,대전광역시 유성구 세동로 404-13,대전광역시 유성구 세동 417-7,36.30459378,127.2719321,2020,한전주,042-611-2506,대전광역시 유성구청,2025-07-16
세동055,1,대전광역시 유성구 세동로 474-10,대전광역시 유성구 세동 507,36.3106147,127.2698962,2020,한전주,042-611-2506,대전광역시 유성구청,2025-07-16
세동056,1,대전광역시 유성구 세동로 474-10,대전광역시 유성구 세동 507,36.3106147,127.2698962,2020,한전주,042-611-2506,대전광역시 유성구청,2025-07-16
세동057,1,대전광역시 유성구 세동로 474-35,대전광역시 유성구 세동 509-1,36.311963,127.269919,2020,한전주,042-611-2506,대전광역시 유성구청,2025-07-16
세동058,1,대전광역시 유성구 세동로 484,대전광역시 유성구 세동 513-3,36.31150091,127.2690613,2020,한전주,042-611-2506,대전광역시 유성구청,2025-07-16
세동059,1,대전광역시 유성구 세동로 486,대전광역시 유성구 세동 513-2,36.31155212,127.2689748,2020,한전주,042-611-2506,대전광역시 유성구청,2025-07-16
세동060,1,대전광역시 유성구 세동로 498,대전광역시 유성구 세동 519,36.31247024,127.2682922,2020,한전주,042-611-2506,대전광역시 유성구청,2025-07-16
세동061,1,대전광역시 유성구 세동로 500,대전광역시 유성구 세동 518,36.31260644,127.2680791,2020,한전주,042-611-2506,대전광역시 유성구청,2025-07-16
세동062,1,대전광역시 유성구 세동로496번길 21,대전광역시 유성구 세동 574-1,36.31340545,127.2685132,2020,한전주,042-611-2506,대전광역시 유성구청,2025-07-16
세동063,1,대전광역시 유성구 세동로496번길 33,대전광역시 유성구 세동 570,36.31368128,127.2691232,2020,한전주,042-611-2506,대전광역시 유성구청,2025-07-16
세동064,1,,대전광역시 유성구 세동 568-3,36.31397697,127.2688414,2020,한전주,042-611-2506,대전광역시 유성구청,2025-07-16
세동065,1,대전광역시 유성구 세동로496번길 57,대전광역시 유성구 세동 562,36.31439764,127.2694395,2020,한전주,042-611-2506,대전광역시 유성구청,2025-07-16
세동066,1,대전광역시 유성구 세동로496번길 57,대전광역시 유성구 세동 562,36.31439764,127.2694395,2020,한전주,042-611-2506,대전광역시 유성구청,2025-07-16
세동067,1,대전광역시 유성구 세동로496번길 74,대전광역시 유성구 세동 산 25-1,36.31541185,127.2692303,2020,건축물,042-611-2506,대전광역시 유성구청,2025-07-16
세동068,1,대전광역시 유성구 세동로496번길 82,대전광역시 유성구 세동 594,36.31523404,127.2687914,2020,한전주,042-611-2506,대전광역시 유성구청,2025-07-16
세동069,1,대전광역시 유성구 세동로510번길 93,대전광역시 유성구 세동 602-2,36.31618419,127.2689374,2020,한전주,042-611-2506,대전광역시 유성구청,2025-07-16
세동070,1,대전광역시 유성구 세동로510번길 51,대전광역시 유성구 세동 677,36.31486945,127.2677356,2020,한전주,042-611-2506,대전광역시 유성구청,2025-07-16
세동071,1,대전광역시 유성구 세동로510번길 47-29,대전광역시 유성구 세동 689,36.31565247,127.2672585,2020,한전주,042-611-2506,대전광역시 유성구청,2025-07-16
세동072,1,대전광역시 유성구 세동로510번길 47-28,대전광역시 유성구 세동 650-1,36.3160177,127.2672283,2020,한전주,042-611-2506,대전광역시 유성구청,2025-07-16
세동073,1,대전광역시 유성구 세동로510번길 20,대전광역시 유성구 세동 670,36.31393808,127.2668075,2020,한전주,042-611-2506,대전광역시 유성구청,2025-07-16
세동074,1,대전광역시 유성구 세동로510번길 2,대전광역시 유성구 세동 668,36.31348064,127.2669669,2020,한전주,042-611-2506,대전광역시 유성구청,2025-07-16
세동075,1,대전광역시 유성구 세동로510번길 10-10,대전광역시 유성구 세동 675-4,36.3138208,127.2674119,2020,한전주,042-611-2506,대전광역시 유성구청,2025-07-16
세동076,1,대전광역시 유성구 세동로 506,대전광역시 유성구 세동 662-3,36.3130348,127.2675044,2020,한전주,042-611-2506,대전광역시 유성구청,2025-07-16
세동077,1,대전광역시 유성구 세동로 501,대전광역시 유성구 세동 733,36.31256441,127.2676136,2020,한전주,042-611-2506,대전광역시 유성구청,2025-07-16
세동078,1,대전광역시 유성구 세동로510번길 10-10,대전광역시 유성구 세동 675-4,36.31383182,127.2674176,2020,한전주,042-611-2506,대전광역시 유성구청,2025-07-16
세동079,1,대전광역시 유성구 세동로 511-22,대전광역시 유성구 세동 737,36.31225893,127.2672419,2020,한전주,042-611-2506,대전광역시 유성구청,2025-07-16
세동080,1,대전광역시 유성구 세동로 511-22,대전광역시 유성구 세동 737,36.31225893,127.2672419,2020,한전주,042-611-2506,대전광역시 유성구청,2025-07-16
세동081,1,대전광역시 유성구 세동로 510,대전광역시 유성구 세동 667,36.3132089,127.2672127,2020,한전주,042-611-2506,대전광역시 유성구청,2025-07-16
세동082,1,대전광역시 유성구 세동로510번길 3,대전광역시 유성구 세동 702-3,36.3135863399,127.2661617234,2020,한전주,042-611-2506,대전광역시 유성구청,2025-07-16
세동083,1,대전광역시 유성구 세동로510번길 3,대전광역시 유성구 세동 702-3,36.3135863399,127.2661617234,2020,한전주,042-611-2506,대전광역시 유성구청,2025-07-16
세동084,1,대전광역시 유성구 세동로 516-5,대전광역시 유성구 세동 751,36.31322182,127.2661181,2020,한전주,042-611-2506,대전광역시 유성구청,2025-07-16
세동085,1,대전광역시 유성구 세동로 521,대전광역시 유성구 세동 754,36.3129244,127.2659319,2020,한전주,042-611-2506,대전광역시 유성구청,2025-07-16
세동086,1,대전광역시 유성구 세동로 523,대전광역시 유성구 세동 758-1,36.31268005,127.2656661,2020,한전주,042-611-2506,대전광역시 유성구청,2025-07-16
세동087,1,대전광역시 유성구 세동로510번길 26,대전광역시 유성구 세동 671,36.31422386,127.266921,2020,한전주,042-611-2506,대전광역시 유성구청,2025-07-16
세동088,1,대전광역시 유성구 세동로 640,대전광역시 유성구 세동 821-6,36.30810507,127.2601875,2020,한전주,042-611-2506,대전광역시 유성구청,2025-07-16
세동089,1,,대전광역시 유성구 세동 841,36.31178869,127.2601813,2020,한전주,042-611-2506,대전광역시 유성구청,2025-07-16
세동096,1,대전광역시 유성구 세동로 153,대전광역시 유성구 세동 43-7,36.28428926,127.2760155,2020,한전주,042-611-2506,대전광역시 유성구청,2025-07-16
세동097,1,대전광역시 유성구 세동로510번길 53,대전광역시 유성구 세동 678,36.31489046,127.2679329,2020,한전주,042-611-2506,대전광역시 유성구청,2025-07-16
세동098,1,,대전광역시 유성구 세동 65-5,36.28307108,127.2761294,2020,한전주,042-611-2506,대전광역시 유성구청,2025-07-16
세동099,1,,대전광역시 유성구 세동 103,36.28810902,127.2762224,2020,한전주,042-611-2506,대전광역시 유성구청,2025-07-16
세동100,1,,대전광역시 유성구 세동 134-1,36.29273317,127.2749755,2020,한전주,042-611-2506,대전광역시 유성구청,2025-07-16
세동101,1,,대전광역시 유성구 세동 209-4,36.29584849,127.2784222,2020,한전주,042-611-2506,대전광역시 유성구청,2025-07-16
세동102,1,,대전광역시 유성구 세동 415-15,36.30188496,127.272023,2020,한전주,042-611-2506,대전광역시 유성구청,2025-07-16
세동103,1,,대전광역시 유성구 세동 96,36.28953504,127.2769188,2020,한전주,042-611-2506,대전광역시 유성구청,2025-07-16
세동104,1,,대전광역시 유성구 세동 9-2,36.29238628,127.2808029,2020,한전주,042-611-2506,대전광역시 유성구청,2025-07-16
세동105,1,,대전광역시 유성구 세동 190,36.29104784,127.2760892,2020,한전주,042-611-2506,대전광역시 유성구청,2025-07-16
세동106,1,대전광역시 유성구 세동로249번길 26,대전광역시 유성구 세동 314,36.29307437,127.2731217,2020,한전주,042-611-2506,대전광역시 유성구청,2025-07-16
세동107,1,,대전광역시 유성구 세동 133-2,36.29134875,127.2740054,2020,한전주,042-611-2506,대전광역시 유성구청,2025-07-16
세동108,1,,대전광역시 유성구 세동 127-1,36.29042365,127.2739286,2020,한전주,042-611-2506,대전광역시 유성구청,2025-07-16
세동109,1,대전광역시 유성구 세동로 180-18,대전광역시 유성구 세동 85,36.28658787,127.2771496,2020,한전주,042-611-2506,대전광역시 유성구청,2025-07-16
세동110,1,,대전광역시 유성구 세동 57,36.28598368,127.2762838,2020,한전주,042-611-2506,대전광역시 유성구청,2025-07-16
세동111,1,,대전광역시 유성구 세동 69,36.2836061,127.2784833,2020,한전주,042-611-2506,대전광역시 유성구청,2025-07-16
세동112,1,,대전광역시 유성구 세동 65-5,36.28307108,127.2761294,2020,한전주,042-611-2506,대전광역시 유성구청,2025-07-16
세동116,1,대전광역시 유성구 세동로510번길 66,대전광역시 유성구 세동 586,36.3150356,127.2684315,2020,한전주,042-611-2506,대전광역시 유성구청,2025-07-16
세동117,1,,대전광역시 유성구 세동 553,36.31381372,127.2696296,2020,한전주,042-611-2506,대전광역시 유성구청,2025-07-16
세동118,1,,대전광역시 유성구 세동 23-8,36.2842267,127.282808,2020,한전주,042-611-2506,대전광역시 유성구청,2025-07-16
세동187,1,대전광역시 유성구 세동로 580-7,대전광역시 유성구 세동 844-9,36.3126366,127.261665,2020,한전주,042-611-2506,대전광역시 유성구청,2025-07-16
세동188,1,대전광역시 유성구 세동로 558-27,대전광역시 유성구 세동 산 82-7,36.31368303,127.2621274,2020,한전주,042-611-2506,대전광역시 유성구청,2025-07-16
세동189,1,대전광역시 유성구 세동로 580-7,대전광역시 유성구 세동 844-9,36.3126366,127.261665,2020,한전주,042-611-2506,대전광역시 유성구청,2025-07-16
세동190,1,,대전광역시 유성구 세동 844-3,36.3106963,127.2590895,2020,한전주,042-611-2506,대전광역시 유성구청,2025-07-16
세동191,1,대전광역시 유성구 세동로 580-40,대전광역시 유성구 세동 844-17,36.31342704,127.2605896,2020,한전주,042-611-2506,대전광역시 유성구청,2025-07-16
세동192,1,대전광역시 유성구 세동로 596,대전광역시 유성구 세동 산 78,36.3105574068,127.2591720054,2020,한전주,042-611-2506,대전광역시 유성구청,2025-07-16
세동193,1,대전광역시 유성구 세동로 596,대전광역시 유성구 세동 산 78,36.3105574068,127.2591720054,2020,한전주,042-611-2506,대전광역시 유성구청,2025-07-16
세동194,1,,대전광역시 유성구 송정동 156-2,36.29398222,127.2645583,2020,한전주,042-611-2506,대전광역시 유성구청,2025-07-16
세동195,1,대전광역시 유성구 세동로 640,대전광역시 유성구 세동 821-6,36.30810507,127.2601875,2020,한전주,042-611-2506,대전광역시 유성구청,2025-07-16
세동196,1,,대전광역시 유성구 세동 46-4,36.2852368,127.2762182,2020,한전주,042-611-2506,대전광역시 유성구청,2025-07-16
세동197,1,,대전광역시 유성구 세동 473,36.31045389,127.2685426,2020,한전주,042-611-2506,대전광역시 유성구청,2025-07-16
세동198,1,,대전광역시 유성구 세동 473,36.31045389,127.2685426,2020,한전주,042-611-2506,대전광역시 유성구청,2025-07-16
세동199,1,대전광역시 유성구 세동로257번길 12,대전광역시 유성구 세동 140-1,36.29301377,127.2737702,2020,건축물,042-611-2506,대전광역시 유성구청,2025-07-16
세동200,1,,대전광역시 유성구 세동 171-1,36.29111563,127.2792793,2020,한전주,042-611-2506,대전광역시 유성구청,2025-07-16
세동201,1,,대전광역시 유성구 세동 산 46-31,36.29105378,127.2822418,2020,한전주,042-611-2506,대전광역시 유성구청,2025-07-16
세동202,1,대전광역시 유성구 세동로 490,대전광역시 유성구 세동 513,36.31190901,127.2688029,2020,전용주,042-611-2506,대전광역시 유성구청,2025-07-16
세동203,1,,대전광역시 유성구 세동 23-14,36.28607424,127.2825597,2020,한전주,042-611-2506,대전광역시 유성구청,2025-07-16
세동204,1,,대전광역시 유성구 세동 506-1,36.30957611,127.2700881,2020,한전주,042-611-2506,대전광역시 유성구청,2025-07-16
세동205,1,,대전광역시 유성구 세동 443-1,36.30811179,127.2705786,2020,한전주,042-611-2506,대전광역시 유성구청,2025-07-16
세동206,1,대전광역시 유성구 세동로 153,대전광역시 유성구 세동 43-7,36.28428926,127.2760155,2020,한전주,042-611-2506,대전광역시 유성구청,2025-07-16
세동207,1,,대전광역시 유성구 세동 산 35-25,36.30549308,127.2714958,2020,한전주,042-611-2506,대전광역시 유성구청,2025-07-16
세동208,1,,대전광역시 유성구 세동 산 35-21,36.3044001,127.2714498,2020,한전주,042-611-2506,대전광역시 유성구청,2025-07-16
세동209,1,,대전광역시 유성구 세동 972,36.30353676,127.2718843,2020,한전주,042-611-2506,대전광역시 유성구청,2025-07-16
세동210,1,,대전광역시 유성구 세동 598-4,36.31588821,127.2687582,2020,한전주,042-611-2506,대전광역시 유성구청,2025-07-16
신동001,1,대전광역시 유성구 소문산성길 127,대전광역시 유성구 신동 255-1,36.4808768,127.3656447,2020,한전주,042-611-2506,대전광역시 유성구청,2025-07-16
신동002,1,대전광역시 유성구 소문산성길 112,대전광역시 유성구 신동 283-2,36.4806765,127.365278,2020,한전주,042-611-2506,대전광역시 유성구청,2025-07-16
신동003,1,대전광역시 유성구 소문산성길 116,대전광역시 유성구 신동 270,36.48000883,127.3648971,2020,한전주,042-611-2506,대전광역시 유성구청,2025-07-16
신동004,1,대전광역시 유성구 소문산성길 187,대전광역시 유성구 신동 268,36.4807539,127.3645743,2020,한전주,042-611-2506,대전광역시 유성구청,2025-07-16
신동005,1,대전광역시 유성구 소문산성길 165,대전광역시 유성구 신동 267,36.4806765,127.365278,2020,한전주,042-611-2506,대전광역시 유성구청,2025-07-16
신동006,1,대전광역시 유성구 소문산성길 145,대전광역시 유성구 신동 257-1,36.4816668,127.3650691,2020,한전주,042-611-2506,대전광역시 유성구청,2025-07-16
신동007,1,,대전광역시 유성구 신동 263,36.4816796,127.3657832,2020,한전주,042-611-2506,대전광역시 유성구청,2025-07-16
신동008,1,대전광역시 유성구 소문산성길 165,대전광역시 유성구 신동 267,36.4820116,127.3655127,2020,한전주,042-611-2506,대전광역시 유성구청,2025-07-16
신동009,1,,대전광역시 유성구 신동 산 56,36.4795169,127.3658343,2020,한전주,042-611-2506,대전광역시 유성구청,2025-07-16
신동010,1,대전광역시 유성구 소문산성길 203,대전광역시 유성구 신동 186,36.4808462,127.3666828,2020,건축물,042-611-2506,대전광역시 유성구청,2025-07-16
신동011,1,대전광역시 유성구 소문산성길 209,대전광역시 유성구 신동 185,36.4799297,127.3672036,2020,한전주,042-611-2506,대전광역시 유성구청,2025-07-16
신동012,1,대전광역시 유성구 소문산성길 127,대전광역시 유성구 신동 255-1,36.4797513,127.3675399,2020,한전주,042-611-2506,대전광역시 유성구청,2025-07-16
신동013,1,대전광역시 유성구 소문산성길 100,대전광역시 유성구 신동 273-1,36.4803568,127.3678586,2020,한전주,042-611-2506,대전광역시 유성구청,2025-07-16
신동014,1,대전광역시 유성구 소문산성길 94,대전광역시 유성구 신동 277-1,36.4800416,127.3679058,2020,한전주,042-611-2506,대전광역시 유성구청,2025-07-16
신동015,1,대전광역시 유성구 소문산성길 78,대전광역시 유성구 신동 281,36.4797513,127.3675399,2020,한전주,042-611-2506,대전광역시 유성구청,2025-07-16
신동016,1,대전광역시 유성구 소문산성길 82,대전광역시 유성구 신동 278-1,36.4793256,127.3671416,2020,한전주,042-611-2506,대전광역시 유성구청,2025-07-16
신동017,1,대전광역시 유성구 소문산성길 80,대전광역시 유성구 신동 280,36.4789884,127.3664413,2020,한전주,042-611-2506,대전광역시 유성구청,2025-07-16
신동018,1,대전광역시 유성구 소문산성길 78,대전광역시 유성구 신동 281,36.4789329,127.3661739,2020,한전주,042-611-2506,대전광역시 유성구청,2025-07-16
신동019,1,대전광역시 유성구 소문산성길 68,대전광역시 유성구 신동 283-8,36.4790477,127.3657266,2020,건축물,042-611-2506,대전광역시 유성구청,2025-07-16
신동020,1,대전광역시 유성구 소문산성길 113,대전광역시 유성구 신동 290,36.4784568,127.3664567,2020,한전주,042-611-2506,대전광역시 유성구청,2025-07-16
신동021,1,대전광역시 유성구 소문산성길 121,대전광역시 유성구 신동 291,36.4784568,127.3664567,2020,한전주,042-611-2506,대전광역시 유성구청,2025-07-16
신동022,1,대전광역시 유성구 소문산성길 123,대전광역시 유성구 신동 254-2,36.4784568,127.3664567,2020,한전주,042-611-2506,대전광역시 유성구청,2025-07-16
신동023,1,대전광역시 유성구 소문산성길 105,대전광역시 유성구 신동 293-1,36.477781,127.3664734,2020,건축물,042-611-2506,대전광역시 유성구청,2025-07-16
신동024,1,대전광역시 유성구 소문산성길 105,대전광역시 유성구 신동 293-1,36.4774375,127.3662865,2020,한전주,042-611-2506,대전광역시 유성구청,2025-07-16
신동025,1,대전광역시 유성구 소문산성길 105,대전광역시 유성구 신동 293-1,36.4781269,127.3654328,2020,한전주,042-611-2506,대전광역시 유성구청,2025-07-16
신동026,1,대전광역시 유성구 소문산성길 43,대전광역시 유성구 신동 295-5,36.47659811,127.3690372,2020,한전주,042-611-2506,대전광역시 유성구청,2025-07-16
신동027,1,,대전광역시 유성구 신동 315-4,36.47659811,127.3690372,2020,한전주,042-611-2506,대전광역시 유성구청,2025-07-16
신동028,1,대전광역시 유성구 소문산성길 81,대전광역시 유성구 신동 250,36.4771098,127.3656642,2020,한전주,042-611-2506,대전광역시 유성구청,2025-07-16
신동029,1,대전광역시 유성구 소문산성길 81,대전광역시 유성구 신동 250,36.4774638,127.3644561,2020,한전주,042-611-2506,대전광역시 유성구청,2025-07-16
신동030,1,대전광역시 유성구 소문산성길 49,대전광역시 유성구 신동 315,36.47659811,127.3690372,2020,한전주,042-611-2506,대전광역시 유성구청,2025-07-16
신동031,1,대전광역시 유성구 소문산성길 51,대전광역시 유성구 신동 320,36.47659811,127.3690372,2020,한전주,042-611-2506,대전광역시 유성구청,2025-07-16
신동032,1,대전광역시 유성구 소문산성길 59,대전광역시 유성구 신동 322-5,36.4764489,127.3667967,2020,한전주,042-611-2506,대전광역시 유성구청,2025-07-16
신동033,1,,대전광역시 유성구 신동 322-4,36.4764489,127.3667967,2020,한전주,042-611-2506,대전광역시 유성구청,2025-07-16
신동034,1,대전광역시 유성구 소문산성길 25,대전광역시 유성구 신동 363-3,36.47659811,127.3690372,2020,한전주,042-611-2506,대전광역시 유성구청,2025-07-16
신동035,1,대전광역시 유성구 소문산성길 25,대전광역시 유성구 신동 363-3,36.47659811,127.3690372,2020,한전주,042-611-2506,대전광역시 유성구청,2025-07-16
신동036,1,대전광역시 유성구 소문산성길 25,대전광역시 유성구 신동 363-3,36.47659811,127.3690372,2020,한전주,042-611-2506,대전광역시 유성구청,2025-07-16
신동037,1,대전광역시 유성구 소문산성길 25,대전광역시 유성구 신동 363-3,36.47659811,127.3690372,2020,한전주,042-611-2506,대전광역시 유성구청,2025-07-16
신동038,1,대전광역시 유성구 소문산성길 25,대전광역시 유성구 신동 363-3,36.47659811,127.3690372,2020,한전주,042-611-2506,대전광역시 유성구청,2025-07-16
신동039,1,,대전광역시 유성구 신동 66-4,36.47659811,127.3690372,2020,한전주,042-611-2506,대전광역시 유성구청,2025-07-16
신동040,1,대전광역시 유성구 소문산성길 107,대전광역시 유성구 신동 289,36.47750878,127.369081,2020,한전주,042-611-2506,대전광역시 유성구청,2025-07-16
신동041,1,대전광역시 유성구 소문산성길 48,대전광역시 유성구 신동 298,36.47761843,127.3685905,2020,한전주,042-611-2506,대전광역시 유성구청,2025-07-16
신동042,1,대전광역시 유성구 소문산성길 38,대전광역시 유성구 신동 308,36.47659811,127.3690372,2020,한전주,042-611-2506,대전광역시 유성구청,2025-07-16
신동043,1,대전광역시 유성구 소문산성길 38,대전광역시 유성구 신동 308,36.47659811,127.3690372,2020,한전주,042-611-2506,대전광역시 유성구청,2025-07-16
신동044,1,대전광역시 유성구 소문산성길 38,대전광역시 유성구 신동 308,36.47659811,127.3690372,2020,한전주,042-611-2506,대전광역시 유성구청,2025-07-16
신동045,1,대전광역시 유성구 소문산성길 18,대전광역시 유성구 신동 310,36.47659811,127.3690372,2020,한전주,042-611-2506,대전광역시 유성구청,2025-07-16
신동046,1,대전광역시 유성구 소문산성길 16,대전광역시 유성구 신동 311,36.47659811,127.3690372,2020,한전주,042-611-2506,대전광역시 유성구청,2025-07-16
신동047,1,대전광역시 유성구 소문산성길 16,대전광역시 유성구 신동 311,36.47659811,127.3690372,2020,한전주,042-611-2506,대전광역시 유성구청,2025-07-16
신동048,1,대전광역시 유성구 금남구즉로 874,대전광역시 유성구 신동 153-2,36.47474741,127.3712743,2020,한전주,042-611-2506,대전광역시 유성구청,2025-07-16
신동049,1,,대전광역시 유성구 신동 153-6,36.4748488,127.3727017,2020,한전주,042-611-2506,대전광역시 유성구청,2025-07-16
신동050,1,대전광역시 유성구 신동2길 3,대전광역시 유성구 신동 440-2,36.4755183,127.3731873,2020,한전주,042-611-2506,대전광역시 유성구청,2025-07-16
신동051,1,대전광역시 유성구 신동2길 3,대전광역시 유성구 신동 440-2,36.4756524,127.3729853,2020,한전주,042-611-2506,대전광역시 유성구청,2025-07-16
신동052,1,대전광역시 유성구 신동2길 3,대전광역시 유성구 신동 440-2,36.4757496,127.3726051,2020,한전주,042-611-2506,대전광역시 유성구청,2025-07-16
신동053,1,대전광역시 유성구 신동2길 30,대전광역시 유성구 신동 425-1,36.47659811,127.3690372,2020,한전주,042-611-2506,대전광역시 유성구청,2025-07-16
신동054,1,대전광역시 유성구 신동2길 15,대전광역시 유성구 신동 424-1,36.47659811,127.3690372,2020,한전주,042-611-2506,대전광역시 유성구청,2025-07-16
신동055,1,대전광역시 유성구 신동2길 17,대전광역시 유성구 신동 417-1,36.47659811,127.3690372,2020,한전주,042-611-2506,대전광역시 유성구청,2025-07-16
신동056,1,대전광역시 유성구 신동2길 19,대전광역시 유성구 신동 412-2,36.47659811,127.3690372,2020,한전주,042-611-2506,대전광역시 유성구청,2025-07-16
신동057,1,대전광역시 유성구 신동2길 69,대전광역시 유성구 신동 422,36.47659811,127.3690372,2020,한전주,042-611-2506,대전광역시 유성구청,2025-07-16
신동058,1,,대전광역시 유성구 신동 566,36.4753029,127.3733564,2020,한전주,042-611-2506,대전광역시 유성구청,2025-07-16
신동059,1,대전광역시 유성구 신동2길 48,대전광역시 유성구 신동 429-1,36.47659811,127.3690372,2020,한전주,042-611-2506,대전광역시 유성구청,2025-07-16
신동060,1,대전광역시 유성구 신동2길 28,대전광역시 유성구 신동 435,36.47659811,127.3690372,2020,한전주,042-611-2506,대전광역시 유성구청,2025-07-16
신동061,1,대전광역시 유성구 신동2길 24,대전광역시 유성구 신동 436-5,36.4749833,127.374274,2020,건축물,042-611-2506,대전광역시 유성구청,2025-07-16
신동062,1,대전광역시 유성구 신동2길 14,대전광역시 유성구 신동 438,36.4760589,127.3783273,2020,한전주,042-611-2506,대전광역시 유성구청,2025-07-16
신동063,1,대전광역시 유성구 신동2길 14-1,대전광역시 유성구 신동 438-4,36.4760589,127.3783273,2020,한전주,042-611-2506,대전광역시 유성구청,2025-07-16
신동064,1,대전광역시 유성구 신동2길 16-1,대전광역시 유성구 신동 84-1,36.4760589,127.3783273,2020,건축물,042-611-2506,대전광역시 유성구청,2025-07-16
신동065,1,대전광역시 유성구 신동1길 11,대전광역시 유성구 신동 119,36.4762305,127.378404,2020,한전주,042-611-2506,대전광역시 유성구청,2025-07-16
신동066,1,대전광역시 유성구 신동1길 11,대전광역시 유성구 신동 119,36.4765723,127.3782674,2020,한전주,042-611-2506,대전광역시 유성구청,2025-07-16
신동067,1,대전광역시 유성구 신동1길 11,대전광역시 유성구 신동 119,36.4770416,127.3784087,2020,한전주,042-611-2506,대전광역시 유성구청,2025-07-16
신동068,1,대전광역시 유성구 신동1길 13,대전광역시 유성구 신동 128,36.4767462,127.3787905,2020,한전주,042-611-2506,대전광역시 유성구청,2025-07-16
신동069,1,대전광역시 유성구 신동1길 15,대전광역시 유성구 신동 131,36.4767092,127.3786122,2020,한전주,042-611-2506,대전광역시 유성구청,2025-07-16
신동070,1,대전광역시 유성구 신동1길 33,대전광역시 유성구 신동 133,36.4765043,127.3790602,2020,한전주,042-611-2506,대전광역시 유성구청,2025-07-16
신동071,1,,대전광역시 유성구 신동 559-11,36.4726152,127.3833539,2020,한전주,042-611-2506,대전광역시 유성구청,2025-07-16
신동072,1,대전광역시 유성구 신동1길 21,대전광역시 유성구 신동 126,36.399271,127.3674456,2020,한전주,042-611-2506,대전광역시 유성구청,2025-07-16
신동073,1,대전광역시 유성구 신동1길 18,대전광역시 유성구 신동 124-1,36.399271,127.3674456,2020,한전주,042-611-2506,대전광역시 유성구청,2025-07-16
신동074,1,대전광역시 유성구 금남구즉로 1010,대전광역시 유성구 금고동 321,36.4726161,127.3832976,2020,한전주,042-611-2506,대전광역시 유성구청,2025-07-16
장동001,1,대전광역시 유성구 유성대로1312번길 140,대전광역시 유성구 장동 25-15,36.39950425,127.3676314,2020,한전주,042-611-2506,대전광역시 유성구청,2025-07-16
장동002,1,대전광역시 유성구 유성대로1312번길 140,대전광역시 유성구 장동 25-15,36.39950425,127.3676314,2020,한전주,042-611-2506,대전광역시 유성구청,2025-07-16
장동003,1,대전광역시 유성구 유성대로1312번길 140,대전광역시 유성구 장동 25-15,36.39950425,127.3676314,2020,한전주,042-611-2506,대전광역시 유성구청,2025-07-16
장동004,1,대전광역시 유성구 유성대로1312번길 140,대전광역시 유성구 장동 25-15,36.39950425,127.3676314,2020,한전주,042-611-2506,대전광역시 유성구청,2025-07-16
장동005,1,대전광역시 유성구 유성대로1312번길 70,대전광역시 유성구 장동 25-1,36.40008302,127.3640881,2020,한전주,042-611-2506,대전광역시 유성구청,2025-07-16
장동006,1,대전광역시 유성구 유성대로1312번길 70,대전광역시 유성구 장동 25-1,36.40008302,127.3640881,2020,한전주,042-611-2506,대전광역시 유성구청,2025-07-16
장동008,1,대전광역시 유성구 유성대로 1321,대전광역시 유성구 장동 14-2,36.40224089,127.3631613,2020,한전주,042-611-2506,대전광역시 유성구청,2025-07-16
장동009,1,대전광역시 유성구 유성대로 1307,대전광역시 유성구 장동 236-7,36.40180853,127.3615499,2020,한전주,042-611-2506,대전광역시 유성구청,2025-07-16
죽동001,1,대전광역시 유성구 은구비로 100-223,대전광역시 유성구 노은동 3-2,36.37134009,127.3304241,2020,한전주,042-611-2506,대전광역시 유성구청,2025-07-16
죽동002,1,대전광역시 유성구 은구비로136번길 232-28,대전광역시 유성구 죽동 162-22,36.37233439,127.3301176,2020,한전주,042-611-2506,대전광역시 유성구청,2025-07-16
죽동003,1,대전광역시 유성구 은구비로 100-191,대전광역시 유성구 죽동 162-6,36.37258523,127.3301646,2020,한전주,042-611-2506,대전광역시 유성구청,2025-07-16
죽동004,1,대전광역시 유성구 은구비로136번길 232-21,대전광역시 유성구 죽동 160-1,36.37189004,127.3303394,2020,한전주,042-611-2506,대전광역시 유성구청,2025-07-16
죽동005,1,대전광역시 유성구 은구비로136번길 215,대전광역시 유성구 죽동 206-3,36.37335962,127.3312999,2020,한전주,042-611-2506,대전광역시 유성구청,2025-07-16
죽동006,1,대전광역시 유성구 은구비로136번길 176,대전광역시 유성구 죽동 215-3,36.37459938,127.3299934,2020,한전주,042-611-2506,대전광역시 유성구청,2025-07-16
죽동007,1,대전광역시 유성구 은구비로136번길 176,대전광역시 유성구 죽동 215-3,36.37459938,127.3299934,2020,한전주,042-611-2506,대전광역시 유성구청,2025-07-16
죽동008,1,대전광역시 유성구 은구비로136번길 176,대전광역시 유성구 죽동 215-3,36.37459938,127.3299934,2020,한전주,042-611-2506,대전광역시 유성구청,2025-07-16
죽동009,1,,대전광역시 유성구 죽동 552-24,36.37454576,127.3293585,2020,한전주,042-611-2506,대전광역시 유성구청,2025-07-16
죽동010,1,,대전광역시 유성구 죽동 430-9,36.37667372,127.3282464,2020,한전주,042-611-2506,대전광역시 유성구청,2025-07-16
죽동011,1,,대전광역시 유성구 죽동 428-6,36.37645074,127.3276371,2020,한전주,042-611-2506,대전광역시 유성구청,2025-07-16
죽동012,1,,대전광역시 유성구 죽동 552-24,36.37454576,127.3293585,2020,한전주,042-611-2506,대전광역시 유성구청,2025-07-16
죽동013,1,,대전광역시 유성구 죽동 234-9,36.37627229,127.3308522,2020,한전주,042-611-2506,대전광역시 유성구청,2025-07-16
죽동014,1,대전광역시 유성구 은구비로136번길 131,대전광역시 유성구 죽동 228-3,36.37581481,127.331157,2020,한전주,042-611-2506,대전광역시 유성구청,2025-07-16
죽동015,1,,대전광역시 유성구 죽동 228-7,36.3769636,127.3314781,2020,한전주,042-611-2506,대전광역시 유성구청,2025-07-16
죽동016,1,,대전광역시 유성구 죽동 235-3,36.37814143,127.3304081,2020,한전주,042-611-2506,대전광역시 유성구청,2025-07-16
죽동017,1,대전광역시 유성구 은구비로136번길 81-11,대전광역시 유성구 죽동 425-3,36.37868387,127.3300523,2020,한전주,042-611-2506,대전광역시 유성구청,2025-07-16
죽동018,1,대전광역시 유성구 은구비로136번길 81-15,대전광역시 유성구 죽동 425-2,36.37873593,127.3297037,2020,건축물,042-611-2506,대전광역시 유성구청,2025-07-16
죽동019,1,,대전광역시 유성구 죽동 369,36.37810344,127.3303132,2020,한전주,042-611-2506,대전광역시 유성구청,2025-07-16
죽동020,1,대전광역시 유성구 은구비로136번길 29-6,대전광역시 유성구 죽동 419-4,36.37935966,127.3287762,2020,한전주,042-611-2506,대전광역시 유성구청,2025-07-16
죽동021,1,대전광역시 유성구 은구비로136번길 29-6,대전광역시 유성구 죽동 419-4,36.37935966,127.3287762,2020,한전주,042-611-2506,대전광역시 유성구청,2025-07-16
죽동022,1,대전광역시 유성구 은구비로138번길 12,대전광역시 유성구 죽동 612-3,36.38061616,127.3278585,2020,한전주,042-611-2506,대전광역시 유성구청,2025-07-16
죽동023,1,대전광역시 유성구 은구비로136번길 29-23,대전광역시 유성구 죽동 421-7,36.37955639,127.3292335,2020,한전주,042-611-2506,대전광역시 유성구청,2025-07-16
죽동024,1,대전광역시 유성구 은구비로136번안길 12,대전광역시 유성구 죽동 420-1,36.3799488,127.3290786,2020,한전주,042-611-2506,대전광역시 유성구청,2025-07-16
죽동025,1,대전광역시 유성구 은구비로136번안길 22,대전광역시 유성구 죽동 325-2,36.38042416,127.3290594,2020,한전주,042-611-2506,대전광역시 유성구청,2025-07-16
죽동026,1,,대전광역시 유성구 죽동 574-1,36.3798487,127.3293537,2020,한전주,042-611-2506,대전광역시 유성구청,2025-07-16
죽동027,1,,대전광역시 유성구 죽동 산 30-4,36.3824025,127.3299096,2020,한전주,042-611-2506,대전광역시 유성구청,2025-07-16
죽동028,1,대전광역시 유성구 은구비로136번안길 20-9,대전광역시 유성구 죽동 324-1,36.38060972,127.3292517,2020,한전주,042-611-2506,대전광역시 유성구청,2025-07-16
죽동029,1,대전광역시 유성구 은구비로136번안길 41,대전광역시 유성구 죽동 322-4,36.3809568454,127.3294413646,2020,한전주,042-611-2506,대전광역시 유성구청,2025-07-16
죽동030,1,대전광역시 유성구 은구비로136번안길 45,대전광역시 유성구 죽동 산 32,36.38092956,127.330128,2020,한전주,042-611-2506,대전광역시 유성구청,2025-07-16
죽동031,1,대전광역시 유성구 은구비로136번안길 41-1,대전광역시 유성구 죽동 322-1,36.38123763,127.3294575,2020,한전주,042-611-2506,대전광역시 유성구청,2025-07-16
죽동032,1,,대전광역시 유성구 죽동 573-7,36.38061228,127.3287967,2020,한전주,042-611-2506,대전광역시 유성구청,2025-07-16
죽동033,1,대전광역시 유성구 은구비로136번안길 27,대전광역시 유성구 죽동 319-12,36.38108546,127.3287891,2020,건축물,042-611-2506,대전광역시 유성구청,2025-07-16
죽동034,1,대전광역시 유성구 은구비로136번길 81-11,대전광역시 유성구 죽동 425-3,36.37868387,127.3300523,2020,한전주,042-611-2506,대전광역시 유성구청,2025-07-16
죽동035,1,,대전광역시 유성구 죽동 248,36.37953502,127.3304095,2020,한전주,042-611-2506,대전광역시 유성구청,2025-07-16
죽동036,1,대전광역시 유성구 은구비로136번길 81-43,대전광역시 유성구 죽동 588,36.37995877,127.3306666,2020,한전주,042-611-2506,대전광역시 유성구청,2025-07-16
죽동037,1,대전광역시 유성구 은구비로136번길 125-19,대전광역시 유성구 죽동 228-11,36.37649003,127.3312995,2020,한전주,042-611-2506,대전광역시 유성구청,2025-07-16
미부착1,1,,대전광역시 유성구 금고동 231-6,36.47232303,127.3879735,2020,한전주,042-611-2506,대전광역시 유성구청,2025-07-16
미부착2,1,대전광역시 유성구 한우물로 87-24,대전광역시 유성구 대정동 169-1,36.31368195,127.3267785,2020,한전주,042-611-2506,대전광역시 유성구청,2025-07-16
계산동001,1,대전광역시 유성구 동서대로189번길 21,대전광역시 유성구 덕명동 171-62,36.34551679,127.2962016,2020,한전주,042-611-2506,대전광역시 유성구청,2025-07-16
계산동002,1,대전광역시 유성구 동서대로 195,대전광역시 유성구 계산동 352-6,36.34506775,127.2951373,2020,한전주,042-611-2506,대전광역시 유성구청,2025-07-16
계산동003,1,,대전광역시 유성구 계산동 352-7,36.34508955,127.295443,2020,한전주,042-611-2506,대전광역시 유성구청,2025-07-16
계산동004,1,대전광역시 유성구 수통골로 5,대전광역시 유성구 계산동 352-5,36.3451965,127.2940871,2020,한전주,042-611-2506,대전광역시 유성구청,2025-07-16
계산동006,1,,대전광역시 유성구 계산동 산 1-1,36.3393119,127.2940481,2020,한전주,042-611-2506,대전광역시 유성구청,2025-07-16
계산동007,1,대전광역시 유성구 수통골로 5,대전광역시 유성구 계산동 352-5,36.3451965,127.2940871,2020,한전주,042-611-2506,대전광역시 유성구청,2025-07-16
계산동008,1,,대전광역시 유성구 계산동 산 10-2,36.34081177,127.2990137,2020,건축물,042-611-2506,대전광역시 유성구청,2025-07-16
계산동009,1,대전광역시 유성구 학하서로63번길 83,대전광역시 유성구 계산동 267-10,36.3396073052,127.2987440227,2020,건축물,042-611-2506,대전광역시 유성구청,2025-07-16
계산동010,1,대전광역시 유성구 학하서로63번길 83,대전광역시 유성구 계산동 267-10,36.3396073052,127.2987440227,2020,건축물,042-611-2506,대전광역시 유성구청,2025-07-16
계산동011,1,,대전광역시 유성구 계산동 788,36.33885305,127.2983552,2020,한전주,042-611-2506,대전광역시 유성구청,2025-07-16
계산동012,1,대전광역시 유성구 학산로 50-5,대전광역시 유성구 계산동 280,36.33863805,127.2978867,2020,한전주,042-611-2506,대전광역시 유성구청,2025-07-16
계산동013,1,대전광역시 유성구 학산로 50-20,대전광역시 유성구 계산동 273,36.33908702,127.2975964,2020,한전주,042-611-2506,대전광역시 유성구청,2025-07-16
계산동014,1,대전광역시 유성구 학산로 50-20,대전광역시 유성구 계산동 273,36.33908702,127.2975964,2020,한전주,042-611-2506,대전광역시 유성구청,2025-07-16
계산동015,1,대전광역시 유성구 학산로 62-54,대전광역시 유성구 계산동 277-1,36.33924533,127.2968824,2020,한전주,042-611-2506,대전광역시 유성구청,2025-07-16
계산동016,1,대전광역시 유성구 동서대로 272,대전광역시 유성구 계산동 278,36.33872516,127.2965932,2020,한전주,042-611-2506,대전광역시 유성구청,2025-07-16
계산동017,1,대전광역시 유성구 동서대로 272,대전광역시 유성구 계산동 278,36.33872516,127.2965932,2020,한전주,042-611-2506,대전광역시 유성구청,2025-07-16
계산동018,1,대전광역시 유성구 학산로 50-5,대전광역시 유성구 계산동 280,36.33863805,127.2978867,2020,한전주,042-611-2506,대전광역시 유성구청,2025-07-16
계산동019,1,대전광역시 유성구 학산로 62-15,대전광역시 유성구 계산동 281,36.33792624,127.2980185,2020,한전주,042-611-2506,대전광역시 유성구청,2025-07-16
계산동020,1,대전광역시 유성구 학산로 83,대전광역시 유성구 계산동 762-1,36.33585467,127.2998314,2020,한전주,042-611-2506,대전광역시 유성구청,2025-07-16
계산동021,1,대전광역시 유성구 학산로 80-15,대전광역시 유성구 계산동 300-5,36.33567144,127.299085,2020,한전주,042-611-2506,대전광역시 유성구청,2025-07-16
계산동022,1,대전광역시 유성구 원계산로 238-44,대전광역시 유성구 계산동 305-1,36.33528576,127.3012633,2020,한전주,042-611-2506,대전광역시 유성구청,2025-07-16
계산동023,1,,대전광역시 유성구 계산동 305-3,36.33467151,127.3010137,2020,한전주,042-611-2506,대전광역시 유성구청,2025-07-16
계산동024,1,,대전광역시 유성구 계산동 305-3,36.33467151,127.3010137,2020,건축물,042-611-2506,대전광역시 유성구청,2025-07-16
계산동025,1,대전광역시 유성구 원계산로 238,대전광역시 유성구 계산동 308-2,36.33355443,127.3011124,2020,건축물,042-611-2506,대전광역시 유성구청,2025-07-16
계산동026,1,,대전광역시 유성구 계산동 685,36.33336011,127.3013176,2020,한전주,042-611-2506,대전광역시 유성구청,2025-07-16
계산동027,1,,대전광역시 유성구 계산동 329,36.33364935,127.3000563,2020,한전주,042-611-2506,대전광역시 유성구청,2025-07-16
계산동028,1,대전광역시 유성구 원계산로 248-1,대전광역시 유성구 계산동 308-5,36.33401944,127.3000034,2020,한전주,042-611-2506,대전광역시 유성구청,2025-07-16
계산동029,1,대전광역시 유성구 원계산로 254,대전광역시 유성구 계산동 313,36.33397482,127.2991422,2020,한전주,042-611-2506,대전광역시 유성구청,2025-07-16
계산동030,1,,대전광역시 유성구 계산동 314-1,36.3337175,127.2990185,2020,한전주,042-611-2506,대전광역시 유성구청,2025-07-16
계산동031,1,대전광역시 유성구 원계산로 262,대전광역시 유성구 계산동 319-17,36.33374154,127.298408,2020,한전주,042-611-2506,대전광역시 유성구청,2025-07-16
계산동032,1,대전광역시 유성구 원계산로 238,대전광역시 유성구 계산동 308-2,36.33355443,127.3011124,2020,한전주,042-611-2506,대전광역시 유성구청,2025-07-16
계산동033,1,대전광역시 유성구 원계산로 237-11,대전광역시 유성구 계산동 336,36.33313485,127.3005353,2020,한전주,042-611-2506,대전광역시 유성구청,2025-07-16
계산동034,1,대전광역시 유성구 원계산로 237-24,대전광역시 유성구 계산동 337-1,36.33268958,127.2998554,2020,한전주,042-611-2506,대전광역시 유성구청,2025-07-16
계산동035,1,대전광역시 유성구 원계산로 237-48,대전광역시 유성구 계산동 338-3,36.33208059,127.3000233,2020,한전주,042-611-2506,대전광역시 유성구청,2025-07-16
계산동036,1,대전광역시 유성구 원계산로 237-64,대전광역시 유성구 계산동 189-13,36.33130782,127.2999173,2020,한전주,042-611-2506,대전광역시 유성구청,2025-07-16
계산동037,1,,대전광역시 유성구 계산동 685,36.33336011,127.3013176,2020,한전주,042-611-2506,대전광역시 유성구청,2025-07-16
계산동038,1,대전광역시 유성구 원계산로 223,대전광역시 유성구 계산동 195-1,36.33225532,127.3018861,2020,한전주,042-611-2506,대전광역시 유성구청,2025-07-16
계산동039,1,대전광역시 유성구 원계산로 216,대전광역시 유성구 계산동 182,36.33222603,127.3027421,2020,한전주,042-611-2506,대전광역시 유성구청,2025-07-16
계산동040,1,대전광역시 유성구 원계산로 198,대전광역시 유성구 계산동 184,36.33153694,127.3040732,2020,한전주,042-611-2506,대전광역시 유성구청,2025-07-16
계산동041,1,대전광역시 유성구 원계산로 196,대전광역시 유성구 계산동 187,36.33125324,127.304611,2020,한전주,042-611-2506,대전광역시 유성구청,2025-07-16
계산동042,1,대전광역시 유성구 원계산로 192,대전광역시 유성구 계산동 177-3,36.33036174,127.3043454,2020,한전주,042-611-2506,대전광역시 유성구청,2025-07-16
계산동043,1,대전광역시 유성구 원계산로 182-34,대전광역시 유성구 계산동 178-2,36.33055375,127.305559,2020,한전주,042-611-2506,대전광역시 유성구청,2025-07-16
계산동044,1,대전광역시 유성구 원계산로 167,대전광역시 유성구 계산동 159-1,36.32852374,127.3037606,2020,한전주,042-611-2506,대전광역시 유성구청,2025-07-16
계산동045,1,대전광역시 유성구 원계산로 167,대전광역시 유성구 계산동 159-1,36.32852374,127.3037606,2020,한전주,042-611-2506,대전광역시 유성구청,2025-07-16
계산동046,1,대전광역시 유성구 원계산로 167,대전광역시 유성구 계산동 159-1,36.32852374,127.3037606,2020,한전주,042-611-2506,대전광역시 유성구청,2025-07-16
계산동047,1,대전광역시 유성구 원계산로 163-45,대전광역시 유성구 계산동 산 38,36.32867894,127.3021178,2020,한전주,042-611-2506,대전광역시 유성구청,2025-07-16
계산동048,1,대전광역시 유성구 원계산로 163-45,대전광역시 유성구 계산동 산 38,36.32867894,127.3021178,2020,한전주,042-611-2506,대전광역시 유성구청,2025-07-16
계산동049,1,대전광역시 유성구 원계산로 163-50,대전광역시 유성구 계산동 156,36.3298574,127.3026479,2020,한전주,042-611-2506,대전광역시 유성구청,2025-07-16
계산동050,1,대전광역시 유성구 원계산로 163-45,대전광역시 유성구 계산동 산 38,36.32867894,127.3021178,2020,한전주,042-611-2506,대전광역시 유성구청,2025-07-16
계산동051,1,대전광역시 유성구 원계산로 163-50,대전광역시 유성구 계산동 156,36.32984876,127.3026915,2020,한전주,042-611-2506,대전광역시 유성구청,2025-07-16
계산동052,1,대전광역시 유성구 원계산로 163-50,대전광역시 유성구 계산동 156,36.32984876,127.3026915,2020,한전주,042-611-2506,대전광역시 유성구청,2025-07-16
계산동053,1,대전광역시 유성구 원계산로 163-45,대전광역시 유성구 계산동 산 38,36.32867894,127.3021178,2020,한전주,042-611-2506,대전광역시 유성구청,2025-07-16
계산동054,1,대전광역시 유성구 원계산로 163-145,대전광역시 유성구 계산동 산 39-3,36.32967333,127.298702,2020,한전주,042-611-2506,대전광역시 유성구청,2025-07-16
계산동055,1,대전광역시 유성구 원계산로145번길 30,대전광역시 유성구 계산동 126,36.32693887,127.3032513,2020,한전주,042-611-2506,대전광역시 유성구청,2025-07-16
계산동056,1,대전광역시 유성구 진잠옛로73번길 137,대전광역시 유성구 계산동 132,36.32695073,127.3042216,2020,한전주,042-611-2506,대전광역시 유성구청,2025-07-16
계산동057,1,대전광역시 유성구 원계산로146번길 25,대전광역시 유성구 계산동 133-1,36.32674021,127.3048603,2020,한전주,042-611-2506,대전광역시 유성구청,2025-07-16
계산동058,1,대전광역시 유성구 원계산로146번길 25,대전광역시 유성구 계산동 133-1,36.32674021,127.3048603,2020,한전주,042-611-2506,대전광역시 유성구청,2025-07-16
계산동059,1,대전광역시 유성구 진잠옛로73번길 116,대전광역시 유성구 계산동 47-1,36.3274395,127.305298,2020,한전주,042-611-2506,대전광역시 유성구청,2025-07-16
계산동060,1,대전광역시 유성구 진잠옛로73번길 122-40,대전광역시 유성구 계산동 139-15,36.32782719,127.305681,2020,한전주,042-611-2506,대전광역시 유성구청,2025-07-16
계산동061,1,대전광역시 유성구 진잠옛로73번길 116,대전광역시 유성구 계산동 47-1,36.3274479,127.3052945,2020,한전주,042-611-2506,대전광역시 유성구청,2025-07-16
계산동062,1,대전광역시 유성구 진잠옛로73번길 116,대전광역시 유성구 계산동 47-1,36.3274479,127.3052945,2020,한전주,042-611-2506,대전광역시 유성구청,2025-07-16
계산동063,1,대전광역시 유성구 진잠옛로73번길 116,대전광역시 유성구 계산동 47-1,36.3274479,127.3052945,2020,한전주,042-611-2506,대전광역시 유성구청,2025-07-16
계산동064,1,대전광역시 유성구 진잠옛로73번길 64-4,대전광역시 유성구 계산동 11-6,36.3274479,127.308294,2020,한전주,042-611-2506,대전광역시 유성구청,2025-07-16
계산동065,1,대전광역시 유성구 진잠옛로73번길 64-4,대전광역시 유성구 계산동 11-6,36.3274479,127.308294,2020,한전주,042-611-2506,대전광역시 유성구청,2025-07-16
계산동066,1,대전광역시 유성구 진잠옛로73번길 64-4,대전광역시 유성구 계산동 11-6,36.32744404,127.3082985,2020,한전주,042-611-2506,대전광역시 유성구청,2025-07-16
계산동067,1,대전광역시 유성구 진잠옛로73번길 64-4,대전광역시 유성구 계산동 11-6,36.32744404,127.3082985,2020,한전주,042-611-2506,대전광역시 유성구청,2025-07-16
계산동068,1,대전광역시 유성구 진잠옛로73번길 64-4,대전광역시 유성구 계산동 11-6,36.32744404,127.3082985,2020,한전주,042-611-2506,대전광역시 유성구청,2025-07-16
계산동069,1,대전광역시 유성구 진잠옛로73번길 52,대전광역시 유성구 계산동 7-1,36.32787518,127.3094455,2020,한전주,042-611-2506,대전광역시 유성구청,2025-07-16
계산동070,1,대전광역시 유성구 진잠옛로73번길 38,대전광역시 유성구 계산동 5,36.32715725,127.309813,2020,한전주,042-611-2506,대전광역시 유성구청,2025-07-16
계산동071,1,대전광역시 유성구 원계산로146번길 21,대전광역시 유성구 계산동 133-2,36.3266508,127.3046163,2020,한전주,042-611-2506,대전광역시 유성구청,2025-07-16
계산동072,1,대전광역시 유성구 원계산로146번길 9,대전광역시 유성구 계산동 130,36.32660428,127.3042014,2020,한전주,042-611-2506,대전광역시 유성구청,2025-07-16
계산동073,1,대전광역시 유성구 원계산로146번길 2,대전광역시 유성구 계산동 106-1,36.32638417,127.3039346,2020,한전주,042-611-2506,대전광역시 유성구청,2025-07-16
계산동074,1,대전광역시 유성구 원계산로145번길 7,대전광역시 유성구 계산동 109,36.32621557,127.3034339,2020,한전주,042-611-2506,대전광역시 유성구청,2025-07-16
계산동075,1,대전광역시 유성구 원계산로145번길 21,대전광역시 유성구 계산동 122-1,36.32674215,127.3029975,2020,한전주,042-611-2506,대전광역시 유성구청,2025-07-16
계산동076,1,대전광역시 유성구 원계산로 140,대전광역시 유성구 계산동 104-3,36.32589007,127.3041394,2020,한전주,042-611-2506,대전광역시 유성구청,2025-07-16
계산동077,1,대전광역시 유성구 원계산로 134,대전광역시 유성구 계산동 81-1,36.32540817,127.3042596,2020,한전주,042-611-2506,대전광역시 유성구청,2025-07-16
계산동078,1,대전광역시 유성구 원계산로 129,대전광역시 유성구 계산동 79,36.325196,127.3037031,2020,한전주,042-611-2506,대전광역시 유성구청,2025-07-16
계산동079,1,대전광역시 유성구 원계산로127번길 5,대전광역시 유성구 계산동 66-1,36.32501094,127.3034396,2020,건축물,042-611-2506,대전광역시 유성구청,2025-07-16
계산동080,1,대전광역시 유성구 원계산로127번길 16,대전광역시 유성구 계산동 77-3,36.3253746,127.3031781,2020,한전주,042-611-2506,대전광역시 유성구청,2025-07-16
계산동081,1,대전광역시 유성구 원계산로127번길 20,대전광역시 유성구 계산동 73,36.325225,127.3023633,2020,한전주,042-611-2506,대전광역시 유성구청,2025-07-16
계산동082,1,대전광역시 유성구 원계산로127번길 20,대전광역시 유성구 계산동 73,36.325225,127.3023633,2020,한전주,042-611-2506,대전광역시 유성구청,2025-07-16
계산동083,1,대전광역시 유성구 원계산로 125,대전광역시 유성구 계산동 66-3,36.32476263,127.303491,2020,한전주,042-611-2506,대전광역시 유성구청,2025-07-16
계산동084,1,대전광역시 유성구 원계산로 102,대전광역시 유성구 계산동 산 31-10,36.323016,127.3053156,2020,한전주,042-611-2506,대전광역시 유성구청,2025-07-16
계산동085,1,대전광역시 유성구 원계산로 102,대전광역시 유성구 계산동 산 31-10,36.323016,127.3053156,2020,한전주,042-611-2506,대전광역시 유성구청,2025-07-16
계산동086,1,대전광역시 유성구 원계산로 56-1,대전광역시 유성구 계산동 40-5,36.3225792,127.3082281,2020,한전주,042-611-2506,대전광역시 유성구청,2025-07-16
계산동087,1,대전광역시 유성구 학하서로63번길 70-15,대전광역시 유성구 계산동 264-1,36.3398934,127.2977011,2020,한전주,042-611-2506,대전광역시 유성구청,2025-07-16
계산동088,1,대전광역시 유성구 학하서로63번길 70-15,대전광역시 유성구 계산동 264-1,36.3398934,127.2977011,2020,건축물,042-611-2506,대전광역시 유성구청,2025-07-16
계산동089,1,대전광역시 유성구 원계산로145번길 16,대전광역시 유성구 계산동 128,36.32663208,127.303665046,2020,한전주,042-611-2506,대전광역시 유성구청,2025-07-16
계산동090,1,대전광역시 유성구 원계산로145번길 9,대전광역시 유성구 계산동 123-1,36.32652232,127.302905,2020,한전주,042-611-2506,대전광역시 유성구청,2025-07-16
계산동091,1,,대전광역시 유성구 계산동 270,36.33877783,127.2981893,2020,한전주,042-611-2506,대전광역시 유성구청,2025-07-16
계산동092,1,,대전광역시 유성구 계산동 산 10-2,36.34081177,127.2990137,2020,전용주,042-611-2506,대전광역시 유성구청,2025-07-16
계산동093,1,대전광역시 유성구 학산로 46-11,대전광역시 유성구 계산동 266,36.33992744,127.2983266,2020,한전주,042-611-2506,대전광역시 유성구청,2025-07-16
계산동094,1,대전광역시 유성구 원계산로 238,대전광역시 유성구 계산동 308-2,36.33355443,127.3011124,2020,,042-611-2506,대전광역시 유성구청,2025-07-16
계산동095,1,대전광역시 유성구 원계산로 140,대전광역시 유성구 계산동 104-3,36.32589007,127.3041394,2020,한전주,042-611-2506,대전광역시 유성구청,2025-07-16
관평동001,1,대전광역시 유성구 관용로 83-33,대전광역시 유성구 관평동 480,36.41472578,127.3859326,2020,한전주,042-611-2506,대전광역시 유성구청,2025-07-16
관평동002,1,대전광역시 유성구 관용로 80,대전광역시 유성구 관평동 529-4,36.41376413,127.3849351,2020,한전주,042-611-2506,대전광역시 유성구청,2025-07-16
관평동003,1,대전광역시 유성구 관용로 83-5,대전광역시 유성구 관평동 530-4,36.41406547,127.3853838,2020,한전주,042-611-2506,대전광역시 유성구청,2025-07-16
관평동004,1,대전광역시 유성구 관용로 83-5,대전광역시 유성구 관평동 530-4,36.41406547,127.3853838,2020,한전주,042-611-2506,대전광역시 유성구청,2025-07-16
관평동005,1,대전광역시 유성구 관용로 79,대전광역시 유성구 관평동 530-1,36.41400258,127.3846539,2020,한전주,042-611-2506,대전광역시 유성구청,2025-07-16
관평동006,1,,대전광역시 유성구 관평동 651,36.41377731,127.383082,2020,한전주,042-611-2506,대전광역시 유성구청,2025-07-16
관평동007,1,대전광역시 유성구 관용로 75,대전광역시 유성구 관평동 530-5,36.41372442,127.3843377,2020,한전주,042-611-2506,대전광역시 유성구청,2025-07-16
관평동008,1,대전광역시 유성구 관용로 59,대전광역시 유성구 관평동 536-1,36.41438849,127.3829623,2020,한전주,042-611-2506,대전광역시 유성구청,2025-07-16
관평동009,1,대전광역시 유성구 관용로 67,대전광역시 유성구 관평동 535-3,36.41432709,127.3837305,2020,한전주,042-611-2506,대전광역시 유성구청,2025-07-16
관평동010,1,대전광역시 유성구 관용로63번길 24,대전광역시 유성구 관평동 산 24-1,36.41488692,127.3841984,2020,한전주,042-611-2506,대전광역시 유성구청,2025-07-16
관평동011,1,대전광역시 유성구 관용로63번길 33,대전광역시 유성구 관평동 548-1,36.41536315,127.3839554,2020,한전주,042-611-2506,대전광역시 유성구청,2025-07-16
관평동012,1,대전광역시 유성구 관용로63번길 43,대전광역시 유성구 관평동 549-1,36.41579265,127.3842644,2020,한전주,042-611-2506,대전광역시 유성구청,2025-07-16
관평동013,1,대전광역시 유성구 관용로63번길 48,대전광역시 유성구 관평동 552-2,36.41593894,127.3848706,2020,한전주,042-611-2506,대전광역시 유성구청,2025-07-16
관평동014,1,대전광역시 유성구 관용로 59,대전광역시 유성구 관평동 536-1,36.41438849,127.3829623,2020,한전주,042-611-2506,대전광역시 유성구청,2025-07-16
관평동015,1,대전광역시 유성구 관용로 52,대전광역시 유성구 관평동 542-22,36.41464025,127.3820119,2020,한전주,042-611-2506,대전광역시 유성구청,2025-07-16
관평동016,1,대전광역시 유성구 관용로 50,대전광역시 유성구 관평동 541,36.41465867,127.3818335,2020,한전주,042-611-2506,대전광역시 유성구청,2025-07-16
관평동017,1,대전광역시 유성구 관용로 42,대전광역시 유성구 관평동 542,36.41513459,127.3811517,2020,한전주,042-611-2506,대전광역시 유성구청,2025-07-16
관평동018,1,대전광역시 유성구 관용로 42,대전광역시 유성구 관평동 542,36.41513459,127.3811517,2020,한전주,042-611-2506,대전광역시 유성구청,2025-07-16
관평동019,1,,대전광역시 유성구 관평동 542-26,36.41572134,127.3817365,2020,한전주,042-611-2506,대전광역시 유성구청,2025-07-16
관평동020,1,대전광역시 유성구 관용로37번길 15,대전광역시 유성구 관평동 544,36.41623738,127.3814796,2020,건축물,042-611-2506,대전광역시 유성구청,2025-07-16
관평동021,1,대전광역시 유성구 관용로37번길 19,대전광역시 유성구 관평동 558,36.41616582,127.3817339,2020,건축물,042-611-2506,대전광역시 유성구청,2025-07-16
관평동022,1,대전광역시 유성구 관용로 33,대전광역시 유성구 관평동 544-4,36.41602974,127.3811734,2020,한전주,042-611-2506,대전광역시 유성구청,2025-07-16
관평동023,1,대전광역시 유성구 관용로 33,대전광역시 유성구 관평동 544-4,36.41602974,127.3811734,2020,한전주,042-611-2506,대전광역시 유성구청,2025-07-16
관평동024,1,대전광역시 유성구 관용로31번길 18,대전광역시 유성구 관평동 559,36.4164426,127.3815911,2020,한전주,042-611-2506,대전광역시 유성구청,2025-07-16
관평동025,1,대전광역시 유성구 관용로31번길 23,대전광역시 유성구 관평동 565-1,36.41674754,127.3813916,2020,한전주,042-611-2506,대전광역시 유성구청,2025-07-16
관평동026,1,대전광역시 유성구 관용로31번길 20,대전광역시 유성구 관평동 557,36.41653063,127.3817306,2020,건축물,042-611-2506,대전광역시 유성구청,2025-07-16
관평동027,1,대전광역시 유성구 관용로31번길 20,대전광역시 유성구 관평동 557,36.41653063,127.3817306,2020,건축물,042-611-2506,대전광역시 유성구청,2025-07-16
관평동028,1,대전광역시 유성구 관용로31번길 30,대전광역시 유성구 관평동 561-1,36.4170439,127.3817688,2020,한전주,042-611-2506,대전광역시 유성구청,2025-07-16
관평동029,1,대전광역시 유성구 관용로31번길 33,대전광역시 유성구 관평동 562-2,36.41720868,127.3816126,2020,한전주,042-611-2506,대전광역시 유성구청,2025-07-16
관평동030,1,대전광역시 유성구 관용로31번길 37,대전광역시 유성구 관평동 562-5,36.4174169,127.3817366,2020,한전주,042-611-2506,대전광역시 유성구청,2025-07-16
관평동031,1,,대전광역시 유성구 관평동 562-1,36.41800608,127.3820576,2020,한전주,042-611-2506,대전광역시 유성구청,2025-07-16
관평동032,1,대전광역시 유성구 관용로31번길 61,대전광역시 유성구 관평동 581-9,36.41848271,127.3819324,2020,한전주,042-611-2506,대전광역시 유성구청,2025-07-16
관평동033,1,,대전광역시 유성구 관평동 574-7,36.41735236,127.3805285,2020,한전주,042-611-2506,대전광역시 유성구청,2025-07-16
관평동035,1,대전광역시 유성구 관용로 13,대전광역시 유성구 관평동 610-1,36.4170419,127.3791882,2020,한전주,042-611-2506,대전광역시 유성구청,2025-07-16
관평동036,1,대전광역시 유성구 관용로 13,대전광역시 유성구 관평동 610-1,36.41707446,127.3791055,2020,한전주,042-611-2506,대전광역시 유성구청,2025-07-16
관평동037,1,대전광역시 유성구 관용로 13,대전광역시 유성구 관평동 610-1,36.41707446,127.3791055,2020,한전주,042-611-2506,대전광역시 유성구청,2025-07-16
관평동038,1,대전광역시 유성구 관용로 13,대전광역시 유성구 관평동 610-1,36.41707446,127.3791055,2020,한전주,042-611-2506,대전광역시 유성구청,2025-07-16
관평동039,1,대전광역시 유성구 대덕대로 988,대전광역시 유성구 화암동 299-29,36.41700194,127.3783602,2020,한전주,042-611-2506,대전광역시 유성구청,2025-07-16
관평동041,1,,대전광역시 유성구 관평동 553-3,36.41583913,127.3844891,2020,한전주,042-611-2506,대전광역시 유성구청,2025-07-16
교촌동001,1,,대전광역시 유성구 교촌동 472,36.31193868,127.316061,2020,한전주,042-611-2506,대전광역시 유성구청,2025-07-16
교촌동002,1,,대전광역시 유성구 교촌동 472,36.31193868,127.316061,2020,한전주,042-611-2506,대전광역시 유성구청,2025-07-16
교촌동003,1,대전광역시 유성구 유성대로155번길 20,대전광역시 유성구 교촌동 469-9,36.31172432,127.315777,2020,한전주,042-611-2506,대전광역시 유성구청,2025-07-16
교촌동004,1,대전광역시 유성구 유성대로155번길 24,대전광역시 유성구 교촌동 469-4,36.3115498,127.3155555,2020,한전주,042-611-2506,대전광역시 유성구청,2025-07-16
교촌동005,1,대전광역시 유성구 유성대로155번길 22,대전광역시 유성구 교촌동 469-3,36.31161545,127.3156772,2020,전용주,042-611-2506,대전광역시 유성구청,2025-07-16
교촌동006,1,대전광역시 유성구 유성대로155번길 46-2,대전광역시 유성구 교촌동 469-2,36.31098723,127.3148589,2020,한전주,042-611-2506,대전광역시 유성구청,2025-07-16
교촌동007,1,대전광역시 유성구 유성대로155번길 46-2,대전광역시 유성구 교촌동 469-2,36.31098723,127.3148589,2020,한전주,042-611-2506,대전광역시 유성구청,2025-07-16
교촌동008,1,대전광역시 유성구 유성대로155번길 46-8,대전광역시 유성구 교촌동 486,36.3107443,127.3144818,2020,한전주,042-611-2506,대전광역시 유성구청,2025-07-16
교촌동009,1,대전광역시 유성구 유성대로155번길 60-26,대전광역시 유성구 교촌동 470-1,36.31121568,127.3144459,2020,한전주,042-611-2506,대전광역시 유성구청,2025-07-16
교촌동010,1,대전광역시 유성구 유성대로155번길 60-43,대전광역시 유성구 교촌동 산 9-1,36.31153712,127.3134905,2020,한전주,042-611-2506,대전광역시 유성구청,2025-07-16
교촌동011,1,대전광역시 유성구 유성대로155번길 60-7,대전광역시 유성구 교촌동 462,36.31071177,127.3140277,2020,한전주,042-611-2506,대전광역시 유성구청,2025-07-16
교촌동012,1,,대전광역시 유성구 교촌동산 9-2,36.3096071,127.3136518,2020,한전주,042-611-2506,대전광역시 유성구청,2025-07-16
교촌동013,1,대전광역시 유성구 유성대로155번길 66,대전광역시 유성구 교촌동 459-1,36.31031911,127.3139617,2020,한전주,042-611-2506,대전광역시 유성구청,2025-07-16
교촌동014,1,대전광역시 유성구 유성대로155번길 73,대전광역시 유성구 교촌동 489,36.30994091,127.3140522,2020,한전주,042-611-2506,대전광역시 유성구청,2025-07-16
교촌동015,1,대전광역시 유성구 유성대로155번길 83,대전광역시 유성구 교촌동 490,36.30969213,127.313764,2020,한전주,042-611-2506,대전광역시 유성구청,2025-07-16
교촌동016,1,대전광역시 유성구 유성대로155번길 74,대전광역시 유성구 교촌동 459-2,36.31014981,127.3138442,2020,한전주,042-611-2506,대전광역시 유성구청,2025-07-16
교촌동017,1,대전광역시 유성구 유성대로155번길 83,대전광역시 유성구 교촌동 490,36.30969213,127.313764,2020,한전주,042-611-2506,대전광역시 유성구청,2025-07-16
교촌동018,1,대전광역시 유성구 유성대로155번길 92,대전광역시 유성구 교촌동 457-3,36.30956896,127.3130011,2020,한전주,042-611-2506,대전광역시 유성구청,2025-07-16
교촌동019,1,대전광역시 유성구 유성대로155번길 109-6,대전광역시 유성구 교촌동 442-1,36.30936104,127.3119047,2020,한전주,042-611-2506,대전광역시 유성구청,2025-07-16
교촌동020,1,대전광역시 유성구 유성대로155번길 109-12,대전광역시 유성구 교촌동 442,36.30937483,127.3116597,2020,한전주,042-611-2506,대전광역시 유성구청,2025-07-16
교촌동021,1,,대전광역시 유성구 교촌동 554-13,36.31207373,127.3051571,2020,한전주,042-611-2506,대전광역시 유성구청,2025-07-16
교촌동022,1,,대전광역시 유성구 교촌동 554-13,36.31207373,127.3051571,2020,한전주,042-611-2506,대전광역시 유성구청,2025-07-16
교촌동023,1,대전광역시 유성구 교촌대정로 115,대전광역시 유성구 교촌동 558-2,36.31128298,127.3059789,2020,한전주,042-611-2506,대전광역시 유성구청,2025-07-16
교촌동024,1,대전광역시 유성구 교촌대정로 117,대전광역시 유성구 교촌동 555-1,36.31141134,127.305685,2020,한전주,042-611-2506,대전광역시 유성구청,2025-07-16
교촌동025,1,대전광역시 유성구 교촌대정로 109,대전광역시 유성구 교촌동 562,36.3108653,127.3062908,2020,건축물,042-611-2506,대전광역시 유성구청,2025-07-16
교촌동026,1,대전광역시 유성구 교촌대정로 107,대전광역시 유성구 교촌동 563,36.31078831,127.3065132,2020,한전주,042-611-2506,대전광역시 유성구청,2025-07-16
교촌동027,1,대전광역시 유성구 교촌대정로 103,대전광역시 유성구 교촌동 566,36.31038397,127.3066464,2020,한전주,042-611-2506,대전광역시 유성구청,2025-07-16
교촌동028,1,대전광역시 유성구 교촌대정로 99,대전광역시 유성구 교촌동 산 1-18,36.30989577,127.3065505,2020,한전주,042-611-2506,대전광역시 유성구청,2025-07-16
교촌동029,1,대전광역시 유성구 교촌대정로 99,대전광역시 유성구 교촌동 산 1-18,36.30989577,127.3065505,2020,한전주,042-611-2506,대전광역시 유성구청,2025-07-16
교촌동030,1,대전광역시 유성구 교촌대정로 97,대전광역시 유성구 교촌동 567,36.30788896,127.3063614,2020,건축물,042-611-2506,대전광역시 유성구청,2025-07-16
교촌동031,1,대전광역시 유성구 교촌대정로 97,대전광역시 유성구 교촌동 567,36.30788896,127.3063614,2020,건축물,042-611-2506,대전광역시 유성구청,2025-07-16
교촌동032,1,대전광역시 유성구 교촌대정로 97,대전광역시 유성구 교촌동 567,36.30788896,127.3063614,2020,건축물,042-611-2506,대전광역시 유성구청,2025-07-16
교촌동033,1,대전광역시 유성구 교촌대정로 49,대전광역시 유성구 교촌동 662,36.3113081611,127.3118288001,2020,한전주,042-611-2506,대전광역시 유성구청,2025-07-16
교촌동034,1,,대전광역시 유성구 교촌동 440-3,36.30967713,127.3118755,2020,한전주,042-611-2506,대전광역시 유성구청,2025-07-16
교촌동035,1,대전광역시 유성구 유성대로155번길 109-8,대전광역시 유성구 교촌동 444,36.30954856,127.3117359,2020,한전주,042-611-2506,대전광역시 유성구청,2025-07-16
교촌동036,1,대전광역시 유성구 유성대로155번길 109-8,대전광역시 유성구 교촌동 444,36.30954856,127.3117359,2020,한전주,042-611-2506,대전광역시 유성구청,2025-07-16
교촌동037,1,대전광역시 유성구 한우물로 5,대전광역시 유성구 교촌동 332-7,36.30980939,127.3188363,2020,건축물,042-611-2506,대전광역시 유성구청,2025-07-16
교촌동038,1,대전광역시 유성구 교촌대정로 2-178,대전광역시 유성구 교촌동 7-10,36.3113946,127.3078911,2020,한전주,042-611-2506,대전광역시 유성구청,2025-07-16
교촌동039,1,대전광역시 유성구 교촌대정로 2-178,대전광역시 유성구 교촌동 7-10,36.3113946,127.3078911,2020,한전주,042-611-2506,대전광역시 유성구청,2025-07-16
교촌동040,1,대전광역시 유성구 교촌대정로 97,대전광역시 유성구 교촌동 567,36.30788896,127.3063614,2020,한전주,042-611-2506,대전광역시 유성구청,2025-07-16
교촌동041,1,대전광역시 유성구 교촌대정로 95-1,대전광역시 유성구 교촌동 411-6,36.30788439,127.3075788,2020,한전주,042-611-2506,대전광역시 유성구청,2025-07-16
교촌동042,1,,대전광역시 유성구 교촌동 산 13-5,36.3070058,127.3084373,2020,한전주,042-611-2506,대전광역시 유성구청,2025-07-16
교촌동043,1,대전광역시 유성구 교촌대정로93번길 96,대전광역시 유성구 교촌동 395-2,36.30555524,127.3084365,2020,한전주,042-611-2506,대전광역시 유성구청,2025-07-16
교촌동044,1,대전광역시 유성구 교촌대정로87번길 171-13,대전광역시 유성구 교촌동 368-3,36.30341537,127.3109425,2020,한전주,042-611-2506,대전광역시 유성구청,2025-07-16
교촌동045,1,대전광역시 유성구 교촌대정로87번길 171-13,대전광역시 유성구 교촌동 368-3,36.30341537,127.3109425,2020,전용주,042-611-2506,대전광역시 유성구청,2025-07-16
교촌동046,1,,대전광역시 유성구 교촌동 572-4,36.3018709,127.3130367,2020,전용주,042-611-2506,대전광역시 유성구청,2025-07-16
교촌동047,1,,대전광역시 유성구 교촌동 572-4,36.3018709,127.3130367,2020,전용주,042-611-2506,대전광역시 유성구청,2025-07-16
교촌동048,1,,대전광역시 유성구 교촌동 572-4,36.3018709,127.3130367,2020,전용주,042-611-2506,대전광역시 유성구청,2025-07-16
교촌동049,1,,대전광역시 유성구 교촌동 572-4,36.3018709,127.3130367,2020,한전주,042-611-2506,대전광역시 유성구청,2025-07-16
교촌동050,1,,대전광역시 유성구 교촌동 572-4,36.3018709,127.3130367,2020,한전주,042-611-2506,대전광역시 유성구청,2025-07-16
교촌동051,1,대전광역시 유성구 교촌대정로87번길 220,대전광역시 유성구 교촌동 236-3,36.30148341,127.3134981,2020,한전주,042-611-2506,대전광역시 유성구청,2025-07-16
교촌동052,1,대전광역시 유성구 교촌로 30,대전광역시 유성구 교촌동 640-1,36.30116749,127.3136577,2020,한전주,042-611-2506,대전광역시 유성구청,2025-07-16
교촌동053,1,대전광역시 유성구 교촌로 28,대전광역시 유성구 교촌동 640-12,36.30105169,127.3136899,2020,한전주,042-611-2506,대전광역시 유성구청,2025-07-16
교촌동054,1,대전광역시 유성구 교촌로10번길 17,대전광역시 유성구 교촌동 642-1,36.30047414,127.3140944,2020,한전주,042-611-2506,대전광역시 유성구청,2025-07-16
교촌동055,1,대전광역시 유성구 교촌로 16,대전광역시 유성구 교촌동 642-13,36.300046,127.3142255,2020,한전주,042-611-2506,대전광역시 유성구청,2025-07-16
교촌동056,1,대전광역시 유성구 교촌로 9,대전광역시 유성구 원내동 63-1,36.2998358,127.314655,2020,한전주,042-611-2506,대전광역시 유성구청,2025-07-16
교촌동057,1,대전광역시 유성구 교촌로 10,대전광역시 유성구 교촌동 642-11,36.30004871,127.3145256,2020,한전주,042-611-2506,대전광역시 유성구청,2025-07-16
교촌동058,1,대전광역시 유성구 교촌로10번길 16,대전광역시 유성구 교촌동 643-2,36.30055504,127.3146169,2020,한전주,042-611-2506,대전광역시 유성구청,2025-07-16
교촌동059,1,대전광역시 유성구 교촌로10번길 20,대전광역시 유성구 교촌동 643-1,36.30069581,127.3145629,2020,한전주,042-611-2506,대전광역시 유성구청,2025-07-16
교촌동060,1,대전광역시 유성구 교촌로6번길 33,대전광역시 유성구 교촌동 641-8,36.30136018,127.3144749,2020,한전주,042-611-2506,대전광역시 유성구청,2025-07-16
교촌동061,1,대전광역시 유성구 교촌로6번길 38,대전광역시 유성구 교촌동 635-11,36.30155139,127.3147216,2020,한전주,042-611-2506,대전광역시 유성구청,2025-07-16
교촌동062,1,대전광역시 유성구 교촌로6번길 23,대전광역시 유성구 교촌동 641-4,36.30092888,127.3145747,2020,한전주,042-611-2506,대전광역시 유성구청,2025-07-16
교촌동063,1,대전광역시 유성구 진잠로 101,대전광역시 유성구 교촌동 644-13,36.30056578,127.3151936,2020,한전주,042-611-2506,대전광역시 유성구청,2025-07-16
교촌동064,1,대전광역시 유성구 교촌로6번길 55,대전광역시 유성구 교촌동 636-5,36.30231497,127.3147167,2020,한전주,042-611-2506,대전광역시 유성구청,2025-07-16
교촌동065,1,대전광역시 유성구 교촌로6번길 58,대전광역시 유성구 교촌동 635-3,36.3023573,127.3150173,2020,한전주,042-611-2506,대전광역시 유성구청,2025-07-16
교촌동066,1,대전광역시 유성구 교촌로6번길 66,대전광역시 유성구 교촌동 634-1,36.30273513,127.3152541,2020,한전주,042-611-2506,대전광역시 유성구청,2025-07-16
교촌동067,1,대전광역시 유성구 진잠로 123-17,대전광역시 유성구 교촌동 637-1,36.30279736,127.314517,2020,한전주,042-611-2506,대전광역시 유성구청,2025-07-16
교촌동068,1,대전광역시 유성구 진잠로 64-27,대전광역시 유성구 교촌동 636-4,36.3023171,127.314558,2020,한전주,042-611-2506,대전광역시 유성구청,2025-07-16
교촌동069,1,대전광역시 유성구 교촌로 37,대전광역시 유성구 교촌동 207,36.30191754,127.3136567,2020,전용주,042-611-2506,대전광역시 유성구청,2025-07-16
교촌동070,1,대전광역시 유성구 교촌로6번길 45-11,대전광역시 유성구 교촌동 639-2,36.30172843,127.314018,2020,한전주,042-611-2506,대전광역시 유성구청,2025-07-16
교촌동071,1,대전광역시 유성구 교촌로6번길 51-12,대전광역시 유성구 교촌동 637-4,36.30244834,127.3143106,2020,한전주,042-611-2506,대전광역시 유성구청,2025-07-16
교촌동072,1,대전광역시 유성구 진잠로 123-17,대전광역시 유성구 교촌동 637-1,36.30279736,127.314517,2020,한전주,042-611-2506,대전광역시 유성구청,2025-07-16
교촌동073,1,대전광역시 유성구 진잠로 123-17,대전광역시 유성구 교촌동 637-1,36.30279736,127.314517,2020,한전주,042-611-2506,대전광역시 유성구청,2025-07-16
교촌동074,1,대전광역시 유성구 진잠로 64-9,대전광역시 유성구 교촌동 632-3,36.30306559,127.3150159,2020,한전주,042-611-2506,대전광역시 유성구청,2025-07-16
교촌동075,1,대전광역시 유성구 교촌로 66,대전광역시 유성구 교촌동 632-8,36.30344445,127.3154619,2020,한전주,042-611-2506,대전광역시 유성구청,2025-07-16
교촌동076,1,대전광역시 유성구 진잠로 64-1,대전광역시 유성구 교촌동 632-6,36.3032909,127.3152751,2020,한전주,042-611-2506,대전광역시 유성구청,2025-07-16
교촌동077,1,대전광역시 유성구 교촌로 56,대전광역시 유성구 교촌동 631-3,36.30333267,127.3147545,2020,전용주,042-611-2506,대전광역시 유성구청,2025-07-16
교촌동078,1,대전광역시 유성구 교촌로 68,대전광역시 유성구 교촌동 632-10,36.30357153,127.3156947,2020,한전주,042-611-2506,대전광역시 유성구청,2025-07-16
교촌동079,1,대전광역시 유성구 교촌로6번길 77,대전광역시 유성구 교촌동 632-15,36.30326343,127.3154484,2020,한전주,042-611-2506,대전광역시 유성구청,2025-07-16
교촌동080,1,대전광역시 유성구 교촌로6번길 77,대전광역시 유성구 교촌동 632-15,36.30326343,127.3154484,2020,건축물,042-611-2506,대전광역시 유성구청,2025-07-16
교촌동081,1,대전광역시 유성구 교촌로 70,대전광역시 유성구 교촌동 633-1,36.30363437,127.3160598,2020,한전주,042-611-2506,대전광역시 유성구청,2025-07-16
교촌동082,1,대전광역시 유성구 진잠로139번길 38,대전광역시 유성구 교촌동 621-15,36.30461407,127.315949,2020,한전주,042-611-2506,대전광역시 유성구청,2025-07-16
교촌동083,1,대전광역시 유성구 진잠로141번길 25-17,대전광역시 유성구 교촌동 621-2,36.3048529,127.3157364,2020,한전주,042-611-2506,대전광역시 유성구청,2025-07-16
교촌동084,1,대전광역시 유성구 진잠로139번길 58,대전광역시 유성구 교촌동 620-14,36.30507047,127.315758,2020,한전주,042-611-2506,대전광역시 유성구청,2025-07-16
교촌동085,1,대전광역시 유성구 진잠로141번길 25-8,대전광역시 유성구 교촌동 620-9,36.30486926,127.3162999,2020,한전주,042-611-2506,대전광역시 유성구청,2025-07-16
교촌동086,1,대전광역시 유성구 진잠로139번길 63,대전광역시 유성구 교촌동 86-1,36.3054421,127.3156725,2020,한전주,042-611-2506,대전광역시 유성구청,2025-07-16
교촌동087,1,대전광역시 유성구 진잠로139번길 67,대전광역시 유성구 교촌동 74,36.30560145,127.3157627,2020,한전주,042-611-2506,대전광역시 유성구청,2025-07-16
교촌동088,1,대전광역시 유성구 진잠로139번길 67,대전광역시 유성구 교촌동 74,36.30560145,127.3157627,2020,한전주,042-611-2506,대전광역시 유성구청,2025-07-16
교촌동089,1,대전광역시 유성구 진잠로139번길 71-14,대전광역시 유성구 교촌동 91-2,36.3054444,127.3149995,2020,한전주,042-611-2506,대전광역시 유성구청,2025-07-16
교촌동090,1,대전광역시 유성구 진잠로149번길 42,대전광역시 유성구 교촌동 618,36.30602189,127.3167705,2020,한전주,042-611-2506,대전광역시 유성구청,2025-07-16
교촌동091,1,대전광역시 유성구 진잠로149번길 42,대전광역시 유성구 교촌동 618,36.30602189,127.3167705,2020,건축물,042-611-2506,대전광역시 유성구청,2025-07-16
교촌동092,1,대전광역시 유성구 진잠로149번길 42,대전광역시 유성구 교촌동 618,36.30602189,127.3167705,2020,한전주,042-611-2506,대전광역시 유성구청,2025-07-16
교촌동093,1,대전광역시 유성구 진잠로141번길 37,대전광역시 유성구 교촌동 619-9,36.30534679,127.3163358,2020,한전주,042-611-2506,대전광역시 유성구청,2025-07-16
교촌동094,1,대전광역시 유성구 진잠로141번길 33-8,대전광역시 유성구 교촌동 619-11,36.3052566,127.3162374,2020,한전주,042-611-2506,대전광역시 유성구청,2025-07-16
교촌동095,1,대전광역시 유성구 진잠로141번길 33-10,대전광역시 유성구 교촌동 619-12,36.30535869,127.316097,2020,한전주,042-611-2506,대전광역시 유성구청,2025-07-16
교촌동096,1,대전광역시 유성구 진잠로145번길 29,대전광역시 유성구 교촌동 622-11,36.30513343,127.3168639,2020,한전주,042-611-2506,대전광역시 유성구청,2025-07-16
교촌동097,1,대전광역시 유성구 진잠로149번길 37,대전광역시 유성구 교촌동 623-11,36.30524716,127.3172724,2020,한전주,042-611-2506,대전광역시 유성구청,2025-07-16
교촌동098,1,대전광역시 유성구 진잠로145번길 25,대전광역시 유성구 교촌동 622-9,36.30495628,127.3169601,2020,한전주,042-611-2506,대전광역시 유성구청,2025-07-16
교촌동099,1,대전광역시 유성구 진잠로141번길 8,대전광역시 유성구 교촌동 625-3,36.30417561,127.3171196,2020,한전주,042-611-2506,대전광역시 유성구청,2025-07-16
교촌동100,1,대전광역시 유성구 진잠로145번길 4,대전광역시 유성구 교촌동 624-5,36.30411954,127.3175648,2020,한전주,042-611-2506,대전광역시 유성구청,2025-07-16
교촌동101,1,대전광역시 유성구 유성대로155번길 73-24,대전광역시 유성구 교촌동 338,36.30899203,127.314508,2020,한전주,042-611-2506,대전광역시 유성구청,2025-07-16
교촌동102,1,대전광역시 유성구 유성대로155번길 73-24,대전광역시 유성구 교촌동 338,36.30899203,127.314508,2020,한전주,042-611-2506,대전광역시 유성구청,2025-07-16
교촌동103,1,대전광역시 유성구 유성대로155번길 73-24,대전광역시 유성구 교촌동 338,36.30899203,127.314508,2020,한전주,042-611-2506,대전광역시 유성구청,2025-07-16
교촌동104,1,대전광역시 유성구 유성대로155번길 73-18,대전광역시 유성구 교촌동 338-29,36.30912136,127.3142652,2020,한전주,042-611-2506,대전광역시 유성구청,2025-07-16
교촌동105,1,대전광역시 유성구 한우물로 5,대전광역시 유성구 교촌동 332-7,36.30980939,127.3188363,2020,한전주,042-611-2506,대전광역시 유성구청,2025-07-16
교촌동106,1,,대전광역시 유성구 교촌동 118-1,36.312595,127.311354,2020,한전주,042-611-2506,대전광역시 유성구청,2025-07-16
교촌동107,1,,대전광역시 유성구 교촌동 118-1,36.312595,127.311354,2020,한전주,042-611-2506,대전광역시 유성구청,2025-07-16
교촌동108,1,,대전광역시 유성구 교촌동 118-1,36.312595,127.311354,2020,한전주,042-611-2506,대전광역시 유성구청,2025-07-16
교촌동109,1,,대전광역시 유성구 교촌동 118-1,36.312595,127.311354,2020,한전주,042-611-2506,대전광역시 유성구청,2025-07-16
교촌동110,1,,대전광역시 유성구 교촌동 118-1,36.312595,127.311354,2020,한전주,042-611-2506,대전광역시 유성구청,2025-07-16
교촌동111,1,,대전광역시 유성구 교촌동 118-1,36.312595,127.311354,2020,한전주,042-611-2506,대전광역시 유성구청,2025-07-16
교촌동112,1,,대전광역시 유성구 교촌동 118-1,36.312595,127.311354,2020,한전주,042-611-2506,대전광역시 유성구청,2025-07-16
교촌동113,1,,대전광역시 유성구 교촌동 118-1,36.312595,127.311354,2020,한전주,042-611-2506,대전광역시 유성구청,2025-07-16
교촌동114,1,,대전광역시 유성구 교촌동 118-1,36.312595,127.311354,2020,한전주,042-611-2506,대전광역시 유성구청,2025-07-16
교촌동115,1,,대전광역시 유성구 교촌동 118-1,36.312595,127.311354,2020,한전주,042-611-2506,대전광역시 유성구청,2025-07-16
교촌동116,1,,대전광역시 유성구 교촌동 118-1,36.312595,127.311354,2020,한전주,042-611-2506,대전광역시 유성구청,2025-07-16
교촌동117,1,,대전광역시 유성구 교촌동 118-1,36.312595,127.311354,2020,한전주,042-611-2506,대전광역시 유성구청,2025-07-16
교촌동118,1,,대전광역시 유성구 교촌동 118-1,36.312595,127.311354,2020,한전주,042-611-2506,대전광역시 유성구청,2025-07-16
교촌동119,1,,대전광역시 유성구 교촌동 118-1,36.31256499,127.3113844,2020,한전주,042-611-2506,대전광역시 유성구청,2025-07-16
교촌동120,1,,대전광역시 유성구 교촌동 118-1,36.31256499,127.3113844,2020,한전주,042-611-2506,대전광역시 유성구청,2025-07-16
교촌동121,1,,대전광역시 유성구 교촌동 118-1,36.31256499,127.3113844,2020,한전주,042-611-2506,대전광역시 유성구청,2025-07-16
교촌동122,1,대전광역시 유성구 교촌로 56,대전광역시 유성구 교촌동 631-3,36.30333267,127.3147545,2020,전용주,042-611-2506,대전광역시 유성구청,2025-07-16
교촌동123,1,대전광역시 유성구 교촌로6번길 34,대전광역시 유성구 교촌동 635-14,36.30130108,127.3148083,2020,한전주,042-611-2506,대전광역시 유성구청,2025-07-16
교촌동128,1,,대전광역시 유성구 교촌동 647,36.30178964,127.3143662,2020,한전주,042-611-2506,대전광역시 유성구청,2025-07-16
교촌동129,1,,대전광역시 유성구 교촌동 647,36.30178964,127.3143662,2020,한전주,042-611-2506,대전광역시 유성구청,2025-07-16
교촌동130,1,대전광역시 유성구 교촌로 72,대전광역시 유성구 교촌동 633-3,36.30376745,127.3161373,2020,한전주,042-611-2506,대전광역시 유성구청,2025-07-16
교촌동131,1,대전광역시 유성구 교촌대정로 105,대전광역시 유성구 교촌동 564,36.3105179,127.3065354,2020,한전주,042-611-2506,대전광역시 유성구청,2025-07-16
교촌동132,1,대전광역시 유성구 교촌로10번길 27-4,대전광역시 유성구 교촌동 640-8,36.30113306,127.3141045,2020,건축물,042-611-2506,대전광역시 유성구청,2025-07-16
교촌동133,1,,대전광역시 유성구 교촌동 446,36.30910527,127.3111262,2020,한전주,042-611-2506,대전광역시 유성구청,2025-07-16
교촌동134,1,대전광역시 유성구 유성대로155번길 28,대전광역시 유성구 교촌동 469-5,36.31148053,127.3154072,2020,,042-611-2506,대전광역시 유성구청,2025-07-16
교촌동135,1,,대전광역시 유성구 교촌동 624-8,36.30391125,127.317739,2020,전용주,042-611-2506,대전광역시 유성구청,2025-07-16
교촌동136,1,대전광역시 유성구 교촌대정로93번길 96-33,대전광역시 유성구 교촌동 398-2,36.30677064,127.3077441,2020,한전주,042-611-2506,대전광역시 유성구청,2025-07-16
교촌동137,1,대전광역시 유성구 교촌로6번길 37-18,대전광역시 유성구 교촌동 639-12,36.30152569,127.3138686,2020,한전주,042-611-2506,대전광역시 유성구청,2025-07-16
구룡동001,1,대전광역시 유성구 구룡달전로 137,대전광역시 유성구 봉산동 969-8,36.44309431,127.373463,2020,한전주,042-611-2506,대전광역시 유성구청,2025-07-16
구룡동002,1,대전광역시 유성구 구룡달전로 168,대전광역시 유성구 구룡동 94-8,36.44539327,127.3714886,2020,한전주,042-611-2506,대전광역시 유성구청,2025-07-16
구룡동003,1,대전광역시 유성구 구룡달전로 168,대전광역시 유성구 구룡동 94-8,36.44539327,127.3714968,2020,한전주,042-611-2506,대전광역시 유성구청,2025-07-16
구룡동004,1,대전광역시 유성구 구룡달전로 168,대전광역시 유성구 구룡동 94-8,36.44539327,127.3714886,2020,한전주,042-611-2506,대전광역시 유성구청,2025-07-16
구룡동005,1,대전광역시 유성구 구룡달전로 168,대전광역시 유성구 구룡동 94-8,36.44539327,127.3714968,2020,한전주,042-611-2506,대전광역시 유성구청,2025-07-16
구룡동006,1,대전광역시 유성구 구룡달전로 192-9,대전광역시 유성구 구룡동 80,36.44643858,127.3689811,2020,한전주,042-611-2506,대전광역시 유성구청,2025-07-16
구룡동007,1,대전광역시 유성구 구룡달전로 168,대전광역시 유성구 구룡동 94-8,36.44539327,127.3714968,2020,한전주,042-611-2506,대전광역시 유성구청,2025-07-16
구룡동008,1,대전광역시 유성구 구룡달전로 178,대전광역시 유성구 구룡동 89-1,36.44625301,127.3701827,2020,한전주,042-611-2506,대전광역시 유성구청,2025-07-16
구룡동009,1,대전광역시 유성구 구룡달전로 192-14,대전광역시 유성구 구룡동 99,36.44634539,127.3692471,2020,한전주,042-611-2506,대전광역시 유성구청,2025-07-16
구룡동010,1,대전광역시 유성구 구룡달전로 192-21,대전광역시 유성구 구룡동 82-1,36.4467523,127.3694981,2020,한전주,042-611-2506,대전광역시 유성구청,2025-07-16
구룡동011,1,대전광역시 유성구 구룡달전로191번길 9,대전광역시 유성구 구룡동 76-2,36.44557144,127.3688794,2020,한전주,042-611-2506,대전광역시 유성구청,2025-07-16
구룡동012,1,대전광역시 유성구 구룡달전로191번길 17,대전광역시 유성구 구룡동 75-2,36.44561567,127.368593,2020,한전주,042-611-2506,대전광역시 유성구청,2025-07-16
구룡동013,1,대전광역시 유성구 구룡달전로191번길 22,대전광역시 유성구 구룡동 75-5,36.44539863,127.368285,2020,한전주,042-611-2506,대전광역시 유성구청,2025-07-16
구룡동014,1,대전광역시 유성구 구룡달전로191번길 28,대전광역시 유성구 구룡동 73-8,36.445355,127.3679686,2020,한전주,042-611-2506,대전광역시 유성구청,2025-07-16
구룡동015,1,대전광역시 유성구 구룡달전로191번길 29-6,대전광역시 유성구 구룡동 102-1,36.44495823,127.3680515,2020,한전주,042-611-2506,대전광역시 유성구청,2025-07-16
구룡동016,1,대전광역시 유성구 구룡달전로191번길 57-3,대전광역시 유성구 구룡동 109-3,36.44437904,127.367443,2020,한전주,042-611-2506,대전광역시 유성구청,2025-07-16
구룡동017,1,대전광역시 유성구 구룡달전로191번길 57-3,대전광역시 유성구 구룡동 109-3,36.44437904,127.367443,2020,한전주,042-611-2506,대전광역시 유성구청,2025-07-16
구룡동018,1,대전광역시 유성구 구룡달전로191번길 57-3,대전광역시 유성구 구룡동 109-3,36.44437904,127.367443,2020,한전주,042-611-2506,대전광역시 유성구청,2025-07-16
구룡동019,1,,대전광역시 유성구 구룡동 133,36.44204273,127.3648974,2020,한전주,042-611-2506,대전광역시 유성구청,2025-07-16
구룡동020,1,,대전광역시 유성구 구룡동 133,36.44204273,127.3648703,2020,한전주,042-611-2506,대전광역시 유성구청,2025-07-16
구룡동021,1,,대전광역시 유성구 구룡동 133,36.44204273,127.3648703,2020,한전주,042-611-2506,대전광역시 유성구청,2025-07-16
구룡동022,1,대전광역시 유성구 구룡달전로227번길 136-6,대전광역시 유성구 구룡동 134,36.44195434,127.3650734,2020,한전주,042-611-2506,대전광역시 유성구청,2025-07-16
구룡동023,1,대전광역시 유성구 구룡달전로191번길 152-6,대전광역시 유성구 구룡동 132,36.4417471537,127.3646643348,2020,한전주,042-611-2506,대전광역시 유성구청,2025-07-16
구룡동024,1,대전광역시 유성구 구룡달전로191번길 152-6,대전광역시 유성구 구룡동 132,36.4417471537,127.3646643348,2020,한전주,042-611-2506,대전광역시 유성구청,2025-07-16
구룡동025,1,대전광역시 유성구 구룡달전로227번길 139,대전광역시 유성구 구룡동 171,36.4414406,127.3652764,2020,한전주,042-611-2506,대전광역시 유성구청,2025-07-16
구룡동026,1,대전광역시 유성구 구룡달전로191번길 152-6,대전광역시 유성구 구룡동 132,36.4417471537,127.3646643348,2020,한전주,042-611-2506,대전광역시 유성구청,2025-07-16
구룡동027,1,대전광역시 유성구 구룡달전로227번길 152-6,대전광역시 유성구 구룡동 175-3,36.44159402,127.3644952,2020,한전주,042-611-2506,대전광역시 유성구청,2025-07-16
구룡동028,1,대전광역시 유성구 구룡달전로227번길 152-20,대전광역시 유성구 구룡동 130,36.44174108,127.3637905,2020,한전주,042-611-2506,대전광역시 유성구청,2025-07-16
구룡동029,1,대전광역시 유성구 구룡달전로227번길 152-24,대전광역시 유성구 구룡동 129-1,36.44177528,127.3635372,2020,한전주,042-611-2506,대전광역시 유성구청,2025-07-16
구룡동030,1,대전광역시 유성구 구룡달전로 201,대전광역시 유성구 구룡동 73-10,36.4459101,127.3678421,2020,한전주,042-611-2506,대전광역시 유성구청,2025-07-16
구룡동031,1,대전광역시 유성구 구룡달전로 201,대전광역시 유성구 구룡동 73-10,36.44591375,127.3678421,2020,한전주,042-611-2506,대전광역시 유성구청,2025-07-16
구룡동032,1,대전광역시 유성구 구룡달전로 205,대전광역시 유성구 구룡동 73-6,36.44590505,127.3675062,2020,한전주,042-611-2506,대전광역시 유성구청,2025-07-16
구룡동033,1,대전광역시 유성구 구룡달전로 205,대전광역시 유성구 구룡동 73-6,36.44590505,127.3675062,2020,한전주,042-611-2506,대전광역시 유성구청,2025-07-16
구룡동034,1,,대전광역시 유성구 구룡동 676-7,36.44707689,127.3653231,2020,한전주,042-611-2506,대전광역시 유성구청,2025-07-16
구룡동035,1,,대전광역시 유성구 구룡동 676-7,36.44707689,127.3653231,2020,한전주,042-611-2506,대전광역시 유성구청,2025-07-16
구룡동036,1,,대전광역시 유성구 구룡동 20-3,36.44796149,127.3656995,2020,한전주,042-611-2506,대전광역시 유성구청,2025-07-16
구룡동037,1,대전광역시 유성구 구룡달전로 228-16,대전광역시 유성구 구룡동 28,36.44783105,127.3658504,2020,한전주,042-611-2506,대전광역시 유성구청,2025-07-16
구룡동038,1,대전광역시 유성구 구룡달전로 220-72,대전광역시 유성구 구룡동 2-3,36.44892146,127.3681353,2020,한전주,042-611-2506,대전광역시 유성구청,2025-07-16
구룡동039,1,대전광역시 유성구 구룡달전로 220-72,대전광역시 유성구 구룡동 2-3,36.44892146,127.3681353,2020,한전주,042-611-2506,대전광역시 유성구청,2025-07-16
구룡동040,1,대전광역시 유성구 구룡달전로 220-72,대전광역시 유성구 구룡동 2-3,36.44892146,127.3681353,2020,한전주,042-611-2506,대전광역시 유성구청,2025-07-16
구룡동041,1,,대전광역시 유성구 구룡동 676-7,36.44707689,127.3653231,2020,한전주,042-611-2506,대전광역시 유성구청,2025-07-16
구룡동042,1,대전광역시 유성구 구룡달전로227번길 14,대전광역시 유성구 구룡동 40-2,36.44710206,127.3646838,2020,한전주,042-611-2506,대전광역시 유성구청,2025-07-16
구룡동043,1,대전광역시 유성구 구룡달전로227번길 36,대전광역시 유성구 구룡동 55,36.44667794,127.3641353,2020,한전주,042-611-2506,대전광역시 유성구청,2025-07-16
구룡동044,1,대전광역시 유성구 구룡달전로227번길 36,대전광역시 유성구 구룡동 55,36.44667794,127.3641353,2020,한전주,042-611-2506,대전광역시 유성구청,2025-07-16
구룡동045,1,대전광역시 유성구 구룡달전로227번길 60,대전광역시 유성구 구룡동 117,36.4449536,127.364922,2020,한전주,042-611-2506,대전광역시 유성구청,2025-07-16
구룡동046,1,대전광역시 유성구 구룡달전로227번길 15-61,대전광역시 유성구 구룡동 48-3,36.44796361,127.3638464,2020,한전주,042-611-2506,대전광역시 유성구청,2025-07-16
구룡동047,1,대전광역시 유성구 구룡달전로227번길 15-71,대전광역시 유성구 구룡동 46-1,36.44848703,127.3637185,2020,한전주,042-611-2506,대전광역시 유성구청,2025-07-16
구룡동048,1,대전광역시 유성구 구룡달전로227번길 15-21,대전광역시 유성구 구룡동 51-1,36.44755599,127.3639114,2020,한전주,042-611-2506,대전광역시 유성구청,2025-07-16
구룡동049,1,,대전광역시 유성구 구룡동 676-7,36.44707689,127.3653231,2020,한전주,042-611-2506,대전광역시 유성구청,2025-07-16
구룡동050,1,대전광역시 유성구 구룡달전로227번길 15-61,대전광역시 유성구 구룡동 48-3,36.44796361,127.3638464,2020,한전주,042-611-2506,대전광역시 유성구청,2025-07-16
구룡동051,1,대전광역시 유성구 구룡달전로227번길 15-73,대전광역시 유성구 구룡동 46,36.44853809,127.3638789,2020,한전주,042-611-2506,대전광역시 유성구청,2025-07-16
구룡동052,1,대전광역시 유성구 구룡달전로227번길 15-73,대전광역시 유성구 구룡동 46,36.44853809,127.3638789,2020,한전주,042-611-2506,대전광역시 유성구청,2025-07-16
구룡동053,1,대전광역시 유성구 구룡달전로 266,대전광역시 유성구 구룡동 산 6-5,36.45049273,127.3642852,2020,한전주,042-611-2506,대전광역시 유성구청,2025-07-16
구룡동054,1,대전광역시 유성구 구룡달전로 266,대전광역시 유성구 구룡동 산 6-5,36.45049273,127.3642852,2020,한전주,042-611-2506,대전광역시 유성구청,2025-07-16
구룡동055,1,대전광역시 유성구 구룡달전로 266,대전광역시 유성구 구룡동 산 6-5,36.45049273,127.3642852,2020,한전주,042-611-2506,대전광역시 유성구청,2025-07-16
구룡동056,1,대전광역시 유성구 구룡달전로 266,대전광역시 유성구 구룡동 산 6-5,36.45049273,127.3642852,2020,한전주,042-611-2506,대전광역시 유성구청,2025-07-16
구룡동057,1,대전광역시 유성구 구룡달전로 266,대전광역시 유성구 구룡동 산 6-5,36.45049273,127.3642852,2020,한전주,042-611-2506,대전광역시 유성구청,2025-07-16
구룡동058,1,대전광역시 유성구 구룡달전로 279,대전광역시 유성구 구룡동 344-4,36.450731,127.3623093,2020,한전주,042-611-2506,대전광역시 유성구청,2025-07-16
구룡동059,1,대전광역시 유성구 구룡달전로 279,대전광역시 유성구 구룡동 344-4,36.4521235,127.3631681,2020,한전주,042-611-2506,대전광역시 유성구청,2025-07-16
구룡동060,1,대전광역시 유성구 구룡달전로 281,대전광역시 유성구 구룡동 343-5,36.45077839,127.3623098,2020,한전주,042-611-2506,대전광역시 유성구청,2025-07-16
구룡동061,1,대전광역시 유성구 구룡달전로 281,대전광역시 유성구 구룡동 343-5,36.45077839,127.3623098,2020,한전주,042-611-2506,대전광역시 유성구청,2025-07-16
구룡동062,1,대전광역시 유성구 구룡달전로 298,대전광역시 유성구 구룡동 348,36.4521235,127.3631681,2020,한전주,042-611-2506,대전광역시 유성구청,2025-07-16
구룡동063,1,대전광역시 유성구 구룡달전로 298,대전광역시 유성구 구룡동 348,36.4521235,127.3631681,2020,한전주,042-611-2506,대전광역시 유성구청,2025-07-16
구룡동064,1,대전광역시 유성구 구룡달전로 298,대전광역시 유성구 구룡동 348,36.4521235,127.3631681,2020,한전주,042-611-2506,대전광역시 유성구청,2025-07-16
구룡동065,1,대전광역시 유성구 구룡달전로 298,대전광역시 유성구 구룡동 348,36.4518206,127.3621442,2020,한전주,042-611-2506,대전광역시 유성구청,2025-07-16
구룡동066,1,대전광역시 유성구 구룡달전로 298,대전광역시 유성구 구룡동 348,36.4448551,127.3589552,2020,한전주,042-611-2506,대전광역시 유성구청,2025-07-16
구룡동067,1,대전광역시 유성구 구룡달전로 298,대전광역시 유성구 구룡동 348,36.4448551,127.3589552,2020,한전주,042-611-2506,대전광역시 유성구청,2025-07-16
구룡동117,1,,대전광역시 유성구 구룡동 341-3,36.45184691,127.3621604,2020,한전주,042-611-2506,대전광역시 유성구청,2025-07-16
구룡동118,1,대전광역시 유성구 과학둘레2길 34,대전광역시 유성구 구룡동 241-3,36.4448906,127.3590114,2020,한전주,042-611-2506,대전광역시 유성구청,2025-07-16
구룡동119,1,대전광역시 유성구 과학둘레2길 34,대전광역시 유성구 구룡동 241-3,36.4448906,127.3590114,2020,한전주,042-611-2506,대전광역시 유성구청,2025-07-16
구룡동120,1,,대전광역시 유성구 구룡동 102-5,36.44505225,127.3680549,2020,한전주,042-611-2506,대전광역시 유성구청,2025-07-16
구암동001,1,대전광역시 유성구 유성대로709번길 8,대전광역시 유성구 구암동 527-61,36.35706515,127.3311288,2020,한전주,042-611-2506,대전광역시 유성구청,2025-07-16
구암동002,1,,대전광역시 유성구 구암동 527-216,36.3571038,127.3310199,2020,한전주,042-611-2506,대전광역시 유성구청,2025-07-16
구암동003,1,대전광역시 유성구 유성대로709번길 12-5,대전광역시 유성구 구암동 527-53,36.35720784,127.3305315,2020,한전주,042-611-2506,대전광역시 유성구청,2025-07-16
구암동004,1,대전광역시 유성구 유성대로709번길 22,대전광역시 유성구 구암동 527-51,36.35712195,127.3302419,2020,한전주,042-611-2506,대전광역시 유성구청,2025-07-16
구암동005,1,,대전광역시 유성구 구암동 527-133,36.35698857,127.3295772,2020,한전주,042-611-2506,대전광역시 유성구청,2025-07-16
구암동006,1,대전광역시 유성구 유성대로709번길 36-2,대전광역시 유성구 구암동 527-121,36.35714875,127.3295441,2020,한전주,042-611-2506,대전광역시 유성구청,2025-07-16
구암동007,1,대전광역시 유성구 유성대로709번길 52,대전광역시 유성구 구암동 146-16,36.35702859,127.3286063,2020,한전주,042-611-2506,대전광역시 유성구청,2025-07-16
구암동008,1,대전광역시 유성구 유성대로709번길 36-8,대전광역시 유성구 구암동 527-40,36.35726185,127.3294112,2020,한전주,042-611-2506,대전광역시 유성구청,2025-07-16
구암동009,1,,대전광역시 유성구 구암동 527-66,36.35714425,127.3306971,2020,한전주,042-611-2506,대전광역시 유성구청,2025-07-16
구암동010,1,대전광역시 유성구 유성대로709번길 12-10,대전광역시 유성구 구암동 649-17,36.35734609,127.3305932,2020,한전주,042-611-2506,대전광역시 유성구청,2025-07-16
구암동011,1,대전광역시 유성구 유성대로709번길 12-18,대전광역시 유성구 구암동 649-12,36.35769917,127.3303343,2020,한전주,042-611-2506,대전광역시 유성구청,2025-07-16
구암동012,1,대전광역시 유성구 계룡로16번길 6,대전광역시 유성구 구암동 586-9,36.35601143,127.3324209,2020,한전주,042-611-2506,대전광역시 유성구청,2025-07-16
구암동013,1,대전광역시 유성구 계룡로16번길 15,대전광역시 유성구 구암동 587-5,36.35551793,127.3322306,2020,한전주,042-611-2506,대전광역시 유성구청,2025-07-16
구암동014,1,대전광역시 유성구 계룡로16번길 27,대전광역시 유성구 구암동 589-1,36.35523363,127.3319307,2020,한전주,042-611-2506,대전광역시 유성구청,2025-07-16
구암동015,1,대전광역시 유성구 계룡로16번길 35,대전광역시 유성구 구암동 589-6,36.35488946,127.3315793,2020,한전주,042-611-2506,대전광역시 유성구청,2025-07-16
구암동016,1,대전광역시 유성구 계룡로16번길 39,대전광역시 유성구 구암동 590-1,36.35474646,127.3314123,2020,한전주,042-611-2506,대전광역시 유성구청,2025-07-16
구암동017,1,대전광역시 유성구 계룡로16번길 42,대전광역시 유성구 구암동 590-12,36.35458881,127.3311318,2020,한전주,042-611-2506,대전광역시 유성구청,2025-07-16
구암동018,1,대전광역시 유성구 계룡로16번길 48,대전광역시 유성구 구암동 590-13,36.35442919,127.3310089,2020,한전주,042-611-2506,대전광역시 유성구청,2025-07-16
구암동019,1,대전광역시 유성구 유성대로680번길 9,대전광역시 유성구 구암동 590-23,36.35427456,127.3312299,2020,한전주,042-611-2506,대전광역시 유성구청,2025-07-16
구암동020,1,대전광역시 유성구 계룡로16번길 64,대전광역시 유성구 구암동 601-5,36.35374545,127.3307529,2020,한전주,042-611-2506,대전광역시 유성구청,2025-07-16
구암동021,1,대전광역시 유성구 계룡로16번길 63-8,대전광역시 유성구 구암동 600-17,36.3535893,127.3312988,2020,한전주,042-611-2506,대전광역시 유성구청,2025-07-16
구암동022,1,대전광역시 유성구 계룡로16번길 73,대전광역시 유성구 구암동 600-7,36.35336919,127.3308919,2020,한전주,042-611-2506,대전광역시 유성구청,2025-07-16
구암동023,1,대전광역시 유성구 유성대로668번길 7,대전광역시 유성구 구암동 601-12,36.3532978,127.330377,2020,한전주,042-611-2506,대전광역시 유성구청,2025-07-16
구암동024,1,대전광역시 유성구 유성대로 668,대전광역시 유성구 구암동 601-14,36.35339934,127.3300913,2020,한전주,042-611-2506,대전광역시 유성구청,2025-07-16
구암동025,1,대전광역시 유성구 유성대로668번길 11,대전광역시 유성구 구암동 601-11,36.35323535,127.3305356,2020,한전주,042-611-2506,대전광역시 유성구청,2025-07-16
구암동026,1,대전광역시 유성구 계룡로16번길 86,대전광역시 유성구 구암동 602-4,36.35291102,127.330213,2020,한전주,042-611-2506,대전광역시 유성구청,2025-07-16
구암동027,1,대전광역시 유성구 계룡로16번길 88,대전광역시 유성구 구암동 602-5,36.35277752,127.3301578,2020,한전주,042-611-2506,대전광역시 유성구청,2025-07-16
구암동028,1,대전광역시 유성구 계룡로16번길 97,대전광역시 유성구 구암동 603-28,36.35226245,127.3304374,2020,한전주,042-611-2506,대전광역시 유성구청,2025-07-16
구암동029,1,대전광역시 유성구 계룡로18번길 86-12,대전광역시 유성구 구암동 603-9,36.35237242,127.3308825,2020,한전주,042-611-2506,대전광역시 유성구청,2025-07-16
구암동030,1,대전광역시 유성구 계룡로18번길 87,대전광역시 유성구 구암동 604-13,36.35223594,127.3316134,2020,한전주,042-611-2506,대전광역시 유성구청,2025-07-16
구암동031,1,대전광역시 유성구 계룡로18번길 83,대전광역시 유성구 구암동 604-11,36.35236582,127.3317033,2020,한전주,042-611-2506,대전광역시 유성구청,2025-07-16
구암동032,1,대전광역시 유성구 유성대로668번길 29,대전광역시 유성구 구암동 600-2,36.3530304,127.3313586,2020,한전주,042-611-2506,대전광역시 유성구청,2025-07-16
구암동033,1,대전광역시 유성구 유성대로668번길 25,대전광역시 유성구 구암동 600-4,36.35307951,127.3311656,2020,한전주,042-611-2506,대전광역시 유성구청,2025-07-16
구암동034,1,대전광역시 유성구 유성대로668번길 17,대전광역시 유성구 구암동 600-6,36.35312065,127.3309878,2020,한전주,042-611-2506,대전광역시 유성구청,2025-07-16
구암동035,1,대전광역시 유성구 유성대로668번길 29,대전광역시 유성구 구암동 600-2,36.3530304,127.3313586,2020,한전주,042-611-2506,대전광역시 유성구청,2025-07-16
구암동036,1,대전광역시 유성구 계룡로18번길 59,대전광역시 유성구 구암동 599-13,36.35339874,127.3321279,2020,한전주,042-611-2506,대전광역시 유성구청,2025-07-16
구암동037,1,대전광역시 유성구 계룡로18번길 51,대전광역시 유성구 구암동 599-1,36.35376826,127.3322762,2020,한전주,042-611-2506,대전광역시 유성구청,2025-07-16
구암동038,1,대전광역시 유성구 유성대로680번길 17,대전광역시 유성구 구암동 590-8,36.3541904,127.3316672,2020,한전주,042-611-2506,대전광역시 유성구청,2025-07-16
구암동039,1,대전광역시 유성구 계룡로18번길 51,대전광역시 유성구 구암동 599-1,36.35376826,127.3322762,2020,한전주,042-611-2506,대전광역시 유성구청,2025-07-16
구암동040,1,대전광역시 유성구 유성대로680번길 23,대전광역시 유성구 구암동 590-5,36.35406115,127.3320316,2020,한전주,042-611-2506,대전광역시 유성구청,2025-07-16
구암동041,1,대전광역시 유성구 계룡로18번길 41,대전광역시 유성구 구암동 591-10,36.35418009,127.332539,2020,한전주,042-611-2506,대전광역시 유성구청,2025-07-16
구암동042,1,대전광역시 유성구 계룡로18번길 35,대전광역시 유성구 구암동 591-13,36.35446998,127.3326736,2020,한전주,042-611-2506,대전광역시 유성구청,2025-07-16
구암동043,1,대전광역시 유성구 계룡로16번길 37-16,대전광역시 유성구 구암동 590-18,36.35454698,127.3320783,2020,한전주,042-611-2506,대전광역시 유성구청,2025-07-16
구암동044,1,대전광역시 유성구 계룡로16번길 37-12,대전광역시 유성구 구암동 590-3,36.35460056,127.3318317,2020,한전주,042-611-2506,대전광역시 유성구청,2025-07-16
구암동045,1,대전광역시 유성구 계룡로18번길 27,대전광역시 유성구 구암동 591-12,36.35480437,127.3327216,2020,한전주,042-611-2506,대전광역시 유성구청,2025-07-16
구암동046,1,대전광역시 유성구 유성대로694번길 15,대전광역시 유성구 구암동 587-8,36.3552528,127.3325583,2020,한전주,042-611-2506,대전광역시 유성구청,2025-07-16
구암동047,1,대전광역시 유성구 계룡로18번길 15,대전광역시 유성구 구암동 588-15,36.3552223,127.3329248,2020,한전주,042-611-2506,대전광역시 유성구청,2025-07-16
구암동048,1,대전광역시 유성구 계룡로18번길 11,대전광역시 유성구 구암동 588-18,36.35543343,127.3329975,2020,한전주,042-611-2506,대전광역시 유성구청,2025-07-16
구암동049,1,대전광역시 유성구 계룡로 18,대전광역시 유성구 구암동 588-1,36.35584874,127.3331729,2020,한전주,042-611-2506,대전광역시 유성구청,2025-07-16
구암동050,1,대전광역시 유성구 계룡로26번길 18,대전광역시 유성구 구암동 588-9,36.35510989,127.3331976,2020,한전주,042-611-2506,대전광역시 유성구청,2025-07-16
구암동051,1,대전광역시 유성구 유성대로694번길 19,대전광역시 유성구 구암동 588-11,36.35514386,127.3328708,2020,한전주,042-611-2506,대전광역시 유성구청,2025-07-16
구암동052,1,대전광역시 유성구 유성대로694번길 30,대전광역시 유성구 구암동 591-2,36.35479619,127.3332638,2020,한전주,042-611-2506,대전광역시 유성구청,2025-07-16
구암동053,1,대전광역시 유성구 계룡로32번길 46,대전광역시 유성구 구암동 592-19,36.3536583,127.3335955,2020,한전주,042-611-2506,대전광역시 유성구청,2025-07-16
구암동054,1,대전광역시 유성구 계룡로26번길 42,대전광역시 유성구 구암동 591-6,36.35408737,127.3328573,2020,한전주,042-611-2506,대전광역시 유성구청,2025-07-16
구암동055,1,대전광역시 유성구 계룡로26번길 46,대전광역시 유성구 구암동 591-7,36.35394319,127.3326507,2020,한전주,042-611-2506,대전광역시 유성구청,2025-07-16
구암동056,1,대전광역시 유성구 유성대로680번길 36,대전광역시 유성구 구암동 599-2,36.35370441,127.3324552,2020,한전주,042-611-2506,대전광역시 유성구청,2025-07-16
구암동057,1,대전광역시 유성구 계룡로26번길 57,대전광역시 유성구 구암동 598-30,36.35330989,127.3329032,2020,한전주,042-611-2506,대전광역시 유성구청,2025-07-16
구암동058,1,대전광역시 유성구 계룡로26번길 63,대전광역시 유성구 구암동 598-22,36.35308676,127.3328385,2020,한전주,042-611-2506,대전광역시 유성구청,2025-07-16
구암동059,1,대전광역시 유성구 계룡로18번길 69,대전광역시 유성구 구암동 599-11,36.35307188,127.3320662,2020,한전주,042-611-2506,대전광역시 유성구청,2025-07-16
구암동060,1,대전광역시 유성구 계룡로26번길 77,대전광역시 유성구 구암동 605-18,36.35250515,127.3325441,2020,한전주,042-611-2506,대전광역시 유성구청,2025-07-16
구암동061,1,대전광역시 유성구 계룡로26번길 81,대전광역시 유성구 구암동 605-14,36.35225253,127.3324534,2020,한전주,042-611-2506,대전광역시 유성구청,2025-07-16
구암동062,1,대전광역시 유성구 계룡로26번길 87,대전광역시 유성구 구암동 605-17,36.35196069,127.3326319,2020,한전주,042-611-2506,대전광역시 유성구청,2025-07-16
구암동063,1,대전광역시 유성구 계룡로26번길 94,대전광역시 유성구 구암동 604-7,36.35188188,127.3319017,2020,한전주,042-611-2506,대전광역시 유성구청,2025-07-16
구암동064,1,대전광역시 유성구 계룡로32번길 91,대전광역시 유성구 구암동 606-18,36.35166631,127.3329736,2020,한전주,042-611-2506,대전광역시 유성구청,2025-07-16
구암동065,1,대전광역시 유성구 계룡로32번길 89-5,대전광역시 유성구 구암동 606-22,36.35179874,127.3333133,2020,한전주,042-611-2506,대전광역시 유성구청,2025-07-16
구암동066,1,대전광역시 유성구 계룡로32번길 81,대전광역시 유성구 구암동 606-30,36.35211579,127.3331779,2020,한전주,042-611-2506,대전광역시 유성구청,2025-07-16
구암동067,1,대전광역시 유성구 계룡로32번길 81-1,대전광역시 유성구 구암동 606-29,36.35208188,127.3333149,2020,한전주,042-611-2506,대전광역시 유성구청,2025-07-16
구암동068,1,대전광역시 유성구 계룡로32번길 82-1,대전광역시 유성구 구암동 605-7,36.35223612,127.3327806,2020,한전주,042-611-2506,대전광역시 유성구청,2025-07-16
구암동069,1,대전광역시 유성구 유성대로668번길 64,대전광역시 유성구 구암동 606-1,36.35229459,127.333272,2020,한전주,042-611-2506,대전광역시 유성구청,2025-07-16
구암동070,1,대전광역시 유성구 계룡로32번길 72,대전광역시 유성구 구암동 598-9,36.35255499,127.3331255,2020,한전주,042-611-2506,대전광역시 유성구청,2025-07-16
구암동071,1,대전광역시 유성구 유성대로668번길 55,대전광역시 유성구 구암동 598-12,36.35263663,127.3328362,2020,한전주,042-611-2506,대전광역시 유성구청,2025-07-16
구암동072,1,대전광역시 유성구 계룡로32번길 65,대전광역시 유성구 구암동 597-16,36.3528198,127.3334642,2020,한전주,042-611-2506,대전광역시 유성구청,2025-07-16
구암동073,1,대전광역시 유성구 계룡로32번길 65,대전광역시 유성구 구암동 597-16,36.3528198,127.3334642,2020,한전주,042-611-2506,대전광역시 유성구청,2025-07-16
구암동074,1,대전광역시 유성구 유성대로680번길 58,대전광역시 유성구 구암동 597-1,36.35337925,127.3337231,2020,한전주,042-611-2506,대전광역시 유성구청,2025-07-16
구암동076,1,대전광역시 유성구 유성대로680번길 43,대전광역시 유성구 구암동 592-5,36.35379353,127.3331384,2020,한전주,042-611-2506,대전광역시 유성구청,2025-07-16
구암동077,1,대전광역시 유성구 유성대로680번길 57,대전광역시 유성구 구암동 593-18,36.35362061,127.3338374,2020,한전주,042-611-2506,대전광역시 유성구청,2025-07-16
구암동078,1,대전광역시 유성구 계룡로32번길 41,대전광역시 유성구 구암동 593-24,36.35379768,127.3340093,2020,한전주,042-611-2506,대전광역시 유성구청,2025-07-16
구암동079,1,대전광역시 유성구 계룡로32번길 34,대전광역시 유성구 구암동 592-3,36.35426077,127.3337599,2020,한전주,042-611-2506,대전광역시 유성구청,2025-07-16
구암동080,1,대전광역시 유성구 계룡로32번길 28,대전광역시 유성구 구암동 592-11,36.35440304,127.3337345,2020,한전주,042-611-2506,대전광역시 유성구청,2025-07-16
구암동081,1,대전광역시 유성구 계룡로32번길 21,대전광역시 유성구 구암동 593-1,36.35455049,127.3342449,2020,한전주,042-611-2506,대전광역시 유성구청,2025-07-16
구암동082,1,대전광역시 유성구 유성대로694번길 56,대전광역시 유성구 구암동 593-5,36.3544538,127.3347272,2020,한전주,042-611-2506,대전광역시 유성구청,2025-07-16
구암동083,1,대전광역시 유성구 유성대로694번길 60,대전광역시 유성구 구암동 594-1,36.35433583,127.3350183,2020,한전주,042-611-2506,대전광역시 유성구청,2025-07-16
구암동084,1,대전광역시 유성구 계룡로38번길 30,대전광역시 유성구 구암동 593-8,36.35417959,127.3345576,2020,한전주,042-611-2506,대전광역시 유성구청,2025-07-16
구암동085,1,대전광역시 유성구 계룡로38번길 31,대전광역시 유성구 구암동 594-27,36.35398059,127.3348234,2020,한전주,042-611-2506,대전광역시 유성구청,2025-07-16
구암동086,1,대전광역시 유성구 계룡로38번길 30,대전광역시 유성구 구암동 593-8,36.35417959,127.3345576,2020,한전주,042-611-2506,대전광역시 유성구청,2025-07-16
구암동087,1,대전광역시 유성구 계룡로38번길 39,대전광역시 유성구 구암동 594-19,36.35369406,127.3346773,2020,한전주,042-611-2506,대전광역시 유성구청,2025-07-16
구암동088,1,대전광역시 유성구 유성대로680번길 71,대전광역시 유성구 구암동 594-15,36.35336582,127.3345597,2020,한전주,042-611-2506,대전광역시 유성구청,2025-07-16
구암동089,1,대전광역시 유성구 유성대로680번길 57,대전광역시 유성구 구암동 593-18,36.35362061,127.333875,2020,한전주,042-611-2506,대전광역시 유성구청,2025-07-16
구암동090,1,대전광역시 유성구 계룡로38번길 57,대전광역시 유성구 구암동 596-10,36.35297235,127.3343759,2020,한전주,042-611-2506,대전광역시 유성구청,2025-07-16
구암동091,1,대전광역시 유성구 유성대로680번길 62-12,대전광역시 유성구 구암동 597-18,36.35300491,127.3336872,2020,한전주,042-611-2506,대전광역시 유성구청,2025-07-16
구암동092,1,대전광역시 유성구 계룡로38번길 68,대전광역시 유성구 구암동 597-23,36.3526082,127.3338857,2020,한전주,042-611-2506,대전광역시 유성구청,2025-07-16
구암동093,1,대전광역시 유성구 계룡로38번길 61,대전광역시 유성구 구암동 596-8,36.3527302,127.3342483,2020,한전주,042-611-2506,대전광역시 유성구청,2025-07-16
구암동094,1,대전광역시 유성구 유성대로668번길 73,대전광역시 유성구 구암동 597-32,36.35237396,127.3337649,2020,한전주,042-611-2506,대전광역시 유성구청,2025-07-16
구암동095,1,대전광역시 유성구 계룡로38번길 77,대전광역시 유성구 구암동 607-1,36.35209432,127.3339929,2020,한전주,042-611-2506,대전광역시 유성구청,2025-07-16
구암동096,1,대전광역시 유성구 계룡로38번길 88,대전광역시 유성구 구암동 606-9,36.35170407,127.3335546,2020,한전주,042-611-2506,대전광역시 유성구청,2025-07-16
구암동097,1,대전광역시 유성구 계룡로38번길 84,대전광역시 유성구 구암동 606-7,36.35188195,127.3336247,2020,한전주,042-611-2506,대전광역시 유성구청,2025-07-16
구암동098,1,대전광역시 유성구 계룡로38번길 91,대전광역시 유성구 구암동 607-22,36.3514693,127.3337321,2020,한전주,042-611-2506,대전광역시 유성구청,2025-07-16
구암동099,1,대전광역시 유성구 계룡로38번길 96,대전광역시 유성구 구암동 606-14,36.35145439,127.3334141,2020,한전주,042-611-2506,대전광역시 유성구청,2025-07-16
구암동100,1,대전광역시 유성구 계룡로46번길 82-17,대전광역시 유성구 구암동 607-18,36.35147508,127.334265,2020,한전주,042-611-2506,대전광역시 유성구청,2025-07-16
구암동101,1,대전광역시 유성구 계룡로46번길 82-17,대전광역시 유성구 구암동 607-18,36.35147508,127.334265,2020,한전주,042-611-2506,대전광역시 유성구청,2025-07-16
구암동102,1,대전광역시 유성구 계룡로46번길 82-11,대전광역시 유성구 구암동 607-16,36.3516512,127.334158,2020,한전주,042-611-2506,대전광역시 유성구청,2025-07-16
구암동103,1,대전광역시 유성구 계룡로46번길 82-3,대전광역시 유성구 구암동 607-15,36.35164579,127.3342892,2020,한전주,042-611-2506,대전광역시 유성구청,2025-07-16
구암동104,1,대전광역시 유성구 계룡로46번길 82-2,대전광역시 유성구 구암동 607-4,36.35181597,127.3343373,2020,한전주,042-611-2506,대전광역시 유성구청,2025-07-16
구암동105,1,대전광역시 유성구 계룡로46번길 77,대전광역시 유성구 구암동 608-1,36.35185126,127.3347707,2020,한전주,042-611-2506,대전광역시 유성구청,2025-07-16
구암동106,1,대전광역시 유성구 계룡로46번길 78,대전광역시 유성구 구암동 607-2,36.35198469,127.3344943,2020,한전주,042-611-2506,대전광역시 유성구청,2025-07-16
구암동107,1,대전광역시 유성구 유성대로668번길 83,대전광역시 유성구 구암동 596-14,36.3522731,127.334417,2020,한전주,042-611-2506,대전광역시 유성구청,2025-07-16
구암동108,1,대전광역시 유성구 계룡로46번길 71,대전광역시 유성구 구암동 595-18,36.35211548,127.3347731,2020,한전주,042-611-2506,대전광역시 유성구청,2025-07-16
구암동109,1,대전광역시 유성구 계룡로46번길 67,대전광역시 유성구 구암동 595-20,36.35230045,127.3349472,2020,한전주,042-611-2506,대전광역시 유성구청,2025-07-16
구암동110,1,대전광역시 유성구 계룡로46번길 65,대전광역시 유성구 구암동 595-22,36.35240939,127.3349854,2020,한전주,042-611-2506,대전광역시 유성구청,2025-07-16
구암동111,1,대전광역시 유성구 계룡로46번길 61,대전광역시 유성구 구암동 595-21,36.3525489,127.3350109,2020,한전주,042-611-2506,대전광역시 유성구청,2025-07-16
구암동112,1,대전광역시 유성구 유성대로680번길 88,대전광역시 유성구 구암동 595-1,36.35295272,127.3352368,2020,한전주,042-611-2506,대전광역시 유성구청,2025-07-16
구암동113,1,대전광역시 유성구 계룡로52번길 52,대전광역시 유성구 구암동 595-3,36.35285577,127.3356788,2020,한전주,042-611-2506,대전광역시 유성구청,2025-07-16
구암동114,1,대전광역시 유성구 계룡로52번길 60,대전광역시 유성구 구암동 595-6,36.35254389,127.335545,2020,한전주,042-611-2506,대전광역시 유성구청,2025-07-16
구암동115,1,대전광역시 유성구 계룡로52번길 62,대전광역시 유성구 구암동 595-7,36.35246131,127.3354608,2020,한전주,042-611-2506,대전광역시 유성구청,2025-07-16
구암동116,1,대전광역시 유성구 계룡로52번길 72,대전광역시 유성구 구암동 595-13,36.35206822,127.3353326,2020,한전주,042-611-2506,대전광역시 유성구청,2025-07-16
구암동117,1,대전광역시 유성구 유성대로668번길 98,대전광역시 유성구 구암동 608-2,36.35182038,127.3348867,2020,한전주,042-611-2506,대전광역시 유성구청,2025-07-16
구암동118,1,대전광역시 유성구 계룡로52번길 74,대전광역시 유성구 구암동 595-14,36.35196661,127.3352846,2020,한전주,042-611-2506,대전광역시 유성구청,2025-07-16
구암동119,1,대전광역시 유성구 계룡로52번길 78,대전광역시 유성구 구암동 608-4,36.35178206,127.3352166,2020,한전주,042-611-2506,대전광역시 유성구청,2025-07-16
구암동120,1,대전광역시 유성구 계룡로52번길 82,대전광역시 유성구 구암동 608-6,36.35168354,127.3349993,2020,한전주,042-611-2506,대전광역시 유성구청,2025-07-16
구암동121,1,대전광역시 유성구 계룡로52번길 84,대전광역시 유성구 구암동 608-10,36.35146339,127.3350929,2020,한전주,042-611-2506,대전광역시 유성구청,2025-07-16
구암동122,1,대전광역시 유성구 계룡로52번길 92,대전광역시 유성구 구암동 608-13,36.35136272,127.3348393,2020,한전주,042-611-2506,대전광역시 유성구청,2025-07-16
구암동123,1,대전광역시 유성구 계룡로60번길 87,대전광역시 유성구 구암동 610-6,36.35103841,127.3364016,2020,한전주,042-611-2506,대전광역시 유성구청,2025-07-16
구암동124,1,대전광역시 유성구 계룡로60번길 86,대전광역시 유성구 구암동 609-2,36.35134103,127.3362085,2020,한전주,042-611-2506,대전광역시 유성구청,2025-07-16
구암동125,1,대전광역시 유성구 유성대로668번길 111,대전광역시 유성구 구암동 544-36,36.35180779,127.3358111,2020,한전주,042-611-2506,대전광역시 유성구청,2025-07-16
구암동126,1,대전광역시 유성구 유성대로668번길 121,대전광역시 유성구 구암동 544-39,36.35166534,127.3363864,2020,한전주,042-611-2506,대전광역시 유성구청,2025-07-16
구암동127,1,대전광역시 유성구 계룡로60번길 68,대전광역시 유성구 구암동 544-44,36.35197516,127.3364123,2020,한전주,042-611-2506,대전광역시 유성구청,2025-07-16
구암동128,1,대전광역시 유성구 계룡로60번길 60-17,대전광역시 유성구 구암동 544-46,36.35207486,127.3361437,2020,한전주,042-611-2506,대전광역시 유성구청,2025-07-16
구암동129,1,대전광역시 유성구 계룡로60번길 62,대전광역시 유성구 구암동 544-18,36.35216551,127.3364336,2020,한전주,042-611-2506,대전광역시 유성구청,2025-07-16
구암동130,1,대전광역시 유성구 유성대로680번길 108,대전광역시 유성구 구암동 544-12,36.35266868,127.3363888,2020,한전주,042-611-2506,대전광역시 유성구청,2025-07-16
구암동131,1,대전광역시 유성구 유성대로680번길 106,대전광역시 유성구 구암동 544-11,36.35271801,127.3362791,2020,한전주,042-611-2506,대전광역시 유성구청,2025-07-16
구암동132,1,대전광역시 유성구 계룡로52번길 57-6,대전광역시 유성구 구암동 544-8,36.35252268,127.3360372,2020,한전주,042-611-2506,대전광역시 유성구청,2025-07-16
구암동133,1,대전광역시 유성구 유성대로668번길 134-6,대전광역시 유성구 구암동 610-3,36.3511698,127.3366023,2020,한전주,042-611-2506,대전광역시 유성구청,2025-07-16
구암동134,1,대전광역시 유성구 유성대로668번길 138,대전광역시 유성구 구암동 610-15,36.35126071,127.3370189,2020,한전주,042-611-2506,대전광역시 유성구청,2025-07-16
구암동135,1,대전광역시 유성구 유성대로668번길 131,대전광역시 유성구 구암동 545-9,36.35160389,127.3368232,2020,한전주,042-611-2506,대전광역시 유성구청,2025-07-16
구암동136,1,대전광역시 유성구 월드컵대로321번길 36,대전광역시 유성구 구암동 611-1,36.35039139,127.336617,2020,한전주,042-611-2506,대전광역시 유성구청,2025-07-16
구암동138,1,대전광역시 유성구 월드컵대로321번길 28,대전광역시 유성구 구암동 611-27,36.34995042,127.3364653,2020,전용주,042-611-2506,대전광역시 유성구청,2025-07-16
구암동139,1,대전광역시 유성구 월드컵대로321번길 28,대전광역시 유성구 구암동 611-27,36.34995042,127.3364653,2020,전용주,042-611-2506,대전광역시 유성구청,2025-07-16
구암동140,1,대전광역시 유성구 월드컵대로351번길 3,대전광역시 유성구 구암동 612-1,36.34929604,127.3369287,2020,한전주,042-611-2506,대전광역시 유성구청,2025-07-16
구암동141,1,대전광역시 유성구 유성대로654번길 130,대전광역시 유성구 구암동 613-9,36.34921738,127.334775,2020,한전주,042-611-2506,대전광역시 유성구청,2025-07-16
구암동142,1,대전광역시 유성구 유성대로654번길 130,대전광역시 유성구 구암동 613-9,36.34921738,127.334775,2020,한전주,042-611-2506,대전광역시 유성구청,2025-07-16
구암동143,1,대전광역시 유성구 월드컵대로351번길 3,대전광역시 유성구 구암동 612-1,36.34929604,127.3369287,2020,한전주,042-611-2506,대전광역시 유성구청,2025-07-16
구암동144,1,대전광역시 유성구 월드컵대로351번길 3,대전광역시 유성구 구암동 612-1,36.34929604,127.3369287,2020,한전주,042-611-2506,대전광역시 유성구청,2025-07-16
구암동146,1,대전광역시 유성구 도안대로549번길 38,대전광역시 유성구 구암동 611-30,36.34981675,127.3376244,2020,한전주,042-611-2506,대전광역시 유성구청,2025-07-16
구암동147,1,대전광역시 유성구 도안대로549번길 38,대전광역시 유성구 구암동 611-30,36.34981675,127.3376244,2020,한전주,042-611-2506,대전광역시 유성구청,2025-07-16
구암동148,1,대전광역시 유성구 도안대로549번길 38,대전광역시 유성구 구암동 611-30,36.34981675,127.3376244,2020,한전주,042-611-2506,대전광역시 유성구청,2025-07-16
구암동149,1,대전광역시 유성구 도안대로549번안길 34,대전광역시 유성구 구암동 611-14,36.34992621,127.3378618,2020,한전주,042-611-2506,대전광역시 유성구청,2025-07-16
구암동150,1,대전광역시 유성구 도안대로549번안길 40,대전광역시 유성구 구암동 611-18,36.35002833,127.3375031,2020,한전주,042-611-2506,대전광역시 유성구청,2025-07-16
구암동151,1,대전광역시 유성구 도안대로549번안길 46,대전광역시 유성구 구암동 611-22,36.35002601,127.3372095,2020,한전주,042-611-2506,대전광역시 유성구청,2025-07-16
구암동152,1,대전광역시 유성구 도안대로549번안길 52,대전광역시 유성구 구암동 611-25,36.35003977,127.3368364,2020,한전주,042-611-2506,대전광역시 유성구청,2025-07-16
구암동154,1,대전광역시 유성구 월드컵대로321번길 28,대전광역시 유성구 구암동 611-27,36.34995042,127.3364653,2020,한전주,042-611-2506,대전광역시 유성구청,2025-07-16
구암동155,1,대전광역시 유성구 유성대로654번길 152-3,대전광역시 유성구 구암동 611-10,36.35025394,127.3373295,2020,전용주,042-611-2506,대전광역시 유성구청,2025-07-16
구암동156,1,,대전광역시 유성구 구암동 613-10,36.35052181,127.3344453,2020,한전주,042-611-2506,대전광역시 유성구청,2025-07-16
구암동157,1,대전광역시 유성구 유성대로654번길 160-1,대전광역시 유성구 구암동 611-13,36.350273,127.337853,2020,한전주,042-611-2506,대전광역시 유성구청,2025-07-16
구암동158,1,대전광역시 유성구 월드컵대로307번길 31,대전광역시 유성구 구암동 616-16,36.35014957,127.3341242,2020,한전주,042-611-2506,대전광역시 유성구청,2025-07-16
구암동159,1,대전광역시 유성구 월드컵대로307번길 31,대전광역시 유성구 구암동 616-16,36.35014957,127.3341242,2020,한전주,042-611-2506,대전광역시 유성구청,2025-07-16
구암동160,1,대전광역시 유성구 월드컵대로307번길 17,대전광역시 유성구 구암동 614-2,36.34961717,127.3341533,2020,한전주,042-611-2506,대전광역시 유성구청,2025-07-16
구암동161,1,대전광역시 유성구 월드컵대로307번길 5,대전광역시 유성구 구암동 614-4,36.34902327,127.3342267,2020,한전주,042-611-2506,대전광역시 유성구청,2025-07-16
구암동162,1,대전광역시 유성구 월드컵대로 301,대전광역시 유성구 구암동 614-14,36.34884194,127.3337145,2020,한전주,042-611-2506,대전광역시 유성구청,2025-07-16
구암동163,1,대전광역시 유성구 월드컵대로299번길 16,대전광역시 유성구 구암동 614-7,36.34937936,127.3336968,2020,한전주,042-611-2506,대전광역시 유성구청,2025-07-16
구암동164,1,대전광역시 유성구 월드컵대로299번길 26,대전광역시 유성구 구암동 614-21,36.34977617,127.3337534,2020,한전주,042-611-2506,대전광역시 유성구청,2025-07-16
구암동166,1,대전광역시 유성구 월드컵대로299번길 32-1,대전광역시 유성구 구암동 616-19,36.35014502,127.3338181,2020,한전주,042-611-2506,대전광역시 유성구청,2025-07-16
구암동167,1,,대전광역시 유성구 구암동 617-8,36.35101665,127.3332007,2020,한전주,042-611-2506,대전광역시 유성구청,2025-07-16
구암동168,1,대전광역시 유성구 월드컵대로289번길 43,대전광역시 유성구 구암동 617-14,36.35060118,127.333065,2020,한전주,042-611-2506,대전광역시 유성구청,2025-07-16
구암동169,1,대전광역시 유성구 월드컵대로289번길 32,대전광역시 유성구 구암동 615-1,36.35003438,127.3330984,2020,한전주,042-611-2506,대전광역시 유성구청,2025-07-16
구암동170,1,대전광역시 유성구 월드컵대로289번길 22,대전광역시 유성구 구암동 615-13,36.34961324,127.3330756,2020,한전주,042-611-2506,대전광역시 유성구청,2025-07-16
구암동171,1,대전광역시 유성구 월드컵대로289번길 22,대전광역시 유성구 구암동 615-13,36.34961324,127.3330756,2020,한전주,042-611-2506,대전광역시 유성구청,2025-07-16
구암동172,1,대전광역시 유성구 월드컵대로 291-1,대전광역시 유성구 구암동 615-20,36.34899108,127.3328118,2020,한전주,042-611-2506,대전광역시 유성구청,2025-07-16
구암동173,1,대전광역시 유성구 월드컵대로299번길 7,대전광역시 유성구 구암동 615-22,36.34904403,127.3333429,2020,한전주,042-611-2506,대전광역시 유성구청,2025-07-16
구암동174,1,대전광역시 유성구 월드컵대로289번길 6,대전광역시 유성구 구암동 615-26,36.34880521,127.3327322,2020,한전주,042-611-2506,대전광역시 유성구청,2025-07-16
구암동175,1,대전광역시 유성구 월드컵대로289번길 11,대전광역시 유성구 구암동 619-27,36.34922784,127.3324786,2020,한전주,042-611-2506,대전광역시 유성구청,2025-07-16
구암동176,1,대전광역시 유성구 월드컵대로253번안길 53,대전광역시 유성구 구암동 619-9,36.3493969,127.3321896,2020,한전주,042-611-2506,대전광역시 유성구청,2025-07-16
구암동177,1,대전광역시 유성구 월드컵대로275번길 22,대전광역시 유성구 구암동 619-24,36.3496325,127.3313492,2020,한전주,042-611-2506,대전광역시 유성구청,2025-07-16
구암동178,1,대전광역시 유성구 월드컵대로275번길 12,대전광역시 유성구 구암동 620-11,36.34913324,127.3311725,2020,한전주,042-611-2506,대전광역시 유성구청,2025-07-16
구암동179,1,대전광역시 유성구 월드컵대로253번안길 40,대전광역시 유성구 구암동 620-20,36.34942584,127.331275,2020,한전주,042-611-2506,대전광역시 유성구청,2025-07-16
구암동180,1,대전광역시 유성구 월드컵대로275번길 22,대전광역시 유성구 구암동 619-24,36.34963304,127.3313323,2020,한전주,042-611-2506,대전광역시 유성구청,2025-07-16
구암동181,1,대전광역시 유성구 월드컵대로275번길 34,대전광역시 유성구 구암동 619-1,36.35003943,127.3315109,2020,한전주,042-611-2506,대전광역시 유성구청,2025-07-16
구암동182,1,대전광역시 유성구 유성대로642번길 63,대전광역시 유성구 구암동 618-17,36.3503101,127.3317307,2020,한전주,042-611-2506,대전광역시 유성구청,2025-07-16
구암동183,1,대전광역시 유성구 유성대로642번길 73,대전광역시 유성구 구암동 618-18,36.35007484,127.332066,2020,한전주,042-611-2506,대전광역시 유성구청,2025-07-16
구암동184,1,대전광역시 유성구 유성대로642번길 79,대전광역시 유성구 구암동 618-21,36.34995709,127.3324429,2020,한전주,042-611-2506,대전광역시 유성구청,2025-07-16
구암동185,1,대전광역시 유성구 유성대로642번길 63,대전광역시 유성구 구암동 618-17,36.35032593,127.3317307,2020,한전주,042-611-2506,대전광역시 유성구청,2025-07-16
구암동186,1,대전광역시 유성구 유성대로642번길 81,대전광역시 유성구 구암동 618-11,36.34991351,127.3325587,2020,한전주,042-611-2506,대전광역시 유성구청,2025-07-16
구암동187,1,대전광역시 유성구 월드컵대로275번길 49,대전광역시 유성구 구암동 623-6,36.3507143,127.3314857,2020,한전주,042-611-2506,대전광역시 유성구청,2025-07-16
구암동188,1,대전광역시 유성구 유성대로646번길 69,대전광역시 유성구 구암동 617-17,36.35080037,127.3323603,2020,한전주,042-611-2506,대전광역시 유성구청,2025-07-16
구암동189,1,대전광역시 유성구 유성대로646번길 77,대전광역시 유성구 구암동 617-24,36.35065947,127.3327659,2020,한전주,042-611-2506,대전광역시 유성구청,2025-07-16
구암동190,1,대전광역시 유성구 유성대로646번길 61,대전광역시 유성구 구암동 617-19,36.350914,127.3319065,2020,한전주,042-611-2506,대전광역시 유성구청,2025-07-16
구암동191,1,대전광역시 유성구 월드컵대로275번길 64,대전광역시 유성구 구암동 617-1,36.35144788,127.3320946,2020,한전주,042-611-2506,대전광역시 유성구청,2025-07-16
구암동192,1,대전광역시 유성구 월드컵대로275번길 53,대전광역시 유성구 구암동 624-26,36.35097185,127.3316167,2020,한전주,042-611-2506,대전광역시 유성구청,2025-07-16
구암동193,1,대전광역시 유성구 유성대로646번길 43,대전광역시 유성구 구암동 624-10,36.35113569,127.331030,2020,한전주,042-611-2506,대전광역시 유성구청,2025-07-16
구암동194,1,대전광역시 유성구 유성대로646번길 43,대전광역시 유성구 구암동 624-10,36.35113569,127.331030,2020,한전주,042-611-2506,대전광역시 유성구청,2025-07-16
구암동195,1,대전광역시 유성구 유성대로646번길 38,대전광역시 유성구 구암동 623-17,36.35105919,127.3305069,2020,한전주,042-611-2506,대전광역시 유성구청,2025-07-16
구암동196,1,대전광역시 유성구 유성대로646번길 33,대전광역시 유성구 구암동 624-16,36.3513211,127.3304642,2020,한전주,042-611-2506,대전광역시 유성구청,2025-07-16
구암동197,1,대전광역시 유성구 월드컵대로253번길 68,대전광역시 유성구 구암동 624-19,36.3514457,127.3301491,2020,한전주,042-611-2506,대전광역시 유성구청,2025-07-16
구암동198,1,대전광역시 유성구 월드컵대로253번길 68,대전광역시 유성구 구암동 624-19,36.3514457,127.3301491,2020,한전주,042-611-2506,대전광역시 유성구청,2025-07-16
구암동199,1,대전광역시 유성구 유성대로654번길 22,대전광역시 유성구 구암동 624-1,36.35176179,127.3305871,2020,한전주,042-611-2506,대전광역시 유성구청,2025-07-16
구암동200,1,대전광역시 유성구 유성대로646번길 17,대전광역시 유성구 구암동 625-9,36.3515195,127.3296284,2020,한전주,042-611-2506,대전광역시 유성구청,2025-07-16
구암동201,1,대전광역시 유성구 유성대로 654,대전광역시 유성구 구암동 625-11,36.3516419789,127.3291166,2020,한전주,042-611-2506,대전광역시 유성구청,2025-07-16
구암동202,1,대전광역시 유성구 유성대로646번길 10,대전광역시 유성구 구암동 626-18,36.3514108,127.3291126,2020,한전주,042-611-2506,대전광역시 유성구청,2025-07-16
구암동203,1,대전광역시 유성구 유성대로646번길 2,대전광역시 유성구 구암동 626-1,36.35151042,127.3287382,2020,한전주,042-611-2506,대전광역시 유성구청,2025-07-16
구암동204,1,대전광역시 유성구 월드컵대로253번길 58,대전광역시 유성구 구암동 623-15,36.35098858,127.3300994,2020,한전주,042-611-2506,대전광역시 유성구청,2025-07-16
구암동205,1,대전광역시 유성구 월드컵대로253번길 52,대전광역시 유성구 구암동 622-1,36.35066074,127.3297365,2020,한전주,042-611-2506,대전광역시 유성구청,2025-07-16
구암동206,1,대전광역시 유성구 유성대로642번길 35,대전광역시 유성구 구암동 623-13,36.35078203,127.3302292,2020,한전주,042-611-2506,대전광역시 유성구청,2025-07-16
구암동207,1,대전광역시 유성구 유성대로642번길 45,대전광역시 유성구 구암동 623-10,36.35055819,127.3306811,2020,한전주,042-611-2506,대전광역시 유성구청,2025-07-16
구암동208,1,대전광역시 유성구 유성대로642번길 50,대전광역시 유성구 구암동 622-28,36.35026891,127.3308769,2020,한전주,042-611-2506,대전광역시 유성구청,2025-07-16
구암동209,1,대전광역시 유성구 유성대로642번길 53,대전광역시 유성구 구암동 623-8,36.35042385,127.3311613,2020,한전주,042-611-2506,대전광역시 유성구청,2025-07-16
구암동210,1,대전광역시 유성구 월드컵대로253번안길 31,대전광역시 유성구 구암동 622-23,36.34986023,127.3311706,2020,한전주,042-611-2506,대전광역시 유성구청,2025-07-16
구암동211,1,대전광역시 유성구 월드컵대로253번안길 24,대전광역시 유성구 구암동 621-22,36.34969219,127.3305086,2020,한전주,042-611-2506,대전광역시 유성구청,2025-07-16
구암동212,1,대전광역시 유성구 월드컵대로253번안길 15,대전광역시 유성구 구암동 622-14,36.35008151,127.3302097,2020,한전주,042-611-2506,대전광역시 유성구청,2025-07-16
구암동213,1,대전광역시 유성구 월드컵대로253번안길 7,대전광역시 유성구 구암동 622-21,36.3502949,127.3297775,2020,한전주,042-611-2506,대전광역시 유성구청,2025-07-16
구암동214,1,대전광역시 유성구 월드컵대로253번안길 1,대전광역시 유성구 구암동 622-12,36.35022572,127.3295487,2020,한전주,042-611-2506,대전광역시 유성구청,2025-07-16
구암동215,1,대전광역시 유성구 월드컵대로253번길 48,대전광역시 유성구 구암동 622-24,36.35052811,127.3296657,2020,한전주,042-611-2506,대전광역시 유성구청,2025-07-16
구암동216,1,대전광역시 유성구 월드컵대로253번길 37,대전광역시 유성구 구암동 627-1,36.3506523,127.3289429,2020,한전주,042-611-2506,대전광역시 유성구청,2025-07-16
구암동217,1,대전광역시 유성구 유성대로626번길 35,대전광역시 유성구 구암동 621-11,36.34956273,127.3292544,2020,한전주,042-611-2506,대전광역시 유성구청,2025-07-16
구암동218,1,대전광역시 유성구 유성대로626번길 35,대전광역시 유성구 구암동 621-11,36.34956273,127.3292544,2020,한전주,042-611-2506,대전광역시 유성구청,2025-07-16
구암동219,1,대전광역시 유성구 유성대로626번길 42,대전광역시 유성구 구암동 56-7,36.3491458,127.3294996,2020,한전주,042-611-2506,대전광역시 유성구청,2025-07-16
구암동220,1,대전광역시 유성구 유성대로626번길 57,대전광역시 유성구 구암동 621-7,36.34926709,127.3302545,2020,한전주,042-611-2506,대전광역시 유성구청,2025-07-16
구암동221,1,대전광역시 유성구 유성대로626번길 52,대전광역시 유성구 구암동 56-1,36.3489603,127.3299371,2020,한전주,042-611-2506,대전광역시 유성구청,2025-07-16
구암동222,1,대전광역시 유성구 유성대로626번길 56,대전광역시 유성구 구암동 39-6,36.3489493,127.3300986,2020,전용주,042-611-2506,대전광역시 유성구청,2025-07-16
구암동223,1,대전광역시 유성구 월드컵대로253번길 14,대전광역시 유성구 구암동 256-9,36.34911701,127.3289588,2020,한전주,042-611-2506,대전광역시 유성구청,2025-07-16
구암동224,1,대전광역시 유성구 월드컵대로253번길 10,대전광역시 유성구 구암동 256-10,36.34894886,127.3287922,2020,한전주,042-611-2506,대전광역시 유성구청,2025-07-16
구암동225,1,대전광역시 유성구 월드컵대로253번길 5,대전광역시 유성구 구암동 628-4,36.34893605,127.3284683,2020,한전주,042-611-2506,대전광역시 유성구청,2025-07-16
구암동226,1,대전광역시 유성구 월드컵대로245번길 11,대전광역시 유성구 구암동 629-9,36.34924649,127.3275539,2020,한전주,042-611-2506,대전광역시 유성구청,2025-07-16
구암동227,1,대전광역시 유성구 월드컵대로245번길 19,대전광역시 유성구 구암동 629-3,36.34950361,127.3276477,2020,한전주,042-611-2506,대전광역시 유성구청,2025-07-16
구암동228,1,대전광역시 유성구 유성대로626번길 12,대전광역시 유성구 구암동 629-10,36.34975292,127.3280246,2020,한전주,042-611-2506,대전광역시 유성구청,2025-07-16
구암동229,1,대전광역시 유성구 유성대로626번길 20,대전광역시 유성구 구암동 628-1,36.34965291,127.3282489,2020,한전주,042-611-2506,대전광역시 유성구청,2025-07-16
구암동230,1,대전광역시 유성구 월드컵대로253번길 17,대전광역시 유성구 구암동 628-2,36.34932661,127.3285371,2020,한전주,042-611-2506,대전광역시 유성구청,2025-07-16
구암동231,1,대전광역시 유성구 월드컵대로253번길 5-1,대전광역시 유성구 구암동 628-13,36.3490402,127.3282806,2020,한전주,042-611-2506,대전광역시 유성구청,2025-07-16
구암동232,1,대전광역시 유성구 월드컵대로245번길 29,대전광역시 유성구 구암동 630-5,36.35006561,127.328066,2020,한전주,042-611-2506,대전광역시 유성구청,2025-07-16
구암동233,1,대전광역시 유성구 월드컵대로253번길 37,대전광역시 유성구 구암동 627-1,36.3506523,127.3289429,2020,한전주,042-611-2506,대전광역시 유성구청,2025-07-16
구암동234,1,대전광역시 유성구 월드컵대로245번길 39,대전광역시 유성구 구암동 630-9,36.35027696,127.328383,2020,한전주,042-611-2506,대전광역시 유성구청,2025-07-16
구암동235,1,대전광역시 유성구 월드컵대로245번길 47,대전광역시 유성구 구암동 630-19,36.35061981,127.3285336,2020,한전주,042-611-2506,대전광역시 유성구청,2025-07-16
구암동236,1,대전광역시 유성구 유성대로642번길 17,대전광역시 유성구 구암동 626-14,36.35108911,127.3293292,2020,한전주,042-611-2506,대전광역시 유성구청,2025-07-16
구암동237,1,대전광역시 유성구 유성대로642번길 15,대전광역시 유성구 구암동 626-16,36.3511417,127.3291825,2020,한전주,042-611-2506,대전광역시 유성구청,2025-07-16
구암동238,1,대전광역시 유성구 월드컵대로253번길 59,대전광역시 유성구 구암동 626-10,36.35111024,127.3296436,2020,한전주,042-611-2506,대전광역시 유성구청,2025-07-16
구암동239,1,대전광역시 유성구 유성대로642번길 1,대전광역시 유성구 구암동 626-8,36.35137921,127.3286067,2020,한전주,042-611-2506,대전광역시 유성구청,2025-07-16
구암동240,1,대전광역시 유성구 유성대로 670-1,대전광역시 유성구 구암동 601-15,36.35360018,127.3302641,2020,한전주,042-611-2506,대전광역시 유성구청,2025-07-16
구암동241,1,대전광역시 유성구 박산로 177,대전광역시 유성구 구암동 91-6,36.35381247,127.3286409,2020,한전주,042-611-2506,대전광역시 유성구청,2025-07-16
구암동242,1,대전광역시 유성구 박산로 180,대전광역시 유성구 구암동 163-18,36.35346473,127.3288296,2020,한전주,042-611-2506,대전광역시 유성구청,2025-07-16
구암동243,1,대전광역시 유성구 박산로 171,대전광역시 유성구 구암동 175-1,36.35348604,127.3276334,2020,한전주,042-611-2506,대전광역시 유성구청,2025-07-16
구암동244,1,대전광역시 유성구 박산로 168,대전광역시 유성구 구암동 174-4,36.35318861,127.3275829,2020,한전주,042-611-2506,대전광역시 유성구청,2025-07-16
구암동245,1,대전광역시 유성구 박산로 158,대전광역시 유성구 구암동 173-8,36.352825606,127.3270231901,2020,한전주,042-611-2506,대전광역시 유성구청,2025-07-16
구암동246,1,대전광역시 유성구 박산로 156,대전광역시 유성구 구암동 173-3,36.35244557,127.3266014,2020,한전주,042-611-2506,대전광역시 유성구청,2025-07-16
구암동247,1,대전광역시 유성구 박산로 150,대전광역시 유성구 구암동 171,36.35198645,127.3262273,2020,한전주,042-611-2506,대전광역시 유성구청,2025-07-16
구암동248,1,대전광역시 유성구 박산로 177,대전광역시 유성구 구암동 91-6,36.35381247,127.3286409,2020,한전주,042-611-2506,대전광역시 유성구청,2025-07-16
구암동249,1,대전광역시 유성구 유성대로671번길 70,대전광역시 유성구 구암동 92-3,36.35473472,127.3261795,2020,한전주,042-611-2506,대전광역시 유성구청,2025-07-16
구암동250,1,대전광역시 유성구 유성대로671번길 53-15,대전광역시 유성구 구암동 91-9,36.35366738,127.3267017,2020,한전주,042-611-2506,대전광역시 유성구청,2025-07-16
구암동251,1,대전광역시 유성구 유성대로671번길 53-13,대전광역시 유성구 구암동 91-20,36.35361751,127.3269462,2020,한전주,042-611-2506,대전광역시 유성구청,2025-07-16
구암동252,1,대전광역시 유성구 박산로 125-24,대전광역시 유성구 구암동 92-12,36.35309304,127.3247257,2020,한전주,042-611-2506,대전광역시 유성구청,2025-07-16
구암동253,1,대전광역시 유성구 박산로 125-48,대전광역시 유성구 구암동 374-3,36.35357822,127.3230689,2020,한전주,042-611-2506,대전광역시 유성구청,2025-07-16
구암동254,1,대전광역시 유성구 박산로 125-48,대전광역시 유성구 구암동 374-3,36.35357822,127.3230689,2020,한전주,042-611-2506,대전광역시 유성구청,2025-07-16
구암동255,1,대전광역시 유성구 박산로 125-24,대전광역시 유성구 구암동 92-12,36.35309304,127.3247257,2020,한전주,042-611-2506,대전광역시 유성구청,2025-07-16
구암동256,1,대전광역시 유성구 박산로 133,대전광역시 유성구 구암동 200-3,36.35223799,127.3243331,2020,한전주,042-611-2506,대전광역시 유성구청,2025-07-16
구암동257,1,대전광역시 유성구 박산로 128,대전광역시 유성구 구암동 202-1,36.35221535,127.3235441,2020,한전주,042-611-2506,대전광역시 유성구청,2025-07-16
구암동258,1,대전광역시 유성구 박산로 128,대전광역시 유성구 구암동 202-1,36.35221535,127.3235441,2020,한전주,042-611-2506,대전광역시 유성구청,2025-07-16
구암동259,1,대전광역시 유성구 박산로 126-17,대전광역시 유성구 구암동 340-1,36.35186136,127.322847,2020,한전주,042-611-2506,대전광역시 유성구청,2025-07-16
구암동260,1,대전광역시 유성구 박산로 126-27,대전광역시 유성구 구암동 340-4,36.35175642,127.3227954,2020,한전주,042-611-2506,대전광역시 유성구청,2025-07-16
구암동261,1,,대전광역시 유성구 구암동 339-3,36.35114831,127.3223187,2020,한전주,042-611-2506,대전광역시 유성구청,2025-07-16
구암동262,1,대전광역시 유성구 박산로140번길 65,대전광역시 유성구 구암동 323-1,36.35036913,127.3223032,2020,한전주,042-611-2506,대전광역시 유성구청,2025-07-16
구암동263,1,대전광역시 유성구 박산로140번길 75,대전광역시 유성구 구암동 327-4,36.35035647,127.3216831,2020,한전주,042-611-2506,대전광역시 유성구청,2025-07-16
구암동264,1,대전광역시 유성구 박산로140번길 82,대전광역시 유성구 구암동 333-2,36.35065799,127.321353,2020,한전주,042-611-2506,대전광역시 유성구청,2025-07-16
구암동265,1,대전광역시 유성구 박산로140번길 65-3,대전광역시 유성구 구암동 322-2,36.35021325,127.322294,2020,한전주,042-611-2506,대전광역시 유성구청,2025-07-16
구암동266,1,대전광역시 유성구 박산로140번길 113,대전광역시 유성구 구암동 309,36.3498296,127.3221342,2020,한전주,042-611-2506,대전광역시 유성구청,2025-07-16
구암동267,1,대전광역시 유성구 박산로140번길 114,대전광역시 유성구 구암동 308,36.3496495,127.3219078,2020,한전주,042-611-2506,대전광역시 유성구청,2025-07-16
구암동268,1,대전광역시 유성구 박산로140번길 105,대전광역시 유성구 구암동 327-8,36.34984185,127.3215672,2020,한전주,042-611-2506,대전광역시 유성구청,2025-07-16
구암동269,1,대전광역시 유성구 박산로140번길 105,대전광역시 유성구 구암동 327-8,36.34984185,127.3215672,2020,한전주,042-611-2506,대전광역시 유성구청,2025-07-16
구암동270,1,대전광역시 유성구 박산로140번길 106,대전광역시 유성구 구암동 307-2,36.34962869,127.321584883,2020,한전주,042-611-2506,대전광역시 유성구청,2025-07-16
구암동271,1,대전광역시 유성구 박산로140번길 100,대전광역시 유성구 구암동 328,36.3497554,127.3210061,2020,한전주,042-611-2506,대전광역시 유성구청,2025-07-16
구암동272,1,대전광역시 유성구 박산로140번길 117,대전광역시 유성구 구암동 310-3,36.3497415,127.3223187,2020,한전주,042-611-2506,대전광역시 유성구청,2025-07-16
구암동273,1,대전광역시 유성구 박산로140번길 140,대전광역시 유성구 구암동 301,36.3487992,127.3217312,2020,한전주,042-611-2506,대전광역시 유성구청,2025-07-16
구암동274,1,대전광역시 유성구 박산로140번길 142-3,대전광역시 유성구 구암동 287-2,36.3485373,127.3216709,2020,한전주,042-611-2506,대전광역시 유성구청,2025-07-16
구암동275,1,대전광역시 유성구 박산로140번길 162-15,대전광역시 유성구 구암동 290-2,36.34783765,127.3225951,2020,한전주,042-611-2506,대전광역시 유성구청,2025-07-16
구암동276,1,대전광역시 유성구 박산로140번길 162-15,대전광역시 유성구 구암동 290-2,36.34783765,127.3225951,2020,한전주,042-611-2506,대전광역시 유성구청,2025-07-16
구암동277,1,대전광역시 유성구 박산로 148,대전광역시 유성구 구암동 170-7,36.35214613,127.3259675,2020,건축물,042-611-2506,대전광역시 유성구청,2025-07-16
구암동278,1,대전광역시 유성구 박산로 146,대전광역시 유성구 구암동 170-1,36.35181369,127.325766,2020,한전주,042-611-2506,대전광역시 유성구청,2025-07-16
구암동279,1,대전광역시 유성구 유성대로 629-33,대전광역시 유성구 구암동 213-8,36.35101246,127.3257661,2020,한전주,042-611-2506,대전광역시 유성구청,2025-07-16
구암동280,1,대전광역시 유성구 유성대로 629-29,대전광역시 유성구 구암동 213-37,36.35124475,127.3261759,2020,한전주,042-611-2506,대전광역시 유성구청,2025-07-16
구암동281,1,,대전광역시 유성구 구암동 163-5,36.35099345,127.327152,2020,한전주,042-611-2506,대전광역시 유성구청,2025-07-16
구암동282,1,대전광역시 유성구 박산로 133-1,대전광역시 유성구 구암동 201-5,36.35220023,127.3244654,2020,건축물,042-611-2506,대전광역시 유성구청,2025-07-16
구암동283,1,대전광역시 유성구 박산로140번길 16,대전광역시 유성구 구암동 345-1,36.35171865,127.3240323,2020,건축물,042-611-2506,대전광역시 유성구청,2025-07-16
구암동284,1,대전광역시 유성구 박산로140번길 16,대전광역시 유성구 구암동 345-1,36.35171865,127.3240323,2020,한전주,042-611-2506,대전광역시 유성구청,2025-07-16
구암동285,1,대전광역시 유성구 박산로140번길 32,대전광역시 유성구 구암동 340-7,36.35148665,127.3232471,2020,한전주,042-611-2506,대전광역시 유성구청,2025-07-16
구암동286,1,대전광역시 유성구 박산로140번길 35,대전광역시 유성구 구암동 341-2,36.35108269,127.3229312,2020,한전주,042-611-2506,대전광역시 유성구청,2025-07-16
구암동287,1,대전광역시 유성구 박산로140번길 121,대전광역시 유성구 구암동 311,36.34945389,127.3223379,2020,한전주,042-611-2506,대전광역시 유성구청,2025-07-16
구암동288,1,대전광역시 유성구 박산로140번길 197,대전광역시 유성구 구암동 222-3,36.34839621,127.3244217,2020,한전주,042-611-2506,대전광역시 유성구청,2025-07-16
구암동289,1,대전광역시 유성구 박산로140번길 201-6,대전광역시 유성구 구암동 223,36.34857804,127.324631,2020,한전주,042-611-2506,대전광역시 유성구청,2025-07-16
구암동290,1,,대전광역시 유성구 구암동 224-1,36.34819631,127.3252111,2020,한전주,042-611-2506,대전광역시 유성구청,2025-07-16
구암동291,1,대전광역시 유성구 박산로140번길 219,대전광역시 유성구 구암동 223-2,36.34879287,127.3255298,2020,한전주,042-611-2506,대전광역시 유성구청,2025-07-16
구암동292,1,대전광역시 유성구 유성대로 579-4,대전광역시 유성구 구암동 272,36.34713587,127.3243392,2020,한전주,042-611-2506,대전광역시 유성구청,2025-07-16
구암동293,1,대전광역시 유성구 박산로 133-1,대전광역시 유성구 구암동 201-5,36.35220023,127.3244654,2020,한전주,042-611-2506,대전광역시 유성구청,2025-07-16
구암동294,1,대전광역시 유성구 박산로 132,대전광역시 유성구 구암동 202-2,36.35206338,127.3240548,2020,한전주,042-611-2506,대전광역시 유성구청,2025-07-16
구암동295,1,대전광역시 유성구 박산로 128,대전광역시 유성구 구암동 202-1,36.35221535,127.3235441,2020,한전주,042-611-2506,대전광역시 유성구청,2025-07-16
구암동296,1,대전광역시 유성구 박산로 125-48,대전광역시 유성구 구암동 374-3,36.35357822,127.3230689,2020,한전주,042-611-2506,대전광역시 유성구청,2025-07-16
구암동297,1,대전광역시 유성구 박산로 125-48,대전광역시 유성구 구암동 374-3,36.35357822,127.3230689,2020,한전주,042-611-2506,대전광역시 유성구청,2025-07-16
구암동298,1,대전광역시 유성구 현충원로480번길 144,대전광역시 유성구 구암동 375-1,36.35383679,127.3215561,2020,한전주,042-611-2506,대전광역시 유성구청,2025-07-16
구암동299,1,대전광역시 유성구 현충원로480번길 144,대전광역시 유성구 구암동 375-1,36.35383679,127.3215561,2020,한전주,042-611-2506,대전광역시 유성구청,2025-07-16
구암동300,1,대전광역시 유성구 박산로 98,대전광역시 유성구 구암동 356-1,36.3532088,127.3207384,2020,한전주,042-611-2506,대전광역시 유성구청,2025-07-16
구암동301,1,대전광역시 유성구 박산로 98,대전광역시 유성구 구암동 356-1,36.3532088,127.3207384,2020,한전주,042-611-2506,대전광역시 유성구청,2025-07-16
구암동302,1,대전광역시 유성구 박산로 91,대전광역시 유성구 구암동 382-2,36.35368395,127.3201131,2020,한전주,042-611-2506,대전광역시 유성구청,2025-07-16
구암동303,1,대전광역시 유성구 박산로 91,대전광역시 유성구 구암동 382-2,36.35368395,127.3201131,2020,한전주,042-611-2506,대전광역시 유성구청,2025-07-16
구암동304,1,대전광역시 유성구 박산로 90-2,대전광역시 유성구 구암동 355-6,36.35361778,127.3195163,2020,한전주,042-611-2506,대전광역시 유성구청,2025-07-16
구암동305,1,대전광역시 유성구 박산로 82,대전광역시 유성구 구암동 372-1,36.35391535,127.3189109,2020,한전주,042-611-2506,대전광역시 유성구청,2025-07-16
구암동306,1,대전광역시 유성구 박산로 90-2,대전광역시 유성구 구암동 355-6,36.35361778,127.3195163,2020,한전주,042-611-2506,대전광역시 유성구청,2025-07-16
구암동307,1,대전광역시 유성구 박산로 74-9,대전광역시 유성구 구암동 460,36.35450321,127.3177839,2020,한전주,042-611-2506,대전광역시 유성구청,2025-07-16
구암동308,1,대전광역시 유성구 박산로 74-9,대전광역시 유성구 구암동 460,36.35450321,127.3177839,2020,한전주,042-611-2506,대전광역시 유성구청,2025-07-16
구암동309,1,대전광역시 유성구 박산로46번길 55,대전광역시 유성구 구암동 462,36.35418599,127.3178525,2020,한전주,042-611-2506,대전광역시 유성구청,2025-07-16
구암동310,1,대전광역시 유성구 박산로46번길 55,대전광역시 유성구 구암동 462,36.35418599,127.3178525,2020,한전주,042-611-2506,대전광역시 유성구청,2025-07-16
구암동311,1,대전광역시 유성구 박산로46번길 54-2,대전광역시 유성구 구암동 473-3,36.35399584,127.3176174,2020,한전주,042-611-2506,대전광역시 유성구청,2025-07-16
구암동312,1,대전광역시 유성구 박산로46번길 43,대전광역시 유성구 구암동 475-3,36.35460909,127.3175514,2020,한전주,042-611-2506,대전광역시 유성구청,2025-07-16
구암동313,1,대전광역시 유성구 박산로 62,대전광역시 유성구 구암동 476,36.35491919,127.3173446,2020,한전주,042-611-2506,대전광역시 유성구청,2025-07-16
구암동314,1,대전광역시 유성구 박산로 54,대전광역시 유성구 구암동 477-1,36.35505664,127.3165565,2020,한전주,042-611-2506,대전광역시 유성구청,2025-07-16
구암동315,1,대전광역시 유성구 박산로46번길 32,대전광역시 유성구 구암동 479,36.35450235,127.3167495,2020,한전주,042-611-2506,대전광역시 유성구청,2025-07-16
구암동316,1,,대전광역시 유성구 구암동 533-5,36.35436259,127.3183868,2020,한전주,042-611-2506,대전광역시 유성구청,2025-07-16
구암동317,1,대전광역시 유성구 박산로46번길 32,대전광역시 유성구 구암동 479,36.35450235,127.3167495,2020,한전주,042-611-2506,대전광역시 유성구청,2025-07-16
구암동318,1,대전광역시 유성구 박산로46번길 12,대전광역시 유성구 구암동 540-5,36.35489597,127.316144,2020,한전주,042-611-2506,대전광역시 유성구청,2025-07-16
구암동319,1,,대전광역시 유성구 구암동 533-5,36.35436259,127.3183868,2020,한전주,042-611-2506,대전광역시 유성구청,2025-07-16
구암동320,1,대전광역시 유성구 박산로 39,대전광역시 유성구 구암동 439-1,36.3554841,127.3156259,2020,한전주,042-611-2506,대전광역시 유성구청,2025-07-16
구암동321,1,대전광역시 유성구 박산로 48,대전광역시 유성구 구암동 480-25,36.35514957,127.3156625,2020,한전주,042-611-2506,대전광역시 유성구청,2025-07-16
구암동326,1,대전광역시 유성구 덕명로 132-8,대전광역시 유성구 구암동 492-5,36.35592337,127.3119019,2020,한전주,042-611-2506,대전광역시 유성구청,2025-07-16
구암동328,1,대전광역시 유성구 박산로 39,대전광역시 유성구 구암동 439-1,36.3554841,127.3156259,2020,한전주,042-611-2506,대전광역시 유성구청,2025-07-16
구암동329,1,대전광역시 유성구 박산로 39,대전광역시 유성구 구암동 439-1,36.35546841,127.3156259,2020,한전주,042-611-2506,대전광역시 유성구청,2025-07-16
구암동330,1,대전광역시 유성구 박산로 39,대전광역시 유성구 구암동 439-1,36.35546841,127.3156259,2020,한전주,042-611-2506,대전광역시 유성구청,2025-07-16
구암동331,1,대전광역시 유성구 박산로 39,대전광역시 유성구 구암동 439-1,36.35546841,127.3156259,2020,한전주,042-611-2506,대전광역시 유성구청,2025-07-16
구암동332,1,대전광역시 유성구 박산로 7,대전광역시 유성구 구암동 435-9,36.35843646,127.315788,2020,한전주,042-611-2506,대전광역시 유성구청,2025-07-16
구암동333,1,대전광역시 유성구 박산로 7,대전광역시 유성구 구암동 435-9,36.35843646,127.315788,2020,한전주,042-611-2506,대전광역시 유성구청,2025-07-16
구암동334,1,대전광역시 유성구 박산로 7,대전광역시 유성구 구암동 435-9,36.35843646,127.315788,2020,한전주,042-611-2506,대전광역시 유성구청,2025-07-16
구암동335,1,대전광역시 유성구 박산로 7,대전광역시 유성구 구암동 435-9,36.35843646,127.315788,2020,한전주,042-611-2506,대전광역시 유성구청,2025-07-16
구암동336,1,대전광역시 유성구 현충원로 401,대전광역시 유성구 구암동 429,36.35970237,127.3155386,2020,한전주,042-611-2506,대전광역시 유성구청,2025-07-16
구암동337,1,대전광역시 유성구 현충원로 401,대전광역시 유성구 구암동 429,36.35970237,127.3155386,2020,건축물,042-611-2506,대전광역시 유성구청,2025-07-16
구암동338,1,대전광역시 유성구 현충원로 401,대전광역시 유성구 구암동 429,36.35970237,127.3155386,2020,건축물,042-611-2506,대전광역시 유성구청,2025-07-16
구암동339,1,대전광역시 유성구 현충원로 389-4,대전광역시 유성구 구암동 431-3,36.35960008,127.3140685,2020,한전주,042-611-2506,대전광역시 유성구청,2025-07-16
구암동341,1,대전광역시 유성구 현충원로 389-20,대전광역시 유성구 구암동 431-30,36.36009437,127.3132461,2020,한전주,042-611-2506,대전광역시 유성구청,2025-07-16
구암동342,1,대전광역시 유성구 현충원로 389-20,대전광역시 유성구 구암동 431-30,36.36009437,127.3132461,2020,한전주,042-611-2506,대전광역시 유성구청,2025-07-16
구암동343,1,대전광역시 유성구 현충원로 389-20,대전광역시 유성구 구암동 431-30,36.36009437,127.3132461,2020,건축물,042-611-2506,대전광역시 유성구청,2025-07-16
구암동344,1,,대전광역시 유성구 구암동 430-9,36.35962441,127.3142855,2020,한전주,042-611-2506,대전광역시 유성구청,2025-07-16
구암동345,1,대전광역시 유성구 한밭대로 21-41,대전광역시 유성구 구암동 514-4,36.36601621,127.3076473,2020,한전주,042-611-2506,대전광역시 유성구청,2025-07-16
구암동346,1,,대전광역시 유성구 구암동 432-13,36.3585051,127.3128434,2020,한전주,042-611-2506,대전광역시 유성구청,2025-07-16
구암동347,1,대전광역시 유성구 현충원로 382-12,대전광역시 유성구 구암동 432-8,36.35847625,127.3127195,2020,한전주,042-611-2506,대전광역시 유성구청,2025-07-16
구암동348,1,,대전광역시 유성구 구암동 498-11,36.3597442,127.3185492,2020,한전주,042-611-2506,대전광역시 유성구청,2025-07-16
구암동349,1,대전광역시 유성구 덕명동로16번길 79,대전광역시 유성구 구암동 498-26,36.35789402,127.3122293,2020,한전주,042-611-2506,대전광역시 유성구청,2025-07-16
구암동350,1,대전광역시 유성구 현충원로 401-14,대전광역시 유성구 구암동 428-6,36.35977512,127.3164137,2020,한전주,042-611-2506,대전광역시 유성구청,2025-07-16
구암동351,1,대전광역시 유성구 현충원로 427-4,대전광역시 유성구 구암동 426-4,36.35975137,127.3185345,2020,한전주,042-611-2506,대전광역시 유성구청,2025-07-16
구암동352,1,대전광역시 유성구 현충원로 433-1,대전광역시 유성구 구암동 426-15,36.35969973,127.318975,2020,한전주,042-611-2506,대전광역시 유성구청,2025-07-16
구암동353,1,대전광역시 유성구 현충원로 437-9,대전광역시 유성구 구암동 424-39,36.360059,127.3192892,2020,한전주,042-611-2506,대전광역시 유성구청,2025-07-16
구암동354,1,대전광역시 유성구 현충원로 437-17,대전광역시 유성구 구암동 424-87,36.36044322,127.3193406,2020,한전주,042-611-2506,대전광역시 유성구청,2025-07-16
구암동355,1,대전광역시 유성구 현충원로439번길 21,대전광역시 유성구 구암동 424-35,36.3604666,127.3195688,2020,한전주,042-611-2506,대전광역시 유성구청,2025-07-16
구암동356,1,,대전광역시 유성구 구암동 424-43,36.36034639,127.3204279,2020,한전주,042-611-2506,대전광역시 유성구청,2025-07-16
구암동357,1,대전광역시 유성구 현충원로443번길 6,대전광역시 유성구 구암동 424-65,36.35993376,127.3203383,2020,한전주,042-611-2506,대전광역시 유성구청,2025-07-16
구암동358,1,대전광역시 유성구 현충원로443번길 20,대전광역시 유성구 구암동 424-20,36.36049054,127.3204133,2020,한전주,042-611-2506,대전광역시 유성구청,2025-07-16
구암동359,1,대전광역시 유성구 현충원로443번길 30,대전광역시 유성구 구암동 424-13,36.36087932,127.3203426,2020,한전주,042-611-2506,대전광역시 유성구청,2025-07-16
구암동360,1,,대전광역시 유성구 구암동 424-43,36.36034639,127.3204279,2020,한전주,042-611-2506,대전광역시 유성구청,2025-07-16
구암동361,1,대전광역시 유성구 현충원로439번길 28,대전광역시 유성구 구암동 424-26,36.36076309,127.3199632,2020,한전주,042-611-2506,대전광역시 유성구청,2025-07-16
구암동362,1,대전광역시 유성구 현충원로447번길 22,대전광역시 유성구 구암동 424-11,36.3604616,127.3208042,2020,한전주,042-611-2506,대전광역시 유성구청,2025-07-16
구암동363,1,대전광역시 유성구 현충원로447번길 5,대전광역시 유성구 구암동 424-66,36.35993282,127.3205396,2020,한전주,042-611-2506,대전광역시 유성구청,2025-07-16
구암동364,1,대전광역시 유성구 현충원로 451-7,대전광역시 유성구 구암동 424-74,36.35991868,127.3209402,2020,한전주,042-611-2506,대전광역시 유성구청,2025-07-16
구암동365,1,대전광역시 유성구 현충원로 451-17,대전광역시 유성구 구암동 424-10,36.36047622,127.3210461,2020,한전주,042-611-2506,대전광역시 유성구청,2025-07-16
구암동366,1,대전광역시 유성구 현충원로447번길 25,대전광역시 유성구 구암동 424-16,36.36066347,127.3205512,2020,한전주,042-611-2506,대전광역시 유성구청,2025-07-16
구암동367,1,대전광역시 유성구 유성대로713번길 107-27,대전광역시 유성구 구암동 527-98,36.35869044,127.3243212,2020,한전주,042-611-2506,대전광역시 유성구청,2025-07-16
구암동368,1,대전광역시 유성구 유성대로713번길 107-23,대전광역시 유성구 구암동 527-99,36.35860926,127.3244831,2020,한전주,042-611-2506,대전광역시 유성구청,2025-07-16
구암동369,1,대전광역시 유성구 유성대로713번길 107-11,대전광역시 유성구 구암동 527-102,36.35864894,127.3249153916,2020,한전주,042-611-2506,대전광역시 유성구청,2025-07-16
구암동370,1,대전광역시 유성구 현충원로480번길 20,대전광역시 유성구 구암동 420-4,36.35792674,127.3238048,2020,한전주,042-611-2506,대전광역시 유성구청,2025-07-16
구암동371,1,대전광역시 유성구 현충원로480번길 46,대전광역시 유성구 구암동 419-12,36.35779297,127.3240854,2020,한전주,042-611-2506,대전광역시 유성구청,2025-07-16
구암동372,1,대전광역시 유성구 현충원로480번길 59,대전광역시 유성구 구암동 125,36.35668982,127.3243256,2020,한전주,042-611-2506,대전광역시 유성구청,2025-07-16
구암동373,1,대전광역시 유성구 현충원로480번길 78,대전광역시 유성구 구암동 396-2,36.35652123,127.3232547,2020,한전주,042-611-2506,대전광역시 유성구청,2025-07-16
구암동374,1,,대전광역시 유성구 구암동 401-2,36.35622031,127.3223773,2020,한전주,042-611-2506,대전광역시 유성구청,2025-07-16
구암동375,1,대전광역시 유성구 유성대로713번길 211-16,대전광역시 유성구 구암동 410-9,36.35731275,127.3205719,2020,한전주,042-611-2506,대전광역시 유성구청,2025-07-16
구암동376,1,대전광역시 유성구 유성대로713번길 211-26,대전광역시 유성구 구암동 410-11,36.3572446,127.3199415,2020,한전주,042-611-2506,대전광역시 유성구청,2025-07-16
구암동377,1,대전광역시 유성구 유성대로713번길 221-15,대전광역시 유성구 구암동 410-2,36.35700545,127.3199332,2020,한전주,042-611-2506,대전광역시 유성구청,2025-07-16
구암동378,1,대전광역시 유성구 유성대로713번길 221,대전광역시 유성구 구암동 527-85,36.35762233,127.3203268,2020,한전주,042-611-2506,대전광역시 유성구청,2025-07-16
구암동379,1,대전광역시 유성구 유성대로713번길 195,대전광역시 유성구 구암동 527-88,36.3575914,127.3216426,2020,한전주,042-611-2506,대전광역시 유성구청,2025-07-16
구암동380,1,대전광역시 유성구 유성대로713번길 194,대전광역시 유성구 구암동 527-80,36.357725,127.3215586,2020,한전주,042-611-2506,대전광역시 유성구청,2025-07-16
구암동381,1,대전광역시 유성구 유성대로713번길 185-2,대전광역시 유성구 구암동 527-90,36.35772678,127.3220365,2020,한전주,042-611-2506,대전광역시 유성구청,2025-07-16
구암동382,1,대전광역시 유성구 유성대로713번길 185-2,대전광역시 유성구 구암동 527-90,36.35772678,127.3220365,2020,한전주,042-611-2506,대전광역시 유성구청,2025-07-16
구암동383,1,대전광역시 유성구 유성대로713번길 182,대전광역시 유성구 구암동 527-78,36.35807761,127.3217337,2020,한전주,042-611-2506,대전광역시 유성구청,2025-07-16
구암동384,1,,대전광역시 유성구 구암동 527-205,36.35898517,127.3219739,2020,건축물,042-611-2506,대전광역시 유성구청,2025-07-16
구암동385,1,대전광역시 유성구 현충원로455번길 5,대전광역시 유성구 구암동 424-82,36.3598547,127.3213749,2020,한전주,042-611-2506,대전광역시 유성구청,2025-07-16
구암동386,1,대전광역시 유성구 현충원로443번길 33,대전광역시 유성구 구암동 424-22,36.36107391,127.3199282,2020,한전주,042-611-2506,대전광역시 유성구청,2025-07-16
구암동387,1,대전광역시 유성구 현충원로480번길 25,대전광역시 유성구 구암동 420-6,36.3582830362,127.3244484,2020,한전주,042-611-2506,대전광역시 유성구청,2025-07-16
구암동388,1,대전광역시 유성구 현충원로480번길 25,대전광역시 유성구 구암동 420-6,36.3582830362,127.3244484,2020,한전주,042-611-2506,대전광역시 유성구청,2025-07-16
구암동389,1,대전광역시 유성구 현충원로480번길 25,대전광역시 유성구 구암동 420-6,36.3582830362,127.3244484,2020,한전주,042-611-2506,대전광역시 유성구청,2025-07-16
구암동390,1,대전광역시 유성구 계룡로46번길 46,대전광역시 유성구 구암동 594-13,36.35332878,127.3349465,2020,한전주,042-611-2506,대전광역시 유성구청,2025-07-16
구암동391,1,대전광역시 유성구 계룡로46번길 46,대전광역시 유성구 구암동 594-13,36.35332878,127.3349465,2020,한전주,042-611-2506,대전광역시 유성구청,2025-07-16
구암동392,1,대전광역시 유성구 유성대로694번길 60,대전광역시 유성구 구암동 594-1,36.35433583,127.3350183,2020,한전주,042-611-2506,대전광역시 유성구청,2025-07-16
구암동393,1,대전광역시 유성구 계룡로60번길 59,대전광역시 유성구 구암동 545-1,36.35223872,127.3367436,2020,한전주,042-611-2506,대전광역시 유성구청,2025-07-16
구암동394,1,대전광역시 유성구 계룡로60번길 67,대전광역시 유성구 구암동 545-11,36.3518063,127.3367553,2020,한전주,042-611-2506,대전광역시 유성구청,2025-07-16
구암동394,1,대전광역시 유성구 계룡로18번길 86-9,대전광역시 유성구 구암동 603-11,36.35231713,127.3311949,2020,한전주,042-611-2506,대전광역시 유성구청,2025-07-16
구암동395,1,대전광역시 유성구 유성대로654번길 100,대전광역시 유성구 구암동 613-1,36.3508416,127.3343137,2020,한전주,042-611-2506,대전광역시 유성구청,2025-07-16
구암동397,1,대전광역시 유성구 월드컵대로307번길 17,대전광역시 유성구 구암동 614-2,36.34961717,127.3341533,2020,한전주,042-611-2506,대전광역시 유성구청,2025-07-16
구암동398,1,대전광역시 유성구 박산로140번길 162-19,대전광역시 유성구 구암동 282-1,36.34764361,127.3222342,2020,한전주,042-611-2506,대전광역시 유성구청,2025-07-16
구암동399,1,대전광역시 유성구 월드컵대로299번길 18-1,대전광역시 유성구 구암동 614-9,36.34956895,127.3338984,2020,전용주,042-611-2506,대전광역시 유성구청,2025-07-16
구암동403,1,,대전광역시 유성구 구암동 270,36.34586538,127.3248578,2020,한전주,042-611-2506,대전광역시 유성구청,2025-07-16
구암동404,1,,대전광역시 유성구 구암동 270,36.34586538,127.3248578,2020,한전주,042-611-2506,대전광역시 유성구청,2025-07-16
구암동405,1,대전광역시 유성구 계룡로16번길 17,대전광역시 유성구 구암동 587-4,36.35544529,127.3321782,2020,한전주,042-611-2506,대전광역시 유성구청,2025-07-16
구암동407,1,대전광역시 유성구 월드컵대로351번길 31,대전광역시 유성구 구암동 611-36,36.34995289,127.3379867,2020,한전주,042-611-2506,대전광역시 유성구청,2025-07-16
구암동408,1,대전광역시 유성구 월드컵대로289번길 43,대전광역시 유성구 구암동 617-14,36.35060118,127.333048,2020,한전주,042-611-2506,대전광역시 유성구청,2025-07-16
구암동409,1,대전광역시 유성구 유성대로646번길 72,대전광역시 유성구 구암동 618-22,36.35053171,127.3323664,2020,한전주,042-611-2506,대전광역시 유성구청,2025-07-16
구암동410,1,대전광역시 유성구 월드컵대로321번길 36,대전광역시 유성구 구암동 611-1,36.35039139,127.336617,2020,한전주,042-611-2506,대전광역시 유성구청,2025-07-16
구암동411,1,대전광역시 유성구 유성대로680번길 90,대전광역시 유성구 구암동 595-2,36.35289913,127.3354506,2020,한전주,042-611-2506,대전광역시 유성구청,2025-07-16
구암동412,1,대전광역시 유성구 유성대로680번길 100,대전광역시 유성구 구암동 544-1,36.35280553,127.3359865,2020,한전주,042-611-2506,대전광역시 유성구청,2025-07-16
구암동413,1,대전광역시 유성구 계룡로18번길 79,대전광역시 유성구 구암동 604-15,36.35248783,127.3318383,2020,한전주,042-611-2506,대전광역시 유성구청,2025-07-16
구암동413,1,대전광역시 유성구 박산로 168,대전광역시 유성구 구암동 174-4,36.35318861,127.3275829,2020,한전주,042-611-2506,대전광역시 유성구청,2025-07-16
구암동414,1,대전광역시 유성구 박산로140번길 88,대전광역시 유성구 구암동 327-15,36.35037935,127.3211152,2020,한전주,042-611-2506,대전광역시 유성구청,2025-07-16
구암동415,1,대전광역시 유성구 유성대로 629-33,대전광역시 유성구 구암동 213-8,36.35101246,127.3257661,2020,한전주,042-611-2506,대전광역시 유성구청,2025-07-16
구암동416,1,대전광역시 유성구 월드컵대로253번길 32,대전광역시 유성구 구암동 621-28,36.34992875,127.3294323,2020,건축물,042-611-2506,대전광역시 유성구청,2025-07-16
구암동417,1,대전광역시 유성구 유성대로680번길 62-5,대전광역시 유성구 구암동 597-8,36.35317775,127.3339475,2020,한전주,042-611-2506,대전광역시 유성구청,2025-07-16
구암동418,1,대전광역시 유성구 월드컵대로253번길 37,대전광역시 유성구 구암동 627-1,36.3506523,127.3289429,2020,전용주,042-611-2506,대전광역시 유성구청,2025-07-16
금고동001,1,,대전광역시 유성구 금고동 609-3,36.46033365,127.383067,2020,한전주,042-611-2506,대전광역시 유성구청,2025-07-16
금고동018,1,,대전광역시 유성구 금고동 464-1,36.46426131,127.3888298,2020,한전주,042-611-2506,대전광역시 유성구청,2025-07-16
금고동019,1,,대전광역시 유성구 금고동 769-1,36.46624975,127.3895712,2020,한전주,042-611-2506,대전광역시 유성구청,2025-07-16
금고동020,1,,대전광역시 유성구 금고동 454-2,36.46394502,127.3903775,2020,한전주,042-611-2506,대전광역시 유성구청,2025-07-16
금고동021,1,,대전광역시 유성구 금고동 228,36.4710225,127.3873861,2020,한전주,042-611-2506,대전광역시 유성구청,2025-07-16
금고동022,1,,대전광역시 유성구 금고동 183-2,36.46935849,127.393533,2020,한전주,042-611-2506,대전광역시 유성구청,2025-07-16
금고동023,1,,대전광역시 유성구 금고동 301-4,36.47363608,127.3840616,2020,한전주,042-611-2506,대전광역시 유성구청,2025-07-16
금탄동001,1,대전광역시 유성구 대금로 404-72,대전광역시 유성구 금탄동 117-1,36.49722476,127.3804767,2020,한전주,042-611-2506,대전광역시 유성구청,2025-07-16
금탄동002,1,대전광역시 유성구 대금로 418,대전광역시 유성구 금탄동 152,36.4945114,127.381320,2020,한전주,042-611-2506,대전광역시 유성구청,2025-07-16
금탄동003,1,대전광역시 유성구 대금로 416,대전광역시 유성구 금탄동 154-6,36.49440138,127.3815136,2020,한전주,042-611-2506,대전광역시 유성구청,2025-07-16
금탄동004,1,대전광역시 유성구 대금로 446-42,대전광역시 유성구 금탄동 120-2,36.49562606,127.3793912,2020,한전주,042-611-2506,대전광역시 유성구청,2025-07-16
금탄동005,1,대전광역시 유성구 대금로 402,대전광역시 유성구 금탄동 산 11,36.49434569,127.3829482,2020,한전주,042-611-2506,대전광역시 유성구청,2025-07-16
금탄동006,1,대전광역시 유성구 대금로 392,대전광역시 유성구 금탄동 166-1,36.49406354,127.3836487,2020,한전주,042-611-2506,대전광역시 유성구청,2025-07-16
금탄동007,1,대전광역시 유성구 대금로 392,대전광역시 유성구 금탄동 166-1,36.49406354,127.3836487,2020,한전주,042-611-2506,대전광역시 유성구청,2025-07-16
금탄동008,1,대전광역시 유성구 대금로384번길 26,대전광역시 유성구 금탄동 169-2,36.49414436,127.384296,2020,한전주,042-611-2506,대전광역시 유성구청,2025-07-16
금탄동009,1,대전광역시 유성구 대금로384번길 22,대전광역시 유성구 금탄동 171,36.49421961,127.3844908,2020,한전주,042-611-2506,대전광역시 유성구청,2025-07-16
금탄동010,1,대전광역시 유성구 대금로384번길 16,대전광역시 유성구 금탄동 176-1,36.49360343,127.3849016,2020,한전주,042-611-2506,대전광역시 유성구청,2025-07-16
금탄동011,1,대전광역시 유성구 대금로372번길 35-6,대전광역시 유성구 금탄동 산 20-3,36.4939259,127.3850959,2020,한전주,042-611-2506,대전광역시 유성구청,2025-07-16
금탄동012,1,대전광역시 유성구 대금로372번길 35-6,대전광역시 유성구 금탄동 산 20-3,36.4939259,127.3850959,2020,한전주,042-611-2506,대전광역시 유성구청,2025-07-16
금탄동013,1,대전광역시 유성구 대금로372번길 47,대전광역시 유성구 금탄동 95-2,36.49399994,127.3859615,2020,한전주,042-611-2506,대전광역시 유성구청,2025-07-16
금탄동014,1,대전광역시 유성구 대금로372번길 47-9,대전광역시 유성구 금탄동 95-3,36.493995,127.3864021,2020,한전주,042-611-2506,대전광역시 유성구청,2025-07-16
금탄동015,1,대전광역시 유성구 대금로372번길 47-9,대전광역시 유성구 금탄동 95-3,36.493995,127.3864021,2020,한전주,042-611-2506,대전광역시 유성구청,2025-07-16
금탄동016,1,대전광역시 유성구 대금로372번길 35-6,대전광역시 유성구 금탄동 산 20-3,36.49398814,127.3850959,2020,한전주,042-611-2506,대전광역시 유성구청,2025-07-16
금탄동017,1,대전광역시 유성구 대금로384번길 11,대전광역시 유성구 금탄동 182,36.49368163,127.3843477,2020,한전주,042-611-2506,대전광역시 유성구청,2025-07-16
금탄동018,1,대전광역시 유성구 대금로384번길 11,대전광역시 유성구 금탄동 182,36.49368163,127.3843477,2020,건축물,042-611-2506,대전광역시 유성구청,2025-07-16
금탄동019,1,대전광역시 유성구 대금로 385,대전광역시 유성구 금탄동 165-5,36.49339422,127.3838838,2020,한전주,042-611-2506,대전광역시 유성구청,2025-07-16
금탄동020,1,대전광역시 유성구 대금로 389,대전광역시 유성구 금탄동 165-1,36.49371812,127.3837643,2020,한전주,042-611-2506,대전광역시 유성구청,2025-07-16
금탄동021,1,대전광역시 유성구 대금로 372,대전광역시 유성구 금탄동 202-3,36.49236915,127.3845292,2020,한전주,042-611-2506,대전광역시 유성구청,2025-07-16
금탄동022,1,대전광역시 유성구 대금로 372,대전광역시 유성구 금탄동 202-3,36.49236915,127.3845292,2020,한전주,042-611-2506,대전광역시 유성구청,2025-07-16
금탄동023,1,대전광역시 유성구 대금로372번길 28,대전광역시 유성구 금탄동 177,36.49340851,127.3848472,2020,한전주,042-611-2506,대전광역시 유성구청,2025-07-16
금탄동024,1,대전광역시 유성구 대금로372번길 16,대전광역시 유성구 금탄동 179,36.49309067,127.3847374,2020,한전주,042-611-2506,대전광역시 유성구청,2025-07-16
금탄동025,1,대전광역시 유성구 대금로372번길 12-14,대전광역시 유성구 금탄동 178,36.49311585,127.3851707,2020,건축물,042-611-2506,대전광역시 유성구청,2025-07-16
금탄동026,1,대전광역시 유성구 대금로372번길 11,대전광역시 유성구 금탄동 202-2,36.49303452,127.3845132,2020,한전주,042-611-2506,대전광역시 유성구청,2025-07-16
금탄동027,1,대전광역시 유성구 대금로 368-7,대전광역시 유성구 금탄동 203,36.49253216,127.3847549,2020,한전주,042-611-2506,대전광역시 유성구청,2025-07-16
금탄동028,1,대전광역시 유성구 대금로372번길 8-8,대전광역시 유성구 금탄동 203-1,36.49260925,127.3851342,2020,건축물,042-611-2506,대전광역시 유성구청,2025-07-16
금탄동029,1,대전광역시 유성구 대금로 372,대전광역시 유성구 금탄동 202-3,36.49236915,127.3845292,2020,건축물,042-611-2506,대전광역시 유성구청,2025-07-16
금탄동030,1,대전광역시 유성구 대금로 372,대전광역시 유성구 금탄동 202-3,36.49236915,127.3845292,2020,한전주,042-611-2506,대전광역시 유성구청,2025-07-16
금탄동031,1,대전광역시 유성구 대금로 371-16,대전광역시 유성구 금탄동 218-3,36.49196766,127.3838938,2020,한전주,042-611-2506,대전광역시 유성구청,2025-07-16
금탄동032,1,대전광역시 유성구 대금로 368-8,대전광역시 유성구 금탄동 204,36.4921033,127.3849794,2020,한전주,042-611-2506,대전광역시 유성구청,2025-07-16
금탄동033,1,대전광역시 유성구 대금로 368-8,대전광역시 유성구 금탄동 204,36.4921033,127.3849794,2020,한전주,042-611-2506,대전광역시 유성구청,2025-07-16
금탄동034,1,,대전광역시 유성구 금탄동 50,36.4889177,127.3867181,2020,한전주,042-611-2506,대전광역시 유성구청,2025-07-16
금탄동035,1,,대전광역시 유성구 금탄동 50,36.4889177,127.3867181,2020,한전주,042-611-2506,대전광역시 유성구청,2025-07-16
금탄동036,1,,대전광역시 유성구 금탄동 50,36.4889177,127.3867181,2020,한전주,042-611-2506,대전광역시 유성구청,2025-07-16
금탄동037,1,,대전광역시 유성구 금탄동 50,36.48892722,127.3867072,2020,한전주,042-611-2506,대전광역시 유성구청,2025-07-16
금탄동038,1,,대전광역시 유성구 금탄동 50,36.48892722,127.3867072,2020,한전주,042-611-2506,대전광역시 유성구청,2025-07-16
금탄동039,1,,대전광역시 유성구 금탄동 50,36.48892722,127.3867072,2020,한전주,042-611-2506,대전광역시 유성구청,2025-07-16
금탄동040,1,대전광역시 유성구 대금로 368-7,대전광역시 유성구 금탄동 203,36.49253216,127.3847549,2020,전용주,042-611-2506,대전광역시 유성구청,2025-07-16
노은동001,1,,대전광역시 유성구 노은동 141-13,36.37043007,127.3287044,2020,한전주,042-611-2506,대전광역시 유성구청,2025-07-16
노은동002,1,,대전광역시 유성구 노은동 157-15,36.36967833,127.3301215,2020,한전주,042-611-2506,대전광역시 유성구청,2025-07-16
노은동003,1,,대전광역시 유성구 노은동 157-3,36.36993544,127.3302496,2020,한전주,042-611-2506,대전광역시 유성구청,2025-07-16
노은동004,1,대전광역시 유성구 은구비로 94-180,대전광역시 유성구 노은동 157-1,36.37027885,127.3300415,2020,한전주,042-611-2506,대전광역시 유성구청,2025-07-16
노은동005,1,대전광역시 유성구 은구비로 94-180,대전광역시 유성구 노은동 157-1,36.37027885,127.3300415,2020,한전주,042-611-2506,대전광역시 유성구청,2025-07-16
노은동006,1,,대전광역시 유성구 노은동 155-7,36.3708604,127.3295582,2020,한전주,042-611-2506,대전광역시 유성구청,2025-07-16
노은동007,1,대전광역시 유성구 은구비로 94-163,대전광역시 유성구 노은동 155-6,36.37113375,127.3293675,2020,한전주,042-611-2506,대전광역시 유성구청,2025-07-16
노은동008,1,,대전광역시 유성구 노은동 155-5,36.37169838,127.3292383,2020,한전주,042-611-2506,대전광역시 유성구청,2025-07-16
노은동009,1,,대전광역시 유성구 노은동 155-5,36.37169838,127.3292383,2020,한전주,042-611-2506,대전광역시 유성구청,2025-07-16
노은동010,1,,대전광역시 유성구 노은동 153,36.37294306,127.3292894,2020,한전주,042-611-2506,대전광역시 유성구청,2025-07-16
노은동011,1,,대전광역시 유성구 노은동 153,36.37294306,127.3292894,2020,한전주,042-611-2506,대전광역시 유성구청,2025-07-16
노은동012,1,대전광역시 유성구 은구비로 94-106,대전광역시 유성구 노은동 154-5,36.37365304,127.3285936,2020,한전주,042-611-2506,대전광역시 유성구청,2025-07-16
노은동013,1,,대전광역시 유성구 노은동 154-1,36.37437155,127.3282352,2020,한전주,042-611-2506,대전광역시 유성구청,2025-07-16
노은동014,1,,대전광역시 유성구 노은동 154-1,36.37437155,127.3282352,2020,한전주,042-611-2506,대전광역시 유성구청,2025-07-16
노은동015,1,,대전광역시 유성구 죽동 552-24,36.37454576,127.3293585,2020,한전주,042-611-2506,대전광역시 유성구청,2025-07-16
노은동016,1,,대전광역시 유성구 노은동 134,36.37228461,127.3285081,2020,한전주,042-611-2506,대전광역시 유성구청,2025-07-16
노은동017,1,,대전광역시 유성구 노은동 134,36.37228461,127.3285081,2020,한전주,042-611-2506,대전광역시 유성구청,2025-07-16
노은동018,1,대전광역시 유성구 북유성대로 104,대전광역시 유성구 노은동 138-3,36.37625465,127.3259561,2020,한전주,042-611-2506,대전광역시 유성구청,2025-07-16
노은동019,1,대전광역시 유성구 북유성대로 104,대전광역시 유성구 노은동 138-3,36.37625465,127.3259561,2020,한전주,042-611-2506,대전광역시 유성구청,2025-07-16
노은동020,1,대전광역시 유성구 북유성대로 106,대전광역시 유성구 노은동 138-2,36.37647944,127.3257767,2020,한전주,042-611-2506,대전광역시 유성구청,2025-07-16
노은동021,1,대전광역시 유성구 북유성대로 106,대전광역시 유성구 노은동 138-2,36.37647944,127.3257767,2020,한전주,042-611-2506,대전광역시 유성구청,2025-07-16
노은동022,1,,대전광역시 유성구 죽동 130-1,36.3694225,127.3263323,2020,한전주,042-611-2506,대전광역시 유성구청,2025-07-16
노은동023,1,,대전광역시 유성구 죽동 130-1,36.3694202,127.3259089,2020,한전주,042-611-2506,대전광역시 유성구청,2025-07-16
노은동024,1,,대전광역시 유성구 노은동 13-2,36.36827208,127.3317399,2020,한전주,042-611-2506,대전광역시 유성구청,2025-07-16
노은동025,1,대전광역시 유성구 북유성대로 31-19,대전광역시 유성구 노은동 63-1,36.36923262,127.3259552,2020,한전주,042-611-2506,대전광역시 유성구청,2025-07-16
노은동026,1,,대전광역시 유성구 노은동 63-14,36.36941882,127.3259114,2020,한전주,042-611-2506,대전광역시 유성구청,2025-07-16
노은동027,1,,대전광역시 유성구 노은동 87-4,36.36939128,127.3249194,2020,한전주,042-611-2506,대전광역시 유성구청,2025-07-16
노은동028,1,대전광역시 유성구 노은동로88번길 31,대전광역시 유성구 노은동 525-3,36.3689759,127.3244253,2020,전용주,042-611-2506,대전광역시 유성구청,2025-07-16
노은동029,1,대전광역시 유성구 노은동로88번길 31,대전광역시 유성구 노은동 525-3,36.3689759,127.3244253,2020,전용주,042-611-2506,대전광역시 유성구청,2025-07-16
노은동030,1,대전광역시 유성구 노은동로88번길 19,대전광역시 유성구 노은동 526-6,36.36855125,127.3245953,2020,한전주,042-611-2506,대전광역시 유성구청,2025-07-16
노은동031,1,대전광역시 유성구 북유성대로 5-42,대전광역시 유성구 노은동 86-4,36.36812603,127.3253103,2020,한전주,042-611-2506,대전광역시 유성구청,2025-07-16
노은동032,1,대전광역시 유성구 북유성대로 5-22,대전광역시 유성구 노은동 431-5,36.3675768,127.3260241,2020,한전주,042-611-2506,대전광역시 유성구청,2025-07-16
노은동033,1,대전광역시 유성구 노은동로88번길 31,대전광역시 유성구 노은동 525-3,36.3689759,127.3244253,2020,건축물,042-611-2506,대전광역시 유성구청,2025-07-16
노은동034,1,대전광역시 유성구 노은동로 96,대전광역시 유성구 노은동 527-1,36.3690589,127.323648,2020,건축물,042-611-2506,대전광역시 유성구청,2025-07-16
노은동035,1,대전광역시 유성구 노은동로87번길 6-9,대전광역시 유성구 노은동 538-9,36.36891283,127.3229562,2020,전용주,042-611-2506,대전광역시 유성구청,2025-07-16
노은동036,1,대전광역시 유성구 노은동로 99,대전광역시 유성구 노은동 537-1,36.36939669,127.3232157,2020,전용주,042-611-2506,대전광역시 유성구청,2025-07-16
노은동037,1,대전광역시 유성구 노은동로87번길 12-13,대전광역시 유성구 노은동 539-10,36.36905305,127.3225911,2020,건축물,042-611-2506,대전광역시 유성구청,2025-07-16
노은동038,1,대전광역시 유성구 노은동로87번길 12-2,대전광역시 유성구 노은동 538-6,36.36860455,127.3228172,2020,건축물,042-611-2506,대전광역시 유성구청,2025-07-16
노은동039,1,대전광역시 유성구 노은동로75번길 117,대전광역시 유성구 노은동 544-3,36.36871044,127.3186207,2020,건축물,042-611-2506,대전광역시 유성구청,2025-07-16
노은동040,1,대전광역시 유성구 노은동로87번길 20-18,대전광역시 유성구 노은동 539-2,36.36923392,127.3224553,2020,건축물,042-611-2506,대전광역시 유성구청,2025-07-16
노은동041,1,대전광역시 유성구 노은동로75번길 125,대전광역시 유성구 노은동 542-8,36.36915902,127.318597,2020,건축물,042-611-2506,대전광역시 유성구청,2025-07-16
노은동042,1,대전광역시 유성구 노은동로75번길 125,대전광역시 유성구 노은동 542-8,36.36915902,127.318597,2020,건축물,042-611-2506,대전광역시 유성구청,2025-07-16
노은동043,1,대전광역시 유성구 노은동로99번길 91-11,대전광역시 유성구 노은동 542-4,36.36905217,127.3184145,2020,건축물,042-611-2506,대전광역시 유성구청,2025-07-16
노은동044,1,대전광역시 유성구 노은동로99번길 91-18,대전광역시 유성구 노은동 544-1,36.36872092,127.3183056,2020,건축물,042-611-2506,대전광역시 유성구청,2025-07-16
노은동045,1,대전광역시 유성구 노은동로87번길 89,대전광역시 유성구 노은동 546,36.3682653,127.3184383,2020,건축물,042-611-2506,대전광역시 유성구청,2025-07-16
노은동046,1,대전광역시 유성구 노은동로75번길 102-14,대전광역시 유성구 노은동 548-3,36.3679728,127.3194435,2020,건축물,042-611-2506,대전광역시 유성구청,2025-07-16
노은동047,1,대전광역시 유성구 노은동로75번길 102-22,대전광역시 유성구 노은동 548-7,36.3679668,127.3199663,2020,건축물,042-611-2506,대전광역시 유성구청,2025-07-16
노은동048,1,대전광역시 유성구 노은동로79번길 72,대전광역시 유성구 노은동 548-15,36.36782949,127.319452,2020,건축물,042-611-2506,대전광역시 유성구청,2025-07-16
노은동049,1,대전광역시 유성구 노은동로79번길 31,대전광역시 유성구 노은동 534-5,36.36757776,127.3215794,2020,건축물,042-611-2506,대전광역시 유성구청,2025-07-16
노은동050,1,대전광역시 유성구 노은동로79번길 12,대전광역시 유성구 노은동 535-27,36.36782703,127.3227117,2020,건축물,042-611-2506,대전광역시 유성구청,2025-07-16
노은동051,1,대전광역시 유성구 현충원로485번길 115-5,대전광역시 유성구 노은동 277-8,36.3626801,127.3214982,2020,한전주,042-611-2506,대전광역시 유성구청,2025-07-16
노은동052,1,대전광역시 유성구 현충원로485번길 115-5,대전광역시 유성구 노은동 277-8,36.36262548,127.3214982,2020,한전주,042-611-2506,대전광역시 유성구청,2025-07-16
노은동053,1,대전광역시 유성구 현충원로485번길 115-5,대전광역시 유성구 노은동 277-8,36.36262548,127.3214982,2020,한전주,042-611-2506,대전광역시 유성구청,2025-07-16
노은동054,1,대전광역시 유성구 노은로 36,대전광역시 유성구 노은동 567-1,36.36259341,127.3180955,2020,한전주,042-611-2506,대전광역시 유성구청,2025-07-16
노은동055,1,대전광역시 유성구 왕가봉로2번길 27-1,대전광역시 유성구 노은동 560-7,36.36374739,127.3168296,2020,건축물,042-611-2506,대전광역시 유성구청,2025-07-16
노은동056,1,대전광역시 유성구 왕가봉로2번길 68,대전광역시 유성구 노은동 562-4,36.36518683,127.317376,2020,건축물,042-611-2506,대전광역시 유성구청,2025-07-16
노은동057,1,대전광역시 유성구 왕가봉로2번길 57,대전광역시 유성구 노은동 561-10,36.36459045,127.3172665,2020,건축물,042-611-2506,대전광역시 유성구청,2025-07-16
노은동058,1,대전광역시 유성구 왕가봉로2번길 45,대전광역시 유성구 노은동 561-8,36.36406099,127.3172736,2020,건축물,042-611-2506,대전광역시 유성구청,2025-07-16
노은동059,1,대전광역시 유성구 왕가봉로2번길 27-13,대전광역시 유성구 노은동 560-10,36.36420751,127.3168355,2020,건축물,042-611-2506,대전광역시 유성구청,2025-07-16
노은동060,1,대전광역시 유성구 왕가봉로2번길 27-18,대전광역시 유성구 노은동 561-3,36.36435077,127.3171175,2020,건축물,042-611-2506,대전광역시 유성구청,2025-07-16
노은동061,1,대전광역시 유성구 왕가봉로2번길 81,대전광역시 유성구 노은동 556-3,36.36492386,127.3164929,2020,건축물,042-611-2506,대전광역시 유성구청,2025-07-16
노은동062,1,대전광역시 유성구 왕가봉로 16-19,대전광역시 유성구 노은동 556-6,36.36475444,127.3165269,2020,건축물,042-611-2506,대전광역시 유성구청,2025-07-16
노은동063,1,대전광역시 유성구 왕가봉로 16-16,대전광역시 유성구 노은동 559-1,36.36455465,127.3162575,2020,건축물,042-611-2506,대전광역시 유성구청,2025-07-16
노은동064,1,대전광역시 유성구 왕가봉로2번길 19-14,대전광역시 유성구 노은동 560-3,36.36421011,127.3166706,2020,건축물,042-611-2506,대전광역시 유성구청,2025-07-16
노은동065,1,대전광역시 유성구 왕가봉로2번길 86,대전광역시 유성구 노은동 555-9,36.36520549,127.3163213,2020,전용주,042-611-2506,대전광역시 유성구청,2025-07-16
노은동066,1,대전광역시 유성구 왕가봉로2번길 19-5,대전광역시 유성구 노은동 559-8,36.3639293,127.3164133,2020,건축물,042-611-2506,대전광역시 유성구청,2025-07-16
노은동067,1,대전광역시 유성구 왕가봉로2번길 19-1,대전광역시 유성구 노은동 559-7,36.3637494,127.3164122,2020,건축물,042-611-2506,대전광역시 유성구청,2025-07-16
노은동068,1,대전광역시 유성구 왕가봉로2번길 3-2,대전광역시 유성구 노은동 558-6,36.36375392,127.3158257,2020,건축물,042-611-2506,대전광역시 유성구청,2025-07-16
노은동069,1,대전광역시 유성구 왕가봉로2번길 11-5,대전광역시 유성구 노은동 558-8,36.36391632,127.3159934,2020,건축물,042-611-2506,대전광역시 유성구청,2025-07-16
노은동070,1,대전광역시 유성구 왕가봉로2번길 11-13,대전광역시 유성구 노은동 558-10,36.3642258,127.315990,2020,건축물,042-611-2506,대전광역시 유성구청,2025-07-16
노은동071,1,대전광역시 유성구 왕가봉로2번길 11-18,대전광역시 유성구 노은동 559-2,36.36435244,127.3162521,2020,건축물,042-611-2506,대전광역시 유성구청,2025-07-16
노은동072,1,대전광역시 유성구 왕가봉로2번길 3-18,대전광역시 유성구 노은동 558-2,36.36436208,127.3158413,2020,건축물,042-611-2506,대전광역시 유성구청,2025-07-16
노은동073,1,대전광역시 유성구 왕가봉로2번길 3-14,대전광역시 유성구 노은동 558-3,36.36421329,127.3158463,2020,건축물,042-611-2506,대전광역시 유성구청,2025-07-16
노은동074,1,대전광역시 유성구 왕가봉로2번길 3-2,대전광역시 유성구 노은동 558-6,36.36375392,127.3158257,2020,건축물,042-611-2506,대전광역시 유성구청,2025-07-16
노은동075,1,대전광역시 유성구 노은서로76번길 75-10,대전광역시 유성구 노은동 517-2,36.36769626,127.3171294,2020,건축물,042-611-2506,대전광역시 유성구청,2025-07-16
노은동076,1,대전광역시 유성구 노은서로80번길 67,대전광역시 유성구 노은동 510-13,36.36785056,127.3166797,2020,건축물,042-611-2506,대전광역시 유성구청,2025-07-16
노은동077,1,대전광역시 유성구 노은서로76번길 75-15,대전광역시 유성구 노은동 510-11,36.3679907,127.3168625,2020,건축물,042-611-2506,대전광역시 유성구청,2025-07-16
노은동078,1,대전광역시 유성구 노은서로86번길 51,대전광역시 유성구 노은동 509-13,36.36819983,127.3165219,2020,건축물,042-611-2506,대전광역시 유성구청,2025-07-16
노은동079,1,대전광역시 유성구 노은서로86번길 48,대전광역시 유성구 노은동 510-8,36.367986,127.3163213,2020,건축물,042-611-2506,대전광역시 유성구청,2025-07-16
노은동080,1,대전광역시 유성구 노은서로86번길 32,대전광역시 유성구 노은동 510-3,36.3679927,127.3154276,2020,건축물,042-611-2506,대전광역시 유성구청,2025-07-16
노은동081,1,대전광역시 유성구 노은서로86번길 25,대전광역시 유성구 노은동 509-17,36.36821285,127.3151064,2020,전용주,042-611-2506,대전광역시 유성구청,2025-07-16
노은동082,1,대전광역시 유성구 노은서로86번길 18,대전광역시 유성구 노은동 511-5,36.3680063,127.3145976,2020,건축물,042-611-2506,대전광역시 유성구청,2025-07-16
노은동083,1,대전광역시 유성구 노은서로86번길 10,대전광역시 유성구 노은동 511-3,36.36798655,127.3141888,2020,건축물,042-611-2506,대전광역시 유성구청,2025-07-16
노은동084,1,대전광역시 유성구 노은서로86번길 2,대전광역시 유성구 노은동 511-1,36.3680019,127.3138014,2020,전용주,042-611-2506,대전광역시 유성구청,2025-07-16
노은동085,1,대전광역시 유성구 노은서로80번길 7-5,대전광역시 유성구 노은동 514-5,36.36801947,127.3134224,2020,건축물,042-611-2506,대전광역시 유성구청,2025-07-16
노은동086,1,대전광역시 유성구 노은서로80번길 11,대전광역시 유성구 노은동 511-13,36.367852,127.3136036,2020,전용주,042-611-2506,대전광역시 유성구청,2025-07-16
노은동087,1,대전광역시 유성구 노은서로80번길 23,대전광역시 유성구 노은동 511-10,36.3678516,127.314218,2020,전용주,042-611-2506,대전광역시 유성구청,2025-07-16
노은동088,1,대전광역시 유성구 노은서로80번길 27,대전광역시 유성구 노은동 511-9,36.36786513,127.3144074,2020,전용주,042-611-2506,대전광역시 유성구청,2025-07-16
노은동089,1,대전광역시 유성구 노은서로80번길 33,대전광역시 유성구 노은동 511-7,36.36787407,127.314809,2020,전용주,042-611-2506,대전광역시 유성구청,2025-07-16
노은동090,1,대전광역시 유성구 노은서로80번길 59,대전광역시 유성구 노은동 510-15,36.36784814,127.3163356,2020,전용주,042-611-2506,대전광역시 유성구청,2025-07-16
노은동091,1,대전광역시 유성구 노은서로86번길 1,대전광역시 유성구 노은동 512-7,36.36821686,127.3140268,2020,건축물,042-611-2506,대전광역시 유성구청,2025-07-16
노은동092,1,대전광역시 유성구 노은서로86번길 1,대전광역시 유성구 노은동 512-7,36.36821686,127.3140268,2020,건축물,042-611-2506,대전광역시 유성구청,2025-07-16
노은동093,1,대전광역시 유성구 노은서로100번길 6,대전광역시 유성구 노은동 506-2,36.3687255,127.3147967,2020,전용주,042-611-2506,대전광역시 유성구청,2025-07-16
노은동094,1,대전광역시 유성구 노은서로100번길 14,대전광역시 유성구 노은동 506-6,36.3687191,127.3154202,2020,건축물,042-611-2506,대전광역시 유성구청,2025-07-16
노은동095,1,대전광역시 유성구 노은서로100번길 18,대전광역시 유성구 노은동 506-8,36.3687208,127.3157434,2020,건축물,042-611-2506,대전광역시 유성구청,2025-07-16
노은동096,1,대전광역시 유성구 노은서로100번길 30,대전광역시 유성구 노은동 507-3,36.3687234,127.3162856,2020,전용주,042-611-2506,대전광역시 유성구청,2025-07-16
노은동097,1,대전광역시 유성구 노은서로100번길 38,대전광역시 유성구 노은동 507-6,36.36871692,127.3167249,2020,건축물,042-611-2506,대전광역시 유성구청,2025-07-16
노은동098,1,대전광역시 유성구 노은서로100번길 42,대전광역시 유성구 노은동 507-8,36.36872074,127.3170185,2020,전용주,042-611-2506,대전광역시 유성구청,2025-07-16
노은동099,1,대전광역시 유성구 노은서로104번길 34,대전광역시 유성구 노은동 504-6,36.36906843,127.3167051,2020,건축물,042-611-2506,대전광역시 유성구청,2025-07-16
노은동100,1,대전광역시 유성구 노은서로104번길 29,대전광역시 유성구 노은동 502-15,36.36928719,127.316419,2020,전용주,042-611-2506,대전광역시 유성구청,2025-07-16
노은동101,1,대전광역시 유성구 노은로18번길 51,대전광역시 유성구 노은동 277-22,36.36178895,127.3207515,2020,한전주,042-611-2506,대전광역시 유성구청,2025-07-16
노은동102,1,대전광역시 유성구 노은로18번길 43,대전광역시 유성구 노은동 277-54,36.3615505,127.3203811,2020,한전주,042-611-2506,대전광역시 유성구청,2025-07-16
노은동103,1,대전광역시 유성구 노은로18번길 31,대전광역시 유성구 노은동 277-13,36.36126992,127.319690,2020,한전주,042-611-2506,대전광역시 유성구청,2025-07-16
노은동104,1,대전광역시 유성구 노은로18번길 31,대전광역시 유성구 노은동 277-13,36.36126992,127.319690,2020,한전주,042-611-2506,대전광역시 유성구청,2025-07-16
노은동105,1,대전광역시 유성구 노은서로 31-7,대전광역시 유성구 노은동 312-18,36.36360226,127.3138383,2020,한전주,042-611-2506,대전광역시 유성구청,2025-07-16
노은동106,1,대전광역시 유성구 노은서로 41-1,대전광역시 유성구 노은동 310-5,36.36419884,127.3130818,2020,한전주,042-611-2506,대전광역시 유성구청,2025-07-16
노은동107,1,대전광역시 유성구 노은서로 31-41,대전광역시 유성구 노은동 312-7,36.36356221,127.3125128,2020,한전주,042-611-2506,대전광역시 유성구청,2025-07-16
노은동108,1,대전광역시 유성구 노은서로 53-118,대전광역시 유성구 노은동 312-10,36.36322643,127.3110427,2020,건축물,042-611-2506,대전광역시 유성구청,2025-07-16
노은동109,1,대전광역시 유성구 노은서로 53-118,대전광역시 유성구 노은동 312-10,36.36322643,127.3110655,2020,한전주,042-611-2506,대전광역시 유성구청,2025-07-16
노은동110,1,대전광역시 유성구 노은서로 53-118,대전광역시 유성구 노은동 312-10,36.36322643,127.3110655,2020,한전주,042-611-2506,대전광역시 유성구청,2025-07-16
노은동111,1,대전광역시 유성구 노은서로 53-118,대전광역시 유성구 노은동 312-10,36.36322643,127.3110655,2020,한전주,042-611-2506,대전광역시 유성구청,2025-07-16
노은동112,1,대전광역시 유성구 노은서로 31-41,대전광역시 유성구 노은동 312-7,36.3635041,127.312566,2020,건축물,042-611-2506,대전광역시 유성구청,2025-07-16
노은동113,1,대전광역시 유성구 노은서로 31-41,대전광역시 유성구 노은동 312-7,36.3635041,127.312566,2020,한전주,042-611-2506,대전광역시 유성구청,2025-07-16
노은동114,1,대전광역시 유성구 노은서로 31-41,대전광역시 유성구 노은동 312-7,36.36356221,127.3125638,2020,한전주,042-611-2506,대전광역시 유성구청,2025-07-16
노은동115,1,대전광역시 유성구 노은서로 31-41,대전광역시 유성구 노은동 312-7,36.36356221,127.3125128,2020,한전주,042-611-2506,대전광역시 유성구청,2025-07-16
노은동116,1,대전광역시 유성구 노은서로 31-41,대전광역시 유성구 노은동 312-7,36.36356221,127.3125128,2020,건축물,042-611-2506,대전광역시 유성구청,2025-07-16
노은동117,1,대전광역시 유성구 노은서로 63,대전광역시 유성구 노은동 564-3,36.3662956,127.3125353,2020,한전주,042-611-2506,대전광역시 유성구청,2025-07-16
노은동118,1,대전광역시 유성구 노은서로 77,대전광역시 유성구 노은동 499-7,36.36748807,127.3124842,2020,한전주,042-611-2506,대전광역시 유성구청,2025-07-16
노은동119,1,,대전광역시 유성구 노은동 413-2,36.36744572,127.3106454,2020,한전주,042-611-2506,대전광역시 유성구청,2025-07-16
노은동120,1,대전광역시 유성구 노은서로104번길 11,대전광역시 유성구 노은동 501-8,36.3692848,127.3154126,2020,전용주,042-611-2506,대전광역시 유성구청,2025-07-16
노은동121,1,대전광역시 유성구 노은서로96번길 5-17,대전광역시 유성구 노은동 500-3,36.36934158,127.3147262,2020,전용주,042-611-2506,대전광역시 유성구청,2025-07-16
노은동122,1,대전광역시 유성구 노은서로112번길 20,대전광역시 유성구 노은동 498-8,36.36985348,127.316113,2020,건축물,042-611-2506,대전광역시 유성구청,2025-07-16
노은동123,1,대전광역시 유성구 노은서로112번길 28,대전광역시 유성구 노은동 498-11,36.36983206,127.3165449,2020,건축물,042-611-2506,대전광역시 유성구청,2025-07-16
노은동124,1,대전광역시 유성구 노은서로112번길 36,대전광역시 유성구 노은동 498-14,36.36982523,127.3170145,2020,건축물,042-611-2506,대전광역시 유성구청,2025-07-16
노은동125,1,대전광역시 유성구 노은서로108번길 47,대전광역시 유성구 노은동 496-10,36.36969122,127.3174241,2020,건축물,042-611-2506,대전광역시 유성구청,2025-07-16
노은동126,1,대전광역시 유성구 노은서로112번길 44,대전광역시 유성구 노은동 496-8,36.36999148,127.3173605,2020,건축물,042-611-2506,대전광역시 유성구청,2025-07-16
노은동127,1,,대전광역시 유성구 노은동 491-24,36.3699595,127.314582,2020,전용주,042-611-2506,대전광역시 유성구청,2025-07-16
노은동128,1,대전광역시 유성구 노은서로112번길 105,대전광역시 유성구 노은동 489-2,36.37176399,127.3161066,2020,건축물,042-611-2506,대전광역시 유성구청,2025-07-16
노은동129,1,대전광역시 유성구 노은서로112번길 105,대전광역시 유성구 노은동 489-2,36.37176399,127.3161066,2020,건축물,042-611-2506,대전광역시 유성구청,2025-07-16
노은동130,1,대전광역시 유성구 노은서로 109,대전광역시 유성구 노은동 499-1,36.36966938,127.3144365,2020,한전주,042-611-2506,대전광역시 유성구청,2025-07-16
노은동131,1,대전광역시 유성구 왕가봉로2번길 19-6,대전광역시 유성구 노은동 560-5,36.36391515,127.3166733,2020,한전주,042-611-2506,대전광역시 유성구청,2025-07-16
노은동132,1,대전광역시 유성구 노은서로76번길 27,대전광역시 유성구 노은동 515-10,36.3674699,127.3142598,2020,전용주,042-611-2506,대전광역시 유성구청,2025-07-16
노은동133,1,대전광역시 유성구 노은서로80번길 55,대전광역시 유성구 노은동 510-7,36.36791513,127.3160525,2020,건축물,042-611-2506,대전광역시 유성구청,2025-07-16
노은동134,1,대전광역시 유성구 노은동로99번길 91-7,대전광역시 유성구 노은동 542-2,36.36929388,127.3184099,2020,건축물,042-611-2506,대전광역시 유성구청,2025-07-16
노은동135,1,대전광역시 유성구 노은서로 2,대전광역시 유성구 노은동 562-8,36.36351277,127.3173569,2020,한전주,042-611-2506,대전광역시 유성구청,2025-07-16
노은동143,1,,대전광역시 유성구 노은동 534-7,36.36750587,127.3219537,2020,건축물,042-611-2506,대전광역시 유성구청,2025-07-16
노은동144,1,대전광역시 유성구 노은서로96번길 5-9,대전광역시 유성구 노은동 500-6,36.36901142,127.3145089,2020,전용주,042-611-2506,대전광역시 유성구청,2025-07-16
노은동146,1,대전광역시 유성구 노은서로100번길 10,대전광역시 유성구 노은동 506-4,36.36872728,127.3150908,2020,건축물,042-611-2506,대전광역시 유성구청,2025-07-16
노은동147,1,대전광역시 유성구 노은동로75번길 102-20,대전광역시 유성구 노은동 548-6,36.36797289,127.3198105,2020,건축물,042-611-2506,대전광역시 유성구청,2025-07-16
노은동148,1,,대전광역시 유성구 노은동 97,36.3694613,127.3284159,2020,한전주,042-611-2506,대전광역시 유성구청,2025-07-16
노은동149,1,,대전광역시 유성구 노은동 97,36.3694613,127.3284159,2020,한전주,042-611-2506,대전광역시 유성구청,2025-07-16
노은동150,1,,대전광역시 유성구 노은동 97,36.3694613,127.3284159,2020,한전주,042-611-2506,대전광역시 유성구청,2025-07-16
노은동151,1,,대전광역시 유성구 노은동 97,36.3694613,127.3284159,2020,한전주,042-611-2506,대전광역시 유성구청,2025-07-16
노은동152,1,,대전광역시 유성구 노은동 97,36.3694613,127.3284159,2020,한전주,042-611-2506,대전광역시 유성구청,2025-07-16
노은동153,1,,대전광역시 유성구 노은동 97,36.36945011,127.3284176,2020,한전주,042-611-2506,대전광역시 유성구청,2025-07-16
노은동154,1,,대전광역시 유성구 노은동 97,36.36945011,127.3284176,2020,한전주,042-611-2506,대전광역시 유성구청,2025-07-16
노은동155,1,,대전광역시 유성구 노은동 97,36.36945011,127.3284176,2020,한전주,042-611-2506,대전광역시 유성구청,2025-07-16
노은동156,1,대전광역시 유성구 노은서로112번길 52,대전광역시 유성구 노은동 496-6,36.37033897,127.3174286,2020,,042-611-2506,대전광역시 유성구청,2025-07-16
노은동157,1,대전광역시 유성구 노은동로 92-1,대전광역시 유성구 노은동 527-3,36.36879453,127.3236467,2020,건축물,042-611-2506,대전광역시 유성구청,2025-07-16
노은동158,1,,대전광역시 유성구 노은동 12-2,36.37057949,127.3309227,2020,한전주,042-611-2506,대전광역시 유성구청,2025-07-16
노은동159,1,,대전광역시 유성구 노은동 475,36.36498881,127.3123844,2020,한전주,042-611-2506,대전광역시 유성구청,2025-07-16
노은동160,1,,대전광역시 유성구 노은동 475,36.36498881,127.3123844,2020,한전주,042-611-2506,대전광역시 유성구청,2025-07-16
노은동161,1,대전광역시 유성구 노은서로96번길 35,대전광역시 유성구 노은동 507-18,36.36858185,127.3159724,2020,건축물,042-611-2506,대전광역시 유성구청,2025-07-16
대정동001,1,대전광역시 유성구 한우물로 175-25,대전광역시 유성구 대정동 9-4,36.3158266,127.336197,2020,한전주,042-611-2506,대전광역시 유성구청,2025-07-16
대정동002,1,대전광역시 유성구 한우물로 175-25,대전광역시 유성구 대정동 9-4,36.3158266,127.336197,2020,한전주,042-611-2506,대전광역시 유성구청,2025-07-16
대정동003,1,대전광역시 유성구 한우물로 175-7,대전광역시 유성구 대정동 19-3,36.31530313,127.3352829,2020,한전주,042-611-2506,대전광역시 유성구청,2025-07-16
대정동004,1,대전광역시 유성구 한우물로 177,대전광역시 유성구 대정동 69-3,36.31493036,127.3351751,2020,한전주,042-611-2506,대전광역시 유성구청,2025-07-16
대정동005,1,대전광역시 유성구 도안대로 100-81,대전광역시 유성구 대정동 22,36.3143021776,127.3351634815,2020,한전주,042-611-2506,대전광역시 유성구청,2025-07-16
대정동006,1,대전광역시 유성구 도안대로 100-81,대전광역시 유성구 대정동 22,36.3143021776,127.3351634815,2020,한전주,042-611-2506,대전광역시 유성구청,2025-07-16
대정동007,1,대전광역시 유성구 도안대로 100-81,대전광역시 유성구 대정동 22-3,36.31361633,127.3350858,2020,한전주,042-611-2506,대전광역시 유성구청,2025-07-16
대정동008,1,대전광역시 유성구 도안대로 100-61,대전광역시 유성구 대정동 22-6,36.3127685,127.3350206,2020,한전주,042-611-2506,대전광역시 유성구청,2025-07-16
대정동009,1,대전광역시 유성구 한우물로 168,대전광역시 유성구 대정동 68,36.31520533,127.3341041,2020,한전주,042-611-2506,대전광역시 유성구청,2025-07-16
대정동010,1,대전광역시 유성구 한우물로 162,대전광역시 유성구 대정동 67-2,36.31508555,127.3336908,2020,한전주,042-611-2506,대전광역시 유성구청,2025-07-16
대정동011,1,,대전광역시 유성구 대정동 71-8,36.31561037,127.3334275,2020,한전주,042-611-2506,대전광역시 유성구청,2025-07-16
대정동012,1,대전광역시 유성구 한우물로157번길 26,대전광역시 유성구 대정동 72,36.31606085,127.3340619,2020,한전주,042-611-2506,대전광역시 유성구청,2025-07-16
대정동013,1,대전광역시 유성구 한우물로157번길 62,대전광역시 유성구 대정동 10,36.31645338,127.3360984,2020,한전주,042-611-2506,대전광역시 유성구청,2025-07-16
대정동014,1,대전광역시 유성구 한우물로157번길 43-19,대전광역시 유성구 대정동 2-5,36.31679871,127.3352006,2020,한전주,042-611-2506,대전광역시 유성구청,2025-07-16
대정동015,1,대전광역시 유성구 한우물로157번길 43-35,대전광역시 유성구 대정동 1-3,36.31706629,127.3356415,2020,한전주,042-611-2506,대전광역시 유성구청,2025-07-16
대정동016,1,대전광역시 유성구 한우물로155번길 15,대전광역시 유성구 대정동 105,36.31615759,127.3332414,2020,건축물,042-611-2506,대전광역시 유성구청,2025-07-16
대정동017,1,대전광역시 유성구 한우물로155번길 27,대전광역시 유성구 대정동 104-1,36.31621264,127.3328883,2020,한전주,042-611-2506,대전광역시 유성구청,2025-07-16
대정동018,1,대전광역시 유성구 한우물로155번길 35-21,대전광역시 유성구 대정동 98-1,36.3172302,127.331806,2020,한전주,042-611-2506,대전광역시 유성구청,2025-07-16
대정동019,1,대전광역시 유성구 한우물로155번길 35-38,대전광역시 유성구 대정동 93,36.31782289,127.3323651,2020,한전주,042-611-2506,대전광역시 유성구청,2025-07-16
대정동020,1,대전광역시 유성구 한우물로155번길 40,대전광역시 유성구 대정동 79-5,36.31666086,127.333224,2020,한전주,042-611-2506,대전광역시 유성구청,2025-07-16
대정동021,1,대전광역시 유성구 한우물로155번길 46,대전광역시 유성구 대정동 80,36.31703846,127.3333805,2020,한전주,042-611-2506,대전광역시 유성구청,2025-07-16
대정동022,1,대전광역시 유성구 한우물로155번길 62,대전광역시 유성구 대정동 90-1,36.31755566,127.3334409,2020,한전주,042-611-2506,대전광역시 유성구청,2025-07-16
대정동023,1,대전광역시 유성구 한우물로155번길 62,대전광역시 유성구 대정동 90-1,36.31755566,127.3334409,2020,한전주,042-611-2506,대전광역시 유성구청,2025-07-16
대정동024,1,대전광역시 유성구 한우물로155번길 48-8,대전광역시 유성구 대정동 79,36.31693728,127.3335681,2020,한전주,042-611-2506,대전광역시 유성구청,2025-07-16
대정동025,1,대전광역시 유성구 한우물로155번길 48-16,대전광역시 유성구 대정동 79-3,36.31673693,127.3337675,2020,한전주,042-611-2506,대전광역시 유성구청,2025-07-16
대정동026,1,대전광역시 유성구 한우물로 151,대전광역시 유성구 대정동 61,36.31525972,127.3325685,2020,한전주,042-611-2506,대전광역시 유성구청,2025-07-16
대정동027,1,대전광역시 유성구 한우물로66번길 141,대전광역시 유성구 대정동 64-5,36.31443142,127.3316382,2020,한전주,042-611-2506,대전광역시 유성구청,2025-07-16
대정동028,1,대전광역시 유성구 한우물로66번길 141,대전광역시 유성구 대정동 64-5,36.31443142,127.3316382,2020,한전주,042-611-2506,대전광역시 유성구청,2025-07-16
대정동029,1,대전광역시 유성구 한우물로66번길 141,대전광역시 유성구 대정동 64-5,36.31443142,127.3316382,2020,한전주,042-611-2506,대전광역시 유성구청,2025-07-16
대정동030,1,대전광역시 유성구 한우물로 125-8,대전광역시 유성구 대정동 154-2,36.3145066,127.3297736,2020,한전주,042-611-2506,대전광역시 유성구청,2025-07-16
대정동031,1,대전광역시 유성구 한우물로66번길 101,대전광역시 유성구 대정동 47-2,36.31354058,127.3295253,2020,한전주,042-611-2506,대전광역시 유성구청,2025-07-16
대정동032,1,대전광역시 유성구 한우물로119번길 7,대전광역시 유성구 대정동 161-6,36.31402574,127.3292974,2020,한전주,042-611-2506,대전광역시 유성구청,2025-07-16
대정동033,1,대전광역시 유성구 한우물로119번길 21,대전광역시 유성구 대정동 157-1,36.31450987,127.3289458,2020,한전주,042-611-2506,대전광역시 유성구청,2025-07-16
대정동034,1,대전광역시 유성구 한우물로119번길 27,대전광역시 유성구 대정동 157-2,36.31462796,127.3287702,2020,한전주,042-611-2506,대전광역시 유성구청,2025-07-16
대정동035,1,대전광역시 유성구 한우물로119번길 22-7,대전광역시 유성구 대정동 155-3,36.31489727,127.3292783,2020,한전주,042-611-2506,대전광역시 유성구청,2025-07-16
대정동036,1,대전광역시 유성구 한우물로66번길 85,대전광역시 유성구 대정동 201-8,36.31330133,127.3290626,2020,한전주,042-611-2506,대전광역시 유성구청,2025-07-16
대정동037,1,대전광역시 유성구 한우물로66번길 79,대전광역시 유성구 대정동 201-9,36.31319025,127.3287218,2020,한전주,042-611-2506,대전광역시 유성구청,2025-07-16
대정동038,1,대전광역시 유성구 한우물로 100,대전광역시 유성구 대정동 198,36.31292141,127.3273481,2020,건축물,042-611-2506,대전광역시 유성구청,2025-07-16
대정동039,1,대전광역시 유성구 한우물로 100,대전광역시 유성구 대정동 198,36.31292141,127.3273481,2020,건축물,042-611-2506,대전광역시 유성구청,2025-07-16
대정동040,1,대전광역시 유성구 한우물로 97-1,대전광역시 유성구 대정동 163,36.31326425,127.3272716,2020,한전주,042-611-2506,대전광역시 유성구청,2025-07-16
대정동041,1,대전광역시 유성구 한우물로 95,대전광역시 유성구 대정동 165,36.3130877,127.3269128,2020,한전주,042-611-2506,대전광역시 유성구청,2025-07-16
대정동042,1,대전광역시 유성구 한우물로 87-7,대전광역시 유성구 대정동 산 13-5,36.31307369,127.3263685,2020,한전주,042-611-2506,대전광역시 유성구청,2025-07-16
대정동043,1,대전광역시 유성구 한우물로 87-7,대전광역시 유성구 대정동 산 13-5,36.3130406,127.3263685,2020,한전주,042-611-2506,대전광역시 유성구청,2025-07-16
대정동044,1,대전광역시 유성구 한우물로 81,대전광역시 유성구 대정동 181,36.31260686,127.3256471,2020,한전주,042-611-2506,대전광역시 유성구청,2025-07-16
대정동045,1,대전광역시 유성구 한우물로 79,대전광역시 유성구 대정동 181,36.31248443,127.3253352,2020,한전주,042-611-2506,대전광역시 유성구청,2025-07-16
대정동046,1,대전광역시 유성구 한우물로77번길 6,대전광역시 유성구 대정동 산 15-1,36.31243472,127.3250891,2020,한전주,042-611-2506,대전광역시 유성구청,2025-07-16
대정동047,1,대전광역시 유성구 한우물로85번길 13,대전광역시 유성구 대정동 178,36.3130833,127.3257517,2020,한전주,042-611-2506,대전광역시 유성구청,2025-07-16
대정동048,1,대전광역시 유성구 한우물로85번길 12-5,대전광역시 유성구 대정동 174,36.31354053,127.3259939,2020,한전주,042-611-2506,대전광역시 유성구청,2025-07-16
대정동049,1,대전광역시 유성구 한우물로 87-23,대전광역시 유성구 대정동 171,36.31374199,127.3266068,2020,한전주,042-611-2506,대전광역시 유성구청,2025-07-16
대정동050,1,대전광역시 유성구 한우물로 87-23,대전광역시 유성구 대정동 171,36.31374199,127.3266068,2020,한전주,042-611-2506,대전광역시 유성구청,2025-07-16
대정동051,1,대전광역시 유성구 한우물로85번길 12-22,대전광역시 유성구 대정동 172-1,36.31388251,127.326101,2020,한전주,042-611-2506,대전광역시 유성구청,2025-07-16
대정동052,1,대전광역시 유성구 한우물로77번길 47,대전광역시 유성구 대정동 146-4,36.31384163,127.3255587,2020,한전주,042-611-2506,대전광역시 유성구청,2025-07-16
대정동053,1,대전광역시 유성구 한우물로85번길 26,대전광역시 유성구 대정동 147-2,36.31366993,127.3259333,2020,한전주,042-611-2506,대전광역시 유성구청,2025-07-16
대정동054,1,대전광역시 유성구 한우물로85번길 17,대전광역시 유성구 대정동 176,36.31337867,127.3256687,2020,한전주,042-611-2506,대전광역시 유성구청,2025-07-16
대정동055,1,대전광역시 유성구 한우물로77번길 42,대전광역시 유성구 대정동 146-6,36.31358851,127.3254176,2020,한전주,042-611-2506,대전광역시 유성구청,2025-07-16
대정동056,1,,대전광역시 유성구 대정동 148,36.31412939,127.3254726,2020,한전주,042-611-2506,대전광역시 유성구청,2025-07-16
대정동057,1,대전광역시 유성구 대정로28번길 74-6,대전광역시 유성구 대정동 140-6,36.31443419,127.324256,2020,한전주,042-611-2506,대전광역시 유성구청,2025-07-16
대정동058,1,대전광역시 유성구 대정로28번길 100,대전광역시 유성구 대정동 140-7,36.31577603,127.3241635,2020,한전주,042-611-2506,대전광역시 유성구청,2025-07-16
대정동059,1,대전광역시 유성구 한우물로 81,대전광역시 유성구 대정동 181,36.31260686,127.3256471,2020,한전주,042-611-2506,대전광역시 유성구청,2025-07-16
대정동060,1,대전광역시 유성구 한우물로77번길 6,대전광역시 유성구 대정동 산 15-1,36.31243472,127.3250891,2020,건축물,042-611-2506,대전광역시 유성구청,2025-07-16
대정동061,1,대전광역시 유성구 한우물로77번길 6,대전광역시 유성구 대정동 산 15-1,36.31243472,127.3250891,2020,한전주,042-611-2506,대전광역시 유성구청,2025-07-16
대정동062,1,대전광역시 유성구 한우물로77번길 6,대전광역시 유성구 대정동 산 15-1,36.31243472,127.3250891,2020,한전주,042-611-2506,대전광역시 유성구청,2025-07-16
대정동063,1,대전광역시 유성구 한우물로 74,대전광역시 유성구 대정동 204-1,36.31198394,127.3253896,2020,한전주,042-611-2506,대전광역시 유성구청,2025-07-16
대정동064,1,대전광역시 유성구 한우물로 69,대전광역시 유성구 대정동 204-15,36.3115802,127.3250641,2020,한전주,042-611-2506,대전광역시 유성구청,2025-07-16
대정동065,1,대전광역시 유성구 한우물로66번길 109,대전광역시 유성구 대정동 47-5,36.31397029,127.3304295,2020,한전주,042-611-2506,대전광역시 유성구청,2025-07-16
대정동066,1,대전광역시 유성구 한우물로66번길 99,대전광역시 유성구 대정동 201-4,36.31337287,127.3297863,2020,한전주,042-611-2506,대전광역시 유성구청,2025-07-16
대정동067,1,대전광역시 유성구 한우물로66번길 97,대전광역시 유성구 대정동 201-5,36.3133736,127.3296862,2020,한전주,042-611-2506,대전광역시 유성구청,2025-07-16
대정동068,1,대전광역시 유성구 한우물로66번길 71,대전광역시 유성구 대정동 201-2,36.3129485,127.3284896,2020,한전주,042-611-2506,대전광역시 유성구청,2025-07-16
대정동069,1,대전광역시 유성구 한우물로66번길 71,대전광역시 유성구 대정동 201-2,36.31293117,127.3284896,2020,한전주,042-611-2506,대전광역시 유성구청,2025-07-16
대정동070,1,대전광역시 유성구 한우물로66번길 71,대전광역시 유성구 대정동 201-2,36.31293117,127.3284896,2020,한전주,042-611-2506,대전광역시 유성구청,2025-07-16
대정동071,1,,대전광역시 유성구 대정동 679-1,36.31305991,127.3292126,2020,한전주,042-611-2506,대전광역시 유성구청,2025-07-16
대정동072,1,대전광역시 유성구 한우물로66번길 39,대전광역시 유성구 대정동 194,36.31243126,127.326855,2020,한전주,042-611-2506,대전광역시 유성구청,2025-07-16
대정동073,1,대전광역시 유성구 한우물로66번길 21,대전광역시 유성구 대정동 206-4,36.3116951,127.3263109,2020,한전주,042-611-2506,대전광역시 유성구청,2025-07-16
대정동074,1,대전광역시 유성구 한우물로66번길 21,대전광역시 유성구 대정동 206-4,36.3116951,127.3263109,2020,한전주,042-611-2506,대전광역시 유성구청,2025-07-16
대정동075,1,대전광역시 유성구 한우물로66번길 11,대전광역시 유성구 대정동 205-1,36.31166646,127.3261156,2020,한전주,042-611-2506,대전광역시 유성구청,2025-07-16
대정동076,1,대전광역시 유성구 한우물로 68,대전광역시 유성구 대정동 679-6,36.3115068,127.3254441,2020,한전주,042-611-2506,대전광역시 유성구청,2025-07-16
대정동077,1,대전광역시 유성구 한우물로 68,대전광역시 유성구 대정동 679-6,36.3115068,127.3254441,2020,한전주,042-611-2506,대전광역시 유성구청,2025-07-16
대정동078,1,,대전광역시 유성구 대정동 679-7,36.31147094,127.325108,2020,한전주,042-611-2506,대전광역시 유성구청,2025-07-16
대정동079,1,대전광역시 유성구 한우물로 68,대전광역시 유성구 대정동 679-6,36.3115068,127.3254441,2020,한전주,042-611-2506,대전광역시 유성구청,2025-07-16
대정동080,1,대전광역시 유성구 한우물로66번길 6,대전광역시 유성구 대정동 36,36.31205705,127.331255,2020,한전주,042-611-2506,대전광역시 유성구청,2025-07-16
대정동081,1,대전광역시 유성구 한우물로66번길 6,대전광역시 유성구 대정동 36,36.31205705,127.331255,2020,한전주,042-611-2506,대전광역시 유성구청,2025-07-16
대정동082,1,대전광역시 유성구 한우물로 51,대전광역시 유성구 대정동 263-4,36.31144932,127.3236463,2020,한전주,042-611-2506,대전광역시 유성구청,2025-07-16
대정동083,1,대전광역시 유성구 한우물로 45,대전광역시 유성구 대정동 261-1,36.31140932,127.3225427,2020,한전주,042-611-2506,대전광역시 유성구청,2025-07-16
대정동084,1,대전광역시 유성구 한우물로 41,대전광역시 유성구 대정동 259-6,36.3113136,127.3224807,2020,한전주,042-611-2506,대전광역시 유성구청,2025-07-16
대정동085,1,대전광역시 유성구 한우물로 31,대전광역시 유성구 대정동 256-2,36.31128295,127.3210782,2020,한전주,042-611-2506,대전광역시 유성구청,2025-07-16
대정동086,1,대전광역시 유성구 한우물로 33,대전광역시 유성구 대정동 258-2,36.31128617,127.3214889,2020,한전주,042-611-2506,대전광역시 유성구청,2025-07-16
대정동087,1,대전광역시 유성구 한우물로 33,대전광역시 유성구 대정동 258-2,36.31128617,127.3214889,2020,한전주,042-611-2506,대전광역시 유성구청,2025-07-16
대정동088,1,대전광역시 유성구 한우물로 21,대전광역시 유성구 대정동 253-1,36.31065087,127.3204695,2020,한전주,042-611-2506,대전광역시 유성구청,2025-07-16
대정동089,1,대전광역시 유성구 한우물로 21,대전광역시 유성구 대정동 253-1,36.31065087,127.3204695,2020,한전주,042-611-2506,대전광역시 유성구청,2025-07-16
대정동090,1,대전광역시 유성구 대정북로 25,대전광역시 유성구 대정동 300-1,36.3161345,127.318268,2020,한전주,042-611-2506,대전광역시 유성구청,2025-07-16
대정동091,1,대전광역시 유성구 유성대로250번길 100,대전광역시 유성구 대정동 347-5,36.31929017,127.318535,2020,한전주,042-611-2506,대전광역시 유성구청,2025-07-16
대정동092,1,,대전광역시 유성구 대정동 300-5,36.3201538,127.3155974,2020,한전주,042-611-2506,대전광역시 유성구청,2025-07-16
대정동093,1,대전광역시 유성구 유성대로217번길 4-19,대전광역시 유성구 대정동 379-2,36.31771658,127.3142256,2020,한전주,042-611-2506,대전광역시 유성구청,2025-07-16
대정동094,1,대전광역시 유성구 유성대로250번길 33,대전광역시 유성구 대정동 354,36.3201828,127.3156823,2020,한전주,042-611-2506,대전광역시 유성구청,2025-07-16
대정동095,1,대전광역시 유성구 유성대로250번길 33,대전광역시 유성구 대정동 354,36.32013764,127.3156823,2020,한전주,042-611-2506,대전광역시 유성구청,2025-07-16
대정동096,1,대전광역시 유성구 유성대로250번길 33,대전광역시 유성구 대정동 354,36.32013764,127.3156823,2020,한전주,042-611-2506,대전광역시 유성구청,2025-07-16
대정동097,1,대전광역시 유성구 원계산로 10,대전광역시 유성구 대정동 358-1,36.3203074,127.3129486,2020,한전주,042-611-2506,대전광역시 유성구청,2025-07-16
대정동098,1,,대전광역시 유성구 대정동 361-1,36.31950925,127.3125906,2020,한전주,042-611-2506,대전광역시 유성구청,2025-07-16
대정동099,1,대전광역시 유성구 원계산로 18,대전광역시 유성구 대정동 481-2,36.32047474,127.311643,2020,한전주,042-611-2506,대전광역시 유성구청,2025-07-16
대정동100,1,대전광역시 유성구 원계산로 30,대전광역시 유성구 대정동 501-15,36.32092637,127.310448,2020,한전주,042-611-2506,대전광역시 유성구청,2025-07-16
대정동101,1,대전광역시 유성구 원계산로 30,대전광역시 유성구 대정동 501-15,36.32092637,127.310448,2020,한전주,042-611-2506,대전광역시 유성구청,2025-07-16
대정동102,1,대전광역시 유성구 원계산로 30,대전광역시 유성구 대정동 501-15,36.32092637,127.310448,2020,한전주,042-611-2506,대전광역시 유성구청,2025-07-16
대정동103,1,대전광역시 유성구 원계산로 56,대전광역시 유성구 대정동 501-10,36.32217505,127.3080403,2020,한전주,042-611-2506,대전광역시 유성구청,2025-07-16
대정동104,1,대전광역시 유성구 원계산로 56,대전광역시 유성구 대정동 501-10,36.32217505,127.3080403,2020,한전주,042-611-2506,대전광역시 유성구청,2025-07-16
대정동105,1,,대전광역시 유성구 대정동 501-7,36.32222602,127.3075211,2020,한전주,042-611-2506,대전광역시 유성구청,2025-07-16
대정동106,1,대전광역시 유성구 원계산로 78,대전광역시 유성구 대정동 476-20,36.32141979,127.3060714,2020,한전주,042-611-2506,대전광역시 유성구청,2025-07-16
대정동107,1,대전광역시 유성구 원계산로 83,대전광역시 유성구 대정동 536-13,36.3216848848,127.3043109,2020,한전주,042-611-2506,대전광역시 유성구청,2025-07-16
대정동108,1,,대전광역시 유성구 대정동 476-13,36.32201106,127.3077861,2020,한전주,042-611-2506,대전광역시 유성구청,2025-07-16
대정동109,1,대전광역시 유성구 원계산로 105-35,대전광역시 유성구 대정동 529-2,36.32263407,127.302663,2020,한전주,042-611-2506,대전광역시 유성구청,2025-07-16
대정동110,1,대전광역시 유성구 교촌대정로203번길 76,대전광역시 유성구 대정동 534-2,36.3209604,127.3031737,2020,한전주,042-611-2506,대전광역시 유성구청,2025-07-16
대정동111,1,,대전광역시 유성구 대정동 산 50-1,36.31770763,127.3017162,2020,한전주,042-611-2506,대전광역시 유성구청,2025-07-16
대정동112,1,대전광역시 유성구 교촌대정로203번길 120,대전광역시 유성구 대정동 562-5,36.32060568,127.3012736,2020,한전주,042-611-2506,대전광역시 유성구청,2025-07-16
대정동113,1,,대전광역시 유성구 대정동 573-3,36.32093812,127.299271,2020,한전주,042-611-2506,대전광역시 유성구청,2025-07-16
대정동114,1,,대전광역시 유성구 대정동 573-3,36.32093812,127.299271,2020,한전주,042-611-2506,대전광역시 유성구청,2025-07-16
대정동115,1,대전광역시 유성구 교촌대정로203번길 99,대전광역시 유성구 대정동 532-1,36.32033651,127.3021611,2020,한전주,042-611-2506,대전광역시 유성구청,2025-07-16
대정동116,1,대전광역시 유성구 교촌대정로203번길 75,대전광역시 유성구 대정동 542,36.32078224,127.3032257,2020,한전주,042-611-2506,대전광역시 유성구청,2025-07-16
대정동117,1,대전광역시 유성구 교촌대정로203번길 68,대전광역시 유성구 대정동 534-1,36.32088588,127.3036527,2020,한전주,042-611-2506,대전광역시 유성구청,2025-07-16
대정동118,1,대전광역시 유성구 교촌대정로203번길 45-4,대전광역시 유성구 대정동 산 51-7,36.3202698,127.3043373,2020,한전주,042-611-2506,대전광역시 유성구청,2025-07-16
대정동119,1,대전광역시 유성구 교촌대정로203번길 46,대전광역시 유성구 대정동 537-9,36.32035823,127.3047528,2020,한전주,042-611-2506,대전광역시 유성구청,2025-07-16
대정동120,1,대전광역시 유성구 교촌대정로203번길 39,대전광역시 유성구 대정동 540-4,36.32002889,127.3048429,2020,한전주,042-611-2506,대전광역시 유성구청,2025-07-16
대정동121,1,대전광역시 유성구 원계산로77번길 28-3,대전광역시 유성구 대정동 537-12,36.3204857,127.3052011,2020,한전주,042-611-2506,대전광역시 유성구청,2025-07-16
대정동122,1,대전광역시 유성구 원계산로77번길 4-7,대전광역시 유성구 대정동 518-4,36.32109742,127.3056169,2020,한전주,042-611-2506,대전광역시 유성구청,2025-07-16
대정동123,1,대전광역시 유성구 원계산로77번길 16,대전광역시 유성구 대정동 516-4,36.32065207,127.3058239,2020,한전주,042-611-2506,대전광역시 유성구청,2025-07-16
대정동124,1,대전광역시 유성구 원계산로77번길 17,대전광역시 유성구 대정동 386-8,36.32050393,127.3059608,2020,건축물,042-611-2506,대전광역시 유성구청,2025-07-16
대정동125,1,대전광역시 유성구 교촌대정로203번길 45-18,대전광역시 유성구 대정동 539-6,36.31956704,127.3050148,2020,한전주,042-611-2506,대전광역시 유성구청,2025-07-16
대정동126,1,대전광역시 유성구 원계산로77번길 34,대전광역시 유성구 대정동 537-14,36.31998219,127.3053067,2020,한전주,042-611-2506,대전광역시 유성구청,2025-07-16
대정동127,1,대전광역시 유성구 교촌대정로203번길 29,대전광역시 유성구 대정동 539-1,36.31974505,127.3054644,2020,한전주,042-611-2506,대전광역시 유성구청,2025-07-16
대정동128,1,대전광역시 유성구 교촌대정로203번길 10,대전광역시 유성구 대정동 510,36.31938274,127.3063257,2020,한전주,042-611-2506,대전광역시 유성구청,2025-07-16
대정동129,1,,대전광역시 유성구 대정동 553-4,36.3192704,127.3057567,2020,한전주,042-611-2506,대전광역시 유성구청,2025-07-16
대정동130,1,,대전광역시 유성구 대정동 553-15,36.31813439,127.3061994,2020,한전주,042-611-2506,대전광역시 유성구청,2025-07-16
대정동131,1,,대전광역시 유성구 대정동 553-15,36.31813439,127.3061994,2020,건축물,042-611-2506,대전광역시 유성구청,2025-07-16
대정동132,1,대전광역시 유성구 교촌대정로 196,대전광역시 유성구 대정동 555-4,36.31833293,127.3065096,2020,한전주,042-611-2506,대전광역시 유성구청,2025-07-16
대정동133,1,대전광역시 유성구 교촌대정로 175,대전광역시 유성구 대정동 559-4,36.31662699,127.3060507,2020,한전주,042-611-2506,대전광역시 유성구청,2025-07-16
대정동134,1,대전광역시 유성구 교촌대정로 175,대전광역시 유성구 대정동 559-4,36.31662699,127.3060507,2020,한전주,042-611-2506,대전광역시 유성구청,2025-07-16
대정동135,1,대전광역시 유성구 교촌대정로 155,대전광역시 유성구 대정동 559-7,36.31493923,127.3057448,2020,한전주,042-611-2506,대전광역시 유성구청,2025-07-16
대정동136,1,대전광역시 유성구 교촌대정로 155,대전광역시 유성구 대정동 559-7,36.31493923,127.3057448,2020,한전주,042-611-2506,대전광역시 유성구청,2025-07-16
대정동137,1,,대전광역시 유성구 대정동 559-16,36.31439241,127.305646,2020,한전주,042-611-2506,대전광역시 유성구청,2025-07-16
대정동138,1,대전광역시 유성구 교촌대정로 147,대전광역시 유성구 대정동 559-15,36.31410594,127.3055895,2020,한전주,042-611-2506,대전광역시 유성구청,2025-07-16
대정동139,1,대전광역시 유성구 교촌대정로 147,대전광역시 유성구 대정동 559-15,36.31410594,127.3055895,2020,한전주,042-611-2506,대전광역시 유성구청,2025-07-16
대정동140,1,대전광역시 유성구 교촌대정로 139-9,대전광역시 유성구 대정동 561-16,36.3129072516,127.3056839632,2020,한전주,042-611-2506,대전광역시 유성구청,2025-07-16
대정동141,1,대전광역시 유성구 교촌대정로 139-34,대전광역시 유성구 대정동 561-10,36.31276576,127.304369,2020,한전주,042-611-2506,대전광역시 유성구청,2025-07-16
대정동142,1,대전광역시 유성구 교촌대정로 139-11,대전광역시 유성구 대정동 561-4,36.31308661,127.3054878,2020,한전주,042-611-2506,대전광역시 유성구청,2025-07-16
대정동143,1,대전광역시 유성구 유성대로217번길 16,대전광역시 유성구 대정동 383-1,36.31644482,127.3147093,2020,한전주,042-611-2506,대전광역시 유성구청,2025-07-16
대정동144,1,대전광역시 유성구 유성대로217번길 34,대전광역시 유성구 대정동 381,36.31599174,127.3140138,2020,한전주,042-611-2506,대전광역시 유성구청,2025-07-16
대정동145,1,대전광역시 유성구 유성대로217번길 34,대전광역시 유성구 대정동 381,36.31599174,127.3140138,2020,한전주,042-611-2506,대전광역시 유성구청,2025-07-16
대정동146,1,대전광역시 유성구 유성대로217번길 46-20,대전광역시 유성구 대정동 443-10,36.31564527,127.3125879,2020,한전주,042-611-2506,대전광역시 유성구청,2025-07-16
대정동147,1,대전광역시 유성구 유성대로217번길 46-23,대전광역시 유성구 대정동 443-1,36.31563319,127.312176,2020,한전주,042-611-2506,대전광역시 유성구청,2025-07-16
대정동148,1,대전광역시 유성구 유성대로217번길 46-15,대전광역시 유성구 대정동 443-15,36.31549306,127.3127974,2020,한전주,042-611-2506,대전광역시 유성구청,2025-07-16
대정동149,1,,대전광역시 유성구 대정동 443-16,36.31544663,127.3124617,2020,한전주,042-611-2506,대전광역시 유성구청,2025-07-16
대정동150,1,대전광역시 유성구 유성대로217번길 69,대전광역시 유성구 대정동 442-1,36.3151699,127.3122562,2020,한전주,042-611-2506,대전광역시 유성구청,2025-07-16
대정동151,1,대전광역시 유성구 유성대로217번길 80,대전광역시 유성구 대정동 446,36.31528027,127.3115629,2020,한전주,042-611-2506,대전광역시 유성구청,2025-07-16
대정동152,1,대전광역시 유성구 대정로42번길 68-17,대전광역시 유성구 대정동 309-3,36.31465454,127.3217808,2020,건축물,042-611-2506,대전광역시 유성구청,2025-07-16
대정동153,1,대전광역시 유성구 대정로42번길 32-13,대전광역시 유성구 대정동 307-10,36.3151618,127.3219382,2020,건축물,042-611-2506,대전광역시 유성구청,2025-07-16
대정동154,1,대전광역시 유성구 대정로42번길 32-4,대전광역시 유성구 대정동 306-2,36.31560435,127.3216629,2020,건축물,042-611-2506,대전광역시 유성구청,2025-07-16
대정동155,1,대전광역시 유성구 대정로42번길 40-5,대전광역시 유성구 대정동 308-12,36.31543665,127.322359,2020,건축물,042-611-2506,대전광역시 유성구청,2025-07-16
대정동156,1,대전광역시 유성구 대정로42번길 40-14,대전광역시 유성구 대정동 307-5,36.31515795,127.3220805,2020,건축물,042-611-2506,대전광역시 유성구청,2025-07-16
대정동157,1,대전광역시 유성구 대정로42번길 68-12,대전광역시 유성구 대정동 307-7,36.31488386,127.322095,2020,건축물,042-611-2506,대전광역시 유성구청,2025-07-16
대정동158,1,대전광역시 유성구 한우물로77번길 6,대전광역시 유성구 대정동 산 15-1,36.31243472,127.3250891,2020,건축물,042-611-2506,대전광역시 유성구청,2025-07-16
대정동159,1,대전광역시 유성구 한우물로77번길 6,대전광역시 유성구 대정동 산 15-1,36.31243472,127.3250891,2020,한전주,042-611-2506,대전광역시 유성구청,2025-07-16
대정동160,1,대전광역시 유성구 한우물로77번길 38,대전광역시 유성구 대정동 146-1,36.31332774,127.3252424,2020,한전주,042-611-2506,대전광역시 유성구청,2025-07-16
대정동161,1,대전광역시 유성구 한우물로77번길 38,대전광역시 유성구 대정동 146-1,36.31332774,127.3252424,2020,한전주,042-611-2506,대전광역시 유성구청,2025-07-16
대정동162,1,대전광역시 유성구 한우물로 13,대전광역시 유성구 대정동 245-7,36.31007663,127.3197987,2020,한전주,042-611-2506,대전광역시 유성구청,2025-07-16
대정동163,1,대전광역시 유성구 한우물로 87-17,대전광역시 유성구 대정동 169-1,36.3136819485,127.326768,2020,한전주,042-611-2506,대전광역시 유성구청,2025-07-16
대정동164,1,대전광역시 유성구 유성대로217번길 58-10,대전광역시 유성구 대정동 444,36.31558925,127.3118159,2020,한전주,042-611-2506,대전광역시 유성구청,2025-07-16
대정동165,1,대전광역시 유성구 한우물로155번길 7,대전광역시 유성구 대정동 107-1,36.31571891,127.3330717,2020,한전주,042-611-2506,대전광역시 유성구청,2025-07-16
대정동166,1,,대전광역시 유성구 대정동 37-15,36.31179885,127.3359904,2020,한전주,042-611-2506,대전광역시 유성구청,2025-07-16
덕명동001,1,대전광역시 유성구 동서대로 138,대전광역시 유성구 덕명동 154-3,36.35026381,127.2967196,2020,한전주,042-611-2506,대전광역시 유성구청,2025-07-16
덕명동002,1,대전광역시 유성구 동서대로 138,대전광역시 유성구 덕명동 154-3,36.35026381,127.2967196,2020,한전주,042-611-2506,대전광역시 유성구청,2025-07-16
덕명동003,1,대전광역시 유성구 동서대로 138,대전광역시 유성구 덕명동 154-3,36.35026381,127.2967196,2020,한전주,042-611-2506,대전광역시 유성구청,2025-07-16
덕명동004,1,대전광역시 유성구 수통골로55번길 188,대전광역시 유성구 덕명동 155-6,36.34996067,127.2955846,2020,한전주,042-611-2506,대전광역시 유성구청,2025-07-16
덕명동006,1,대전광역시 유성구 수통골로 55,대전광역시 유성구 덕명동 183,36.34608603,127.2904488,2020,한전주,042-611-2506,대전광역시 유성구청,2025-07-16
덕명동007,1,대전광역시 유성구 수통골로 65-7,대전광역시 유성구 덕명동 182-9,36.34643676,127.2909345,2020,한전주,042-611-2506,대전광역시 유성구청,2025-07-16
덕명동008,1,대전광역시 유성구 수통골로71번길 21,대전광역시 유성구 덕명동 181-3,36.34699691,127.2921281,2020,한전주,042-611-2506,대전광역시 유성구청,2025-07-16
덕명동009,1,대전광역시 유성구 수통골로71번길 10,대전광역시 유성구 덕명동 180,36.34682097,127.2928733,2020,한전주,042-611-2506,대전광역시 유성구청,2025-07-16
덕명동010,1,,대전광역시 유성구 덕명동 191-12,36.34769319,127.2921453,2020,한전주,042-611-2506,대전광역시 유성구청,2025-07-16
덕명동011,1,대전광역시 유성구 수통골로71번길 44,대전광역시 유성구 덕명동 191-31,36.34790514,127.2919324,2020,한전주,042-611-2506,대전광역시 유성구청,2025-07-16
덕명동012,1,대전광역시 유성구 수통골로71번길 49,대전광역시 유성구 덕명동 187-2,36.34788362,127.2913322,2020,한전주,042-611-2506,대전광역시 유성구청,2025-07-16
덕명동013,1,대전광역시 유성구 수통골로55번길 60,대전광역시 유성구 덕명동 178,36.34718496,127.2929103,2020,한전주,042-611-2506,대전광역시 유성구청,2025-07-16
덕명동014,1,대전광역시 유성구 동서대로 184-64,대전광역시 유성구 덕명동 201-27,36.34782621,127.293324,2020,한전주,042-611-2506,대전광역시 유성구청,2025-07-16
덕명동015,1,대전광역시 유성구 수통골로55번길 86,대전광역시 유성구 덕명동 201-7,36.348519,127.2935588,2020,한전주,042-611-2506,대전광역시 유성구청,2025-07-16
덕명동016,1,대전광역시 유성구 수통골로55번길 91,대전광역시 유성구 덕명동 201-11,36.34846795,127.2930076,2020,한전주,042-611-2506,대전광역시 유성구청,2025-07-16
덕명동017,1,대전광역시 유성구 수통골로55번길 93-40,대전광역시 유성구 덕명동 191-10,36.34836165,127.2926077,2020,한전주,042-611-2506,대전광역시 유성구청,2025-07-16
덕명동018,1,대전광역시 유성구 수통골로55번길 93-54,대전광역시 유성구 덕명동 191-14,36.34781475,127.2922631,2020,한전주,042-611-2506,대전광역시 유성구청,2025-07-16
덕명동019,1,대전광역시 유성구 수통골로55번길 98,대전광역시 유성구 덕명동 192-13,36.34907281,127.2929198,2020,한전주,042-611-2506,대전광역시 유성구청,2025-07-16
덕명동020,1,대전광역시 유성구 수통골로55번길 103,대전광역시 유성구 덕명동 192-14,36.34891202,127.2928188,2020,건축물,042-611-2506,대전광역시 유성구청,2025-07-16
덕명동021,1,대전광역시 유성구 수통골로55번길 112,대전광역시 유성구 덕명동 192-7,36.34924814,127.2925701,2020,한전주,042-611-2506,대전광역시 유성구청,2025-07-16
덕명동022,1,대전광역시 유성구 수통골로55번길 137,대전광역시 유성구 덕명동 192-11,36.34945821,127.2933397,2020,한전주,042-611-2506,대전광역시 유성구청,2025-07-16
덕명동023,1,대전광역시 유성구 수통골로55번길 131,대전광역시 유성구 덕명동 192-37,36.34948501,127.2931759,2020,한전주,042-611-2506,대전광역시 유성구청,2025-07-16
덕명동024,1,대전광역시 유성구 수통골로55번길 119,대전광역시 유성구 덕명동 192-2,36.34959795,127.2921749,2020,한전주,042-611-2506,대전광역시 유성구청,2025-07-16
덕명동025,1,대전광역시 유성구 수통골로55번길 150,대전광역시 유성구 덕명동 200,36.3495701,127.2938713,2020,한전주,042-611-2506,대전광역시 유성구청,2025-07-16
덕명동026,1,대전광역시 유성구 수통골로55번길 149-11,대전광역시 유성구 덕명동 197-1,36.3498962,127.2932591,2020,한전주,042-611-2506,대전광역시 유성구청,2025-07-16
덕명동027,1,대전광역시 유성구 수통골로55번길 149-16,대전광역시 유성구 덕명동 195-3,36.35019142,127.2931125,2020,한전주,042-611-2506,대전광역시 유성구청,2025-07-16
덕명동028,1,대전광역시 유성구 수통골로55번길 150,대전광역시 유성구 덕명동 200,36.34957691,127.293881,2020,한전주,042-611-2506,대전광역시 유성구청,2025-07-16
덕명동029,1,대전광역시 유성구 수통골로55번길 168,대전광역시 유성구 덕명동 201-44,36.34979827,127.2944208,2020,건축물,042-611-2506,대전광역시 유성구청,2025-07-16
덕명동030,1,대전광역시 유성구 수통골로55번길 168,대전광역시 유성구 덕명동 201-44,36.34979827,127.2944208,2020,한전주,042-611-2506,대전광역시 유성구청,2025-07-16
덕명동031,1,대전광역시 유성구 수통골로55번길 176,대전광역시 유성구 덕명동 201-1,36.34992123,127.2949164,2020,한전주,042-611-2506,대전광역시 유성구청,2025-07-16
덕명동032,1,대전광역시 유성구 동서대로 158-1,대전광역시 유성구 덕명동 176-25,36.34848411,127.2959035,2020,한전주,042-611-2506,대전광역시 유성구청,2025-07-16
덕명동033,1,대전광역시 유성구 동서대로 158-7,대전광역시 유성구 덕명동 176-41,36.34852241,127.2956507,2020,한전주,042-611-2506,대전광역시 유성구청,2025-07-16
덕명동034,1,대전광역시 유성구 동서대로 158-11,대전광역시 유성구 덕명동 176-2,36.34857895,127.2954543,2020,한전주,042-611-2506,대전광역시 유성구청,2025-07-16
덕명동035,1,대전광역시 유성구 동서대로 158-32,대전광역시 유성구 덕명동 201-2,36.34903733,127.2944882,2020,한전주,042-611-2506,대전광역시 유성구청,2025-07-16
덕명동036,1,대전광역시 유성구 수통골로55번길 180,대전광역시 유성구 덕명동 201-17,36.34951654,127.2948296,2020,한전주,042-611-2506,대전광역시 유성구청,2025-07-16
덕명동039,1,대전광역시 유성구 수통골로55번길 29,대전광역시 유성구 덕명동 184-1,36.34702793,127.2908499,2020,전용주,042-611-2506,대전광역시 유성구청,2025-07-16
덕명동040,1,대전광역시 유성구 수통골로55번길 93-30,대전광역시 유성구 덕명동 191-22,36.3482626,127.2922077,2020,한전주,042-611-2506,대전광역시 유성구청,2025-07-16
덕명동041,1,대전광역시 유성구 수통골로55번길 93-9,대전광역시 유성구 덕명동 201-12,36.34779469,127.2928043,2020,한전주,042-611-2506,대전광역시 유성구청,2025-07-16
덕명동042,1,대전광역시 유성구 동서대로 158-23,대전광역시 유성구 덕명동 176-3,36.34895216,127.295003,2020,건축물,042-611-2506,대전광역시 유성구청,2025-07-16
덕명동043,1,대전광역시 유성구 수통골로55번길 112,대전광역시 유성구 덕명동 192-7,36.34924814,127.2925701,2020,한전주,042-611-2506,대전광역시 유성구청,2025-07-16
덕명동044,1,대전광역시 유성구 동서대로 98-70,대전광역시 유성구 덕명동 127,36.35609631,127.3003642,2020,한전주,042-611-2506,대전광역시 유성구청,2025-07-16
도룡동001,1,대전광역시 유성구 가정로 310-7,대전광역시 유성구 도룡동 393-7,36.38522187,127.3773201,2020,전용주,042-611-2506,대전광역시 유성구청,2025-07-16
도룡동002,1,대전광역시 유성구 대덕대로608번길 6,대전광역시 유성구 도룡동 383-17,36.38715726,127.3791267,2020,한전주,042-611-2506,대전광역시 유성구청,2025-07-16
도룡동003,1,대전광역시 유성구 대덕대로608번길 15,대전광역시 유성구 도룡동 383-9,36.38738759,127.379529,2020,전용주,042-611-2506,대전광역시 유성구청,2025-07-16
도룡동004,1,대전광역시 유성구 대덕대로608번길 21,대전광역시 유성구 도룡동 383-10,36.38753769,127.3799066,2020,전용주,042-611-2506,대전광역시 유성구청,2025-07-16
도룡동005,1,대전광역시 유성구 대덕대로556번길 65,대전광역시 유성구 도룡동 397-9,36.3842191676,127.3804822,2020,한전주,042-611-2506,대전광역시 유성구청,2025-07-16
도룡동006,1,대전광역시 유성구 대덕대로578번길 26-14,대전광역시 유성구 도룡동 397-19,36.38410111,127.3798145,2020,한전주,042-611-2506,대전광역시 유성구청,2025-07-16
도룡동007,1,대전광역시 유성구 대덕대로578번길 26-18,대전광역시 유성구 도룡동 397-17,36.38381397,127.3798211,2020,한전주,042-611-2506,대전광역시 유성구청,2025-07-16
도룡동008,1,대전광역시 유성구 대덕대로556번길 57,대전광역시 유성구 도룡동 397-11,36.38384764,127.380485,2020,한전주,042-611-2506,대전광역시 유성구청,2025-07-16
도룡동009,1,대전광역시 유성구 대덕대로560번길 5,대전광역시 유성구 도룡동 397-55,36.38299982,127.3790364,2020,전용주,042-611-2506,대전광역시 유성구청,2025-07-16
도룡동010,1,,대전광역시 유성구 도룡동 397-61,36.38273798,127.3792292,2020,전용주,042-611-2506,대전광역시 유성구청,2025-07-16
도룡동011,1,대전광역시 유성구 대덕대로556번길 45,대전광역시 유성구 도룡동 397-4,36.38341066,127.3801725,2020,한전주,042-611-2506,대전광역시 유성구청,2025-07-16
도룡동012,1,대전광역시 유성구 대덕대로560번길 36,대전광역시 유성구 도룡동 397-46,36.38345998,127.3792292,2020,전용주,042-611-2506,대전광역시 유성구청,2025-07-16
도룡동013,1,대전광역시 유성구 대덕대로568번길 9,대전광역시 유성구 도룡동 397-36,36.38389707,127.3792276,2020,한전주,042-611-2506,대전광역시 유성구청,2025-07-16
도룡동014,1,대전광역시 유성구 대덕대로578번길 26-18,대전광역시 유성구 도룡동 397-17,36.38381397,127.3798211,2020,한전주,042-611-2506,대전광역시 유성구청,2025-07-16
도룡동015,1,대전광역시 유성구 대덕대로578번길 22,대전광역시 유성구 도룡동 397-2,36.38432725,127.3798571,2020,한전주,042-611-2506,대전광역시 유성구청,2025-07-16
도룡동016,1,대전광역시 유성구 대덕대로568번길 35,대전광역시 유성구 도룡동 397-31,36.38409382,127.3792146,2020,전용주,042-611-2506,대전광역시 유성구청,2025-07-16
도룡동017,1,대전광역시 유성구 대덕대로 616-5,대전광역시 유성구 도룡동 383-37,36.3881054,127.3790374,2020,한전주,042-611-2506,대전광역시 유성구청,2025-07-16
도룡동018,1,대전광역시 유성구 대덕대로 618-14,대전광역시 유성구 도룡동 383-34,36.38810142,127.3794953,2020,한전주,042-611-2506,대전광역시 유성구청,2025-07-16
도룡동020,1,대전광역시 유성구 문지로 8,대전광역시 유성구 도룡동 383-29,36.38831572,127.3794936,2020,전용주,042-611-2506,대전광역시 유성구청,2025-07-16
도룡동021,1,대전광역시 유성구 대덕대로633번길 11,대전광역시 유성구 도룡동 381-37,36.38797037,127.3774527,2020,한전주,042-611-2506,대전광역시 유성구청,2025-07-16
도룡동022,1,대전광역시 유성구 대덕대로633번길 29,대전광역시 유성구 도룡동 381-19,36.38823405,127.3766568,2020,한전주,042-611-2506,대전광역시 유성구청,2025-07-16
도룡동023,1,대전광역시 유성구 대덕대로643번길 6,대전광역시 유성구 도룡동 381-9,36.38827925,127.376211,2020,전용주,042-611-2506,대전광역시 유성구청,2025-07-16
도룡동024,1,대전광역시 유성구 대덕대로 645,대전광역시 유성구 도룡동 381-7,36.38843658,127.3760137,2020,건축물,042-611-2506,대전광역시 유성구청,2025-07-16
도룡동025,1,대전광역시 유성구 대덕대로 651,대전광역시 유성구 도룡동 380-32,36.388713,127.3752594,2020,건축물,042-611-2506,대전광역시 유성구청,2025-07-16
도룡동026,1,대전광역시 유성구 대덕대로649번길 5-20,대전광역시 유성구 도룡동 380-42,36.38800064,127.3751398,2020,한전주,042-611-2506,대전광역시 유성구청,2025-07-16
도룡동027,1,대전광역시 유성구 가정로287번길 33,대전광역시 유성구 도룡동 388-9,36.38614487,127.3753955,2020,건축물,042-611-2506,대전광역시 유성구청,2025-07-16
도룡동028,1,대전광역시 유성구 가정로287번길 21,대전광역시 유성구 도룡동 388-4,36.38665628,127.374967,2020,한전주,042-611-2506,대전광역시 유성구청,2025-07-16
도룡동029,1,대전광역시 유성구 가정로287번길 16,대전광역시 유성구 도룡동 389-1,36.38635794,127.374696,2020,전용주,042-611-2506,대전광역시 유성구청,2025-07-16
도룡동030,1,대전광역시 유성구 가정로 287,대전광역시 유성구 도룡동 390-1,36.38597887,127.3748243,2020,한전주,042-611-2506,대전광역시 유성구청,2025-07-16
도룡동031,1,대전광역시 유성구 대덕대로560번길 19,대전광역시 유성구 도룡동 397-58,36.3829682,127.3795725,2020,한전주,042-611-2506,대전광역시 유성구청,2025-07-16
도룡동032,1,대전광역시 유성구 대덕대로560번길 18,대전광역시 유성구 도룡동 397-59,36.38276036,127.3796098,2020,한전주,042-611-2506,대전광역시 유성구청,2025-07-16
둔곡동001,1,대전광역시 유성구 둔곡길 14,대전광역시 유성구 둔곡동 262-1,36.45449682,127.3634206,2020,한전주,042-611-2506,대전광역시 유성구청,2025-07-16
둔곡동014,1,대전광역시 유성구 구룡달전로 355,대전광역시 유성구 둔곡동 198-8,36.4570359349,127.3619959664,2020,한전주,042-611-2506,대전광역시 유성구청,2025-07-16
둔곡동015,1,대전광역시 유성구 둔곡길 152,대전광역시 유성구 둔곡동 228,36.45790242,127.3636264,2020,한전주,042-611-2506,대전광역시 유성구청,2025-07-16
둔곡동018,1,대전광역시 유성구 둔곡길 154,대전광역시 유성구 둔곡동 210-1,36.45777022,127.3630362,2020,한전주,042-611-2506,대전광역시 유성구청,2025-07-16
둔곡동019,1,대전광역시 유성구 둔곡길 158,대전광역시 유성구 둔곡동 212-6,36.45820689,127.363391,2020,한전주,042-611-2506,대전광역시 유성구청,2025-07-16
둔곡동020,1,대전광역시 유성구 둔곡길 164,대전광역시 유성구 둔곡동 212-1,36.45867716,127.363037,2020,한전주,042-611-2506,대전광역시 유성구청,2025-07-16
둔곡동021,1,대전광역시 유성구 둔곡길 164,대전광역시 유성구 둔곡동 212-1,36.45867716,127.363037,2020,한전주,042-611-2506,대전광역시 유성구청,2025-07-16
둔곡동023,1,대전광역시 유성구 둔곡길 178,대전광역시 유성구 둔곡동 218-3,36.45948587,127.3631502,2020,한전주,042-611-2506,대전광역시 유성구청,2025-07-16
둔곡동024,1,대전광역시 유성구 둔곡길 176,대전광역시 유성구 둔곡동 219,36.45949957,127.3633688,2020,한전주,042-611-2506,대전광역시 유성구청,2025-07-16
둔곡동026,1,대전광역시 유성구 둔곡길 182,대전광역시 유성구 둔곡동 20,36.45985757,127.3634469,2020,한전주,042-611-2506,대전광역시 유성구청,2025-07-16
둔곡동027,1,대전광역시 유성구 둔곡길 186,대전광역시 유성구 둔곡동 21,36.46010049,127.3636729,2020,한전주,042-611-2506,대전광역시 유성구청,2025-07-16
둔곡동028,1,대전광역시 유성구 둔곡길 71,대전광역시 유성구 둔곡동 22-2,36.46087901,127.3636735,2020,한전주,042-611-2506,대전광역시 유성구청,2025-07-16
둔곡동029,1,대전광역시 유성구 둔곡길 77,대전광역시 유성구 둔곡동 27-3,36.46157328,127.3640825,2020,한전주,042-611-2506,대전광역시 유성구청,2025-07-16
둔곡동032,1,대전광역시 유성구 둔곡길 89,대전광역시 유성구 둔곡동 36-1,36.46209147,127.3645696,2020,한전주,042-611-2506,대전광역시 유성구청,2025-07-16
둔곡동034,1,대전광역시 유성구 둔곡길 91,대전광역시 유성구 둔곡동 37,36.4624184,127.3649483,2020,한전주,042-611-2506,대전광역시 유성구청,2025-07-16
둔곡동035,1,대전광역시 유성구 둔곡길 97,대전광역시 유성구 둔곡동 34-2,36.46303923,127.3643492,2020,한전주,042-611-2506,대전광역시 유성구청,2025-07-16
둔곡동038,1,,대전광역시 유성구 둔곡동 107,36.46357093,127.358134,2020,한전주,042-611-2506,대전광역시 유성구청,2025-07-16
둔곡동040,1,대전광역시 유성구 둔곡길 286,대전광역시 유성구 둔곡동 62-2,36.46454743,127.3641986,2020,한전주,042-611-2506,대전광역시 유성구청,2025-07-16
둔곡동048,1,대전광역시 유성구 둔곡산단2길 18,대전광역시 유성구 둔곡동 8,36.46190853,127.366962,2020,한전주,042-611-2506,대전광역시 유성구청,2025-07-16
둔곡동049,1,대전광역시 유성구 둔곡산단2길 18,대전광역시 유성구 둔곡동 8,36.46190853,127.366962,2020,한전주,042-611-2506,대전광역시 유성구청,2025-07-16
둔곡동050,1,대전광역시 유성구 둔곡산단2길 18,대전광역시 유성구 둔곡동 8,36.46190853,127.366962,2020,한전주,042-611-2506,대전광역시 유성구청,2025-07-16
둔곡동051,1,대전광역시 유성구 둔곡산단2길 18,대전광역시 유성구 둔곡동 8,36.46190853,127.366962,2020,한전주,042-611-2506,대전광역시 유성구청,2025-07-16
둔곡동052,1,대전광역시 유성구 둔곡산단2길 48,대전광역시 유성구 둔곡동 1,36.46088097,127.3696365,2020,한전주,042-611-2506,대전광역시 유성구청,2025-07-16
둔곡동053,1,대전광역시 유성구 둔곡산단2길 48,대전광역시 유성구 둔곡동 1,36.46088097,127.3696365,2020,한전주,042-611-2506,대전광역시 유성구청,2025-07-16
등제안됨,1,,대전광역시 유성구 원촌동 56,36.37749939,127.4033034,2020,한전주,042-611-2506,대전광역시 유성구청,2025-07-16
문지동001,1,대전광역시 유성구 문지로 132,대전광역시 유성구 문지동 472,36.39058643,127.3937659,2020,한전주,042-611-2506,대전광역시 유성구청,2025-07-16
문지동002,1,대전광역시 유성구 문지로 132,대전광역시 유성구 문지동 472,36.39058643,127.3937659,2020,한전주,042-611-2506,대전광역시 유성구청,2025-07-16
문지동003,1,대전광역시 유성구 문지로 122-32,대전광역시 유성구 문지동 467,36.38932353,127.3913542,2020,한전주,042-611-2506,대전광역시 유성구청,2025-07-16
반석동001,1,대전광역시 유성구 반석서로 77,대전광역시 유성구 반석동 199,36.39430113,127.3077209,2020,한전주,042-611-2506,대전광역시 유성구청,2025-07-16
반석동002,1,대전광역시 유성구 반석서로71번길 12,대전광역시 유성구 반석동 200,36.39435059,127.3073398,2020,한전주,042-611-2506,대전광역시 유성구청,2025-07-16
반석동003,1,대전광역시 유성구 반석서로71번길 29,대전광역시 유성구 반석동 산 10-1,36.39427417,127.3064995,2020,한전주,042-611-2506,대전광역시 유성구청,2025-07-16
반석동004,1,대전광역시 유성구 반석서로71번길 29,대전광역시 유성구 반석동 산 10-1,36.39427417,127.3064995,2020,한전주,042-611-2506,대전광역시 유성구청,2025-07-16
반석동005,1,대전광역시 유성구 반석서로71번길 39,대전광역시 유성구 반석동 426-3,36.39475424,127.3060333,2020,한전주,042-611-2506,대전광역시 유성구청,2025-07-16
반석동006,1,대전광역시 유성구 반석서로71번길 34,대전광역시 유성구 반석동 424,36.39477507,127.3068721,2020,한전주,042-611-2506,대전광역시 유성구청,2025-07-16
반석동007,1,대전광역시 유성구 반석서로 65,대전광역시 유성구 반석동 207-2,36.39327506,127.3080658,2020,한전주,042-611-2506,대전광역시 유성구청,2025-07-16
반석동008,1,대전광역시 유성구 반석서로 63,대전광역시 유성구 반석동 205,36.3933996,127.3071949,2020,한전주,042-611-2506,대전광역시 유성구청,2025-07-16
반석동009,1,대전광역시 유성구 반석서로 63,대전광역시 유성구 반석동 205,36.3933996,127.3071949,2020,한전주,042-611-2506,대전광역시 유성구청,2025-07-16
반석동010,1,대전광역시 유성구 반석서로 39,대전광역시 유성구 반석동 308-2,36.39102616,127.3089179,2020,한전주,042-611-2506,대전광역시 유성구청,2025-07-16
반석동011,1,대전광역시 유성구 반석로74번길 31,대전광역시 유성구 반석동 316-1,36.39125001,127.3081486,2020,한전주,042-611-2506,대전광역시 유성구청,2025-07-16
반석동012,1,대전광역시 유성구 반석로74번길 13,대전광역시 유성구 반석동 321-10,36.39100388,127.3070724,2020,한전주,042-611-2506,대전광역시 유성구청,2025-07-16
반석동013,1,대전광역시 유성구 반석로74번길 5,대전광역시 유성구 반석동 321-1,36.3907494,127.3067876,2020,한전주,042-611-2506,대전광역시 유성구청,2025-07-16
반석동014,1,대전광역시 유성구 반석로 76,대전광역시 유성구 반석동 323-4,36.39081377,127.3061802,2020,한전주,042-611-2506,대전광역시 유성구청,2025-07-16
반석동015,1,대전광역시 유성구 반석로76번길 16,대전광역시 유성구 반석동 323-2,36.39090213,127.3057051,2020,한전주,042-611-2506,대전광역시 유성구청,2025-07-16
반석동016,1,대전광역시 유성구 반석로 84-22,대전광역시 유성구 반석동 329-1,36.39090213,127.3057051,2020,한전주,042-611-2506,대전광역시 유성구청,2025-07-16
반석동017,1,대전광역시 유성구 반석로 84-22,대전광역시 유성구 반석동 329-1,36.39090213,127.3057051,2020,한전주,042-611-2506,대전광역시 유성구청,2025-07-16
반석동018,1,대전광역시 유성구 반석로 80,대전광역시 유성구 반석동 711,36.3921033668,127.3047218379,2020,한전주,042-611-2506,대전광역시 유성구청,2025-07-16
반석동019,1,대전광역시 유성구 반석로76번길 34-13,대전광역시 유성구 반석동 380,36.39090213,127.3057051,2020,한전주,042-611-2506,대전광역시 유성구청,2025-07-16
반석동020,1,대전광역시 유성구 반석로76번길 59,대전광역시 유성구 반석동 384,36.39090213,127.3057051,2020,한전주,042-611-2506,대전광역시 유성구청,2025-07-16
반석동021,1,대전광역시 유성구 반석로76번길 65,대전광역시 유성구 반석동 366-1,36.39090213,127.3057051,2020,한전주,042-611-2506,대전광역시 유성구청,2025-07-16
반석동022,1,대전광역시 유성구 반석로76번길 69,대전광역시 유성구 반석동 410-2,36.39090213,127.3057051,2020,한전주,042-611-2506,대전광역시 유성구청,2025-07-16
반석동023,1,대전광역시 유성구 반석로76번길 79,대전광역시 유성구 반석동 413,36.39090213,127.3057051,2020,한전주,042-611-2506,대전광역시 유성구청,2025-07-16
반석동024,1,,대전광역시 유성구 반석동 408-1,36.39090213,127.3057051,2020,한전주,042-611-2506,대전광역시 유성구청,2025-07-16
반석동025,1,대전광역시 유성구 반석로76번길 52,대전광역시 유성구 반석동 381,36.39090213,127.3057051,2020,한전주,042-611-2506,대전광역시 유성구청,2025-07-16
반석동026,1,대전광역시 유성구 반석로76번길 45,대전광역시 유성구 반석동 371-2,36.39090213,127.3057051,2020,한전주,042-611-2506,대전광역시 유성구청,2025-07-16
반석동027,1,대전광역시 유성구 반석로76번길 45-3,대전광역시 유성구 반석동 367-1,36.39090213,127.3057051,2020,한전주,042-611-2506,대전광역시 유성구청,2025-07-16
반석동028,1,대전광역시 유성구 반석로 84-17,대전광역시 유성구 반석동 334-3,36.39090213,127.3057051,2020,한전주,042-611-2506,대전광역시 유성구청,2025-07-16
반석동029,1,대전광역시 유성구 반석로 84-17,대전광역시 유성구 반석동 334-3,36.39090213,127.3057051,2020,한전주,042-611-2506,대전광역시 유성구청,2025-07-16
반석동030,1,,대전광역시 유성구 반석동 335,36.39045329,127.3046771,2020,한전주,042-611-2506,대전광역시 유성구청,2025-07-16
반석동031,1,대전광역시 유성구 반석로112번길 6,대전광역시 유성구 반석동 339,36.38985043,127.3024249,2020,한전주,042-611-2506,대전광역시 유성구청,2025-07-16
반석동032,1,대전광역시 유성구 반석로112번길 18-1,대전광역시 유성구 반석동 343,36.39061073,127.3018641,2020,한전주,042-611-2506,대전광역시 유성구청,2025-07-16
반석동033,1,대전광역시 유성구 반석로112번길 41,대전광역시 유성구 반석동 466,36.39007348,127.300887,2020,한전주,042-611-2506,대전광역시 유성구청,2025-07-16
반석동034,1,대전광역시 유성구 반석로 140,대전광역시 유성구 반석동 463-3,36.3896217,127.2993889,2020,한전주,042-611-2506,대전광역시 유성구청,2025-07-16
반석동035,1,대전광역시 유성구 반석로 140,대전광역시 유성구 반석동 463-3,36.3896217,127.2993889,2020,한전주,042-611-2506,대전광역시 유성구청,2025-07-16
반석동036,1,대전광역시 유성구 반석로142번길 6,대전광역시 유성구 반석동 463,36.38958043,127.2991373,2020,한전주,042-611-2506,대전광역시 유성구청,2025-07-16
반석동037,1,대전광역시 유성구 반석로142번길 20,대전광역시 유성구 반석동 485,36.39019348,127.2983162,2020,한전주,042-611-2506,대전광역시 유성구청,2025-07-16
반석동038,1,대전광역시 유성구 반석로142번안길 15,대전광역시 유성구 반석동 482,36.39057664,127.298213,2020,한전주,042-611-2506,대전광역시 유성구청,2025-07-16
반석동039,1,대전광역시 유성구 반석로142번길 32,대전광역시 유성구 반석동 495,36.39027476,127.2976655,2020,한전주,042-611-2506,대전광역시 유성구청,2025-07-16
반석동040,1,대전광역시 유성구 반석로142번길 38,대전광역시 유성구 반석동 498-1,36.3903360014,127.2972135318,2020,한전주,042-611-2506,대전광역시 유성구청,2025-07-16
반석동041,1,대전광역시 유성구 반석로142번길 43,대전광역시 유성구 반석동 501,36.39013519,127.297006,2020,한전주,042-611-2506,대전광역시 유성구청,2025-07-16
반석동042,1,대전광역시 유성구 반석로142번길 52,대전광역시 유성구 반석동 499-1,36.39068565,127.2968174,2020,한전주,042-611-2506,대전광역시 유성구청,2025-07-16
반석동043,1,대전광역시 유성구 반석로142번안길 21,대전광역시 유성구 반석동 481,36.39078794,127.2980086,2020,건축물,042-611-2506,대전광역시 유성구청,2025-07-16
반석동044,1,대전광역시 유성구 반석로142번안길 28,대전광역시 유성구 반석동 480-2,36.39112318,127.2982594,2020,한전주,042-611-2506,대전광역시 유성구청,2025-07-16
반석동045,1,대전광역시 유성구 반석로142번안길 27,대전광역시 유성구 반석동 481-2,36.391039,127.2978974,2020,한전주,042-611-2506,대전광역시 유성구청,2025-07-16
반석동046,1,,대전광역시 유성구 반석동 515-1,36.38910247,127.2980779,2020,한전주,042-611-2506,대전광역시 유성구청,2025-07-16
반석동047,1,대전광역시 유성구 반석로142번길 15-38,대전광역시 유성구 반석동 507-1,36.38913016,127.2969461975,2020,한전주,042-611-2506,대전광역시 유성구청,2025-07-16
반석동048,1,대전광역시 유성구 반석로 154,대전광역시 유성구 반석동 520,36.38880104,127.2978967,2020,한전주,042-611-2506,대전광역시 유성구청,2025-07-16
반석동049,1,대전광역시 유성구 반석로 55,대전광역시 유성구 반석동 311-3,36.39062884,127.3086008,2020,한전주,042-611-2506,대전광역시 유성구청,2025-07-16
반석동050,1,대전광역시 유성구 반석로 53-15,대전광역시 유성구 반석동 580-17,36.39006084,127.3089106,2020,한전주,042-611-2506,대전광역시 유성구청,2025-07-16
반석동051,1,대전광역시 유성구 반석로 53-20,대전광역시 유성구 반석동 580-21,36.39002681,127.308130,2020,한전주,042-611-2506,대전광역시 유성구청,2025-07-16
반석동052,1,대전광역시 유성구 반석로 53-20,대전광역시 유성구 반석동 580-21,36.39002681,127.308130,2020,한전주,042-611-2506,대전광역시 유성구청,2025-07-16
반석동053,1,대전광역시 유성구 북유성대로 391-31,대전광역시 유성구 반석동 97-3,36.39906799,127.3081274,2020,한전주,042-611-2506,대전광역시 유성구청,2025-07-16
반석동057,1,대전광역시 유성구 북유성대로316번길 72-16,대전광역시 유성구 반석동 89-21,36.39574983,127.3138917,2020,한전주,042-611-2506,대전광역시 유성구청,2025-07-16
반석동058,1,대전광역시 유성구 북유성대로316번길 22-17,대전광역시 유성구 반석동 78,36.39431272,127.3151631,2020,한전주,042-611-2506,대전광역시 유성구청,2025-07-16
복용동001,1,대전광역시 유성구 진잠옛로 235-5,대전광역시 유성구 복용동 525,36.33908709,127.3165427,2020,한전주,042-611-2506,대전광역시 유성구청,2025-07-16
복용동002,1,대전광역시 유성구 복용동로 5,대전광역시 유성구 복용동 510,36.33876881,127.3173187,2020,한전주,042-611-2506,대전광역시 유성구청,2025-07-16
복용동003,1,대전광역시 유성구 진잠옛로 235-5,대전광역시 유성구 복용동 525,36.33908709,127.3165427,2020,한전주,042-611-2506,대전광역시 유성구청,2025-07-16
복용동004,1,대전광역시 유성구 진잠옛로 235-16,대전광역시 유성구 복용동 456-25,36.33955413,127.3167285,2020,한전주,042-611-2506,대전광역시 유성구청,2025-07-16
복용동005,1,대전광역시 유성구 진잠옛로 253-45,대전광역시 유성구 복용동 307-4,36.3415589,127.3168951,2020,한전주,042-611-2506,대전광역시 유성구청,2025-07-16
복용동006,1,대전광역시 유성구 진잠옛로 253-45,대전광역시 유성구 복용동 307-4,36.3415589,127.3168951,2020,한전주,042-611-2506,대전광역시 유성구청,2025-07-16
복용동007,1,대전광역시 유성구 진잠옛로265번길 33,대전광역시 유성구 복용동 349,36.34217284,127.3174154,2020,한전주,042-611-2506,대전광역시 유성구청,2025-07-16
복용동008,1,대전광역시 유성구 진잠옛로265번길 12,대전광역시 유성구 복용동 169,36.34232614,127.3182268,2020,한전주,042-611-2506,대전광역시 유성구청,2025-07-16
복용동009,1,대전광역시 유성구 진잠옛로265번길 12,대전광역시 유성구 복용동 169,36.34232614,127.3182268,2020,한전주,042-611-2506,대전광역시 유성구청,2025-07-16
복용동010,1,대전광역시 유성구 진잠옛로265번길 9,대전광역시 유성구 복용동 347,36.34146409,127.3183547,2020,한전주,042-611-2506,대전광역시 유성구청,2025-07-16
복용동011,1,,대전광역시 유성구 복용동 170-4,36.34165194,127.3189132,2020,한전주,042-611-2506,대전광역시 유성구청,2025-07-16
복용동012,1,대전광역시 유성구 학하로 233,대전광역시 유성구 복용동 166-1,36.34296054,127.3185432,2020,한전주,042-611-2506,대전광역시 유성구청,2025-07-16
복용동013,1,대전광역시 유성구 진잠옛로 291-48,대전광역시 유성구 복용동 366-4,36.34323339,127.3179087,2020,한전주,042-611-2506,대전광역시 유성구청,2025-07-16
복용동014,1,대전광역시 유성구 진잠옛로 291-48,대전광역시 유성구 복용동 366-4,36.34323339,127.3179087,2020,한전주,042-611-2506,대전광역시 유성구청,2025-07-16
복용동015,1,대전광역시 유성구 진잠옛로 291-26,대전광역시 유성구 복용동 164,36.34352432,127.3187423,2020,한전주,042-611-2506,대전광역시 유성구청,2025-07-16
복용동016,1,대전광역시 유성구 진잠옛로 291-2,대전광역시 유성구 복용동 156-2,36.3436055,127.3202657,2020,한전주,042-611-2506,대전광역시 유성구청,2025-07-16
복용동017,1,대전광역시 유성구 복용동로 35,대전광역시 유성구 복용동 236,36.33839787,127.3203322,2020,한전주,042-611-2506,대전광역시 유성구청,2025-07-16
복용동018,1,대전광역시 유성구 복용동로 35,대전광역시 유성구 복용동 236,36.33839787,127.3203322,2020,한전주,042-611-2506,대전광역시 유성구청,2025-07-16
복용동019,1,대전광역시 유성구 복용동로 35,대전광역시 유성구 복용동 236,36.33839787,127.3203322,2020,한전주,042-611-2506,대전광역시 유성구청,2025-07-16
복용동020,1,대전광역시 유성구 복용동로 55,대전광역시 유성구 복용동 251-5,36.33753236,127.3220138,2020,한전주,042-611-2506,대전광역시 유성구청,2025-07-16
복용동021,1,대전광역시 유성구 복용동로 55,대전광역시 유성구 복용동 251-5,36.33753236,127.3220138,2020,한전주,042-611-2506,대전광역시 유성구청,2025-07-16
복용동022,1,대전광역시 유성구 복용동로 65,대전광역시 유성구 복용동 256-3,36.33702948,127.3229572,2020,한전주,042-611-2506,대전광역시 유성구청,2025-07-16
복용동023,1,대전광역시 유성구 복용동로74번길 13,대전광역시 유성구 복용동 456-57,36.335975,127.3244273,2020,한전주,042-611-2506,대전광역시 유성구청,2025-07-16
복용동024,1,대전광역시 유성구 복용동로74번길 29,대전광역시 유성구 복용동 548-6,36.3354476727,127.3245547,2020,한전주,042-611-2506,대전광역시 유성구청,2025-07-16
복용동025,1,대전광역시 유성구 복용동로74번길 50,대전광역시 유성구 복용동 489,36.3349294617,127.3251848101,2020,한전주,042-611-2506,대전광역시 유성구청,2025-07-16
복용동026,1,,대전광역시 유성구 복용동 44,36.33317808,127.3275439,2020,한전주,042-611-2506,대전광역시 유성구청,2025-07-16
복용동027,1,대전광역시 유성구 복용동로74번길 90,대전광역시 유성구 복용동 68-3,36.33379729,127.3266791,2020,한전주,042-611-2506,대전광역시 유성구청,2025-07-16
복용동028,1,대전광역시 유성구 복용동로74번길 85,대전광역시 유성구 복용동 67-1,36.33416469,127.3271458,2020,한전주,042-611-2506,대전광역시 유성구청,2025-07-16
복용동029,1,,대전광역시 유성구 복용동 492,36.33491389,127.3259752,2020,한전주,042-611-2506,대전광역시 유성구청,2025-07-16
복용동030,1,,대전광역시 유성구 복용동 257-2,36.33649334,127.323775,2020,한전주,042-611-2506,대전광역시 유성구청,2025-07-16
복용동031,1,대전광역시 유성구 복용동로76번길 20,대전광역시 유성구 복용동 76-1,36.33626453,127.3249294,2020,한전주,042-611-2506,대전광역시 유성구청,2025-07-16
복용동032,1,대전광역시 유성구 복용동로76번길 24-3,대전광역시 유성구 복용동 86-3,36.33642408,127.3258401,2020,한전주,042-611-2506,대전광역시 유성구청,2025-07-16
복용동033,1,대전광역시 유성구 복용동로76번길 24-13,대전광역시 유성구 복용동 86-4,36.33631698,127.3260539,2020,한전주,042-611-2506,대전광역시 유성구청,2025-07-16
복용동034,1,대전광역시 유성구 복용동로76번길 51,대전광역시 유성구 복용동 111-14,36.33705626,127.3261057,2020,한전주,042-611-2506,대전광역시 유성구청,2025-07-16
복용동035,1,대전광역시 유성구 복용동로76번길 51,대전광역시 유성구 복용동 111-14,36.33705626,127.3261363,2020,한전주,042-611-2506,대전광역시 유성구청,2025-07-16
복용동036,1,대전광역시 유성구 복용동로 100,대전광역시 유성구 복용동 110,36.33782416,127.3262666,2020,한전주,042-611-2506,대전광역시 유성구청,2025-07-16
복용동037,1,대전광역시 유성구 복용동로76번길 61,대전광역시 유성구 복용동 111-4,36.33753753,127.3260901,2020,한전주,042-611-2506,대전광역시 유성구청,2025-07-16
복용동038,1,대전광역시 유성구 복용동로 100,대전광역시 유성구 복용동 110,36.33782416,127.3262666,2020,한전주,042-611-2506,대전광역시 유성구청,2025-07-16
복용동039,1,대전광역시 유성구 복용동로 107,대전광역시 유성구 복용동 133,36.33854203,127.3264673,2020,한전주,042-611-2506,대전광역시 유성구청,2025-07-16
복용동040,1,대전광역시 유성구 복용동로 114,대전광역시 유성구 복용동 108,36.33815247,127.3271877,2020,한전주,042-611-2506,대전광역시 유성구청,2025-07-16
복용동041,1,대전광역시 유성구 복용동로 121,대전광역시 유성구 복용동 134-22,36.33841428,127.3282649,2020,한전주,042-611-2506,대전광역시 유성구청,2025-07-16
복용동042,1,대전광역시 유성구 복용동로 95,대전광역시 유성구 복용동 122-2,36.33780386,127.325515,2020,한전주,042-611-2506,대전광역시 유성구청,2025-07-16
복용동043,1,,대전광역시 유성구 복용동 458,36.3374608,127.3245938,2020,한전주,042-611-2506,대전광역시 유성구청,2025-07-16
복용동044,1,대전광역시 유성구 복용동로 83,대전광역시 유성구 복용동 115-5,36.33739482,127.3243545,2020,한전주,042-611-2506,대전광역시 유성구청,2025-07-16
복용동045,1,대전광역시 유성구 복용동로 85-8,대전광역시 유성구 복용동 121-2,36.33782066,127.3245397,2020,한전주,042-611-2506,대전광역시 유성구청,2025-07-16
복용동046,1,대전광역시 유성구 복용동로 85-23,대전광역시 유성구 복용동 119,36.33797521,127.3242783,2020,한전주,042-611-2506,대전광역시 유성구청,2025-07-16
복용동047,1,대전광역시 유성구 복용동로79번길 28,대전광역시 유성구 복용동 118,36.3381285,127.3237999,2020,한전주,042-611-2506,대전광역시 유성구청,2025-07-16
복용동048,1,대전광역시 유성구 복용동로79번길 4,대전광역시 유성구 복용동 115-7,36.33731221,127.3241435,2020,한전주,042-611-2506,대전광역시 유성구청,2025-07-16
복용동049,1,대전광역시 유성구 복용동로79번길 19,대전광역시 유성구 복용동 248-3,36.33767884,127.3236353,2020,한전주,042-611-2506,대전광역시 유성구청,2025-07-16
복용동050,1,,대전광역시 유성구 복용동 453,36.3391289,127.3284496,2020,한전주,042-611-2506,대전광역시 유성구청,2025-07-16
복용동051,1,대전광역시 유성구 복용동로79번길 32,대전광역시 유성구 복용동 247-2,36.33834942,127.323463,2020,한전주,042-611-2506,대전광역시 유성구청,2025-07-16
복용동052,1,대전광역시 유성구 복용동로79번길 46,대전광역시 유성구 복용동 224-3,36.33857376,127.3234503,2020,한전주,042-611-2506,대전광역시 유성구청,2025-07-16
복용동053,1,대전광역시 유성구 복용동로 67,대전광역시 유성구 복용동 256-5,36.3369283,127.3231174,2020,한전주,042-611-2506,대전광역시 유성구청,2025-07-16
복용동054,1,대전광역시 유성구 유성대로 580-136,대전광역시 유성구 복용동 산 16-2,36.34422242,127.3252808,2020,한전주,042-611-2506,대전광역시 유성구청,2025-07-16
복용동055,1,대전광역시 유성구 유성대로 580-86,대전광역시 유성구 복용동 산 16-7,36.3432258053,127.323860205,2020,한전주,042-611-2506,대전광역시 유성구청,2025-07-16
복용동056,1,대전광역시 유성구 유성대로 580-86,대전광역시 유성구 복용동 산 16-7,36.3432258053,127.323860205,2020,한전주,042-611-2506,대전광역시 유성구청,2025-07-16
복용동057,1,대전광역시 유성구 복용동로 85-8,대전광역시 유성구 복용동 121-2,36.33782066,127.3245397,2020,건축물,042-611-2506,대전광역시 유성구청,2025-07-16
복용동058,1,대전광역시 유성구 복용동로 121,대전광역시 유성구 복용동 134-22,36.33841428,127.3282649,2020,한전주,042-611-2506,대전광역시 유성구청,2025-07-16
복용동059,1,대전광역시 유성구 복용동로 147,대전광역시 유성구 복용동 8-6,36.3385946,127.3309635,2020,한전주,042-611-2506,대전광역시 유성구청,2025-07-16
복용동060,1,대전광역시 유성구 복용동로 149-1,대전광역시 유성구 복용동 8-9,36.33854167,127.3312828,2020,한전주,042-611-2506,대전광역시 유성구청,2025-07-16
복용동061,1,대전광역시 유성구 복용동로 145-1,대전광역시 유성구 복용동 9-2,36.33878218,127.3308016,2020,한전주,042-611-2506,대전광역시 유성구청,2025-07-16
복용동062,1,대전광역시 유성구 복용동로74번길 87,대전광역시 유성구 복용동 67-3,36.33399114,127.3272687,2020,한전주,042-611-2506,대전광역시 유성구청,2025-07-16
복용동063,1,대전광역시 유성구 진잠옛로 291-26,대전광역시 유성구 복용동 164,36.34352432,127.3187423,2020,한전주,042-611-2506,대전광역시 유성구청,2025-07-16
봉명동001,1,대전광역시 유성구 계룡로52번길 6,대전광역시 유성구 봉명동 567-3,36.35479988,127.336480,2020,한전주,042-611-2506,대전광역시 유성구청,2025-07-16
봉명동002,1,대전광역시 유성구 계룡로52번길 14,대전광역시 유성구 봉명동 567-7,36.35446843,127.3363837,2020,한전주,042-611-2506,대전광역시 유성구청,2025-07-16
봉명동003,1,대전광역시 유성구 계룡로52번길 10,대전광역시 유성구 봉명동 567-4,36.35484417,127.3363066,2020,한전주,042-611-2506,대전광역시 유성구청,2025-07-16
봉명동004,1,대전광역시 유성구 계룡로52번길 20,대전광역시 유성구 봉명동 567-9,36.35425282,127.336304,2020,한전주,042-611-2506,대전광역시 유성구청,2025-07-16
봉명동005,1,대전광역시 유성구 계룡로52번길 30,대전광역시 유성구 봉명동 568-6,36.35383546,127.3360561,2020,한전주,042-611-2506,대전광역시 유성구청,2025-07-16
봉명동006,1,대전광역시 유성구 계룡로52번길 32,대전광역시 유성구 봉명동 568-7,36.3536932,127.3360434,2020,한전주,042-611-2506,대전광역시 유성구청,2025-07-16
봉명동007,1,대전광역시 유성구 계룡로52번길 44,대전광역시 유성구 봉명동 568-14,36.35321418,127.3358373,2020,한전주,042-611-2506,대전광역시 유성구청,2025-07-16
봉명동008,1,대전광역시 유성구 계룡로46번길 43,대전광역시 유성구 봉명동 568-20,36.35335301,127.3356912,2020,건축물,042-611-2506,대전광역시 유성구청,2025-07-16
봉명동009,1,대전광역시 유성구 계룡로60번길 34,대전광역시 유성구 봉명동 465-6,36.35311583,127.3365213,2020,한전주,042-611-2506,대전광역시 유성구청,2025-07-16
봉명동010,1,대전광역시 유성구 유성대로680번길 85,대전광역시 유성구 봉명동 568-19,36.35318747,127.3352714,2020,한전주,042-611-2506,대전광역시 유성구청,2025-07-16
봉명동011,1,대전광역시 유성구 계룡로46번길 40,대전광역시 유성구 구암동 594-12,36.35354919,127.3351476,2020,전용주,042-611-2506,대전광역시 유성구청,2025-07-16
봉명동012,1,대전광역시 유성구 계룡로46번길 40,대전광역시 유성구 구암동 594-12,36.35354919,127.3351476,2020,한전주,042-611-2506,대전광역시 유성구청,2025-07-16
봉명동013,1,대전광역시 유성구 계룡로46번길 33,대전광역시 유성구 봉명동 568-22,36.35372633,127.335512,2020,한전주,042-611-2506,대전광역시 유성구청,2025-07-16
봉명동014,1,대전광역시 유성구 계룡로46번길 23,대전광역시 유성구 봉명동 568-1,36.35393558,127.335802,2020,한전주,042-611-2506,대전광역시 유성구청,2025-07-16
봉명동015,1,대전광역시 유성구 계룡로46번길 23,대전광역시 유성구 봉명동 568-1,36.35393558,127.335802,2020,한전주,042-611-2506,대전광역시 유성구청,2025-07-16
봉명동016,1,대전광역시 유성구 계룡로46번길 11,대전광역시 유성구 봉명동 567-13,36.35470496,127.3360088,2020,한전주,042-611-2506,대전광역시 유성구청,2025-07-16
봉명동017,1,대전광역시 유성구 유성대로694번길 63,대전광역시 유성구 봉명동 566-12,36.35454627,127.3352049,2020,한전주,042-611-2506,대전광역시 유성구청,2025-07-16
봉명동018,1,대전광역시 유성구 유성대로694번길 63,대전광역시 유성구 봉명동 566-12,36.35454627,127.3352049,2020,한전주,042-611-2506,대전광역시 유성구청,2025-07-16
봉명동019,1,대전광역시 유성구 계룡로 42-9,대전광역시 유성구 봉명동 566-24,36.35485264,127.3355364,2020,한전주,042-611-2506,대전광역시 유성구청,2025-07-16
봉명동020,1,대전광역시 유성구 계룡로 42-1,대전광역시 유성구 봉명동 566-4,36.35519955,127.335646,2020,한전주,042-611-2506,대전광역시 유성구청,2025-07-16
봉명동021,1,대전광역시 유성구 계룡로38번길 13,대전광역시 유성구 봉명동 566-17,36.35484125,127.3351649,2020,한전주,042-611-2506,대전광역시 유성구청,2025-07-16
봉명동022,1,대전광역시 유성구 계룡로38번길 17,대전광역시 유성구 봉명동 566-13,36.3545758,127.3350537,2020,한전주,042-611-2506,대전광역시 유성구청,2025-07-16
봉명동023,1,대전광역시 유성구 유성대로694번길 47,대전광역시 유성구 봉명동 565-12,36.35474289,127.3343414,2020,한전주,042-611-2506,대전광역시 유성구청,2025-07-16
봉명동024,1,대전광역시 유성구 계룡로60번길 19,대전광역시 유성구 봉명동 468-11,36.35396338,127.3373536,2020,한전주,042-611-2506,대전광역시 유성구청,2025-07-16
봉명동025,1,대전광역시 유성구 계룡로32번길 12,대전광역시 유성구 봉명동 564-5,36.35520989,127.3342737,2020,한전주,042-611-2506,대전광역시 유성구청,2025-07-16
봉명동026,1,대전광역시 유성구 계룡로26번길 9-10,대전광역시 유성구 봉명동 564-13,36.35513119,127.3339282,2020,한전주,042-611-2506,대전광역시 유성구청,2025-07-16
봉명동027,1,대전광역시 유성구 계룡로26번길 7,대전광역시 유성구 봉명동 564-18,36.35543342,127.3338402,2020,한전주,042-611-2506,대전광역시 유성구청,2025-07-16
봉명동028,1,대전광역시 유성구 계룡로26번길 3,대전광역시 유성구 봉명동 564-23,36.35554048,127.3339069,2020,한전주,042-611-2506,대전광역시 유성구청,2025-07-16
봉명동029,1,대전광역시 유성구 유성대로694번길 33,대전광역시 유성구 봉명동 564-19,36.35497051,127.3336702,2020,한전주,042-611-2506,대전광역시 유성구청,2025-07-16
봉명동030,1,대전광역시 유성구 계룡로 15-8,대전광역시 유성구 봉명동 563-16,36.35638182,127.3332895,2020,한전주,042-611-2506,대전광역시 유성구청,2025-07-16
봉명동031,1,대전광역시 유성구 계룡로 27-7,대전광역시 유성구 봉명동 563-7,36.35618818,127.3341553,2020,한전주,042-611-2506,대전광역시 유성구청,2025-07-16
봉명동032,1,대전광역시 유성구 계룡로 27-3,대전광역시 유성구 봉명동 563-9,36.35607616,127.3340901,2020,한전주,042-611-2506,대전광역시 유성구청,2025-07-16
봉명동033,1,대전광역시 유성구 계룡로 21-3,대전광역시 유성구 봉명동 563-12,36.35617957,127.3335603,2020,한전주,042-611-2506,대전광역시 유성구청,2025-07-16
봉명동034,1,대전광역시 유성구 계룡로 31-8,대전광역시 유성구 봉명동 562-24,36.3560295,127.334887,2020,한전주,042-611-2506,대전광역시 유성구청,2025-07-16
봉명동035,1,대전광역시 유성구 계룡로 39,대전광역시 유성구 봉명동 561-16,36.3555581,127.3354649,2020,한전주,042-611-2506,대전광역시 유성구청,2025-07-16
봉명동037,1,대전광역시 유성구 계룡로 41-14,대전광역시 유성구 봉명동 561-14,36.35590353,127.3361333,2020,한전주,042-611-2506,대전광역시 유성구청,2025-07-16
봉명동038,1,대전광역시 유성구 계룡로 41-9,대전광역시 유성구 봉명동 561-24,36.35594471,127.3357843,2020,한전주,042-611-2506,대전광역시 유성구청,2025-07-16
봉명동039,1,대전광역시 유성구 유성대로694번길 94,대전광역시 유성구 봉명동 465-2,36.3539649,127.3366116,2020,한전주,042-611-2506,대전광역시 유성구청,2025-07-16
봉명동040,1,대전광역시 유성구 계룡로60번길 19,대전광역시 유성구 봉명동 468-11,36.3539649,127.3373621,2020,한전주,042-611-2506,대전광역시 유성구청,2025-07-16
봉명동041,1,대전광역시 유성구 계룡로60번길 19,대전광역시 유성구 봉명동 468-11,36.35396338,127.3373536,2020,한전주,042-611-2506,대전광역시 유성구청,2025-07-16
봉명동042,1,대전광역시 유성구 계룡로60번길 19,대전광역시 유성구 봉명동 468-11,36.35396338,127.3373536,2020,한전주,042-611-2506,대전광역시 유성구청,2025-07-16
봉명동043,1,대전광역시 유성구 계룡로60번길 19,대전광역시 유성구 봉명동 468-11,36.35396338,127.3373536,2020,한전주,042-611-2506,대전광역시 유성구청,2025-07-16
봉명동044,1,대전광역시 유성구 계룡로59번길 6,대전광역시 유성구 봉명동 444-25,36.35511552,127.3380266,2020,건축물,042-611-2506,대전광역시 유성구청,2025-07-16
봉명동045,1,대전광역시 유성구 계룡로59번길 26,대전광역시 유성구 봉명동 443-25,36.3560624,127.3381191,2020,전용주,042-611-2506,대전광역시 유성구청,2025-07-16
봉명동046,1,대전광역시 유성구 계룡로59번길 32,대전광역시 유성구 봉명동 443-23,36.3562996,127.3381466,2020,건축물,042-611-2506,대전광역시 유성구청,2025-07-16
봉명동047,1,대전광역시 유성구 계룡로60번길 31,대전광역시 유성구 봉명동 464-17,36.35345064,127.3371834,2020,한전주,042-611-2506,대전광역시 유성구청,2025-07-16
봉명동048,1,대전광역시 유성구 계룡로60번길 43,대전광역시 유성구 봉명동 464-20,36.35295779,127.3369914,2020,한전주,042-611-2506,대전광역시 유성구청,2025-07-16
봉명동049,1,대전광역시 유성구 유성대로680번길 117,대전광역시 유성구 봉명동 464-22,36.35272404,127.3369544,2020,한전주,042-611-2506,대전광역시 유성구청,2025-07-16
봉명동050,1,대전광역시 유성구 계룡로60번길 60-2,대전광역시 유성구 구암동 544-51,36.35237579,127.3365501,2020,한전주,042-611-2506,대전광역시 유성구청,2025-07-16
봉명동051,1,대전광역시 유성구 계룡로60번길 55-7,대전광역시 유성구 봉명동 463-27,36.35219726,127.3370333,2020,한전주,042-611-2506,대전광역시 유성구청,2025-07-16
봉명동052,1,대전광역시 유성구 유성대로680번길 138-19,대전광역시 유성구 봉명동 463-18,36.35159435,127.3373913,2020,한전주,042-611-2506,대전광역시 유성구청,2025-07-16
봉명동053,1,대전광역시 유성구 유성대로680번길 138-15,대전광역시 유성구 봉명동 463-19,36.35176118,127.3375438,2020,한전주,042-611-2506,대전광역시 유성구청,2025-07-16
봉명동054,1,대전광역시 유성구 계룡로60번길 55-23,대전광역시 유성구 봉명동 463-51,36.35150436,127.3375046,2020,한전주,042-611-2506,대전광역시 유성구청,2025-07-16
봉명동055,1,대전광역시 유성구 계룡로74번길 74,대전광역시 유성구 봉명동 463-17,36.35133918,127.337756,2020,한전주,042-611-2506,대전광역시 유성구청,2025-07-16
봉명동056,1,대전광역시 유성구 계룡로74번길 58,대전광역시 유성구 봉명동 463-11,36.35193634,127.3380013,2020,전용주,042-611-2506,대전광역시 유성구청,2025-07-16
봉명동057,1,대전광역시 유성구 유성대로680번길 134,대전광역시 유성구 봉명동 463-4,36.35229649,127.3377946,2020,한전주,042-611-2506,대전광역시 유성구청,2025-07-16
봉명동058,1,대전광역시 유성구 유성대로680번길 138-6,대전광역시 유성구 봉명동 463-47,36.35220657,127.3378516,2020,한전주,042-611-2506,대전광역시 유성구청,2025-07-16
봉명동059,1,대전광역시 유성구 유성대로680번길 128-1,대전광역시 유성구 봉명동 463-37,36.35232953,127.3375528,2020,한전주,042-611-2506,대전광역시 유성구청,2025-07-16
봉명동060,1,대전광역시 유성구 유성대로680번길 118,대전광역시 유성구 봉명동 463-1,36.35252252,127.3368621,2020,한전주,042-611-2506,대전광역시 유성구청,2025-07-16
봉명동061,1,대전광역시 유성구 유성대로680번길 126,대전광역시 유성구 봉명동 463-35,36.35237994,127.3373482,2020,한전주,042-611-2506,대전광역시 유성구청,2025-07-16
봉명동062,1,대전광역시 유성구 유성대로680번길 121,대전광역시 유성구 봉명동 464-10,36.35269787,127.3372851,2020,한전주,042-611-2506,대전광역시 유성구청,2025-07-16
봉명동063,1,대전광역시 유성구 계룡로66번길 34,대전광역시 유성구 봉명동 464-19,36.35331866,127.3376473,2020,한전주,042-611-2506,대전광역시 유성구청,2025-07-16
봉명동064,1,대전광역시 유성구 계룡로66번길 31,대전광역시 유성구 봉명동 459-28,36.35334586,127.3379402,2020,한전주,042-611-2506,대전광역시 유성구청,2025-07-16
봉명동065,1,대전광역시 유성구 계룡로74번길 20,대전광역시 유성구 봉명동 448-5,36.35375865,127.3383681,2020,건축물,042-611-2506,대전광역시 유성구청,2025-07-16
봉명동066,1,대전광역시 유성구 계룡로66번길 16,대전광역시 유성구 봉명동 468-18,36.35401251,127.3378896,2020,한전주,042-611-2506,대전광역시 유성구청,2025-07-16
봉명동067,1,대전광역시 유성구 계룡로66번길 5,대전광역시 유성구 봉명동 448-17,36.35435743,127.3383837,2020,한전주,042-611-2506,대전광역시 유성구청,2025-07-16
봉명동068,1,대전광역시 유성구 계룡로74번길 13-7,대전광역시 유성구 봉명동 447-10,36.35386732,127.3393898,2020,한전주,042-611-2506,대전광역시 유성구청,2025-07-16
봉명동069,1,대전광역시 유성구 계룡로 84,대전광역시 유성구 봉명동 447-6,36.35378938,127.3399854,2020,한전주,042-611-2506,대전광역시 유성구청,2025-07-16
봉명동070,1,대전광역시 유성구 계룡로 84,대전광역시 유성구 봉명동 447-6,36.35378938,127.3399854,2020,한전주,042-611-2506,대전광역시 유성구청,2025-07-16
봉명동071,1,대전광역시 유성구 계룡로 92,대전광역시 유성구 봉명동 553-2,36.3534337,127.3405945,2020,한전주,042-611-2506,대전광역시 유성구청,2025-07-16
봉명동072,1,대전광역시 유성구 계룡로88번길 16,대전광역시 유성구 봉명동 449-4,36.35334376,127.3399195,2020,한전주,042-611-2506,대전광역시 유성구청,2025-07-16
봉명동073,1,대전광역시 유성구 계룡로88번길 16,대전광역시 유성구 봉명동 449-4,36.35334376,127.3399925,2020,한전주,042-611-2506,대전광역시 유성구청,2025-07-16
봉명동074,1,대전광역시 유성구 도안대로589번길 38,대전광역시 유성구 봉명동 449-12,36.35343038,127.3390895,2020,한전주,042-611-2506,대전광역시 유성구청,2025-07-16
봉명동075,1,대전광역시 유성구 계룡로88번길 27,대전광역시 유성구 봉명동 554-15,36.35271168,127.3402332,2020,한전주,042-611-2506,대전광역시 유성구청,2025-07-16
봉명동076,1,대전광역시 유성구 계룡로88번길 31,대전광역시 유성구 봉명동 554-12,36.35253349,127.339990,2020,한전주,042-611-2506,대전광역시 유성구청,2025-07-16
봉명동077,1,대전광역시 유성구 도안대로589번길 35,대전광역시 유성구 봉명동 451,36.35311603,127.3389679,2020,한전주,042-611-2506,대전광역시 유성구청,2025-07-16
봉명동078,1,대전광역시 유성구 계룡로88번길 40,대전광역시 유성구 봉명동 452-7,36.35232755,127.3396176,2020,한전주,042-611-2506,대전광역시 유성구청,2025-07-16
봉명동079,1,대전광역시 유성구 도안대로577번길 13,대전광역시 유성구 봉명동 555-1,36.351774687,127.3397131113,2020,한전주,042-611-2506,대전광역시 유성구청,2025-07-16
봉명동080,1,대전광역시 유성구 계룡로88번길 50,대전광역시 유성구 봉명동 556-8,36.35183817,127.339409,2020,한전주,042-611-2506,대전광역시 유성구청,2025-07-16
봉명동081,1,대전광역시 유성구 도안대로577번길 34,대전광역시 유성구 봉명동 452-15,36.35227672,127.3387624,2020,한전주,042-611-2506,대전광역시 유성구청,2025-07-16
봉명동082,1,대전광역시 유성구 도안대로577번길 24-4,대전광역시 유성구 봉명동 452-22,36.35221218,127.3393724,2020,한전주,042-611-2506,대전광역시 유성구청,2025-07-16
봉명동083,1,대전광역시 유성구 도안대로577번길 13,대전광역시 유성구 봉명동 555-1,36.351774687,127.3397131113,2020,한전주,042-611-2506,대전광역시 유성구청,2025-07-16
봉명동084,1,대전광역시 유성구 계룡로88번길 59,대전광역시 유성구 봉명동 555-15,36.3513436,127.3395169,2020,한전주,042-611-2506,대전광역시 유성구청,2025-07-16
봉명동085,1,대전광역시 유성구 도안대로567번길 11,대전광역시 유성구 봉명동 558-2,36.35098575,127.3394741,2020,한전주,042-611-2506,대전광역시 유성구청,2025-07-16
봉명동086,1,대전광역시 유성구 도안대로567번길 11-5,대전광역시 유성구 봉명동 558-25,36.35076166,127.3395567,2020,한전주,042-611-2506,대전광역시 유성구청,2025-07-16
봉명동087,1,대전광역시 유성구 도안대로567번길 20,대전광역시 유성구 봉명동 556-11,36.35142926,127.3392034,2020,한전주,042-611-2506,대전광역시 유성구청,2025-07-16
봉명동088,1,대전광역시 유성구 도안대로567번길 25,대전광역시 유성구 봉명동 557-25,36.35116553,127.3387128,2020,한전주,042-611-2506,대전광역시 유성구청,2025-07-16
봉명동089,1,대전광역시 유성구 계룡로74번길 79-4,대전광역시 유성구 봉명동 557-22,36.3508662,127.3381171,2020,한전주,042-611-2506,대전광역시 유성구청,2025-07-16
봉명동090,1,대전광역시 유성구 계룡로74번길 79-10,대전광역시 유성구 봉명동 557-24,36.3507397,127.3383784,2020,한전주,042-611-2506,대전광역시 유성구청,2025-07-16
봉명동091,1,대전광역시 유성구 계룡로74번길 79-14,대전광역시 유성구 봉명동 557-7,36.35073531,127.3386173,2020,한전주,042-611-2506,대전광역시 유성구청,2025-07-16
봉명동092,1,대전광역시 유성구 계룡로88번길 71,대전광역시 유성구 봉명동 558-19,36.35087162,127.3392658,2020,한전주,042-611-2506,대전광역시 유성구청,2025-07-16
봉명동093,1,대전광역시 유성구 계룡로88번길 73,대전광역시 유성구 봉명동 558-17,36.35073732,127.3392109,2020,한전주,042-611-2506,대전광역시 유성구청,2025-07-16
봉명동094,1,,대전광역시 유성구 봉명동 558-15,36.35050657,127.3392142,2020,한전주,042-611-2506,대전광역시 유성구청,2025-07-16
봉명동095,1,대전광역시 유성구 유성대로654번길 160-1,대전광역시 유성구 구암동 611-13,36.350273,127.337853,2020,한전주,042-611-2506,대전광역시 유성구청,2025-07-16
봉명동096,1,,대전광역시 유성구 봉명동 559-35,36.34961628,127.3391106,2020,한전주,042-611-2506,대전광역시 유성구청,2025-07-16
봉명동097,1,대전광역시 유성구 도안대로549번안길 20,대전광역시 유성구 봉명동 559-21,36.34980845,127.3385858,2020,한전주,042-611-2506,대전광역시 유성구청,2025-07-16
봉명동098,1,대전광역시 유성구 도안대로549번길 14,대전광역시 유성구 봉명동 559-36,36.34947456,127.3392842,2020,한전주,042-611-2506,대전광역시 유성구청,2025-07-16
봉명동099,1,대전광역시 유성구 도안대로549번길 10,대전광역시 유성구 봉명동 559-33,36.34948335,127.3396155,2020,한전주,042-611-2506,대전광역시 유성구청,2025-07-16
봉명동100,1,대전광역시 유성구 도안대로549번길 14,대전광역시 유성구 봉명동 559-36,36.34947456,127.3392842,2020,한전주,042-611-2506,대전광역시 유성구청,2025-07-16
봉명동101,1,대전광역시 유성구 도안대로549번길 22,대전광역시 유성구 봉명동 559-38,36.34955801,127.3389048,2020,한전주,042-611-2506,대전광역시 유성구청,2025-07-16
봉명동102,1,대전광역시 유성구 도안대로549번길 24,대전광역시 유성구 봉명동 559-40,36.34951408,127.338760,2020,한전주,042-611-2506,대전광역시 유성구청,2025-07-16
봉명동103,1,대전광역시 유성구 월드컵대로351번길 26,대전광역시 유성구 봉명동 559-42,36.34971056,127.3384641,2020,한전주,042-611-2506,대전광역시 유성구청,2025-07-16
봉명동104,1,대전광역시 유성구 월드컵대로351번길 16,대전광역시 유성구 봉명동 560-1,36.34934507,127.3387107,2020,한전주,042-611-2506,대전광역시 유성구청,2025-07-16
봉명동105,1,대전광역시 유성구 월드컵대로351번길 12,대전광역시 유성구 봉명동 560-3,36.34917773,127.3388651,2020,한전주,042-611-2506,대전광역시 유성구청,2025-07-16
봉명동106,1,대전광역시 유성구 월드컵대로 351,대전광역시 유성구 봉명동 560-20,36.34884028,127.339105,2020,한전주,042-611-2506,대전광역시 유성구청,2025-07-16
봉명동107,1,대전광역시 유성구 월드컵대로351번길 8-4,대전광역시 유성구 봉명동 560-21,36.34898035,127.3391269,2020,한전주,042-611-2506,대전광역시 유성구청,2025-07-16
봉명동108,1,대전광역시 유성구 월드컵대로351번길 8-12,대전광역시 유성구 봉명동 560-13,36.34905926,127.3395842,2020,한전주,042-611-2506,대전광역시 유성구청,2025-07-16
봉명동109,1,대전광역시 유성구 계룡로 48,대전광역시 유성구 봉명동 567-1,36.35499707,127.3361865,2020,한전주,042-611-2506,대전광역시 유성구청,2025-07-16
봉명동110,1,,대전광역시 유성구 봉명동 677-2,36.35783713,127.3523702,2020,전용주,042-611-2506,대전광역시 유성구청,2025-07-16
봉명동111,1,대전광역시 유성구 계룡로 64,대전광역시 유성구 봉명동 468-3,36.35425271,127.3377822,2020,건축물,042-611-2506,대전광역시 유성구청,2025-07-16
봉명동113,1,대전광역시 유성구 유성대로694번길 79,대전광역시 유성구 봉명동 567-15,36.35434311,127.3359228,2020,한전주,042-611-2506,대전광역시 유성구청,2025-07-16
봉명동114,1,대전광역시 유성구 유성대로680번길 85,대전광역시 유성구 봉명동 568-19,36.35318747,127.3352714,2020,한전주,042-611-2506,대전광역시 유성구청,2025-07-16
봉산동001,1,대전광역시 유성구 봉산로16번길 8-18,대전광역시 유성구 봉산동 234-6,36.43459647,127.388564,2020,한전주,042-611-2506,대전광역시 유성구청,2025-07-16
봉산동002,1,대전광역시 유성구 봉산로6번길 9,대전광역시 유성구 봉산동 290-7,36.43472941,127.3887797,2020,한전주,042-611-2506,대전광역시 유성구청,2025-07-16
봉산동003,1,대전광역시 유성구 봉산로6번길 15,대전광역시 유성구 봉산동 290-5,36.43489846,127.3890298,2020,한전주,042-611-2506,대전광역시 유성구청,2025-07-16
봉산동004,1,대전광역시 유성구 봉산로6번길 25,대전광역시 유성구 봉산동 290-2,36.43516272,127.3894053,2020,한전주,042-611-2506,대전광역시 유성구청,2025-07-16
봉산동005,1,대전광역시 유성구 봉산로8번길 18,대전광역시 유성구 봉산동 290-13,36.43525777,127.3893006,2020,한전주,042-611-2506,대전광역시 유성구청,2025-07-16
봉산동006,1,대전광역시 유성구 봉산로8번길 6,대전광역시 유성구 봉산동 290-9,36.43490684,127.3887827,2020,한전주,042-611-2506,대전광역시 유성구청,2025-07-16
봉산동007,1,대전광역시 유성구 봉산로16번길 8-14,대전광역시 유성구 봉산동 234-4,36.43482141,127.3883391,2020,한전주,042-611-2506,대전광역시 유성구청,2025-07-16
봉산동008,1,대전광역시 유성구 봉산로16번길 10,대전광역시 유성구 봉산동 273-8,36.43529648,127.3881517,2020,한전주,042-611-2506,대전광역시 유성구청,2025-07-16
봉산동009,1,대전광역시 유성구 봉산로12번길 10,대전광역시 유성구 봉산동 274-10,36.435233,127.3886625,2020,한전주,042-611-2506,대전광역시 유성구청,2025-07-16
봉산동010,1,대전광역시 유성구 봉산로12번길 14,대전광역시 유성구 봉산동 274-12,36.43541372,127.3889268,2020,한전주,042-611-2506,대전광역시 유성구청,2025-07-16
봉산동011,1,대전광역시 유성구 봉산로12번길 22,대전광역시 유성구 봉산동 274-14,36.43558402,127.3891814,2020,한전주,042-611-2506,대전광역시 유성구청,2025-07-16
봉산동012,1,대전광역시 유성구 봉산로12번길 22,대전광역시 유성구 봉산동 274-14,36.43558402,127.3891814,2020,한전주,042-611-2506,대전광역시 유성구청,2025-07-16
봉산동013,1,대전광역시 유성구 봉산로16번길 18,대전광역시 유성구 봉산동 273-11,36.4355672,127.3885365,2020,한전주,042-611-2506,대전광역시 유성구청,2025-07-16
봉산동014,1,대전광역시 유성구 봉산로16번길 7-3,대전광역시 유성구 봉산동 233-4,36.43532191,127.3878136,2020,한전주,042-611-2506,대전광역시 유성구청,2025-07-16
봉산동015,1,대전광역시 유성구 봉산로16번길 9,대전광역시 유성구 봉산동 226-7,36.43543962,127.388003,2020,한전주,042-611-2506,대전광역시 유성구청,2025-07-16
봉산동016,1,대전광역시 유성구 봉산로22번길 4,대전광역시 유성구 봉산동 233-1,36.4356857,127.387454,2020,한전주,042-611-2506,대전광역시 유성구청,2025-07-16
봉산동017,1,대전광역시 유성구 봉산로22번길 7,대전광역시 유성구 봉산동 208-7,36.43589609,127.3874637,2020,한전주,042-611-2506,대전광역시 유성구청,2025-07-16
봉산동018,1,대전광역시 유성구 봉산로22번길 15,대전광역시 유성구 봉산동 208-5,36.43607657,127.3877215,2020,한전주,042-611-2506,대전광역시 유성구청,2025-07-16
봉산동019,1,대전광역시 유성구 봉산로22번길 25,대전광역시 유성구 봉산동 208-2,36.43635654,127.3881158,2020,한전주,042-611-2506,대전광역시 유성구청,2025-07-16
봉산동020,1,대전광역시 유성구 봉산로22번길 27,대전광역시 유성구 봉산동 208-1,36.43646374,127.3882677,2020,한전주,042-611-2506,대전광역시 유성구청,2025-07-16
봉산동021,1,대전광역시 유성구 봉산로20번길 17,대전광역시 유성구 봉산동 217-2,36.43611371,127.3883841,2020,한전주,042-611-2506,대전광역시 유성구청,2025-07-16
봉산동022,1,대전광역시 유성구 봉산로20번길 7,대전광역시 유성구 봉산동 216,36.43583914,127.3879925,2020,한전주,042-611-2506,대전광역시 유성구청,2025-07-16
봉산동023,1,대전광역시 유성구 봉산로16번길 31,대전광역시 유성구 봉산동 222-8,36.43611875,127.3889949,2020,한전주,042-611-2506,대전광역시 유성구청,2025-07-16
봉산동024,1,대전광역시 유성구 봉산로16번길 28,대전광역시 유성구 봉산동 273-14,36.43584799,127.3889546,2020,한전주,042-611-2506,대전광역시 유성구청,2025-07-16
봉산동025,1,대전광역시 유성구 봉산로16번길 41,대전광역시 유성구 봉산동 222-5,36.43639313,127.3893874,2020,한전주,042-611-2506,대전광역시 유성구청,2025-07-16
봉산동026,1,대전광역시 유성구 대덕대로 1227,대전광역시 유성구 봉산동 839,36.43639666,127.3902394,2020,한전주,042-611-2506,대전광역시 유성구청,2025-07-16
봉산동027,1,대전광역시 유성구 대덕대로 1227,대전광역시 유성구 봉산동 839,36.43639666,127.3902394,2020,한전주,042-611-2506,대전광역시 유성구청,2025-07-16
봉산동028,1,대전광역시 유성구 봉산로20번길 48,대전광역시 유성구 봉산동 222-16,36.43682901,127.3897793,2020,한전주,042-611-2506,대전광역시 유성구청,2025-07-16
봉산동029,1,대전광역시 유성구 봉산로20번길 47,대전광역시 유성구 봉산동 218-1,36.43695724,127.389586,2020,한전주,042-611-2506,대전광역시 유성구청,2025-07-16
봉산동030,1,대전광역시 유성구 봉산로20번길 38,대전광역시 유성구 봉산동 222-13,36.4365579,127.389398,2020,한전주,042-611-2506,대전광역시 유성구청,2025-07-16
봉산동031,1,대전광역시 유성구 봉산로20번길 33,대전광역시 유성구 봉산동 218-5,36.43655321,127.3890184,2020,한전주,042-611-2506,대전광역시 유성구청,2025-07-16
봉산동032,1,대전광역시 유성구 봉산로20번길 27,대전광역시 유성구 봉산동 218-7,36.43636013,127.3887317,2020,한전주,042-611-2506,대전광역시 유성구청,2025-07-16
봉산동033,1,대전광역시 유성구 봉산로22번길 36,대전광역시 유성구 봉산동 218-9,36.43654854,127.3887656,2020,한전주,042-611-2506,대전광역시 유성구청,2025-07-16
봉산동034,1,대전광역시 유성구 봉산로22번길 41,대전광역시 유성구 봉산동 206-4,36.4368638,127.3888078,2020,한전주,042-611-2506,대전광역시 유성구청,2025-07-16
봉산동035,1,대전광역시 유성구 봉산로22번길 45,대전광역시 유성구 봉산동 206-3,36.43695853,127.3889997,2020,한전주,042-611-2506,대전광역시 유성구청,2025-07-16
봉산동036,1,대전광역시 유성구 봉산로22번길 51,대전광역시 유성구 봉산동 206-1,36.43714853,127.3892626,2020,한전주,042-611-2506,대전광역시 유성구청,2025-07-16
봉산동037,1,대전광역시 유성구 구즉로 107,대전광역시 유성구 봉산동 205-1,36.43740306,127.3888094,2020,한전주,042-611-2506,대전광역시 유성구청,2025-07-16
봉산동038,1,대전광역시 유성구 봉산로32번길 38,대전광역시 유성구 봉산동 205-14,36.43749794,127.3886472,2020,한전주,042-611-2506,대전광역시 유성구청,2025-07-16
봉산동039,1,대전광역시 유성구 봉산로32번길 32,대전광역시 유성구 봉산동 205-12,36.43733165,127.3884604,2020,한전주,042-611-2506,대전광역시 유성구청,2025-07-16
봉산동040,1,대전광역시 유성구 봉산로32번길 22,대전광역시 유성구 봉산동 205-8,36.43701672,127.3880076,2020,한전주,042-611-2506,대전광역시 유성구청,2025-07-16
봉산동041,1,대전광역시 유성구 봉산로32번길 10,대전광역시 유성구 봉산동 204-11,36.43666376,127.3874739,2020,한전주,042-611-2506,대전광역시 유성구청,2025-07-16
봉산동042,1,대전광역시 유성구 봉산로32번길 2,대전광역시 유성구 봉산동 204-8,36.43642675,127.3871416,2020,한전주,042-611-2506,대전광역시 유성구청,2025-07-16
봉산동043,1,대전광역시 유성구 봉산로36번길 1,대전광역시 유성구 봉산동 199-5,36.43696133,127.3868889,2020,한전주,042-611-2506,대전광역시 유성구청,2025-07-16
봉산동044,1,대전광역시 유성구 봉산로36번길 11,대전광역시 유성구 봉산동 199-2,36.43721142,127.3872454,2020,한전주,042-611-2506,대전광역시 유성구청,2025-07-16
봉산동045,1,대전광역시 유성구 봉산로36번길 15,대전광역시 유성구 봉산동 199-1,36.43729464,127.3873715,2020,한전주,042-611-2506,대전광역시 유성구청,2025-07-16
봉산동046,1,대전광역시 유성구 봉산로36번길 16,대전광역시 유성구 봉산동 203-12,36.43714193,127.3875518,2020,한전주,042-611-2506,대전광역시 유성구청,2025-07-16
봉산동047,1,대전광역시 유성구 봉산로36번길 27,대전광역시 유성구 봉산동 201-3,36.43767687,127.3878815,2020,한전주,042-611-2506,대전광역시 유성구청,2025-07-16
봉산동048,1,대전광역시 유성구 봉산로36번길 33,대전광역시 유성구 봉산동 201-1,36.43782885,127.3881202,2020,한전주,042-611-2506,대전광역시 유성구청,2025-07-16
봉산동049,1,대전광역시 유성구 와룡로136번길 116-12,대전광역시 유성구 봉산동 178-4,36.43823348,127.3877899,2020,건축물,042-611-2506,대전광역시 유성구청,2025-07-16
봉산동050,1,대전광역시 유성구 와룡로136번길 116-6,대전광역시 유성구 봉산동 178-2,36.4385035,127.387580,2020,한전주,042-611-2506,대전광역시 유성구청,2025-07-16
봉산동051,1,대전광역시 유성구 봉산로40번길 38,대전광역시 유성구 봉산동 201-12,36.43794636,127.3880087,2020,한전주,042-611-2506,대전광역시 유성구청,2025-07-16
봉산동052,1,대전광역시 유성구 봉산로40번길 34,대전광역시 유성구 봉산동 201-10,36.43778036,127.3877885,2020,한전주,042-611-2506,대전광역시 유성구청,2025-07-16
봉산동053,1,대전광역시 유성구 봉산로40번길 31,대전광역시 유성구 봉산동 186,36.43786453,127.387595,2020,한전주,042-611-2506,대전광역시 유성구청,2025-07-16
봉산동054,1,대전광역시 유성구 봉산로40번길 19,대전광역시 유성구 봉산동 196-1,36.43760669,127.3871274,2020,한전주,042-611-2506,대전광역시 유성구청,2025-07-16
봉산동055,1,대전광역시 유성구 봉산로40번길 19,대전광역시 유성구 봉산동 196-1,36.43760669,127.3871274,2020,한전주,042-611-2506,대전광역시 유성구청,2025-07-16
봉산동056,1,대전광역시 유성구 봉산로40번길 14,대전광역시 유성구 봉산동 199-8,36.43725132,127.3870277,2020,한전주,042-611-2506,대전광역시 유성구청,2025-07-16
봉산동057,1,대전광역시 유성구 봉산로40번길 8,대전광역시 유성구 봉산동 199-6,36.437096,127.386823,2020,한전주,042-611-2506,대전광역시 유성구청,2025-07-16
봉산동058,1,대전광역시 유성구 봉산로46번길 2,대전광역시 유성구 봉산동 196-6,36.43742934,127.3866254,2020,한전주,042-611-2506,대전광역시 유성구청,2025-07-16
봉산동059,1,대전광역시 유성구 봉산로46번길 6,대전광역시 유성구 봉산동 196-7,36.43752148,127.3867528,2020,한전주,042-611-2506,대전광역시 유성구청,2025-07-16
봉산동060,1,대전광역시 유성구 봉산로46번길 9,대전광역시 유성구 봉산동 181-6,36.43778557,127.3867663,2020,한전주,042-611-2506,대전광역시 유성구청,2025-07-16
봉산동061,1,대전광역시 유성구 봉산로46번길 21,대전광역시 유성구 봉산동 181-2,36.43812443,127.3872311,2020,한전주,042-611-2506,대전광역시 유성구청,2025-07-16
봉산동062,1,대전광역시 유성구 봉산로46번길 23,대전광역시 유성구 봉산동 181-1,36.43819701,127.3873581,2020,한전주,042-611-2506,대전광역시 유성구청,2025-07-16
봉산동063,1,대전광역시 유성구 봉산로48번길 22,대전광역시 유성구 봉산동 181-16,36.43830731,127.3872495,2020,한전주,042-611-2506,대전광역시 유성구청,2025-07-16
봉산동064,1,대전광역시 유성구 봉산로48번길 18,대전광역시 유성구 봉산동 181-15,36.43822543,127.3871252,2020,한전주,042-611-2506,대전광역시 유성구청,2025-07-16
봉산동065,1,대전광역시 유성구 봉산로48번길 8,대전광역시 유성구 봉산동 181-11,36.43791032,127.3866736,2020,한전주,042-611-2506,대전광역시 유성구청,2025-07-16
봉산동066,1,대전광역시 유성구 봉산로48번길 6,대전광역시 유성구 봉산동 181-10,36.43783139,127.3865579,2020,한전주,042-611-2506,대전광역시 유성구청,2025-07-16
봉산동067,1,대전광역시 유성구 봉산로48번길 1,대전광역시 유성구 봉산동 179-14,36.43791876,127.3862929,2020,건축물,042-611-2506,대전광역시 유성구청,2025-07-16
봉산동068,1,대전광역시 유성구 구룡달전로 22,대전광역시 유성구 봉산동 294,36.44061628,127.3835311,2020,한전주,042-611-2506,대전광역시 유성구청,2025-07-16
봉산동073,1,대전광역시 유성구 와룡로174번길 24-6,대전광역시 유성구 봉산동 797-14,36.44090416,127.3840775,2020,한전주,042-611-2506,대전광역시 유성구청,2025-07-16
봉산동074,1,대전광역시 유성구 와룡로136번길 15,대전광역시 유성구 봉산동 295,36.43826121,127.3824559,2020,건축물,042-611-2506,대전광역시 유성구청,2025-07-16
봉산동075,1,대전광역시 유성구 구룡달전로 56,대전광역시 유성구 봉산동 946-9,36.43965108,127.3801947,2020,한전주,042-611-2506,대전광역시 유성구청,2025-07-16
봉산동076,1,대전광역시 유성구 구룡달전로 56,대전광역시 유성구 봉산동 946-9,36.43965108,127.3801947,2020,한전주,042-611-2506,대전광역시 유성구청,2025-07-16
봉산동077,1,대전광역시 유성구 구룡달전로 62,대전광역시 유성구 봉산동 946-1,36.43963596,127.3794819,2020,한전주,042-611-2506,대전광역시 유성구청,2025-07-16
봉산동078,1,,대전광역시 유성구 봉산동 973-48,36.43913573,127.378961,2020,한전주,042-611-2506,대전광역시 유성구청,2025-07-16
봉산동079,1,,대전광역시 유성구 봉산동 950-3,36.4386531,127.377776,2020,한전주,042-611-2506,대전광역시 유성구청,2025-07-16
봉산동080,1,,대전광역시 유성구 봉산동 950-3,36.4386531,127.3777347,2020,한전주,042-611-2506,대전광역시 유성구청,2025-07-16
봉산동081,1,,대전광역시 유성구 봉산동 950-3,36.4386531,127.3777347,2020,한전주,042-611-2506,대전광역시 유성구청,2025-07-16
봉산동082,1,대전광역시 유성구 구룡달전로 77,대전광역시 유성구 봉산동 953,36.4389277,127.3777595,2020,한전주,042-611-2506,대전광역시 유성구청,2025-07-16
봉산동083,1,,대전광역시 유성구 봉산동 950-3,36.4386531,127.3777347,2020,한전주,042-611-2506,대전광역시 유성구청,2025-07-16
봉산동084,1,대전광역시 유성구 구룡달전로 137,대전광역시 유성구 봉산동 969-8,36.44309431,127.373463,2020,한전주,042-611-2506,대전광역시 유성구청,2025-07-16
봉산동085,1,대전광역시 유성구 구룡달전로 137,대전광역시 유성구 봉산동 969-8,36.44309431,127.373463,2020,한전주,042-611-2506,대전광역시 유성구청,2025-07-16
봉산동086,1,대전광역시 유성구 구룡달전로 137,대전광역시 유성구 봉산동 969-8,36.44309431,127.373463,2020,한전주,042-611-2506,대전광역시 유성구청,2025-07-16
봉산동087,1,대전광역시 유성구 구룡달전로 137,대전광역시 유성구 봉산동 969-8,36.44309431,127.373463,2020,한전주,042-611-2506,대전광역시 유성구청,2025-07-16
봉산동088,1,대전광역시 유성구 구룡달전로 137,대전광역시 유성구 봉산동 969-8,36.44309431,127.373463,2020,한전주,042-611-2506,대전광역시 유성구청,2025-07-16
봉산동089,1,대전광역시 유성구 구룡달전로 137,대전광역시 유성구 봉산동 969-8,36.44309431,127.373463,2020,한전주,042-611-2506,대전광역시 유성구청,2025-07-16
봉산동090,1,대전광역시 유성구 구룡달전로 137,대전광역시 유성구 봉산동 969-8,36.44309431,127.373463,2020,한전주,042-611-2506,대전광역시 유성구청,2025-07-16
봉산동091,1,대전광역시 유성구 와룡로136번길 23,대전광역시 유성구 봉산동 1020-2,36.43811061,127.3826308,2020,한전주,042-611-2506,대전광역시 유성구청,2025-07-16
봉산동094,1,대전광역시 유성구 금남구즉로 1398-6,대전광역시 유성구 봉산동 723,36.44454263,127.3831402,2020,한전주,042-611-2506,대전광역시 유성구청,2025-07-16
봉산동095,1,대전광역시 유성구 금남구즉로 1389-9,대전광역시 유성구 봉산동 717-1,36.44501597,127.3844982,2020,한전주,042-611-2506,대전광역시 유성구청,2025-07-16
봉산동096,1,,대전광역시 유성구 봉산동 758-2,36.44422294,127.3850169,2020,한전주,042-611-2506,대전광역시 유성구청,2025-07-16
봉산동097,1,대전광역시 유성구 금남구즉로 1390,대전광역시 유성구 봉산동 616,36.44535402,127.3836226,2020,한전주,042-611-2506,대전광역시 유성구청,2025-07-16
봉산동098,1,대전광역시 유성구 봉산북로3번길 15,대전광역시 유성구 봉산동 728-4,36.44508588,127.3831033,2020,한전주,042-611-2506,대전광역시 유성구청,2025-07-16
봉산동099,1,대전광역시 유성구 봉산북로3번길 22,대전광역시 유성구 봉산동 613-2,36.44518304,127.3826766,2020,한전주,042-611-2506,대전광역시 유성구청,2025-07-16
봉산동100,1,대전광역시 유성구 봉산북로3번길 20-4,대전광역시 유성구 봉산동 613-1,36.44533131,127.3826949,2020,한전주,042-611-2506,대전광역시 유성구청,2025-07-16
봉산동101,1,대전광역시 유성구 봉산북로3번길 31,대전광역시 유성구 봉산동 732,36.44496053,127.3820617,2020,한전주,042-611-2506,대전광역시 유성구청,2025-07-16
봉산동102,1,대전광역시 유성구 봉산북로3번길 31,대전광역시 유성구 봉산동 732,36.4449211,127.3820617,2020,한전주,042-611-2506,대전광역시 유성구청,2025-07-16
봉산동103,1,대전광역시 유성구 봉산북로3번길 34,대전광역시 유성구 봉산동 611,36.4452508,127.3821535,2020,한전주,042-611-2506,대전광역시 유성구청,2025-07-16
봉산동104,1,대전광역시 유성구 봉산북로3번길 42,대전광역시 유성구 봉산동 607-1,36.44521669,127.3816527,2020,건축물,042-611-2506,대전광역시 유성구청,2025-07-16
봉산동105,1,대전광역시 유성구 봉산북로3번길 39,대전광역시 유성구 봉산동 734,36.44491746,127.3816675,2020,한전주,042-611-2506,대전광역시 유성구청,2025-07-16
봉산동106,1,대전광역시 유성구 봉산북로3번길 54,대전광역시 유성구 봉산동 606,36.4452758,127.3810069,2020,한전주,042-611-2506,대전광역시 유성구청,2025-07-16
봉산동107,1,대전광역시 유성구 봉산북로 15,대전광역시 유성구 봉산동 667,36.44637369,127.3828055,2020,한전주,042-611-2506,대전광역시 유성구청,2025-07-16
봉산동108,1,대전광역시 유성구 봉산북로11번길 21,대전광역시 유성구 봉산동 623,36.44619762,127.3820143,2020,한전주,042-611-2506,대전광역시 유성구청,2025-07-16
봉산동109,1,대전광역시 유성구 봉산북로11번길 36,대전광역시 유성구 봉산동 663,36.44694709,127.3818539,2020,한전주,042-611-2506,대전광역시 유성구청,2025-07-16
봉산동110,1,대전광역시 유성구 봉산북로11번길 37-2,대전광역시 유성구 봉산동 973-87,36.44696288,127.3814234,2020,한전주,042-611-2506,대전광역시 유성구청,2025-07-16
봉산동111,1,대전광역시 유성구 봉산북로11번길 37-2,대전광역시 유성구 봉산동 973-87,36.44696288,127.3814234,2020,한전주,042-611-2506,대전광역시 유성구청,2025-07-16
봉산동112,1,대전광역시 유성구 봉산북로11번길 48,대전광역시 유성구 봉산동 660-3,36.447227,127.381623,2020,한전주,042-611-2506,대전광역시 유성구청,2025-07-16
봉산동113,1,대전광역시 유성구 봉산북로25번길 42,대전광역시 유성구 봉산동 645,36.4474982,127.3810713,2020,한전주,042-611-2506,대전광역시 유성구청,2025-07-16
봉산동114,1,대전광역시 유성구 봉산북로25번길 53,대전광역시 유성구 봉산동 640,36.44717493,127.380404,2020,한전주,042-611-2506,대전광역시 유성구청,2025-07-16
봉산동115,1,대전광역시 유성구 봉산북로11번길 37-2,대전광역시 유성구 봉산동 973-87,36.44696288,127.3814234,2020,한전주,042-611-2506,대전광역시 유성구청,2025-07-16
봉산동116,1,대전광역시 유성구 봉산북로11번길 68,대전광역시 유성구 봉산동 648-2,36.44812166,127.3810925,2020,한전주,042-611-2506,대전광역시 유성구청,2025-07-16
봉산동117,1,대전광역시 유성구 봉산북로11번길 68,대전광역시 유성구 봉산동 648-2,36.44812166,127.3810925,2020,한전주,042-611-2506,대전광역시 유성구청,2025-07-16
봉산동118,1,,대전광역시 유성구 봉산동 670-2,36.44725282,127.3831007,2020,한전주,042-611-2506,대전광역시 유성구청,2025-07-16
봉산동119,1,대전광역시 유성구 봉산북로 15,대전광역시 유성구 봉산동 667,36.44637369,127.3828055,2020,한전주,042-611-2506,대전광역시 유성구청,2025-07-16
봉산동120,1,,대전광역시 유성구 봉산동 665-1,36.44677236,127.3825579,2020,한전주,042-611-2506,대전광역시 유성구청,2025-07-16
봉산동121,1,대전광역시 유성구 봉산북로 23,대전광역시 유성구 봉산동 668-1,36.44727542,127.3828545,2020,한전주,042-611-2506,대전광역시 유성구청,2025-07-16
봉산동122,1,대전광역시 유성구 봉산북로 19-6,대전광역시 유성구 봉산동 661-7,36.44721611,127.3825218,2020,한전주,042-611-2506,대전광역시 유성구청,2025-07-16
봉산동123,1,대전광역시 유성구 봉산북로25번길 21,대전광역시 유성구 봉산동 661-1,36.44726899,127.3821619,2020,한전주,042-611-2506,대전광역시 유성구청,2025-07-16
봉산동124,1,대전광역시 유성구 봉산북로11번길 68,대전광역시 유성구 봉산동 648-2,36.44812166,127.3810925,2020,한전주,042-611-2506,대전광역시 유성구청,2025-07-16
봉산동125,1,대전광역시 유성구 봉산북로31번길 59,대전광역시 유성구 봉산동 649-1,36.44847303,127.3806663,2020,한전주,042-611-2506,대전광역시 유성구청,2025-07-16
봉산동126,1,대전광역시 유성구 봉산북로31번길 59,대전광역시 유성구 봉산동 649-1,36.44847303,127.3806663,2020,한전주,042-611-2506,대전광역시 유성구청,2025-07-16
봉산동127,1,대전광역시 유성구 봉산북로31번길 72,대전광역시 유성구 봉산동 650,36.44867719,127.3800837,2020,한전주,042-611-2506,대전광역시 유성구청,2025-07-16
봉산동128,1,,대전광역시 유성구 봉산동 656-4,36.4487049,127.3814571,2020,한전주,042-611-2506,대전광역시 유성구청,2025-07-16
봉산동129,1,대전광역시 유성구 봉산북로31번길 72,대전광역시 유성구 봉산동 650,36.44867719,127.3800837,2020,한전주,042-611-2506,대전광역시 유성구청,2025-07-16
봉산동130,1,대전광역시 유성구 봉산북로31번길 84,대전광역시 유성구 봉산동 582,36.44880755,127.3796164,2020,한전주,042-611-2506,대전광역시 유성구청,2025-07-16
봉산동131,1,대전광역시 유성구 봉산북로31번길 46,대전광역시 유성구 봉산동 674-1,36.44873931,127.3814599,2020,한전주,042-611-2506,대전광역시 유성구청,2025-07-16
봉산동132,1,대전광역시 유성구 봉산북로11번길 66,대전광역시 유성구 봉산동 648-3,36.44823177,127.3813764,2020,건축물,042-611-2506,대전광역시 유성구청,2025-07-16
봉산동133,1,대전광역시 유성구 봉산북로11번길 66,대전광역시 유성구 봉산동 648-3,36.44823177,127.3813764,2020,한전주,042-611-2506,대전광역시 유성구청,2025-07-16
봉산동134,1,대전광역시 유성구 봉산북로31번길 16,대전광역시 유성구 봉산동 674-5,36.44800618,127.382879,2020,건축물,042-611-2506,대전광역시 유성구청,2025-07-16
봉산동135,1,대전광역시 유성구 봉산북로31번길 8,대전광역시 유성구 봉산동 679-2,36.44785282,127.3833799,2020,한전주,042-611-2506,대전광역시 유성구청,2025-07-16
봉산동136,1,대전광역시 유성구 봉산북로31번길 24,대전광역시 유성구 봉산동 674-3,36.44813742,127.3827298,2020,한전주,042-611-2506,대전광역시 유성구청,2025-07-16
봉산동137,1,대전광역시 유성구 봉산북로31번길 14-20,대전광역시 유성구 봉산동 677,36.44864009,127.3826449,2020,한전주,042-611-2506,대전광역시 유성구청,2025-07-16
봉산동138,1,대전광역시 유성구 봉산북로31번길 14-42,대전광역시 유성구 봉산동 549-1,36.44913919,127.3818704,2020,한전주,042-611-2506,대전광역시 유성구청,2025-07-16
봉산동139,1,대전광역시 유성구 봉산북로31번길 14-43,대전광역시 유성구 봉산동 550,36.4492298,127.3816891,2020,한전주,042-611-2506,대전광역시 유성구청,2025-07-16
봉산동140,1,,대전광역시 유성구 봉산동 555,36.4496593,127.381701,2020,한전주,042-611-2506,대전광역시 유성구청,2025-07-16
봉산동141,1,대전광역시 유성구 봉산북로31번길 14-64,대전광역시 유성구 봉산동 557,36.44995108,127.3817478,2020,한전주,042-611-2506,대전광역시 유성구청,2025-07-16
봉산동142,1,대전광역시 유성구 봉산북로31번길 8,대전광역시 유성구 봉산동 679-2,36.44785282,127.3833799,2020,한전주,042-611-2506,대전광역시 유성구청,2025-07-16
봉산동149,1,대전광역시 유성구 봉산로16번길 7-9,대전광역시 유성구 봉산동 233-2,36.43555204,127.3875713,2020,건축물,042-611-2506,대전광역시 유성구청,2025-07-16
봉산동150,1,대전광역시 유성구 봉산로8번길 11,대전광역시 유성구 봉산동 274-4,36.43522785,127.3888876,2020,한전주,042-611-2506,대전광역시 유성구청,2025-07-16
봉산동151,1,대전광역시 유성구 와룡로 165,대전광역시 유성구 봉산동 782-1,36.4408983911,127.381132,2020,한전주,042-611-2506,대전광역시 유성구청,2025-07-16
봉산동152,1,대전광역시 유성구 와룡로 165,대전광역시 유성구 봉산동 782-1,36.4408983911,127.381132,2020,한전주,042-611-2506,대전광역시 유성구청,2025-07-16
봉산동153,1,대전광역시 유성구 봉산북로25번길 44,대전광역시 유성구 봉산동 644-4,36.44768004,127.3809228644,2020,한전주,042-611-2506,대전광역시 유성구청,2025-07-16
봉산동154,1,대전광역시 유성구 봉산로36번길 34,대전광역시 유성구 봉산동 202-12,36.43767853,127.3883144,2020,한전주,042-611-2506,대전광역시 유성구청,2025-07-16
봉산동155,1,대전광역시 유성구 금남구즉로 1359-15,대전광역시 유성구 봉산동 688-2,36.44821413,127.3860801,2020,한전주,042-611-2506,대전광역시 유성구청,2025-07-16
봉산동155,1,대전광역시 유성구 봉산로40번길 26,대전광역시 유성구 봉산동 201-8,36.43761611,127.3875557,2020,한전주,042-611-2506,대전광역시 유성구청,2025-07-16
봉산동156,1,대전광역시 유성구 금남구즉로 1359-15,대전광역시 유성구 봉산동 688-2,36.44821413,127.3860801,2020,한전주,042-611-2506,대전광역시 유성구청,2025-07-16
봉산동157,1,대전광역시 유성구 봉산로20번길 19,대전광역시 유성구 봉산동 217-1,36.43620725,127.3885212,2020,한전주,042-611-2506,대전광역시 유성구청,2025-07-16
봉산동158,1,대전광역시 유성구 구즉로 96,대전광역시 유성구 봉산동 208-18,36.43653677,127.3881732,2020,한전주,042-611-2506,대전광역시 유성구청,2025-07-16
봉산동159,1,대전광역시 유성구 봉산로16번길 21,대전광역시 유성구 봉산동 226-3,36.43579372,127.3885167,2020,건축물,042-611-2506,대전광역시 유성구청,2025-07-16
봉산동160,1,대전광역시 유성구 봉산북로3번길 31,대전광역시 유성구 봉산동 732,36.44496053,127.3820617,2020,한전주,042-611-2506,대전광역시 유성구청,2025-07-16
봉산동161,1,대전광역시 유성구 봉산북로11번길 108,대전광역시 유성구 봉산동 566,36.44914994,127.3798307,2020,전용주,042-611-2506,대전광역시 유성구청,2025-07-16
봉산동162,1,대전광역시 유성구 봉산로40번길 8-12,대전광역시 유성구 봉산동 198-4,36.43662036,127.3867955,2020,한전주,042-611-2506,대전광역시 유성구청,2025-07-16
상대동001,1,대전광역시 유성구 월드컵대로 310,대전광역시 유성구 상대동 439-1,36.34822912,127.3345261,2020,한전주,042-611-2506,대전광역시 유성구청,2025-07-16
상대동002,1,대전광역시 유성구 월드컵대로 310,대전광역시 유성구 상대동 439-1,36.34822912,127.3345261,2020,한전주,042-611-2506,대전광역시 유성구청,2025-07-16
상대동003,1,대전광역시 유성구 월드컵대로 298,대전광역시 유성구 상대동 440-1,36.34824292,127.333136,2020,건축물,042-611-2506,대전광역시 유성구청,2025-07-16
상대동004,1,대전광역시 유성구 월드컵대로300번길 7-12,대전광역시 유성구 상대동 441-16,36.34785377,127.3338533,2020,한전주,042-611-2506,대전광역시 유성구청,2025-07-16
상대동005,1,대전광역시 유성구 월드컵대로 302,대전광역시 유성구 상대동 441-2,36.34815887,127.3336084,2020,한전주,042-611-2506,대전광역시 유성구청,2025-07-16
상대동006,1,대전광역시 유성구 월드컵대로300번길 22,대전광역시 유성구 상대동 438-1,36.34749969,127.333536,2020,한전주,042-611-2506,대전광역시 유성구청,2025-07-16
상대동007,1,대전광역시 유성구 월드컵대로300번길 18,대전광역시 유성구 상대동 438-22,36.3475801,127.333299,2020,한전주,042-611-2506,대전광역시 유성구청,2025-07-16
상대동008,1,대전광역시 유성구 월드컵대로300번길 16-10,대전광역시 유성구 상대동 440-4,36.34794907,127.332836,2020,한전주,042-611-2506,대전광역시 유성구청,2025-07-16
상대동009,1,대전광역시 유성구 월드컵대로300번길 16-10,대전광역시 유성구 상대동 440-4,36.34794907,127.332836,2020,한전주,042-611-2506,대전광역시 유성구청,2025-07-16
상대동010,1,대전광역시 유성구 월드컵대로290번길 1,대전광역시 유성구 상대동 440-8,36.34821717,127.3323843,2020,한전주,042-611-2506,대전광역시 유성구청,2025-07-16
상대동011,1,대전광역시 유성구 월드컵대로290번길 3,대전광역시 유성구 상대동 440-11,36.34805561,127.3323125,2020,한전주,042-611-2506,대전광역시 유성구청,2025-07-16
상대동012,1,대전광역시 유성구 월드컵대로308번길 32,대전광역시 유성구 상대동 438-3,36.34724609,127.333763,2020,건축물,042-611-2506,대전광역시 유성구청,2025-07-16
상대동013,1,대전광역시 유성구 월드컵대로308번길 40,대전광역시 유성구 상대동 438-7,36.34722202,127.3334751,2020,한전주,042-611-2506,대전광역시 유성구청,2025-07-16
상대동014,1,대전광역시 유성구 월드컵대로308번길 48,대전광역시 유성구 상대동 438-11,36.34735318,127.333073,2020,한전주,042-611-2506,대전광역시 유성구청,2025-07-16
상대동015,1,대전광역시 유성구 월드컵대로308번길 50,대전광역시 유성구 상대동 438-15,36.34738748,127.3329253,2020,한전주,042-611-2506,대전광역시 유성구청,2025-07-16
상대동016,1,대전광역시 유성구 월드컵대로290번길 25,대전광역시 유성구 상대동 438-16,36.34764806,127.3325496,2020,건축물,042-611-2506,대전광역시 유성구청,2025-07-16
상대동017,1,,대전광역시 유성구 상대동 459-3,36.34576334,127.3298772,2020,한전주,042-611-2506,대전광역시 유성구청,2025-07-16
상대동018,1,,대전광역시 유성구 상대동 459-3,36.34576334,127.3298772,2020,한전주,042-611-2506,대전광역시 유성구청,2025-07-16
상대동019,1,,대전광역시 유성구 상대동 459-3,36.34576334,127.3298772,2020,한전주,042-611-2506,대전광역시 유성구청,2025-07-16
상대동020,1,,대전광역시 유성구 상대동 459-3,36.34576334,127.3298772,2020,한전주,042-611-2506,대전광역시 유성구청,2025-07-16
상대동022,1,대전광역시 유성구 복용동로 159-24,대전광역시 유성구 상대동 376-5,36.33991169,127.332076,2020,한전주,042-611-2506,대전광역시 유성구청,2025-07-16
상대동023,1,대전광역시 유성구 복용동로 159-32,대전광역시 유성구 상대동 377-2,36.34027665,127.3316625,2020,한전주,042-611-2506,대전광역시 유성구청,2025-07-16
상대동024,1,,대전광역시 유성구 상대동 435,36.33920103,127.332117,2020,한전주,042-611-2506,대전광역시 유성구청,2025-07-16
성북동001,1,대전광역시 유성구 성북로 138-12,대전광역시 유성구 성북동 74-10,36.29331332,127.3008123,2020,한전주,042-611-2506,대전광역시 유성구청,2025-07-16
성북동002,1,대전광역시 유성구 성북로 138-21,대전광역시 유성구 성북동 74-1,36.29367322,127.3005043,2020,한전주,042-611-2506,대전광역시 유성구청,2025-07-16
성북동003,1,대전광역시 유성구 성북로 154,대전광역시 유성구 성북동 731-6,36.2937847,127.2998938,2020,한전주,042-611-2506,대전광역시 유성구청,2025-07-16
성북동004,1,대전광역시 유성구 성북로 154,대전광역시 유성구 성북동 731-6,36.2937847,127.2998938,2020,한전주,042-611-2506,대전광역시 유성구청,2025-07-16
성북동005,1,,대전광역시 유성구 성북동 39-1,36.29455449,127.2996981,2020,한전주,042-611-2506,대전광역시 유성구청,2025-07-16
성북동006,1,,대전광역시 유성구 성북동 39-1,36.29455449,127.2996981,2020,한전주,042-611-2506,대전광역시 유성구청,2025-07-16
성북동007,1,,대전광역시 유성구 성북동 47-2,36.2950834,127.3001031,2020,한전주,042-611-2506,대전광역시 유성구청,2025-07-16
성북동008,1,대전광역시 유성구 성북로154번길 28-23,대전광역시 유성구 성북동 43-1,36.29506901,127.301171,2020,한전주,042-611-2506,대전광역시 유성구청,2025-07-16
성북동009,1,대전광역시 유성구 성북로154번길 28-23,대전광역시 유성구 성북동 43-1,36.29506901,127.301171,2020,한전주,042-611-2506,대전광역시 유성구청,2025-07-16
성북동010,1,대전광역시 유성구 성북로154번길 28-25,대전광역시 유성구 성북동 20-2,36.29526852,127.3013885,2020,한전주,042-611-2506,대전광역시 유성구청,2025-07-16
성북동011,1,대전광역시 유성구 성북로154번길 28-49,대전광역시 유성구 성북동 18-1,36.29560925,127.3023593,2020,한전주,042-611-2506,대전광역시 유성구청,2025-07-16
성북동012,1,,대전광역시 유성구 성북동 45-17,36.2958695,127.3001756,2020,한전주,042-611-2506,대전광역시 유성구청,2025-07-16
성북동013,1,대전광역시 유성구 성북로154번길 48,대전광역시 유성구 성북동 45-8,36.29591147,127.3000109,2020,한전주,042-611-2506,대전광역시 유성구청,2025-07-16
성북동014,1,,대전광역시 유성구 성북동 45-18,36.29618212,127.300065,2020,한전주,042-611-2506,대전광역시 유성구청,2025-07-16
성북동015,1,,대전광역시 유성구 성북동 39-1,36.29455449,127.2996981,2020,한전주,042-611-2506,대전광역시 유성구청,2025-07-16
성북동016,1,대전광역시 유성구 성북로161번길 58,대전광역시 유성구 성북동 78,36.29390065,127.297088,2020,한전주,042-611-2506,대전광역시 유성구청,2025-07-16
성북동017,1,대전광역시 유성구 성북로161번길 46-5,대전광역시 유성구 성북동 81-1,36.29418721,127.2966627,2020,한전주,042-611-2506,대전광역시 유성구청,2025-07-16
성북동018,1,대전광역시 유성구 성북로161번길 46-6,대전광역시 유성구 성북동 746-1,36.29441799,127.2966316,2020,한전주,042-611-2506,대전광역시 유성구청,2025-07-16
성북동019,1,대전광역시 유성구 성북로161번길 46-5,대전광역시 유성구 성북동 81-1,36.29418721,127.2966627,2020,한전주,042-611-2506,대전광역시 유성구청,2025-07-16
성북동020,1,대전광역시 유성구 성북로161번길 58,대전광역시 유성구 성북동 78,36.29390065,127.297088,2020,한전주,042-611-2506,대전광역시 유성구청,2025-07-16
성북동021,1,대전광역시 유성구 성북로161번길 56-5,대전광역시 유성구 성북동 79-4,36.29390558,127.2968822,2020,한전주,042-611-2506,대전광역시 유성구청,2025-07-16
성북동022,1,대전광역시 유성구 성북로161번길 56-30,대전광역시 유성구 성북동 80,36.29373048,127.296083,2020,한전주,042-611-2506,대전광역시 유성구청,2025-07-16
성북동023,1,대전광역시 유성구 성북로161번길 56-29,대전광역시 유성구 성북동 81-11,36.29369011,127.2958257,2020,한전주,042-611-2506,대전광역시 유성구청,2025-07-16
성북동024,1,대전광역시 유성구 성북로161번길 66,대전광역시 유성구 성북동 79,36.2934915,127.2970943,2020,한전주,042-611-2506,대전광역시 유성구청,2025-07-16
성북동025,1,대전광역시 유성구 성북로161번길 76,대전광역시 유성구 성북동 82-1,36.2932125699,127.2973246,2020,한전주,042-611-2506,대전광역시 유성구청,2025-07-16
성북동026,1,대전광역시 유성구 성북로161번길 92,대전광역시 유성구 성북동 86,36.29274518,127.296787,2020,한전주,042-611-2506,대전광역시 유성구청,2025-07-16
성북동027,1,대전광역시 유성구 성북로161번길 106,대전광역시 유성구 성북동 87,36.29253303,127.2961753,2020,한전주,042-611-2506,대전광역시 유성구청,2025-07-16
성북동028,1,대전광역시 유성구 성북로161번길 108,대전광역시 유성구 성북동 산 38-2,36.29264001,127.2959524,2020,한전주,042-611-2506,대전광역시 유성구청,2025-07-16
성북동029,1,대전광역시 유성구 성북로161번길 157,대전광역시 유성구 성북동 142-4,36.2923068,127.2930364,2020,한전주,042-611-2506,대전광역시 유성구청,2025-07-16
성북동030,1,대전광역시 유성구 성북로161번길 80,대전광역시 유성구 성북동 83,36.29321804,127.2970758,2020,한전주,042-611-2506,대전광역시 유성구청,2025-07-16
성북동031,1,대전광역시 유성구 성북로161번길 81-104,대전광역시 유성구 성북동 110,36.28886099,127.2982312,2020,한전주,042-611-2506,대전광역시 유성구청,2025-07-16
성북동032,1,대전광역시 유성구 성북로161번길 81-47,대전광역시 유성구 성북동 88,36.29112982,127.2977222,2020,건축물,042-611-2506,대전광역시 유성구청,2025-07-16
성북동033,1,대전광역시 유성구 성북로161번길 81-47,대전광역시 유성구 성북동 88,36.29112982,127.2977222,2020,한전주,042-611-2506,대전광역시 유성구청,2025-07-16
성북동034,1,대전광역시 유성구 성북로161번길 253,대전광역시 유성구 성북동 612-2,36.29154499,127.2896903,2020,한전주,042-611-2506,대전광역시 유성구청,2025-07-16
성북동035,1,,대전광역시 유성구 성북동 39-1,36.29455449,127.2996981,2020,한전주,042-611-2506,대전광역시 유성구청,2025-07-16
성북동036,1,대전광역시 유성구 성북로161번안길 67-7,대전광역시 유성구 성북동 60-1,36.29617705,127.297013,2020,한전주,042-611-2506,대전광역시 유성구청,2025-07-16
성북동037,1,대전광역시 유성구 성북로161번안길 67-7,대전광역시 유성구 성북동 60-1,36.29617705,127.297013,2020,한전주,042-611-2506,대전광역시 유성구청,2025-07-16
성북동038,1,대전광역시 유성구 성북로161번안길 67-7,대전광역시 유성구 성북동 60-1,36.29617705,127.297013,2020,한전주,042-611-2506,대전광역시 유성구청,2025-07-16
성북동039,1,대전광역시 유성구 성북로161번안길 181,대전광역시 유성구 성북동 188-1,36.29747828,127.2950476,2020,한전주,042-611-2506,대전광역시 유성구청,2025-07-16
성북동040,1,대전광역시 유성구 성북로161번안길 101-3,대전광역시 유성구 성북동 731,36.29788004,127.2955895,2020,한전주,042-611-2506,대전광역시 유성구청,2025-07-16
성북동041,1,대전광역시 유성구 성북로161번안길 169-14,대전광역시 유성구 성북동 196,36.29771368,127.2955508,2020,건축물,042-611-2506,대전광역시 유성구청,2025-07-16
성북동042,1,대전광역시 유성구 성북로161번안길 101-3,대전광역시 유성구 성북동 731,36.29788004,127.2955895,2020,한전주,042-611-2506,대전광역시 유성구청,2025-07-16
성북동043,1,대전광역시 유성구 성북로161번안길 169-7,대전광역시 유성구 성북동 197,36.297699997,127.2949626,2020,한전주,042-611-2506,대전광역시 유성구청,2025-07-16
성북동044,1,대전광역시 유성구 성북로161번안길 160,대전광역시 유성구 성북동 201,36.29778847,127.2939833,2020,한전주,042-611-2506,대전광역시 유성구청,2025-07-16
성북동045,1,대전광역시 유성구 성북로161번안길 162,대전광역시 유성구 성북동 183-1,36.29746103,127.2939878,2020,한전주,042-611-2506,대전광역시 유성구청,2025-07-16
성북동046,1,대전광역시 유성구 성북로161번안길 181,대전광역시 유성구 성북동 188-1,36.29747828,127.2950476,2020,건축물,042-611-2506,대전광역시 유성구청,2025-07-16
성북동047,1,대전광역시 유성구 성북로161번안길 174-2,대전광역시 유성구 성북동 187-4,36.29743827,127.294459,2020,한전주,042-611-2506,대전광역시 유성구청,2025-07-16
성북동048,1,대전광역시 유성구 성북로161번안길 174-12,대전광역시 유성구 성북동 183-2,36.29715216,127.2939389,2020,한전주,042-611-2506,대전광역시 유성구청,2025-07-16
성북동049,1,대전광역시 유성구 성북로161번안길 181,대전광역시 유성구 성북동 188-1,36.29747828,127.2950476,2020,한전주,042-611-2506,대전광역시 유성구청,2025-07-16
성북동050,1,대전광역시 유성구 성북로161번안길 181,대전광역시 유성구 성북동 188-1,36.29747828,127.2950476,2020,한전주,042-611-2506,대전광역시 유성구청,2025-07-16
성북동051,1,대전광역시 유성구 성북로161번길 82,대전광역시 유성구 성북동 83-1,36.2929754,127.2970552,2020,한전주,042-611-2506,대전광역시 유성구청,2025-07-16
성북동052,1,대전광역시 유성구 성북로161번안길 146,대전광역시 유성구 성북동 217-3,36.29830248,127.2939602,2020,한전주,042-611-2506,대전광역시 유성구청,2025-07-16
성북동053,1,대전광역시 유성구 성북로161번안길 138-11,대전광역시 유성구 성북동 222-3,36.29907704,127.2942186,2020,한전주,042-611-2506,대전광역시 유성구청,2025-07-16
성북동054,1,대전광역시 유성구 성북로161번안길 135,대전광역시 유성구 성북동 217-1,36.29856758,127.2945552,2020,한전주,042-611-2506,대전광역시 유성구청,2025-07-16
성북동055,1,대전광역시 유성구 성북로161번안길 101-3,대전광역시 유성구 성북동 731,36.29788004,127.2955895,2020,한전주,042-611-2506,대전광역시 유성구청,2025-07-16
성북동056,1,대전광역시 유성구 성북로154번길 157,대전광역시 유성구 성북동 231-2,36.30028913,127.297643,2020,한전주,042-611-2506,대전광역시 유성구청,2025-07-16
성북동057,1,대전광역시 유성구 성북로154번길 148,대전광역시 유성구 성북동 259,36.30006439,127.2981766,2020,한전주,042-611-2506,대전광역시 유성구청,2025-07-16
성북동058,1,대전광역시 유성구 성북로154번길 213,대전광역시 유성구 성북동 297-2,36.30202953,127.2954121,2020,한전주,042-611-2506,대전광역시 유성구청,2025-07-16
성북동059,1,대전광역시 유성구 성북로 264,대전광역시 유성구 성북동 295-8,36.30269457,127.294477,2020,한전주,042-611-2506,대전광역시 유성구청,2025-07-16
성북동060,1,대전광역시 유성구 성북로154번길 248-27,대전광역시 유성구 성북동 286-16,36.30442114,127.2953579,2020,한전주,042-611-2506,대전광역시 유성구청,2025-07-16
성북동061,1,,대전광역시 유성구 성북동 760,36.30549993,127.2947644,2020,한전주,042-611-2506,대전광역시 유성구청,2025-07-16
성북동062,1,대전광역시 유성구 성북로154번길 294,대전광역시 유성구 성북동 395-1,36.30537547,127.2944191,2020,한전주,042-611-2506,대전광역시 유성구청,2025-07-16
성북동063,1,,대전광역시 유성구 성북동 403-1,36.30520725,127.297935,2020,한전주,042-611-2506,대전광역시 유성구청,2025-07-16
성북동064,1,대전광역시 유성구 성북로302번길 94-70,대전광역시 유성구 성북동 407-3,36.30488222,127.3000859,2020,한전주,042-611-2506,대전광역시 유성구청,2025-07-16
성북동065,1,대전광역시 유성구 성북로302번길 94-42,대전광역시 유성구 성북동 산 21-3,36.30518729,127.2985646,2020,한전주,042-611-2506,대전광역시 유성구청,2025-07-16
성북동066,1,,대전광역시 유성구 성북동 403-1,36.30520725,127.2979725,2020,한전주,042-611-2506,대전광역시 유성구청,2025-07-16
성북동067,1,,대전광역시 유성구 성북동 415-1,36.30700155,127.2974133,2020,한전주,042-611-2506,대전광역시 유성구청,2025-07-16
성북동068,1,대전광역시 유성구 성북로154번길 310-14,대전광역시 유성구 성북동 산 15-1,36.30665253,127.2947512,2020,한전주,042-611-2506,대전광역시 유성구청,2025-07-16
성북동069,1,대전광역시 유성구 성북로302번길 151,대전광역시 유성구 성북동 417-2,36.30763571,127.2969375,2020,한전주,042-611-2506,대전광역시 유성구청,2025-07-16
성북동070,1,대전광역시 유성구 성북로302번길 208,대전광역시 유성구 성북동 420-10,36.30853363,127.2999439,2020,한전주,042-611-2506,대전광역시 유성구청,2025-07-16
성북동071,1,대전광역시 유성구 성북로302번길 210,대전광역시 유성구 성북동 420-9,36.30875416,127.2999746,2020,한전주,042-611-2506,대전광역시 유성구청,2025-07-16
성북동072,1,대전광역시 유성구 성북로302번길 241,대전광역시 유성구 성북동 420-5,36.31015329,127.2994916,2020,한전주,042-611-2506,대전광역시 유성구청,2025-07-16
성북동073,1,대전광역시 유성구 성북로302번길 170,대전광역시 유성구 성북동 산 17-1,36.30815711,127.2978897,2020,한전주,042-611-2506,대전광역시 유성구청,2025-07-16
성북동074,1,대전광역시 유성구 성북로302번길 163-32,대전광역시 유성구 성북동 421,36.30901664,127.2961223,2020,한전주,042-611-2506,대전광역시 유성구청,2025-07-16
성북동075,1,대전광역시 유성구 성북로 282-17,대전광역시 유성구 성북동 281,36.3042365,127.2932286,2020,한전주,042-611-2506,대전광역시 유성구청,2025-07-16
성북동076,1,대전광역시 유성구 성북로 282-17,대전광역시 유성구 성북동 281,36.3042365,127.2932286,2020,한전주,042-611-2506,대전광역시 유성구청,2025-07-16
성북동077,1,대전광역시 유성구 성북로281번길 32,대전광역시 유성구 성북동 315-1,36.30288154,127.2914971,2020,한전주,042-611-2506,대전광역시 유성구청,2025-07-16
성북동078,1,대전광역시 유성구 성북로281번길 32,대전광역시 유성구 성북동 315-1,36.30288154,127.2914368,2020,한전주,042-611-2506,대전광역시 유성구청,2025-07-16
성북동079,1,대전광역시 유성구 성북로281번길 86,대전광역시 유성구 성북동 309-2,36.30133352,127.2899743,2020,한전주,042-611-2506,대전광역시 유성구청,2025-07-16
성북동080,1,,대전광역시 유성구 성북동 774,36.30137143,127.2904195,2020,한전주,042-611-2506,대전광역시 유성구청,2025-07-16
성북동081,1,,대전광역시 유성구 성북동 산 44-2,36.29696684,127.2877746,2020,한전주,042-611-2506,대전광역시 유성구청,2025-07-16
성북동082,1,,대전광역시 유성구 성북동 산 44-2,36.29696684,127.2877746,2020,한전주,042-611-2506,대전광역시 유성구청,2025-07-16
성북동083,1,,대전광역시 유성구 성북동 산 42-1,36.29356765,127.2839113,2020,한전주,042-611-2506,대전광역시 유성구청,2025-07-16
성북동084,1,,대전광역시 유성구 성북동 산 42-1,36.29356765,127.2839113,2020,한전주,042-611-2506,대전광역시 유성구청,2025-07-16
성북동085,1,대전광역시 유성구 성북로 300,대전광역시 유성구 성북동 332-1,36.30529997,127.2922042,2020,한전주,042-611-2506,대전광역시 유성구청,2025-07-16
성북동086,1,,대전광역시 유성구 성북동 323-1,36.30523969,127.2907315,2020,한전주,042-611-2506,대전광역시 유성구청,2025-07-16
성북동087,1,대전광역시 유성구 성북로301번길 33,대전광역시 유성구 성북동 325-2,36.30572466,127.2903063,2020,한전주,042-611-2506,대전광역시 유성구청,2025-07-16
성북동088,1,,대전광역시 유성구 성북동 569-3,36.30538579,127.2873085,2020,한전주,042-611-2506,대전광역시 유성구청,2025-07-16
성북동089,1,대전광역시 유성구 성북로301번길 31,대전광역시 유성구 성북동 324,36.30552568,127.2904435,2020,한전주,042-611-2506,대전광역시 유성구청,2025-07-16
성북동090,1,대전광역시 유성구 성북로301번길 47,대전광역시 유성구 성북동 325-3,36.30644845,127.2903147,2020,한전주,042-611-2506,대전광역시 유성구청,2025-07-16
성북동091,1,대전광역시 유성구 성북로301번길 61,대전광역시 유성구 성북동 562,36.30695353,127.2903662,2020,한전주,042-611-2506,대전광역시 유성구청,2025-07-16
성북동092,1,대전광역시 유성구 성북로301번길 78,대전광역시 유성구 성북동 556-18,36.30745034,127.2897385,2020,한전주,042-611-2506,대전광역시 유성구청,2025-07-16
성북동093,1,대전광역시 유성구 성북로301번길 101-5,대전광역시 유성구 성북동 558-2,36.30786311,127.2884609,2020,한전주,042-611-2506,대전광역시 유성구청,2025-07-16
성북동094,1,대전광역시 유성구 성북로302번길 36,대전광역시 유성구 성북동 334-7,36.3052869,127.2936024,2020,한전주,042-611-2506,대전광역시 유성구청,2025-07-16
성북동095,1,대전광역시 유성구 성북로 300,대전광역시 유성구 성북동 332-1,36.30529997,127.2922042,2020,한전주,042-611-2506,대전광역시 유성구청,2025-07-16
성북동096,1,대전광역시 유성구 성북로302번길 9-12,대전광역시 유성구 성북동 366,36.30601503,127.2924765,2020,한전주,042-611-2506,대전광역시 유성구청,2025-07-16
성북동097,1,대전광역시 유성구 성북로302번길 9-21,대전광역시 유성구 성북동 346,36.30647913,127.2920008,2020,한전주,042-611-2506,대전광역시 유성구청,2025-07-16
성북동098,1,대전광역시 유성구 성북로 314,대전광역시 유성구 성북동 344-1,36.30644081,127.2918587,2020,한전주,042-611-2506,대전광역시 유성구청,2025-07-16
성북동099,1,대전광역시 유성구 성북로316번길 13,대전광역시 유성구 성북동 361,36.30671086,127.2922812,2020,한전주,042-611-2506,대전광역시 유성구청,2025-07-16
성북동100,1,대전광역시 유성구 성북로316번길 25-5,대전광역시 유성구 성북동 360,36.30686723,127.2924238,2020,건축물,042-611-2506,대전광역시 유성구청,2025-07-16
성북동101,1,대전광역시 유성구 성북로316번길 21,대전광역시 유성구 성북동 363,36.30667842,127.292795,2020,한전주,042-611-2506,대전광역시 유성구청,2025-07-16
성북동102,1,대전광역시 유성구 성북로302번길 31-17,대전광역시 유성구 성북동 368,36.30631595,127.2930232,2020,한전주,042-611-2506,대전광역시 유성구청,2025-07-16
성북동103,1,대전광역시 유성구 성북로 314,대전광역시 유성구 성북동 344-1,36.30644081,127.2918587,2020,한전주,042-611-2506,대전광역시 유성구청,2025-07-16
성북동104,1,대전광역시 유성구 성북로 314,대전광역시 유성구 성북동 344-1,36.30644081,127.2918587,2020,한전주,042-611-2506,대전광역시 유성구청,2025-07-16
성북동105,1,대전광역시 유성구 성북로154번길 307,대전광역시 유성구 성북동 373-2,36.30607712,127.2940556,2020,한전주,042-611-2506,대전광역시 유성구청,2025-07-16
성북동106,1,대전광역시 유성구 성북로154번길 323,대전광역시 유성구 성북동 373-10,36.30668444,127.2940138,2020,한전주,042-611-2506,대전광역시 유성구청,2025-07-16
성북동107,1,대전광역시 유성구 성북로154번길 330-11,대전광역시 유성구 성북동 391-1,36.3074474,127.2943693,2020,한전주,042-611-2506,대전광역시 유성구청,2025-07-16
성북동108,1,대전광역시 유성구 성북로154번길 310-14,대전광역시 유성구 성북동 산 15-1,36.30665253,127.2947512,2020,한전주,042-611-2506,대전광역시 유성구청,2025-07-16
성북동109,1,대전광역시 유성구 성북로316번길 41,대전광역시 유성구 성북동 376-4,36.30717431,127.2936893,2020,한전주,042-611-2506,대전광역시 유성구청,2025-07-16
성북동110,1,대전광역시 유성구 성북로154번길 338-43,대전광역시 유성구 성북동 382-11,36.30747991,127.294088,2020,한전주,042-611-2506,대전광역시 유성구청,2025-07-16
성북동111,1,대전광역시 유성구 성북로154번길 338-31,대전광역시 유성구 성북동 382-14,36.30774322,127.2939109,2020,한전주,042-611-2506,대전광역시 유성구청,2025-07-16
성북동112,1,,대전광역시 유성구 성북동 770,36.30740343,127.2942305,2020,한전주,042-611-2506,대전광역시 유성구청,2025-07-16
성북동113,1,대전광역시 유성구 성북로154번길 310-14,대전광역시 유성구 성북동 산 15-1,36.30665253,127.2947512,2020,한전주,042-611-2506,대전광역시 유성구청,2025-07-16
성북동114,1,대전광역시 유성구 성북로154번길 338-55,대전광역시 유성구 성북동 385-3,36.3078847,127.2946204,2020,한전주,042-611-2506,대전광역시 유성구청,2025-07-16
성북동115,1,대전광역시 유성구 성북로154번길 354-17,대전광역시 유성구 성북동 381-5,36.30840184,127.2943757,2020,한전주,042-611-2506,대전광역시 유성구청,2025-07-16
성북동116,1,대전광역시 유성구 성북로154번길 345,대전광역시 유성구 성북동 379-4,36.30755438,127.2934181,2020,한전주,042-611-2506,대전광역시 유성구청,2025-07-16
성북동117,1,대전광역시 유성구 성북로154번길 353,대전광역시 유성구 성북동 380-2,36.30791628,127.2933507,2020,한전주,042-611-2506,대전광역시 유성구청,2025-07-16
성북동118,1,대전광역시 유성구 성북로154번길 367,대전광역시 유성구 성북동 441-2,36.30866856,127.2929552,2020,한전주,042-611-2506,대전광역시 유성구청,2025-07-16
성북동119,1,대전광역시 유성구 성북로154번길 388,대전광역시 유성구 성북동 425-1,36.30936745,127.2937536,2020,한전주,042-611-2506,대전광역시 유성구청,2025-07-16
성북동120,1,대전광역시 유성구 성북로154번길 415,대전광역시 유성구 성북동 432-1,36.3105515,127.2925851,2020,한전주,042-611-2506,대전광역시 유성구청,2025-07-16
성북동121,1,대전광역시 유성구 성북로154번길 446,대전광역시 유성구 성북동 451,36.31190462,127.2919609,2020,한전주,042-611-2506,대전광역시 유성구청,2025-07-16
성북동122,1,대전광역시 유성구 성북로154번길 436-72,대전광역시 유성구 성북동 산 12-1,36.31442017,127.2941742,2020,한전주,042-611-2506,대전광역시 유성구청,2025-07-16
성북동123,1,대전광역시 유성구 성북로154번길 436-72,대전광역시 유성구 성북동 산 12-1,36.31442017,127.2941742,2020,한전주,042-611-2506,대전광역시 유성구청,2025-07-16
성북동124,1,대전광역시 유성구 성북로154번길 452,대전광역시 유성구 성북동 461-3,36.31211818,127.2914522,2020,한전주,042-611-2506,대전광역시 유성구청,2025-07-16
성북동125,1,대전광역시 유성구 성북로154번길 482-19,대전광역시 유성구 성북동 462,36.31217568,127.2906352,2020,한전주,042-611-2506,대전광역시 유성구청,2025-07-16
성북동126,1,대전광역시 유성구 성북로154번길 482-19,대전광역시 유성구 성북동 462,36.31217568,127.2906352,2020,한전주,042-611-2506,대전광역시 유성구청,2025-07-16
성북동127,1,대전광역시 유성구 성북로161번안길 101-3,대전광역시 유성구 성북동 731,36.29788004,127.2955895,2020,한전주,042-611-2506,대전광역시 유성구청,2025-07-16
성북동128,1,대전광역시 유성구 성북로 366,대전광역시 유성구 성북동 449-6,36.31097859,127.2903216,2020,한전주,042-611-2506,대전광역시 유성구청,2025-07-16
성북동129,1,대전광역시 유성구 성북로301번길 159,대전광역시 유성구 성북동 540-1,36.31066272,127.2887981,2020,한전주,042-611-2506,대전광역시 유성구청,2025-07-16
성북동130,1,대전광역시 유성구 성북로301번길 156,대전광역시 유성구 성북동 540-5,36.31029627,127.289145,2020,한전주,042-611-2506,대전광역시 유성구청,2025-07-16
성북동131,1,대전광역시 유성구 성북로154번길 508,대전광역시 유성구 성북동 792,36.31296857,127.2900299,2020,한전주,042-611-2506,대전광역시 유성구청,2025-07-16
성북동132,1,대전광역시 유성구 성북로154번길 482-19,대전광역시 유성구 성북동 462,36.31217568,127.2906352,2020,한전주,042-611-2506,대전광역시 유성구청,2025-07-16
성북동133,1,대전광역시 유성구 성북로154번길 482-19,대전광역시 유성구 성북동 462,36.31217568,127.290674,2020,건축물,042-611-2506,대전광역시 유성구청,2025-07-16
성북동134,1,대전광역시 유성구 성북로154번길 482-19,대전광역시 유성구 성북동 462,36.31217568,127.2906352,2020,한전주,042-611-2506,대전광역시 유성구청,2025-07-16
성북동135,1,대전광역시 유성구 성북로154번길 512,대전광역시 유성구 성북동 792-1,36.31313823,127.2900835,2020,한전주,042-611-2506,대전광역시 유성구청,2025-07-16
성북동136,1,대전광역시 유성구 성북로154번길 482-19,대전광역시 유성구 성북동 462,36.31217568,127.2906352,2020,한전주,042-611-2506,대전광역시 유성구청,2025-07-16
성북동137,1,대전광역시 유성구 성북로154번길 508,대전광역시 유성구 성북동 792,36.31296857,127.2900299,2020,한전주,042-611-2506,대전광역시 유성구청,2025-07-16
성북동138,1,대전광역시 유성구 성북로154번길 500,대전광역시 유성구 성북동 514-2,36.31258237,127.2898622,2020,한전주,042-611-2506,대전광역시 유성구청,2025-07-16
성북동139,1,대전광역시 유성구 성북로 429,대전광역시 유성구 성북동 650-7,36.31411421,127.2848335,2020,한전주,042-611-2506,대전광역시 유성구청,2025-07-16
성북동140,1,대전광역시 유성구 성북로 429,대전광역시 유성구 성북동 650-7,36.31411421,127.2848335,2020,한전주,042-611-2506,대전광역시 유성구청,2025-07-16
성북동141,1,대전광역시 유성구 성북로 435,대전광역시 유성구 성북동 661,36.31450862,127.284320,2020,한전주,042-611-2506,대전광역시 유성구청,2025-07-16
성북동142,1,대전광역시 유성구 성북로 437,대전광역시 유성구 성북동 664,36.31464112,127.2843096,2020,한전주,042-611-2506,대전광역시 유성구청,2025-07-16
성북동143,1,대전광역시 유성구 성북로434번길 14,대전광역시 유성구 성북동 667-2,36.31523244,127.284779,2020,한전주,042-611-2506,대전광역시 유성구청,2025-07-16
성북동144,1,대전광역시 유성구 성북로434번길 27,대전광역시 유성구 성북동 678,36.3155660977,127.2840422061,2020,한전주,042-611-2506,대전광역시 유성구청,2025-07-16
성북동145,1,대전광역시 유성구 성북로434번길 49,대전광역시 유성구 성북동 688-5,36.31659051,127.2837232,2020,한전주,042-611-2506,대전광역시 유성구청,2025-07-16
성북동146,1,대전광역시 유성구 성북로434번길 43-39,대전광역시 유성구 성북동 684-4,36.31745923,127.2825546,2020,한전주,042-611-2506,대전광역시 유성구청,2025-07-16
성북동147,1,대전광역시 유성구 성북로 461,대전광역시 유성구 성북동 산 72-3,36.31518015,127.2815171,2020,한전주,042-611-2506,대전광역시 유성구청,2025-07-16
성북동148,1,대전광역시 유성구 성북로 461,대전광역시 유성구 성북동 산 72-3,36.31518015,127.2815171,2020,한전주,042-611-2506,대전광역시 유성구청,2025-07-16
성북동149,1,대전광역시 유성구 성북로434번길 140,대전광역시 유성구 성북동 698,36.32010783,127.2817408,2020,한전주,042-611-2506,대전광역시 유성구청,2025-07-16
성북동150,1,대전광역시 유성구 성북로434번길 147,대전광역시 유성구 성북동 700,36.32035259,127.2810882,2020,한전주,042-611-2506,대전광역시 유성구청,2025-07-16
성북동151,1,,대전광역시 유성구 성북동 산 25-2,36.29849319,127.3010387,2020,한전주,042-611-2506,대전광역시 유성구청,2025-07-16
성북동152,1,,대전광역시 유성구 성북동 산 25-2,36.29849319,127.3010387,2020,한전주,042-611-2506,대전광역시 유성구청,2025-07-16
성북동153,1,대전광역시 유성구 성북로161번길 108,대전광역시 유성구 성북동 산 38-2,36.29264001,127.2959524,2020,한전주,042-611-2506,대전광역시 유성구청,2025-07-16
성북동153,1,대전광역시 유성구 성북로154번길 28-42,대전광역시 유성구 성북동 26,36.29441848,127.3016589,2020,한전주,042-611-2506,대전광역시 유성구청,2025-07-16
성북동154,1,,대전광역시 유성구 성북동 785,36.29249001,127.2950594,2020,한전주,042-611-2506,대전광역시 유성구청,2025-07-16
성북동155,1,대전광역시 유성구 성북로281번길 86,대전광역시 유성구 성북동 309-2,36.30133352,127.2899743,2020,한전주,042-611-2506,대전광역시 유성구청,2025-07-16
성북동156,1,,대전광역시 유성구 성북동 608,36.29647699,127.2860733,2020,한전주,042-611-2506,대전광역시 유성구청,2025-07-16
성북동157,1,,대전광역시 유성구 성북동 611-1,36.29389148,127.284480,2020,한전주,042-611-2506,대전광역시 유성구청,2025-07-16
성북동158,1,대전광역시 유성구 성북로154번길 28-3,대전광역시 유성구 성북동 42-4,36.29515407,127.3001735,2020,한전주,042-611-2506,대전광역시 유성구청,2025-07-16
성북동159,1,,대전광역시 유성구 성북동 산 30-37,36.29776743,127.3026689,2020,한전주,042-611-2506,대전광역시 유성구청,2025-07-16
성북동160,1,,대전광역시 유성구 성북동 산 17-8,36.30732496,127.2976299,2020,한전주,042-611-2506,대전광역시 유성구청,2025-07-16
성북동161,1,대전광역시 유성구 성북로161번안길 161,대전광역시 유성구 성북동 200,36.29774312,127.2941773,2020,한전주,042-611-2506,대전광역시 유성구청,2025-07-16
성북동162,1,,대전광역시 유성구 성북동 143-2,36.29249012,127.2912232,2020,한전주,042-611-2506,대전광역시 유성구청,2025-07-16
성북동163,1,대전광역시 유성구 성북로161번길 253,대전광역시 유성구 성북동 612-2,36.29154499,127.2896903,2020,한전주,042-611-2506,대전광역시 유성구청,2025-07-16
성북동164,1,대전광역시 유성구 성북로161번길 253,대전광역시 유성구 성북동 612-2,36.29154499,127.2896903,2020,한전주,042-611-2506,대전광역시 유성구청,2025-07-16
송강동001,1,대전광역시 유성구 대덕대로 1117,대전광역시 유성구 송강동 산 15-1,36.42653492,127.3846996,2020,한전주,042-611-2506,대전광역시 유성구청,2025-07-16
송강동002,1,대전광역시 유성구 대덕대로1111번길 1-8,대전광역시 유성구 송강동 136,36.42636399,127.3840493,2020,한전주,042-611-2506,대전광역시 유성구청,2025-07-16
송강동003,1,대전광역시 유성구 대덕대로1111번길 1-25,대전광역시 유성구 송강동 121-3,36.425640,127.3826444,2020,한전주,042-611-2506,대전광역시 유성구청,2025-07-16
송강동004,1,대전광역시 유성구 대덕대로 1117,대전광역시 유성구 송강동 산 15-1,36.42653492,127.3846996,2020,한전주,042-611-2506,대전광역시 유성구청,2025-07-16
송강동005,1,대전광역시 유성구 대덕대로1111번길 19,대전광역시 유성구 송강동 135,36.42676196,127.3835689,2020,한전주,042-611-2506,대전광역시 유성구청,2025-07-16
송강동006,1,대전광역시 유성구 대덕대로1111번길 19,대전광역시 유성구 송강동 135,36.42676196,127.3835689,2020,한전주,042-611-2506,대전광역시 유성구청,2025-07-16
송강동007,1,대전광역시 유성구 대덕대로 1091-7,대전광역시 유성구 송강동 111,36.42463384,127.3832949,2020,한전주,042-611-2506,대전광역시 유성구청,2025-07-16
송강동008,1,대전광역시 유성구 대덕대로 1091-16,대전광역시 유성구 송강동 119-3,36.42529605,127.382976,2020,한전주,042-611-2506,대전광역시 유성구청,2025-07-16
송강동009,1,대전광역시 유성구 와룡로37번길 8,대전광역시 유성구 송강동 168,36.42993271,127.3817399,2020,한전주,042-611-2506,대전광역시 유성구청,2025-07-16
송강동010,1,대전광역시 유성구 와룡로37번길 8,대전광역시 유성구 송강동 168,36.42993271,127.3817399,2020,한전주,042-611-2506,대전광역시 유성구청,2025-07-16
송강동011,1,대전광역시 유성구 와룡로37번길 20,대전광역시 유성구 송강동 157,36.42947147,127.3804385,2020,한전주,042-611-2506,대전광역시 유성구청,2025-07-16
송강동012,1,대전광역시 유성구 와룡로37번길 20,대전광역시 유성구 송강동 157,36.42947147,127.3804469,2020,한전주,042-611-2506,대전광역시 유성구청,2025-07-16
송강동013,1,대전광역시 유성구 와룡로37번길 20,대전광역시 유성구 송강동 157,36.42947147,127.3804469,2020,한전주,042-611-2506,대전광역시 유성구청,2025-07-16
송강동014,1,대전광역시 유성구 와룡로37번길 20,대전광역시 유성구 송강동 157,36.42947147,127.3804469,2020,건축물,042-611-2506,대전광역시 유성구청,2025-07-16
송강동015,1,대전광역시 유성구 구즉로48번길 46,대전광역시 유성구 송강동 187-7,36.43244726,127.3873528,2020,한전주,042-611-2506,대전광역시 유성구청,2025-07-16
송강동016,1,대전광역시 유성구 구즉로48번길 38,대전광역시 유성구 송강동 187-5,36.43254659,127.3870404,2020,한전주,042-611-2506,대전광역시 유성구청,2025-07-16
송강동017,1,대전광역시 유성구 구즉로48번길 34,대전광역시 유성구 송강동 187-3,36.43264443,127.3867146,2020,한전주,042-611-2506,대전광역시 유성구청,2025-07-16
송강동018,1,대전광역시 유성구 구즉로48번길 32,대전광역시 유성구 송강동 187-2,36.43269657,127.3865579,2020,한전주,042-611-2506,대전광역시 유성구청,2025-07-16
송강동019,1,대전광역시 유성구 구즉로48번길 26,대전광역시 유성구 송강동 187-1,36.43274886,127.3863576,2020,한전주,042-611-2506,대전광역시 유성구청,2025-07-16
송강동020,1,대전광역시 유성구 구즉로52번길 26,대전광역시 유성구 송강동 186-1,36.43306849,127.3865266,2020,한전주,042-611-2506,대전광역시 유성구청,2025-07-16
송강동021,1,,대전광역시 유성구 송강동 193-7,36.43280785,127.3861271,2020,한전주,042-611-2506,대전광역시 유성구청,2025-07-16
송강동022,1,대전광역시 유성구 구즉로48번길 13,대전광역시 유성구 송강동 185-8,36.43312597,127.3858067,2020,한전주,042-611-2506,대전광역시 유성구청,2025-07-16
송강동023,1,대전광역시 유성구 송강로26번길 5,대전광역시 유성구 송강동 195-9,36.4331386,127.3849266,2020,한전주,042-611-2506,대전광역시 유성구청,2025-07-16
송강동024,1,대전광역시 유성구 송강로26번길 13,대전광역시 유성구 송강동 195-6,36.43354152,127.3851021,2020,한전주,042-611-2506,대전광역시 유성구청,2025-07-16
송강동025,1,대전광역시 유성구 구즉로48번길 1,대전광역시 유성구 송강동 184,36.43333453,127.3857139,2020,한전주,042-611-2506,대전광역시 유성구청,2025-07-16
송강동026,1,대전광역시 유성구 구즉로52번길 22,대전광역시 유성구 송강동 185-4,36.43313391,127.3863048,2020,한전주,042-611-2506,대전광역시 유성구청,2025-07-16
송강동027,1,대전광역시 유성구 구즉로52번길 25,대전광역시 유성구 송강동 177-14,36.43324653,127.386620,2020,한전주,042-611-2506,대전광역시 유성구청,2025-07-16
송강동028,1,대전광역시 유성구 구즉로52번길 26,대전광역시 유성구 송강동 186-1,36.43306849,127.3865266,2020,한전주,042-611-2506,대전광역시 유성구청,2025-07-16
송강동029,1,대전광역시 유성구 구즉로52번길 32,대전광역시 유성구 송강동 186-3,36.4329715,127.3868689,2020,한전주,042-611-2506,대전광역시 유성구청,2025-07-16
송강동030,1,대전광역시 유성구 구즉로52번길 40,대전광역시 유성구 송강동 186-5,36.43286491,127.387197,2020,한전주,042-611-2506,대전광역시 유성구청,2025-07-16
송강동031,1,대전광역시 유성구 구즉로52번길 46,대전광역시 유성구 송강동 186-7,36.43275816,127.3875195,2020,한전주,042-611-2506,대전광역시 유성구청,2025-07-16
송강동032,1,대전광역시 유성구 구즉로54번길 46,대전광역시 유성구 송강동 177-7,36.43308659,127.3876699,2020,한전주,042-611-2506,대전광역시 유성구청,2025-07-16
송강동033,1,대전광역시 유성구 구즉로54번길 40,대전광역시 유성구 송강동 177-5,36.43319201,127.3873429,2020,한전주,042-611-2506,대전광역시 유성구청,2025-07-16
송강동034,1,대전광역시 유성구 구즉로54번길 36,대전광역시 유성구 송강동 177-4,36.43323794,127.3871836,2020,한전주,042-611-2506,대전광역시 유성구청,2025-07-16
송강동035,1,대전광역시 유성구 구즉로54번길 26,대전광역시 유성구 송강동 177-1,36.4333986,127.3866891,2020,한전주,042-611-2506,대전광역시 유성구청,2025-07-16
송강동036,1,대전광역시 유성구 구즉로54번길 22,대전광역시 유성구 송강동 182-7,36.43346916,127.3864386,2020,한전주,042-611-2506,대전광역시 유성구청,2025-07-16
송강동037,1,대전광역시 유성구 구즉로54번길 12,대전광역시 유성구 송강동 182-4,36.43361138,127.3859617,2020,한전주,042-611-2506,대전광역시 유성구청,2025-07-16
송강동038,1,대전광역시 유성구 구즉로54번길 6,대전광역시 유성구 송강동 182-2,36.43369925,127.3856534,2020,한전주,042-611-2506,대전광역시 유성구청,2025-07-16
송강동039,1,대전광역시 유성구 구즉로54번길 2,대전광역시 유성구 송강동 182-1,36.43376032,127.3854656,2020,한전주,042-611-2506,대전광역시 유성구청,2025-07-16
송강동040,1,대전광역시 유성구 구즉로54번길 25,대전광역시 유성구 송강동 176-14,36.4335855,127.3867693,2020,한전주,042-611-2506,대전광역시 유성구청,2025-07-16
송강동041,1,대전광역시 유성구 봉산로 11,대전광역시 유성구 송강동 171-6,36.4346495,127.3877555,2020,한전주,042-611-2506,대전광역시 유성구청,2025-07-16
송강동042,1,대전광역시 유성구 구즉로58번길 15-15,대전광역시 유성구 송강동 31-2,36.43467305,127.3863766,2020,한전주,042-611-2506,대전광역시 유성구청,2025-07-16
송강동043,1,대전광역시 유성구 구즉로52번길 5,대전광역시 유성구 송강동 182-13,36.4335869,127.3855879,2020,한전주,042-611-2506,대전광역시 유성구청,2025-07-16
송강동044,1,대전광역시 유성구 송강로26번길 39,대전광역시 유성구 송강동 30-5,36.43463726,127.3856818,2020,한전주,042-611-2506,대전광역시 유성구청,2025-07-16
송강동045,1,대전광역시 유성구 송강로26번길 48,대전광역시 유성구 송강동 31-11,36.43467483,127.3861871,2020,한전주,042-611-2506,대전광역시 유성구청,2025-07-16
송강동046,1,대전광역시 유성구 송강로26번길 54,대전광역시 유성구 송강동 31-13,36.43489608,127.386434,2020,한전주,042-611-2506,대전광역시 유성구청,2025-07-16
송강동047,1,대전광역시 유성구 구즉로57번길 8-26,대전광역시 유성구 송강동 24-8,36.43533816,127.3855521,2020,한전주,042-611-2506,대전광역시 유성구청,2025-07-16
송강동048,1,대전광역시 유성구 구즉로57번길 8-20,대전광역시 유성구 송강동 24-6,36.43516134,127.385303,2020,한전주,042-611-2506,대전광역시 유성구청,2025-07-16
송강동049,1,대전광역시 유성구 구즉로57번길 8-12,대전광역시 유성구 송강동 25-9,36.43494979,127.3850377,2020,한전주,042-611-2506,대전광역시 유성구청,2025-07-16
송강동050,1,대전광역시 유성구 구즉로57번길 8-6,대전광역시 유성구 송강동 25-7,36.43471538,127.384875,2020,한전주,042-611-2506,대전광역시 유성구청,2025-07-16
송강동055,1,대전광역시 유성구 송강로42번길 61,대전광역시 유성구 송강동 8-2,36.43678412,127.3831563,2020,한전주,042-611-2506,대전광역시 유성구청,2025-07-16
송강동056,1,대전광역시 유성구 송강로42번길 61,대전광역시 유성구 송강동 8-2,36.43678412,127.3831563,2020,한전주,042-611-2506,대전광역시 유성구청,2025-07-16
송강동057,1,대전광역시 유성구 구즉로 25,대전광역시 유성구 송강동 199,36.43285684,127.3818971,2020,한전주,042-611-2506,대전광역시 유성구청,2025-07-16
송강동058,1,대전광역시 유성구 와룡로 99-28,대전광역시 유성구 송강동 271-1,36.4347034,127.3802061,2020,한전주,042-611-2506,대전광역시 유성구청,2025-07-16
송강동059,1,대전광역시 유성구 와룡로 99-38,대전광역시 유성구 송강동 294-6,36.43501558,127.3797763,2020,한전주,042-611-2506,대전광역시 유성구청,2025-07-16
송강동060,1,대전광역시 유성구 와룡로 99-38,대전광역시 유성구 송강동 294-6,36.43501558,127.3797763,2020,한전주,042-611-2506,대전광역시 유성구청,2025-07-16
송강동061,1,대전광역시 유성구 와룡로 99-38,대전광역시 유성구 송강동 294-6,36.43501558,127.3797763,2020,건축물,042-611-2506,대전광역시 유성구청,2025-07-16
송강동062,1,,대전광역시 유성구 송강동 294-2,36.43545498,127.379325,2020,건축물,042-611-2506,대전광역시 유성구청,2025-07-16
송강동063,1,,대전광역시 유성구 송강동 294-2,36.43545498,127.379325,2020,건축물,042-611-2506,대전광역시 유성구청,2025-07-16
송강동064,1,대전광역시 유성구 와룡로 99-74,대전광역시 유성구 송강동 294-4,36.43464987,127.3781644,2020,건축물,042-611-2506,대전광역시 유성구청,2025-07-16
송강동065,1,대전광역시 유성구 와룡로 99-74,대전광역시 유성구 송강동 294-4,36.43464987,127.3781644,2020,건축물,042-611-2506,대전광역시 유성구청,2025-07-16
송강동066,1,대전광역시 유성구 와룡로 99-74,대전광역시 유성구 송강동 294-4,36.43464987,127.3781644,2020,한전주,042-611-2506,대전광역시 유성구청,2025-07-16
송강동067,1,,대전광역시 유성구 송강동 282,36.43657808,127.380887,2020,건축물,042-611-2506,대전광역시 유성구청,2025-07-16
송강동068,1,대전광역시 유성구 와룡로 107-25,대전광역시 유성구 송강동 283-2,36.43661458,127.3806047,2020,건축물,042-611-2506,대전광역시 유성구청,2025-07-16
송강동069,1,,대전광역시 유성구 송강동 208-10,36.42897471,127.3840034,2020,한전주,042-611-2506,대전광역시 유성구청,2025-07-16
송강동070,1,,대전광역시 유성구 송강동 208-10 주차장 안쪽,36.2820139,127.2539731,2020,한전주,042-611-2506,대전광역시 유성구청,2025-07-16
송강동071,1,대전광역시 유성구 구즉로57번길 8-16,대전광역시 유성구 송강동 25-10,36.43505658,127.3851502,2020,전용주,042-611-2506,대전광역시 유성구청,2025-07-16
송강동072,1,대전광역시 유성구 송강로 2,대전광역시 유성구 송강동 187-8,36.43230536,127.387287,2020,한전주,042-611-2506,대전광역시 유성구청,2025-07-16
송정동001,1,대전광역시 유성구 송정길 29,대전광역시 유성구 송정동 317-3,36.2820139,127.2539731,2020,한전주,042-611-2506,대전광역시 유성구청,2025-07-16
송정동002,1,대전광역시 유성구 송정길 29,대전광역시 유성구 송정동 317-3,36.28200566,127.2539677,2020,한전주,042-611-2506,대전광역시 유성구청,2025-07-16
송정동003,1,대전광역시 유성구 송정길 29,대전광역시 유성구 송정동 317-3,36.28200566,127.2539677,2020,한전주,042-611-2506,대전광역시 유성구청,2025-07-16
송정동004,1,대전광역시 유성구 송정길 29,대전광역시 유성구 송정동 317-3,36.28200566,127.2539677,2020,한전주,042-611-2506,대전광역시 유성구청,2025-07-16
송정동005,1,대전광역시 유성구 송정길64번길 145-13,대전광역시 유성구 송정동 234,36.28273047,127.2581405,2020,한전주,042-611-2506,대전광역시 유성구청,2025-07-16
송정동006,1,대전광역시 유성구 송정길64번길 145-13,대전광역시 유성구 송정동 234,36.28273047,127.2581405,2020,한전주,042-611-2506,대전광역시 유성구청,2025-07-16
송정동007,1,대전광역시 유성구 송정길64번길 145-13,대전광역시 유성구 송정동 234,36.28273047,127.2581405,2020,한전주,042-611-2506,대전광역시 유성구청,2025-07-16
송정동008,1,대전광역시 유성구 송정길64번길 67-26,대전광역시 유성구 송정동 389,36.28423338,127.256340,2020,한전주,042-611-2506,대전광역시 유성구청,2025-07-16
송정동009,1,대전광역시 유성구 송정길64번길 61,대전광역시 유성구 송정동 386,36.28437983,127.2547343,2020,한전주,042-611-2506,대전광역시 유성구청,2025-07-16
송정동010,1,대전광역시 유성구 송정길64번길 67-54,대전광역시 유성구 송정동 390,36.2843447,127.2556163,2020,한전주,042-611-2506,대전광역시 유성구청,2025-07-16
송정동011,1,,대전광역시 유성구 송정동 598-15,36.28512145,127.2560681,2020,한전주,042-611-2506,대전광역시 유성구청,2025-07-16
송정동012,1,대전광역시 유성구 송정길64번길 57,대전광역시 유성구 송정동 383-1,36.2842473,127.2544224,2020,한전주,042-611-2506,대전광역시 유성구청,2025-07-16
송정동013,1,대전광역시 유성구 송정길64번길 47,대전광역시 유성구 송정동 382-2,36.28416543,127.2540205,2020,한전주,042-611-2506,대전광역시 유성구청,2025-07-16
송정동014,1,대전광역시 유성구 송정길64번길 35,대전광역시 유성구 송정동 380-1,36.28427589,127.2534342,2020,한전주,042-611-2506,대전광역시 유성구청,2025-07-16
송정동015,1,대전광역시 유성구 송정길64번길 13,대전광역시 유성구 송정동 371,36.28489759,127.2523424,2020,한전주,042-611-2506,대전광역시 유성구청,2025-07-16
송정동016,1,대전광역시 유성구 송정길64번길 9,대전광역시 유성구 송정동 370,36.284732,127.2521045,2020,한전주,042-611-2506,대전광역시 유성구청,2025-07-16
송정동017,1,대전광역시 유성구 송정길 93,대전광역시 유성구 송정동 568-11,36.28661679,127.2498937,2020,한전주,042-611-2506,대전광역시 유성구청,2025-07-16
송정동018,1,대전광역시 유성구 송정길 93,대전광역시 유성구 송정동 568-11,36.28661679,127.2498937,2020,한전주,042-611-2506,대전광역시 유성구청,2025-07-16
송정동019,1,대전광역시 유성구 송정길84번길 23-4,대전광역시 유성구 송정동 408,36.28689808,127.2516844,2020,한전주,042-611-2506,대전광역시 유성구청,2025-07-16
송정동020,1,대전광역시 유성구 송정길84번길 48-7,대전광역시 유성구 송정동 403-2,36.28682431,127.2527774,2020,한전주,042-611-2506,대전광역시 유성구청,2025-07-16
송정동021,1,대전광역시 유성구 송정길84번길 60,대전광역시 유성구 송정동 402,36.28688308,127.2531117,2020,한전주,042-611-2506,대전광역시 유성구청,2025-07-16
송정동022,1,대전광역시 유성구 송정길84번길 51-16,대전광역시 유성구 송정동 412-1,36.28746786,127.253497,2020,한전주,042-611-2506,대전광역시 유성구청,2025-07-16
송정동023,1,대전광역시 유성구 송정길64번길 67-49,대전광역시 유성구 송정동 397,36.28584068,127.2561143,2020,한전주,042-611-2506,대전광역시 유성구청,2025-07-16
송정동024,1,대전광역시 유성구 송정길84번길 51-16,대전광역시 유성구 송정동 412-1,36.28746786,127.253497,2020,한전주,042-611-2506,대전광역시 유성구청,2025-07-16
송정동025,1,,대전광역시 유성구 송정동 412-5,36.28755126,127.2533476,2020,한전주,042-611-2506,대전광역시 유성구청,2025-07-16
송정동026,1,대전광역시 유성구 송정길84번길 41-8,대전광역시 유성구 송정동 413-1,36.28744876,127.2526412,2020,한전주,042-611-2506,대전광역시 유성구청,2025-07-16
송정동027,1,대전광역시 유성구 송정길84번길 41-14,대전광역시 유성구 송정동 415,36.28762181,127.2527577,2020,한전주,042-611-2506,대전광역시 유성구청,2025-07-16
송정동028,1,대전광역시 유성구 송정길84번길 23-20,대전광역시 유성구 송정동 419,36.28722836,127.2518602,2020,한전주,042-611-2506,대전광역시 유성구청,2025-07-16
송정동029,1,대전광역시 유성구 송정길96번길 25,대전광역시 유성구 송정동 554,36.28722383,127.2511827,2020,한전주,042-611-2506,대전광역시 유성구청,2025-07-16
송정동030,1,대전광역시 유성구 송정길96번길 25-12,대전광역시 유성구 송정동 423,36.28756609,127.2512747,2020,한전주,042-611-2506,대전광역시 유성구청,2025-07-16
송정동031,1,대전광역시 유성구 송정길96번길 46,대전광역시 유성구 송정동 425,36.28777288,127.2515486,2020,한전주,042-611-2506,대전광역시 유성구청,2025-07-16
송정동032,1,대전광역시 유성구 송정길96번길 25-22,대전광역시 유성구 송정동 555-2,36.28743415,127.2509792,2020,한전주,042-611-2506,대전광역시 유성구청,2025-07-16
송정동033,1,대전광역시 유성구 송정길96번길 25-11,대전광역시 유성구 송정동 560-1,36.28749768,127.2506801,2020,한전주,042-611-2506,대전광역시 유성구청,2025-07-16
송정동034,1,대전광역시 유성구 송정길96번길 9-9,대전광역시 유성구 송정동 240-5,36.28755921,127.250172,2020,한전주,042-611-2506,대전광역시 유성구청,2025-07-16
송정동035,1,대전광역시 유성구 송정길96번길 43-10,대전광역시 유성구 송정동 552,36.28803774,127.2511634,2020,한전주,042-611-2506,대전광역시 유성구청,2025-07-16
송정동036,1,대전광역시 유성구 송정길96번길 25-40,대전광역시 유성구 송정동 557-3,36.28810657,127.2507922,2020,한전주,042-611-2506,대전광역시 유성구청,2025-07-16
송정동037,1,대전광역시 유성구 송정길112번길 26,대전광역시 유성구 송정동 557-1,36.28866939,127.2504282,2020,한전주,042-611-2506,대전광역시 유성구청,2025-07-16
송정동038,1,대전광역시 유성구 송정길112번길 32-9,대전광역시 유성구 송정동 551-7,36.28875561,127.2507828,2020,건축물,042-611-2506,대전광역시 유성구청,2025-07-16
송정동039,1,대전광역시 유성구 송정길112번길 32-9,대전광역시 유성구 송정동 551-7,36.28875561,127.2507828,2020,한전주,042-611-2506,대전광역시 유성구청,2025-07-16
송정동040,1,대전광역시 유성구 송정길112번길 64,대전광역시 유성구 송정동 434-2,36.28950069,127.2517803,2020,한전주,042-611-2506,대전광역시 유성구청,2025-07-16
송정동041,1,대전광역시 유성구 송정길112번길 64,대전광역시 유성구 송정동 434-2,36.28950069,127.2517803,2020,한전주,042-611-2506,대전광역시 유성구청,2025-07-16
송정동042,1,대전광역시 유성구 송정길112번길 93-14,대전광역시 유성구 송정동 473,36.29118751,127.2528179,2020,한전주,042-611-2506,대전광역시 유성구청,2025-07-16
송정동043,1,대전광역시 유성구 송정길112번길 93-14,대전광역시 유성구 송정동 473,36.29118751,127.2528077,2020,건축물,042-611-2506,대전광역시 유성구청,2025-07-16
송정동044,1,대전광역시 유성구 송정길112번길 109,대전광역시 유성구 송정동 472,36.29131424,127.2531866,2020,건축물,042-611-2506,대전광역시 유성구청,2025-07-16
송정동045,1,대전광역시 유성구 송정길112번길 115,대전광역시 유성구 송정동 474,36.29160231,127.2529276,2020,한전주,042-611-2506,대전광역시 유성구청,2025-07-16
송정동046,1,대전광역시 유성구 송정길112번길 123-14,대전광역시 유성구 송정동 463,36.29216067,127.2527881,2020,한전주,042-611-2506,대전광역시 유성구청,2025-07-16
송정동047,1,대전광역시 유성구 송정길112번길 123-14,대전광역시 유성구 송정동 463,36.29216067,127.2527881,2020,한전주,042-611-2506,대전광역시 유성구청,2025-07-16
송정동048,1,대전광역시 유성구 송정길112번길 123-20,대전광역시 유성구 송정동 461,36.29252813,127.252939,2020,한전주,042-611-2506,대전광역시 유성구청,2025-07-16
송정동049,1,,대전광역시 유성구 송정동 609,36.29074793,127.2525269,2020,한전주,042-611-2506,대전광역시 유성구청,2025-07-16
송정동050,1,대전광역시 유성구 송정길 140-27,대전광역시 유성구 송정동 519-2,36.29035893,127.2487038,2020,한전주,042-611-2506,대전광역시 유성구청,2025-07-16
송정동051,1,,대전광역시 유성구 송정동 236-4,36.28974528,127.2482174,2020,한전주,042-611-2506,대전광역시 유성구청,2025-07-16
송정동052,1,,대전광역시 유성구 송정동 539-2,36.2907593,127.2472994,2020,건축물,042-611-2506,대전광역시 유성구청,2025-07-16
송정동053,1,,대전광역시 유성구 송정동 529-3,36.290776,127.2472414,2020,한전주,042-611-2506,대전광역시 유성구청,2025-07-16
송정동054,1,,대전광역시 유성구 송정동 529-3,36.290776,127.2472414,2020,한전주,042-611-2506,대전광역시 유성구청,2025-07-16
송정동055,1,,대전광역시 유성구 송정동 529-3,36.290776,127.2472414,2020,한전주,042-611-2506,대전광역시 유성구청,2025-07-16
송정동056,1,대전광역시 유성구 송정길 112,대전광역시 유성구 송정동 563,36.28799994,127.2491121,2020,한전주,042-611-2506,대전광역시 유성구청,2025-07-16
송정동057,1,대전광역시 유성구 송정길 99,대전광역시 유성구 송정동 568-2,36.28693174,127.2492969,2020,한전주,042-611-2506,대전광역시 유성구청,2025-07-16
송정동058,1,대전광역시 유성구 송정길 95,대전광역시 유성구 송정동 568-10,36.28675413,127.249767,2020,한전주,042-611-2506,대전광역시 유성구청,2025-07-16
송정동059,1,대전광역시 유성구 송정길96번길 9-2,대전광역시 유성구 송정동 566-1,36.28725516,127.250382,2020,한전주,042-611-2506,대전광역시 유성구청,2025-07-16
송정동060,1,대전광역시 유성구 송정길 93,대전광역시 유성구 송정동 568-11,36.28661679,127.2498937,2020,한전주,042-611-2506,대전광역시 유성구청,2025-07-16
송정동061,1,대전광역시 유성구 송정길64번길 9,대전광역시 유성구 송정동 370,36.284732,127.2521045,2020,한전주,042-611-2506,대전광역시 유성구청,2025-07-16
송정동062,1,대전광역시 유성구 송정길64번길 35,대전광역시 유성구 송정동 380-1,36.28427589,127.2534342,2020,한전주,042-611-2506,대전광역시 유성구청,2025-07-16
송정동063,1,대전광역시 유성구 송정길 29,대전광역시 유성구 송정동 317-3,36.28200566,127.2539677,2020,한전주,042-611-2506,대전광역시 유성구청,2025-07-16
송정동064,1,대전광역시 유성구 송정길6번길 96-19,대전광역시 유성구 송정동 산 39-1,36.28225358,127.259961,2020,한전주,042-611-2506,대전광역시 유성구청,2025-07-16
송정동065,1,대전광역시 유성구 송정길6번길 96-19,대전광역시 유성구 송정동 산 39-1,36.28225358,127.259961,2020,한전주,042-611-2506,대전광역시 유성구청,2025-07-16
송정동066,1,대전광역시 유성구 송정길6번길 124,대전광역시 유성구 송정동 204,36.28405729,127.2608401,2020,한전주,042-611-2506,대전광역시 유성구청,2025-07-16
송정동067,1,대전광역시 유성구 송정길6번길 161,대전광역시 유성구 송정동 214-2,36.28549805,127.2603315,2020,한전주,042-611-2506,대전광역시 유성구청,2025-07-16
송정동068,1,대전광역시 유성구 송정길6번길 89-73,대전광역시 유성구 송정동 221-1,36.28587505,127.2584475,2020,한전주,042-611-2506,대전광역시 유성구청,2025-07-16
송정동069,1,대전광역시 유성구 송정길6번길 89-75,대전광역시 유성구 송정동 220,36.28633858,127.2585466,2020,한전주,042-611-2506,대전광역시 유성구청,2025-07-16
송정동070,1,대전광역시 유성구 송정길6번길 124,대전광역시 유성구 송정동 204,36.28405729,127.2608401,2020,한전주,042-611-2506,대전광역시 유성구청,2025-07-16
송정동071,1,,대전광역시 유성구 송정동 596,36.28521066,127.2607507,2020,한전주,042-611-2506,대전광역시 유성구청,2025-07-16
송정동072,1,대전광역시 유성구 송정길6번길 134,대전광역시 유성구 송정동 211,36.2844137,127.2610107,2020,한전주,042-611-2506,대전광역시 유성구청,2025-07-16
송정동073,1,대전광역시 유성구 송정길6번길 159,대전광역시 유성구 송정동 214-7,36.28530864,127.2605677,2020,한전주,042-611-2506,대전광역시 유성구청,2025-07-16
송정동074,1,대전광역시 유성구 송정길6번길 166,대전광역시 유성구 송정동 195-1,36.28571953,127.2608811,2020,한전주,042-611-2506,대전광역시 유성구청,2025-07-16
송정동075,1,대전광역시 유성구 송정길6번길 188,대전광역시 유성구 송정동 192,36.28674425,127.2607705,2020,한전주,042-611-2506,대전광역시 유성구청,2025-07-16
송정동076,1,대전광역시 유성구 송정길64번길 161-12,대전광역시 유성구 송정동 254,36.2821822,127.2592923,2020,한전주,042-611-2506,대전광역시 유성구청,2025-07-16
송정동077,1,,대전광역시 유성구 송정동 254-1,36.28201548,127.2591838,2020,한전주,042-611-2506,대전광역시 유성구청,2025-07-16
송정동078,1,,대전광역시 유성구 송정동 255-6,36.28155621,127.2593567,2020,한전주,042-611-2506,대전광역시 유성구청,2025-07-16
송정동079,1,대전광역시 유성구 송정길64번길 161-12,대전광역시 유성구 송정동 254,36.2821824,127.2592419,2020,한전주,042-611-2506,대전광역시 유성구청,2025-07-16
송정동080,1,대전광역시 유성구 송정길64번길 187,대전광역시 유성구 송정동 320-7,36.28083672,127.2591785,2020,한전주,042-611-2506,대전광역시 유성구청,2025-07-16
송정동081,1,대전광역시 유성구 송정길64번길 191,대전광역시 유성구 송정동 320-6,36.28048686,127.2592284,2020,한전주,042-611-2506,대전광역시 유성구청,2025-07-16
송정동082,1,대전광역시 유성구 송정길64번길 191,대전광역시 유성구 송정동 320-6,36.28048686,127.2592284,2020,한전주,042-611-2506,대전광역시 유성구청,2025-07-16
송정동083,1,대전광역시 유성구 송정길64번길 317,대전광역시 유성구 송정동 28,36.27712014,127.2629322,2020,한전주,042-611-2506,대전광역시 유성구청,2025-07-16
송정동084,1,대전광역시 유성구 송정길64번길 317,대전광역시 유성구 송정동 28,36.27712014,127.2629322,2020,한전주,042-611-2506,대전광역시 유성구청,2025-07-16
송정동085,1,대전광역시 유성구 송정길64번길 317,대전광역시 유성구 송정동 28,36.27712014,127.2629322,2020,한전주,042-611-2506,대전광역시 유성구청,2025-07-16
송정동086,1,대전광역시 유성구 송정길64번길 317,대전광역시 유성구 송정동 28,36.27712014,127.2629322,2020,건축물,042-611-2506,대전광역시 유성구청,2025-07-16
송정동087,1,대전광역시 유성구 송정길64번길 317,대전광역시 유성구 송정동 28,36.27712014,127.2629322,2020,건축물,042-611-2506,대전광역시 유성구청,2025-07-16
송정동088,1,대전광역시 유성구 송정길64번길 317,대전광역시 유성구 송정동 28,36.27712014,127.2629322,2020,건축물,042-611-2506,대전광역시 유성구청,2025-07-16
송정동089,1,대전광역시 유성구 계백로93번길 71-25,대전광역시 유성구 송정동 42-2,36.27937007,127.2627971,2020,건축물,042-611-2506,대전광역시 유성구청,2025-07-16
송정동090,1,대전광역시 유성구 계백로93번길 71-25,대전광역시 유성구 송정동 42-2,36.27937007,127.2627971,2020,건축물,042-611-2506,대전광역시 유성구청,2025-07-16
송정동091,1,대전광역시 유성구 계백로93번길 71-48,대전광역시 유성구 송정동 279-2,36.2800268,127.2618291,2020,한전주,042-611-2506,대전광역시 유성구청,2025-07-16
송정동092,1,대전광역시 유성구 계백로93번길 71-48,대전광역시 유성구 송정동 279-2,36.28008296,127.2618291,2020,한전주,042-611-2506,대전광역시 유성구청,2025-07-16
송정동093,1,대전광역시 유성구 계백로93번길 79-15,대전광역시 유성구 송정동 114-1,36.28015806,127.2633738,2020,한전주,042-611-2506,대전광역시 유성구청,2025-07-16
송정동094,1,대전광역시 유성구 계백로93번길 79-15,대전광역시 유성구 송정동 114-1,36.28015806,127.2633738,2020,한전주,042-611-2506,대전광역시 유성구청,2025-07-16
송정동095,1,대전광역시 유성구 계백로93번길 79-57,대전광역시 유성구 송정동 120,36.28116165,127.2632416,2020,건축물,042-611-2506,대전광역시 유성구청,2025-07-16
송정동096,1,대전광역시 유성구 계백로149번길 196,대전광역시 유성구 송정동 100,36.28149818,127.2648217,2020,한전주,042-611-2506,대전광역시 유성구청,2025-07-16
송정동097,1,대전광역시 유성구 계백로149번길 208,대전광역시 유성구 송정동 98,36.28202765,127.2650532,2020,한전주,042-611-2506,대전광역시 유성구청,2025-07-16
송정동098,1,대전광역시 유성구 계백로149번길 180,대전광역시 유성구 송정동 101-3,36.28094154,127.2648516,2020,한전주,042-611-2506,대전광역시 유성구청,2025-07-16
송정동099,1,대전광역시 유성구 계백로149번길 166,대전광역시 유성구 송정동 102-1,36.28061332,127.2653833,2020,한전주,042-611-2506,대전광역시 유성구청,2025-07-16
송정동100,1,대전광역시 유성구 계백로93번길 117,대전광역시 유성구 송정동 산 24,36.28255126,127.2645978,2020,한전주,042-611-2506,대전광역시 유성구청,2025-07-16
송정동101,1,대전광역시 유성구 계백로93번길 117,대전광역시 유성구 송정동 산 24,36.28255126,127.2645978,2020,한전주,042-611-2506,대전광역시 유성구청,2025-07-16
송정동102,1,대전광역시 유성구 계백로93번길 117,대전광역시 유성구 송정동 산 24,36.28255126,127.2645978,2020,한전주,042-611-2506,대전광역시 유성구청,2025-07-16
송정동103,1,대전광역시 유성구 계백로93번길 128-19,대전광역시 유성구 송정동 78-7,36.2808079,127.2670124,2020,한전주,042-611-2506,대전광역시 유성구청,2025-07-16
송정동104,1,대전광역시 유성구 계백로93번길 128-42,대전광역시 유성구 송정동 78-1,36.28085673,127.2672823,2020,한전주,042-611-2506,대전광역시 유성구청,2025-07-16
송정동105,1,대전광역시 유성구 계백로93번길 128-19,대전광역시 유성구 송정동 78-7,36.28085454,127.2670124,2020,한전주,042-611-2506,대전광역시 유성구청,2025-07-16
송정동106,1,대전광역시 유성구 계백로93번길 128-42,대전광역시 유성구 송정동 78-1,36.28085673,127.2672823,2020,한전주,042-611-2506,대전광역시 유성구청,2025-07-16
송정동107,1,대전광역시 유성구 계백로93번길 117,대전광역시 유성구 송정동 산 24,36.28255126,127.2645978,2020,한전주,042-611-2506,대전광역시 유성구청,2025-07-16
송정동108,1,대전광역시 유성구 계백로149번길 166,대전광역시 유성구 송정동 102-1,36.28061332,127.2653833,2020,한전주,042-611-2506,대전광역시 유성구청,2025-07-16
송정동109,1,대전광역시 유성구 계백로149번길 200,대전광역시 유성구 송정동 99-1,36.28186103,127.2650114,2020,한전주,042-611-2506,대전광역시 유성구청,2025-07-16
송정동110,1,대전광역시 유성구 계백로149번길 208,대전광역시 유성구 송정동 98,36.28202765,127.2650532,2020,한전주,042-611-2506,대전광역시 유성구청,2025-07-16
송정동111,1,대전광역시 유성구 계백로149번길 208,대전광역시 유성구 송정동 98,36.28202765,127.2650532,2020,한전주,042-611-2506,대전광역시 유성구청,2025-07-16
송정동112,1,대전광역시 유성구 계백로93번길 242-14,대전광역시 유성구 송정동 145,36.28510965,127.266541,2020,한전주,042-611-2506,대전광역시 유성구청,2025-07-16
송정동113,1,대전광역시 유성구 계백로93번길 242-14,대전광역시 유성구 송정동 145,36.28510965,127.266541,2020,한전주,042-611-2506,대전광역시 유성구청,2025-07-16
송정동114,1,대전광역시 유성구 계백로93번길 242-14,대전광역시 유성구 송정동 145,36.28510965,127.266541,2020,한전주,042-611-2506,대전광역시 유성구청,2025-07-16
송정동115,1,대전광역시 유성구 계백로93번길 241,대전광역시 유성구 송정동 138,36.28561406,127.265603,2020,한전주,042-611-2506,대전광역시 유성구청,2025-07-16
송정동116,1,대전광역시 유성구 계백로93번길 277-29,대전광역시 유성구 송정동 150-1,36.28757097,127.2642695,2020,한전주,042-611-2506,대전광역시 유성구청,2025-07-16
송정동117,1,대전광역시 유성구 계백로93번길 277-29,대전광역시 유성구 송정동 150-1,36.28757097,127.2642695,2020,한전주,042-611-2506,대전광역시 유성구청,2025-07-16
송정동118,1,대전광역시 유성구 계백로93번길 242-14,대전광역시 유성구 송정동 145,36.28510965,127.266541,2020,한전주,042-611-2506,대전광역시 유성구청,2025-07-16
송정동119,1,대전광역시 유성구 계백로93번길 241,대전광역시 유성구 송정동 138,36.28561406,127.265603,2020,한전주,042-611-2506,대전광역시 유성구청,2025-07-16
송정동120,1,대전광역시 유성구 계백로93번길 111,대전광역시 유성구 송정동 50-4,36.28005803,127.2655563,2020,한전주,042-611-2506,대전광역시 유성구청,2025-07-16
송정동121,1,대전광역시 유성구 계백로93번길 111,대전광역시 유성구 송정동 50-4,36.28005803,127.2655344,2020,한전주,042-611-2506,대전광역시 유성구청,2025-07-16
송정동122,1,대전광역시 유성구 계백로93번길 91-20,대전광역시 유성구 송정동 50-1,36.28035118,127.2650096,2020,한전주,042-611-2506,대전광역시 유성구청,2025-07-16
송정동123,1,대전광역시 유성구 계백로149번길 157,대전광역시 유성구 송정동 50-5,36.28014127,127.2655498,2020,한전주,042-611-2506,대전광역시 유성구청,2025-07-16
송정동124,1,대전광역시 유성구 계백로149번길 128,대전광역시 유성구 송정동 65-1,36.27905505,127.2664455,2020,한전주,042-611-2506,대전광역시 유성구청,2025-07-16
송정동125,1,대전광역시 유성구 계백로149번길 120,대전광역시 유성구 송정동 65-2,36.27854897,127.266282,2020,한전주,042-611-2506,대전광역시 유성구청,2025-07-16
송정동126,1,대전광역시 유성구 계백로149번길 120,대전광역시 유성구 송정동 65-2,36.27854897,127.2662336,2020,한전주,042-611-2506,대전광역시 유성구청,2025-07-16
송정동127,1,대전광역시 유성구 계백로149번길 120,대전광역시 유성구 송정동 65-2,36.27854897,127.2662336,2020,건축물,042-611-2506,대전광역시 유성구청,2025-07-16
송정동128,1,대전광역시 유성구 계백로149번길 120,대전광역시 유성구 송정동 65-2,36.27854897,127.2662336,2020,한전주,042-611-2506,대전광역시 유성구청,2025-07-16
송정동129,1,대전광역시 유성구 계백로149번길 70,대전광역시 유성구 송정동 산 22-8,36.27651302,127.2663881,2020,한전주,042-611-2506,대전광역시 유성구청,2025-07-16
송정동130,1,대전광역시 유성구 계백로149번길 50-158,대전광역시 유성구 송정동 산 22-1,36.27643306,127.2675267,2020,한전주,042-611-2506,대전광역시 유성구청,2025-07-16
송정동131,1,대전광역시 유성구 계백로149번길 50-9,대전광역시 유성구 송정동 56,36.27606158,127.2669285,2020,한전주,042-611-2506,대전광역시 유성구청,2025-07-16
송정동132,1,대전광역시 유성구 계백로149번길 50-150,대전광역시 유성구 송정동 14,36.27609085,127.267339,2020,한전주,042-611-2506,대전광역시 유성구청,2025-07-16
송정동133,1,대전광역시 유성구 계백로149번길 50-31,대전광역시 유성구 송정동 58-6,36.27676704,127.2674476,2020,한전주,042-611-2506,대전광역시 유성구청,2025-07-16
송정동134,1,대전광역시 유성구 계백로149번길 50-174,대전광역시 유성구 송정동 58-4,36.27715619,127.2675627,2020,건축물,042-611-2506,대전광역시 유성구청,2025-07-16
송정동135,1,,대전광역시 유성구 송정동 607,36.29084834,127.2508876,2020,한전주,042-611-2506,대전광역시 유성구청,2025-07-16
송정동136,1,,대전광역시 유성구 송정동 551-4,36.28890913,127.2508277,2020,한전주,042-611-2506,대전광역시 유성구청,2025-07-16
송정동139,1,대전광역시 유성구 송정길84번길 66,대전광역시 유성구 송정동 401-1,36.28658787,127.253189,2020,한전주,042-611-2506,대전광역시 유성구청,2025-07-16
송정동140,1,대전광역시 유성구 계백로149번길 222,대전광역시 유성구 송정동 93-6,36.28266569,127.2644838,2020,한전주,042-611-2506,대전광역시 유성구청,2025-07-16
송정동141,1,,대전광역시 유성구 송정동 산 29-1,36.28735389,127.2616604,2020,한전주,042-611-2506,대전광역시 유성구청,2025-07-16
송정동142,1,,대전광역시 유성구 송정동 산 29-1,36.28735389,127.2616604,2020,한전주,042-611-2506,대전광역시 유성구청,2025-07-16
송정동143,1,대전광역시 유성구 송정길6번길 361,대전광역시 유성구 송정동 156,36.29375394,127.264136,2020,한전주,042-611-2506,대전광역시 유성구청,2025-07-16
송정동144,1,,대전광역시 유성구 송정동 632,36.29150372,127.2635269,2020,한전주,042-611-2506,대전광역시 유성구청,2025-07-16
신성동001,1,대전광역시 유성구 가정로89번길 31,대전광역시 유성구 신성동 116-2,36.3856553,127.3520335,2020,한전주,042-611-2506,대전광역시 유성구청,2025-07-16
신성동002,1,대전광역시 유성구 가정로89번길 24-1,대전광역시 유성구 신성동 118-12,36.38605221,127.352356,2020,한전주,042-611-2506,대전광역시 유성구청,2025-07-16
신성동003,1,대전광역시 유성구 가정로89번길 24,대전광역시 유성구 신성동 118-15,36.3859354,127.3523934,2020,한전주,042-611-2506,대전광역시 유성구청,2025-07-16
신성동004,1,대전광역시 유성구 가정로 79,대전광역시 유성구 신성동 113-1,36.3853796,127.3522875,2020,건축물,042-611-2506,대전광역시 유성구청,2025-07-16
신성동005,1,대전광역시 유성구 가정로 85-2,대전광역시 유성구 신성동 118-25,36.3858854,127.3528324,2020,한전주,042-611-2506,대전광역시 유성구청,2025-07-16
신성동006,1,대전광역시 유성구 가정로89번길 18-1,대전광역시 유성구 신성동 118-9,36.38610576,127.3527479,2020,한전주,042-611-2506,대전광역시 유성구청,2025-07-16
신성동007,1,대전광역시 유성구 가정로89번길 8,대전광역시 유성구 신성동 118-23,36.38584872,127.3532437,2020,한전주,042-611-2506,대전광역시 유성구청,2025-07-16
신성동008,1,대전광역시 유성구 가정로89번길 12-3,대전광역시 유성구 신성동 118-21,36.38588712,127.3535457,2020,한전주,042-611-2506,대전광역시 유성구청,2025-07-16
신성동009,1,,대전광역시 유성구 신성동 434-3,36.38616277,127.3534434,2020,한전주,042-611-2506,대전광역시 유성구청,2025-07-16
신성동010,1,대전광역시 유성구 가정로 87,대전광역시 유성구 신성동 118-44,36.38550207,127.3530794,2020,한전주,042-611-2506,대전광역시 유성구청,2025-07-16
신성동011,1,대전광역시 유성구 가정로 83,대전광역시 유성구 신성동 113-6,36.38540462,127.3526967,2020,건축물,042-611-2506,대전광역시 유성구청,2025-07-16
신성동012,1,대전광역시 유성구 신성로58번길 60,대전광역시 유성구 신성동 253-40,36.38682028,127.3490103,2020,한전주,042-611-2506,대전광역시 유성구청,2025-07-16
신성동013,1,대전광역시 유성구 신성로58번길 58,대전광역시 유성구 신성동 253-30,36.38692336,127.3489838,2020,한전주,042-611-2506,대전광역시 유성구청,2025-07-16
신성동014,1,대전광역시 유성구 신성로58번길 50,대전광역시 유성구 신성동 253-18,36.38725649,127.3488408,2020,한전주,042-611-2506,대전광역시 유성구청,2025-07-16
신성동015,1,대전광역시 유성구 신성로58번길 40,대전광역시 유성구 신성동 253-15,36.3872365,127.348589,2020,한전주,042-611-2506,대전광역시 유성구청,2025-07-16
신성동016,1,대전광역시 유성구 신성로58번길 50,대전광역시 유성구 신성동 253-18,36.38725649,127.3488408,2020,한전주,042-611-2506,대전광역시 유성구청,2025-07-16
신성동017,1,대전광역시 유성구 신성로58번길 38,대전광역시 유성구 신성동 253-14,36.38723664,127.3484493,2020,한전주,042-611-2506,대전광역시 유성구청,2025-07-16
신성동018,1,대전광역시 유성구 신성로58번길 38-16,대전광역시 유성구 신성동 253-10,36.38689294,127.3481065,2020,전용주,042-611-2506,대전광역시 유성구청,2025-07-16
신성동020,1,대전광역시 유성구 신성남로 33-1,대전광역시 유성구 신성동 253-36,36.38663569,127.3488964,2020,한전주,042-611-2506,대전광역시 유성구청,2025-07-16
신성동021,1,대전광역시 유성구 신성로58번길 60-31,대전광역시 유성구 신성동 253-1,36.3871985,127.3479602,2020,한전주,042-611-2506,대전광역시 유성구청,2025-07-16
신성동022,1,대전광역시 유성구 신성로58번길 30,대전광역시 유성구 신성동 208-11,36.38760594,127.3483559,2020,한전주,042-611-2506,대전광역시 유성구청,2025-07-16
신성동023,1,대전광역시 유성구 신성로58번길 24,대전광역시 유성구 신성동 208-9,36.38780719,127.3482245,2020,한전주,042-611-2506,대전광역시 유성구청,2025-07-16
신성동024,1,대전광역시 유성구 신성로58번길 20,대전광역시 유성구 신성동 208-7,36.38801532,127.348083,2020,한전주,042-611-2506,대전광역시 유성구청,2025-07-16
신성동025,1,대전광역시 유성구 신성로58번길 12,대전광역시 유성구 신성동 208-4,36.38832891,127.3478735,2020,한전주,042-611-2506,대전광역시 유성구청,2025-07-16
신성동026,1,대전광역시 유성구 신성로58번길 10,대전광역시 유성구 신성동 208-3,36.38843163,127.3478158,2020,한전주,042-611-2506,대전광역시 유성구청,2025-07-16
신성동027,1,대전광역시 유성구 신성로 56,대전광역시 유성구 신성동 208-1,36.38866005,127.3476722,2020,한전주,042-611-2506,대전광역시 유성구청,2025-07-16
신성동028,1,대전광역시 유성구 신성로58번길 31,대전광역시 유성구 신성동 212-2,36.38753723,127.3487686,2020,한전주,042-611-2506,대전광역시 유성구청,2025-07-16
신성동029,1,대전광역시 유성구 신성남로 41,대전광역시 유성구 신성동 216-2,36.38678231,127.3500075,2020,한전주,042-611-2506,대전광역시 유성구청,2025-07-16
신성동030,1,대전광역시 유성구 신성로68번길 56,대전광역시 유성구 신성동 213-6,36.38721593,127.3497061,2020,한전주,042-611-2506,대전광역시 유성구청,2025-07-16
신성동031,1,대전광역시 유성구 신성로68번길 50,대전광역시 유성구 신성동 213-4,36.38744294,127.3495515,2020,한전주,042-611-2506,대전광역시 유성구청,2025-07-16
신성동032,1,대전광역시 유성구 신성로68번길 44,대전광역시 유성구 신성동 213-2,36.38767441,127.3494102,2020,한전주,042-611-2506,대전광역시 유성구청,2025-07-16
신성동033,1,대전광역시 유성구 신성남로95번길 71,대전광역시 유성구 신성동 213-1,36.38780055,127.3493267,2020,한전주,042-611-2506,대전광역시 유성구청,2025-07-16
신성동034,1,대전광역시 유성구 신성로68번길 33,대전광역시 유성구 신성동 142-16,36.38816436,127.3493843,2020,한전주,042-611-2506,대전광역시 유성구청,2025-07-16
신성동035,1,대전광역시 유성구 신성로68번길 20,대전광역시 유성구 신성동 211-1,36.38861904,127.3487862,2020,한전주,042-611-2506,대전광역시 유성구청,2025-07-16
신성동036,1,대전광역시 유성구 신성로68번길 20,대전광역시 유성구 신성동 211-1,36.38861904,127.3487862,2020,한전주,042-611-2506,대전광역시 유성구청,2025-07-16
신성동037,1,대전광역시 유성구 신성로68번길 15,대전광역시 유성구 신성동 142-23,36.38891017,127.3488915,2020,한전주,042-611-2506,대전광역시 유성구청,2025-07-16
신성동038,1,대전광역시 유성구 신성로 66,대전광역시 유성구 신성동 162-1,36.38929065,127.3483632,2020,한전주,042-611-2506,대전광역시 유성구청,2025-07-16
신성동039,1,대전광역시 유성구 신성로72번길 30,대전광역시 유성구 신성동 142-10,36.38855196,127.3493202,2020,전용주,042-611-2506,대전광역시 유성구청,2025-07-16
신성동040,1,대전광역시 유성구 신성로68번길 43,대전광역시 유성구 신성동 214-15,36.38776477,127.3496361,2020,한전주,042-611-2506,대전광역시 유성구청,2025-07-16
신성동041,1,대전광역시 유성구 신성남로 59,대전광역시 유성구 신성동 210-22,36.38729352,127.3504744,2020,한전주,042-611-2506,대전광역시 유성구청,2025-07-16
신성동042,1,대전광역시 유성구 신성남로 61-7,대전광역시 유성구 신성동 210-25,36.38759892,127.3504761,2020,한전주,042-611-2506,대전광역시 유성구청,2025-07-16
신성동043,1,대전광역시 유성구 신성남로 61-20,대전광역시 유성구 신성동 210-32,36.38810542,127.350432,2020,건축물,042-611-2506,대전광역시 유성구청,2025-07-16
신성동044,1,대전광역시 유성구 신성남로95번길 55,대전광역시 유성구 신성동 210-30,36.38813494,127.3501387,2020,한전주,042-611-2506,대전광역시 유성구청,2025-07-16
신성동045,1,대전광역시 유성구 신성남로95번길 47,대전광역시 유성구 신성동 210-46,36.3882074,127.3504955,2020,한전주,042-611-2506,대전광역시 유성구청,2025-07-16
신성동046,1,대전광역시 유성구 신성남로95번길 47,대전광역시 유성구 신성동 210-46,36.38828123,127.3504955,2020,한전주,042-611-2506,대전광역시 유성구청,2025-07-16
신성동047,1,대전광역시 유성구 신성남로 65-11,대전광역시 유성구 신성동 210-42,36.38784276,127.3507885,2020,건축물,042-611-2506,대전광역시 유성구청,2025-07-16
신성동049,1,대전광역시 유성구 신성남로 69-14,대전광역시 유성구 신성동 210-66,36.38822277,127.3513148,2020,한전주,042-611-2506,대전광역시 유성구청,2025-07-16
신성동050,1,대전광역시 유성구 신성남로 69-21,대전광역시 유성구 신성동 210-62,36.38844033,127.3508793,2020,건축물,042-611-2506,대전광역시 유성구청,2025-07-16
신성동051,1,대전광역시 유성구 신성남로 69-21,대전광역시 유성구 신성동 210-62,36.38844033,127.3508793,2020,한전주,042-611-2506,대전광역시 유성구청,2025-07-16
신성동052,1,대전광역시 유성구 신성로84번길 58,대전광역시 유성구 신성동 210-78,36.38861073,127.351253,2020,한전주,042-611-2506,대전광역시 유성구청,2025-07-16
신성동053,1,대전광역시 유성구 신성남로95번길 27,대전광역시 유성구 신성동 210-79,36.3887679,127.3514891,2020,한전주,042-611-2506,대전광역시 유성구청,2025-07-16
신성동055,1,대전광역시 유성구 신성남로 75,대전광역시 유성구 신성동 210-87,36.38800881,127.3521191,2020,건축물,042-611-2506,대전광역시 유성구청,2025-07-16
신성동056,1,대전광역시 유성구 신성남로 77-17,대전광역시 유성구 신성동 210-92,36.3885504,127.3517572,2020,건축물,042-611-2506,대전광역시 유성구청,2025-07-16
신성동057,1,대전광역시 유성구 신성남로95번길 25,대전광역시 유성구 신성동 210-94,36.38879582,127.3516247,2020,한전주,042-611-2506,대전광역시 유성구청,2025-07-16
신성동058,1,대전광역시 유성구 신성남로95번길 21,대전광역시 유성구 신성동 149-9,36.38884626,127.351816,2020,한전주,042-611-2506,대전광역시 유성구청,2025-07-16
신성동059,1,대전광역시 유성구 신성남로95번길 9,대전광역시 유성구 신성동 149-13,36.3890075,127.352380,2020,한전주,042-611-2506,대전광역시 유성구청,2025-07-16
신성동060,1,대전광역시 유성구 신성남로 95,대전광역시 유성구 신성동 149-1,36.38918701,127.3526664,2020,한전주,042-611-2506,대전광역시 유성구청,2025-07-16
신성동061,1,대전광역시 유성구 신성남로 93,대전광역시 유성구 신성동 149-2,36.38907278,127.3527444,2020,한전주,042-611-2506,대전광역시 유성구청,2025-07-16
신성동062,1,대전광역시 유성구 신성남로 91-6,대전광역시 유성구 신성동 149-3,36.38900489,127.3526034,2020,한전주,042-611-2506,대전광역시 유성구청,2025-07-16
신성동063,1,대전광역시 유성구 신성남로 91-14,대전광역시 유성구 신성동 149-6,36.38883516,127.352188,2020,한전주,042-611-2506,대전광역시 유성구청,2025-07-16
신성동064,1,대전광역시 유성구 신성남로 77-20,대전광역시 유성구 신성동 150-13,36.38848823,127.3526408,2020,한전주,042-611-2506,대전광역시 유성구청,2025-07-16
신성동065,1,대전광역시 유성구 신성남로 83,대전광역시 유성구 신성동 150-6,36.38831166,127.3527729,2020,한전주,042-611-2506,대전광역시 유성구청,2025-07-16
신성동066,1,대전광역시 유성구 신성남로 79,대전광역시 유성구 신성동 150-8,36.38815003,127.3524841,2020,한전주,042-611-2506,대전광역시 유성구청,2025-07-16
신성동067,1,대전광역시 유성구 신성로84번길 43-18,대전광역시 유성구 신성동 148-1,36.3894768,127.351973,2020,한전주,042-611-2506,대전광역시 유성구청,2025-07-16
신성동068,1,대전광역시 유성구 신성로84번길 43-18,대전광역시 유성구 신성동 148-1,36.3894768,127.351973,2020,한전주,042-611-2506,대전광역시 유성구청,2025-07-16
신성동069,1,대전광역시 유성구 신성로84번길 33-18,대전광역시 유성구 신성동 146-1,36.38986622,127.3517814,2020,한전주,042-611-2506,대전광역시 유성구청,2025-07-16
신성동070,1,대전광역시 유성구 신성로84번길 33-17,대전광역시 유성구 신성동 144-2,36.3900669,127.3516612,2020,한전주,042-611-2506,대전광역시 유성구청,2025-07-16
신성동071,1,대전광역시 유성구 신성남로111번길 11,대전광역시 유성구 신성동 144-1,36.39022756,127.351576,2020,한전주,042-611-2506,대전광역시 유성구청,2025-07-16
신성동072,1,대전광역시 유성구 신성남로111번길 8,대전광역시 유성구 신성동 126-15,36.39054829,127.3516366,2020,한전주,042-611-2506,대전광역시 유성구청,2025-07-16
신성동073,1,대전광역시 유성구 신성남로111번길 14,대전광역시 유성구 신성동 126-17,36.39045708,127.3513933,2020,한전주,042-611-2506,대전광역시 유성구청,2025-07-16
신성동074,1,대전광역시 유성구 신성남로111번길 20,대전광역시 유성구 신성동 126-20,36.39032927,127.3510333,2020,한전주,042-611-2506,대전광역시 유성구청,2025-07-16
신성동075,1,대전광역시 유성구 신성로72번길 5,대전광역시 유성구 신성동 210-12,36.38911606,127.3508683,2020,한전주,042-611-2506,대전광역시 유성구청,2025-07-16
신성동076,1,,대전광역시 유성구 신성동 143-1,36.38957234,127.3507902,2020,한전주,042-611-2506,대전광역시 유성구청,2025-07-16
신성동077,1,대전광역시 유성구 신성로84번길 33-4,대전광역시 유성구 신성동 146-10,36.38960645,127.351125,2020,한전주,042-611-2506,대전광역시 유성구청,2025-07-16
신성동078,1,대전광역시 유성구 신성로84번길 33-9,대전광역시 유성구 신성동 144-5,36.3899236,127.3512982,2020,한전주,042-611-2506,대전광역시 유성구청,2025-07-16
신성동079,1,대전광역시 유성구 신성로84번길 33-15,대전광역시 유성구 신성동 144-3,36.39001577,127.3515492,2020,한전주,042-611-2506,대전광역시 유성구청,2025-07-16
신성동080,1,대전광역시 유성구 신성로84번길 37,대전광역시 유성구 신성동 146-9,36.38954766,127.3510115,2020,한전주,042-611-2506,대전광역시 유성구청,2025-07-16
신성동081,1,대전광역시 유성구 신성로84번길 41,대전광역시 유성구 신성동 146-8,36.38937873,127.3510905,2020,한전주,042-611-2506,대전광역시 유성구청,2025-07-16
신성동082,1,대전광역시 유성구 신성로84번길 49,대전광역시 유성구 신성동 147-6,36.3890378,127.3512827,2020,한전주,042-611-2506,대전광역시 유성구청,2025-07-16
신성동083,1,대전광역시 유성구 신성로84번길 43-5,대전광역시 유성구 신성동 146-7,36.38943394,127.3512232,2020,한전주,042-611-2506,대전광역시 유성구청,2025-07-16
신성동084,1,대전광역시 유성구 신성로84번길 43-9,대전광역시 유성구 신성동 146-5,36.38953232,127.3514809,2020,한전주,042-611-2506,대전광역시 유성구청,2025-07-16
신성동085,1,대전광역시 유성구 신성로84번길 43-15,대전광역시 유성구 신성동 146-3,36.38963744,127.3517388,2020,한전주,042-611-2506,대전광역시 유성구청,2025-07-16
신성동086,1,대전광역시 유성구 신성로84번길 18,대전광역시 유성구 신성동 136-3,36.39013702,127.3502476,2020,한전주,042-611-2506,대전광역시 유성구청,2025-07-16
신성동087,1,대전광역시 유성구 신성로84번길 18-1,대전광역시 유성구 신성동 136-4,36.39006225,127.3500838,2020,한전주,042-611-2506,대전광역시 유성구청,2025-07-16
신성동088,1,대전광역시 유성구 신성로72번안길 22,대전광역시 유성구 신성동 136-5,36.390044,127.3498227,2020,전용주,042-611-2506,대전광역시 유성구청,2025-07-16
신성동089,1,,대전광역시 유성구 신성동 473,36.3897546,127.3499333,2020,전용주,042-611-2506,대전광역시 유성구청,2025-07-16
신성동090,1,,대전광역시 유성구 신성동 473,36.38978209,127.3499333,2020,전용주,042-611-2506,대전광역시 유성구청,2025-07-16
신성동091,1,,대전광역시 유성구 신성동 473,36.38978209,127.3499333,2020,전용주,042-611-2506,대전광역시 유성구청,2025-07-16
신성동092,1,대전광역시 유성구 신성로72번안길 7,대전광역시 유성구 신성동 137-8,36.3897435,127.349132,2020,한전주,042-611-2506,대전광역시 유성구청,2025-07-16
신성동093,1,대전광역시 유성구 신성로72번안길 11,대전광역시 유성구 신성동 137-7,36.38983267,127.3492392,2020,한전주,042-611-2506,대전광역시 유성구청,2025-07-16
신성동094,1,대전광역시 유성구 신성로72번안길 22,대전광역시 유성구 신성동 136-5,36.390044,127.3498227,2020,한전주,042-611-2506,대전광역시 유성구청,2025-07-16
신성동095,1,대전광역시 유성구 신성로72번안길 26,대전광역시 유성구 신성동 136-6,36.39016517,127.3499274,2020,한전주,042-611-2506,대전광역시 유성구청,2025-07-16
신성동096,1,대전광역시 유성구 신성남로111번길 28,대전광역시 유성구 신성동 126-22,36.3902262,127.3507212,2020,한전주,042-611-2506,대전광역시 유성구청,2025-07-16
신성동097,1,대전광역시 유성구 신성로84번길 13,대전광역시 유성구 신성동 126-25,36.39041618,127.3503454,2020,한전주,042-611-2506,대전광역시 유성구청,2025-07-16
신성동098,1,대전광역시 유성구 신성로 86,대전광역시 유성구 신성동 123-7,36.39071058,127.3498285,2020,한전주,042-611-2506,대전광역시 유성구청,2025-07-16
신성동099,1,대전광역시 유성구 신성로61번안길 38,대전광역시 유성구 신성동 122-11,36.39096603,127.3494086,2020,한전주,042-611-2506,대전광역시 유성구청,2025-07-16
신성동100,1,대전광역시 유성구 신성로71번길 36,대전광역시 유성구 신성동 121-7,36.3912057,127.3490229,2020,한전주,042-611-2506,대전광역시 유성구청,2025-07-16
신성동101,1,대전광역시 유성구 신성로71번길 35,대전광역시 유성구 신성동 119-8,36.39135413,127.3487728,2020,한전주,042-611-2506,대전광역시 유성구청,2025-07-16
신성동102,1,대전광역시 유성구 신성로61번길 52,대전광역시 유성구 신성동 140-1,36.3912647,127.3484759,2020,한전주,042-611-2506,대전광역시 유성구청,2025-07-16
신성동103,1,대전광역시 유성구 신성로61번길 38,대전광역시 유성구 신성동 140-19,36.39070915,127.3481896,2020,한전주,042-611-2506,대전광역시 유성구청,2025-07-16
신성동104,1,대전광역시 유성구 신성로61번길 28,대전광역시 유성구 신성동 140-15,36.3902669,127.3481127,2020,한전주,042-611-2506,대전광역시 유성구청,2025-07-16
신성동105,1,대전광역시 유성구 신성로61번길 46,대전광역시 유성구 신성동 140-22,36.39107791,127.3483015,2020,한전주,042-611-2506,대전광역시 유성구청,2025-07-16
신성동106,1,대전광역시 유성구 신성로 65,대전광역시 유성구 신성동 141-4,36.38977239,127.3479728,2020,한전주,042-611-2506,대전광역시 유성구청,2025-07-16
신성동107,1,대전광역시 유성구 신성로61번안길 8,대전광역시 유성구 신성동 141-6,36.38988385,127.3483157,2020,한전주,042-611-2506,대전광역시 유성구청,2025-07-16
신성동108,1,대전광역시 유성구 신성로71번길 11,대전광역시 유성구 신성동 140-11,36.39025381,127.3483067,2020,한전주,042-611-2506,대전광역시 유성구청,2025-07-16
신성동109,1,대전광역시 유성구 신성로71번길 13,대전광역시 유성구 신성동 140-10,36.39036087,127.3483365,2020,한전주,042-611-2506,대전광역시 유성구청,2025-07-16
신성동110,1,대전광역시 유성구 신성로71번길 25,대전광역시 유성구 신성동 140-5,36.39090587,127.3484384,2020,한전주,042-611-2506,대전광역시 유성구청,2025-07-16
신성동111,1,대전광역시 유성구 신성로71번길 31,대전광역시 유성구 신성동 140-2,36.39119054,127.3486918,2020,한전주,042-611-2506,대전광역시 유성구청,2025-07-16
신성동112,1,대전광역시 유성구 신성로61번안길 30,대전광역시 유성구 신성동 138-15,36.3906254,127.3490949,2020,한전주,042-611-2506,대전광역시 유성구청,2025-07-16
신성동113,1,대전광역시 유성구 신성로61번안길 20,대전광역시 유성구 신성동 138-11,36.39031061,127.3487619,2020,한전주,042-611-2506,대전광역시 유성구청,2025-07-16
신성동114,1,대전광역시 유성구 신성로61번길 60,대전광역시 유성구 신성동 119-10,36.39157747,127.3486996,2020,한전주,042-611-2506,대전광역시 유성구청,2025-07-16
신성동115,1,대전광역시 유성구 신성로61번길 68,대전광역시 유성구 신성동 119-13,36.39185846,127.3489153,2020,한전주,042-611-2506,대전광역시 유성구청,2025-07-16
신성동116,1,대전광역시 유성구 신성로61번길 78,대전광역시 유성구 신성동 119-16,36.3919774,127.3493081,2020,한전주,042-611-2506,대전광역시 유성구청,2025-07-16
신성동117,1,대전광역시 유성구 신성로61번안길 62,대전광역시 유성구 신성동 120-1,36.39205076,127.3496585,2020,한전주,042-611-2506,대전광역시 유성구청,2025-07-16
신성동118,1,대전광역시 유성구 신성로61번길 92,대전광역시 유성구 신성동 120-4,36.39210545,127.3500917,2020,한전주,042-611-2506,대전광역시 유성구청,2025-07-16
신성동119,1,대전광역시 유성구 신성로71번길 63,대전광역시 유성구 신성동 120-9,36.39196012,127.350142,2020,한전주,042-611-2506,대전광역시 유성구청,2025-07-16
신성동120,1,대전광역시 유성구 신성로61번안길 60,대전광역시 유성구 신성동 120-12,36.39187521,127.3497203,2020,한전주,042-611-2506,대전광역시 유성구청,2025-07-16
신성동121,1,대전광역시 유성구 신성로71번길 58,대전광역시 유성구 신성동 122-1,36.39168447,127.3497992,2020,한전주,042-611-2506,대전광역시 유성구청,2025-07-16
신성동122,1,대전광역시 유성구 신성로61번안길 50,대전광역시 유성구 신성동 122-16,36.3914431,127.3497509,2020,한전주,042-611-2506,대전광역시 유성구청,2025-07-16
신성동123,1,대전광역시 유성구 신성로61번안길 46,대전광역시 유성구 신성동 122-14,36.39124967,127.3496097,2020,한전주,042-611-2506,대전광역시 유성구청,2025-07-16
신성동124,1,대전광역시 유성구 신성로61번안길 59,대전광역시 유성구 신성동 119-2,36.39182827,127.3494992,2020,한전주,042-611-2506,대전광역시 유성구청,2025-07-16
신성동125,1,대전광역시 유성구 신성로71번길 47,대전광역시 유성구 신성동 119-4,36.39178625,127.3492005,2020,한전주,042-611-2506,대전광역시 유성구청,2025-07-16
신성동126,1,대전광역시 유성구 신성로71번길 39,대전광역시 유성구 신성동 119-7,36.39146035,127.348844,2020,한전주,042-611-2506,대전광역시 유성구청,2025-07-16
신성동127,1,대전광역시 유성구 신성남로115번길 29,대전광역시 유성구 신성동 126-1,36.39062941,127.3503413,2020,한전주,042-611-2506,대전광역시 유성구청,2025-07-16
신성동128,1,대전광역시 유성구 신성남로115번길 29,대전광역시 유성구 신성동 126-1,36.3906227,127.3503413,2020,한전주,042-611-2506,대전광역시 유성구청,2025-07-16
신성동129,1,대전광역시 유성구 신성남로115번길 21,대전광역시 유성구 신성동 126-4,36.39042807,127.3507489,2020,한전주,042-611-2506,대전광역시 유성구청,2025-07-16
신성동130,1,대전광역시 유성구 신성로98번길 13,대전광역시 유성구 신성동 124-15,36.3911758,127.3508287,2020,한전주,042-611-2506,대전광역시 유성구청,2025-07-16
신성동131,1,대전광역시 유성구 신성남로115번길 13,대전광역시 유성구 신성동 126-8,36.39062072,127.3513068,2020,한전주,042-611-2506,대전광역시 유성구청,2025-07-16
신성동132,1,대전광역시 유성구 신성남로115번길 7,대전광역시 유성구 신성동 126-10,36.39070696,127.3515531,2020,한전주,042-611-2506,대전광역시 유성구청,2025-07-16
신성동133,1,대전광역시 유성구 신성남로115번길 12,대전광역시 유성구 신성동 124-10,36.39081791,127.3512392,2020,한전주,042-611-2506,대전광역시 유성구청,2025-07-16
신성동134,1,대전광역시 유성구 신성로102번길 22,대전광역시 유성구 신성동 124-8,36.39102513,127.3511332,2020,한전주,042-611-2506,대전광역시 유성구청,2025-07-16
신성동135,1,대전광역시 유성구 신성로102번길 16,대전광역시 유성구 신성동 124-5,36.39134892,127.3509511,2020,한전주,042-611-2506,대전광역시 유성구청,2025-07-16
신성동136,1,대전광역시 유성구 신성로102번길 8,대전광역시 유성구 신성동 124-2,36.39168043,127.3507769,2020,한전주,042-611-2506,대전광역시 유성구청,2025-07-16
신성동137,1,대전광역시 유성구 신성로61번길 96,대전광역시 유성구 신성동 120-5,36.3921173,127.3502603,2020,한전주,042-611-2506,대전광역시 유성구청,2025-07-16
신성동138,1,대전광역시 유성구 가정로 91,대전광역시 유성구 신성동 118-42,36.38559158,127.3534682,2020,건축물,042-611-2506,대전광역시 유성구청,2025-07-16
신성동139,1,대전광역시 유성구 신성남로 91-18,대전광역시 유성구 신성동 149-7,36.38878277,127.3520453,2020,한전주,042-611-2506,대전광역시 유성구청,2025-07-16
신성동144,1,대전광역시 유성구 신성로61번안길 39,대전광역시 유성구 신성동 121-5,36.39120626,127.3492602,2020,한전주,042-611-2506,대전광역시 유성구청,2025-07-16
신성동145,1,대전광역시 유성구 신성로 65,대전광역시 유성구 신성동 141-4,36.38977239,127.3479728,2020,한전주,042-611-2506,대전광역시 유성구청,2025-07-16
신성동146,1,대전광역시 유성구 신성남로 55,대전광역시 유성구 신성동 216-4,36.38694488,127.3503443,2020,한전주,042-611-2506,대전광역시 유성구청,2025-07-16
신성동147,1,대전광역시 유성구 신성로84번길 74,대전광역시 유성구 신성동 210-72,36.38793583,127.3516557,2020,건축물,042-611-2506,대전광역시 유성구청,2025-07-16
신성동148,1,대전광역시 유성구 신성로84번길 72,대전광역시 유성구 신성동 210-73,36.38804168,127.3516057,2020,건축물,042-611-2506,대전광역시 유성구청,2025-07-16
신성동149,1,대전광역시 유성구 신성남로 77-13,대전광역시 유성구 신성동 210-91,36.38842784,127.3518472,2020,건축물,042-611-2506,대전광역시 유성구청,2025-07-16
신성동150,1,대전광역시 유성구 신성남로95번길 22,대전광역시 유성구 신성동 147-3,36.38901974,127.3516608,2020,건축물,042-611-2506,대전광역시 유성구청,2025-07-16
신성동150,1,대전광역시 유성구 신성남로 113,대전광역시 유성구 신성동 126-12,36.39081871,127.3517968,2020,한전주,042-611-2506,대전광역시 유성구청,2025-07-16
신성동151,1,대전광역시 유성구 신성로84번길 51,대전광역시 유성구 신성동 147-5,36.38889453,127.3513679,2020,한전주,042-611-2506,대전광역시 유성구청,2025-07-16
신성동152,1,대전광역시 유성구 신성남로 69-5,대전광역시 유성구 신성동 210-56,36.38777003,127.3513128,2020,건축물,042-611-2506,대전광역시 유성구청,2025-07-16
안산동001,1,대전광역시 유성구 북유성대로 542,대전광역시 유성구 안산동 84-6,36.41057373,127.3019979,2020,한전주,042-611-2506,대전광역시 유성구청,2025-07-16
안산동002,1,대전광역시 유성구 북유성대로 542,대전광역시 유성구 안산동 84-6,36.41057373,127.3019979,2020,한전주,042-611-2506,대전광역시 유성구청,2025-07-16
안산동003,1,,대전광역시 유성구 안산동 235-6,36.41207716,127.3008073,2020,한전주,042-611-2506,대전광역시 유성구청,2025-07-16
안산동004,1,대전광역시 유성구 북유성대로564번길 24,대전광역시 유성구 안산동 239-3,36.41209669,127.3019328,2020,한전주,042-611-2506,대전광역시 유성구청,2025-07-16
안산동005,1,,대전광역시 유성구 안산동 240-2,36.41262139,127.3010571,2020,한전주,042-611-2506,대전광역시 유성구청,2025-07-16
안산동006,1,대전광역시 유성구 북유성대로564번길 17,대전광역시 유성구 안산동 239-6,36.41231955,127.3018604,2020,한전주,042-611-2506,대전광역시 유성구청,2025-07-16
안산동007,1,대전광역시 유성구 북유성대로564번길 32,대전광역시 유성구 안산동 43,36.4122566,127.3023414,2020,한전주,042-611-2506,대전광역시 유성구청,2025-07-16
안산동008,1,대전광역시 유성구 북유성대로564번길 37,대전광역시 유성구 안산동 40-2,36.41263309,127.3025273,2020,한전주,042-611-2506,대전광역시 유성구청,2025-07-16
안산동009,1,대전광역시 유성구 북유성대로564번길 57,대전광역시 유성구 안산동 48-2,36.41187985,127.3030765,2020,한전주,042-611-2506,대전광역시 유성구청,2025-07-16
안산동010,1,대전광역시 유성구 북유성대로592번길 27,대전광역시 유성구 안산동 314,36.41419086,127.3013456,2020,한전주,042-611-2506,대전광역시 유성구청,2025-07-16
안산동011,1,대전광역시 유성구 북유성대로592번길 17,대전광역시 유성구 안산동 318,36.41430583,127.3009253,2020,한전주,042-611-2506,대전광역시 유성구청,2025-07-16
안산동012,1,대전광역시 유성구 북유성대로592번길 23,대전광역시 유성구 안산동 319-2,36.41437003,127.3011599,2020,한전주,042-611-2506,대전광역시 유성구청,2025-07-16
안산동013,1,대전광역시 유성구 북유성대로592번길 21,대전광역시 유성구 안산동 315,36.41423072,127.3010867,2020,한전주,042-611-2506,대전광역시 유성구청,2025-07-16
안산동014,1,대전광역시 유성구 북유성대로592번길 33,대전광역시 유성구 안산동 314-2,36.4140397,127.3016224,2020,한전주,042-611-2506,대전광역시 유성구청,2025-07-16
안산동015,1,대전광역시 유성구 북유성대로592번길 47,대전광역시 유성구 안산동 15-4,36.4137641,127.3020119,2020,한전주,042-611-2506,대전광역시 유성구청,2025-07-16
안산동016,1,대전광역시 유성구 북유성대로592번길 51,대전광역시 유성구 안산동 15-2,36.41393621,127.3022293,2020,한전주,042-611-2506,대전광역시 유성구청,2025-07-16
안산동017,1,대전광역시 유성구 북유성대로592번길 51,대전광역시 유성구 안산동 15-2,36.41393621,127.3022293,2020,한전주,042-611-2506,대전광역시 유성구청,2025-07-16
안산동018,1,대전광역시 유성구 북유성대로592번길 62,대전광역시 유성구 안산동 26,36.41384746,127.3028287,2020,건축물,042-611-2506,대전광역시 유성구청,2025-07-16
안산동019,1,,대전광역시 유성구 안산동 281-5,36.41473597,127.2985351,2020,한전주,042-611-2506,대전광역시 유성구청,2025-07-16
안산동020,1,,대전광역시 유성구 안산동 278,36.4144596,127.297823,2020,한전주,042-611-2506,대전광역시 유성구청,2025-07-16
안산동021,1,대전광역시 유성구 안금로 82,대전광역시 유성구 안산동 296-1,36.41558195,127.2983857,2020,한전주,042-611-2506,대전광역시 유성구청,2025-07-16
안산동022,1,대전광역시 유성구 안금로 88,대전광역시 유성구 안산동 290-1,36.41600601,127.2981077,2020,한전주,042-611-2506,대전광역시 유성구청,2025-07-16
안산동023,1,대전광역시 유성구 안금로 91,대전광역시 유성구 안산동 291-2,36.41631232,127.2977454,2020,한전주,042-611-2506,대전광역시 유성구청,2025-07-16
안산동024,1,대전광역시 유성구 안금로 94,대전광역시 유성구 안산동 292-4,36.41661053,127.2980217,2020,한전주,042-611-2506,대전광역시 유성구청,2025-07-16
안산동025,1,대전광역시 유성구 안금로 96,대전광역시 유성구 안산동 292-1,36.41678692,127.297981,2020,한전주,042-611-2506,대전광역시 유성구청,2025-07-16
안산동026,1,대전광역시 유성구 안금로 94,대전광역시 유성구 안산동 292-4,36.41661053,127.2980279,2020,한전주,042-611-2506,대전광역시 유성구청,2025-07-16
안산동027,1,대전광역시 유성구 안금로 100,대전광역시 유성구 안산동 347-2,36.41711025,127.2979475,2020,한전주,042-611-2506,대전광역시 유성구청,2025-07-16
안산동028,1,대전광역시 유성구 안금로 100,대전광역시 유성구 안산동 347-2,36.41711025,127.2979475,2020,한전주,042-611-2506,대전광역시 유성구청,2025-07-16
안산동029,1,대전광역시 유성구 안금로 108,대전광역시 유성구 안산동 530-9,36.41769813,127.2973124,2020,한전주,042-611-2506,대전광역시 유성구청,2025-07-16
안산동030,1,대전광역시 유성구 안금로 110-22,대전광역시 유성구 안산동 529-6,36.41838515,127.2972179,2020,한전주,042-611-2506,대전광역시 유성구청,2025-07-16
안산동031,1,,대전광역시 유성구 안산동 370-2,36.41930059,127.2962734,2020,한전주,042-611-2506,대전광역시 유성구청,2025-07-16
안산동032,1,,대전광역시 유성구 안산동 289,36.41579205,127.297150,2020,한전주,042-611-2506,대전광역시 유성구청,2025-07-16
안산동033,1,,대전광역시 유성구 안산동 533-4,36.41484061,127.2955252,2020,한전주,042-611-2506,대전광역시 유성구청,2025-07-16
안산동034,1,,대전광역시 유성구 안산동 산 21-3,36.41299108,127.2954924,2020,한전주,042-611-2506,대전광역시 유성구청,2025-07-16
안산동035,1,,대전광역시 유성구 안산동 산 21-3,36.41299108,127.2954924,2020,한전주,042-611-2506,대전광역시 유성구청,2025-07-16
안산동036,1,,대전광역시 유성구 안산동 산 21-3,36.41299108,127.2954924,2020,한전주,042-611-2506,대전광역시 유성구청,2025-07-16
안산동037,1,,대전광역시 유성구 안산동 산 24-2,36.41490956,127.2907549,2020,한전주,042-611-2506,대전광역시 유성구청,2025-07-16
안산동038,1,,대전광역시 유성구 안산동 산 24-2,36.41490956,127.2907549,2020,한전주,042-611-2506,대전광역시 유성구청,2025-07-16
안산동039,1,,대전광역시 유성구 안산동 산 24-2,36.41490956,127.2907549,2020,한전주,042-611-2506,대전광역시 유성구청,2025-07-16
안산동040,1,,대전광역시 유성구 안산동 538,36.41332827,127.2923119,2020,한전주,042-611-2506,대전광역시 유성구청,2025-07-16
안산동041,1,대전광역시 유성구 안금로55번길 183,대전광역시 유성구 안산동 495,36.41354664,127.2901643,2020,한전주,042-611-2506,대전광역시 유성구청,2025-07-16
안산동042,1,대전광역시 유성구 안금로55번길 162,대전광역시 유성구 안산동 496,36.4138411,127.2902555,2020,한전주,042-611-2506,대전광역시 유성구청,2025-07-16
안산동043,1,대전광역시 유성구 안금로55번길 175,대전광역시 유성구 안산동 495-1,36.41370479,127.289946,2020,한전주,042-611-2506,대전광역시 유성구청,2025-07-16
안산동044,1,대전광역시 유성구 안금로55번길 175,대전광역시 유성구 안산동 495-1,36.41370479,127.289946,2020,한전주,042-611-2506,대전광역시 유성구청,2025-07-16
안산동045,1,대전광역시 유성구 안금로55번길 180,대전광역시 유성구 안산동 488,36.41350432,127.2897782,2020,한전주,042-611-2506,대전광역시 유성구청,2025-07-16
안산동046,1,대전광역시 유성구 안금로55번길 190,대전광역시 유성구 안산동 490,36.41310864,127.2900669,2020,한전주,042-611-2506,대전광역시 유성구청,2025-07-16
안산동047,1,대전광역시 유성구 안금로55번길 190,대전광역시 유성구 안산동 490,36.41310864,127.2900858,2020,한전주,042-611-2506,대전광역시 유성구청,2025-07-16
안산동048,1,대전광역시 유성구 안금로55번길 170,대전광역시 유성구 안산동 499,36.41395012,127.2896367,2020,한전주,042-611-2506,대전광역시 유성구청,2025-07-16
안산동049,1,대전광역시 유성구 안금로55번길 191,대전광역시 유성구 안산동 492-1,36.41324886,127.2905153,2020,한전주,042-611-2506,대전광역시 유성구청,2025-07-16
안산동050,1,대전광역시 유성구 안금로55번길 190,대전광역시 유성구 안산동 490,36.41310864,127.2900669,2020,한전주,042-611-2506,대전광역시 유성구청,2025-07-16
안산동051,1,대전광역시 유성구 안금로55번길 208,대전광역시 유성구 안산동 482,36.41287215,127.2894452,2020,한전주,042-611-2506,대전광역시 유성구청,2025-07-16
안산동052,1,대전광역시 유성구 안금로55번길 208,대전광역시 유성구 안산동 482,36.41287215,127.2894452,2020,한전주,042-611-2506,대전광역시 유성구청,2025-07-16
안산동053,1,대전광역시 유성구 안금로55번길 12,대전광역시 유성구 안산동 265-3,36.41394062,127.2972417,2020,한전주,042-611-2506,대전광역시 유성구청,2025-07-16
안산동054,1,대전광역시 유성구 안금로55번길 12,대전광역시 유성구 안산동 265-3,36.41394062,127.2972417,2020,한전주,042-611-2506,대전광역시 유성구청,2025-07-16
안산동055,1,대전광역시 유성구 안금로55번길 8,대전광역시 유성구 안산동 269-7,36.4133324,127.297867,2020,한전주,042-611-2506,대전광역시 유성구청,2025-07-16
안산동056,1,,대전광역시 유성구 안산동 255,36.4121744,127.2984392,2020,한전주,042-611-2506,대전광역시 유성구청,2025-07-16
안산동057,1,,대전광역시 유성구 안산동 261-3,36.41269526,127.2979813,2020,한전주,042-611-2506,대전광역시 유성구청,2025-07-16
안산동058,1,,대전광역시 유성구 안산동 261-3,36.41269526,127.2979813,2020,한전주,042-611-2506,대전광역시 유성구청,2025-07-16
안산동059,1,대전광역시 유성구 안금로 45,대전광역시 유성구 안산동 258-1,36.41218912,127.2976709,2020,한전주,042-611-2506,대전광역시 유성구청,2025-07-16
안산동060,1,,대전광역시 유성구 안산동 261-3,36.41269526,127.2979813,2020,한전주,042-611-2506,대전광역시 유성구청,2025-07-16
안산동061,1,대전광역시 유성구 안금로 45,대전광역시 유성구 안산동 258-1,36.41218912,127.2976709,2020,한전주,042-611-2506,대전광역시 유성구청,2025-07-16
안산동062,1,대전광역시 유성구 안금로25번길 66,대전광역시 유성구 안산동 204-6,36.4116899,127.2974432,2020,한전주,042-611-2506,대전광역시 유성구청,2025-07-16
안산동063,1,대전광역시 유성구 안금로25번길 55,대전광역시 유성구 안산동 204-3,36.41122567,127.2973814,2020,한전주,042-611-2506,대전광역시 유성구청,2025-07-16
안산동064,1,대전광역시 유성구 안금로25번길 41,대전광역시 유성구 안산동 202-2,36.41067744,127.2973327,2020,한전주,042-611-2506,대전광역시 유성구청,2025-07-16
안산동065,1,대전광역시 유성구 안금로25번길 25-12,대전광역시 유성구 안산동 193,36.41005108,127.2974984,2020,한전주,042-611-2506,대전광역시 유성구청,2025-07-16
안산동066,1,대전광역시 유성구 안금로25번길 25-12,대전광역시 유성구 안산동 193,36.41005108,127.2974984,2020,한전주,042-611-2506,대전광역시 유성구청,2025-07-16
안산동067,1,대전광역시 유성구 안금로25번길 26-5,대전광역시 유성구 안산동 200,36.41063604,127.2979655,2020,한전주,042-611-2506,대전광역시 유성구청,2025-07-16
안산동069,1,대전광역시 유성구 안금로25번길 15,대전광역시 유성구 안산동 196-4,36.41025054,127.2985707,2020,건축물,042-611-2506,대전광역시 유성구청,2025-07-16
안산동070,1,대전광역시 유성구 안금로25번길 9,대전광역시 유성구 안산동 214-5,36.41039861,127.2989616,2020,한전주,042-611-2506,대전광역시 유성구청,2025-07-16
안산동071,1,대전광역시 유성구 안금로 23,대전광역시 유성구 안산동 212-5,36.41058382,127.2992799,2020,한전주,042-611-2506,대전광역시 유성구청,2025-07-16
안산동072,1,대전광역시 유성구 안금로 25,대전광역시 유성구 안산동 213-4,36.41068137,127.2990081,2020,한전주,042-611-2506,대전광역시 유성구청,2025-07-16
안산동073,1,,대전광역시 유성구 안산동 235-6,36.41207716,127.3008073,2020,한전주,042-611-2506,대전광역시 유성구청,2025-07-16
안산동074,1,,대전광역시 유성구 안산동 215-2,36.41040871,127.2997295,2020,한전주,042-611-2506,대전광역시 유성구청,2025-07-16
안산동075,1,대전광역시 유성구 안금로 20,대전광역시 유성구 안산동 215-1,36.41061537,127.2998126,2020,한전주,042-611-2506,대전광역시 유성구청,2025-07-16
안산동076,1,,대전광역시 유성구 안산동 224-12,36.41015734,127.3006185,2020,한전주,042-611-2506,대전광역시 유성구청,2025-07-16
안산동077,1,대전광역시 유성구 안금로15번길 17,대전광역시 유성구 안산동 135-1,36.40949915,127.3001868,2020,한전주,042-611-2506,대전광역시 유성구청,2025-07-16
안산동078,1,대전광역시 유성구 안금로15번길 17,대전광역시 유성구 안산동 135-1,36.40949915,127.3001868,2020,한전주,042-611-2506,대전광역시 유성구청,2025-07-16
안산동079,1,,대전광역시 유성구 안산동 220,36.40953556,127.2998437,2020,한전주,042-611-2506,대전광역시 유성구청,2025-07-16
안산동080,1,대전광역시 유성구 안금로15번길 49-4,대전광역시 유성구 안산동 118-1,36.4079272,127.2994464,2020,한전주,042-611-2506,대전광역시 유성구청,2025-07-16
안산동081,1,대전광역시 유성구 안금로15번길 49-23,대전광역시 유성구 안산동 122-6,36.40733322,127.2999598,2020,한전주,042-611-2506,대전광역시 유성구청,2025-07-16
안산동082,1,대전광역시 유성구 북유성대로527번길 80,대전광역시 유성구 안산동 116-1,36.4069632,127.2991695,2020,한전주,042-611-2506,대전광역시 유성구청,2025-07-16
안산동083,1,대전광역시 유성구 북유성대로527번길 80,대전광역시 유성구 안산동 116-1,36.4069632,127.2991695,2020,한전주,042-611-2506,대전광역시 유성구청,2025-07-16
안산동084,1,대전광역시 유성구 안금로15번길 49-4,대전광역시 유성구 안산동 118-1,36.4079272,127.2994464,2020,한전주,042-611-2506,대전광역시 유성구청,2025-07-16
안산동085,1,대전광역시 유성구 안금로15번길 73,대전광역시 유성구 안산동 114-2,36.40728352,127.2987537,2020,한전주,042-611-2506,대전광역시 유성구청,2025-07-16
안산동086,1,대전광역시 유성구 안금로 9,대전광역시 유성구 안산동 222-5,36.40984721,127.3006053,2020,한전주,042-611-2506,대전광역시 유성구청,2025-07-16
안산동087,1,대전광역시 유성구 북유성대로487번길 130,대전광역시 유성구 안산동 93-1,36.40370256,127.2968321,2020,건축물,042-611-2506,대전광역시 유성구청,2025-07-16
안산동088,1,대전광역시 유성구 북유성대로487번길 130,대전광역시 유성구 안산동 93-1,36.40370256,127.2968321,2020,건축물,042-611-2506,대전광역시 유성구청,2025-07-16
안산동089,1,,대전광역시 유성구 안산동 239,36.4124575,127.3029585,2020,한전주,042-611-2506,대전광역시 유성구청,2025-07-16
안산동090,1,,대전광역시 유성구 안산동 127,36.40837434,127.2997648,2020,한전주,042-611-2506,대전광역시 유성구청,2025-07-16
안산동091,1,대전광역시 유성구 북유성대로527번길 88,대전광역시 유성구 안산동 113-2,36.40689816,127.2989055,2020,한전주,042-611-2506,대전광역시 유성구청,2025-07-16
안산동092,1,대전광역시 유성구 북유성대로564번길 43,대전광역시 유성구 안산동 49-8,36.41242835,127.3029884,2020,한전주,042-611-2506,대전광역시 유성구청,2025-07-16
어은동001,1,대전광역시 유성구 농대로 20,대전광역시 유성구 어은동 99-1,36.36226811,127.3533325,2020,한전주,042-611-2506,대전광역시 유성구청,2025-07-16
어은동002,1,대전광역시 유성구 어은로57번길 51,대전광역시 유성구 어은동 100-5,36.36215405,127.3538725,2020,한전주,042-611-2506,대전광역시 유성구청,2025-07-16
어은동003,1,대전광역시 유성구 어은로57번길 47,대전광역시 유성구 어은동 100-7,36.36223542,127.3540886,2020,한전주,042-611-2506,대전광역시 유성구청,2025-07-16
어은동004,1,대전광역시 유성구 어은로57번길 37,대전광역시 유성구 어은동 101-2,36.36235921,127.3545217,2020,한전주,042-611-2506,대전광역시 유성구청,2025-07-16
어은동005,1,대전광역시 유성구 어은로57번길 31,대전광역시 유성구 어은동 101-5,36.36247025,127.3548819,2020,한전주,042-611-2506,대전광역시 유성구청,2025-07-16
어은동006,1,대전광역시 유성구 대학로203번길 30,대전광역시 유성구 어은동 108-14,36.36265981,127.3553523,2020,한전주,042-611-2506,대전광역시 유성구청,2025-07-16
어은동007,1,대전광역시 유성구 대학로203번길 30,대전광역시 유성구 어은동 108-14,36.36265981,127.3553523,2020,한전주,042-611-2506,대전광역시 유성구청,2025-07-16
어은동008,1,대전광역시 유성구 어은로57번길 9,대전광역시 유성구 어은동 108-1,36.36290798,127.356023,2020,한전주,042-611-2506,대전광역시 유성구청,2025-07-16
어은동009,1,대전광역시 유성구 어은로51번길 4,대전광역시 유성구 어은동 108-7,36.36287962,127.3564669,2020,한전주,042-611-2506,대전광역시 유성구청,2025-07-16
어은동010,1,대전광역시 유성구 어은로51번길 6,대전광역시 유성구 어은동 108-8,36.36284148,127.3563552,2020,한전주,042-611-2506,대전광역시 유성구청,2025-07-16
어은동011,1,대전광역시 유성구 대학로 211,대전광역시 유성구 어은동 109,36.36259133,127.3567411,2020,한전주,042-611-2506,대전광역시 유성구청,2025-07-16
어은동012,1,대전광역시 유성구 대학로 211,대전광역시 유성구 어은동 109,36.36259133,127.3567411,2020,한전주,042-611-2506,대전광역시 유성구청,2025-07-16
어은동013,1,대전광역시 유성구 어은로51번길 30,대전광역시 유성구 어은동 101-8,36.3623075,127.3552149,2020,한전주,042-611-2506,대전광역시 유성구청,2025-07-16
어은동014,1,대전광역시 유성구 대학로203번길 30,대전광역시 유성구 어은동 108-14,36.36265981,127.3553523,2020,한전주,042-611-2506,대전광역시 유성구청,2025-07-16
어은동015,1,대전광역시 유성구 어은로51번길 30,대전광역시 유성구 어은동 101-8,36.3623695,127.3552149,2020,한전주,042-611-2506,대전광역시 유성구청,2025-07-16
어은동016,1,대전광역시 유성구 어은로51번길 36,대전광역시 유성구 어은동 101-10,36.3622859,127.3549646,2020,한전주,042-611-2506,대전광역시 유성구청,2025-07-16
어은동017,1,대전광역시 유성구 어은로51번길 40,대전광역시 유성구 어은동 101-12,36.36222723,127.3547202,2020,한전주,042-611-2506,대전광역시 유성구청,2025-07-16
어은동018,1,대전광역시 유성구 어은로51번길 44,대전광역시 유성구 어은동 101-14,36.36214962,127.3544844,2020,한전주,042-611-2506,대전광역시 유성구청,2025-07-16
어은동019,1,대전광역시 유성구 어은로57번길 41,대전광역시 유성구 어은동 101,36.36229932,127.3542689,2020,한전주,042-611-2506,대전광역시 유성구청,2025-07-16
어은동020,1,대전광역시 유성구 어은로51번길 50,대전광역시 유성구 어은동 100-8,36.36204671,127.3541813,2020,한전주,042-611-2506,대전광역시 유성구청,2025-07-16
어은동021,1,대전광역시 유성구 어은로51번길 58,대전광역시 유성구 어은동 100-12,36.36189884,127.3537192,2020,한전주,042-611-2506,대전광역시 유성구청,2025-07-16
어은동022,1,대전광역시 유성구 농대로 14,대전광역시 유성구 어은동 100-15,36.36181882,127.3533534,2020,한전주,042-611-2506,대전광역시 유성구청,2025-07-16
어은동023,1,대전광역시 유성구 농대로2번길 7-7,대전광역시 유성구 어은동 105-11,36.36134175,127.3538067,2020,한전주,042-611-2506,대전광역시 유성구청,2025-07-16
어은동024,1,대전광역시 유성구 농대로8번길 3,대전광역시 유성구 어은동 103-16,36.3615794,127.354075,2020,한전주,042-611-2506,대전광역시 유성구청,2025-07-16
어은동025,1,대전광역시 유성구 농대로8번길 13,대전광역시 유성구 어은동 103-12,36.3617372,127.3545603,2020,한전주,042-611-2506,대전광역시 유성구청,2025-07-16
어은동026,1,대전광역시 유성구 농대로8번길 17,대전광역시 유성구 어은동 103-10,36.3617973,127.3548058,2020,한전주,042-611-2506,대전광역시 유성구청,2025-07-16
어은동027,1,대전광역시 유성구 농대로2번길 29-12,대전광역시 유성구 어은동 102-12,36.36189379,127.3551499,2020,한전주,042-611-2506,대전광역시 유성구청,2025-07-16
어은동028,1,대전광역시 유성구 농대로2번길 29-4,대전광역시 유성구 어은동 102-9,36.36158699,127.3553119,2020,한전주,042-611-2506,대전광역시 유성구청,2025-07-16
어은동029,1,대전광역시 유성구 대학로 189,대전광역시 유성구 어은동 106-2,36.36088947,127.3541939,2020,한전주,042-611-2506,대전광역시 유성구청,2025-07-16
어은동030,1,대전광역시 유성구 대학로 195-1,대전광역시 유성구 어은동 107-1,36.36112726,127.3549636,2020,한전주,042-611-2506,대전광역시 유성구청,2025-07-16
어은동031,1,대전광역시 유성구 대학로 197-1,대전광역시 유성구 어은동 107-3,36.36119647,127.3552074,2020,한전주,042-611-2506,대전광역시 유성구청,2025-07-16
어은동032,1,대전광역시 유성구 대학로 201,대전광역시 유성구 어은동 107-5,36.36128082,127.3554471,2020,한전주,042-611-2506,대전광역시 유성구청,2025-07-16
어은동033,1,대전광역시 유성구 대학로 211,대전광역시 유성구 어은동 109,36.36259133,127.3567276,2020,한전주,042-611-2506,대전광역시 유성구청,2025-07-16
어은동034,1,대전광역시 유성구 대학로203번길 11,대전광역시 유성구 어은동 102-5,36.36174386,127.3554739,2020,한전주,042-611-2506,대전광역시 유성구청,2025-07-16
어은동035,1,대전광역시 유성구 대학로203번길 17,대전광역시 유성구 어은동 102-2,36.36205893,127.3553151,2020,한전주,042-611-2506,대전광역시 유성구청,2025-07-16
어은동036,1,대전광역시 유성구 어은로58번길 2,대전광역시 유성구 어은동 110,36.36330487,127.3567457,2020,한전주,042-611-2506,대전광역시 유성구청,2025-07-16
어은동037,1,대전광역시 유성구 어은로58번길 12,대전광역시 유성구 어은동 111,36.36351767,127.3572158,2020,한전주,042-611-2506,대전광역시 유성구청,2025-07-16
어은동038,1,대전광역시 유성구 어은로58번길 16,대전광역시 유성구 어은동 111-2,36.36362727,127.3574213,2020,한전주,042-611-2506,대전광역시 유성구청,2025-07-16
어은동039,1,대전광역시 유성구 어은로58번길 26,대전광역시 유성구 어은동 111-6,36.36385542,127.3578197,2020,한전주,042-611-2506,대전광역시 유성구청,2025-07-16
어은동040,1,대전광역시 유성구 어은로58번길 38,대전광역시 유성구 어은동 111-10,36.36413851,127.358232,2020,한전주,042-611-2506,대전광역시 유성구청,2025-07-16
어은동041,1,대전광역시 유성구 어은로 57,대전광역시 유성구 어은동 99,36.3635251,127.3536591,2020,한전주,042-611-2506,대전광역시 유성구청,2025-07-16
어은동042,1,대전광역시 유성구 어은로58번길 50,대전광역시 유성구 어은동 111-11,36.3642422,127.3584848,2020,한전주,042-611-2506,대전광역시 유성구청,2025-07-16
어은동043,1,대전광역시 유성구 어은로58번길 50,대전광역시 유성구 어은동 111-11,36.3642422,127.3584848,2020,한전주,042-611-2506,대전광역시 유성구청,2025-07-16
어은동044,1,대전광역시 유성구 어은로52번길 17,대전광역시 유성구 어은동 111-16,36.36377758,127.3580551,2020,한전주,042-611-2506,대전광역시 유성구청,2025-07-16
어은동045,1,대전광역시 유성구 어은로52번길 5,대전광역시 유성구 어은동 111-21,36.36346972,127.3575681,2020,한전주,042-611-2506,대전광역시 유성구청,2025-07-16
어은동046,1,대전광역시 유성구 어은로58번길 12,대전광역시 유성구 어은동 111,36.36351767,127.3572158,2020,한전주,042-611-2506,대전광역시 유성구청,2025-07-16
어은동047,1,대전광역시 유성구 어은로48번길 9-11,대전광역시 유성구 어은동 110-3,36.36320687,127.3571492,2020,한전주,042-611-2506,대전광역시 유성구청,2025-07-16
어은동049,1,대전광역시 유성구 어은로48번길 6,대전광역시 유성구 어은동 115-7,36.36272062,127.3575633,2020,한전주,042-611-2506,대전광역시 유성구청,2025-07-16
어은동050,1,대전광역시 유성구 어은로48번길 14,대전광역시 유성구 어은동 114-1,36.36287413,127.3578809,2020,한전주,042-611-2506,대전광역시 유성구청,2025-07-16
어은동051,1,대전광역시 유성구 어은로48번길 20,대전광역시 유성구 어은동 114-4,36.36304151,127.3582014,2020,한전주,042-611-2506,대전광역시 유성구청,2025-07-16
어은동052,1,대전광역시 유성구 어은로42번길 21-10,대전광역시 유성구 어은동 112-11,36.36352654,127.3587366,2020,한전주,042-611-2506,대전광역시 유성구청,2025-07-16
어은동053,1,대전광역시 유성구 어은로52번길 30,대전광역시 유성구 어은동 112-1,36.36395184,127.3587245,2020,한전주,042-611-2506,대전광역시 유성구청,2025-07-16
어은동054,1,대전광역시 유성구 어은로58번길 62,대전광역시 유성구 어은동 112-4,36.3636435,127.3589202,2020,한전주,042-611-2506,대전광역시 유성구청,2025-07-16
어은동055,1,대전광역시 유성구 대학로 241-1,대전광역시 유성구 어은동 116-12,36.36319594,127.3592629,2020,한전주,042-611-2506,대전광역시 유성구청,2025-07-16
어은동056,1,대전광역시 유성구 어은로42번길 22,대전광역시 유성구 어은동 116-9,36.36298303,127.3589817,2020,한전주,042-611-2506,대전광역시 유성구청,2025-07-16
어은동057,1,대전광역시 유성구 대학로 233,대전광역시 유성구 어은동 116-4,36.3626898,127.3584952,2020,한전주,042-611-2506,대전광역시 유성구청,2025-07-16
어은동058,1,대전광역시 유성구 대학로 229,대전광역시 유성구 어은동 116-1,36.36252515,127.3581976,2020,한전주,042-611-2506,대전광역시 유성구청,2025-07-16
어은동059,1,대전광역시 유성구 대학로 227,대전광역시 유성구 어은동 116,36.36246894,127.3580999951,2020,한전주,042-611-2506,대전광역시 유성구청,2025-07-16
어은동062,1,대전광역시 유성구 대학로 99,대전광역시 유성구 궁동 220,36.36836824,127.3420015,2020,한전주,042-611-2506,대전광역시 유성구청,2025-07-16
어은동063,1,대전광역시 유성구 어은로51번길 63,대전광역시 유성구 어은동 105-14,36.3616633,127.3536204,2020,건축물,042-611-2506,대전광역시 유성구청,2025-07-16
어은동064,1,대전광역시 유성구 어은로42번길 21-14,대전광역시 유성구 어은동 112-13,36.36371712,127.3586241,2020,한전주,042-611-2506,대전광역시 유성구청,2025-07-16
어은동065,1,대전광역시 유성구 농대로 20,대전광역시 유성구 어은동 99-1,36.36226811,127.3533325,2020,한전주,042-611-2506,대전광역시 유성구청,2025-07-16
외삼동001,1,,대전광역시 유성구 외삼동 593-4,36.39913445,127.3085405,2020,한전주,042-611-2506,대전광역시 유성구청,2025-07-16
외삼동002,1,대전광역시 유성구 북유성대로 391-36,대전광역시 유성구 외삼동 338-6,36.39936334,127.3079716,2020,한전주,042-611-2506,대전광역시 유성구청,2025-07-16
외삼동003,1,대전광역시 유성구 북유성대로 393,대전광역시 유성구 외삼동 334,36.39908755,127.3091722,2020,한전주,042-611-2506,대전광역시 유성구청,2025-07-16
외삼동004,1,대전광역시 유성구 북유성대로 393,대전광역시 유성구 외삼동 334,36.39908755,127.3091722,2020,한전주,042-611-2506,대전광역시 유성구청,2025-07-16
외삼동005,1,대전광역시 유성구 외삼로8번길 11,대전광역시 유성구 외삼동 275-7,36.39633656,127.313453,2020,한전주,042-611-2506,대전광역시 유성구청,2025-07-16
외삼동006,1,대전광역시 유성구 북유성대로316번길 80-16,대전광역시 유성구 외삼동 276-1,36.3960881,127.3136641,2020,한전주,042-611-2506,대전광역시 유성구청,2025-07-16
외삼동007,1,대전광역시 유성구 외삼로8번길 26,대전광역시 유성구 외삼동 274-7,36.3962308,127.3142979,2020,한전주,042-611-2506,대전광역시 유성구청,2025-07-16
외삼동008,1,대전광역시 유성구 북유성대로316번길 80-12,대전광역시 유성구 외삼동 277,36.39585586,127.313562,2020,한전주,042-611-2506,대전광역시 유성구청,2025-07-16
외삼동009,1,대전광역시 유성구 외삼로 7,대전광역시 유성구 외삼동 278,36.39636923,127.3127475,2020,한전주,042-611-2506,대전광역시 유성구청,2025-07-16
외삼동010,1,대전광역시 유성구 외삼로 7,대전광역시 유성구 외삼동 278,36.39636923,127.3127475,2020,한전주,042-611-2506,대전광역시 유성구청,2025-07-16
외삼동011,1,대전광역시 유성구 외삼로 32,대전광역시 유성구 외삼동 274-1,36.39730776,127.3142377,2020,한전주,042-611-2506,대전광역시 유성구청,2025-07-16
외삼동012,1,대전광역시 유성구 외삼로 32,대전광역시 유성구 외삼동 274-1,36.397341,127.3142377,2020,한전주,042-611-2506,대전광역시 유성구청,2025-07-16
외삼동013,1,대전광역시 유성구 외삼로 32,대전광역시 유성구 외삼동 274-1,36.39730776,127.3142377,2020,한전주,042-611-2506,대전광역시 유성구청,2025-07-16
외삼동014,1,대전광역시 유성구 외삼로 35,대전광역시 유성구 외삼동 224-2,36.39759171,127.3147545,2020,한전주,042-611-2506,대전광역시 유성구청,2025-07-16
외삼동015,1,대전광역시 유성구 외삼로 38,대전광역시 유성구 외삼동 274-32,36.39732868,127.3149189,2020,한전주,042-611-2506,대전광역시 유성구청,2025-07-16
외삼동016,1,대전광역시 유성구 외삼로 39,대전광역시 유성구 외삼동 225-2,36.39761146,127.3150252,2020,한전주,042-611-2506,대전광역시 유성구청,2025-07-16
외삼동017,1,대전광역시 유성구 외삼로42번길 10,대전광역시 유성구 외삼동 270,36.39749577,127.3156987,2020,한전주,042-611-2506,대전광역시 유성구청,2025-07-16
외삼동018,1,대전광역시 유성구 외삼로42번길 6-17,대전광역시 유성구 외삼동 269-1,36.39728691,127.3158587,2020,한전주,042-611-2506,대전광역시 유성구청,2025-07-16
외삼동019,1,대전광역시 유성구 외삼로42번길 22,대전광역시 유성구 외삼동 261,36.39726614,127.3163827,2020,한전주,042-611-2506,대전광역시 유성구청,2025-07-16
외삼동020,1,대전광역시 유성구 외삼로42번길 16,대전광역시 유성구 외삼동 263-1,36.3975979,127.3161674,2020,한전주,042-611-2506,대전광역시 유성구청,2025-07-16
외삼동021,1,대전광역시 유성구 외삼로42번길 53-1,대전광역시 유성구 외삼동 245-3,36.39765212,127.3169577,2020,한전주,042-611-2506,대전광역시 유성구청,2025-07-16
외삼동022,1,대전광역시 유성구 외삼로42번길 30,대전광역시 유성구 외삼동 259-1,36.39743074,127.3167743,2020,한전주,042-611-2506,대전광역시 유성구청,2025-07-16
외삼동023,1,대전광역시 유성구 외삼로42번길 39,대전광역시 유성구 외삼동 245-5,36.39763542,127.3173073,2020,한전주,042-611-2506,대전광역시 유성구청,2025-07-16
외삼동024,1,대전광역시 유성구 외삼로42번길 39,대전광역시 유성구 외삼동 245-5,36.39763542,127.3173073,2020,한전주,042-611-2506,대전광역시 유성구청,2025-07-16
외삼동025,1,대전광역시 유성구 외삼로42번길 47,대전광역시 유성구 외삼동 245-1,36.39776787,127.3172509,2020,한전주,042-611-2506,대전광역시 유성구청,2025-07-16
외삼동026,1,대전광역시 유성구 외삼로42번길 57,대전광역시 유성구 외삼동 243,36.39794744,127.3167538,2020,한전주,042-611-2506,대전광역시 유성구청,2025-07-16
외삼동027,1,대전광역시 유성구 외삼로42번길 61,대전광역시 유성구 외삼동 242,36.39811255,127.3165779,2020,한전주,042-611-2506,대전광역시 유성구청,2025-07-16
외삼동028,1,대전광역시 유성구 외삼로42번길 73,대전광역시 유성구 외삼동 230,36.39806978,127.3160203,2020,한전주,042-611-2506,대전광역시 유성구청,2025-07-16
외삼동029,1,대전광역시 유성구 외삼로 44,대전광역시 유성구 외삼동 227-3,36.39778158,127.3154747,2020,한전주,042-611-2506,대전광역시 유성구청,2025-07-16
외삼동030,1,대전광역시 유성구 외삼로 48,대전광역시 유성구 외삼동 227-1,36.39794826,127.3156947,2020,한전주,042-611-2506,대전광역시 유성구청,2025-07-16
외삼동031,1,대전광역시 유성구 외삼로 70,대전광역시 유성구 외삼동 178-2,36.3995968,127.3169751,2020,한전주,042-611-2506,대전광역시 유성구청,2025-07-16
외삼동032,1,대전광역시 유성구 외삼로 70,대전광역시 유성구 외삼동 178-2,36.39959604,127.3169547,2020,한전주,042-611-2506,대전광역시 유성구청,2025-07-16
외삼동033,1,대전광역시 유성구 외삼로 89,대전광역시 유성구 외삼동 181,36.39988432,127.3165154,2020,한전주,042-611-2506,대전광역시 유성구청,2025-07-16
외삼동034,1,대전광역시 유성구 외삼로 70,대전광역시 유성구 외삼동 178-2,36.39959604,127.3169547,2020,한전주,042-611-2506,대전광역시 유성구청,2025-07-16
외삼동035,1,대전광역시 유성구 외삼로 71,대전광역시 유성구 외삼동 179-1,36.40000182,127.3166901,2020,한전주,042-611-2506,대전광역시 유성구청,2025-07-16
외삼동036,1,대전광역시 유성구 외삼로 76,대전광역시 유성구 외삼동 174,36.40008906,127.3171307,2020,한전주,042-611-2506,대전광역시 유성구청,2025-07-16
외삼동037,1,대전광역시 유성구 외삼로 78-8,대전광역시 유성구 외삼동 169,36.40055076,127.317558,2020,건축물,042-611-2506,대전광역시 유성구청,2025-07-16
외삼동038,1,대전광역시 유성구 외삼로 78-8,대전광역시 유성구 외삼동 169,36.40055076,127.317558,2020,건축물,042-611-2506,대전광역시 유성구청,2025-07-16
외삼동039,1,대전광역시 유성구 외삼로 78-14,대전광역시 유성구 외삼동 168,36.40079974,127.3175968,2020,한전주,042-611-2506,대전광역시 유성구청,2025-07-16
외삼동040,1,대전광역시 유성구 외삼로 78-14,대전광역시 유성구 외삼동 168,36.40079974,127.3175968,2020,한전주,042-611-2506,대전광역시 유성구청,2025-07-16
외삼동041,1,대전광역시 유성구 외삼로 80,대전광역시 유성구 외삼동 172,36.4004737,127.3170186,2020,한전주,042-611-2506,대전광역시 유성구청,2025-07-16
외삼동042,1,대전광역시 유성구 외삼로 84,대전광역시 유성구 외삼동 164-2,36.40049506,127.3165784,2020,한전주,042-611-2506,대전광역시 유성구청,2025-07-16
외삼동043,1,,대전광역시 유성구 외삼동 182-1,36.3999175,127.3163145,2020,한전주,042-611-2506,대전광역시 유성구청,2025-07-16
외삼동044,1,대전광역시 유성구 외삼로 88,대전광역시 유성구 외삼동 163-2,36.40012071,127.316441,2020,건축물,042-611-2506,대전광역시 유성구청,2025-07-16
외삼동045,1,대전광역시 유성구 외삼로 90,대전광역시 유성구 외삼동 161-1,36.39995965,127.3163475,2020,한전주,042-611-2506,대전광역시 유성구청,2025-07-16
외삼동046,1,대전광역시 유성구 외삼로 90,대전광역시 유성구 외삼동 161-1,36.39995965,127.3163475,2020,한전주,042-611-2506,대전광역시 유성구청,2025-07-16
외삼동047,1,대전광역시 유성구 외삼로 106-11,대전광역시 유성구 외삼동 153,36.4003529,127.3152293,2020,한전주,042-611-2506,대전광역시 유성구청,2025-07-16
외삼동048,1,대전광역시 유성구 외삼로 106-22,대전광역시 유성구 외삼동 146,36.40022773,127.3157088,2020,한전주,042-611-2506,대전광역시 유성구청,2025-07-16
외삼동050,1,대전광역시 유성구 외삼로 106-11,대전광역시 유성구 외삼동 153,36.40039426,127.3152323,2020,한전주,042-611-2506,대전광역시 유성구청,2025-07-16
외삼동051,1,대전광역시 유성구 외삼로 106-11,대전광역시 유성구 외삼동 153,36.40039426,127.3152323,2020,한전주,042-611-2506,대전광역시 유성구청,2025-07-16
외삼동052,1,대전광역시 유성구 외삼로 112,대전광역시 유성구 외삼동 201-5,36.39960654,127.3142777,2020,건축물,042-611-2506,대전광역시 유성구청,2025-07-16
외삼동053,1,대전광역시 유성구 외삼로 112,대전광역시 유성구 외삼동 201-5,36.39960654,127.3142777,2020,한전주,042-611-2506,대전광역시 유성구청,2025-07-16
외삼동054,1,대전광역시 유성구 외삼로 116,대전광역시 유성구 외삼동 201-4,36.39994323,127.3139988,2020,한전주,042-611-2506,대전광역시 유성구청,2025-07-16
외삼동055,1,대전광역시 유성구 외삼로 116,대전광역시 유성구 외삼동 201-4,36.39994323,127.3139988,2020,한전주,042-611-2506,대전광역시 유성구청,2025-07-16
외삼동056,1,대전광역시 유성구 외삼로 124,대전광역시 유성구 외삼동 203-1,36.40056353,127.313441,2020,한전주,042-611-2506,대전광역시 유성구청,2025-07-16
외삼동057,1,대전광역시 유성구 외삼로 124,대전광역시 유성구 외삼동 203-1,36.40056353,127.313441,2020,한전주,042-611-2506,대전광역시 유성구청,2025-07-16
외삼동058,1,대전광역시 유성구 외삼로 129,대전광역시 유성구 외삼동 130-1,36.40105829,127.3127125,2020,한전주,042-611-2506,대전광역시 유성구청,2025-07-16
외삼동059,1,대전광역시 유성구 외삼로 129,대전광역시 유성구 외삼동 130-1,36.40105829,127.3127125,2020,한전주,042-611-2506,대전광역시 유성구청,2025-07-16
외삼동060,1,대전광역시 유성구 외삼로 156-20,대전광역시 유성구 외삼동 120-4,36.40209321,127.3150034,2020,한전주,042-611-2506,대전광역시 유성구청,2025-07-16
외삼동061,1,대전광역시 유성구 외삼로 140-26,대전광역시 유성구 외삼동 135,36.40188101,127.3151976,2020,한전주,042-611-2506,대전광역시 유성구청,2025-07-16
외삼동062,1,대전광역시 유성구 외삼로 224-13,대전광역시 유성구 외삼동 산 34-1,36.40574111,127.3117517,2020,한전주,042-611-2506,대전광역시 유성구청,2025-07-16
외삼동063,1,대전광역시 유성구 외삼로 224-13,대전광역시 유성구 외삼동 산 34-1,36.40574111,127.3117517,2020,한전주,042-611-2506,대전광역시 유성구청,2025-07-16
외삼동064,1,대전광역시 유성구 외삼로156번길 10-1,대전광역시 유성구 외삼동 100-1,36.4028855,127.3150777,2020,한전주,042-611-2506,대전광역시 유성구청,2025-07-16
외삼동065,1,대전광역시 유성구 외삼로 156-19,대전광역시 유성구 외삼동 118-1,36.4022637,127.3152823,2020,한전주,042-611-2506,대전광역시 유성구청,2025-07-16
외삼동066,1,대전광역시 유성구 외삼로 154,대전광역시 유성구 외삼동 119-1,36.40249578,127.3145521,2020,한전주,042-611-2506,대전광역시 유성구청,2025-07-16
외삼동067,1,대전광역시 유성구 외삼로 154,대전광역시 유성구 외삼동 119-1,36.40249578,127.3145521,2020,한전주,042-611-2506,대전광역시 유성구청,2025-07-16
외삼동068,1,대전광역시 유성구 외삼로 152,대전광역시 유성구 외삼동 121-1,36.40228905,127.3144856,2020,한전주,042-611-2506,대전광역시 유성구청,2025-07-16
외삼동069,1,대전광역시 유성구 외삼로 152,대전광역시 유성구 외삼동 121-1,36.40228905,127.3144856,2020,한전주,042-611-2506,대전광역시 유성구청,2025-07-16
외삼동070,1,대전광역시 유성구 외삼로 124,대전광역시 유성구 외삼동 203-1,36.40056353,127.313441,2020,한전주,042-611-2506,대전광역시 유성구청,2025-07-16
외삼동071,1,대전광역시 유성구 외삼로 129,대전광역시 유성구 외삼동 130-1,36.40105829,127.3127125,2020,건축물,042-611-2506,대전광역시 유성구청,2025-07-16
외삼동072,1,대전광역시 유성구 북유성대로400번길 1,대전광역시 유성구 외삼동 421,36.40453072,127.3080838,2020,건축물,042-611-2506,대전광역시 유성구청,2025-07-16
외삼동073,1,,대전광역시 유성구 외삼동 118-2,36.40257694,127.3150029,2020,한전주,042-611-2506,대전광역시 유성구청,2025-07-16
외삼동074,1,대전광역시 유성구 외삼로156번길 13,대전광역시 유성구 외삼동 95,36.40311032,127.3147787,2020,한전주,042-611-2506,대전광역시 유성구청,2025-07-16
외삼동075,1,대전광역시 유성구 외삼로156번길 17,대전광역시 유성구 외삼동 92-2,36.40338005,127.314979,2020,한전주,042-611-2506,대전광역시 유성구청,2025-07-16
외삼동076,1,대전광역시 유성구 외삼로156번길 36,대전광역시 유성구 외삼동 79-1,36.40400463,127.3149188,2020,한전주,042-611-2506,대전광역시 유성구청,2025-07-16
외삼동077,1,대전광역시 유성구 외삼로156번길 30-7,대전광역시 유성구 외삼동 80,36.40407655,127.3155297,2020,한전주,042-611-2506,대전광역시 유성구청,2025-07-16
외삼동078,1,대전광역시 유성구 외삼로156번길 30-7,대전광역시 유성구 외삼동 80,36.40407655,127.3155297,2020,건축물,042-611-2506,대전광역시 유성구청,2025-07-16
외삼동079,1,대전광역시 유성구 외삼로156번길 38,대전광역시 유성구 외삼동 81-3,36.40382374,127.314759,2020,한전주,042-611-2506,대전광역시 유성구청,2025-07-16
외삼동080,1,,대전광역시 유성구 외삼동 90,36.40345999,127.3145678,2020,한전주,042-611-2506,대전광역시 유성구청,2025-07-16
외삼동081,1,,대전광역시 유성구 외삼동 90,36.40345999,127.3145678,2020,한전주,042-611-2506,대전광역시 유성구청,2025-07-16
외삼동082,1,대전광역시 유성구 외삼로 159,대전광역시 유성구 외삼동 84,36.40306233,127.3141803,2020,한전주,042-611-2506,대전광역시 유성구청,2025-07-16
외삼동083,1,대전광역시 유성구 외삼로 165,대전광역시 유성구 외삼동 83-1,36.40314399,127.3141052,2020,한전주,042-611-2506,대전광역시 유성구청,2025-07-16
외삼동084,1,대전광역시 유성구 외삼로 169,대전광역시 유성구 외삼동 73-1,36.40371895,127.3137929,2020,한전주,042-611-2506,대전광역시 유성구청,2025-07-16
외삼동085,1,대전광역시 유성구 외삼로 172-3,대전광역시 유성구 외삼동 75,36.40423127,127.313860,2020,한전주,042-611-2506,대전광역시 유성구청,2025-07-16
외삼동086,1,대전광역시 유성구 외삼로 172-3,대전광역시 유성구 외삼동 75,36.40423127,127.313860,2020,한전주,042-611-2506,대전광역시 유성구청,2025-07-16
외삼동087,1,대전광역시 유성구 외삼로 174,대전광역시 유성구 외삼동 74,36.40400887,127.3135835,2020,한전주,042-611-2506,대전광역시 유성구청,2025-07-16
외삼동088,1,대전광역시 유성구 외삼로 176,대전광역시 유성구 외삼동 71,36.40389573,127.3132537,2020,한전주,042-611-2506,대전광역시 유성구청,2025-07-16
외삼동089,1,대전광역시 유성구 외삼로 188,대전광역시 유성구 외삼동 369-3,36.40349336,127.312568,2020,한전주,042-611-2506,대전광역시 유성구청,2025-07-16
외삼동090,1,,대전광역시 유성구 외삼동 582,36.40394508,127.3117892,2020,한전주,042-611-2506,대전광역시 유성구청,2025-07-16
외삼동091,1,대전광역시 유성구 외삼로 195,대전광역시 유성구 외삼동 361-2,36.40316275,127.3114531,2020,한전주,042-611-2506,대전광역시 유성구청,2025-07-16
외삼동092,1,대전광역시 유성구 외삼로 195,대전광역시 유성구 외삼동 361-2,36.40316275,127.3114531,2020,한전주,042-611-2506,대전광역시 유성구청,2025-07-16
외삼동093,1,대전광역시 유성구 외삼로 196,대전광역시 유성구 외삼동 366,36.40322647,127.3117957,2020,한전주,042-611-2506,대전광역시 유성구청,2025-07-16
외삼동094,1,대전광역시 유성구 외삼로 219,대전광역시 유성구 외삼동 387,36.40490053,127.3119466,2020,한전주,042-611-2506,대전광역시 유성구청,2025-07-16
외삼동095,1,대전광역시 유성구 외삼로 219,대전광역시 유성구 외삼동 387,36.40490053,127.3119466,2020,한전주,042-611-2506,대전광역시 유성구청,2025-07-16
외삼동096,1,대전광역시 유성구 외삼로 224-4,대전광역시 유성구 외삼동 386-4,36.4052076,127.3119308,2020,한전주,042-611-2506,대전광역시 유성구청,2025-07-16
외삼동097,1,대전광역시 유성구 외삼로 220-9,대전광역시 유성구 외삼동 386-2,36.40533982,127.3121677,2020,한전주,042-611-2506,대전광역시 유성구청,2025-07-16
외삼동098,1,대전광역시 유성구 외삼로 220-15,대전광역시 유성구 외삼동 382,36.40556193,127.312210,2020,한전주,042-611-2506,대전광역시 유성구청,2025-07-16
외삼동099,1,대전광역시 유성구 외삼로 224,대전광역시 유성구 외삼동 384-3,36.40523419,127.3115836,2020,한전주,042-611-2506,대전광역시 유성구청,2025-07-16
외삼동100,1,대전광역시 유성구 외삼로 224-10,대전광역시 유성구 외삼동 386,36.40547036,127.3120417,2020,한전주,042-611-2506,대전광역시 유성구청,2025-07-16
외삼동101,1,대전광역시 유성구 외삼로 224-12,대전광역시 유성구 외삼동 383,36.40565033,127.3120404,2020,건축물,042-611-2506,대전광역시 유성구청,2025-07-16
외삼동102,1,대전광역시 유성구 외삼로 230,대전광역시 유성구 외삼동 395,36.40521459,127.3111174,2020,한전주,042-611-2506,대전광역시 유성구청,2025-07-16
외삼동103,1,대전광역시 유성구 외삼로 230,대전광역시 유성구 외삼동 395,36.40521459,127.3111174,2020,한전주,042-611-2506,대전광역시 유성구청,2025-07-16
외삼동104,1,대전광역시 유성구 외삼로 224-13,대전광역시 유성구 외삼동 산 34-1,36.40574111,127.3117517,2020,한전주,042-611-2506,대전광역시 유성구청,2025-07-16
외삼동105,1,대전광역시 유성구 외삼로 224-13,대전광역시 유성구 외삼동 산 34-1,36.40574111,127.3117517,2020,한전주,042-611-2506,대전광역시 유성구청,2025-07-16
외삼동106,1,대전광역시 유성구 외삼로 224-13,대전광역시 유성구 외삼동 산 34-1,36.40574111,127.3117517,2020,한전주,042-611-2506,대전광역시 유성구청,2025-07-16
외삼동107,1,대전광역시 유성구 북유성대로400번길 1,대전광역시 유성구 외삼동 421,36.40453072,127.3080838,2020,건축물,042-611-2506,대전광역시 유성구청,2025-07-16
외삼동108,1,대전광역시 유성구 북유성대로400번길 1,대전광역시 유성구 외삼동 421,36.40453072,127.3080838,2020,건축물,042-611-2506,대전광역시 유성구청,2025-07-16
외삼동109,1,대전광역시 유성구 북유성대로400번길 1,대전광역시 유성구 외삼동 421,36.40453072,127.3080838,2020,한전주,042-611-2506,대전광역시 유성구청,2025-07-16
외삼동110,1,대전광역시 유성구 북유성대로400번길 1,대전광역시 유성구 외삼동 421,36.40453072,127.3080838,2020,건축물,042-611-2506,대전광역시 유성구청,2025-07-16
외삼동111,1,대전광역시 유성구 북유성대로 494-74,대전광역시 유성구 외삼동 499,36.4095336,127.304059,2020,한전주,042-611-2506,대전광역시 유성구청,2025-07-16
외삼동112,1,,대전광역시 유성구 외삼동 467-5,36.40798731,127.3022234,2020,한전주,042-611-2506,대전광역시 유성구청,2025-07-16
외삼동113,1,대전광역시 유성구 외삼로 224-13,대전광역시 유성구 외삼동 산 34-1,36.40574111,127.3117517,2020,한전주,042-611-2506,대전광역시 유성구청,2025-07-16
외삼동114,1,대전광역시 유성구 북유성대로400번길 1,대전광역시 유성구 외삼동 421,36.40453072,127.3080838,2020,건축물,042-611-2506,대전광역시 유성구청,2025-07-16
외삼동115,1,대전광역시 유성구 북유성대로400번길 150,대전광역시 유성구 외삼동 415,36.40526751,127.3086447,2020,한전주,042-611-2506,대전광역시 유성구청,2025-07-16
외삼동116,1,대전광역시 유성구 북유성대로400번길 166,대전광역시 유성구 외삼동 415-3,36.40588301,127.3081538,2020,한전주,042-611-2506,대전광역시 유성구청,2025-07-16
외삼동117,1,대전광역시 유성구 북유성대로400번길 204,대전광역시 유성구 외삼동 522,36.40714481,127.3069693,2020,한전주,042-611-2506,대전광역시 유성구청,2025-07-16
외삼동118,1,,대전광역시 유성구 외삼동 452-2,36.40605665,127.3028929,2020,한전주,042-611-2506,대전광역시 유성구청,2025-07-16
외삼동119,1,대전광역시 유성구 북유성대로400번길 208,대전광역시 유성구 외삼동 519,36.40751734,127.3067996,2020,한전주,042-611-2506,대전광역시 유성구청,2025-07-16
외삼동120,1,,대전광역시 유성구 외삼동 451,36.40574717,127.3025854,2020,한전주,042-611-2506,대전광역시 유성구청,2025-07-16
외삼동121,1,,대전광역시 유성구 외삼동 산 39-2,36.4050587,127.3014637,2020,한전주,042-611-2506,대전광역시 유성구청,2025-07-16
외삼동122,1,대전광역시 유성구 북유성대로487번길 31,대전광역시 유성구 외삼동 447,36.40525254,127.3025209,2020,한전주,042-611-2506,대전광역시 유성구청,2025-07-16
외삼동123,1,대전광역시 유성구 북유성대로487번길 37,대전광역시 유성구 외삼동 448,36.4050587,127.3020737,2020,한전주,042-611-2506,대전광역시 유성구청,2025-07-16
외삼동124,1,,대전광역시 유성구 외삼동 산 39-8,36.4050968,127.3014883,2020,한전주,042-611-2506,대전광역시 유성구청,2025-07-16
외삼동125,1,,대전광역시 유성구 외삼동 산 39-8,36.4050587,127.3014637,2020,한전주,042-611-2506,대전광역시 유성구청,2025-07-16
외삼동126,1,,대전광역시 유성구 외삼동 산 39-8,36.4050968,127.3014883,2020,한전주,042-611-2506,대전광역시 유성구청,2025-07-16
외삼동127,1,,대전광역시 유성구 외삼동 산 41-5,36.40653674,127.3008555,2020,건축물,042-611-2506,대전광역시 유성구청,2025-07-16
외삼동128,1,,대전광역시 유성구 외삼동 산 39-8,36.4050968,127.3014883,2020,건축물,042-611-2506,대전광역시 유성구청,2025-07-16
외삼동129,1,,대전광역시 유성구 외삼동 산 41-5,36.40653674,127.3008555,2020,건축물,042-611-2506,대전광역시 유성구청,2025-07-16
외삼동130,1,대전광역시 유성구 북유성대로487번길 130,대전광역시 유성구 안산동 93-1,36.40370256,127.2968321,2020,건축물,042-611-2506,대전광역시 유성구청,2025-07-16
외삼동131,1,대전광역시 유성구 북유성대로400번길 1,대전광역시 유성구 외삼동 421,36.40453072,127.3080838,2020,건축물,042-611-2506,대전광역시 유성구청,2025-07-16
외삼동132,1,대전광역시 유성구 북유성대로400번길 1,대전광역시 유성구 외삼동 421,36.40453072,127.3080838,2020,건축물,042-611-2506,대전광역시 유성구청,2025-07-16
외삼동133,1,,대전광역시 유성구 외삼동 341-2,36.40087938,127.3089249,2020,한전주,042-611-2506,대전광역시 유성구청,2025-07-16
외삼동134,1,대전광역시 유성구 북유성대로 400-59,대전광역시 유성구 외삼동 347-9,36.4020028,127.308243,2020,한전주,042-611-2506,대전광역시 유성구청,2025-07-16
외삼동135,1,대전광역시 유성구 북유성대로 400-67,대전광역시 유성구 외삼동 593-19,36.40239615,127.3080374,2020,한전주,042-611-2506,대전광역시 유성구청,2025-07-16
외삼동136,1,대전광역시 유성구 북유성대로 400-71,대전광역시 유성구 외삼동 348-5,36.40246831,127.3078708,2020,한전주,042-611-2506,대전광역시 유성구청,2025-07-16
외삼동137,1,대전광역시 유성구 북유성대로400번길 1,대전광역시 유성구 외삼동 421,36.40453072,127.3080838,2020,건축물,042-611-2506,대전광역시 유성구청,2025-07-16
외삼동138,1,대전광역시 유성구 외삼로 48,대전광역시 유성구 외삼동 227-1,36.39794826,127.3156947,2020,한전주,042-611-2506,대전광역시 유성구청,2025-07-16
외삼동139,1,대전광역시 유성구 외삼로 37,대전광역시 유성구 외삼동 224-1,36.39772216,127.314908,2020,한전주,042-611-2506,대전광역시 유성구청,2025-07-16
외삼동140,1,,대전광역시 유성구 안산동 62,36.41054579,127.3075123,2020,한전주,042-611-2506,대전광역시 유성구청,2025-07-16
외삼동141,1,,대전광역시 유성구 외삼동 541,36.40784914,127.307361,2020,한전주,042-611-2506,대전광역시 유성구청,2025-07-16
외삼동142,1,,대전광역시 유성구 외삼동 497,36.4088216,127.3037993,2020,한전주,042-611-2506,대전광역시 유성구청,2025-07-16
외삼동143,1,,대전광역시 유성구 외삼동 497,36.4088216,127.3037993,2020,한전주,042-611-2506,대전광역시 유성구청,2025-07-16
외삼동144,1,대전광역시 유성구 북유성대로527번길 61-6,대전광역시 유성구 외삼동 산 42,36.40668259,127.3001313,2020,건축물,042-611-2506,대전광역시 유성구청,2025-07-16
외삼동145,1,대전광역시 유성구 안금로15번길 49-26,대전광역시 유성구 안산동 117,36.40732893,127.2995867,2020,한전주,042-611-2506,대전광역시 유성구청,2025-07-16
외삼동146,1,대전광역시 유성구 외삼로156번길 10-25,대전광역시 유성구 외삼동 116,36.40220321,127.3159381,2020,,042-611-2506,대전광역시 유성구청,2025-07-16
외삼동147,1,대전광역시 유성구 외삼로 106-27,대전광역시 유성구 외삼동 149,36.40067356,127.3152906,2020,한전주,042-611-2506,대전광역시 유성구청,2025-07-16
외삼동148,1,대전광역시 유성구 외삼로 106-27,대전광역시 유성구 외삼동 149,36.40067356,127.3152906,2020,한전주,042-611-2506,대전광역시 유성구청,2025-07-16
외삼동149,1,대전광역시 유성구 외삼로 110,대전광역시 유성구 외삼동 201-3,36.3996457,127.3145692,2020,한전주,042-611-2506,대전광역시 유성구청,2025-07-16
외삼동150,1,대전광역시 유성구 외삼로 70,대전광역시 유성구 외삼동 178-2,36.39959604,127.3169547,2020,한전주,042-611-2506,대전광역시 유성구청,2025-07-16
외삼동151,1,대전광역시 유성구 외삼로8번길 9,대전광역시 유성구 외삼동 276,36.3962105,127.313122,2020,한전주,042-611-2506,대전광역시 유성구청,2025-07-16
외삼동152,1,대전광역시 유성구 외삼로 106-26,대전광역시 유성구 외삼동 144,36.40065668,127.3157093,2020,전용주,042-611-2506,대전광역시 유성구청,2025-07-16
외삼동153,1,대전광역시 유성구 북유성대로 400-59,대전광역시 유성구 외삼동 347-9,36.4020028,127.308243,2020,한전주,042-611-2506,대전광역시 유성구청,2025-07-16
외삼동154,1,대전광역시 유성구 외삼로8번길 26,대전광역시 유성구 외삼동 274-7,36.3962308,127.3142979,2020,한전주,042-611-2506,대전광역시 유성구청,2025-07-16
용계동001,1,,대전광역시 유성구 용계동 184,36.33198251,127.3296639,2020,한전주,042-611-2506,대전광역시 유성구청,2025-07-16
용계동002,1,,대전광역시 유성구 용계동 165-1,36.33159299,127.3305055,2020,한전주,042-611-2506,대전광역시 유성구청,2025-07-16
용계동003,1,대전광역시 유성구 용계로94번길 132,대전광역시 유성구 용계동 167-3,36.33092941,127.330404,2020,한전주,042-611-2506,대전광역시 유성구청,2025-07-16
용계동004,1,대전광역시 유성구 용계로94번길 132,대전광역시 유성구 용계동 167-3,36.33092941,127.330404,2020,한전주,042-611-2506,대전광역시 유성구청,2025-07-16
용계동005,1,대전광역시 유성구 용계로94번길 136-19,대전광역시 유성구 용계동 163,36.33117652,127.3310203,2020,한전주,042-611-2506,대전광역시 유성구청,2025-07-16
용계동006,1,대전광역시 유성구 용계로94번길 136-27,대전광역시 유성구 용계동 163-4,36.33132804,127.3314016,2020,한전주,042-611-2506,대전광역시 유성구청,2025-07-16
용계동007,1,대전광역시 유성구 용계로94번길 130,대전광역시 유성구 용계동 167-4,36.33081909,127.3305395,2020,한전주,042-611-2506,대전광역시 유성구청,2025-07-16
용계동008,1,대전광역시 유성구 용계로94번길 126,대전광역시 유성구 용계동 167-1,36.33066462,127.3308051,2020,한전주,042-611-2506,대전광역시 유성구청,2025-07-16
용계동009,1,대전광역시 유성구 용계로94번길 112,대전광역시 유성구 용계동 166-4,36.33016297,127.3308886,2020,한전주,042-611-2506,대전광역시 유성구청,2025-07-16
용계동010,1,대전광역시 유성구 용계로94번길 110-10,대전광역시 유성구 용계동 165-11,36.3298906,127.3314541,2020,한전주,042-611-2506,대전광역시 유성구청,2025-07-16
용계동011,1,대전광역시 유성구 용계로94번길 110-22,대전광역시 유성구 용계동 165-7,36.33041361,127.3313996,2020,한전주,042-611-2506,대전광역시 유성구청,2025-07-16
용계동012,1,대전광역시 유성구 용계로94번길 110-28,대전광역시 유성구 용계동 164-5,36.33055438,127.3312027,2020,한전주,042-611-2506,대전광역시 유성구청,2025-07-16
용계동013,1,대전광역시 유성구 용계로94번길 96,대전광역시 유성구 용계동 166,36.32974511,127.3309135,2020,한전주,042-611-2506,대전광역시 유성구청,2025-07-16
용계동014,1,대전광역시 유성구 용계로94번길 88,대전광역시 유성구 용계동 114-3,36.32893992,127.3310733,2020,한전주,042-611-2506,대전광역시 유성구청,2025-07-16
용계동015,1,,대전광역시 유성구 용계동 572,36.32887893,127.3312808,2020,한전주,042-611-2506,대전광역시 유성구청,2025-07-16
용계동016,1,대전광역시 유성구 용계로94번길 76-25,대전광역시 유성구 용계동 115-2,36.32950415,127.3313974,2020,한전주,042-611-2506,대전광역시 유성구청,2025-07-16
용계동017,1,대전광역시 유성구 용계로94번길 67,대전광역시 유성구 용계동 113-1,36.32824879,127.3303953,2020,한전주,042-611-2506,대전광역시 유성구청,2025-07-16
용계동018,1,대전광역시 유성구 용계로94번길 64,대전광역시 유성구 용계동 104,36.3279134,127.3304164,2020,한전주,042-611-2506,대전광역시 유성구청,2025-07-16
용계동019,1,대전광역시 유성구 용계로94번길 43,대전광역시 유성구 용계동 109-4,36.32739847,127.3299897,2020,한전주,042-611-2506,대전광역시 유성구청,2025-07-16
용계동020,1,대전광역시 유성구 용계로164번길 80,대전광역시 유성구 용계동 107-1,36.32726383,127.3297638,2020,한전주,042-611-2506,대전광역시 유성구청,2025-07-16
용계동021,1,대전광역시 유성구 용계로164번길 66,대전광역시 유성구 용계동 109-6,36.32778825,127.3293942,2020,한전주,042-611-2506,대전광역시 유성구청,2025-07-16
용계동022,1,대전광역시 유성구 용계로164번길 66,대전광역시 유성구 용계동 109-6,36.32778825,127.3293942,2020,한전주,042-611-2506,대전광역시 유성구청,2025-07-16
용계동023,1,대전광역시 유성구 용계로164번길 66,대전광역시 유성구 용계동 109-6,36.32778825,127.3293942,2020,한전주,042-611-2506,대전광역시 유성구청,2025-07-16
용계동024,1,대전광역시 유성구 용계로164번길 54,대전광역시 유성구 용계동 202-1,36.32791059,127.3287555,2020,한전주,042-611-2506,대전광역시 유성구청,2025-07-16
용계동025,1,대전광역시 유성구 용계로164번길 35,대전광역시 유성구 용계동 206-1,36.3284106,127.3281306,2020,한전주,042-611-2506,대전광역시 유성구청,2025-07-16
용계동026,1,대전광역시 유성구 용계로164번길 25,대전광역시 유성구 용계동 207-6,36.32847969,127.3274736,2020,한전주,042-611-2506,대전광역시 유성구청,2025-07-16
용계동027,1,대전광역시 유성구 용계로164번길 22,대전광역시 유성구 용계동 207-15,36.32809762,127.3273969,2020,한전주,042-611-2506,대전광역시 유성구청,2025-07-16
용계동028,1,대전광역시 유성구 용계로164번길 12,대전광역시 유성구 용계동 207-2,36.32839247,127.3269755,2020,한전주,042-611-2506,대전광역시 유성구청,2025-07-16
용계동029,1,대전광역시 유성구 용계로164번길 10,대전광역시 유성구 용계동 207-1,36.32848381,127.3268568,2020,한전주,042-611-2506,대전광역시 유성구청,2025-07-16
용계동030,1,대전광역시 유성구 용계로164번길 3,대전광역시 유성구 용계동 207,36.32882565,127.3266184,2020,한전주,042-611-2506,대전광역시 유성구청,2025-07-16
용계동031,1,,대전광역시 유성구 용계동 212-2,36.32965566,127.3264101,2020,한전주,042-611-2506,대전광역시 유성구청,2025-07-16
용계동032,1,대전광역시 유성구 용계로119번길 2,대전광역시 유성구 용계동 230-3,36.32569029,127.326214,2020,한전주,042-611-2506,대전광역시 유성구청,2025-07-16
용계동033,1,,대전광역시 유성구 용계동 185-1,36.3316985,127.3274546,2020,한전주,042-611-2506,대전광역시 유성구청,2025-07-16
용계동034,1,대전광역시 유성구 용계로2번길 124,대전광역시 유성구 용계동 107-4,36.32693508,127.3300245,2020,한전주,042-611-2506,대전광역시 유성구청,2025-07-16
용계동035,1,대전광역시 유성구 용계로94번길 27-6,대전광역시 유성구 용계동 110-14,36.32696696,127.3297053,2020,한전주,042-611-2506,대전광역시 유성구청,2025-07-16
용계동036,1,대전광역시 유성구 용계로94번길 27-10,대전광역시 유성구 용계동 110-8,36.32713113,127.3296493,2020,한전주,042-611-2506,대전광역시 유성구청,2025-07-16
용계동037,1,대전광역시 유성구 용계로94번길 24,대전광역시 유성구 용계동 86-29,36.32664349,127.3296527,2020,한전주,042-611-2506,대전광역시 유성구청,2025-07-16
용계동038,1,대전광역시 유성구 용계로 92-7,대전광역시 유성구 용계동 86-21,36.32578136,127.3290881,2020,한전주,042-611-2506,대전광역시 유성구청,2025-07-16
용계동039,1,대전광역시 유성구 용계로 93,대전광역시 유성구 용계동 276-4,36.32549704,127.3289553,2020,한전주,042-611-2506,대전광역시 유성구청,2025-07-16
용계동040,1,대전광역시 유성구 용계로 96,대전광역시 유성구 용계동 580-20,36.32572982,127.3286796174,2020,한전주,042-611-2506,대전광역시 유성구청,2025-07-16
용계동041,1,대전광역시 유성구 용계로 101-5,대전광역시 유성구 용계동 271-25,36.3254273302,127.3284351,2020,한전주,042-611-2506,대전광역시 유성구청,2025-07-16
용계동042,1,대전광역시 유성구 용계로 92-6,대전광역시 유성구 용계동 86-18,36.32569396,127.3294084,2020,한전주,042-611-2506,대전광역시 유성구청,2025-07-16
용계동043,1,대전광역시 유성구 용계로 92-6,대전광역시 유성구 용계동 86-18,36.32569396,127.3294084,2020,한전주,042-611-2506,대전광역시 유성구청,2025-07-16
용계동044,1,대전광역시 유성구 용계로 88,대전광역시 유성구 용계동 64-12,36.3253203134,127.3297391994,2020,한전주,042-611-2506,대전광역시 유성구청,2025-07-16
용계동045,1,대전광역시 유성구 용계로 90-25,대전광역시 유성구 용계동 86-52,36.32566483,127.3298738,2020,한전주,042-611-2506,대전광역시 유성구청,2025-07-16
용계동046,1,대전광역시 유성구 용계로 90-26,대전광역시 유성구 용계동 86-11,36.32609126,127.3302363,2020,한전주,042-611-2506,대전광역시 유성구청,2025-07-16
용계동047,1,대전광역시 유성구 용계로 90-35,대전광역시 유성구 용계동 86-12,36.32610792,127.3298828,2020,한전주,042-611-2506,대전광역시 유성구청,2025-07-16
용계동048,1,대전광역시 유성구 용계로2번길 120,대전광역시 유성구 용계동 107-10,36.32676311,127.3300665,2020,한전주,042-611-2506,대전광역시 유성구청,2025-07-16
용계동049,1,대전광역시 유성구 용계로2번길 112,대전광역시 유성구 용계동 107-5,36.32659791,127.3303006,2020,한전주,042-611-2506,대전광역시 유성구청,2025-07-16
용계동050,1,대전광역시 유성구 용계로2번길 106,대전광역시 유성구 용계동 87-2,36.32677025,127.330705,2020,한전주,042-611-2506,대전광역시 유성구청,2025-07-16
용계동051,1,대전광역시 유성구 용계로 90-30,대전광역시 유성구 용계동 86-26,36.326181,127.3306677,2020,한전주,042-611-2506,대전광역시 유성구청,2025-07-16
용계동052,1,대전광역시 유성구 용계로 86-26,대전광역시 유성구 용계동 산 16-32,36.3253829019,127.3312621782,2020,한전주,042-611-2506,대전광역시 유성구청,2025-07-16
용계동053,1,대전광역시 유성구 용계로 86-21,대전광역시 유성구 용계동 86-1,36.32588865,127.3306387,2020,한전주,042-611-2506,대전광역시 유성구청,2025-07-16
용계동054,1,대전광역시 유성구 용계로 84-1,대전광역시 유성구 용계동 86-42,36.3253410993,127.3301918092,2020,한전주,042-611-2506,대전광역시 유성구청,2025-07-16
용계동055,1,대전광역시 유성구 용계로 84-1,대전광역시 유성구 용계동 86-42,36.3253410993,127.3301918092,2020,한전주,042-611-2506,대전광역시 유성구청,2025-07-16
용계동056,1,대전광역시 유성구 용계로 83-1,대전광역시 유성구 용계동 65-3,36.32512458,127.3299715,2020,한전주,042-611-2506,대전광역시 유성구청,2025-07-16
용계동057,1,대전광역시 유성구 용계로 83-1,대전광역시 유성구 용계동 65-3,36.32512458,127.3299715,2020,한전주,042-611-2506,대전광역시 유성구청,2025-07-16
용계동058,1,대전광역시 유성구 용계로 83-16,대전광역시 유성구 용계동 279-2,36.32464405,127.3292903,2020,한전주,042-611-2506,대전광역시 유성구청,2025-07-16
용계동059,1,대전광역시 유성구 용계로 83-35,대전광역시 유성구 용계동 산 20-7,36.32418685,127.3302501,2020,한전주,042-611-2506,대전광역시 유성구청,2025-07-16
용계동060,1,대전광역시 유성구 용계로 83-30,대전광역시 유성구 용계동 60-2,36.32419798,127.3298095,2020,한전주,042-611-2506,대전광역시 유성구청,2025-07-16
용계동061,1,대전광역시 유성구 용계로 84-2,대전광역시 유성구 용계동 86-43,36.3252942194,127.3303737222,2020,한전주,042-611-2506,대전광역시 유성구청,2025-07-16
용계동062,1,대전광역시 유성구 용계로 80,대전광역시 유성구 용계동 83-1,36.32517128,127.3304527,2020,한전주,042-611-2506,대전광역시 유성구청,2025-07-16
용계동063,1,대전광역시 유성구 용계로 78-3,대전광역시 유성구 용계동 84-1,36.32527285,127.3306439,2020,한전주,042-611-2506,대전광역시 유성구청,2025-07-16
용계동064,1,대전광역시 유성구 용계로 73,대전광역시 유성구 용계동 66-1,36.32455294,127.3313128,2020,한전주,042-611-2506,대전광역시 유성구청,2025-07-16
용계동065,1,대전광역시 유성구 용계로 73,대전광역시 유성구 용계동 66-1,36.32455294,127.3313128,2020,한전주,042-611-2506,대전광역시 유성구청,2025-07-16
용계동066,1,대전광역시 유성구 용계로 73-1,대전광역시 유성구 용계동 66-16,36.32445856,127.3312899,2020,한전주,042-611-2506,대전광역시 유성구청,2025-07-16
용계동067,1,대전광역시 유성구 용계로 65,대전광역시 유성구 용계동 78-1,36.3247413,127.3318792,2020,한전주,042-611-2506,대전광역시 유성구청,2025-07-16
용계동068,1,대전광역시 유성구 용계로 66-3,대전광역시 유성구 용계동 79-6,36.32515034,127.3319592,2020,한전주,042-611-2506,대전광역시 유성구청,2025-07-16
용계동069,1,대전광역시 유성구 용계로 66-18,대전광역시 유성구 용계동 74-2,36.3252321,127.3326689,2020,한전주,042-611-2506,대전광역시 유성구청,2025-07-16
용계동070,1,,대전광역시 유성구 용계동 79-5,36.32546017,127.3318661,2020,한전주,042-611-2506,대전광역시 유성구청,2025-07-16
용계동071,1,대전광역시 유성구 용계로2번길 83,대전광역시 유성구 용계동 86-37,36.32548097,127.3312825,2020,한전주,042-611-2506,대전광역시 유성구청,2025-07-16
용계동072,1,대전광역시 유성구 용계로2번길 71-13,대전광역시 유성구 용계동 77-33,36.3255126,127.332372974,2020,한전주,042-611-2506,대전광역시 유성구청,2025-07-16
용계동073,1,대전광역시 유성구 용계로2번길 58,대전광역시 유성구 용계동 75,36.3258797,127.3326295,2020,한전주,042-611-2506,대전광역시 유성구청,2025-07-16
용계동074,1,대전광역시 유성구 용계로 14-26,대전광역시 유성구 용계동 73-16,36.32606278,127.3334853,2020,한전주,042-611-2506,대전광역시 유성구청,2025-07-16
용계동075,1,대전광역시 유성구 용계로2번길 38,대전광역시 유성구 용계동 92-5,36.3264102,127.333221,2020,한전주,042-611-2506,대전광역시 유성구청,2025-07-16
용계동076,1,대전광역시 유성구 용계로2번길 35,대전광역시 유성구 용계동 73-17,36.32639669,127.3334752,2020,한전주,042-611-2506,대전광역시 유성구청,2025-07-16
용계동077,1,대전광역시 유성구 용계로2번길 29,대전광역시 유성구 용계동 73-49,36.32654848,127.3336253,2020,한전주,042-611-2506,대전광역시 유성구청,2025-07-16
용계동078,1,대전광역시 유성구 용계로2번길 22,대전광역시 유성구 용계동 94-2,36.32695148,127.3337238,2020,한전주,042-611-2506,대전광역시 유성구청,2025-07-16
용계동079,1,대전광역시 유성구 용계로2번길 18,대전광역시 유성구 용계동 94-3,36.3270396,127.3338529,2020,한전주,042-611-2506,대전광역시 유성구청,2025-07-16
용계동080,1,대전광역시 유성구 용계로 6,대전광역시 유성구 용계동 95-1,36.32708097,127.3343414,2020,한전주,042-611-2506,대전광역시 유성구청,2025-07-16
용계동081,1,대전광역시 유성구 용계로 5,대전광역시 유성구 용계동 35,36.32714125,127.3348287,2020,한전주,042-611-2506,대전광역시 유성구청,2025-07-16
용계동082,1,대전광역시 유성구 용계로 5,대전광역시 유성구 용계동 35,36.32714125,127.3348287,2020,한전주,042-611-2506,대전광역시 유성구청,2025-07-16
용계동083,1,대전광역시 유성구 용계로 3-9,대전광역시 유성구 용계동 34,36.32729448,127.3352654,2020,한전주,042-611-2506,대전광역시 유성구청,2025-07-16
용계동084,1,대전광역시 유성구 용계로 3-19,대전광역시 유성구 용계동 34-4,36.32682963,127.3355971,2020,한전주,042-611-2506,대전광역시 유성구청,2025-07-16
용계동085,1,대전광역시 유성구 용계로 10,대전광역시 유성구 용계동 73-5,36.32668625,127.3344732,2020,한전주,042-611-2506,대전광역시 유성구청,2025-07-16
용계동086,1,대전광역시 유성구 용계로 12,대전광역시 유성구 용계동 73-48,36.32650967,127.334519,2020,한전주,042-611-2506,대전광역시 유성구청,2025-07-16
용계동087,1,대전광역시 유성구 용계로 14-16,대전광역시 유성구 용계동 산 14-1,36.3261185,127.3338524,2020,한전주,042-611-2506,대전광역시 유성구청,2025-07-16
용계동088,1,대전광역시 유성구 용계로 14-20,대전광역시 유성구 용계동 73-1,36.32608067,127.3337567,2020,한전주,042-611-2506,대전광역시 유성구청,2025-07-16
용계동089,1,대전광역시 유성구 용계로 14-27,대전광역시 유성구 용계동 73-14,36.32589961,127.3333428,2020,한전주,042-611-2506,대전광역시 유성구청,2025-07-16
용계동090,1,대전광역시 유성구 용계로 16,대전광역시 유성구 용계동 73-10,36.32609311,127.3344669,2020,한전주,042-611-2506,대전광역시 유성구청,2025-07-16
용계동091,1,대전광역시 유성구 용계로 22,대전광역시 유성구 용계동 73-45,36.32567041,127.3346426,2020,한전주,042-611-2506,대전광역시 유성구청,2025-07-16
용계동092,1,대전광역시 유성구 용계로 20,대전광역시 유성구 용계동 73-42,36.32569293,127.3340678,2020,한전주,042-611-2506,대전광역시 유성구청,2025-07-16
용계동093,1,대전광역시 유성구 용계로 21,대전광역시 유성구 용계동 73-24,36.32569088,127.3348944,2020,한전주,042-611-2506,대전광역시 유성구청,2025-07-16
용계동094,1,대전광역시 유성구 용계로 29-5,대전광역시 유성구 용계동 36-9,36.3252602,127.335017,2020,한전주,042-611-2506,대전광역시 유성구청,2025-07-16
용계동095,1,대전광역시 유성구 용계로 29-5,대전광역시 유성구 용계동 36-9,36.32526221,127.335017,2020,한전주,042-611-2506,대전광역시 유성구청,2025-07-16
용계동096,1,대전광역시 유성구 용계로 29-9,대전광역시 유성구 용계동 36-1,36.32532814,127.3351923,2020,한전주,042-611-2506,대전광역시 유성구청,2025-07-16
용계동097,1,대전광역시 유성구 용계로 29-33,대전광역시 유성구 용계동 36-6,36.32525741,127.3356667,2020,한전주,042-611-2506,대전광역시 유성구청,2025-07-16
용계동098,1,대전광역시 유성구 용계로 29-24,대전광역시 유성구 용계동 38-4,36.3247722,127.3357045,2020,한전주,042-611-2506,대전광역시 유성구청,2025-07-16
용계동099,1,대전광역시 유성구 용계로 35-3,대전광역시 유성구 용계동 71-6,36.32460387,127.3348028,2020,한전주,042-611-2506,대전광역시 유성구청,2025-07-16
용계동100,1,대전광역시 유성구 용계로 39,대전광역시 유성구 용계동 71-8,36.32412495,127.3345563,2020,한전주,042-611-2506,대전광역시 유성구청,2025-07-16
용계동101,1,대전광역시 유성구 용계로41번길 1-6,대전광역시 유성구 용계동 71-3,36.32391983,127.3342693,2020,한전주,042-611-2506,대전광역시 유성구청,2025-07-16
용계동102,1,,대전광역시 유성구 용계동 71-13,36.32394471,127.3343083,2020,한전주,042-611-2506,대전광역시 유성구청,2025-07-16
용계동103,1,대전광역시 유성구 용계로41번길 1-14,대전광역시 유성구 용계동 71-12,36.32349215,127.3344247,2020,한전주,042-611-2506,대전광역시 유성구청,2025-07-16
용계동104,1,대전광역시 유성구 용계로 45,대전광역시 유성구 용계동 70,36.32416477,127.3337208,2020,한전주,042-611-2506,대전광역시 유성구청,2025-07-16
용계동105,1,대전광역시 유성구 용계로 45,대전광역시 유성구 용계동 70,36.32416477,127.3337208,2020,한전주,042-611-2506,대전광역시 유성구청,2025-07-16
용계동106,1,대전광역시 유성구 용계로 49,대전광역시 유성구 용계동 69,36.32429255,127.3332396,2020,한전주,042-611-2506,대전광역시 유성구청,2025-07-16
용계동107,1,대전광역시 유성구 용계로 55,대전광역시 유성구 용계동 78-24,36.32450036,127.3326895,2020,한전주,042-611-2506,대전광역시 유성구청,2025-07-16
용계동108,1,,대전광역시 유성구 용계동 77-17,36.32481859,127.332557,2020,한전주,042-611-2506,대전광역시 유성구청,2025-07-16
용계동109,1,대전광역시 유성구 용계로 57-10,대전광역시 유성구 용계동 78-17,36.32456929,127.3321122,2020,한전주,042-611-2506,대전광역시 유성구청,2025-07-16
용계동110,1,대전광역시 유성구 용계로41번길 17,대전광역시 유성구 용계동 71-4,36.32341513,127.3341549,2020,한전주,042-611-2506,대전광역시 유성구청,2025-07-16
용계동111,1,대전광역시 유성구 용계로41번길 19,대전광역시 유성구 용계동 71-36,36.32324772,127.3341444,2020,한전주,042-611-2506,대전광역시 유성구청,2025-07-16
용계동112,1,대전광역시 유성구 용계로41번길 23-17,대전광역시 유성구 용계동 71-39,36.32287085,127.3345639,2020,한전주,042-611-2506,대전광역시 유성구청,2025-07-16
용계동113,1,대전광역시 유성구 용계로41번길 23-50,대전광역시 유성구 용계동 40-7,36.32299422,127.3349656417,2020,한전주,042-611-2506,대전광역시 유성구청,2025-07-16
용계동114,1,대전광역시 유성구 용계로41번길 23-50,대전광역시 유성구 용계동 40-7,36.32299422,127.3349656417,2020,한전주,042-611-2506,대전광역시 유성구청,2025-07-16
용계동115,1,대전광역시 유성구 용계로41번길 23-12,대전광역시 유성구 용계동 71-40,36.32262451,127.3344278337,2020,한전주,042-611-2506,대전광역시 유성구청,2025-07-16
용계동116,1,대전광역시 유성구 용계로41번길 23-32,대전광역시 유성구 용계동 41,36.32233799,127.3343983,2020,한전주,042-611-2506,대전광역시 유성구청,2025-07-16
용계동117,1,대전광역시 유성구 용계로41번길 19,대전광역시 유성구 용계동 71-36,36.32324772,127.3341444,2020,한전주,042-611-2506,대전광역시 유성구청,2025-07-16
용계동118,1,,대전광역시 유성구 용계동 583,36.3226014,127.3335649,2020,한전주,042-611-2506,대전광역시 유성구청,2025-07-16
용계동119,1,대전광역시 유성구 용계로41번길 40,대전광역시 유성구 용계동 48-6,36.3226447467,127.3333542436,2020,한전주,042-611-2506,대전광역시 유성구청,2025-07-16
용계동120,1,대전광역시 유성구 용계로41번길 51-9,대전광역시 유성구 용계동 45-13,36.32176899,127.3334604,2020,한전주,042-611-2506,대전광역시 유성구청,2025-07-16
용계동121,1,대전광역시 유성구 용계로41번길 51-5,대전광역시 유성구 용계동 46-5,36.32207052,127.3332056,2020,한전주,042-611-2506,대전광역시 유성구청,2025-07-16
용계동122,1,대전광역시 유성구 용계로41번길 50-7,대전광역시 유성구 용계동 49-10,36.32238265,127.3326039,2020,한전주,042-611-2506,대전광역시 유성구청,2025-07-16
용계동123,1,대전광역시 유성구 용계로41번길 50-20,대전광역시 유성구 용계동 49-5,36.32281258,127.3320278,2020,한전주,042-611-2506,대전광역시 유성구청,2025-07-16
용계동124,1,대전광역시 유성구 용계로41번길 51-15,대전광역시 유성구 용계동 45-16,36.3214112,127.3337533,2020,한전주,042-611-2506,대전광역시 유성구청,2025-07-16
용계동125,1,대전광역시 유성구 용계로41번길 65,대전광역시 유성구 용계동 45-1,36.32151136,127.3328399,2020,한전주,042-611-2506,대전광역시 유성구청,2025-07-16
용계동126,1,대전광역시 유성구 용계로41번길 70,대전광역시 유성구 용계동 50-11,36.32138617,127.3323613,2020,한전주,042-611-2506,대전광역시 유성구청,2025-07-16
용계동127,1,대전광역시 유성구 용계로41번길 70,대전광역시 유성구 용계동 50-11,36.32138617,127.3323613,2020,한전주,042-611-2506,대전광역시 유성구청,2025-07-16
용계동128,1,,대전광역시 유성구 용계동 271-23,36.3254009,127.3282641,2020,한전주,042-611-2506,대전광역시 유성구청,2025-07-16
용계동129,1,,대전광역시 유성구 용계동 267-2,36.325731,127.3272504,2020,한전주,042-611-2506,대전광역시 유성구청,2025-07-16
용계동130,1,대전광역시 유성구 용계로119번길 17,대전광역시 유성구 용계동 267-3,36.32506025,127.3271451,2020,한전주,042-611-2506,대전광역시 유성구청,2025-07-16
용계동131,1,대전광역시 유성구 용계로 111-2,대전광역시 유성구 용계동 268-2,36.3254209,127.3270337,2020,한전주,042-611-2506,대전광역시 유성구청,2025-07-16
용계동132,1,대전광역시 유성구 용계로 182,대전광역시 유성구 용계동 191-1,36.33018298,127.3267253,2020,한전주,042-611-2506,대전광역시 유성구청,2025-07-16
용계동133,1,대전광역시 유성구 용계로119번길 10,대전광역시 유성구 용계동 246-8,36.32542909,127.3263252,2020,한전주,042-611-2506,대전광역시 유성구청,2025-07-16
용계동134,1,대전광역시 유성구 용계로119번길 6-13,대전광역시 유성구 용계동 246-13,36.32541692,127.3257669,2020,한전주,042-611-2506,대전광역시 유성구청,2025-07-16
용계동135,1,대전광역시 유성구 용계로119번길 6-23,대전광역시 유성구 용계동 246-1,36.32530954,127.325155,2020,한전주,042-611-2506,대전광역시 유성구청,2025-07-16
용계동136,1,대전광역시 유성구 용계로119번길 16,대전광역시 유성구 용계동 246-10,36.32520665,127.326468,2020,한전주,042-611-2506,대전광역시 유성구청,2025-07-16
용계동137,1,대전광역시 유성구 용계로119번길 21,대전광역시 유성구 용계동 267-5,36.32473623,127.3268654,2020,한전주,042-611-2506,대전광역시 유성구청,2025-07-16
용계동138,1,대전광역시 유성구 용계로119번길 25-12,대전광역시 유성구 용계동 265-5,36.3243433,127.3268675,2020,한전주,042-611-2506,대전광역시 유성구청,2025-07-16
용계동139,1,대전광역시 유성구 용계로119번길 25-21,대전광역시 유성구 용계동 265-7,36.3246366,127.327344,2020,한전주,042-611-2506,대전광역시 유성구청,2025-07-16
용계동140,1,대전광역시 유성구 용계로119번길 27,대전광역시 유성구 용계동 249,36.32433633,127.3264551,2020,한전주,042-611-2506,대전광역시 유성구청,2025-07-16
용계동141,1,대전광역시 유성구 용계로119번길 27,대전광역시 유성구 용계동 249,36.32433633,127.3264551,2020,한전주,042-611-2506,대전광역시 유성구청,2025-07-16
용계동142,1,대전광역시 유성구 용계로119번길 52,대전광역시 유성구 용계동 251-2,36.32381823,127.3263257,2020,한전주,042-611-2506,대전광역시 유성구청,2025-07-16
용계동143,1,대전광역시 유성구 용계로119번길 59,대전광역시 유성구 용계동 252-15,36.32329752,127.3266591,2020,한전주,042-611-2506,대전광역시 유성구청,2025-07-16
용계동144,1,대전광역시 유성구 용계로119번길 69,대전광역시 유성구 용계동 252-5,36.32290962,127.3268023,2020,한전주,042-611-2506,대전광역시 유성구청,2025-07-16
용계동145,1,대전광역시 유성구 용계로119번길 71,대전광역시 유성구 용계동 252-6,36.32279979,127.3268272,2020,한전주,042-611-2506,대전광역시 유성구청,2025-07-16
용계동146,1,대전광역시 유성구 용계로119번길 80,대전광역시 유성구 용계동 302-4,36.32253969,127.3269989,2020,한전주,042-611-2506,대전광역시 유성구청,2025-07-16
용계동147,1,대전광역시 유성구 용계로119번길 85,대전광역시 유성구 용계동 303-4,36.32253746,127.3273845,2020,한전주,042-611-2506,대전광역시 유성구청,2025-07-16
용계동148,1,대전광역시 유성구 용계로119번길 91,대전광역시 유성구 용계동 303-7,36.3222005,127.3273968,2020,한전주,042-611-2506,대전광역시 유성구청,2025-07-16
용계동149,1,,대전광역시 유성구 용계동 255-2,36.32236904,127.328091,2020,한전주,042-611-2506,대전광역시 유성구청,2025-07-16
용계동150,1,대전광역시 유성구 용계로119번길 103-12,대전광역시 유성구 용계동 289-4,36.32215186,127.3284971,2020,한전주,042-611-2506,대전광역시 유성구청,2025-07-16
용계동151,1,대전광역시 유성구 용계로119번길 103-12,대전광역시 유성구 용계동 289-4,36.32215186,127.3284971,2020,한전주,042-611-2506,대전광역시 유성구청,2025-07-16
용계동152,1,대전광역시 유성구 용계로 128,대전광역시 유성구 용계동 226-3,36.32618873,127.3256518,2020,한전주,042-611-2506,대전광역시 유성구청,2025-07-16
용계동153,1,대전광역시 유성구 용계로135번길 19,대전광역시 유성구 용계동 229-6,36.3257953,127.3247161,2020,한전주,042-611-2506,대전광역시 유성구청,2025-07-16
용계동156,1,대전광역시 유성구 용계로 142,대전광역시 유성구 용계동 223-4,36.32682808,127.3259629,2020,한전주,042-611-2506,대전광역시 유성구청,2025-07-16
용계동157,1,대전광역시 유성구 용계로 148,대전광역시 유성구 용계동 223-8,36.32728414,127.3262033,2020,한전주,042-611-2506,대전광역시 유성구청,2025-07-16
용계동158,1,대전광역시 유성구 용계로135번길 55,대전광역시 유성구 용계동 산 36-5,36.32455589,127.3243216,2020,한전주,042-611-2506,대전광역시 유성구청,2025-07-16
용계동159,1,대전광역시 유성구 용계로135번길 79-13,대전광역시 유성구 용계동 239-1,36.32348991,127.3247778,2020,한전주,042-611-2506,대전광역시 유성구청,2025-07-16
용계동160,1,대전광역시 유성구 용계로135번길 79-11,대전광역시 유성구 용계동 산 35,36.32347862,127.3250871,2020,한전주,042-611-2506,대전광역시 유성구청,2025-07-16
용계동161,1,대전광역시 유성구 용계로135번길 85-9,대전광역시 유성구 용계동 236-5,36.32314792,127.324807,2020,한전주,042-611-2506,대전광역시 유성구청,2025-07-16
용계동163,1,대전광역시 유성구 용계로135번길 85-17,대전광역시 유성구 용계동 236-7,36.32303325,127.3244563,2020,한전주,042-611-2506,대전광역시 유성구청,2025-07-16
용계동164,1,대전광역시 유성구 용계로135번길 94,대전광역시 유성구 용계동 339-5,36.32373767,127.3238051,2020,한전주,042-611-2506,대전광역시 유성구청,2025-07-16
용계동165,1,대전광역시 유성구 용계로135번길 102,대전광역시 유성구 용계동 339-6,36.32350736,127.3233261,2020,한전주,042-611-2506,대전광역시 유성구청,2025-07-16
용계동166,1,대전광역시 유성구 용계로135번길 104-11,대전광역시 유성구 용계동 339-18,36.32380938,127.3230469,2020,한전주,042-611-2506,대전광역시 유성구청,2025-07-16
용계동167,1,,대전광역시 유성구 용계동 339-16,36.32402788,127.3234954,2020,한전주,042-611-2506,대전광역시 유성구청,2025-07-16
용계동168,1,대전광역시 유성구 용계로135번길 112,대전광역시 유성구 용계동 342-2,36.32332655,127.3228396,2020,한전주,042-611-2506,대전광역시 유성구청,2025-07-16
용계동169,1,대전광역시 유성구 용계로135번길 123,대전광역시 유성구 용계동 333-1,36.32302468,127.322462,2020,한전주,042-611-2506,대전광역시 유성구청,2025-07-16
용계동170,1,대전광역시 유성구 유성대로298번길 152,대전광역시 유성구 용계동 323-1,36.32209314,127.319741,2020,한전주,042-611-2506,대전광역시 유성구청,2025-07-16
용계동171,1,대전광역시 유성구 유성대로298번길 156,대전광역시 유성구 용계동 323-4,36.32200837,127.3200005,2020,한전주,042-611-2506,대전광역시 유성구청,2025-07-16
용계동172,1,대전광역시 유성구 용계로135번길 162,대전광역시 유성구 용계동 347-73,36.32236168,127.3204177,2020,한전주,042-611-2506,대전광역시 유성구청,2025-07-16
용계동173,1,대전광역시 유성구 유성대로298번길 132,대전광역시 유성구 용계동 327,36.32102068,127.318614,2020,한전주,042-611-2506,대전광역시 유성구청,2025-07-16
용계동174,1,대전광역시 유성구 유성대로298번길 124,대전광역시 유성구 용계동 481-8,36.32247949,127.3185211,2020,한전주,042-611-2506,대전광역시 유성구청,2025-07-16
용계동175,1,,대전광역시 유성구 용계동 347-58,36.32327501,127.3197059,2020,한전주,042-611-2506,대전광역시 유성구청,2025-07-16
용계동176,1,대전광역시 유성구 유성대로298번길 124,대전광역시 유성구 용계동 481-8,36.32247949,127.3185211,2020,한전주,042-611-2506,대전광역시 유성구청,2025-07-16
용계동177,1,,대전광역시 유성구 용계동 590-5,36.32151748,127.3169243,2020,한전주,042-611-2506,대전광역시 유성구청,2025-07-16
용계동178,1,,대전광역시 유성구 용계동 481-34,36.32119522,127.3173224,2020,한전주,042-611-2506,대전광역시 유성구청,2025-07-16
용계동179,1,,대전광역시 유성구 용계동 481-17,36.3205531,127.317804,2020,한전주,042-611-2506,대전광역시 유성구청,2025-07-16
용계동180,1,,대전광역시 유성구 용계동 산 35-4,36.3235593,127.3169598,2020,한전주,042-611-2506,대전광역시 유성구청,2025-07-16
용계동181,1,,대전광역시 유성구 용계동 산 35-4,36.3236261,127.316046,2020,한전주,042-611-2506,대전광역시 유성구청,2025-07-16
용계동182,1,,대전광역시 유성구 용계동 495-1,36.32249223,127.3173386,2020,한전주,042-611-2506,대전광역시 유성구청,2025-07-16
용계동183,1,,대전광역시 유성구 용계동 406,36.32354921,127.3168974,2020,한전주,042-611-2506,대전광역시 유성구청,2025-07-16
용계동184,1,대전광역시 유성구 유성대로320번길 84,대전광역시 유성구 용계동 405-2,36.32363366,127.3159972,2020,한전주,042-611-2506,대전광역시 유성구청,2025-07-16
용계동185,1,대전광역시 유성구 유성대로320번길 78,대전광역시 유성구 용계동 405,36.32375158,127.3157069,2020,한전주,042-611-2506,대전광역시 유성구청,2025-07-16
용계동186,1,,대전광역시 유성구 용계동 404-5,36.32388757,127.3151434,2020,한전주,042-611-2506,대전광역시 유성구청,2025-07-16
용계동187,1,,대전광역시 유성구 용계동 452-1,36.32532929,127.3149219,2020,한전주,042-611-2506,대전광역시 유성구청,2025-07-16
용계동188,1,대전광역시 유성구 유성대로320번길 33,대전광역시 유성구 용계동 451-2,36.32506625,127.3140576,2020,한전주,042-611-2506,대전광역시 유성구청,2025-07-16
용계동189,1,대전광역시 유성구 유성대로320번길 33,대전광역시 유성구 용계동 451-2,36.32506625,127.3140576,2020,한전주,042-611-2506,대전광역시 유성구청,2025-07-16
용계동190,1,대전광역시 유성구 유성대로320번길 54,대전광역시 유성구 용계동 458-3,36.32443662,127.3147323,2020,한전주,042-611-2506,대전광역시 유성구청,2025-07-16
용계동191,1,,대전광역시 유성구 용계동 598-1,36.32425232,127.3153993,2020,한전주,042-611-2506,대전광역시 유성구청,2025-07-16
용계동192,1,,대전광역시 유성구 용계동 459-1,36.32414589,127.3154247,2020,한전주,042-611-2506,대전광역시 유성구청,2025-07-16
용계동193,1,대전광역시 유성구 진잠옛로 44,대전광역시 유성구 용계동 524-1,36.32370852,127.3119955,2020,한전주,042-611-2506,대전광역시 유성구청,2025-07-16
용계동194,1,,대전광역시 유성구 용계동 산 47-8,36.3222609,127.3152783,2020,한전주,042-611-2506,대전광역시 유성구청,2025-07-16
용계동195,1,,대전광역시 유성구 용계동 598-2,36.32244859,127.313802,2020,한전주,042-611-2506,대전광역시 유성구청,2025-07-16
용계동196,1,대전광역시 유성구 유성대로284번길 25,대전광역시 유성구 용계동 473-4,36.32292486,127.3145358,2020,건축물,042-611-2506,대전광역시 유성구청,2025-07-16
용계동197,1,대전광역시 유성구 유성대로284번길 46,대전광역시 유성구 용계동 496-3,36.32236802,127.3152569,2020,한전주,042-611-2506,대전광역시 유성구청,2025-07-16
용계동198,1,대전광역시 유성구 유성대로284번길 64,대전광역시 유성구 용계동 491-1,36.32182606,127.3157294,2020,한전주,042-611-2506,대전광역시 유성구청,2025-07-16
용계동199,1,대전광역시 유성구 진잠옛로 35-8,대전광역시 유성구 용계동 516,36.32284919,127.3119821,2020,한전주,042-611-2506,대전광역시 유성구청,2025-07-16
용계동200,1,대전광역시 유성구 진잠옛로 35-8,대전광역시 유성구 용계동 516,36.32284919,127.3119821,2020,한전주,042-611-2506,대전광역시 유성구청,2025-07-16
용계동201,1,대전광역시 유성구 진잠옛로 35-27,대전광역시 유성구 용계동 511,36.32241845,127.3107631,2020,한전주,042-611-2506,대전광역시 유성구청,2025-07-16
용계동202,1,대전광역시 유성구 유성대로 356-16,대전광역시 유성구 용계동 산 50-7,36.32851019,127.3130283,2020,한전주,042-611-2506,대전광역시 유성구청,2025-07-16
용계동203,1,,대전광역시 유성구 용계동 415,36.32808312,127.3136792,2020,한전주,042-611-2506,대전광역시 유성구청,2025-07-16
용계동204,1,대전광역시 유성구 유성대로 356-22,대전광역시 유성구 용계동 413,36.32830565,127.3130864,2020,한전주,042-611-2506,대전광역시 유성구청,2025-07-16
용계동205,1,,대전광역시 유성구 용계동 632-1,36.32701508,127.3245312,2020,한전주,042-611-2506,대전광역시 유성구청,2025-07-16
용계동206,1,,대전광역시 유성구 용계동 643-1,36.32579899,127.3238355,2020,한전주,042-611-2506,대전광역시 유성구청,2025-07-16
용계동207,1,,대전광역시 유성구 학하동 51-4,36.33054035,127.3259635,2020,한전주,042-611-2506,대전광역시 유성구청,2025-07-16
용계동208,1,,대전광역시 유성구 학하동 48-2,36.33157467,127.3264816,2020,한전주,042-611-2506,대전광역시 유성구청,2025-07-16
용계동209,1,대전광역시 유성구 용계로94번길 88,대전광역시 유성구 용계동 114-3,36.32893992,127.3310733,2020,한전주,042-611-2506,대전광역시 유성구청,2025-07-16
용계동210,1,대전광역시 유성구 용계로 90-26,대전광역시 유성구 용계동 86-11,36.32609126,127.3302363,2020,한전주,042-611-2506,대전광역시 유성구청,2025-07-16
용계동214,1,대전광역시 유성구 용계로 140,대전광역시 유성구 용계동 223-5,36.3266299,127.3259711,2020,한전주,042-611-2506,대전광역시 유성구청,2025-07-16
용계동215,1,대전광역시 유성구 용계로94번길 40,대전광역시 유성구 용계동 107-3,36.32703446,127.3300647,2020,한전주,042-611-2506,대전광역시 유성구청,2025-07-16
용계동217,1,대전광역시 유성구 용계로135번길 79-23,대전광역시 유성구 용계동 237-2,36.32287262,127.3251014,2020,한전주,042-611-2506,대전광역시 유성구청,2025-07-16
용계동218,1,대전광역시 유성구 용계로94번길 27-5,대전광역시 유성구 용계동 110-10,36.3267264,127.3292302,2020,한전주,042-611-2506,대전광역시 유성구청,2025-07-16
용계동219,1,,대전광역시 유성구 용계동 345-1,36.32265447,127.3212431,2020,한전주,042-611-2506,대전광역시 유성구청,2025-07-16
용계동220,1,,대전광역시 유성구 용계동 316,36.32275004,127.3215518,2020,한전주,042-611-2506,대전광역시 유성구청,2025-07-16
용계동221,1,대전광역시 유성구 용계로 82-11,대전광역시 유성구 용계동 86-53,36.3255439849,127.3307105539,2020,한전주,042-611-2506,대전광역시 유성구청,2025-07-16
용산동001,1,대전광역시 유성구 엑스포로539번길 270,대전광역시 유성구 탑립동 621,36.41079013,127.3944802,2020,한전주,042-611-2506,대전광역시 유성구청,2025-07-16
용산동002,1,대전광역시 유성구 탑립로 1,대전광역시 유성구 용산동 406-8,36.4111167,127.3947295,2020,한전주,042-611-2506,대전광역시 유성구청,2025-07-16
용산동003,1,대전광역시 유성구 엑스포로539번길 286,대전광역시 유성구 용산동 406-16,36.41166347,127.3949651,2020,한전주,042-611-2506,대전광역시 유성구청,2025-07-16
용산동004,1,대전광역시 유성구 엑스포로539번길 294,대전광역시 유성구 용산동 406-38,36.41192377,127.3948431,2020,한전주,042-611-2506,대전광역시 유성구청,2025-07-16
용산동005,1,대전광역시 유성구 엑스포로539번길 315,대전광역시 유성구 용산동 404-5,36.41274885,127.3937863,2020,한전주,042-611-2506,대전광역시 유성구청,2025-07-16
용산동006,1,대전광역시 유성구 엑스포로539번길 346-11,대전광역시 유성구 용산동 399-3,36.41393434,127.394112,2020,한전주,042-611-2506,대전광역시 유성구청,2025-07-16
용산동007,1,대전광역시 유성구 엑스포로539번길 348-3,대전광역시 유성구 용산동 500,36.41422942,127.3936372,2020,한전주,042-611-2506,대전광역시 유성구청,2025-07-16
용산동008,1,대전광역시 유성구 엑스포로539번길 390,대전광역시 유성구 용산동 373-1,36.41579541,127.3931338,2020,한전주,042-611-2506,대전광역시 유성구청,2025-07-16
용산동009,1,대전광역시 유성구 탑립로 1,대전광역시 유성구 용산동 406-8,36.4111167,127.3947295,2020,한전주,042-611-2506,대전광역시 유성구청,2025-07-16
용산동010,1,대전광역시 유성구 탑립로 1,대전광역시 유성구 용산동 406-8,36.4111167,127.3947295,2020,한전주,042-611-2506,대전광역시 유성구청,2025-07-16
용산동011,1,대전광역시 유성구 관용로 161,대전광역시 유성구 용산동 509-1,36.41217757,127.3928393,2020,한전주,042-611-2506,대전광역시 유성구청,2025-07-16
용산동012,1,대전광역시 유성구 관용로 161,대전광역시 유성구 용산동 509-1,36.41217757,127.3928393,2020,한전주,042-611-2506,대전광역시 유성구청,2025-07-16
용산동013,1,대전광역시 유성구 관용로 161,대전광역시 유성구 용산동 509-1,36.41217757,127.3928393,2020,한전주,042-611-2506,대전광역시 유성구청,2025-07-16
용산동014,1,대전광역시 유성구 관용로 154,대전광역시 유성구 용산동 412-1,36.4120450574,127.3919462444,2020,한전주,042-611-2506,대전광역시 유성구청,2025-07-16
용산동015,1,대전광역시 유성구 관용로 153,대전광역시 유성구 용산동 413-5,36.4123716173,127.3919857108,2020,한전주,042-611-2506,대전광역시 유성구청,2025-07-16
용산동016,1,,대전광역시 유성구 용산동 413-13,36.41257696,127.3914678,2020,한전주,042-611-2506,대전광역시 유성구청,2025-07-16
용산동017,1,대전광역시 유성구 관용로 151,대전광역시 유성구 용산동 413-2,36.41257696,127.3914678,2020,한전주,042-611-2506,대전광역시 유성구청,2025-07-16
용산동018,1,대전광역시 유성구 관용로 139-10,대전광역시 유성구 용산동 428-2,36.41325947,127.3905149,2020,한전주,042-611-2506,대전광역시 유성구청,2025-07-16
용산동019,1,,대전광역시 유성구 용산동 427-1,36.41308805,127.3899849,2020,한전주,042-611-2506,대전광역시 유성구청,2025-07-16
용산동020,1,,대전광역시 유성구 용산동 427-1,36.4130505,127.3899018,2020,한전주,042-611-2506,대전광역시 유성구청,2025-07-16
용산동021,1,,대전광역시 유성구 용산동 427-1,36.41308805,127.3899849,2020,한전주,042-611-2506,대전광역시 유성구청,2025-07-16
용산동022,1,대전광역시 유성구 관용로 116,대전광역시 유성구 용산동 421-5,36.41277188,127.3877666,2020,한전주,042-611-2506,대전광역시 유성구청,2025-07-16
용산동025,1,,대전광역시 유성구 용산동 427-1,36.41308805,127.3899849,2020,한전주,042-611-2506,대전광역시 유성구청,2025-07-16
원내동001,1,대전광역시 유성구 진잠로140번길 23-14,대전광역시 유성구 원내동 77-2,36.30206779,127.3180828,2020,한전주,042-611-2506,대전광역시 유성구청,2025-07-16
원내동002,1,대전광역시 유성구 진잠로140번길 23-14,대전광역시 유성구 원내동 77-2,36.30206779,127.3180828,2020,한전주,042-611-2506,대전광역시 유성구청,2025-07-16
원내동003,1,대전광역시 유성구 진잠로59번길 53,대전광역시 유성구 원내동 62,36.29952826,127.3150857,2020,한전주,042-611-2506,대전광역시 유성구청,2025-07-16
원내동004,1,대전광역시 유성구 진잠로59번길 43-13,대전광역시 유성구 원내동 64-1,36.29865215,127.3148308,2020,한전주,042-611-2506,대전광역시 유성구청,2025-07-16
원내동005,1,대전광역시 유성구 진잠로59번길 39,대전광역시 유성구 원내동 64-6,36.29856003,127.3155314,2020,한전주,042-611-2506,대전광역시 유성구청,2025-07-16
원내동006,1,,대전광역시 유성구 원내동 276-2,36.29845088,127.3155977,2020,한전주,042-611-2506,대전광역시 유성구청,2025-07-16
원내동007,1,대전광역시 유성구 진잠로59번길 39-18,대전광역시 유성구 원내동 276-8,36.29833117,127.3147965,2020,한전주,042-611-2506,대전광역시 유성구청,2025-07-16
원내동008,1,대전광역시 유성구 진잠로59번길 23-12,대전광역시 유성구 원내동 280-2,36.29804007,127.315112,2020,한전주,042-611-2506,대전광역시 유성구청,2025-07-16
원내동009,1,대전광역시 유성구 진잠로59번길 25,대전광역시 유성구 원내동 278-2,36.29796173,127.3155649,2020,한전주,042-611-2506,대전광역시 유성구청,2025-07-16
원내동010,1,,대전광역시 유성구 원내동 293-2,36.29810058,127.3168332,2020,한전주,042-611-2506,대전광역시 유성구청,2025-07-16
원내동011,1,대전광역시 유성구 진잠로70번길 6-1,대전광역시 유성구 원내동 297-3,36.29769144,127.3167347,2020,건축물,042-611-2506,대전광역시 유성구청,2025-07-16
원내동012,1,대전광역시 유성구 진잠로70번길 5,대전광역시 유성구 원내동 296-6,36.29804987,127.3166196,2020,건축물,042-611-2506,대전광역시 유성구청,2025-07-16
원내동013,1,대전광역시 유성구 진잠로70번길 11,대전광역시 유성구 원내동 337-20,36.29811013,127.3168686,2020,건축물,042-611-2506,대전광역시 유성구청,2025-07-16
원내동014,1,대전광역시 유성구 진잠로70번길 14,대전광역시 유성구 원내동 340-2,36.29792354,127.317089,2020,건축물,042-611-2506,대전광역시 유성구청,2025-07-16
원내동015,1,대전광역시 유성구 진잠로70번길 19,대전광역시 유성구 원내동 337-17,36.29820727,127.3172803,2020,건축물,042-611-2506,대전광역시 유성구청,2025-07-16
원내동016,1,대전광역시 유성구 진잠로70번길 23,대전광역시 유성구 원내동 337-15,36.2982336,127.317544,2020,건축물,042-611-2506,대전광역시 유성구청,2025-07-16
원내동017,1,대전광역시 유성구 진잠로70번길 24,대전광역시 유성구 원내동 340-6,36.29805614,127.3176533,2020,건축물,042-611-2506,대전광역시 유성구청,2025-07-16
원내동018,1,대전광역시 유성구 진잠로70번길 33,대전광역시 유성구 원내동 337-11,36.29838382,127.3180923,2020,건축물,042-611-2506,대전광역시 유성구청,2025-07-16
원내동019,1,대전광역시 유성구 진잠로70번길 40,대전광역시 유성구 원내동 341-1,36.29823292,127.3184131,2020,건축물,042-611-2506,대전광역시 유성구청,2025-07-16
원내동020,1,대전광역시 유성구 진잠로66번길 26,대전광역시 유성구 원내동 347-10,36.29780278,127.3182795,2020,건축물,042-611-2506,대전광역시 유성구청,2025-07-16
원내동021,1,대전광역시 유성구 진잠로66번길 17,대전광역시 유성구 원내동 340-8,36.2979941,127.3177089,2020,건축물,042-611-2506,대전광역시 유성구청,2025-07-16
원내동022,1,대전광역시 유성구 진잠로66번길 6,대전광역시 유성구 원내동 347-2,36.2975581,127.3171957,2020,건축물,042-611-2506,대전광역시 유성구청,2025-07-16
원내동023,1,대전광역시 유성구 진잠로66번길 29,대전광역시 유성구 원내동 341-11,36.2980822,127.3184609,2020,건축물,042-611-2506,대전광역시 유성구청,2025-07-16
원내동024,1,대전광역시 유성구 진잠로66번길 42,대전광역시 유성구 원내동 343-5,36.29797988,127.3191159,2020,건축물,042-611-2506,대전광역시 유성구청,2025-07-16
원내동025,1,대전광역시 유성구 진잠로66번길 52,대전광역시 유성구 원내동 343-9,36.2980206,127.3196956,2020,건축물,042-611-2506,대전광역시 유성구청,2025-07-16
원내동026,1,대전광역시 유성구 진잠로42번길 107,대전광역시 유성구 원내동 342-2,36.2984954,127.3198994,2020,전용주,042-611-2506,대전광역시 유성구청,2025-07-16
원내동027,1,대전광역시 유성구 진잠로70번길 55,대전광역시 유성구 원내동 334-12,36.29861508,127.3192352,2020,건축물,042-611-2506,대전광역시 유성구청,2025-07-16
원내동028,1,대전광역시 유성구 진잠로70번길 48,대전광역시 유성구 원내동 341-4,36.29833768,127.3188704,2020,전용주,042-611-2506,대전광역시 유성구청,2025-07-16
원내동029,1,대전광역시 유성구 진잠로70번길 41,대전광역시 유성구 원내동 334-17,36.2984176,127.3184936,2020,건축물,042-611-2506,대전광역시 유성구청,2025-07-16
원내동030,1,대전광역시 유성구 진잠로78번길 6-1,대전광역시 유성구 원내동 296-3,36.29842751,127.3165023,2020,건축물,042-611-2506,대전광역시 유성구청,2025-07-16
원내동031,1,대전광역시 유성구 진잠로74번길 6,대전광역시 유성구 원내동 337-2,36.29828634,127.3169597,2020,전용주,042-611-2506,대전광역시 유성구청,2025-07-16
원내동032,1,대전광역시 유성구 진잠로74번길 16,대전광역시 유성구 원내동 337-6,36.29840027,127.3174967,2020,건축물,042-611-2506,대전광역시 유성구청,2025-07-16
원내동033,1,대전광역시 유성구 진잠로74번길 24,대전광역시 유성구 원내동 337-9,36.29850805,127.3179046,2020,건축물,042-611-2506,대전광역시 유성구청,2025-07-16
원내동034,1,대전광역시 유성구 진잠로74번길 29,대전광역시 유성구 원내동 309-20,36.29881685,127.3182225,2020,건축물,042-611-2506,대전광역시 유성구청,2025-07-16
원내동035,1,대전광역시 유성구 진잠로74번길 36,대전광역시 유성구 원내동 334-3,36.29866111,127.3186005,2020,건축물,042-611-2506,대전광역시 유성구청,2025-07-16
원내동037,1,대전광역시 유성구 진잠로74번길 47,대전광역시 유성구 원내동 309-13,36.29900151,127.319233,2020,건축물,042-611-2506,대전광역시 유성구청,2025-07-16
원내동038,1,대전광역시 유성구 진잠로74번길 54,대전광역시 유성구 원내동 334-9,36.29877725,127.3195532,2020,건축물,042-611-2506,대전광역시 유성구청,2025-07-16
원내동039,1,대전광역시 유성구 진잠로42번길 121,대전광역시 유성구 원내동 313-2,36.29905347,127.3199233,2020,건축물,042-611-2506,대전광역시 유성구청,2025-07-16
원내동040,1,대전광역시 유성구 진잠로78번길 62,대전광역시 유성구 원내동 309-9,36.29915199,127.3193772,2020,건축물,042-611-2506,대전광역시 유성구청,2025-07-16
원내동041,1,대전광역시 유성구 원내로 28-12,대전광역시 유성구 원내동 226-15,36.29945086,127.3187522,2020,한전주,042-611-2506,대전광역시 유성구청,2025-07-16
원내동042,1,대전광역시 유성구 원내로 28-4,대전광역시 유성구 원내동 226-5,36.29957463,127.3187398,2020,한전주,042-611-2506,대전광역시 유성구청,2025-07-16
원내동043,1,대전광역시 유성구 진잠로78번길 49,대전광역시 유성구 원내동 226-8,36.29930047,127.3187487,2020,한전주,042-611-2506,대전광역시 유성구청,2025-07-16
원내동044,1,대전광역시 유성구 진잠로78번길 37,대전광역시 유성구 원내동 226-14,36.29915733,127.3181154,2020,한전주,042-611-2506,대전광역시 유성구청,2025-07-16
원내동045,1,대전광역시 유성구 원내로 20-8,대전광역시 유성구 원내동 225-9,36.29933051,127.3177883,2020,한전주,042-611-2506,대전광역시 유성구청,2025-07-16
원내동046,1,대전광역시 유성구 진잠로78번길 37,대전광역시 유성구 원내동 226-14,36.29915733,127.3181154,2020,한전주,042-611-2506,대전광역시 유성구청,2025-07-16
원내동047,1,대전광역시 유성구 진잠로78번길 25,대전광역시 유성구 원내동 225-12,36.29912424,127.3173433,2020,한전주,042-611-2506,대전광역시 유성구청,2025-07-16
원내동048,1,대전광역시 유성구 진잠로78번길 19,대전광역시 유성구 원내동 225-13,36.29912403,127.3168796,2020,한전주,042-611-2506,대전광역시 유성구청,2025-07-16
원내동049,1,대전광역시 유성구 진잠로78번길 3,대전광역시 유성구 원내동 215-4,36.29880042,127.3162626,2020,한전주,042-611-2506,대전광역시 유성구청,2025-07-16
원내동050,1,대전광역시 유성구 원내로 6-9,대전광역시 유성구 원내동 225-15,36.29903422,127.3165236,2020,건축물,042-611-2506,대전광역시 유성구청,2025-07-16
원내동051,1,대전광역시 유성구 원내로 57,대전광역시 유성구 원내동 102-3,36.2999713,127.3220025,2020,한전주,042-611-2506,대전광역시 유성구청,2025-07-16
원내동052,1,대전광역시 유성구 원내로 55,대전광역시 유성구 원내동 102-5,36.29995195,127.3218381,2020,한전주,042-611-2506,대전광역시 유성구청,2025-07-16
원내동053,1,대전광역시 유성구 원내로 51,대전광역시 유성구 원내동 321-4,36.29995836,127.3212983,2020,한전주,042-611-2506,대전광역시 유성구청,2025-07-16
원내동054,1,대전광역시 유성구 원내로 51,대전광역시 유성구 원내동 321-4,36.2999841,127.3212983,2020,한전주,042-611-2506,대전광역시 유성구청,2025-07-16
원내동055,1,대전광역시 유성구 원내로 47,대전광역시 유성구 원내동 321-12,36.2999833,127.3209091,2020,한전주,042-611-2506,대전광역시 유성구청,2025-07-16
원내동056,1,대전광역시 유성구 원내로 45,대전광역시 유성구 원내동 321-7,36.3000982,127.3206316,2020,한전주,042-611-2506,대전광역시 유성구청,2025-07-16
원내동057,1,대전광역시 유성구 원내로 41,대전광역시 유성구 원내동 321-10,36.29998579,127.3203786,2020,한전주,042-611-2506,대전광역시 유성구청,2025-07-16
원내동058,1,대전광역시 유성구 원내로 39,대전광역시 유성구 원내동 321-11,36.29998793,127.3202167,2020,한전주,042-611-2506,대전광역시 유성구청,2025-07-16
원내동060,1,대전광역시 유성구 원내로 37,대전광역시 유성구 원내동 228-8,36.3000579,127.3198339,2020,한전주,042-611-2506,대전광역시 유성구청,2025-07-16
원내동061,1,대전광역시 유성구 원내로 35,대전광역시 유성구 원내동 228-6,36.30014824,127.3196167,2020,한전주,042-611-2506,대전광역시 유성구청,2025-07-16
원내동062,1,대전광역시 유성구 원내로 31,대전광역시 유성구 원내동 228-11,36.30000636,127.3192566,2020,한전주,042-611-2506,대전광역시 유성구청,2025-07-16
원내동063,1,대전광역시 유성구 원내로 29,대전광역시 유성구 원내동 228-12,36.30000448,127.3190846,2020,한전주,042-611-2506,대전광역시 유성구청,2025-07-16
원내동064,1,대전광역시 유성구 원내로 27,대전광역시 유성구 원내동 228-13,36.30000657,127.3188741,2020,한전주,042-611-2506,대전광역시 유성구청,2025-07-16
원내동065,1,대전광역시 유성구 원내로 25,대전광역시 유성구 원내동 227-7,36.29993119,127.3185164,2020,한전주,042-611-2506,대전광역시 유성구청,2025-07-16
원내동066,1,대전광역시 유성구 원내로 23,대전광역시 유성구 원내동 227-10,36.3000454,127.3182358,2020,한전주,042-611-2506,대전광역시 유성구청,2025-07-16
원내동067,1,대전광역시 유성구 원내로 20-3,대전광역시 유성구 원내동 226-1,36.29949562,127.3180193,2020,한전주,042-611-2506,대전광역시 유성구청,2025-07-16
원내동068,1,대전광역시 유성구 원내로 15,대전광역시 유성구 원내동 213-13,36.29963644,127.3174901,2020,한전주,042-611-2506,대전광역시 유성구청,2025-07-16
원내동069,1,대전광역시 유성구 원내로 13,대전광역시 유성구 원내동 213-17,36.29955603,127.3172301,2020,한전주,042-611-2506,대전광역시 유성구청,2025-07-16
원내동070,1,대전광역시 유성구 원내로 5,대전광역시 유성구 원내동 213-4,36.29952401,127.3166273,2020,한전주,042-611-2506,대전광역시 유성구청,2025-07-16
원내동071,1,대전광역시 유성구 진잠로 92,대전광역시 유성구 원내동 213-1,36.29977564,127.3159723,2020,한전주,042-611-2506,대전광역시 유성구청,2025-07-16
원내동072,1,대전광역시 유성구 원내로 5,대전광역시 유성구 원내동 213-4,36.29952401,127.3166273,2020,한전주,042-611-2506,대전광역시 유성구청,2025-07-16
원내동073,1,대전광역시 유성구 원내로 5,대전광역시 유성구 원내동 213-4,36.29952401,127.3166273,2020,한전주,042-611-2506,대전광역시 유성구청,2025-07-16
원내동074,1,대전광역시 유성구 진잠로92번길 24,대전광역시 유성구 원내동 213-21,36.29987228,127.3170511,2020,한전주,042-611-2506,대전광역시 유성구청,2025-07-16
원내동075,1,대전광역시 유성구 진잠로92번길 29,대전광역시 유성구 원내동 208-13,36.30020583,127.3173811,2020,한전주,042-611-2506,대전광역시 유성구청,2025-07-16
원내동076,1,대전광역시 유성구 진잠로92번길 32,대전광역시 유성구 원내동 213-9,36.2999744,127.3175171,2020,한전주,042-611-2506,대전광역시 유성구청,2025-07-16
원내동077,1,대전광역시 유성구 진잠로92번길 42,대전광역시 유성구 원내동 227-11,36.30010803,127.3180654,2020,한전주,042-611-2506,대전광역시 유성구청,2025-07-16
원내동078,1,대전광역시 유성구 진잠로102번길 76,대전광역시 유성구 원내동 93-9,36.3007591,127.319548,2020,한전주,042-611-2506,대전광역시 유성구청,2025-07-16
원내동079,1,대전광역시 유성구 진잠로92번길 63,대전광역시 유성구 원내동 93-5,36.30075847,127.3191977,2020,한전주,042-611-2506,대전광역시 유성구청,2025-07-16
원내동080,1,대전광역시 유성구 진잠로102번길 66,대전광역시 유성구 원내동 93-4,36.30077742,127.3190524,2020,한전주,042-611-2506,대전광역시 유성구청,2025-07-16
원내동081,1,대전광역시 유성구 진잠로150번길 65,대전광역시 유성구 원내동 93-1,36.30061132,127.3188888,2020,한전주,042-611-2506,대전광역시 유성구청,2025-07-16
원내동082,1,대전광역시 유성구 진잠로102번길 50,대전광역시 유성구 원내동 206-5,36.3006864,127.3182418,2020,한전주,042-611-2506,대전광역시 유성구청,2025-07-16
원내동084,1,대전광역시 유성구 진잠로140번길 64,대전광역시 유성구 원내동 208-11,36.30051739,127.3175757,2020,한전주,042-611-2506,대전광역시 유성구청,2025-07-16
원내동085,1,대전광역시 유성구 진잠로140번길 64,대전광역시 유성구 원내동 208-11,36.30051739,127.3175757,2020,한전주,042-611-2506,대전광역시 유성구청,2025-07-16
원내동086,1,대전광역시 유성구 진잠로102번길 28,대전광역시 유성구 원내동 208-5,36.30043534,127.3169811,2020,한전주,042-611-2506,대전광역시 유성구청,2025-07-16
원내동087,1,대전광역시 유성구 진잠로92번길 11-12,대전광역시 유성구 원내동 208-1,36.30036604,127.3164036,2020,한전주,042-611-2506,대전광역시 유성구청,2025-07-16
원내동088,1,대전광역시 유성구 진잠로92번길 11-11,대전광역시 유성구 원내동 197-18,36.30041515,127.3161638,2020,한전주,042-611-2506,대전광역시 유성구청,2025-07-16
원내동089,1,대전광역시 유성구 진잠로92번길 17,대전광역시 유성구 원내동 208-17,36.300134,127.3166365,2020,한전주,042-611-2506,대전광역시 유성구청,2025-07-16
원내동090,1,대전광역시 유성구 진잠로 100,대전광역시 유성구 원내동 197-12,36.30045537,127.3156084,2020,한전주,042-611-2506,대전광역시 유성구청,2025-07-16
원내동091,1,대전광역시 유성구 진잠로102번길 15-5,대전광역시 유성구 원내동 197-7,36.3006952,127.3160821,2020,한전주,042-611-2506,대전광역시 유성구청,2025-07-16
원내동092,1,대전광역시 유성구 진잠로102번길 19,대전광역시 유성구 원내동 199-16,36.30060415,127.3165679,2020,한전주,042-611-2506,대전광역시 유성구청,2025-07-16
원내동093,1,대전광역시 유성구 진잠로140번길 54-20,대전광역시 유성구 원내동 199-11,36.30077872,127.3164955,2020,한전주,042-611-2506,대전광역시 유성구청,2025-07-16
원내동094,1,대전광역시 유성구 진잠로102번길 29,대전광역시 유성구 원내동 199-19,36.30071116,127.3171287,2020,한전주,042-611-2506,대전광역시 유성구청,2025-07-16
원내동095,1,대전광역시 유성구 진잠로102번길 39,대전광역시 유성구 원내동 199-21,36.30077343,127.3175032,2020,한전주,042-611-2506,대전광역시 유성구청,2025-07-16
원내동096,1,대전광역시 유성구 진잠로106번길 23-4,대전광역시 유성구 원내동 69-5,36.30131467,127.3167119,2020,한전주,042-611-2506,대전광역시 유성구청,2025-07-16
원내동097,1,대전광역시 유성구 진잠로106번길 21,대전광역시 유성구 원내동 68-11,36.30132249,127.3163945,2020,한전주,042-611-2506,대전광역시 유성구청,2025-07-16
원내동098,1,대전광역시 유성구 진잠로124번길 29,대전광역시 유성구 원내동 70-7,36.3018517,127.3170851,2020,한전주,042-611-2506,대전광역시 유성구청,2025-07-16
원내동099,1,대전광역시 유성구 진잠로124번길 19,대전광역시 유성구 원내동 71-10,36.30220283,127.3167117,2020,한전주,042-611-2506,대전광역시 유성구청,2025-07-16
원내동100,1,대전광역시 유성구 진잠로106번길 15-9,대전광역시 유성구 원내동 67-15,36.30153957,127.3158889,2020,한전주,042-611-2506,대전광역시 유성구청,2025-07-16
원내동101,1,대전광역시 유성구 진잠로106번길 15-15,대전광역시 유성구 원내동 67-18,36.30184931,127.3159892,2020,한전주,042-611-2506,대전광역시 유성구청,2025-07-16
원내동102,1,대전광역시 유성구 진잠로106번길 15-23,대전광역시 유성구 원내동 67-1,36.30227448,127.3159258,2020,한전주,042-611-2506,대전광역시 유성구청,2025-07-16
원내동104,1,대전광역시 유성구 진잠로124번길 15-8,대전광역시 유성구 원내동 71-2,36.30234215,127.3166437,2020,한전주,042-611-2506,대전광역시 유성구청,2025-07-16
원내동105,1,대전광역시 유성구 진잠로124번길 15-9,대전광역시 유성구 원내동 72-12,36.30257284,127.3167495,2020,한전주,042-611-2506,대전광역시 유성구청,2025-07-16
원내동106,1,대전광역시 유성구 진잠로140번길 13-5,대전광역시 유성구 원내동 75-8,36.30277979,127.3174168,2020,한전주,042-611-2506,대전광역시 유성구청,2025-07-16
원내동107,1,대전광역시 유성구 진잠로140번길 13-11,대전광역시 유성구 원내동 75-5,36.30285408,127.3177777,2020,한전주,042-611-2506,대전광역시 유성구청,2025-07-16
원내동108,1,대전광역시 유성구 진잠로140번길 10,대전광역시 유성구 원내동 72-8,36.302839,127.3170063,2020,한전주,042-611-2506,대전광역시 유성구청,2025-07-16
원내동109,1,대전광역시 유성구 진잠로124번길 5-12,대전광역시 유성구 원내동 72-4,36.3026642,127.316416,2020,한전주,042-611-2506,대전광역시 유성구청,2025-07-16
원내동110,1,대전광역시 유성구 진잠로106번길 5-23,대전광역시 유성구 원내동 66-3,36.30214325,127.3155561,2020,한전주,042-611-2506,대전광역시 유성구청,2025-07-16
원내동111,1,대전광역시 유성구 진잠로106번길 5-11,대전광역시 유성구 원내동 66-10,36.30148622,127.3153778,2020,한전주,042-611-2506,대전광역시 유성구청,2025-07-16
원내동112,1,대전광역시 유성구 진잠로140번길 33,대전광역시 유성구 원내동 77-1,36.30198636,127.3176617,2020,한전주,042-611-2506,대전광역시 유성구청,2025-07-16
원내동113,1,대전광역시 유성구 진잠로140번길 23-14,대전광역시 유성구 원내동 77-2,36.30206779,127.3180828,2020,한전주,042-611-2506,대전광역시 유성구청,2025-07-16
원내동114,1,대전광역시 유성구 진잠로146번길 31,대전광역시 유성구 원내동 78-5,36.30174834,127.3183122,2020,한전주,042-611-2506,대전광역시 유성구청,2025-07-16
원내동115,1,대전광역시 유성구 진잠로150번길 31-4,대전광역시 유성구 원내동 91-2,36.30214515,127.3189099,2020,한전주,042-611-2506,대전광역시 유성구청,2025-07-16
원내동116,1,대전광역시 유성구 진잠로160번길 36,대전광역시 유성구 원내동 90-3,36.30230878,127.3196331,2020,한전주,042-611-2506,대전광역시 유성구청,2025-07-16
원내동117,1,대전광역시 유성구 진잠로160번길 31-10,대전광역시 유성구 원내동 88-4,36.30248488,127.3202023,2020,한전주,042-611-2506,대전광역시 유성구청,2025-07-16
원내동118,1,대전광역시 유성구 원내로39번길 100,대전광역시 유성구 원내동 85-4,36.3029087,127.3189238,2020,한전주,042-611-2506,대전광역시 유성구청,2025-07-16
원내동119,1,대전광역시 유성구 진잠로160번길 41,대전광역시 유성구 원내동 89-1,36.30204181,127.3199844,2020,한전주,042-611-2506,대전광역시 유성구청,2025-07-16
원내동120,1,대전광역시 유성구 진잠로160번길 50,대전광역시 유성구 원내동 90-14,36.30170627,127.3197955,2020,한전주,042-611-2506,대전광역시 유성구청,2025-07-16
원내동121,1,대전광역시 유성구 진잠로102번길 75,대전광역시 유성구 원내동 92-10,36.30111927,127.3197162,2020,한전주,042-611-2506,대전광역시 유성구청,2025-07-16
원내동122,1,대전광역시 유성구 진잠로106번길 71-8,대전광역시 유성구 원내동 90-9,36.30154412,127.3194678,2020,한전주,042-611-2506,대전광역시 유성구청,2025-07-16
원내동123,1,대전광역시 유성구 진잠로106번길 71-16,대전광역시 유성구 원내동 90-5,36.30201145,127.3195086,2020,한전주,042-611-2506,대전광역시 유성구청,2025-07-16
원내동124,1,대전광역시 유성구 원내로39번길 56-6,대전광역시 유성구 원내동 96-2,36.30229588,127.3208479,2020,한전주,042-611-2506,대전광역시 유성구청,2025-07-16
원내동125,1,대전광역시 유성구 원내로39번길 50-10,대전광역시 유성구 원내동 97-3,36.30193573,127.3209295,2020,한전주,042-611-2506,대전광역시 유성구청,2025-07-16
원내동126,1,대전광역시 유성구 원내로39번길 42-11,대전광역시 유성구 원내동 97-8,36.301778,127.3209371,2020,한전주,042-611-2506,대전광역시 유성구청,2025-07-16
원내동127,1,대전광역시 유성구 진잠로106번길 109,대전광역시 유성구 원내동 98-8,36.30140143,127.3213276,2020,한전주,042-611-2506,대전광역시 유성구청,2025-07-16
원내동128,1,대전광역시 유성구 진잠로106번길 99,대전광역시 유성구 원내동 98-16,36.30140732,127.3208816,2020,한전주,042-611-2506,대전광역시 유성구청,2025-07-16
원내동129,1,대전광역시 유성구 진잠로106번길 95,대전광역시 유성구 원내동 98-12,36.30138723,127.3205746,2020,한전주,042-611-2506,대전광역시 유성구청,2025-07-16
원내동130,1,대전광역시 유성구 원내로51번길 28,대전광역시 유성구 원내동 101-2,36.30112183,127.3212479,2020,한전주,042-611-2506,대전광역시 유성구청,2025-07-16
원내동131,1,대전광역시 유성구 원내로51번길 20,대전광역시 유성구 원내동 101-6,36.3007751,127.3213791,2020,한전주,042-611-2506,대전광역시 유성구청,2025-07-16
원내동132,1,대전광역시 유성구 원내로51번길 14,대전광역시 유성구 원내동 101-8,36.3004823,127.3214663,2020,한전주,042-611-2506,대전광역시 유성구청,2025-07-16
원내동134,1,대전광역시 유성구 원내로57번길 15,대전광역시 유성구 원내동 101-18,36.30068957,127.3216347,2020,한전주,042-611-2506,대전광역시 유성구청,2025-07-16
원내동135,1,대전광역시 유성구 원내로57번길 17,대전광역시 유성구 원내동 101-19,36.30082175,127.3215427,2020,한전주,042-611-2506,대전광역시 유성구청,2025-07-16
원내동136,1,대전광역시 유성구 원내로 69-2,대전광역시 유성구 원내동 360-23,36.29992823,127.3235799,2020,한전주,042-611-2506,대전광역시 유성구청,2025-07-16
원내동137,1,대전광역시 유성구 유성대로 6,대전광역시 유성구 원내동 402-1,36.29961492,127.323402,2020,한전주,042-611-2506,대전광역시 유성구청,2025-07-16
원내동139,1,대전광역시 유성구 원내로 77,대전광역시 유성구 원내동 360-8,36.29995096,127.3241047,2020,한전주,042-611-2506,대전광역시 유성구청,2025-07-16
원내동140,1,대전광역시 유성구 원내로 77,대전광역시 유성구 원내동 360-8,36.29995096,127.3241047,2020,한전주,042-611-2506,대전광역시 유성구청,2025-07-16
원내동141,1,대전광역시 유성구 계백로 933-6,대전광역시 유성구 원내동 805-17,36.30104313,127.3277978,2020,한전주,042-611-2506,대전광역시 유성구청,2025-07-16
원내동142,1,,대전광역시 유성구 원내동 805-20,36.30165816,127.3285769,2020,한전주,042-611-2506,대전광역시 유성구청,2025-07-16
원내동143,1,대전광역시 유성구 계백로 947,대전광역시 유성구 원내동 816,36.30173438,127.3288971,2020,한전주,042-611-2506,대전광역시 유성구청,2025-07-16
원내동144,1,대전광역시 유성구 계백로 947,대전광역시 유성구 원내동 816,36.30173438,127.3288971,2020,한전주,042-611-2506,대전광역시 유성구청,2025-07-16
원내동145,1,대전광역시 유성구 계백로 933-42,대전광역시 유성구 원내동 819,36.30200624,127.3292995,2020,한전주,042-611-2506,대전광역시 유성구청,2025-07-16
원내동146,1,대전광역시 유성구 계백로 933-50,대전광역시 유성구 원내동 823,36.30210359,127.3296868,2020,한전주,042-611-2506,대전광역시 유성구청,2025-07-16
원내동147,1,대전광역시 유성구 계백로 933-60,대전광역시 유성구 원내동 828,36.3021399,127.3303423,2020,한전주,042-611-2506,대전광역시 유성구청,2025-07-16
원내동148,1,대전광역시 유성구 계백로 933-60,대전광역시 유성구 원내동 828,36.3021399,127.3303423,2020,한전주,042-611-2506,대전광역시 유성구청,2025-07-16
원내동149,1,대전광역시 유성구 계백로 933-82,대전광역시 유성구 원내동 834,36.30204435,127.3314562,2020,한전주,042-611-2506,대전광역시 유성구청,2025-07-16
원내동150,1,대전광역시 유성구 진잠로150번길 43-11,대전광역시 유성구 원내동 91-9,36.30177053,127.3192192,2020,한전주,042-611-2506,대전광역시 유성구청,2025-07-16
원내동152,1,대전광역시 유성구 원내로39번길 42-5,대전광역시 유성구 원내동 97-10,36.30176198,127.3206295,2020,한전주,042-611-2506,대전광역시 유성구청,2025-07-16
원내동153,1,대전광역시 유성구 진잠로150번길 31-8,대전광역시 유성구 원내동 91-1,36.30219302,127.3191104,2020,한전주,042-611-2506,대전광역시 유성구청,2025-07-16
원내동154,1,대전광역시 유성구 진잠로106번길 15,대전광역시 유성구 원내동 68-10,36.30122179,127.316237,2020,한전주,042-611-2506,대전광역시 유성구청,2025-07-16
원내동156,1,,대전광역시 유성구 원내동 72-1,36.30242822,127.3160947,2020,한전주,042-611-2506,대전광역시 유성구청,2025-07-16
원내동157,1,,대전광역시 유성구 원내동 436-2,36.29300505,127.3181677,2020,한전주,042-611-2506,대전광역시 유성구청,2025-07-16
원내동158,1,대전광역시 유성구 진잠로59번길 53,대전광역시 유성구 원내동 62,36.29952826,127.3150857,2020,한전주,042-611-2506,대전광역시 유성구청,2025-07-16
원내동159,1,대전광역시 유성구 진잠로124번길 23-10,대전광역시 유성구 원내동 70-4,36.30211144,127.3172918,2020,한전주,042-611-2506,대전광역시 유성구청,2025-07-16
원내동160,1,대전광역시 유성구 진잠로74번길 8,대전광역시 유성구 원내동 337-3,36.29832303,127.3170908,2020,건축물,042-611-2506,대전광역시 유성구청,2025-07-16
원내동161,1,대전광역시 유성구 진잠로146번길 11,대전광역시 유성구 원내동 79-5,36.30270696,127.3181665,2020,한전주,042-611-2506,대전광역시 유성구청,2025-07-16
원내동161,1,대전광역시 유성구 진잠로160번길 18,대전광역시 유성구 원내동 85-7,36.30304499,127.3193165,2020,한전주,042-611-2506,대전광역시 유성구청,2025-07-16
원촌동001,1,대전광역시 유성구 엑스포로295번길 2,대전광역시 유성구 원촌동 산 27-1,36.38301923,127.4054022,2020,한전주,042-611-2506,대전광역시 유성구청,2025-07-16
원촌동002,1,대전광역시 유성구 엑스포로295번길 10,대전광역시 유성구 원촌동 118-1,36.38280112,127.4053048,2020,한전주,042-611-2506,대전광역시 유성구청,2025-07-16
원촌동003,1,대전광역시 유성구 엑스포로295번길 15,대전광역시 유성구 원촌동 118-3,36.38267995,127.4050536,2020,한전주,042-611-2506,대전광역시 유성구청,2025-07-16
원촌동004,1,대전광역시 유성구 엑스포로295번길 27,대전광역시 유성구 원촌동 117-3,36.38258597,127.4046245,2020,한전주,042-611-2506,대전광역시 유성구청,2025-07-16
원촌동005,1,대전광역시 유성구 엑스포로295번길 43,대전광역시 유성구 원촌동 115,36.38259857,127.4033776,2020,한전주,042-611-2506,대전광역시 유성구청,2025-07-16
원촌동006,1,대전광역시 유성구 엑스포로295번길 67,대전광역시 유성구 원촌동 113,36.38238371,127.4023158,2020,한전주,042-611-2506,대전광역시 유성구청,2025-07-16
원촌동007,1,대전광역시 유성구 엑스포로269번길 12,대전광역시 유성구 원촌동 107-7,36.38037742,127.4058897,2020,한전주,042-611-2506,대전광역시 유성구청,2025-07-16
원촌동008,1,대전광역시 유성구 엑스포로269번길 12,대전광역시 유성구 원촌동 107-7,36.38037742,127.4058897,2020,건축물,042-611-2506,대전광역시 유성구청,2025-07-16
원촌동009,1,대전광역시 유성구 엑스포로269번길 12,대전광역시 유성구 원촌동 107-7,36.38037742,127.4058897,2020,한전주,042-611-2506,대전광역시 유성구청,2025-07-16
원촌동010,1,대전광역시 유성구 엑스포로269번길 18,대전광역시 유성구 원촌동 107-6,36.38049541,127.4057225,2020,한전주,042-611-2506,대전광역시 유성구청,2025-07-16
원촌동011,1,대전광역시 유성구 엑스포로269번길 24,대전광역시 유성구 원촌동 106,36.38046411,127.4052802,2020,한전주,042-611-2506,대전광역시 유성구청,2025-07-16
원촌동012,1,대전광역시 유성구 엑스포로269번길 24,대전광역시 유성구 원촌동 106,36.38046411,127.4052802,2020,한전주,042-611-2506,대전광역시 유성구청,2025-07-16
원촌동013,1,대전광역시 유성구 엑스포로269번길 36,대전광역시 유성구 원촌동 104-2,36.38096065,127.4052551,2020,한전주,042-611-2506,대전광역시 유성구청,2025-07-16
원촌동014,1,대전광역시 유성구 엑스포로269번길 44,대전광역시 유성구 원촌동 산 40-1,36.38116765,127.4048808,2020,한전주,042-611-2506,대전광역시 유성구청,2025-07-16
원촌동015,1,대전광역시 유성구 엑스포로251번길 36,대전광역시 유성구 원촌동 산 35-1,36.37958619,127.4043483,2020,건축물,042-611-2506,대전광역시 유성구청,2025-07-16
원촌동016,1,대전광역시 유성구 엑스포로251번길 36,대전광역시 유성구 원촌동 산 35-1,36.37958619,127.4043483,2020,한전주,042-611-2506,대전광역시 유성구청,2025-07-16
원촌동017,1,대전광역시 유성구 엑스포로269번길 25-15,대전광역시 유성구 원촌동 112-4,36.3808358,127.4044693,2020,한전주,042-611-2506,대전광역시 유성구청,2025-07-16
원촌동018,1,대전광역시 유성구 엑스포로251번길 24-17,대전광역시 유성구 원촌동 110-1,36.38037184,127.4051181,2020,한전주,042-611-2506,대전광역시 유성구청,2025-07-16
원촌동019,1,대전광역시 유성구 엑스포로251번길 24-11,대전광역시 유성구 원촌동 60-1,36.379998448,127.4050482,2020,한전주,042-611-2506,대전광역시 유성구청,2025-07-16
원촌동020,1,대전광역시 유성구 엑스포로251번길 24-10,대전광역시 유성구 원촌동 61-2,36.38005123,127.4051906,2020,한전주,042-611-2506,대전광역시 유성구청,2025-07-16
원촌동021,1,대전광역시 유성구 엑스포로251번길 25,대전광역시 유성구 원촌동 59-2,36.37923521,127.4051385,2020,건축물,042-611-2506,대전광역시 유성구청,2025-07-16
원촌동022,1,대전광역시 유성구 엑스포로251번길 36,대전광역시 유성구 원촌동 산 35-1,36.37958619,127.4043483,2020,한전주,042-611-2506,대전광역시 유성구청,2025-07-16
원촌동023,1,대전광역시 유성구 엑스포로251번길 54,대전광역시 유성구 원촌동 58-2,36.37973132,127.4035364,2020,한전주,042-611-2506,대전광역시 유성구청,2025-07-16
원촌동024,1,대전광역시 유성구 엑스포로251번길 54,대전광역시 유성구 원촌동 58-2,36.37973132,127.4035364,2020,건축물,042-611-2506,대전광역시 유성구청,2025-07-16
원촌동025,1,대전광역시 유성구 엑스포로269번길 25-15,대전광역시 유성구 원촌동 112-4,36.3808358,127.4044693,2020,한전주,042-611-2506,대전광역시 유성구청,2025-07-16
원촌동026,1,대전광역시 유성구 엑스포로251번길 9,대전광역시 유성구 원촌동 63,36.37918565,127.4054043,2020,한전주,042-611-2506,대전광역시 유성구청,2025-07-16
원촌동027,1,대전광역시 유성구 엑스포로251번길 10-3,대전광역시 유성구 원촌동 62-5,36.37959683,127.4055186,2020,한전주,042-611-2506,대전광역시 유성구청,2025-07-16
원촌동028,1,대전광역시 유성구 엑스포로 259,대전광역시 유성구 원촌동 72,36.37988768,127.4060872,2020,건축물,042-611-2506,대전광역시 유성구청,2025-07-16
원촌동029,1,대전광역시 유성구 엑스포로269번길 10-9,대전광역시 유성구 원촌동 산 39,36.3807421,127.4057914,2020,건축물,042-611-2506,대전광역시 유성구청,2025-07-16
원촌동030,1,대전광역시 유성구 엑스포로269번길 38-6,대전광역시 유성구 원촌동 103-2,36.38111502,127.4053617,2020,한전주,042-611-2506,대전광역시 유성구청,2025-07-16
원촌동031,1,대전광역시 유성구 엑스포로269번길 38-6,대전광역시 유성구 원촌동 103-2,36.38111502,127.4053617,2020,건축물,042-611-2506,대전광역시 유성구청,2025-07-16
원촌동033,1,대전광역시 유성구 엑스포로251번길 65,대전광역시 유성구 원촌동 58-1,36.37926539,127.4032774,2020,한전주,042-611-2506,대전광역시 유성구청,2025-07-16
원촌동035,1,대전광역시 유성구 엑스포로251번길 24-1,대전광역시 유성구 원촌동 62-2,36.37953525,127.4049147,2020,전용주,042-611-2506,대전광역시 유성구청,2025-07-16
원촌동036,1,,대전광역시 유성구 원촌동 108,36.38030097,127.4059054,2020,한전주,042-611-2506,대전광역시 유성구청,2025-07-16
자운동001,1,대전광역시 유성구 신성남로 145,대전광역시 유성구 자운동 21-1,36.39329611,127.3502947,2020,한전주,042-611-2506,대전광역시 유성구청,2025-07-16
자운동002,1,대전광역시 유성구 신성남로 141,대전광역시 유성구 자운동 21-12,36.39293139,127.3503914,2020,한전주,042-611-2506,대전광역시 유성구청,2025-07-16
자운동003,1,대전광역시 유성구 신성남로 137,대전광역시 유성구 자운동 21-2,36.3926359,127.3505485,2020,한전주,042-611-2506,대전광역시 유성구청,2025-07-16
자운동004,1,대전광역시 유성구 신성남로 135,대전광역시 유성구 자운동 21-9,36.39252637,127.3507114,2020,한전주,042-611-2506,대전광역시 유성구청,2025-07-16
자운동005,1,대전광역시 유성구 신성로 111,대전광역시 유성구 자운동 19-1,36.3926828,127.3513294,2020,한전주,042-611-2506,대전광역시 유성구청,2025-07-16
자운동006,1,대전광역시 유성구 신성로61번길 93-10,대전광역시 유성구 자운동 22,36.39266042,127.3503284,2020,한전주,042-611-2506,대전광역시 유성구청,2025-07-16
자운동007,1,대전광역시 유성구 신성로61번길 93-20,대전광역시 유성구 자운동 23-1,36.3931024,127.3500341,2020,한전주,042-611-2506,대전광역시 유성구청,2025-07-16
자운동008,1,대전광역시 유성구 유성대로 1163,대전광역시 유성구 자운동 25-11,36.39361389,127.3496701,2020,한전주,042-611-2506,대전광역시 유성구청,2025-07-16
자운동009,1,대전광역시 유성구 유성대로1163번길 3-12,대전광역시 유성구 자운동 24-4,36.39348307,127.3488889,2020,한전주,042-611-2506,대전광역시 유성구청,2025-07-16
자운동010,1,대전광역시 유성구 유성대로1163번길 3-13,대전광역시 유성구 자운동 24-1,36.39346775,127.3487047,2020,한전주,042-611-2506,대전광역시 유성구청,2025-07-16
자운동011,1,대전광역시 유성구 유성대로1163번길 10,대전광역시 유성구 자운동 25-1,36.39385043,127.3494595,2020,한전주,042-611-2506,대전광역시 유성구청,2025-07-16
자운동012,1,,대전광역시 유성구 자운동 27-18,36.39417448,127.3491945,2020,한전주,042-611-2506,대전광역시 유성구청,2025-07-16
자운동013,1,대전광역시 유성구 자운로 13,대전광역시 유성구 자운동 27-1,36.39455933,127.3490463,2020,한전주,042-611-2506,대전광역시 유성구청,2025-07-16
자운동014,1,대전광역시 유성구 유성대로1163번길 27-8,대전광역시 유성구 자운동 34-1,36.39441592,127.3483786,2020,한전주,042-611-2506,대전광역시 유성구청,2025-07-16
자운동015,1,대전광역시 유성구 유성대로1163번길 27-6,대전광역시 유성구 자운동 35-5,36.39473165,127.348394,2020,한전주,042-611-2506,대전광역시 유성구청,2025-07-16
자운동016,1,대전광역시 유성구 유성대로1163번길 27-18,대전광역시 유성구 자운동 32,36.39424464,127.348059,2020,한전주,042-611-2506,대전광역시 유성구청,2025-07-16
자운동017,1,대전광역시 유성구 자운로 15,대전광역시 유성구 자운동 40-13,36.39487036,127.3487565,2020,한전주,042-611-2506,대전광역시 유성구청,2025-07-16
자운동018,1,대전광역시 유성구 유성대로1163번길 29-13,대전광역시 유성구 자운동 35-2,36.39492681,127.3482186,2020,한전주,042-611-2506,대전광역시 유성구청,2025-07-16
자운동019,1,대전광역시 유성구 유성대로1163번길 29-13,대전광역시 유성구 자운동 35-2,36.39492681,127.3482186,2020,한전주,042-611-2506,대전광역시 유성구청,2025-07-16
자운동020,1,대전광역시 유성구 자운로 160,대전광역시 유성구 자운동 129,36.4059125612,127.3491863079,2020,전용주,042-611-2506,대전광역시 유성구청,2025-07-16
장대동001,1,대전광역시 유성구 현충원로 489,대전광역시 유성구 장대동 224-14,36.35981898,127.3251203,2020,한전주,042-611-2506,대전광역시 유성구청,2025-07-16
장대동002,1,대전광역시 유성구 현충원로489번길 15,대전광역시 유성구 장대동 225-29,36.36033654,127.3253759,2020,한전주,042-611-2506,대전광역시 유성구청,2025-07-16
장대동003,1,대전광역시 유성구 현충원로489번길 18,대전광역시 유성구 장대동 225-54,36.36047494,127.3256481,2020,한전주,042-611-2506,대전광역시 유성구청,2025-07-16
장대동004,1,대전광역시 유성구 현충원로489번길 21,대전광역시 유성구 장대동 225-2,36.36066992,127.3255973,2020,한전주,042-611-2506,대전광역시 유성구청,2025-07-16
장대동005,1,대전광역시 유성구 현충원로489번길 30,대전광역시 유성구 장대동 225-57,36.36047154,127.3257749,2020,한전주,042-611-2506,대전광역시 유성구청,2025-07-16
장대동006,1,대전광역시 유성구 현충원로485번길 6,대전광역시 유성구 장대동 224-13,36.35997265,127.3250135,2020,한전주,042-611-2506,대전광역시 유성구청,2025-07-16
장대동007,1,대전광역시 유성구 현충원로485번길 9,대전광역시 유성구 장대동 233-43,36.36012592,127.3245207,2020,전용주,042-611-2506,대전광역시 유성구청,2025-07-16
장대동008,1,대전광역시 유성구 현충원로485번길 16,대전광역시 유성구 장대동 224-11,36.36036418,127.3249899,2020,한전주,042-611-2506,대전광역시 유성구청,2025-07-16
장대동009,1,,대전광역시 유성구 장대동 233-8,36.36076888,127.3247717,2020,한전주,042-611-2506,대전광역시 유성구청,2025-07-16
장대동010,1,대전광역시 유성구 현충원로485번길 29,대전광역시 유성구 장대동 225-63,36.36095822,127.3247307,2020,한전주,042-611-2506,대전광역시 유성구청,2025-07-16
장대동011,1,대전광역시 유성구 현충원로485번길 31-7,대전광역시 유성구 장대동 225-71,36.36097734,127.3244273,2020,한전주,042-611-2506,대전광역시 유성구청,2025-07-16
장대동012,1,대전광역시 유성구 현충원로485번길 31-6,대전광역시 유성구 장대동 225-66,36.3612669,127.324521,2020,한전주,042-611-2506,대전광역시 유성구청,2025-07-16
장대동013,1,대전광역시 유성구 현충원로485번길 65-9,대전광역시 유성구 장대동 238-5,36.3615642,127.3235562,2020,한전주,042-611-2506,대전광역시 유성구청,2025-07-16
장대동014,1,,대전광역시 유성구 장대동 270,36.3589083,127.3317267,2020,한전주,042-611-2506,대전광역시 유성구청,2025-07-16
장대동015,1,대전광역시 유성구 유성대로719번길 11,대전광역시 유성구 장대동 211-1,36.35848993,127.3314484,2020,한전주,042-611-2506,대전광역시 유성구청,2025-07-16
장대동016,1,대전광역시 유성구 유성대로719번길 12,대전광역시 유성구 장대동 267-8,36.35863633,127.3316895,2020,한전주,042-611-2506,대전광역시 유성구청,2025-07-16
장대동017,1,대전광역시 유성구 유성대로719번안길 5,대전광역시 유성구 장대동 266-6,36.35894085,127.3317833,2020,한전주,042-611-2506,대전광역시 유성구청,2025-07-16
장대동018,1,대전광역시 유성구 유성대로719번길 19,대전광역시 유성구 장대동 176-3,36.35894345,127.3313642,2020,한전주,042-611-2506,대전광역시 유성구청,2025-07-16
장대동019,1,대전광역시 유성구 유성대로719번길 31,대전광역시 유성구 장대동 179-5,36.35942336,127.3311918,2020,한전주,042-611-2506,대전광역시 유성구청,2025-07-16
장대동020,1,대전광역시 유성구 유성대로719번길 33,대전광역시 유성구 장대동 179-4,36.35955861,127.3312598,2020,한전주,042-611-2506,대전광역시 유성구청,2025-07-16
장대동021,1,대전광역시 유성구 유성대로719번길 41,대전광역시 유성구 장대동 175-24,36.35984304,127.3310585,2020,한전주,042-611-2506,대전광역시 유성구청,2025-07-16
장대동022,1,대전광역시 유성구 유성대로729번길 41,대전광역시 유성구 장대동 262-1,36.36024182,127.3312524,2020,한전주,042-611-2506,대전광역시 유성구청,2025-07-16
장대동023,1,대전광역시 유성구 장대로71번길 88,대전광역시 유성구 장대동 173-6,36.36048303,127.3306758,2020,한전주,042-611-2506,대전광역시 유성구청,2025-07-16
장대동024,1,대전광역시 유성구 유성대로729번길 49-14,대전광역시 유성구 장대동 171-8,36.36064837,127.3303937,2020,한전주,042-611-2506,대전광역시 유성구청,2025-07-16
장대동025,1,대전광역시 유성구 유성대로729번길 49-6,대전광역시 유성구 장대동 172-2,36.36059527,127.3308913,2020,한전주,042-611-2506,대전광역시 유성구청,2025-07-16
장대동026,1,대전광역시 유성구 유성대로729번길 49-14,대전광역시 유성구 장대동 171-8,36.36064837,127.3303937,2020,전용주,042-611-2506,대전광역시 유성구청,2025-07-16
장대동027,1,대전광역시 유성구 현충원로 521,대전광역시 유성구 장대동 220-10,36.35944144,127.3288211,2020,한전주,042-611-2506,대전광역시 유성구청,2025-07-16
장대동028,1,대전광역시 유성구 월드컵대로51번길 57-18,대전광역시 유성구 장대동 174-12,36.36026907,127.3291507,2020,한전주,042-611-2506,대전광역시 유성구청,2025-07-16
장대동029,1,대전광역시 유성구 월드컵대로51번길 100-3,대전광역시 유성구 장대동 223,36.35993583,127.3274062,2020,한전주,042-611-2506,대전광역시 유성구청,2025-07-16
장대동030,1,대전광역시 유성구 월드컵대로51번길 57-18,대전광역시 유성구 장대동 174-12,36.36026907,127.3291507,2020,한전주,042-611-2506,대전광역시 유성구청,2025-07-16
장대동031,1,대전광역시 유성구 월드컵대로51번길 92,대전광역시 유성구 장대동 223-10,36.36007204,127.328148,2020,한전주,042-611-2506,대전광역시 유성구청,2025-07-16
장대동032,1,대전광역시 유성구 월드컵대로51번길 57-24,대전광역시 유성구 장대동 174-5,36.36030436,127.3289336,2020,한전주,042-611-2506,대전광역시 유성구청,2025-07-16
장대동033,1,대전광역시 유성구 유성대로729번길 49-14,대전광역시 유성구 장대동 171-8,36.36064837,127.3303937,2020,한전주,042-611-2506,대전광역시 유성구청,2025-07-16
장대동034,1,대전광역시 유성구 유성대로729번길 49-14,대전광역시 유성구 장대동 171-8,36.36064837,127.3303937,2020,한전주,042-611-2506,대전광역시 유성구청,2025-07-16
장대동035,1,대전광역시 유성구 월드컵대로51번길 49,대전광역시 유성구 장대동 168-10,36.3610363,127.329652,2020,한전주,042-611-2506,대전광역시 유성구청,2025-07-16
장대동036,1,대전광역시 유성구 월드컵대로51번길 49,대전광역시 유성구 장대동 168-10,36.3610628,127.329652,2020,한전주,042-611-2506,대전광역시 유성구청,2025-07-16
장대동037,1,대전광역시 유성구 월드컵대로51번길 44,대전광역시 유성구 장대동 227-16,36.36102451,127.3291911,2020,한전주,042-611-2506,대전광역시 유성구청,2025-07-16
장대동038,1,대전광역시 유성구 월드컵대로51번길 34,대전광역시 유성구 장대동 227-6,36.3610441,127.3286865,2020,한전주,042-611-2506,대전광역시 유성구청,2025-07-16
장대동039,1,대전광역시 유성구 월드컵대로51번길 27,대전광역시 유성구 장대동 228-8,36.36133408,127.3283961,2020,한전주,042-611-2506,대전광역시 유성구청,2025-07-16
장대동040,1,,대전광역시 유성구 장대동 228-9,36.36124154,127.3283021,2020,한전주,042-611-2506,대전광역시 유성구청,2025-07-16
장대동041,1,대전광역시 유성구 월드컵대로51번길 9-4,대전광역시 유성구 장대동 229-49,36.36184241,127.3279452,2020,한전주,042-611-2506,대전광역시 유성구청,2025-07-16
장대동042,1,대전광역시 유성구 월드컵대로51번길 9-4,대전광역시 유성구 장대동 229-49,36.36184241,127.3279452,2020,한전주,042-611-2506,대전광역시 유성구청,2025-07-16
장대동043,1,대전광역시 유성구 월드컵대로51번길 5,대전광역시 유성구 장대동 232-55,36.36190673,127.3275945,2020,한전주,042-611-2506,대전광역시 유성구청,2025-07-16
장대동044,1,대전광역시 유성구 월드컵대로 49-7,대전광역시 유성구 장대동 229-55,36.36234563,127.3277484,2020,한전주,042-611-2506,대전광역시 유성구청,2025-07-16
장대동045,1,대전광역시 유성구 월드컵대로 49-7,대전광역시 유성구 장대동 229-55,36.36234563,127.3277484,2020,한전주,042-611-2506,대전광역시 유성구청,2025-07-16
장대동046,1,대전광역시 유성구 월드컵대로 49-28,대전광역시 유성구 장대동 240-74,36.36317005,127.3279037,2020,한전주,042-611-2506,대전광역시 유성구청,2025-07-16
장대동047,1,대전광역시 유성구 월드컵대로 31,대전광역시 유성구 장대동 240-43,36.36341989,127.3281519,2020,한전주,042-611-2506,대전광역시 유성구청,2025-07-16
장대동048,1,대전광역시 유성구 월드컵대로51번길 51-30,대전광역시 유성구 장대동 168-2,36.36151466,127.3296474,2020,한전주,042-611-2506,대전광역시 유성구청,2025-07-16
장대동049,1,대전광역시 유성구 월드컵대로51번길 51-19,대전광역시 유성구 장대동 228-2,36.36141766,127.3292672,2020,한전주,042-611-2506,대전광역시 유성구청,2025-07-16
장대동050,1,대전광역시 유성구 월드컵대로51번길 51-40,대전광역시 유성구 장대동 229-14,36.36178027,127.3292733,2020,한전주,042-611-2506,대전광역시 유성구청,2025-07-16
장대동051,1,대전광역시 유성구 월드컵대로51번길 53-21,대전광역시 유성구 장대동 169-5,36.36170735,127.3300974,2020,한전주,042-611-2506,대전광역시 유성구청,2025-07-16
장대동052,1,대전광역시 유성구 월드컵대로51번길 53-27,대전광역시 유성구 장대동 229-33,36.36169596,127.3296237,2020,한전주,042-611-2506,대전광역시 유성구청,2025-07-16
장대동053,1,대전광역시 유성구 월드컵대로51번길 51-36,대전광역시 유성구 장대동 229-1,36.36162855,127.3294892,2020,한전주,042-611-2506,대전광역시 유성구청,2025-07-16
장대동054,1,대전광역시 유성구 월드컵대로51번길 53-39,대전광역시 유성구 장대동 229-29,36.36212906,127.3293611,2020,한전주,042-611-2506,대전광역시 유성구청,2025-07-16
장대동055,1,대전광역시 유성구 월드컵대로51번길 53-46,대전광역시 유성구 장대동 229-21,36.36247641,127.3296742,2020,한전주,042-611-2506,대전광역시 유성구청,2025-07-16
장대동056,1,대전광역시 유성구 유성대로729번길 56,대전광역시 유성구 장대동 166-15,36.36080536,127.3312812,2020,한전주,042-611-2506,대전광역시 유성구청,2025-07-16
장대동057,1,대전광역시 유성구 유성대로729번길 59,대전광역시 유성구 장대동 171-1,36.36098431,127.330887,2020,한전주,042-611-2506,대전광역시 유성구청,2025-07-16
장대동058,1,대전광역시 유성구 장대로71번길 34,대전광역시 유성구 장대동 479,36.36210137,127.3317449,2020,한전주,042-611-2506,대전광역시 유성구청,2025-07-16
장대동059,1,대전광역시 유성구 유성대로729번길 41,대전광역시 유성구 장대동 262-1,36.36024182,127.3312524,2020,한전주,042-611-2506,대전광역시 유성구청,2025-07-16
장대동060,1,대전광역시 유성구 유성대로729번길 33,대전광역시 유성구 장대동 262-3,36.3598888,127.3314889,2020,한전주,042-611-2506,대전광역시 유성구청,2025-07-16
장대동061,1,대전광역시 유성구 유성대로729번길 40,대전광역시 유성구 장대동 263-4,36.36000008,127.331852,2020,한전주,042-611-2506,대전광역시 유성구청,2025-07-16
장대동062,1,대전광역시 유성구 유성대로729번길 21,대전광역시 유성구 장대동 266-7,36.35938623,127.3318413,2020,한전주,042-611-2506,대전광역시 유성구청,2025-07-16
장대동063,1,대전광역시 유성구 유성대로741번길 13,대전광역시 유성구 장대동 265-1,36.35970968,127.3323533,2020,한전주,042-611-2506,대전광역시 유성구청,2025-07-16
장대동064,1,대전광역시 유성구 유성대로729번길 11,대전광역시 유성구 장대동 266-4,36.35905152,127.3320725,2020,한전주,042-611-2506,대전광역시 유성구청,2025-07-16
장대동065,1,대전광역시 유성구 유성대로729번길 7,대전광역시 유성구 장대동 267-1,36.35887615,127.3322337,2020,한전주,042-611-2506,대전광역시 유성구청,2025-07-16
장대동066,1,대전광역시 유성구 유성대로 731,대전광역시 유성구 장대동 268-4,36.35874203,127.3327284,2020,한전주,042-611-2506,대전광역시 유성구청,2025-07-16
장대동067,1,대전광역시 유성구 유성대로719번안길 24,대전광역시 유성구 장대동 268-8,36.35919448,127.3327094,2020,한전주,042-611-2506,대전광역시 유성구청,2025-07-16
장대동068,1,대전광역시 유성구 유성대로741번길 11,대전광역시 유성구 장대동 265-2,36.35959856,127.3329378,2020,한전주,042-611-2506,대전광역시 유성구청,2025-07-16
장대동069,1,대전광역시 유성구 유성대로741번길 14,대전광역시 유성구 장대동 264-10,36.35984311,127.3330434,2020,한전주,042-611-2506,대전광역시 유성구청,2025-07-16
장대동070,1,대전광역시 유성구 유성대로741번길 13,대전광역시 유성구 장대동 265-1,36.35970968,127.3323533,2020,한전주,042-611-2506,대전광역시 유성구청,2025-07-16
장대동071,1,대전광역시 유성구 장대로71번길 57,대전광역시 유성구 장대동 263-14,36.36008643,127.3323973,2020,건축물,042-611-2506,대전광역시 유성구청,2025-07-16
장대동072,1,대전광역시 유성구 유성대로741번길 28,대전광역시 유성구 장대동 264-18,36.36032397,127.3328208,2020,한전주,042-611-2506,대전광역시 유성구청,2025-07-16
장대동073,1,대전광역시 유성구 유성대로729번길 42,대전광역시 유성구 장대동 263-1,36.36027776,127.3314832,2020,한전주,042-611-2506,대전광역시 유성구청,2025-07-16
장대동074,1,대전광역시 유성구 장대로71번길 61,대전광역시 유성구 장대동 263-3,36.36024242,127.332074,2020,한전주,042-611-2506,대전광역시 유성구청,2025-07-16
장대동075,1,대전광역시 유성구 장대로71번길 55,대전광역시 유성구 장대동 263-13,36.36024864,127.3323657,2020,한전주,042-611-2506,대전광역시 유성구청,2025-07-16
장대동076,1,대전광역시 유성구 유성대로741번길 25,대전광역시 유성구 장대동 263-8,36.36018115,127.3325572,2020,한전주,042-611-2506,대전광역시 유성구청,2025-07-16
장대동077,1,대전광역시 유성구 유성대로741번길 28,대전광역시 유성구 장대동 264-18,36.36032397,127.3328208,2020,한전주,042-611-2506,대전광역시 유성구청,2025-07-16
장대동078,1,대전광역시 유성구 장대로71번길 39,대전광역시 유성구 장대동 264-13,36.36041504,127.3332562,2020,한전주,042-611-2506,대전광역시 유성구청,2025-07-16
장대동079,1,대전광역시 유성구 장대로71번길 39,대전광역시 유성구 장대동 264-13,36.3604173,127.3332562,2020,한전주,042-611-2506,대전광역시 유성구청,2025-07-16
장대동080,1,대전광역시 유성구 장대로71번길 28,대전광역시 유성구 장대동 159-10,36.36086665,127.3338237,2020,한전주,042-611-2506,대전광역시 유성구청,2025-07-16
장대동081,1,대전광역시 유성구 유성대로751번길 20,대전광역시 유성구 장대동 270-1,36.36058744,127.3338668,2020,한전주,042-611-2506,대전광역시 유성구청,2025-07-16
장대동082,1,대전광역시 유성구 유성대로751번길 14,대전광역시 유성구 장대동 270-21,36.36043576,127.3339985,2020,한전주,042-611-2506,대전광역시 유성구청,2025-07-16
장대동083,1,대전광역시 유성구 유성대로751번길 1,대전광역시 유성구 장대동 269-3,36.35994671,127.3341236,2020,한전주,042-611-2506,대전광역시 유성구청,2025-07-16
장대동084,1,대전광역시 유성구 유성대로719번안길 49,대전광역시 유성구 장대동 264-17,36.36012668,127.3335708,2020,한전주,042-611-2506,대전광역시 유성구청,2025-07-16
장대동085,1,대전광역시 유성구 유성대로719번안길 41,대전광역시 유성구 장대동 264-9,36.35984183,127.3332445,2020,한전주,042-611-2506,대전광역시 유성구청,2025-07-16
장대동086,1,대전광역시 유성구 장대로71번길 25,대전광역시 유성구 장대동 270-3,36.36066014,127.3340377,2020,한전주,042-611-2506,대전광역시 유성구청,2025-07-16
장대동087,1,대전광역시 유성구 장대로71번길 28,대전광역시 유성구 장대동 159-10,36.3608723,127.3338237,2020,한전주,042-611-2506,대전광역시 유성구청,2025-07-16
장대동088,1,대전광역시 유성구 유성대로 757-39,대전광역시 유성구 장대동 270-5,36.36062099,127.3342427,2020,한전주,042-611-2506,대전광역시 유성구청,2025-07-16
장대동089,1,대전광역시 유성구 장대로71번길 15,대전광역시 유성구 장대동 271-27,36.36085154,127.3346501,2020,건축물,042-611-2506,대전광역시 유성구청,2025-07-16
장대동090,1,대전광역시 유성구 장대로71번길 9,대전광역시 유성구 장대동 271-28,36.3608105,127.3348092,2020,한전주,042-611-2506,대전광역시 유성구청,2025-07-16
장대동091,1,대전광역시 유성구 장대로71번길 5,대전광역시 유성구 장대동 271-30,36.36103672,127.3350083,2020,한전주,042-611-2506,대전광역시 유성구청,2025-07-16
장대동092,1,대전광역시 유성구 장대로 69,대전광역시 유성구 장대동 271-1,36.36110005,127.3352113,2020,한전주,042-611-2506,대전광역시 유성구청,2025-07-16
장대동093,1,대전광역시 유성구 장대로 67-8,대전광역시 유성구 장대동 271-18,36.360816,127.3350479,2020,건축물,042-611-2506,대전광역시 유성구청,2025-07-16
장대동094,1,대전광역시 유성구 유성대로 757-6,대전광역시 유성구 장대동 271-12,36.36042871,127.3348774,2020,한전주,042-611-2506,대전광역시 유성구청,2025-07-16
장대동095,1,대전광역시 유성구 유성대로 757-23,대전광역시 유성구 장대동 270-8,36.360516,127.3345009,2020,한전주,042-611-2506,대전광역시 유성구청,2025-07-16
장대동096,1,대전광역시 유성구 유성대로 757-31,대전광역시 유성구 장대동 270-15,36.36046528,127.3343985,2020,한전주,042-611-2506,대전광역시 유성구청,2025-07-16
장대동097,1,대전광역시 유성구 유성대로783번길 15,대전광역시 유성구 장대동 328-9,36.36234398,127.3357727,2020,건축물,042-611-2506,대전광역시 유성구청,2025-07-16
장대동098,1,대전광역시 유성구 장대로80번길 9,대전광역시 유성구 장대동 329-11,36.36217611,127.3353174,2020,건축물,042-611-2506,대전광역시 유성구청,2025-07-16
장대동100,1,대전광역시 유성구 장대로80번길 25,대전광역시 유성구 장대동 329-15,36.36260264,127.3349967,2020,건축물,042-611-2506,대전광역시 유성구청,2025-07-16
장대동101,1,대전광역시 유성구 장대로80번길 26,대전광역시 유성구 장대동 328-3,36.36277872,127.335257,2020,건축물,042-611-2506,대전광역시 유성구청,2025-07-16
장대동102,1,대전광역시 유성구 장대로80번길 39,대전광역시 유성구 장대동 326-10,36.36321066,127.3346764,2020,건축물,042-611-2506,대전광역시 유성구청,2025-07-16
장대동103,1,대전광역시 유성구 장대로80번길 47,대전광역시 유성구 장대동 326-13,36.36351408,127.3344849,2020,건축물,042-611-2506,대전광역시 유성구청,2025-07-16
장대동104,1,대전광역시 유성구 장대로80번길 54,대전광역시 유성구 장대동 327-2,36.36394254,127.3345977,2020,건축물,042-611-2506,대전광역시 유성구청,2025-07-16
장대동105,1,대전광역시 유성구 장대로80번길 58,대전광역시 유성구 장대동 327-1,36.364063,127.3344801,2020,건축물,042-611-2506,대전광역시 유성구청,2025-07-16
장대동106,1,대전광역시 유성구 유성대로783번길 61,대전광역시 유성구 장대동 327-20,36.3642029,127.3347515,2020,건축물,042-611-2506,대전광역시 유성구청,2025-07-16
장대동107,1,대전광역시 유성구 장대로80번길 62,대전광역시 유성구 장대동 324-7,36.36427869,127.3343992,2020,건축물,042-611-2506,대전광역시 유성구청,2025-07-16
장대동108,1,대전광역시 유성구 장대로 106,대전광역시 유성구 장대동 325-5,36.36408894,127.3339035,2020,건축물,042-611-2506,대전광역시 유성구청,2025-07-16
장대동109,1,대전광역시 유성구 장대로80번길 61,대전광역시 유성구 장대동 325-6,36.36418763,127.3341241,2020,건축물,042-611-2506,대전광역시 유성구청,2025-07-16
장대동110,1,대전광역시 유성구 장대로80번길 73,대전광역시 유성구 장대동 325-9,36.36457301,127.3338869,2020,건축물,042-611-2506,대전광역시 유성구청,2025-07-16
장대동111,1,대전광역시 유성구 장대로80번길 76,대전광역시 유성구 장대동 324-2,36.36476301,127.3341304,2020,건축물,042-611-2506,대전광역시 유성구청,2025-07-16
장대동112,1,대전광역시 유성구 장대로80번길 78,대전광역시 유성구 장대동 324-1,36.36487742,127.3340503,2020,한전주,042-611-2506,대전광역시 유성구청,2025-07-16
장대동113,1,대전광역시 유성구 장대로80번길 85,대전광역시 유성구 장대동 325-12,36.36469014,127.3336367,2020,한전주,042-611-2506,대전광역시 유성구청,2025-07-16
장대동114,1,대전광역시 유성구 유성대로783번길 49,대전광역시 유성구 장대동 327-16,36.36375714,127.3349927,2020,건축물,042-611-2506,대전광역시 유성구청,2025-07-16
장대동115,1,대전광역시 유성구 장대로74번길 17,대전광역시 유성구 장대동 330-7,36.36193074,127.3358585,2020,전용주,042-611-2506,대전광역시 유성구청,2025-07-16
장대동116,1,대전광역시 유성구 문화원로6번길 13,대전광역시 유성구 장대동 356-3,36.36116446,127.3367899,2020,건축물,042-611-2506,대전광역시 유성구청,2025-07-16
장대동117,1,대전광역시 유성구 문화원로6번길 19,대전광역시 유성구 장대동 356-5,36.36094255,127.336643,2020,건축물,042-611-2506,대전광역시 유성구청,2025-07-16
장대동118,1,대전광역시 유성구 문화원로6번길 23,대전광역시 유성구 장대동 356-6,36.36084748,127.3365793,2020,건축물,042-611-2506,대전광역시 유성구청,2025-07-16
장대동119,1,대전광역시 유성구 문화원로6번길 27,대전광역시 유성구 장대동 356-7,36.36071751,127.3366514,2020,전용주,042-611-2506,대전광역시 유성구청,2025-07-16
장대동120,1,대전광역시 유성구 문화원로10번길 34,대전광역시 유성구 장대동 359-13,36.35998782,127.3373252,2020,건축물,042-611-2506,대전광역시 유성구청,2025-07-16
장대동121,1,,대전광역시 유성구 장대동 355-9,36.36029221,127.337481,2020,건축물,042-611-2506,대전광역시 유성구청,2025-07-16
장대동122,1,대전광역시 유성구 문화원로10번길 21,대전광역시 유성구 장대동 355-6,36.36058747,127.3372359,2020,건축물,042-611-2506,대전광역시 유성구청,2025-07-16
장대동123,1,대전광역시 유성구 문화원로10번길 20,대전광역시 유성구 장대동 356-17,36.36058738,127.3369678,2020,건축물,042-611-2506,대전광역시 유성구청,2025-07-16
장대동124,1,대전광역시 유성구 문화원로10번길 14,대전광역시 유성구 장대동 356-19,36.36082222,127.3368105,2020,건축물,042-611-2506,대전광역시 유성구청,2025-07-16
장대동125,1,대전광역시 유성구 문화원로10번길 9,대전광역시 유성구 장대동 355-3,36.3609562,127.3372377,2020,건축물,042-611-2506,대전광역시 유성구청,2025-07-16
장대동126,1,대전광역시 유성구 문화원로14번길 10,대전광역시 유성구 장대동 355-16,36.36101531,127.3375588,2020,건축물,042-611-2506,대전광역시 유성구청,2025-07-16
장대동127,1,대전광역시 유성구 문화원로14번길 18,대전광역시 유성구 장대동 355-13,36.36066318,127.3375069,2020,건축물,042-611-2506,대전광역시 유성구청,2025-07-16
장대동128,1,대전광역시 유성구 문화원로14번길 24,대전광역시 유성구 장대동 355-10,36.36037117,127.3376796,2020,건축물,042-611-2506,대전광역시 유성구청,2025-07-16
장대동129,1,대전광역시 유성구 문화원로 20-12,대전광역시 유성구 장대동 354-6,36.36071261,127.337970,2020,건축물,042-611-2506,대전광역시 유성구청,2025-07-16
장대동130,1,대전광역시 유성구 문화원로 20-6,대전광역시 유성구 장대동 354-8,36.36097079,127.3381633,2020,건축물,042-611-2506,대전광역시 유성구청,2025-07-16
장대동131,1,대전광역시 유성구 문화원로14번길 28,대전광역시 유성구 장대동 360-15,36.36019876,127.3377776,2020,건축물,042-611-2506,대전광역시 유성구청,2025-07-16
장대동132,1,대전광역시 유성구 문화원로14번길 32,대전광역시 유성구 장대동 360-14,36.36006144,127.3378671,2020,건축물,042-611-2506,대전광역시 유성구청,2025-07-16
장대동133,1,대전광역시 유성구 문화원로14번길 34,대전광역시 유성구 장대동 360-13,36.3599396,127.3379331,2020,건축물,042-611-2506,대전광역시 유성구청,2025-07-16
장대동134,1,대전광역시 유성구 문화원로14번길 36,대전광역시 유성구 장대동 360-12,36.35983138,127.3379919,2020,건축물,042-611-2506,대전광역시 유성구청,2025-07-16
장대동135,1,대전광역시 유성구 문화원로14번길 42,대전광역시 유성구 장대동 360-10,36.35967196,127.3380881,2020,건축물,042-611-2506,대전광역시 유성구청,2025-07-16
장대동136,1,대전광역시 유성구 문화원로14번길 39-6,대전광역시 유성구 장대동 362-2,36.35973614,127.3385596,2020,건축물,042-611-2506,대전광역시 유성구청,2025-07-16
장대동137,1,대전광역시 유성구 문화원로14번길 39-10,대전광역시 유성구 장대동 362-3,36.35974792,127.3387264,2020,건축물,042-611-2506,대전광역시 유성구청,2025-07-16
장대동138,1,대전광역시 유성구 온천서로 61,대전광역시 유성구 장대동 362-5,36.3597566,127.3390979,2020,건축물,042-611-2506,대전광역시 유성구청,2025-07-16
장대동139,1,대전광역시 유성구 문화원로14번길 46,대전광역시 유성구 장대동 360-9,36.3595468,127.3382146,2020,건축물,042-611-2506,대전광역시 유성구청,2025-07-16
장대동140,1,대전광역시 유성구 문화원로10번길 38,대전광역시 유성구 장대동 359-12,36.35982283,127.337416,2020,건축물,042-611-2506,대전광역시 유성구청,2025-07-16
장대동141,1,대전광역시 유성구 문화원로10번길 43,대전광역시 유성구 장대동 360-6,36.35966193,127.3378114,2020,건축물,042-611-2506,대전광역시 유성구청,2025-07-16
장대동142,1,대전광역시 유성구 문화원로10번길 47,대전광역시 유성구 장대동 360-7,36.35954266,127.3379529,2020,건축물,042-611-2506,대전광역시 유성구청,2025-07-16
장대동143,1,대전광역시 유성구 문화원로10번길 54,대전광역시 유성구 장대동 368-1,36.35913956,127.3378601,2020,건축물,042-611-2506,대전광역시 유성구청,2025-07-16
장대동144,1,,대전광역시 유성구 장대동 368-5,36.3589388,127.3384069,2020,건축물,042-611-2506,대전광역시 유성구청,2025-07-16
장대동145,1,대전광역시 유성구 문화원로10번길 67,대전광역시 유성구 장대동 366-7,36.35918444,127.3386237,2020,건축물,042-611-2506,대전광역시 유성구청,2025-07-16
장대동146,1,대전광역시 유성구 문화원로10번길 71,대전광역시 유성구 장대동 366-6,36.35921811,127.338826,2020,건축물,042-611-2506,대전광역시 유성구청,2025-07-16
장대동147,1,대전광역시 유성구 문화원로6번길 51,대전광역시 유성구 장대동 359-2,36.35974462,127.3372179,2020,건축물,042-611-2506,대전광역시 유성구청,2025-07-16
장대동148,1,대전광역시 유성구 문화원로6번길 55,대전광역시 유성구 장대동 359-3,36.35961064,127.3373045,2020,건축물,042-611-2506,대전광역시 유성구청,2025-07-16
장대동149,1,대전광역시 유성구 문화원로6번길 63,대전광역시 유성구 장대동 359-5,36.35934353,127.3374646,2020,한전주,042-611-2506,대전광역시 유성구청,2025-07-16
장대동150,1,대전광역시 유성구 유성대로736번길 63,대전광역시 유성구 장대동 281-4,36.35873186,127.337099,2020,한전주,042-611-2506,대전광역시 유성구청,2025-07-16
장대동151,1,대전광역시 유성구 유성대로736번길 63,대전광역시 유성구 장대동 281-4,36.35873186,127.337099,2020,한전주,042-611-2506,대전광역시 유성구청,2025-07-16
장대동152,1,대전광역시 유성구 유성대로736번길 63,대전광역시 유성구 장대동 281-4,36.35873186,127.337099,2020,한전주,042-611-2506,대전광역시 유성구청,2025-07-16
장대동153,1,대전광역시 유성구 문화원로6번길 81,대전광역시 유성구 장대동 369-1,36.3584913,127.3379088,2020,한전주,042-611-2506,대전광역시 유성구청,2025-07-16
장대동154,1,대전광역시 유성구 문화원로6번길 90,대전광역시 유성구 장대동 283-6,36.35813856,127.3377256,2020,한전주,042-611-2506,대전광역시 유성구청,2025-07-16
장대동155,1,대전광역시 유성구 문화원로6번길 102,대전광역시 유성구 장대동 284-5,36.35761542,127.3378207,2020,한전주,042-611-2506,대전광역시 유성구청,2025-07-16
장대동156,1,대전광역시 유성구 유성대로730번길 102,대전광역시 유성구 장대동 286-2,36.35758386,127.338307,2020,한전주,042-611-2506,대전광역시 유성구청,2025-07-16
장대동157,1,대전광역시 유성구 유성대로730번길 108,대전광역시 유성구 장대동 286-5,36.35773485,127.3386416,2020,한전주,042-611-2506,대전광역시 유성구청,2025-07-16
장대동158,1,대전광역시 유성구 유성대로730번길 110,대전광역시 유성구 장대동 286-19,36.35772719,127.3388013,2020,건축물,042-611-2506,대전광역시 유성구청,2025-07-16
장대동159,1,대전광역시 유성구 유성대로730번길 116-1,대전광역시 유성구 장대동 286-24,36.35761608,127.3391169,2020,한전주,042-611-2506,대전광역시 유성구청,2025-07-16
장대동160,1,대전광역시 유성구 온천서로 37,대전광역시 유성구 장대동 286-28,36.357689,127.3395236,2020,한전주,042-611-2506,대전광역시 유성구청,2025-07-16
장대동161,1,대전광역시 유성구 온천서로 35-16,대전광역시 유성구 장대동 286-8,36.35742872,127.3389288,2020,한전주,042-611-2506,대전광역시 유성구청,2025-07-16
장대동162,1,대전광역시 유성구 문화원로6번길 87-16,대전광역시 유성구 장대동 370-6,36.35815182,127.3387377,2020,건축물,042-611-2506,대전광역시 유성구청,2025-07-16
장대동163,1,대전광역시 유성구 문화원로6번길 87-14,대전광역시 유성구 장대동 370-5,36.35813473,127.3385689,2020,건축물,042-611-2506,대전광역시 유성구청,2025-07-16
장대동164,1,대전광역시 유성구 문화원로6번길 87-20,대전광역시 유성구 장대동 370-7,36.35816651,127.338896,2020,건축물,042-611-2506,대전광역시 유성구청,2025-07-16
장대동165,1,대전광역시 유성구 유성대로821번길 7,대전광역시 유성구 장대동 306-5,36.36521282,127.3377753,2020,건축물,042-611-2506,대전광역시 유성구청,2025-07-16
장대동166,1,대전광역시 유성구 유성대로821번길 11,대전광역시 유성구 장대동 306-3,36.36530006,127.3375146,2020,건축물,042-611-2506,대전광역시 유성구청,2025-07-16
장대동167,1,대전광역시 유성구 유성대로821번길 21,대전광역시 유성구 장대동 306-1,36.36540335,127.3372241,2020,건축물,042-611-2506,대전광역시 유성구청,2025-07-16
장대동168,1,대전광역시 유성구 유성대로821번길 21,대전광역시 유성구 장대동 306-1,36.36540335,127.3372241,2020,건축물,042-611-2506,대전광역시 유성구청,2025-07-16
장대동169,1,대전광역시 유성구 유성대로821번길 32,대전광역시 유성구 장대동 303-6,36.36579085,127.3368405,2020,건축물,042-611-2506,대전광역시 유성구청,2025-07-16
장대동170,1,대전광역시 유성구 유성대로821번길 31,대전광역시 유성구 장대동 307-3,36.3656157,127.336573,2020,건축물,042-611-2506,대전광역시 유성구청,2025-07-16
장대동171,1,대전광역시 유성구 한밭대로313번길 16,대전광역시 유성구 장대동 307-1,36.36572934,127.3361864,2020,건축물,042-611-2506,대전광역시 유성구청,2025-07-16
장대동172,1,대전광역시 유성구 한밭대로313번길 3,대전광역시 유성구 장대동 37-1,36.36609045,127.3354774,2020,한전주,042-611-2506,대전광역시 유성구청,2025-07-16
장대동173,1,대전광역시 유성구 한밭대로313번길 28,대전광역시 유성구 장대동 303-2,36.36595651,127.336835,2020,건축물,042-611-2506,대전광역시 유성구청,2025-07-16
장대동174,1,대전광역시 유성구 한밭대로313번길 32,대전광역시 유성구 장대동 303-3,36.36602364,127.3370287,2020,건축물,042-611-2506,대전광역시 유성구청,2025-07-16
장대동175,1,대전광역시 유성구 한밭대로313번길 36,대전광역시 유성구 장대동 304-3,36.36614426,127.3372986,2020,건축물,042-611-2506,대전광역시 유성구청,2025-07-16
장대동176,1,대전광역시 유성구 한밭대로313번길 40,대전광역시 유성구 장대동 304-2,36.36620499,127.337464,2020,건축물,042-611-2506,대전광역시 유성구청,2025-07-16
장대동177,1,대전광역시 유성구 한밭대로313번길 46,대전광역시 유성구 장대동 304-1,36.36639743,127.3376072,2020,건축물,042-611-2506,대전광역시 유성구청,2025-07-16
장대동178,1,대전광역시 유성구 유성대로821번길 14-19,대전광역시 유성구 장대동 304-13,36.36627854,127.3377775,2020,건축물,042-611-2506,대전광역시 유성구청,2025-07-16
장대동179,1,대전광역시 유성구 유성대로821번길 14-13,대전광역시 유성구 장대동 304-10,36.36595409,127.337658,2020,건축물,042-611-2506,대전광역시 유성구청,2025-07-16
장대동180,1,대전광역시 유성구 유성대로821번길 14-9,대전광역시 유성구 장대동 304-9,36.36580145,127.3375889,2020,건축물,042-611-2506,대전광역시 유성구청,2025-07-16
장대동181,1,대전광역시 유성구 유성대로821번길 24-4,대전광역시 유성구 장대동 304-15,36.36573651,127.3373513,2020,건축물,042-611-2506,대전광역시 유성구청,2025-07-16
장대동182,1,대전광역시 유성구 유성대로821번길 24-8,대전광역시 유성구 장대동 304-5,36.36584732,127.337397,2020,전용주,042-611-2506,대전광역시 유성구청,2025-07-16
장대동186,1,대전광역시 유성구 유성대로720번길 67,대전광역시 유성구 장대동 12-19,36.35746694,127.3356999607,2020,한전주,042-611-2506,대전광역시 유성구청,2025-07-16
장대동187,1,대전광역시 유성구 유성대로720번길 67,대전광역시 유성구 장대동 12-19,36.35746694,127.3356999607,2020,한전주,042-611-2506,대전광역시 유성구청,2025-07-16
장대동188,1,,대전광역시 유성구 죽동 126-30,36.3676547,127.3324989,2020,한전주,042-611-2506,대전광역시 유성구청,2025-07-16
장대동189,1,,대전광역시 유성구 장대동 109-8,36.36760257,127.3325371,2020,한전주,042-611-2506,대전광역시 유성구청,2025-07-16
장대동190,1,,대전광역시 유성구 장대동 113-1,36.36769248,127.3318382,2020,한전주,042-611-2506,대전광역시 유성구청,2025-07-16
장대동191,1,,대전광역시 유성구 장대동 109-8,36.36760257,127.3325371,2020,한전주,042-611-2506,대전광역시 유성구청,2025-07-16
장대동192,1,,대전광역시 유성구 장대동 112-3,36.36698193,127.3323449,2020,한전주,042-611-2506,대전광역시 유성구청,2025-07-16
장대동193,1,대전광역시 유성구 장대로 113-1,대전광역시 유성구 장대동 137-18,36.36460719,127.3329738,2020,전용주,042-611-2506,대전광역시 유성구청,2025-07-16
장대동194,1,대전광역시 유성구 유성대로822번길 27,대전광역시 유성구 장대동 316-9,36.36452029,127.3400207,2020,건축물,042-611-2506,대전광역시 유성구청,2025-07-16
장대동195,1,대전광역시 유성구 유성대로822번길 22,대전광역시 유성구 장대동 317-6,36.36449217,127.3396733,2020,건축물,042-611-2506,대전광역시 유성구청,2025-07-16
장대동196,1,대전광역시 유성구 현충원로489번길 29,대전광역시 유성구 장대동 225-56,36.36044965,127.3260676,2020,한전주,042-611-2506,대전광역시 유성구청,2025-07-16
장대동196,1,대전광역시 유성구 유성대로822번길 17,대전광역시 유성구 장대동 315-9,36.36484659,127.3395843,2020,건축물,042-611-2506,대전광역시 유성구청,2025-07-16
장대동197,1,대전광역시 유성구 유성대로822번길 11,대전광역시 유성구 장대동 315-11,36.3649016,127.3393574,2020,건축물,042-611-2506,대전광역시 유성구청,2025-07-16
장대동198,1,대전광역시 유성구 유성대로822번길 9,대전광역시 유성구 장대동 315-12,36.36503172,127.3392224,2020,건축물,042-611-2506,대전광역시 유성구청,2025-07-16
장대동199,1,대전광역시 유성구 유성대로822번길 23,대전광역시 유성구 장대동 316-10,36.36461845,127.3398857,2020,건축물,042-611-2506,대전광역시 유성구청,2025-07-16
장대동200,1,대전광역시 유성구 유성대로828번길 26,대전광역시 유성구 장대동 315-7,36.36489963,127.3398501,2020,건축물,042-611-2506,대전광역시 유성구청,2025-07-16
장대동201,1,대전광역시 유성구 유성대로828번길 27,대전광역시 유성구 장대동 314-3,36.36493798,127.3402456,2020,건축물,042-611-2506,대전광역시 유성구청,2025-07-16
장대동202,1,대전광역시 유성구 유성대로828번길 31,대전광역시 유성구 장대동 314-4,36.36483533,127.3404041,2020,건축물,042-611-2506,대전광역시 유성구청,2025-07-16
장대동203,1,대전광역시 유성구 유성대로828번길 32,대전광역시 유성구 장대동 316-2,36.36466909,127.3402072,2020,건축물,042-611-2506,대전광역시 유성구청,2025-07-16
장대동204,1,대전광역시 유성구 유성대로828번길 42,대전광역시 유성구 장대동 316-4,36.36443646,127.3404401,2020,건축물,042-611-2506,대전광역시 유성구청,2025-07-16
장대동205,1,대전광역시 유성구 문화원로19번길 36,대전광역시 유성구 장대동 346-8,36.36267954,127.339582,2020,건축물,042-611-2506,대전광역시 유성구청,2025-07-16
장대동206,1,대전광역시 유성구 문화원로19번길 34-7,대전광역시 유성구 장대동 346-6,36.36254542,127.3398433,2020,건축물,042-611-2506,대전광역시 유성구청,2025-07-16
장대동207,1,대전광역시 유성구 문화원로19번길 26-15,대전광역시 유성구 장대동 347-7,36.36205662,127.3399723,2020,건축물,042-611-2506,대전광역시 유성구청,2025-07-16
장대동208,1,대전광역시 유성구 문화원로19번길 26-9,대전광역시 유성구 장대동 347-9,36.36218618,127.339666,2020,건축물,042-611-2506,대전광역시 유성구청,2025-07-16
장대동209,1,대전광역시 유성구 문화원로6번길 48-1,대전광역시 유성구 장대동 281-25,36.35974752,127.3366371,2020,한전주,042-611-2506,대전광역시 유성구청,2025-07-16
장대동210,1,대전광역시 유성구 문화원로6번길 56,대전광역시 유성구 장대동 281-2,36.35943341,127.3369118,2020,전용주,042-611-2506,대전광역시 유성구청,2025-07-16
장대동211,1,대전광역시 유성구 유성대로736번길 62,대전광역시 유성구 장대동 283-4,36.35838481,127.3370988,2020,한전주,042-611-2506,대전광역시 유성구청,2025-07-16
장대동212,1,대전광역시 유성구 유성대로736번길 63,대전광역시 유성구 장대동 281-4,36.35873186,127.337099,2020,한전주,042-611-2506,대전광역시 유성구청,2025-07-16
장대동213,1,대전광역시 유성구 유성대로736번길 63,대전광역시 유성구 장대동 281-4,36.35873186,127.337099,2020,한전주,042-611-2506,대전광역시 유성구청,2025-07-16
장대동214,1,대전광역시 유성구 장대로 42,대전광역시 유성구 장대동 281-11,36.35874175,127.3364672,2020,한전주,042-611-2506,대전광역시 유성구청,2025-07-16
장대동215,1,대전광역시 유성구 장대로 40,대전광역시 유성구 장대동 283-1,36.35850383,127.3365007,2020,한전주,042-611-2506,대전광역시 유성구청,2025-07-16
장대동216,1,대전광역시 유성구 문화원로6번길 102,대전광역시 유성구 장대동 284-5,36.35761542,127.3378207,2020,한전주,042-611-2506,대전광역시 유성구청,2025-07-16
장대동217,1,대전광역시 유성구 유성대로730번길 82,대전광역시 유성구 장대동 284-3,36.35773506,127.3372321,2020,한전주,042-611-2506,대전광역시 유성구청,2025-07-16
장대동218,1,대전광역시 유성구 문화원로6번길 103,대전광역시 유성구 장대동 286-14,36.3574774,127.3380965,2020,한전주,042-611-2506,대전광역시 유성구청,2025-07-16
장대동219,1,대전광역시 유성구 유성대로720번길 101,대전광역시 유성구 장대동 284-8,36.35748852,127.3376047,2020,한전주,042-611-2506,대전광역시 유성구청,2025-07-16
장대동220,1,대전광역시 유성구 유성대로720번길 93,대전광역시 유성구 장대동 284-10,36.35746741,127.3372279,2020,한전주,042-611-2506,대전광역시 유성구청,2025-07-16
장대동221,1,대전광역시 유성구 유성대로718번길 67,대전광역시 유성구 장대동 11-63,36.35689772,127.3355531,2020,한전주,042-611-2506,대전광역시 유성구청,2025-07-16
장대동222,1,대전광역시 유성구 유성대로718번길 67-1,대전광역시 유성구 장대동 11-23,36.3570751,127.3355769,2020,한전주,042-611-2506,대전광역시 유성구청,2025-07-16
장대동223,1,대전광역시 유성구 유성대로718번길 67-1,대전광역시 유성구 장대동 11-23,36.35705941,127.3355769,2020,건축물,042-611-2506,대전광역시 유성구청,2025-07-16
장대동224,1,대전광역시 유성구 유성대로718번길 55,대전광역시 유성구 장대동 194-6,36.3569755,127.3347162,2020,건축물,042-611-2506,대전광역시 유성구청,2025-07-16
장대동225,1,대전광역시 유성구 유성대로718번길 45,대전광역시 유성구 장대동 194-12,36.35707208,127.3342732,2020,한전주,042-611-2506,대전광역시 유성구청,2025-07-16
장대동226,1,대전광역시 유성구 유성대로720번길 28-3,대전광역시 유성구 장대동 194-22,36.35715638,127.3335159,2020,한전주,042-611-2506,대전광역시 유성구청,2025-07-16
장대동227,1,,대전광역시 유성구 장대동 200-2,36.35727869,127.3326114,2020,전용주,042-611-2506,대전광역시 유성구청,2025-07-16
장대동228,1,대전광역시 유성구 유성대로720번길 13-3,대전광역시 유성구 장대동 203-6,36.35777007,127.3329086,2020,한전주,042-611-2506,대전광역시 유성구청,2025-07-16
장대동229,1,대전광역시 유성구 유성대로720번길 27-5,대전광역시 유성구 장대동 202-1,36.35759719,127.3333073,2020,한전주,042-611-2506,대전광역시 유성구청,2025-07-16
장대동230,1,대전광역시 유성구 유성대로730번길 7,대전광역시 유성구 장대동 275-11,36.35820542,127.3332334,2020,건축물,042-611-2506,대전광역시 유성구청,2025-07-16
장대동231,1,대전광역시 유성구 장대로 53,대전광역시 유성구 장대동 272-4,36.35973514,127.3359446,2020,한전주,042-611-2506,대전광역시 유성구청,2025-07-16
장대동232,1,대전광역시 유성구 유성대로740번길 43,대전광역시 유성구 장대동 272-6,36.3595986,127.335661,2020,한전주,042-611-2506,대전광역시 유성구청,2025-07-16
장대동233,1,대전광역시 유성구 유성대로758번길 9,대전광역시 유성구 장대동 272-7,36.3597726,127.3355052,2020,한전주,042-611-2506,대전광역시 유성구청,2025-07-16
장대동234,1,대전광역시 유성구 유성대로740번길 38,대전광역시 유성구 장대동 279-1,36.3593921,127.3354481,2020,한전주,042-611-2506,대전광역시 유성구청,2025-07-16
장대동235,1,대전광역시 유성구 유성대로740번길 36,대전광역시 유성구 장대동 279-6,36.35923692,127.3352254,2020,한전주,042-611-2506,대전광역시 유성구청,2025-07-16
장대동236,1,대전광역시 유성구 유성대로740번길 27,대전광역시 유성구 장대동 274-7,36.3593355,127.3348409,2020,한전주,042-611-2506,대전광역시 유성구청,2025-07-16
장대동237,1,대전광역시 유성구 유성대로752번길 2,대전광역시 유성구 장대동 274-1,36.35951558,127.3346414,2020,건축물,042-611-2506,대전광역시 유성구청,2025-07-16
장대동238,1,대전광역시 유성구 유성대로740번길 26,대전광역시 유성구 장대동 278-13,36.35910646,127.3349263,2020,한전주,042-611-2506,대전광역시 유성구청,2025-07-16
장대동239,1,대전광역시 유성구 유성대로740번길 26,대전광역시 유성구 장대동 278-13,36.35910646,127.3349263,2020,한전주,042-611-2506,대전광역시 유성구청,2025-07-16
장대동240,1,대전광역시 유성구 유성대로740번길 21,대전광역시 유성구 장대동 274-3,36.35931967,127.3345435,2020,한전주,042-611-2506,대전광역시 유성구청,2025-07-16
장대동241,1,대전광역시 유성구 유성대로740번길 14,대전광역시 유성구 장대동 278-9,36.35888955,127.3342145,2020,한전주,042-611-2506,대전광역시 유성구청,2025-07-16
장대동242,1,대전광역시 유성구 유성대로 738,대전광역시 유성구 장대동 275-1,36.3587629,127.3335394,2020,전용주,042-611-2506,대전광역시 유성구청,2025-07-16
장대동243,1,대전광역시 유성구 유성대로730번길 17-15,대전광역시 유성구 장대동 275-2,36.35862775,127.3335434,2020,한전주,042-611-2506,대전광역시 유성구청,2025-07-16
장대동244,1,대전광역시 유성구 유성대로736번길 4,대전광역시 유성구 장대동 277-2,36.35840684,127.3338439,2020,한전주,042-611-2506,대전광역시 유성구청,2025-07-16
장대동245,1,대전광역시 유성구 유성대로736번길 19,대전광역시 유성구 장대동 278-2,36.35876413,127.3347231,2020,한전주,042-611-2506,대전광역시 유성구청,2025-07-16
장대동246,1,대전광역시 유성구 유성대로736번길 19,대전광역시 유성구 장대동 278-2,36.35876413,127.3347231,2020,한전주,042-611-2506,대전광역시 유성구청,2025-07-16
장대동247,1,대전광역시 유성구 유성대로736번길 19,대전광역시 유성구 장대동 278-2,36.3587937,127.3347231,2020,한전주,042-611-2506,대전광역시 유성구청,2025-07-16
장대동248,1,대전광역시 유성구 유성대로752번길 17,대전광역시 유성구 장대동 279-9,36.35898144,127.3351934,2020,전용주,042-611-2506,대전광역시 유성구청,2025-07-16
장대동249,1,대전광역시 유성구 유성대로736번길 32,대전광역시 유성구 장대동 282-1,36.35850649,127.3352659,2020,한전주,042-611-2506,대전광역시 유성구청,2025-07-16
장대동250,1,대전광역시 유성구 유성대로758번길 28,대전광역시 유성구 장대동 279-4,36.35892146,127.3355624,2020,한전주,042-611-2506,대전광역시 유성구청,2025-07-16
장대동251,1,대전광역시 유성구 유성대로758번길 28,대전광역시 유성구 장대동 279-4,36.35892146,127.3355624,2020,한전주,042-611-2506,대전광역시 유성구청,2025-07-16
장대동252,1,대전광역시 유성구 유성대로758번길 26,대전광역시 유성구 장대동 279-3,36.35902731,127.3355761,2020,한전주,042-611-2506,대전광역시 유성구청,2025-07-16
장대동253,1,대전광역시 유성구 유성대로736번길 40,대전광역시 유성구 장대동 282-4,36.35850486,127.3358487,2020,건축물,042-611-2506,대전광역시 유성구청,2025-07-16
장대동254,1,대전광역시 유성구 장대로 33-1,대전광역시 유성구 장대동 282-9,36.35810691,127.3362602,2020,한전주,042-611-2506,대전광역시 유성구청,2025-07-16
장대동255,1,대전광역시 유성구 유성대로730번길 56,대전광역시 유성구 장대동 14-5,36.35771571,127.3358756,2020,한전주,042-611-2506,대전광역시 유성구청,2025-07-16
장대동256,1,대전광역시 유성구 유성대로720번길 67,대전광역시 유성구 장대동 12-19,36.35746694,127.3356999607,2020,한전주,042-611-2506,대전광역시 유성구청,2025-07-16
장대동257,1,대전광역시 유성구 유성대로730번길 51,대전광역시 유성구 장대동 282-15,36.3581193,127.3354664,2020,한전주,042-611-2506,대전광역시 유성구청,2025-07-16
장대동258,1,대전광역시 유성구 유성대로730번길 51,대전광역시 유성구 장대동 282-15,36.3581193,127.3354123,2020,한전주,042-611-2506,대전광역시 유성구청,2025-07-16
장대동259,1,대전광역시 유성구 유성대로752번길 33,대전광역시 유성구 장대동 282-16,36.35837238,127.3352093,2020,한전주,042-611-2506,대전광역시 유성구청,2025-07-16
장대동260,1,대전광역시 유성구 유성대로730번길 51,대전광역시 유성구 장대동 282-15,36.3581193,127.3354123,2020,건축물,042-611-2506,대전광역시 유성구청,2025-07-16
장대동261,1,대전광역시 유성구 유성대로730번길 35,대전광역시 유성구 장대동 277-10,36.35801277,127.3344816,2020,한전주,042-611-2506,대전광역시 유성구청,2025-07-16
장대동262,1,대전광역시 유성구 유성대로730번길 34,대전광역시 유성구 장대동 191-4,36.35766325,127.3344667,2020,전용주,042-611-2506,대전광역시 유성구청,2025-07-16
장대동263,1,대전광역시 유성구 유성대로730번길 25,대전광역시 유성구 장대동 277-16,36.35797119,127.3340456,2020,한전주,042-611-2506,대전광역시 유성구청,2025-07-16
장대동264,1,대전광역시 유성구 유성대로730번길 23,대전광역시 유성구 장대동 277-18,36.35799579,127.3339177,2020,전용주,042-611-2506,대전광역시 유성구청,2025-07-16
장대동265,1,대전광역시 유성구 유성대로730번길 17-11,대전광역시 유성구 장대동 275-4,36.35839906,127.3334979,2020,전용주,042-611-2506,대전광역시 유성구청,2025-07-16
장대동266,1,대전광역시 유성구 유성대로730번길 6,대전광역시 유성구 장대동 276-3,36.35816456,127.3329877,2020,한전주,042-611-2506,대전광역시 유성구청,2025-07-16
장대동267,1,대전광역시 유성구 유성대로730번길 6,대전광역시 유성구 장대동 276-3,36.35816456,127.3329877,2020,건축물,042-611-2506,대전광역시 유성구청,2025-07-16
장대동268,1,대전광역시 유성구 유성대로730번길 30,대전광역시 유성구 장대동 191-10,36.35759676,127.334172,2020,전용주,042-611-2506,대전광역시 유성구청,2025-07-16
장대동269,1,대전광역시 유성구 유성대로730번길 34,대전광역시 유성구 장대동 191-4,36.35766325,127.3344667,2020,한전주,042-611-2506,대전광역시 유성구청,2025-07-16
장대동270,1,대전광역시 유성구 유성대로730번길 40,대전광역시 유성구 장대동 191-45,36.3578132,127.3348565,2020,건축물,042-611-2506,대전광역시 유성구청,2025-07-16
장대동271,1,대전광역시 유성구 현충원로455번길 13,대전광역시 유성구 구암동 424-78,36.36012903,127.321339,2020,한전주,042-611-2506,대전광역시 유성구청,2025-07-16
장대동272,1,대전광역시 유성구 현충원로455번길 20-1,대전광역시 유성구 장대동 236-21,36.36053603,127.3216613,2020,한전주,042-611-2506,대전광역시 유성구청,2025-07-16
장대동273,1,대전광역시 유성구 현충원로455번길 20-1,대전광역시 유성구 장대동 236-21,36.36053603,127.3216613,2020,한전주,042-611-2506,대전광역시 유성구청,2025-07-16
장대동274,1,대전광역시 유성구 현충원로443번길 37,대전광역시 유성구 장대동 236-50,36.36128808,127.3202779,2020,한전주,042-611-2506,대전광역시 유성구청,2025-07-16
장대동275,1,대전광역시 유성구 현충원로443번길 39,대전광역시 유성구 장대동 236-51,36.36135315,127.320411,2020,한전주,042-611-2506,대전광역시 유성구청,2025-07-16
장대동276,1,대전광역시 유성구 현충원로447번길 34,대전광역시 유성구 장대동 236-48,36.36108877,127.3208293,2020,전용주,042-611-2506,대전광역시 유성구청,2025-07-16
장대동277,1,대전광역시 유성구 현충원로455번길 33,대전광역시 유성구 장대동 236-57,36.36103708,127.3209907,2020,한전주,042-611-2506,대전광역시 유성구청,2025-07-16
장대동278,1,대전광역시 유성구 노은로18번길 38,대전광역시 유성구 장대동 236-41,36.36123626,127.3201468,2020,한전주,042-611-2506,대전광역시 유성구청,2025-07-16
장대동279,1,대전광역시 유성구 현충원로443번길 47,대전광역시 유성구 장대동 236-46,36.36151772,127.3208089,2020,한전주,042-611-2506,대전광역시 유성구청,2025-07-16
장대동280,1,대전광역시 유성구 호남지선고속도로 43,대전광역시 유성구 장대동 240-42,36.36428082,127.3285653,2020,한전주,042-611-2506,대전광역시 유성구청,2025-07-16
장대동281,1,,대전광역시 유성구 장대동 255,36.36557157,127.330539,2020,한전주,042-611-2506,대전광역시 유성구청,2025-07-16
장대동282,1,대전광역시 유성구 유성대로720번길 57-10,대전광역시 유성구 장대동 191-38,36.35761437,127.3353493,2020,전용주,042-611-2506,대전광역시 유성구청,2025-07-16
장대동283,1,대전광역시 유성구 유성대로736번길 9,대전광역시 유성구 장대동 278-10,36.35870538,127.334109,2020,건축물,042-611-2506,대전광역시 유성구청,2025-07-16
장대동284,1,대전광역시 유성구 유성대로736번길 16-1,대전광역시 유성구 장대동 277-29,36.35827932,127.3345522,2020,한전주,042-611-2506,대전광역시 유성구청,2025-07-16
장대동285,1,대전광역시 유성구 온천서로 55,대전광역시 유성구 장대동 365-3,36.35909246,127.3391849,2020,건축물,042-611-2506,대전광역시 유성구청,2025-07-16
장대동288,1,대전광역시 유성구 현충원로447번길 40,대전광역시 유성구 장대동 236-44,36.36138086,127.3208659,2020,전용주,042-611-2506,대전광역시 유성구청,2025-07-16
장대동289,1,대전광역시 유성구 유성대로730번길 29,대전광역시 유성구 장대동 277-12,36.35797378,127.3343438,2020,,042-611-2506,대전광역시 유성구청,2025-07-16
장대동290,1,대전광역시 유성구 유성대로730번길 21,대전광역시 유성구 장대동 277-19,36.35799489,127.3338188,2020,,042-611-2506,대전광역시 유성구청,2025-07-16
장대동291,1,대전광역시 유성구 유성대로730번길 37,대전광역시 유성구 장대동 277-9,36.35807004,127.3346936,2020,,042-611-2506,대전광역시 유성구청,2025-07-16
장대동292,1,대전광역시 유성구 유성대로730번길 51,대전광역시 유성구 장대동 282-15,36.3581193,127.3354123,2020,,042-611-2506,대전광역시 유성구청,2025-07-16
장대동293,1,대전광역시 유성구 장대로80번길 14,대전광역시 유성구 장대동 328-8,36.36226202,127.3355636,2020,,042-611-2506,대전광역시 유성구청,2025-07-16
장대동294,1,대전광역시 유성구 문화원로6번길 85,대전광역시 유성구 장대동 369-18,36.35830856,127.3379349,2020,,042-611-2506,대전광역시 유성구청,2025-07-16
장대동295,1,대전광역시 유성구 유성대로719번길 46,대전광역시 유성구 장대동 262-2,36.36002964,127.3312975,2020,,042-611-2506,대전광역시 유성구청,2025-07-16
장대동296,1,대전광역시 유성구 월드컵대로51번길 53-20,대전광역시 유성구 장대동 229-20,36.36245933,127.3302125,2020,한전주,042-611-2506,대전광역시 유성구청,2025-07-16
장대동297,1,대전광역시 유성구 유성대로736번길 79,대전광역시 유성구 장대동 368-15,36.35872705,127.3380669,2020,건축물,042-611-2506,대전광역시 유성구청,2025-07-16
장대동300,1,대전광역시 유성구 유성대로736번길 68,대전광역시 유성구 장대동 283-5,36.35848435,127.3375921,2020,한전주,042-611-2506,대전광역시 유성구청,2025-07-16
장대동301,1,,대전광역시 유성구 장대동 236-56,36.35960748,127.3218247,2020,한전주,042-611-2506,대전광역시 유성구청,2025-07-16
장대동302,1,대전광역시 유성구 현충원로485번길 77,대전광역시 유성구 장대동 236-55,36.36190213,127.3223936,2020,한전주,042-611-2506,대전광역시 유성구청,2025-07-16
장대동304,1,대전광역시 유성구 문화원로6번길 87-14,대전광역시 유성구 장대동 370-5,36.35813473,127.3385689,2020,건축물,042-611-2506,대전광역시 유성구청,2025-07-16
장대동305,1,대전광역시 유성구 장대로 80,대전광역시 유성구 장대동 329-9,36.36207353,127.3350078,2020,건축물,042-611-2506,대전광역시 유성구청,2025-07-16
장대동306,1,대전광역시 유성구 유성대로730번길 106,대전광역시 유성구 장대동 286-4,36.35768302,127.3385196,2020,한전주,042-611-2506,대전광역시 유성구청,2025-07-16
장대동307,1,대전광역시 유성구 문화원로6번길 37,대전광역시 유성구 장대동 356-11,36.36033545,127.3368923,2020,건축물,042-611-2506,대전광역시 유성구청,2025-07-16
장대동308,1,대전광역시 유성구 문화원로19번길 26-11,대전광역시 유성구 장대동 347-8,36.36211705,127.339826,2020,건축물,042-611-2506,대전광역시 유성구청,2025-07-16
전민동001,1,대전광역시 유성구 엑스포로 573-13,대전광역시 유성구 전민동 산 5-1,36.40689294,127.4011375,2020,한전주,042-611-2506,대전광역시 유성구청,2025-07-16
전민동002,1,대전광역시 유성구 엑스포로 573-13,대전광역시 유성구 전민동 산 5-1,36.40689294,127.4011375,2020,한전주,042-611-2506,대전광역시 유성구청,2025-07-16
전민동003,1,대전광역시 유성구 엑스포로 573-13,대전광역시 유성구 전민동 산 5-1,36.40689294,127.4011375,2020,한전주,042-611-2506,대전광역시 유성구청,2025-07-16
전민동004,1,대전광역시 유성구 엑스포로 573-13,대전광역시 유성구 전민동 산 5-1,36.40689294,127.4011375,2020,한전주,042-611-2506,대전광역시 유성구청,2025-07-16
전민동005,1,대전광역시 유성구 엑스포로 573-11,대전광역시 유성구 전민동 447-7,36.40669008,127.4010052,2020,한전주,042-611-2506,대전광역시 유성구청,2025-07-16
전민동006,1,대전광역시 유성구 엑스포로 573-11,대전광역시 유성구 전민동 447-7,36.40669008,127.4010052,2020,한전주,042-611-2506,대전광역시 유성구청,2025-07-16
전민동007,1,,대전광역시 유성구 전민동 430-3,36.4049979,127.4050717,2020,한전주,042-611-2506,대전광역시 유성구청,2025-07-16
전민동008,1,,대전광역시 유성구 전민동 430-3,36.4048089,127.4051177,2020,한전주,042-611-2506,대전광역시 유성구청,2025-07-16
전민동009,1,대전광역시 유성구 엑스포로539번길 24-11,대전광역시 유성구 전민동 374,36.4048771,127.402953,2020,한전주,042-611-2506,대전광역시 유성구청,2025-07-16
전민동010,1,대전광역시 유성구 엑스포로540번길 3,대전광역시 유성구 전민동 379-1,36.40499567,127.4050754,2020,한전주,042-611-2506,대전광역시 유성구청,2025-07-16
전민동011,1,대전광역시 유성구 엑스포로540번길 1,대전광역시 유성구 전민동 379,36.40491004,127.405267,2020,한전주,042-611-2506,대전광역시 유성구청,2025-07-16
전민동012,1,대전광역시 유성구 엑스포로540번길 23,대전광역시 유성구 전민동 382-3,36.4046777,127.406095,2020,한전주,042-611-2506,대전광역시 유성구청,2025-07-16
전민동013,1,대전광역시 유성구 엑스포로538번길 13,대전광역시 유성구 전민동 353,36.40415097,127.405751,2020,한전주,042-611-2506,대전광역시 유성구청,2025-07-16
전민동014,1,대전광역시 유성구 엑스포로538번길 15-17,대전광역시 유성구 전민동 352-1,36.4043323,127.4065419,2020,한전주,042-611-2506,대전광역시 유성구청,2025-07-16
전민동015,1,대전광역시 유성구 엑스포로540번길 41,대전광역시 유성구 전민동 383-3,36.4052507,127.4069763,2020,한전주,042-611-2506,대전광역시 유성구청,2025-07-16
전민동016,1,대전광역시 유성구 엑스포로540번길 41,대전광역시 유성구 전민동 383-3,36.40520063,127.406958,2020,한전주,042-611-2506,대전광역시 유성구청,2025-07-16
전민동017,1,대전광역시 유성구 엑스포로540번길 41,대전광역시 유성구 전민동 383-3,36.40520063,127.406958,2020,한전주,042-611-2506,대전광역시 유성구청,2025-07-16
전민동018,1,대전광역시 유성구 엑스포로540번길 41,대전광역시 유성구 전민동 383-3,36.40520063,127.406958,2020,한전주,042-611-2506,대전광역시 유성구청,2025-07-16
전민동019,1,대전광역시 유성구 엑스포로538번길 11,대전광역시 유성구 전민동 355-4,36.40412333,127.4053727,2020,한전주,042-611-2506,대전광역시 유성구청,2025-07-16
전민동020,1,대전광역시 유성구 엑스포로538번길 1,대전광역시 유성구 전민동 356-1,36.40435223,127.4050523,2020,한전주,042-611-2506,대전광역시 유성구청,2025-07-16
전민동021,1,대전광역시 유성구 엑스포로538번길 17,대전광역시 유성구 전민동 342-1,36.40398335,127.4057794,2020,건축물,042-611-2506,대전광역시 유성구청,2025-07-16
전민동022,1,대전광역시 유성구 엑스포로538번길 21,대전광역시 유성구 전민동 342-5,36.40390468,127.4060967,2020,한전주,042-611-2506,대전광역시 유성구청,2025-07-16
전민동023,1,대전광역시 유성구 엑스포로 448,대전광역시 유성구 전민동 464-1,36.40020516,127.4073536,2020,한전주,042-611-2506,대전광역시 유성구청,2025-07-16
전민동024,1,대전광역시 유성구 엑스포로 448,대전광역시 유성구 전민동 464-1,36.40020516,127.4073536,2020,한전주,042-611-2506,대전광역시 유성구청,2025-07-16
전민동025,1,대전광역시 유성구 엑스포로 448,대전광역시 유성구 전민동 464-1,36.40020516,127.4073536,2020,한전주,042-611-2506,대전광역시 유성구청,2025-07-16
전민동026,1,대전광역시 유성구 엑스포로 448,대전광역시 유성구 전민동 464-1,36.40020516,127.4073536,2020,한전주,042-611-2506,대전광역시 유성구청,2025-07-16
전민동027,1,대전광역시 유성구 엑스포로 448,대전광역시 유성구 전민동 464-1,36.40020516,127.4073536,2020,한전주,042-611-2506,대전광역시 유성구청,2025-07-16
전민동028,1,대전광역시 유성구 엑스포로 448,대전광역시 유성구 전민동 464-1,36.40020516,127.4073536,2020,한전주,042-611-2506,대전광역시 유성구청,2025-07-16
전민동029,1,대전광역시 유성구 엑스포로 448,대전광역시 유성구 전민동 464-1,36.40020516,127.4073536,2020,건축물,042-611-2506,대전광역시 유성구청,2025-07-16
전민동030,1,대전광역시 유성구 엑스포로538번길 11,대전광역시 유성구 전민동 355-4,36.40412333,127.4053727,2020,한전주,042-611-2506,대전광역시 유성구청,2025-07-16
전민동031,1,대전광역시 유성구 엑스포로538번길 13,대전광역시 유성구 전민동 353,36.40415097,127.405751,2020,한전주,042-611-2506,대전광역시 유성구청,2025-07-16
전민동032,1,대전광역시 유성구 유성대로 1724,대전광역시 유성구 전민동 303-2,36.3994351,127.4006748,2020,한전주,042-611-2506,대전광역시 유성구청,2025-07-16
전민동033,1,대전광역시 유성구 전민로70번길 5,대전광역시 유성구 전민동 303-12,36.3990396,127.4006678,2020,한전주,042-611-2506,대전광역시 유성구청,2025-07-16
전민동034,1,대전광역시 유성구 전민로70번길 6,대전광역시 유성구 전민동 348-2,36.39881338,127.4006686,2020,한전주,042-611-2506,대전광역시 유성구청,2025-07-16
전민동035,1,대전광역시 유성구 전민로38번길 33,대전광역시 유성구 전민동 348-7,36.39826369,127.4006702,2020,한전주,042-611-2506,대전광역시 유성구청,2025-07-16
전민동036,1,대전광역시 유성구 전민로58번길 6,대전광역시 유성구 전민동 360-2,36.39776768,127.4006727,2020,한전주,042-611-2506,대전광역시 유성구청,2025-07-16
전민동037,1,대전광역시 유성구 전민로38번길 19,대전광역시 유성구 전민동 360-3,36.39763761,127.4006772,2020,한전주,042-611-2506,대전광역시 유성구청,2025-07-16
전민동038,1,대전광역시 유성구 전민로38번길 13,대전광역시 유성구 전민동 360-5,36.39741972,127.4006751,2020,한전주,042-611-2506,대전광역시 유성구청,2025-07-16
전민동039,1,대전광역시 유성구 전민로38번길 7,대전광역시 유성구 전민동 360-8,36.39709632,127.4006664,2020,한전주,042-611-2506,대전광역시 유성구청,2025-07-16
전민동040,1,대전광역시 유성구 전민로38번길 2,대전광역시 유성구 전민동 361-11,36.39689445,127.4009364,2020,한전주,042-611-2506,대전광역시 유성구청,2025-07-16
전민동041,1,대전광역시 유성구 전민로 34,대전광역시 유성구 전민동 458-18,36.39652379,127.4013964,2020,한전주,042-611-2506,대전광역시 유성구청,2025-07-16
전민동042,1,대전광역시 유성구 전민로46번길 15,대전광역시 유성구 전민동 361-10,36.39689035,127.4011131,2020,한전주,042-611-2506,대전광역시 유성구청,2025-07-16
전민동043,1,대전광역시 유성구 전민로34번길 14,대전광역시 유성구 전민동 363-12,36.39700248,127.4014035,2020,한전주,042-611-2506,대전광역시 유성구청,2025-07-16
전민동044,1,대전광역시 유성구 전민로34번길 18,대전광역시 유성구 전민동 363-14,36.39724988,127.4013913,2020,한전주,042-611-2506,대전광역시 유성구청,2025-07-16
전민동045,1,대전광역시 유성구 전민로34번길 30,대전광역시 유성구 전민동 363-1,36.39775715,127.4013995,2020,한전주,042-611-2506,대전광역시 유성구청,2025-07-16
전민동046,1,대전광역시 유성구 전민로34번길 30,대전광역시 유성구 전민동 363-1,36.39775715,127.4013911,2020,한전주,042-611-2506,대전광역시 유성구청,2025-07-16
전민동047,1,대전광역시 유성구 전민로58번길 21,대전광역시 유성구 전민동 339-11,36.39793679,127.4014047,2020,한전주,042-611-2506,대전광역시 유성구청,2025-07-16
전민동048,1,대전광역시 유성구 전민로34번길 42,대전광역시 유성구 전민동 339-14,36.39826283,127.401406,2020,한전주,042-611-2506,대전광역시 유성구청,2025-07-16
전민동049,1,대전광역시 유성구 전민로70번길 14,대전광역시 유성구 전민동 346-2,36.3988014,127.4011285,2020,한전주,042-611-2506,대전광역시 유성구청,2025-07-16
전민동050,1,대전광역시 유성구 전민로34번길 62,대전광역시 유성구 전민동 305-1,36.3991707,127.4013708,2020,한전주,042-611-2506,대전광역시 유성구청,2025-07-16
전민동051,1,대전광역시 유성구 전민로34번길 63,대전광역시 유성구 전민동 303-6,36.3993218,127.4011097,2020,한전주,042-611-2506,대전광역시 유성구청,2025-07-16
전민동052,1,대전광역시 유성구 전민로6번길 105,대전광역시 유성구 전민동 305-3,36.3991644,127.4016635,2020,한전주,042-611-2506,대전광역시 유성구청,2025-07-16
전민동053,1,대전광역시 유성구 전민로6번길 93,대전광역시 유성구 전민동 305-7,36.39916453,127.4022109,2020,한전주,042-611-2506,대전광역시 유성구청,2025-07-16
전민동054,1,대전광역시 유성구 전민로22번길 61,대전광역시 유성구 전민동 305-9,36.39917218,127.4025088,2020,한전주,042-611-2506,대전광역시 유성구청,2025-07-16
전민동055,1,대전광역시 유성구 전민로22번길 62,대전광역시 유성구 전민동 306-1,36.39916156,127.4027457,2020,한전주,042-611-2506,대전광역시 유성구청,2025-07-16
전민동056,1,대전광역시 유성구 전민로70번길 38,대전광역시 유성구 전민동 337-2,36.39880409,127.4024974,2020,한전주,042-611-2506,대전광역시 유성구청,2025-07-16
전민동057,1,대전광역시 유성구 전민로70번길 31,대전광역시 유성구 전민동 305-13,36.39899518,127.4020829,2020,한전주,042-611-2506,대전광역시 유성구청,2025-07-16
전민동058,1,대전광역시 유성구 전민로70번길 22,대전광역시 유성구 전민동 339-2,36.39881949,127.4015803,2020,한전주,042-611-2506,대전광역시 유성구청,2025-07-16
전민동059,1,대전광역시 유성구 전민로30번길 43,대전광역시 유성구 전민동 339-3,36.39868995,127.4016027,2020,한전주,042-611-2506,대전광역시 유성구청,2025-07-16
전민동060,1,대전광역시 유성구 전민로30번길 33,대전광역시 유성구 전민동 339-7,36.39827747,127.4015852,2020,한전주,042-611-2506,대전광역시 유성구청,2025-07-16
전민동061,1,대전광역시 유성구 전민로30번길 25,대전광역시 유성구 전민동 339-10,36.39794624,127.4015765,2020,한전주,042-611-2506,대전광역시 유성구청,2025-07-16
전민동062,1,대전광역시 유성구 전민로30번길 19,대전광역시 유성구 전민동 363-3,36.39764337,127.4015773,2020,한전주,042-611-2506,대전광역시 유성구청,2025-07-16
전민동063,1,대전광역시 유성구 전민로30번길 11,대전광역시 유성구 전민동 363-6,36.39732441,127.4015784,2020,한전주,042-611-2506,대전광역시 유성구청,2025-07-16
전민동064,1,대전광역시 유성구 전민로30번길 5,대전광역시 유성구 전민동 363-9,36.39700506,127.4015717,2020,한전주,042-611-2506,대전광역시 유성구청,2025-07-16
전민동065,1,대전광역시 유성구 전민로46번길 21,대전광역시 유성구 전민동 363-10,36.39687905,127.4015771,2020,한전주,042-611-2506,대전광역시 유성구청,2025-07-16
전민동066,1,대전광역시 유성구 전민로46번길 36,대전광역시 유성구 전민동 458-7,36.39668461,127.4022116,2020,한전주,042-611-2506,대전광역시 유성구청,2025-07-16
전민동067,1,대전광역시 유성구 전민로26번길 7,대전광역시 유성구 전민동 364-8,36.39710336,127.4020366,2020,한전주,042-611-2506,대전광역시 유성구청,2025-07-16
전민동068,1,대전광역시 유성구 전민로26번길 13,대전광역시 유성구 전민동 364-5,36.39741663,127.402035,2020,한전주,042-611-2506,대전광역시 유성구청,2025-07-16
전민동069,1,대전광역시 유성구 전민로26번길 19,대전광역시 유성구 전민동 364-3,36.39764753,127.4020429,2020,한전주,042-611-2506,대전광역시 유성구청,2025-07-16
전민동070,1,대전광역시 유성구 전민로26번길 27,대전광역시 유성구 전민동 338-9,36.39803175,127.4020292,2020,한전주,042-611-2506,대전광역시 유성구청,2025-07-16
전민동071,1,대전광역시 유성구 전민로26번길 33,대전광역시 유성구 전민동 338-7,36.3982446,127.4020303,2020,한전주,042-611-2506,대전광역시 유성구청,2025-07-16
전민동072,1,대전광역시 유성구 전민로26번길 41,대전광역시 유성구 전민동 338-3,36.39868359,127.4020484,2020,한전주,042-611-2506,대전광역시 유성구청,2025-07-16
전민동073,1,대전광역시 유성구 전민로22번길 52,대전광역시 유성구 전민동 336-18,36.39868999,127.4027698,2020,한전주,042-611-2506,대전광역시 유성구청,2025-07-16
전민동074,1,대전광역시 유성구 전민로22번길 40,대전광역시 유성구 전민동 336-13,36.39821912,127.4027755,2020,한전주,042-611-2506,대전광역시 유성구청,2025-07-16
전민동075,1,대전광역시 유성구 전민로58번길 45,대전광역시 유성구 전민동 336-11,36.39793865,127.4027789,2020,한전주,042-611-2506,대전광역시 유성구청,2025-07-16
전민동076,1,대전광역시 유성구 전민로58번길 38,대전광역시 유성구 전민동 365-2,36.39775234,127.4024707,2020,한전주,042-611-2506,대전광역시 유성구청,2025-07-16
전민동077,1,대전광역시 유성구 전민로22번길 28,대전광역시 유성구 전민동 368-18,36.39762513,127.4027815,2020,한전주,042-611-2506,대전광역시 유성구청,2025-07-16
전민동078,1,대전광역시 유성구 전민로22번길 20,대전광역시 유성구 전민동 368-14,36.39720287,127.4027723,2020,한전주,042-611-2506,대전광역시 유성구청,2025-07-16
전민동079,1,대전광역시 유성구 전민로46번길 45,대전광역시 유성구 전민동 368-11,36.3968816,127.4027759,2020,한전주,042-611-2506,대전광역시 유성구청,2025-07-16
전민동080,1,대전광역시 유성구 전민로46번길 47,대전광역시 유성구 전민동 368-10,36.39688161,127.4029643,2020,한전주,042-611-2506,대전광역시 유성구청,2025-07-16
전민동081,1,대전광역시 유성구 전민로18번길 5,대전광역시 유성구 전민동 368-9,36.39700347,127.4029507,2020,한전주,042-611-2506,대전광역시 유성구청,2025-07-16
전민동082,1,대전광역시 유성구 전민로18번길 13,대전광역시 유성구 전민동 368-5,36.39741569,127.4029706,2020,한전주,042-611-2506,대전광역시 유성구청,2025-07-16
전민동083,1,대전광역시 유성구 전민로18번길 21,대전광역시 유성구 전민동 368-2,36.39774881,127.4029681,2020,한전주,042-611-2506,대전광역시 유성구청,2025-07-16
전민동084,1,대전광역시 유성구 전민로18번길 26,대전광역시 유성구 전민동 332-11,36.39796276,127.4032205,2020,한전주,042-611-2506,대전광역시 유성구청,2025-07-16
전민동085,1,대전광역시 유성구 전민로18번길 34,대전광역시 유성구 전민동 332-13,36.39825905,127.4032233,2020,한전주,042-611-2506,대전광역시 유성구청,2025-07-16
전민동086,1,대전광역시 유성구 전민로18번길 41,대전광역시 유성구 전민동 336-3,36.39869075,127.4029703,2020,한전주,042-611-2506,대전광역시 유성구청,2025-07-16
전민동087,1,대전광역시 유성구 전민로70번길 49,대전광역시 유성구 전민동 306-18,36.3989957,127.4030002,2020,한전주,042-611-2506,대전광역시 유성구청,2025-07-16
전민동088,1,대전광역시 유성구 전민로14번길 45,대전광역시 유성구 전민동 332-2,36.39880384,127.4034012,2020,한전주,042-611-2506,대전광역시 유성구청,2025-07-16
전민동089,1,대전광역시 유성구 전민로14번길 43,대전광역시 유성구 전민동 332-3,36.3986821,127.4033989,2020,한전주,042-611-2506,대전광역시 유성구청,2025-07-16
전민동090,1,대전광역시 유성구 전민로14번길 31,대전광역시 유성구 전민동 332-8,36.39814723,127.4034075,2020,한전주,042-611-2506,대전광역시 유성구청,2025-07-16
전민동091,1,대전광역시 유성구 전민로18번길 22,대전광역시 유성구 전민동 369-1,36.39774465,127.4032001,2020,한전주,042-611-2506,대전광역시 유성구청,2025-07-16
전민동092,1,대전광역시 유성구 전민로14번길 12,대전광역시 유성구 전민동 370-15,36.39731525,127.4036532,2020,한전주,042-611-2506,대전광역시 유성구청,2025-07-16
전민동093,1,대전광역시 유성구 전민로46번길 55,대전광역시 유성구 전민동 369-2,36.39695763,127.4033162,2020,한전주,042-611-2506,대전광역시 유성구청,2025-07-16
전민동094,1,대전광역시 유성구 전민로46번길 55,대전광역시 유성구 전민동 369-2,36.39695763,127.4033162,2020,한전주,042-611-2506,대전광역시 유성구청,2025-07-16
전민동095,1,대전광역시 유성구 전민로46번길 61,대전광역시 유성구 전민동 370-10,36.3968855,127.4038339,2020,한전주,042-611-2506,대전광역시 유성구청,2025-07-16
전민동096,1,대전광역시 유성구 전민로10번길 15,대전광역시 유성구 전민동 370-8,36.39709882,127.4038434,2020,한전주,042-611-2506,대전광역시 유성구청,2025-07-16
전민동097,1,대전광역시 유성구 전민로10번길 25,대전광역시 유성구 전민동 370-4,36.39752623,127.403841,2020,한전주,042-611-2506,대전광역시 유성구청,2025-07-16
전민동098,1,대전광역시 유성구 전민로58번길 64,대전광역시 유성구 전민동 370-2,36.3977425,127.4038489,2020,한전주,042-611-2506,대전광역시 유성구청,2025-07-16
전민동099,1,대전광역시 유성구 전민로58번길 63,대전광역시 유성구 전민동 329-10,36.3979339,127.4038688,2020,한전주,042-611-2506,대전광역시 유성구청,2025-07-16
전민동100,1,대전광역시 유성구 전민로10번길 41,대전광역시 유성구 전민동 329-7,36.39825304,127.4038787,2020,한전주,042-611-2506,대전광역시 유성구청,2025-07-16
전민동101,1,대전광역시 유성구 전민로10번길 51,대전광역시 유성구 전민동 329-3,36.39869584,127.4038385,2020,한전주,042-611-2506,대전광역시 유성구청,2025-07-16
전민동102,1,대전광역시 유성구 전민로70번길 63,대전광역시 유성구 전민동 306-11,36.39898987,127.4038728,2020,한전주,042-611-2506,대전광역시 유성구청,2025-07-16
전민동103,1,대전광역시 유성구 전민로6번길 65,대전광역시 유성구 전민동 306-10,36.399165,127.4038695,2020,한전주,042-611-2506,대전광역시 유성구청,2025-07-16
전민동104,1,대전광역시 유성구 전민로6번길 73,대전광역시 유성구 전민동 306-6,36.39917595,127.4033698,2020,한전주,042-611-2506,대전광역시 유성구청,2025-07-16
전민동105,1,대전광역시 유성구 유성대로 1746-1,대전광역시 유성구 전민동 307-6,36.39938529,127.4033167,2020,한전주,042-611-2506,대전광역시 유성구청,2025-07-16
전민동106,1,대전광역시 유성구 전민로6번길 81,대전광역시 유성구 전민동 306-2,36.3991811,127.4028824,2020,한전주,042-611-2506,대전광역시 유성구청,2025-07-16
전민동107,1,대전광역시 유성구 유성대로 1752,대전광역시 유성구 전민동 307-10,36.39937187,127.4038718,2020,한전주,042-611-2506,대전광역시 유성구청,2025-07-16
전민동108,1,대전광역시 유성구 엑스포로 481,대전광역시 유성구 전민동 325-5,36.39926133,127.4045544,2020,한전주,042-611-2506,대전광역시 유성구청,2025-07-16
전민동109,1,대전광역시 유성구 전민로6번길 53,대전광역시 유성구 전민동 327-2,36.39917082,127.4042988,2020,한전주,042-611-2506,대전광역시 유성구청,2025-07-16
전민동110,1,대전광역시 유성구 전민로6번길 47,대전광역시 유성구 전민동 327-4,36.39893506,127.4043092,2020,한전주,042-611-2506,대전광역시 유성구청,2025-07-16
전민동111,1,대전광역시 유성구 전민로6번길 45,대전광역시 유성구 전민동 327-5,36.39883645,127.4043116,2020,한전주,042-611-2506,대전광역시 유성구청,2025-07-16
전민동112,1,대전광역시 유성구 전민로6번길 35,대전광역시 유성구 전민동 327-9,36.39838036,127.4043149,2020,한전주,042-611-2506,대전광역시 유성구청,2025-07-16
전민동113,1,대전광역시 유성구 전민로6번길 33,대전광역시 유성구 전민동 327-10,36.39826812,127.4042998,2020,한전주,042-611-2506,대전광역시 유성구청,2025-07-16
전민동114,1,대전광역시 유성구 전민로6번길 25,대전광역시 유성구 전민동 327-13,36.39792978,127.404319,2020,한전주,042-611-2506,대전광역시 유성구청,2025-07-16
전민동115,1,대전광역시 유성구 전민로6번길 15,대전광역시 유성구 전민동 371-4,36.39750985,127.4043082,2020,한전주,042-611-2506,대전광역시 유성구청,2025-07-16
전민동116,1,대전광역시 유성구 전민로6번길 9,대전광역시 유성구 전민동 371-7,36.39718342,127.4043145,2020,한전주,042-611-2506,대전광역시 유성구청,2025-07-16
전민동117,1,대전광역시 유성구 전민로6번길 3,대전광역시 유성구 전민동 371-9,36.39697446,127.4043087,2020,한전주,042-611-2506,대전광역시 유성구청,2025-07-16
전민동118,1,대전광역시 유성구 전민로46번길 74,대전광역시 유성구 전민동 390-3,36.39669525,127.4044241,2020,한전주,042-611-2506,대전광역시 유성구청,2025-07-16
전민동119,1,대전광역시 유성구 전민로 71,대전광역시 유성구 전민동 460-1,36.39944083,127.3970945,2020,한전주,042-611-2506,대전광역시 유성구청,2025-07-16
전민동120,1,대전광역시 유성구 유성대로1707번길 16,대전광역시 유성구 전민동 300-1,36.40014792,127.3983837,2020,한전주,042-611-2506,대전광역시 유성구청,2025-07-16
전민동121,1,대전광역시 유성구 유성대로1707번길 16,대전광역시 유성구 전민동 300-1,36.4001998,127.3983837,2020,한전주,042-611-2506,대전광역시 유성구청,2025-07-16
전민동122,1,대전광역시 유성구 유성대로1689번길 8-13,대전광역시 유성구 전민동 298-10,36.40020306,127.3977633,2020,한전주,042-611-2506,대전광역시 유성구청,2025-07-16
전민동123,1,대전광역시 유성구 유성대로1689번길 8-12,대전광역시 유성구 전민동 299-4,36.39994314,127.3975821,2020,한전주,042-611-2506,대전광역시 유성구청,2025-07-16
전민동124,1,대전광역시 유성구 유성대로1689번길 10,대전광역시 유성구 전민동 298-14,36.40020216,127.3971966,2020,한전주,042-611-2506,대전광역시 유성구청,2025-07-16
전민동125,1,대전광역시 유성구 유성대로1689번길 18-10,대전광역시 유성구 전민동 298-4,36.40036685,127.3975864,2020,한전주,042-611-2506,대전광역시 유성구청,2025-07-16
전민동126,1,대전광역시 유성구 유성대로1689번길 18-13,대전광역시 유성구 전민동 297-7,36.40058018,127.3977456,2020,한전주,042-611-2506,대전광역시 유성구청,2025-07-16
전민동127,1,대전광역시 유성구 유성대로1707번길 23,대전광역시 유성구 전민동 298-7,36.40033867,127.3980127,2020,한전주,042-611-2506,대전광역시 유성구청,2025-07-16
전민동128,1,대전광역시 유성구 유성대로1689번길 26-14,대전광역시 유성구 전민동 297-5,36.40082351,127.3977388,2020,한전주,042-611-2506,대전광역시 유성구청,2025-07-16
전민동129,1,대전광역시 유성구 유성대로1689번길 26-14,대전광역시 유성구 전민동 297-5,36.40082351,127.3977388,2020,한전주,042-611-2506,대전광역시 유성구청,2025-07-16
전민동130,1,대전광역시 유성구 유성대로1689번길 26-8,대전광역시 유성구 전민동 297-3,36.4007741,127.3974481,2020,한전주,042-611-2506,대전광역시 유성구청,2025-07-16
전민동131,1,대전광역시 유성구 유성대로1689번길 36-2,대전광역시 유성구 전민동 296-1,36.40119346,127.3971912,2020,한전주,042-611-2506,대전광역시 유성구청,2025-07-16
전민동132,1,대전광역시 유성구 유성대로1689번길 36-8,대전광역시 유성구 전민동 296-3,36.40119589,127.397490,2020,한전주,042-611-2506,대전광역시 유성구청,2025-07-16
전민동133,1,대전광역시 유성구 유성대로1707번길 47,대전광역시 유성구 전민동 295-4,36.4014174,127.3979214,2020,한전주,042-611-2506,대전광역시 유성구청,2025-07-16
전민동134,1,대전광역시 유성구 유성대로1707번길 55,대전광역시 유성구 전민동 295-2,36.40166747,127.3979239,2020,한전주,042-611-2506,대전광역시 유성구청,2025-07-16
전민동135,1,대전광역시 유성구 유성대로1707번길 61-3,대전광역시 유성구 전민동 295-1,36.40167758,127.3977837,2020,한전주,042-611-2506,대전광역시 유성구청,2025-07-16
전민동136,1,대전광역시 유성구 유성대로1707번길 61-5,대전광역시 유성구 전민동 295-6,36.40153397,127.397772,2020,한전주,042-611-2506,대전광역시 유성구청,2025-07-16
전민동137,1,대전광역시 유성구 유성대로1679번길 18-9,대전광역시 유성구 전민동 287-5,36.40060091,127.3964411,2020,한전주,042-611-2506,대전광역시 유성구청,2025-07-16
전민동138,1,대전광역시 유성구 유성대로1679번길 44,대전광역시 유성구 전민동 287-3,36.40088966,127.3963274,2020,한전주,042-611-2506,대전광역시 유성구청,2025-07-16
전민동139,1,대전광역시 유성구 유성대로1679번길 44,대전광역시 유성구 전민동 287-3,36.40088966,127.3963274,2020,한전주,042-611-2506,대전광역시 유성구청,2025-07-16
전민동140,1,대전광역시 유성구 유성대로1679번길 28,대전광역시 유성구 전민동 287-1,36.40096454,127.396096,2020,한전주,042-611-2506,대전광역시 유성구청,2025-07-16
전민동141,1,대전광역시 유성구 유성대로1679번길 28,대전광역시 유성구 전민동 287-1,36.40096454,127.3960052,2020,전용주,042-611-2506,대전광역시 유성구청,2025-07-16
전민동142,1,대전광역시 유성구 유성대로1679번길 28,대전광역시 유성구 전민동 287-1,36.40096454,127.3960544,2020,한전주,042-611-2506,대전광역시 유성구청,2025-07-16
전민동143,1,대전광역시 유성구 유성대로1679번길 24,대전광역시 유성구 전민동 287-9,36.40075013,127.3960931,2020,한전주,042-611-2506,대전광역시 유성구청,2025-07-16
전민동144,1,대전광역시 유성구 유성대로1679번길 18-8,대전광역시 유성구 전민동 286-3,36.40037434,127.3963388,2020,한전주,042-611-2506,대전광역시 유성구청,2025-07-16
전민동145,1,대전광역시 유성구 유성대로1679번길 14,대전광역시 유성구 전민동 286-1,36.40038988,127.396055,2020,한전주,042-611-2506,대전광역시 유성구청,2025-07-16
전민동146,1,대전광역시 유성구 유성대로1665번길 8-25,대전광역시 유성구 전민동 265,36.40015195,127.3958417,2020,한전주,042-611-2506,대전광역시 유성구청,2025-07-16
전민동147,1,대전광역시 유성구 유성대로1679번길 8-9,대전광역시 유성구 전민동 286-11,36.4001977,127.3964773,2020,한전주,042-611-2506,대전광역시 유성구청,2025-07-16
전민동148,1,대전광역시 유성구 유성대로1679번길 8-15,대전광역시 유성구 전민동 286-9,36.40019877,127.396751,2020,한전주,042-611-2506,대전광역시 유성구청,2025-07-16
전민동149,1,대전광역시 유성구 유성대로1665번길 8-22,대전광역시 유성구 전민동 264-8,36.3999558,127.3955876,2020,한전주,042-611-2506,대전광역시 유성구청,2025-07-16
전민동150,1,대전광역시 유성구 유성대로1665번길 8-9,대전광역시 유성구 전민동 259-11,36.40019532,127.3949639,2020,한전주,042-611-2506,대전광역시 유성구청,2025-07-16
전민동151,1,대전광역시 유성구 유성대로1665번길 8-2,대전광역시 유성구 전민동 264-1,36.4000364,127.394568,2020,한전주,042-611-2506,대전광역시 유성구청,2025-07-16
전민동152,1,대전광역시 유성구 유성대로1665번길 12,대전광역시 유성구 전민동 259-8,36.40039472,127.3945638,2020,한전주,042-611-2506,대전광역시 유성구청,2025-07-16
전민동153,1,대전광역시 유성구 유성대로1665번길 14,대전광역시 유성구 전민동 259-7,36.40050756,127.3944513,2020,한전주,042-611-2506,대전광역시 유성구청,2025-07-16
전민동154,1,대전광역시 유성구 유성대로1665번길 16,대전광역시 유성구 전민동 259-6,36.40061946,127.3944032,2020,한전주,042-611-2506,대전광역시 유성구청,2025-07-16
전민동155,1,대전광역시 유성구 유성대로1665번길 23,대전광역시 유성구 전민동 251-4,36.40095356,127.3941479,2020,한전주,042-611-2506,대전광역시 유성구청,2025-07-16
전민동156,1,대전광역시 유성구 유성대로1665번길 26,대전광역시 유성구 전민동 259-3,36.4008773,127.3945224,2020,한전주,042-611-2506,대전광역시 유성구청,2025-07-16
전민동157,1,대전광역시 유성구 유성대로1665번길 34,대전광역시 유성구 전민동 259-1,36.40125429,127.3945522,2020,한전주,042-611-2506,대전광역시 유성구청,2025-07-16
전민동158,1,대전광역시 유성구 유성대로1665번길 33,대전광역시 유성구 전민동 251-1,36.40129484,127.3943366,2020,전용주,042-611-2506,대전광역시 유성구청,2025-07-16
전민동159,1,대전광역시 유성구 유성대로1665번길 21-4,대전광역시 유성구 전민동 581,36.40096282,127.3938799,2020,한전주,042-611-2506,대전광역시 유성구청,2025-07-16
전민동160,1,대전광역시 유성구 유성대로1665번길 21-8,대전광역시 유성구 전민동 250-2,36.40093163,127.3936094,2020,한전주,042-611-2506,대전광역시 유성구청,2025-07-16
전민동161,1,대전광역시 유성구 유성대로 1659,대전광역시 유성구 전민동 263-1,36.40020269,127.3937414,2020,한전주,042-611-2506,대전광역시 유성구청,2025-07-16
전민동162,1,대전광역시 유성구 유성대로1665번길 7-8,대전광역시 유성구 전민동 261-7,36.40033912,127.394101,2020,한전주,042-611-2506,대전광역시 유성구청,2025-07-16
전민동163,1,,대전광역시 유성구 문지동 103-11,36.3963272,127.3995736,2020,한전주,042-611-2506,대전광역시 유성구청,2025-07-16
전민동164,1,대전광역시 유성구 전민로46번길 72,대전광역시 유성구 전민동 390-2,36.39668473,127.4042585,2020,건축물,042-611-2506,대전광역시 유성구청,2025-07-16
전민동165,1,대전광역시 유성구 전민로46번길 72,대전광역시 유성구 전민동 390-2,36.39668473,127.4042585,2020,한전주,042-611-2506,대전광역시 유성구청,2025-07-16
전민동169,1,대전광역시 유성구 전민로70번길 5,대전광역시 유성구 전민동 303-12,36.3990396,127.4006921,2020,한전주,042-611-2506,대전광역시 유성구청,2025-07-16
전민동170,1,대전광역시 유성구 엑스포로295번길 53,대전광역시 유성구 원촌동 114-1,36.38235745,127.4031287,2020,한전주,042-611-2506,대전광역시 유성구청,2025-07-16
전민동171,1,대전광역시 유성구 유성대로1707번길 31,대전광역시 유성구 전민동 297-6,36.40070962,127.397733,2020,한전주,042-611-2506,대전광역시 유성구청,2025-07-16
전민동172,1,대전광역시 유성구 유성대로1707번길 31,대전광역시 유성구 전민동 297-6,36.40070962,127.397733,2020,전용주,042-611-2506,대전광역시 유성구청,2025-07-16
지족동001,1,대전광역시 유성구 북유성대로 155,대전광역시 유성구 지족동 130-52,36.38022809,127.3227748,2020,한전주,042-611-2506,대전광역시 유성구청,2025-07-16
지족동002,1,대전광역시 유성구 지족북로 33,대전광역시 유성구 지족동 1089,36.38879924,127.3021654,2020,한전주,042-611-2506,대전광역시 유성구청,2025-07-16
지족동003,1,대전광역시 유성구 반석서로19번길 19,대전광역시 유성구 지족동 607-10,36.38944662,127.3087988,2020,한전주,042-611-2506,대전광역시 유성구청,2025-07-16
지족동004,1,대전광역시 유성구 반석서로19번길 47,대전광역시 유성구 지족동 602-1,36.38848629,127.3086765,2020,한전주,042-611-2506,대전광역시 유성구청,2025-07-16
지족동005,1,대전광역시 유성구 반석서로19번길 47,대전광역시 유성구 지족동 602-1,36.38848629,127.3086765,2020,건축물,042-611-2506,대전광역시 유성구청,2025-07-16
지족동006,1,대전광역시 유성구 반석서로19번길 15,대전광역시 유성구 지족동 608-4,36.38928327,127.3089243,2020,한전주,042-611-2506,대전광역시 유성구청,2025-07-16
지족동007,1,대전광역시 유성구 지족로328번길 14-26,대전광역시 유성구 지족동 583,36.38624785,127.3118738,2020,한전주,042-611-2506,대전광역시 유성구청,2025-07-16
지족동008,1,,대전광역시 유성구 지족동 1008,36.3852437,127.3167953,2020,한전주,042-611-2506,대전광역시 유성구청,2025-07-16
지족동009,1,,대전광역시 유성구 지족동 1008,36.3852437,127.3167953,2020,한전주,042-611-2506,대전광역시 유성구청,2025-07-16
지족동010,1,대전광역시 유성구 지족로328번길 123,대전광역시 유성구 지족동 837,36.38402393,127.3174224,2020,한전주,042-611-2506,대전광역시 유성구청,2025-07-16
지족동011,1,대전광역시 유성구 지족로328번길 123,대전광역시 유성구 지족동 837,36.38402393,127.3174224,2020,한전주,042-611-2506,대전광역시 유성구청,2025-07-16
지족동012,1,대전광역시 유성구 노은서로250번길 58,대전광역시 유성구 지족동 842-10,36.38266504,127.3184422,2020,건축물,042-611-2506,대전광역시 유성구청,2025-07-16
지족동013,1,대전광역시 유성구 노은서로250번길 9-11,대전광역시 유성구 지족동 844-4,36.38221542,127.3177421,2020,건축물,042-611-2506,대전광역시 유성구청,2025-07-16
지족동014,1,대전광역시 유성구 노은서로 202,대전광역시 유성구 지족동 857,36.37803212,127.3156216,2020,한전주,042-611-2506,대전광역시 유성구청,2025-07-16
지족동015,1,대전광역시 유성구 지족실길 14,대전광역시 유성구 지족동 330-3,36.37861589,127.3143601,2020,한전주,042-611-2506,대전광역시 유성구청,2025-07-16
지족동016,1,대전광역시 유성구 지족실길 14,대전광역시 유성구 지족동 330-3,36.37861589,127.3143601,2020,한전주,042-611-2506,대전광역시 유성구청,2025-07-16
지족동017,1,대전광역시 유성구 지족실길 47,대전광역시 유성구 지족동 산 29-1,36.37772291,127.3118193,2020,한전주,042-611-2506,대전광역시 유성구청,2025-07-16
지족동018,1,대전광역시 유성구 지족실길 47,대전광역시 유성구 지족동 산 29-1,36.37772291,127.3118193,2020,한전주,042-611-2506,대전광역시 유성구청,2025-07-16
지족동019,1,대전광역시 유성구 노은서로142번길 75,대전광역시 유성구 지족동 886-4,36.37551344,127.3159263,2020,건축물,042-611-2506,대전광역시 유성구청,2025-07-16
지족동020,1,대전광역시 유성구 노은서로142번길 64,대전광역시 유성구 지족동 885-3,36.37496485,127.3162163,2020,건축물,042-611-2506,대전광역시 유성구청,2025-07-16
지족동021,1,대전광역시 유성구 노은서로142번길 47,대전광역시 유성구 지족동 887,36.37437762,127.3158843,2020,건축물,042-611-2506,대전광역시 유성구청,2025-07-16
지족동022,1,대전광역시 유성구 노은서로142번길 24,대전광역시 유성구 지족동 892-4,36.37318882,127.3162145,2020,건축물,042-611-2506,대전광역시 유성구청,2025-07-16
지족동023,1,대전광역시 유성구 은구비남로 1,대전광역시 유성구 지족동 892-7,36.37242263,127.3159121,2020,건축물,042-611-2506,대전광역시 유성구청,2025-07-16
지족동024,1,대전광역시 유성구 노은서로172번길 56,대전광역시 유성구 지족동 889-16,36.37303356,127.3155952,2020,건축물,042-611-2506,대전광역시 유성구청,2025-07-16
지족동025,1,대전광역시 유성구 노은동로240번길 73,대전광역시 유성구 지족동 862-13,36.38290408,127.3210822,2020,건축물,042-611-2506,대전광역시 유성구청,2025-07-16
지족동026,1,대전광역시 유성구 노은서로266번길 61,대전광역시 유성구 지족동 863-2,36.38257066,127.3205421,2020,전용주,042-611-2506,대전광역시 유성구청,2025-07-16
지족동027,1,대전광역시 유성구 노은동로240번길 12,대전광역시 유성구 지족동 866-6,36.38122642,127.3193816,2020,건축물,042-611-2506,대전광역시 유성구청,2025-07-16
지족동028,1,대전광역시 유성구 노은동로 240,대전광역시 유성구 지족동 868-2,36.38081875,127.3191063,2020,건축물,042-611-2506,대전광역시 유성구청,2025-07-16
지족동029,1,대전광역시 유성구 노은동로234번길 5-44,대전광역시 유성구 지족동 866-12,36.38169322,127.3197902,2020,건축물,042-611-2506,대전광역시 유성구청,2025-07-16
지족동030,1,대전광역시 유성구 노은동로234번길 5-42,대전광역시 유성구 지족동 866-13,36.38190226,127.3199007,2020,전용주,042-611-2506,대전광역시 유성구청,2025-07-16
지족동031,1,대전광역시 유성구 노은동로234번길 25,대전광역시 유성구 지족동 867-12,36.38161373,127.3201622,2020,전용주,042-611-2506,대전광역시 유성구청,2025-07-16
지족동032,1,대전광역시 유성구 노은동로234번길 10-9,대전광역시 유성구 지족동 871-3,36.3807155,127.3203773,2020,전용주,042-611-2506,대전광역시 유성구청,2025-07-16
지족동033,1,대전광역시 유성구 노은동로 224-1,대전광역시 유성구 지족동 870-1,36.38013246,127.3203701,2020,전용주,042-611-2506,대전광역시 유성구청,2025-07-16
지족동034,1,대전광역시 유성구 북유성대로155번길 13-6,대전광역시 유성구 지족동 130-63,36.37993392,127.3221838,2020,한전주,042-611-2506,대전광역시 유성구청,2025-07-16
지족동035,1,대전광역시 유성구 북유성대로 151-10,대전광역시 유성구 지족동 130-59,36.37989236,127.322522,2020,한전주,042-611-2506,대전광역시 유성구청,2025-07-16
지족동036,1,대전광역시 유성구 북유성대로155번길 19-15,대전광역시 유성구 지족동 130-68,36.37938289,127.3223678,2020,한전주,042-611-2506,대전광역시 유성구청,2025-07-16
지족동037,1,대전광역시 유성구 북유성대로155번길 14-3,대전광역시 유성구 지족동 130-38,36.38027433,127.3220031,2020,한전주,042-611-2506,대전광역시 유성구청,2025-07-16
지족동038,1,대전광역시 유성구 북유성대로155번길 15,대전광역시 유성구 지족동 130-62,36.38003673,127.3221206,2020,한전주,042-611-2506,대전광역시 유성구청,2025-07-16
지족동039,1,대전광역시 유성구 북유성대로155번길 14-5,대전광역시 유성구 지족동 130-39,36.38034993,127.3219385,2020,한전주,042-611-2506,대전광역시 유성구청,2025-07-16
지족동040,1,대전광역시 유성구 북유성대로155번길 40-9,대전광역시 유성구 지족동 130-3,36.3808554,127.3216706,2020,한전주,042-611-2506,대전광역시 유성구청,2025-07-16
지족동041,1,대전광역시 유성구 북유성대로 161,대전광역시 유성구 지족동 871-7,36.38089376,127.322348,2020,전용주,042-611-2506,대전광역시 유성구청,2025-07-16
지족동042,1,대전광역시 유성구 북유성대로155번길 40-1,대전광역시 유성구 지족동 130-8,36.38077157,127.3214414,2020,한전주,042-611-2506,대전광역시 유성구청,2025-07-16
지족동043,1,대전광역시 유성구 북유성대로155번길 42-8,대전광역시 유성구 지족동 130-5,36.3809886,127.3213337,2020,한전주,042-611-2506,대전광역시 유성구청,2025-07-16
지족동044,1,대전광역시 유성구 북유성대로155번길 14-5,대전광역시 유성구 지족동 130-39,36.38034993,127.3219385,2020,전용주,042-611-2506,대전광역시 유성구청,2025-07-16
지족동045,1,대전광역시 유성구 북유성대로155번길 20-11,대전광역시 유성구 지족동 130-32,36.3804414,127.3216046,2020,한전주,042-611-2506,대전광역시 유성구청,2025-07-16
지족동046,1,대전광역시 유성구 북유성대로155번길 45-15,대전광역시 유성구 지족동 130-23,36.37999119,127.321532,2020,한전주,042-611-2506,대전광역시 유성구청,2025-07-16
지족동047,1,대전광역시 유성구 북유성대로155번길 31,대전광역시 유성구 지족동 130-26,36.3802457,127.3213895,2020,한전주,042-611-2506,대전광역시 유성구청,2025-07-16
지족동048,1,대전광역시 유성구 북유성대로155번길 42-1,대전광역시 유성구 지족동 130-9,36.38068119,127.3211729,2020,한전주,042-611-2506,대전광역시 유성구청,2025-07-16
지족동049,1,대전광역시 유성구 북유성대로155번길 46-1,대전광역시 유성구 지족동 130-16,36.38056785,127.3208944,2020,건축물,042-611-2506,대전광역시 유성구청,2025-07-16
지족동050,1,대전광역시 유성구 은구비서로23번길 52,대전광역시 유성구 지족동 912-1,36.37549565,127.3203341,2020,건축물,042-611-2506,대전광역시 유성구청,2025-07-16
지족동051,1,대전광역시 유성구 은구비서로23번길 8-16,대전광역시 유성구 지족동 912-4,36.3750439,127.3203334,2020,건축물,042-611-2506,대전광역시 유성구청,2025-07-16
지족동052,1,대전광역시 유성구 은구비서로23번길 32,대전광역시 유성구 지족동 911-4,36.375056,127.3199566,2020,건축물,042-611-2506,대전광역시 유성구청,2025-07-16
지족동053,1,대전광역시 유성구 은구비서로23번길 8-14,대전광역시 유성구 지족동 912-6,36.37486818,127.3203307,2020,건축물,042-611-2506,대전광역시 유성구청,2025-07-16
지족동054,1,대전광역시 유성구 은구비서로23번길 22,대전광역시 유성구 지족동 911-7,36.3747295,127.3199523,2020,건축물,042-611-2506,대전광역시 유성구청,2025-07-16
지족동055,1,대전광역시 유성구 은구비서로23번길 8-17,대전광역시 유성구 지족동 911-14,36.375043,127.3200978,2020,건축물,042-611-2506,대전광역시 유성구청,2025-07-16
지족동056,1,대전광역시 유성구 은구비남로33번길 62,대전광역시 유성구 지족동 910-4,36.37509929,127.3195392,2020,건축물,042-611-2506,대전광역시 유성구청,2025-07-16
지족동057,1,대전광역시 유성구 은구비서로23번길 34,대전광역시 유성구 지족동 911-3,36.37519117,127.3199579,2020,건축물,042-611-2506,대전광역시 유성구청,2025-07-16
지족동058,1,대전광역시 유성구 은구비서로23번길 40,대전광역시 유성구 지족동 911-1,36.3755091,127.3199597,2020,건축물,042-611-2506,대전광역시 유성구청,2025-07-16
지족동059,1,대전광역시 유성구 은구비서로23번길 40,대전광역시 유성구 지족동 911-1,36.3755091,127.3199597,2020,건축물,042-611-2506,대전광역시 유성구청,2025-07-16
지족동060,1,대전광역시 유성구 은구비서로 30,대전광역시 유성구 지족동 916-1,36.3748312,127.3207545,2020,건축물,042-611-2506,대전광역시 유성구청,2025-07-16
지족동061,1,대전광역시 유성구 은구비서로24번길 58,대전광역시 유성구 지족동 916-3,36.3748243,127.3209985,2020,건축물,042-611-2506,대전광역시 유성구청,2025-07-16
지족동062,1,대전광역시 유성구 은구비서로24번길 52,대전광역시 유성구 지족동 916-6,36.37482219,127.3213842,2020,건축물,042-611-2506,대전광역시 유성구청,2025-07-16
지족동063,1,대전광역시 유성구 은구비서로24번길 46,대전광역시 유성구 지족동 916-9,36.37482612,127.3217651,2020,건축물,042-611-2506,대전광역시 유성구청,2025-07-16
지족동064,1,대전광역시 유성구 은구비서로24번길 40,대전광역시 유성구 지족동 916-12,36.37481065,127.3221551,2020,건축물,042-611-2506,대전광역시 유성구청,2025-07-16
지족동065,1,대전광역시 유성구 노은동로 159,대전광역시 유성구 지족동 916-16,36.3746019,127.3223702,2020,전용주,042-611-2506,대전광역시 유성구청,2025-07-16
지족동066,1,대전광역시 유성구 은구비서로24번길 41,대전광역시 유성구 지족동 917-9,36.37458999,127.3219413,2020,전용주,042-611-2506,대전광역시 유성구청,2025-07-16
지족동067,1,대전광역시 유성구 은구비서로24번길 45,대전광역시 유성구 지족동 917-7,36.37459496,127.3216682,2020,전용주,042-611-2506,대전광역시 유성구청,2025-07-16
지족동068,1,대전광역시 유성구 은구비서로24번길 55,대전광역시 유성구 지족동 917-3,36.37460489,127.3210581,2020,전용주,042-611-2506,대전광역시 유성구청,2025-07-16
지족동069,1,대전광역시 유성구 은구비서로3번길 8-5,대전광역시 유성구 지족동 908-11,36.37275784,127.3200873,2020,건축물,042-611-2506,대전광역시 유성구청,2025-07-16
지족동070,1,대전광역시 유성구 은구비서로3번길 8-17,대전광역시 유성구 지족동 908-14,36.37323049,127.3200934,2020,건축물,042-611-2506,대전광역시 유성구청,2025-07-16
지족동071,1,대전광역시 유성구 은구비서로3번길 15,대전광역시 유성구 지족동 907-13,36.37257174,127.3196842,2020,건축물,042-611-2506,대전광역시 유성구청,2025-07-16
지족동072,1,대전광역시 유성구 은구비남로33번길 12,대전광역시 유성구 지족동 907-7,36.37279539,127.3195918,2020,건축물,042-611-2506,대전광역시 유성구청,2025-07-16
지족동073,1,대전광역시 유성구 은구비서로3번길 24,대전광역시 유성구 지족동 908-7,36.37290449,127.3199409,2020,건축물,042-611-2506,대전광역시 유성구청,2025-07-16
지족동074,1,대전광역시 유성구 은구비서로3번길 8-3,대전광역시 유성구 지족동 908-10,36.3726242,127.3200851,2020,건축물,042-611-2506,대전광역시 유성구청,2025-07-16
지족동075,1,대전광역시 유성구 은구비서로3번길 12,대전광역시 유성구 지족동 908-9,36.37262736,127.3199714,2020,건축물,042-611-2506,대전광역시 유성구청,2025-07-16
지족동076,1,대전광역시 유성구 노은서로250번길 19,대전광역시 유성구 지족동 847-5,36.38161495,127.318088,2020,,042-611-2506,대전광역시 유성구청,2025-07-16
지족동077,1,대전광역시 유성구 북유성대로155번길 57,대전광역시 유성구 지족동 881-2,36.38027189,127.3206977,2020,,042-611-2506,대전광역시 유성구청,2025-07-16
지족동078,1,대전광역시 유성구 노은동로234번길 6,대전광역시 유성구 지족동 869-1,36.38068755,127.3199778,2020,,042-611-2506,대전광역시 유성구청,2025-07-16
지족동079,1,대전광역시 유성구 노은동로 234,대전광역시 유성구 지족동 868-5,36.38062609,127.3196059,2020,,042-611-2506,대전광역시 유성구청,2025-07-16
지족동080,1,대전광역시 유성구 노은동로 234,대전광역시 유성구 지족동 868-5,36.38062609,127.3196059,2020,,042-611-2506,대전광역시 유성구청,2025-07-16
지족동081,1,대전광역시 유성구 반석서로19번길 3,대전광역시 유성구 지족동 608-7,36.3890275651,127.309255778,2020,,042-611-2506,대전광역시 유성구청,2025-07-16
지족동082,1,대전광역시 유성구 은구비서로3번길 8-13,대전광역시 유성구 지족동 908-13,36.37307206,127.3200945,2020,건축물,042-611-2506,대전광역시 유성구청,2025-07-16
지족동083,1,대전광역시 유성구 북유성대로155번길 27,대전광역시 유성구 지족동 130-24,36.38007663,127.3214952,2020,,042-611-2506,대전광역시 유성구청,2025-07-16
지족동084,1,대전광역시 유성구 노은동로240번길 7,대전광역시 유성구 지족동 864-5,36.38114934,127.3190566,2020,전용주,042-611-2506,대전광역시 유성구청,2025-07-16
지족동085,1,대전광역시 유성구 은구비로 82,대전광역시 유성구 지족동 922,36.37595987,127.3244702,2020,한전주,042-611-2506,대전광역시 유성구청,2025-07-16
지족동091,1,대전광역시 유성구 북유성대로155번길 46-7,대전광역시 유성구 지족동 130-13,36.38092454,127.3208569,2020,건축물,042-611-2506,대전광역시 유성구청,2025-07-16
지족동093,1,대전광역시 유성구 은구비서로3번길 28,대전광역시 유성구 지족동 908-6,36.37306382,127.3199406,2020,건축물,042-611-2506,대전광역시 유성구청,2025-07-16
지족동094,1,대전광역시 유성구 북유성대로155번길 13-12,대전광역시 유성구 지족동 130-66,36.3796699,127.3223405,2020,전용주,042-611-2506,대전광역시 유성구청,2025-07-16
지족동095,1,대전광역시 유성구 북유성대로155번길 14-13,대전광역시 유성구 지족동 130-42,36.38060611,127.3218129,2020,건축물,042-611-2506,대전광역시 유성구청,2025-07-16
지족동096,1,대전광역시 유성구 은구비남로33번길 12,대전광역시 유성구 지족동 907-7,36.37279539,127.3195918,2020,건축물,042-611-2506,대전광역시 유성구청,2025-07-16
지족동097,1,대전광역시 유성구 은구비남로33번길 12,대전광역시 유성구 지족동 907-7,36.37279539,127.3195918,2020,건축물,042-611-2506,대전광역시 유성구청,2025-07-16
지족동098,1,대전광역시 유성구 노은서로142번길 64,대전광역시 유성구 지족동 885-3,36.37496485,127.3162163,2020,건축물,042-611-2506,대전광역시 유성구청,2025-07-16
지족동099,1,대전광역시 유성구 북유성대로155번길 19-14,대전광역시 유성구 지족동 130-94,36.37957876,127.3221179,2020,한전주,042-611-2506,대전광역시 유성구청,2025-07-16
지족동100,1,대전광역시 유성구 노은서로142번길 28,대전광역시 유성구 지족동 892-3,36.37340914,127.3162209,2020,건축물,042-611-2506,대전광역시 유성구청,2025-07-16
지족동101,1,대전광역시 유성구 지족실길 47,대전광역시 유성구 지족동 산 29-1,36.37772291,127.3118193,2020,한전주,042-611-2506,대전광역시 유성구청,2025-07-16
지족동102,1,대전광역시 유성구 지족실길 47,대전광역시 유성구 지족동 산 29-1,36.37772291,127.3118193,2020,한전주,042-611-2506,대전광역시 유성구청,2025-07-16
탑립동001,1,대전광역시 유성구 엑스포로625번길 51,대전광역시 유성구 탑립동 643-2,36.41230292,127.4057486,2020,한전주,042-611-2506,대전광역시 유성구청,2025-07-16
탑립동003,1,대전광역시 유성구 엑스포로625번길 53-29,대전광역시 유성구 탑립동 450,36.41262952,127.404150,2020,한전주,042-611-2506,대전광역시 유성구청,2025-07-16
탑립동004,1,대전광역시 유성구 오룡2길 54,대전광역시 유성구 탑립동 771,36.41346452,127.4041273,2020,한전주,042-611-2506,대전광역시 유성구청,2025-07-16
탑립동005,1,대전광역시 유성구 배울1로 212-50,대전광역시 유성구 탑립동 464-1,36.41226128,127.4028503,2020,한전주,042-611-2506,대전광역시 유성구청,2025-07-16
탑립동006,1,대전광역시 유성구 배울1로 212-52,대전광역시 유성구 탑립동 464-2,36.41211117,127.4028688,2020,한전주,042-611-2506,대전광역시 유성구청,2025-07-16
탑립동007,1,대전광역시 유성구 배울1로 212-55,대전광역시 유성구 탑립동 463-1,36.4117019,127.4030316,2020,한전주,042-611-2506,대전광역시 유성구청,2025-07-16
탑립동008,1,대전광역시 유성구 엑스포로625번길 51,대전광역시 유성구 탑립동 643-2,36.41230292,127.4057768,2020,한전주,042-611-2506,대전광역시 유성구청,2025-07-16
탑립동009,1,대전광역시 유성구 엑스포로 647,대전광역시 유성구 탑립동 446-4,36.411959,127.4060946,2020,한전주,042-611-2506,대전광역시 유성구청,2025-07-16
탑립동010,1,대전광역시 유성구 엑스포로 650,대전광역시 유성구 탑립동 444-1,36.41172423,127.4066912,2020,한전주,042-611-2506,대전광역시 유성구청,2025-07-16
탑립동011,1,대전광역시 유성구 엑스포로625번길 46,대전광역시 유성구 탑립동 452-1,36.41199051,127.4057416,2020,한전주,042-611-2506,대전광역시 유성구청,2025-07-16
탑립동012,1,대전광역시 유성구 엑스포로625번길 46,대전광역시 유성구 탑립동 452-1,36.41199051,127.4057416,2020,한전주,042-611-2506,대전광역시 유성구청,2025-07-16
탑립동013,1,대전광역시 유성구 엑스포로 624,대전광역시 유성구 탑립동 442-1,36.41077032,127.4061155,2020,한전주,042-611-2506,대전광역시 유성구청,2025-07-16
탑립동014,1,대전광역시 유성구 엑스포로 628,대전광역시 유성구 탑립동 440-7,36.41030682,127.404640,2020,한전주,042-611-2506,대전광역시 유성구청,2025-07-16
탑립동015,1,대전광역시 유성구 엑스포로 628,대전광역시 유성구 탑립동 440-7,36.41030682,127.404640,2020,한전주,042-611-2506,대전광역시 유성구청,2025-07-16
탑립동016,1,대전광역시 유성구 엑스포로 628,대전광역시 유성구 탑립동 440-7,36.41030682,127.404640,2020,한전주,042-611-2506,대전광역시 유성구청,2025-07-16
탑립동017,1,대전광역시 유성구 엑스포로 599,대전광역시 유성구 탑립동 434,36.40875274,127.4023247,2020,한전주,042-611-2506,대전광역시 유성구청,2025-07-16
탑립동018,1,대전광역시 유성구 엑스포로 599,대전광역시 유성구 탑립동 434,36.40875274,127.4023247,2020,한전주,042-611-2506,대전광역시 유성구청,2025-07-16
탑립동019,1,,대전광역시 유성구 전민동 산 4-3,36.40781391,127.4000042,2020,한전주,042-611-2506,대전광역시 유성구청,2025-07-16
탑립동020,1,대전광역시 유성구 탑립로 49-31,대전광역시 유성구 탑립동 574-9,36.4096621,127.4001731,2020,한전주,042-611-2506,대전광역시 유성구청,2025-07-16
탑립동021,1,대전광역시 유성구 탑립로 53,대전광역시 유성구 탑립동 607-1,36.40962775,127.3991075,2020,한전주,042-611-2506,대전광역시 유성구청,2025-07-16
탑립동022,1,대전광역시 유성구 탑립로 49,대전광역시 유성구 탑립동 584,36.4099167896,127.3984766878,2020,한전주,042-611-2506,대전광역시 유성구청,2025-07-16
탑립동023,1,대전광역시 유성구 탑립로 51,대전광역시 유성구 탑립동 607-6,36.40967944,127.3988226,2020,한전주,042-611-2506,대전광역시 유성구청,2025-07-16
탑립동024,1,대전광역시 유성구 탑립로29번길 62,대전광역시 유성구 탑립동 583-6,36.41014959,127.3989276,2020,한전주,042-611-2506,대전광역시 유성구청,2025-07-16
탑립동025,1,대전광역시 유성구 탑립로 49-15,대전광역시 유성구 탑립동 581-2,36.40994509,127.3993442,2020,한전주,042-611-2506,대전광역시 유성구청,2025-07-16
탑립동026,1,대전광역시 유성구 탑립로29번길 47,대전광역시 유성구 탑립동 579,36.41013938,127.3997441,2020,한전주,042-611-2506,대전광역시 유성구청,2025-07-16
탑립동027,1,대전광역시 유성구 탑립로29번길 43-1,대전광역시 유성구 탑립동 575,36.41045108,127.3999612,2020,한전주,042-611-2506,대전광역시 유성구청,2025-07-16
탑립동028,1,대전광역시 유성구 탑립로29번길 38,대전광역시 유성구 탑립동 582-15,36.41046547,127.3993528,2020,한전주,042-611-2506,대전광역시 유성구청,2025-07-16
탑립동029,1,,대전광역시 유성구 탑립동 산 14-9,36.41057464,127.3990323,2020,한전주,042-611-2506,대전광역시 유성구청,2025-07-16
탑립동030,1,대전광역시 유성구 탑립로 33-2,대전광역시 유성구 탑립동 587-34,36.41086473,127.3983666,2020,한전주,042-611-2506,대전광역시 유성구청,2025-07-16
탑립동031,1,,대전광역시 유성구 탑립동 591-1,36.41102317,127.3979367,2020,한전주,042-611-2506,대전광역시 유성구청,2025-07-16
탑립동032,1,대전광역시 유성구 탑립로 28,대전광역시 유성구 탑립동 593,36.41101977,127.3973553,2020,한전주,042-611-2506,대전광역시 유성구청,2025-07-16
탑립동033,1,대전광역시 유성구 탑립로 31,대전광역시 유성구 탑립동 591-2,36.41097022,127.3979458,2020,한전주,042-611-2506,대전광역시 유성구청,2025-07-16
탑립동034,1,대전광역시 유성구 탑립로 38,대전광역시 유성구 탑립동 595,36.41040591,127.3977566,2020,한전주,042-611-2506,대전광역시 유성구청,2025-07-16
탑립동035,1,대전광역시 유성구 탑립로 40,대전광역시 유성구 탑립동 595-2,36.41024875,127.3977277,2020,한전주,042-611-2506,대전광역시 유성구청,2025-07-16
탑립동036,1,,대전광역시 유성구 탑립동 652,36.4100087,127.3983204,2020,한전주,042-611-2506,대전광역시 유성구청,2025-07-16
탑립동037,1,,대전광역시 유성구 탑립동 652,36.4100087,127.3983204,2020,한전주,042-611-2506,대전광역시 유성구청,2025-07-16
탑립동038,1,대전광역시 유성구 탑립로29번길 64,대전광역시 유성구 탑립동 583-4,36.4102055,127.3986813,2020,한전주,042-611-2506,대전광역시 유성구청,2025-07-16
탑립동039,1,대전광역시 유성구 탑립로 42,대전광역시 유성구 탑립동 596,36.40999712,127.3977644,2020,한전주,042-611-2506,대전광역시 유성구청,2025-07-16
탑립동040,1,대전광역시 유성구 탑립로 42,대전광역시 유성구 탑립동 596,36.40999712,127.3977644,2020,한전주,042-611-2506,대전광역시 유성구청,2025-07-16
탑립동041,1,대전광역시 유성구 탑립로 40-1,대전광역시 유성구 탑립동 595-5,36.41024929,127.397567,2020,한전주,042-611-2506,대전광역시 유성구청,2025-07-16
탑립동042,1,대전광역시 유성구 탑립로 14,대전광역시 유성구 탑립동 627-4,36.4108455,127.3958579,2020,한전주,042-611-2506,대전광역시 유성구청,2025-07-16
탑립동043,1,대전광역시 유성구 탑립로 9,대전광역시 유성구 용산동 406-7,36.41125311,127.3956639,2020,한전주,042-611-2506,대전광역시 유성구청,2025-07-16
탑립동044,1,대전광역시 유성구 탑립로 42,대전광역시 유성구 탑립동 596,36.40999712,127.3977644,2020,건축물,042-611-2506,대전광역시 유성구청,2025-07-16
탑립동045,1,대전광역시 유성구 탑립로 42,대전광역시 유성구 탑립동 596,36.40999712,127.3977644,2020,건축물,042-611-2506,대전광역시 유성구청,2025-07-16
탑립동046,1,대전광역시 유성구 엑스포로539번길 202-21,대전광역시 유성구 탑립동 601,36.40945659,127.3966007,2020,건축물,042-611-2506,대전광역시 유성구청,2025-07-16
탑립동047,1,대전광역시 유성구 엑스포로539번길 202-16,대전광역시 유성구 탑립동 602-1,36.40911522,127.3966322,2020,한전주,042-611-2506,대전광역시 유성구청,2025-07-16
탑립동048,1,대전광역시 유성구 엑스포로539번길 200,대전광역시 유성구 탑립동 617-1,36.40870881,127.3962991,2020,한전주,042-611-2506,대전광역시 유성구청,2025-07-16
탑립동049,1,대전광역시 유성구 엑스포로539번길 202-8,대전광역시 유성구 탑립동 615,36.40866384,127.3970605,2020,한전주,042-611-2506,대전광역시 유성구청,2025-07-16
탑립동050,1,대전광역시 유성구 엑스포로539번길 203,대전광역시 유성구 탑립동 618-6,36.40860468,127.3959055,2020,한전주,042-611-2506,대전광역시 유성구청,2025-07-16
탑립동051,1,대전광역시 유성구 엑스포로539번길 205,대전광역시 유성구 탑립동 618-5,36.40862949,127.3957088,2020,한전주,042-611-2506,대전광역시 유성구청,2025-07-16
탑립동052,1,대전광역시 유성구 엑스포로539번길 217,대전광역시 유성구 탑립동 618-23,36.40902331,127.3952149,2020,한전주,042-611-2506,대전광역시 유성구청,2025-07-16
탑립동053,1,대전광역시 유성구 엑스포로539번길 227,대전광역시 유성구 탑립동 620-8,36.40945372,127.3943641,2020,한전주,042-611-2506,대전광역시 유성구청,2025-07-16
탑립동054,1,,대전광역시 유성구 탑립동 620-15,36.40988236,127.3947978,2020,한전주,042-611-2506,대전광역시 유성구청,2025-07-16
탑립동055,1,대전광역시 유성구 탑립로 14,대전광역시 유성구 탑립동 627-4,36.4108455,127.3958579,2020,,042-611-2506,대전광역시 유성구청,2025-07-16
탑립동062,1,대전광역시 유성구 엑스포로625번길 51,대전광역시 유성구 탑립동 643-2,36.41230292,127.4057486,2020,한전주,042-611-2506,대전광역시 유성구청,2025-07-16
탑립동063,1,,대전광역시 유성구 탑립동 591-7,36.41082819,127.3978335,2020,한전주,042-611-2506,대전광역시 유성구청,2025-07-16
하기동001,1,대전광역시 유성구 송림로19번길 23,대전광역시 유성구 하기동 411-6,36.38888142,127.320962,2020,한전주,042-611-2506,대전광역시 유성구청,2025-07-16
하기동002,1,대전광역시 유성구 송림로19번길 19,대전광역시 유성구 하기동 411,36.38898832,127.3206186,2020,한전주,042-611-2506,대전광역시 유성구청,2025-07-16
하기동003,1,대전광역시 유성구 송림로19번길 35,대전광역시 유성구 하기동 411-1,36.38947101,127.3207797,2020,한전주,042-611-2506,대전광역시 유성구청,2025-07-16
하기동004,1,대전광역시 유성구 송림로19번길 35,대전광역시 유성구 하기동 411-1,36.38947101,127.3207797,2020,한전주,042-611-2506,대전광역시 유성구청,2025-07-16
하기동005,1,대전광역시 유성구 송림로19번길 87,대전광역시 유성구 하기동 441,36.39145371,127.3214383,2020,한전주,042-611-2506,대전광역시 유성구청,2025-07-16
하기동006,1,대전광역시 유성구 노은로 353,대전광역시 유성구 하기동 513,36.38935688,127.3220692,2020,한전주,042-611-2506,대전광역시 유성구청,2025-07-16
하기동007,1,대전광역시 유성구 노은로367번길 42,대전광역시 유성구 하기동 330-1,36.39263711,127.3257688,2020,한전주,042-611-2506,대전광역시 유성구청,2025-07-16
하기동008,1,,대전광역시 유성구 하기동 330-4,36.39265715,127.3255697,2020,한전주,042-611-2506,대전광역시 유성구청,2025-07-16
하기동009,1,대전광역시 유성구 노은로367번길 42,대전광역시 유성구 하기동 330-1,36.39263711,127.3257688,2020,한전주,042-611-2506,대전광역시 유성구청,2025-07-16
하기동010,1,,대전광역시 유성구 하기동 산 29,36.3925989,127.3273252,2020,한전주,042-611-2506,대전광역시 유성구청,2025-07-16
하기동011,1,,대전광역시 유성구 하기동 산 29,36.3933963,127.3264934,2020,한전주,042-611-2506,대전광역시 유성구청,2025-07-16
하기동012,1,대전광역시 유성구 노은로367번길 66,대전광역시 유성구 하기동 328,36.39259106,127.3273172,2020,한전주,042-611-2506,대전광역시 유성구청,2025-07-16
하기동013,1,대전광역시 유성구 노은로367번길 66,대전광역시 유성구 하기동 328,36.39259106,127.3273172,2020,한전주,042-611-2506,대전광역시 유성구청,2025-07-16
하기동014,1,,대전광역시 유성구 하기동 316,36.39334457,127.3264469,2020,한전주,042-611-2506,대전광역시 유성구청,2025-07-16
하기동015,1,,대전광역시 유성구 하기동 320,36.39381591,127.3257882,2020,한전주,042-611-2506,대전광역시 유성구청,2025-07-16
하기동016,1,대전광역시 유성구 노은로367번길 65-62,대전광역시 유성구 하기동 296-1,36.3952891,127.3261536,2020,한전주,042-611-2506,대전광역시 유성구청,2025-07-16
하기동017,1,대전광역시 유성구 노은로367번길 65-60,대전광역시 유성구 하기동 297,36.39509124,127.3264023,2020,한전주,042-611-2506,대전광역시 유성구청,2025-07-16
하기동018,1,대전광역시 유성구 노은로367번길 66,대전광역시 유성구 하기동 328,36.39259106,127.3273172,2020,한전주,042-611-2506,대전광역시 유성구청,2025-07-16
하기동019,1,대전광역시 유성구 노은로367번길 66,대전광역시 유성구 하기동 328,36.39259106,127.3273172,2020,한전주,042-611-2506,대전광역시 유성구청,2025-07-16
하기동020,1,대전광역시 유성구 노은로367번길 108,대전광역시 유성구 하기동 328-3,36.392277,127.3288957,2020,한전주,042-611-2506,대전광역시 유성구청,2025-07-16
하기동021,1,대전광역시 유성구 노은로367번길 108,대전광역시 유성구 하기동 328-3,36.39223923,127.3288957,2020,한전주,042-611-2506,대전광역시 유성구청,2025-07-16
하기동022,1,대전광역시 유성구 노은로367번길 109,대전광역시 유성구 하기동 307,36.39229604,127.3293745,2020,한전주,042-611-2506,대전광역시 유성구청,2025-07-16
하기동023,1,대전광역시 유성구 노은로367번길 109,대전광역시 유성구 하기동 307,36.39229604,127.3293745,2020,한전주,042-611-2506,대전광역시 유성구청,2025-07-16
하기동024,1,,대전광역시 유성구 하기동 307-1,36.39248539,127.3296488,2020,한전주,042-611-2506,대전광역시 유성구청,2025-07-16
하기동025,1,,대전광역시 유성구 하기동 270-1,36.39177863,127.3315767,2020,한전주,042-611-2506,대전광역시 유성구청,2025-07-16
하기동026,1,대전광역시 유성구 하기로143번길 184-11,대전광역시 유성구 하기동 58-9,36.39145466,127.337525,2020,한전주,042-611-2506,대전광역시 유성구청,2025-07-16
하기동027,1,대전광역시 유성구 하기로143번길 184-86,대전광역시 유성구 하기동 50-6,36.39431815,127.3358561,2020,한전주,042-611-2506,대전광역시 유성구청,2025-07-16
하기동028,1,,대전광역시 유성구 하기동 산 64-22,36.39251867,127.3438082,2020,한전주,042-611-2506,대전광역시 유성구청,2025-07-16
하기동029,1,,대전광역시 유성구 하기동 산 64-22,36.39251867,127.3438082,2020,한전주,042-611-2506,대전광역시 유성구청,2025-07-16
하기동030,1,대전광역시 유성구 하기로143번길 18,대전광역시 유성구 하기동 41-2,36.39099173,127.3447834,2020,한전주,042-611-2506,대전광역시 유성구청,2025-07-16
하기동031,1,대전광역시 유성구 하기로143번길 18,대전광역시 유성구 하기동 41-2,36.39099173,127.3447834,2020,한전주,042-611-2506,대전광역시 유성구청,2025-07-16
하기동032,1,대전광역시 유성구 하기로143번길 21,대전광역시 유성구 하기동 40-1,36.39112966,127.3443257,2020,한전주,042-611-2506,대전광역시 유성구청,2025-07-16
하기동033,1,,대전광역시 유성구 하기동 41-10,36.39102463,127.3446165,2020,한전주,042-611-2506,대전광역시 유성구청,2025-07-16
하기동034,1,대전광역시 유성구 하기로 153,대전광역시 유성구 하기동 18,36.38974623,127.3459651,2020,한전주,042-611-2506,대전광역시 유성구청,2025-07-16
하기동035,1,,대전광역시 유성구 하기동 38,36.3909196,127.3430077,2020,한전주,042-611-2506,대전광역시 유성구청,2025-07-16
하기동036,1,,대전광역시 유성구 하기동 38,36.39094225,127.3430077,2020,한전주,042-611-2506,대전광역시 유성구청,2025-07-16
하기동037,1,,대전광역시 유성구 하기동 38,36.39094225,127.3430077,2020,한전주,042-611-2506,대전광역시 유성구청,2025-07-16
하기동038,1,,대전광역시 유성구 하기동 38,36.39094225,127.3430077,2020,한전주,042-611-2506,대전광역시 유성구청,2025-07-16
하기동039,1,대전광역시 유성구 하기로 27,대전광역시 유성구 하기동 547,36.38842538,127.3336103,2020,한전주,042-611-2506,대전광역시 유성구청,2025-07-16
하기동040,1,대전광역시 유성구 하기로 41,대전광역시 유성구 하기동 231-1,36.38875833,127.3346843,2020,한전주,042-611-2506,대전광역시 유성구청,2025-07-16
하기동041,1,,대전광역시 유성구 하기동 89-1,36.38780168,127.3353475,2020,한전주,042-611-2506,대전광역시 유성구청,2025-07-16
하기동042,1,,대전광역시 유성구 하기동 91,36.3877101,127.336251,2020,한전주,042-611-2506,대전광역시 유성구청,2025-07-16
하기동043,1,,대전광역시 유성구 하기동 91,36.38770887,127.3362671,2020,한전주,042-611-2506,대전광역시 유성구청,2025-07-16
하기동044,1,대전광역시 유성구 하기로 34-29,대전광역시 유성구 하기동 88-2,36.38756897,127.3357747,2020,한전주,042-611-2506,대전광역시 유성구청,2025-07-16
하기동045,1,,대전광역시 유성구 하기동 91,36.38770887,127.3362671,2020,한전주,042-611-2506,대전광역시 유성구청,2025-07-16
하기동046,1,대전광역시 유성구 하기로56번길 33,대전광역시 유성구 하기동 121-1,36.38709118,127.3364426,2020,한전주,042-611-2506,대전광역시 유성구청,2025-07-16
하기동047,1,대전광역시 유성구 하기로56번길 37,대전광역시 유성구 하기동 121-2,36.38690395,127.3364641,2020,한전주,042-611-2506,대전광역시 유성구청,2025-07-16
하기동048,1,대전광역시 유성구 하기로56번길 45,대전광역시 유성구 하기동 121-5,36.38659324,127.3364579,2020,한전주,042-611-2506,대전광역시 유성구청,2025-07-16
하기동049,1,대전광역시 유성구 하기로56번길 55,대전광역시 유성구 하기동 120-1,36.3864295,127.3368933,2020,한전주,042-611-2506,대전광역시 유성구청,2025-07-16
하기동050,1,대전광역시 유성구 하기로56번길 65,대전광역시 유성구 하기동 118,36.38647219,127.3374903,2020,한전주,042-611-2506,대전광역시 유성구청,2025-07-16
하기동051,1,대전광역시 유성구 하기로66번길 64,대전광역시 유성구 하기동 143,36.38603053,127.3376166,2020,한전주,042-611-2506,대전광역시 유성구청,2025-07-16
하기동052,1,,대전광역시 유성구 하기동 117,36.38643778,127.3377374,2020,한전주,042-611-2506,대전광역시 유성구청,2025-07-16
하기동053,1,대전광역시 유성구 하기로66번길 64,대전광역시 유성구 하기동 143,36.38603053,127.3376166,2020,한전주,042-611-2506,대전광역시 유성구청,2025-07-16
하기동054,1,대전광역시 유성구 하기로66번길 76,대전광역시 유성구 하기동 142-2,36.38601939,127.3371555,2020,한전주,042-611-2506,대전광역시 유성구청,2025-07-16
하기동055,1,대전광역시 유성구 하기로66번길 65-26,대전광역시 유성구 하기동 137-1,36.3852074,127.3367405,2020,한전주,042-611-2506,대전광역시 유성구청,2025-07-16
하기동056,1,대전광역시 유성구 하기로66번길 102,대전광역시 유성구 하기동 131-3,36.38533681,127.3359855,2020,한전주,042-611-2506,대전광역시 유성구청,2025-07-16
하기동057,1,대전광역시 유성구 하기로66번길 114,대전광역시 유성구 하기동 131-7,36.3849995,127.3354069,2020,한전주,042-611-2506,대전광역시 유성구청,2025-07-16
하기동058,1,대전광역시 유성구 하기로66번길 65-26,대전광역시 유성구 하기동 137-1,36.38523933,127.3367741,2020,한전주,042-611-2506,대전광역시 유성구청,2025-07-16
하기동059,1,대전광역시 유성구 하기로66번길 65-26,대전광역시 유성구 하기동 137-1,36.38523933,127.3367741,2020,한전주,042-611-2506,대전광역시 유성구청,2025-07-16
하기동060,1,대전광역시 유성구 하기로66번길 65-30,대전광역시 유성구 하기동 138,36.38520473,127.3364612,2020,한전주,042-611-2506,대전광역시 유성구청,2025-07-16
하기동061,1,대전광역시 유성구 하기로56번길 13-6,대전광역시 유성구 하기동 93-2,36.38793465,127.3370913,2020,한전주,042-611-2506,대전광역시 유성구청,2025-07-16
하기동062,1,대전광역시 유성구 하기로 34-24,대전광역시 유성구 하기동 산 9-1,36.38745442,127.3348808,2020,한전주,042-611-2506,대전광역시 유성구청,2025-07-16
하기동063,1,대전광역시 유성구 하기로56번길 45,대전광역시 유성구 하기동 121-5,36.38659324,127.3364579,2020,한전주,042-611-2506,대전광역시 유성구청,2025-07-16
하기동064,1,,대전광역시 유성구 하기동 592,36.38659012,127.3227503,2020,,042-611-2506,대전광역시 유성구청,2025-07-16
하기동065,1,대전광역시 유성구 하기로143번길 184-66,대전광역시 유성구 하기동 53-1,36.39350094,127.3358635,2020,,042-611-2506,대전광역시 유성구청,2025-07-16
하기동066,1,대전광역시 유성구 하기로56번길 110-14,대전광역시 유성구 하기동 146-3,36.38498181,127.3383879,2020,,042-611-2506,대전광역시 유성구청,2025-07-16
하기동067,1,대전광역시 유성구 노은로410번길 123-17,대전광역시 유성구 하기동 549-13,36.38862601,127.3317232,2020,전용주,042-611-2506,대전광역시 유성구청,2025-07-16
하기동068,1,,대전광역시 유성구 하기동 146-5,36.3856084,127.338943,2020,한전주,042-611-2506,대전광역시 유성구청,2025-07-16
하기동069,1,,대전광역시 유성구 하기동 산 35-10,36.39239758,127.3219864,2020,전용주,042-611-2506,대전광역시 유성구청,2025-07-16
하기동070,1,,대전광역시 유성구 하기동 산 35-11,36.3920165,127.3231398,2020,한전주,042-611-2506,대전광역시 유성구청,2025-07-16
학하동001,1,대전광역시 유성구 진잠옛로 131-21,대전광역시 유성구 학하동 480-13,36.33099868,127.3102401,2020,한전주,042-611-2506,대전광역시 유성구청,2025-07-16
학하동002,1,대전광역시 유성구 진잠옛로135번길 40,대전광역시 유성구 학하동 501-1,36.33258646,127.3094435,2020,한전주,042-611-2506,대전광역시 유성구청,2025-07-16
학하동003,1,대전광역시 유성구 진잠옛로135번길 40,대전광역시 유성구 학하동 501-1,36.33258646,127.3094435,2020,한전주,042-611-2506,대전광역시 유성구청,2025-07-16
학하동004,1,대전광역시 유성구 진잠옛로135번길 40,대전광역시 유성구 학하동 501-1,36.33258646,127.3094435,2020,한전주,042-611-2506,대전광역시 유성구청,2025-07-16
학하동005,1,대전광역시 유성구 진잠옛로175번길 87,대전광역시 유성구 학하동 517-2,36.33343715,127.3099072,2020,한전주,042-611-2506,대전광역시 유성구청,2025-07-16
학하동006,1,대전광역시 유성구 학하남로90번길 76,대전광역시 유성구 학하동 787,36.33479186,127.3088031,2020,한전주,042-611-2506,대전광역시 유성구청,2025-07-16
학하동007,1,대전광역시 유성구 진잠옛로175번길 45,대전광역시 유성구 학하동 575-24,36.33516013,127.3108363,2020,한전주,042-611-2506,대전광역시 유성구청,2025-07-16
학하동008,1,,대전광역시 유성구 학하동 822,36.33507722,127.3105729,2020,한전주,042-611-2506,대전광역시 유성구청,2025-07-16
학하동009,1,대전광역시 유성구 학하남로 121,대전광역시 유성구 학하동 782-15,36.33601376,127.3111031,2020,한전주,042-611-2506,대전광역시 유성구청,2025-07-16
학하동010,1,,대전광역시 유성구 학하동 820-1,36.33685937,127.3123534,2020,한전주,042-611-2506,대전광역시 유성구청,2025-07-16
학하동011,1,대전광역시 유성구 진잠옛로175번길 30,대전광역시 유성구 학하동 574-5,36.33554741,127.3113759,2020,한전주,042-611-2506,대전광역시 유성구청,2025-07-16
학하동012,1,대전광역시 유성구 진잠옛로 173,대전광역시 유성구 학하동 581-4,36.33500141,127.3125742,2020,한전주,042-611-2506,대전광역시 유성구청,2025-07-16
학하동013,1,대전광역시 유성구 진잠옛로 186,대전광역시 유성구 학하동 377-2,36.33576322,127.3134849,2020,한전주,042-611-2506,대전광역시 유성구청,2025-07-16
학하동014,1,,대전광역시 유성구 학하동 354-2,36.33665982,127.3132621,2020,한전주,042-611-2506,대전광역시 유성구청,2025-07-16
학하동015,1,대전광역시 유성구 진잠옛로 195,대전광역시 유성구 학하동 355-2,36.33677026,127.3136689,2020,한전주,042-611-2506,대전광역시 유성구청,2025-07-16
학하동016,1,대전광역시 유성구 학하동로63번길 79,대전광역시 유성구 학하동 771-11,36.33732189,127.3144143,2020,한전주,042-611-2506,대전광역시 유성구청,2025-07-16
학하동017,1,,대전광역시 유성구 학하동 574-4,36.33544497,127.3115732,2020,한전주,042-611-2506,대전광역시 유성구청,2025-07-16
학하동018,1,대전광역시 유성구 진잠옛로135번길 180,대전광역시 유성구 학하동 676-6,36.33515591,127.303999,2020,한전주,042-611-2506,대전광역시 유성구청,2025-07-16
학하동019,1,대전광역시 유성구 진잠옛로135번길 153,대전광역시 유성구 학하동 산 4-9,36.33371272,127.304088,2020,한전주,042-611-2506,대전광역시 유성구청,2025-07-16
학하동020,1,대전광역시 유성구 진잠옛로135번길 153,대전광역시 유성구 학하동 산 4-9,36.33371272,127.304088,2020,한전주,042-611-2506,대전광역시 유성구청,2025-07-16
학하동021,1,,대전광역시 유성구 학하동 산 4-7,36.33451966,127.3044598,2020,한전주,042-611-2506,대전광역시 유성구청,2025-07-16
학하동022,1,대전광역시 유성구 진잠옛로 212,대전광역시 유성구 학하동 262,36.33784067,127.3156232,2020,한전주,042-611-2506,대전광역시 유성구청,2025-07-16
학하동023,1,,대전광역시 유성구 학하동 1-1,36.33518262,127.3239023,2020,한전주,042-611-2506,대전광역시 유성구청,2025-07-16
학하동024,1,,대전광역시 유성구 학하동 691-2,36.33179698,127.3198236,2020,한전주,042-611-2506,대전광역시 유성구청,2025-07-16
학하동025,1,,대전광역시 유성구 학하동 362,36.33391154,127.3127102,2020,,042-611-2506,대전광역시 유성구청,2025-07-16
학하동026,1,,대전광역시 유성구 학하동 362,36.33391154,127.3127102,2020,한전주,042-611-2506,대전광역시 유성구청,2025-07-16
학하동027,1,대전광역시 유성구 진잠옛로 166,대전광역시 유성구 학하동 360-2,36.33419399,127.3126637,2020,한전주,042-611-2506,대전광역시 유성구청,2025-07-16
학하동028,1,대전광역시 유성구 진잠옛로 181,대전광역시 유성구 학하동 358-2,36.33552557,127.3128699,2020,한전주,042-611-2506,대전광역시 유성구청,2025-07-16
학하동029,1,대전광역시 유성구 진잠옛로 183,대전광역시 유성구 학하동 357,36.33588739,127.3128714,2020,한전주,042-611-2506,대전광역시 유성구청,2025-07-16
학하동030,1,,대전광역시 유성구 학하동 산 5-39,36.413705,127.3770182,2020,한전주,042-611-2506,대전광역시 유성구청,2025-07-16
화암동001,1,,대전광역시 유성구 화암동 300,36.41498346,127.3779714,2020,한전주,042-611-2506,대전광역시 유성구청,2025-07-16
화암동002,1,대전광역시 유성구 대덕대로 953,대전광역시 유성구 화암동 173-4,36.41391741,127.3778548,2020,한전주,042-611-2506,대전광역시 유성구청,2025-07-16
화암동003,1,대전광역시 유성구 대덕대로953번길 22,대전광역시 유성구 화암동 175,36.41370295,127.3769347,2020,한전주,042-611-2506,대전광역시 유성구청,2025-07-16
화암동004,1,대전광역시 유성구 대덕대로953번길 34,대전광역시 유성구 화암동 155-35,36.41323901,127.3764556,2020,한전주,042-611-2506,대전광역시 유성구청,2025-07-16
화암동005,1,대전광역시 유성구 대덕대로925번길 68-8,대전광역시 유성구 화암동 155-34,36.41335208,127.3758942,2020,한전주,042-611-2506,대전광역시 유성구청,2025-07-16
화암동006,1,대전광역시 유성구 대덕대로 944,대전광역시 유성구 화암동 119-1,36.41292804,127.3788159,2020,한전주,042-611-2506,대전광역시 유성구청,2025-07-16
화암동007,1,대전광역시 유성구 대덕대로925번길 11,대전광역시 유성구 화암동 156-2,36.41191928,127.3771904,2020,한전주,042-611-2506,대전광역시 유성구청,2025-07-16
화암동008,1,대전광역시 유성구 대덕대로925번길 24,대전광역시 유성구 화암동 155-37,36.4122048,127.3767955,2020,한전주,042-611-2506,대전광역시 유성구청,2025-07-16
화암동009,1,대전광역시 유성구 대덕대로925번길 26-9,대전광역시 유성구 화암동 155-12,36.41269327,127.3765989,2020,한전주,042-611-2506,대전광역시 유성구청,2025-07-16
화암동010,1,대전광역시 유성구 대덕대로 939,대전광역시 유성구 화암동 174,36.41296095,127.3770167,2020,한전주,042-611-2506,대전광역시 유성구청,2025-07-16
화암동011,1,대전광역시 유성구 대덕대로925번길 33,대전광역시 유성구 화암동 155-48,36.41221981,127.3762212,2020,한전주,042-611-2506,대전광역시 유성구청,2025-07-16
화암동012,1,대전광역시 유성구 대덕대로925번길 29-1,대전광역시 유성구 화암동 155-7,36.41209425,127.3764609,2020,한전주,042-611-2506,대전광역시 유성구청,2025-07-16
화암동013,1,대전광역시 유성구 대덕대로925번길 38,대전광역시 유성구 화암동 155-61,36.41251247,127.376063,2020,한전주,042-611-2506,대전광역시 유성구청,2025-07-16
화암동014,1,대전광역시 유성구 대덕대로925번길 51-3,대전광역시 유성구 화암동 155-22,36.41256983,127.3751303,2020,한전주,042-611-2506,대전광역시 유성구청,2025-07-16
화암동015,1,대전광역시 유성구 대덕대로925번길 51-3,대전광역시 유성구 화암동 155-22,36.41256983,127.3751303,2020,한전주,042-611-2506,대전광역시 유성구청,2025-07-16
화암동016,1,,대전광역시 유성구 화암동 155-115,36.41257567,127.3741581,2020,한전주,042-611-2506,대전광역시 유성구청,2025-07-16
화암동017,1,대전광역시 유성구 대덕대로925번길 78,대전광역시 유성구 화암동 181-5,36.41356057,127.3749027,2020,한전주,042-611-2506,대전광역시 유성구청,2025-07-16
화암동018,1,대전광역시 유성구 대덕대로 907-9,대전광역시 유성구 화암동 150-5,36.4105866,127.3768014,2020,한전주,042-611-2506,대전광역시 유성구청,2025-07-16
화암동019,1,대전광역시 유성구 대덕대로 907-5,대전광역시 유성구 화암동 147-8,36.41039446,127.376778,2020,한전주,042-611-2506,대전광역시 유성구청,2025-07-16
화암동020,1,대전광역시 유성구 대덕대로905번길 9,대전광역시 유성구 화암동 147-1,36.41008121,127.3763489,2020,한전주,042-611-2506,대전광역시 유성구청,2025-07-16
화암동021,1,대전광역시 유성구 대덕대로905번길 22,대전광역시 유성구 화암동 149-6,36.41034367,127.3760239,2020,한전주,042-611-2506,대전광역시 유성구청,2025-07-16
화암동022,1,,대전광역시 유성구 화암동 149-4,36.4108208,127.3739841,2020,한전주,042-611-2506,대전광역시 유성구청,2025-07-16
화암동023,1,대전광역시 유성구 대덕대로837번길 31,대전광역시 유성구 화암동 71,36.40379917,127.3755505,2020,한전주,042-611-2506,대전광역시 유성구청,2025-07-16
화암동024,1,대전광역시 유성구 대덕대로837번길 31,대전광역시 유성구 화암동 71,36.40379917,127.3755505,2020,한전주,042-611-2506,대전광역시 유성구청,2025-07-16
화암동025,1,대전광역시 유성구 대덕대로837번길 31,대전광역시 유성구 화암동 71,36.40379917,127.3755505,2020,한전주,042-611-2506,대전광역시 유성구청,2025-07-16
화암동026,1,,대전광역시 유성구 화암동 228-2,36.4022777,127.373631,2020,한전주,042-611-2506,대전광역시 유성구청,2025-07-16
화암동027,1,대전광역시 유성구 대덕대로837번길 60,대전광역시 유성구 화암동 230,36.40304274,127.3739695,2020,한전주,042-611-2506,대전광역시 유성구청,2025-07-16
화암동028,1,대전광역시 유성구 대덕대로799번길 41,대전광역시 유성구 화암동 232,36.40272174,127.3739982,2020,한전주,042-611-2506,대전광역시 유성구청,2025-07-16
화암동029,1,대전광역시 유성구 대덕대로837번길 79,대전광역시 유성구 화암동 241-1,36.40232945,127.3736006,2020,한전주,042-611-2506,대전광역시 유성구청,2025-07-16
화암동030,1,대전광역시 유성구 대덕대로837번길 88,대전광역시 유성구 화암동 238-1,36.40234663,127.3731198,2020,한전주,042-611-2506,대전광역시 유성구청,2025-07-16
화암동031,1,대전광역시 유성구 대덕대로799번길 19-9,대전광역시 유성구 화암동 239,36.40196368,127.3734211,2020,한전주,042-611-2506,대전광역시 유성구청,2025-07-16
화암동033,1,대전광역시 유성구 대덕대로837번길 100,대전광역시 유성구 화암동 260-5,36.40210337,127.3726103,2020,한전주,042-611-2506,대전광역시 유성구청,2025-07-16
화암동034,1,,대전광역시 유성구 화암동 260-3,36.40176704,127.3722435,2020,한전주,042-611-2506,대전광역시 유성구청,2025-07-16
화암동035,1,대전광역시 유성구 대덕대로837번길 109,대전광역시 유성구 화암동 260-1,36.4015903,127.3722402,2020,한전주,042-611-2506,대전광역시 유성구청,2025-07-16
화암동036,1,대전광역시 유성구 대덕대로799번길 29,대전광역시 유성구 화암동 241-2,36.40228482,127.3738657,2020,한전주,042-611-2506,대전광역시 유성구청,2025-07-16
화암동037,1,대전광역시 유성구 대덕대로799번길 19-6,대전광역시 유성구 화암동 244-2,36.4021025462,127.3738064,2020,한전주,042-611-2506,대전광역시 유성구청,2025-07-16
화암동038,1,대전광역시 유성구 대덕대로799번길 19-5,대전광역시 유성구 화암동 246-2,36.40165131,127.3732008,2020,한전주,042-611-2506,대전광역시 유성구청,2025-07-16
화암동039,1,,대전광역시 유성구 화암동 287-5,36.39869942,127.3690444,2020,한전주,042-611-2506,대전광역시 유성구청,2025-07-16
화암동040,1,,대전광역시 유성구 화암동 287-6,36.39864173,127.3698961,2020,한전주,042-611-2506,대전광역시 유성구청,2025-07-16
화암동041,1,,대전광역시 유성구 화암동 287-6,36.39864173,127.3698961,2020,한전주,042-611-2506,대전광역시 유성구청,2025-07-16
화암동042,1,대전광역시 유성구 대덕대로925번길 24,대전광역시 유성구 화암동 155-37,36.41222206,127.3767955,2020,한전주,042-611-2506,대전광역시 유성구청,2025-07-16
화암동043,1,대전광역시 유성구 대덕대로 988,대전광역시 유성구 화암동 299-29,36.41700194,127.3783602,2020,한전주,042-611-2506,대전광역시 유성구청,2025-07-16
화암동044,1,대전광역시 유성구 대덕대로905번길 21,대전광역시 유성구 화암동 142,36.41022363,127.3758526,2020,한전주,042-611-2506,대전광역시 유성구청,2025-07-16
구암동340,1,대전광역시 유성구 현충원로 389,대전광역시 유성구 구암동 431-1,36.35947415,127.313739,2020,전용주,042-611-2506,대전광역시 유성구청,2025-07-16
죽동 신 37,1,대전광역시 유성구 은구비로136번안길 41,대전광역시 유성구 죽동 322-4,36.3809568454,127.3294413646,2020,한전주,042-611-2506,대전광역시 유성구청,2025-07-16
계산동 신92,1,대전광역시 유성구 학산로 50-5,대전광역시 유성구 계산동 280,36.33863805,127.2978867,2020,한전주,042-611-2506,대전광역시 유성구청,2025-07-16
원신흥동001,1,대전광역시 유성구 도안동로410번길 20-7,대전광역시 유성구 원신흥동 202-4,36.34152082,127.3488459,2020,한전주,042-611-2506,대전광역시 유성구청,2025-07-16
원신흥동014,1,대전광역시 유성구 도안동로410번길 20-10,대전광역시 유성구 원신흥동 148-9,36.34128183,127.3489999,2020,한전주,042-611-2506,대전광역시 유성구청,2025-07-16
구암동 신398,1,대전광역시 유성구 유성대로713번길 211-7,대전광역시 유성구 구암동 410-6,36.35739632,127.3209283,2020,한전주,042-611-2506,대전광역시 유성구청,2025-07-16
덕명동 신 38,1,,대전광역시 유성구 덕명동 482,36.3487997,127.2931364,2020,한전주,042-611-2506,대전광역시 유성구청,2025-07-16
봉산동 신 67,1,,대전광역시 유성구 봉산동 775,36.44165328,127.3838416,2020,전용주,042-611-2506,대전광역시 유성구청,2025-07-16
봉산동 신 68,1,,대전광역시 유성구 봉산동 775,36.44165328,127.3838416,2020,,042-611-2506,대전광역시 유성구청,2025-07-16
용계동 신209,1,대전광역시 유성구 용계로 65,대전광역시 유성구 용계동 78-1,36.3247413,127.3318596,2020,한전주,042-611-2506,대전광역시 유성구청,2025-07-16
용계동 신211,1,,대전광역시 유성구 용계동 34-12,36.32671937,127.3353431,2020,,042-611-2506,대전광역시 유성구청,2025-07-16
용계동 신212,1,,대전광역시 유성구 용계동 71-26,36.32445752,127.3348044,2020,,042-611-2506,대전광역시 유성구청,2025-07-16
구암동 신 399,1,대전광역시 유성구 유성대로713번길 221,대전광역시 유성구 구암동 527-85,36.35762233,127.3203268,2020,,042-611-2506,대전광역시 유성구청,2025-07-16
구암동 신-398,1,대전광역시 유성구 계룡로38번길 92-2,대전광역시 유성구 구암동 606-12,36.35163972,127.3331043,2020,,042-611-2506,대전광역시 유성구청,2025-07-16
성북동 신-153,1,,대전광역시 유성구 성북동 481-8,36.31427616,127.2850637,2020,한전주,042-611-2506,대전광역시 유성구청,2025-07-16
성북동 신-154,1,대전광역시 유성구 성북로161번안길 67-7,대전광역시 유성구 성북동 60-1,36.29617705,127.297013,2020,한전주,042-611-2506,대전광역시 유성구청,2025-07-16
성북동 신-155,1,대전광역시 유성구 성북로161번안길 67-7,대전광역시 유성구 성북동 60-1,36.29617705,127.297013,2020,,042-611-2506,대전광역시 유성구청,2025-07-16
성북동399,1,대전광역시 유성구 성북로154번길 310-25,대전광역시 유성구 성북동 390-3,36.30717763,127.2946488,2020,한전주,042-611-2506,대전광역시 유성구청,2025-07-16
장대동 신 295,1,대전광역시 유성구 유성대로730번길 119-1,대전광역시 유성구 장대동 370-10,36.35801609,127.3391546,2020,전용주,042-611-2506,대전광역시 유성구청,2025-07-16
장대동 신-295,1,대전광역시 유성구 문화원로10번길 12,대전광역시 유성구 장대동 356-20,36.36096363,127.3369018,2020,건축물,042-611-2506,대전광역시 유성구청,2025-07-16
대동068 (신068),1,대전광역시 유성구 대금로 87,대전광역시 유성구 대동 327-6,36.47536124,127.3947305,2020,한전주,042-611-2506,대전광역시 유성구청,2025-07-16
성북동154,1,,대전광역시 유성구 성북동 748,36.29631339,127.2960341,2020,한전주,042-611-2506,대전광역시 유성구청,2025-07-16
궁동130(학교쪽),1,대전광역시 유성구 궁동로 35,대전광역시 유성구 궁동 394,36.36366599,127.3487084,2020,한전주,042-611-2506,대전광역시 유성구청,2025-07-16
궁동132(학교쪽),1,대전광역시 유성구 궁동로18번길 21-7,대전광역시 유성구 궁동 395-9,36.36312561,127.3484445,2020,한전주,042-611-2506,대전광역시 유성구청,2025-07-16
궁동135(학교쪽),1,대전광역시 유성구 궁동로 24,대전광역시 유성구 궁동 395-4,36.36311062,127.347774,2020,한전주,042-611-2506,대전광역시 유성구청,2025-07-16
궁동199(표찰없음),1,대전광역시 유성구 대학로145번길 1,대전광역시 유성구 궁동 421-6,36.36115431,127.3495791,2020,한전주,042-611-2506,대전광역시 유성구청,2025-07-16
대동070 (대동065_1),1,대전광역시 유성구 대금로101번길 97,대전광역시 유성구 대동 388-2,36.47977682,127.394647,2020,한전주,042-611-2506,대전광역시 유성구청,2025-07-16
세동001(표찰없음),1,대전광역시 유성구 세동로 137-23,대전광역시 유성구 세동 35-6,36.28170722,127.2755649,2020,한전주,042-611-2506,대전광역시 유성구청,2025-07-16
세동002(표찰없음),1,대전광역시 유성구 세동로 137-5,대전광역시 유성구 세동 산 53-1,36.28266292,127.275844,2020,한전주,042-611-2506,대전광역시 유성구청,2025-07-16
세동113(신규등록),1,,대전광역시 유성구 세동 291-1,36.29448892,127.2711425,2020,한전주,042-611-2506,대전광역시 유성구청,2025-07-16
세동114(신규등록),1,,대전광역시 유성구 세동 산 35-18,36.30536191,127.272403,2020,한전주,042-611-2506,대전광역시 유성구청,2025-07-16
원내동103(153변경),1,대전광역시 유성구 진잠로 90,대전광역시 유성구 원내동 213-2,36.29967764,127.3159207,2020,한전주,042-611-2506,대전광역시 유성구청,2025-07-16
원내동104(151변경),1,대전광역시 유성구 진잠로150번길 43-8,대전광역시 유성구 원내동 91-16,36.30156346,127.3190094,2020,한전주,042-611-2506,대전광역시 유성구청,2025-07-16
대동066 (대동 신067),1,대전광역시 유성구 대금로 102-67,대전광역시 유성구 대동 208-1,36.47590417,127.3986673,2020,,042-611-2506,대전광역시 유성구청,2025-07-16
대동067 (대동 신068),1,대전광역시 유성구 대금로 87,대전광역시 유성구 대동 327-6,36.47536124,127.3947305,2020,한전주,042-611-2506,대전광역시 유성구청,2025-07-16
교촌동124(표찰없음),1,대전광역시 유성구 진잠로139번길 10-6,대전광역시 유성구 교촌동 624-12,36.30366127,127.3171491,2020,한전주,042-611-2506,대전광역시 유성구청,2025-07-16
궁동038(표찰가려짐),1,대전광역시 유성구 대학로163번길 9,대전광역시 유성구 궁동 427-10,36.3607535,127.3514113,2020,한전주,042-611-2506,대전광역시 유성구청,2025-07-16
궁동048(표찰가려짐),1,대전광역시 유성구 대학로159번길 26,대전광역시 유성구 궁동 407-10,36.361820,127.3512398,2020,한전주,042-611-2506,대전광역시 유성구청,2025-07-16
노은동055(철거대상),1,대전광역시 유성구 노은서로 7,대전광역시 유성구 노은동 564-10,36.36310328,127.3172167,2020,건축물,042-611-2506,대전광역시 유성구청,2025-07-16
노은동136(표찰없음),1,대전광역시 유성구 노은서로80번길 41,대전광역시 유성구 노은동 510-19,36.3678596,127.3152746,2020,전용주,042-611-2506,대전광역시 유성구청,2025-07-16
노은동137(표찰없음),1,,대전광역시 유성구 노은동 514-2,36.36844759,127.3139219,2020,전용주,042-611-2506,대전광역시 유성구청,2025-07-16
노은동138(표찰없음),1,대전광역시 유성구 노은동로87번길 5-9,대전광역시 유성구 노은동 535-19,36.3679695,127.3230442,2020,전용주,042-611-2506,대전광역시 유성구청,2025-07-16
노은동139(표찰없음),1,대전광역시 유성구 노은동로87번길 5-13,대전광역시 유성구 노은동 535-17,36.3679768,127.3227169,2020,건축물,042-611-2506,대전광역시 유성구청,2025-07-16
노은동140(표찰없음),1,,대전광역시 유성구 노은동 535-15,36.36796884,127.3223877,2020,전용주,042-611-2506,대전광역시 유성구청,2025-07-16
노은동141(표찰없음),1,대전광역시 유성구 노은동로87번길 47-16,대전광역시 유성구 노은동 535-8,36.36796883,127.3211912,2020,건축물,042-611-2506,대전광역시 유성구청,2025-07-16
노은동142(표찰없음),1,대전광역시 유성구 노은동로87번길 47-12,대전광역시 유성구 노은동 535-6,36.36797226,127.3208858,2020,건축물,042-611-2506,대전광역시 유성구청,2025-07-16
상대동021(표찰없음),1,대전광역시 유성구 상대서로 39-28,대전광역시 유성구 상대동 317,36.3416424,127.3310703,2020,한전주,042-611-2506,대전광역시 유성구청,2025-07-16
신성동019(표찰없음),1,대전광역시 유성구 신성남로 29,대전광역시 유성구 신성동 253-32,36.38649265,127.3484429,2020,한전주,042-611-2506,대전광역시 유성구청,2025-07-16
신성동140(표찰없음),1,대전광역시 유성구 신성남로 91-7,대전광역시 유성구 신성동 150-1,36.38878961,127.352628,2020,한전주,042-611-2506,대전광역시 유성구청,2025-07-16
신성동141(표찰없음),1,대전광역시 유성구 신성남로 65-15,대전광역시 유성구 신성동 210-44,36.38806351,127.3506489,2020,건축물,042-611-2506,대전광역시 유성구청,2025-07-16
신성동142(표찰없음),1,대전광역시 유성구 신성남로 67,대전광역시 유성구 신성동 210-54,36.38760606,127.3512066,2020,건축물,042-611-2506,대전광역시 유성구청,2025-07-16
신성동143(표찰없음),1,대전광역시 유성구 신성로72번길 38,대전광역시 유성구 신성동 142-13,36.38823308,127.3495203,2020,전용주,042-611-2506,대전광역시 유성구청,2025-07-16
안산동068(표찰없음),1,대전광역시 유성구 안금로25번길 13-9,대전광역시 유성구 안산동 196-2,36.40980438,127.2985661,2020,한전주,042-611-2506,대전광역시 유성구청,2025-07-16
어은동048(표찰없음),1,대전광역시 유성구 어은로48번길 11,대전광역시 유성구 어은동 113-17,36.36301051,127.357630,2020,한전주,042-611-2506,대전광역시 유성구청,2025-07-16
어은동060(표찰없음),1,대전광역시 유성구 농대로2번길 15,대전광역시 유성구 어은동 104-14,36.36127159,127.3545214,2020,한전주,042-611-2506,대전광역시 유성구청,2025-07-16
어은동061(표찰없음),1,대전광역시 유성구 어은로58번길 10,대전광역시 유성구 어은동 110-1,36.36343338,127.3569535,2020,한전주,042-611-2506,대전광역시 유성구청,2025-07-16
원내동036(표찰없음),1,대전광역시 유성구 진잠로74번길 42,대전광역시 유성구 원내동 334-5,36.29873646,127.3189016,2020,건축물,042-611-2506,대전광역시 유성구청,2025-07-16
원내동083(표찰없음),1,대전광역시 유성구 진잠로102번길 50,대전광역시 유성구 원내동 206-5,36.3006864,127.3182418,2020,한전주,042-611-2506,대전광역시 유성구청,2025-07-16
원내동133(표찰없음),1,대전광역시 유성구 원내로57번길 7,대전광역시 유성구 원내동 101-14,36.30031944,127.3217405,2020,한전주,042-611-2506,대전광역시 유성구청,2025-07-16
원내동138(표찰없음),1,대전광역시 유성구 원내로 73,대전광역시 유성구 원내동 360-12,36.29990128,127.3237902354,2020,한전주,042-611-2506,대전광역시 유성구청,2025-07-16
세동115,1,대전광역시 유성구 세동로 506,대전광역시 유성구 세동 662-3,36.3130348,127.2675044,2020,한전주,042-611-2506,대전광역시 유성구청,2025-07-16
노은동143,1,대전광역시 유성구 노은동로88번길 29-1,대전광역시 유성구 노은동 526-5,36.36867912,127.3245995,2020,한전주,042-611-2506,대전광역시 유성구청,2025-07-16
성북동155,1,,대전광역시 유성구 성북동 203,36.2976813,127.2935597,2020,한전주,042-611-2506,대전광역시 유성구청,2025-07-16
장대동303(표찰없음),1,대전광역시 유성구 문화원로10번길 2,대전광역시 유성구 장대동 356-23,36.36132643,127.3371318,2020,건축물,042-611-2506,대전광역시 유성구청,2025-07-16
전민동166 (전민동 신166),1,대전광역시 유성구 전민로 41-80,대전광역시 유성구 문지동 103-13,36.39498138,127.3975089,2020,건축물,042-611-2506,대전광역시 유성구청,2025-07-16
전민동167 (전민동 신167),1,,대전광역시 유성구 문지동 103-11,36.3963272,127.3995736,2020,한전주,042-611-2506,대전광역시 유성구청,2025-07-16
전민동168 (전민동 신168),1,,대전광역시 유성구 전민동 395-2,36.3733879,127.3199458,2020,한전주,042-611-2506,대전광역시 유성구청,2025-07-16
지족동086 (지족동 신-86),1,대전광역시 유성구 은구비서로3번길 33,대전광역시 유성구 지족동 907-16,36.37327279,127.3196763,2020,건축물,042-611-2506,대전광역시 유성구청,2025-07-16
지족동087 (지족동 신-87),1,대전광역시 유성구 은구비서로3번길 8-13,대전광역시 유성구 지족동 908-13,36.37307206,127.3200945,2020,건축물,042-611-2506,대전광역시 유성구청,2025-07-16
지족동088 (지족동 신-88),1,대전광역시 유성구 은구비서로3번길 34,대전광역시 유성구 지족동 908-3,36.37337272,127.3199498,2020,건축물,042-611-2506,대전광역시 유성구청,2025-07-16
지족동089 (지족동 신-83),1,대전광역시 유성구 은구비서로3번길 8-4,대전광역시 유성구 지족동 909-9,36.37261921,127.3203325,2020,건축물,042-611-2506,대전광역시 유성구청,2025-07-16
지족동090 (지족동 신-84),1,대전광역시 유성구 은구비서로3번길 8-18,대전광역시 유성구 지족동 909-4,36.37322947,127.320337,2020,건축물,042-611-2506,대전광역시 유성구청,2025-07-16
지족동092 (지족동 신-85),1,대전광역시 유성구 은구비서로3번길 8-25,대전광역시 유성구 지족동 908-17,36.37367666,127.3200908,2020,건축물,042-611-2506,대전광역시 유성구청,2025-07-16
구룡동117,1,,대전광역시 유성구 구룡동 산 41-1,36.43826136,127.3672943,2020,한전주,042-611-2506,대전광역시 유성구청,2025-07-16
구룡동118,1,대전광역시 유성구 구룡달전로191번길 207,대전광역시 유성구 구룡동 207,36.43795633,127.3658711,2020,한전주,042-611-2506,대전광역시 유성구청,2025-07-16
원내동106,1,,대전광역시 유성구 원내동 89-2,36.3021362441,127.3201830108,2020,한전주,042-611-2506,대전광역시 유성구청,2025-07-16
원내동107,1,대전광역시 유성구 진잠로102번길 97,대전광역시 유성구 원내동 99-9,36.3009809104,127.3208016897,2020,한전주,042-611-2506,대전광역시 유성구청,2025-07-16
구암동165,1,대전광역시 유성구 월드컵대로299번길 32-4,대전광역시 유성구 구암동 614-1,36.3499256604,127.3337592482,2020,한전주,042-611-2506,대전광역시 유성구청,2025-07-16
봉명동112,1,대전광역시 유성구 도안대로577번길 13,대전광역시 유성구 봉명동 555-1,36.351774687,127.3397131113,2020,한전주,042-611-2506,대전광역시 유성구청,2025-07-16
